stock_code,company_name,交易_日期,收盤價_元,漲跌價_元,漲跌幅_pct,河流圖_eps_元,目前_per_倍,本益比試算價格_15x_元,本益比試算價格_18x_元,本益比試算價格_21x_元,本益比試算價格_24x_元,本益比試算價格_27x_元,本益比試算價格_30x_元,file_type,source_file,download_success,download_timestamp,process_timestamp,stage1_process_timestamp
4749,新應材,2022-02-15,140.0,,,,,,,,,,,ShowDailyK_ChartFlow,FinMind_API_TaiwanStockPrice_4749,True,2026-09-29T21:27:07,2026-09-29T21:27:07,2026-09-29T21:27:07
4749,新應材,2022-02-16,157.0,17.0,12.14%,,,,,,,,,ShowDailyK_ChartFlow,FinMind_API_TaiwanStockPrice_4749,True,2026-09-29T21:27:07,2026-09-29T21:27:07,2026-09-29T21:27:07
4749,新應材,2022-02-17,168.5,11.5,7.32%,,,,,,,,,ShowDailyK_ChartFlow,FinMind_API_TaiwanStockPrice_4749,True,2026-09-29T21:27:07,2026-09-29T21:27:07,2026-09-29T21:27:07
4749,新應材,2022-02-18,166.0,-2.5,-1.48%,,,,,,,,,ShowDailyK_ChartFlow,FinMind_API_TaiwanStockPrice_4749,True,2026-09-29T21:27:07,2026-09-29T21:27:07,2026-09-29T21:27:07
4749,新應材,2022-02-21,165.5,-0.5,-0.30%,,,,,,,,,ShowDailyK_ChartFlow,FinMind_API_TaiwanStockPrice_4749,True,2026-09-29T21:27:07,2026-09-29T21:27:07,2026-09-29T21:27:07
4749,新應材,2022-02-22,158.5,-7.0,-4.23%,,,,,,,,,ShowDailyK_ChartFlow,FinMind_API_TaiwanStockPrice_4749,True,2026-09-29T21:27:07,2026-09-29T21:27:07,2026-09-29T21:27:07
4749,新應材,2022-02-23,161.5,3.0,1.89%,,,,,,,,,ShowDailyK_ChartFlow,FinMind_API_TaiwanStockPrice_4749,True,2026-09-29T21:27:07,2026-09-29T21:27:07,2026-09-29T21:27:07
4749,新應材,2022-02-24,155.0,-6.5,-4.02%,,,,,,,,,ShowDailyK_ChartFlow,FinMind_API_TaiwanStockPrice_4749,True,2026-09-29T21:27:07,2026-09-29T21:27:07,2026-09-29T21:27:07
4749,新應材,2022-02-25,151.0,-4.0,-2.58%,,,,,,,,,ShowDailyK_ChartFlow,FinMind_API_TaiwanStockPrice_4749,True,2026-09-29T21:27:07,2026-09-29T21:27:07,2026-09-29T21:27:07
4749,新應材,2022-03-01,154.0,3.0,1.99%,,,,,,,,,ShowDailyK_ChartFlow,FinMind_API_TaiwanStockPrice_4749,True,2026-09-29T21:27:07,2026-09-29T21:27:07,2026-09-29T21:27:07
4749,新應材,2022-03-02,153.0,-1.0,-0.65%,,,,,,,,,ShowDailyK_ChartFlow,FinMind_API_TaiwanStockPrice_4749,True,2026-09-29T21:27:07,2026-09-29T21:27:07,2026-09-29T21:27:07
4749,新應材,2022-03-03,156.0,3.0,1.96%,,,,,,,,,ShowDailyK_ChartFlow,FinMind_API_TaiwanStockPrice_4749,True,2026-09-29T21:27:07,2026-09-29T21:27:07,2026-09-29T21:27:07
4749,新應材,2022-03-04,155.5,-0.5,-0.32%,,,,,,,,,ShowDailyK_ChartFlow,FinMind_API_TaiwanStockPrice_4749,True,2026-09-29T21:27:07,2026-09-29T21:27:07,2026-09-29T21:27:07
4749,新應材,2022-03-07,147.5,-8.0,-5.14%,,,,,,,,,ShowDailyK_ChartFlow,FinMind_API_TaiwanStockPrice_4749,True,2026-09-29T21:27:07,2026-09-29T21:27:07,2026-09-29T21:27:07
4749,新應材,2022-03-08,141.5,-6.0,-4.07%,,,,,,,,,ShowDailyK_ChartFlow,FinMind_API_TaiwanStockPrice_4749,True,2026-09-29T21:27:07,2026-09-29T21:27:07,2026-09-29T21:27:07
4749,新應材,2022-03-09,143.0,1.5,1.06%,,,,,,,,,ShowDailyK_ChartFlow,FinMind_API_TaiwanStockPrice_4749,True,2026-09-29T21:27:07,2026-09-29T21:27:07,2026-09-29T21:27:07
4749,新應材,2022-03-10,145.0,2.0,1.40%,,,,,,,,,ShowDailyK_ChartFlow,FinMind_API_TaiwanStockPrice_4749,True,2026-09-29T21:27:07,2026-09-29T21:27:07,2026-09-29T21:27:07
4749,新應材,2022-03-11,145.5,0.5,0.34%,,,,,,,,,ShowDailyK_ChartFlow,FinMind_API_TaiwanStockPrice_4749,True,2026-09-29T21:27:07,2026-09-29T21:27:07,2026-09-29T21:27:07
4749,新應材,2022-03-14,145.5,0.0,0.00%,,,,,,,,,ShowDailyK_ChartFlow,FinMind_API_TaiwanStockPrice_4749,True,2026-09-29T21:27:07,2026-09-29T21:27:07,2026-09-29T21:27:07
4749,新應材,2022-03-15,141.5,-4.0,-2.75%,,,,,,,,,ShowDailyK_ChartFlow,FinMind_API_TaiwanStockPrice_4749,True,2026-09-29T21:27:07,2026-09-29T21:27:07,2026-09-29T21:27:07
4749,新應材,2022-03-16,141.0,-0.5,-0.35%,,,,,,,,,ShowDailyK_ChartFlow,FinMind_API_TaiwanStockPrice_4749,True,2026-09-29T21:27:07,2026-09-29T21:27:07,2026-09-29T21:27:07
4749,新應材,2022-03-17,143.0,2.0,1.42%,,,,,,,,,ShowDailyK_ChartFlow,FinMind_API_TaiwanStockPrice_4749,True,2026-09-29T21:27:07,2026-09-29T21:27:07,2026-09-29T21:27:07
4749,新應材,2022-03-18,140.5,-2.5,-1.75%,,,,,,,,,ShowDailyK_ChartFlow,FinMind_API_TaiwanStockPrice_4749,True,2026-09-29T21:27:07,2026-09-29T21:27:07,2026-09-29T21:27:07
4749,新應材,2022-03-21,139.5,-1.0,-0.71%,,,,,,,,,ShowDailyK_ChartFlow,FinMind_API_TaiwanStockPrice_4749,True,2026-09-29T21:27:07,2026-09-29T21:27:07,2026-09-29T21:27:07
4749,新應材,2022-03-22,143.5,4.0,2.87%,,,,,,,,,ShowDailyK_ChartFlow,FinMind_API_TaiwanStockPrice_4749,True,2026-09-29T21:27:07,2026-09-29T21:27:07,2026-09-29T21:27:07
4749,新應材,2022-03-23,148.5,5.0,3.48%,,,,,,,,,ShowDailyK_ChartFlow,FinMind_API_TaiwanStockPrice_4749,True,2026-09-29T21:27:07,2026-09-29T21:27:07,2026-09-29T21:27:07
4749,新應材,2022-03-24,145.5,-3.0,-2.02%,,,,,,,,,ShowDailyK_ChartFlow,FinMind_API_TaiwanStockPrice_4749,True,2026-09-29T21:27:07,2026-09-29T21:27:07,2026-09-29T21:27:07
4749,新應材,2022-03-25,147.5,2.0,1.37%,,,,,,,,,ShowDailyK_ChartFlow,FinMind_API_TaiwanStockPrice_4749,True,2026-09-29T21:27:07,2026-09-29T21:27:07,2026-09-29T21:27:07
4749,新應材,2022-03-28,145.5,-2.0,-1.36%,,,,,,,,,ShowDailyK_ChartFlow,FinMind_API_TaiwanStockPrice_4749,True,2026-09-29T21:27:07,2026-09-29T21:27:07,2026-09-29T21:27:07
4749,新應材,2022-03-29,145.5,0.0,0.00%,,,,,,,,,ShowDailyK_ChartFlow,FinMind_API_TaiwanStockPrice_4749,True,2026-09-29T21:27:07,2026-09-29T21:27:07,2026-09-29T21:27:07
4749,新應材,2022-03-30,145.5,0.0,0.00%,,,,,,,,,ShowDailyK_ChartFlow,FinMind_API_TaiwanStockPrice_4749,True,2026-09-29T21:27:07,2026-09-29T21:27:07,2026-09-29T21:27:07
4749,新應材,2022-03-31,143.0,-2.5,-1.72%,,,,,,,,,ShowDailyK_ChartFlow,FinMind_API_TaiwanStockPrice_4749,True,2026-09-29T21:27:07,2026-09-29T21:27:07,2026-09-29T21:27:07
4749,新應材,2022-04-01,140.5,-2.5,-1.75%,,,,,,,,,ShowDailyK_ChartFlow,FinMind_API_TaiwanStockPrice_4749,True,2026-09-29T21:27:07,2026-09-29T21:27:07,2026-09-29T21:27:07
4749,新應材,2022-04-06,139.0,-1.5,-1.07%,,,,,,,,,ShowDailyK_ChartFlow,FinMind_API_TaiwanStockPrice_4749,True,2026-09-29T21:27:07,2026-09-29T21:27:07,2026-09-29T21:27:07
4749,新應材,2022-04-07,135.0,-4.0,-2.88%,,,,,,,,,ShowDailyK_ChartFlow,FinMind_API_TaiwanStockPrice_4749,True,2026-09-29T21:27:07,2026-09-29T21:27:07,2026-09-29T21:27:07
4749,新應材,2022-04-08,131.0,-4.0,-2.96%,,,,,,,,,ShowDailyK_ChartFlow,FinMind_API_TaiwanStockPrice_4749,True,2026-09-29T21:27:07,2026-09-29T21:27:07,2026-09-29T21:27:07
4749,新應材,2022-04-11,125.0,-6.0,-4.58%,,,,,,,,,ShowDailyK_ChartFlow,FinMind_API_TaiwanStockPrice_4749,True,2026-09-29T21:27:07,2026-09-29T21:27:07,2026-09-29T21:27:07
4749,新應材,2022-04-12,121.5,-3.5,-2.80%,,,,,,,,,ShowDailyK_ChartFlow,FinMind_API_TaiwanStockPrice_4749,True,2026-09-29T21:27:07,2026-09-29T21:27:07,2026-09-29T21:27:07
4749,新應材,2022-04-13,125.5,4.0,3.29%,,,,,,,,,ShowDailyK_ChartFlow,FinMind_API_TaiwanStockPrice_4749,True,2026-09-29T21:27:07,2026-09-29T21:27:07,2026-09-29T21:27:07
4749,新應材,2022-04-14,127.5,2.0,1.59%,,,,,,,,,ShowDailyK_ChartFlow,FinMind_API_TaiwanStockPrice_4749,True,2026-09-29T21:27:07,2026-09-29T21:27:07,2026-09-29T21:27:07
4749,新應材,2022-04-15,122.5,-5.0,-3.92%,,,,,,,,,ShowDailyK_ChartFlow,FinMind_API_TaiwanStockPrice_4749,True,2026-09-29T21:27:07,2026-09-29T21:27:07,2026-09-29T21:27:07
4749,新應材,2022-04-18,110.5,-12.0,-9.80%,,,,,,,,,ShowDailyK_ChartFlow,FinMind_API_TaiwanStockPrice_4749,True,2026-09-29T21:27:07,2026-09-29T21:27:07,2026-09-29T21:27:07
4749,新應材,2022-04-19,107.0,-3.5,-3.17%,,,,,,,,,ShowDailyK_ChartFlow,FinMind_API_TaiwanStockPrice_4749,True,2026-09-29T21:27:07,2026-09-29T21:27:07,2026-09-29T21:27:07
4749,新應材,2022-04-20,111.0,4.0,3.74%,,,,,,,,,ShowDailyK_ChartFlow,FinMind_API_TaiwanStockPrice_4749,True,2026-09-29T21:27:07,2026-09-29T21:27:07,2026-09-29T21:27:07
4749,新應材,2022-04-21,114.5,3.5,3.15%,,,,,,,,,ShowDailyK_ChartFlow,FinMind_API_TaiwanStockPrice_4749,True,2026-09-29T21:27:07,2026-09-29T21:27:07,2026-09-29T21:27:07
4749,新應材,2022-04-22,112.5,-2.0,-1.75%,,,,,,,,,ShowDailyK_ChartFlow,FinMind_API_TaiwanStockPrice_4749,True,2026-09-29T21:27:07,2026-09-29T21:27:07,2026-09-29T21:27:07
4749,新應材,2022-04-25,110.0,-2.5,-2.22%,,,,,,,,,ShowDailyK_ChartFlow,FinMind_API_TaiwanStockPrice_4749,True,2026-09-29T21:27:07,2026-09-29T21:27:07,2026-09-29T21:27:07
4749,新應材,2022-04-26,112.5,2.5,2.27%,,,,,,,,,ShowDailyK_ChartFlow,FinMind_API_TaiwanStockPrice_4749,True,2026-09-29T21:27:07,2026-09-29T21:27:07,2026-09-29T21:27:07
4749,新應材,2022-04-27,109.5,-3.0,-2.67%,,,,,,,,,ShowDailyK_ChartFlow,FinMind_API_TaiwanStockPrice_4749,True,2026-09-29T21:27:07,2026-09-29T21:27:07,2026-09-29T21:27:07
4749,新應材,2022-04-28,110.0,0.5,0.46%,,,,,,,,,ShowDailyK_ChartFlow,FinMind_API_TaiwanStockPrice_4749,True,2026-09-29T21:27:07,2026-09-29T21:27:07,2026-09-29T21:27:07
4749,新應材,2022-04-29,117.0,7.0,6.36%,,,,,,,,,ShowDailyK_ChartFlow,FinMind_API_TaiwanStockPrice_4749,True,2026-09-29T21:27:07,2026-09-29T21:27:07,2026-09-29T21:27:07
4749,新應材,2022-05-03,115.5,-1.5,-1.28%,,,,,,,,,ShowDailyK_ChartFlow,FinMind_API_TaiwanStockPrice_4749,True,2026-09-29T21:27:07,2026-09-29T21:27:07,2026-09-29T21:27:07
4749,新應材,2022-05-04,116.5,1.0,0.87%,,,,,,,,,ShowDailyK_ChartFlow,FinMind_API_TaiwanStockPrice_4749,True,2026-09-29T21:27:07,2026-09-29T21:27:07,2026-09-29T21:27:07
4749,新應材,2022-05-05,123.0,6.5,5.58%,,,,,,,,,ShowDailyK_ChartFlow,FinMind_API_TaiwanStockPrice_4749,True,2026-09-29T21:27:07,2026-09-29T21:27:07,2026-09-29T21:27:07
4749,新應材,2022-05-06,129.0,6.0,4.88%,,,,,,,,,ShowDailyK_ChartFlow,FinMind_API_TaiwanStockPrice_4749,True,2026-09-29T21:27:07,2026-09-29T21:27:07,2026-09-29T21:27:07
4749,新應材,2022-05-09,124.0,-5.0,-3.88%,,,,,,,,,ShowDailyK_ChartFlow,FinMind_API_TaiwanStockPrice_4749,True,2026-09-29T21:27:07,2026-09-29T21:27:07,2026-09-29T21:27:07
4749,新應材,2022-05-10,127.0,3.0,2.42%,,,,,,,,,ShowDailyK_ChartFlow,FinMind_API_TaiwanStockPrice_4749,True,2026-09-29T21:27:07,2026-09-29T21:27:07,2026-09-29T21:27:07
4749,新應材,2022-05-11,126.5,-0.5,-0.39%,,,,,,,,,ShowDailyK_ChartFlow,FinMind_API_TaiwanStockPrice_4749,True,2026-09-29T21:27:07,2026-09-29T21:27:07,2026-09-29T21:27:07
4749,新應材,2022-05-12,124.0,-2.5,-1.98%,,,,,,,,,ShowDailyK_ChartFlow,FinMind_API_TaiwanStockPrice_4749,True,2026-09-29T21:27:07,2026-09-29T21:27:07,2026-09-29T21:27:07
4749,新應材,2022-05-13,138.5,14.5,11.69%,,,,,,,,,ShowDailyK_ChartFlow,FinMind_API_TaiwanStockPrice_4749,True,2026-09-29T21:27:07,2026-09-29T21:27:07,2026-09-29T21:27:07
4749,新應材,2022-05-16,140.0,1.5,1.08%,,,,,,,,,ShowDailyK_ChartFlow,FinMind_API_TaiwanStockPrice_4749,True,2026-09-29T21:27:07,2026-09-29T21:27:07,2026-09-29T21:27:07
4749,新應材,2022-05-17,139.0,-1.0,-0.71%,,,,,,,,,ShowDailyK_ChartFlow,FinMind_API_TaiwanStockPrice_4749,True,2026-09-29T21:27:07,2026-09-29T21:27:07,2026-09-29T21:27:07
4749,新應材,2022-05-18,140.0,1.0,0.72%,,,,,,,,,ShowDailyK_ChartFlow,FinMind_API_TaiwanStockPrice_4749,True,2026-09-29T21:27:07,2026-09-29T21:27:07,2026-09-29T21:27:07
4749,新應材,2022-05-19,141.5,1.5,1.07%,,,,,,,,,ShowDailyK_ChartFlow,FinMind_API_TaiwanStockPrice_4749,True,2026-09-29T21:27:07,2026-09-29T21:27:07,2026-09-29T21:27:07
4749,新應材,2022-05-20,154.0,12.5,8.83%,,,,,,,,,ShowDailyK_ChartFlow,FinMind_API_TaiwanStockPrice_4749,True,2026-09-29T21:27:07,2026-09-29T21:27:07,2026-09-29T21:27:07
4749,新應材,2022-05-23,156.5,2.5,1.62%,,,,,,,,,ShowDailyK_ChartFlow,FinMind_API_TaiwanStockPrice_4749,True,2026-09-29T21:27:07,2026-09-29T21:27:07,2026-09-29T21:27:07
4749,新應材,2022-05-24,148.0,-8.5,-5.43%,,,,,,,,,ShowDailyK_ChartFlow,FinMind_API_TaiwanStockPrice_4749,True,2026-09-29T21:27:07,2026-09-29T21:27:07,2026-09-29T21:27:07
4749,新應材,2022-05-25,148.5,0.5,0.34%,,,,,,,,,ShowDailyK_ChartFlow,FinMind_API_TaiwanStockPrice_4749,True,2026-09-29T21:27:07,2026-09-29T21:27:07,2026-09-29T21:27:07
4749,新應材,2022-05-26,148.5,0.0,0.00%,,,,,,,,,ShowDailyK_ChartFlow,FinMind_API_TaiwanStockPrice_4749,True,2026-09-29T21:27:07,2026-09-29T21:27:07,2026-09-29T21:27:07
4749,新應材,2022-05-27,148.5,0.0,0.00%,,,,,,,,,ShowDailyK_ChartFlow,FinMind_API_TaiwanStockPrice_4749,True,2026-09-29T21:27:07,2026-09-29T21:27:07,2026-09-29T21:27:07
4749,新應材,2022-05-30,150.5,2.0,1.35%,,,,,,,,,ShowDailyK_ChartFlow,FinMind_API_TaiwanStockPrice_4749,True,2026-09-29T21:27:07,2026-09-29T21:27:07,2026-09-29T21:27:07
4749,新應材,2022-05-31,148.5,-2.0,-1.33%,,,,,,,,,ShowDailyK_ChartFlow,FinMind_API_TaiwanStockPrice_4749,True,2026-09-29T21:27:07,2026-09-29T21:27:07,2026-09-29T21:27:07
4749,新應材,2022-06-01,160.0,11.5,7.74%,,,,,,,,,ShowDailyK_ChartFlow,FinMind_API_TaiwanStockPrice_4749,True,2026-09-29T21:27:07,2026-09-29T21:27:07,2026-09-29T21:27:07
4749,新應材,2022-06-02,164.0,4.0,2.50%,,,,,,,,,ShowDailyK_ChartFlow,FinMind_API_TaiwanStockPrice_4749,True,2026-09-29T21:27:07,2026-09-29T21:27:07,2026-09-29T21:27:07
4749,新應材,2022-06-06,168.0,4.0,2.44%,,,,,,,,,ShowDailyK_ChartFlow,FinMind_API_TaiwanStockPrice_4749,True,2026-09-29T21:27:07,2026-09-29T21:27:07,2026-09-29T21:27:07
4749,新應材,2022-06-07,162.5,-5.5,-3.27%,,,,,,,,,ShowDailyK_ChartFlow,FinMind_API_TaiwanStockPrice_4749,True,2026-09-29T21:27:07,2026-09-29T21:27:07,2026-09-29T21:27:07
4749,新應材,2022-06-08,164.5,2.0,1.23%,,,,,,,,,ShowDailyK_ChartFlow,FinMind_API_TaiwanStockPrice_4749,True,2026-09-29T21:27:07,2026-09-29T21:27:07,2026-09-29T21:27:07
4749,新應材,2022-06-09,167.5,3.0,1.82%,,,,,,,,,ShowDailyK_ChartFlow,FinMind_API_TaiwanStockPrice_4749,True,2026-09-29T21:27:07,2026-09-29T21:27:07,2026-09-29T21:27:07
4749,新應材,2022-06-10,178.5,11.0,6.57%,,,,,,,,,ShowDailyK_ChartFlow,FinMind_API_TaiwanStockPrice_4749,True,2026-09-29T21:27:07,2026-09-29T21:27:07,2026-09-29T21:27:07
4749,新應材,2022-06-13,174.0,-4.5,-2.52%,,,,,,,,,ShowDailyK_ChartFlow,FinMind_API_TaiwanStockPrice_4749,True,2026-09-29T21:27:07,2026-09-29T21:27:07,2026-09-29T21:27:07
4749,新應材,2022-06-14,175.5,1.5,0.86%,,,,,,,,,ShowDailyK_ChartFlow,FinMind_API_TaiwanStockPrice_4749,True,2026-09-29T21:27:07,2026-09-29T21:27:07,2026-09-29T21:27:07
4749,新應材,2022-06-15,175.0,-0.5,-0.28%,,,,,,,,,ShowDailyK_ChartFlow,FinMind_API_TaiwanStockPrice_4749,True,2026-09-29T21:27:07,2026-09-29T21:27:07,2026-09-29T21:27:07
4749,新應材,2022-06-16,175.5,0.5,0.29%,,,,,,,,,ShowDailyK_ChartFlow,FinMind_API_TaiwanStockPrice_4749,True,2026-09-29T21:27:07,2026-09-29T21:27:07,2026-09-29T21:27:07
4749,新應材,2022-06-17,172.5,-3.0,-1.71%,,,,,,,,,ShowDailyK_ChartFlow,FinMind_API_TaiwanStockPrice_4749,True,2026-09-29T21:27:07,2026-09-29T21:27:07,2026-09-29T21:27:07
4749,新應材,2022-06-20,167.5,-5.0,-2.90%,,,,,,,,,ShowDailyK_ChartFlow,FinMind_API_TaiwanStockPrice_4749,True,2026-09-29T21:27:07,2026-09-29T21:27:07,2026-09-29T21:27:07
4749,新應材,2022-06-21,167.5,0.0,0.00%,,,,,,,,,ShowDailyK_ChartFlow,FinMind_API_TaiwanStockPrice_4749,True,2026-09-29T21:27:07,2026-09-29T21:27:07,2026-09-29T21:27:07
4749,新應材,2022-06-22,166.0,-1.5,-0.90%,,,,,,,,,ShowDailyK_ChartFlow,FinMind_API_TaiwanStockPrice_4749,True,2026-09-29T21:27:07,2026-09-29T21:27:07,2026-09-29T21:27:07
4749,新應材,2022-06-23,157.0,-9.0,-5.42%,,,,,,,,,ShowDailyK_ChartFlow,FinMind_API_TaiwanStockPrice_4749,True,2026-09-29T21:27:07,2026-09-29T21:27:07,2026-09-29T21:27:07
4749,新應材,2022-06-24,158.5,1.5,0.96%,,,,,,,,,ShowDailyK_ChartFlow,FinMind_API_TaiwanStockPrice_4749,True,2026-09-29T21:27:07,2026-09-29T21:27:07,2026-09-29T21:27:07
4749,新應材,2022-06-27,168.5,10.0,6.31%,,,,,,,,,ShowDailyK_ChartFlow,FinMind_API_TaiwanStockPrice_4749,True,2026-09-29T21:27:07,2026-09-29T21:27:07,2026-09-29T21:27:07
4749,新應材,2022-06-28,166.5,-2.0,-1.19%,,,,,,,,,ShowDailyK_ChartFlow,FinMind_API_TaiwanStockPrice_4749,True,2026-09-29T21:27:07,2026-09-29T21:27:07,2026-09-29T21:27:07
4749,新應材,2022-06-29,167.5,1.0,0.60%,,,,,,,,,ShowDailyK_ChartFlow,FinMind_API_TaiwanStockPrice_4749,True,2026-09-29T21:27:07,2026-09-29T21:27:07,2026-09-29T21:27:07
4749,新應材,2022-06-30,161.5,-6.0,-3.58%,,,,,,,,,ShowDailyK_ChartFlow,FinMind_API_TaiwanStockPrice_4749,True,2026-09-29T21:27:07,2026-09-29T21:27:07,2026-09-29T21:27:07
4749,新應材,2022-07-01,149.0,-12.5,-7.74%,,,,,,,,,ShowDailyK_ChartFlow,FinMind_API_TaiwanStockPrice_4749,True,2026-09-29T21:27:07,2026-09-29T21:27:07,2026-09-29T21:27:07
4749,新應材,2022-07-04,148.5,-0.5,-0.34%,,,,,,,,,ShowDailyK_ChartFlow,FinMind_API_TaiwanStockPrice_4749,True,2026-09-29T21:27:07,2026-09-29T21:27:07,2026-09-29T21:27:07
4749,新應材,2022-07-05,149.5,1.0,0.67%,,,,,,,,,ShowDailyK_ChartFlow,FinMind_API_TaiwanStockPrice_4749,True,2026-09-29T21:27:07,2026-09-29T21:27:07,2026-09-29T21:27:07
4749,新應材,2022-07-06,148.5,-1.0,-0.67%,,,,,,,,,ShowDailyK_ChartFlow,FinMind_API_TaiwanStockPrice_4749,True,2026-09-29T21:27:07,2026-09-29T21:27:07,2026-09-29T21:27:07
4749,新應材,2022-07-07,168.5,20.0,13.47%,,,,,,,,,ShowDailyK_ChartFlow,FinMind_API_TaiwanStockPrice_4749,True,2026-09-29T21:27:07,2026-09-29T21:27:07,2026-09-29T21:27:07
4749,新應材,2022-07-08,168.0,-0.5,-0.30%,,,,,,,,,ShowDailyK_ChartFlow,FinMind_API_TaiwanStockPrice_4749,True,2026-09-29T21:27:07,2026-09-29T21:27:07,2026-09-29T21:27:07
4749,新應材,2022-07-11,173.5,5.5,3.27%,,,,,,,,,ShowDailyK_ChartFlow,FinMind_API_TaiwanStockPrice_4749,True,2026-09-29T21:27:07,2026-09-29T21:27:07,2026-09-29T21:27:07
4749,新應材,2022-07-12,169.0,-4.5,-2.59%,,,,,,,,,ShowDailyK_ChartFlow,FinMind_API_TaiwanStockPrice_4749,True,2026-09-29T21:27:07,2026-09-29T21:27:07,2026-09-29T21:27:07
4749,新應材,2022-07-13,171.0,2.0,1.18%,,,,,,,,,ShowDailyK_ChartFlow,FinMind_API_TaiwanStockPrice_4749,True,2026-09-29T21:27:07,2026-09-29T21:27:07,2026-09-29T21:27:07
4749,新應材,2022-07-14,170.0,-1.0,-0.58%,,,,,,,,,ShowDailyK_ChartFlow,FinMind_API_TaiwanStockPrice_4749,True,2026-09-29T21:27:07,2026-09-29T21:27:07,2026-09-29T21:27:07
4749,新應材,2022-07-15,169.5,-0.5,-0.29%,,,,,,,,,ShowDailyK_ChartFlow,FinMind_API_TaiwanStockPrice_4749,True,2026-09-29T21:27:07,2026-09-29T21:27:07,2026-09-29T21:27:07
4749,新應材,2022-07-18,171.0,1.5,0.88%,,,,,,,,,ShowDailyK_ChartFlow,FinMind_API_TaiwanStockPrice_4749,True,2026-09-29T21:27:07,2026-09-29T21:27:07,2026-09-29T21:27:07
4749,新應材,2022-07-19,173.0,2.0,1.17%,,,,,,,,,ShowDailyK_ChartFlow,FinMind_API_TaiwanStockPrice_4749,True,2026-09-29T21:27:07,2026-09-29T21:27:07,2026-09-29T21:27:07
4749,新應材,2022-07-20,175.5,2.5,1.45%,,,,,,,,,ShowDailyK_ChartFlow,FinMind_API_TaiwanStockPrice_4749,True,2026-09-29T21:27:07,2026-09-29T21:27:07,2026-09-29T21:27:07
4749,新應材,2022-07-21,177.5,2.0,1.14%,,,,,,,,,ShowDailyK_ChartFlow,FinMind_API_TaiwanStockPrice_4749,True,2026-09-29T21:27:07,2026-09-29T21:27:07,2026-09-29T21:27:07
4749,新應材,2022-07-22,181.0,3.5,1.97%,,,,,,,,,ShowDailyK_ChartFlow,FinMind_API_TaiwanStockPrice_4749,True,2026-09-29T21:27:07,2026-09-29T21:27:07,2026-09-29T21:27:07
4749,新應材,2022-07-25,179.0,-2.0,-1.10%,,,,,,,,,ShowDailyK_ChartFlow,FinMind_API_TaiwanStockPrice_4749,True,2026-09-29T21:27:07,2026-09-29T21:27:07,2026-09-29T21:27:07
4749,新應材,2022-07-26,176.5,-2.5,-1.40%,,,,,,,,,ShowDailyK_ChartFlow,FinMind_API_TaiwanStockPrice_4749,True,2026-09-29T21:27:07,2026-09-29T21:27:07,2026-09-29T21:27:07
4749,新應材,2022-07-27,179.0,2.5,1.42%,,,,,,,,,ShowDailyK_ChartFlow,FinMind_API_TaiwanStockPrice_4749,True,2026-09-29T21:27:07,2026-09-29T21:27:07,2026-09-29T21:27:07
4749,新應材,2022-07-28,177.0,-2.0,-1.12%,,,,,,,,,ShowDailyK_ChartFlow,FinMind_API_TaiwanStockPrice_4749,True,2026-09-29T21:27:07,2026-09-29T21:27:07,2026-09-29T21:27:07
4749,新應材,2022-07-29,181.5,4.5,2.54%,,,,,,,,,ShowDailyK_ChartFlow,FinMind_API_TaiwanStockPrice_4749,True,2026-09-29T21:27:07,2026-09-29T21:27:07,2026-09-29T21:27:07
4749,新應材,2022-08-01,180.5,-1.0,-0.55%,,,,,,,,,ShowDailyK_ChartFlow,FinMind_API_TaiwanStockPrice_4749,True,2026-09-29T21:27:07,2026-09-29T21:27:07,2026-09-29T21:27:07
4749,新應材,2022-08-02,178.5,-2.0,-1.11%,,,,,,,,,ShowDailyK_ChartFlow,FinMind_API_TaiwanStockPrice_4749,True,2026-09-29T21:27:07,2026-09-29T21:27:07,2026-09-29T21:27:07
4749,新應材,2022-08-03,179.0,0.5,0.28%,,,,,,,,,ShowDailyK_ChartFlow,FinMind_API_TaiwanStockPrice_4749,True,2026-09-29T21:27:07,2026-09-29T21:27:07,2026-09-29T21:27:07
4749,新應材,2022-08-04,178.0,-1.0,-0.56%,,,,,,,,,ShowDailyK_ChartFlow,FinMind_API_TaiwanStockPrice_4749,True,2026-09-29T21:27:07,2026-09-29T21:27:07,2026-09-29T21:27:07
4749,新應材,2022-08-05,182.5,4.5,2.53%,,,,,,,,,ShowDailyK_ChartFlow,FinMind_API_TaiwanStockPrice_4749,True,2026-09-29T21:27:07,2026-09-29T21:27:07,2026-09-29T21:27:07
4749,新應材,2022-08-08,189.0,6.5,3.56%,,,,,,,,,ShowDailyK_ChartFlow,FinMind_API_TaiwanStockPrice_4749,True,2026-09-29T21:27:07,2026-09-29T21:27:07,2026-09-29T21:27:07
4749,新應材,2022-08-09,201.0,12.0,6.35%,,,,,,,,,ShowDailyK_ChartFlow,FinMind_API_TaiwanStockPrice_4749,True,2026-09-29T21:27:07,2026-09-29T21:27:07,2026-09-29T21:27:07
4749,新應材,2022-08-10,199.0,-2.0,-1.00%,,,,,,,,,ShowDailyK_ChartFlow,FinMind_API_TaiwanStockPrice_4749,True,2026-09-29T21:27:07,2026-09-29T21:27:07,2026-09-29T21:27:07
4749,新應材,2022-08-11,200.5,1.5,0.75%,,,,,,,,,ShowDailyK_ChartFlow,FinMind_API_TaiwanStockPrice_4749,True,2026-09-29T21:27:07,2026-09-29T21:27:07,2026-09-29T21:27:07
4749,新應材,2022-08-12,202.0,1.5,0.75%,,,,,,,,,ShowDailyK_ChartFlow,FinMind_API_TaiwanStockPrice_4749,True,2026-09-29T21:27:07,2026-09-29T21:27:07,2026-09-29T21:27:07
4749,新應材,2022-08-15,212.0,10.0,4.95%,,,,,,,,,ShowDailyK_ChartFlow,FinMind_API_TaiwanStockPrice_4749,True,2026-09-29T21:27:07,2026-09-29T21:27:07,2026-09-29T21:27:07
4749,新應材,2022-08-16,218.0,6.0,2.83%,,,,,,,,,ShowDailyK_ChartFlow,FinMind_API_TaiwanStockPrice_4749,True,2026-09-29T21:27:07,2026-09-29T21:27:07,2026-09-29T21:27:07
4749,新應材,2022-08-17,222.5,4.5,2.06%,,,,,,,,,ShowDailyK_ChartFlow,FinMind_API_TaiwanStockPrice_4749,True,2026-09-29T21:27:07,2026-09-29T21:27:07,2026-09-29T21:27:07
4749,新應材,2022-08-18,252.0,29.5,13.26%,,,,,,,,,ShowDailyK_ChartFlow,FinMind_API_TaiwanStockPrice_4749,True,2026-09-29T21:27:07,2026-09-29T21:27:07,2026-09-29T21:27:07
4749,新應材,2022-08-19,258.5,6.5,2.58%,,,,,,,,,ShowDailyK_ChartFlow,FinMind_API_TaiwanStockPrice_4749,True,2026-09-29T21:27:07,2026-09-29T21:27:07,2026-09-29T21:27:07
4749,新應材,2022-08-22,285.5,27.0,10.44%,,,,,,,,,ShowDailyK_ChartFlow,FinMind_API_TaiwanStockPrice_4749,True,2026-09-29T21:27:07,2026-09-29T21:27:07,2026-09-29T21:27:07
4749,新應材,2022-08-23,268.5,-17.0,-5.95%,,,,,,,,,ShowDailyK_ChartFlow,FinMind_API_TaiwanStockPrice_4749,True,2026-09-29T21:27:07,2026-09-29T21:27:07,2026-09-29T21:27:07
4749,新應材,2022-08-24,267.0,-1.5,-0.56%,,,,,,,,,ShowDailyK_ChartFlow,FinMind_API_TaiwanStockPrice_4749,True,2026-09-29T21:27:07,2026-09-29T21:27:07,2026-09-29T21:27:07
4749,新應材,2022-08-25,278.0,11.0,4.12%,,,,,,,,,ShowDailyK_ChartFlow,FinMind_API_TaiwanStockPrice_4749,True,2026-09-29T21:27:07,2026-09-29T21:27:07,2026-09-29T21:27:07
4749,新應材,2022-08-26,280.5,2.5,0.90%,,,,,,,,,ShowDailyK_ChartFlow,FinMind_API_TaiwanStockPrice_4749,True,2026-09-29T21:27:07,2026-09-29T21:27:07,2026-09-29T21:27:07
4749,新應材,2022-08-29,280.0,-0.5,-0.18%,,,,,,,,,ShowDailyK_ChartFlow,FinMind_API_TaiwanStockPrice_4749,True,2026-09-29T21:27:07,2026-09-29T21:27:07,2026-09-29T21:27:07
4749,新應材,2022-08-30,290.0,10.0,3.57%,,,,,,,,,ShowDailyK_ChartFlow,FinMind_API_TaiwanStockPrice_4749,True,2026-09-29T21:27:07,2026-09-29T21:27:07,2026-09-29T21:27:07
4749,新應材,2022-08-31,289.0,-1.0,-0.34%,,,,,,,,,ShowDailyK_ChartFlow,FinMind_API_TaiwanStockPrice_4749,True,2026-09-29T21:27:07,2026-09-29T21:27:07,2026-09-29T21:27:07
4749,新應材,2022-09-01,280.0,-9.0,-3.11%,,,,,,,,,ShowDailyK_ChartFlow,FinMind_API_TaiwanStockPrice_4749,True,2026-09-29T21:27:07,2026-09-29T21:27:07,2026-09-29T21:27:07
4749,新應材,2022-09-02,262.0,-18.0,-6.43%,,,,,,,,,ShowDailyK_ChartFlow,FinMind_API_TaiwanStockPrice_4749,True,2026-09-29T21:27:07,2026-09-29T21:27:07,2026-09-29T21:27:07
4749,新應材,2022-09-05,259.5,-2.5,-0.95%,,,,,,,,,ShowDailyK_ChartFlow,FinMind_API_TaiwanStockPrice_4749,True,2026-09-29T21:27:07,2026-09-29T21:27:07,2026-09-29T21:27:07
4749,新應材,2022-09-06,256.0,-3.5,-1.35%,,,,,,,,,ShowDailyK_ChartFlow,FinMind_API_TaiwanStockPrice_4749,True,2026-09-29T21:27:07,2026-09-29T21:27:07,2026-09-29T21:27:07
4749,新應材,2022-09-07,249.0,-7.0,-2.73%,,,,,,,,,ShowDailyK_ChartFlow,FinMind_API_TaiwanStockPrice_4749,True,2026-09-29T21:27:07,2026-09-29T21:27:07,2026-09-29T21:27:07
4749,新應材,2022-09-08,259.0,10.0,4.02%,,,,,,,,,ShowDailyK_ChartFlow,FinMind_API_TaiwanStockPrice_4749,True,2026-09-29T21:27:07,2026-09-29T21:27:07,2026-09-29T21:27:07
4749,新應材,2022-09-12,257.0,-2.0,-0.77%,,,,,,,,,ShowDailyK_ChartFlow,FinMind_API_TaiwanStockPrice_4749,True,2026-09-29T21:27:07,2026-09-29T21:27:07,2026-09-29T21:27:07
4749,新應材,2022-09-13,251.5,-5.5,-2.14%,,,,,,,,,ShowDailyK_ChartFlow,FinMind_API_TaiwanStockPrice_4749,True,2026-09-29T21:27:07,2026-09-29T21:27:07,2026-09-29T21:27:07
4749,新應材,2022-09-14,250.0,-1.5,-0.60%,,,,,,,,,ShowDailyK_ChartFlow,FinMind_API_TaiwanStockPrice_4749,True,2026-09-29T21:27:07,2026-09-29T21:27:07,2026-09-29T21:27:07
4749,新應材,2022-09-15,273.0,23.0,9.20%,,,,,,,,,ShowDailyK_ChartFlow,FinMind_API_TaiwanStockPrice_4749,True,2026-09-29T21:27:07,2026-09-29T21:27:07,2026-09-29T21:27:07
4749,新應材,2022-09-16,271.5,-1.5,-0.55%,,,,,,,,,ShowDailyK_ChartFlow,FinMind_API_TaiwanStockPrice_4749,True,2026-09-29T21:27:07,2026-09-29T21:27:07,2026-09-29T21:27:07
4749,新應材,2022-09-19,269.0,-2.5,-0.92%,,,,,,,,,ShowDailyK_ChartFlow,FinMind_API_TaiwanStockPrice_4749,True,2026-09-29T21:27:07,2026-09-29T21:27:07,2026-09-29T21:27:07
4749,新應材,2022-09-20,266.5,-2.5,-0.93%,,,,,,,,,ShowDailyK_ChartFlow,FinMind_API_TaiwanStockPrice_4749,True,2026-09-29T21:27:07,2026-09-29T21:27:07,2026-09-29T21:27:07
4749,新應材,2022-09-21,257.5,-9.0,-3.38%,,,,,,,,,ShowDailyK_ChartFlow,FinMind_API_TaiwanStockPrice_4749,True,2026-09-29T21:27:07,2026-09-29T21:27:07,2026-09-29T21:27:07
4749,新應材,2022-09-22,255.0,-2.5,-0.97%,,,,,,,,,ShowDailyK_ChartFlow,FinMind_API_TaiwanStockPrice_4749,True,2026-09-29T21:27:07,2026-09-29T21:27:07,2026-09-29T21:27:07
4749,新應材,2022-09-23,249.5,-5.5,-2.16%,,,,,,,,,ShowDailyK_ChartFlow,FinMind_API_TaiwanStockPrice_4749,True,2026-09-29T21:27:07,2026-09-29T21:27:07,2026-09-29T21:27:07
4749,新應材,2022-09-26,229.0,-20.5,-8.22%,,,,,,,,,ShowDailyK_ChartFlow,FinMind_API_TaiwanStockPrice_4749,True,2026-09-29T21:27:07,2026-09-29T21:27:07,2026-09-29T21:27:07
4749,新應材,2022-09-27,232.5,3.5,1.53%,,,,,,,,,ShowDailyK_ChartFlow,FinMind_API_TaiwanStockPrice_4749,True,2026-09-29T21:27:07,2026-09-29T21:27:07,2026-09-29T21:27:07
4749,新應材,2022-09-28,191.5,-41.0,-17.63%,,,,,,,,,ShowDailyK_ChartFlow,FinMind_API_TaiwanStockPrice_4749,True,2026-09-29T21:27:07,2026-09-29T21:27:07,2026-09-29T21:27:07
4749,新應材,2022-09-29,200.5,9.0,4.70%,,,,,,,,,ShowDailyK_ChartFlow,FinMind_API_TaiwanStockPrice_4749,True,2026-09-29T21:27:07,2026-09-29T21:27:07,2026-09-29T21:27:07
4749,新應材,2022-09-30,199.0,-1.5,-0.75%,,,,,,,,,ShowDailyK_ChartFlow,FinMind_API_TaiwanStockPrice_4749,True,2026-09-29T21:27:07,2026-09-29T21:27:07,2026-09-29T21:27:07
4749,新應材,2022-10-03,210.0,11.0,5.53%,,,,,,,,,ShowDailyK_ChartFlow,FinMind_API_TaiwanStockPrice_4749,True,2026-09-29T21:27:07,2026-09-29T21:27:07,2026-09-29T21:27:07
4749,新應材,2022-10-04,224.0,14.0,6.67%,,,,,,,,,ShowDailyK_ChartFlow,FinMind_API_TaiwanStockPrice_4749,True,2026-09-29T21:27:07,2026-09-29T21:27:07,2026-09-29T21:27:07
4749,新應材,2022-10-05,227.5,3.5,1.56%,,,,,,,,,ShowDailyK_ChartFlow,FinMind_API_TaiwanStockPrice_4749,True,2026-09-29T21:27:07,2026-09-29T21:27:07,2026-09-29T21:27:07
4749,新應材,2022-10-06,224.5,-3.0,-1.32%,,,,,,,,,ShowDailyK_ChartFlow,FinMind_API_TaiwanStockPrice_4749,True,2026-09-29T21:27:07,2026-09-29T21:27:07,2026-09-29T21:27:07
4749,新應材,2022-10-07,218.5,-6.0,-2.67%,,,,,,,,,ShowDailyK_ChartFlow,FinMind_API_TaiwanStockPrice_4749,True,2026-09-29T21:27:07,2026-09-29T21:27:07,2026-09-29T21:27:07
4749,新應材,2022-10-11,190.0,-28.5,-13.04%,,,,,,,,,ShowDailyK_ChartFlow,FinMind_API_TaiwanStockPrice_4749,True,2026-09-29T21:27:07,2026-09-29T21:27:07,2026-09-29T21:27:07
4749,新應材,2022-10-12,188.0,-2.0,-1.05%,,,,,,,,,ShowDailyK_ChartFlow,FinMind_API_TaiwanStockPrice_4749,True,2026-09-29T21:27:07,2026-09-29T21:27:07,2026-09-29T21:27:07
4749,新應材,2022-10-13,163.0,-25.0,-13.30%,,,,,,,,,ShowDailyK_ChartFlow,FinMind_API_TaiwanStockPrice_4749,True,2026-09-29T21:27:07,2026-09-29T21:27:07,2026-09-29T21:27:07
4749,新應材,2022-10-14,177.0,14.0,8.59%,,,,,,,,,ShowDailyK_ChartFlow,FinMind_API_TaiwanStockPrice_4749,True,2026-09-29T21:27:07,2026-09-29T21:27:07,2026-09-29T21:27:07
4749,新應材,2022-10-17,164.0,-13.0,-7.34%,,,,,,,,,ShowDailyK_ChartFlow,FinMind_API_TaiwanStockPrice_4749,True,2026-09-29T21:27:07,2026-09-29T21:27:07,2026-09-29T21:27:07
4749,新應材,2022-10-18,188.5,24.5,14.94%,,,,,,,,,ShowDailyK_ChartFlow,FinMind_API_TaiwanStockPrice_4749,True,2026-09-29T21:27:07,2026-09-29T21:27:07,2026-09-29T21:27:07
4749,新應材,2022-10-19,175.5,-13.0,-6.90%,,,,,,,,,ShowDailyK_ChartFlow,FinMind_API_TaiwanStockPrice_4749,True,2026-09-29T21:27:07,2026-09-29T21:27:07,2026-09-29T21:27:07
4749,新應材,2022-10-20,180.5,5.0,2.85%,,,,,,,,,ShowDailyK_ChartFlow,FinMind_API_TaiwanStockPrice_4749,True,2026-09-29T21:27:07,2026-09-29T21:27:07,2026-09-29T21:27:07
4749,新應材,2022-10-21,178.0,-2.5,-1.39%,,,,,,,,,ShowDailyK_ChartFlow,FinMind_API_TaiwanStockPrice_4749,True,2026-09-29T21:27:07,2026-09-29T21:27:07,2026-09-29T21:27:07
4749,新應材,2022-10-24,180.0,2.0,1.12%,,,,,,,,,ShowDailyK_ChartFlow,FinMind_API_TaiwanStockPrice_4749,True,2026-09-29T21:27:07,2026-09-29T21:27:07,2026-09-29T21:27:07
4749,新應材,2022-10-25,173.0,-7.0,-3.89%,,,,,,,,,ShowDailyK_ChartFlow,FinMind_API_TaiwanStockPrice_4749,True,2026-09-29T21:27:07,2026-09-29T21:27:07,2026-09-29T21:27:07
4749,新應材,2022-10-26,171.5,-1.5,-0.87%,,,,,,,,,ShowDailyK_ChartFlow,FinMind_API_TaiwanStockPrice_4749,True,2026-09-29T21:27:07,2026-09-29T21:27:07,2026-09-29T21:27:07
4749,新應材,2022-10-27,175.0,3.5,2.04%,,,,,,,,,ShowDailyK_ChartFlow,FinMind_API_TaiwanStockPrice_4749,True,2026-09-29T21:27:07,2026-09-29T21:27:07,2026-09-29T21:27:07
4749,新應材,2022-10-28,173.0,-2.0,-1.14%,,,,,,,,,ShowDailyK_ChartFlow,FinMind_API_TaiwanStockPrice_4749,True,2026-09-29T21:27:07,2026-09-29T21:27:07,2026-09-29T21:27:07
4749,新應材,2022-10-31,181.5,8.5,4.91%,,,,,,,,,ShowDailyK_ChartFlow,FinMind_API_TaiwanStockPrice_4749,True,2026-09-29T21:27:07,2026-09-29T21:27:07,2026-09-29T21:27:07
4749,新應材,2022-11-01,180.5,-1.0,-0.55%,,,,,,,,,ShowDailyK_ChartFlow,FinMind_API_TaiwanStockPrice_4749,True,2026-09-29T21:27:07,2026-09-29T21:27:07,2026-09-29T21:27:07
4749,新應材,2022-11-02,180.0,-0.5,-0.28%,,,,,,,,,ShowDailyK_ChartFlow,FinMind_API_TaiwanStockPrice_4749,True,2026-09-29T21:27:07,2026-09-29T21:27:07,2026-09-29T21:27:07
4749,新應材,2022-11-03,180.0,0.0,0.00%,,,,,,,,,ShowDailyK_ChartFlow,FinMind_API_TaiwanStockPrice_4749,True,2026-09-29T21:27:07,2026-09-29T21:27:07,2026-09-29T21:27:07
4749,新應材,2022-11-04,187.0,7.0,3.89%,,,,,,,,,ShowDailyK_ChartFlow,FinMind_API_TaiwanStockPrice_4749,True,2026-09-29T21:27:07,2026-09-29T21:27:07,2026-09-29T21:27:07
4749,新應材,2022-11-07,162.0,-25.0,-13.37%,,,,,,,,,ShowDailyK_ChartFlow,FinMind_API_TaiwanStockPrice_4749,True,2026-09-29T21:27:07,2026-09-29T21:27:07,2026-09-29T21:27:07
4749,新應材,2022-11-08,167.5,5.5,3.40%,,,,,,,,,ShowDailyK_ChartFlow,FinMind_API_TaiwanStockPrice_4749,True,2026-09-29T21:27:07,2026-09-29T21:27:07,2026-09-29T21:27:07
4749,新應材,2022-11-09,172.5,5.0,2.99%,,,,,,,,,ShowDailyK_ChartFlow,FinMind_API_TaiwanStockPrice_4749,True,2026-09-29T21:27:07,2026-09-29T21:27:07,2026-09-29T21:27:07
4749,新應材,2022-11-10,170.0,-2.5,-1.45%,,,,,,,,,ShowDailyK_ChartFlow,FinMind_API_TaiwanStockPrice_4749,True,2026-09-29T21:27:07,2026-09-29T21:27:07,2026-09-29T21:27:07
4749,新應材,2022-11-11,175.5,5.5,3.24%,,,,,,,,,ShowDailyK_ChartFlow,FinMind_API_TaiwanStockPrice_4749,True,2026-09-29T21:27:07,2026-09-29T21:27:07,2026-09-29T21:27:07
4749,新應材,2022-11-14,176.5,1.0,0.57%,,,,,,,,,ShowDailyK_ChartFlow,FinMind_API_TaiwanStockPrice_4749,True,2026-09-29T21:27:07,2026-09-29T21:27:07,2026-09-29T21:27:07
4749,新應材,2022-11-15,179.5,3.0,1.70%,,,,,,,,,ShowDailyK_ChartFlow,FinMind_API_TaiwanStockPrice_4749,True,2026-09-29T21:27:07,2026-09-29T21:27:07,2026-09-29T21:27:07
4749,新應材,2022-11-16,176.0,-3.5,-1.95%,,,,,,,,,ShowDailyK_ChartFlow,FinMind_API_TaiwanStockPrice_4749,True,2026-09-29T21:27:07,2026-09-29T21:27:07,2026-09-29T21:27:07
4749,新應材,2022-11-17,178.0,2.0,1.14%,,,,,,,,,ShowDailyK_ChartFlow,FinMind_API_TaiwanStockPrice_4749,True,2026-09-29T21:27:07,2026-09-29T21:27:07,2026-09-29T21:27:07
4749,新應材,2022-11-18,176.0,-2.0,-1.12%,,,,,,,,,ShowDailyK_ChartFlow,FinMind_API_TaiwanStockPrice_4749,True,2026-09-29T21:27:07,2026-09-29T21:27:07,2026-09-29T21:27:07
4749,新應材,2022-11-21,177.5,1.5,0.85%,,,,,,,,,ShowDailyK_ChartFlow,FinMind_API_TaiwanStockPrice_4749,True,2026-09-29T21:27:07,2026-09-29T21:27:07,2026-09-29T21:27:07
4749,新應材,2022-11-22,179.0,1.5,0.85%,,,,,,,,,ShowDailyK_ChartFlow,FinMind_API_TaiwanStockPrice_4749,True,2026-09-29T21:27:07,2026-09-29T21:27:07,2026-09-29T21:27:07
4749,新應材,2022-11-23,179.5,0.5,0.28%,,,,,,,,,ShowDailyK_ChartFlow,FinMind_API_TaiwanStockPrice_4749,True,2026-09-29T21:27:07,2026-09-29T21:27:07,2026-09-29T21:27:07
4749,新應材,2022-11-24,181.0,1.5,0.84%,,,,,,,,,ShowDailyK_ChartFlow,FinMind_API_TaiwanStockPrice_4749,True,2026-09-29T21:27:07,2026-09-29T21:27:07,2026-09-29T21:27:07
4749,新應材,2022-11-25,179.5,-1.5,-0.83%,,,,,,,,,ShowDailyK_ChartFlow,FinMind_API_TaiwanStockPrice_4749,True,2026-09-29T21:27:07,2026-09-29T21:27:07,2026-09-29T21:27:07
4749,新應材,2022-11-28,184.0,4.5,2.51%,,,,,,,,,ShowDailyK_ChartFlow,FinMind_API_TaiwanStockPrice_4749,True,2026-09-29T21:27:07,2026-09-29T21:27:07,2026-09-29T21:27:07
4749,新應材,2022-11-29,198.0,14.0,7.61%,,,,,,,,,ShowDailyK_ChartFlow,FinMind_API_TaiwanStockPrice_4749,True,2026-09-29T21:27:07,2026-09-29T21:27:07,2026-09-29T21:27:07
4749,新應材,2022-11-30,208.0,10.0,5.05%,,,,,,,,,ShowDailyK_ChartFlow,FinMind_API_TaiwanStockPrice_4749,True,2026-09-29T21:27:07,2026-09-29T21:27:07,2026-09-29T21:27:07
4749,新應材,2022-12-01,207.0,-1.0,-0.48%,,,,,,,,,ShowDailyK_ChartFlow,FinMind_API_TaiwanStockPrice_4749,True,2026-09-29T21:27:07,2026-09-29T21:27:07,2026-09-29T21:27:07
4749,新應材,2022-12-02,206.5,-0.5,-0.24%,,,,,,,,,ShowDailyK_ChartFlow,FinMind_API_TaiwanStockPrice_4749,True,2026-09-29T21:27:07,2026-09-29T21:27:07,2026-09-29T21:27:07
4749,新應材,2022-12-05,220.0,13.5,6.54%,,,,,,,,,ShowDailyK_ChartFlow,FinMind_API_TaiwanStockPrice_4749,True,2026-09-29T21:27:07,2026-09-29T21:27:07,2026-09-29T21:27:07
4749,新應材,2022-12-06,217.5,-2.5,-1.14%,,,,,,,,,ShowDailyK_ChartFlow,FinMind_API_TaiwanStockPrice_4749,True,2026-09-29T21:27:07,2026-09-29T21:27:07,2026-09-29T21:27:07
4749,新應材,2022-12-07,209.0,-8.5,-3.91%,,,,,,,,,ShowDailyK_ChartFlow,FinMind_API_TaiwanStockPrice_4749,True,2026-09-29T21:27:07,2026-09-29T21:27:07,2026-09-29T21:27:07
4749,新應材,2022-12-08,213.5,4.5,2.15%,,,,,,,,,ShowDailyK_ChartFlow,FinMind_API_TaiwanStockPrice_4749,True,2026-09-29T21:27:07,2026-09-29T21:27:07,2026-09-29T21:27:07
4749,新應材,2022-12-09,215.0,1.5,0.70%,,,,,,,,,ShowDailyK_ChartFlow,FinMind_API_TaiwanStockPrice_4749,True,2026-09-29T21:27:07,2026-09-29T21:27:07,2026-09-29T21:27:07
4749,新應材,2022-12-12,215.5,0.5,0.23%,,,,,,,,,ShowDailyK_ChartFlow,FinMind_API_TaiwanStockPrice_4749,True,2026-09-29T21:27:07,2026-09-29T21:27:07,2026-09-29T21:27:07
4749,新應材,2022-12-13,200.5,-15.0,-6.96%,,,,,,,,,ShowDailyK_ChartFlow,FinMind_API_TaiwanStockPrice_4749,True,2026-09-29T21:27:07,2026-09-29T21:27:07,2026-09-29T21:27:07
4749,新應材,2022-12-14,203.5,3.0,1.50%,,,,,,,,,ShowDailyK_ChartFlow,FinMind_API_TaiwanStockPrice_4749,True,2026-09-29T21:27:07,2026-09-29T21:27:07,2026-09-29T21:27:07
4749,新應材,2022-12-15,208.5,5.0,2.46%,,,,,,,,,ShowDailyK_ChartFlow,FinMind_API_TaiwanStockPrice_4749,True,2026-09-29T21:27:07,2026-09-29T21:27:07,2026-09-29T21:27:07
4749,新應材,2022-12-16,207.0,-1.5,-0.72%,,,,,,,,,ShowDailyK_ChartFlow,FinMind_API_TaiwanStockPrice_4749,True,2026-09-29T21:27:07,2026-09-29T21:27:07,2026-09-29T21:27:07
4749,新應材,2022-12-19,206.5,-0.5,-0.24%,,,,,,,,,ShowDailyK_ChartFlow,FinMind_API_TaiwanStockPrice_4749,True,2026-09-29T21:27:07,2026-09-29T21:27:07,2026-09-29T21:27:07
4749,新應材,2022-12-20,200.0,-6.5,-3.15%,,,,,,,,,ShowDailyK_ChartFlow,FinMind_API_TaiwanStockPrice_4749,True,2026-09-29T21:27:07,2026-09-29T21:27:07,2026-09-29T21:27:07
4749,新應材,2022-12-21,201.0,1.0,0.50%,,,,,,,,,ShowDailyK_ChartFlow,FinMind_API_TaiwanStockPrice_4749,True,2026-09-29T21:27:07,2026-09-29T21:27:07,2026-09-29T21:27:07
4749,新應材,2022-12-22,203.0,2.0,1.00%,,,,,,,,,ShowDailyK_ChartFlow,FinMind_API_TaiwanStockPrice_4749,True,2026-09-29T21:27:07,2026-09-29T21:27:07,2026-09-29T21:27:07
4749,新應材,2022-12-23,202.0,-1.0,-0.49%,,,,,,,,,ShowDailyK_ChartFlow,FinMind_API_TaiwanStockPrice_4749,True,2026-09-29T21:27:07,2026-09-29T21:27:07,2026-09-29T21:27:07
4749,新應材,2022-12-26,202.5,0.5,0.25%,,,,,,,,,ShowDailyK_ChartFlow,FinMind_API_TaiwanStockPrice_4749,True,2026-09-29T21:27:07,2026-09-29T21:27:07,2026-09-29T21:27:07
4749,新應材,2022-12-27,202.0,-0.5,-0.25%,,,,,,,,,ShowDailyK_ChartFlow,FinMind_API_TaiwanStockPrice_4749,True,2026-09-29T21:27:07,2026-09-29T21:27:07,2026-09-29T21:27:07
4749,新應材,2022-12-28,192.5,-9.5,-4.70%,,,,,,,,,ShowDailyK_ChartFlow,FinMind_API_TaiwanStockPrice_4749,True,2026-09-29T21:27:07,2026-09-29T21:27:07,2026-09-29T21:27:07
4749,新應材,2022-12-29,194.0,1.5,0.78%,,,,,,,,,ShowDailyK_ChartFlow,FinMind_API_TaiwanStockPrice_4749,True,2026-09-29T21:27:07,2026-09-29T21:27:07,2026-09-29T21:27:07
4749,新應材,2022-12-30,192.0,-2.0,-1.03%,,,,,,,,,ShowDailyK_ChartFlow,FinMind_API_TaiwanStockPrice_4749,True,2026-09-29T21:27:07,2026-09-29T21:27:07,2026-09-29T21:27:07
4749,新應材,2023-01-03,193.5,1.5,0.78%,,,,,,,,,ShowDailyK_ChartFlow,FinMind_API_TaiwanStockPrice_4749,True,2026-09-29T21:27:07,2026-09-29T21:27:07,2026-09-29T21:27:07
4749,新應材,2023-01-04,195.0,1.5,0.78%,,,,,,,,,ShowDailyK_ChartFlow,FinMind_API_TaiwanStockPrice_4749,True,2026-09-29T21:27:07,2026-09-29T21:27:07,2026-09-29T21:27:07
4749,新應材,2023-01-05,196.0,1.0,0.51%,,,,,,,,,ShowDailyK_ChartFlow,FinMind_API_TaiwanStockPrice_4749,True,2026-09-29T21:27:07,2026-09-29T21:27:07,2026-09-29T21:27:07
4749,新應材,2023-01-06,186.5,-9.5,-4.85%,,,,,,,,,ShowDailyK_ChartFlow,FinMind_API_TaiwanStockPrice_4749,True,2026-09-29T21:27:07,2026-09-29T21:27:07,2026-09-29T21:27:07
4749,新應材,2023-01-09,180.0,-6.5,-3.49%,,,,,,,,,ShowDailyK_ChartFlow,FinMind_API_TaiwanStockPrice_4749,True,2026-09-29T21:27:07,2026-09-29T21:27:07,2026-09-29T21:27:07
4749,新應材,2023-01-10,182.5,2.5,1.39%,,,,,,,,,ShowDailyK_ChartFlow,FinMind_API_TaiwanStockPrice_4749,True,2026-09-29T21:27:07,2026-09-29T21:27:07,2026-09-29T21:27:07
4749,新應材,2023-01-11,181.0,-1.5,-0.82%,,,,,,,,,ShowDailyK_ChartFlow,FinMind_API_TaiwanStockPrice_4749,True,2026-09-29T21:27:07,2026-09-29T21:27:07,2026-09-29T21:27:07
4749,新應材,2023-01-12,179.0,-2.0,-1.10%,,,,,,,,,ShowDailyK_ChartFlow,FinMind_API_TaiwanStockPrice_4749,True,2026-09-29T21:27:07,2026-09-29T21:27:07,2026-09-29T21:27:07
4749,新應材,2023-01-13,183.0,4.0,2.23%,,,,,,,,,ShowDailyK_ChartFlow,FinMind_API_TaiwanStockPrice_4749,True,2026-09-29T21:27:07,2026-09-29T21:27:07,2026-09-29T21:27:07
4749,新應材,2023-01-16,182.5,-0.5,-0.27%,,,,,,,,,ShowDailyK_ChartFlow,FinMind_API_TaiwanStockPrice_4749,True,2026-09-29T21:27:07,2026-09-29T21:27:07,2026-09-29T21:27:07
4749,新應材,2023-01-17,183.0,0.5,0.27%,,,,,,,,,ShowDailyK_ChartFlow,FinMind_API_TaiwanStockPrice_4749,True,2026-09-29T21:27:07,2026-09-29T21:27:07,2026-09-29T21:27:07
4749,新應材,2023-01-30,186.5,3.5,1.91%,,,,,,,,,ShowDailyK_ChartFlow,FinMind_API_TaiwanStockPrice_4749,True,2026-09-29T21:27:07,2026-09-29T21:27:07,2026-09-29T21:27:07
4749,新應材,2023-01-31,187.0,0.5,0.27%,,,,,,,,,ShowDailyK_ChartFlow,FinMind_API_TaiwanStockPrice_4749,True,2026-09-29T21:27:07,2026-09-29T21:27:07,2026-09-29T21:27:07
4749,新應材,2023-02-01,189.5,2.5,1.34%,,,,,,,,,ShowDailyK_ChartFlow,FinMind_API_TaiwanStockPrice_4749,True,2026-09-29T21:27:07,2026-09-29T21:27:07,2026-09-29T21:27:07
4749,新應材,2023-02-02,197.0,7.5,3.96%,,,,,,,,,ShowDailyK_ChartFlow,FinMind_API_TaiwanStockPrice_4749,True,2026-09-29T21:27:07,2026-09-29T21:27:07,2026-09-29T21:27:07
4749,新應材,2023-02-03,197.5,0.5,0.25%,,,,,,,,,ShowDailyK_ChartFlow,FinMind_API_TaiwanStockPrice_4749,True,2026-09-29T21:27:07,2026-09-29T21:27:07,2026-09-29T21:27:07
4749,新應材,2023-02-06,200.5,3.0,1.52%,,,,,,,,,ShowDailyK_ChartFlow,FinMind_API_TaiwanStockPrice_4749,True,2026-09-29T21:27:07,2026-09-29T21:27:07,2026-09-29T21:27:07
4749,新應材,2023-02-07,200.0,-0.5,-0.25%,,,,,,,,,ShowDailyK_ChartFlow,FinMind_API_TaiwanStockPrice_4749,True,2026-09-29T21:27:07,2026-09-29T21:27:07,2026-09-29T21:27:07
4749,新應材,2023-02-08,211.0,11.0,5.50%,,,,,,,,,ShowDailyK_ChartFlow,FinMind_API_TaiwanStockPrice_4749,True,2026-09-29T21:27:07,2026-09-29T21:27:07,2026-09-29T21:27:07
4749,新應材,2023-02-09,222.0,11.0,5.21%,,,,,,,,,ShowDailyK_ChartFlow,FinMind_API_TaiwanStockPrice_4749,True,2026-09-29T21:27:07,2026-09-29T21:27:07,2026-09-29T21:27:07
4749,新應材,2023-02-10,215.5,-6.5,-2.93%,,,,,,,,,ShowDailyK_ChartFlow,FinMind_API_TaiwanStockPrice_4749,True,2026-09-29T21:27:07,2026-09-29T21:27:07,2026-09-29T21:27:07
4749,新應材,2023-02-13,208.5,-7.0,-3.25%,,,,,,,,,ShowDailyK_ChartFlow,FinMind_API_TaiwanStockPrice_4749,True,2026-09-29T21:27:07,2026-09-29T21:27:07,2026-09-29T21:27:07
4749,新應材,2023-02-14,210.0,1.5,0.72%,,,,,,,,,ShowDailyK_ChartFlow,FinMind_API_TaiwanStockPrice_4749,True,2026-09-29T21:27:07,2026-09-29T21:27:07,2026-09-29T21:27:07
4749,新應材,2023-02-15,211.0,1.0,0.48%,,,,,,,,,ShowDailyK_ChartFlow,FinMind_API_TaiwanStockPrice_4749,True,2026-09-29T21:27:07,2026-09-29T21:27:07,2026-09-29T21:27:07
4749,新應材,2023-02-16,217.0,6.0,2.84%,,,,,,,,,ShowDailyK_ChartFlow,FinMind_API_TaiwanStockPrice_4749,True,2026-09-29T21:27:07,2026-09-29T21:27:07,2026-09-29T21:27:07
4749,新應材,2023-02-17,217.0,0.0,0.00%,,,,,,,,,ShowDailyK_ChartFlow,FinMind_API_TaiwanStockPrice_4749,True,2026-09-29T21:27:07,2026-09-29T21:27:07,2026-09-29T21:27:07
4749,新應材,2023-02-20,218.0,1.0,0.46%,,,,,,,,,ShowDailyK_ChartFlow,FinMind_API_TaiwanStockPrice_4749,True,2026-09-29T21:27:07,2026-09-29T21:27:07,2026-09-29T21:27:07
4749,新應材,2023-02-21,216.0,-2.0,-0.92%,,,,,,,,,ShowDailyK_ChartFlow,FinMind_API_TaiwanStockPrice_4749,True,2026-09-29T21:27:07,2026-09-29T21:27:07,2026-09-29T21:27:07
4749,新應材,2023-02-22,210.5,-5.5,-2.55%,,,,,,,,,ShowDailyK_ChartFlow,FinMind_API_TaiwanStockPrice_4749,True,2026-09-29T21:27:07,2026-09-29T21:27:07,2026-09-29T21:27:07
4749,新應材,2023-02-23,212.0,1.5,0.71%,,,,,,,,,ShowDailyK_ChartFlow,FinMind_API_TaiwanStockPrice_4749,True,2026-09-29T21:27:07,2026-09-29T21:27:07,2026-09-29T21:27:07
4749,新應材,2023-02-24,206.5,-5.5,-2.59%,,,,,,,,,ShowDailyK_ChartFlow,FinMind_API_TaiwanStockPrice_4749,True,2026-09-29T21:27:07,2026-09-29T21:27:07,2026-09-29T21:27:07
4749,新應材,2023-03-01,205.5,-1.0,-0.48%,,,,,,,,,ShowDailyK_ChartFlow,FinMind_API_TaiwanStockPrice_4749,True,2026-09-29T21:27:07,2026-09-29T21:27:07,2026-09-29T21:27:07
4749,新應材,2023-03-02,212.5,7.0,3.41%,,,,,,,,,ShowDailyK_ChartFlow,FinMind_API_TaiwanStockPrice_4749,True,2026-09-29T21:27:07,2026-09-29T21:27:07,2026-09-29T21:27:07
4749,新應材,2023-03-03,221.0,8.5,4.00%,,,,,,,,,ShowDailyK_ChartFlow,FinMind_API_TaiwanStockPrice_4749,True,2026-09-29T21:27:07,2026-09-29T21:27:07,2026-09-29T21:27:07
4749,新應材,2023-03-06,228.5,7.5,3.39%,,,,,,,,,ShowDailyK_ChartFlow,FinMind_API_TaiwanStockPrice_4749,True,2026-09-29T21:27:07,2026-09-29T21:27:07,2026-09-29T21:27:07
4749,新應材,2023-03-07,227.0,-1.5,-0.66%,,,,,,,,,ShowDailyK_ChartFlow,FinMind_API_TaiwanStockPrice_4749,True,2026-09-29T21:27:07,2026-09-29T21:27:07,2026-09-29T21:27:07
4749,新應材,2023-03-08,218.0,-9.0,-3.96%,,,,,,,,,ShowDailyK_ChartFlow,FinMind_API_TaiwanStockPrice_4749,True,2026-09-29T21:27:07,2026-09-29T21:27:07,2026-09-29T21:27:07
4749,新應材,2023-03-09,220.0,2.0,0.92%,,,,,,,,,ShowDailyK_ChartFlow,FinMind_API_TaiwanStockPrice_4749,True,2026-09-29T21:27:07,2026-09-29T21:27:07,2026-09-29T21:27:07
4749,新應材,2023-03-10,220.0,0.0,0.00%,,,,,,,,,ShowDailyK_ChartFlow,FinMind_API_TaiwanStockPrice_4749,True,2026-09-29T21:27:07,2026-09-29T21:27:07,2026-09-29T21:27:07
4749,新應材,2023-03-13,216.0,-4.0,-1.82%,,,,,,,,,ShowDailyK_ChartFlow,FinMind_API_TaiwanStockPrice_4749,True,2026-09-29T21:27:07,2026-09-29T21:27:07,2026-09-29T21:27:07
4749,新應材,2023-03-14,214.5,-1.5,-0.69%,,,,,,,,,ShowDailyK_ChartFlow,FinMind_API_TaiwanStockPrice_4749,True,2026-09-29T21:27:07,2026-09-29T21:27:07,2026-09-29T21:27:07
4749,新應材,2023-03-15,216.0,1.5,0.70%,,,,,,,,,ShowDailyK_ChartFlow,FinMind_API_TaiwanStockPrice_4749,True,2026-09-29T21:27:07,2026-09-29T21:27:07,2026-09-29T21:27:07
4749,新應材,2023-03-16,212.5,-3.5,-1.62%,,,,,,,,,ShowDailyK_ChartFlow,FinMind_API_TaiwanStockPrice_4749,True,2026-09-29T21:27:07,2026-09-29T21:27:07,2026-09-29T21:27:07
4749,新應材,2023-03-17,214.5,2.0,0.94%,,,,,,,,,ShowDailyK_ChartFlow,FinMind_API_TaiwanStockPrice_4749,True,2026-09-29T21:27:07,2026-09-29T21:27:07,2026-09-29T21:27:07
4749,新應材,2023-03-20,225.5,11.0,5.13%,,,,,,,,,ShowDailyK_ChartFlow,FinMind_API_TaiwanStockPrice_4749,True,2026-09-29T21:27:07,2026-09-29T21:27:07,2026-09-29T21:27:07
4749,新應材,2023-03-21,233.0,7.5,3.33%,,,,,,,,,ShowDailyK_ChartFlow,FinMind_API_TaiwanStockPrice_4749,True,2026-09-29T21:27:07,2026-09-29T21:27:07,2026-09-29T21:27:07
4749,新應材,2023-03-22,244.0,11.0,4.72%,,,,,,,,,ShowDailyK_ChartFlow,FinMind_API_TaiwanStockPrice_4749,True,2026-09-29T21:27:07,2026-09-29T21:27:07,2026-09-29T21:27:07
4749,新應材,2023-03-23,242.5,-1.5,-0.61%,,,,,,,,,ShowDailyK_ChartFlow,FinMind_API_TaiwanStockPrice_4749,True,2026-09-29T21:27:07,2026-09-29T21:27:07,2026-09-29T21:27:07
4749,新應材,2023-03-24,237.0,-5.5,-2.27%,,,,,,,,,ShowDailyK_ChartFlow,FinMind_API_TaiwanStockPrice_4749,True,2026-09-29T21:27:07,2026-09-29T21:27:07,2026-09-29T21:27:07
4749,新應材,2023-03-27,240.0,3.0,1.27%,,,,,,,,,ShowDailyK_ChartFlow,FinMind_API_TaiwanStockPrice_4749,True,2026-09-29T21:27:07,2026-09-29T21:27:07,2026-09-29T21:27:07
4749,新應材,2023-03-28,236.5,-3.5,-1.46%,,,,,,,,,ShowDailyK_ChartFlow,FinMind_API_TaiwanStockPrice_4749,True,2026-09-29T21:27:07,2026-09-29T21:27:07,2026-09-29T21:27:07
4749,新應材,2023-03-29,238.0,1.5,0.63%,,,,,,,,,ShowDailyK_ChartFlow,FinMind_API_TaiwanStockPrice_4749,True,2026-09-29T21:27:07,2026-09-29T21:27:07,2026-09-29T21:27:07
4749,新應材,2023-03-30,241.0,3.0,1.26%,,,,,,,,,ShowDailyK_ChartFlow,FinMind_API_TaiwanStockPrice_4749,True,2026-09-29T21:27:07,2026-09-29T21:27:07,2026-09-29T21:27:07
4749,新應材,2023-03-31,242.5,1.5,0.62%,,,,,,,,,ShowDailyK_ChartFlow,FinMind_API_TaiwanStockPrice_4749,True,2026-09-29T21:27:07,2026-09-29T21:27:07,2026-09-29T21:27:07
4749,新應材,2023-04-06,237.5,-5.0,-2.06%,,,,,,,,,ShowDailyK_ChartFlow,FinMind_API_TaiwanStockPrice_4749,True,2026-09-29T21:27:07,2026-09-29T21:27:07,2026-09-29T21:27:07
4749,新應材,2023-04-07,234.0,-3.5,-1.47%,,,,,,,,,ShowDailyK_ChartFlow,FinMind_API_TaiwanStockPrice_4749,True,2026-09-29T21:27:07,2026-09-29T21:27:07,2026-09-29T21:27:07
4749,新應材,2023-04-10,238.0,4.0,1.71%,,,,,,,,,ShowDailyK_ChartFlow,FinMind_API_TaiwanStockPrice_4749,True,2026-09-29T21:27:07,2026-09-29T21:27:07,2026-09-29T21:27:07
4749,新應材,2023-04-11,251.0,13.0,5.46%,,,,,,,,,ShowDailyK_ChartFlow,FinMind_API_TaiwanStockPrice_4749,True,2026-09-29T21:27:07,2026-09-29T21:27:07,2026-09-29T21:27:07
4749,新應材,2023-04-12,268.5,17.5,6.97%,,,,,,,,,ShowDailyK_ChartFlow,FinMind_API_TaiwanStockPrice_4749,True,2026-09-29T21:27:07,2026-09-29T21:27:07,2026-09-29T21:27:07
4749,新應材,2023-04-13,264.5,-4.0,-1.49%,,,,,,,,,ShowDailyK_ChartFlow,FinMind_API_TaiwanStockPrice_4749,True,2026-09-29T21:27:07,2026-09-29T21:27:07,2026-09-29T21:27:07
4749,新應材,2023-04-14,269.0,4.5,1.70%,,,,,,,,,ShowDailyK_ChartFlow,FinMind_API_TaiwanStockPrice_4749,True,2026-09-29T21:27:07,2026-09-29T21:27:07,2026-09-29T21:27:07
4749,新應材,2023-04-17,287.0,18.0,6.69%,,,,,,,,,ShowDailyK_ChartFlow,FinMind_API_TaiwanStockPrice_4749,True,2026-09-29T21:27:07,2026-09-29T21:27:07,2026-09-29T21:27:07
4749,新應材,2023-04-18,284.0,-3.0,-1.05%,,,,,,,,,ShowDailyK_ChartFlow,FinMind_API_TaiwanStockPrice_4749,True,2026-09-29T21:27:07,2026-09-29T21:27:07,2026-09-29T21:27:07
4749,新應材,2023-04-19,276.0,-8.0,-2.82%,,,,,,,,,ShowDailyK_ChartFlow,FinMind_API_TaiwanStockPrice_4749,True,2026-09-29T21:27:07,2026-09-29T21:27:07,2026-09-29T21:27:07
4749,新應材,2023-04-20,274.0,-2.0,-0.72%,,,,,,,,,ShowDailyK_ChartFlow,FinMind_API_TaiwanStockPrice_4749,True,2026-09-29T21:27:07,2026-09-29T21:27:07,2026-09-29T21:27:07
4749,新應材,2023-04-21,264.0,-10.0,-3.65%,,,,,,,,,ShowDailyK_ChartFlow,FinMind_API_TaiwanStockPrice_4749,True,2026-09-29T21:27:07,2026-09-29T21:27:07,2026-09-29T21:27:07
4749,新應材,2023-04-24,267.5,3.5,1.33%,,,,,,,,,ShowDailyK_ChartFlow,FinMind_API_TaiwanStockPrice_4749,True,2026-09-29T21:27:07,2026-09-29T21:27:07,2026-09-29T21:27:07
4749,新應材,2023-04-25,257.0,-10.5,-3.93%,,,,,,,,,ShowDailyK_ChartFlow,FinMind_API_TaiwanStockPrice_4749,True,2026-09-29T21:27:07,2026-09-29T21:27:07,2026-09-29T21:27:07
4749,新應材,2023-04-26,255.0,-2.0,-0.78%,,,,,,,,,ShowDailyK_ChartFlow,FinMind_API_TaiwanStockPrice_4749,True,2026-09-29T21:27:07,2026-09-29T21:27:07,2026-09-29T21:27:07
4749,新應材,2023-04-27,273.0,18.0,7.06%,,,,,,,,,ShowDailyK_ChartFlow,FinMind_API_TaiwanStockPrice_4749,True,2026-09-29T21:27:07,2026-09-29T21:27:07,2026-09-29T21:27:07
4749,新應材,2023-04-28,278.0,5.0,1.83%,,,,,,,,,ShowDailyK_ChartFlow,FinMind_API_TaiwanStockPrice_4749,True,2026-09-29T21:27:07,2026-09-29T21:27:07,2026-09-29T21:27:07
4749,新應材,2023-05-02,278.0,0.0,0.00%,,,,,,,,,ShowDailyK_ChartFlow,FinMind_API_TaiwanStockPrice_4749,True,2026-09-29T21:27:07,2026-09-29T21:27:07,2026-09-29T21:27:07
4749,新應材,2023-05-03,270.0,-8.0,-2.88%,,,,,,,,,ShowDailyK_ChartFlow,FinMind_API_TaiwanStockPrice_4749,True,2026-09-29T21:27:07,2026-09-29T21:27:07,2026-09-29T21:27:07
4749,新應材,2023-05-04,272.5,2.5,0.93%,,,,,,,,,ShowDailyK_ChartFlow,FinMind_API_TaiwanStockPrice_4749,True,2026-09-29T21:27:07,2026-09-29T21:27:07,2026-09-29T21:27:07
4749,新應材,2023-05-05,272.5,0.0,0.00%,,,,,,,,,ShowDailyK_ChartFlow,FinMind_API_TaiwanStockPrice_4749,True,2026-09-29T21:27:07,2026-09-29T21:27:07,2026-09-29T21:27:07
4749,新應材,2023-05-08,273.0,0.5,0.18%,,,,,,,,,ShowDailyK_ChartFlow,FinMind_API_TaiwanStockPrice_4749,True,2026-09-29T21:27:07,2026-09-29T21:27:07,2026-09-29T21:27:07
4749,新應材,2023-05-09,258.0,-15.0,-5.49%,,,,,,,,,ShowDailyK_ChartFlow,FinMind_API_TaiwanStockPrice_4749,True,2026-09-29T21:27:07,2026-09-29T21:27:07,2026-09-29T21:27:07
4749,新應材,2023-05-10,258.5,0.5,0.19%,,,,,,,,,ShowDailyK_ChartFlow,FinMind_API_TaiwanStockPrice_4749,True,2026-09-29T21:27:07,2026-09-29T21:27:07,2026-09-29T21:27:07
4749,新應材,2023-05-11,258.5,0.0,0.00%,,,,,,,,,ShowDailyK_ChartFlow,FinMind_API_TaiwanStockPrice_4749,True,2026-09-29T21:27:07,2026-09-29T21:27:07,2026-09-29T21:27:07
4749,新應材,2023-05-12,261.5,3.0,1.16%,,,,,,,,,ShowDailyK_ChartFlow,FinMind_API_TaiwanStockPrice_4749,True,2026-09-29T21:27:07,2026-09-29T21:27:07,2026-09-29T21:27:07
4749,新應材,2023-05-15,260.5,-1.0,-0.38%,,,,,,,,,ShowDailyK_ChartFlow,FinMind_API_TaiwanStockPrice_4749,True,2026-09-29T21:27:07,2026-09-29T21:27:07,2026-09-29T21:27:07
4749,新應材,2023-05-16,260.5,0.0,0.00%,,,,,,,,,ShowDailyK_ChartFlow,FinMind_API_TaiwanStockPrice_4749,True,2026-09-29T21:27:07,2026-09-29T21:27:07,2026-09-29T21:27:07
4749,新應材,2023-05-17,264.0,3.5,1.34%,,,,,,,,,ShowDailyK_ChartFlow,FinMind_API_TaiwanStockPrice_4749,True,2026-09-29T21:27:07,2026-09-29T21:27:07,2026-09-29T21:27:07
4749,新應材,2023-05-18,269.0,5.0,1.89%,,,,,,,,,ShowDailyK_ChartFlow,FinMind_API_TaiwanStockPrice_4749,True,2026-09-29T21:27:07,2026-09-29T21:27:07,2026-09-29T21:27:07
4749,新應材,2023-05-19,271.0,2.0,0.74%,,,,,,,,,ShowDailyK_ChartFlow,FinMind_API_TaiwanStockPrice_4749,True,2026-09-29T21:27:07,2026-09-29T21:27:07,2026-09-29T21:27:07
4749,新應材,2023-05-22,271.0,0.0,0.00%,,,,,,,,,ShowDailyK_ChartFlow,FinMind_API_TaiwanStockPrice_4749,True,2026-09-29T21:27:07,2026-09-29T21:27:07,2026-09-29T21:27:07
4749,新應材,2023-05-23,265.0,-6.0,-2.21%,,,,,,,,,ShowDailyK_ChartFlow,FinMind_API_TaiwanStockPrice_4749,True,2026-09-29T21:27:07,2026-09-29T21:27:07,2026-09-29T21:27:07
4749,新應材,2023-05-24,263.5,-1.5,-0.57%,,,,,,,,,ShowDailyK_ChartFlow,FinMind_API_TaiwanStockPrice_4749,True,2026-09-29T21:27:07,2026-09-29T21:27:07,2026-09-29T21:27:07
4749,新應材,2023-05-25,278.5,15.0,5.69%,,,,,,,,,ShowDailyK_ChartFlow,FinMind_API_TaiwanStockPrice_4749,True,2026-09-29T21:27:07,2026-09-29T21:27:07,2026-09-29T21:27:07
4749,新應材,2023-05-26,275.0,-3.5,-1.26%,,,,,,,,,ShowDailyK_ChartFlow,FinMind_API_TaiwanStockPrice_4749,True,2026-09-29T21:27:07,2026-09-29T21:27:07,2026-09-29T21:27:07
4749,新應材,2023-05-29,270.5,-4.5,-1.64%,,,,,,,,,ShowDailyK_ChartFlow,FinMind_API_TaiwanStockPrice_4749,True,2026-09-29T21:27:07,2026-09-29T21:27:07,2026-09-29T21:27:07
4749,新應材,2023-05-30,269.0,-1.5,-0.55%,,,,,,,,,ShowDailyK_ChartFlow,FinMind_API_TaiwanStockPrice_4749,True,2026-09-29T21:27:07,2026-09-29T21:27:07,2026-09-29T21:27:07
4749,新應材,2023-05-31,273.0,4.0,1.49%,,,,,,,,,ShowDailyK_ChartFlow,FinMind_API_TaiwanStockPrice_4749,True,2026-09-29T21:27:07,2026-09-29T21:27:07,2026-09-29T21:27:07
4749,新應材,2023-06-01,273.5,0.5,0.18%,,,,,,,,,ShowDailyK_ChartFlow,FinMind_API_TaiwanStockPrice_4749,True,2026-09-29T21:27:07,2026-09-29T21:27:07,2026-09-29T21:27:07
4749,新應材,2023-06-02,272.5,-1.0,-0.37%,,,,,,,,,ShowDailyK_ChartFlow,FinMind_API_TaiwanStockPrice_4749,True,2026-09-29T21:27:07,2026-09-29T21:27:07,2026-09-29T21:27:07
4749,新應材,2023-06-05,270.5,-2.0,-0.73%,,,,,,,,,ShowDailyK_ChartFlow,FinMind_API_TaiwanStockPrice_4749,True,2026-09-29T21:27:07,2026-09-29T21:27:07,2026-09-29T21:27:07
4749,新應材,2023-06-06,269.0,-1.5,-0.55%,,,,,,,,,ShowDailyK_ChartFlow,FinMind_API_TaiwanStockPrice_4749,True,2026-09-29T21:27:07,2026-09-29T21:27:07,2026-09-29T21:27:07
4749,新應材,2023-06-07,276.0,7.0,2.60%,,,,,,,,,ShowDailyK_ChartFlow,FinMind_API_TaiwanStockPrice_4749,True,2026-09-29T21:27:07,2026-09-29T21:27:07,2026-09-29T21:27:07
4749,新應材,2023-06-08,267.5,-8.5,-3.08%,,,,,,,,,ShowDailyK_ChartFlow,FinMind_API_TaiwanStockPrice_4749,True,2026-09-29T21:27:07,2026-09-29T21:27:07,2026-09-29T21:27:07
4749,新應材,2023-06-09,270.5,3.0,1.12%,,,,,,,,,ShowDailyK_ChartFlow,FinMind_API_TaiwanStockPrice_4749,True,2026-09-29T21:27:07,2026-09-29T21:27:07,2026-09-29T21:27:07
4749,新應材,2023-06-12,275.0,4.5,1.66%,,,,,,,,,ShowDailyK_ChartFlow,FinMind_API_TaiwanStockPrice_4749,True,2026-09-29T21:27:07,2026-09-29T21:27:07,2026-09-29T21:27:07
4749,新應材,2023-06-13,272.5,-2.5,-0.91%,,,,,,,,,ShowDailyK_ChartFlow,FinMind_API_TaiwanStockPrice_4749,True,2026-09-29T21:27:07,2026-09-29T21:27:07,2026-09-29T21:27:07
4749,新應材,2023-06-14,268.0,-4.5,-1.65%,,,,,,,,,ShowDailyK_ChartFlow,FinMind_API_TaiwanStockPrice_4749,True,2026-09-29T21:27:07,2026-09-29T21:27:07,2026-09-29T21:27:07
4749,新應材,2023-06-15,266.0,-2.0,-0.75%,,,,,,,,,ShowDailyK_ChartFlow,FinMind_API_TaiwanStockPrice_4749,True,2026-09-29T21:27:07,2026-09-29T21:27:07,2026-09-29T21:27:07
4749,新應材,2023-06-16,264.0,-2.0,-0.75%,,,,,,,,,ShowDailyK_ChartFlow,FinMind_API_TaiwanStockPrice_4749,True,2026-09-29T21:27:07,2026-09-29T21:27:07,2026-09-29T21:27:07
4749,新應材,2023-06-19,263.0,-1.0,-0.38%,,,,,,,,,ShowDailyK_ChartFlow,FinMind_API_TaiwanStockPrice_4749,True,2026-09-29T21:27:07,2026-09-29T21:27:07,2026-09-29T21:27:07
4749,新應材,2023-06-20,259.0,-4.0,-1.52%,,,,,,,,,ShowDailyK_ChartFlow,FinMind_API_TaiwanStockPrice_4749,True,2026-09-29T21:27:07,2026-09-29T21:27:07,2026-09-29T21:27:07
4749,新應材,2023-06-21,253.5,-5.5,-2.12%,,,,,,,,,ShowDailyK_ChartFlow,FinMind_API_TaiwanStockPrice_4749,True,2026-09-29T21:27:07,2026-09-29T21:27:07,2026-09-29T21:27:07
4749,新應材,2023-06-26,249.5,-4.0,-1.58%,,,,,,,,,ShowDailyK_ChartFlow,FinMind_API_TaiwanStockPrice_4749,True,2026-09-29T21:27:07,2026-09-29T21:27:07,2026-09-29T21:27:07
4749,新應材,2023-06-27,243.0,-6.5,-2.61%,,,,,,,,,ShowDailyK_ChartFlow,FinMind_API_TaiwanStockPrice_4749,True,2026-09-29T21:27:07,2026-09-29T21:27:07,2026-09-29T21:27:07
4749,新應材,2023-06-28,251.5,8.5,3.50%,,,,,,,,,ShowDailyK_ChartFlow,FinMind_API_TaiwanStockPrice_4749,True,2026-09-29T21:27:07,2026-09-29T21:27:07,2026-09-29T21:27:07
4749,新應材,2023-06-29,257.0,5.5,2.19%,,,,,,,,,ShowDailyK_ChartFlow,FinMind_API_TaiwanStockPrice_4749,True,2026-09-29T21:27:07,2026-09-29T21:27:07,2026-09-29T21:27:07
4749,新應材,2023-06-30,267.5,10.5,4.09%,,,,,,,,,ShowDailyK_ChartFlow,FinMind_API_TaiwanStockPrice_4749,True,2026-09-29T21:27:07,2026-09-29T21:27:07,2026-09-29T21:27:07
4749,新應材,2023-07-03,265.0,-2.5,-0.93%,,,,,,,,,ShowDailyK_ChartFlow,FinMind_API_TaiwanStockPrice_4749,True,2026-09-29T21:27:07,2026-09-29T21:27:07,2026-09-29T21:27:07
4749,新應材,2023-07-04,266.0,1.0,0.38%,,,,,,,,,ShowDailyK_ChartFlow,FinMind_API_TaiwanStockPrice_4749,True,2026-09-29T21:27:07,2026-09-29T21:27:07,2026-09-29T21:27:07
4749,新應材,2023-07-05,265.0,-1.0,-0.38%,,,,,,,,,ShowDailyK_ChartFlow,FinMind_API_TaiwanStockPrice_4749,True,2026-09-29T21:27:07,2026-09-29T21:27:07,2026-09-29T21:27:07
4749,新應材,2023-07-06,262.0,-3.0,-1.13%,,,,,,,,,ShowDailyK_ChartFlow,FinMind_API_TaiwanStockPrice_4749,True,2026-09-29T21:27:07,2026-09-29T21:27:07,2026-09-29T21:27:07
4749,新應材,2023-07-07,258.5,-3.5,-1.34%,,,,,,,,,ShowDailyK_ChartFlow,FinMind_API_TaiwanStockPrice_4749,True,2026-09-29T21:27:07,2026-09-29T21:27:07,2026-09-29T21:27:07
4749,新應材,2023-07-10,261.0,2.5,0.97%,,,,,,,,,ShowDailyK_ChartFlow,FinMind_API_TaiwanStockPrice_4749,True,2026-09-29T21:27:07,2026-09-29T21:27:07,2026-09-29T21:27:07
4749,新應材,2023-07-11,263.0,2.0,0.77%,,,,,,,,,ShowDailyK_ChartFlow,FinMind_API_TaiwanStockPrice_4749,True,2026-09-29T21:27:07,2026-09-29T21:27:07,2026-09-29T21:27:07
4749,新應材,2023-07-12,256.0,-7.0,-2.66%,,,,,,,,,ShowDailyK_ChartFlow,FinMind_API_TaiwanStockPrice_4749,True,2026-09-29T21:27:07,2026-09-29T21:27:07,2026-09-29T21:27:07
4749,新應材,2023-07-13,256.0,0.0,0.00%,,,,,,,,,ShowDailyK_ChartFlow,FinMind_API_TaiwanStockPrice_4749,True,2026-09-29T21:27:07,2026-09-29T21:27:07,2026-09-29T21:27:07
4749,新應材,2023-07-14,265.0,9.0,3.52%,,,,,,,,,ShowDailyK_ChartFlow,FinMind_API_TaiwanStockPrice_4749,True,2026-09-29T21:27:07,2026-09-29T21:27:07,2026-09-29T21:27:07
4749,新應材,2023-07-17,274.5,9.5,3.58%,,,,,,,,,ShowDailyK_ChartFlow,FinMind_API_TaiwanStockPrice_4749,True,2026-09-29T21:27:07,2026-09-29T21:27:07,2026-09-29T21:27:07
4749,新應材,2023-07-18,271.5,-3.0,-1.09%,,,,,,,,,ShowDailyK_ChartFlow,FinMind_API_TaiwanStockPrice_4749,True,2026-09-29T21:27:07,2026-09-29T21:27:07,2026-09-29T21:27:07
4749,新應材,2023-07-19,269.5,-2.0,-0.74%,,,,,,,,,ShowDailyK_ChartFlow,FinMind_API_TaiwanStockPrice_4749,True,2026-09-29T21:27:07,2026-09-29T21:27:07,2026-09-29T21:27:07
4749,新應材,2023-07-20,273.5,4.0,1.48%,,,,,,,,,ShowDailyK_ChartFlow,FinMind_API_TaiwanStockPrice_4749,True,2026-09-29T21:27:07,2026-09-29T21:27:07,2026-09-29T21:27:07
4749,新應材,2023-07-21,272.0,-1.5,-0.55%,,,,,,,,,ShowDailyK_ChartFlow,FinMind_API_TaiwanStockPrice_4749,True,2026-09-29T21:27:07,2026-09-29T21:27:07,2026-09-29T21:27:07
4749,新應材,2023-07-24,280.0,8.0,2.94%,,,,,,,,,ShowDailyK_ChartFlow,FinMind_API_TaiwanStockPrice_4749,True,2026-09-29T21:27:07,2026-09-29T21:27:07,2026-09-29T21:27:07
4749,新應材,2023-07-25,280.0,0.0,0.00%,,,,,,,,,ShowDailyK_ChartFlow,FinMind_API_TaiwanStockPrice_4749,True,2026-09-29T21:27:07,2026-09-29T21:27:07,2026-09-29T21:27:07
4749,新應材,2023-07-26,274.5,-5.5,-1.96%,,,,,,,,,ShowDailyK_ChartFlow,FinMind_API_TaiwanStockPrice_4749,True,2026-09-29T21:27:07,2026-09-29T21:27:07,2026-09-29T21:27:07
4749,新應材,2023-07-27,274.0,-0.5,-0.18%,,,,,,,,,ShowDailyK_ChartFlow,FinMind_API_TaiwanStockPrice_4749,True,2026-09-29T21:27:07,2026-09-29T21:27:07,2026-09-29T21:27:07
4749,新應材,2023-07-28,271.5,-2.5,-0.91%,,,,,,,,,ShowDailyK_ChartFlow,FinMind_API_TaiwanStockPrice_4749,True,2026-09-29T21:27:07,2026-09-29T21:27:07,2026-09-29T21:27:07
4749,新應材,2023-07-31,266.0,-5.5,-2.03%,,,,,,,,,ShowDailyK_ChartFlow,FinMind_API_TaiwanStockPrice_4749,True,2026-09-29T21:27:07,2026-09-29T21:27:07,2026-09-29T21:27:07
4749,新應材,2023-08-01,262.5,-3.5,-1.32%,,,,,,,,,ShowDailyK_ChartFlow,FinMind_API_TaiwanStockPrice_4749,True,2026-09-29T21:27:07,2026-09-29T21:27:07,2026-09-29T21:27:07
4749,新應材,2023-08-02,266.5,4.0,1.52%,,,,,,,,,ShowDailyK_ChartFlow,FinMind_API_TaiwanStockPrice_4749,True,2026-09-29T21:27:07,2026-09-29T21:27:07,2026-09-29T21:27:07
4749,新應材,2023-08-04,270.0,3.5,1.31%,,,,,,,,,ShowDailyK_ChartFlow,FinMind_API_TaiwanStockPrice_4749,True,2026-09-29T21:27:07,2026-09-29T21:27:07,2026-09-29T21:27:07
4749,新應材,2023-08-07,274.0,4.0,1.48%,,,,,,,,,ShowDailyK_ChartFlow,FinMind_API_TaiwanStockPrice_4749,True,2026-09-29T21:27:07,2026-09-29T21:27:07,2026-09-29T21:27:07
4749,新應材,2023-08-08,269.0,-5.0,-1.82%,,,,,,,,,ShowDailyK_ChartFlow,FinMind_API_TaiwanStockPrice_4749,True,2026-09-29T21:27:07,2026-09-29T21:27:07,2026-09-29T21:27:07
4749,新應材,2023-08-09,267.0,-2.0,-0.74%,,,,,,,,,ShowDailyK_ChartFlow,FinMind_API_TaiwanStockPrice_4749,True,2026-09-29T21:27:07,2026-09-29T21:27:07,2026-09-29T21:27:07
4749,新應材,2023-08-10,259.0,-8.0,-3.00%,,,,,,,,,ShowDailyK_ChartFlow,FinMind_API_TaiwanStockPrice_4749,True,2026-09-29T21:27:07,2026-09-29T21:27:07,2026-09-29T21:27:07
4749,新應材,2023-08-11,262.0,3.0,1.16%,,,,,,,,,ShowDailyK_ChartFlow,FinMind_API_TaiwanStockPrice_4749,True,2026-09-29T21:27:07,2026-09-29T21:27:07,2026-09-29T21:27:07
4749,新應材,2023-08-14,257.5,-4.5,-1.72%,,,,,,,,,ShowDailyK_ChartFlow,FinMind_API_TaiwanStockPrice_4749,True,2026-09-29T21:27:07,2026-09-29T21:27:07,2026-09-29T21:27:07
4749,新應材,2023-08-15,258.5,1.0,0.39%,,,,,,,,,ShowDailyK_ChartFlow,FinMind_API_TaiwanStockPrice_4749,True,2026-09-29T21:27:07,2026-09-29T21:27:07,2026-09-29T21:27:07
4749,新應材,2023-08-16,257.5,-1.0,-0.39%,,,,,,,,,ShowDailyK_ChartFlow,FinMind_API_TaiwanStockPrice_4749,True,2026-09-29T21:27:07,2026-09-29T21:27:07,2026-09-29T21:27:07
4749,新應材,2023-08-17,269.5,12.0,4.66%,,,,,,,,,ShowDailyK_ChartFlow,FinMind_API_TaiwanStockPrice_4749,True,2026-09-29T21:27:07,2026-09-29T21:27:07,2026-09-29T21:27:07
4749,新應材,2023-08-18,266.5,-3.0,-1.11%,,,,,,,,,ShowDailyK_ChartFlow,FinMind_API_TaiwanStockPrice_4749,True,2026-09-29T21:27:07,2026-09-29T21:27:07,2026-09-29T21:27:07
4749,新應材,2023-08-21,267.0,0.5,0.19%,,,,,,,,,ShowDailyK_ChartFlow,FinMind_API_TaiwanStockPrice_4749,True,2026-09-29T21:27:07,2026-09-29T21:27:07,2026-09-29T21:27:07
4749,新應材,2023-08-22,261.0,-6.0,-2.25%,,,,,,,,,ShowDailyK_ChartFlow,FinMind_API_TaiwanStockPrice_4749,True,2026-09-29T21:27:07,2026-09-29T21:27:07,2026-09-29T21:27:07
4749,新應材,2023-08-23,266.5,5.5,2.11%,,,,,,,,,ShowDailyK_ChartFlow,FinMind_API_TaiwanStockPrice_4749,True,2026-09-29T21:27:07,2026-09-29T21:27:07,2026-09-29T21:27:07
4749,新應材,2023-08-24,264.0,-2.5,-0.94%,,,,,,,,,ShowDailyK_ChartFlow,FinMind_API_TaiwanStockPrice_4749,True,2026-09-29T21:27:07,2026-09-29T21:27:07,2026-09-29T21:27:07
4749,新應材,2023-08-25,261.5,-2.5,-0.95%,,,,,,,,,ShowDailyK_ChartFlow,FinMind_API_TaiwanStockPrice_4749,True,2026-09-29T21:27:07,2026-09-29T21:27:07,2026-09-29T21:27:07
4749,新應材,2023-08-28,268.5,7.0,2.68%,,,,,,,,,ShowDailyK_ChartFlow,FinMind_API_TaiwanStockPrice_4749,True,2026-09-29T21:27:07,2026-09-29T21:27:07,2026-09-29T21:27:07
4749,新應材,2023-08-29,269.0,0.5,0.19%,,,,,,,,,ShowDailyK_ChartFlow,FinMind_API_TaiwanStockPrice_4749,True,2026-09-29T21:27:07,2026-09-29T21:27:07,2026-09-29T21:27:07
4749,新應材,2023-08-30,266.5,-2.5,-0.93%,,,,,,,,,ShowDailyK_ChartFlow,FinMind_API_TaiwanStockPrice_4749,True,2026-09-29T21:27:07,2026-09-29T21:27:07,2026-09-29T21:27:07
4749,新應材,2023-08-31,267.0,0.5,0.19%,,,,,,,,,ShowDailyK_ChartFlow,FinMind_API_TaiwanStockPrice_4749,True,2026-09-29T21:27:07,2026-09-29T21:27:07,2026-09-29T21:27:07
4749,新應材,2023-09-01,266.5,-0.5,-0.19%,,,,,,,,,ShowDailyK_ChartFlow,FinMind_API_TaiwanStockPrice_4749,True,2026-09-29T21:27:07,2026-09-29T21:27:07,2026-09-29T21:27:07
4749,新應材,2023-09-04,267.0,0.5,0.19%,,,,,,,,,ShowDailyK_ChartFlow,FinMind_API_TaiwanStockPrice_4749,True,2026-09-29T21:27:07,2026-09-29T21:27:07,2026-09-29T21:27:07
4749,新應材,2023-09-05,271.0,4.0,1.50%,,,,,,,,,ShowDailyK_ChartFlow,FinMind_API_TaiwanStockPrice_4749,True,2026-09-29T21:27:07,2026-09-29T21:27:07,2026-09-29T21:27:07
4749,新應材,2023-09-06,269.0,-2.0,-0.74%,,,,,,,,,ShowDailyK_ChartFlow,FinMind_API_TaiwanStockPrice_4749,True,2026-09-29T21:27:07,2026-09-29T21:27:07,2026-09-29T21:27:07
4749,新應材,2023-09-07,269.5,0.5,0.19%,,,,,,,,,ShowDailyK_ChartFlow,FinMind_API_TaiwanStockPrice_4749,True,2026-09-29T21:27:07,2026-09-29T21:27:07,2026-09-29T21:27:07
4749,新應材,2023-09-08,268.5,-1.0,-0.37%,,,,,,,,,ShowDailyK_ChartFlow,FinMind_API_TaiwanStockPrice_4749,True,2026-09-29T21:27:07,2026-09-29T21:27:07,2026-09-29T21:27:07
4749,新應材,2023-09-11,263.5,-5.0,-1.86%,,,,,,,,,ShowDailyK_ChartFlow,FinMind_API_TaiwanStockPrice_4749,True,2026-09-29T21:27:07,2026-09-29T21:27:07,2026-09-29T21:27:07
4749,新應材,2023-09-12,262.5,-1.0,-0.38%,,,,,,,,,ShowDailyK_ChartFlow,FinMind_API_TaiwanStockPrice_4749,True,2026-09-29T21:27:07,2026-09-29T21:27:07,2026-09-29T21:27:07
4749,新應材,2023-09-13,262.5,0.0,0.00%,,,,,,,,,ShowDailyK_ChartFlow,FinMind_API_TaiwanStockPrice_4749,True,2026-09-29T21:27:07,2026-09-29T21:27:07,2026-09-29T21:27:07
4749,新應材,2023-09-14,265.0,2.5,0.95%,,,,,,,,,ShowDailyK_ChartFlow,FinMind_API_TaiwanStockPrice_4749,True,2026-09-29T21:27:07,2026-09-29T21:27:07,2026-09-29T21:27:07
4749,新應材,2023-09-15,271.5,6.5,2.45%,,,,,,,,,ShowDailyK_ChartFlow,FinMind_API_TaiwanStockPrice_4749,True,2026-09-29T21:27:07,2026-09-29T21:27:07,2026-09-29T21:27:07
4749,新應材,2023-09-18,267.0,-4.5,-1.66%,,,,,,,,,ShowDailyK_ChartFlow,FinMind_API_TaiwanStockPrice_4749,True,2026-09-29T21:27:07,2026-09-29T21:27:07,2026-09-29T21:27:07
4749,新應材,2023-09-19,271.0,4.0,1.50%,,,,,,,,,ShowDailyK_ChartFlow,FinMind_API_TaiwanStockPrice_4749,True,2026-09-29T21:27:07,2026-09-29T21:27:07,2026-09-29T21:27:07
4749,新應材,2023-09-20,265.0,-6.0,-2.21%,,,,,,,,,ShowDailyK_ChartFlow,FinMind_API_TaiwanStockPrice_4749,True,2026-09-29T21:27:07,2026-09-29T21:27:07,2026-09-29T21:27:07
4749,新應材,2023-09-21,267.5,2.5,0.94%,,,,,,,,,ShowDailyK_ChartFlow,FinMind_API_TaiwanStockPrice_4749,True,2026-09-29T21:27:07,2026-09-29T21:27:07,2026-09-29T21:27:07
4749,新應材,2023-09-22,267.0,-0.5,-0.19%,,,,,,,,,ShowDailyK_ChartFlow,FinMind_API_TaiwanStockPrice_4749,True,2026-09-29T21:27:07,2026-09-29T21:27:07,2026-09-29T21:27:07
4749,新應材,2023-09-25,267.5,0.5,0.19%,,,,,,,,,ShowDailyK_ChartFlow,FinMind_API_TaiwanStockPrice_4749,True,2026-09-29T21:27:07,2026-09-29T21:27:07,2026-09-29T21:27:07
4749,新應材,2023-09-26,268.0,0.5,0.19%,,,,,,,,,ShowDailyK_ChartFlow,FinMind_API_TaiwanStockPrice_4749,True,2026-09-29T21:27:07,2026-09-29T21:27:07,2026-09-29T21:27:07
4749,新應材,2023-09-27,268.0,0.0,0.00%,,,,,,,,,ShowDailyK_ChartFlow,FinMind_API_TaiwanStockPrice_4749,True,2026-09-29T21:27:07,2026-09-29T21:27:07,2026-09-29T21:27:07
4749,新應材,2023-09-28,267.0,-1.0,-0.37%,,,,,,,,,ShowDailyK_ChartFlow,FinMind_API_TaiwanStockPrice_4749,True,2026-09-29T21:27:07,2026-09-29T21:27:07,2026-09-29T21:27:07
4749,新應材,2023-10-02,265.5,-1.5,-0.56%,,,,,,,,,ShowDailyK_ChartFlow,FinMind_API_TaiwanStockPrice_4749,True,2026-09-29T21:27:07,2026-09-29T21:27:07,2026-09-29T21:27:07
4749,新應材,2023-10-03,264.5,-1.0,-0.38%,,,,,,,,,ShowDailyK_ChartFlow,FinMind_API_TaiwanStockPrice_4749,True,2026-09-29T21:27:07,2026-09-29T21:27:07,2026-09-29T21:27:07
4749,新應材,2023-10-04,265.0,0.5,0.19%,,,,,,,,,ShowDailyK_ChartFlow,FinMind_API_TaiwanStockPrice_4749,True,2026-09-29T21:27:07,2026-09-29T21:27:07,2026-09-29T21:27:07
4749,新應材,2023-10-05,264.5,-0.5,-0.19%,,,,,,,,,ShowDailyK_ChartFlow,FinMind_API_TaiwanStockPrice_4749,True,2026-09-29T21:27:07,2026-09-29T21:27:07,2026-09-29T21:27:07
4749,新應材,2023-10-06,263.0,-1.5,-0.57%,,,,,,,,,ShowDailyK_ChartFlow,FinMind_API_TaiwanStockPrice_4749,True,2026-09-29T21:27:07,2026-09-29T21:27:07,2026-09-29T21:27:07
4749,新應材,2023-10-11,263.0,0.0,0.00%,,,,,,,,,ShowDailyK_ChartFlow,FinMind_API_TaiwanStockPrice_4749,True,2026-09-29T21:27:07,2026-09-29T21:27:07,2026-09-29T21:27:07
4749,新應材,2023-10-12,264.0,1.0,0.38%,,,,,,,,,ShowDailyK_ChartFlow,FinMind_API_TaiwanStockPrice_4749,True,2026-09-29T21:27:07,2026-09-29T21:27:07,2026-09-29T21:27:07
4749,新應材,2023-10-13,264.5,0.5,0.19%,,,,,,,,,ShowDailyK_ChartFlow,FinMind_API_TaiwanStockPrice_4749,True,2026-09-29T21:27:07,2026-09-29T21:27:07,2026-09-29T21:27:07
4749,新應材,2023-10-16,265.0,0.5,0.19%,,,,,,,,,ShowDailyK_ChartFlow,FinMind_API_TaiwanStockPrice_4749,True,2026-09-29T21:27:07,2026-09-29T21:27:07,2026-09-29T21:27:07
4749,新應材,2023-10-17,270.0,5.0,1.89%,,,,,,,,,ShowDailyK_ChartFlow,FinMind_API_TaiwanStockPrice_4749,True,2026-09-29T21:27:07,2026-09-29T21:27:07,2026-09-29T21:27:07
4749,新應材,2023-10-18,267.0,-3.0,-1.11%,,,,,,,,,ShowDailyK_ChartFlow,FinMind_API_TaiwanStockPrice_4749,True,2026-09-29T21:27:07,2026-09-29T21:27:07,2026-09-29T21:27:07
4749,新應材,2023-10-19,267.5,0.5,0.19%,,,,,,,,,ShowDailyK_ChartFlow,FinMind_API_TaiwanStockPrice_4749,True,2026-09-29T21:27:07,2026-09-29T21:27:07,2026-09-29T21:27:07
4749,新應材,2023-10-20,267.5,0.0,0.00%,,,,,,,,,ShowDailyK_ChartFlow,FinMind_API_TaiwanStockPrice_4749,True,2026-09-29T21:27:07,2026-09-29T21:27:07,2026-09-29T21:27:07
4749,新應材,2023-10-23,263.0,-4.5,-1.68%,,,,,,,,,ShowDailyK_ChartFlow,FinMind_API_TaiwanStockPrice_4749,True,2026-09-29T21:27:07,2026-09-29T21:27:07,2026-09-29T21:27:07
4749,新應材,2023-10-24,262.0,-1.0,-0.38%,,,,,,,,,ShowDailyK_ChartFlow,FinMind_API_TaiwanStockPrice_4749,True,2026-09-29T21:27:07,2026-09-29T21:27:07,2026-09-29T21:27:07
4749,新應材,2023-10-25,264.5,2.5,0.95%,,,,,,,,,ShowDailyK_ChartFlow,FinMind_API_TaiwanStockPrice_4749,True,2026-09-29T21:27:07,2026-09-29T21:27:07,2026-09-29T21:27:07
4749,新應材,2023-10-26,264.5,0.0,0.00%,,,,,,,,,ShowDailyK_ChartFlow,FinMind_API_TaiwanStockPrice_4749,True,2026-09-29T21:27:07,2026-09-29T21:27:07,2026-09-29T21:27:07
4749,新應材,2023-10-27,266.0,1.5,0.57%,,,,,,,,,ShowDailyK_ChartFlow,FinMind_API_TaiwanStockPrice_4749,True,2026-09-29T21:27:07,2026-09-29T21:27:07,2026-09-29T21:27:07
4749,新應材,2023-10-30,268.5,2.5,0.94%,,,,,,,,,ShowDailyK_ChartFlow,FinMind_API_TaiwanStockPrice_4749,True,2026-09-29T21:27:07,2026-09-29T21:27:07,2026-09-29T21:27:07
4749,新應材,2023-10-31,266.0,-2.5,-0.93%,,,,,,,,,ShowDailyK_ChartFlow,FinMind_API_TaiwanStockPrice_4749,True,2026-09-29T21:27:07,2026-09-29T21:27:07,2026-09-29T21:27:07
4749,新應材,2023-11-01,266.0,0.0,0.00%,,,,,,,,,ShowDailyK_ChartFlow,FinMind_API_TaiwanStockPrice_4749,True,2026-09-29T21:27:07,2026-09-29T21:27:07,2026-09-29T21:27:07
4749,新應材,2023-11-02,266.5,0.5,0.19%,,,,,,,,,ShowDailyK_ChartFlow,FinMind_API_TaiwanStockPrice_4749,True,2026-09-29T21:27:07,2026-09-29T21:27:07,2026-09-29T21:27:07
4749,新應材,2023-11-03,266.5,0.0,0.00%,,,,,,,,,ShowDailyK_ChartFlow,FinMind_API_TaiwanStockPrice_4749,True,2026-09-29T21:27:07,2026-09-29T21:27:07,2026-09-29T21:27:07
4749,新應材,2023-11-06,267.5,1.0,0.38%,,,,,,,,,ShowDailyK_ChartFlow,FinMind_API_TaiwanStockPrice_4749,True,2026-09-29T21:27:07,2026-09-29T21:27:07,2026-09-29T21:27:07
4749,新應材,2023-11-07,286.0,18.5,6.92%,,,,,,,,,ShowDailyK_ChartFlow,FinMind_API_TaiwanStockPrice_4749,True,2026-09-29T21:27:07,2026-09-29T21:27:07,2026-09-29T21:27:07
4749,新應材,2023-11-08,292.5,6.5,2.27%,,,,,,,,,ShowDailyK_ChartFlow,FinMind_API_TaiwanStockPrice_4749,True,2026-09-29T21:27:07,2026-09-29T21:27:07,2026-09-29T21:27:07
4749,新應材,2023-11-09,309.0,16.5,5.64%,,,,,,,,,ShowDailyK_ChartFlow,FinMind_API_TaiwanStockPrice_4749,True,2026-09-29T21:27:07,2026-09-29T21:27:07,2026-09-29T21:27:07
4749,新應材,2023-11-10,316.5,7.5,2.43%,,,,,,,,,ShowDailyK_ChartFlow,FinMind_API_TaiwanStockPrice_4749,True,2026-09-29T21:27:07,2026-09-29T21:27:07,2026-09-29T21:27:07
4749,新應材,2023-11-13,299.0,-17.5,-5.53%,,,,,,,,,ShowDailyK_ChartFlow,FinMind_API_TaiwanStockPrice_4749,True,2026-09-29T21:27:07,2026-09-29T21:27:07,2026-09-29T21:27:07
4749,新應材,2023-11-14,306.0,7.0,2.34%,,,,,,,,,ShowDailyK_ChartFlow,FinMind_API_TaiwanStockPrice_4749,True,2026-09-29T21:27:07,2026-09-29T21:27:07,2026-09-29T21:27:07
4749,新應材,2023-11-15,302.5,-3.5,-1.14%,,,,,,,,,ShowDailyK_ChartFlow,FinMind_API_TaiwanStockPrice_4749,True,2026-09-29T21:27:07,2026-09-29T21:27:07,2026-09-29T21:27:07
4749,新應材,2023-11-16,304.5,2.0,0.66%,,,,,,,,,ShowDailyK_ChartFlow,FinMind_API_TaiwanStockPrice_4749,True,2026-09-29T21:27:07,2026-09-29T21:27:07,2026-09-29T21:27:07
4749,新應材,2023-11-17,315.0,10.5,3.45%,,,,,,,,,ShowDailyK_ChartFlow,FinMind_API_TaiwanStockPrice_4749,True,2026-09-29T21:27:07,2026-09-29T21:27:07,2026-09-29T21:27:07
4749,新應材,2023-11-20,333.0,18.0,5.71%,,,,,,,,,ShowDailyK_ChartFlow,FinMind_API_TaiwanStockPrice_4749,True,2026-09-29T21:27:07,2026-09-29T21:27:07,2026-09-29T21:27:07
4749,新應材,2023-11-21,331.5,-1.5,-0.45%,,,,,,,,,ShowDailyK_ChartFlow,FinMind_API_TaiwanStockPrice_4749,True,2026-09-29T21:27:07,2026-09-29T21:27:07,2026-09-29T21:27:07
4749,新應材,2023-11-22,332.0,0.5,0.15%,,,,,,,,,ShowDailyK_ChartFlow,FinMind_API_TaiwanStockPrice_4749,True,2026-09-29T21:27:07,2026-09-29T21:27:07,2026-09-29T21:27:07
4749,新應材,2023-11-23,332.0,0.0,0.00%,,,,,,,,,ShowDailyK_ChartFlow,FinMind_API_TaiwanStockPrice_4749,True,2026-09-29T21:27:07,2026-09-29T21:27:07,2026-09-29T21:27:07
4749,新應材,2023-11-24,342.5,10.5,3.16%,,,,,,,,,ShowDailyK_ChartFlow,FinMind_API_TaiwanStockPrice_4749,True,2026-09-29T21:27:07,2026-09-29T21:27:07,2026-09-29T21:27:07
4749,新應材,2023-11-27,350.5,8.0,2.34%,,,,,,,,,ShowDailyK_ChartFlow,FinMind_API_TaiwanStockPrice_4749,True,2026-09-29T21:27:07,2026-09-29T21:27:07,2026-09-29T21:27:07
4749,新應材,2023-11-28,355.0,4.5,1.28%,,,,,,,,,ShowDailyK_ChartFlow,FinMind_API_TaiwanStockPrice_4749,True,2026-09-29T21:27:07,2026-09-29T21:27:07,2026-09-29T21:27:07
4749,新應材,2023-11-29,361.0,6.0,1.69%,,,,,,,,,ShowDailyK_ChartFlow,FinMind_API_TaiwanStockPrice_4749,True,2026-09-29T21:27:07,2026-09-29T21:27:07,2026-09-29T21:27:07
4749,新應材,2023-11-30,361.5,0.5,0.14%,,,,,,,,,ShowDailyK_ChartFlow,FinMind_API_TaiwanStockPrice_4749,True,2026-09-29T21:27:07,2026-09-29T21:27:07,2026-09-29T21:27:07
4749,新應材,2023-12-01,394.5,33.0,9.13%,,,,,,,,,ShowDailyK_ChartFlow,FinMind_API_TaiwanStockPrice_4749,True,2026-09-29T21:27:07,2026-09-29T21:27:07,2026-09-29T21:27:07
4749,新應材,2023-12-04,400.0,5.5,1.39%,,,,,,,,,ShowDailyK_ChartFlow,FinMind_API_TaiwanStockPrice_4749,True,2026-09-29T21:27:07,2026-09-29T21:27:07,2026-09-29T21:27:07
4749,新應材,2023-12-05,408.5,8.5,2.12%,,,,,,,,,ShowDailyK_ChartFlow,FinMind_API_TaiwanStockPrice_4749,True,2026-09-29T21:27:07,2026-09-29T21:27:07,2026-09-29T21:27:07
4749,新應材,2023-12-06,405.5,-3.0,-0.73%,,,,,,,,,ShowDailyK_ChartFlow,FinMind_API_TaiwanStockPrice_4749,True,2026-09-29T21:27:07,2026-09-29T21:27:07,2026-09-29T21:27:07
4749,新應材,2023-12-07,386.0,-19.5,-4.81%,,,,,,,,,ShowDailyK_ChartFlow,FinMind_API_TaiwanStockPrice_4749,True,2026-09-29T21:27:07,2026-09-29T21:27:07,2026-09-29T21:27:07
4749,新應材,2023-12-08,396.0,10.0,2.59%,,,,,,,,,ShowDailyK_ChartFlow,FinMind_API_TaiwanStockPrice_4749,True,2026-09-29T21:27:07,2026-09-29T21:27:07,2026-09-29T21:27:07
4749,新應材,2023-12-11,394.5,-1.5,-0.38%,,,,,,,,,ShowDailyK_ChartFlow,FinMind_API_TaiwanStockPrice_4749,True,2026-09-29T21:27:07,2026-09-29T21:27:07,2026-09-29T21:27:07
4749,新應材,2023-12-12,395.5,1.0,0.25%,,,,,,,,,ShowDailyK_ChartFlow,FinMind_API_TaiwanStockPrice_4749,True,2026-09-29T21:27:07,2026-09-29T21:27:07,2026-09-29T21:27:07
4749,新應材,2023-12-13,373.5,-22.0,-5.56%,,,,,,,,,ShowDailyK_ChartFlow,FinMind_API_TaiwanStockPrice_4749,True,2026-09-29T21:27:07,2026-09-29T21:27:07,2026-09-29T21:27:07
4749,新應材,2023-12-14,375.5,2.0,0.54%,,,,,,,,,ShowDailyK_ChartFlow,FinMind_API_TaiwanStockPrice_4749,True,2026-09-29T21:27:07,2026-09-29T21:27:07,2026-09-29T21:27:07
4749,新應材,2023-12-15,385.0,9.5,2.53%,,,,,,,,,ShowDailyK_ChartFlow,FinMind_API_TaiwanStockPrice_4749,True,2026-09-29T21:27:07,2026-09-29T21:27:07,2026-09-29T21:27:07
4749,新應材,2023-12-18,389.5,4.5,1.17%,,,,,,,,,ShowDailyK_ChartFlow,FinMind_API_TaiwanStockPrice_4749,True,2026-09-29T21:27:07,2026-09-29T21:27:07,2026-09-29T21:27:07
4749,新應材,2023-12-19,388.5,-1.0,-0.26%,,,,,,,,,ShowDailyK_ChartFlow,FinMind_API_TaiwanStockPrice_4749,True,2026-09-29T21:27:07,2026-09-29T21:27:07,2026-09-29T21:27:07
4749,新應材,2023-12-20,387.5,-1.0,-0.26%,,,,,,,,,ShowDailyK_ChartFlow,FinMind_API_TaiwanStockPrice_4749,True,2026-09-29T21:27:07,2026-09-29T21:27:07,2026-09-29T21:27:07
4749,新應材,2023-12-21,384.5,-3.0,-0.77%,,,,,,,,,ShowDailyK_ChartFlow,FinMind_API_TaiwanStockPrice_4749,True,2026-09-29T21:27:07,2026-09-29T21:27:07,2026-09-29T21:27:07
4749,新應材,2023-12-22,394.0,9.5,2.47%,,,,,,,,,ShowDailyK_ChartFlow,FinMind_API_TaiwanStockPrice_4749,True,2026-09-29T21:27:07,2026-09-29T21:27:07,2026-09-29T21:27:07
4749,新應材,2023-12-25,413.5,19.5,4.95%,,,,,,,,,ShowDailyK_ChartFlow,FinMind_API_TaiwanStockPrice_4749,True,2026-09-29T21:27:07,2026-09-29T21:27:07,2026-09-29T21:27:07
4749,新應材,2023-12-26,414.5,1.0,0.24%,,,,,,,,,ShowDailyK_ChartFlow,FinMind_API_TaiwanStockPrice_4749,True,2026-09-29T21:27:07,2026-09-29T21:27:07,2026-09-29T21:27:07
4749,新應材,2023-12-27,411.5,-3.0,-0.72%,,,,,,,,,ShowDailyK_ChartFlow,FinMind_API_TaiwanStockPrice_4749,True,2026-09-29T21:27:07,2026-09-29T21:27:07,2026-09-29T21:27:07
4749,新應材,2023-12-28,412.0,0.5,0.12%,,,,,,,,,ShowDailyK_ChartFlow,FinMind_API_TaiwanStockPrice_4749,True,2026-09-29T21:27:07,2026-09-29T21:27:07,2026-09-29T21:27:07
4749,新應材,2023-12-29,412.5,0.5,0.12%,,,,,,,,,ShowDailyK_ChartFlow,FinMind_API_TaiwanStockPrice_4749,True,2026-09-29T21:27:07,2026-09-29T21:27:07,2026-09-29T21:27:07
4749,新應材,2024-01-02,403.5,-9.0,-2.18%,,,,,,,,,ShowDailyK_ChartFlow,FinMind_API_TaiwanStockPrice_4749,True,2026-09-29T21:27:07,2026-09-29T21:27:07,2026-09-29T21:27:07
4749,新應材,2024-01-03,395.0,-8.5,-2.11%,,,,,,,,,ShowDailyK_ChartFlow,FinMind_API_TaiwanStockPrice_4749,True,2026-09-29T21:27:07,2026-09-29T21:27:07,2026-09-29T21:27:07
4749,新應材,2024-01-04,395.5,0.5,0.13%,,,,,,,,,ShowDailyK_ChartFlow,FinMind_API_TaiwanStockPrice_4749,True,2026-09-29T21:27:07,2026-09-29T21:27:07,2026-09-29T21:27:07
4749,新應材,2024-01-05,397.5,2.0,0.51%,,,,,,,,,ShowDailyK_ChartFlow,FinMind_API_TaiwanStockPrice_4749,True,2026-09-29T21:27:07,2026-09-29T21:27:07,2026-09-29T21:27:07
4749,新應材,2024-01-08,404.0,6.5,1.64%,,,,,,,,,ShowDailyK_ChartFlow,FinMind_API_TaiwanStockPrice_4749,True,2026-09-29T21:27:07,2026-09-29T21:27:07,2026-09-29T21:27:07
4749,新應材,2024-01-09,423.5,19.5,4.83%,,,,,,,,,ShowDailyK_ChartFlow,FinMind_API_TaiwanStockPrice_4749,True,2026-09-29T21:27:07,2026-09-29T21:27:07,2026-09-29T21:27:07
4749,新應材,2024-01-10,434.5,11.0,2.60%,,,,,,,,,ShowDailyK_ChartFlow,FinMind_API_TaiwanStockPrice_4749,True,2026-09-29T21:27:07,2026-09-29T21:27:07,2026-09-29T21:27:07
4749,新應材,2024-01-11,443.5,9.0,2.07%,,,,,,,,,ShowDailyK_ChartFlow,FinMind_API_TaiwanStockPrice_4749,True,2026-09-29T21:27:07,2026-09-29T21:27:07,2026-09-29T21:27:07
4749,新應材,2024-01-12,439.0,-4.5,-1.01%,,,,,,,,,ShowDailyK_ChartFlow,FinMind_API_TaiwanStockPrice_4749,True,2026-09-29T21:27:07,2026-09-29T21:27:07,2026-09-29T21:27:07
4749,新應材,2024-01-15,437.0,-2.0,-0.46%,,,,,,,,,ShowDailyK_ChartFlow,FinMind_API_TaiwanStockPrice_4749,True,2026-09-29T21:27:07,2026-09-29T21:27:07,2026-09-29T21:27:07
4749,新應材,2024-01-16,431.5,-5.5,-1.26%,,,,,,,,,ShowDailyK_ChartFlow,FinMind_API_TaiwanStockPrice_4749,True,2026-09-29T21:27:07,2026-09-29T21:27:07,2026-09-29T21:27:07
4749,新應材,2024-01-17,431.0,-0.5,-0.12%,,,,,,,,,ShowDailyK_ChartFlow,FinMind_API_TaiwanStockPrice_4749,True,2026-09-29T21:27:07,2026-09-29T21:27:07,2026-09-29T21:27:07
4749,新應材,2024-01-18,427.5,-3.5,-0.81%,,,,,,,,,ShowDailyK_ChartFlow,FinMind_API_TaiwanStockPrice_4749,True,2026-09-29T21:27:07,2026-09-29T21:27:07,2026-09-29T21:27:07
4749,新應材,2024-01-19,449.5,22.0,5.15%,,,,,,,,,ShowDailyK_ChartFlow,FinMind_API_TaiwanStockPrice_4749,True,2026-09-29T21:27:07,2026-09-29T21:27:07,2026-09-29T21:27:07
4749,新應材,2024-01-22,464.5,15.0,3.34%,,,,,,,,,ShowDailyK_ChartFlow,FinMind_API_TaiwanStockPrice_4749,True,2026-09-29T21:27:07,2026-09-29T21:27:07,2026-09-29T21:27:07
4749,新應材,2024-01-23,480.5,16.0,3.44%,,,,,,,,,ShowDailyK_ChartFlow,FinMind_API_TaiwanStockPrice_4749,True,2026-09-29T21:27:07,2026-09-29T21:27:07,2026-09-29T21:27:07
4749,新應材,2024-01-24,484.5,4.0,0.83%,,,,,,,,,ShowDailyK_ChartFlow,FinMind_API_TaiwanStockPrice_4749,True,2026-09-29T21:27:07,2026-09-29T21:27:07,2026-09-29T21:27:07
4749,新應材,2024-01-25,495.0,10.5,2.17%,,,,,,,,,ShowDailyK_ChartFlow,FinMind_API_TaiwanStockPrice_4749,True,2026-09-29T21:27:07,2026-09-29T21:27:07,2026-09-29T21:27:07
4749,新應材,2024-01-26,484.5,-10.5,-2.12%,,,,,,,,,ShowDailyK_ChartFlow,FinMind_API_TaiwanStockPrice_4749,True,2026-09-29T21:27:07,2026-09-29T21:27:07,2026-09-29T21:27:07
4749,新應材,2024-01-29,504.0,19.5,4.02%,,,,,,,,,ShowDailyK_ChartFlow,FinMind_API_TaiwanStockPrice_4749,True,2026-09-29T21:27:07,2026-09-29T21:27:07,2026-09-29T21:27:07
4749,新應材,2024-01-30,543.0,39.0,7.74%,,,,,,,,,ShowDailyK_ChartFlow,FinMind_API_TaiwanStockPrice_4749,True,2026-09-29T21:27:07,2026-09-29T21:27:07,2026-09-29T21:27:07
4749,新應材,2024-01-31,577.0,34.0,6.26%,,,,,,,,,ShowDailyK_ChartFlow,FinMind_API_TaiwanStockPrice_4749,True,2026-09-29T21:27:07,2026-09-29T21:27:07,2026-09-29T21:27:07
4749,新應材,2024-02-01,596.0,19.0,3.29%,,,,,,,,,ShowDailyK_ChartFlow,FinMind_API_TaiwanStockPrice_4749,True,2026-09-29T21:27:07,2026-09-29T21:27:07,2026-09-29T21:27:07
4749,新應材,2024-02-02,579.0,-17.0,-2.85%,,,,,,,,,ShowDailyK_ChartFlow,FinMind_API_TaiwanStockPrice_4749,True,2026-09-29T21:27:07,2026-09-29T21:27:07,2026-09-29T21:27:07
4749,新應材,2024-02-05,600.0,21.0,3.63%,,,,,,,,,ShowDailyK_ChartFlow,FinMind_API_TaiwanStockPrice_4749,True,2026-09-29T21:27:07,2026-09-29T21:27:07,2026-09-29T21:27:07
4749,新應材,2024-02-15,646.0,46.0,7.67%,,,,,,,,,ShowDailyK_ChartFlow,FinMind_API_TaiwanStockPrice_4749,True,2026-09-29T21:27:07,2026-09-29T21:27:07,2026-09-29T21:27:07
4749,新應材,2024-02-16,657.0,11.0,1.70%,,,,,,,,,ShowDailyK_ChartFlow,FinMind_API_TaiwanStockPrice_4749,True,2026-09-29T21:27:07,2026-09-29T21:27:07,2026-09-29T21:27:07
4749,新應材,2024-02-19,698.0,41.0,6.24%,,,,,,,,,ShowDailyK_ChartFlow,FinMind_API_TaiwanStockPrice_4749,True,2026-09-29T21:27:07,2026-09-29T21:27:07,2026-09-29T21:27:07
4749,新應材,2024-02-20,735.0,37.0,5.30%,,,,,,,,,ShowDailyK_ChartFlow,FinMind_API_TaiwanStockPrice_4749,True,2026-09-29T21:27:07,2026-09-29T21:27:07,2026-09-29T21:27:07
4749,新應材,2024-02-21,686.0,-49.0,-6.67%,,,,,,,,,ShowDailyK_ChartFlow,FinMind_API_TaiwanStockPrice_4749,True,2026-09-29T21:27:07,2026-09-29T21:27:07,2026-09-29T21:27:07
4749,新應材,2024-02-22,677.0,-9.0,-1.31%,,,,,,,,,ShowDailyK_ChartFlow,FinMind_API_TaiwanStockPrice_4749,True,2026-09-29T21:27:07,2026-09-29T21:27:07,2026-09-29T21:27:07
4749,新應材,2024-02-23,630.0,-47.0,-6.94%,,,,,,,,,ShowDailyK_ChartFlow,FinMind_API_TaiwanStockPrice_4749,True,2026-09-29T21:27:07,2026-09-29T21:27:07,2026-09-29T21:27:07
4749,新應材,2024-02-26,616.0,-14.0,-2.22%,,,,,,,,,ShowDailyK_ChartFlow,FinMind_API_TaiwanStockPrice_4749,True,2026-09-29T21:27:07,2026-09-29T21:27:07,2026-09-29T21:27:07
4749,新應材,2024-02-27,660.0,44.0,7.14%,,,,,,,,,ShowDailyK_ChartFlow,FinMind_API_TaiwanStockPrice_4749,True,2026-09-29T21:27:07,2026-09-29T21:27:07,2026-09-29T21:27:07
4749,新應材,2024-02-29,685.0,25.0,3.79%,,,,,,,,,ShowDailyK_ChartFlow,FinMind_API_TaiwanStockPrice_4749,True,2026-09-29T21:27:07,2026-09-29T21:27:07,2026-09-29T21:27:07
4749,新應材,2024-03-01,675.0,-10.0,-1.46%,,,,,,,,,ShowDailyK_ChartFlow,FinMind_API_TaiwanStockPrice_4749,True,2026-09-29T21:27:07,2026-09-29T21:27:07,2026-09-29T21:27:07
4749,新應材,2024-03-04,679.0,4.0,0.59%,,,,,,,,,ShowDailyK_ChartFlow,FinMind_API_TaiwanStockPrice_4749,True,2026-09-29T21:27:07,2026-09-29T21:27:07,2026-09-29T21:27:07
4749,新應材,2024-03-05,673.0,-6.0,-0.88%,,,,,,,,,ShowDailyK_ChartFlow,FinMind_API_TaiwanStockPrice_4749,True,2026-09-29T21:27:07,2026-09-29T21:27:07,2026-09-29T21:27:07
4749,新應材,2024-03-06,660.0,-13.0,-1.93%,,,,,,,,,ShowDailyK_ChartFlow,FinMind_API_TaiwanStockPrice_4749,True,2026-09-29T21:27:07,2026-09-29T21:27:07,2026-09-29T21:27:07
4749,新應材,2024-03-07,627.0,-33.0,-5.00%,,,,,,,,,ShowDailyK_ChartFlow,FinMind_API_TaiwanStockPrice_4749,True,2026-09-29T21:27:07,2026-09-29T21:27:07,2026-09-29T21:27:07
4749,新應材,2024-03-08,594.0,-33.0,-5.26%,,,,,,,,,ShowDailyK_ChartFlow,FinMind_API_TaiwanStockPrice_4749,True,2026-09-29T21:27:07,2026-09-29T21:27:07,2026-09-29T21:27:07
4749,新應材,2024-03-11,551.0,-43.0,-7.24%,,,,,,,,,ShowDailyK_ChartFlow,FinMind_API_TaiwanStockPrice_4749,True,2026-09-29T21:27:07,2026-09-29T21:27:07,2026-09-29T21:27:07
4749,新應材,2024-03-12,605.0,54.0,9.80%,,,,,,,,,ShowDailyK_ChartFlow,FinMind_API_TaiwanStockPrice_4749,True,2026-09-29T21:27:07,2026-09-29T21:27:07,2026-09-29T21:27:07
4749,新應材,2024-03-13,592.0,-13.0,-2.15%,,,,,,,,,ShowDailyK_ChartFlow,FinMind_API_TaiwanStockPrice_4749,True,2026-09-29T21:27:07,2026-09-29T21:27:07,2026-09-29T21:27:07
4749,新應材,2024-03-14,572.0,-20.0,-3.38%,,,,,,,,,ShowDailyK_ChartFlow,FinMind_API_TaiwanStockPrice_4749,True,2026-09-29T21:27:07,2026-09-29T21:27:07,2026-09-29T21:27:07
4749,新應材,2024-03-15,569.0,-3.0,-0.52%,,,,,,,,,ShowDailyK_ChartFlow,FinMind_API_TaiwanStockPrice_4749,True,2026-09-29T21:27:07,2026-09-29T21:27:07,2026-09-29T21:27:07
4749,新應材,2024-03-18,590.0,21.0,3.69%,,,,,,,,,ShowDailyK_ChartFlow,FinMind_API_TaiwanStockPrice_4749,True,2026-09-29T21:27:07,2026-09-29T21:27:07,2026-09-29T21:27:07
4749,新應材,2024-03-19,587.0,-3.0,-0.51%,,,,,,,,,ShowDailyK_ChartFlow,FinMind_API_TaiwanStockPrice_4749,True,2026-09-29T21:27:07,2026-09-29T21:27:07,2026-09-29T21:27:07
4749,新應材,2024-03-20,591.0,4.0,0.68%,,,,,,,,,ShowDailyK_ChartFlow,FinMind_API_TaiwanStockPrice_4749,True,2026-09-29T21:27:07,2026-09-29T21:27:07,2026-09-29T21:27:07
4749,新應材,2024-03-21,588.0,-3.0,-0.51%,,,,,,,,,ShowDailyK_ChartFlow,FinMind_API_TaiwanStockPrice_4749,True,2026-09-29T21:27:07,2026-09-29T21:27:07,2026-09-29T21:27:07
4749,新應材,2024-03-22,582.0,-6.0,-1.02%,,,,,,,,,ShowDailyK_ChartFlow,FinMind_API_TaiwanStockPrice_4749,True,2026-09-29T21:27:07,2026-09-29T21:27:07,2026-09-29T21:27:07
4749,新應材,2024-03-25,587.0,5.0,0.86%,,,,,,,,,ShowDailyK_ChartFlow,FinMind_API_TaiwanStockPrice_4749,True,2026-09-29T21:27:07,2026-09-29T21:27:07,2026-09-29T21:27:07
4749,新應材,2024-03-26,580.0,-7.0,-1.19%,,,,,,,,,ShowDailyK_ChartFlow,FinMind_API_TaiwanStockPrice_4749,True,2026-09-29T21:27:07,2026-09-29T21:27:07,2026-09-29T21:27:07
4749,新應材,2024-03-27,569.0,-11.0,-1.90%,,,,,,,,,ShowDailyK_ChartFlow,FinMind_API_TaiwanStockPrice_4749,True,2026-09-29T21:27:07,2026-09-29T21:27:07,2026-09-29T21:27:07
4749,新應材,2024-03-28,569.0,0.0,0.00%,,,,,,,,,ShowDailyK_ChartFlow,FinMind_API_TaiwanStockPrice_4749,True,2026-09-29T21:27:07,2026-09-29T21:27:07,2026-09-29T21:27:07
4749,新應材,2024-03-29,581.0,12.0,2.11%,,,,,,,,,ShowDailyK_ChartFlow,FinMind_API_TaiwanStockPrice_4749,True,2026-09-29T21:27:07,2026-09-29T21:27:07,2026-09-29T21:27:07
4749,新應材,2024-04-01,594.0,13.0,2.24%,,,,,,,,,ShowDailyK_ChartFlow,FinMind_API_TaiwanStockPrice_4749,True,2026-09-29T21:27:07,2026-09-29T21:27:07,2026-09-29T21:27:07
4749,新應材,2024-04-02,614.0,20.0,3.37%,,,,,,,,,ShowDailyK_ChartFlow,FinMind_API_TaiwanStockPrice_4749,True,2026-09-29T21:27:07,2026-09-29T21:27:07,2026-09-29T21:27:07
4749,新應材,2024-04-03,648.0,34.0,5.54%,,,,,,,,,ShowDailyK_ChartFlow,FinMind_API_TaiwanStockPrice_4749,True,2026-09-29T21:27:07,2026-09-29T21:27:07,2026-09-29T21:27:07
4749,新應材,2024-04-08,671.0,23.0,3.55%,,,,,,,,,ShowDailyK_ChartFlow,FinMind_API_TaiwanStockPrice_4749,True,2026-09-29T21:27:07,2026-09-29T21:27:07,2026-09-29T21:27:07
4749,新應材,2024-04-09,650.0,-21.0,-3.13%,,,,,,,,,ShowDailyK_ChartFlow,FinMind_API_TaiwanStockPrice_4749,True,2026-09-29T21:27:07,2026-09-29T21:27:07,2026-09-29T21:27:07
4749,新應材,2024-04-10,658.0,8.0,1.23%,,,,,,,,,ShowDailyK_ChartFlow,FinMind_API_TaiwanStockPrice_4749,True,2026-09-29T21:27:07,2026-09-29T21:27:07,2026-09-29T21:27:07
4749,新應材,2024-04-11,639.0,-19.0,-2.89%,,,,,,,,,ShowDailyK_ChartFlow,FinMind_API_TaiwanStockPrice_4749,True,2026-09-29T21:27:07,2026-09-29T21:27:07,2026-09-29T21:27:07
4749,新應材,2024-04-12,637.0,-2.0,-0.31%,,,,,,,,,ShowDailyK_ChartFlow,FinMind_API_TaiwanStockPrice_4749,True,2026-09-29T21:27:07,2026-09-29T21:27:07,2026-09-29T21:27:07
4749,新應材,2024-04-15,612.0,-25.0,-3.92%,,,,,,,,,ShowDailyK_ChartFlow,FinMind_API_TaiwanStockPrice_4749,True,2026-09-29T21:27:07,2026-09-29T21:27:07,2026-09-29T21:27:07
4749,新應材,2024-04-16,619.0,7.0,1.14%,,,,,,,,,ShowDailyK_ChartFlow,FinMind_API_TaiwanStockPrice_4749,True,2026-09-29T21:27:07,2026-09-29T21:27:07,2026-09-29T21:27:07
4749,新應材,2024-04-17,632.0,13.0,2.10%,,,,,,,,,ShowDailyK_ChartFlow,FinMind_API_TaiwanStockPrice_4749,True,2026-09-29T21:27:07,2026-09-29T21:27:07,2026-09-29T21:27:07
4749,新應材,2024-04-18,628.0,-4.0,-0.63%,,,,,,,,,ShowDailyK_ChartFlow,FinMind_API_TaiwanStockPrice_4749,True,2026-09-29T21:27:07,2026-09-29T21:27:07,2026-09-29T21:27:07
4749,新應材,2024-04-19,598.0,-30.0,-4.78%,,,,,,,,,ShowDailyK_ChartFlow,FinMind_API_TaiwanStockPrice_4749,True,2026-09-29T21:27:07,2026-09-29T21:27:07,2026-09-29T21:27:07
4749,新應材,2024-04-22,568.0,-30.0,-5.02%,,,,,,,,,ShowDailyK_ChartFlow,FinMind_API_TaiwanStockPrice_4749,True,2026-09-29T21:27:07,2026-09-29T21:27:07,2026-09-29T21:27:07
4749,新應材,2024-04-23,572.0,4.0,0.70%,,,,,,,,,ShowDailyK_ChartFlow,FinMind_API_TaiwanStockPrice_4749,True,2026-09-29T21:27:07,2026-09-29T21:27:07,2026-09-29T21:27:07
4749,新應材,2024-04-24,590.0,18.0,3.15%,,,,,,,,,ShowDailyK_ChartFlow,FinMind_API_TaiwanStockPrice_4749,True,2026-09-29T21:27:07,2026-09-29T21:27:07,2026-09-29T21:27:07
4749,新應材,2024-04-25,580.0,-10.0,-1.69%,,,,,,,,,ShowDailyK_ChartFlow,FinMind_API_TaiwanStockPrice_4749,True,2026-09-29T21:27:07,2026-09-29T21:27:07,2026-09-29T21:27:07
4749,新應材,2024-04-26,587.0,7.0,1.21%,,,,,,,,,ShowDailyK_ChartFlow,FinMind_API_TaiwanStockPrice_4749,True,2026-09-29T21:27:07,2026-09-29T21:27:07,2026-09-29T21:27:07
4749,新應材,2024-04-29,588.0,1.0,0.17%,,,,,,,,,ShowDailyK_ChartFlow,FinMind_API_TaiwanStockPrice_4749,True,2026-09-29T21:27:07,2026-09-29T21:27:07,2026-09-29T21:27:07
4749,新應材,2024-04-30,585.0,-3.0,-0.51%,,,,,,,,,ShowDailyK_ChartFlow,FinMind_API_TaiwanStockPrice_4749,True,2026-09-29T21:27:07,2026-09-29T21:27:07,2026-09-29T21:27:07
4749,新應材,2024-05-02,593.0,8.0,1.37%,,,,,,,,,ShowDailyK_ChartFlow,FinMind_API_TaiwanStockPrice_4749,True,2026-09-29T21:27:07,2026-09-29T21:27:07,2026-09-29T21:27:07
4749,新應材,2024-05-03,612.0,19.0,3.20%,,,,,,,,,ShowDailyK_ChartFlow,FinMind_API_TaiwanStockPrice_4749,True,2026-09-29T21:27:07,2026-09-29T21:27:07,2026-09-29T21:27:07
4749,新應材,2024-05-06,624.0,12.0,1.96%,,,,,,,,,ShowDailyK_ChartFlow,FinMind_API_TaiwanStockPrice_4749,True,2026-09-29T21:27:07,2026-09-29T21:27:07,2026-09-29T21:27:07
4749,新應材,2024-05-07,613.0,-11.0,-1.76%,,,,,,,,,ShowDailyK_ChartFlow,FinMind_API_TaiwanStockPrice_4749,True,2026-09-29T21:27:07,2026-09-29T21:27:07,2026-09-29T21:27:07
4749,新應材,2024-05-08,603.0,-10.0,-1.63%,,,,,,,,,ShowDailyK_ChartFlow,FinMind_API_TaiwanStockPrice_4749,True,2026-09-29T21:27:07,2026-09-29T21:27:07,2026-09-29T21:27:07
4749,新應材,2024-05-09,598.0,-5.0,-0.83%,,,,,,,,,ShowDailyK_ChartFlow,FinMind_API_TaiwanStockPrice_4749,True,2026-09-29T21:27:07,2026-09-29T21:27:07,2026-09-29T21:27:07
4749,新應材,2024-05-10,599.0,1.0,0.17%,,,,,,,,,ShowDailyK_ChartFlow,FinMind_API_TaiwanStockPrice_4749,True,2026-09-29T21:27:07,2026-09-29T21:27:07,2026-09-29T21:27:07
4749,新應材,2024-05-13,593.0,-6.0,-1.00%,,,,,,,,,ShowDailyK_ChartFlow,FinMind_API_TaiwanStockPrice_4749,True,2026-09-29T21:27:07,2026-09-29T21:27:07,2026-09-29T21:27:07
4749,新應材,2024-05-14,579.0,-14.0,-2.36%,,,,,,,,,ShowDailyK_ChartFlow,FinMind_API_TaiwanStockPrice_4749,True,2026-09-29T21:27:07,2026-09-29T21:27:07,2026-09-29T21:27:07
4749,新應材,2024-05-15,582.0,3.0,0.52%,,,,,,,,,ShowDailyK_ChartFlow,FinMind_API_TaiwanStockPrice_4749,True,2026-09-29T21:27:07,2026-09-29T21:27:07,2026-09-29T21:27:07
4749,新應材,2024-05-16,586.0,4.0,0.69%,,,,,,,,,ShowDailyK_ChartFlow,FinMind_API_TaiwanStockPrice_4749,True,2026-09-29T21:27:07,2026-09-29T21:27:07,2026-09-29T21:27:07
4749,新應材,2024-05-17,587.0,1.0,0.17%,,,,,,,,,ShowDailyK_ChartFlow,FinMind_API_TaiwanStockPrice_4749,True,2026-09-29T21:27:07,2026-09-29T21:27:07,2026-09-29T21:27:07
4749,新應材,2024-05-20,581.0,-6.0,-1.02%,,,,,,,,,ShowDailyK_ChartFlow,FinMind_API_TaiwanStockPrice_4749,True,2026-09-29T21:27:07,2026-09-29T21:27:07,2026-09-29T21:27:07
4749,新應材,2024-05-21,577.0,-4.0,-0.69%,,,,,,,,,ShowDailyK_ChartFlow,FinMind_API_TaiwanStockPrice_4749,True,2026-09-29T21:27:07,2026-09-29T21:27:07,2026-09-29T21:27:07
4749,新應材,2024-05-22,597.0,20.0,3.47%,,,,,,,,,ShowDailyK_ChartFlow,FinMind_API_TaiwanStockPrice_4749,True,2026-09-29T21:27:07,2026-09-29T21:27:07,2026-09-29T21:27:07
4749,新應材,2024-05-23,593.0,-4.0,-0.67%,,,,,,,,,ShowDailyK_ChartFlow,FinMind_API_TaiwanStockPrice_4749,True,2026-09-29T21:27:07,2026-09-29T21:27:07,2026-09-29T21:27:07
4749,新應材,2024-05-24,578.0,-15.0,-2.53%,,,,,,,,,ShowDailyK_ChartFlow,FinMind_API_TaiwanStockPrice_4749,True,2026-09-29T21:27:07,2026-09-29T21:27:07,2026-09-29T21:27:07
4749,新應材,2024-05-27,579.0,1.0,0.17%,,,,,,,,,ShowDailyK_ChartFlow,FinMind_API_TaiwanStockPrice_4749,True,2026-09-29T21:27:07,2026-09-29T21:27:07,2026-09-29T21:27:07
4749,新應材,2024-05-28,581.0,2.0,0.35%,,,,,,,,,ShowDailyK_ChartFlow,FinMind_API_TaiwanStockPrice_4749,True,2026-09-29T21:27:07,2026-09-29T21:27:07,2026-09-29T21:27:07
4749,新應材,2024-05-29,573.0,-8.0,-1.38%,,,,,,,,,ShowDailyK_ChartFlow,FinMind_API_TaiwanStockPrice_4749,True,2026-09-29T21:27:07,2026-09-29T21:27:07,2026-09-29T21:27:07
4749,新應材,2024-05-30,580.0,7.0,1.22%,,,,,,,,,ShowDailyK_ChartFlow,FinMind_API_TaiwanStockPrice_4749,True,2026-09-29T21:27:07,2026-09-29T21:27:07,2026-09-29T21:27:07
4749,新應材,2024-05-31,583.0,3.0,0.52%,,,,,,,,,ShowDailyK_ChartFlow,FinMind_API_TaiwanStockPrice_4749,True,2026-09-29T21:27:07,2026-09-29T21:27:07,2026-09-29T21:27:07
4749,新應材,2024-06-03,583.0,0.0,0.00%,,,,,,,,,ShowDailyK_ChartFlow,FinMind_API_TaiwanStockPrice_4749,True,2026-09-29T21:27:07,2026-09-29T21:27:07,2026-09-29T21:27:07
4749,新應材,2024-06-04,600.0,17.0,2.92%,,,,,,,,,ShowDailyK_ChartFlow,FinMind_API_TaiwanStockPrice_4749,True,2026-09-29T21:27:07,2026-09-29T21:27:07,2026-09-29T21:27:07
4749,新應材,2024-06-05,614.0,14.0,2.33%,,,,,,,,,ShowDailyK_ChartFlow,FinMind_API_TaiwanStockPrice_4749,True,2026-09-29T21:27:07,2026-09-29T21:27:07,2026-09-29T21:27:07
4749,新應材,2024-06-06,609.0,-5.0,-0.81%,,,,,,,,,ShowDailyK_ChartFlow,FinMind_API_TaiwanStockPrice_4749,True,2026-09-29T21:27:07,2026-09-29T21:27:07,2026-09-29T21:27:07
4749,新應材,2024-06-07,600.0,-9.0,-1.48%,,,,,,,,,ShowDailyK_ChartFlow,FinMind_API_TaiwanStockPrice_4749,True,2026-09-29T21:27:07,2026-09-29T21:27:07,2026-09-29T21:27:07
4749,新應材,2024-06-11,590.0,-10.0,-1.67%,,,,,,,,,ShowDailyK_ChartFlow,FinMind_API_TaiwanStockPrice_4749,True,2026-09-29T21:27:07,2026-09-29T21:27:07,2026-09-29T21:27:07
4749,新應材,2024-06-12,596.0,6.0,1.02%,,,,,,,,,ShowDailyK_ChartFlow,FinMind_API_TaiwanStockPrice_4749,True,2026-09-29T21:27:07,2026-09-29T21:27:07,2026-09-29T21:27:07
4749,新應材,2024-06-13,593.0,-3.0,-0.50%,,,,,,,,,ShowDailyK_ChartFlow,FinMind_API_TaiwanStockPrice_4749,True,2026-09-29T21:27:07,2026-09-29T21:27:07,2026-09-29T21:27:07
4749,新應材,2024-06-14,596.0,3.0,0.51%,,,,,,,,,ShowDailyK_ChartFlow,FinMind_API_TaiwanStockPrice_4749,True,2026-09-29T21:27:07,2026-09-29T21:27:07,2026-09-29T21:27:07
4749,新應材,2024-06-17,595.0,-1.0,-0.17%,,,,,,,,,ShowDailyK_ChartFlow,FinMind_API_TaiwanStockPrice_4749,True,2026-09-29T21:27:07,2026-09-29T21:27:07,2026-09-29T21:27:07
4749,新應材,2024-06-18,600.0,5.0,0.84%,,,,,,,,,ShowDailyK_ChartFlow,FinMind_API_TaiwanStockPrice_4749,True,2026-09-29T21:27:07,2026-09-29T21:27:07,2026-09-29T21:27:07
4749,新應材,2024-06-19,598.0,-2.0,-0.33%,,,,,,,,,ShowDailyK_ChartFlow,FinMind_API_TaiwanStockPrice_4749,True,2026-09-29T21:27:07,2026-09-29T21:27:07,2026-09-29T21:27:07
4749,新應材,2024-06-20,602.0,4.0,0.67%,,,,,,,,,ShowDailyK_ChartFlow,FinMind_API_TaiwanStockPrice_4749,True,2026-09-29T21:27:07,2026-09-29T21:27:07,2026-09-29T21:27:07
4749,新應材,2024-06-21,619.0,17.0,2.82%,,,,,,,,,ShowDailyK_ChartFlow,FinMind_API_TaiwanStockPrice_4749,True,2026-09-29T21:27:07,2026-09-29T21:27:07,2026-09-29T21:27:07
4749,新應材,2024-06-24,593.0,-26.0,-4.20%,,,,,,,,,ShowDailyK_ChartFlow,FinMind_API_TaiwanStockPrice_4749,True,2026-09-29T21:27:07,2026-09-29T21:27:07,2026-09-29T21:27:07
4749,新應材,2024-06-25,590.0,-3.0,-0.51%,,,,,,,,,ShowDailyK_ChartFlow,FinMind_API_TaiwanStockPrice_4749,True,2026-09-29T21:27:07,2026-09-29T21:27:07,2026-09-29T21:27:07
4749,新應材,2024-06-26,590.0,0.0,0.00%,,,,,,,,,ShowDailyK_ChartFlow,FinMind_API_TaiwanStockPrice_4749,True,2026-09-29T21:27:07,2026-09-29T21:27:07,2026-09-29T21:27:07
4749,新應材,2024-06-27,587.0,-3.0,-0.51%,,,,,,,,,ShowDailyK_ChartFlow,FinMind_API_TaiwanStockPrice_4749,True,2026-09-29T21:27:07,2026-09-29T21:27:07,2026-09-29T21:27:07
4749,新應材,2024-06-28,589.0,2.0,0.34%,,,,,,,,,ShowDailyK_ChartFlow,FinMind_API_TaiwanStockPrice_4749,True,2026-09-29T21:27:07,2026-09-29T21:27:07,2026-09-29T21:27:07
4749,新應材,2024-07-01,584.0,-5.0,-0.85%,,,,,,,,,ShowDailyK_ChartFlow,FinMind_API_TaiwanStockPrice_4749,True,2026-09-29T21:27:07,2026-09-29T21:27:07,2026-09-29T21:27:07
4749,新應材,2024-07-02,583.0,-1.0,-0.17%,,,,,,,,,ShowDailyK_ChartFlow,FinMind_API_TaiwanStockPrice_4749,True,2026-09-29T21:27:07,2026-09-29T21:27:07,2026-09-29T21:27:07
4749,新應材,2024-07-03,586.0,3.0,0.51%,,,,,,,,,ShowDailyK_ChartFlow,FinMind_API_TaiwanStockPrice_4749,True,2026-09-29T21:27:07,2026-09-29T21:27:07,2026-09-29T21:27:07
4749,新應材,2024-07-04,594.0,8.0,1.37%,,,,,,,,,ShowDailyK_ChartFlow,FinMind_API_TaiwanStockPrice_4749,True,2026-09-29T21:27:07,2026-09-29T21:27:07,2026-09-29T21:27:07
4749,新應材,2024-07-05,593.0,-1.0,-0.17%,,,,,,,,,ShowDailyK_ChartFlow,FinMind_API_TaiwanStockPrice_4749,True,2026-09-29T21:27:07,2026-09-29T21:27:07,2026-09-29T21:27:07
4749,新應材,2024-07-08,609.0,16.0,2.70%,,,,,,,,,ShowDailyK_ChartFlow,FinMind_API_TaiwanStockPrice_4749,True,2026-09-29T21:27:07,2026-09-29T21:27:07,2026-09-29T21:27:07
4749,新應材,2024-07-09,608.0,-1.0,-0.16%,,,,,,,,,ShowDailyK_ChartFlow,FinMind_API_TaiwanStockPrice_4749,True,2026-09-29T21:27:07,2026-09-29T21:27:07,2026-09-29T21:27:07
4749,新應材,2024-07-10,617.0,9.0,1.48%,,,,,,,,,ShowDailyK_ChartFlow,FinMind_API_TaiwanStockPrice_4749,True,2026-09-29T21:27:07,2026-09-29T21:27:07,2026-09-29T21:27:07
4749,新應材,2024-07-11,626.0,9.0,1.46%,,,,,,,,,ShowDailyK_ChartFlow,FinMind_API_TaiwanStockPrice_4749,True,2026-09-29T21:27:07,2026-09-29T21:27:07,2026-09-29T21:27:07
4749,新應材,2024-07-12,620.0,-6.0,-0.96%,,,,,,,,,ShowDailyK_ChartFlow,FinMind_API_TaiwanStockPrice_4749,True,2026-09-29T21:27:07,2026-09-29T21:27:07,2026-09-29T21:27:07
4749,新應材,2024-07-15,630.0,10.0,1.61%,,,,,,,,,ShowDailyK_ChartFlow,FinMind_API_TaiwanStockPrice_4749,True,2026-09-29T21:27:07,2026-09-29T21:27:07,2026-09-29T21:27:07
4749,新應材,2024-07-16,618.0,-12.0,-1.90%,,,,,,,,,ShowDailyK_ChartFlow,FinMind_API_TaiwanStockPrice_4749,True,2026-09-29T21:27:07,2026-09-29T21:27:07,2026-09-29T21:27:07
4749,新應材,2024-07-17,624.0,6.0,0.97%,,,,,,,,,ShowDailyK_ChartFlow,FinMind_API_TaiwanStockPrice_4749,True,2026-09-29T21:27:07,2026-09-29T21:27:07,2026-09-29T21:27:07
4749,新應材,2024-07-18,609.0,-15.0,-2.40%,,,,,,,,,ShowDailyK_ChartFlow,FinMind_API_TaiwanStockPrice_4749,True,2026-09-29T21:27:07,2026-09-29T21:27:07,2026-09-29T21:27:07
4749,新應材,2024-07-19,608.0,-1.0,-0.16%,,,,,,,,,ShowDailyK_ChartFlow,FinMind_API_TaiwanStockPrice_4749,True,2026-09-29T21:27:07,2026-09-29T21:27:07,2026-09-29T21:27:07
4749,新應材,2024-07-22,587.0,-21.0,-3.45%,,,,,,,,,ShowDailyK_ChartFlow,FinMind_API_TaiwanStockPrice_4749,True,2026-09-29T21:27:07,2026-09-29T21:27:07,2026-09-29T21:27:07
4749,新應材,2024-07-23,596.0,9.0,1.53%,,,,,,,,,ShowDailyK_ChartFlow,FinMind_API_TaiwanStockPrice_4749,True,2026-09-29T21:27:07,2026-09-29T21:27:07,2026-09-29T21:27:07
4749,新應材,2024-07-26,595.0,-1.0,-0.17%,,,,,,,,,ShowDailyK_ChartFlow,FinMind_API_TaiwanStockPrice_4749,True,2026-09-29T21:27:07,2026-09-29T21:27:07,2026-09-29T21:27:07
4749,新應材,2024-07-29,582.0,-13.0,-2.18%,,,,,,,,,ShowDailyK_ChartFlow,FinMind_API_TaiwanStockPrice_4749,True,2026-09-29T21:27:07,2026-09-29T21:27:07,2026-09-29T21:27:07
4749,新應材,2024-07-30,592.0,10.0,1.72%,,,,,,,,,ShowDailyK_ChartFlow,FinMind_API_TaiwanStockPrice_4749,True,2026-09-29T21:27:07,2026-09-29T21:27:07,2026-09-29T21:27:07
4749,新應材,2024-07-31,591.0,-1.0,-0.17%,,,,,,,,,ShowDailyK_ChartFlow,FinMind_API_TaiwanStockPrice_4749,True,2026-09-29T21:27:07,2026-09-29T21:27:07,2026-09-29T21:27:07
4749,新應材,2024-08-01,610.0,19.0,3.21%,,,,,,,,,ShowDailyK_ChartFlow,FinMind_API_TaiwanStockPrice_4749,True,2026-09-29T21:27:07,2026-09-29T21:27:07,2026-09-29T21:27:07
4749,新應材,2024-08-02,589.0,-21.0,-3.44%,,,,,,,,,ShowDailyK_ChartFlow,FinMind_API_TaiwanStockPrice_4749,True,2026-09-29T21:27:07,2026-09-29T21:27:07,2026-09-29T21:27:07
4749,新應材,2024-08-05,498.0,-91.0,-15.45%,,,,,,,,,ShowDailyK_ChartFlow,FinMind_API_TaiwanStockPrice_4749,True,2026-09-29T21:27:07,2026-09-29T21:27:07,2026-09-29T21:27:07
4749,新應材,2024-08-06,540.0,42.0,8.43%,,,,,,,,,ShowDailyK_ChartFlow,FinMind_API_TaiwanStockPrice_4749,True,2026-09-29T21:27:07,2026-09-29T21:27:07,2026-09-29T21:27:07
4749,新應材,2024-08-07,565.0,25.0,4.63%,,,,,,,,,ShowDailyK_ChartFlow,FinMind_API_TaiwanStockPrice_4749,True,2026-09-29T21:27:07,2026-09-29T21:27:07,2026-09-29T21:27:07
4749,新應材,2024-08-08,550.0,-15.0,-2.65%,,,,,,,,,ShowDailyK_ChartFlow,FinMind_API_TaiwanStockPrice_4749,True,2026-09-29T21:27:07,2026-09-29T21:27:07,2026-09-29T21:27:07
4749,新應材,2024-08-09,553.0,3.0,0.55%,,,,,,,,,ShowDailyK_ChartFlow,FinMind_API_TaiwanStockPrice_4749,True,2026-09-29T21:27:07,2026-09-29T21:27:07,2026-09-29T21:27:07
4749,新應材,2024-08-12,544.0,-9.0,-1.63%,,,,,,,,,ShowDailyK_ChartFlow,FinMind_API_TaiwanStockPrice_4749,True,2026-09-29T21:27:07,2026-09-29T21:27:07,2026-09-29T21:27:07
4749,新應材,2024-08-13,544.0,0.0,0.00%,,,,,,,,,ShowDailyK_ChartFlow,FinMind_API_TaiwanStockPrice_4749,True,2026-09-29T21:27:07,2026-09-29T21:27:07,2026-09-29T21:27:07
4749,新應材,2024-08-14,557.0,13.0,2.39%,,,,,,,,,ShowDailyK_ChartFlow,FinMind_API_TaiwanStockPrice_4749,True,2026-09-29T21:27:07,2026-09-29T21:27:07,2026-09-29T21:27:07
4749,新應材,2024-08-15,557.0,0.0,0.00%,,,,,,,,,ShowDailyK_ChartFlow,FinMind_API_TaiwanStockPrice_4749,True,2026-09-29T21:27:07,2026-09-29T21:27:07,2026-09-29T21:27:07
4749,新應材,2024-08-16,589.0,32.0,5.75%,,,,,,,,,ShowDailyK_ChartFlow,FinMind_API_TaiwanStockPrice_4749,True,2026-09-29T21:27:07,2026-09-29T21:27:07,2026-09-29T21:27:07
4749,新應材,2024-08-19,601.0,12.0,2.04%,,,,,,,,,ShowDailyK_ChartFlow,FinMind_API_TaiwanStockPrice_4749,True,2026-09-29T21:27:07,2026-09-29T21:27:07,2026-09-29T21:27:07
4749,新應材,2024-08-20,596.0,-5.0,-0.83%,,,,,,,,,ShowDailyK_ChartFlow,FinMind_API_TaiwanStockPrice_4749,True,2026-09-29T21:27:07,2026-09-29T21:27:07,2026-09-29T21:27:07
4749,新應材,2024-08-21,593.0,-3.0,-0.50%,,,,,,,,,ShowDailyK_ChartFlow,FinMind_API_TaiwanStockPrice_4749,True,2026-09-29T21:27:07,2026-09-29T21:27:07,2026-09-29T21:27:07
4749,新應材,2024-08-22,589.0,-4.0,-0.67%,,,,,,,,,ShowDailyK_ChartFlow,FinMind_API_TaiwanStockPrice_4749,True,2026-09-29T21:27:07,2026-09-29T21:27:07,2026-09-29T21:27:07
4749,新應材,2024-08-23,600.0,11.0,1.87%,,,,,,,,,ShowDailyK_ChartFlow,FinMind_API_TaiwanStockPrice_4749,True,2026-09-29T21:27:07,2026-09-29T21:27:07,2026-09-29T21:27:07
4749,新應材,2024-08-26,595.0,-5.0,-0.83%,,,,,,,,,ShowDailyK_ChartFlow,FinMind_API_TaiwanStockPrice_4749,True,2026-09-29T21:27:07,2026-09-29T21:27:07,2026-09-29T21:27:07
4749,新應材,2024-08-27,591.0,-4.0,-0.67%,,,,,,,,,ShowDailyK_ChartFlow,FinMind_API_TaiwanStockPrice_4749,True,2026-09-29T21:27:07,2026-09-29T21:27:07,2026-09-29T21:27:07
4749,新應材,2024-08-28,592.0,1.0,0.17%,,,,,,,,,ShowDailyK_ChartFlow,FinMind_API_TaiwanStockPrice_4749,True,2026-09-29T21:27:07,2026-09-29T21:27:07,2026-09-29T21:27:07
4749,新應材,2024-08-29,595.0,3.0,0.51%,,,,,,,,,ShowDailyK_ChartFlow,FinMind_API_TaiwanStockPrice_4749,True,2026-09-29T21:27:07,2026-09-29T21:27:07,2026-09-29T21:27:07
4749,新應材,2024-08-30,597.0,2.0,0.34%,,,,,,,,,ShowDailyK_ChartFlow,FinMind_API_TaiwanStockPrice_4749,True,2026-09-29T21:27:07,2026-09-29T21:27:07,2026-09-29T21:27:07
4749,新應材,2024-09-02,612.0,15.0,2.51%,,,,,,,,,ShowDailyK_ChartFlow,FinMind_API_TaiwanStockPrice_4749,True,2026-09-29T21:27:07,2026-09-29T21:27:07,2026-09-29T21:27:07
4749,新應材,2024-09-03,609.0,-3.0,-0.49%,,,,,,,,,ShowDailyK_ChartFlow,FinMind_API_TaiwanStockPrice_4749,True,2026-09-29T21:27:07,2026-09-29T21:27:07,2026-09-29T21:27:07
4749,新應材,2024-09-04,599.0,-10.0,-1.64%,,,,,,,,,ShowDailyK_ChartFlow,FinMind_API_TaiwanStockPrice_4749,True,2026-09-29T21:27:07,2026-09-29T21:27:07,2026-09-29T21:27:07
4749,新應材,2024-09-05,601.0,2.0,0.33%,,,,,,,,,ShowDailyK_ChartFlow,FinMind_API_TaiwanStockPrice_4749,True,2026-09-29T21:27:07,2026-09-29T21:27:07,2026-09-29T21:27:07
4749,新應材,2024-09-06,597.0,-4.0,-0.67%,,,,,,,,,ShowDailyK_ChartFlow,FinMind_API_TaiwanStockPrice_4749,True,2026-09-29T21:27:07,2026-09-29T21:27:07,2026-09-29T21:27:07
4749,新應材,2024-09-09,608.0,11.0,1.84%,,,,,,,,,ShowDailyK_ChartFlow,FinMind_API_TaiwanStockPrice_4749,True,2026-09-29T21:27:07,2026-09-29T21:27:07,2026-09-29T21:27:07
4749,新應材,2024-09-10,597.0,-11.0,-1.81%,,,,,,,,,ShowDailyK_ChartFlow,FinMind_API_TaiwanStockPrice_4749,True,2026-09-29T21:27:07,2026-09-29T21:27:07,2026-09-29T21:27:07
4749,新應材,2024-09-11,600.0,3.0,0.50%,,,,,,,,,ShowDailyK_ChartFlow,FinMind_API_TaiwanStockPrice_4749,True,2026-09-29T21:27:07,2026-09-29T21:27:07,2026-09-29T21:27:07
4749,新應材,2024-09-12,601.0,1.0,0.17%,,,,,,,,,ShowDailyK_ChartFlow,FinMind_API_TaiwanStockPrice_4749,True,2026-09-29T21:27:07,2026-09-29T21:27:07,2026-09-29T21:27:07
4749,新應材,2024-09-13,604.0,3.0,0.50%,,,,,,,,,ShowDailyK_ChartFlow,FinMind_API_TaiwanStockPrice_4749,True,2026-09-29T21:27:07,2026-09-29T21:27:07,2026-09-29T21:27:07
4749,新應材,2024-09-16,610.0,6.0,0.99%,,,,,,,,,ShowDailyK_ChartFlow,FinMind_API_TaiwanStockPrice_4749,True,2026-09-29T21:27:07,2026-09-29T21:27:07,2026-09-29T21:27:07
4749,新應材,2024-09-18,604.0,-6.0,-0.98%,,,,,,,,,ShowDailyK_ChartFlow,FinMind_API_TaiwanStockPrice_4749,True,2026-09-29T21:27:07,2026-09-29T21:27:07,2026-09-29T21:27:07
4749,新應材,2024-09-19,600.0,-4.0,-0.66%,,,,,,,,,ShowDailyK_ChartFlow,FinMind_API_TaiwanStockPrice_4749,True,2026-09-29T21:27:07,2026-09-29T21:27:07,2026-09-29T21:27:07
4749,新應材,2024-09-20,598.0,-2.0,-0.33%,,,,,,,,,ShowDailyK_ChartFlow,FinMind_API_TaiwanStockPrice_4749,True,2026-09-29T21:27:07,2026-09-29T21:27:07,2026-09-29T21:27:07
4749,新應材,2024-09-23,662.0,64.0,10.70%,,,,,,,,,ShowDailyK_ChartFlow,FinMind_API_TaiwanStockPrice_4749,True,2026-09-29T21:27:07,2026-09-29T21:27:07,2026-09-29T21:27:07
4749,新應材,2024-09-24,681.0,19.0,2.87%,,,,,,,,,ShowDailyK_ChartFlow,FinMind_API_TaiwanStockPrice_4749,True,2026-09-29T21:27:07,2026-09-29T21:27:07,2026-09-29T21:27:07
4749,新應材,2024-09-25,677.0,-4.0,-0.59%,,,,,,,,,ShowDailyK_ChartFlow,FinMind_API_TaiwanStockPrice_4749,True,2026-09-29T21:27:07,2026-09-29T21:27:07,2026-09-29T21:27:07
4749,新應材,2024-09-26,658.0,-19.0,-2.81%,,,,,,,,,ShowDailyK_ChartFlow,FinMind_API_TaiwanStockPrice_4749,True,2026-09-29T21:27:07,2026-09-29T21:27:07,2026-09-29T21:27:07
4749,新應材,2024-09-27,671.0,13.0,1.98%,,,,,,,,,ShowDailyK_ChartFlow,FinMind_API_TaiwanStockPrice_4749,True,2026-09-29T21:27:07,2026-09-29T21:27:07,2026-09-29T21:27:07
4749,新應材,2024-09-30,648.0,-23.0,-3.43%,,,,,,,,,ShowDailyK_ChartFlow,FinMind_API_TaiwanStockPrice_4749,True,2026-09-29T21:27:07,2026-09-29T21:27:07,2026-09-29T21:27:07
4749,新應材,2024-10-01,654.0,6.0,0.93%,,,,,,,,,ShowDailyK_ChartFlow,FinMind_API_TaiwanStockPrice_4749,True,2026-09-29T21:27:07,2026-09-29T21:27:07,2026-09-29T21:27:07
4749,新應材,2024-10-04,652.0,-2.0,-0.31%,,,,,,,,,ShowDailyK_ChartFlow,FinMind_API_TaiwanStockPrice_4749,True,2026-09-29T21:27:07,2026-09-29T21:27:07,2026-09-29T21:27:07
4749,新應材,2024-10-07,661.0,9.0,1.38%,,,,,,,,,ShowDailyK_ChartFlow,FinMind_API_TaiwanStockPrice_4749,True,2026-09-29T21:27:07,2026-09-29T21:27:07,2026-09-29T21:27:07
4749,新應材,2024-10-08,651.0,-10.0,-1.51%,,,,,,,,,ShowDailyK_ChartFlow,FinMind_API_TaiwanStockPrice_4749,True,2026-09-29T21:27:07,2026-09-29T21:27:07,2026-09-29T21:27:07
4749,新應材,2024-10-09,663.0,12.0,1.84%,,,,,,,,,ShowDailyK_ChartFlow,FinMind_API_TaiwanStockPrice_4749,True,2026-09-29T21:27:07,2026-09-29T21:27:07,2026-09-29T21:27:07
4749,新應材,2024-10-11,665.0,2.0,0.30%,,,,,,,,,ShowDailyK_ChartFlow,FinMind_API_TaiwanStockPrice_4749,True,2026-09-29T21:27:07,2026-09-29T21:27:07,2026-09-29T21:27:07
4749,新應材,2024-10-14,662.0,-3.0,-0.45%,,,,,,,,,ShowDailyK_ChartFlow,FinMind_API_TaiwanStockPrice_4749,True,2026-09-29T21:27:07,2026-09-29T21:27:07,2026-09-29T21:27:07
4749,新應材,2024-10-15,661.0,-1.0,-0.15%,,,,,,,,,ShowDailyK_ChartFlow,FinMind_API_TaiwanStockPrice_4749,True,2026-09-29T21:27:07,2026-09-29T21:27:07,2026-09-29T21:27:07
4749,新應材,2024-10-16,684.0,23.0,3.48%,,,,,,,,,ShowDailyK_ChartFlow,FinMind_API_TaiwanStockPrice_4749,True,2026-09-29T21:27:07,2026-09-29T21:27:07,2026-09-29T21:27:07
4749,新應材,2024-10-17,695.0,11.0,1.61%,,,,,,,,,ShowDailyK_ChartFlow,FinMind_API_TaiwanStockPrice_4749,True,2026-09-29T21:27:07,2026-09-29T21:27:07,2026-09-29T21:27:07
4749,新應材,2024-10-18,700.0,5.0,0.72%,,,,,,,,,ShowDailyK_ChartFlow,FinMind_API_TaiwanStockPrice_4749,True,2026-09-29T21:27:07,2026-09-29T21:27:07,2026-09-29T21:27:07
4749,新應材,2024-10-21,699.0,-1.0,-0.14%,,,,,,,,,ShowDailyK_ChartFlow,FinMind_API_TaiwanStockPrice_4749,True,2026-09-29T21:27:07,2026-09-29T21:27:07,2026-09-29T21:27:07
4749,新應材,2024-10-22,701.0,2.0,0.29%,,,,,,,,,ShowDailyK_ChartFlow,FinMind_API_TaiwanStockPrice_4749,True,2026-09-29T21:27:07,2026-09-29T21:27:07,2026-09-29T21:27:07
4749,新應材,2024-10-23,718.0,17.0,2.43%,,,,,,,,,ShowDailyK_ChartFlow,FinMind_API_TaiwanStockPrice_4749,True,2026-09-29T21:27:07,2026-09-29T21:27:07,2026-09-29T21:27:07
4749,新應材,2024-10-24,728.0,10.0,1.39%,,,,,,,,,ShowDailyK_ChartFlow,FinMind_API_TaiwanStockPrice_4749,True,2026-09-29T21:27:07,2026-09-29T21:27:07,2026-09-29T21:27:07
4749,新應材,2024-10-25,731.0,3.0,0.41%,,,,,,,,,ShowDailyK_ChartFlow,FinMind_API_TaiwanStockPrice_4749,True,2026-09-29T21:27:07,2026-09-29T21:27:07,2026-09-29T21:27:07
4749,新應材,2024-10-28,755.0,24.0,3.28%,,,,,,,,,ShowDailyK_ChartFlow,FinMind_API_TaiwanStockPrice_4749,True,2026-09-29T21:27:07,2026-09-29T21:27:07,2026-09-29T21:27:07
4749,新應材,2024-10-29,748.0,-7.0,-0.93%,,,,,,,,,ShowDailyK_ChartFlow,FinMind_API_TaiwanStockPrice_4749,True,2026-09-29T21:27:07,2026-09-29T21:27:07,2026-09-29T21:27:07
4749,新應材,2024-10-30,759.0,11.0,1.47%,,,,,,,,,ShowDailyK_ChartFlow,FinMind_API_TaiwanStockPrice_4749,True,2026-09-29T21:27:07,2026-09-29T21:27:07,2026-09-29T21:27:07
4749,新應材,2024-11-01,767.0,8.0,1.05%,,,,,,,,,ShowDailyK_ChartFlow,FinMind_API_TaiwanStockPrice_4749,True,2026-09-29T21:27:07,2026-09-29T21:27:07,2026-09-29T21:27:07
4749,新應材,2024-11-04,778.0,11.0,1.43%,,,,,,,,,ShowDailyK_ChartFlow,FinMind_API_TaiwanStockPrice_4749,True,2026-09-29T21:27:07,2026-09-29T21:27:07,2026-09-29T21:27:07
4749,新應材,2024-11-05,787.0,9.0,1.16%,,,,,,,,,ShowDailyK_ChartFlow,FinMind_API_TaiwanStockPrice_4749,True,2026-09-29T21:27:07,2026-09-29T21:27:07,2026-09-29T21:27:07
4749,新應材,2024-11-06,768.0,-19.0,-2.41%,,,,,,,,,ShowDailyK_ChartFlow,FinMind_API_TaiwanStockPrice_4749,True,2026-09-29T21:27:07,2026-09-29T21:27:07,2026-09-29T21:27:07
4749,新應材,2024-11-07,736.0,-32.0,-4.17%,,,,,,,,,ShowDailyK_ChartFlow,FinMind_API_TaiwanStockPrice_4749,True,2026-09-29T21:27:07,2026-09-29T21:27:07,2026-09-29T21:27:07
4749,新應材,2024-11-08,756.0,20.0,2.72%,,,,,,,,,ShowDailyK_ChartFlow,FinMind_API_TaiwanStockPrice_4749,True,2026-09-29T21:27:07,2026-09-29T21:27:07,2026-09-29T21:27:07
4749,新應材,2024-11-11,773.0,17.0,2.25%,,,,,,,,,ShowDailyK_ChartFlow,FinMind_API_TaiwanStockPrice_4749,True,2026-09-29T21:27:07,2026-09-29T21:27:07,2026-09-29T21:27:07
4749,新應材,2024-11-12,760.0,-13.0,-1.68%,,,,,,,,,ShowDailyK_ChartFlow,FinMind_API_TaiwanStockPrice_4749,True,2026-09-29T21:27:07,2026-09-29T21:27:07,2026-09-29T21:27:07
4749,新應材,2024-11-13,759.0,-1.0,-0.13%,,,,,,,,,ShowDailyK_ChartFlow,FinMind_API_TaiwanStockPrice_4749,True,2026-09-29T21:27:07,2026-09-29T21:27:07,2026-09-29T21:27:07
4749,新應材,2024-11-14,739.0,-20.0,-2.64%,,,,,,,,,ShowDailyK_ChartFlow,FinMind_API_TaiwanStockPrice_4749,True,2026-09-29T21:27:07,2026-09-29T21:27:07,2026-09-29T21:27:07
4749,新應材,2024-11-15,735.0,-4.0,-0.54%,,,,,,,,,ShowDailyK_ChartFlow,FinMind_API_TaiwanStockPrice_4749,True,2026-09-29T21:27:07,2026-09-29T21:27:07,2026-09-29T21:27:07
4749,新應材,2024-11-18,715.0,-20.0,-2.72%,,,,,,,,,ShowDailyK_ChartFlow,FinMind_API_TaiwanStockPrice_4749,True,2026-09-29T21:27:07,2026-09-29T21:27:07,2026-09-29T21:27:07
4749,新應材,2024-11-19,726.0,11.0,1.54%,,,,,,,,,ShowDailyK_ChartFlow,FinMind_API_TaiwanStockPrice_4749,True,2026-09-29T21:27:07,2026-09-29T21:27:07,2026-09-29T21:27:07
4749,新應材,2024-11-20,733.0,7.0,0.96%,,,,,,,,,ShowDailyK_ChartFlow,FinMind_API_TaiwanStockPrice_4749,True,2026-09-29T21:27:07,2026-09-29T21:27:07,2026-09-29T21:27:07
4749,新應材,2024-11-21,726.0,-7.0,-0.95%,,,,,,,,,ShowDailyK_ChartFlow,FinMind_API_TaiwanStockPrice_4749,True,2026-09-29T21:27:07,2026-09-29T21:27:07,2026-09-29T21:27:07
4749,新應材,2024-11-22,730.0,4.0,0.55%,,,,,,,,,ShowDailyK_ChartFlow,FinMind_API_TaiwanStockPrice_4749,True,2026-09-29T21:27:07,2026-09-29T21:27:07,2026-09-29T21:27:07
4749,新應材,2024-11-25,726.0,-4.0,-0.55%,,,,,,,,,ShowDailyK_ChartFlow,FinMind_API_TaiwanStockPrice_4749,True,2026-09-29T21:27:07,2026-09-29T21:27:07,2026-09-29T21:27:07
4749,新應材,2024-11-26,698.0,-28.0,-3.86%,,,,,,,,,ShowDailyK_ChartFlow,FinMind_API_TaiwanStockPrice_4749,True,2026-09-29T21:27:07,2026-09-29T21:27:07,2026-09-29T21:27:07
4749,新應材,2024-11-27,669.0,-29.0,-4.15%,,,,,,,,,ShowDailyK_ChartFlow,FinMind_API_TaiwanStockPrice_4749,True,2026-09-29T21:27:07,2026-09-29T21:27:07,2026-09-29T21:27:07
4749,新應材,2024-11-28,650.0,-19.0,-2.84%,,,,,,,,,ShowDailyK_ChartFlow,FinMind_API_TaiwanStockPrice_4749,True,2026-09-29T21:27:07,2026-09-29T21:27:07,2026-09-29T21:27:07
4749,新應材,2024-11-29,677.0,27.0,4.15%,,,,,,,,,ShowDailyK_ChartFlow,FinMind_API_TaiwanStockPrice_4749,True,2026-09-29T21:27:07,2026-09-29T21:27:07,2026-09-29T21:27:07
4749,新應材,2024-12-02,670.0,-7.0,-1.03%,,,,,,,,,ShowDailyK_ChartFlow,FinMind_API_TaiwanStockPrice_4749,True,2026-09-29T21:27:07,2026-09-29T21:27:07,2026-09-29T21:27:07
4749,新應材,2024-12-03,704.0,34.0,5.07%,,,,,,,,,ShowDailyK_ChartFlow,FinMind_API_TaiwanStockPrice_4749,True,2026-09-29T21:27:07,2026-09-29T21:27:07,2026-09-29T21:27:07
4749,新應材,2024-12-04,712.0,8.0,1.14%,,,,,,,,,ShowDailyK_ChartFlow,FinMind_API_TaiwanStockPrice_4749,True,2026-09-29T21:27:07,2026-09-29T21:27:07,2026-09-29T21:27:07
4749,新應材,2024-12-05,708.0,-4.0,-0.56%,,,,,,,,,ShowDailyK_ChartFlow,FinMind_API_TaiwanStockPrice_4749,True,2026-09-29T21:27:07,2026-09-29T21:27:07,2026-09-29T21:27:07
4749,新應材,2024-12-06,695.0,-13.0,-1.84%,,,,,,,,,ShowDailyK_ChartFlow,FinMind_API_TaiwanStockPrice_4749,True,2026-09-29T21:27:07,2026-09-29T21:27:07,2026-09-29T21:27:07
4749,新應材,2024-12-09,702.0,7.0,1.01%,,,,,,,,,ShowDailyK_ChartFlow,FinMind_API_TaiwanStockPrice_4749,True,2026-09-29T21:27:07,2026-09-29T21:27:07,2026-09-29T21:27:07
4749,新應材,2024-12-10,692.0,-10.0,-1.42%,,,,,,,,,ShowDailyK_ChartFlow,FinMind_API_TaiwanStockPrice_4749,True,2026-09-29T21:27:07,2026-09-29T21:27:07,2026-09-29T21:27:07
4749,新應材,2024-12-11,688.0,-4.0,-0.58%,,,,,,,,,ShowDailyK_ChartFlow,FinMind_API_TaiwanStockPrice_4749,True,2026-09-29T21:27:07,2026-09-29T21:27:07,2026-09-29T21:27:07
4749,新應材,2024-12-12,688.0,0.0,0.00%,,,,,,,,,ShowDailyK_ChartFlow,FinMind_API_TaiwanStockPrice_4749,True,2026-09-29T21:27:07,2026-09-29T21:27:07,2026-09-29T21:27:07
4749,新應材,2024-12-13,679.0,-9.0,-1.31%,,,,,,,,,ShowDailyK_ChartFlow,FinMind_API_TaiwanStockPrice_4749,True,2026-09-29T21:27:07,2026-09-29T21:27:07,2026-09-29T21:27:07
4749,新應材,2024-12-16,661.0,-18.0,-2.65%,,,,,,,,,ShowDailyK_ChartFlow,FinMind_API_TaiwanStockPrice_4749,True,2026-09-29T21:27:07,2026-09-29T21:27:07,2026-09-29T21:27:07
4749,新應材,2024-12-17,657.0,-4.0,-0.61%,,,,,,,,,ShowDailyK_ChartFlow,FinMind_API_TaiwanStockPrice_4749,True,2026-09-29T21:27:07,2026-09-29T21:27:07,2026-09-29T21:27:07
4749,新應材,2024-12-18,684.0,27.0,4.11%,,,,,,,,,ShowDailyK_ChartFlow,FinMind_API_TaiwanStockPrice_4749,True,2026-09-29T21:27:07,2026-09-29T21:27:07,2026-09-29T21:27:07
4749,新應材,2024-12-19,677.0,-7.0,-1.02%,,,,,,,,,ShowDailyK_ChartFlow,FinMind_API_TaiwanStockPrice_4749,True,2026-09-29T21:27:07,2026-09-29T21:27:07,2026-09-29T21:27:07
4749,新應材,2024-12-20,666.0,-11.0,-1.62%,,,,,,,,,ShowDailyK_ChartFlow,FinMind_API_TaiwanStockPrice_4749,True,2026-09-29T21:27:07,2026-09-29T21:27:07,2026-09-29T21:27:07
4749,新應材,2024-12-23,674.0,8.0,1.20%,,,,,,,,,ShowDailyK_ChartFlow,FinMind_API_TaiwanStockPrice_4749,True,2026-09-29T21:27:07,2026-09-29T21:27:07,2026-09-29T21:27:07
4749,新應材,2024-12-24,675.0,1.0,0.15%,,,,,,,,,ShowDailyK_ChartFlow,FinMind_API_TaiwanStockPrice_4749,True,2026-09-29T21:27:07,2026-09-29T21:27:07,2026-09-29T21:27:07
4749,新應材,2024-12-25,672.0,-3.0,-0.44%,,,,,,,,,ShowDailyK_ChartFlow,FinMind_API_TaiwanStockPrice_4749,True,2026-09-29T21:27:07,2026-09-29T21:27:07,2026-09-29T21:27:07
4749,新應材,2024-12-26,661.0,-11.0,-1.64%,,,,,,,,,ShowDailyK_ChartFlow,FinMind_API_TaiwanStockPrice_4749,True,2026-09-29T21:27:07,2026-09-29T21:27:07,2026-09-29T21:27:07
4749,新應材,2024-12-27,666.0,5.0,0.76%,,,,,,,,,ShowDailyK_ChartFlow,FinMind_API_TaiwanStockPrice_4749,True,2026-09-29T21:27:07,2026-09-29T21:27:07,2026-09-29T21:27:07
4749,新應材,2024-12-30,663.0,-3.0,-0.45%,,,,,,,,,ShowDailyK_ChartFlow,FinMind_API_TaiwanStockPrice_4749,True,2026-09-29T21:27:07,2026-09-29T21:27:07,2026-09-29T21:27:07
4749,新應材,2024-12-31,678.0,15.0,2.26%,,,,,,,,,ShowDailyK_ChartFlow,FinMind_API_TaiwanStockPrice_4749,True,2026-09-29T21:27:07,2026-09-29T21:27:07,2026-09-29T21:27:07
4749,新應材,2025-01-02,659.0,-19.0,-2.80%,,,,,,,,,ShowDailyK_ChartFlow,FinMind_API_TaiwanStockPrice_4749,True,2026-09-29T21:27:07,2026-09-29T21:27:07,2026-09-29T21:27:07
4749,新應材,2025-01-03,651.0,-8.0,-1.21%,,,,,,,,,ShowDailyK_ChartFlow,FinMind_API_TaiwanStockPrice_4749,True,2026-09-29T21:27:07,2026-09-29T21:27:07,2026-09-29T21:27:07
4749,新應材,2025-01-06,651.0,0.0,0.00%,,,,,,,,,ShowDailyK_ChartFlow,FinMind_API_TaiwanStockPrice_4749,True,2026-09-29T21:27:07,2026-09-29T21:27:07,2026-09-29T21:27:07
4749,新應材,2025-01-07,636.0,-15.0,-2.30%,,,,,,,,,ShowDailyK_ChartFlow,FinMind_API_TaiwanStockPrice_4749,True,2026-09-29T21:27:07,2026-09-29T21:27:07,2026-09-29T21:27:07
4749,新應材,2025-01-08,622.0,-14.0,-2.20%,,,,,,,,,ShowDailyK_ChartFlow,FinMind_API_TaiwanStockPrice_4749,True,2026-09-29T21:27:07,2026-09-29T21:27:07,2026-09-29T21:27:07
4749,新應材,2025-01-09,618.0,-4.0,-0.64%,,,,,,,,,ShowDailyK_ChartFlow,FinMind_API_TaiwanStockPrice_4749,True,2026-09-29T21:27:07,2026-09-29T21:27:07,2026-09-29T21:27:07
4749,新應材,2025-01-10,618.0,0.0,0.00%,,,,,,,,,ShowDailyK_ChartFlow,FinMind_API_TaiwanStockPrice_4749,True,2026-09-29T21:27:07,2026-09-29T21:27:07,2026-09-29T21:27:07
4749,新應材,2025-01-13,622.0,4.0,0.65%,,,,,,,,,ShowDailyK_ChartFlow,FinMind_API_TaiwanStockPrice_4749,True,2026-09-29T21:27:07,2026-09-29T21:27:07,2026-09-29T21:27:07
4749,新應材,2025-01-14,665.0,43.0,6.91%,,,,,,,,,ShowDailyK_ChartFlow,FinMind_API_TaiwanStockPrice_4749,True,2026-09-29T21:27:07,2026-09-29T21:27:07,2026-09-29T21:27:07
4749,新應材,2025-01-15,667.0,2.0,0.30%,,,,,,,,,ShowDailyK_ChartFlow,FinMind_API_TaiwanStockPrice_4749,True,2026-09-29T21:27:07,2026-09-29T21:27:07,2026-09-29T21:27:07
4749,新應材,2025-01-16,688.0,21.0,3.15%,,,,,,,,,ShowDailyK_ChartFlow,FinMind_API_TaiwanStockPrice_4749,True,2026-09-29T21:27:07,2026-09-29T21:27:07,2026-09-29T21:27:07
4749,新應材,2025-01-17,688.0,0.0,0.00%,,,,,,,,,ShowDailyK_ChartFlow,FinMind_API_TaiwanStockPrice_4749,True,2026-09-29T21:27:07,2026-09-29T21:27:07,2026-09-29T21:27:07
4749,新應材,2025-01-20,765.0,77.0,11.19%,,,,,,,,,ShowDailyK_ChartFlow,FinMind_API_TaiwanStockPrice_4749,True,2026-09-29T21:27:07,2026-09-29T21:27:07,2026-09-29T21:27:07
4749,新應材,2025-01-21,758.0,-7.0,-0.92%,,,,,,,,,ShowDailyK_ChartFlow,FinMind_API_TaiwanStockPrice_4749,True,2026-09-29T21:27:07,2026-09-29T21:27:07,2026-09-29T21:27:07
4749,新應材,2025-01-22,734.0,-24.0,-3.17%,,,,,,,,,ShowDailyK_ChartFlow,FinMind_API_TaiwanStockPrice_4749,True,2026-09-29T21:27:07,2026-09-29T21:27:07,2026-09-29T21:27:07
4749,新應材,2025-02-03,678.0,-56.0,-7.63%,,,,,,,,,ShowDailyK_ChartFlow,FinMind_API_TaiwanStockPrice_4749,True,2026-09-29T21:27:07,2026-09-29T21:27:07,2026-09-29T21:27:07
4749,新應材,2025-02-04,661.0,-17.0,-2.51%,,,,,,,,,ShowDailyK_ChartFlow,FinMind_API_TaiwanStockPrice_4749,True,2026-09-29T21:27:07,2026-09-29T21:27:07,2026-09-29T21:27:07
4749,新應材,2025-02-05,660.0,-1.0,-0.15%,,,,,,,,,ShowDailyK_ChartFlow,FinMind_API_TaiwanStockPrice_4749,True,2026-09-29T21:27:07,2026-09-29T21:27:07,2026-09-29T21:27:07
4749,新應材,2025-02-06,634.0,-26.0,-3.94%,,,,,,,,,ShowDailyK_ChartFlow,FinMind_API_TaiwanStockPrice_4749,True,2026-09-29T21:27:07,2026-09-29T21:27:07,2026-09-29T21:27:07
4749,新應材,2025-02-07,650.0,16.0,2.52%,,,,,,,,,ShowDailyK_ChartFlow,FinMind_API_TaiwanStockPrice_4749,True,2026-09-29T21:27:07,2026-09-29T21:27:07,2026-09-29T21:27:07
4749,新應材,2025-02-10,637.0,-13.0,-2.00%,,,,,,,,,ShowDailyK_ChartFlow,FinMind_API_TaiwanStockPrice_4749,True,2026-09-29T21:27:07,2026-09-29T21:27:07,2026-09-29T21:27:07
4749,新應材,2025-02-11,637.0,0.0,0.00%,,,,,,,,,ShowDailyK_ChartFlow,FinMind_API_TaiwanStockPrice_4749,True,2026-09-29T21:27:07,2026-09-29T21:27:07,2026-09-29T21:27:07
4749,新應材,2025-02-12,630.0,-7.0,-1.10%,,,,,,,,,ShowDailyK_ChartFlow,FinMind_API_TaiwanStockPrice_4749,True,2026-09-29T21:27:07,2026-09-29T21:27:07,2026-09-29T21:27:07
4749,新應材,2025-02-13,625.0,-5.0,-0.79%,,,,,,,,,ShowDailyK_ChartFlow,FinMind_API_TaiwanStockPrice_4749,True,2026-09-29T21:27:07,2026-09-29T21:27:07,2026-09-29T21:27:07
4749,新應材,2025-02-14,623.0,-2.0,-0.32%,,,,,,,,,ShowDailyK_ChartFlow,FinMind_API_TaiwanStockPrice_4749,True,2026-09-29T21:27:07,2026-09-29T21:27:07,2026-09-29T21:27:07
4749,新應材,2025-02-17,662.0,39.0,6.26%,,,,,,,,,ShowDailyK_ChartFlow,FinMind_API_TaiwanStockPrice_4749,True,2026-09-29T21:27:07,2026-09-29T21:27:07,2026-09-29T21:27:07
4749,新應材,2025-02-18,681.0,19.0,2.87%,,,,,,,,,ShowDailyK_ChartFlow,FinMind_API_TaiwanStockPrice_4749,True,2026-09-29T21:27:07,2026-09-29T21:27:07,2026-09-29T21:27:07
4749,新應材,2025-02-19,724.0,43.0,6.31%,,,,,,,,,ShowDailyK_ChartFlow,FinMind_API_TaiwanStockPrice_4749,True,2026-09-29T21:27:07,2026-09-29T21:27:07,2026-09-29T21:27:07
4749,新應材,2025-02-20,696.0,-28.0,-3.87%,,,,,,,,,ShowDailyK_ChartFlow,FinMind_API_TaiwanStockPrice_4749,True,2026-09-29T21:27:07,2026-09-29T21:27:07,2026-09-29T21:27:07
4749,新應材,2025-02-21,692.0,-4.0,-0.57%,,,,,,,,,ShowDailyK_ChartFlow,FinMind_API_TaiwanStockPrice_4749,True,2026-09-29T21:27:07,2026-09-29T21:27:07,2026-09-29T21:27:07
4749,新應材,2025-02-24,687.0,-5.0,-0.72%,,,,,,,,,ShowDailyK_ChartFlow,FinMind_API_TaiwanStockPrice_4749,True,2026-09-29T21:27:07,2026-09-29T21:27:07,2026-09-29T21:27:07
4749,新應材,2025-02-25,686.0,-1.0,-0.15%,,,,,,,,,ShowDailyK_ChartFlow,FinMind_API_TaiwanStockPrice_4749,True,2026-09-29T21:27:07,2026-09-29T21:27:07,2026-09-29T21:27:07
4749,新應材,2025-02-26,688.0,2.0,0.29%,,,,,,,,,ShowDailyK_ChartFlow,FinMind_API_TaiwanStockPrice_4749,True,2026-09-29T21:27:07,2026-09-29T21:27:07,2026-09-29T21:27:07
4749,新應材,2025-02-27,680.0,-8.0,-1.16%,,,,,,,,,ShowDailyK_ChartFlow,FinMind_API_TaiwanStockPrice_4749,True,2026-09-29T21:27:07,2026-09-29T21:27:07,2026-09-29T21:27:07
4749,新應材,2025-03-03,646.0,-34.0,-5.00%,,,,,,,,,ShowDailyK_ChartFlow,FinMind_API_TaiwanStockPrice_4749,True,2026-09-29T21:27:07,2026-09-29T21:27:07,2026-09-29T21:27:07
4749,新應材,2025-03-04,654.0,8.0,1.24%,,,,,,,,,ShowDailyK_ChartFlow,FinMind_API_TaiwanStockPrice_4749,True,2026-09-29T21:27:07,2026-09-29T21:27:07,2026-09-29T21:27:07
4749,新應材,2025-03-05,649.0,-5.0,-0.76%,,,,,,,,,ShowDailyK_ChartFlow,FinMind_API_TaiwanStockPrice_4749,True,2026-09-29T21:27:07,2026-09-29T21:27:07,2026-09-29T21:27:07
4749,新應材,2025-03-06,645.0,-4.0,-0.62%,,,,,,,,,ShowDailyK_ChartFlow,FinMind_API_TaiwanStockPrice_4749,True,2026-09-29T21:27:07,2026-09-29T21:27:07,2026-09-29T21:27:07
4749,新應材,2025-03-07,618.0,-27.0,-4.19%,,,,,,,,,ShowDailyK_ChartFlow,FinMind_API_TaiwanStockPrice_4749,True,2026-09-29T21:27:07,2026-09-29T21:27:07,2026-09-29T21:27:07
4749,新應材,2025-03-10,583.0,-35.0,-5.66%,,,,,,,,,ShowDailyK_ChartFlow,FinMind_API_TaiwanStockPrice_4749,True,2026-09-29T21:27:07,2026-09-29T21:27:07,2026-09-29T21:27:07
4749,新應材,2025-03-11,532.0,-51.0,-8.75%,,,,,,,,,ShowDailyK_ChartFlow,FinMind_API_TaiwanStockPrice_4749,True,2026-09-29T21:27:07,2026-09-29T21:27:07,2026-09-29T21:27:07
4749,新應材,2025-03-12,528.0,-4.0,-0.75%,,,,,,,,,ShowDailyK_ChartFlow,FinMind_API_TaiwanStockPrice_4749,True,2026-09-29T21:27:07,2026-09-29T21:27:07,2026-09-29T21:27:07
4749,新應材,2025-03-13,509.0,-19.0,-3.60%,,,,,,,,,ShowDailyK_ChartFlow,FinMind_API_TaiwanStockPrice_4749,True,2026-09-29T21:27:07,2026-09-29T21:27:07,2026-09-29T21:27:07
4749,新應材,2025-03-14,520.0,11.0,2.16%,,,,,,,,,ShowDailyK_ChartFlow,FinMind_API_TaiwanStockPrice_4749,True,2026-09-29T21:27:07,2026-09-29T21:27:07,2026-09-29T21:27:07
4749,新應材,2025-03-17,518.0,-2.0,-0.38%,,,,,,,,,ShowDailyK_ChartFlow,FinMind_API_TaiwanStockPrice_4749,True,2026-09-29T21:27:07,2026-09-29T21:27:07,2026-09-29T21:27:07
4749,新應材,2025-03-18,540.0,22.0,4.25%,,,,,,,,,ShowDailyK_ChartFlow,FinMind_API_TaiwanStockPrice_4749,True,2026-09-29T21:27:07,2026-09-29T21:27:07,2026-09-29T21:27:07
4749,新應材,2025-03-19,541.0,1.0,0.19%,,,,,,,,,ShowDailyK_ChartFlow,FinMind_API_TaiwanStockPrice_4749,True,2026-09-29T21:27:07,2026-09-29T21:27:07,2026-09-29T21:27:07
4749,新應材,2025-03-20,563.0,22.0,4.07%,,,,,,,,,ShowDailyK_ChartFlow,FinMind_API_TaiwanStockPrice_4749,True,2026-09-29T21:27:07,2026-09-29T21:27:07,2026-09-29T21:27:07
4749,新應材,2025-03-21,566.0,3.0,0.53%,,,,,,,,,ShowDailyK_ChartFlow,FinMind_API_TaiwanStockPrice_4749,True,2026-09-29T21:27:07,2026-09-29T21:27:07,2026-09-29T21:27:07
4749,新應材,2025-03-24,547.0,-19.0,-3.36%,,,,,,,,,ShowDailyK_ChartFlow,FinMind_API_TaiwanStockPrice_4749,True,2026-09-29T21:27:07,2026-09-29T21:27:07,2026-09-29T21:27:07
4749,新應材,2025-03-25,544.0,-3.0,-0.55%,,,,,,,,,ShowDailyK_ChartFlow,FinMind_API_TaiwanStockPrice_4749,True,2026-09-29T21:27:07,2026-09-29T21:27:07,2026-09-29T21:27:07
4749,新應材,2025-03-26,537.0,-7.0,-1.29%,,,,,,,,,ShowDailyK_ChartFlow,FinMind_API_TaiwanStockPrice_4749,True,2026-09-29T21:27:07,2026-09-29T21:27:07,2026-09-29T21:27:07
4749,新應材,2025-03-27,536.0,-1.0,-0.19%,,,,,,,,,ShowDailyK_ChartFlow,FinMind_API_TaiwanStockPrice_4749,True,2026-09-29T21:27:07,2026-09-29T21:27:07,2026-09-29T21:27:07
4749,新應材,2025-03-28,526.0,-10.0,-1.87%,,,,,,,,,ShowDailyK_ChartFlow,FinMind_API_TaiwanStockPrice_4749,True,2026-09-29T21:27:07,2026-09-29T21:27:07,2026-09-29T21:27:07
4749,新應材,2025-03-31,485.0,-41.0,-7.79%,,,,,,,,,ShowDailyK_ChartFlow,FinMind_API_TaiwanStockPrice_4749,True,2026-09-29T21:27:07,2026-09-29T21:27:07,2026-09-29T21:27:07
4749,新應材,2025-04-01,502.0,17.0,3.51%,,,,,,,,,ShowDailyK_ChartFlow,FinMind_API_TaiwanStockPrice_4749,True,2026-09-29T21:27:07,2026-09-29T21:27:07,2026-09-29T21:27:07
4749,新應材,2025-04-02,502.0,0.0,0.00%,,,,,,,,,ShowDailyK_ChartFlow,FinMind_API_TaiwanStockPrice_4749,True,2026-09-29T21:27:07,2026-09-29T21:27:07,2026-09-29T21:27:07
4749,新應材,2025-04-07,452.0,-50.0,-9.96%,,,,,,,,,ShowDailyK_ChartFlow,FinMind_API_TaiwanStockPrice_4749,True,2026-09-29T21:27:07,2026-09-29T21:27:07,2026-09-29T21:27:07
4749,新應材,2025-04-08,407.0,-45.0,-9.96%,,,,,,,,,ShowDailyK_ChartFlow,FinMind_API_TaiwanStockPrice_4749,True,2026-09-29T21:27:07,2026-09-29T21:27:07,2026-09-29T21:27:07
4749,新應材,2025-04-09,366.5,-40.5,-9.95%,,,,,,,,,ShowDailyK_ChartFlow,FinMind_API_TaiwanStockPrice_4749,True,2026-09-29T21:27:07,2026-09-29T21:27:07,2026-09-29T21:27:07
4749,新應材,2025-04-10,403.0,36.5,9.96%,,,,,,,,,ShowDailyK_ChartFlow,FinMind_API_TaiwanStockPrice_4749,True,2026-09-29T21:27:07,2026-09-29T21:27:07,2026-09-29T21:27:07
4749,新應材,2025-04-11,411.5,8.5,2.11%,,,,,,,,,ShowDailyK_ChartFlow,FinMind_API_TaiwanStockPrice_4749,True,2026-09-29T21:27:07,2026-09-29T21:27:07,2026-09-29T21:27:07
4749,新應材,2025-04-14,417.0,5.5,1.34%,,,,,,,,,ShowDailyK_ChartFlow,FinMind_API_TaiwanStockPrice_4749,True,2026-09-29T21:27:07,2026-09-29T21:27:07,2026-09-29T21:27:07
4749,新應材,2025-04-15,453.0,36.0,8.63%,,,,,,,,,ShowDailyK_ChartFlow,FinMind_API_TaiwanStockPrice_4749,True,2026-09-29T21:27:07,2026-09-29T21:27:07,2026-09-29T21:27:07
4749,新應材,2025-04-16,430.0,-23.0,-5.08%,,,,,,,,,ShowDailyK_ChartFlow,FinMind_API_TaiwanStockPrice_4749,True,2026-09-29T21:27:07,2026-09-29T21:27:07,2026-09-29T21:27:07
4749,新應材,2025-04-17,435.0,5.0,1.16%,,,,,,,,,ShowDailyK_ChartFlow,FinMind_API_TaiwanStockPrice_4749,True,2026-09-29T21:27:07,2026-09-29T21:27:07,2026-09-29T21:27:07
4749,新應材,2025-04-18,427.0,-8.0,-1.84%,,,,,,,,,ShowDailyK_ChartFlow,FinMind_API_TaiwanStockPrice_4749,True,2026-09-29T21:27:07,2026-09-29T21:27:07,2026-09-29T21:27:07
4749,新應材,2025-04-21,396.5,-30.5,-7.14%,,,,,,,,,ShowDailyK_ChartFlow,FinMind_API_TaiwanStockPrice_4749,True,2026-09-29T21:27:07,2026-09-29T21:27:07,2026-09-29T21:27:07
4749,新應材,2025-04-22,391.0,-5.5,-1.39%,,,,,,,,,ShowDailyK_ChartFlow,FinMind_API_TaiwanStockPrice_4749,True,2026-09-29T21:27:07,2026-09-29T21:27:07,2026-09-29T21:27:07
4749,新應材,2025-04-23,410.5,19.5,4.99%,,,,,,,,,ShowDailyK_ChartFlow,FinMind_API_TaiwanStockPrice_4749,True,2026-09-29T21:27:07,2026-09-29T21:27:07,2026-09-29T21:27:07
4749,新應材,2025-04-24,408.5,-2.0,-0.49%,,,,,,,,,ShowDailyK_ChartFlow,FinMind_API_TaiwanStockPrice_4749,True,2026-09-29T21:27:07,2026-09-29T21:27:07,2026-09-29T21:27:07
4749,新應材,2025-04-25,426.0,17.5,4.28%,,,,,,,,,ShowDailyK_ChartFlow,FinMind_API_TaiwanStockPrice_4749,True,2026-09-29T21:27:07,2026-09-29T21:27:07,2026-09-29T21:27:07
4749,新應材,2025-04-28,431.0,5.0,1.17%,,,,,,,,,ShowDailyK_ChartFlow,FinMind_API_TaiwanStockPrice_4749,True,2026-09-29T21:27:07,2026-09-29T21:27:07,2026-09-29T21:27:07
4749,新應材,2025-04-29,442.5,11.5,2.67%,,,,,,,,,ShowDailyK_ChartFlow,FinMind_API_TaiwanStockPrice_4749,True,2026-09-29T21:27:07,2026-09-29T21:27:07,2026-09-29T21:27:07
4749,新應材,2025-04-30,436.5,-6.0,-1.36%,,,,,,,,,ShowDailyK_ChartFlow,FinMind_API_TaiwanStockPrice_4749,True,2026-09-29T21:27:07,2026-09-29T21:27:07,2026-09-29T21:27:07
4749,新應材,2025-05-02,457.0,20.5,4.70%,,,,,,,,,ShowDailyK_ChartFlow,FinMind_API_TaiwanStockPrice_4749,True,2026-09-29T21:27:07,2026-09-29T21:27:07,2026-09-29T21:27:07
4749,新應材,2025-05-05,445.5,-11.5,-2.52%,,,,,,,,,ShowDailyK_ChartFlow,FinMind_API_TaiwanStockPrice_4749,True,2026-09-29T21:27:07,2026-09-29T21:27:07,2026-09-29T21:27:07
4749,新應材,2025-05-06,464.0,18.5,4.15%,,,,,,,,,ShowDailyK_ChartFlow,FinMind_API_TaiwanStockPrice_4749,True,2026-09-29T21:27:07,2026-09-29T21:27:07,2026-09-29T21:27:07
4749,新應材,2025-05-07,472.0,8.0,1.72%,,,,,,,,,ShowDailyK_ChartFlow,FinMind_API_TaiwanStockPrice_4749,True,2026-09-29T21:27:07,2026-09-29T21:27:07,2026-09-29T21:27:07
4749,新應材,2025-05-08,488.5,16.5,3.50%,,,,,,,,,ShowDailyK_ChartFlow,FinMind_API_TaiwanStockPrice_4749,True,2026-09-29T21:27:07,2026-09-29T21:27:07,2026-09-29T21:27:07
4749,新應材,2025-05-09,485.5,-3.0,-0.61%,,,,,,,,,ShowDailyK_ChartFlow,FinMind_API_TaiwanStockPrice_4749,True,2026-09-29T21:27:07,2026-09-29T21:27:07,2026-09-29T21:27:07
4749,新應材,2025-05-12,485.5,0.0,0.00%,,,,,,,,,ShowDailyK_ChartFlow,FinMind_API_TaiwanStockPrice_4749,True,2026-09-29T21:27:07,2026-09-29T21:27:07,2026-09-29T21:27:07
4749,新應材,2025-05-13,490.0,4.5,0.93%,,,,,,,,,ShowDailyK_ChartFlow,FinMind_API_TaiwanStockPrice_4749,True,2026-09-29T21:27:07,2026-09-29T21:27:07,2026-09-29T21:27:07
4749,新應材,2025-05-14,539.0,49.0,10.00%,,,,,,,,,ShowDailyK_ChartFlow,FinMind_API_TaiwanStockPrice_4749,True,2026-09-29T21:27:07,2026-09-29T21:27:07,2026-09-29T21:27:07
4749,新應材,2025-05-15,552.0,13.0,2.41%,,,,,,,,,ShowDailyK_ChartFlow,FinMind_API_TaiwanStockPrice_4749,True,2026-09-29T21:27:07,2026-09-29T21:27:07,2026-09-29T21:27:07
4749,新應材,2025-05-16,559.0,7.0,1.27%,,,,,,,,,ShowDailyK_ChartFlow,FinMind_API_TaiwanStockPrice_4749,True,2026-09-29T21:27:07,2026-09-29T21:27:07,2026-09-29T21:27:07
4749,新應材,2025-05-19,563.0,4.0,0.72%,,,,,,,,,ShowDailyK_ChartFlow,FinMind_API_TaiwanStockPrice_4749,True,2026-09-29T21:27:07,2026-09-29T21:27:07,2026-09-29T21:27:07
4749,新應材,2025-05-20,546.0,-17.0,-3.02%,,,,,,,,,ShowDailyK_ChartFlow,FinMind_API_TaiwanStockPrice_4749,True,2026-09-29T21:27:07,2026-09-29T21:27:07,2026-09-29T21:27:07
4749,新應材,2025-05-21,564.0,18.0,3.30%,,,,,,,,,ShowDailyK_ChartFlow,FinMind_API_TaiwanStockPrice_4749,True,2026-09-29T21:27:07,2026-09-29T21:27:07,2026-09-29T21:27:07
4749,新應材,2025-05-22,555.0,-9.0,-1.60%,,,,,,,,,ShowDailyK_ChartFlow,FinMind_API_TaiwanStockPrice_4749,True,2026-09-29T21:27:07,2026-09-29T21:27:07,2026-09-29T21:27:07
4749,新應材,2025-05-23,557.0,2.0,0.36%,,,,,,,,,ShowDailyK_ChartFlow,FinMind_API_TaiwanStockPrice_4749,True,2026-09-29T21:27:07,2026-09-29T21:27:07,2026-09-29T21:27:07
4749,新應材,2025-05-26,565.0,8.0,1.44%,,,,,,,,,ShowDailyK_ChartFlow,FinMind_API_TaiwanStockPrice_4749,True,2026-09-29T21:27:07,2026-09-29T21:27:07,2026-09-29T21:27:07
4749,新應材,2025-05-27,610.0,45.0,7.96%,,,,,,,,,ShowDailyK_ChartFlow,FinMind_API_TaiwanStockPrice_4749,True,2026-09-29T21:27:07,2026-09-29T21:27:07,2026-09-29T21:27:07
4749,新應材,2025-05-28,618.0,8.0,1.31%,,,,,,,,,ShowDailyK_ChartFlow,FinMind_API_TaiwanStockPrice_4749,True,2026-09-29T21:27:07,2026-09-29T21:27:07,2026-09-29T21:27:07
4749,新應材,2025-05-29,637.0,19.0,3.07%,,,,,,,,,ShowDailyK_ChartFlow,FinMind_API_TaiwanStockPrice_4749,True,2026-09-29T21:27:07,2026-09-29T21:27:07,2026-09-29T21:27:07
4749,新應材,2025-06-02,620.0,-17.0,-2.67%,,,,,,,,,ShowDailyK_ChartFlow,FinMind_API_TaiwanStockPrice_4749,True,2026-09-29T21:27:07,2026-09-29T21:27:07,2026-09-29T21:27:07
4749,新應材,2025-06-03,631.0,11.0,1.77%,,,,,,,,,ShowDailyK_ChartFlow,FinMind_API_TaiwanStockPrice_4749,True,2026-09-29T21:27:07,2026-09-29T21:27:07,2026-09-29T21:27:07
4749,新應材,2025-06-04,637.0,6.0,0.95%,,,,,,,,,ShowDailyK_ChartFlow,FinMind_API_TaiwanStockPrice_4749,True,2026-09-29T21:27:07,2026-09-29T21:27:07,2026-09-29T21:27:07
4749,新應材,2025-06-05,633.0,-4.0,-0.63%,,,,,,,,,ShowDailyK_ChartFlow,FinMind_API_TaiwanStockPrice_4749,True,2026-09-29T21:27:07,2026-09-29T21:27:07,2026-09-29T21:27:07
4749,新應材,2025-06-06,640.0,7.0,1.11%,,,,,,,,,ShowDailyK_ChartFlow,FinMind_API_TaiwanStockPrice_4749,True,2026-09-29T21:27:07,2026-09-29T21:27:07,2026-09-29T21:27:07
4749,新應材,2025-06-09,635.0,-5.0,-0.78%,,,,,,,,,ShowDailyK_ChartFlow,FinMind_API_TaiwanStockPrice_4749,True,2026-09-29T21:27:07,2026-09-29T21:27:07,2026-09-29T21:27:07
4749,新應材,2025-06-10,666.0,31.0,4.88%,,,,,,,,,ShowDailyK_ChartFlow,FinMind_API_TaiwanStockPrice_4749,True,2026-09-29T21:27:07,2026-09-29T21:27:07,2026-09-29T21:27:07
4749,新應材,2025-06-11,676.0,10.0,1.50%,,,,,,,,,ShowDailyK_ChartFlow,FinMind_API_TaiwanStockPrice_4749,True,2026-09-29T21:27:07,2026-09-29T21:27:07,2026-09-29T21:27:07
4749,新應材,2025-06-12,669.0,-7.0,-1.04%,,,,,,,,,ShowDailyK_ChartFlow,FinMind_API_TaiwanStockPrice_4749,True,2026-09-29T21:27:07,2026-09-29T21:27:07,2026-09-29T21:27:07
4749,新應材,2025-06-13,660.0,-9.0,-1.35%,,,,,,,,,ShowDailyK_ChartFlow,FinMind_API_TaiwanStockPrice_4749,True,2026-09-29T21:27:07,2026-09-29T21:27:07,2026-09-29T21:27:07
4749,新應材,2025-06-16,651.0,-9.0,-1.36%,,,,,,,,,ShowDailyK_ChartFlow,FinMind_API_TaiwanStockPrice_4749,True,2026-09-29T21:27:07,2026-09-29T21:27:07,2026-09-29T21:27:07
4749,新應材,2025-06-17,667.0,16.0,2.46%,,,,,,,,,ShowDailyK_ChartFlow,FinMind_API_TaiwanStockPrice_4749,True,2026-09-29T21:27:07,2026-09-29T21:27:07,2026-09-29T21:27:07
4749,新應材,2025-06-18,657.0,-10.0,-1.50%,,,,,,,,,ShowDailyK_ChartFlow,FinMind_API_TaiwanStockPrice_4749,True,2026-09-29T21:27:07,2026-09-29T21:27:07,2026-09-29T21:27:07
4749,新應材,2025-06-19,646.0,-11.0,-1.67%,,,,,,,,,ShowDailyK_ChartFlow,FinMind_API_TaiwanStockPrice_4749,True,2026-09-29T21:27:07,2026-09-29T21:27:07,2026-09-29T21:27:07
4749,新應材,2025-06-20,635.0,-11.0,-1.70%,,,,,,,,,ShowDailyK_ChartFlow,FinMind_API_TaiwanStockPrice_4749,True,2026-09-29T21:27:07,2026-09-29T21:27:07,2026-09-29T21:27:07
4749,新應材,2025-06-23,631.0,-4.0,-0.63%,,,,,,,,,ShowDailyK_ChartFlow,FinMind_API_TaiwanStockPrice_4749,True,2026-09-29T21:27:07,2026-09-29T21:27:07,2026-09-29T21:27:07
4749,新應材,2025-06-24,641.0,10.0,1.58%,,,,,,,,,ShowDailyK_ChartFlow,FinMind_API_TaiwanStockPrice_4749,True,2026-09-29T21:27:07,2026-09-29T21:27:07,2026-09-29T21:27:07
4749,新應材,2025-06-25,662.0,21.0,3.28%,,,,,,,,,ShowDailyK_ChartFlow,FinMind_API_TaiwanStockPrice_4749,True,2026-09-29T21:27:07,2026-09-29T21:27:07,2026-09-29T21:27:07
4749,新應材,2025-06-26,654.0,-8.0,-1.21%,,,,,,,,,ShowDailyK_ChartFlow,FinMind_API_TaiwanStockPrice_4749,True,2026-09-29T21:27:07,2026-09-29T21:27:07,2026-09-29T21:27:07
4749,新應材,2025-06-27,653.0,-1.0,-0.15%,,,,,,,,,ShowDailyK_ChartFlow,FinMind_API_TaiwanStockPrice_4749,True,2026-09-29T21:27:07,2026-09-29T21:27:07,2026-09-29T21:27:07
4749,新應材,2025-06-30,640.0,-13.0,-1.99%,,,,,,,,,ShowDailyK_ChartFlow,FinMind_API_TaiwanStockPrice_4749,True,2026-09-29T21:27:07,2026-09-29T21:27:07,2026-09-29T21:27:07
4749,新應材,2025-07-01,627.0,-13.0,-2.03%,,,,,,,,,ShowDailyK_ChartFlow,FinMind_API_TaiwanStockPrice_4749,True,2026-09-29T21:27:07,2026-09-29T21:27:07,2026-09-29T21:27:07
4749,新應材,2025-07-02,625.0,-2.0,-0.32%,,,,,,,,,ShowDailyK_ChartFlow,FinMind_API_TaiwanStockPrice_4749,True,2026-09-29T21:27:07,2026-09-29T21:27:07,2026-09-29T21:27:07
4749,新應材,2025-07-03,617.0,-8.0,-1.28%,,,,,,,,,ShowDailyK_ChartFlow,FinMind_API_TaiwanStockPrice_4749,True,2026-09-29T21:27:07,2026-09-29T21:27:07,2026-09-29T21:27:07
4749,新應材,2025-07-04,596.0,-21.0,-3.40%,,,,,,,,,ShowDailyK_ChartFlow,FinMind_API_TaiwanStockPrice_4749,True,2026-09-29T21:27:07,2026-09-29T21:27:07,2026-09-29T21:27:07
4749,新應材,2025-07-07,588.0,-8.0,-1.34%,,,,,,,,,ShowDailyK_ChartFlow,FinMind_API_TaiwanStockPrice_4749,True,2026-09-29T21:27:07,2026-09-29T21:27:07,2026-09-29T21:27:07
4749,新應材,2025-07-08,571.0,-17.0,-2.89%,,,,,,,,,ShowDailyK_ChartFlow,FinMind_API_TaiwanStockPrice_4749,True,2026-09-29T21:27:07,2026-09-29T21:27:07,2026-09-29T21:27:07
4749,新應材,2025-07-09,608.0,37.0,6.48%,,,,,,,,,ShowDailyK_ChartFlow,FinMind_API_TaiwanStockPrice_4749,True,2026-09-29T21:27:07,2026-09-29T21:27:07,2026-09-29T21:27:07
4749,新應材,2025-07-10,602.0,-6.0,-0.99%,,,,,,,,,ShowDailyK_ChartFlow,FinMind_API_TaiwanStockPrice_4749,True,2026-09-29T21:27:07,2026-09-29T21:27:07,2026-09-29T21:27:07
4749,新應材,2025-07-11,617.0,15.0,2.49%,,,,,,,,,ShowDailyK_ChartFlow,FinMind_API_TaiwanStockPrice_4749,True,2026-09-29T21:27:07,2026-09-29T21:27:07,2026-09-29T21:27:07
4749,新應材,2025-07-14,603.0,-14.0,-2.27%,,,,,,,,,ShowDailyK_ChartFlow,FinMind_API_TaiwanStockPrice_4749,True,2026-09-29T21:27:07,2026-09-29T21:27:07,2026-09-29T21:27:07
4749,新應材,2025-07-15,613.0,10.0,1.66%,,,,,,,,,ShowDailyK_ChartFlow,FinMind_API_TaiwanStockPrice_4749,True,2026-09-29T21:27:07,2026-09-29T21:27:07,2026-09-29T21:27:07
4749,新應材,2025-07-16,614.0,1.0,0.16%,,,,,,,,,ShowDailyK_ChartFlow,FinMind_API_TaiwanStockPrice_4749,True,2026-09-29T21:27:07,2026-09-29T21:27:07,2026-09-29T21:27:07
4749,新應材,2025-07-17,619.0,5.0,0.81%,,,,,,,,,ShowDailyK_ChartFlow,FinMind_API_TaiwanStockPrice_4749,True,2026-09-29T21:27:07,2026-09-29T21:27:07,2026-09-29T21:27:07
4749,新應材,2025-07-18,625.0,6.0,0.97%,,,,,,,,,ShowDailyK_ChartFlow,FinMind_API_TaiwanStockPrice_4749,True,2026-09-29T21:27:07,2026-09-29T21:27:07,2026-09-29T21:27:07
4749,新應材,2025-07-21,621.0,-4.0,-0.64%,,,,,,,,,ShowDailyK_ChartFlow,FinMind_API_TaiwanStockPrice_4749,True,2026-09-29T21:27:07,2026-09-29T21:27:07,2026-09-29T21:27:07
4749,新應材,2025-07-22,605.0,-16.0,-2.58%,,,,,,,,,ShowDailyK_ChartFlow,FinMind_API_TaiwanStockPrice_4749,True,2026-09-29T21:27:07,2026-09-29T21:27:07,2026-09-29T21:27:07
4749,新應材,2025-07-23,641.0,36.0,5.95%,,,,,,,,,ShowDailyK_ChartFlow,FinMind_API_TaiwanStockPrice_4749,True,2026-09-29T21:27:07,2026-09-29T21:27:07,2026-09-29T21:27:07
4749,新應材,2025-07-24,643.0,2.0,0.31%,,,,,,,,,ShowDailyK_ChartFlow,FinMind_API_TaiwanStockPrice_4749,True,2026-09-29T21:27:07,2026-09-29T21:27:07,2026-09-29T21:27:07
4749,新應材,2025-07-25,627.0,-16.0,-2.49%,,,,,,,,,ShowDailyK_ChartFlow,FinMind_API_TaiwanStockPrice_4749,True,2026-09-29T21:27:07,2026-09-29T21:27:07,2026-09-29T21:27:07
4749,新應材,2025-07-28,630.0,3.0,0.48%,,,,,,,,,ShowDailyK_ChartFlow,FinMind_API_TaiwanStockPrice_4749,True,2026-09-29T21:27:07,2026-09-29T21:27:07,2026-09-29T21:27:07
4749,新應材,2025-07-29,619.0,-11.0,-1.75%,,,,,,,,,ShowDailyK_ChartFlow,FinMind_API_TaiwanStockPrice_4749,True,2026-09-29T21:27:07,2026-09-29T21:27:07,2026-09-29T21:27:07
4749,新應材,2025-07-30,641.0,22.0,3.55%,,,,,,,,,ShowDailyK_ChartFlow,FinMind_API_TaiwanStockPrice_4749,True,2026-09-29T21:27:07,2026-09-29T21:27:07,2026-09-29T21:27:07
4749,新應材,2025-07-31,660.0,19.0,2.96%,,,,,,,,,ShowDailyK_ChartFlow,FinMind_API_TaiwanStockPrice_4749,True,2026-09-29T21:27:07,2026-09-29T21:27:07,2026-09-29T21:27:07
4749,新應材,2025-08-01,650.0,-10.0,-1.52%,,,,,,,,,ShowDailyK_ChartFlow,FinMind_API_TaiwanStockPrice_4749,True,2026-09-29T21:27:07,2026-09-29T21:27:07,2026-09-29T21:27:07
4749,新應材,2025-08-04,630.0,-20.0,-3.08%,,,,,,,,,ShowDailyK_ChartFlow,FinMind_API_TaiwanStockPrice_4749,True,2026-09-29T21:27:07,2026-09-29T21:27:07,2026-09-29T21:27:07
4749,新應材,2025-08-05,634.0,4.0,0.63%,,,,,,,,,ShowDailyK_ChartFlow,FinMind_API_TaiwanStockPrice_4749,True,2026-09-29T21:27:07,2026-09-29T21:27:07,2026-09-29T21:27:07
4749,新應材,2025-08-06,646.0,12.0,1.89%,,,,,,,,,ShowDailyK_ChartFlow,FinMind_API_TaiwanStockPrice_4749,True,2026-09-29T21:27:07,2026-09-29T21:27:07,2026-09-29T21:27:07
4749,新應材,2025-08-07,674.0,28.0,4.33%,,,,,,,,,ShowDailyK_ChartFlow,FinMind_API_TaiwanStockPrice_4749,True,2026-09-29T21:27:07,2026-09-29T21:27:07,2026-09-29T21:27:07
4749,新應材,2025-08-08,655.0,-19.0,-2.82%,,,,,,,,,ShowDailyK_ChartFlow,FinMind_API_TaiwanStockPrice_4749,True,2026-09-29T21:27:07,2026-09-29T21:27:07,2026-09-29T21:27:07
4749,新應材,2025-08-11,647.0,-8.0,-1.22%,,,,,,,,,ShowDailyK_ChartFlow,FinMind_API_TaiwanStockPrice_4749,True,2026-09-29T21:27:07,2026-09-29T21:27:07,2026-09-29T21:27:07
4749,新應材,2025-08-12,649.0,2.0,0.31%,,,,,,,,,ShowDailyK_ChartFlow,FinMind_API_TaiwanStockPrice_4749,True,2026-09-29T21:27:07,2026-09-29T21:27:07,2026-09-29T21:27:07
4749,新應材,2025-08-13,665.0,16.0,2.47%,,,,,,,,,ShowDailyK_ChartFlow,FinMind_API_TaiwanStockPrice_4749,True,2026-09-29T21:27:07,2026-09-29T21:27:07,2026-09-29T21:27:07
4749,新應材,2025-08-14,664.0,-1.0,-0.15%,,,,,,,,,ShowDailyK_ChartFlow,FinMind_API_TaiwanStockPrice_4749,True,2026-09-29T21:27:07,2026-09-29T21:27:07,2026-09-29T21:27:07
4749,新應材,2025-08-15,655.0,-9.0,-1.36%,,,,,,,,,ShowDailyK_ChartFlow,FinMind_API_TaiwanStockPrice_4749,True,2026-09-29T21:27:07,2026-09-29T21:27:07,2026-09-29T21:27:07
4749,新應材,2025-08-18,670.0,15.0,2.29%,,,,,,,,,ShowDailyK_ChartFlow,FinMind_API_TaiwanStockPrice_4749,True,2026-09-29T21:27:07,2026-09-29T21:27:07,2026-09-29T21:27:07
4749,新應材,2025-08-19,687.0,17.0,2.54%,,,,,,,,,ShowDailyK_ChartFlow,FinMind_API_TaiwanStockPrice_4749,True,2026-09-29T21:27:07,2026-09-29T21:27:07,2026-09-29T21:27:07
4749,新應材,2025-08-20,662.0,-25.0,-3.64%,,,,,,,,,ShowDailyK_ChartFlow,FinMind_API_TaiwanStockPrice_4749,True,2026-09-29T21:27:07,2026-09-29T21:27:07,2026-09-29T21:27:07
4749,新應材,2025-08-21,666.0,4.0,0.60%,,,,,,,,,ShowDailyK_ChartFlow,FinMind_API_TaiwanStockPrice_4749,True,2026-09-29T21:27:07,2026-09-29T21:27:07,2026-09-29T21:27:07
4749,新應材,2025-08-22,668.0,2.0,0.30%,,,,,,,,,ShowDailyK_ChartFlow,FinMind_API_TaiwanStockPrice_4749,True,2026-09-29T21:27:07,2026-09-29T21:27:07,2026-09-29T21:27:07
4749,新應材,2025-08-25,734.0,66.0,9.88%,,,,,,,,,ShowDailyK_ChartFlow,FinMind_API_TaiwanStockPrice_4749,True,2026-09-29T21:27:07,2026-09-29T21:27:07,2026-09-29T21:27:07
4749,新應材,2025-08-26,745.0,11.0,1.50%,,,,,,,,,ShowDailyK_ChartFlow,FinMind_API_TaiwanStockPrice_4749,True,2026-09-29T21:27:07,2026-09-29T21:27:07,2026-09-29T21:27:07
4749,新應材,2025-08-27,786.0,41.0,5.50%,,,,,,,,,ShowDailyK_ChartFlow,FinMind_API_TaiwanStockPrice_4749,True,2026-09-29T21:27:07,2026-09-29T21:27:07,2026-09-29T21:27:07
4749,新應材,2025-08-28,789.0,3.0,0.38%,,,,,,,,,ShowDailyK_ChartFlow,FinMind_API_TaiwanStockPrice_4749,True,2026-09-29T21:27:07,2026-09-29T21:27:07,2026-09-29T21:27:07
4749,新應材,2025-08-29,800.0,11.0,1.39%,,,,,,,,,ShowDailyK_ChartFlow,FinMind_API_TaiwanStockPrice_4749,True,2026-09-29T21:27:07,2026-09-29T21:27:07,2026-09-29T21:27:07
4749,新應材,2025-09-01,835.0,35.0,4.38%,,,,,,,,,ShowDailyK_ChartFlow,FinMind_API_TaiwanStockPrice_4749,True,2026-09-29T21:27:07,2026-09-29T21:27:07,2026-09-29T21:27:07
4749,新應材,2025-09-02,817.0,-18.0,-2.16%,,,,,,,,,ShowDailyK_ChartFlow,FinMind_API_TaiwanStockPrice_4749,True,2026-09-29T21:27:07,2026-09-29T21:27:07,2026-09-29T21:27:07
4749,新應材,2025-09-03,829.0,12.0,1.47%,,,,,,,,,ShowDailyK_ChartFlow,FinMind_API_TaiwanStockPrice_4749,True,2026-09-29T21:27:07,2026-09-29T21:27:07,2026-09-29T21:27:07
4749,新應材,2025-09-04,840.0,11.0,1.33%,,,,,,,,,ShowDailyK_ChartFlow,FinMind_API_TaiwanStockPrice_4749,True,2026-09-29T21:27:07,2026-09-29T21:27:07,2026-09-29T21:27:07
4749,新應材,2025-09-05,878.0,38.0,4.52%,,,,,,,,,ShowDailyK_ChartFlow,FinMind_API_TaiwanStockPrice_4749,True,2026-09-29T21:27:07,2026-09-29T21:27:07,2026-09-29T21:27:07
4749,新應材,2025-09-08,903.0,25.0,2.85%,,,,,,,,,ShowDailyK_ChartFlow,FinMind_API_TaiwanStockPrice_4749,True,2026-09-29T21:27:07,2026-09-29T21:27:07,2026-09-29T21:27:07
4749,新應材,2025-09-09,895.0,-8.0,-0.89%,,,,,,,,,ShowDailyK_ChartFlow,FinMind_API_TaiwanStockPrice_4749,True,2026-09-29T21:27:07,2026-09-29T21:27:07,2026-09-29T21:27:07
4749,新應材,2025-09-10,881.0,-14.0,-1.56%,,,,,,,,,ShowDailyK_ChartFlow,FinMind_API_TaiwanStockPrice_4749,True,2026-09-29T21:27:07,2026-09-29T21:27:07,2026-09-29T21:27:07
4749,新應材,2025-09-11,858.0,-23.0,-2.61%,,,,,,,,,ShowDailyK_ChartFlow,FinMind_API_TaiwanStockPrice_4749,True,2026-09-29T21:27:07,2026-09-29T21:27:07,2026-09-29T21:27:07
4749,新應材,2025-09-12,885.0,27.0,3.15%,,,,,,,,,ShowDailyK_ChartFlow,FinMind_API_TaiwanStockPrice_4749,True,2026-09-29T21:27:07,2026-09-29T21:27:07,2026-09-29T21:27:07
4749,新應材,2025-09-15,851.0,-34.0,-3.84%,,,,,,,,,ShowDailyK_ChartFlow,FinMind_API_TaiwanStockPrice_4749,True,2026-09-29T21:27:07,2026-09-29T21:27:07,2026-09-29T21:27:07
4749,新應材,2025-09-16,862.0,11.0,1.29%,,,,,,,,,ShowDailyK_ChartFlow,FinMind_API_TaiwanStockPrice_4749,True,2026-09-29T21:27:07,2026-09-29T21:27:07,2026-09-29T21:27:07
4749,新應材,2025-09-17,845.0,-17.0,-1.97%,,,,,,,,,ShowDailyK_ChartFlow,FinMind_API_TaiwanStockPrice_4749,True,2026-09-29T21:27:07,2026-09-29T21:27:07,2026-09-29T21:27:07
4749,新應材,2025-09-18,860.0,15.0,1.78%,,,,,,,,,ShowDailyK_ChartFlow,FinMind_API_TaiwanStockPrice_4749,True,2026-09-29T21:27:07,2026-09-29T21:27:07,2026-09-29T21:27:07
4749,新應材,2025-09-19,863.0,3.0,0.35%,,,,,,,,,ShowDailyK_ChartFlow,FinMind_API_TaiwanStockPrice_4749,True,2026-09-29T21:27:07,2026-09-29T21:27:07,2026-09-29T21:27:07
4749,新應材,2025-09-22,860.0,-3.0,-0.35%,,,,,,,,,ShowDailyK_ChartFlow,FinMind_API_TaiwanStockPrice_4749,True,2026-09-29T21:27:07,2026-09-29T21:27:07,2026-09-29T21:27:07
4749,新應材,2025-09-23,877.0,17.0,1.98%,,,,,,,,,ShowDailyK_ChartFlow,FinMind_API_TaiwanStockPrice_4749,True,2026-09-29T21:27:07,2026-09-29T21:27:07,2026-09-29T21:27:07
4749,新應材,2025-09-24,915.0,38.0,4.33%,,,,,,,,,ShowDailyK_ChartFlow,FinMind_API_TaiwanStockPrice_4749,True,2026-09-29T21:27:07,2026-09-29T21:27:07,2026-09-29T21:27:07
4749,新應材,2025-09-25,901.0,-14.0,-1.53%,,,,,,,,,ShowDailyK_ChartFlow,FinMind_API_TaiwanStockPrice_4749,True,2026-09-29T21:27:07,2026-09-29T21:27:07,2026-09-29T21:27:07
4749,新應材,2025-09-26,902.0,1.0,0.11%,,,,,,,,,ShowDailyK_ChartFlow,FinMind_API_TaiwanStockPrice_4749,True,2026-09-29T21:27:07,2026-09-29T21:27:07,2026-09-29T21:27:07
4749,新應材,2025-09-30,890.0,-12.0,-1.33%,,,,,,,,,ShowDailyK_ChartFlow,FinMind_API_TaiwanStockPrice_4749,True,2026-09-29T21:27:07,2026-09-29T21:27:07,2026-09-29T21:27:07
4749,新應材,2025-10-01,884.0,-6.0,-0.67%,,,,,,,,,ShowDailyK_ChartFlow,FinMind_API_TaiwanStockPrice_4749,True,2026-09-29T21:27:07,2026-09-29T21:27:07,2026-09-29T21:27:07
4749,新應材,2025-10-02,880.0,-4.0,-0.45%,,,,,,,,,ShowDailyK_ChartFlow,FinMind_API_TaiwanStockPrice_4749,True,2026-09-29T21:27:07,2026-09-29T21:27:07,2026-09-29T21:27:07
4749,新應材,2025-10-03,893.0,13.0,1.48%,,,,,,,,,ShowDailyK_ChartFlow,FinMind_API_TaiwanStockPrice_4749,True,2026-09-29T21:27:07,2026-09-29T21:27:07,2026-09-29T21:27:07
4749,新應材,2025-10-07,890.0,-3.0,-0.34%,,,,,,,,,ShowDailyK_ChartFlow,FinMind_API_TaiwanStockPrice_4749,True,2026-09-29T21:27:07,2026-09-29T21:27:07,2026-09-29T21:27:07
4749,新應材,2025-10-08,885.0,-5.0,-0.56%,,,,,,,,,ShowDailyK_ChartFlow,FinMind_API_TaiwanStockPrice_4749,True,2026-09-29T21:27:07,2026-09-29T21:27:07,2026-09-29T21:27:07
4749,新應材,2025-10-09,874.0,-11.0,-1.24%,,,,,,,,,ShowDailyK_ChartFlow,FinMind_API_TaiwanStockPrice_4749,True,2026-09-29T21:27:07,2026-09-29T21:27:07,2026-09-29T21:27:07
4749,新應材,2025-10-13,889.0,15.0,1.72%,,,,,,,,,ShowDailyK_ChartFlow,FinMind_API_TaiwanStockPrice_4749,True,2026-09-29T21:27:07,2026-09-29T21:27:07,2026-09-29T21:27:07
4749,新應材,2025-10-14,880.0,-9.0,-1.01%,,,,,,,,,ShowDailyK_ChartFlow,FinMind_API_TaiwanStockPrice_4749,True,2026-09-29T21:27:07,2026-09-29T21:27:07,2026-09-29T21:27:07
4749,新應材,2025-10-15,917.0,37.0,4.20%,,,,,,,,,ShowDailyK_ChartFlow,FinMind_API_TaiwanStockPrice_4749,True,2026-09-29T21:27:07,2026-09-29T21:27:07,2026-09-29T21:27:07
4749,新應材,2025-10-16,929.0,12.0,1.31%,,,,,,,,,ShowDailyK_ChartFlow,FinMind_API_TaiwanStockPrice_4749,True,2026-09-29T21:27:07,2026-09-29T21:27:07,2026-09-29T21:27:07
4749,新應材,2025-10-17,905.0,-24.0,-2.58%,,,,,,,,,ShowDailyK_ChartFlow,FinMind_API_TaiwanStockPrice_4749,True,2026-09-29T21:27:07,2026-09-29T21:27:07,2026-09-29T21:27:07
4749,新應材,2025-10-20,890.0,-15.0,-1.66%,,,,,,,,,ShowDailyK_ChartFlow,FinMind_API_TaiwanStockPrice_4749,True,2026-09-29T21:27:07,2026-09-29T21:27:07,2026-09-29T21:27:07
4749,新應材,2025-10-21,878.0,-12.0,-1.35%,,,,,,,,,ShowDailyK_ChartFlow,FinMind_API_TaiwanStockPrice_4749,True,2026-09-29T21:27:07,2026-09-29T21:27:07,2026-09-29T21:27:07
4749,新應材,2025-10-22,864.0,-14.0,-1.59%,,,,,,,,,ShowDailyK_ChartFlow,FinMind_API_TaiwanStockPrice_4749,True,2026-09-29T21:27:07,2026-09-29T21:27:07,2026-09-29T21:27:07
4749,新應材,2025-10-23,852.0,-12.0,-1.39%,,,,,,,,,ShowDailyK_ChartFlow,FinMind_API_TaiwanStockPrice_4749,True,2026-09-29T21:27:07,2026-09-29T21:27:07,2026-09-29T21:27:07
4749,新應材,2025-10-27,852.0,0.0,0.00%,,,,,,,,,ShowDailyK_ChartFlow,FinMind_API_TaiwanStockPrice_4749,True,2026-09-29T21:27:07,2026-09-29T21:27:07,2026-09-29T21:27:07
4749,新應材,2025-10-28,867.0,15.0,1.76%,,,,,,,,,ShowDailyK_ChartFlow,FinMind_API_TaiwanStockPrice_4749,True,2026-09-29T21:27:07,2026-09-29T21:27:07,2026-09-29T21:27:07
4749,新應材,2025-10-29,874.0,7.0,0.81%,,,,,,,,,ShowDailyK_ChartFlow,FinMind_API_TaiwanStockPrice_4749,True,2026-09-29T21:27:07,2026-09-29T21:27:07,2026-09-29T21:27:07
4749,新應材,2025-10-30,863.0,-11.0,-1.26%,,,,,,,,,ShowDailyK_ChartFlow,FinMind_API_TaiwanStockPrice_4749,True,2026-09-29T21:27:07,2026-09-29T21:27:07,2026-09-29T21:27:07
4749,新應材,2025-10-31,891.0,28.0,3.24%,,,,,,,,,ShowDailyK_ChartFlow,FinMind_API_TaiwanStockPrice_4749,True,2026-09-29T21:27:07,2026-09-29T21:27:07,2026-09-29T21:27:07
4749,新應材,2025-11-03,870.0,-21.0,-2.36%,,,,,,,,,ShowDailyK_ChartFlow,FinMind_API_TaiwanStockPrice_4749,True,2026-09-29T21:27:07,2026-09-29T21:27:07,2026-09-29T21:27:07
4749,新應材,2025-11-04,850.0,-20.0,-2.30%,,,,,,,,,ShowDailyK_ChartFlow,FinMind_API_TaiwanStockPrice_4749,True,2026-09-29T21:27:07,2026-09-29T21:27:07,2026-09-29T21:27:07
4749,新應材,2025-11-05,835.0,-15.0,-1.76%,,,,,,,,,ShowDailyK_ChartFlow,FinMind_API_TaiwanStockPrice_4749,True,2026-09-29T21:27:07,2026-09-29T21:27:07,2026-09-29T21:27:07
4749,新應材,2025-11-06,843.0,8.0,0.96%,,,,,,,,,ShowDailyK_ChartFlow,FinMind_API_TaiwanStockPrice_4749,True,2026-09-29T21:27:07,2026-09-29T21:27:07,2026-09-29T21:27:07
4749,新應材,2025-11-07,816.0,-27.0,-3.20%,,,,,,,,,ShowDailyK_ChartFlow,FinMind_API_TaiwanStockPrice_4749,True,2026-09-29T21:27:07,2026-09-29T21:27:07,2026-09-29T21:27:07
4749,新應材,2025-11-10,802.0,-14.0,-1.72%,,,,,,,,,ShowDailyK_ChartFlow,FinMind_API_TaiwanStockPrice_4749,True,2026-09-29T21:27:07,2026-09-29T21:27:07,2026-09-29T21:27:07
4749,新應材,2025-11-11,800.0,-2.0,-0.25%,,,,,,,,,ShowDailyK_ChartFlow,FinMind_API_TaiwanStockPrice_4749,True,2026-09-29T21:27:07,2026-09-29T21:27:07,2026-09-29T21:27:07
4749,新應材,2025-11-12,818.0,18.0,2.25%,,,,,,,,,ShowDailyK_ChartFlow,FinMind_API_TaiwanStockPrice_4749,True,2026-09-29T21:27:07,2026-09-29T21:27:07,2026-09-29T21:27:07
4749,新應材,2025-11-13,809.0,-9.0,-1.10%,,,,,,,,,ShowDailyK_ChartFlow,FinMind_API_TaiwanStockPrice_4749,True,2026-09-29T21:27:07,2026-09-29T21:27:07,2026-09-29T21:27:07
4749,新應材,2025-11-14,775.0,-34.0,-4.20%,,,,,,,,,ShowDailyK_ChartFlow,FinMind_API_TaiwanStockPrice_4749,True,2026-09-29T21:27:07,2026-09-29T21:27:07,2026-09-29T21:27:07
4749,新應材,2025-11-17,753.0,-22.0,-2.84%,,,,,,,,,ShowDailyK_ChartFlow,FinMind_API_TaiwanStockPrice_4749,True,2026-09-29T21:27:07,2026-09-29T21:27:07,2026-09-29T21:27:07
4749,新應材,2025-11-18,754.0,1.0,0.13%,,,,,,,,,ShowDailyK_ChartFlow,FinMind_API_TaiwanStockPrice_4749,True,2026-09-29T21:27:07,2026-09-29T21:27:07,2026-09-29T21:27:07
4749,新應材,2025-11-19,739.0,-15.0,-1.99%,,,,,,,,,ShowDailyK_ChartFlow,FinMind_API_TaiwanStockPrice_4749,True,2026-09-29T21:27:07,2026-09-29T21:27:07,2026-09-29T21:27:07
4749,新應材,2025-11-20,779.0,40.0,5.41%,,,,,,,,,ShowDailyK_ChartFlow,FinMind_API_TaiwanStockPrice_4749,True,2026-09-29T21:27:07,2026-09-29T21:27:07,2026-09-29T21:27:07
4749,新應材,2025-11-21,737.0,-42.0,-5.39%,,,,,,,,,ShowDailyK_ChartFlow,FinMind_API_TaiwanStockPrice_4749,True,2026-09-29T21:27:07,2026-09-29T21:27:07,2026-09-29T21:27:07
4749,新應材,2025-11-24,773.0,36.0,4.88%,,,,,,,,,ShowDailyK_ChartFlow,FinMind_API_TaiwanStockPrice_4749,True,2026-09-29T21:27:07,2026-09-29T21:27:07,2026-09-29T21:27:07
4749,新應材,2025-11-25,771.0,-2.0,-0.26%,,,,,,,,,ShowDailyK_ChartFlow,FinMind_API_TaiwanStockPrice_4749,True,2026-09-29T21:27:07,2026-09-29T21:27:07,2026-09-29T21:27:07
4749,新應材,2025-11-26,789.0,18.0,2.33%,,,,,,,,,ShowDailyK_ChartFlow,FinMind_API_TaiwanStockPrice_4749,True,2026-09-29T21:27:07,2026-09-29T21:27:07,2026-09-29T21:27:07
4749,新應材,2025-11-27,796.0,7.0,0.89%,,,,,,,,,ShowDailyK_ChartFlow,FinMind_API_TaiwanStockPrice_4749,True,2026-09-29T21:27:07,2026-09-29T21:27:07,2026-09-29T21:27:07
4749,新應材,2025-11-28,818.0,22.0,2.76%,,,,,,,,,ShowDailyK_ChartFlow,FinMind_API_TaiwanStockPrice_4749,True,2026-09-29T21:27:07,2026-09-29T21:27:07,2026-09-29T21:27:07
4749,新應材,2025-12-01,798.0,-20.0,-2.44%,,,,,,,,,ShowDailyK_ChartFlow,FinMind_API_TaiwanStockPrice_4749,True,2026-09-29T21:27:07,2026-09-29T21:27:07,2026-09-29T21:27:07
4749,新應材,2025-12-02,797.0,-1.0,-0.13%,,,,,,,,,ShowDailyK_ChartFlow,FinMind_API_TaiwanStockPrice_4749,True,2026-09-29T21:27:07,2026-09-29T21:27:07,2026-09-29T21:27:07
4749,新應材,2025-12-03,799.0,2.0,0.25%,,,,,,,,,ShowDailyK_ChartFlow,FinMind_API_TaiwanStockPrice_4749,True,2026-09-29T21:27:07,2026-09-29T21:27:07,2026-09-29T21:27:07
4749,新應材,2025-12-04,794.0,-5.0,-0.63%,,,,,,,,,ShowDailyK_ChartFlow,FinMind_API_TaiwanStockPrice_4749,True,2026-09-29T21:27:07,2026-09-29T21:27:07,2026-09-29T21:27:07
4749,新應材,2025-12-05,794.0,0.0,0.00%,,,,,,,,,ShowDailyK_ChartFlow,FinMind_API_TaiwanStockPrice_4749,True,2026-09-29T21:27:07,2026-09-29T21:27:07,2026-09-29T21:27:07
4749,新應材,2025-12-08,798.0,4.0,0.50%,,,,,,,,,ShowDailyK_ChartFlow,FinMind_API_TaiwanStockPrice_4749,True,2026-09-29T21:27:07,2026-09-29T21:27:07,2026-09-29T21:27:07
4749,新應材,2025-12-09,790.0,-8.0,-1.00%,,,,,,,,,ShowDailyK_ChartFlow,FinMind_API_TaiwanStockPrice_4749,True,2026-09-29T21:27:07,2026-09-29T21:27:07,2026-09-29T21:27:07
4749,新應材,2025-12-10,793.0,3.0,0.38%,,,,,,,,,ShowDailyK_ChartFlow,FinMind_API_TaiwanStockPrice_4749,True,2026-09-29T21:27:07,2026-09-29T21:27:07,2026-09-29T21:27:07
4749,新應材,2025-12-11,806.0,13.0,1.64%,,,,,,,,,ShowDailyK_ChartFlow,FinMind_API_TaiwanStockPrice_4749,True,2026-09-29T21:27:07,2026-09-29T21:27:07,2026-09-29T21:27:07
4749,新應材,2025-12-12,819.0,13.0,1.61%,,,,,,,,,ShowDailyK_ChartFlow,FinMind_API_TaiwanStockPrice_4749,True,2026-09-29T21:27:07,2026-09-29T21:27:07,2026-09-29T21:27:07
4749,新應材,2025-12-15,793.0,-26.0,-3.17%,,,,,,,,,ShowDailyK_ChartFlow,FinMind_API_TaiwanStockPrice_4749,True,2026-09-29T21:27:07,2026-09-29T21:27:07,2026-09-29T21:27:07
4749,新應材,2025-12-16,775.0,-18.0,-2.27%,,,,,,,,,ShowDailyK_ChartFlow,FinMind_API_TaiwanStockPrice_4749,True,2026-09-29T21:27:07,2026-09-29T21:27:07,2026-09-29T21:27:07
4749,新應材,2025-12-17,770.0,-5.0,-0.65%,,,,,,,,,ShowDailyK_ChartFlow,FinMind_API_TaiwanStockPrice_4749,True,2026-09-29T21:27:07,2026-09-29T21:27:07,2026-09-29T21:27:07
4749,新應材,2025-12-18,762.0,-8.0,-1.04%,,,,,,,,,ShowDailyK_ChartFlow,FinMind_API_TaiwanStockPrice_4749,True,2026-09-29T21:27:07,2026-09-29T21:27:07,2026-09-29T21:27:07
4749,新應材,2025-12-19,788.0,26.0,3.41%,,,,,,,,,ShowDailyK_ChartFlow,FinMind_API_TaiwanStockPrice_4749,True,2026-09-29T21:27:07,2026-09-29T21:27:07,2026-09-29T21:27:07
4749,新應材,2025-12-22,814.0,26.0,3.30%,,,,,,,,,ShowDailyK_ChartFlow,FinMind_API_TaiwanStockPrice_4749,True,2026-09-29T21:27:07,2026-09-29T21:27:07,2026-09-29T21:27:07
4749,新應材,2025-12-23,816.0,2.0,0.25%,,,,,,,,,ShowDailyK_ChartFlow,FinMind_API_TaiwanStockPrice_4749,True,2026-09-29T21:27:07,2026-09-29T21:27:07,2026-09-29T21:27:07
4749,新應材,2025-12-24,820.0,4.0,0.49%,,,,,,,,,ShowDailyK_ChartFlow,FinMind_API_TaiwanStockPrice_4749,True,2026-09-29T21:27:07,2026-09-29T21:27:07,2026-09-29T21:27:07
4749,新應材,2025-12-26,813.0,-7.0,-0.85%,,,,,,,,,ShowDailyK_ChartFlow,FinMind_API_TaiwanStockPrice_4749,True,2026-09-29T21:27:07,2026-09-29T21:27:07,2026-09-29T21:27:07
4749,新應材,2025-12-29,823.0,10.0,1.23%,,,,,,,,,ShowDailyK_ChartFlow,FinMind_API_TaiwanStockPrice_4749,True,2026-09-29T21:27:07,2026-09-29T21:27:07,2026-09-29T21:27:07
4749,新應材,2025-12-30,828.0,5.0,0.61%,,,,,,,,,ShowDailyK_ChartFlow,FinMind_API_TaiwanStockPrice_4749,True,2026-09-29T21:27:07,2026-09-29T21:27:07,2026-09-29T21:27:07
4749,新應材,2025-12-31,877.0,49.0,5.92%,,,,,,,,,ShowDailyK_ChartFlow,FinMind_API_TaiwanStockPrice_4749,True,2026-09-29T21:27:07,2026-09-29T21:27:07,2026-09-29T21:27:07
4749,新應材,2026-01-02,940.0,63.0,7.18%,,,,,,,,,ShowDailyK_ChartFlow,FinMind_API_TaiwanStockPrice_4749,True,2026-09-29T21:27:07,2026-09-29T21:27:07,2026-09-29T21:27:07
4749,新應材,2026-01-05,961.0,21.0,2.23%,,,,,,,,,ShowDailyK_ChartFlow,FinMind_API_TaiwanStockPrice_4749,True,2026-09-29T21:27:07,2026-09-29T21:27:07,2026-09-29T21:27:07
4749,新應材,2026-01-06,964.0,3.0,0.31%,,,,,,,,,ShowDailyK_ChartFlow,FinMind_API_TaiwanStockPrice_4749,True,2026-09-29T21:27:07,2026-09-29T21:27:07,2026-09-29T21:27:07
4749,新應材,2026-01-07,950.0,-14.0,-1.45%,,,,,,,,,ShowDailyK_ChartFlow,FinMind_API_TaiwanStockPrice_4749,True,2026-09-29T21:27:07,2026-09-29T21:27:07,2026-09-29T21:27:07
4749,新應材,2026-01-08,910.0,-40.0,-4.21%,,,,,,,,,ShowDailyK_ChartFlow,FinMind_API_TaiwanStockPrice_4749,True,2026-09-29T21:27:07,2026-09-29T21:27:07,2026-09-29T21:27:07
4749,新應材,2026-01-09,919.0,9.0,0.99%,,,,,,,,,ShowDailyK_ChartFlow,FinMind_API_TaiwanStockPrice_4749,True,2026-09-29T21:27:07,2026-09-29T21:27:07,2026-09-29T21:27:07
4749,新應材,2026-01-12,930.0,11.0,1.20%,,,,,,,,,ShowDailyK_ChartFlow,FinMind_API_TaiwanStockPrice_4749,True,2026-09-29T21:27:07,2026-09-29T21:27:07,2026-09-29T21:27:07
4749,新應材,2026-01-13,917.0,-13.0,-1.40%,,,,,,,,,ShowDailyK_ChartFlow,FinMind_API_TaiwanStockPrice_4749,True,2026-09-29T21:27:07,2026-09-29T21:27:07,2026-09-29T21:27:07
4749,新應材,2026-01-14,913.0,-4.0,-0.44%,,,,,,,,,ShowDailyK_ChartFlow,FinMind_API_TaiwanStockPrice_4749,True,2026-09-29T21:27:07,2026-09-29T21:27:07,2026-09-29T21:27:07
4749,新應材,2026-01-15,907.0,-6.0,-0.66%,,,,,,,,,ShowDailyK_ChartFlow,FinMind_API_TaiwanStockPrice_4749,True,2026-09-29T21:27:07,2026-09-29T21:27:07,2026-09-29T21:27:07
4749,新應材,2026-01-16,892.0,-15.0,-1.65%,,,,,,,,,ShowDailyK_ChartFlow,FinMind_API_TaiwanStockPrice_4749,True,2026-09-29T21:27:07,2026-09-29T21:27:07,2026-09-29T21:27:07
4749,新應材,2026-01-19,859.0,-33.0,-3.70%,,,,,,,,,ShowDailyK_ChartFlow,FinMind_API_TaiwanStockPrice_4749,True,2026-09-29T21:27:07,2026-09-29T21:27:07,2026-09-29T21:27:07
4749,新應材,2026-01-20,858.0,-1.0,-0.12%,,,,,,,,,ShowDailyK_ChartFlow,FinMind_API_TaiwanStockPrice_4749,True,2026-09-29T21:27:07,2026-09-29T21:27:07,2026-09-29T21:27:07
4749,新應材,2026-01-21,843.0,-15.0,-1.75%,,,,,,,,,ShowDailyK_ChartFlow,FinMind_API_TaiwanStockPrice_4749,True,2026-09-29T21:27:07,2026-09-29T21:27:07,2026-09-29T21:27:07
4749,新應材,2026-01-22,844.0,1.0,0.12%,,,,,,,,,ShowDailyK_ChartFlow,FinMind_API_TaiwanStockPrice_4749,True,2026-09-29T21:27:07,2026-09-29T21:27:07,2026-09-29T21:27:07
4749,新應材,2026-01-23,865.0,21.0,2.49%,,,,,,,,,ShowDailyK_ChartFlow,FinMind_API_TaiwanStockPrice_4749,True,2026-09-29T21:27:07,2026-09-29T21:27:07,2026-09-29T21:27:07
4749,新應材,2026-01-26,847.0,-18.0,-2.08%,,,,,,,,,ShowDailyK_ChartFlow,FinMind_API_TaiwanStockPrice_4749,True,2026-09-29T21:27:07,2026-09-29T21:27:07,2026-09-29T21:27:07
4749,新應材,2026-01-27,838.0,-9.0,-1.06%,,,,,,,,,ShowDailyK_ChartFlow,FinMind_API_TaiwanStockPrice_4749,True,2026-09-29T21:27:07,2026-09-29T21:27:07,2026-09-29T21:27:07
4749,新應材,2026-01-28,860.0,22.0,2.63%,,,,,,,,,ShowDailyK_ChartFlow,FinMind_API_TaiwanStockPrice_4749,True,2026-09-29T21:27:07,2026-09-29T21:27:07,2026-09-29T21:27:07
4749,新應材,2026-01-29,844.0,-16.0,-1.86%,,,,,,,,,ShowDailyK_ChartFlow,FinMind_API_TaiwanStockPrice_4749,True,2026-09-29T21:27:07,2026-09-29T21:27:07,2026-09-29T21:27:07
4749,新應材,2026-01-30,861.0,17.0,2.01%,,,,,,,,,ShowDailyK_ChartFlow,FinMind_API_TaiwanStockPrice_4749,True,2026-09-29T21:27:07,2026-09-29T21:27:07,2026-09-29T21:27:07
4749,新應材,2026-02-02,849.0,-12.0,-1.39%,,,,,,,,,ShowDailyK_ChartFlow,FinMind_API_TaiwanStockPrice_4749,True,2026-09-29T21:27:07,2026-09-29T21:27:07,2026-09-29T21:27:07
4749,新應材,2026-02-03,842.0,-7.0,-0.82%,,,,,,,,,ShowDailyK_ChartFlow,FinMind_API_TaiwanStockPrice_4749,True,2026-09-29T21:27:07,2026-09-29T21:27:07,2026-09-29T21:27:07
4749,新應材,2026-02-04,854.0,12.0,1.43%,,,,,,,,,ShowDailyK_ChartFlow,FinMind_API_TaiwanStockPrice_4749,True,2026-09-29T21:27:07,2026-09-29T21:27:07,2026-09-29T21:27:07
4749,新應材,2026-02-05,848.0,-6.0,-0.70%,,,,,,,,,ShowDailyK_ChartFlow,FinMind_API_TaiwanStockPrice_4749,True,2026-09-29T21:27:07,2026-09-29T21:27:07,2026-09-29T21:27:07
4749,新應材,2026-02-06,813.0,-35.0,-4.13%,,,,,,,,,ShowDailyK_ChartFlow,FinMind_API_TaiwanStockPrice_4749,True,2026-09-29T21:27:07,2026-09-29T21:27:07,2026-09-29T21:27:07
4749,新應材,2026-02-09,825.0,12.0,1.48%,,,,,,,,,ShowDailyK_ChartFlow,FinMind_API_TaiwanStockPrice_4749,True,2026-09-29T21:27:07,2026-09-29T21:27:07,2026-09-29T21:27:07
4749,新應材,2026-02-10,820.0,-5.0,-0.61%,,,,,,,,,ShowDailyK_ChartFlow,FinMind_API_TaiwanStockPrice_4749,True,2026-09-29T21:27:07,2026-09-29T21:27:07,2026-09-29T21:27:07
4749,新應材,2026-02-11,830.0,10.0,1.22%,,,,,,,,,ShowDailyK_ChartFlow,FinMind_API_TaiwanStockPrice_4749,True,2026-09-29T21:27:07,2026-09-29T21:27:07,2026-09-29T21:27:07
4749,新應材,2026-02-23,878.0,48.0,5.78%,,,,,,,,,ShowDailyK_ChartFlow,FinMind_API_TaiwanStockPrice_4749,True,2026-09-29T21:27:07,2026-09-29T21:27:07,2026-09-29T21:27:07
4749,新應材,2026-02-24,899.0,21.0,2.39%,,,,,,,,,ShowDailyK_ChartFlow,FinMind_API_TaiwanStockPrice_4749,True,2026-09-29T21:27:07,2026-09-29T21:27:07,2026-09-29T21:27:07
4749,新應材,2026-02-25,895.0,-4.0,-0.44%,,,,,,,,,ShowDailyK_ChartFlow,FinMind_API_TaiwanStockPrice_4749,True,2026-09-29T21:27:07,2026-09-29T21:27:07,2026-09-29T21:27:07
4749,新應材,2026-02-26,911.0,16.0,1.79%,,,,,,,,,ShowDailyK_ChartFlow,FinMind_API_TaiwanStockPrice_4749,True,2026-09-29T21:27:07,2026-09-29T21:27:07,2026-09-29T21:27:07
4749,新應材,2026-03-02,912.0,1.0,0.11%,,,,,,,,,ShowDailyK_ChartFlow,FinMind_API_TaiwanStockPrice_4749,True,2026-09-29T21:27:07,2026-09-29T21:27:07,2026-09-29T21:27:07
4749,新應材,2026-03-03,931.0,19.0,2.08%,,,,,,,,,ShowDailyK_ChartFlow,FinMind_API_TaiwanStockPrice_4749,True,2026-09-29T21:27:07,2026-09-29T21:27:07,2026-09-29T21:27:07
4749,新應材,2026-03-04,879.0,-52.0,-5.59%,,,,,,,,,ShowDailyK_ChartFlow,FinMind_API_TaiwanStockPrice_4749,True,2026-09-29T21:27:07,2026-09-29T21:27:07,2026-09-29T21:27:07
4749,新應材,2026-03-05,966.0,87.0,9.90%,,,,,,,,,ShowDailyK_ChartFlow,FinMind_API_TaiwanStockPrice_4749,True,2026-09-29T21:27:07,2026-09-29T21:27:07,2026-09-29T21:27:07
4749,新應材,2026-03-06,1015.0,49.0,5.07%,,,,,,,,,ShowDailyK_ChartFlow,FinMind_API_TaiwanStockPrice_4749,True,2026-09-29T21:27:07,2026-09-29T21:27:07,2026-09-29T21:27:07
4749,新應材,2026-03-09,914.0,-101.0,-9.95%,,,,,,,,,ShowDailyK_ChartFlow,FinMind_API_TaiwanStockPrice_4749,True,2026-09-29T21:27:07,2026-09-29T21:27:07,2026-09-29T21:27:07
4749,新應材,2026-03-10,920.0,6.0,0.66%,,,,,,,,,ShowDailyK_ChartFlow,FinMind_API_TaiwanStockPrice_4749,True,2026-09-29T21:27:07,2026-09-29T21:27:07,2026-09-29T21:27:07
4749,新應材,2026-03-11,974.0,54.0,5.87%,,,,,,,,,ShowDailyK_ChartFlow,FinMind_API_TaiwanStockPrice_4749,True,2026-09-29T21:27:07,2026-09-29T21:27:07,2026-09-29T21:27:07
4749,新應材,2026-03-12,983.0,9.0,0.92%,,,,,,,,,ShowDailyK_ChartFlow,FinMind_API_TaiwanStockPrice_4749,True,2026-09-29T21:27:07,2026-09-29T21:27:07,2026-09-29T21:27:07
4749,新應材,2026-03-13,925.0,-58.0,-5.90%,,,,,,,,,ShowDailyK_ChartFlow,FinMind_API_TaiwanStockPrice_4749,True,2026-09-29T21:27:07,2026-09-29T21:27:07,2026-09-29T21:27:07
4749,新應材,2026-03-16,933.0,8.0,0.86%,,,,,,,,,ShowDailyK_ChartFlow,FinMind_API_TaiwanStockPrice_4749,True,2026-09-29T21:27:07,2026-09-29T21:27:07,2026-09-29T21:27:07
4749,新應材,2026-03-17,915.0,-18.0,-1.93%,,,,,,,,,ShowDailyK_ChartFlow,FinMind_API_TaiwanStockPrice_4749,True,2026-09-29T21:27:07,2026-09-29T21:27:07,2026-09-29T21:27:07
4749,新應材,2026-03-18,926.0,11.0,1.20%,,,,,,,,,ShowDailyK_ChartFlow,FinMind_API_TaiwanStockPrice_4749,True,2026-09-29T21:27:07,2026-09-29T21:27:07,2026-09-29T21:27:07
4749,新應材,2026-03-19,914.0,-12.0,-1.30%,,,,,,,,,ShowDailyK_ChartFlow,FinMind_API_TaiwanStockPrice_4749,True,2026-09-29T21:27:07,2026-09-29T21:27:07,2026-09-29T21:27:07
4749,新應材,2026-03-20,875.0,-39.0,-4.27%,,,,,,,,,ShowDailyK_ChartFlow,FinMind_API_TaiwanStockPrice_4749,True,2026-09-29T21:27:07,2026-09-29T21:27:07,2026-09-29T21:27:07
4749,新應材,2026-03-23,859.0,-16.0,-1.83%,,,,,,,,,ShowDailyK_ChartFlow,FinMind_API_TaiwanStockPrice_4749,True,2026-09-29T21:27:07,2026-09-29T21:27:07,2026-09-29T21:27:07
4749,新應材,2026-03-24,863.0,4.0,0.47%,,,,,,,,,ShowDailyK_ChartFlow,FinMind_API_TaiwanStockPrice_4749,True,2026-09-29T21:27:07,2026-09-29T21:27:07,2026-09-29T21:27:07
4749,新應材,2026-03-25,896.0,33.0,3.82%,,,,,,,,,ShowDailyK_ChartFlow,FinMind_API_TaiwanStockPrice_4749,True,2026-09-29T21:27:07,2026-09-29T21:27:07,2026-09-29T21:27:07
4749,新應材,2026-03-26,887.0,-9.0,-1.00%,,,,,,,,,ShowDailyK_ChartFlow,FinMind_API_TaiwanStockPrice_4749,True,2026-09-29T21:27:07,2026-09-29T21:27:07,2026-09-29T21:27:07
4749,新應材,2026-03-27,865.0,-22.0,-2.48%,,,,,,,,,ShowDailyK_ChartFlow,FinMind_API_TaiwanStockPrice_4749,True,2026-09-29T21:27:07,2026-09-29T21:27:07,2026-09-29T21:27:07
4749,新應材,2026-03-30,820.0,-45.0,-5.20%,,,,,,,,,ShowDailyK_ChartFlow,FinMind_API_TaiwanStockPrice_4749,True,2026-09-29T21:27:07,2026-09-29T21:27:07,2026-09-29T21:27:07
4749,新應材,2026-03-31,798.0,-22.0,-2.68%,,,,,,,,,ShowDailyK_ChartFlow,FinMind_API_TaiwanStockPrice_4749,True,2026-09-29T21:27:07,2026-09-29T21:27:07,2026-09-29T21:27:07
4749,新應材,2026-04-01,828.0,30.0,3.76%,,,,,,,,,ShowDailyK_ChartFlow,FinMind_API_TaiwanStockPrice_4749,True,2026-09-29T21:27:07,2026-09-29T21:27:07,2026-09-29T21:27:07
4749,新應材,2026-04-02,801.0,-27.0,-3.26%,,,,,,,,,ShowDailyK_ChartFlow,FinMind_API_TaiwanStockPrice_4749,True,2026-09-29T21:27:07,2026-09-29T21:27:07,2026-09-29T21:27:07
4749,新應材,2026-04-07,811.0,10.0,1.25%,,,,,,,,,ShowDailyK_ChartFlow,FinMind_API_TaiwanStockPrice_4749,True,2026-09-29T21:27:07,2026-09-29T21:27:07,2026-09-29T21:27:07
4749,新應材,2026-04-08,868.0,57.0,7.03%,,,,,,,,,ShowDailyK_ChartFlow,FinMind_API_TaiwanStockPrice_4749,True,2026-09-29T21:27:07,2026-09-29T21:27:07,2026-09-29T21:27:07
4749,新應材,2026-04-09,877.0,9.0,1.04%,,,,,,,,,ShowDailyK_ChartFlow,FinMind_API_TaiwanStockPrice_4749,True,2026-09-29T21:27:07,2026-09-29T21:27:07,2026-09-29T21:27:07
4749,新應材,2026-04-10,893.0,16.0,1.82%,,,,,,,,,ShowDailyK_ChartFlow,FinMind_API_TaiwanStockPrice_4749,True,2026-09-29T21:27:07,2026-09-29T21:27:07,2026-09-29T21:27:07
4749,新應材,2026-04-13,919.0,26.0,2.91%,,,,,,,,,ShowDailyK_ChartFlow,FinMind_API_TaiwanStockPrice_4749,True,2026-09-29T21:27:07,2026-09-29T21:27:07,2026-09-29T21:27:07
4749,新應材,2026-04-14,919.0,0.0,0.00%,,,,,,,,,ShowDailyK_ChartFlow,FinMind_API_TaiwanStockPrice_4749,True,2026-09-29T21:27:07,2026-09-29T21:27:07,2026-09-29T21:27:07
4749,新應材,2026-04-15,911.0,-8.0,-0.87%,,,,,,,,,ShowDailyK_ChartFlow,FinMind_API_TaiwanStockPrice_4749,True,2026-09-29T21:27:07,2026-09-29T21:27:07,2026-09-29T21:27:07
4749,新應材,2026-04-16,891.0,-20.0,-2.20%,,,,,,,,,ShowDailyK_ChartFlow,FinMind_API_TaiwanStockPrice_4749,True,2026-09-29T21:27:07,2026-09-29T21:27:07,2026-09-29T21:27:07
4749,新應材,2026-04-17,895.0,4.0,0.45%,,,,,,,,,ShowDailyK_ChartFlow,FinMind_API_TaiwanStockPrice_4749,True,2026-09-29T21:27:07,2026-09-29T21:27:07,2026-09-29T21:27:07
4749,新應材,2026-04-20,984.0,89.0,9.94%,,,,,,,,,ShowDailyK_ChartFlow,FinMind_API_TaiwanStockPrice_4749,True,2026-09-29T21:27:07,2026-09-29T21:27:07,2026-09-29T21:27:07
4749,新應材,2026-04-21,990.0,6.0,0.61%,,,,,,,,,ShowDailyK_ChartFlow,FinMind_API_TaiwanStockPrice_4749,True,2026-09-29T21:27:07,2026-09-29T21:27:07,2026-09-29T21:27:07
4749,新應材,2026-04-22,1035.0,45.0,4.55%,,,,,,,,,ShowDailyK_ChartFlow,FinMind_API_TaiwanStockPrice_4749,True,2026-09-29T21:27:07,2026-09-29T21:27:07,2026-09-29T21:27:07
4749,新應材,2026-04-23,997.0,-38.0,-3.67%,,,,,,,,,ShowDailyK_ChartFlow,FinMind_API_TaiwanStockPrice_4749,True,2026-09-29T21:27:07,2026-09-29T21:27:07,2026-09-29T21:27:07
4749,新應材,2026-04-24,980.0,-17.0,-1.71%,,,,,,,,,ShowDailyK_ChartFlow,FinMind_API_TaiwanStockPrice_4749,True,2026-09-29T21:27:07,2026-09-29T21:27:07,2026-09-29T21:27:07
4749,新應材,2026-04-27,966.0,-14.0,-1.43%,,,,,,,,,ShowDailyK_ChartFlow,FinMind_API_TaiwanStockPrice_4749,True,2026-09-29T21:27:07,2026-09-29T21:27:07,2026-09-29T21:27:07
4749,新應材,2026-04-28,992.0,26.0,2.69%,,,,,,,,,ShowDailyK_ChartFlow,FinMind_API_TaiwanStockPrice_4749,True,2026-09-29T21:27:07,2026-09-29T21:27:07,2026-09-29T21:27:07
4749,新應材,2026-04-29,1010.0,18.0,1.81%,,,,,,,,,ShowDailyK_ChartFlow,FinMind_API_TaiwanStockPrice_4749,True,2026-09-29T21:27:07,2026-09-29T21:27:07,2026-09-29T21:27:07
4749,新應材,2026-04-30,1005.0,-5.0,-0.50%,,,,,,,,,ShowDailyK_ChartFlow,FinMind_API_TaiwanStockPrice_4749,True,2026-09-29T21:27:07,2026-09-29T21:27:07,2026-09-29T21:27:07
4749,新應材,2026-05-04,1030.0,25.0,2.49%,,,,,,,,,ShowDailyK_ChartFlow,FinMind_API_TaiwanStockPrice_4749,True,2026-09-29T21:27:07,2026-09-29T21:27:07,2026-09-29T21:27:07
4749,新應材,2026-05-05,981.0,-49.0,-4.76%,,,,,,,,,ShowDailyK_ChartFlow,FinMind_API_TaiwanStockPrice_4749,True,2026-09-29T21:27:07,2026-09-29T21:27:07,2026-09-29T21:27:07
4749,新應材,2026-05-06,1010.0,29.0,2.96%,,,,,,,,,ShowDailyK_ChartFlow,FinMind_API_TaiwanStockPrice_4749,True,2026-09-29T21:27:07,2026-09-29T21:27:07,2026-09-29T21:27:07
4749,新應材,2026-05-07,987.0,-23.0,-2.28%,,,,,,,,,ShowDailyK_ChartFlow,FinMind_API_TaiwanStockPrice_4749,True,2026-09-29T21:27:07,2026-09-29T21:27:07,2026-09-29T21:27:07
4749,新應材,2026-05-08,1085.0,98.0,9.93%,,,,,,,,,ShowDailyK_ChartFlow,FinMind_API_TaiwanStockPrice_4749,True,2026-09-29T21:27:07,2026-09-29T21:27:07,2026-09-29T21:27:07
4749,新應材,2026-05-11,1175.0,90.0,8.29%,,,,,,,,,ShowDailyK_ChartFlow,FinMind_API_TaiwanStockPrice_4749,True,2026-09-29T21:27:07,2026-09-29T21:27:07,2026-09-29T21:27:07
4749,新應材,2026-05-12,1175.0,0.0,0.00%,,,,,,,,,ShowDailyK_ChartFlow,FinMind_API_TaiwanStockPrice_4749,True,2026-09-29T21:27:07,2026-09-29T21:27:07,2026-09-29T21:27:07
4749,新應材,2026-05-13,1130.0,-45.0,-3.83%,,,,,,,,,ShowDailyK_ChartFlow,FinMind_API_TaiwanStockPrice_4749,True,2026-09-29T21:27:07,2026-09-29T21:27:07,2026-09-29T21:27:07
4749,新應材,2026-05-14,1120.0,-10.0,-0.88%,,,,,,,,,ShowDailyK_ChartFlow,FinMind_API_TaiwanStockPrice_4749,True,2026-09-29T21:27:07,2026-09-29T21:27:07,2026-09-29T21:27:07
4749,新應材,2026-05-15,1015.0,-105.0,-9.38%,,,,,,,,,ShowDailyK_ChartFlow,FinMind_API_TaiwanStockPrice_4749,True,2026-09-29T21:27:07,2026-09-29T21:27:07,2026-09-29T21:27:07
4749,新應材,2026-05-18,1005.0,-10.0,-0.99%,,,,,,,,,ShowDailyK_ChartFlow,FinMind_API_TaiwanStockPrice_4749,True,2026-09-29T21:27:07,2026-09-29T21:27:07,2026-09-29T21:27:07
4749,新應材,2026-05-19,985.0,-20.0,-1.99%,,,,,,,,,ShowDailyK_ChartFlow,FinMind_API_TaiwanStockPrice_4749,True,2026-09-29T21:27:07,2026-09-29T21:27:07,2026-09-29T21:27:07
4749,新應材,2026-05-20,994.0,9.0,0.91%,,,,,,,,,ShowDailyK_ChartFlow,FinMind_API_TaiwanStockPrice_4749,True,2026-09-29T21:27:07,2026-09-29T21:27:07,2026-09-29T21:27:07
4749,新應材,2026-05-21,1090.0,96.0,9.66%,,,,,,,,,ShowDailyK_ChartFlow,FinMind_API_TaiwanStockPrice_4749,True,2026-09-29T21:27:07,2026-09-29T21:27:07,2026-09-29T21:27:07
4749,新應材,2026-05-22,1170.0,80.0,7.34%,,,,,,,,,ShowDailyK_ChartFlow,FinMind_API_TaiwanStockPrice_4749,True,2026-09-29T21:27:07,2026-09-29T21:27:07,2026-09-29T21:27:07
4749,新應材,2026-05-25,1155.0,-15.0,-1.28%,,,,,,,,,ShowDailyK_ChartFlow,FinMind_API_TaiwanStockPrice_4749,True,2026-09-29T21:27:07,2026-09-29T21:27:07,2026-09-29T21:27:07
4749,新應材,2026-05-26,1140.0,-15.0,-1.30%,,,,,,,,,ShowDailyK_ChartFlow,FinMind_API_TaiwanStockPrice_4749,True,2026-09-29T21:27:07,2026-09-29T21:27:07,2026-09-29T21:27:07
4749,新應材,2026-05-27,1115.0,-25.0,-2.19%,,,,,,,,,ShowDailyK_ChartFlow,FinMind_API_TaiwanStockPrice_4749,True,2026-09-29T21:27:07,2026-09-29T21:27:07,2026-09-29T21:27:07
4749,新應材,2026-05-28,1090.0,-25.0,-2.24%,,,,,,,,,ShowDailyK_ChartFlow,FinMind_API_TaiwanStockPrice_4749,True,2026-09-29T21:27:07,2026-09-29T21:27:07,2026-09-29T21:27:07
4749,新應材,2026-05-29,1070.0,-20.0,-1.83%,,,,,,,,,ShowDailyK_ChartFlow,FinMind_API_TaiwanStockPrice_4749,True,2026-09-29T21:27:07,2026-09-29T21:27:07,2026-09-29T21:27:07
4749,新應材,2026-06-01,1065.0,-5.0,-0.47%,,,,,,,,,ShowDailyK_ChartFlow,FinMind_API_TaiwanStockPrice_4749,True,2026-09-29T21:27:07,2026-09-29T21:27:07,2026-09-29T21:27:07
4749,新應材,2026-06-02,1050.0,-15.0,-1.41%,,,,,,,,,ShowDailyK_ChartFlow,FinMind_API_TaiwanStockPrice_4749,True,2026-09-29T21:27:07,2026-09-29T21:27:07,2026-09-29T21:27:07
4749,新應材,2026-06-03,1070.0,20.0,1.90%,,,,,,,,,ShowDailyK_ChartFlow,FinMind_API_TaiwanStockPrice_4749,True,2026-09-29T21:27:07,2026-09-29T21:27:07,2026-09-29T21:27:07
4749,新應材,2026-06-04,1025.0,-45.0,-4.21%,,,,,,,,,ShowDailyK_ChartFlow,FinMind_API_TaiwanStockPrice_4749,True,2026-09-29T21:27:07,2026-09-29T21:27:07,2026-09-29T21:27:07
4749,新應材,2026-06-05,1015.0,-10.0,-0.98%,,,,,,,,,ShowDailyK_ChartFlow,FinMind_API_TaiwanStockPrice_4749,True,2026-09-29T21:27:07,2026-09-29T21:27:07,2026-09-29T21:27:07
4749,新應材,2026-06-08,947.0,-68.0,-6.70%,,,,,,,,,ShowDailyK_ChartFlow,FinMind_API_TaiwanStockPrice_4749,True,2026-09-29T21:27:07,2026-09-29T21:27:07,2026-09-29T21:27:07
4749,新應材,2026-06-09,991.0,44.0,4.65%,,,,,,,,,ShowDailyK_ChartFlow,FinMind_API_TaiwanStockPrice_4749,True,2026-09-29T21:27:07,2026-09-29T21:27:07,2026-09-29T21:27:07
4749,新應材,2026-06-10,925.0,-66.0,-6.66%,,,,,,,,,ShowDailyK_ChartFlow,FinMind_API_TaiwanStockPrice_4749,True,2026-09-29T21:27:07,2026-09-29T21:27:07,2026-09-29T21:27:07
4749,新應材,2026-06-11,908.0,-17.0,-1.84%,,,,,,,,,ShowDailyK_ChartFlow,FinMind_API_TaiwanStockPrice_4749,True,2026-09-29T21:27:07,2026-09-29T21:27:07,2026-09-29T21:27:07
4749,新應材,2026-06-12,921.0,13.0,1.43%,,,,,,,,,ShowDailyK_ChartFlow,FinMind_API_TaiwanStockPrice_4749,True,2026-09-29T21:27:07,2026-09-29T21:27:07,2026-09-29T21:27:07
4749,新應材,2026-06-15,950.0,29.0,3.15%,,,,,,,,,ShowDailyK_ChartFlow,FinMind_API_TaiwanStockPrice_4749,True,2026-09-29T21:27:07,2026-09-29T21:27:07,2026-09-29T21:27:07
4749,新應材,2026-06-16,937.0,-13.0,-1.37%,,,,,,,,,ShowDailyK_ChartFlow,FinMind_API_TaiwanStockPrice_4749,True,2026-09-29T21:27:07,2026-09-29T21:27:07,2026-09-29T21:27:07
4749,新應材,2026-06-17,940.0,3.0,0.32%,,,,,,,,,ShowDailyK_ChartFlow,FinMind_API_TaiwanStockPrice_4749,True,2026-09-29T21:27:07,2026-09-29T21:27:07,2026-09-29T21:27:07
4749,新應材,2026-06-18,991.0,51.0,5.43%,,,,,,,,,ShowDailyK_ChartFlow,FinMind_API_TaiwanStockPrice_4749,True,2026-09-29T21:27:07,2026-09-29T21:27:07,2026-09-29T21:27:07
4749,新應材,2026-06-22,966.0,-25.0,-2.52%,,,,,,,,,ShowDailyK_ChartFlow,FinMind_API_TaiwanStockPrice_4749,True,2026-09-29T21:27:07,2026-09-29T21:27:07,2026-09-29T21:27:07
4749,新應材,2026-06-23,917.0,-49.0,-5.07%,,,,,,,,,ShowDailyK_ChartFlow,FinMind_API_TaiwanStockPrice_4749,True,2026-09-29T21:27:07,2026-09-29T21:27:07,2026-09-29T21:27:07
4749,新應材,2026-06-24,934.0,17.0,1.85%,,,,,,,,,ShowDailyK_ChartFlow,FinMind_API_TaiwanStockPrice_4749,True,2026-09-29T21:27:07,2026-09-29T21:27:07,2026-09-29T21:27:07
4749,新應材,2026-06-25,927.0,-7.0,-0.75%,,,,,,,,,ShowDailyK_ChartFlow,FinMind_API_TaiwanStockPrice_4749,True,2026-09-29T21:27:07,2026-09-29T21:27:07,2026-09-29T21:27:07
4749,新應材,2026-06-26,877.0,-50.0,-5.39%,,,,,,,,,ShowDailyK_ChartFlow,FinMind_API_TaiwanStockPrice_4749,True,2026-09-29T21:27:07,2026-09-29T21:27:07,2026-09-29T21:27:07
4749,新應材,2026-06-29,866.0,-11.0,-1.25%,,,,,,,,,ShowDailyK_ChartFlow,FinMind_API_TaiwanStockPrice_4749,True,2026-09-29T21:27:07,2026-09-29T21:27:07,2026-09-29T21:27:07
4749,新應材,2026-06-30,875.0,9.0,1.04%,,,,,,,,,ShowDailyK_ChartFlow,FinMind_API_TaiwanStockPrice_4749,True,2026-09-29T21:27:07,2026-09-29T21:27:07,2026-09-29T21:27:07
4749,新應材,2026-07-01,906.0,31.0,3.54%,,,,,,,,,ShowDailyK_ChartFlow,FinMind_API_TaiwanStockPrice_4749,True,2026-09-29T21:27:07,2026-09-29T21:27:07,2026-09-29T21:27:07
4749,新應材,2026-07-02,925.0,19.0,2.10%,,,,,,,,,ShowDailyK_ChartFlow,FinMind_API_TaiwanStockPrice_4749,True,2026-09-29T21:27:07,2026-09-29T21:27:07,2026-09-29T21:27:07
4749,新應材,2026-07-03,913.0,-12.0,-1.30%,,,,,,,,,ShowDailyK_ChartFlow,FinMind_API_TaiwanStockPrice_4749,True,2026-09-29T21:27:07,2026-09-29T21:27:07,2026-09-29T21:27:07
4749,新應材,2026-07-06,918.0,5.0,0.55%,,,,,,,,,ShowDailyK_ChartFlow,FinMind_API_TaiwanStockPrice_4749,True,2026-09-29T21:27:07,2026-09-29T21:27:07,2026-09-29T21:27:07
4749,新應材,2026-07-07,899.0,-19.0,-2.07%,,,,,,,,,ShowDailyK_ChartFlow,FinMind_API_TaiwanStockPrice_4749,True,2026-09-29T21:27:07,2026-09-29T21:27:07,2026-09-29T21:27:07
4749,新應材,2026-07-08,877.0,-22.0,-2.45%,,,,,,,,,ShowDailyK_ChartFlow,FinMind_API_TaiwanStockPrice_4749,True,2026-09-29T21:27:07,2026-09-29T21:27:07,2026-09-29T21:27:07
4749,新應材,2026-07-09,866.0,-11.0,-1.25%,,,,,,,,,ShowDailyK_ChartFlow,FinMind_API_TaiwanStockPrice_4749,True,2026-09-29T21:27:07,2026-09-29T21:27:07,2026-09-29T21:27:07
4749,新應材,2026-07-13,851.0,-15.0,-1.73%,,,,,,,,,ShowDailyK_ChartFlow,FinMind_API_TaiwanStockPrice_4749,True,2026-09-29T21:27:07,2026-09-29T21:27:07,2026-09-29T21:27:07
4749,新應材,2026-07-14,827.0,-24.0,-2.82%,,,,,,,,,ShowDailyK_ChartFlow,FinMind_API_TaiwanStockPrice_4749,True,2026-09-29T21:27:07,2026-09-29T21:27:07,2026-09-29T21:27:07
4749,新應材,2026-07-15,866.0,39.0,4.72%,,,,,,,,,ShowDailyK_ChartFlow,FinMind_API_TaiwanStockPrice_4749,True,2026-09-29T21:27:07,2026-09-29T21:27:07,2026-09-29T21:27:07
4749,新應材,2026-07-16,860.0,-6.0,-0.69%,,,,,,,,,ShowDailyK_ChartFlow,FinMind_API_TaiwanStockPrice_4749,True,2026-09-29T21:27:07,2026-09-29T21:27:07,2026-09-29T21:27:07
4749,新應材,2026-07-17,797.0,-63.0,-7.33%,,,,,,,,,ShowDailyK_ChartFlow,FinMind_API_TaiwanStockPrice_4749,True,2026-09-29T21:27:07,2026-09-29T21:27:07,2026-09-29T21:27:07
4749,新應材,2026-07-20,811.0,14.0,1.76%,,,,,,,,,ShowDailyK_ChartFlow,FinMind_API_TaiwanStockPrice_4749,True,2026-09-29T21:27:07,2026-09-29T21:27:07,2026-09-29T21:27:07
4749,新應材,2026-07-21,816.0,5.0,0.62%,,,,,,,,,ShowDailyK_ChartFlow,FinMind_API_TaiwanStockPrice_4749,True,2026-09-29T21:27:07,2026-09-29T21:27:07,2026-09-29T21:27:07
4749,新應材,2026-07-22,815.0,-1.0,-0.12%,,,,,,,,,ShowDailyK_ChartFlow,FinMind_API_TaiwanStockPrice_4749,True,2026-09-29T21:27:07,2026-09-29T21:27:07,2026-09-29T21:27:07
4749,新應材,2026-07-23,809.0,-6.0,-0.74%,,,,,,,,,ShowDailyK_ChartFlow,FinMind_API_TaiwanStockPrice_4749,True,2026-09-29T21:27:07,2026-09-29T21:27:07,2026-09-29T21:27:07
4749,新應材,2026-07-24,778.0,-31.0,-3.83%,,,,,,,,,ShowDailyK_ChartFlow,FinMind_API_TaiwanStockPrice_4749,True,2026-09-29T21:27:07,2026-09-29T21:27:07,2026-09-29T21:27:07
4749,新應材,2026-07-27,773.0,-5.0,-0.64%,,,,,,,,,ShowDailyK_ChartFlow,FinMind_API_TaiwanStockPrice_4749,True,2026-09-29T21:27:07,2026-09-29T21:27:07,2026-09-29T21:27:07
4749,新應材,2026-07-28,718.0,-55.0,-7.12%,,,,,,,,,ShowDailyK_ChartFlow,FinMind_API_TaiwanStockPrice_4749,True,2026-09-29T21:27:07,2026-09-29T21:27:07,2026-09-29T21:27:07
4749,新應材,2026-07-29,664.0,-54.0,-7.52%,,,,,,,,,ShowDailyK_ChartFlow,FinMind_API_TaiwanStockPrice_4749,True,2026-09-29T21:27:07,2026-09-29T21:27:07,2026-09-29T21:27:07
4749,新應材,2026-07-30,672.0,8.0,1.20%,,,,,,,,,ShowDailyK_ChartFlow,FinMind_API_TaiwanStockPrice_4749,True,2026-09-29T21:27:07,2026-09-29T21:27:07,2026-09-29T21:27:07
4749,新應材,2026-07-31,722.0,50.0,7.44%,,,,,,,,,ShowDailyK_ChartFlow,FinMind_API_TaiwanStockPrice_4749,True,2026-09-29T21:27:07,2026-09-29T21:27:07,2026-09-29T21:27:07
4749,新應材,2026-08-03,765.0,43.0,5.96%,,,,,,,,,ShowDailyK_ChartFlow,FinMind_API_TaiwanStockPrice_4749,True,2026-09-29T21:27:07,2026-09-29T21:27:07,2026-09-29T21:27:07
4749,新應材,2026-08-04,778.0,13.0,1.70%,,,,,,,,,ShowDailyK_ChartFlow,FinMind_API_TaiwanStockPrice_4749,True,2026-09-29T21:27:07,2026-09-29T21:27:07,2026-09-29T21:27:07
4749,新應材,2026-08-05,794.0,16.0,2.06%,,,,,,,,,ShowDailyK_ChartFlow,FinMind_API_TaiwanStockPrice_4749,True,2026-09-29T21:27:07,2026-09-29T21:27:07,2026-09-29T21:27:07
4749,新應材,2026-08-06,823.0,29.0,3.65%,,,,,,,,,ShowDailyK_ChartFlow,FinMind_API_TaiwanStockPrice_4749,True,2026-09-29T21:27:07,2026-09-29T21:27:07,2026-09-29T21:27:07
4749,新應材,2026-08-07,809.0,-14.0,-1.70%,,,,,,,,,ShowDailyK_ChartFlow,FinMind_API_TaiwanStockPrice_4749,True,2026-09-29T21:27:07,2026-09-29T21:27:07,2026-09-29T21:27:07
4749,新應材,2026-08-10,786.0,-23.0,-2.84%,,,,,,,,,ShowDailyK_ChartFlow,FinMind_API_TaiwanStockPrice_4749,True,2026-09-29T21:27:07,2026-09-29T21:27:07,2026-09-29T21:27:07
4749,新應材,2026-08-11,803.0,17.0,2.16%,,,,,,,,,ShowDailyK_ChartFlow,FinMind_API_TaiwanStockPrice_4749,True,2026-09-29T21:27:07,2026-09-29T21:27:07,2026-09-29T21:27:07
4749,新應材,2026-08-12,809.0,6.0,0.75%,,,,,,,,,ShowDailyK_ChartFlow,FinMind_API_TaiwanStockPrice_4749,True,2026-09-29T21:27:07,2026-09-29T21:27:07,2026-09-29T21:27:07
4749,新應材,2026-08-13,798.0,-11.0,-1.36%,,,,,,,,,ShowDailyK_ChartFlow,FinMind_API_TaiwanStockPrice_4749,True,2026-09-29T21:27:07,2026-09-29T21:27:07,2026-09-29T21:27:07
4749,新應材,2026-08-14,787.0,-11.0,-1.38%,,,,,,,,,ShowDailyK_ChartFlow,FinMind_API_TaiwanStockPrice_4749,True,2026-09-29T21:27:07,2026-09-29T21:27:07,2026-09-29T21:27:07
4749,新應材,2026-08-17,786.0,-1.0,-0.13%,,,,,,,,,ShowDailyK_ChartFlow,FinMind_API_TaiwanStockPrice_4749,True,2026-09-29T21:27:07,2026-09-29T21:27:07,2026-09-29T21:27:07
4749,新應材,2026-08-18,769.0,-17.0,-2.16%,,,,,,,,,ShowDailyK_ChartFlow,FinMind_API_TaiwanStockPrice_4749,True,2026-09-29T21:27:07,2026-09-29T21:27:07,2026-09-29T21:27:07
4749,新應材,2026-08-19,759.0,-10.0,-1.30%,,,,,,,,,ShowDailyK_ChartFlow,FinMind_API_TaiwanStockPrice_4749,True,2026-09-29T21:27:07,2026-09-29T21:27:07,2026-09-29T21:27:07
4749,新應材,2026-08-20,761.0,2.0,0.26%,,,,,,,,,ShowDailyK_ChartFlow,FinMind_API_TaiwanStockPrice_4749,True,2026-09-29T21:27:07,2026-09-29T21:27:07,2026-09-29T21:27:07
4749,新應材,2026-08-21,761.0,0.0,0.00%,,,,,,,,,ShowDailyK_ChartFlow,FinMind_API_TaiwanStockPrice_4749,True,2026-09-29T21:27:07,2026-09-29T21:27:07,2026-09-29T21:27:07
4749,新應材,2026-08-24,746.0,-15.0,-1.97%,,,,,,,,,ShowDailyK_ChartFlow,FinMind_API_TaiwanStockPrice_4749,True,2026-09-29T21:27:07,2026-09-29T21:27:07,2026-09-29T21:27:07
4749,新應材,2026-08-25,760.0,14.0,1.88%,,,,,,,,,ShowDailyK_ChartFlow,FinMind_API_TaiwanStockPrice_4749,True,2026-09-29T21:27:07,2026-09-29T21:27:07,2026-09-29T21:27:07
4749,新應材,2026-08-26,755.0,-5.0,-0.66%,,,,,,,,,ShowDailyK_ChartFlow,FinMind_API_TaiwanStockPrice_4749,True,2026-09-29T21:27:07,2026-09-29T21:27:07,2026-09-29T21:27:07
4749,新應材,2026-08-27,789.0,34.0,4.50%,,,,,,,,,ShowDailyK_ChartFlow,FinMind_API_TaiwanStockPrice_4749,True,2026-09-29T21:27:07,2026-09-29T21:27:07,2026-09-29T21:27:07
4749,新應材,2026-08-28,790.0,1.0,0.13%,,,,,,,,,ShowDailyK_ChartFlow,FinMind_API_TaiwanStockPrice_4749,True,2026-09-29T21:27:07,2026-09-29T21:27:07,2026-09-29T21:27:07
4749,新應材,2026-08-31,769.0,-21.0,-2.66%,,,,,,,,,ShowDailyK_ChartFlow,FinMind_API_TaiwanStockPrice_4749,True,2026-09-29T21:27:07,2026-09-29T21:27:07,2026-09-29T21:27:07
4749,新應材,2026-09-01,799.0,30.0,3.90%,,,,,,,,,ShowDailyK_ChartFlow,FinMind_API_TaiwanStockPrice_4749,True,2026-09-29T21:27:07,2026-09-29T21:27:07,2026-09-29T21:27:07
4749,新應材,2026-09-02,787.0,-12.0,-1.50%,,,,,,,,,ShowDailyK_ChartFlow,FinMind_API_TaiwanStockPrice_4749,True,2026-09-29T21:27:07,2026-09-29T21:27:07,2026-09-29T21:27:07
4749,新應材,2026-09-03,759.0,-28.0,-3.56%,,,,,,,,,ShowDailyK_ChartFlow,FinMind_API_TaiwanStockPrice_4749,True,2026-09-29T21:27:07,2026-09-29T21:27:07,2026-09-29T21:27:07
4749,新應材,2026-09-04,776.0,17.0,2.24%,,,,,,,,,ShowDailyK_ChartFlow,FinMind_API_TaiwanStockPrice_4749,True,2026-09-29T21:27:07,2026-09-29T21:27:07,2026-09-29T21:27:07
4749,新應材,2026-09-07,787.0,11.0,1.42%,,,,,,,,,ShowDailyK_ChartFlow,FinMind_API_TaiwanStockPrice_4749,True,2026-09-29T21:27:07,2026-09-29T21:27:07,2026-09-29T21:27:07
4749,新應材,2026-09-08,780.0,-7.0,-0.89%,,,,,,,,,ShowDailyK_ChartFlow,FinMind_API_TaiwanStockPrice_4749,True,2026-09-29T21:27:07,2026-09-29T21:27:07,2026-09-29T21:27:07
4749,新應材,2026-09-09,770.0,-10.0,-1.28%,,,,,,,,,ShowDailyK_ChartFlow,FinMind_API_TaiwanStockPrice_4749,True,2026-09-29T21:27:07,2026-09-29T21:27:07,2026-09-29T21:27:07
4749,新應材,2026-09-10,757.0,-13.0,-1.69%,,,,,,,,,ShowDailyK_ChartFlow,FinMind_API_TaiwanStockPrice_4749,True,2026-09-29T21:27:07,2026-09-29T21:27:07,2026-09-29T21:27:07
4749,新應材,2026-09-11,721.0,-36.0,-4.76%,,,,,,,,,ShowDailyK_ChartFlow,FinMind_API_TaiwanStockPrice_4749,True,2026-09-29T21:27:07,2026-09-29T21:27:07,2026-09-29T21:27:07
4749,新應材,2026-09-14,709.0,-12.0,-1.66%,,,,,,,,,ShowDailyK_ChartFlow,FinMind_API_TaiwanStockPrice_4749,True,2026-09-29T21:27:07,2026-09-29T21:27:07,2026-09-29T21:27:07
4749,新應材,2026-09-15,705.0,-4.0,-0.56%,,,,,,,,,ShowDailyK_ChartFlow,FinMind_API_TaiwanStockPrice_4749,True,2026-09-29T21:27:07,2026-09-29T21:27:07,2026-09-29T21:27:07
4749,新應材,2026-09-16,716.0,11.0,1.56%,,,,,,,,,ShowDailyK_ChartFlow,FinMind_API_TaiwanStockPrice_4749,True,2026-09-29T21:27:07,2026-09-29T21:27:07,2026-09-29T21:27:07
4749,新應材,2026-09-17,740.0,24.0,3.35%,,,,,,,,,ShowDailyK_ChartFlow,FinMind_API_TaiwanStockPrice_4749,True,2026-09-29T21:27:07,2026-09-29T21:27:07,2026-09-29T21:27:07
4749,新應材,2026-09-18,741.0,1.0,0.14%,,,,,,,,,ShowDailyK_ChartFlow,FinMind_API_TaiwanStockPrice_4749,True,2026-09-29T21:27:07,2026-09-29T21:27:07,2026-09-29T21:27:07
4749,新應材,2026-09-21,735.0,-6.0,-0.81%,,,,,,,,,ShowDailyK_ChartFlow,FinMind_API_TaiwanStockPrice_4749,True,2026-09-29T21:27:07,2026-09-29T21:27:07,2026-09-29T21:27:07
4749,新應材,2026-09-22,728.0,-7.0,-0.95%,,,,,,,,,ShowDailyK_ChartFlow,FinMind_API_TaiwanStockPrice_4749,True,2026-09-29T21:27:07,2026-09-29T21:27:07,2026-09-29T21:27:07
4749,新應材,2026-09-23,726.0,-2.0,-0.27%,,,,,,,,,ShowDailyK_ChartFlow,FinMind_API_TaiwanStockPrice_4749,True,2026-09-29T21:27:07,2026-09-29T21:27:07,2026-09-29T21:27:07
4749,新應材,2026-09-24,728.0,2.0,0.28%,,,,,,,,,ShowDailyK_ChartFlow,FinMind_API_TaiwanStockPrice_4749,True,2026-09-29T21:27:07,2026-09-29T21:27:07,2026-09-29T21:27:07
4749,新應材,2026-09-29,764.0,36.0,4.95%,,,,,,,,,ShowDailyK_ChartFlow,FinMind_API_TaiwanStockPrice_4749,True,2026-09-29T21:27:07,2026-09-29T21:27:07,2026-09-29T21:27:07
