stock_code,company_name,交易_日期,收盤價_元,漲跌價_元,漲跌幅_pct,河流圖_eps_元,目前_per_倍,本益比試算價格_15x_元,本益比試算價格_18x_元,本益比試算價格_21x_元,本益比試算價格_24x_元,本益比試算價格_27x_元,本益比試算價格_30x_元,file_type,source_file,download_success,download_timestamp,process_timestamp,stage1_process_timestamp
6613,朋億,2021-01-04,139.5,,,,,,,,,,,ShowDailyK_ChartFlow,FinMind_API_TaiwanStockPrice_6613,True,2026-10-05T23:33:53,2026-10-05T23:33:53,2026-10-05T23:33:53
6613,朋億,2021-01-05,139.0,-0.5,-0.36%,,,,,,,,,ShowDailyK_ChartFlow,FinMind_API_TaiwanStockPrice_6613,True,2026-10-05T23:33:53,2026-10-05T23:33:53,2026-10-05T23:33:53
6613,朋億,2021-01-06,138.0,-1.0,-0.72%,,,,,,,,,ShowDailyK_ChartFlow,FinMind_API_TaiwanStockPrice_6613,True,2026-10-05T23:33:53,2026-10-05T23:33:53,2026-10-05T23:33:53
6613,朋億,2021-01-07,138.5,0.5,0.36%,,,,,,,,,ShowDailyK_ChartFlow,FinMind_API_TaiwanStockPrice_6613,True,2026-10-05T23:33:53,2026-10-05T23:33:53,2026-10-05T23:33:53
6613,朋億,2021-01-08,137.5,-1.0,-0.72%,,,,,,,,,ShowDailyK_ChartFlow,FinMind_API_TaiwanStockPrice_6613,True,2026-10-05T23:33:53,2026-10-05T23:33:53,2026-10-05T23:33:53
6613,朋億,2021-01-11,139.5,2.0,1.45%,,,,,,,,,ShowDailyK_ChartFlow,FinMind_API_TaiwanStockPrice_6613,True,2026-10-05T23:33:53,2026-10-05T23:33:53,2026-10-05T23:33:53
6613,朋億,2021-01-12,139.5,0.0,0.00%,,,,,,,,,ShowDailyK_ChartFlow,FinMind_API_TaiwanStockPrice_6613,True,2026-10-05T23:33:53,2026-10-05T23:33:53,2026-10-05T23:33:53
6613,朋億,2021-01-13,139.0,-0.5,-0.36%,,,,,,,,,ShowDailyK_ChartFlow,FinMind_API_TaiwanStockPrice_6613,True,2026-10-05T23:33:53,2026-10-05T23:33:53,2026-10-05T23:33:53
6613,朋億,2021-01-14,139.0,0.0,0.00%,,,,,,,,,ShowDailyK_ChartFlow,FinMind_API_TaiwanStockPrice_6613,True,2026-10-05T23:33:53,2026-10-05T23:33:53,2026-10-05T23:33:53
6613,朋億,2021-01-15,138.5,-0.5,-0.36%,,,,,,,,,ShowDailyK_ChartFlow,FinMind_API_TaiwanStockPrice_6613,True,2026-10-05T23:33:53,2026-10-05T23:33:53,2026-10-05T23:33:53
6613,朋億,2021-01-18,139.5,1.0,0.72%,,,,,,,,,ShowDailyK_ChartFlow,FinMind_API_TaiwanStockPrice_6613,True,2026-10-05T23:33:53,2026-10-05T23:33:53,2026-10-05T23:33:53
6613,朋億,2021-01-19,139.5,0.0,0.00%,,,,,,,,,ShowDailyK_ChartFlow,FinMind_API_TaiwanStockPrice_6613,True,2026-10-05T23:33:53,2026-10-05T23:33:53,2026-10-05T23:33:53
6613,朋億,2021-01-20,137.0,-2.5,-1.79%,,,,,,,,,ShowDailyK_ChartFlow,FinMind_API_TaiwanStockPrice_6613,True,2026-10-05T23:33:53,2026-10-05T23:33:53,2026-10-05T23:33:53
6613,朋億,2021-01-21,137.5,0.5,0.36%,,,,,,,,,ShowDailyK_ChartFlow,FinMind_API_TaiwanStockPrice_6613,True,2026-10-05T23:33:53,2026-10-05T23:33:53,2026-10-05T23:33:53
6613,朋億,2021-01-22,137.5,0.0,0.00%,,,,,,,,,ShowDailyK_ChartFlow,FinMind_API_TaiwanStockPrice_6613,True,2026-10-05T23:33:53,2026-10-05T23:33:53,2026-10-05T23:33:53
6613,朋億,2021-01-25,137.0,-0.5,-0.36%,,,,,,,,,ShowDailyK_ChartFlow,FinMind_API_TaiwanStockPrice_6613,True,2026-10-05T23:33:53,2026-10-05T23:33:53,2026-10-05T23:33:53
6613,朋億,2021-01-26,137.0,0.0,0.00%,,,,,,,,,ShowDailyK_ChartFlow,FinMind_API_TaiwanStockPrice_6613,True,2026-10-05T23:33:53,2026-10-05T23:33:53,2026-10-05T23:33:53
6613,朋億,2021-01-27,137.5,0.5,0.36%,,,,,,,,,ShowDailyK_ChartFlow,FinMind_API_TaiwanStockPrice_6613,True,2026-10-05T23:33:53,2026-10-05T23:33:53,2026-10-05T23:33:53
6613,朋億,2021-01-28,137.0,-0.5,-0.36%,,,,,,,,,ShowDailyK_ChartFlow,FinMind_API_TaiwanStockPrice_6613,True,2026-10-05T23:33:53,2026-10-05T23:33:53,2026-10-05T23:33:53
6613,朋億,2021-01-29,135.5,-1.5,-1.09%,,,,,,,,,ShowDailyK_ChartFlow,FinMind_API_TaiwanStockPrice_6613,True,2026-10-05T23:33:53,2026-10-05T23:33:53,2026-10-05T23:33:53
6613,朋億,2021-02-01,136.0,0.5,0.37%,,,,,,,,,ShowDailyK_ChartFlow,FinMind_API_TaiwanStockPrice_6613,True,2026-10-05T23:33:53,2026-10-05T23:33:53,2026-10-05T23:33:53
6613,朋億,2021-02-02,135.5,-0.5,-0.37%,,,,,,,,,ShowDailyK_ChartFlow,FinMind_API_TaiwanStockPrice_6613,True,2026-10-05T23:33:53,2026-10-05T23:33:53,2026-10-05T23:33:53
6613,朋億,2021-02-03,137.0,1.5,1.11%,,,,,,,,,ShowDailyK_ChartFlow,FinMind_API_TaiwanStockPrice_6613,True,2026-10-05T23:33:53,2026-10-05T23:33:53,2026-10-05T23:33:53
6613,朋億,2021-02-04,136.5,-0.5,-0.36%,,,,,,,,,ShowDailyK_ChartFlow,FinMind_API_TaiwanStockPrice_6613,True,2026-10-05T23:33:53,2026-10-05T23:33:53,2026-10-05T23:33:53
6613,朋億,2021-02-05,137.0,0.5,0.37%,,,,,,,,,ShowDailyK_ChartFlow,FinMind_API_TaiwanStockPrice_6613,True,2026-10-05T23:33:53,2026-10-05T23:33:53,2026-10-05T23:33:53
6613,朋億,2021-02-17,137.5,0.5,0.36%,,,,,,,,,ShowDailyK_ChartFlow,FinMind_API_TaiwanStockPrice_6613,True,2026-10-05T23:33:53,2026-10-05T23:33:53,2026-10-05T23:33:53
6613,朋億,2021-02-18,137.5,0.0,0.00%,,,,,,,,,ShowDailyK_ChartFlow,FinMind_API_TaiwanStockPrice_6613,True,2026-10-05T23:33:53,2026-10-05T23:33:53,2026-10-05T23:33:53
6613,朋億,2021-02-19,139.0,1.5,1.09%,,,,,,,,,ShowDailyK_ChartFlow,FinMind_API_TaiwanStockPrice_6613,True,2026-10-05T23:33:53,2026-10-05T23:33:53,2026-10-05T23:33:53
6613,朋億,2021-02-22,140.5,1.5,1.08%,,,,,,,,,ShowDailyK_ChartFlow,FinMind_API_TaiwanStockPrice_6613,True,2026-10-05T23:33:53,2026-10-05T23:33:53,2026-10-05T23:33:53
6613,朋億,2021-02-23,142.5,2.0,1.42%,,,,,,,,,ShowDailyK_ChartFlow,FinMind_API_TaiwanStockPrice_6613,True,2026-10-05T23:33:53,2026-10-05T23:33:53,2026-10-05T23:33:53
6613,朋億,2021-02-24,142.0,-0.5,-0.35%,,,,,,,,,ShowDailyK_ChartFlow,FinMind_API_TaiwanStockPrice_6613,True,2026-10-05T23:33:53,2026-10-05T23:33:53,2026-10-05T23:33:53
6613,朋億,2021-02-25,140.5,-1.5,-1.06%,,,,,,,,,ShowDailyK_ChartFlow,FinMind_API_TaiwanStockPrice_6613,True,2026-10-05T23:33:53,2026-10-05T23:33:53,2026-10-05T23:33:53
6613,朋億,2021-02-26,139.5,-1.0,-0.71%,,,,,,,,,ShowDailyK_ChartFlow,FinMind_API_TaiwanStockPrice_6613,True,2026-10-05T23:33:53,2026-10-05T23:33:53,2026-10-05T23:33:53
6613,朋億,2021-03-02,141.0,1.5,1.08%,,,,,,,,,ShowDailyK_ChartFlow,FinMind_API_TaiwanStockPrice_6613,True,2026-10-05T23:33:53,2026-10-05T23:33:53,2026-10-05T23:33:53
6613,朋億,2021-03-03,141.0,0.0,0.00%,,,,,,,,,ShowDailyK_ChartFlow,FinMind_API_TaiwanStockPrice_6613,True,2026-10-05T23:33:53,2026-10-05T23:33:53,2026-10-05T23:33:53
6613,朋億,2021-03-04,140.0,-1.0,-0.71%,,,,,,,,,ShowDailyK_ChartFlow,FinMind_API_TaiwanStockPrice_6613,True,2026-10-05T23:33:53,2026-10-05T23:33:53,2026-10-05T23:33:53
6613,朋億,2021-03-05,140.5,0.5,0.36%,,,,,,,,,ShowDailyK_ChartFlow,FinMind_API_TaiwanStockPrice_6613,True,2026-10-05T23:33:53,2026-10-05T23:33:53,2026-10-05T23:33:53
6613,朋億,2021-03-08,140.0,-0.5,-0.36%,,,,,,,,,ShowDailyK_ChartFlow,FinMind_API_TaiwanStockPrice_6613,True,2026-10-05T23:33:53,2026-10-05T23:33:53,2026-10-05T23:33:53
6613,朋億,2021-03-09,139.5,-0.5,-0.36%,,,,,,,,,ShowDailyK_ChartFlow,FinMind_API_TaiwanStockPrice_6613,True,2026-10-05T23:33:53,2026-10-05T23:33:53,2026-10-05T23:33:53
6613,朋億,2021-03-10,140.0,0.5,0.36%,,,,,,,,,ShowDailyK_ChartFlow,FinMind_API_TaiwanStockPrice_6613,True,2026-10-05T23:33:53,2026-10-05T23:33:53,2026-10-05T23:33:53
6613,朋億,2021-03-11,140.5,0.5,0.36%,,,,,,,,,ShowDailyK_ChartFlow,FinMind_API_TaiwanStockPrice_6613,True,2026-10-05T23:33:53,2026-10-05T23:33:53,2026-10-05T23:33:53
6613,朋億,2021-03-12,140.5,0.0,0.00%,,,,,,,,,ShowDailyK_ChartFlow,FinMind_API_TaiwanStockPrice_6613,True,2026-10-05T23:33:53,2026-10-05T23:33:53,2026-10-05T23:33:53
6613,朋億,2021-03-15,141.0,0.5,0.36%,,,,,,,,,ShowDailyK_ChartFlow,FinMind_API_TaiwanStockPrice_6613,True,2026-10-05T23:33:53,2026-10-05T23:33:53,2026-10-05T23:33:53
6613,朋億,2021-03-16,140.5,-0.5,-0.35%,,,,,,,,,ShowDailyK_ChartFlow,FinMind_API_TaiwanStockPrice_6613,True,2026-10-05T23:33:53,2026-10-05T23:33:53,2026-10-05T23:33:53
6613,朋億,2021-03-17,141.0,0.5,0.36%,,,,,,,,,ShowDailyK_ChartFlow,FinMind_API_TaiwanStockPrice_6613,True,2026-10-05T23:33:53,2026-10-05T23:33:53,2026-10-05T23:33:53
6613,朋億,2021-03-18,141.5,0.5,0.35%,,,,,,,,,ShowDailyK_ChartFlow,FinMind_API_TaiwanStockPrice_6613,True,2026-10-05T23:33:53,2026-10-05T23:33:53,2026-10-05T23:33:53
6613,朋億,2021-03-19,141.0,-0.5,-0.35%,,,,,,,,,ShowDailyK_ChartFlow,FinMind_API_TaiwanStockPrice_6613,True,2026-10-05T23:33:53,2026-10-05T23:33:53,2026-10-05T23:33:53
6613,朋億,2021-03-22,141.0,0.0,0.00%,,,,,,,,,ShowDailyK_ChartFlow,FinMind_API_TaiwanStockPrice_6613,True,2026-10-05T23:33:53,2026-10-05T23:33:53,2026-10-05T23:33:53
6613,朋億,2021-03-23,140.5,-0.5,-0.35%,,,,,,,,,ShowDailyK_ChartFlow,FinMind_API_TaiwanStockPrice_6613,True,2026-10-05T23:33:53,2026-10-05T23:33:53,2026-10-05T23:33:53
6613,朋億,2021-03-24,140.5,0.0,0.00%,,,,,,,,,ShowDailyK_ChartFlow,FinMind_API_TaiwanStockPrice_6613,True,2026-10-05T23:33:53,2026-10-05T23:33:53,2026-10-05T23:33:53
6613,朋億,2021-03-25,140.5,0.0,0.00%,,,,,,,,,ShowDailyK_ChartFlow,FinMind_API_TaiwanStockPrice_6613,True,2026-10-05T23:33:53,2026-10-05T23:33:53,2026-10-05T23:33:53
6613,朋億,2021-03-26,141.0,0.5,0.36%,,,,,,,,,ShowDailyK_ChartFlow,FinMind_API_TaiwanStockPrice_6613,True,2026-10-05T23:33:53,2026-10-05T23:33:53,2026-10-05T23:33:53
6613,朋億,2021-03-29,141.5,0.5,0.35%,,,,,,,,,ShowDailyK_ChartFlow,FinMind_API_TaiwanStockPrice_6613,True,2026-10-05T23:33:53,2026-10-05T23:33:53,2026-10-05T23:33:53
6613,朋億,2021-03-30,142.5,1.0,0.71%,,,,,,,,,ShowDailyK_ChartFlow,FinMind_API_TaiwanStockPrice_6613,True,2026-10-05T23:33:53,2026-10-05T23:33:53,2026-10-05T23:33:53
6613,朋億,2021-03-31,141.5,-1.0,-0.70%,,,,,,,,,ShowDailyK_ChartFlow,FinMind_API_TaiwanStockPrice_6613,True,2026-10-05T23:33:53,2026-10-05T23:33:53,2026-10-05T23:33:53
6613,朋億,2021-04-01,142.0,0.5,0.35%,,,,,,,,,ShowDailyK_ChartFlow,FinMind_API_TaiwanStockPrice_6613,True,2026-10-05T23:33:53,2026-10-05T23:33:53,2026-10-05T23:33:53
6613,朋億,2021-04-06,142.5,0.5,0.35%,,,,,,,,,ShowDailyK_ChartFlow,FinMind_API_TaiwanStockPrice_6613,True,2026-10-05T23:33:53,2026-10-05T23:33:53,2026-10-05T23:33:53
6613,朋億,2021-04-07,144.0,1.5,1.05%,,,,,,,,,ShowDailyK_ChartFlow,FinMind_API_TaiwanStockPrice_6613,True,2026-10-05T23:33:53,2026-10-05T23:33:53,2026-10-05T23:33:53
6613,朋億,2021-04-08,143.5,-0.5,-0.35%,,,,,,,,,ShowDailyK_ChartFlow,FinMind_API_TaiwanStockPrice_6613,True,2026-10-05T23:33:53,2026-10-05T23:33:53,2026-10-05T23:33:53
6613,朋億,2021-04-09,143.5,0.0,0.00%,,,,,,,,,ShowDailyK_ChartFlow,FinMind_API_TaiwanStockPrice_6613,True,2026-10-05T23:33:53,2026-10-05T23:33:53,2026-10-05T23:33:53
6613,朋億,2021-04-12,142.5,-1.0,-0.70%,,,,,,,,,ShowDailyK_ChartFlow,FinMind_API_TaiwanStockPrice_6613,True,2026-10-05T23:33:53,2026-10-05T23:33:53,2026-10-05T23:33:53
6613,朋億,2021-04-13,141.5,-1.0,-0.70%,,,,,,,,,ShowDailyK_ChartFlow,FinMind_API_TaiwanStockPrice_6613,True,2026-10-05T23:33:53,2026-10-05T23:33:53,2026-10-05T23:33:53
6613,朋億,2021-04-14,141.5,0.0,0.00%,,,,,,,,,ShowDailyK_ChartFlow,FinMind_API_TaiwanStockPrice_6613,True,2026-10-05T23:33:53,2026-10-05T23:33:53,2026-10-05T23:33:53
6613,朋億,2021-04-15,141.5,0.0,0.00%,,,,,,,,,ShowDailyK_ChartFlow,FinMind_API_TaiwanStockPrice_6613,True,2026-10-05T23:33:53,2026-10-05T23:33:53,2026-10-05T23:33:53
6613,朋億,2021-04-16,142.5,1.0,0.71%,,,,,,,,,ShowDailyK_ChartFlow,FinMind_API_TaiwanStockPrice_6613,True,2026-10-05T23:33:53,2026-10-05T23:33:53,2026-10-05T23:33:53
6613,朋億,2021-04-19,142.5,0.0,0.00%,,,,,,,,,ShowDailyK_ChartFlow,FinMind_API_TaiwanStockPrice_6613,True,2026-10-05T23:33:53,2026-10-05T23:33:53,2026-10-05T23:33:53
6613,朋億,2021-04-20,143.0,0.5,0.35%,,,,,,,,,ShowDailyK_ChartFlow,FinMind_API_TaiwanStockPrice_6613,True,2026-10-05T23:33:53,2026-10-05T23:33:53,2026-10-05T23:33:53
6613,朋億,2021-04-21,143.5,0.5,0.35%,,,,,,,,,ShowDailyK_ChartFlow,FinMind_API_TaiwanStockPrice_6613,True,2026-10-05T23:33:53,2026-10-05T23:33:53,2026-10-05T23:33:53
6613,朋億,2021-04-22,142.5,-1.0,-0.70%,,,,,,,,,ShowDailyK_ChartFlow,FinMind_API_TaiwanStockPrice_6613,True,2026-10-05T23:33:53,2026-10-05T23:33:53,2026-10-05T23:33:53
6613,朋億,2021-04-23,142.5,0.0,0.00%,,,,,,,,,ShowDailyK_ChartFlow,FinMind_API_TaiwanStockPrice_6613,True,2026-10-05T23:33:53,2026-10-05T23:33:53,2026-10-05T23:33:53
6613,朋億,2021-04-26,145.5,3.0,2.11%,,,,,,,,,ShowDailyK_ChartFlow,FinMind_API_TaiwanStockPrice_6613,True,2026-10-05T23:33:53,2026-10-05T23:33:53,2026-10-05T23:33:53
6613,朋億,2021-04-27,144.5,-1.0,-0.69%,,,,,,,,,ShowDailyK_ChartFlow,FinMind_API_TaiwanStockPrice_6613,True,2026-10-05T23:33:53,2026-10-05T23:33:53,2026-10-05T23:33:53
6613,朋億,2021-04-28,143.0,-1.5,-1.04%,,,,,,,,,ShowDailyK_ChartFlow,FinMind_API_TaiwanStockPrice_6613,True,2026-10-05T23:33:53,2026-10-05T23:33:53,2026-10-05T23:33:53
6613,朋億,2021-04-29,142.5,-0.5,-0.35%,,,,,,,,,ShowDailyK_ChartFlow,FinMind_API_TaiwanStockPrice_6613,True,2026-10-05T23:33:53,2026-10-05T23:33:53,2026-10-05T23:33:53
6613,朋億,2021-05-03,141.0,-1.5,-1.05%,,,,,,,,,ShowDailyK_ChartFlow,FinMind_API_TaiwanStockPrice_6613,True,2026-10-05T23:33:53,2026-10-05T23:33:53,2026-10-05T23:33:53
6613,朋億,2021-05-04,138.5,-2.5,-1.77%,,,,,,,,,ShowDailyK_ChartFlow,FinMind_API_TaiwanStockPrice_6613,True,2026-10-05T23:33:53,2026-10-05T23:33:53,2026-10-05T23:33:53
6613,朋億,2021-05-05,138.5,0.0,0.00%,,,,,,,,,ShowDailyK_ChartFlow,FinMind_API_TaiwanStockPrice_6613,True,2026-10-05T23:33:53,2026-10-05T23:33:53,2026-10-05T23:33:53
6613,朋億,2021-05-06,139.0,0.5,0.36%,,,,,,,,,ShowDailyK_ChartFlow,FinMind_API_TaiwanStockPrice_6613,True,2026-10-05T23:33:53,2026-10-05T23:33:53,2026-10-05T23:33:53
6613,朋億,2021-05-07,140.5,1.5,1.08%,,,,,,,,,ShowDailyK_ChartFlow,FinMind_API_TaiwanStockPrice_6613,True,2026-10-05T23:33:53,2026-10-05T23:33:53,2026-10-05T23:33:53
6613,朋億,2021-05-10,139.0,-1.5,-1.07%,,,,,,,,,ShowDailyK_ChartFlow,FinMind_API_TaiwanStockPrice_6613,True,2026-10-05T23:33:53,2026-10-05T23:33:53,2026-10-05T23:33:53
6613,朋億,2021-05-11,136.0,-3.0,-2.16%,,,,,,,,,ShowDailyK_ChartFlow,FinMind_API_TaiwanStockPrice_6613,True,2026-10-05T23:33:53,2026-10-05T23:33:53,2026-10-05T23:33:53
6613,朋億,2021-05-12,133.0,-3.0,-2.21%,,,,,,,,,ShowDailyK_ChartFlow,FinMind_API_TaiwanStockPrice_6613,True,2026-10-05T23:33:53,2026-10-05T23:33:53,2026-10-05T23:33:53
6613,朋億,2021-05-13,133.0,0.0,0.00%,,,,,,,,,ShowDailyK_ChartFlow,FinMind_API_TaiwanStockPrice_6613,True,2026-10-05T23:33:53,2026-10-05T23:33:53,2026-10-05T23:33:53
6613,朋億,2021-05-14,133.0,0.0,0.00%,,,,,,,,,ShowDailyK_ChartFlow,FinMind_API_TaiwanStockPrice_6613,True,2026-10-05T23:33:53,2026-10-05T23:33:53,2026-10-05T23:33:53
6613,朋億,2021-05-17,130.0,-3.0,-2.26%,,,,,,,,,ShowDailyK_ChartFlow,FinMind_API_TaiwanStockPrice_6613,True,2026-10-05T23:33:53,2026-10-05T23:33:53,2026-10-05T23:33:53
6613,朋億,2021-05-18,132.0,2.0,1.54%,,,,,,,,,ShowDailyK_ChartFlow,FinMind_API_TaiwanStockPrice_6613,True,2026-10-05T23:33:53,2026-10-05T23:33:53,2026-10-05T23:33:53
6613,朋億,2021-05-19,132.0,0.0,0.00%,,,,,,,,,ShowDailyK_ChartFlow,FinMind_API_TaiwanStockPrice_6613,True,2026-10-05T23:33:53,2026-10-05T23:33:53,2026-10-05T23:33:53
6613,朋億,2021-05-20,131.5,-0.5,-0.38%,,,,,,,,,ShowDailyK_ChartFlow,FinMind_API_TaiwanStockPrice_6613,True,2026-10-05T23:33:53,2026-10-05T23:33:53,2026-10-05T23:33:53
6613,朋億,2021-05-21,132.0,0.5,0.38%,,,,,,,,,ShowDailyK_ChartFlow,FinMind_API_TaiwanStockPrice_6613,True,2026-10-05T23:33:53,2026-10-05T23:33:53,2026-10-05T23:33:53
6613,朋億,2021-05-24,132.0,0.0,0.00%,,,,,,,,,ShowDailyK_ChartFlow,FinMind_API_TaiwanStockPrice_6613,True,2026-10-05T23:33:53,2026-10-05T23:33:53,2026-10-05T23:33:53
6613,朋億,2021-05-25,132.0,0.0,0.00%,,,,,,,,,ShowDailyK_ChartFlow,FinMind_API_TaiwanStockPrice_6613,True,2026-10-05T23:33:53,2026-10-05T23:33:53,2026-10-05T23:33:53
6613,朋億,2021-05-26,132.0,0.0,0.00%,,,,,,,,,ShowDailyK_ChartFlow,FinMind_API_TaiwanStockPrice_6613,True,2026-10-05T23:33:53,2026-10-05T23:33:53,2026-10-05T23:33:53
6613,朋億,2021-05-27,132.0,0.0,0.00%,,,,,,,,,ShowDailyK_ChartFlow,FinMind_API_TaiwanStockPrice_6613,True,2026-10-05T23:33:53,2026-10-05T23:33:53,2026-10-05T23:33:53
6613,朋億,2021-05-28,132.0,0.0,0.00%,,,,,,,,,ShowDailyK_ChartFlow,FinMind_API_TaiwanStockPrice_6613,True,2026-10-05T23:33:53,2026-10-05T23:33:53,2026-10-05T23:33:53
6613,朋億,2021-05-31,132.0,0.0,0.00%,,,,,,,,,ShowDailyK_ChartFlow,FinMind_API_TaiwanStockPrice_6613,True,2026-10-05T23:33:53,2026-10-05T23:33:53,2026-10-05T23:33:53
6613,朋億,2021-06-01,132.0,0.0,0.00%,,,,,,,,,ShowDailyK_ChartFlow,FinMind_API_TaiwanStockPrice_6613,True,2026-10-05T23:33:53,2026-10-05T23:33:53,2026-10-05T23:33:53
6613,朋億,2021-06-02,133.0,1.0,0.76%,,,,,,,,,ShowDailyK_ChartFlow,FinMind_API_TaiwanStockPrice_6613,True,2026-10-05T23:33:53,2026-10-05T23:33:53,2026-10-05T23:33:53
6613,朋億,2021-06-03,134.5,1.5,1.13%,,,,,,,,,ShowDailyK_ChartFlow,FinMind_API_TaiwanStockPrice_6613,True,2026-10-05T23:33:53,2026-10-05T23:33:53,2026-10-05T23:33:53
6613,朋億,2021-06-04,134.0,-0.5,-0.37%,,,,,,,,,ShowDailyK_ChartFlow,FinMind_API_TaiwanStockPrice_6613,True,2026-10-05T23:33:53,2026-10-05T23:33:53,2026-10-05T23:33:53
6613,朋億,2021-06-07,134.0,0.0,0.00%,,,,,,,,,ShowDailyK_ChartFlow,FinMind_API_TaiwanStockPrice_6613,True,2026-10-05T23:33:53,2026-10-05T23:33:53,2026-10-05T23:33:53
6613,朋億,2021-06-08,134.5,0.5,0.37%,,,,,,,,,ShowDailyK_ChartFlow,FinMind_API_TaiwanStockPrice_6613,True,2026-10-05T23:33:53,2026-10-05T23:33:53,2026-10-05T23:33:53
6613,朋億,2021-06-09,137.0,2.5,1.86%,,,,,,,,,ShowDailyK_ChartFlow,FinMind_API_TaiwanStockPrice_6613,True,2026-10-05T23:33:53,2026-10-05T23:33:53,2026-10-05T23:33:53
6613,朋億,2021-06-10,140.5,3.5,2.55%,,,,,,,,,ShowDailyK_ChartFlow,FinMind_API_TaiwanStockPrice_6613,True,2026-10-05T23:33:53,2026-10-05T23:33:53,2026-10-05T23:33:53
6613,朋億,2021-06-11,139.5,-1.0,-0.71%,,,,,,,,,ShowDailyK_ChartFlow,FinMind_API_TaiwanStockPrice_6613,True,2026-10-05T23:33:53,2026-10-05T23:33:53,2026-10-05T23:33:53
6613,朋億,2021-06-15,139.5,0.0,0.00%,,,,,,,,,ShowDailyK_ChartFlow,FinMind_API_TaiwanStockPrice_6613,True,2026-10-05T23:33:53,2026-10-05T23:33:53,2026-10-05T23:33:53
6613,朋億,2021-06-16,139.0,-0.5,-0.36%,,,,,,,,,ShowDailyK_ChartFlow,FinMind_API_TaiwanStockPrice_6613,True,2026-10-05T23:33:53,2026-10-05T23:33:53,2026-10-05T23:33:53
6613,朋億,2021-06-17,140.0,1.0,0.72%,,,,,,,,,ShowDailyK_ChartFlow,FinMind_API_TaiwanStockPrice_6613,True,2026-10-05T23:33:53,2026-10-05T23:33:53,2026-10-05T23:33:53
6613,朋億,2021-06-18,139.5,-0.5,-0.36%,,,,,,,,,ShowDailyK_ChartFlow,FinMind_API_TaiwanStockPrice_6613,True,2026-10-05T23:33:53,2026-10-05T23:33:53,2026-10-05T23:33:53
6613,朋億,2021-06-21,140.5,1.0,0.72%,,,,,,,,,ShowDailyK_ChartFlow,FinMind_API_TaiwanStockPrice_6613,True,2026-10-05T23:33:53,2026-10-05T23:33:53,2026-10-05T23:33:53
6613,朋億,2021-06-22,141.5,1.0,0.71%,,,,,,,,,ShowDailyK_ChartFlow,FinMind_API_TaiwanStockPrice_6613,True,2026-10-05T23:33:53,2026-10-05T23:33:53,2026-10-05T23:33:53
6613,朋億,2021-06-23,142.5,1.0,0.71%,,,,,,,,,ShowDailyK_ChartFlow,FinMind_API_TaiwanStockPrice_6613,True,2026-10-05T23:33:53,2026-10-05T23:33:53,2026-10-05T23:33:53
6613,朋億,2021-06-24,143.0,0.5,0.35%,,,,,,,,,ShowDailyK_ChartFlow,FinMind_API_TaiwanStockPrice_6613,True,2026-10-05T23:33:53,2026-10-05T23:33:53,2026-10-05T23:33:53
6613,朋億,2021-06-25,144.0,1.0,0.70%,,,,,,,,,ShowDailyK_ChartFlow,FinMind_API_TaiwanStockPrice_6613,True,2026-10-05T23:33:53,2026-10-05T23:33:53,2026-10-05T23:33:53
6613,朋億,2021-06-28,135.0,-9.0,-6.25%,,,,,,,,,ShowDailyK_ChartFlow,FinMind_API_TaiwanStockPrice_6613,True,2026-10-05T23:33:53,2026-10-05T23:33:53,2026-10-05T23:33:53
6613,朋億,2021-06-29,135.5,0.5,0.37%,,,,,,,,,ShowDailyK_ChartFlow,FinMind_API_TaiwanStockPrice_6613,True,2026-10-05T23:33:53,2026-10-05T23:33:53,2026-10-05T23:33:53
6613,朋億,2021-06-30,135.5,0.0,0.00%,,,,,,,,,ShowDailyK_ChartFlow,FinMind_API_TaiwanStockPrice_6613,True,2026-10-05T23:33:53,2026-10-05T23:33:53,2026-10-05T23:33:53
6613,朋億,2021-07-01,134.5,-1.0,-0.74%,,,,,,,,,ShowDailyK_ChartFlow,FinMind_API_TaiwanStockPrice_6613,True,2026-10-05T23:33:53,2026-10-05T23:33:53,2026-10-05T23:33:53
6613,朋億,2021-07-02,133.5,-1.0,-0.74%,,,,,,,,,ShowDailyK_ChartFlow,FinMind_API_TaiwanStockPrice_6613,True,2026-10-05T23:33:53,2026-10-05T23:33:53,2026-10-05T23:33:53
6613,朋億,2021-07-05,135.5,2.0,1.50%,,,,,,,,,ShowDailyK_ChartFlow,FinMind_API_TaiwanStockPrice_6613,True,2026-10-05T23:33:53,2026-10-05T23:33:53,2026-10-05T23:33:53
6613,朋億,2021-07-06,135.0,-0.5,-0.37%,,,,,,,,,ShowDailyK_ChartFlow,FinMind_API_TaiwanStockPrice_6613,True,2026-10-05T23:33:53,2026-10-05T23:33:53,2026-10-05T23:33:53
6613,朋億,2021-07-07,135.0,0.0,0.00%,,,,,,,,,ShowDailyK_ChartFlow,FinMind_API_TaiwanStockPrice_6613,True,2026-10-05T23:33:53,2026-10-05T23:33:53,2026-10-05T23:33:53
6613,朋億,2021-07-08,135.0,0.0,0.00%,,,,,,,,,ShowDailyK_ChartFlow,FinMind_API_TaiwanStockPrice_6613,True,2026-10-05T23:33:53,2026-10-05T23:33:53,2026-10-05T23:33:53
6613,朋億,2021-07-09,136.0,1.0,0.74%,,,,,,,,,ShowDailyK_ChartFlow,FinMind_API_TaiwanStockPrice_6613,True,2026-10-05T23:33:53,2026-10-05T23:33:53,2026-10-05T23:33:53
6613,朋億,2021-07-12,139.5,3.5,2.57%,,,,,,,,,ShowDailyK_ChartFlow,FinMind_API_TaiwanStockPrice_6613,True,2026-10-05T23:33:53,2026-10-05T23:33:53,2026-10-05T23:33:53
6613,朋億,2021-07-13,139.5,0.0,0.00%,,,,,,,,,ShowDailyK_ChartFlow,FinMind_API_TaiwanStockPrice_6613,True,2026-10-05T23:33:53,2026-10-05T23:33:53,2026-10-05T23:33:53
6613,朋億,2021-07-14,140.5,1.0,0.72%,,,,,,,,,ShowDailyK_ChartFlow,FinMind_API_TaiwanStockPrice_6613,True,2026-10-05T23:33:53,2026-10-05T23:33:53,2026-10-05T23:33:53
6613,朋億,2021-07-15,140.5,0.0,0.00%,,,,,,,,,ShowDailyK_ChartFlow,FinMind_API_TaiwanStockPrice_6613,True,2026-10-05T23:33:53,2026-10-05T23:33:53,2026-10-05T23:33:53
6613,朋億,2021-07-16,141.0,0.5,0.36%,,,,,,,,,ShowDailyK_ChartFlow,FinMind_API_TaiwanStockPrice_6613,True,2026-10-05T23:33:53,2026-10-05T23:33:53,2026-10-05T23:33:53
6613,朋億,2021-07-19,140.5,-0.5,-0.35%,,,,,,,,,ShowDailyK_ChartFlow,FinMind_API_TaiwanStockPrice_6613,True,2026-10-05T23:33:53,2026-10-05T23:33:53,2026-10-05T23:33:53
6613,朋億,2021-07-20,138.5,-2.0,-1.42%,,,,,,,,,ShowDailyK_ChartFlow,FinMind_API_TaiwanStockPrice_6613,True,2026-10-05T23:33:53,2026-10-05T23:33:53,2026-10-05T23:33:53
6613,朋億,2021-07-21,138.0,-0.5,-0.36%,,,,,,,,,ShowDailyK_ChartFlow,FinMind_API_TaiwanStockPrice_6613,True,2026-10-05T23:33:53,2026-10-05T23:33:53,2026-10-05T23:33:53
6613,朋億,2021-07-22,138.0,0.0,0.00%,,,,,,,,,ShowDailyK_ChartFlow,FinMind_API_TaiwanStockPrice_6613,True,2026-10-05T23:33:53,2026-10-05T23:33:53,2026-10-05T23:33:53
6613,朋億,2021-07-23,143.5,5.5,3.99%,,,,,,,,,ShowDailyK_ChartFlow,FinMind_API_TaiwanStockPrice_6613,True,2026-10-05T23:33:53,2026-10-05T23:33:53,2026-10-05T23:33:53
6613,朋億,2021-07-26,149.5,6.0,4.18%,,,,,,,,,ShowDailyK_ChartFlow,FinMind_API_TaiwanStockPrice_6613,True,2026-10-05T23:33:53,2026-10-05T23:33:53,2026-10-05T23:33:53
6613,朋億,2021-07-27,149.5,0.0,0.00%,,,,,,,,,ShowDailyK_ChartFlow,FinMind_API_TaiwanStockPrice_6613,True,2026-10-05T23:33:53,2026-10-05T23:33:53,2026-10-05T23:33:53
6613,朋億,2021-07-28,149.0,-0.5,-0.33%,,,,,,,,,ShowDailyK_ChartFlow,FinMind_API_TaiwanStockPrice_6613,True,2026-10-05T23:33:53,2026-10-05T23:33:53,2026-10-05T23:33:53
6613,朋億,2021-07-29,153.0,4.0,2.68%,,,,,,,,,ShowDailyK_ChartFlow,FinMind_API_TaiwanStockPrice_6613,True,2026-10-05T23:33:53,2026-10-05T23:33:53,2026-10-05T23:33:53
6613,朋億,2021-07-30,152.0,-1.0,-0.65%,,,,,,,,,ShowDailyK_ChartFlow,FinMind_API_TaiwanStockPrice_6613,True,2026-10-05T23:33:53,2026-10-05T23:33:53,2026-10-05T23:33:53
6613,朋億,2021-08-02,153.0,1.0,0.66%,,,,,,,,,ShowDailyK_ChartFlow,FinMind_API_TaiwanStockPrice_6613,True,2026-10-05T23:33:53,2026-10-05T23:33:53,2026-10-05T23:33:53
6613,朋億,2021-08-03,150.0,-3.0,-1.96%,,,,,,,,,ShowDailyK_ChartFlow,FinMind_API_TaiwanStockPrice_6613,True,2026-10-05T23:33:53,2026-10-05T23:33:53,2026-10-05T23:33:53
6613,朋億,2021-08-04,150.5,0.5,0.33%,,,,,,,,,ShowDailyK_ChartFlow,FinMind_API_TaiwanStockPrice_6613,True,2026-10-05T23:33:53,2026-10-05T23:33:53,2026-10-05T23:33:53
6613,朋億,2021-08-05,151.5,1.0,0.66%,,,,,,,,,ShowDailyK_ChartFlow,FinMind_API_TaiwanStockPrice_6613,True,2026-10-05T23:33:53,2026-10-05T23:33:53,2026-10-05T23:33:53
6613,朋億,2021-08-06,150.0,-1.5,-0.99%,,,,,,,,,ShowDailyK_ChartFlow,FinMind_API_TaiwanStockPrice_6613,True,2026-10-05T23:33:53,2026-10-05T23:33:53,2026-10-05T23:33:53
6613,朋億,2021-08-09,147.5,-2.5,-1.67%,,,,,,,,,ShowDailyK_ChartFlow,FinMind_API_TaiwanStockPrice_6613,True,2026-10-05T23:33:53,2026-10-05T23:33:53,2026-10-05T23:33:53
6613,朋億,2021-08-10,148.0,0.5,0.34%,,,,,,,,,ShowDailyK_ChartFlow,FinMind_API_TaiwanStockPrice_6613,True,2026-10-05T23:33:53,2026-10-05T23:33:53,2026-10-05T23:33:53
6613,朋億,2021-08-11,149.0,1.0,0.68%,,,,,,,,,ShowDailyK_ChartFlow,FinMind_API_TaiwanStockPrice_6613,True,2026-10-05T23:33:53,2026-10-05T23:33:53,2026-10-05T23:33:53
6613,朋億,2021-08-12,149.0,0.0,0.00%,,,,,,,,,ShowDailyK_ChartFlow,FinMind_API_TaiwanStockPrice_6613,True,2026-10-05T23:33:53,2026-10-05T23:33:53,2026-10-05T23:33:53
6613,朋億,2021-08-13,148.5,-0.5,-0.34%,,,,,,,,,ShowDailyK_ChartFlow,FinMind_API_TaiwanStockPrice_6613,True,2026-10-05T23:33:53,2026-10-05T23:33:53,2026-10-05T23:33:53
6613,朋億,2021-08-16,142.5,-6.0,-4.04%,,,,,,,,,ShowDailyK_ChartFlow,FinMind_API_TaiwanStockPrice_6613,True,2026-10-05T23:33:53,2026-10-05T23:33:53,2026-10-05T23:33:53
6613,朋億,2021-08-17,141.0,-1.5,-1.05%,,,,,,,,,ShowDailyK_ChartFlow,FinMind_API_TaiwanStockPrice_6613,True,2026-10-05T23:33:53,2026-10-05T23:33:53,2026-10-05T23:33:53
6613,朋億,2021-08-18,144.0,3.0,2.13%,,,,,,,,,ShowDailyK_ChartFlow,FinMind_API_TaiwanStockPrice_6613,True,2026-10-05T23:33:53,2026-10-05T23:33:53,2026-10-05T23:33:53
6613,朋億,2021-08-19,140.0,-4.0,-2.78%,,,,,,,,,ShowDailyK_ChartFlow,FinMind_API_TaiwanStockPrice_6613,True,2026-10-05T23:33:53,2026-10-05T23:33:53,2026-10-05T23:33:53
6613,朋億,2021-08-20,140.0,0.0,0.00%,,,,,,,,,ShowDailyK_ChartFlow,FinMind_API_TaiwanStockPrice_6613,True,2026-10-05T23:33:53,2026-10-05T23:33:53,2026-10-05T23:33:53
6613,朋億,2021-08-23,142.0,2.0,1.43%,,,,,,,,,ShowDailyK_ChartFlow,FinMind_API_TaiwanStockPrice_6613,True,2026-10-05T23:33:53,2026-10-05T23:33:53,2026-10-05T23:33:53
6613,朋億,2021-08-24,141.5,-0.5,-0.35%,,,,,,,,,ShowDailyK_ChartFlow,FinMind_API_TaiwanStockPrice_6613,True,2026-10-05T23:33:53,2026-10-05T23:33:53,2026-10-05T23:33:53
6613,朋億,2021-08-25,143.5,2.0,1.41%,,,,,,,,,ShowDailyK_ChartFlow,FinMind_API_TaiwanStockPrice_6613,True,2026-10-05T23:33:53,2026-10-05T23:33:53,2026-10-05T23:33:53
6613,朋億,2021-08-26,144.5,1.0,0.70%,,,,,,,,,ShowDailyK_ChartFlow,FinMind_API_TaiwanStockPrice_6613,True,2026-10-05T23:33:53,2026-10-05T23:33:53,2026-10-05T23:33:53
6613,朋億,2021-08-27,146.5,2.0,1.38%,,,,,,,,,ShowDailyK_ChartFlow,FinMind_API_TaiwanStockPrice_6613,True,2026-10-05T23:33:53,2026-10-05T23:33:53,2026-10-05T23:33:53
6613,朋億,2021-08-30,146.5,0.0,0.00%,,,,,,,,,ShowDailyK_ChartFlow,FinMind_API_TaiwanStockPrice_6613,True,2026-10-05T23:33:53,2026-10-05T23:33:53,2026-10-05T23:33:53
6613,朋億,2021-08-31,146.5,0.0,0.00%,,,,,,,,,ShowDailyK_ChartFlow,FinMind_API_TaiwanStockPrice_6613,True,2026-10-05T23:33:53,2026-10-05T23:33:53,2026-10-05T23:33:53
6613,朋億,2021-09-01,146.0,-0.5,-0.34%,,,,,,,,,ShowDailyK_ChartFlow,FinMind_API_TaiwanStockPrice_6613,True,2026-10-05T23:33:53,2026-10-05T23:33:53,2026-10-05T23:33:53
6613,朋億,2021-09-02,146.0,0.0,0.00%,,,,,,,,,ShowDailyK_ChartFlow,FinMind_API_TaiwanStockPrice_6613,True,2026-10-05T23:33:53,2026-10-05T23:33:53,2026-10-05T23:33:53
6613,朋億,2021-09-03,146.5,0.5,0.34%,,,,,,,,,ShowDailyK_ChartFlow,FinMind_API_TaiwanStockPrice_6613,True,2026-10-05T23:33:53,2026-10-05T23:33:53,2026-10-05T23:33:53
6613,朋億,2021-09-06,144.5,-2.0,-1.37%,,,,,,,,,ShowDailyK_ChartFlow,FinMind_API_TaiwanStockPrice_6613,True,2026-10-05T23:33:53,2026-10-05T23:33:53,2026-10-05T23:33:53
6613,朋億,2021-09-07,143.5,-1.0,-0.69%,,,,,,,,,ShowDailyK_ChartFlow,FinMind_API_TaiwanStockPrice_6613,True,2026-10-05T23:33:53,2026-10-05T23:33:53,2026-10-05T23:33:53
6613,朋億,2021-09-08,142.5,-1.0,-0.70%,,,,,,,,,ShowDailyK_ChartFlow,FinMind_API_TaiwanStockPrice_6613,True,2026-10-05T23:33:53,2026-10-05T23:33:53,2026-10-05T23:33:53
6613,朋億,2021-09-09,143.0,0.5,0.35%,,,,,,,,,ShowDailyK_ChartFlow,FinMind_API_TaiwanStockPrice_6613,True,2026-10-05T23:33:53,2026-10-05T23:33:53,2026-10-05T23:33:53
6613,朋億,2021-09-10,142.5,-0.5,-0.35%,,,,,,,,,ShowDailyK_ChartFlow,FinMind_API_TaiwanStockPrice_6613,True,2026-10-05T23:33:53,2026-10-05T23:33:53,2026-10-05T23:33:53
6613,朋億,2021-09-13,142.5,0.0,0.00%,,,,,,,,,ShowDailyK_ChartFlow,FinMind_API_TaiwanStockPrice_6613,True,2026-10-05T23:33:53,2026-10-05T23:33:53,2026-10-05T23:33:53
6613,朋億,2021-09-14,141.0,-1.5,-1.05%,,,,,,,,,ShowDailyK_ChartFlow,FinMind_API_TaiwanStockPrice_6613,True,2026-10-05T23:33:53,2026-10-05T23:33:53,2026-10-05T23:33:53
6613,朋億,2021-09-15,142.5,1.5,1.06%,,,,,,,,,ShowDailyK_ChartFlow,FinMind_API_TaiwanStockPrice_6613,True,2026-10-05T23:33:53,2026-10-05T23:33:53,2026-10-05T23:33:53
6613,朋億,2021-09-16,142.5,0.0,0.00%,,,,,,,,,ShowDailyK_ChartFlow,FinMind_API_TaiwanStockPrice_6613,True,2026-10-05T23:33:53,2026-10-05T23:33:53,2026-10-05T23:33:53
6613,朋億,2021-09-17,144.0,1.5,1.05%,,,,,,,,,ShowDailyK_ChartFlow,FinMind_API_TaiwanStockPrice_6613,True,2026-10-05T23:33:53,2026-10-05T23:33:53,2026-10-05T23:33:53
6613,朋億,2021-09-22,142.5,-1.5,-1.04%,,,,,,,,,ShowDailyK_ChartFlow,FinMind_API_TaiwanStockPrice_6613,True,2026-10-05T23:33:53,2026-10-05T23:33:53,2026-10-05T23:33:53
6613,朋億,2021-09-23,145.0,2.5,1.75%,,,,,,,,,ShowDailyK_ChartFlow,FinMind_API_TaiwanStockPrice_6613,True,2026-10-05T23:33:53,2026-10-05T23:33:53,2026-10-05T23:33:53
6613,朋億,2021-09-24,145.0,0.0,0.00%,,,,,,,,,ShowDailyK_ChartFlow,FinMind_API_TaiwanStockPrice_6613,True,2026-10-05T23:33:53,2026-10-05T23:33:53,2026-10-05T23:33:53
6613,朋億,2021-09-27,145.5,0.5,0.34%,,,,,,,,,ShowDailyK_ChartFlow,FinMind_API_TaiwanStockPrice_6613,True,2026-10-05T23:33:53,2026-10-05T23:33:53,2026-10-05T23:33:53
6613,朋億,2021-09-28,143.0,-2.5,-1.72%,,,,,,,,,ShowDailyK_ChartFlow,FinMind_API_TaiwanStockPrice_6613,True,2026-10-05T23:33:53,2026-10-05T23:33:53,2026-10-05T23:33:53
6613,朋億,2021-09-29,141.0,-2.0,-1.40%,,,,,,,,,ShowDailyK_ChartFlow,FinMind_API_TaiwanStockPrice_6613,True,2026-10-05T23:33:53,2026-10-05T23:33:53,2026-10-05T23:33:53
6613,朋億,2021-09-30,142.5,1.5,1.06%,,,,,,,,,ShowDailyK_ChartFlow,FinMind_API_TaiwanStockPrice_6613,True,2026-10-05T23:33:53,2026-10-05T23:33:53,2026-10-05T23:33:53
6613,朋億,2021-10-01,141.0,-1.5,-1.05%,,,,,,,,,ShowDailyK_ChartFlow,FinMind_API_TaiwanStockPrice_6613,True,2026-10-05T23:33:53,2026-10-05T23:33:53,2026-10-05T23:33:53
6613,朋億,2021-10-04,139.0,-2.0,-1.42%,,,,,,,,,ShowDailyK_ChartFlow,FinMind_API_TaiwanStockPrice_6613,True,2026-10-05T23:33:53,2026-10-05T23:33:53,2026-10-05T23:33:53
6613,朋億,2021-10-05,141.0,2.0,1.44%,,,,,,,,,ShowDailyK_ChartFlow,FinMind_API_TaiwanStockPrice_6613,True,2026-10-05T23:33:53,2026-10-05T23:33:53,2026-10-05T23:33:53
6613,朋億,2021-10-06,141.5,0.5,0.35%,,,,,,,,,ShowDailyK_ChartFlow,FinMind_API_TaiwanStockPrice_6613,True,2026-10-05T23:33:53,2026-10-05T23:33:53,2026-10-05T23:33:53
6613,朋億,2021-10-07,143.0,1.5,1.06%,,,,,,,,,ShowDailyK_ChartFlow,FinMind_API_TaiwanStockPrice_6613,True,2026-10-05T23:33:53,2026-10-05T23:33:53,2026-10-05T23:33:53
6613,朋億,2021-10-08,144.0,1.0,0.70%,,,,,,,,,ShowDailyK_ChartFlow,FinMind_API_TaiwanStockPrice_6613,True,2026-10-05T23:33:53,2026-10-05T23:33:53,2026-10-05T23:33:53
6613,朋億,2021-10-12,143.5,-0.5,-0.35%,,,,,,,,,ShowDailyK_ChartFlow,FinMind_API_TaiwanStockPrice_6613,True,2026-10-05T23:33:53,2026-10-05T23:33:53,2026-10-05T23:33:53
6613,朋億,2021-10-13,143.0,-0.5,-0.35%,,,,,,,,,ShowDailyK_ChartFlow,FinMind_API_TaiwanStockPrice_6613,True,2026-10-05T23:33:53,2026-10-05T23:33:53,2026-10-05T23:33:53
6613,朋億,2021-10-14,144.0,1.0,0.70%,,,,,,,,,ShowDailyK_ChartFlow,FinMind_API_TaiwanStockPrice_6613,True,2026-10-05T23:33:53,2026-10-05T23:33:53,2026-10-05T23:33:53
6613,朋億,2021-10-15,144.0,0.0,0.00%,,,,,,,,,ShowDailyK_ChartFlow,FinMind_API_TaiwanStockPrice_6613,True,2026-10-05T23:33:53,2026-10-05T23:33:53,2026-10-05T23:33:53
6613,朋億,2021-10-18,144.5,0.5,0.35%,,,,,,,,,ShowDailyK_ChartFlow,FinMind_API_TaiwanStockPrice_6613,True,2026-10-05T23:33:53,2026-10-05T23:33:53,2026-10-05T23:33:53
6613,朋億,2021-10-19,143.5,-1.0,-0.69%,,,,,,,,,ShowDailyK_ChartFlow,FinMind_API_TaiwanStockPrice_6613,True,2026-10-05T23:33:53,2026-10-05T23:33:53,2026-10-05T23:33:53
6613,朋億,2021-10-20,144.0,0.5,0.35%,,,,,,,,,ShowDailyK_ChartFlow,FinMind_API_TaiwanStockPrice_6613,True,2026-10-05T23:33:53,2026-10-05T23:33:53,2026-10-05T23:33:53
6613,朋億,2021-10-21,144.0,0.0,0.00%,,,,,,,,,ShowDailyK_ChartFlow,FinMind_API_TaiwanStockPrice_6613,True,2026-10-05T23:33:53,2026-10-05T23:33:53,2026-10-05T23:33:53
6613,朋億,2021-10-22,142.5,-1.5,-1.04%,,,,,,,,,ShowDailyK_ChartFlow,FinMind_API_TaiwanStockPrice_6613,True,2026-10-05T23:33:53,2026-10-05T23:33:53,2026-10-05T23:33:53
6613,朋億,2021-10-25,143.0,0.5,0.35%,,,,,,,,,ShowDailyK_ChartFlow,FinMind_API_TaiwanStockPrice_6613,True,2026-10-05T23:33:53,2026-10-05T23:33:53,2026-10-05T23:33:53
6613,朋億,2021-10-26,147.0,4.0,2.80%,,,,,,,,,ShowDailyK_ChartFlow,FinMind_API_TaiwanStockPrice_6613,True,2026-10-05T23:33:53,2026-10-05T23:33:53,2026-10-05T23:33:53
6613,朋億,2021-10-27,146.5,-0.5,-0.34%,,,,,,,,,ShowDailyK_ChartFlow,FinMind_API_TaiwanStockPrice_6613,True,2026-10-05T23:33:53,2026-10-05T23:33:53,2026-10-05T23:33:53
6613,朋億,2021-10-28,146.5,0.0,0.00%,,,,,,,,,ShowDailyK_ChartFlow,FinMind_API_TaiwanStockPrice_6613,True,2026-10-05T23:33:53,2026-10-05T23:33:53,2026-10-05T23:33:53
6613,朋億,2021-10-29,146.5,0.0,0.00%,,,,,,,,,ShowDailyK_ChartFlow,FinMind_API_TaiwanStockPrice_6613,True,2026-10-05T23:33:53,2026-10-05T23:33:53,2026-10-05T23:33:53
6613,朋億,2021-11-01,147.5,1.0,0.68%,,,,,,,,,ShowDailyK_ChartFlow,FinMind_API_TaiwanStockPrice_6613,True,2026-10-05T23:33:53,2026-10-05T23:33:53,2026-10-05T23:33:53
6613,朋億,2021-11-02,147.0,-0.5,-0.34%,,,,,,,,,ShowDailyK_ChartFlow,FinMind_API_TaiwanStockPrice_6613,True,2026-10-05T23:33:53,2026-10-05T23:33:53,2026-10-05T23:33:53
6613,朋億,2021-11-03,147.5,0.5,0.34%,,,,,,,,,ShowDailyK_ChartFlow,FinMind_API_TaiwanStockPrice_6613,True,2026-10-05T23:33:53,2026-10-05T23:33:53,2026-10-05T23:33:53
6613,朋億,2021-11-04,152.0,4.5,3.05%,,,,,,,,,ShowDailyK_ChartFlow,FinMind_API_TaiwanStockPrice_6613,True,2026-10-05T23:33:53,2026-10-05T23:33:53,2026-10-05T23:33:53
6613,朋億,2021-11-05,149.5,-2.5,-1.64%,,,,,,,,,ShowDailyK_ChartFlow,FinMind_API_TaiwanStockPrice_6613,True,2026-10-05T23:33:53,2026-10-05T23:33:53,2026-10-05T23:33:53
6613,朋億,2021-11-08,152.5,3.0,2.01%,,,,,,,,,ShowDailyK_ChartFlow,FinMind_API_TaiwanStockPrice_6613,True,2026-10-05T23:33:53,2026-10-05T23:33:53,2026-10-05T23:33:53
6613,朋億,2021-11-09,153.0,0.5,0.33%,,,,,,,,,ShowDailyK_ChartFlow,FinMind_API_TaiwanStockPrice_6613,True,2026-10-05T23:33:53,2026-10-05T23:33:53,2026-10-05T23:33:53
6613,朋億,2021-11-10,155.5,2.5,1.63%,,,,,,,,,ShowDailyK_ChartFlow,FinMind_API_TaiwanStockPrice_6613,True,2026-10-05T23:33:53,2026-10-05T23:33:53,2026-10-05T23:33:53
6613,朋億,2021-11-11,157.0,1.5,0.96%,,,,,,,,,ShowDailyK_ChartFlow,FinMind_API_TaiwanStockPrice_6613,True,2026-10-05T23:33:53,2026-10-05T23:33:53,2026-10-05T23:33:53
6613,朋億,2021-11-12,158.0,1.0,0.64%,,,,,,,,,ShowDailyK_ChartFlow,FinMind_API_TaiwanStockPrice_6613,True,2026-10-05T23:33:53,2026-10-05T23:33:53,2026-10-05T23:33:53
6613,朋億,2021-11-15,158.0,0.0,0.00%,,,,,,,,,ShowDailyK_ChartFlow,FinMind_API_TaiwanStockPrice_6613,True,2026-10-05T23:33:53,2026-10-05T23:33:53,2026-10-05T23:33:53
6613,朋億,2021-11-16,154.5,-3.5,-2.22%,,,,,,,,,ShowDailyK_ChartFlow,FinMind_API_TaiwanStockPrice_6613,True,2026-10-05T23:33:53,2026-10-05T23:33:53,2026-10-05T23:33:53
6613,朋億,2021-11-17,158.0,3.5,2.27%,,,,,,,,,ShowDailyK_ChartFlow,FinMind_API_TaiwanStockPrice_6613,True,2026-10-05T23:33:53,2026-10-05T23:33:53,2026-10-05T23:33:53
6613,朋億,2021-11-18,156.0,-2.0,-1.27%,,,,,,,,,ShowDailyK_ChartFlow,FinMind_API_TaiwanStockPrice_6613,True,2026-10-05T23:33:53,2026-10-05T23:33:53,2026-10-05T23:33:53
6613,朋億,2021-11-19,156.0,0.0,0.00%,,,,,,,,,ShowDailyK_ChartFlow,FinMind_API_TaiwanStockPrice_6613,True,2026-10-05T23:33:53,2026-10-05T23:33:53,2026-10-05T23:33:53
6613,朋億,2021-11-22,153.5,-2.5,-1.60%,,,,,,,,,ShowDailyK_ChartFlow,FinMind_API_TaiwanStockPrice_6613,True,2026-10-05T23:33:53,2026-10-05T23:33:53,2026-10-05T23:33:53
6613,朋億,2021-11-23,154.5,1.0,0.65%,,,,,,,,,ShowDailyK_ChartFlow,FinMind_API_TaiwanStockPrice_6613,True,2026-10-05T23:33:53,2026-10-05T23:33:53,2026-10-05T23:33:53
6613,朋億,2021-11-24,153.5,-1.0,-0.65%,,,,,,,,,ShowDailyK_ChartFlow,FinMind_API_TaiwanStockPrice_6613,True,2026-10-05T23:33:53,2026-10-05T23:33:53,2026-10-05T23:33:53
6613,朋億,2021-11-25,152.5,-1.0,-0.65%,,,,,,,,,ShowDailyK_ChartFlow,FinMind_API_TaiwanStockPrice_6613,True,2026-10-05T23:33:53,2026-10-05T23:33:53,2026-10-05T23:33:53
6613,朋億,2021-11-26,150.5,-2.0,-1.31%,,,,,,,,,ShowDailyK_ChartFlow,FinMind_API_TaiwanStockPrice_6613,True,2026-10-05T23:33:53,2026-10-05T23:33:53,2026-10-05T23:33:53
6613,朋億,2021-11-29,150.0,-0.5,-0.33%,,,,,,,,,ShowDailyK_ChartFlow,FinMind_API_TaiwanStockPrice_6613,True,2026-10-05T23:33:53,2026-10-05T23:33:53,2026-10-05T23:33:53
6613,朋億,2021-11-30,152.0,2.0,1.33%,,,,,,,,,ShowDailyK_ChartFlow,FinMind_API_TaiwanStockPrice_6613,True,2026-10-05T23:33:53,2026-10-05T23:33:53,2026-10-05T23:33:53
6613,朋億,2021-12-01,152.0,0.0,0.00%,,,,,,,,,ShowDailyK_ChartFlow,FinMind_API_TaiwanStockPrice_6613,True,2026-10-05T23:33:53,2026-10-05T23:33:53,2026-10-05T23:33:53
6613,朋億,2021-12-02,153.0,1.0,0.66%,,,,,,,,,ShowDailyK_ChartFlow,FinMind_API_TaiwanStockPrice_6613,True,2026-10-05T23:33:53,2026-10-05T23:33:53,2026-10-05T23:33:53
6613,朋億,2021-12-03,154.0,1.0,0.65%,,,,,,,,,ShowDailyK_ChartFlow,FinMind_API_TaiwanStockPrice_6613,True,2026-10-05T23:33:53,2026-10-05T23:33:53,2026-10-05T23:33:53
6613,朋億,2021-12-06,153.5,-0.5,-0.32%,,,,,,,,,ShowDailyK_ChartFlow,FinMind_API_TaiwanStockPrice_6613,True,2026-10-05T23:33:53,2026-10-05T23:33:53,2026-10-05T23:33:53
6613,朋億,2021-12-07,152.5,-1.0,-0.65%,,,,,,,,,ShowDailyK_ChartFlow,FinMind_API_TaiwanStockPrice_6613,True,2026-10-05T23:33:53,2026-10-05T23:33:53,2026-10-05T23:33:53
6613,朋億,2021-12-08,153.0,0.5,0.33%,,,,,,,,,ShowDailyK_ChartFlow,FinMind_API_TaiwanStockPrice_6613,True,2026-10-05T23:33:53,2026-10-05T23:33:53,2026-10-05T23:33:53
6613,朋億,2021-12-09,152.5,-0.5,-0.33%,,,,,,,,,ShowDailyK_ChartFlow,FinMind_API_TaiwanStockPrice_6613,True,2026-10-05T23:33:53,2026-10-05T23:33:53,2026-10-05T23:33:53
6613,朋億,2021-12-10,154.5,2.0,1.31%,,,,,,,,,ShowDailyK_ChartFlow,FinMind_API_TaiwanStockPrice_6613,True,2026-10-05T23:33:53,2026-10-05T23:33:53,2026-10-05T23:33:53
6613,朋億,2021-12-13,154.0,-0.5,-0.32%,,,,,,,,,ShowDailyK_ChartFlow,FinMind_API_TaiwanStockPrice_6613,True,2026-10-05T23:33:53,2026-10-05T23:33:53,2026-10-05T23:33:53
6613,朋億,2021-12-14,152.5,-1.5,-0.97%,,,,,,,,,ShowDailyK_ChartFlow,FinMind_API_TaiwanStockPrice_6613,True,2026-10-05T23:33:53,2026-10-05T23:33:53,2026-10-05T23:33:53
6613,朋億,2021-12-15,153.0,0.5,0.33%,,,,,,,,,ShowDailyK_ChartFlow,FinMind_API_TaiwanStockPrice_6613,True,2026-10-05T23:33:53,2026-10-05T23:33:53,2026-10-05T23:33:53
6613,朋億,2021-12-16,153.5,0.5,0.33%,,,,,,,,,ShowDailyK_ChartFlow,FinMind_API_TaiwanStockPrice_6613,True,2026-10-05T23:33:53,2026-10-05T23:33:53,2026-10-05T23:33:53
6613,朋億,2021-12-17,154.5,1.0,0.65%,,,,,,,,,ShowDailyK_ChartFlow,FinMind_API_TaiwanStockPrice_6613,True,2026-10-05T23:33:53,2026-10-05T23:33:53,2026-10-05T23:33:53
6613,朋億,2021-12-20,152.5,-2.0,-1.29%,,,,,,,,,ShowDailyK_ChartFlow,FinMind_API_TaiwanStockPrice_6613,True,2026-10-05T23:33:53,2026-10-05T23:33:53,2026-10-05T23:33:53
6613,朋億,2021-12-21,154.0,1.5,0.98%,,,,,,,,,ShowDailyK_ChartFlow,FinMind_API_TaiwanStockPrice_6613,True,2026-10-05T23:33:53,2026-10-05T23:33:53,2026-10-05T23:33:53
6613,朋億,2021-12-22,153.5,-0.5,-0.32%,,,,,,,,,ShowDailyK_ChartFlow,FinMind_API_TaiwanStockPrice_6613,True,2026-10-05T23:33:53,2026-10-05T23:33:53,2026-10-05T23:33:53
6613,朋億,2021-12-23,153.5,0.0,0.00%,,,,,,,,,ShowDailyK_ChartFlow,FinMind_API_TaiwanStockPrice_6613,True,2026-10-05T23:33:53,2026-10-05T23:33:53,2026-10-05T23:33:53
6613,朋億,2021-12-24,153.5,0.0,0.00%,,,,,,,,,ShowDailyK_ChartFlow,FinMind_API_TaiwanStockPrice_6613,True,2026-10-05T23:33:53,2026-10-05T23:33:53,2026-10-05T23:33:53
6613,朋億,2021-12-27,155.0,1.5,0.98%,,,,,,,,,ShowDailyK_ChartFlow,FinMind_API_TaiwanStockPrice_6613,True,2026-10-05T23:33:53,2026-10-05T23:33:53,2026-10-05T23:33:53
6613,朋億,2021-12-28,156.0,1.0,0.65%,,,,,,,,,ShowDailyK_ChartFlow,FinMind_API_TaiwanStockPrice_6613,True,2026-10-05T23:33:53,2026-10-05T23:33:53,2026-10-05T23:33:53
6613,朋億,2021-12-29,160.0,4.0,2.56%,,,,,,,,,ShowDailyK_ChartFlow,FinMind_API_TaiwanStockPrice_6613,True,2026-10-05T23:33:53,2026-10-05T23:33:53,2026-10-05T23:33:53
6613,朋億,2021-12-30,169.0,9.0,5.62%,,,,,,,,,ShowDailyK_ChartFlow,FinMind_API_TaiwanStockPrice_6613,True,2026-10-05T23:33:53,2026-10-05T23:33:53,2026-10-05T23:33:53
6613,朋億,2022-01-03,167.5,-1.5,-0.89%,,,,,,,,,ShowDailyK_ChartFlow,FinMind_API_TaiwanStockPrice_6613,True,2026-10-05T23:33:53,2026-10-05T23:33:53,2026-10-05T23:33:53
6613,朋億,2022-01-04,165.5,-2.0,-1.19%,,,,,,,,,ShowDailyK_ChartFlow,FinMind_API_TaiwanStockPrice_6613,True,2026-10-05T23:33:53,2026-10-05T23:33:53,2026-10-05T23:33:53
6613,朋億,2022-01-05,171.0,5.5,3.32%,,,,,,,,,ShowDailyK_ChartFlow,FinMind_API_TaiwanStockPrice_6613,True,2026-10-05T23:33:53,2026-10-05T23:33:53,2026-10-05T23:33:53
6613,朋億,2022-01-06,169.5,-1.5,-0.88%,,,,,,,,,ShowDailyK_ChartFlow,FinMind_API_TaiwanStockPrice_6613,True,2026-10-05T23:33:53,2026-10-05T23:33:53,2026-10-05T23:33:53
6613,朋億,2022-01-07,166.0,-3.5,-2.06%,,,,,,,,,ShowDailyK_ChartFlow,FinMind_API_TaiwanStockPrice_6613,True,2026-10-05T23:33:53,2026-10-05T23:33:53,2026-10-05T23:33:53
6613,朋億,2022-01-10,169.0,3.0,1.81%,,,,,,,,,ShowDailyK_ChartFlow,FinMind_API_TaiwanStockPrice_6613,True,2026-10-05T23:33:53,2026-10-05T23:33:53,2026-10-05T23:33:53
6613,朋億,2022-01-11,174.5,5.5,3.25%,,,,,,,,,ShowDailyK_ChartFlow,FinMind_API_TaiwanStockPrice_6613,True,2026-10-05T23:33:53,2026-10-05T23:33:53,2026-10-05T23:33:53
6613,朋億,2022-01-12,172.0,-2.5,-1.43%,,,,,,,,,ShowDailyK_ChartFlow,FinMind_API_TaiwanStockPrice_6613,True,2026-10-05T23:33:53,2026-10-05T23:33:53,2026-10-05T23:33:53
6613,朋億,2022-01-13,171.0,-1.0,-0.58%,,,,,,,,,ShowDailyK_ChartFlow,FinMind_API_TaiwanStockPrice_6613,True,2026-10-05T23:33:53,2026-10-05T23:33:53,2026-10-05T23:33:53
6613,朋億,2022-01-14,168.0,-3.0,-1.75%,,,,,,,,,ShowDailyK_ChartFlow,FinMind_API_TaiwanStockPrice_6613,True,2026-10-05T23:33:53,2026-10-05T23:33:53,2026-10-05T23:33:53
6613,朋億,2022-01-17,169.0,1.0,0.60%,,,,,,,,,ShowDailyK_ChartFlow,FinMind_API_TaiwanStockPrice_6613,True,2026-10-05T23:33:53,2026-10-05T23:33:53,2026-10-05T23:33:53
6613,朋億,2022-01-18,167.5,-1.5,-0.89%,,,,,,,,,ShowDailyK_ChartFlow,FinMind_API_TaiwanStockPrice_6613,True,2026-10-05T23:33:53,2026-10-05T23:33:53,2026-10-05T23:33:53
6613,朋億,2022-01-19,167.0,-0.5,-0.30%,,,,,,,,,ShowDailyK_ChartFlow,FinMind_API_TaiwanStockPrice_6613,True,2026-10-05T23:33:53,2026-10-05T23:33:53,2026-10-05T23:33:53
6613,朋億,2022-01-20,168.5,1.5,0.90%,,,,,,,,,ShowDailyK_ChartFlow,FinMind_API_TaiwanStockPrice_6613,True,2026-10-05T23:33:53,2026-10-05T23:33:53,2026-10-05T23:33:53
6613,朋億,2022-01-21,164.0,-4.5,-2.67%,,,,,,,,,ShowDailyK_ChartFlow,FinMind_API_TaiwanStockPrice_6613,True,2026-10-05T23:33:53,2026-10-05T23:33:53,2026-10-05T23:33:53
6613,朋億,2022-01-24,163.0,-1.0,-0.61%,,,,,,,,,ShowDailyK_ChartFlow,FinMind_API_TaiwanStockPrice_6613,True,2026-10-05T23:33:53,2026-10-05T23:33:53,2026-10-05T23:33:53
6613,朋億,2022-01-25,159.5,-3.5,-2.15%,,,,,,,,,ShowDailyK_ChartFlow,FinMind_API_TaiwanStockPrice_6613,True,2026-10-05T23:33:53,2026-10-05T23:33:53,2026-10-05T23:33:53
6613,朋億,2022-01-26,161.0,1.5,0.94%,,,,,,,,,ShowDailyK_ChartFlow,FinMind_API_TaiwanStockPrice_6613,True,2026-10-05T23:33:53,2026-10-05T23:33:53,2026-10-05T23:33:53
6613,朋億,2022-02-07,162.0,1.0,0.62%,,,,,,,,,ShowDailyK_ChartFlow,FinMind_API_TaiwanStockPrice_6613,True,2026-10-05T23:33:53,2026-10-05T23:33:53,2026-10-05T23:33:53
6613,朋億,2022-02-08,166.5,4.5,2.78%,,,,,,,,,ShowDailyK_ChartFlow,FinMind_API_TaiwanStockPrice_6613,True,2026-10-05T23:33:53,2026-10-05T23:33:53,2026-10-05T23:33:53
6613,朋億,2022-02-09,168.5,2.0,1.20%,,,,,,,,,ShowDailyK_ChartFlow,FinMind_API_TaiwanStockPrice_6613,True,2026-10-05T23:33:53,2026-10-05T23:33:53,2026-10-05T23:33:53
6613,朋億,2022-02-10,170.5,2.0,1.19%,,,,,,,,,ShowDailyK_ChartFlow,FinMind_API_TaiwanStockPrice_6613,True,2026-10-05T23:33:53,2026-10-05T23:33:53,2026-10-05T23:33:53
6613,朋億,2022-02-11,169.0,-1.5,-0.88%,,,,,,,,,ShowDailyK_ChartFlow,FinMind_API_TaiwanStockPrice_6613,True,2026-10-05T23:33:53,2026-10-05T23:33:53,2026-10-05T23:33:53
6613,朋億,2022-02-14,163.5,-5.5,-3.25%,,,,,,,,,ShowDailyK_ChartFlow,FinMind_API_TaiwanStockPrice_6613,True,2026-10-05T23:33:53,2026-10-05T23:33:53,2026-10-05T23:33:53
6613,朋億,2022-02-15,165.0,1.5,0.92%,,,,,,,,,ShowDailyK_ChartFlow,FinMind_API_TaiwanStockPrice_6613,True,2026-10-05T23:33:53,2026-10-05T23:33:53,2026-10-05T23:33:53
6613,朋億,2022-02-16,164.5,-0.5,-0.30%,,,,,,,,,ShowDailyK_ChartFlow,FinMind_API_TaiwanStockPrice_6613,True,2026-10-05T23:33:53,2026-10-05T23:33:53,2026-10-05T23:33:53
6613,朋億,2022-02-17,163.5,-1.0,-0.61%,,,,,,,,,ShowDailyK_ChartFlow,FinMind_API_TaiwanStockPrice_6613,True,2026-10-05T23:33:53,2026-10-05T23:33:53,2026-10-05T23:33:53
6613,朋億,2022-02-18,169.0,5.5,3.36%,,,,,,,,,ShowDailyK_ChartFlow,FinMind_API_TaiwanStockPrice_6613,True,2026-10-05T23:33:53,2026-10-05T23:33:53,2026-10-05T23:33:53
6613,朋億,2022-02-21,170.0,1.0,0.59%,,,,,,,,,ShowDailyK_ChartFlow,FinMind_API_TaiwanStockPrice_6613,True,2026-10-05T23:33:53,2026-10-05T23:33:53,2026-10-05T23:33:53
6613,朋億,2022-02-22,167.0,-3.0,-1.76%,,,,,,,,,ShowDailyK_ChartFlow,FinMind_API_TaiwanStockPrice_6613,True,2026-10-05T23:33:53,2026-10-05T23:33:53,2026-10-05T23:33:53
6613,朋億,2022-02-23,168.0,1.0,0.60%,,,,,,,,,ShowDailyK_ChartFlow,FinMind_API_TaiwanStockPrice_6613,True,2026-10-05T23:33:53,2026-10-05T23:33:53,2026-10-05T23:33:53
6613,朋億,2022-02-24,172.0,4.0,2.38%,,,,,,,,,ShowDailyK_ChartFlow,FinMind_API_TaiwanStockPrice_6613,True,2026-10-05T23:33:53,2026-10-05T23:33:53,2026-10-05T23:33:53
6613,朋億,2022-02-25,172.0,0.0,0.00%,,,,,,,,,ShowDailyK_ChartFlow,FinMind_API_TaiwanStockPrice_6613,True,2026-10-05T23:33:53,2026-10-05T23:33:53,2026-10-05T23:33:53
6613,朋億,2022-03-01,174.0,2.0,1.16%,,,,,,,,,ShowDailyK_ChartFlow,FinMind_API_TaiwanStockPrice_6613,True,2026-10-05T23:33:53,2026-10-05T23:33:53,2026-10-05T23:33:53
6613,朋億,2022-03-02,172.5,-1.5,-0.86%,,,,,,,,,ShowDailyK_ChartFlow,FinMind_API_TaiwanStockPrice_6613,True,2026-10-05T23:33:53,2026-10-05T23:33:53,2026-10-05T23:33:53
6613,朋億,2022-03-03,173.0,0.5,0.29%,,,,,,,,,ShowDailyK_ChartFlow,FinMind_API_TaiwanStockPrice_6613,True,2026-10-05T23:33:53,2026-10-05T23:33:53,2026-10-05T23:33:53
6613,朋億,2022-03-04,173.0,0.0,0.00%,,,,,,,,,ShowDailyK_ChartFlow,FinMind_API_TaiwanStockPrice_6613,True,2026-10-05T23:33:53,2026-10-05T23:33:53,2026-10-05T23:33:53
6613,朋億,2022-03-07,170.0,-3.0,-1.73%,,,,,,,,,ShowDailyK_ChartFlow,FinMind_API_TaiwanStockPrice_6613,True,2026-10-05T23:33:53,2026-10-05T23:33:53,2026-10-05T23:33:53
6613,朋億,2022-03-08,166.5,-3.5,-2.06%,,,,,,,,,ShowDailyK_ChartFlow,FinMind_API_TaiwanStockPrice_6613,True,2026-10-05T23:33:53,2026-10-05T23:33:53,2026-10-05T23:33:53
6613,朋億,2022-03-09,170.0,3.5,2.10%,,,,,,,,,ShowDailyK_ChartFlow,FinMind_API_TaiwanStockPrice_6613,True,2026-10-05T23:33:53,2026-10-05T23:33:53,2026-10-05T23:33:53
6613,朋億,2022-03-10,172.0,2.0,1.18%,,,,,,,,,ShowDailyK_ChartFlow,FinMind_API_TaiwanStockPrice_6613,True,2026-10-05T23:33:53,2026-10-05T23:33:53,2026-10-05T23:33:53
6613,朋億,2022-03-11,170.5,-1.5,-0.87%,,,,,,,,,ShowDailyK_ChartFlow,FinMind_API_TaiwanStockPrice_6613,True,2026-10-05T23:33:53,2026-10-05T23:33:53,2026-10-05T23:33:53
6613,朋億,2022-03-14,170.0,-0.5,-0.29%,,,,,,,,,ShowDailyK_ChartFlow,FinMind_API_TaiwanStockPrice_6613,True,2026-10-05T23:33:53,2026-10-05T23:33:53,2026-10-05T23:33:53
6613,朋億,2022-03-15,165.5,-4.5,-2.65%,,,,,,,,,ShowDailyK_ChartFlow,FinMind_API_TaiwanStockPrice_6613,True,2026-10-05T23:33:53,2026-10-05T23:33:53,2026-10-05T23:33:53
6613,朋億,2022-03-16,168.5,3.0,1.81%,,,,,,,,,ShowDailyK_ChartFlow,FinMind_API_TaiwanStockPrice_6613,True,2026-10-05T23:33:53,2026-10-05T23:33:53,2026-10-05T23:33:53
6613,朋億,2022-03-17,170.0,1.5,0.89%,,,,,,,,,ShowDailyK_ChartFlow,FinMind_API_TaiwanStockPrice_6613,True,2026-10-05T23:33:53,2026-10-05T23:33:53,2026-10-05T23:33:53
6613,朋億,2022-03-18,171.0,1.0,0.59%,,,,,,,,,ShowDailyK_ChartFlow,FinMind_API_TaiwanStockPrice_6613,True,2026-10-05T23:33:53,2026-10-05T23:33:53,2026-10-05T23:33:53
6613,朋億,2022-03-21,170.5,-0.5,-0.29%,,,,,,,,,ShowDailyK_ChartFlow,FinMind_API_TaiwanStockPrice_6613,True,2026-10-05T23:33:53,2026-10-05T23:33:53,2026-10-05T23:33:53
6613,朋億,2022-03-22,170.5,0.0,0.00%,,,,,,,,,ShowDailyK_ChartFlow,FinMind_API_TaiwanStockPrice_6613,True,2026-10-05T23:33:53,2026-10-05T23:33:53,2026-10-05T23:33:53
6613,朋億,2022-03-23,171.0,0.5,0.29%,,,,,,,,,ShowDailyK_ChartFlow,FinMind_API_TaiwanStockPrice_6613,True,2026-10-05T23:33:53,2026-10-05T23:33:53,2026-10-05T23:33:53
6613,朋億,2022-03-24,171.0,0.0,0.00%,,,,,,,,,ShowDailyK_ChartFlow,FinMind_API_TaiwanStockPrice_6613,True,2026-10-05T23:33:53,2026-10-05T23:33:53,2026-10-05T23:33:53
6613,朋億,2022-03-25,170.5,-0.5,-0.29%,,,,,,,,,ShowDailyK_ChartFlow,FinMind_API_TaiwanStockPrice_6613,True,2026-10-05T23:33:53,2026-10-05T23:33:53,2026-10-05T23:33:53
6613,朋億,2022-03-28,170.0,-0.5,-0.29%,,,,,,,,,ShowDailyK_ChartFlow,FinMind_API_TaiwanStockPrice_6613,True,2026-10-05T23:33:53,2026-10-05T23:33:53,2026-10-05T23:33:53
6613,朋億,2022-03-29,170.5,0.5,0.29%,,,,,,,,,ShowDailyK_ChartFlow,FinMind_API_TaiwanStockPrice_6613,True,2026-10-05T23:33:53,2026-10-05T23:33:53,2026-10-05T23:33:53
6613,朋億,2022-03-30,170.0,-0.5,-0.29%,,,,,,,,,ShowDailyK_ChartFlow,FinMind_API_TaiwanStockPrice_6613,True,2026-10-05T23:33:53,2026-10-05T23:33:53,2026-10-05T23:33:53
6613,朋億,2022-03-31,169.0,-1.0,-0.59%,,,,,,,,,ShowDailyK_ChartFlow,FinMind_API_TaiwanStockPrice_6613,True,2026-10-05T23:33:53,2026-10-05T23:33:53,2026-10-05T23:33:53
6613,朋億,2022-04-01,170.0,1.0,0.59%,,,,,,,,,ShowDailyK_ChartFlow,FinMind_API_TaiwanStockPrice_6613,True,2026-10-05T23:33:53,2026-10-05T23:33:53,2026-10-05T23:33:53
6613,朋億,2022-04-06,168.5,-1.5,-0.88%,,,,,,,,,ShowDailyK_ChartFlow,FinMind_API_TaiwanStockPrice_6613,True,2026-10-05T23:33:53,2026-10-05T23:33:53,2026-10-05T23:33:53
6613,朋億,2022-04-07,166.5,-2.0,-1.19%,,,,,,,,,ShowDailyK_ChartFlow,FinMind_API_TaiwanStockPrice_6613,True,2026-10-05T23:33:53,2026-10-05T23:33:53,2026-10-05T23:33:53
6613,朋億,2022-04-08,169.5,3.0,1.80%,,,,,,,,,ShowDailyK_ChartFlow,FinMind_API_TaiwanStockPrice_6613,True,2026-10-05T23:33:53,2026-10-05T23:33:53,2026-10-05T23:33:53
6613,朋億,2022-04-11,170.5,1.0,0.59%,,,,,,,,,ShowDailyK_ChartFlow,FinMind_API_TaiwanStockPrice_6613,True,2026-10-05T23:33:53,2026-10-05T23:33:53,2026-10-05T23:33:53
6613,朋億,2022-04-12,170.0,-0.5,-0.29%,,,,,,,,,ShowDailyK_ChartFlow,FinMind_API_TaiwanStockPrice_6613,True,2026-10-05T23:33:53,2026-10-05T23:33:53,2026-10-05T23:33:53
6613,朋億,2022-04-13,170.0,0.0,0.00%,,,,,,,,,ShowDailyK_ChartFlow,FinMind_API_TaiwanStockPrice_6613,True,2026-10-05T23:33:53,2026-10-05T23:33:53,2026-10-05T23:33:53
6613,朋億,2022-04-14,171.0,1.0,0.59%,,,,,,,,,ShowDailyK_ChartFlow,FinMind_API_TaiwanStockPrice_6613,True,2026-10-05T23:33:53,2026-10-05T23:33:53,2026-10-05T23:33:53
6613,朋億,2022-04-15,169.5,-1.5,-0.88%,,,,,,,,,ShowDailyK_ChartFlow,FinMind_API_TaiwanStockPrice_6613,True,2026-10-05T23:33:53,2026-10-05T23:33:53,2026-10-05T23:33:53
6613,朋億,2022-04-18,166.0,-3.5,-2.06%,,,,,,,,,ShowDailyK_ChartFlow,FinMind_API_TaiwanStockPrice_6613,True,2026-10-05T23:33:53,2026-10-05T23:33:53,2026-10-05T23:33:53
6613,朋億,2022-04-19,167.0,1.0,0.60%,,,,,,,,,ShowDailyK_ChartFlow,FinMind_API_TaiwanStockPrice_6613,True,2026-10-05T23:33:53,2026-10-05T23:33:53,2026-10-05T23:33:53
6613,朋億,2022-04-20,168.0,1.0,0.60%,,,,,,,,,ShowDailyK_ChartFlow,FinMind_API_TaiwanStockPrice_6613,True,2026-10-05T23:33:53,2026-10-05T23:33:53,2026-10-05T23:33:53
6613,朋億,2022-04-21,167.5,-0.5,-0.30%,,,,,,,,,ShowDailyK_ChartFlow,FinMind_API_TaiwanStockPrice_6613,True,2026-10-05T23:33:53,2026-10-05T23:33:53,2026-10-05T23:33:53
6613,朋億,2022-04-22,165.5,-2.0,-1.19%,,,,,,,,,ShowDailyK_ChartFlow,FinMind_API_TaiwanStockPrice_6613,True,2026-10-05T23:33:53,2026-10-05T23:33:53,2026-10-05T23:33:53
6613,朋億,2022-04-25,165.0,-0.5,-0.30%,,,,,,,,,ShowDailyK_ChartFlow,FinMind_API_TaiwanStockPrice_6613,True,2026-10-05T23:33:53,2026-10-05T23:33:53,2026-10-05T23:33:53
6613,朋億,2022-04-26,163.5,-1.5,-0.91%,,,,,,,,,ShowDailyK_ChartFlow,FinMind_API_TaiwanStockPrice_6613,True,2026-10-05T23:33:53,2026-10-05T23:33:53,2026-10-05T23:33:53
6613,朋億,2022-04-27,161.0,-2.5,-1.53%,,,,,,,,,ShowDailyK_ChartFlow,FinMind_API_TaiwanStockPrice_6613,True,2026-10-05T23:33:53,2026-10-05T23:33:53,2026-10-05T23:33:53
6613,朋億,2022-04-28,162.0,1.0,0.62%,,,,,,,,,ShowDailyK_ChartFlow,FinMind_API_TaiwanStockPrice_6613,True,2026-10-05T23:33:53,2026-10-05T23:33:53,2026-10-05T23:33:53
6613,朋億,2022-04-29,166.0,4.0,2.47%,,,,,,,,,ShowDailyK_ChartFlow,FinMind_API_TaiwanStockPrice_6613,True,2026-10-05T23:33:53,2026-10-05T23:33:53,2026-10-05T23:33:53
6613,朋億,2022-05-03,164.0,-2.0,-1.20%,,,,,,,,,ShowDailyK_ChartFlow,FinMind_API_TaiwanStockPrice_6613,True,2026-10-05T23:33:53,2026-10-05T23:33:53,2026-10-05T23:33:53
6613,朋億,2022-05-04,169.5,5.5,3.35%,,,,,,,,,ShowDailyK_ChartFlow,FinMind_API_TaiwanStockPrice_6613,True,2026-10-05T23:33:53,2026-10-05T23:33:53,2026-10-05T23:33:53
6613,朋億,2022-05-05,170.0,0.5,0.29%,,,,,,,,,ShowDailyK_ChartFlow,FinMind_API_TaiwanStockPrice_6613,True,2026-10-05T23:33:53,2026-10-05T23:33:53,2026-10-05T23:33:53
6613,朋億,2022-05-06,169.0,-1.0,-0.59%,,,,,,,,,ShowDailyK_ChartFlow,FinMind_API_TaiwanStockPrice_6613,True,2026-10-05T23:33:53,2026-10-05T23:33:53,2026-10-05T23:33:53
6613,朋億,2022-05-09,168.0,-1.0,-0.59%,,,,,,,,,ShowDailyK_ChartFlow,FinMind_API_TaiwanStockPrice_6613,True,2026-10-05T23:33:53,2026-10-05T23:33:53,2026-10-05T23:33:53
6613,朋億,2022-05-10,166.0,-2.0,-1.19%,,,,,,,,,ShowDailyK_ChartFlow,FinMind_API_TaiwanStockPrice_6613,True,2026-10-05T23:33:53,2026-10-05T23:33:53,2026-10-05T23:33:53
6613,朋億,2022-05-11,165.0,-1.0,-0.60%,,,,,,,,,ShowDailyK_ChartFlow,FinMind_API_TaiwanStockPrice_6613,True,2026-10-05T23:33:53,2026-10-05T23:33:53,2026-10-05T23:33:53
6613,朋億,2022-05-12,161.5,-3.5,-2.12%,,,,,,,,,ShowDailyK_ChartFlow,FinMind_API_TaiwanStockPrice_6613,True,2026-10-05T23:33:53,2026-10-05T23:33:53,2026-10-05T23:33:53
6613,朋億,2022-05-13,163.5,2.0,1.24%,,,,,,,,,ShowDailyK_ChartFlow,FinMind_API_TaiwanStockPrice_6613,True,2026-10-05T23:33:53,2026-10-05T23:33:53,2026-10-05T23:33:53
6613,朋億,2022-05-16,163.5,0.0,0.00%,,,,,,,,,ShowDailyK_ChartFlow,FinMind_API_TaiwanStockPrice_6613,True,2026-10-05T23:33:53,2026-10-05T23:33:53,2026-10-05T23:33:53
6613,朋億,2022-05-17,165.5,2.0,1.22%,,,,,,,,,ShowDailyK_ChartFlow,FinMind_API_TaiwanStockPrice_6613,True,2026-10-05T23:33:53,2026-10-05T23:33:53,2026-10-05T23:33:53
6613,朋億,2022-05-18,166.0,0.5,0.30%,,,,,,,,,ShowDailyK_ChartFlow,FinMind_API_TaiwanStockPrice_6613,True,2026-10-05T23:33:53,2026-10-05T23:33:53,2026-10-05T23:33:53
6613,朋億,2022-05-19,164.0,-2.0,-1.20%,,,,,,,,,ShowDailyK_ChartFlow,FinMind_API_TaiwanStockPrice_6613,True,2026-10-05T23:33:53,2026-10-05T23:33:53,2026-10-05T23:33:53
6613,朋億,2022-05-20,165.0,1.0,0.61%,,,,,,,,,ShowDailyK_ChartFlow,FinMind_API_TaiwanStockPrice_6613,True,2026-10-05T23:33:53,2026-10-05T23:33:53,2026-10-05T23:33:53
6613,朋億,2022-05-23,165.0,0.0,0.00%,,,,,,,,,ShowDailyK_ChartFlow,FinMind_API_TaiwanStockPrice_6613,True,2026-10-05T23:33:53,2026-10-05T23:33:53,2026-10-05T23:33:53
6613,朋億,2022-05-24,167.0,2.0,1.21%,,,,,,,,,ShowDailyK_ChartFlow,FinMind_API_TaiwanStockPrice_6613,True,2026-10-05T23:33:53,2026-10-05T23:33:53,2026-10-05T23:33:53
6613,朋億,2022-05-25,167.0,0.0,0.00%,,,,,,,,,ShowDailyK_ChartFlow,FinMind_API_TaiwanStockPrice_6613,True,2026-10-05T23:33:53,2026-10-05T23:33:53,2026-10-05T23:33:53
6613,朋億,2022-05-26,168.0,1.0,0.60%,,,,,,,,,ShowDailyK_ChartFlow,FinMind_API_TaiwanStockPrice_6613,True,2026-10-05T23:33:53,2026-10-05T23:33:53,2026-10-05T23:33:53
6613,朋億,2022-05-27,168.0,0.0,0.00%,,,,,,,,,ShowDailyK_ChartFlow,FinMind_API_TaiwanStockPrice_6613,True,2026-10-05T23:33:53,2026-10-05T23:33:53,2026-10-05T23:33:53
6613,朋億,2022-05-30,169.0,1.0,0.60%,,,,,,,,,ShowDailyK_ChartFlow,FinMind_API_TaiwanStockPrice_6613,True,2026-10-05T23:33:53,2026-10-05T23:33:53,2026-10-05T23:33:53
6613,朋億,2022-05-31,169.0,0.0,0.00%,,,,,,,,,ShowDailyK_ChartFlow,FinMind_API_TaiwanStockPrice_6613,True,2026-10-05T23:33:53,2026-10-05T23:33:53,2026-10-05T23:33:53
6613,朋億,2022-06-01,171.0,2.0,1.18%,,,,,,,,,ShowDailyK_ChartFlow,FinMind_API_TaiwanStockPrice_6613,True,2026-10-05T23:33:53,2026-10-05T23:33:53,2026-10-05T23:33:53
6613,朋億,2022-06-02,169.0,-2.0,-1.17%,,,,,,,,,ShowDailyK_ChartFlow,FinMind_API_TaiwanStockPrice_6613,True,2026-10-05T23:33:53,2026-10-05T23:33:53,2026-10-05T23:33:53
6613,朋億,2022-06-06,168.0,-1.0,-0.59%,,,,,,,,,ShowDailyK_ChartFlow,FinMind_API_TaiwanStockPrice_6613,True,2026-10-05T23:33:53,2026-10-05T23:33:53,2026-10-05T23:33:53
6613,朋億,2022-06-07,168.5,0.5,0.30%,,,,,,,,,ShowDailyK_ChartFlow,FinMind_API_TaiwanStockPrice_6613,True,2026-10-05T23:33:53,2026-10-05T23:33:53,2026-10-05T23:33:53
6613,朋億,2022-06-08,169.0,0.5,0.30%,,,,,,,,,ShowDailyK_ChartFlow,FinMind_API_TaiwanStockPrice_6613,True,2026-10-05T23:33:53,2026-10-05T23:33:53,2026-10-05T23:33:53
6613,朋億,2022-06-09,169.5,0.5,0.30%,,,,,,,,,ShowDailyK_ChartFlow,FinMind_API_TaiwanStockPrice_6613,True,2026-10-05T23:33:53,2026-10-05T23:33:53,2026-10-05T23:33:53
6613,朋億,2022-06-10,169.5,0.0,0.00%,,,,,,,,,ShowDailyK_ChartFlow,FinMind_API_TaiwanStockPrice_6613,True,2026-10-05T23:33:53,2026-10-05T23:33:53,2026-10-05T23:33:53
6613,朋億,2022-06-13,168.0,-1.5,-0.88%,,,,,,,,,ShowDailyK_ChartFlow,FinMind_API_TaiwanStockPrice_6613,True,2026-10-05T23:33:53,2026-10-05T23:33:53,2026-10-05T23:33:53
6613,朋億,2022-06-14,168.0,0.0,0.00%,,,,,,,,,ShowDailyK_ChartFlow,FinMind_API_TaiwanStockPrice_6613,True,2026-10-05T23:33:53,2026-10-05T23:33:53,2026-10-05T23:33:53
6613,朋億,2022-06-15,167.0,-1.0,-0.60%,,,,,,,,,ShowDailyK_ChartFlow,FinMind_API_TaiwanStockPrice_6613,True,2026-10-05T23:33:53,2026-10-05T23:33:53,2026-10-05T23:33:53
6613,朋億,2022-06-16,166.0,-1.0,-0.60%,,,,,,,,,ShowDailyK_ChartFlow,FinMind_API_TaiwanStockPrice_6613,True,2026-10-05T23:33:53,2026-10-05T23:33:53,2026-10-05T23:33:53
6613,朋億,2022-06-17,164.5,-1.5,-0.90%,,,,,,,,,ShowDailyK_ChartFlow,FinMind_API_TaiwanStockPrice_6613,True,2026-10-05T23:33:53,2026-10-05T23:33:53,2026-10-05T23:33:53
6613,朋億,2022-06-20,163.0,-1.5,-0.91%,,,,,,,,,ShowDailyK_ChartFlow,FinMind_API_TaiwanStockPrice_6613,True,2026-10-05T23:33:53,2026-10-05T23:33:53,2026-10-05T23:33:53
6613,朋億,2022-06-21,166.0,3.0,1.84%,,,,,,,,,ShowDailyK_ChartFlow,FinMind_API_TaiwanStockPrice_6613,True,2026-10-05T23:33:53,2026-10-05T23:33:53,2026-10-05T23:33:53
6613,朋億,2022-06-22,161.5,-4.5,-2.71%,,,,,,,,,ShowDailyK_ChartFlow,FinMind_API_TaiwanStockPrice_6613,True,2026-10-05T23:33:53,2026-10-05T23:33:53,2026-10-05T23:33:53
6613,朋億,2022-06-23,160.5,-1.0,-0.62%,,,,,,,,,ShowDailyK_ChartFlow,FinMind_API_TaiwanStockPrice_6613,True,2026-10-05T23:33:53,2026-10-05T23:33:53,2026-10-05T23:33:53
6613,朋億,2022-06-24,161.0,0.5,0.31%,,,,,,,,,ShowDailyK_ChartFlow,FinMind_API_TaiwanStockPrice_6613,True,2026-10-05T23:33:53,2026-10-05T23:33:53,2026-10-05T23:33:53
6613,朋億,2022-06-27,162.0,1.0,0.62%,,,,,,,,,ShowDailyK_ChartFlow,FinMind_API_TaiwanStockPrice_6613,True,2026-10-05T23:33:53,2026-10-05T23:33:53,2026-10-05T23:33:53
6613,朋億,2022-06-28,160.5,-1.5,-0.93%,,,,,,,,,ShowDailyK_ChartFlow,FinMind_API_TaiwanStockPrice_6613,True,2026-10-05T23:33:53,2026-10-05T23:33:53,2026-10-05T23:33:53
6613,朋億,2022-06-29,160.5,0.0,0.00%,,,,,,,,,ShowDailyK_ChartFlow,FinMind_API_TaiwanStockPrice_6613,True,2026-10-05T23:33:53,2026-10-05T23:33:53,2026-10-05T23:33:53
6613,朋億,2022-06-30,146.0,-14.5,-9.03%,,,,,,,,,ShowDailyK_ChartFlow,FinMind_API_TaiwanStockPrice_6613,True,2026-10-05T23:33:53,2026-10-05T23:33:53,2026-10-05T23:33:53
6613,朋億,2022-07-01,141.5,-4.5,-3.08%,,,,,,,,,ShowDailyK_ChartFlow,FinMind_API_TaiwanStockPrice_6613,True,2026-10-05T23:33:53,2026-10-05T23:33:53,2026-10-05T23:33:53
6613,朋億,2022-07-04,141.0,-0.5,-0.35%,,,,,,,,,ShowDailyK_ChartFlow,FinMind_API_TaiwanStockPrice_6613,True,2026-10-05T23:33:53,2026-10-05T23:33:53,2026-10-05T23:33:53
6613,朋億,2022-07-05,142.0,1.0,0.71%,,,,,,,,,ShowDailyK_ChartFlow,FinMind_API_TaiwanStockPrice_6613,True,2026-10-05T23:33:53,2026-10-05T23:33:53,2026-10-05T23:33:53
6613,朋億,2022-07-06,139.5,-2.5,-1.76%,,,,,,,,,ShowDailyK_ChartFlow,FinMind_API_TaiwanStockPrice_6613,True,2026-10-05T23:33:53,2026-10-05T23:33:53,2026-10-05T23:33:53
6613,朋億,2022-07-07,141.0,1.5,1.08%,,,,,,,,,ShowDailyK_ChartFlow,FinMind_API_TaiwanStockPrice_6613,True,2026-10-05T23:33:53,2026-10-05T23:33:53,2026-10-05T23:33:53
6613,朋億,2022-07-08,143.0,2.0,1.42%,,,,,,,,,ShowDailyK_ChartFlow,FinMind_API_TaiwanStockPrice_6613,True,2026-10-05T23:33:53,2026-10-05T23:33:53,2026-10-05T23:33:53
6613,朋億,2022-07-11,148.0,5.0,3.50%,,,,,,,,,ShowDailyK_ChartFlow,FinMind_API_TaiwanStockPrice_6613,True,2026-10-05T23:33:53,2026-10-05T23:33:53,2026-10-05T23:33:53
6613,朋億,2022-07-12,146.0,-2.0,-1.35%,,,,,,,,,ShowDailyK_ChartFlow,FinMind_API_TaiwanStockPrice_6613,True,2026-10-05T23:33:53,2026-10-05T23:33:53,2026-10-05T23:33:53
6613,朋億,2022-07-13,147.0,1.0,0.68%,,,,,,,,,ShowDailyK_ChartFlow,FinMind_API_TaiwanStockPrice_6613,True,2026-10-05T23:33:53,2026-10-05T23:33:53,2026-10-05T23:33:53
6613,朋億,2022-07-14,146.5,-0.5,-0.34%,,,,,,,,,ShowDailyK_ChartFlow,FinMind_API_TaiwanStockPrice_6613,True,2026-10-05T23:33:53,2026-10-05T23:33:53,2026-10-05T23:33:53
6613,朋億,2022-07-15,148.0,1.5,1.02%,,,,,,,,,ShowDailyK_ChartFlow,FinMind_API_TaiwanStockPrice_6613,True,2026-10-05T23:33:53,2026-10-05T23:33:53,2026-10-05T23:33:53
6613,朋億,2022-07-18,147.5,-0.5,-0.34%,,,,,,,,,ShowDailyK_ChartFlow,FinMind_API_TaiwanStockPrice_6613,True,2026-10-05T23:33:53,2026-10-05T23:33:53,2026-10-05T23:33:53
6613,朋億,2022-07-19,146.5,-1.0,-0.68%,,,,,,,,,ShowDailyK_ChartFlow,FinMind_API_TaiwanStockPrice_6613,True,2026-10-05T23:33:53,2026-10-05T23:33:53,2026-10-05T23:33:53
6613,朋億,2022-07-20,147.0,0.5,0.34%,,,,,,,,,ShowDailyK_ChartFlow,FinMind_API_TaiwanStockPrice_6613,True,2026-10-05T23:33:53,2026-10-05T23:33:53,2026-10-05T23:33:53
6613,朋億,2022-07-21,148.5,1.5,1.02%,,,,,,,,,ShowDailyK_ChartFlow,FinMind_API_TaiwanStockPrice_6613,True,2026-10-05T23:33:53,2026-10-05T23:33:53,2026-10-05T23:33:53
6613,朋億,2022-07-22,150.0,1.5,1.01%,,,,,,,,,ShowDailyK_ChartFlow,FinMind_API_TaiwanStockPrice_6613,True,2026-10-05T23:33:53,2026-10-05T23:33:53,2026-10-05T23:33:53
6613,朋億,2022-07-25,150.0,0.0,0.00%,,,,,,,,,ShowDailyK_ChartFlow,FinMind_API_TaiwanStockPrice_6613,True,2026-10-05T23:33:53,2026-10-05T23:33:53,2026-10-05T23:33:53
6613,朋億,2022-07-26,150.5,0.5,0.33%,,,,,,,,,ShowDailyK_ChartFlow,FinMind_API_TaiwanStockPrice_6613,True,2026-10-05T23:33:53,2026-10-05T23:33:53,2026-10-05T23:33:53
6613,朋億,2022-07-27,150.0,-0.5,-0.33%,,,,,,,,,ShowDailyK_ChartFlow,FinMind_API_TaiwanStockPrice_6613,True,2026-10-05T23:33:53,2026-10-05T23:33:53,2026-10-05T23:33:53
6613,朋億,2022-07-28,150.5,0.5,0.33%,,,,,,,,,ShowDailyK_ChartFlow,FinMind_API_TaiwanStockPrice_6613,True,2026-10-05T23:33:53,2026-10-05T23:33:53,2026-10-05T23:33:53
6613,朋億,2022-07-29,151.0,0.5,0.33%,,,,,,,,,ShowDailyK_ChartFlow,FinMind_API_TaiwanStockPrice_6613,True,2026-10-05T23:33:53,2026-10-05T23:33:53,2026-10-05T23:33:53
6613,朋億,2022-08-01,156.0,5.0,3.31%,,,,,,,,,ShowDailyK_ChartFlow,FinMind_API_TaiwanStockPrice_6613,True,2026-10-05T23:33:53,2026-10-05T23:33:53,2026-10-05T23:33:53
6613,朋億,2022-08-02,155.0,-1.0,-0.64%,,,,,,,,,ShowDailyK_ChartFlow,FinMind_API_TaiwanStockPrice_6613,True,2026-10-05T23:33:53,2026-10-05T23:33:53,2026-10-05T23:33:53
6613,朋億,2022-08-03,156.0,1.0,0.65%,,,,,,,,,ShowDailyK_ChartFlow,FinMind_API_TaiwanStockPrice_6613,True,2026-10-05T23:33:53,2026-10-05T23:33:53,2026-10-05T23:33:53
6613,朋億,2022-08-04,156.5,0.5,0.32%,,,,,,,,,ShowDailyK_ChartFlow,FinMind_API_TaiwanStockPrice_6613,True,2026-10-05T23:33:53,2026-10-05T23:33:53,2026-10-05T23:33:53
6613,朋億,2022-08-05,157.5,1.0,0.64%,,,,,,,,,ShowDailyK_ChartFlow,FinMind_API_TaiwanStockPrice_6613,True,2026-10-05T23:33:53,2026-10-05T23:33:53,2026-10-05T23:33:53
6613,朋億,2022-08-08,156.5,-1.0,-0.63%,,,,,,,,,ShowDailyK_ChartFlow,FinMind_API_TaiwanStockPrice_6613,True,2026-10-05T23:33:53,2026-10-05T23:33:53,2026-10-05T23:33:53
6613,朋億,2022-08-09,159.0,2.5,1.60%,,,,,,,,,ShowDailyK_ChartFlow,FinMind_API_TaiwanStockPrice_6613,True,2026-10-05T23:33:53,2026-10-05T23:33:53,2026-10-05T23:33:53
6613,朋億,2022-08-10,162.5,3.5,2.20%,,,,,,,,,ShowDailyK_ChartFlow,FinMind_API_TaiwanStockPrice_6613,True,2026-10-05T23:33:53,2026-10-05T23:33:53,2026-10-05T23:33:53
6613,朋億,2022-08-11,166.0,3.5,2.15%,,,,,,,,,ShowDailyK_ChartFlow,FinMind_API_TaiwanStockPrice_6613,True,2026-10-05T23:33:53,2026-10-05T23:33:53,2026-10-05T23:33:53
6613,朋億,2022-08-12,167.0,1.0,0.60%,,,,,,,,,ShowDailyK_ChartFlow,FinMind_API_TaiwanStockPrice_6613,True,2026-10-05T23:33:53,2026-10-05T23:33:53,2026-10-05T23:33:53
6613,朋億,2022-08-15,165.5,-1.5,-0.90%,,,,,,,,,ShowDailyK_ChartFlow,FinMind_API_TaiwanStockPrice_6613,True,2026-10-05T23:33:53,2026-10-05T23:33:53,2026-10-05T23:33:53
6613,朋億,2022-08-16,168.0,2.5,1.51%,,,,,,,,,ShowDailyK_ChartFlow,FinMind_API_TaiwanStockPrice_6613,True,2026-10-05T23:33:53,2026-10-05T23:33:53,2026-10-05T23:33:53
6613,朋億,2022-08-17,169.0,1.0,0.60%,,,,,,,,,ShowDailyK_ChartFlow,FinMind_API_TaiwanStockPrice_6613,True,2026-10-05T23:33:53,2026-10-05T23:33:53,2026-10-05T23:33:53
6613,朋億,2022-08-29,92.0,-77.0,-45.56%,,,,,,,,,ShowDailyK_ChartFlow,FinMind_API_TaiwanStockPrice_6613,True,2026-10-05T23:33:53,2026-10-05T23:33:53,2026-10-05T23:33:53
6613,朋億,2022-08-30,91.7,-0.29999999999999716,-0.33%,,,,,,,,,ShowDailyK_ChartFlow,FinMind_API_TaiwanStockPrice_6613,True,2026-10-05T23:33:53,2026-10-05T23:33:53,2026-10-05T23:33:53
6613,朋億,2022-08-31,90.0,-1.7000000000000028,-1.85%,,,,,,,,,ShowDailyK_ChartFlow,FinMind_API_TaiwanStockPrice_6613,True,2026-10-05T23:33:53,2026-10-05T23:33:53,2026-10-05T23:33:53
6613,朋億,2022-09-01,90.6,0.5999999999999943,0.67%,,,,,,,,,ShowDailyK_ChartFlow,FinMind_API_TaiwanStockPrice_6613,True,2026-10-05T23:33:53,2026-10-05T23:33:53,2026-10-05T23:33:53
6613,朋億,2022-09-02,90.8,0.20000000000000284,0.22%,,,,,,,,,ShowDailyK_ChartFlow,FinMind_API_TaiwanStockPrice_6613,True,2026-10-05T23:33:53,2026-10-05T23:33:53,2026-10-05T23:33:53
6613,朋億,2022-09-05,88.8,-2.0,-2.20%,,,,,,,,,ShowDailyK_ChartFlow,FinMind_API_TaiwanStockPrice_6613,True,2026-10-05T23:33:53,2026-10-05T23:33:53,2026-10-05T23:33:53
6613,朋億,2022-09-06,87.5,-1.2999999999999972,-1.46%,,,,,,,,,ShowDailyK_ChartFlow,FinMind_API_TaiwanStockPrice_6613,True,2026-10-05T23:33:53,2026-10-05T23:33:53,2026-10-05T23:33:53
6613,朋億,2022-09-07,86.5,-1.0,-1.14%,,,,,,,,,ShowDailyK_ChartFlow,FinMind_API_TaiwanStockPrice_6613,True,2026-10-05T23:33:53,2026-10-05T23:33:53,2026-10-05T23:33:53
6613,朋億,2022-09-08,90.7,4.200000000000003,4.86%,,,,,,,,,ShowDailyK_ChartFlow,FinMind_API_TaiwanStockPrice_6613,True,2026-10-05T23:33:53,2026-10-05T23:33:53,2026-10-05T23:33:53
6613,朋億,2022-09-12,92.8,2.0999999999999943,2.32%,,,,,,,,,ShowDailyK_ChartFlow,FinMind_API_TaiwanStockPrice_6613,True,2026-10-05T23:33:53,2026-10-05T23:33:53,2026-10-05T23:33:53
6613,朋億,2022-09-13,91.9,-0.8999999999999915,-0.97%,,,,,,,,,ShowDailyK_ChartFlow,FinMind_API_TaiwanStockPrice_6613,True,2026-10-05T23:33:53,2026-10-05T23:33:53,2026-10-05T23:33:53
6613,朋億,2022-09-14,91.5,-0.4000000000000057,-0.44%,,,,,,,,,ShowDailyK_ChartFlow,FinMind_API_TaiwanStockPrice_6613,True,2026-10-05T23:33:53,2026-10-05T23:33:53,2026-10-05T23:33:53
6613,朋億,2022-09-15,93.2,1.7000000000000028,1.86%,,,,,,,,,ShowDailyK_ChartFlow,FinMind_API_TaiwanStockPrice_6613,True,2026-10-05T23:33:53,2026-10-05T23:33:53,2026-10-05T23:33:53
6613,朋億,2022-09-16,93.7,0.5,0.54%,,,,,,,,,ShowDailyK_ChartFlow,FinMind_API_TaiwanStockPrice_6613,True,2026-10-05T23:33:53,2026-10-05T23:33:53,2026-10-05T23:33:53
6613,朋億,2022-09-19,91.9,-1.7999999999999972,-1.92%,,,,,,,,,ShowDailyK_ChartFlow,FinMind_API_TaiwanStockPrice_6613,True,2026-10-05T23:33:53,2026-10-05T23:33:53,2026-10-05T23:33:53
6613,朋億,2022-09-20,90.3,-1.6000000000000085,-1.74%,,,,,,,,,ShowDailyK_ChartFlow,FinMind_API_TaiwanStockPrice_6613,True,2026-10-05T23:33:53,2026-10-05T23:33:53,2026-10-05T23:33:53
6613,朋億,2022-09-21,88.8,-1.5,-1.66%,,,,,,,,,ShowDailyK_ChartFlow,FinMind_API_TaiwanStockPrice_6613,True,2026-10-05T23:33:53,2026-10-05T23:33:53,2026-10-05T23:33:53
6613,朋億,2022-09-22,90.0,1.2000000000000028,1.35%,,,,,,,,,ShowDailyK_ChartFlow,FinMind_API_TaiwanStockPrice_6613,True,2026-10-05T23:33:53,2026-10-05T23:33:53,2026-10-05T23:33:53
6613,朋億,2022-09-23,89.0,-1.0,-1.11%,,,,,,,,,ShowDailyK_ChartFlow,FinMind_API_TaiwanStockPrice_6613,True,2026-10-05T23:33:53,2026-10-05T23:33:53,2026-10-05T23:33:53
6613,朋億,2022-09-26,84.3,-4.700000000000003,-5.28%,,,,,,,,,ShowDailyK_ChartFlow,FinMind_API_TaiwanStockPrice_6613,True,2026-10-05T23:33:53,2026-10-05T23:33:53,2026-10-05T23:33:53
6613,朋億,2022-09-27,85.4,1.1000000000000085,1.30%,,,,,,,,,ShowDailyK_ChartFlow,FinMind_API_TaiwanStockPrice_6613,True,2026-10-05T23:33:53,2026-10-05T23:33:53,2026-10-05T23:33:53
6613,朋億,2022-09-28,82.7,-2.700000000000003,-3.16%,,,,,,,,,ShowDailyK_ChartFlow,FinMind_API_TaiwanStockPrice_6613,True,2026-10-05T23:33:53,2026-10-05T23:33:53,2026-10-05T23:33:53
6613,朋億,2022-09-29,85.7,3.0,3.63%,,,,,,,,,ShowDailyK_ChartFlow,FinMind_API_TaiwanStockPrice_6613,True,2026-10-05T23:33:53,2026-10-05T23:33:53,2026-10-05T23:33:53
6613,朋億,2022-09-30,85.3,-0.4000000000000057,-0.47%,,,,,,,,,ShowDailyK_ChartFlow,FinMind_API_TaiwanStockPrice_6613,True,2026-10-05T23:33:53,2026-10-05T23:33:53,2026-10-05T23:33:53
6613,朋億,2022-10-03,84.3,-1.0,-1.17%,,,,,,,,,ShowDailyK_ChartFlow,FinMind_API_TaiwanStockPrice_6613,True,2026-10-05T23:33:53,2026-10-05T23:33:53,2026-10-05T23:33:53
6613,朋億,2022-10-04,84.5,0.20000000000000284,0.24%,,,,,,,,,ShowDailyK_ChartFlow,FinMind_API_TaiwanStockPrice_6613,True,2026-10-05T23:33:53,2026-10-05T23:33:53,2026-10-05T23:33:53
6613,朋億,2022-10-05,84.5,0.0,0.00%,,,,,,,,,ShowDailyK_ChartFlow,FinMind_API_TaiwanStockPrice_6613,True,2026-10-05T23:33:53,2026-10-05T23:33:53,2026-10-05T23:33:53
6613,朋億,2022-10-06,84.7,0.20000000000000284,0.24%,,,,,,,,,ShowDailyK_ChartFlow,FinMind_API_TaiwanStockPrice_6613,True,2026-10-05T23:33:53,2026-10-05T23:33:53,2026-10-05T23:33:53
6613,朋億,2022-10-07,86.0,1.2999999999999972,1.53%,,,,,,,,,ShowDailyK_ChartFlow,FinMind_API_TaiwanStockPrice_6613,True,2026-10-05T23:33:53,2026-10-05T23:33:53,2026-10-05T23:33:53
6613,朋億,2022-10-11,82.9,-3.0999999999999943,-3.60%,,,,,,,,,ShowDailyK_ChartFlow,FinMind_API_TaiwanStockPrice_6613,True,2026-10-05T23:33:53,2026-10-05T23:33:53,2026-10-05T23:33:53
6613,朋億,2022-10-12,82.7,-0.20000000000000284,-0.24%,,,,,,,,,ShowDailyK_ChartFlow,FinMind_API_TaiwanStockPrice_6613,True,2026-10-05T23:33:53,2026-10-05T23:33:53,2026-10-05T23:33:53
6613,朋億,2022-10-13,79.9,-2.799999999999997,-3.39%,,,,,,,,,ShowDailyK_ChartFlow,FinMind_API_TaiwanStockPrice_6613,True,2026-10-05T23:33:53,2026-10-05T23:33:53,2026-10-05T23:33:53
6613,朋億,2022-10-14,81.6,1.6999999999999886,2.13%,,,,,,,,,ShowDailyK_ChartFlow,FinMind_API_TaiwanStockPrice_6613,True,2026-10-05T23:33:53,2026-10-05T23:33:53,2026-10-05T23:33:53
6613,朋億,2022-10-17,80.9,-0.6999999999999886,-0.86%,,,,,,,,,ShowDailyK_ChartFlow,FinMind_API_TaiwanStockPrice_6613,True,2026-10-05T23:33:53,2026-10-05T23:33:53,2026-10-05T23:33:53
6613,朋億,2022-10-18,83.1,2.1999999999999886,2.72%,,,,,,,,,ShowDailyK_ChartFlow,FinMind_API_TaiwanStockPrice_6613,True,2026-10-05T23:33:53,2026-10-05T23:33:53,2026-10-05T23:33:53
6613,朋億,2022-10-19,82.1,-1.0,-1.20%,,,,,,,,,ShowDailyK_ChartFlow,FinMind_API_TaiwanStockPrice_6613,True,2026-10-05T23:33:53,2026-10-05T23:33:53,2026-10-05T23:33:53
6613,朋億,2022-10-20,81.0,-1.0999999999999943,-1.34%,,,,,,,,,ShowDailyK_ChartFlow,FinMind_API_TaiwanStockPrice_6613,True,2026-10-05T23:33:53,2026-10-05T23:33:53,2026-10-05T23:33:53
6613,朋億,2022-10-21,80.9,-0.09999999999999432,-0.12%,,,,,,,,,ShowDailyK_ChartFlow,FinMind_API_TaiwanStockPrice_6613,True,2026-10-05T23:33:53,2026-10-05T23:33:53,2026-10-05T23:33:53
6613,朋億,2022-10-24,80.7,-0.20000000000000284,-0.25%,,,,,,,,,ShowDailyK_ChartFlow,FinMind_API_TaiwanStockPrice_6613,True,2026-10-05T23:33:53,2026-10-05T23:33:53,2026-10-05T23:33:53
6613,朋億,2022-10-25,80.3,-0.4000000000000057,-0.50%,,,,,,,,,ShowDailyK_ChartFlow,FinMind_API_TaiwanStockPrice_6613,True,2026-10-05T23:33:53,2026-10-05T23:33:53,2026-10-05T23:33:53
6613,朋億,2022-10-26,80.3,0.0,0.00%,,,,,,,,,ShowDailyK_ChartFlow,FinMind_API_TaiwanStockPrice_6613,True,2026-10-05T23:33:53,2026-10-05T23:33:53,2026-10-05T23:33:53
6613,朋億,2022-10-27,81.3,1.0,1.25%,,,,,,,,,ShowDailyK_ChartFlow,FinMind_API_TaiwanStockPrice_6613,True,2026-10-05T23:33:53,2026-10-05T23:33:53,2026-10-05T23:33:53
6613,朋億,2022-10-28,81.0,-0.29999999999999716,-0.37%,,,,,,,,,ShowDailyK_ChartFlow,FinMind_API_TaiwanStockPrice_6613,True,2026-10-05T23:33:53,2026-10-05T23:33:53,2026-10-05T23:33:53
6613,朋億,2022-10-31,81.8,0.7999999999999972,0.99%,,,,,,,,,ShowDailyK_ChartFlow,FinMind_API_TaiwanStockPrice_6613,True,2026-10-05T23:33:53,2026-10-05T23:33:53,2026-10-05T23:33:53
6613,朋億,2022-11-01,83.4,1.6000000000000085,1.96%,,,,,,,,,ShowDailyK_ChartFlow,FinMind_API_TaiwanStockPrice_6613,True,2026-10-05T23:33:53,2026-10-05T23:33:53,2026-10-05T23:33:53
6613,朋億,2022-11-02,81.9,-1.5,-1.80%,,,,,,,,,ShowDailyK_ChartFlow,FinMind_API_TaiwanStockPrice_6613,True,2026-10-05T23:33:53,2026-10-05T23:33:53,2026-10-05T23:33:53
6613,朋億,2022-11-03,81.7,-0.20000000000000284,-0.24%,,,,,,,,,ShowDailyK_ChartFlow,FinMind_API_TaiwanStockPrice_6613,True,2026-10-05T23:33:53,2026-10-05T23:33:53,2026-10-05T23:33:53
6613,朋億,2022-11-04,82.3,0.5999999999999943,0.73%,,,,,,,,,ShowDailyK_ChartFlow,FinMind_API_TaiwanStockPrice_6613,True,2026-10-05T23:33:53,2026-10-05T23:33:53,2026-10-05T23:33:53
6613,朋億,2022-11-07,82.5,0.20000000000000284,0.24%,,,,,,,,,ShowDailyK_ChartFlow,FinMind_API_TaiwanStockPrice_6613,True,2026-10-05T23:33:53,2026-10-05T23:33:53,2026-10-05T23:33:53
6613,朋億,2022-11-08,82.5,0.0,0.00%,,,,,,,,,ShowDailyK_ChartFlow,FinMind_API_TaiwanStockPrice_6613,True,2026-10-05T23:33:53,2026-10-05T23:33:53,2026-10-05T23:33:53
6613,朋億,2022-11-09,83.1,0.5999999999999943,0.73%,,,,,,,,,ShowDailyK_ChartFlow,FinMind_API_TaiwanStockPrice_6613,True,2026-10-05T23:33:53,2026-10-05T23:33:53,2026-10-05T23:33:53
6613,朋億,2022-11-10,82.3,-0.7999999999999972,-0.96%,,,,,,,,,ShowDailyK_ChartFlow,FinMind_API_TaiwanStockPrice_6613,True,2026-10-05T23:33:53,2026-10-05T23:33:53,2026-10-05T23:33:53
6613,朋億,2022-11-11,82.0,-0.29999999999999716,-0.36%,,,,,,,,,ShowDailyK_ChartFlow,FinMind_API_TaiwanStockPrice_6613,True,2026-10-05T23:33:53,2026-10-05T23:33:53,2026-10-05T23:33:53
6613,朋億,2022-11-14,81.7,-0.29999999999999716,-0.37%,,,,,,,,,ShowDailyK_ChartFlow,FinMind_API_TaiwanStockPrice_6613,True,2026-10-05T23:33:53,2026-10-05T23:33:53,2026-10-05T23:33:53
6613,朋億,2022-11-15,81.5,-0.20000000000000284,-0.24%,,,,,,,,,ShowDailyK_ChartFlow,FinMind_API_TaiwanStockPrice_6613,True,2026-10-05T23:33:53,2026-10-05T23:33:53,2026-10-05T23:33:53
6613,朋億,2022-11-16,81.4,-0.09999999999999432,-0.12%,,,,,,,,,ShowDailyK_ChartFlow,FinMind_API_TaiwanStockPrice_6613,True,2026-10-05T23:33:53,2026-10-05T23:33:53,2026-10-05T23:33:53
6613,朋億,2022-11-17,82.6,1.1999999999999886,1.47%,,,,,,,,,ShowDailyK_ChartFlow,FinMind_API_TaiwanStockPrice_6613,True,2026-10-05T23:33:53,2026-10-05T23:33:53,2026-10-05T23:33:53
6613,朋億,2022-11-18,82.9,0.30000000000001137,0.36%,,,,,,,,,ShowDailyK_ChartFlow,FinMind_API_TaiwanStockPrice_6613,True,2026-10-05T23:33:53,2026-10-05T23:33:53,2026-10-05T23:33:53
6613,朋億,2022-11-21,84.5,1.5999999999999943,1.93%,,,,,,,,,ShowDailyK_ChartFlow,FinMind_API_TaiwanStockPrice_6613,True,2026-10-05T23:33:53,2026-10-05T23:33:53,2026-10-05T23:33:53
6613,朋億,2022-11-22,84.4,-0.09999999999999432,-0.12%,,,,,,,,,ShowDailyK_ChartFlow,FinMind_API_TaiwanStockPrice_6613,True,2026-10-05T23:33:53,2026-10-05T23:33:53,2026-10-05T23:33:53
6613,朋億,2022-11-23,85.5,1.0999999999999943,1.30%,,,,,,,,,ShowDailyK_ChartFlow,FinMind_API_TaiwanStockPrice_6613,True,2026-10-05T23:33:53,2026-10-05T23:33:53,2026-10-05T23:33:53
6613,朋億,2022-11-24,85.3,-0.20000000000000284,-0.23%,,,,,,,,,ShowDailyK_ChartFlow,FinMind_API_TaiwanStockPrice_6613,True,2026-10-05T23:33:53,2026-10-05T23:33:53,2026-10-05T23:33:53
6613,朋億,2022-11-25,85.1,-0.20000000000000284,-0.23%,,,,,,,,,ShowDailyK_ChartFlow,FinMind_API_TaiwanStockPrice_6613,True,2026-10-05T23:33:53,2026-10-05T23:33:53,2026-10-05T23:33:53
6613,朋億,2022-11-28,85.0,-0.09999999999999432,-0.12%,,,,,,,,,ShowDailyK_ChartFlow,FinMind_API_TaiwanStockPrice_6613,True,2026-10-05T23:33:53,2026-10-05T23:33:53,2026-10-05T23:33:53
6613,朋億,2022-11-29,84.8,-0.20000000000000284,-0.24%,,,,,,,,,ShowDailyK_ChartFlow,FinMind_API_TaiwanStockPrice_6613,True,2026-10-05T23:33:53,2026-10-05T23:33:53,2026-10-05T23:33:53
6613,朋億,2022-11-30,85.3,0.5,0.59%,,,,,,,,,ShowDailyK_ChartFlow,FinMind_API_TaiwanStockPrice_6613,True,2026-10-05T23:33:53,2026-10-05T23:33:53,2026-10-05T23:33:53
6613,朋億,2022-12-01,85.6,0.29999999999999716,0.35%,,,,,,,,,ShowDailyK_ChartFlow,FinMind_API_TaiwanStockPrice_6613,True,2026-10-05T23:33:53,2026-10-05T23:33:53,2026-10-05T23:33:53
6613,朋億,2022-12-02,86.9,1.3000000000000114,1.52%,,,,,,,,,ShowDailyK_ChartFlow,FinMind_API_TaiwanStockPrice_6613,True,2026-10-05T23:33:53,2026-10-05T23:33:53,2026-10-05T23:33:53
6613,朋億,2022-12-05,88.5,1.5999999999999943,1.84%,,,,,,,,,ShowDailyK_ChartFlow,FinMind_API_TaiwanStockPrice_6613,True,2026-10-05T23:33:53,2026-10-05T23:33:53,2026-10-05T23:33:53
6613,朋億,2022-12-06,88.5,0.0,0.00%,,,,,,,,,ShowDailyK_ChartFlow,FinMind_API_TaiwanStockPrice_6613,True,2026-10-05T23:33:53,2026-10-05T23:33:53,2026-10-05T23:33:53
6613,朋億,2022-12-07,87.5,-1.0,-1.13%,,,,,,,,,ShowDailyK_ChartFlow,FinMind_API_TaiwanStockPrice_6613,True,2026-10-05T23:33:53,2026-10-05T23:33:53,2026-10-05T23:33:53
6613,朋億,2022-12-08,87.7,0.20000000000000284,0.23%,,,,,,,,,ShowDailyK_ChartFlow,FinMind_API_TaiwanStockPrice_6613,True,2026-10-05T23:33:53,2026-10-05T23:33:53,2026-10-05T23:33:53
6613,朋億,2022-12-09,93.1,5.3999999999999915,6.16%,,,,,,,,,ShowDailyK_ChartFlow,FinMind_API_TaiwanStockPrice_6613,True,2026-10-05T23:33:53,2026-10-05T23:33:53,2026-10-05T23:33:53
6613,朋億,2022-12-12,93.0,-0.09999999999999432,-0.11%,,,,,,,,,ShowDailyK_ChartFlow,FinMind_API_TaiwanStockPrice_6613,True,2026-10-05T23:33:53,2026-10-05T23:33:53,2026-10-05T23:33:53
6613,朋億,2022-12-13,90.4,-2.5999999999999943,-2.80%,,,,,,,,,ShowDailyK_ChartFlow,FinMind_API_TaiwanStockPrice_6613,True,2026-10-05T23:33:53,2026-10-05T23:33:53,2026-10-05T23:33:53
6613,朋億,2022-12-14,91.4,1.0,1.11%,,,,,,,,,ShowDailyK_ChartFlow,FinMind_API_TaiwanStockPrice_6613,True,2026-10-05T23:33:53,2026-10-05T23:33:53,2026-10-05T23:33:53
6613,朋億,2022-12-15,92.9,1.5,1.64%,,,,,,,,,ShowDailyK_ChartFlow,FinMind_API_TaiwanStockPrice_6613,True,2026-10-05T23:33:53,2026-10-05T23:33:53,2026-10-05T23:33:53
6613,朋億,2022-12-16,92.0,-0.9000000000000057,-0.97%,,,,,,,,,ShowDailyK_ChartFlow,FinMind_API_TaiwanStockPrice_6613,True,2026-10-05T23:33:53,2026-10-05T23:33:53,2026-10-05T23:33:53
6613,朋億,2022-12-19,92.5,0.5,0.54%,,,,,,,,,ShowDailyK_ChartFlow,FinMind_API_TaiwanStockPrice_6613,True,2026-10-05T23:33:53,2026-10-05T23:33:53,2026-10-05T23:33:53
6613,朋億,2022-12-20,90.1,-2.4000000000000057,-2.59%,,,,,,,,,ShowDailyK_ChartFlow,FinMind_API_TaiwanStockPrice_6613,True,2026-10-05T23:33:53,2026-10-05T23:33:53,2026-10-05T23:33:53
6613,朋億,2022-12-21,90.6,0.5,0.55%,,,,,,,,,ShowDailyK_ChartFlow,FinMind_API_TaiwanStockPrice_6613,True,2026-10-05T23:33:53,2026-10-05T23:33:53,2026-10-05T23:33:53
6613,朋億,2022-12-22,90.6,0.0,0.00%,,,,,,,,,ShowDailyK_ChartFlow,FinMind_API_TaiwanStockPrice_6613,True,2026-10-05T23:33:53,2026-10-05T23:33:53,2026-10-05T23:33:53
6613,朋億,2022-12-23,90.0,-0.5999999999999943,-0.66%,,,,,,,,,ShowDailyK_ChartFlow,FinMind_API_TaiwanStockPrice_6613,True,2026-10-05T23:33:53,2026-10-05T23:33:53,2026-10-05T23:33:53
6613,朋億,2022-12-26,89.4,-0.5999999999999943,-0.67%,,,,,,,,,ShowDailyK_ChartFlow,FinMind_API_TaiwanStockPrice_6613,True,2026-10-05T23:33:53,2026-10-05T23:33:53,2026-10-05T23:33:53
6613,朋億,2022-12-27,89.8,0.3999999999999915,0.45%,,,,,,,,,ShowDailyK_ChartFlow,FinMind_API_TaiwanStockPrice_6613,True,2026-10-05T23:33:53,2026-10-05T23:33:53,2026-10-05T23:33:53
6613,朋億,2022-12-28,89.0,-0.7999999999999972,-0.89%,,,,,,,,,ShowDailyK_ChartFlow,FinMind_API_TaiwanStockPrice_6613,True,2026-10-05T23:33:53,2026-10-05T23:33:53,2026-10-05T23:33:53
6613,朋億,2022-12-29,87.9,-1.0999999999999943,-1.24%,,,,,,,,,ShowDailyK_ChartFlow,FinMind_API_TaiwanStockPrice_6613,True,2026-10-05T23:33:53,2026-10-05T23:33:53,2026-10-05T23:33:53
6613,朋億,2022-12-30,88.5,0.5999999999999943,0.68%,,,,,,,,,ShowDailyK_ChartFlow,FinMind_API_TaiwanStockPrice_6613,True,2026-10-05T23:33:53,2026-10-05T23:33:53,2026-10-05T23:33:53
6613,朋億,2023-01-03,87.5,-1.0,-1.13%,,,,,,,,,ShowDailyK_ChartFlow,FinMind_API_TaiwanStockPrice_6613,True,2026-10-05T23:33:53,2026-10-05T23:33:53,2026-10-05T23:33:53
6613,朋億,2023-01-04,87.0,-0.5,-0.57%,,,,,,,,,ShowDailyK_ChartFlow,FinMind_API_TaiwanStockPrice_6613,True,2026-10-05T23:33:53,2026-10-05T23:33:53,2026-10-05T23:33:53
6613,朋億,2023-01-05,86.3,-0.7000000000000028,-0.80%,,,,,,,,,ShowDailyK_ChartFlow,FinMind_API_TaiwanStockPrice_6613,True,2026-10-05T23:33:53,2026-10-05T23:33:53,2026-10-05T23:33:53
6613,朋億,2023-01-06,87.1,0.7999999999999972,0.93%,,,,,,,,,ShowDailyK_ChartFlow,FinMind_API_TaiwanStockPrice_6613,True,2026-10-05T23:33:53,2026-10-05T23:33:53,2026-10-05T23:33:53
6613,朋億,2023-01-09,89.5,2.4000000000000057,2.76%,,,,,,,,,ShowDailyK_ChartFlow,FinMind_API_TaiwanStockPrice_6613,True,2026-10-05T23:33:53,2026-10-05T23:33:53,2026-10-05T23:33:53
6613,朋億,2023-01-10,89.3,-0.20000000000000284,-0.22%,,,,,,,,,ShowDailyK_ChartFlow,FinMind_API_TaiwanStockPrice_6613,True,2026-10-05T23:33:53,2026-10-05T23:33:53,2026-10-05T23:33:53
6613,朋億,2023-01-11,88.8,-0.5,-0.56%,,,,,,,,,ShowDailyK_ChartFlow,FinMind_API_TaiwanStockPrice_6613,True,2026-10-05T23:33:53,2026-10-05T23:33:53,2026-10-05T23:33:53
6613,朋億,2023-01-12,89.2,0.4000000000000057,0.45%,,,,,,,,,ShowDailyK_ChartFlow,FinMind_API_TaiwanStockPrice_6613,True,2026-10-05T23:33:53,2026-10-05T23:33:53,2026-10-05T23:33:53
6613,朋億,2023-01-13,89.8,0.5999999999999943,0.67%,,,,,,,,,ShowDailyK_ChartFlow,FinMind_API_TaiwanStockPrice_6613,True,2026-10-05T23:33:53,2026-10-05T23:33:53,2026-10-05T23:33:53
6613,朋億,2023-01-16,89.9,0.10000000000000853,0.11%,,,,,,,,,ShowDailyK_ChartFlow,FinMind_API_TaiwanStockPrice_6613,True,2026-10-05T23:33:53,2026-10-05T23:33:53,2026-10-05T23:33:53
6613,朋億,2023-01-17,90.3,0.3999999999999915,0.44%,,,,,,,,,ShowDailyK_ChartFlow,FinMind_API_TaiwanStockPrice_6613,True,2026-10-05T23:33:53,2026-10-05T23:33:53,2026-10-05T23:33:53
6613,朋億,2023-01-30,88.9,-1.3999999999999915,-1.55%,,,,,,,,,ShowDailyK_ChartFlow,FinMind_API_TaiwanStockPrice_6613,True,2026-10-05T23:33:53,2026-10-05T23:33:53,2026-10-05T23:33:53
6613,朋億,2023-01-31,89.2,0.29999999999999716,0.34%,,,,,,,,,ShowDailyK_ChartFlow,FinMind_API_TaiwanStockPrice_6613,True,2026-10-05T23:33:53,2026-10-05T23:33:53,2026-10-05T23:33:53
6613,朋億,2023-02-01,90.6,1.3999999999999915,1.57%,,,,,,,,,ShowDailyK_ChartFlow,FinMind_API_TaiwanStockPrice_6613,True,2026-10-05T23:33:53,2026-10-05T23:33:53,2026-10-05T23:33:53
6613,朋億,2023-02-02,92.7,2.1000000000000085,2.32%,,,,,,,,,ShowDailyK_ChartFlow,FinMind_API_TaiwanStockPrice_6613,True,2026-10-05T23:33:53,2026-10-05T23:33:53,2026-10-05T23:33:53
6613,朋億,2023-02-03,93.5,0.7999999999999972,0.86%,,,,,,,,,ShowDailyK_ChartFlow,FinMind_API_TaiwanStockPrice_6613,True,2026-10-05T23:33:53,2026-10-05T23:33:53,2026-10-05T23:33:53
6613,朋億,2023-02-06,93.5,0.0,0.00%,,,,,,,,,ShowDailyK_ChartFlow,FinMind_API_TaiwanStockPrice_6613,True,2026-10-05T23:33:53,2026-10-05T23:33:53,2026-10-05T23:33:53
6613,朋億,2023-02-07,94.4,0.9000000000000057,0.96%,,,,,,,,,ShowDailyK_ChartFlow,FinMind_API_TaiwanStockPrice_6613,True,2026-10-05T23:33:53,2026-10-05T23:33:53,2026-10-05T23:33:53
6613,朋億,2023-02-08,96.4,2.0,2.12%,,,,,,,,,ShowDailyK_ChartFlow,FinMind_API_TaiwanStockPrice_6613,True,2026-10-05T23:33:53,2026-10-05T23:33:53,2026-10-05T23:33:53
6613,朋億,2023-02-09,98.2,1.7999999999999972,1.87%,,,,,,,,,ShowDailyK_ChartFlow,FinMind_API_TaiwanStockPrice_6613,True,2026-10-05T23:33:53,2026-10-05T23:33:53,2026-10-05T23:33:53
6613,朋億,2023-02-10,94.2,-4.0,-4.07%,,,,,,,,,ShowDailyK_ChartFlow,FinMind_API_TaiwanStockPrice_6613,True,2026-10-05T23:33:53,2026-10-05T23:33:53,2026-10-05T23:33:53
6613,朋億,2023-02-13,96.9,2.700000000000003,2.87%,,,,,,,,,ShowDailyK_ChartFlow,FinMind_API_TaiwanStockPrice_6613,True,2026-10-05T23:33:53,2026-10-05T23:33:53,2026-10-05T23:33:53
6613,朋億,2023-02-14,97.6,0.6999999999999886,0.72%,,,,,,,,,ShowDailyK_ChartFlow,FinMind_API_TaiwanStockPrice_6613,True,2026-10-05T23:33:53,2026-10-05T23:33:53,2026-10-05T23:33:53
6613,朋億,2023-02-15,95.7,-1.8999999999999915,-1.95%,,,,,,,,,ShowDailyK_ChartFlow,FinMind_API_TaiwanStockPrice_6613,True,2026-10-05T23:33:53,2026-10-05T23:33:53,2026-10-05T23:33:53
6613,朋億,2023-02-16,95.8,0.09999999999999432,0.10%,,,,,,,,,ShowDailyK_ChartFlow,FinMind_API_TaiwanStockPrice_6613,True,2026-10-05T23:33:53,2026-10-05T23:33:53,2026-10-05T23:33:53
6613,朋億,2023-02-17,96.2,0.4000000000000057,0.42%,,,,,,,,,ShowDailyK_ChartFlow,FinMind_API_TaiwanStockPrice_6613,True,2026-10-05T23:33:53,2026-10-05T23:33:53,2026-10-05T23:33:53
6613,朋億,2023-02-20,99.5,3.299999999999997,3.43%,,,,,,,,,ShowDailyK_ChartFlow,FinMind_API_TaiwanStockPrice_6613,True,2026-10-05T23:33:53,2026-10-05T23:33:53,2026-10-05T23:33:53
6613,朋億,2023-02-21,99.8,0.29999999999999716,0.30%,,,,,,,,,ShowDailyK_ChartFlow,FinMind_API_TaiwanStockPrice_6613,True,2026-10-05T23:33:53,2026-10-05T23:33:53,2026-10-05T23:33:53
6613,朋億,2023-02-22,99.5,-0.29999999999999716,-0.30%,,,,,,,,,ShowDailyK_ChartFlow,FinMind_API_TaiwanStockPrice_6613,True,2026-10-05T23:33:53,2026-10-05T23:33:53,2026-10-05T23:33:53
6613,朋億,2023-02-23,100.5,1.0,1.01%,,,,,,,,,ShowDailyK_ChartFlow,FinMind_API_TaiwanStockPrice_6613,True,2026-10-05T23:33:53,2026-10-05T23:33:53,2026-10-05T23:33:53
6613,朋億,2023-02-24,98.9,-1.5999999999999943,-1.59%,,,,,,,,,ShowDailyK_ChartFlow,FinMind_API_TaiwanStockPrice_6613,True,2026-10-05T23:33:53,2026-10-05T23:33:53,2026-10-05T23:33:53
6613,朋億,2023-03-01,101.5,2.5999999999999943,2.63%,,,,,,,,,ShowDailyK_ChartFlow,FinMind_API_TaiwanStockPrice_6613,True,2026-10-05T23:33:53,2026-10-05T23:33:53,2026-10-05T23:33:53
6613,朋億,2023-03-02,105.0,3.5,3.45%,,,,,,,,,ShowDailyK_ChartFlow,FinMind_API_TaiwanStockPrice_6613,True,2026-10-05T23:33:53,2026-10-05T23:33:53,2026-10-05T23:33:53
6613,朋億,2023-03-03,103.5,-1.5,-1.43%,,,,,,,,,ShowDailyK_ChartFlow,FinMind_API_TaiwanStockPrice_6613,True,2026-10-05T23:33:53,2026-10-05T23:33:53,2026-10-05T23:33:53
6613,朋億,2023-03-06,103.5,0.0,0.00%,,,,,,,,,ShowDailyK_ChartFlow,FinMind_API_TaiwanStockPrice_6613,True,2026-10-05T23:33:53,2026-10-05T23:33:53,2026-10-05T23:33:53
6613,朋億,2023-03-07,104.5,1.0,0.97%,,,,,,,,,ShowDailyK_ChartFlow,FinMind_API_TaiwanStockPrice_6613,True,2026-10-05T23:33:53,2026-10-05T23:33:53,2026-10-05T23:33:53
6613,朋億,2023-03-08,104.5,0.0,0.00%,,,,,,,,,ShowDailyK_ChartFlow,FinMind_API_TaiwanStockPrice_6613,True,2026-10-05T23:33:53,2026-10-05T23:33:53,2026-10-05T23:33:53
6613,朋億,2023-03-09,102.5,-2.0,-1.91%,,,,,,,,,ShowDailyK_ChartFlow,FinMind_API_TaiwanStockPrice_6613,True,2026-10-05T23:33:53,2026-10-05T23:33:53,2026-10-05T23:33:53
6613,朋億,2023-03-10,101.0,-1.5,-1.46%,,,,,,,,,ShowDailyK_ChartFlow,FinMind_API_TaiwanStockPrice_6613,True,2026-10-05T23:33:53,2026-10-05T23:33:53,2026-10-05T23:33:53
6613,朋億,2023-03-13,98.8,-2.200000000000003,-2.18%,,,,,,,,,ShowDailyK_ChartFlow,FinMind_API_TaiwanStockPrice_6613,True,2026-10-05T23:33:53,2026-10-05T23:33:53,2026-10-05T23:33:53
6613,朋億,2023-03-14,98.2,-0.5999999999999943,-0.61%,,,,,,,,,ShowDailyK_ChartFlow,FinMind_API_TaiwanStockPrice_6613,True,2026-10-05T23:33:53,2026-10-05T23:33:53,2026-10-05T23:33:53
6613,朋億,2023-03-15,98.4,0.20000000000000284,0.20%,,,,,,,,,ShowDailyK_ChartFlow,FinMind_API_TaiwanStockPrice_6613,True,2026-10-05T23:33:53,2026-10-05T23:33:53,2026-10-05T23:33:53
6613,朋億,2023-03-16,96.4,-2.0,-2.03%,,,,,,,,,ShowDailyK_ChartFlow,FinMind_API_TaiwanStockPrice_6613,True,2026-10-05T23:33:53,2026-10-05T23:33:53,2026-10-05T23:33:53
6613,朋億,2023-03-17,98.0,1.5999999999999943,1.66%,,,,,,,,,ShowDailyK_ChartFlow,FinMind_API_TaiwanStockPrice_6613,True,2026-10-05T23:33:53,2026-10-05T23:33:53,2026-10-05T23:33:53
6613,朋億,2023-03-20,98.7,0.7000000000000028,0.71%,,,,,,,,,ShowDailyK_ChartFlow,FinMind_API_TaiwanStockPrice_6613,True,2026-10-05T23:33:53,2026-10-05T23:33:53,2026-10-05T23:33:53
6613,朋億,2023-03-21,99.0,0.29999999999999716,0.30%,,,,,,,,,ShowDailyK_ChartFlow,FinMind_API_TaiwanStockPrice_6613,True,2026-10-05T23:33:53,2026-10-05T23:33:53,2026-10-05T23:33:53
6613,朋億,2023-03-22,102.0,3.0,3.03%,,,,,,,,,ShowDailyK_ChartFlow,FinMind_API_TaiwanStockPrice_6613,True,2026-10-05T23:33:53,2026-10-05T23:33:53,2026-10-05T23:33:53
6613,朋億,2023-03-23,102.0,0.0,0.00%,,,,,,,,,ShowDailyK_ChartFlow,FinMind_API_TaiwanStockPrice_6613,True,2026-10-05T23:33:53,2026-10-05T23:33:53,2026-10-05T23:33:53
6613,朋億,2023-03-24,100.5,-1.5,-1.47%,,,,,,,,,ShowDailyK_ChartFlow,FinMind_API_TaiwanStockPrice_6613,True,2026-10-05T23:33:53,2026-10-05T23:33:53,2026-10-05T23:33:53
6613,朋億,2023-03-27,101.0,0.5,0.50%,,,,,,,,,ShowDailyK_ChartFlow,FinMind_API_TaiwanStockPrice_6613,True,2026-10-05T23:33:53,2026-10-05T23:33:53,2026-10-05T23:33:53
6613,朋億,2023-03-28,100.0,-1.0,-0.99%,,,,,,,,,ShowDailyK_ChartFlow,FinMind_API_TaiwanStockPrice_6613,True,2026-10-05T23:33:53,2026-10-05T23:33:53,2026-10-05T23:33:53
6613,朋億,2023-03-29,100.0,0.0,0.00%,,,,,,,,,ShowDailyK_ChartFlow,FinMind_API_TaiwanStockPrice_6613,True,2026-10-05T23:33:53,2026-10-05T23:33:53,2026-10-05T23:33:53
6613,朋億,2023-03-30,101.5,1.5,1.50%,,,,,,,,,ShowDailyK_ChartFlow,FinMind_API_TaiwanStockPrice_6613,True,2026-10-05T23:33:53,2026-10-05T23:33:53,2026-10-05T23:33:53
6613,朋億,2023-03-31,104.0,2.5,2.46%,,,,,,,,,ShowDailyK_ChartFlow,FinMind_API_TaiwanStockPrice_6613,True,2026-10-05T23:33:53,2026-10-05T23:33:53,2026-10-05T23:33:53
6613,朋億,2023-04-06,105.5,1.5,1.44%,,,,,,,,,ShowDailyK_ChartFlow,FinMind_API_TaiwanStockPrice_6613,True,2026-10-05T23:33:53,2026-10-05T23:33:53,2026-10-05T23:33:53
6613,朋億,2023-04-07,106.0,0.5,0.47%,,,,,,,,,ShowDailyK_ChartFlow,FinMind_API_TaiwanStockPrice_6613,True,2026-10-05T23:33:53,2026-10-05T23:33:53,2026-10-05T23:33:53
6613,朋億,2023-04-10,104.5,-1.5,-1.42%,,,,,,,,,ShowDailyK_ChartFlow,FinMind_API_TaiwanStockPrice_6613,True,2026-10-05T23:33:53,2026-10-05T23:33:53,2026-10-05T23:33:53
6613,朋億,2023-04-11,102.0,-2.5,-2.39%,,,,,,,,,ShowDailyK_ChartFlow,FinMind_API_TaiwanStockPrice_6613,True,2026-10-05T23:33:53,2026-10-05T23:33:53,2026-10-05T23:33:53
6613,朋億,2023-04-12,104.0,2.0,1.96%,,,,,,,,,ShowDailyK_ChartFlow,FinMind_API_TaiwanStockPrice_6613,True,2026-10-05T23:33:53,2026-10-05T23:33:53,2026-10-05T23:33:53
6613,朋億,2023-04-13,103.0,-1.0,-0.96%,,,,,,,,,ShowDailyK_ChartFlow,FinMind_API_TaiwanStockPrice_6613,True,2026-10-05T23:33:53,2026-10-05T23:33:53,2026-10-05T23:33:53
6613,朋億,2023-04-14,103.0,0.0,0.00%,,,,,,,,,ShowDailyK_ChartFlow,FinMind_API_TaiwanStockPrice_6613,True,2026-10-05T23:33:53,2026-10-05T23:33:53,2026-10-05T23:33:53
6613,朋億,2023-04-17,102.0,-1.0,-0.97%,,,,,,,,,ShowDailyK_ChartFlow,FinMind_API_TaiwanStockPrice_6613,True,2026-10-05T23:33:53,2026-10-05T23:33:53,2026-10-05T23:33:53
6613,朋億,2023-04-18,101.5,-0.5,-0.49%,,,,,,,,,ShowDailyK_ChartFlow,FinMind_API_TaiwanStockPrice_6613,True,2026-10-05T23:33:53,2026-10-05T23:33:53,2026-10-05T23:33:53
6613,朋億,2023-04-19,102.5,1.0,0.99%,,,,,,,,,ShowDailyK_ChartFlow,FinMind_API_TaiwanStockPrice_6613,True,2026-10-05T23:33:53,2026-10-05T23:33:53,2026-10-05T23:33:53
6613,朋億,2023-04-20,101.0,-1.5,-1.46%,,,,,,,,,ShowDailyK_ChartFlow,FinMind_API_TaiwanStockPrice_6613,True,2026-10-05T23:33:53,2026-10-05T23:33:53,2026-10-05T23:33:53
6613,朋億,2023-04-21,99.3,-1.7000000000000028,-1.68%,,,,,,,,,ShowDailyK_ChartFlow,FinMind_API_TaiwanStockPrice_6613,True,2026-10-05T23:33:53,2026-10-05T23:33:53,2026-10-05T23:33:53
6613,朋億,2023-04-24,99.6,0.29999999999999716,0.30%,,,,,,,,,ShowDailyK_ChartFlow,FinMind_API_TaiwanStockPrice_6613,True,2026-10-05T23:33:53,2026-10-05T23:33:53,2026-10-05T23:33:53
6613,朋億,2023-04-25,97.8,-1.7999999999999972,-1.81%,,,,,,,,,ShowDailyK_ChartFlow,FinMind_API_TaiwanStockPrice_6613,True,2026-10-05T23:33:53,2026-10-05T23:33:53,2026-10-05T23:33:53
6613,朋億,2023-04-26,98.3,0.5,0.51%,,,,,,,,,ShowDailyK_ChartFlow,FinMind_API_TaiwanStockPrice_6613,True,2026-10-05T23:33:53,2026-10-05T23:33:53,2026-10-05T23:33:53
6613,朋億,2023-04-27,99.5,1.2000000000000028,1.22%,,,,,,,,,ShowDailyK_ChartFlow,FinMind_API_TaiwanStockPrice_6613,True,2026-10-05T23:33:53,2026-10-05T23:33:53,2026-10-05T23:33:53
6613,朋億,2023-04-28,100.0,0.5,0.50%,,,,,,,,,ShowDailyK_ChartFlow,FinMind_API_TaiwanStockPrice_6613,True,2026-10-05T23:33:53,2026-10-05T23:33:53,2026-10-05T23:33:53
6613,朋億,2023-05-02,99.8,-0.20000000000000284,-0.20%,,,,,,,,,ShowDailyK_ChartFlow,FinMind_API_TaiwanStockPrice_6613,True,2026-10-05T23:33:53,2026-10-05T23:33:53,2026-10-05T23:33:53
6613,朋億,2023-05-03,99.6,-0.20000000000000284,-0.20%,,,,,,,,,ShowDailyK_ChartFlow,FinMind_API_TaiwanStockPrice_6613,True,2026-10-05T23:33:53,2026-10-05T23:33:53,2026-10-05T23:33:53
6613,朋億,2023-05-04,99.7,0.10000000000000853,0.10%,,,,,,,,,ShowDailyK_ChartFlow,FinMind_API_TaiwanStockPrice_6613,True,2026-10-05T23:33:53,2026-10-05T23:33:53,2026-10-05T23:33:53
6613,朋億,2023-05-05,99.7,0.0,0.00%,,,,,,,,,ShowDailyK_ChartFlow,FinMind_API_TaiwanStockPrice_6613,True,2026-10-05T23:33:53,2026-10-05T23:33:53,2026-10-05T23:33:53
6613,朋億,2023-05-08,99.5,-0.20000000000000284,-0.20%,,,,,,,,,ShowDailyK_ChartFlow,FinMind_API_TaiwanStockPrice_6613,True,2026-10-05T23:33:53,2026-10-05T23:33:53,2026-10-05T23:33:53
6613,朋億,2023-05-09,98.8,-0.7000000000000028,-0.70%,,,,,,,,,ShowDailyK_ChartFlow,FinMind_API_TaiwanStockPrice_6613,True,2026-10-05T23:33:53,2026-10-05T23:33:53,2026-10-05T23:33:53
6613,朋億,2023-05-10,100.5,1.7000000000000028,1.72%,,,,,,,,,ShowDailyK_ChartFlow,FinMind_API_TaiwanStockPrice_6613,True,2026-10-05T23:33:53,2026-10-05T23:33:53,2026-10-05T23:33:53
6613,朋億,2023-05-11,101.0,0.5,0.50%,,,,,,,,,ShowDailyK_ChartFlow,FinMind_API_TaiwanStockPrice_6613,True,2026-10-05T23:33:53,2026-10-05T23:33:53,2026-10-05T23:33:53
6613,朋億,2023-05-12,101.5,0.5,0.50%,,,,,,,,,ShowDailyK_ChartFlow,FinMind_API_TaiwanStockPrice_6613,True,2026-10-05T23:33:53,2026-10-05T23:33:53,2026-10-05T23:33:53
6613,朋億,2023-05-15,100.5,-1.0,-0.99%,,,,,,,,,ShowDailyK_ChartFlow,FinMind_API_TaiwanStockPrice_6613,True,2026-10-05T23:33:53,2026-10-05T23:33:53,2026-10-05T23:33:53
6613,朋億,2023-05-16,102.0,1.5,1.49%,,,,,,,,,ShowDailyK_ChartFlow,FinMind_API_TaiwanStockPrice_6613,True,2026-10-05T23:33:53,2026-10-05T23:33:53,2026-10-05T23:33:53
6613,朋億,2023-05-17,102.0,0.0,0.00%,,,,,,,,,ShowDailyK_ChartFlow,FinMind_API_TaiwanStockPrice_6613,True,2026-10-05T23:33:53,2026-10-05T23:33:53,2026-10-05T23:33:53
6613,朋億,2023-05-18,102.0,0.0,0.00%,,,,,,,,,ShowDailyK_ChartFlow,FinMind_API_TaiwanStockPrice_6613,True,2026-10-05T23:33:53,2026-10-05T23:33:53,2026-10-05T23:33:53
6613,朋億,2023-05-19,104.0,2.0,1.96%,,,,,,,,,ShowDailyK_ChartFlow,FinMind_API_TaiwanStockPrice_6613,True,2026-10-05T23:33:53,2026-10-05T23:33:53,2026-10-05T23:33:53
6613,朋億,2023-05-22,104.5,0.5,0.48%,,,,,,,,,ShowDailyK_ChartFlow,FinMind_API_TaiwanStockPrice_6613,True,2026-10-05T23:33:53,2026-10-05T23:33:53,2026-10-05T23:33:53
6613,朋億,2023-05-23,103.5,-1.0,-0.96%,,,,,,,,,ShowDailyK_ChartFlow,FinMind_API_TaiwanStockPrice_6613,True,2026-10-05T23:33:53,2026-10-05T23:33:53,2026-10-05T23:33:53
6613,朋億,2023-05-24,103.5,0.0,0.00%,,,,,,,,,ShowDailyK_ChartFlow,FinMind_API_TaiwanStockPrice_6613,True,2026-10-05T23:33:53,2026-10-05T23:33:53,2026-10-05T23:33:53
6613,朋億,2023-05-25,104.0,0.5,0.48%,,,,,,,,,ShowDailyK_ChartFlow,FinMind_API_TaiwanStockPrice_6613,True,2026-10-05T23:33:53,2026-10-05T23:33:53,2026-10-05T23:33:53
6613,朋億,2023-05-26,107.0,3.0,2.88%,,,,,,,,,ShowDailyK_ChartFlow,FinMind_API_TaiwanStockPrice_6613,True,2026-10-05T23:33:53,2026-10-05T23:33:53,2026-10-05T23:33:53
6613,朋億,2023-05-29,107.0,0.0,0.00%,,,,,,,,,ShowDailyK_ChartFlow,FinMind_API_TaiwanStockPrice_6613,True,2026-10-05T23:33:53,2026-10-05T23:33:53,2026-10-05T23:33:53
6613,朋億,2023-05-30,107.5,0.5,0.47%,,,,,,,,,ShowDailyK_ChartFlow,FinMind_API_TaiwanStockPrice_6613,True,2026-10-05T23:33:53,2026-10-05T23:33:53,2026-10-05T23:33:53
6613,朋億,2023-05-31,107.0,-0.5,-0.47%,,,,,,,,,ShowDailyK_ChartFlow,FinMind_API_TaiwanStockPrice_6613,True,2026-10-05T23:33:53,2026-10-05T23:33:53,2026-10-05T23:33:53
6613,朋億,2023-06-01,105.5,-1.5,-1.40%,,,,,,,,,ShowDailyK_ChartFlow,FinMind_API_TaiwanStockPrice_6613,True,2026-10-05T23:33:53,2026-10-05T23:33:53,2026-10-05T23:33:53
6613,朋億,2023-06-02,105.5,0.0,0.00%,,,,,,,,,ShowDailyK_ChartFlow,FinMind_API_TaiwanStockPrice_6613,True,2026-10-05T23:33:53,2026-10-05T23:33:53,2026-10-05T23:33:53
6613,朋億,2023-06-05,106.0,0.5,0.47%,,,,,,,,,ShowDailyK_ChartFlow,FinMind_API_TaiwanStockPrice_6613,True,2026-10-05T23:33:53,2026-10-05T23:33:53,2026-10-05T23:33:53
6613,朋億,2023-06-06,106.0,0.0,0.00%,,,,,,,,,ShowDailyK_ChartFlow,FinMind_API_TaiwanStockPrice_6613,True,2026-10-05T23:33:53,2026-10-05T23:33:53,2026-10-05T23:33:53
6613,朋億,2023-06-07,106.5,0.5,0.47%,,,,,,,,,ShowDailyK_ChartFlow,FinMind_API_TaiwanStockPrice_6613,True,2026-10-05T23:33:53,2026-10-05T23:33:53,2026-10-05T23:33:53
6613,朋億,2023-06-08,107.0,0.5,0.47%,,,,,,,,,ShowDailyK_ChartFlow,FinMind_API_TaiwanStockPrice_6613,True,2026-10-05T23:33:53,2026-10-05T23:33:53,2026-10-05T23:33:53
6613,朋億,2023-06-09,108.0,1.0,0.93%,,,,,,,,,ShowDailyK_ChartFlow,FinMind_API_TaiwanStockPrice_6613,True,2026-10-05T23:33:53,2026-10-05T23:33:53,2026-10-05T23:33:53
6613,朋億,2023-06-12,110.5,2.5,2.31%,,,,,,,,,ShowDailyK_ChartFlow,FinMind_API_TaiwanStockPrice_6613,True,2026-10-05T23:33:53,2026-10-05T23:33:53,2026-10-05T23:33:53
6613,朋億,2023-06-13,110.0,-0.5,-0.45%,,,,,,,,,ShowDailyK_ChartFlow,FinMind_API_TaiwanStockPrice_6613,True,2026-10-05T23:33:53,2026-10-05T23:33:53,2026-10-05T23:33:53
6613,朋億,2023-06-14,110.0,0.0,0.00%,,,,,,,,,ShowDailyK_ChartFlow,FinMind_API_TaiwanStockPrice_6613,True,2026-10-05T23:33:53,2026-10-05T23:33:53,2026-10-05T23:33:53
6613,朋億,2023-06-15,111.0,1.0,0.91%,,,,,,,,,ShowDailyK_ChartFlow,FinMind_API_TaiwanStockPrice_6613,True,2026-10-05T23:33:53,2026-10-05T23:33:53,2026-10-05T23:33:53
6613,朋億,2023-06-16,110.0,-1.0,-0.90%,,,,,,,,,ShowDailyK_ChartFlow,FinMind_API_TaiwanStockPrice_6613,True,2026-10-05T23:33:53,2026-10-05T23:33:53,2026-10-05T23:33:53
6613,朋億,2023-06-19,109.0,-1.0,-0.91%,,,,,,,,,ShowDailyK_ChartFlow,FinMind_API_TaiwanStockPrice_6613,True,2026-10-05T23:33:53,2026-10-05T23:33:53,2026-10-05T23:33:53
6613,朋億,2023-06-20,108.5,-0.5,-0.46%,,,,,,,,,ShowDailyK_ChartFlow,FinMind_API_TaiwanStockPrice_6613,True,2026-10-05T23:33:53,2026-10-05T23:33:53,2026-10-05T23:33:53
6613,朋億,2023-06-21,108.5,0.0,0.00%,,,,,,,,,ShowDailyK_ChartFlow,FinMind_API_TaiwanStockPrice_6613,True,2026-10-05T23:33:53,2026-10-05T23:33:53,2026-10-05T23:33:53
6613,朋億,2023-06-26,107.0,-1.5,-1.38%,,,,,,,,,ShowDailyK_ChartFlow,FinMind_API_TaiwanStockPrice_6613,True,2026-10-05T23:33:53,2026-10-05T23:33:53,2026-10-05T23:33:53
6613,朋億,2023-06-27,106.0,-1.0,-0.93%,,,,,,,,,ShowDailyK_ChartFlow,FinMind_API_TaiwanStockPrice_6613,True,2026-10-05T23:33:53,2026-10-05T23:33:53,2026-10-05T23:33:53
6613,朋億,2023-06-28,106.5,0.5,0.47%,,,,,,,,,ShowDailyK_ChartFlow,FinMind_API_TaiwanStockPrice_6613,True,2026-10-05T23:33:53,2026-10-05T23:33:53,2026-10-05T23:33:53
6613,朋億,2023-06-29,100.5,-6.0,-5.63%,,,,,,,,,ShowDailyK_ChartFlow,FinMind_API_TaiwanStockPrice_6613,True,2026-10-05T23:33:53,2026-10-05T23:33:53,2026-10-05T23:33:53
6613,朋億,2023-06-30,101.0,0.5,0.50%,,,,,,,,,ShowDailyK_ChartFlow,FinMind_API_TaiwanStockPrice_6613,True,2026-10-05T23:33:53,2026-10-05T23:33:53,2026-10-05T23:33:53
6613,朋億,2023-07-03,102.5,1.5,1.49%,,,,,,,,,ShowDailyK_ChartFlow,FinMind_API_TaiwanStockPrice_6613,True,2026-10-05T23:33:53,2026-10-05T23:33:53,2026-10-05T23:33:53
6613,朋億,2023-07-04,102.5,0.0,0.00%,,,,,,,,,ShowDailyK_ChartFlow,FinMind_API_TaiwanStockPrice_6613,True,2026-10-05T23:33:53,2026-10-05T23:33:53,2026-10-05T23:33:53
6613,朋億,2023-07-05,102.5,0.0,0.00%,,,,,,,,,ShowDailyK_ChartFlow,FinMind_API_TaiwanStockPrice_6613,True,2026-10-05T23:33:53,2026-10-05T23:33:53,2026-10-05T23:33:53
6613,朋億,2023-07-06,103.5,1.0,0.98%,,,,,,,,,ShowDailyK_ChartFlow,FinMind_API_TaiwanStockPrice_6613,True,2026-10-05T23:33:53,2026-10-05T23:33:53,2026-10-05T23:33:53
6613,朋億,2023-07-07,101.5,-2.0,-1.93%,,,,,,,,,ShowDailyK_ChartFlow,FinMind_API_TaiwanStockPrice_6613,True,2026-10-05T23:33:53,2026-10-05T23:33:53,2026-10-05T23:33:53
6613,朋億,2023-07-10,102.5,1.0,0.99%,,,,,,,,,ShowDailyK_ChartFlow,FinMind_API_TaiwanStockPrice_6613,True,2026-10-05T23:33:53,2026-10-05T23:33:53,2026-10-05T23:33:53
6613,朋億,2023-07-11,104.0,1.5,1.46%,,,,,,,,,ShowDailyK_ChartFlow,FinMind_API_TaiwanStockPrice_6613,True,2026-10-05T23:33:53,2026-10-05T23:33:53,2026-10-05T23:33:53
6613,朋億,2023-07-12,105.0,1.0,0.96%,,,,,,,,,ShowDailyK_ChartFlow,FinMind_API_TaiwanStockPrice_6613,True,2026-10-05T23:33:53,2026-10-05T23:33:53,2026-10-05T23:33:53
6613,朋億,2023-07-13,108.0,3.0,2.86%,,,,,,,,,ShowDailyK_ChartFlow,FinMind_API_TaiwanStockPrice_6613,True,2026-10-05T23:33:53,2026-10-05T23:33:53,2026-10-05T23:33:53
6613,朋億,2023-07-14,108.0,0.0,0.00%,,,,,,,,,ShowDailyK_ChartFlow,FinMind_API_TaiwanStockPrice_6613,True,2026-10-05T23:33:53,2026-10-05T23:33:53,2026-10-05T23:33:53
6613,朋億,2023-07-17,108.0,0.0,0.00%,,,,,,,,,ShowDailyK_ChartFlow,FinMind_API_TaiwanStockPrice_6613,True,2026-10-05T23:33:53,2026-10-05T23:33:53,2026-10-05T23:33:53
6613,朋億,2023-07-18,107.0,-1.0,-0.93%,,,,,,,,,ShowDailyK_ChartFlow,FinMind_API_TaiwanStockPrice_6613,True,2026-10-05T23:33:53,2026-10-05T23:33:53,2026-10-05T23:33:53
6613,朋億,2023-07-19,106.0,-1.0,-0.93%,,,,,,,,,ShowDailyK_ChartFlow,FinMind_API_TaiwanStockPrice_6613,True,2026-10-05T23:33:53,2026-10-05T23:33:53,2026-10-05T23:33:53
6613,朋億,2023-07-20,106.5,0.5,0.47%,,,,,,,,,ShowDailyK_ChartFlow,FinMind_API_TaiwanStockPrice_6613,True,2026-10-05T23:33:53,2026-10-05T23:33:53,2026-10-05T23:33:53
6613,朋億,2023-07-21,105.5,-1.0,-0.94%,,,,,,,,,ShowDailyK_ChartFlow,FinMind_API_TaiwanStockPrice_6613,True,2026-10-05T23:33:53,2026-10-05T23:33:53,2026-10-05T23:33:53
6613,朋億,2023-07-24,104.5,-1.0,-0.95%,,,,,,,,,ShowDailyK_ChartFlow,FinMind_API_TaiwanStockPrice_6613,True,2026-10-05T23:33:53,2026-10-05T23:33:53,2026-10-05T23:33:53
6613,朋億,2023-07-25,104.5,0.0,0.00%,,,,,,,,,ShowDailyK_ChartFlow,FinMind_API_TaiwanStockPrice_6613,True,2026-10-05T23:33:53,2026-10-05T23:33:53,2026-10-05T23:33:53
6613,朋億,2023-07-26,105.0,0.5,0.48%,,,,,,,,,ShowDailyK_ChartFlow,FinMind_API_TaiwanStockPrice_6613,True,2026-10-05T23:33:53,2026-10-05T23:33:53,2026-10-05T23:33:53
6613,朋億,2023-07-27,108.0,3.0,2.86%,,,,,,,,,ShowDailyK_ChartFlow,FinMind_API_TaiwanStockPrice_6613,True,2026-10-05T23:33:53,2026-10-05T23:33:53,2026-10-05T23:33:53
6613,朋億,2023-07-28,107.0,-1.0,-0.93%,,,,,,,,,ShowDailyK_ChartFlow,FinMind_API_TaiwanStockPrice_6613,True,2026-10-05T23:33:53,2026-10-05T23:33:53,2026-10-05T23:33:53
6613,朋億,2023-07-31,108.5,1.5,1.40%,,,,,,,,,ShowDailyK_ChartFlow,FinMind_API_TaiwanStockPrice_6613,True,2026-10-05T23:33:53,2026-10-05T23:33:53,2026-10-05T23:33:53
6613,朋億,2023-08-01,112.0,3.5,3.23%,,,,,,,,,ShowDailyK_ChartFlow,FinMind_API_TaiwanStockPrice_6613,True,2026-10-05T23:33:53,2026-10-05T23:33:53,2026-10-05T23:33:53
6613,朋億,2023-08-02,109.0,-3.0,-2.68%,,,,,,,,,ShowDailyK_ChartFlow,FinMind_API_TaiwanStockPrice_6613,True,2026-10-05T23:33:53,2026-10-05T23:33:53,2026-10-05T23:33:53
6613,朋億,2023-08-04,116.5,7.5,6.88%,,,,,,,,,ShowDailyK_ChartFlow,FinMind_API_TaiwanStockPrice_6613,True,2026-10-05T23:33:53,2026-10-05T23:33:53,2026-10-05T23:33:53
6613,朋億,2023-08-07,115.5,-1.0,-0.86%,,,,,,,,,ShowDailyK_ChartFlow,FinMind_API_TaiwanStockPrice_6613,True,2026-10-05T23:33:53,2026-10-05T23:33:53,2026-10-05T23:33:53
6613,朋億,2023-08-08,119.5,4.0,3.46%,,,,,,,,,ShowDailyK_ChartFlow,FinMind_API_TaiwanStockPrice_6613,True,2026-10-05T23:33:53,2026-10-05T23:33:53,2026-10-05T23:33:53
6613,朋億,2023-08-09,118.5,-1.0,-0.84%,,,,,,,,,ShowDailyK_ChartFlow,FinMind_API_TaiwanStockPrice_6613,True,2026-10-05T23:33:53,2026-10-05T23:33:53,2026-10-05T23:33:53
6613,朋億,2023-08-10,119.0,0.5,0.42%,,,,,,,,,ShowDailyK_ChartFlow,FinMind_API_TaiwanStockPrice_6613,True,2026-10-05T23:33:53,2026-10-05T23:33:53,2026-10-05T23:33:53
6613,朋億,2023-08-11,120.0,1.0,0.84%,,,,,,,,,ShowDailyK_ChartFlow,FinMind_API_TaiwanStockPrice_6613,True,2026-10-05T23:33:53,2026-10-05T23:33:53,2026-10-05T23:33:53
6613,朋億,2023-08-14,123.0,3.0,2.50%,,,,,,,,,ShowDailyK_ChartFlow,FinMind_API_TaiwanStockPrice_6613,True,2026-10-05T23:33:53,2026-10-05T23:33:53,2026-10-05T23:33:53
6613,朋億,2023-08-15,126.5,3.5,2.85%,,,,,,,,,ShowDailyK_ChartFlow,FinMind_API_TaiwanStockPrice_6613,True,2026-10-05T23:33:53,2026-10-05T23:33:53,2026-10-05T23:33:53
6613,朋億,2023-08-16,128.0,1.5,1.19%,,,,,,,,,ShowDailyK_ChartFlow,FinMind_API_TaiwanStockPrice_6613,True,2026-10-05T23:33:53,2026-10-05T23:33:53,2026-10-05T23:33:53
6613,朋億,2023-08-17,126.5,-1.5,-1.17%,,,,,,,,,ShowDailyK_ChartFlow,FinMind_API_TaiwanStockPrice_6613,True,2026-10-05T23:33:53,2026-10-05T23:33:53,2026-10-05T23:33:53
6613,朋億,2023-08-18,123.0,-3.5,-2.77%,,,,,,,,,ShowDailyK_ChartFlow,FinMind_API_TaiwanStockPrice_6613,True,2026-10-05T23:33:53,2026-10-05T23:33:53,2026-10-05T23:33:53
6613,朋億,2023-08-21,122.5,-0.5,-0.41%,,,,,,,,,ShowDailyK_ChartFlow,FinMind_API_TaiwanStockPrice_6613,True,2026-10-05T23:33:53,2026-10-05T23:33:53,2026-10-05T23:33:53
6613,朋億,2023-08-22,121.5,-1.0,-0.82%,,,,,,,,,ShowDailyK_ChartFlow,FinMind_API_TaiwanStockPrice_6613,True,2026-10-05T23:33:53,2026-10-05T23:33:53,2026-10-05T23:33:53
6613,朋億,2023-08-23,121.5,0.0,0.00%,,,,,,,,,ShowDailyK_ChartFlow,FinMind_API_TaiwanStockPrice_6613,True,2026-10-05T23:33:53,2026-10-05T23:33:53,2026-10-05T23:33:53
6613,朋億,2023-08-24,119.5,-2.0,-1.65%,,,,,,,,,ShowDailyK_ChartFlow,FinMind_API_TaiwanStockPrice_6613,True,2026-10-05T23:33:53,2026-10-05T23:33:53,2026-10-05T23:33:53
6613,朋億,2023-08-25,118.0,-1.5,-1.26%,,,,,,,,,ShowDailyK_ChartFlow,FinMind_API_TaiwanStockPrice_6613,True,2026-10-05T23:33:53,2026-10-05T23:33:53,2026-10-05T23:33:53
6613,朋億,2023-08-28,121.5,3.5,2.97%,,,,,,,,,ShowDailyK_ChartFlow,FinMind_API_TaiwanStockPrice_6613,True,2026-10-05T23:33:53,2026-10-05T23:33:53,2026-10-05T23:33:53
6613,朋億,2023-08-29,120.5,-1.0,-0.82%,,,,,,,,,ShowDailyK_ChartFlow,FinMind_API_TaiwanStockPrice_6613,True,2026-10-05T23:33:53,2026-10-05T23:33:53,2026-10-05T23:33:53
6613,朋億,2023-08-30,122.0,1.5,1.24%,,,,,,,,,ShowDailyK_ChartFlow,FinMind_API_TaiwanStockPrice_6613,True,2026-10-05T23:33:53,2026-10-05T23:33:53,2026-10-05T23:33:53
6613,朋億,2023-08-31,124.0,2.0,1.64%,,,,,,,,,ShowDailyK_ChartFlow,FinMind_API_TaiwanStockPrice_6613,True,2026-10-05T23:33:53,2026-10-05T23:33:53,2026-10-05T23:33:53
6613,朋億,2023-09-01,122.0,-2.0,-1.61%,,,,,,,,,ShowDailyK_ChartFlow,FinMind_API_TaiwanStockPrice_6613,True,2026-10-05T23:33:53,2026-10-05T23:33:53,2026-10-05T23:33:53
6613,朋億,2023-09-04,122.0,0.0,0.00%,,,,,,,,,ShowDailyK_ChartFlow,FinMind_API_TaiwanStockPrice_6613,True,2026-10-05T23:33:53,2026-10-05T23:33:53,2026-10-05T23:33:53
6613,朋億,2023-09-05,122.0,0.0,0.00%,,,,,,,,,ShowDailyK_ChartFlow,FinMind_API_TaiwanStockPrice_6613,True,2026-10-05T23:33:53,2026-10-05T23:33:53,2026-10-05T23:33:53
6613,朋億,2023-09-06,123.5,1.5,1.23%,,,,,,,,,ShowDailyK_ChartFlow,FinMind_API_TaiwanStockPrice_6613,True,2026-10-05T23:33:53,2026-10-05T23:33:53,2026-10-05T23:33:53
6613,朋億,2023-09-07,126.5,3.0,2.43%,,,,,,,,,ShowDailyK_ChartFlow,FinMind_API_TaiwanStockPrice_6613,True,2026-10-05T23:33:53,2026-10-05T23:33:53,2026-10-05T23:33:53
6613,朋億,2023-09-08,125.5,-1.0,-0.79%,,,,,,,,,ShowDailyK_ChartFlow,FinMind_API_TaiwanStockPrice_6613,True,2026-10-05T23:33:53,2026-10-05T23:33:53,2026-10-05T23:33:53
6613,朋億,2023-09-11,120.5,-5.0,-3.98%,,,,,,,,,ShowDailyK_ChartFlow,FinMind_API_TaiwanStockPrice_6613,True,2026-10-05T23:33:53,2026-10-05T23:33:53,2026-10-05T23:33:53
6613,朋億,2023-09-12,122.0,1.5,1.24%,,,,,,,,,ShowDailyK_ChartFlow,FinMind_API_TaiwanStockPrice_6613,True,2026-10-05T23:33:53,2026-10-05T23:33:53,2026-10-05T23:33:53
6613,朋億,2023-09-13,122.0,0.0,0.00%,,,,,,,,,ShowDailyK_ChartFlow,FinMind_API_TaiwanStockPrice_6613,True,2026-10-05T23:33:53,2026-10-05T23:33:53,2026-10-05T23:33:53
6613,朋億,2023-09-14,122.5,0.5,0.41%,,,,,,,,,ShowDailyK_ChartFlow,FinMind_API_TaiwanStockPrice_6613,True,2026-10-05T23:33:53,2026-10-05T23:33:53,2026-10-05T23:33:53
6613,朋億,2023-09-15,123.0,0.5,0.41%,,,,,,,,,ShowDailyK_ChartFlow,FinMind_API_TaiwanStockPrice_6613,True,2026-10-05T23:33:53,2026-10-05T23:33:53,2026-10-05T23:33:53
6613,朋億,2023-09-18,123.5,0.5,0.41%,,,,,,,,,ShowDailyK_ChartFlow,FinMind_API_TaiwanStockPrice_6613,True,2026-10-05T23:33:53,2026-10-05T23:33:53,2026-10-05T23:33:53
6613,朋億,2023-09-19,125.5,2.0,1.62%,,,,,,,,,ShowDailyK_ChartFlow,FinMind_API_TaiwanStockPrice_6613,True,2026-10-05T23:33:53,2026-10-05T23:33:53,2026-10-05T23:33:53
6613,朋億,2023-09-20,127.0,1.5,1.20%,,,,,,,,,ShowDailyK_ChartFlow,FinMind_API_TaiwanStockPrice_6613,True,2026-10-05T23:33:53,2026-10-05T23:33:53,2026-10-05T23:33:53
6613,朋億,2023-09-21,124.5,-2.5,-1.97%,,,,,,,,,ShowDailyK_ChartFlow,FinMind_API_TaiwanStockPrice_6613,True,2026-10-05T23:33:53,2026-10-05T23:33:53,2026-10-05T23:33:53
6613,朋億,2023-09-22,124.5,0.0,0.00%,,,,,,,,,ShowDailyK_ChartFlow,FinMind_API_TaiwanStockPrice_6613,True,2026-10-05T23:33:53,2026-10-05T23:33:53,2026-10-05T23:33:53
6613,朋億,2023-09-25,126.0,1.5,1.20%,,,,,,,,,ShowDailyK_ChartFlow,FinMind_API_TaiwanStockPrice_6613,True,2026-10-05T23:33:53,2026-10-05T23:33:53,2026-10-05T23:33:53
6613,朋億,2023-09-26,124.0,-2.0,-1.59%,,,,,,,,,ShowDailyK_ChartFlow,FinMind_API_TaiwanStockPrice_6613,True,2026-10-05T23:33:53,2026-10-05T23:33:53,2026-10-05T23:33:53
6613,朋億,2023-09-27,126.0,2.0,1.61%,,,,,,,,,ShowDailyK_ChartFlow,FinMind_API_TaiwanStockPrice_6613,True,2026-10-05T23:33:53,2026-10-05T23:33:53,2026-10-05T23:33:53
6613,朋億,2023-09-28,128.0,2.0,1.59%,,,,,,,,,ShowDailyK_ChartFlow,FinMind_API_TaiwanStockPrice_6613,True,2026-10-05T23:33:53,2026-10-05T23:33:53,2026-10-05T23:33:53
6613,朋億,2023-10-02,137.0,9.0,7.03%,,,,,,,,,ShowDailyK_ChartFlow,FinMind_API_TaiwanStockPrice_6613,True,2026-10-05T23:33:53,2026-10-05T23:33:53,2026-10-05T23:33:53
6613,朋億,2023-10-03,136.5,-0.5,-0.36%,,,,,,,,,ShowDailyK_ChartFlow,FinMind_API_TaiwanStockPrice_6613,True,2026-10-05T23:33:53,2026-10-05T23:33:53,2026-10-05T23:33:53
6613,朋億,2023-10-04,129.5,-7.0,-5.13%,,,,,,,,,ShowDailyK_ChartFlow,FinMind_API_TaiwanStockPrice_6613,True,2026-10-05T23:33:53,2026-10-05T23:33:53,2026-10-05T23:33:53
6613,朋億,2023-10-05,132.5,3.0,2.32%,,,,,,,,,ShowDailyK_ChartFlow,FinMind_API_TaiwanStockPrice_6613,True,2026-10-05T23:33:53,2026-10-05T23:33:53,2026-10-05T23:33:53
6613,朋億,2023-10-06,130.5,-2.0,-1.51%,,,,,,,,,ShowDailyK_ChartFlow,FinMind_API_TaiwanStockPrice_6613,True,2026-10-05T23:33:53,2026-10-05T23:33:53,2026-10-05T23:33:53
6613,朋億,2023-10-11,123.5,-7.0,-5.36%,,,,,,,,,ShowDailyK_ChartFlow,FinMind_API_TaiwanStockPrice_6613,True,2026-10-05T23:33:53,2026-10-05T23:33:53,2026-10-05T23:33:53
6613,朋億,2023-10-12,126.5,3.0,2.43%,,,,,,,,,ShowDailyK_ChartFlow,FinMind_API_TaiwanStockPrice_6613,True,2026-10-05T23:33:53,2026-10-05T23:33:53,2026-10-05T23:33:53
6613,朋億,2023-10-13,127.5,1.0,0.79%,,,,,,,,,ShowDailyK_ChartFlow,FinMind_API_TaiwanStockPrice_6613,True,2026-10-05T23:33:53,2026-10-05T23:33:53,2026-10-05T23:33:53
6613,朋億,2023-10-16,125.5,-2.0,-1.57%,,,,,,,,,ShowDailyK_ChartFlow,FinMind_API_TaiwanStockPrice_6613,True,2026-10-05T23:33:53,2026-10-05T23:33:53,2026-10-05T23:33:53
6613,朋億,2023-10-17,126.0,0.5,0.40%,,,,,,,,,ShowDailyK_ChartFlow,FinMind_API_TaiwanStockPrice_6613,True,2026-10-05T23:33:53,2026-10-05T23:33:53,2026-10-05T23:33:53
6613,朋億,2023-10-18,125.0,-1.0,-0.79%,,,,,,,,,ShowDailyK_ChartFlow,FinMind_API_TaiwanStockPrice_6613,True,2026-10-05T23:33:53,2026-10-05T23:33:53,2026-10-05T23:33:53
6613,朋億,2023-10-19,125.5,0.5,0.40%,,,,,,,,,ShowDailyK_ChartFlow,FinMind_API_TaiwanStockPrice_6613,True,2026-10-05T23:33:53,2026-10-05T23:33:53,2026-10-05T23:33:53
6613,朋億,2023-10-20,126.5,1.0,0.80%,,,,,,,,,ShowDailyK_ChartFlow,FinMind_API_TaiwanStockPrice_6613,True,2026-10-05T23:33:53,2026-10-05T23:33:53,2026-10-05T23:33:53
6613,朋億,2023-10-23,125.0,-1.5,-1.19%,,,,,,,,,ShowDailyK_ChartFlow,FinMind_API_TaiwanStockPrice_6613,True,2026-10-05T23:33:53,2026-10-05T23:33:53,2026-10-05T23:33:53
6613,朋億,2023-10-24,126.0,1.0,0.80%,,,,,,,,,ShowDailyK_ChartFlow,FinMind_API_TaiwanStockPrice_6613,True,2026-10-05T23:33:53,2026-10-05T23:33:53,2026-10-05T23:33:53
6613,朋億,2023-10-25,128.0,2.0,1.59%,,,,,,,,,ShowDailyK_ChartFlow,FinMind_API_TaiwanStockPrice_6613,True,2026-10-05T23:33:53,2026-10-05T23:33:53,2026-10-05T23:33:53
6613,朋億,2023-10-26,125.0,-3.0,-2.34%,,,,,,,,,ShowDailyK_ChartFlow,FinMind_API_TaiwanStockPrice_6613,True,2026-10-05T23:33:53,2026-10-05T23:33:53,2026-10-05T23:33:53
6613,朋億,2023-10-27,127.0,2.0,1.60%,,,,,,,,,ShowDailyK_ChartFlow,FinMind_API_TaiwanStockPrice_6613,True,2026-10-05T23:33:53,2026-10-05T23:33:53,2026-10-05T23:33:53
6613,朋億,2023-10-30,127.5,0.5,0.39%,,,,,,,,,ShowDailyK_ChartFlow,FinMind_API_TaiwanStockPrice_6613,True,2026-10-05T23:33:53,2026-10-05T23:33:53,2026-10-05T23:33:53
6613,朋億,2023-10-31,124.0,-3.5,-2.75%,,,,,,,,,ShowDailyK_ChartFlow,FinMind_API_TaiwanStockPrice_6613,True,2026-10-05T23:33:53,2026-10-05T23:33:53,2026-10-05T23:33:53
6613,朋億,2023-11-01,121.5,-2.5,-2.02%,,,,,,,,,ShowDailyK_ChartFlow,FinMind_API_TaiwanStockPrice_6613,True,2026-10-05T23:33:53,2026-10-05T23:33:53,2026-10-05T23:33:53
6613,朋億,2023-11-02,124.0,2.5,2.06%,,,,,,,,,ShowDailyK_ChartFlow,FinMind_API_TaiwanStockPrice_6613,True,2026-10-05T23:33:53,2026-10-05T23:33:53,2026-10-05T23:33:53
6613,朋億,2023-11-03,122.5,-1.5,-1.21%,,,,,,,,,ShowDailyK_ChartFlow,FinMind_API_TaiwanStockPrice_6613,True,2026-10-05T23:33:53,2026-10-05T23:33:53,2026-10-05T23:33:53
6613,朋億,2023-11-06,126.0,3.5,2.86%,,,,,,,,,ShowDailyK_ChartFlow,FinMind_API_TaiwanStockPrice_6613,True,2026-10-05T23:33:53,2026-10-05T23:33:53,2026-10-05T23:33:53
6613,朋億,2023-11-07,126.0,0.0,0.00%,,,,,,,,,ShowDailyK_ChartFlow,FinMind_API_TaiwanStockPrice_6613,True,2026-10-05T23:33:53,2026-10-05T23:33:53,2026-10-05T23:33:53
6613,朋億,2023-11-08,127.0,1.0,0.79%,,,,,,,,,ShowDailyK_ChartFlow,FinMind_API_TaiwanStockPrice_6613,True,2026-10-05T23:33:53,2026-10-05T23:33:53,2026-10-05T23:33:53
6613,朋億,2023-11-09,126.5,-0.5,-0.39%,,,,,,,,,ShowDailyK_ChartFlow,FinMind_API_TaiwanStockPrice_6613,True,2026-10-05T23:33:53,2026-10-05T23:33:53,2026-10-05T23:33:53
6613,朋億,2023-11-10,129.0,2.5,1.98%,,,,,,,,,ShowDailyK_ChartFlow,FinMind_API_TaiwanStockPrice_6613,True,2026-10-05T23:33:53,2026-10-05T23:33:53,2026-10-05T23:33:53
6613,朋億,2023-11-13,129.0,0.0,0.00%,,,,,,,,,ShowDailyK_ChartFlow,FinMind_API_TaiwanStockPrice_6613,True,2026-10-05T23:33:53,2026-10-05T23:33:53,2026-10-05T23:33:53
6613,朋億,2023-11-14,129.5,0.5,0.39%,,,,,,,,,ShowDailyK_ChartFlow,FinMind_API_TaiwanStockPrice_6613,True,2026-10-05T23:33:53,2026-10-05T23:33:53,2026-10-05T23:33:53
6613,朋億,2023-11-15,129.5,0.0,0.00%,,,,,,,,,ShowDailyK_ChartFlow,FinMind_API_TaiwanStockPrice_6613,True,2026-10-05T23:33:53,2026-10-05T23:33:53,2026-10-05T23:33:53
6613,朋億,2023-11-16,129.0,-0.5,-0.39%,,,,,,,,,ShowDailyK_ChartFlow,FinMind_API_TaiwanStockPrice_6613,True,2026-10-05T23:33:53,2026-10-05T23:33:53,2026-10-05T23:33:53
6613,朋億,2023-11-17,128.5,-0.5,-0.39%,,,,,,,,,ShowDailyK_ChartFlow,FinMind_API_TaiwanStockPrice_6613,True,2026-10-05T23:33:53,2026-10-05T23:33:53,2026-10-05T23:33:53
6613,朋億,2023-11-20,130.0,1.5,1.17%,,,,,,,,,ShowDailyK_ChartFlow,FinMind_API_TaiwanStockPrice_6613,True,2026-10-05T23:33:53,2026-10-05T23:33:53,2026-10-05T23:33:53
6613,朋億,2023-11-21,133.5,3.5,2.69%,,,,,,,,,ShowDailyK_ChartFlow,FinMind_API_TaiwanStockPrice_6613,True,2026-10-05T23:33:53,2026-10-05T23:33:53,2026-10-05T23:33:53
6613,朋億,2023-11-22,134.0,0.5,0.37%,,,,,,,,,ShowDailyK_ChartFlow,FinMind_API_TaiwanStockPrice_6613,True,2026-10-05T23:33:53,2026-10-05T23:33:53,2026-10-05T23:33:53
6613,朋億,2023-11-23,134.0,0.0,0.00%,,,,,,,,,ShowDailyK_ChartFlow,FinMind_API_TaiwanStockPrice_6613,True,2026-10-05T23:33:53,2026-10-05T23:33:53,2026-10-05T23:33:53
6613,朋億,2023-11-24,132.5,-1.5,-1.12%,,,,,,,,,ShowDailyK_ChartFlow,FinMind_API_TaiwanStockPrice_6613,True,2026-10-05T23:33:53,2026-10-05T23:33:53,2026-10-05T23:33:53
6613,朋億,2023-11-27,130.0,-2.5,-1.89%,,,,,,,,,ShowDailyK_ChartFlow,FinMind_API_TaiwanStockPrice_6613,True,2026-10-05T23:33:53,2026-10-05T23:33:53,2026-10-05T23:33:53
6613,朋億,2023-11-28,131.0,1.0,0.77%,,,,,,,,,ShowDailyK_ChartFlow,FinMind_API_TaiwanStockPrice_6613,True,2026-10-05T23:33:53,2026-10-05T23:33:53,2026-10-05T23:33:53
6613,朋億,2023-11-29,131.5,0.5,0.38%,,,,,,,,,ShowDailyK_ChartFlow,FinMind_API_TaiwanStockPrice_6613,True,2026-10-05T23:33:53,2026-10-05T23:33:53,2026-10-05T23:33:53
6613,朋億,2023-11-30,132.5,1.0,0.76%,,,,,,,,,ShowDailyK_ChartFlow,FinMind_API_TaiwanStockPrice_6613,True,2026-10-05T23:33:53,2026-10-05T23:33:53,2026-10-05T23:33:53
6613,朋億,2023-12-01,134.0,1.5,1.13%,,,,,,,,,ShowDailyK_ChartFlow,FinMind_API_TaiwanStockPrice_6613,True,2026-10-05T23:33:53,2026-10-05T23:33:53,2026-10-05T23:33:53
6613,朋億,2023-12-04,134.5,0.5,0.37%,,,,,,,,,ShowDailyK_ChartFlow,FinMind_API_TaiwanStockPrice_6613,True,2026-10-05T23:33:53,2026-10-05T23:33:53,2026-10-05T23:33:53
6613,朋億,2023-12-05,135.0,0.5,0.37%,,,,,,,,,ShowDailyK_ChartFlow,FinMind_API_TaiwanStockPrice_6613,True,2026-10-05T23:33:53,2026-10-05T23:33:53,2026-10-05T23:33:53
6613,朋億,2023-12-06,134.0,-1.0,-0.74%,,,,,,,,,ShowDailyK_ChartFlow,FinMind_API_TaiwanStockPrice_6613,True,2026-10-05T23:33:53,2026-10-05T23:33:53,2026-10-05T23:33:53
6613,朋億,2023-12-07,133.5,-0.5,-0.37%,,,,,,,,,ShowDailyK_ChartFlow,FinMind_API_TaiwanStockPrice_6613,True,2026-10-05T23:33:53,2026-10-05T23:33:53,2026-10-05T23:33:53
6613,朋億,2023-12-08,133.5,0.0,0.00%,,,,,,,,,ShowDailyK_ChartFlow,FinMind_API_TaiwanStockPrice_6613,True,2026-10-05T23:33:53,2026-10-05T23:33:53,2026-10-05T23:33:53
6613,朋億,2023-12-11,135.5,2.0,1.50%,,,,,,,,,ShowDailyK_ChartFlow,FinMind_API_TaiwanStockPrice_6613,True,2026-10-05T23:33:53,2026-10-05T23:33:53,2026-10-05T23:33:53
6613,朋億,2023-12-12,135.5,0.0,0.00%,,,,,,,,,ShowDailyK_ChartFlow,FinMind_API_TaiwanStockPrice_6613,True,2026-10-05T23:33:53,2026-10-05T23:33:53,2026-10-05T23:33:53
6613,朋億,2023-12-13,136.0,0.5,0.37%,,,,,,,,,ShowDailyK_ChartFlow,FinMind_API_TaiwanStockPrice_6613,True,2026-10-05T23:33:53,2026-10-05T23:33:53,2026-10-05T23:33:53
6613,朋億,2023-12-14,138.0,2.0,1.47%,,,,,,,,,ShowDailyK_ChartFlow,FinMind_API_TaiwanStockPrice_6613,True,2026-10-05T23:33:53,2026-10-05T23:33:53,2026-10-05T23:33:53
6613,朋億,2023-12-15,141.0,3.0,2.17%,,,,,,,,,ShowDailyK_ChartFlow,FinMind_API_TaiwanStockPrice_6613,True,2026-10-05T23:33:53,2026-10-05T23:33:53,2026-10-05T23:33:53
6613,朋億,2023-12-18,141.0,0.0,0.00%,,,,,,,,,ShowDailyK_ChartFlow,FinMind_API_TaiwanStockPrice_6613,True,2026-10-05T23:33:53,2026-10-05T23:33:53,2026-10-05T23:33:53
6613,朋億,2023-12-19,139.0,-2.0,-1.42%,,,,,,,,,ShowDailyK_ChartFlow,FinMind_API_TaiwanStockPrice_6613,True,2026-10-05T23:33:53,2026-10-05T23:33:53,2026-10-05T23:33:53
6613,朋億,2023-12-20,139.5,0.5,0.36%,,,,,,,,,ShowDailyK_ChartFlow,FinMind_API_TaiwanStockPrice_6613,True,2026-10-05T23:33:53,2026-10-05T23:33:53,2026-10-05T23:33:53
6613,朋億,2023-12-21,137.5,-2.0,-1.43%,,,,,,,,,ShowDailyK_ChartFlow,FinMind_API_TaiwanStockPrice_6613,True,2026-10-05T23:33:53,2026-10-05T23:33:53,2026-10-05T23:33:53
6613,朋億,2023-12-22,139.5,2.0,1.45%,,,,,,,,,ShowDailyK_ChartFlow,FinMind_API_TaiwanStockPrice_6613,True,2026-10-05T23:33:53,2026-10-05T23:33:53,2026-10-05T23:33:53
6613,朋億,2023-12-25,140.5,1.0,0.72%,,,,,,,,,ShowDailyK_ChartFlow,FinMind_API_TaiwanStockPrice_6613,True,2026-10-05T23:33:53,2026-10-05T23:33:53,2026-10-05T23:33:53
6613,朋億,2023-12-26,141.0,0.5,0.36%,,,,,,,,,ShowDailyK_ChartFlow,FinMind_API_TaiwanStockPrice_6613,True,2026-10-05T23:33:53,2026-10-05T23:33:53,2026-10-05T23:33:53
6613,朋億,2023-12-27,139.5,-1.5,-1.06%,,,,,,,,,ShowDailyK_ChartFlow,FinMind_API_TaiwanStockPrice_6613,True,2026-10-05T23:33:53,2026-10-05T23:33:53,2026-10-05T23:33:53
6613,朋億,2023-12-28,139.0,-0.5,-0.36%,,,,,,,,,ShowDailyK_ChartFlow,FinMind_API_TaiwanStockPrice_6613,True,2026-10-05T23:33:53,2026-10-05T23:33:53,2026-10-05T23:33:53
6613,朋億,2023-12-29,140.5,1.5,1.08%,,,,,,,,,ShowDailyK_ChartFlow,FinMind_API_TaiwanStockPrice_6613,True,2026-10-05T23:33:53,2026-10-05T23:33:53,2026-10-05T23:33:53
6613,朋億,2024-01-02,140.0,-0.5,-0.36%,,,,,,,,,ShowDailyK_ChartFlow,FinMind_API_TaiwanStockPrice_6613,True,2026-10-05T23:33:53,2026-10-05T23:33:53,2026-10-05T23:33:53
6613,朋億,2024-01-03,139.0,-1.0,-0.71%,,,,,,,,,ShowDailyK_ChartFlow,FinMind_API_TaiwanStockPrice_6613,True,2026-10-05T23:33:53,2026-10-05T23:33:53,2026-10-05T23:33:53
6613,朋億,2024-01-04,140.0,1.0,0.72%,,,,,,,,,ShowDailyK_ChartFlow,FinMind_API_TaiwanStockPrice_6613,True,2026-10-05T23:33:53,2026-10-05T23:33:53,2026-10-05T23:33:53
6613,朋億,2024-01-05,140.5,0.5,0.36%,,,,,,,,,ShowDailyK_ChartFlow,FinMind_API_TaiwanStockPrice_6613,True,2026-10-05T23:33:53,2026-10-05T23:33:53,2026-10-05T23:33:53
6613,朋億,2024-01-08,136.0,-4.5,-3.20%,,,,,,,,,ShowDailyK_ChartFlow,FinMind_API_TaiwanStockPrice_6613,True,2026-10-05T23:33:53,2026-10-05T23:33:53,2026-10-05T23:33:53
6613,朋億,2024-01-09,135.0,-1.0,-0.74%,,,,,,,,,ShowDailyK_ChartFlow,FinMind_API_TaiwanStockPrice_6613,True,2026-10-05T23:33:53,2026-10-05T23:33:53,2026-10-05T23:33:53
6613,朋億,2024-01-10,136.0,1.0,0.74%,,,,,,,,,ShowDailyK_ChartFlow,FinMind_API_TaiwanStockPrice_6613,True,2026-10-05T23:33:53,2026-10-05T23:33:53,2026-10-05T23:33:53
6613,朋億,2024-01-11,136.0,0.0,0.00%,,,,,,,,,ShowDailyK_ChartFlow,FinMind_API_TaiwanStockPrice_6613,True,2026-10-05T23:33:53,2026-10-05T23:33:53,2026-10-05T23:33:53
6613,朋億,2024-01-12,136.5,0.5,0.37%,,,,,,,,,ShowDailyK_ChartFlow,FinMind_API_TaiwanStockPrice_6613,True,2026-10-05T23:33:53,2026-10-05T23:33:53,2026-10-05T23:33:53
6613,朋億,2024-01-15,137.5,1.0,0.73%,,,,,,,,,ShowDailyK_ChartFlow,FinMind_API_TaiwanStockPrice_6613,True,2026-10-05T23:33:53,2026-10-05T23:33:53,2026-10-05T23:33:53
6613,朋億,2024-01-16,138.5,1.0,0.73%,,,,,,,,,ShowDailyK_ChartFlow,FinMind_API_TaiwanStockPrice_6613,True,2026-10-05T23:33:53,2026-10-05T23:33:53,2026-10-05T23:33:53
6613,朋億,2024-01-17,138.0,-0.5,-0.36%,,,,,,,,,ShowDailyK_ChartFlow,FinMind_API_TaiwanStockPrice_6613,True,2026-10-05T23:33:53,2026-10-05T23:33:53,2026-10-05T23:33:53
6613,朋億,2024-01-18,135.5,-2.5,-1.81%,,,,,,,,,ShowDailyK_ChartFlow,FinMind_API_TaiwanStockPrice_6613,True,2026-10-05T23:33:53,2026-10-05T23:33:53,2026-10-05T23:33:53
6613,朋億,2024-01-19,136.5,1.0,0.74%,,,,,,,,,ShowDailyK_ChartFlow,FinMind_API_TaiwanStockPrice_6613,True,2026-10-05T23:33:53,2026-10-05T23:33:53,2026-10-05T23:33:53
6613,朋億,2024-01-22,135.5,-1.0,-0.73%,,,,,,,,,ShowDailyK_ChartFlow,FinMind_API_TaiwanStockPrice_6613,True,2026-10-05T23:33:53,2026-10-05T23:33:53,2026-10-05T23:33:53
6613,朋億,2024-01-23,135.5,0.0,0.00%,,,,,,,,,ShowDailyK_ChartFlow,FinMind_API_TaiwanStockPrice_6613,True,2026-10-05T23:33:53,2026-10-05T23:33:53,2026-10-05T23:33:53
6613,朋億,2024-01-24,136.0,0.5,0.37%,,,,,,,,,ShowDailyK_ChartFlow,FinMind_API_TaiwanStockPrice_6613,True,2026-10-05T23:33:53,2026-10-05T23:33:53,2026-10-05T23:33:53
6613,朋億,2024-01-25,136.5,0.5,0.37%,,,,,,,,,ShowDailyK_ChartFlow,FinMind_API_TaiwanStockPrice_6613,True,2026-10-05T23:33:53,2026-10-05T23:33:53,2026-10-05T23:33:53
6613,朋億,2024-01-26,138.0,1.5,1.10%,,,,,,,,,ShowDailyK_ChartFlow,FinMind_API_TaiwanStockPrice_6613,True,2026-10-05T23:33:53,2026-10-05T23:33:53,2026-10-05T23:33:53
6613,朋億,2024-01-29,139.0,1.0,0.72%,,,,,,,,,ShowDailyK_ChartFlow,FinMind_API_TaiwanStockPrice_6613,True,2026-10-05T23:33:53,2026-10-05T23:33:53,2026-10-05T23:33:53
6613,朋億,2024-01-30,138.5,-0.5,-0.36%,,,,,,,,,ShowDailyK_ChartFlow,FinMind_API_TaiwanStockPrice_6613,True,2026-10-05T23:33:53,2026-10-05T23:33:53,2026-10-05T23:33:53
6613,朋億,2024-01-31,139.0,0.5,0.36%,,,,,,,,,ShowDailyK_ChartFlow,FinMind_API_TaiwanStockPrice_6613,True,2026-10-05T23:33:53,2026-10-05T23:33:53,2026-10-05T23:33:53
6613,朋億,2024-02-01,138.5,-0.5,-0.36%,,,,,,,,,ShowDailyK_ChartFlow,FinMind_API_TaiwanStockPrice_6613,True,2026-10-05T23:33:53,2026-10-05T23:33:53,2026-10-05T23:33:53
6613,朋億,2024-02-02,138.5,0.0,0.00%,,,,,,,,,ShowDailyK_ChartFlow,FinMind_API_TaiwanStockPrice_6613,True,2026-10-05T23:33:53,2026-10-05T23:33:53,2026-10-05T23:33:53
6613,朋億,2024-02-05,138.0,-0.5,-0.36%,,,,,,,,,ShowDailyK_ChartFlow,FinMind_API_TaiwanStockPrice_6613,True,2026-10-05T23:33:53,2026-10-05T23:33:53,2026-10-05T23:33:53
6613,朋億,2024-02-15,142.0,4.0,2.90%,,,,,,,,,ShowDailyK_ChartFlow,FinMind_API_TaiwanStockPrice_6613,True,2026-10-05T23:33:53,2026-10-05T23:33:53,2026-10-05T23:33:53
6613,朋億,2024-02-16,145.0,3.0,2.11%,,,,,,,,,ShowDailyK_ChartFlow,FinMind_API_TaiwanStockPrice_6613,True,2026-10-05T23:33:53,2026-10-05T23:33:53,2026-10-05T23:33:53
6613,朋億,2024-02-19,148.5,3.5,2.41%,,,,,,,,,ShowDailyK_ChartFlow,FinMind_API_TaiwanStockPrice_6613,True,2026-10-05T23:33:53,2026-10-05T23:33:53,2026-10-05T23:33:53
6613,朋億,2024-02-20,149.5,1.0,0.67%,,,,,,,,,ShowDailyK_ChartFlow,FinMind_API_TaiwanStockPrice_6613,True,2026-10-05T23:33:53,2026-10-05T23:33:53,2026-10-05T23:33:53
6613,朋億,2024-02-21,158.5,9.0,6.02%,,,,,,,,,ShowDailyK_ChartFlow,FinMind_API_TaiwanStockPrice_6613,True,2026-10-05T23:33:53,2026-10-05T23:33:53,2026-10-05T23:33:53
6613,朋億,2024-02-22,161.5,3.0,1.89%,,,,,,,,,ShowDailyK_ChartFlow,FinMind_API_TaiwanStockPrice_6613,True,2026-10-05T23:33:53,2026-10-05T23:33:53,2026-10-05T23:33:53
6613,朋億,2024-02-23,166.0,4.5,2.79%,,,,,,,,,ShowDailyK_ChartFlow,FinMind_API_TaiwanStockPrice_6613,True,2026-10-05T23:33:53,2026-10-05T23:33:53,2026-10-05T23:33:53
6613,朋億,2024-02-26,170.0,4.0,2.41%,,,,,,,,,ShowDailyK_ChartFlow,FinMind_API_TaiwanStockPrice_6613,True,2026-10-05T23:33:53,2026-10-05T23:33:53,2026-10-05T23:33:53
6613,朋億,2024-02-27,171.0,1.0,0.59%,,,,,,,,,ShowDailyK_ChartFlow,FinMind_API_TaiwanStockPrice_6613,True,2026-10-05T23:33:53,2026-10-05T23:33:53,2026-10-05T23:33:53
6613,朋億,2024-02-29,170.0,-1.0,-0.58%,,,,,,,,,ShowDailyK_ChartFlow,FinMind_API_TaiwanStockPrice_6613,True,2026-10-05T23:33:53,2026-10-05T23:33:53,2026-10-05T23:33:53
6613,朋億,2024-03-01,171.0,1.0,0.59%,,,,,,,,,ShowDailyK_ChartFlow,FinMind_API_TaiwanStockPrice_6613,True,2026-10-05T23:33:53,2026-10-05T23:33:53,2026-10-05T23:33:53
6613,朋億,2024-03-04,171.5,0.5,0.29%,,,,,,,,,ShowDailyK_ChartFlow,FinMind_API_TaiwanStockPrice_6613,True,2026-10-05T23:33:53,2026-10-05T23:33:53,2026-10-05T23:33:53
6613,朋億,2024-03-05,176.0,4.5,2.62%,,,,,,,,,ShowDailyK_ChartFlow,FinMind_API_TaiwanStockPrice_6613,True,2026-10-05T23:33:53,2026-10-05T23:33:53,2026-10-05T23:33:53
6613,朋億,2024-03-06,176.5,0.5,0.28%,,,,,,,,,ShowDailyK_ChartFlow,FinMind_API_TaiwanStockPrice_6613,True,2026-10-05T23:33:53,2026-10-05T23:33:53,2026-10-05T23:33:53
6613,朋億,2024-03-07,180.0,3.5,1.98%,,,,,,,,,ShowDailyK_ChartFlow,FinMind_API_TaiwanStockPrice_6613,True,2026-10-05T23:33:53,2026-10-05T23:33:53,2026-10-05T23:33:53
6613,朋億,2024-03-08,179.5,-0.5,-0.28%,,,,,,,,,ShowDailyK_ChartFlow,FinMind_API_TaiwanStockPrice_6613,True,2026-10-05T23:33:53,2026-10-05T23:33:53,2026-10-05T23:33:53
6613,朋億,2024-03-11,182.0,2.5,1.39%,,,,,,,,,ShowDailyK_ChartFlow,FinMind_API_TaiwanStockPrice_6613,True,2026-10-05T23:33:53,2026-10-05T23:33:53,2026-10-05T23:33:53
6613,朋億,2024-03-12,189.5,7.5,4.12%,,,,,,,,,ShowDailyK_ChartFlow,FinMind_API_TaiwanStockPrice_6613,True,2026-10-05T23:33:53,2026-10-05T23:33:53,2026-10-05T23:33:53
6613,朋億,2024-03-13,192.0,2.5,1.32%,,,,,,,,,ShowDailyK_ChartFlow,FinMind_API_TaiwanStockPrice_6613,True,2026-10-05T23:33:53,2026-10-05T23:33:53,2026-10-05T23:33:53
6613,朋億,2024-03-14,185.0,-7.0,-3.65%,,,,,,,,,ShowDailyK_ChartFlow,FinMind_API_TaiwanStockPrice_6613,True,2026-10-05T23:33:53,2026-10-05T23:33:53,2026-10-05T23:33:53
6613,朋億,2024-03-15,186.0,1.0,0.54%,,,,,,,,,ShowDailyK_ChartFlow,FinMind_API_TaiwanStockPrice_6613,True,2026-10-05T23:33:53,2026-10-05T23:33:53,2026-10-05T23:33:53
6613,朋億,2024-03-18,187.5,1.5,0.81%,,,,,,,,,ShowDailyK_ChartFlow,FinMind_API_TaiwanStockPrice_6613,True,2026-10-05T23:33:53,2026-10-05T23:33:53,2026-10-05T23:33:53
6613,朋億,2024-03-19,187.5,0.0,0.00%,,,,,,,,,ShowDailyK_ChartFlow,FinMind_API_TaiwanStockPrice_6613,True,2026-10-05T23:33:53,2026-10-05T23:33:53,2026-10-05T23:33:53
6613,朋億,2024-03-20,189.0,1.5,0.80%,,,,,,,,,ShowDailyK_ChartFlow,FinMind_API_TaiwanStockPrice_6613,True,2026-10-05T23:33:53,2026-10-05T23:33:53,2026-10-05T23:33:53
6613,朋億,2024-03-21,190.5,1.5,0.79%,,,,,,,,,ShowDailyK_ChartFlow,FinMind_API_TaiwanStockPrice_6613,True,2026-10-05T23:33:53,2026-10-05T23:33:53,2026-10-05T23:33:53
6613,朋億,2024-03-22,193.5,3.0,1.57%,,,,,,,,,ShowDailyK_ChartFlow,FinMind_API_TaiwanStockPrice_6613,True,2026-10-05T23:33:53,2026-10-05T23:33:53,2026-10-05T23:33:53
6613,朋億,2024-03-25,197.0,3.5,1.81%,,,,,,,,,ShowDailyK_ChartFlow,FinMind_API_TaiwanStockPrice_6613,True,2026-10-05T23:33:53,2026-10-05T23:33:53,2026-10-05T23:33:53
6613,朋億,2024-03-26,186.5,-10.5,-5.33%,,,,,,,,,ShowDailyK_ChartFlow,FinMind_API_TaiwanStockPrice_6613,True,2026-10-05T23:33:53,2026-10-05T23:33:53,2026-10-05T23:33:53
6613,朋億,2024-03-27,189.0,2.5,1.34%,,,,,,,,,ShowDailyK_ChartFlow,FinMind_API_TaiwanStockPrice_6613,True,2026-10-05T23:33:53,2026-10-05T23:33:53,2026-10-05T23:33:53
6613,朋億,2024-03-28,188.5,-0.5,-0.26%,,,,,,,,,ShowDailyK_ChartFlow,FinMind_API_TaiwanStockPrice_6613,True,2026-10-05T23:33:53,2026-10-05T23:33:53,2026-10-05T23:33:53
6613,朋億,2024-03-29,186.5,-2.0,-1.06%,,,,,,,,,ShowDailyK_ChartFlow,FinMind_API_TaiwanStockPrice_6613,True,2026-10-05T23:33:53,2026-10-05T23:33:53,2026-10-05T23:33:53
6613,朋億,2024-04-01,188.0,1.5,0.80%,,,,,,,,,ShowDailyK_ChartFlow,FinMind_API_TaiwanStockPrice_6613,True,2026-10-05T23:33:53,2026-10-05T23:33:53,2026-10-05T23:33:53
6613,朋億,2024-04-02,193.0,5.0,2.66%,,,,,,,,,ShowDailyK_ChartFlow,FinMind_API_TaiwanStockPrice_6613,True,2026-10-05T23:33:53,2026-10-05T23:33:53,2026-10-05T23:33:53
6613,朋億,2024-04-03,192.0,-1.0,-0.52%,,,,,,,,,ShowDailyK_ChartFlow,FinMind_API_TaiwanStockPrice_6613,True,2026-10-05T23:33:53,2026-10-05T23:33:53,2026-10-05T23:33:53
6613,朋億,2024-04-08,193.0,1.0,0.52%,,,,,,,,,ShowDailyK_ChartFlow,FinMind_API_TaiwanStockPrice_6613,True,2026-10-05T23:33:53,2026-10-05T23:33:53,2026-10-05T23:33:53
6613,朋億,2024-04-09,193.0,0.0,0.00%,,,,,,,,,ShowDailyK_ChartFlow,FinMind_API_TaiwanStockPrice_6613,True,2026-10-05T23:33:53,2026-10-05T23:33:53,2026-10-05T23:33:53
6613,朋億,2024-04-10,212.0,19.0,9.84%,,,,,,,,,ShowDailyK_ChartFlow,FinMind_API_TaiwanStockPrice_6613,True,2026-10-05T23:33:53,2026-10-05T23:33:53,2026-10-05T23:33:53
6613,朋億,2024-04-11,213.0,1.0,0.47%,,,,,,,,,ShowDailyK_ChartFlow,FinMind_API_TaiwanStockPrice_6613,True,2026-10-05T23:33:53,2026-10-05T23:33:53,2026-10-05T23:33:53
6613,朋億,2024-04-12,226.5,13.5,6.34%,,,,,,,,,ShowDailyK_ChartFlow,FinMind_API_TaiwanStockPrice_6613,True,2026-10-05T23:33:53,2026-10-05T23:33:53,2026-10-05T23:33:53
6613,朋億,2024-04-15,217.0,-9.5,-4.19%,,,,,,,,,ShowDailyK_ChartFlow,FinMind_API_TaiwanStockPrice_6613,True,2026-10-05T23:33:53,2026-10-05T23:33:53,2026-10-05T23:33:53
6613,朋億,2024-04-16,210.0,-7.0,-3.23%,,,,,,,,,ShowDailyK_ChartFlow,FinMind_API_TaiwanStockPrice_6613,True,2026-10-05T23:33:53,2026-10-05T23:33:53,2026-10-05T23:33:53
6613,朋億,2024-04-17,211.0,1.0,0.48%,,,,,,,,,ShowDailyK_ChartFlow,FinMind_API_TaiwanStockPrice_6613,True,2026-10-05T23:33:53,2026-10-05T23:33:53,2026-10-05T23:33:53
6613,朋億,2024-04-18,212.5,1.5,0.71%,,,,,,,,,ShowDailyK_ChartFlow,FinMind_API_TaiwanStockPrice_6613,True,2026-10-05T23:33:53,2026-10-05T23:33:53,2026-10-05T23:33:53
6613,朋億,2024-04-19,199.5,-13.0,-6.12%,,,,,,,,,ShowDailyK_ChartFlow,FinMind_API_TaiwanStockPrice_6613,True,2026-10-05T23:33:53,2026-10-05T23:33:53,2026-10-05T23:33:53
6613,朋億,2024-04-22,192.0,-7.5,-3.76%,,,,,,,,,ShowDailyK_ChartFlow,FinMind_API_TaiwanStockPrice_6613,True,2026-10-05T23:33:53,2026-10-05T23:33:53,2026-10-05T23:33:53
6613,朋億,2024-04-23,199.5,7.5,3.91%,,,,,,,,,ShowDailyK_ChartFlow,FinMind_API_TaiwanStockPrice_6613,True,2026-10-05T23:33:53,2026-10-05T23:33:53,2026-10-05T23:33:53
6613,朋億,2024-04-24,204.5,5.0,2.51%,,,,,,,,,ShowDailyK_ChartFlow,FinMind_API_TaiwanStockPrice_6613,True,2026-10-05T23:33:53,2026-10-05T23:33:53,2026-10-05T23:33:53
6613,朋億,2024-04-25,204.0,-0.5,-0.24%,,,,,,,,,ShowDailyK_ChartFlow,FinMind_API_TaiwanStockPrice_6613,True,2026-10-05T23:33:53,2026-10-05T23:33:53,2026-10-05T23:33:53
6613,朋億,2024-04-26,204.5,0.5,0.25%,,,,,,,,,ShowDailyK_ChartFlow,FinMind_API_TaiwanStockPrice_6613,True,2026-10-05T23:33:53,2026-10-05T23:33:53,2026-10-05T23:33:53
6613,朋億,2024-04-29,203.0,-1.5,-0.73%,,,,,,,,,ShowDailyK_ChartFlow,FinMind_API_TaiwanStockPrice_6613,True,2026-10-05T23:33:53,2026-10-05T23:33:53,2026-10-05T23:33:53
6613,朋億,2024-04-30,203.5,0.5,0.25%,,,,,,,,,ShowDailyK_ChartFlow,FinMind_API_TaiwanStockPrice_6613,True,2026-10-05T23:33:53,2026-10-05T23:33:53,2026-10-05T23:33:53
6613,朋億,2024-05-02,204.5,1.0,0.49%,,,,,,,,,ShowDailyK_ChartFlow,FinMind_API_TaiwanStockPrice_6613,True,2026-10-05T23:33:53,2026-10-05T23:33:53,2026-10-05T23:33:53
6613,朋億,2024-05-03,202.0,-2.5,-1.22%,,,,,,,,,ShowDailyK_ChartFlow,FinMind_API_TaiwanStockPrice_6613,True,2026-10-05T23:33:53,2026-10-05T23:33:53,2026-10-05T23:33:53
6613,朋億,2024-05-06,204.5,2.5,1.24%,,,,,,,,,ShowDailyK_ChartFlow,FinMind_API_TaiwanStockPrice_6613,True,2026-10-05T23:33:53,2026-10-05T23:33:53,2026-10-05T23:33:53
6613,朋億,2024-05-07,208.0,3.5,1.71%,,,,,,,,,ShowDailyK_ChartFlow,FinMind_API_TaiwanStockPrice_6613,True,2026-10-05T23:33:53,2026-10-05T23:33:53,2026-10-05T23:33:53
6613,朋億,2024-05-08,203.0,-5.0,-2.40%,,,,,,,,,ShowDailyK_ChartFlow,FinMind_API_TaiwanStockPrice_6613,True,2026-10-05T23:33:53,2026-10-05T23:33:53,2026-10-05T23:33:53
6613,朋億,2024-05-09,197.5,-5.5,-2.71%,,,,,,,,,ShowDailyK_ChartFlow,FinMind_API_TaiwanStockPrice_6613,True,2026-10-05T23:33:53,2026-10-05T23:33:53,2026-10-05T23:33:53
6613,朋億,2024-05-10,198.5,1.0,0.51%,,,,,,,,,ShowDailyK_ChartFlow,FinMind_API_TaiwanStockPrice_6613,True,2026-10-05T23:33:53,2026-10-05T23:33:53,2026-10-05T23:33:53
6613,朋億,2024-05-13,200.5,2.0,1.01%,,,,,,,,,ShowDailyK_ChartFlow,FinMind_API_TaiwanStockPrice_6613,True,2026-10-05T23:33:53,2026-10-05T23:33:53,2026-10-05T23:33:53
6613,朋億,2024-05-14,203.0,2.5,1.25%,,,,,,,,,ShowDailyK_ChartFlow,FinMind_API_TaiwanStockPrice_6613,True,2026-10-05T23:33:53,2026-10-05T23:33:53,2026-10-05T23:33:53
6613,朋億,2024-05-15,208.0,5.0,2.46%,,,,,,,,,ShowDailyK_ChartFlow,FinMind_API_TaiwanStockPrice_6613,True,2026-10-05T23:33:53,2026-10-05T23:33:53,2026-10-05T23:33:53
6613,朋億,2024-05-16,205.0,-3.0,-1.44%,,,,,,,,,ShowDailyK_ChartFlow,FinMind_API_TaiwanStockPrice_6613,True,2026-10-05T23:33:53,2026-10-05T23:33:53,2026-10-05T23:33:53
6613,朋億,2024-05-17,200.5,-4.5,-2.20%,,,,,,,,,ShowDailyK_ChartFlow,FinMind_API_TaiwanStockPrice_6613,True,2026-10-05T23:33:53,2026-10-05T23:33:53,2026-10-05T23:33:53
6613,朋億,2024-05-20,198.5,-2.0,-1.00%,,,,,,,,,ShowDailyK_ChartFlow,FinMind_API_TaiwanStockPrice_6613,True,2026-10-05T23:33:53,2026-10-05T23:33:53,2026-10-05T23:33:53
6613,朋億,2024-05-21,199.5,1.0,0.50%,,,,,,,,,ShowDailyK_ChartFlow,FinMind_API_TaiwanStockPrice_6613,True,2026-10-05T23:33:53,2026-10-05T23:33:53,2026-10-05T23:33:53
6613,朋億,2024-05-22,200.5,1.0,0.50%,,,,,,,,,ShowDailyK_ChartFlow,FinMind_API_TaiwanStockPrice_6613,True,2026-10-05T23:33:53,2026-10-05T23:33:53,2026-10-05T23:33:53
6613,朋億,2024-05-23,199.0,-1.5,-0.75%,,,,,,,,,ShowDailyK_ChartFlow,FinMind_API_TaiwanStockPrice_6613,True,2026-10-05T23:33:53,2026-10-05T23:33:53,2026-10-05T23:33:53
6613,朋億,2024-05-24,199.5,0.5,0.25%,,,,,,,,,ShowDailyK_ChartFlow,FinMind_API_TaiwanStockPrice_6613,True,2026-10-05T23:33:53,2026-10-05T23:33:53,2026-10-05T23:33:53
6613,朋億,2024-05-27,201.0,1.5,0.75%,,,,,,,,,ShowDailyK_ChartFlow,FinMind_API_TaiwanStockPrice_6613,True,2026-10-05T23:33:53,2026-10-05T23:33:53,2026-10-05T23:33:53
6613,朋億,2024-05-28,199.5,-1.5,-0.75%,,,,,,,,,ShowDailyK_ChartFlow,FinMind_API_TaiwanStockPrice_6613,True,2026-10-05T23:33:53,2026-10-05T23:33:53,2026-10-05T23:33:53
6613,朋億,2024-05-29,203.0,3.5,1.75%,,,,,,,,,ShowDailyK_ChartFlow,FinMind_API_TaiwanStockPrice_6613,True,2026-10-05T23:33:53,2026-10-05T23:33:53,2026-10-05T23:33:53
6613,朋億,2024-05-30,201.0,-2.0,-0.99%,,,,,,,,,ShowDailyK_ChartFlow,FinMind_API_TaiwanStockPrice_6613,True,2026-10-05T23:33:53,2026-10-05T23:33:53,2026-10-05T23:33:53
6613,朋億,2024-05-31,202.5,1.5,0.75%,,,,,,,,,ShowDailyK_ChartFlow,FinMind_API_TaiwanStockPrice_6613,True,2026-10-05T23:33:53,2026-10-05T23:33:53,2026-10-05T23:33:53
6613,朋億,2024-06-03,202.5,0.0,0.00%,,,,,,,,,ShowDailyK_ChartFlow,FinMind_API_TaiwanStockPrice_6613,True,2026-10-05T23:33:53,2026-10-05T23:33:53,2026-10-05T23:33:53
6613,朋億,2024-06-04,201.0,-1.5,-0.74%,,,,,,,,,ShowDailyK_ChartFlow,FinMind_API_TaiwanStockPrice_6613,True,2026-10-05T23:33:53,2026-10-05T23:33:53,2026-10-05T23:33:53
6613,朋億,2024-06-05,200.0,-1.0,-0.50%,,,,,,,,,ShowDailyK_ChartFlow,FinMind_API_TaiwanStockPrice_6613,True,2026-10-05T23:33:53,2026-10-05T23:33:53,2026-10-05T23:33:53
6613,朋億,2024-06-06,202.0,2.0,1.00%,,,,,,,,,ShowDailyK_ChartFlow,FinMind_API_TaiwanStockPrice_6613,True,2026-10-05T23:33:53,2026-10-05T23:33:53,2026-10-05T23:33:53
6613,朋億,2024-06-07,202.0,0.0,0.00%,,,,,,,,,ShowDailyK_ChartFlow,FinMind_API_TaiwanStockPrice_6613,True,2026-10-05T23:33:53,2026-10-05T23:33:53,2026-10-05T23:33:53
6613,朋億,2024-06-11,193.5,-8.5,-4.21%,,,,,,,,,ShowDailyK_ChartFlow,FinMind_API_TaiwanStockPrice_6613,True,2026-10-05T23:33:53,2026-10-05T23:33:53,2026-10-05T23:33:53
6613,朋億,2024-06-12,193.0,-0.5,-0.26%,,,,,,,,,ShowDailyK_ChartFlow,FinMind_API_TaiwanStockPrice_6613,True,2026-10-05T23:33:53,2026-10-05T23:33:53,2026-10-05T23:33:53
6613,朋億,2024-06-13,197.0,4.0,2.07%,,,,,,,,,ShowDailyK_ChartFlow,FinMind_API_TaiwanStockPrice_6613,True,2026-10-05T23:33:53,2026-10-05T23:33:53,2026-10-05T23:33:53
6613,朋億,2024-06-14,192.5,-4.5,-2.28%,,,,,,,,,ShowDailyK_ChartFlow,FinMind_API_TaiwanStockPrice_6613,True,2026-10-05T23:33:53,2026-10-05T23:33:53,2026-10-05T23:33:53
6613,朋億,2024-06-17,193.0,0.5,0.26%,,,,,,,,,ShowDailyK_ChartFlow,FinMind_API_TaiwanStockPrice_6613,True,2026-10-05T23:33:53,2026-10-05T23:33:53,2026-10-05T23:33:53
6613,朋億,2024-06-18,193.0,0.0,0.00%,,,,,,,,,ShowDailyK_ChartFlow,FinMind_API_TaiwanStockPrice_6613,True,2026-10-05T23:33:53,2026-10-05T23:33:53,2026-10-05T23:33:53
6613,朋億,2024-06-19,193.5,0.5,0.26%,,,,,,,,,ShowDailyK_ChartFlow,FinMind_API_TaiwanStockPrice_6613,True,2026-10-05T23:33:53,2026-10-05T23:33:53,2026-10-05T23:33:53
6613,朋億,2024-06-20,194.0,0.5,0.26%,,,,,,,,,ShowDailyK_ChartFlow,FinMind_API_TaiwanStockPrice_6613,True,2026-10-05T23:33:53,2026-10-05T23:33:53,2026-10-05T23:33:53
6613,朋億,2024-06-21,193.5,-0.5,-0.26%,,,,,,,,,ShowDailyK_ChartFlow,FinMind_API_TaiwanStockPrice_6613,True,2026-10-05T23:33:53,2026-10-05T23:33:53,2026-10-05T23:33:53
6613,朋億,2024-06-24,192.5,-1.0,-0.52%,,,,,,,,,ShowDailyK_ChartFlow,FinMind_API_TaiwanStockPrice_6613,True,2026-10-05T23:33:53,2026-10-05T23:33:53,2026-10-05T23:33:53
6613,朋億,2024-06-25,193.0,0.5,0.26%,,,,,,,,,ShowDailyK_ChartFlow,FinMind_API_TaiwanStockPrice_6613,True,2026-10-05T23:33:53,2026-10-05T23:33:53,2026-10-05T23:33:53
6613,朋億,2024-06-26,195.0,2.0,1.04%,,,,,,,,,ShowDailyK_ChartFlow,FinMind_API_TaiwanStockPrice_6613,True,2026-10-05T23:33:53,2026-10-05T23:33:53,2026-10-05T23:33:53
6613,朋億,2024-06-27,191.0,-4.0,-2.05%,,,,,,,,,ShowDailyK_ChartFlow,FinMind_API_TaiwanStockPrice_6613,True,2026-10-05T23:33:53,2026-10-05T23:33:53,2026-10-05T23:33:53
6613,朋億,2024-06-28,192.5,1.5,0.79%,,,,,,,,,ShowDailyK_ChartFlow,FinMind_API_TaiwanStockPrice_6613,True,2026-10-05T23:33:53,2026-10-05T23:33:53,2026-10-05T23:33:53
6613,朋億,2024-07-01,195.5,3.0,1.56%,,,,,,,,,ShowDailyK_ChartFlow,FinMind_API_TaiwanStockPrice_6613,True,2026-10-05T23:33:53,2026-10-05T23:33:53,2026-10-05T23:33:53
6613,朋億,2024-07-02,193.0,-2.5,-1.28%,,,,,,,,,ShowDailyK_ChartFlow,FinMind_API_TaiwanStockPrice_6613,True,2026-10-05T23:33:53,2026-10-05T23:33:53,2026-10-05T23:33:53
6613,朋億,2024-07-03,193.5,0.5,0.26%,,,,,,,,,ShowDailyK_ChartFlow,FinMind_API_TaiwanStockPrice_6613,True,2026-10-05T23:33:53,2026-10-05T23:33:53,2026-10-05T23:33:53
6613,朋億,2024-07-04,193.5,0.0,0.00%,,,,,,,,,ShowDailyK_ChartFlow,FinMind_API_TaiwanStockPrice_6613,True,2026-10-05T23:33:53,2026-10-05T23:33:53,2026-10-05T23:33:53
6613,朋億,2024-07-05,194.5,1.0,0.52%,,,,,,,,,ShowDailyK_ChartFlow,FinMind_API_TaiwanStockPrice_6613,True,2026-10-05T23:33:53,2026-10-05T23:33:53,2026-10-05T23:33:53
6613,朋億,2024-07-08,193.0,-1.5,-0.77%,,,,,,,,,ShowDailyK_ChartFlow,FinMind_API_TaiwanStockPrice_6613,True,2026-10-05T23:33:53,2026-10-05T23:33:53,2026-10-05T23:33:53
6613,朋億,2024-07-09,192.0,-1.0,-0.52%,,,,,,,,,ShowDailyK_ChartFlow,FinMind_API_TaiwanStockPrice_6613,True,2026-10-05T23:33:53,2026-10-05T23:33:53,2026-10-05T23:33:53
6613,朋億,2024-07-10,182.5,-9.5,-4.95%,,,,,,,,,ShowDailyK_ChartFlow,FinMind_API_TaiwanStockPrice_6613,True,2026-10-05T23:33:53,2026-10-05T23:33:53,2026-10-05T23:33:53
6613,朋億,2024-07-11,176.5,-6.0,-3.29%,,,,,,,,,ShowDailyK_ChartFlow,FinMind_API_TaiwanStockPrice_6613,True,2026-10-05T23:33:53,2026-10-05T23:33:53,2026-10-05T23:33:53
6613,朋億,2024-07-12,176.5,0.0,0.00%,,,,,,,,,ShowDailyK_ChartFlow,FinMind_API_TaiwanStockPrice_6613,True,2026-10-05T23:33:53,2026-10-05T23:33:53,2026-10-05T23:33:53
6613,朋億,2024-07-15,176.5,0.0,0.00%,,,,,,,,,ShowDailyK_ChartFlow,FinMind_API_TaiwanStockPrice_6613,True,2026-10-05T23:33:53,2026-10-05T23:33:53,2026-10-05T23:33:53
6613,朋億,2024-07-16,176.5,0.0,0.00%,,,,,,,,,ShowDailyK_ChartFlow,FinMind_API_TaiwanStockPrice_6613,True,2026-10-05T23:33:53,2026-10-05T23:33:53,2026-10-05T23:33:53
6613,朋億,2024-07-17,176.5,0.0,0.00%,,,,,,,,,ShowDailyK_ChartFlow,FinMind_API_TaiwanStockPrice_6613,True,2026-10-05T23:33:53,2026-10-05T23:33:53,2026-10-05T23:33:53
6613,朋億,2024-07-18,174.5,-2.0,-1.13%,,,,,,,,,ShowDailyK_ChartFlow,FinMind_API_TaiwanStockPrice_6613,True,2026-10-05T23:33:53,2026-10-05T23:33:53,2026-10-05T23:33:53
6613,朋億,2024-07-19,173.5,-1.0,-0.57%,,,,,,,,,ShowDailyK_ChartFlow,FinMind_API_TaiwanStockPrice_6613,True,2026-10-05T23:33:53,2026-10-05T23:33:53,2026-10-05T23:33:53
6613,朋億,2024-07-22,168.5,-5.0,-2.88%,,,,,,,,,ShowDailyK_ChartFlow,FinMind_API_TaiwanStockPrice_6613,True,2026-10-05T23:33:53,2026-10-05T23:33:53,2026-10-05T23:33:53
6613,朋億,2024-07-23,167.0,-1.5,-0.89%,,,,,,,,,ShowDailyK_ChartFlow,FinMind_API_TaiwanStockPrice_6613,True,2026-10-05T23:33:53,2026-10-05T23:33:53,2026-10-05T23:33:53
6613,朋億,2024-07-26,166.5,-0.5,-0.30%,,,,,,,,,ShowDailyK_ChartFlow,FinMind_API_TaiwanStockPrice_6613,True,2026-10-05T23:33:53,2026-10-05T23:33:53,2026-10-05T23:33:53
6613,朋億,2024-07-29,163.0,-3.5,-2.10%,,,,,,,,,ShowDailyK_ChartFlow,FinMind_API_TaiwanStockPrice_6613,True,2026-10-05T23:33:53,2026-10-05T23:33:53,2026-10-05T23:33:53
6613,朋億,2024-07-30,163.0,0.0,0.00%,,,,,,,,,ShowDailyK_ChartFlow,FinMind_API_TaiwanStockPrice_6613,True,2026-10-05T23:33:53,2026-10-05T23:33:53,2026-10-05T23:33:53
6613,朋億,2024-07-31,161.0,-2.0,-1.23%,,,,,,,,,ShowDailyK_ChartFlow,FinMind_API_TaiwanStockPrice_6613,True,2026-10-05T23:33:53,2026-10-05T23:33:53,2026-10-05T23:33:53
6613,朋億,2024-08-01,164.5,3.5,2.17%,,,,,,,,,ShowDailyK_ChartFlow,FinMind_API_TaiwanStockPrice_6613,True,2026-10-05T23:33:53,2026-10-05T23:33:53,2026-10-05T23:33:53
6613,朋億,2024-08-02,158.0,-6.5,-3.95%,,,,,,,,,ShowDailyK_ChartFlow,FinMind_API_TaiwanStockPrice_6613,True,2026-10-05T23:33:53,2026-10-05T23:33:53,2026-10-05T23:33:53
6613,朋億,2024-08-05,144.5,-13.5,-8.54%,,,,,,,,,ShowDailyK_ChartFlow,FinMind_API_TaiwanStockPrice_6613,True,2026-10-05T23:33:53,2026-10-05T23:33:53,2026-10-05T23:33:53
6613,朋億,2024-08-06,143.0,-1.5,-1.04%,,,,,,,,,ShowDailyK_ChartFlow,FinMind_API_TaiwanStockPrice_6613,True,2026-10-05T23:33:53,2026-10-05T23:33:53,2026-10-05T23:33:53
6613,朋億,2024-08-07,152.5,9.5,6.64%,,,,,,,,,ShowDailyK_ChartFlow,FinMind_API_TaiwanStockPrice_6613,True,2026-10-05T23:33:53,2026-10-05T23:33:53,2026-10-05T23:33:53
6613,朋億,2024-08-08,146.0,-6.5,-4.26%,,,,,,,,,ShowDailyK_ChartFlow,FinMind_API_TaiwanStockPrice_6613,True,2026-10-05T23:33:53,2026-10-05T23:33:53,2026-10-05T23:33:53
6613,朋億,2024-08-09,147.0,1.0,0.68%,,,,,,,,,ShowDailyK_ChartFlow,FinMind_API_TaiwanStockPrice_6613,True,2026-10-05T23:33:53,2026-10-05T23:33:53,2026-10-05T23:33:53
6613,朋億,2024-08-12,150.0,3.0,2.04%,,,,,,,,,ShowDailyK_ChartFlow,FinMind_API_TaiwanStockPrice_6613,True,2026-10-05T23:33:53,2026-10-05T23:33:53,2026-10-05T23:33:53
6613,朋億,2024-08-13,150.5,0.5,0.33%,,,,,,,,,ShowDailyK_ChartFlow,FinMind_API_TaiwanStockPrice_6613,True,2026-10-05T23:33:53,2026-10-05T23:33:53,2026-10-05T23:33:53
6613,朋億,2024-08-14,153.5,3.0,1.99%,,,,,,,,,ShowDailyK_ChartFlow,FinMind_API_TaiwanStockPrice_6613,True,2026-10-05T23:33:53,2026-10-05T23:33:53,2026-10-05T23:33:53
6613,朋億,2024-08-15,153.0,-0.5,-0.33%,,,,,,,,,ShowDailyK_ChartFlow,FinMind_API_TaiwanStockPrice_6613,True,2026-10-05T23:33:53,2026-10-05T23:33:53,2026-10-05T23:33:53
6613,朋億,2024-08-16,153.5,0.5,0.33%,,,,,,,,,ShowDailyK_ChartFlow,FinMind_API_TaiwanStockPrice_6613,True,2026-10-05T23:33:53,2026-10-05T23:33:53,2026-10-05T23:33:53
6613,朋億,2024-08-19,153.0,-0.5,-0.33%,,,,,,,,,ShowDailyK_ChartFlow,FinMind_API_TaiwanStockPrice_6613,True,2026-10-05T23:33:53,2026-10-05T23:33:53,2026-10-05T23:33:53
6613,朋億,2024-08-20,153.5,0.5,0.33%,,,,,,,,,ShowDailyK_ChartFlow,FinMind_API_TaiwanStockPrice_6613,True,2026-10-05T23:33:53,2026-10-05T23:33:53,2026-10-05T23:33:53
6613,朋億,2024-08-21,151.5,-2.0,-1.30%,,,,,,,,,ShowDailyK_ChartFlow,FinMind_API_TaiwanStockPrice_6613,True,2026-10-05T23:33:53,2026-10-05T23:33:53,2026-10-05T23:33:53
6613,朋億,2024-08-22,149.5,-2.0,-1.32%,,,,,,,,,ShowDailyK_ChartFlow,FinMind_API_TaiwanStockPrice_6613,True,2026-10-05T23:33:53,2026-10-05T23:33:53,2026-10-05T23:33:53
6613,朋億,2024-08-23,150.0,0.5,0.33%,,,,,,,,,ShowDailyK_ChartFlow,FinMind_API_TaiwanStockPrice_6613,True,2026-10-05T23:33:53,2026-10-05T23:33:53,2026-10-05T23:33:53
6613,朋億,2024-08-26,150.0,0.0,0.00%,,,,,,,,,ShowDailyK_ChartFlow,FinMind_API_TaiwanStockPrice_6613,True,2026-10-05T23:33:53,2026-10-05T23:33:53,2026-10-05T23:33:53
6613,朋億,2024-08-27,151.5,1.5,1.00%,,,,,,,,,ShowDailyK_ChartFlow,FinMind_API_TaiwanStockPrice_6613,True,2026-10-05T23:33:53,2026-10-05T23:33:53,2026-10-05T23:33:53
6613,朋億,2024-08-28,153.0,1.5,0.99%,,,,,,,,,ShowDailyK_ChartFlow,FinMind_API_TaiwanStockPrice_6613,True,2026-10-05T23:33:53,2026-10-05T23:33:53,2026-10-05T23:33:53
6613,朋億,2024-08-29,152.0,-1.0,-0.65%,,,,,,,,,ShowDailyK_ChartFlow,FinMind_API_TaiwanStockPrice_6613,True,2026-10-05T23:33:53,2026-10-05T23:33:53,2026-10-05T23:33:53
6613,朋億,2024-08-30,153.0,1.0,0.66%,,,,,,,,,ShowDailyK_ChartFlow,FinMind_API_TaiwanStockPrice_6613,True,2026-10-05T23:33:53,2026-10-05T23:33:53,2026-10-05T23:33:53
6613,朋億,2024-09-02,152.0,-1.0,-0.65%,,,,,,,,,ShowDailyK_ChartFlow,FinMind_API_TaiwanStockPrice_6613,True,2026-10-05T23:33:53,2026-10-05T23:33:53,2026-10-05T23:33:53
6613,朋億,2024-09-03,160.0,8.0,5.26%,,,,,,,,,ShowDailyK_ChartFlow,FinMind_API_TaiwanStockPrice_6613,True,2026-10-05T23:33:53,2026-10-05T23:33:53,2026-10-05T23:33:53
6613,朋億,2024-09-04,152.0,-8.0,-5.00%,,,,,,,,,ShowDailyK_ChartFlow,FinMind_API_TaiwanStockPrice_6613,True,2026-10-05T23:33:53,2026-10-05T23:33:53,2026-10-05T23:33:53
6613,朋億,2024-09-05,153.0,1.0,0.66%,,,,,,,,,ShowDailyK_ChartFlow,FinMind_API_TaiwanStockPrice_6613,True,2026-10-05T23:33:53,2026-10-05T23:33:53,2026-10-05T23:33:53
6613,朋億,2024-09-06,157.0,4.0,2.61%,,,,,,,,,ShowDailyK_ChartFlow,FinMind_API_TaiwanStockPrice_6613,True,2026-10-05T23:33:53,2026-10-05T23:33:53,2026-10-05T23:33:53
6613,朋億,2024-09-09,156.5,-0.5,-0.32%,,,,,,,,,ShowDailyK_ChartFlow,FinMind_API_TaiwanStockPrice_6613,True,2026-10-05T23:33:53,2026-10-05T23:33:53,2026-10-05T23:33:53
6613,朋億,2024-09-10,154.5,-2.0,-1.28%,,,,,,,,,ShowDailyK_ChartFlow,FinMind_API_TaiwanStockPrice_6613,True,2026-10-05T23:33:53,2026-10-05T23:33:53,2026-10-05T23:33:53
6613,朋億,2024-09-11,155.5,1.0,0.65%,,,,,,,,,ShowDailyK_ChartFlow,FinMind_API_TaiwanStockPrice_6613,True,2026-10-05T23:33:53,2026-10-05T23:33:53,2026-10-05T23:33:53
6613,朋億,2024-09-12,159.0,3.5,2.25%,,,,,,,,,ShowDailyK_ChartFlow,FinMind_API_TaiwanStockPrice_6613,True,2026-10-05T23:33:53,2026-10-05T23:33:53,2026-10-05T23:33:53
6613,朋億,2024-09-13,162.5,3.5,2.20%,,,,,,,,,ShowDailyK_ChartFlow,FinMind_API_TaiwanStockPrice_6613,True,2026-10-05T23:33:53,2026-10-05T23:33:53,2026-10-05T23:33:53
6613,朋億,2024-09-16,166.0,3.5,2.15%,,,,,,,,,ShowDailyK_ChartFlow,FinMind_API_TaiwanStockPrice_6613,True,2026-10-05T23:33:53,2026-10-05T23:33:53,2026-10-05T23:33:53
6613,朋億,2024-09-18,162.5,-3.5,-2.11%,,,,,,,,,ShowDailyK_ChartFlow,FinMind_API_TaiwanStockPrice_6613,True,2026-10-05T23:33:53,2026-10-05T23:33:53,2026-10-05T23:33:53
6613,朋億,2024-09-19,167.5,5.0,3.08%,,,,,,,,,ShowDailyK_ChartFlow,FinMind_API_TaiwanStockPrice_6613,True,2026-10-05T23:33:53,2026-10-05T23:33:53,2026-10-05T23:33:53
6613,朋億,2024-09-20,167.5,0.0,0.00%,,,,,,,,,ShowDailyK_ChartFlow,FinMind_API_TaiwanStockPrice_6613,True,2026-10-05T23:33:53,2026-10-05T23:33:53,2026-10-05T23:33:53
6613,朋億,2024-09-23,167.5,0.0,0.00%,,,,,,,,,ShowDailyK_ChartFlow,FinMind_API_TaiwanStockPrice_6613,True,2026-10-05T23:33:53,2026-10-05T23:33:53,2026-10-05T23:33:53
6613,朋億,2024-09-24,166.0,-1.5,-0.90%,,,,,,,,,ShowDailyK_ChartFlow,FinMind_API_TaiwanStockPrice_6613,True,2026-10-05T23:33:53,2026-10-05T23:33:53,2026-10-05T23:33:53
6613,朋億,2024-09-25,165.0,-1.0,-0.60%,,,,,,,,,ShowDailyK_ChartFlow,FinMind_API_TaiwanStockPrice_6613,True,2026-10-05T23:33:53,2026-10-05T23:33:53,2026-10-05T23:33:53
6613,朋億,2024-09-26,163.0,-2.0,-1.21%,,,,,,,,,ShowDailyK_ChartFlow,FinMind_API_TaiwanStockPrice_6613,True,2026-10-05T23:33:53,2026-10-05T23:33:53,2026-10-05T23:33:53
6613,朋億,2024-09-27,160.5,-2.5,-1.53%,,,,,,,,,ShowDailyK_ChartFlow,FinMind_API_TaiwanStockPrice_6613,True,2026-10-05T23:33:53,2026-10-05T23:33:53,2026-10-05T23:33:53
6613,朋億,2024-09-30,158.0,-2.5,-1.56%,,,,,,,,,ShowDailyK_ChartFlow,FinMind_API_TaiwanStockPrice_6613,True,2026-10-05T23:33:53,2026-10-05T23:33:53,2026-10-05T23:33:53
6613,朋億,2024-10-01,158.0,0.0,0.00%,,,,,,,,,ShowDailyK_ChartFlow,FinMind_API_TaiwanStockPrice_6613,True,2026-10-05T23:33:53,2026-10-05T23:33:53,2026-10-05T23:33:53
6613,朋億,2024-10-04,163.0,5.0,3.16%,,,,,,,,,ShowDailyK_ChartFlow,FinMind_API_TaiwanStockPrice_6613,True,2026-10-05T23:33:53,2026-10-05T23:33:53,2026-10-05T23:33:53
6613,朋億,2024-10-07,163.5,0.5,0.31%,,,,,,,,,ShowDailyK_ChartFlow,FinMind_API_TaiwanStockPrice_6613,True,2026-10-05T23:33:53,2026-10-05T23:33:53,2026-10-05T23:33:53
6613,朋億,2024-10-08,165.5,2.0,1.22%,,,,,,,,,ShowDailyK_ChartFlow,FinMind_API_TaiwanStockPrice_6613,True,2026-10-05T23:33:53,2026-10-05T23:33:53,2026-10-05T23:33:53
6613,朋億,2024-10-09,165.5,0.0,0.00%,,,,,,,,,ShowDailyK_ChartFlow,FinMind_API_TaiwanStockPrice_6613,True,2026-10-05T23:33:53,2026-10-05T23:33:53,2026-10-05T23:33:53
6613,朋億,2024-10-11,173.5,8.0,4.83%,,,,,,,,,ShowDailyK_ChartFlow,FinMind_API_TaiwanStockPrice_6613,True,2026-10-05T23:33:53,2026-10-05T23:33:53,2026-10-05T23:33:53
6613,朋億,2024-10-14,178.0,4.5,2.59%,,,,,,,,,ShowDailyK_ChartFlow,FinMind_API_TaiwanStockPrice_6613,True,2026-10-05T23:33:53,2026-10-05T23:33:53,2026-10-05T23:33:53
6613,朋億,2024-10-15,178.5,0.5,0.28%,,,,,,,,,ShowDailyK_ChartFlow,FinMind_API_TaiwanStockPrice_6613,True,2026-10-05T23:33:53,2026-10-05T23:33:53,2026-10-05T23:33:53
6613,朋億,2024-10-16,178.5,0.0,0.00%,,,,,,,,,ShowDailyK_ChartFlow,FinMind_API_TaiwanStockPrice_6613,True,2026-10-05T23:33:53,2026-10-05T23:33:53,2026-10-05T23:33:53
6613,朋億,2024-10-17,175.0,-3.5,-1.96%,,,,,,,,,ShowDailyK_ChartFlow,FinMind_API_TaiwanStockPrice_6613,True,2026-10-05T23:33:53,2026-10-05T23:33:53,2026-10-05T23:33:53
6613,朋億,2024-10-18,173.0,-2.0,-1.14%,,,,,,,,,ShowDailyK_ChartFlow,FinMind_API_TaiwanStockPrice_6613,True,2026-10-05T23:33:53,2026-10-05T23:33:53,2026-10-05T23:33:53
6613,朋億,2024-10-21,176.0,3.0,1.73%,,,,,,,,,ShowDailyK_ChartFlow,FinMind_API_TaiwanStockPrice_6613,True,2026-10-05T23:33:53,2026-10-05T23:33:53,2026-10-05T23:33:53
6613,朋億,2024-10-22,179.5,3.5,1.99%,,,,,,,,,ShowDailyK_ChartFlow,FinMind_API_TaiwanStockPrice_6613,True,2026-10-05T23:33:53,2026-10-05T23:33:53,2026-10-05T23:33:53
6613,朋億,2024-10-23,186.0,6.5,3.62%,,,,,,,,,ShowDailyK_ChartFlow,FinMind_API_TaiwanStockPrice_6613,True,2026-10-05T23:33:53,2026-10-05T23:33:53,2026-10-05T23:33:53
6613,朋億,2024-10-24,186.0,0.0,0.00%,,,,,,,,,ShowDailyK_ChartFlow,FinMind_API_TaiwanStockPrice_6613,True,2026-10-05T23:33:53,2026-10-05T23:33:53,2026-10-05T23:33:53
6613,朋億,2024-10-25,185.0,-1.0,-0.54%,,,,,,,,,ShowDailyK_ChartFlow,FinMind_API_TaiwanStockPrice_6613,True,2026-10-05T23:33:53,2026-10-05T23:33:53,2026-10-05T23:33:53
6613,朋億,2024-10-28,187.0,2.0,1.08%,,,,,,,,,ShowDailyK_ChartFlow,FinMind_API_TaiwanStockPrice_6613,True,2026-10-05T23:33:53,2026-10-05T23:33:53,2026-10-05T23:33:53
6613,朋億,2024-10-29,189.0,2.0,1.07%,,,,,,,,,ShowDailyK_ChartFlow,FinMind_API_TaiwanStockPrice_6613,True,2026-10-05T23:33:53,2026-10-05T23:33:53,2026-10-05T23:33:53
6613,朋億,2024-10-30,186.5,-2.5,-1.32%,,,,,,,,,ShowDailyK_ChartFlow,FinMind_API_TaiwanStockPrice_6613,True,2026-10-05T23:33:53,2026-10-05T23:33:53,2026-10-05T23:33:53
6613,朋億,2024-11-01,187.0,0.5,0.27%,,,,,,,,,ShowDailyK_ChartFlow,FinMind_API_TaiwanStockPrice_6613,True,2026-10-05T23:33:53,2026-10-05T23:33:53,2026-10-05T23:33:53
6613,朋億,2024-11-04,187.0,0.0,0.00%,,,,,,,,,ShowDailyK_ChartFlow,FinMind_API_TaiwanStockPrice_6613,True,2026-10-05T23:33:53,2026-10-05T23:33:53,2026-10-05T23:33:53
6613,朋億,2024-11-05,185.5,-1.5,-0.80%,,,,,,,,,ShowDailyK_ChartFlow,FinMind_API_TaiwanStockPrice_6613,True,2026-10-05T23:33:53,2026-10-05T23:33:53,2026-10-05T23:33:53
6613,朋億,2024-11-06,198.5,13.0,7.01%,,,,,,,,,ShowDailyK_ChartFlow,FinMind_API_TaiwanStockPrice_6613,True,2026-10-05T23:33:53,2026-10-05T23:33:53,2026-10-05T23:33:53
6613,朋億,2024-11-07,196.0,-2.5,-1.26%,,,,,,,,,ShowDailyK_ChartFlow,FinMind_API_TaiwanStockPrice_6613,True,2026-10-05T23:33:53,2026-10-05T23:33:53,2026-10-05T23:33:53
6613,朋億,2024-11-08,193.0,-3.0,-1.53%,,,,,,,,,ShowDailyK_ChartFlow,FinMind_API_TaiwanStockPrice_6613,True,2026-10-05T23:33:53,2026-10-05T23:33:53,2026-10-05T23:33:53
6613,朋億,2024-11-11,189.5,-3.5,-1.81%,,,,,,,,,ShowDailyK_ChartFlow,FinMind_API_TaiwanStockPrice_6613,True,2026-10-05T23:33:53,2026-10-05T23:33:53,2026-10-05T23:33:53
6613,朋億,2024-11-12,189.5,0.0,0.00%,,,,,,,,,ShowDailyK_ChartFlow,FinMind_API_TaiwanStockPrice_6613,True,2026-10-05T23:33:53,2026-10-05T23:33:53,2026-10-05T23:33:53
6613,朋億,2024-11-13,189.0,-0.5,-0.26%,,,,,,,,,ShowDailyK_ChartFlow,FinMind_API_TaiwanStockPrice_6613,True,2026-10-05T23:33:53,2026-10-05T23:33:53,2026-10-05T23:33:53
6613,朋億,2024-11-14,191.0,2.0,1.06%,,,,,,,,,ShowDailyK_ChartFlow,FinMind_API_TaiwanStockPrice_6613,True,2026-10-05T23:33:53,2026-10-05T23:33:53,2026-10-05T23:33:53
6613,朋億,2024-11-15,194.0,3.0,1.57%,,,,,,,,,ShowDailyK_ChartFlow,FinMind_API_TaiwanStockPrice_6613,True,2026-10-05T23:33:53,2026-10-05T23:33:53,2026-10-05T23:33:53
6613,朋億,2024-11-18,191.0,-3.0,-1.55%,,,,,,,,,ShowDailyK_ChartFlow,FinMind_API_TaiwanStockPrice_6613,True,2026-10-05T23:33:53,2026-10-05T23:33:53,2026-10-05T23:33:53
6613,朋億,2024-11-19,192.0,1.0,0.52%,,,,,,,,,ShowDailyK_ChartFlow,FinMind_API_TaiwanStockPrice_6613,True,2026-10-05T23:33:53,2026-10-05T23:33:53,2026-10-05T23:33:53
6613,朋億,2024-11-20,189.5,-2.5,-1.30%,,,,,,,,,ShowDailyK_ChartFlow,FinMind_API_TaiwanStockPrice_6613,True,2026-10-05T23:33:53,2026-10-05T23:33:53,2026-10-05T23:33:53
6613,朋億,2024-11-21,192.0,2.5,1.32%,,,,,,,,,ShowDailyK_ChartFlow,FinMind_API_TaiwanStockPrice_6613,True,2026-10-05T23:33:53,2026-10-05T23:33:53,2026-10-05T23:33:53
6613,朋億,2024-11-22,196.0,4.0,2.08%,,,,,,,,,ShowDailyK_ChartFlow,FinMind_API_TaiwanStockPrice_6613,True,2026-10-05T23:33:53,2026-10-05T23:33:53,2026-10-05T23:33:53
6613,朋億,2024-11-25,196.0,0.0,0.00%,,,,,,,,,ShowDailyK_ChartFlow,FinMind_API_TaiwanStockPrice_6613,True,2026-10-05T23:33:53,2026-10-05T23:33:53,2026-10-05T23:33:53
6613,朋億,2024-11-26,193.5,-2.5,-1.28%,,,,,,,,,ShowDailyK_ChartFlow,FinMind_API_TaiwanStockPrice_6613,True,2026-10-05T23:33:53,2026-10-05T23:33:53,2026-10-05T23:33:53
6613,朋億,2024-11-27,186.5,-7.0,-3.62%,,,,,,,,,ShowDailyK_ChartFlow,FinMind_API_TaiwanStockPrice_6613,True,2026-10-05T23:33:53,2026-10-05T23:33:53,2026-10-05T23:33:53
6613,朋億,2024-11-28,187.5,1.0,0.54%,,,,,,,,,ShowDailyK_ChartFlow,FinMind_API_TaiwanStockPrice_6613,True,2026-10-05T23:33:53,2026-10-05T23:33:53,2026-10-05T23:33:53
6613,朋億,2024-11-29,188.0,0.5,0.27%,,,,,,,,,ShowDailyK_ChartFlow,FinMind_API_TaiwanStockPrice_6613,True,2026-10-05T23:33:53,2026-10-05T23:33:53,2026-10-05T23:33:53
6613,朋億,2024-12-02,189.0,1.0,0.53%,,,,,,,,,ShowDailyK_ChartFlow,FinMind_API_TaiwanStockPrice_6613,True,2026-10-05T23:33:53,2026-10-05T23:33:53,2026-10-05T23:33:53
6613,朋億,2024-12-03,189.0,0.0,0.00%,,,,,,,,,ShowDailyK_ChartFlow,FinMind_API_TaiwanStockPrice_6613,True,2026-10-05T23:33:53,2026-10-05T23:33:53,2026-10-05T23:33:53
6613,朋億,2024-12-04,187.5,-1.5,-0.79%,,,,,,,,,ShowDailyK_ChartFlow,FinMind_API_TaiwanStockPrice_6613,True,2026-10-05T23:33:53,2026-10-05T23:33:53,2026-10-05T23:33:53
6613,朋億,2024-12-05,190.0,2.5,1.33%,,,,,,,,,ShowDailyK_ChartFlow,FinMind_API_TaiwanStockPrice_6613,True,2026-10-05T23:33:53,2026-10-05T23:33:53,2026-10-05T23:33:53
6613,朋億,2024-12-06,191.0,1.0,0.53%,,,,,,,,,ShowDailyK_ChartFlow,FinMind_API_TaiwanStockPrice_6613,True,2026-10-05T23:33:53,2026-10-05T23:33:53,2026-10-05T23:33:53
6613,朋億,2024-12-09,193.5,2.5,1.31%,,,,,,,,,ShowDailyK_ChartFlow,FinMind_API_TaiwanStockPrice_6613,True,2026-10-05T23:33:53,2026-10-05T23:33:53,2026-10-05T23:33:53
6613,朋億,2024-12-10,190.5,-3.0,-1.55%,,,,,,,,,ShowDailyK_ChartFlow,FinMind_API_TaiwanStockPrice_6613,True,2026-10-05T23:33:53,2026-10-05T23:33:53,2026-10-05T23:33:53
6613,朋億,2024-12-11,188.0,-2.5,-1.31%,,,,,,,,,ShowDailyK_ChartFlow,FinMind_API_TaiwanStockPrice_6613,True,2026-10-05T23:33:53,2026-10-05T23:33:53,2026-10-05T23:33:53
6613,朋億,2024-12-12,189.0,1.0,0.53%,,,,,,,,,ShowDailyK_ChartFlow,FinMind_API_TaiwanStockPrice_6613,True,2026-10-05T23:33:53,2026-10-05T23:33:53,2026-10-05T23:33:53
6613,朋億,2024-12-13,189.0,0.0,0.00%,,,,,,,,,ShowDailyK_ChartFlow,FinMind_API_TaiwanStockPrice_6613,True,2026-10-05T23:33:53,2026-10-05T23:33:53,2026-10-05T23:33:53
6613,朋億,2024-12-16,185.0,-4.0,-2.12%,,,,,,,,,ShowDailyK_ChartFlow,FinMind_API_TaiwanStockPrice_6613,True,2026-10-05T23:33:53,2026-10-05T23:33:53,2026-10-05T23:33:53
6613,朋億,2024-12-17,185.0,0.0,0.00%,,,,,,,,,ShowDailyK_ChartFlow,FinMind_API_TaiwanStockPrice_6613,True,2026-10-05T23:33:53,2026-10-05T23:33:53,2026-10-05T23:33:53
6613,朋億,2024-12-18,183.0,-2.0,-1.08%,,,,,,,,,ShowDailyK_ChartFlow,FinMind_API_TaiwanStockPrice_6613,True,2026-10-05T23:33:53,2026-10-05T23:33:53,2026-10-05T23:33:53
6613,朋億,2024-12-19,182.0,-1.0,-0.55%,,,,,,,,,ShowDailyK_ChartFlow,FinMind_API_TaiwanStockPrice_6613,True,2026-10-05T23:33:53,2026-10-05T23:33:53,2026-10-05T23:33:53
6613,朋億,2024-12-20,182.5,0.5,0.27%,,,,,,,,,ShowDailyK_ChartFlow,FinMind_API_TaiwanStockPrice_6613,True,2026-10-05T23:33:53,2026-10-05T23:33:53,2026-10-05T23:33:53
6613,朋億,2024-12-23,182.5,0.0,0.00%,,,,,,,,,ShowDailyK_ChartFlow,FinMind_API_TaiwanStockPrice_6613,True,2026-10-05T23:33:53,2026-10-05T23:33:53,2026-10-05T23:33:53
6613,朋億,2024-12-24,177.5,-5.0,-2.74%,,,,,,,,,ShowDailyK_ChartFlow,FinMind_API_TaiwanStockPrice_6613,True,2026-10-05T23:33:53,2026-10-05T23:33:53,2026-10-05T23:33:53
6613,朋億,2024-12-25,177.5,0.0,0.00%,,,,,,,,,ShowDailyK_ChartFlow,FinMind_API_TaiwanStockPrice_6613,True,2026-10-05T23:33:53,2026-10-05T23:33:53,2026-10-05T23:33:53
6613,朋億,2024-12-26,177.5,0.0,0.00%,,,,,,,,,ShowDailyK_ChartFlow,FinMind_API_TaiwanStockPrice_6613,True,2026-10-05T23:33:53,2026-10-05T23:33:53,2026-10-05T23:33:53
6613,朋億,2024-12-27,177.5,0.0,0.00%,,,,,,,,,ShowDailyK_ChartFlow,FinMind_API_TaiwanStockPrice_6613,True,2026-10-05T23:33:53,2026-10-05T23:33:53,2026-10-05T23:33:53
6613,朋億,2024-12-30,179.0,1.5,0.85%,,,,,,,,,ShowDailyK_ChartFlow,FinMind_API_TaiwanStockPrice_6613,True,2026-10-05T23:33:53,2026-10-05T23:33:53,2026-10-05T23:33:53
6613,朋億,2024-12-31,180.0,1.0,0.56%,,,,,,,,,ShowDailyK_ChartFlow,FinMind_API_TaiwanStockPrice_6613,True,2026-10-05T23:33:53,2026-10-05T23:33:53,2026-10-05T23:33:53
6613,朋億,2025-01-02,181.0,1.0,0.56%,,,,,,,,,ShowDailyK_ChartFlow,FinMind_API_TaiwanStockPrice_6613,True,2026-10-05T23:33:53,2026-10-05T23:33:53,2026-10-05T23:33:53
6613,朋億,2025-01-03,183.5,2.5,1.38%,,,,,,,,,ShowDailyK_ChartFlow,FinMind_API_TaiwanStockPrice_6613,True,2026-10-05T23:33:53,2026-10-05T23:33:53,2026-10-05T23:33:53
6613,朋億,2025-01-06,184.0,0.5,0.27%,,,,,,,,,ShowDailyK_ChartFlow,FinMind_API_TaiwanStockPrice_6613,True,2026-10-05T23:33:53,2026-10-05T23:33:53,2026-10-05T23:33:53
6613,朋億,2025-01-07,187.0,3.0,1.63%,,,,,,,,,ShowDailyK_ChartFlow,FinMind_API_TaiwanStockPrice_6613,True,2026-10-05T23:33:53,2026-10-05T23:33:53,2026-10-05T23:33:53
6613,朋億,2025-01-08,190.5,3.5,1.87%,,,,,,,,,ShowDailyK_ChartFlow,FinMind_API_TaiwanStockPrice_6613,True,2026-10-05T23:33:53,2026-10-05T23:33:53,2026-10-05T23:33:53
6613,朋億,2025-01-09,190.5,0.0,0.00%,,,,,,,,,ShowDailyK_ChartFlow,FinMind_API_TaiwanStockPrice_6613,True,2026-10-05T23:33:53,2026-10-05T23:33:53,2026-10-05T23:33:53
6613,朋億,2025-01-10,197.0,6.5,3.41%,,,,,,,,,ShowDailyK_ChartFlow,FinMind_API_TaiwanStockPrice_6613,True,2026-10-05T23:33:53,2026-10-05T23:33:53,2026-10-05T23:33:53
6613,朋億,2025-01-13,196.5,-0.5,-0.25%,,,,,,,,,ShowDailyK_ChartFlow,FinMind_API_TaiwanStockPrice_6613,True,2026-10-05T23:33:53,2026-10-05T23:33:53,2026-10-05T23:33:53
6613,朋億,2025-01-14,198.0,1.5,0.76%,,,,,,,,,ShowDailyK_ChartFlow,FinMind_API_TaiwanStockPrice_6613,True,2026-10-05T23:33:53,2026-10-05T23:33:53,2026-10-05T23:33:53
6613,朋億,2025-01-15,198.0,0.0,0.00%,,,,,,,,,ShowDailyK_ChartFlow,FinMind_API_TaiwanStockPrice_6613,True,2026-10-05T23:33:53,2026-10-05T23:33:53,2026-10-05T23:33:53
6613,朋億,2025-01-16,200.0,2.0,1.01%,,,,,,,,,ShowDailyK_ChartFlow,FinMind_API_TaiwanStockPrice_6613,True,2026-10-05T23:33:53,2026-10-05T23:33:53,2026-10-05T23:33:53
6613,朋億,2025-01-17,202.0,2.0,1.00%,,,,,,,,,ShowDailyK_ChartFlow,FinMind_API_TaiwanStockPrice_6613,True,2026-10-05T23:33:53,2026-10-05T23:33:53,2026-10-05T23:33:53
6613,朋億,2025-01-20,222.0,20.0,9.90%,,,,,,,,,ShowDailyK_ChartFlow,FinMind_API_TaiwanStockPrice_6613,True,2026-10-05T23:33:53,2026-10-05T23:33:53,2026-10-05T23:33:53
6613,朋億,2025-01-21,241.0,19.0,8.56%,,,,,,,,,ShowDailyK_ChartFlow,FinMind_API_TaiwanStockPrice_6613,True,2026-10-05T23:33:53,2026-10-05T23:33:53,2026-10-05T23:33:53
6613,朋億,2025-01-22,260.0,19.0,7.88%,,,,,,,,,ShowDailyK_ChartFlow,FinMind_API_TaiwanStockPrice_6613,True,2026-10-05T23:33:53,2026-10-05T23:33:53,2026-10-05T23:33:53
6613,朋億,2025-02-03,245.5,-14.5,-5.58%,,,,,,,,,ShowDailyK_ChartFlow,FinMind_API_TaiwanStockPrice_6613,True,2026-10-05T23:33:53,2026-10-05T23:33:53,2026-10-05T23:33:53
6613,朋億,2025-02-04,229.5,-16.0,-6.52%,,,,,,,,,ShowDailyK_ChartFlow,FinMind_API_TaiwanStockPrice_6613,True,2026-10-05T23:33:53,2026-10-05T23:33:53,2026-10-05T23:33:53
6613,朋億,2025-02-05,237.5,8.0,3.49%,,,,,,,,,ShowDailyK_ChartFlow,FinMind_API_TaiwanStockPrice_6613,True,2026-10-05T23:33:53,2026-10-05T23:33:53,2026-10-05T23:33:53
6613,朋億,2025-02-06,238.0,0.5,0.21%,,,,,,,,,ShowDailyK_ChartFlow,FinMind_API_TaiwanStockPrice_6613,True,2026-10-05T23:33:53,2026-10-05T23:33:53,2026-10-05T23:33:53
6613,朋億,2025-02-07,249.0,11.0,4.62%,,,,,,,,,ShowDailyK_ChartFlow,FinMind_API_TaiwanStockPrice_6613,True,2026-10-05T23:33:53,2026-10-05T23:33:53,2026-10-05T23:33:53
6613,朋億,2025-02-10,240.5,-8.5,-3.41%,,,,,,,,,ShowDailyK_ChartFlow,FinMind_API_TaiwanStockPrice_6613,True,2026-10-05T23:33:53,2026-10-05T23:33:53,2026-10-05T23:33:53
6613,朋億,2025-02-11,248.5,8.0,3.33%,,,,,,,,,ShowDailyK_ChartFlow,FinMind_API_TaiwanStockPrice_6613,True,2026-10-05T23:33:53,2026-10-05T23:33:53,2026-10-05T23:33:53
6613,朋億,2025-02-12,242.5,-6.0,-2.41%,,,,,,,,,ShowDailyK_ChartFlow,FinMind_API_TaiwanStockPrice_6613,True,2026-10-05T23:33:53,2026-10-05T23:33:53,2026-10-05T23:33:53
6613,朋億,2025-02-13,234.5,-8.0,-3.30%,,,,,,,,,ShowDailyK_ChartFlow,FinMind_API_TaiwanStockPrice_6613,True,2026-10-05T23:33:53,2026-10-05T23:33:53,2026-10-05T23:33:53
6613,朋億,2025-02-14,230.0,-4.5,-1.92%,,,,,,,,,ShowDailyK_ChartFlow,FinMind_API_TaiwanStockPrice_6613,True,2026-10-05T23:33:53,2026-10-05T23:33:53,2026-10-05T23:33:53
6613,朋億,2025-02-17,234.5,4.5,1.96%,,,,,,,,,ShowDailyK_ChartFlow,FinMind_API_TaiwanStockPrice_6613,True,2026-10-05T23:33:53,2026-10-05T23:33:53,2026-10-05T23:33:53
6613,朋億,2025-02-18,236.5,2.0,0.85%,,,,,,,,,ShowDailyK_ChartFlow,FinMind_API_TaiwanStockPrice_6613,True,2026-10-05T23:33:53,2026-10-05T23:33:53,2026-10-05T23:33:53
6613,朋億,2025-02-19,240.5,4.0,1.69%,,,,,,,,,ShowDailyK_ChartFlow,FinMind_API_TaiwanStockPrice_6613,True,2026-10-05T23:33:53,2026-10-05T23:33:53,2026-10-05T23:33:53
6613,朋億,2025-02-20,243.0,2.5,1.04%,,,,,,,,,ShowDailyK_ChartFlow,FinMind_API_TaiwanStockPrice_6613,True,2026-10-05T23:33:53,2026-10-05T23:33:53,2026-10-05T23:33:53
6613,朋億,2025-02-21,229.0,-14.0,-5.76%,,,,,,,,,ShowDailyK_ChartFlow,FinMind_API_TaiwanStockPrice_6613,True,2026-10-05T23:33:53,2026-10-05T23:33:53,2026-10-05T23:33:53
6613,朋億,2025-02-24,229.0,0.0,0.00%,,,,,,,,,ShowDailyK_ChartFlow,FinMind_API_TaiwanStockPrice_6613,True,2026-10-05T23:33:53,2026-10-05T23:33:53,2026-10-05T23:33:53
6613,朋億,2025-02-25,228.0,-1.0,-0.44%,,,,,,,,,ShowDailyK_ChartFlow,FinMind_API_TaiwanStockPrice_6613,True,2026-10-05T23:33:53,2026-10-05T23:33:53,2026-10-05T23:33:53
6613,朋億,2025-02-26,228.0,0.0,0.00%,,,,,,,,,ShowDailyK_ChartFlow,FinMind_API_TaiwanStockPrice_6613,True,2026-10-05T23:33:53,2026-10-05T23:33:53,2026-10-05T23:33:53
6613,朋億,2025-02-27,226.0,-2.0,-0.88%,,,,,,,,,ShowDailyK_ChartFlow,FinMind_API_TaiwanStockPrice_6613,True,2026-10-05T23:33:53,2026-10-05T23:33:53,2026-10-05T23:33:53
6613,朋億,2025-03-03,214.5,-11.5,-5.09%,,,,,,,,,ShowDailyK_ChartFlow,FinMind_API_TaiwanStockPrice_6613,True,2026-10-05T23:33:53,2026-10-05T23:33:53,2026-10-05T23:33:53
6613,朋億,2025-03-04,221.5,7.0,3.26%,,,,,,,,,ShowDailyK_ChartFlow,FinMind_API_TaiwanStockPrice_6613,True,2026-10-05T23:33:53,2026-10-05T23:33:53,2026-10-05T23:33:53
6613,朋億,2025-03-05,216.0,-5.5,-2.48%,,,,,,,,,ShowDailyK_ChartFlow,FinMind_API_TaiwanStockPrice_6613,True,2026-10-05T23:33:53,2026-10-05T23:33:53,2026-10-05T23:33:53
6613,朋億,2025-03-06,214.5,-1.5,-0.69%,,,,,,,,,ShowDailyK_ChartFlow,FinMind_API_TaiwanStockPrice_6613,True,2026-10-05T23:33:53,2026-10-05T23:33:53,2026-10-05T23:33:53
6613,朋億,2025-03-07,212.5,-2.0,-0.93%,,,,,,,,,ShowDailyK_ChartFlow,FinMind_API_TaiwanStockPrice_6613,True,2026-10-05T23:33:53,2026-10-05T23:33:53,2026-10-05T23:33:53
6613,朋億,2025-03-10,211.5,-1.0,-0.47%,,,,,,,,,ShowDailyK_ChartFlow,FinMind_API_TaiwanStockPrice_6613,True,2026-10-05T23:33:53,2026-10-05T23:33:53,2026-10-05T23:33:53
6613,朋億,2025-03-11,208.5,-3.0,-1.42%,,,,,,,,,ShowDailyK_ChartFlow,FinMind_API_TaiwanStockPrice_6613,True,2026-10-05T23:33:53,2026-10-05T23:33:53,2026-10-05T23:33:53
6613,朋億,2025-03-12,213.5,5.0,2.40%,,,,,,,,,ShowDailyK_ChartFlow,FinMind_API_TaiwanStockPrice_6613,True,2026-10-05T23:33:53,2026-10-05T23:33:53,2026-10-05T23:33:53
6613,朋億,2025-03-13,217.0,3.5,1.64%,,,,,,,,,ShowDailyK_ChartFlow,FinMind_API_TaiwanStockPrice_6613,True,2026-10-05T23:33:53,2026-10-05T23:33:53,2026-10-05T23:33:53
6613,朋億,2025-03-14,221.0,4.0,1.84%,,,,,,,,,ShowDailyK_ChartFlow,FinMind_API_TaiwanStockPrice_6613,True,2026-10-05T23:33:53,2026-10-05T23:33:53,2026-10-05T23:33:53
6613,朋億,2025-03-17,212.0,-9.0,-4.07%,,,,,,,,,ShowDailyK_ChartFlow,FinMind_API_TaiwanStockPrice_6613,True,2026-10-05T23:33:53,2026-10-05T23:33:53,2026-10-05T23:33:53
6613,朋億,2025-03-18,209.0,-3.0,-1.42%,,,,,,,,,ShowDailyK_ChartFlow,FinMind_API_TaiwanStockPrice_6613,True,2026-10-05T23:33:53,2026-10-05T23:33:53,2026-10-05T23:33:53
6613,朋億,2025-03-19,204.0,-5.0,-2.39%,,,,,,,,,ShowDailyK_ChartFlow,FinMind_API_TaiwanStockPrice_6613,True,2026-10-05T23:33:53,2026-10-05T23:33:53,2026-10-05T23:33:53
6613,朋億,2025-03-20,206.5,2.5,1.23%,,,,,,,,,ShowDailyK_ChartFlow,FinMind_API_TaiwanStockPrice_6613,True,2026-10-05T23:33:53,2026-10-05T23:33:53,2026-10-05T23:33:53
6613,朋億,2025-03-21,204.0,-2.5,-1.21%,,,,,,,,,ShowDailyK_ChartFlow,FinMind_API_TaiwanStockPrice_6613,True,2026-10-05T23:33:53,2026-10-05T23:33:53,2026-10-05T23:33:53
6613,朋億,2025-03-24,200.0,-4.0,-1.96%,,,,,,,,,ShowDailyK_ChartFlow,FinMind_API_TaiwanStockPrice_6613,True,2026-10-05T23:33:53,2026-10-05T23:33:53,2026-10-05T23:33:53
6613,朋億,2025-03-25,201.5,1.5,0.75%,,,,,,,,,ShowDailyK_ChartFlow,FinMind_API_TaiwanStockPrice_6613,True,2026-10-05T23:33:53,2026-10-05T23:33:53,2026-10-05T23:33:53
6613,朋億,2025-03-26,202.0,0.5,0.25%,,,,,,,,,ShowDailyK_ChartFlow,FinMind_API_TaiwanStockPrice_6613,True,2026-10-05T23:33:53,2026-10-05T23:33:53,2026-10-05T23:33:53
6613,朋億,2025-03-27,200.0,-2.0,-0.99%,,,,,,,,,ShowDailyK_ChartFlow,FinMind_API_TaiwanStockPrice_6613,True,2026-10-05T23:33:53,2026-10-05T23:33:53,2026-10-05T23:33:53
6613,朋億,2025-03-28,193.5,-6.5,-3.25%,,,,,,,,,ShowDailyK_ChartFlow,FinMind_API_TaiwanStockPrice_6613,True,2026-10-05T23:33:53,2026-10-05T23:33:53,2026-10-05T23:33:53
6613,朋億,2025-03-31,186.0,-7.5,-3.88%,,,,,,,,,ShowDailyK_ChartFlow,FinMind_API_TaiwanStockPrice_6613,True,2026-10-05T23:33:53,2026-10-05T23:33:53,2026-10-05T23:33:53
6613,朋億,2025-04-01,190.0,4.0,2.15%,,,,,,,,,ShowDailyK_ChartFlow,FinMind_API_TaiwanStockPrice_6613,True,2026-10-05T23:33:53,2026-10-05T23:33:53,2026-10-05T23:33:53
6613,朋億,2025-04-02,189.0,-1.0,-0.53%,,,,,,,,,ShowDailyK_ChartFlow,FinMind_API_TaiwanStockPrice_6613,True,2026-10-05T23:33:53,2026-10-05T23:33:53,2026-10-05T23:33:53
6613,朋億,2025-04-07,170.5,-18.5,-9.79%,,,,,,,,,ShowDailyK_ChartFlow,FinMind_API_TaiwanStockPrice_6613,True,2026-10-05T23:33:53,2026-10-05T23:33:53,2026-10-05T23:33:53
6613,朋億,2025-04-08,154.0,-16.5,-9.68%,,,,,,,,,ShowDailyK_ChartFlow,FinMind_API_TaiwanStockPrice_6613,True,2026-10-05T23:33:53,2026-10-05T23:33:53,2026-10-05T23:33:53
6613,朋億,2025-04-09,142.5,-11.5,-7.47%,,,,,,,,,ShowDailyK_ChartFlow,FinMind_API_TaiwanStockPrice_6613,True,2026-10-05T23:33:53,2026-10-05T23:33:53,2026-10-05T23:33:53
6613,朋億,2025-04-10,156.5,14.0,9.82%,,,,,,,,,ShowDailyK_ChartFlow,FinMind_API_TaiwanStockPrice_6613,True,2026-10-05T23:33:53,2026-10-05T23:33:53,2026-10-05T23:33:53
6613,朋億,2025-04-11,156.5,0.0,0.00%,,,,,,,,,ShowDailyK_ChartFlow,FinMind_API_TaiwanStockPrice_6613,True,2026-10-05T23:33:53,2026-10-05T23:33:53,2026-10-05T23:33:53
6613,朋億,2025-04-14,159.0,2.5,1.60%,,,,,,,,,ShowDailyK_ChartFlow,FinMind_API_TaiwanStockPrice_6613,True,2026-10-05T23:33:53,2026-10-05T23:33:53,2026-10-05T23:33:53
6613,朋億,2025-04-15,163.0,4.0,2.52%,,,,,,,,,ShowDailyK_ChartFlow,FinMind_API_TaiwanStockPrice_6613,True,2026-10-05T23:33:53,2026-10-05T23:33:53,2026-10-05T23:33:53
6613,朋億,2025-04-16,159.5,-3.5,-2.15%,,,,,,,,,ShowDailyK_ChartFlow,FinMind_API_TaiwanStockPrice_6613,True,2026-10-05T23:33:53,2026-10-05T23:33:53,2026-10-05T23:33:53
6613,朋億,2025-04-17,158.5,-1.0,-0.63%,,,,,,,,,ShowDailyK_ChartFlow,FinMind_API_TaiwanStockPrice_6613,True,2026-10-05T23:33:53,2026-10-05T23:33:53,2026-10-05T23:33:53
6613,朋億,2025-04-18,160.0,1.5,0.95%,,,,,,,,,ShowDailyK_ChartFlow,FinMind_API_TaiwanStockPrice_6613,True,2026-10-05T23:33:53,2026-10-05T23:33:53,2026-10-05T23:33:53
6613,朋億,2025-04-21,155.5,-4.5,-2.81%,,,,,,,,,ShowDailyK_ChartFlow,FinMind_API_TaiwanStockPrice_6613,True,2026-10-05T23:33:53,2026-10-05T23:33:53,2026-10-05T23:33:53
6613,朋億,2025-04-22,152.0,-3.5,-2.25%,,,,,,,,,ShowDailyK_ChartFlow,FinMind_API_TaiwanStockPrice_6613,True,2026-10-05T23:33:53,2026-10-05T23:33:53,2026-10-05T23:33:53
6613,朋億,2025-04-23,159.0,7.0,4.61%,,,,,,,,,ShowDailyK_ChartFlow,FinMind_API_TaiwanStockPrice_6613,True,2026-10-05T23:33:53,2026-10-05T23:33:53,2026-10-05T23:33:53
6613,朋億,2025-04-24,160.0,1.0,0.63%,,,,,,,,,ShowDailyK_ChartFlow,FinMind_API_TaiwanStockPrice_6613,True,2026-10-05T23:33:53,2026-10-05T23:33:53,2026-10-05T23:33:53
6613,朋億,2025-04-25,165.5,5.5,3.44%,,,,,,,,,ShowDailyK_ChartFlow,FinMind_API_TaiwanStockPrice_6613,True,2026-10-05T23:33:53,2026-10-05T23:33:53,2026-10-05T23:33:53
6613,朋億,2025-04-28,170.0,4.5,2.72%,,,,,,,,,ShowDailyK_ChartFlow,FinMind_API_TaiwanStockPrice_6613,True,2026-10-05T23:33:53,2026-10-05T23:33:53,2026-10-05T23:33:53
6613,朋億,2025-04-29,174.0,4.0,2.35%,,,,,,,,,ShowDailyK_ChartFlow,FinMind_API_TaiwanStockPrice_6613,True,2026-10-05T23:33:53,2026-10-05T23:33:53,2026-10-05T23:33:53
6613,朋億,2025-04-30,170.5,-3.5,-2.01%,,,,,,,,,ShowDailyK_ChartFlow,FinMind_API_TaiwanStockPrice_6613,True,2026-10-05T23:33:53,2026-10-05T23:33:53,2026-10-05T23:33:53
6613,朋億,2025-05-02,176.0,5.5,3.23%,,,,,,,,,ShowDailyK_ChartFlow,FinMind_API_TaiwanStockPrice_6613,True,2026-10-05T23:33:53,2026-10-05T23:33:53,2026-10-05T23:33:53
6613,朋億,2025-05-05,172.0,-4.0,-2.27%,,,,,,,,,ShowDailyK_ChartFlow,FinMind_API_TaiwanStockPrice_6613,True,2026-10-05T23:33:53,2026-10-05T23:33:53,2026-10-05T23:33:53
6613,朋億,2025-05-06,172.5,0.5,0.29%,,,,,,,,,ShowDailyK_ChartFlow,FinMind_API_TaiwanStockPrice_6613,True,2026-10-05T23:33:53,2026-10-05T23:33:53,2026-10-05T23:33:53
6613,朋億,2025-05-07,170.5,-2.0,-1.16%,,,,,,,,,ShowDailyK_ChartFlow,FinMind_API_TaiwanStockPrice_6613,True,2026-10-05T23:33:53,2026-10-05T23:33:53,2026-10-05T23:33:53
6613,朋億,2025-05-08,173.0,2.5,1.47%,,,,,,,,,ShowDailyK_ChartFlow,FinMind_API_TaiwanStockPrice_6613,True,2026-10-05T23:33:53,2026-10-05T23:33:53,2026-10-05T23:33:53
6613,朋億,2025-05-09,175.5,2.5,1.45%,,,,,,,,,ShowDailyK_ChartFlow,FinMind_API_TaiwanStockPrice_6613,True,2026-10-05T23:33:53,2026-10-05T23:33:53,2026-10-05T23:33:53
6613,朋億,2025-05-12,168.5,-7.0,-3.99%,,,,,,,,,ShowDailyK_ChartFlow,FinMind_API_TaiwanStockPrice_6613,True,2026-10-05T23:33:53,2026-10-05T23:33:53,2026-10-05T23:33:53
6613,朋億,2025-05-13,168.5,0.0,0.00%,,,,,,,,,ShowDailyK_ChartFlow,FinMind_API_TaiwanStockPrice_6613,True,2026-10-05T23:33:53,2026-10-05T23:33:53,2026-10-05T23:33:53
6613,朋億,2025-05-14,169.5,1.0,0.59%,,,,,,,,,ShowDailyK_ChartFlow,FinMind_API_TaiwanStockPrice_6613,True,2026-10-05T23:33:53,2026-10-05T23:33:53,2026-10-05T23:33:53
6613,朋億,2025-05-15,168.0,-1.5,-0.88%,,,,,,,,,ShowDailyK_ChartFlow,FinMind_API_TaiwanStockPrice_6613,True,2026-10-05T23:33:53,2026-10-05T23:33:53,2026-10-05T23:33:53
6613,朋億,2025-05-16,169.5,1.5,0.89%,,,,,,,,,ShowDailyK_ChartFlow,FinMind_API_TaiwanStockPrice_6613,True,2026-10-05T23:33:53,2026-10-05T23:33:53,2026-10-05T23:33:53
6613,朋億,2025-05-19,165.0,-4.5,-2.65%,,,,,,,,,ShowDailyK_ChartFlow,FinMind_API_TaiwanStockPrice_6613,True,2026-10-05T23:33:53,2026-10-05T23:33:53,2026-10-05T23:33:53
6613,朋億,2025-05-20,163.5,-1.5,-0.91%,,,,,,,,,ShowDailyK_ChartFlow,FinMind_API_TaiwanStockPrice_6613,True,2026-10-05T23:33:53,2026-10-05T23:33:53,2026-10-05T23:33:53
6613,朋億,2025-05-21,167.0,3.5,2.14%,,,,,,,,,ShowDailyK_ChartFlow,FinMind_API_TaiwanStockPrice_6613,True,2026-10-05T23:33:53,2026-10-05T23:33:53,2026-10-05T23:33:53
6613,朋億,2025-05-22,165.5,-1.5,-0.90%,,,,,,,,,ShowDailyK_ChartFlow,FinMind_API_TaiwanStockPrice_6613,True,2026-10-05T23:33:53,2026-10-05T23:33:53,2026-10-05T23:33:53
6613,朋億,2025-05-23,168.5,3.0,1.81%,,,,,,,,,ShowDailyK_ChartFlow,FinMind_API_TaiwanStockPrice_6613,True,2026-10-05T23:33:53,2026-10-05T23:33:53,2026-10-05T23:33:53
6613,朋億,2025-05-26,169.5,1.0,0.59%,,,,,,,,,ShowDailyK_ChartFlow,FinMind_API_TaiwanStockPrice_6613,True,2026-10-05T23:33:53,2026-10-05T23:33:53,2026-10-05T23:33:53
6613,朋億,2025-05-27,167.0,-2.5,-1.47%,,,,,,,,,ShowDailyK_ChartFlow,FinMind_API_TaiwanStockPrice_6613,True,2026-10-05T23:33:53,2026-10-05T23:33:53,2026-10-05T23:33:53
6613,朋億,2025-05-28,164.5,-2.5,-1.50%,,,,,,,,,ShowDailyK_ChartFlow,FinMind_API_TaiwanStockPrice_6613,True,2026-10-05T23:33:53,2026-10-05T23:33:53,2026-10-05T23:33:53
6613,朋億,2025-05-29,167.0,2.5,1.52%,,,,,,,,,ShowDailyK_ChartFlow,FinMind_API_TaiwanStockPrice_6613,True,2026-10-05T23:33:53,2026-10-05T23:33:53,2026-10-05T23:33:53
6613,朋億,2025-06-02,164.0,-3.0,-1.80%,,,,,,,,,ShowDailyK_ChartFlow,FinMind_API_TaiwanStockPrice_6613,True,2026-10-05T23:33:53,2026-10-05T23:33:53,2026-10-05T23:33:53
6613,朋億,2025-06-03,164.0,0.0,0.00%,,,,,,,,,ShowDailyK_ChartFlow,FinMind_API_TaiwanStockPrice_6613,True,2026-10-05T23:33:53,2026-10-05T23:33:53,2026-10-05T23:33:53
6613,朋億,2025-06-04,166.5,2.5,1.52%,,,,,,,,,ShowDailyK_ChartFlow,FinMind_API_TaiwanStockPrice_6613,True,2026-10-05T23:33:53,2026-10-05T23:33:53,2026-10-05T23:33:53
6613,朋億,2025-06-05,167.0,0.5,0.30%,,,,,,,,,ShowDailyK_ChartFlow,FinMind_API_TaiwanStockPrice_6613,True,2026-10-05T23:33:53,2026-10-05T23:33:53,2026-10-05T23:33:53
6613,朋億,2025-06-06,169.5,2.5,1.50%,,,,,,,,,ShowDailyK_ChartFlow,FinMind_API_TaiwanStockPrice_6613,True,2026-10-05T23:33:53,2026-10-05T23:33:53,2026-10-05T23:33:53
6613,朋億,2025-06-09,177.0,7.5,4.42%,,,,,,,,,ShowDailyK_ChartFlow,FinMind_API_TaiwanStockPrice_6613,True,2026-10-05T23:33:53,2026-10-05T23:33:53,2026-10-05T23:33:53
6613,朋億,2025-06-10,173.0,-4.0,-2.26%,,,,,,,,,ShowDailyK_ChartFlow,FinMind_API_TaiwanStockPrice_6613,True,2026-10-05T23:33:53,2026-10-05T23:33:53,2026-10-05T23:33:53
6613,朋億,2025-06-11,170.0,-3.0,-1.73%,,,,,,,,,ShowDailyK_ChartFlow,FinMind_API_TaiwanStockPrice_6613,True,2026-10-05T23:33:53,2026-10-05T23:33:53,2026-10-05T23:33:53
6613,朋億,2025-06-12,169.5,-0.5,-0.29%,,,,,,,,,ShowDailyK_ChartFlow,FinMind_API_TaiwanStockPrice_6613,True,2026-10-05T23:33:53,2026-10-05T23:33:53,2026-10-05T23:33:53
6613,朋億,2025-06-13,167.0,-2.5,-1.47%,,,,,,,,,ShowDailyK_ChartFlow,FinMind_API_TaiwanStockPrice_6613,True,2026-10-05T23:33:53,2026-10-05T23:33:53,2026-10-05T23:33:53
6613,朋億,2025-06-16,163.5,-3.5,-2.10%,,,,,,,,,ShowDailyK_ChartFlow,FinMind_API_TaiwanStockPrice_6613,True,2026-10-05T23:33:53,2026-10-05T23:33:53,2026-10-05T23:33:53
6613,朋億,2025-06-17,164.0,0.5,0.31%,,,,,,,,,ShowDailyK_ChartFlow,FinMind_API_TaiwanStockPrice_6613,True,2026-10-05T23:33:53,2026-10-05T23:33:53,2026-10-05T23:33:53
6613,朋億,2025-06-18,164.0,0.0,0.00%,,,,,,,,,ShowDailyK_ChartFlow,FinMind_API_TaiwanStockPrice_6613,True,2026-10-05T23:33:53,2026-10-05T23:33:53,2026-10-05T23:33:53
6613,朋億,2025-06-19,163.0,-1.0,-0.61%,,,,,,,,,ShowDailyK_ChartFlow,FinMind_API_TaiwanStockPrice_6613,True,2026-10-05T23:33:53,2026-10-05T23:33:53,2026-10-05T23:33:53
6613,朋億,2025-06-20,161.5,-1.5,-0.92%,,,,,,,,,ShowDailyK_ChartFlow,FinMind_API_TaiwanStockPrice_6613,True,2026-10-05T23:33:53,2026-10-05T23:33:53,2026-10-05T23:33:53
6613,朋億,2025-06-23,163.0,1.5,0.93%,,,,,,,,,ShowDailyK_ChartFlow,FinMind_API_TaiwanStockPrice_6613,True,2026-10-05T23:33:53,2026-10-05T23:33:53,2026-10-05T23:33:53
6613,朋億,2025-06-24,165.5,2.5,1.53%,,,,,,,,,ShowDailyK_ChartFlow,FinMind_API_TaiwanStockPrice_6613,True,2026-10-05T23:33:53,2026-10-05T23:33:53,2026-10-05T23:33:53
6613,朋億,2025-06-25,171.0,5.5,3.32%,,,,,,,,,ShowDailyK_ChartFlow,FinMind_API_TaiwanStockPrice_6613,True,2026-10-05T23:33:53,2026-10-05T23:33:53,2026-10-05T23:33:53
6613,朋億,2025-06-26,169.0,-2.0,-1.17%,,,,,,,,,ShowDailyK_ChartFlow,FinMind_API_TaiwanStockPrice_6613,True,2026-10-05T23:33:53,2026-10-05T23:33:53,2026-10-05T23:33:53
6613,朋億,2025-06-27,160.5,-8.5,-5.03%,,,,,,,,,ShowDailyK_ChartFlow,FinMind_API_TaiwanStockPrice_6613,True,2026-10-05T23:33:53,2026-10-05T23:33:53,2026-10-05T23:33:53
6613,朋億,2025-06-30,159.0,-1.5,-0.93%,,,,,,,,,ShowDailyK_ChartFlow,FinMind_API_TaiwanStockPrice_6613,True,2026-10-05T23:33:53,2026-10-05T23:33:53,2026-10-05T23:33:53
6613,朋億,2025-07-01,159.5,0.5,0.31%,,,,,,,,,ShowDailyK_ChartFlow,FinMind_API_TaiwanStockPrice_6613,True,2026-10-05T23:33:53,2026-10-05T23:33:53,2026-10-05T23:33:53
6613,朋億,2025-07-02,160.0,0.5,0.31%,,,,,,,,,ShowDailyK_ChartFlow,FinMind_API_TaiwanStockPrice_6613,True,2026-10-05T23:33:53,2026-10-05T23:33:53,2026-10-05T23:33:53
6613,朋億,2025-07-03,161.0,1.0,0.62%,,,,,,,,,ShowDailyK_ChartFlow,FinMind_API_TaiwanStockPrice_6613,True,2026-10-05T23:33:53,2026-10-05T23:33:53,2026-10-05T23:33:53
6613,朋億,2025-07-04,159.0,-2.0,-1.24%,,,,,,,,,ShowDailyK_ChartFlow,FinMind_API_TaiwanStockPrice_6613,True,2026-10-05T23:33:53,2026-10-05T23:33:53,2026-10-05T23:33:53
6613,朋億,2025-07-07,158.0,-1.0,-0.63%,,,,,,,,,ShowDailyK_ChartFlow,FinMind_API_TaiwanStockPrice_6613,True,2026-10-05T23:33:53,2026-10-05T23:33:53,2026-10-05T23:33:53
6613,朋億,2025-07-08,158.5,0.5,0.32%,,,,,,,,,ShowDailyK_ChartFlow,FinMind_API_TaiwanStockPrice_6613,True,2026-10-05T23:33:53,2026-10-05T23:33:53,2026-10-05T23:33:53
6613,朋億,2025-07-09,162.5,4.0,2.52%,,,,,,,,,ShowDailyK_ChartFlow,FinMind_API_TaiwanStockPrice_6613,True,2026-10-05T23:33:53,2026-10-05T23:33:53,2026-10-05T23:33:53
6613,朋億,2025-07-10,170.0,7.5,4.62%,,,,,,,,,ShowDailyK_ChartFlow,FinMind_API_TaiwanStockPrice_6613,True,2026-10-05T23:33:53,2026-10-05T23:33:53,2026-10-05T23:33:53
6613,朋億,2025-07-11,177.5,7.5,4.41%,,,,,,,,,ShowDailyK_ChartFlow,FinMind_API_TaiwanStockPrice_6613,True,2026-10-05T23:33:53,2026-10-05T23:33:53,2026-10-05T23:33:53
6613,朋億,2025-07-14,185.0,7.5,4.23%,,,,,,,,,ShowDailyK_ChartFlow,FinMind_API_TaiwanStockPrice_6613,True,2026-10-05T23:33:53,2026-10-05T23:33:53,2026-10-05T23:33:53
6613,朋億,2025-07-15,186.5,1.5,0.81%,,,,,,,,,ShowDailyK_ChartFlow,FinMind_API_TaiwanStockPrice_6613,True,2026-10-05T23:33:53,2026-10-05T23:33:53,2026-10-05T23:33:53
6613,朋億,2025-07-16,185.0,-1.5,-0.80%,,,,,,,,,ShowDailyK_ChartFlow,FinMind_API_TaiwanStockPrice_6613,True,2026-10-05T23:33:53,2026-10-05T23:33:53,2026-10-05T23:33:53
6613,朋億,2025-07-17,192.0,7.0,3.78%,,,,,,,,,ShowDailyK_ChartFlow,FinMind_API_TaiwanStockPrice_6613,True,2026-10-05T23:33:53,2026-10-05T23:33:53,2026-10-05T23:33:53
6613,朋億,2025-07-18,188.0,-4.0,-2.08%,,,,,,,,,ShowDailyK_ChartFlow,FinMind_API_TaiwanStockPrice_6613,True,2026-10-05T23:33:53,2026-10-05T23:33:53,2026-10-05T23:33:53
6613,朋億,2025-07-21,187.0,-1.0,-0.53%,,,,,,,,,ShowDailyK_ChartFlow,FinMind_API_TaiwanStockPrice_6613,True,2026-10-05T23:33:53,2026-10-05T23:33:53,2026-10-05T23:33:53
6613,朋億,2025-07-22,180.0,-7.0,-3.74%,,,,,,,,,ShowDailyK_ChartFlow,FinMind_API_TaiwanStockPrice_6613,True,2026-10-05T23:33:53,2026-10-05T23:33:53,2026-10-05T23:33:53
6613,朋億,2025-07-23,181.5,1.5,0.83%,,,,,,,,,ShowDailyK_ChartFlow,FinMind_API_TaiwanStockPrice_6613,True,2026-10-05T23:33:53,2026-10-05T23:33:53,2026-10-05T23:33:53
6613,朋億,2025-07-24,182.0,0.5,0.28%,,,,,,,,,ShowDailyK_ChartFlow,FinMind_API_TaiwanStockPrice_6613,True,2026-10-05T23:33:53,2026-10-05T23:33:53,2026-10-05T23:33:53
6613,朋億,2025-07-25,181.0,-1.0,-0.55%,,,,,,,,,ShowDailyK_ChartFlow,FinMind_API_TaiwanStockPrice_6613,True,2026-10-05T23:33:53,2026-10-05T23:33:53,2026-10-05T23:33:53
6613,朋億,2025-07-28,180.0,-1.0,-0.55%,,,,,,,,,ShowDailyK_ChartFlow,FinMind_API_TaiwanStockPrice_6613,True,2026-10-05T23:33:53,2026-10-05T23:33:53,2026-10-05T23:33:53
6613,朋億,2025-07-29,175.5,-4.5,-2.50%,,,,,,,,,ShowDailyK_ChartFlow,FinMind_API_TaiwanStockPrice_6613,True,2026-10-05T23:33:53,2026-10-05T23:33:53,2026-10-05T23:33:53
6613,朋億,2025-07-30,174.5,-1.0,-0.57%,,,,,,,,,ShowDailyK_ChartFlow,FinMind_API_TaiwanStockPrice_6613,True,2026-10-05T23:33:53,2026-10-05T23:33:53,2026-10-05T23:33:53
6613,朋億,2025-07-31,172.5,-2.0,-1.15%,,,,,,,,,ShowDailyK_ChartFlow,FinMind_API_TaiwanStockPrice_6613,True,2026-10-05T23:33:53,2026-10-05T23:33:53,2026-10-05T23:33:53
6613,朋億,2025-08-01,178.0,5.5,3.19%,,,,,,,,,ShowDailyK_ChartFlow,FinMind_API_TaiwanStockPrice_6613,True,2026-10-05T23:33:53,2026-10-05T23:33:53,2026-10-05T23:33:53
6613,朋億,2025-08-04,177.0,-1.0,-0.56%,,,,,,,,,ShowDailyK_ChartFlow,FinMind_API_TaiwanStockPrice_6613,True,2026-10-05T23:33:53,2026-10-05T23:33:53,2026-10-05T23:33:53
6613,朋億,2025-08-05,179.5,2.5,1.41%,,,,,,,,,ShowDailyK_ChartFlow,FinMind_API_TaiwanStockPrice_6613,True,2026-10-05T23:33:53,2026-10-05T23:33:53,2026-10-05T23:33:53
6613,朋億,2025-08-06,175.0,-4.5,-2.51%,,,,,,,,,ShowDailyK_ChartFlow,FinMind_API_TaiwanStockPrice_6613,True,2026-10-05T23:33:53,2026-10-05T23:33:53,2026-10-05T23:33:53
6613,朋億,2025-08-07,185.5,10.5,6.00%,,,,,,,,,ShowDailyK_ChartFlow,FinMind_API_TaiwanStockPrice_6613,True,2026-10-05T23:33:53,2026-10-05T23:33:53,2026-10-05T23:33:53
6613,朋億,2025-08-08,185.5,0.0,0.00%,,,,,,,,,ShowDailyK_ChartFlow,FinMind_API_TaiwanStockPrice_6613,True,2026-10-05T23:33:53,2026-10-05T23:33:53,2026-10-05T23:33:53
6613,朋億,2025-08-11,183.0,-2.5,-1.35%,,,,,,,,,ShowDailyK_ChartFlow,FinMind_API_TaiwanStockPrice_6613,True,2026-10-05T23:33:53,2026-10-05T23:33:53,2026-10-05T23:33:53
6613,朋億,2025-08-12,185.0,2.0,1.09%,,,,,,,,,ShowDailyK_ChartFlow,FinMind_API_TaiwanStockPrice_6613,True,2026-10-05T23:33:53,2026-10-05T23:33:53,2026-10-05T23:33:53
6613,朋億,2025-08-13,186.0,1.0,0.54%,,,,,,,,,ShowDailyK_ChartFlow,FinMind_API_TaiwanStockPrice_6613,True,2026-10-05T23:33:53,2026-10-05T23:33:53,2026-10-05T23:33:53
6613,朋億,2025-08-14,186.5,0.5,0.27%,,,,,,,,,ShowDailyK_ChartFlow,FinMind_API_TaiwanStockPrice_6613,True,2026-10-05T23:33:53,2026-10-05T23:33:53,2026-10-05T23:33:53
6613,朋億,2025-08-15,193.5,7.0,3.75%,,,,,,,,,ShowDailyK_ChartFlow,FinMind_API_TaiwanStockPrice_6613,True,2026-10-05T23:33:53,2026-10-05T23:33:53,2026-10-05T23:33:53
6613,朋億,2025-08-18,200.0,6.5,3.36%,,,,,,,,,ShowDailyK_ChartFlow,FinMind_API_TaiwanStockPrice_6613,True,2026-10-05T23:33:53,2026-10-05T23:33:53,2026-10-05T23:33:53
6613,朋億,2025-08-19,198.5,-1.5,-0.75%,,,,,,,,,ShowDailyK_ChartFlow,FinMind_API_TaiwanStockPrice_6613,True,2026-10-05T23:33:53,2026-10-05T23:33:53,2026-10-05T23:33:53
6613,朋億,2025-08-20,193.0,-5.5,-2.77%,,,,,,,,,ShowDailyK_ChartFlow,FinMind_API_TaiwanStockPrice_6613,True,2026-10-05T23:33:53,2026-10-05T23:33:53,2026-10-05T23:33:53
6613,朋億,2025-08-21,197.0,4.0,2.07%,,,,,,,,,ShowDailyK_ChartFlow,FinMind_API_TaiwanStockPrice_6613,True,2026-10-05T23:33:53,2026-10-05T23:33:53,2026-10-05T23:33:53
6613,朋億,2025-08-22,195.0,-2.0,-1.02%,,,,,,,,,ShowDailyK_ChartFlow,FinMind_API_TaiwanStockPrice_6613,True,2026-10-05T23:33:53,2026-10-05T23:33:53,2026-10-05T23:33:53
6613,朋億,2025-08-25,196.0,1.0,0.51%,,,,,,,,,ShowDailyK_ChartFlow,FinMind_API_TaiwanStockPrice_6613,True,2026-10-05T23:33:53,2026-10-05T23:33:53,2026-10-05T23:33:53
6613,朋億,2025-08-26,197.0,1.0,0.51%,,,,,,,,,ShowDailyK_ChartFlow,FinMind_API_TaiwanStockPrice_6613,True,2026-10-05T23:33:53,2026-10-05T23:33:53,2026-10-05T23:33:53
6613,朋億,2025-08-27,205.0,8.0,4.06%,,,,,,,,,ShowDailyK_ChartFlow,FinMind_API_TaiwanStockPrice_6613,True,2026-10-05T23:33:53,2026-10-05T23:33:53,2026-10-05T23:33:53
6613,朋億,2025-08-28,212.0,7.0,3.41%,,,,,,,,,ShowDailyK_ChartFlow,FinMind_API_TaiwanStockPrice_6613,True,2026-10-05T23:33:53,2026-10-05T23:33:53,2026-10-05T23:33:53
6613,朋億,2025-08-29,222.0,10.0,4.72%,,,,,,,,,ShowDailyK_ChartFlow,FinMind_API_TaiwanStockPrice_6613,True,2026-10-05T23:33:53,2026-10-05T23:33:53,2026-10-05T23:33:53
6613,朋億,2025-09-01,220.0,-2.0,-0.90%,,,,,,,,,ShowDailyK_ChartFlow,FinMind_API_TaiwanStockPrice_6613,True,2026-10-05T23:33:53,2026-10-05T23:33:53,2026-10-05T23:33:53
6613,朋億,2025-09-02,214.5,-5.5,-2.50%,,,,,,,,,ShowDailyK_ChartFlow,FinMind_API_TaiwanStockPrice_6613,True,2026-10-05T23:33:53,2026-10-05T23:33:53,2026-10-05T23:33:53
6613,朋億,2025-09-03,211.5,-3.0,-1.40%,,,,,,,,,ShowDailyK_ChartFlow,FinMind_API_TaiwanStockPrice_6613,True,2026-10-05T23:33:53,2026-10-05T23:33:53,2026-10-05T23:33:53
6613,朋億,2025-09-04,210.0,-1.5,-0.71%,,,,,,,,,ShowDailyK_ChartFlow,FinMind_API_TaiwanStockPrice_6613,True,2026-10-05T23:33:53,2026-10-05T23:33:53,2026-10-05T23:33:53
6613,朋億,2025-09-05,213.5,3.5,1.67%,,,,,,,,,ShowDailyK_ChartFlow,FinMind_API_TaiwanStockPrice_6613,True,2026-10-05T23:33:53,2026-10-05T23:33:53,2026-10-05T23:33:53
6613,朋億,2025-09-08,215.0,1.5,0.70%,,,,,,,,,ShowDailyK_ChartFlow,FinMind_API_TaiwanStockPrice_6613,True,2026-10-05T23:33:53,2026-10-05T23:33:53,2026-10-05T23:33:53
6613,朋億,2025-09-09,216.5,1.5,0.70%,,,,,,,,,ShowDailyK_ChartFlow,FinMind_API_TaiwanStockPrice_6613,True,2026-10-05T23:33:53,2026-10-05T23:33:53,2026-10-05T23:33:53
6613,朋億,2025-09-10,202.0,-14.5,-6.70%,,,,,,,,,ShowDailyK_ChartFlow,FinMind_API_TaiwanStockPrice_6613,True,2026-10-05T23:33:53,2026-10-05T23:33:53,2026-10-05T23:33:53
6613,朋億,2025-09-11,195.5,-6.5,-3.22%,,,,,,,,,ShowDailyK_ChartFlow,FinMind_API_TaiwanStockPrice_6613,True,2026-10-05T23:33:53,2026-10-05T23:33:53,2026-10-05T23:33:53
6613,朋億,2025-09-12,192.0,-3.5,-1.79%,,,,,,,,,ShowDailyK_ChartFlow,FinMind_API_TaiwanStockPrice_6613,True,2026-10-05T23:33:53,2026-10-05T23:33:53,2026-10-05T23:33:53
6613,朋億,2025-09-15,187.0,-5.0,-2.60%,,,,,,,,,ShowDailyK_ChartFlow,FinMind_API_TaiwanStockPrice_6613,True,2026-10-05T23:33:53,2026-10-05T23:33:53,2026-10-05T23:33:53
6613,朋億,2025-09-16,188.0,1.0,0.53%,,,,,,,,,ShowDailyK_ChartFlow,FinMind_API_TaiwanStockPrice_6613,True,2026-10-05T23:33:53,2026-10-05T23:33:53,2026-10-05T23:33:53
6613,朋億,2025-09-17,179.0,-9.0,-4.79%,,,,,,,,,ShowDailyK_ChartFlow,FinMind_API_TaiwanStockPrice_6613,True,2026-10-05T23:33:53,2026-10-05T23:33:53,2026-10-05T23:33:53
6613,朋億,2025-09-18,181.5,2.5,1.40%,,,,,,,,,ShowDailyK_ChartFlow,FinMind_API_TaiwanStockPrice_6613,True,2026-10-05T23:33:53,2026-10-05T23:33:53,2026-10-05T23:33:53
6613,朋億,2025-09-19,179.0,-2.5,-1.38%,,,,,,,,,ShowDailyK_ChartFlow,FinMind_API_TaiwanStockPrice_6613,True,2026-10-05T23:33:53,2026-10-05T23:33:53,2026-10-05T23:33:53
6613,朋億,2025-09-22,179.5,0.5,0.28%,,,,,,,,,ShowDailyK_ChartFlow,FinMind_API_TaiwanStockPrice_6613,True,2026-10-05T23:33:53,2026-10-05T23:33:53,2026-10-05T23:33:53
6613,朋億,2025-09-23,180.5,1.0,0.56%,,,,,,,,,ShowDailyK_ChartFlow,FinMind_API_TaiwanStockPrice_6613,True,2026-10-05T23:33:53,2026-10-05T23:33:53,2026-10-05T23:33:53
6613,朋億,2025-09-24,179.5,-1.0,-0.55%,,,,,,,,,ShowDailyK_ChartFlow,FinMind_API_TaiwanStockPrice_6613,True,2026-10-05T23:33:53,2026-10-05T23:33:53,2026-10-05T23:33:53
6613,朋億,2025-09-25,178.5,-1.0,-0.56%,,,,,,,,,ShowDailyK_ChartFlow,FinMind_API_TaiwanStockPrice_6613,True,2026-10-05T23:33:53,2026-10-05T23:33:53,2026-10-05T23:33:53
6613,朋億,2025-09-26,175.5,-3.0,-1.68%,,,,,,,,,ShowDailyK_ChartFlow,FinMind_API_TaiwanStockPrice_6613,True,2026-10-05T23:33:53,2026-10-05T23:33:53,2026-10-05T23:33:53
6613,朋億,2025-09-30,178.0,2.5,1.42%,,,,,,,,,ShowDailyK_ChartFlow,FinMind_API_TaiwanStockPrice_6613,True,2026-10-05T23:33:53,2026-10-05T23:33:53,2026-10-05T23:33:53
6613,朋億,2025-10-01,177.5,-0.5,-0.28%,,,,,,,,,ShowDailyK_ChartFlow,FinMind_API_TaiwanStockPrice_6613,True,2026-10-05T23:33:53,2026-10-05T23:33:53,2026-10-05T23:33:53
6613,朋億,2025-10-02,179.5,2.0,1.13%,,,,,,,,,ShowDailyK_ChartFlow,FinMind_API_TaiwanStockPrice_6613,True,2026-10-05T23:33:53,2026-10-05T23:33:53,2026-10-05T23:33:53
6613,朋億,2025-10-03,177.0,-2.5,-1.39%,,,,,,,,,ShowDailyK_ChartFlow,FinMind_API_TaiwanStockPrice_6613,True,2026-10-05T23:33:53,2026-10-05T23:33:53,2026-10-05T23:33:53
6613,朋億,2025-10-07,179.0,2.0,1.13%,,,,,,,,,ShowDailyK_ChartFlow,FinMind_API_TaiwanStockPrice_6613,True,2026-10-05T23:33:53,2026-10-05T23:33:53,2026-10-05T23:33:53
6613,朋億,2025-10-08,178.5,-0.5,-0.28%,,,,,,,,,ShowDailyK_ChartFlow,FinMind_API_TaiwanStockPrice_6613,True,2026-10-05T23:33:53,2026-10-05T23:33:53,2026-10-05T23:33:53
6613,朋億,2025-10-09,176.0,-2.5,-1.40%,,,,,,,,,ShowDailyK_ChartFlow,FinMind_API_TaiwanStockPrice_6613,True,2026-10-05T23:33:53,2026-10-05T23:33:53,2026-10-05T23:33:53
6613,朋億,2025-10-13,172.0,-4.0,-2.27%,,,,,,,,,ShowDailyK_ChartFlow,FinMind_API_TaiwanStockPrice_6613,True,2026-10-05T23:33:53,2026-10-05T23:33:53,2026-10-05T23:33:53
6613,朋億,2025-10-14,170.5,-1.5,-0.87%,,,,,,,,,ShowDailyK_ChartFlow,FinMind_API_TaiwanStockPrice_6613,True,2026-10-05T23:33:53,2026-10-05T23:33:53,2026-10-05T23:33:53
6613,朋億,2025-10-15,175.5,5.0,2.93%,,,,,,,,,ShowDailyK_ChartFlow,FinMind_API_TaiwanStockPrice_6613,True,2026-10-05T23:33:53,2026-10-05T23:33:53,2026-10-05T23:33:53
6613,朋億,2025-10-16,175.0,-0.5,-0.28%,,,,,,,,,ShowDailyK_ChartFlow,FinMind_API_TaiwanStockPrice_6613,True,2026-10-05T23:33:53,2026-10-05T23:33:53,2026-10-05T23:33:53
6613,朋億,2025-10-17,171.5,-3.5,-2.00%,,,,,,,,,ShowDailyK_ChartFlow,FinMind_API_TaiwanStockPrice_6613,True,2026-10-05T23:33:53,2026-10-05T23:33:53,2026-10-05T23:33:53
6613,朋億,2025-10-20,171.5,0.0,0.00%,,,,,,,,,ShowDailyK_ChartFlow,FinMind_API_TaiwanStockPrice_6613,True,2026-10-05T23:33:53,2026-10-05T23:33:53,2026-10-05T23:33:53
6613,朋億,2025-10-21,171.5,0.0,0.00%,,,,,,,,,ShowDailyK_ChartFlow,FinMind_API_TaiwanStockPrice_6613,True,2026-10-05T23:33:53,2026-10-05T23:33:53,2026-10-05T23:33:53
6613,朋億,2025-10-22,172.5,1.0,0.58%,,,,,,,,,ShowDailyK_ChartFlow,FinMind_API_TaiwanStockPrice_6613,True,2026-10-05T23:33:53,2026-10-05T23:33:53,2026-10-05T23:33:53
6613,朋億,2025-10-23,171.5,-1.0,-0.58%,,,,,,,,,ShowDailyK_ChartFlow,FinMind_API_TaiwanStockPrice_6613,True,2026-10-05T23:33:53,2026-10-05T23:33:53,2026-10-05T23:33:53
6613,朋億,2025-10-27,170.0,-1.5,-0.87%,,,,,,,,,ShowDailyK_ChartFlow,FinMind_API_TaiwanStockPrice_6613,True,2026-10-05T23:33:53,2026-10-05T23:33:53,2026-10-05T23:33:53
6613,朋億,2025-10-28,168.0,-2.0,-1.18%,,,,,,,,,ShowDailyK_ChartFlow,FinMind_API_TaiwanStockPrice_6613,True,2026-10-05T23:33:53,2026-10-05T23:33:53,2026-10-05T23:33:53
6613,朋億,2025-10-29,170.5,2.5,1.49%,,,,,,,,,ShowDailyK_ChartFlow,FinMind_API_TaiwanStockPrice_6613,True,2026-10-05T23:33:53,2026-10-05T23:33:53,2026-10-05T23:33:53
6613,朋億,2025-10-30,171.5,1.0,0.59%,,,,,,,,,ShowDailyK_ChartFlow,FinMind_API_TaiwanStockPrice_6613,True,2026-10-05T23:33:53,2026-10-05T23:33:53,2026-10-05T23:33:53
6613,朋億,2025-10-31,172.0,0.5,0.29%,,,,,,,,,ShowDailyK_ChartFlow,FinMind_API_TaiwanStockPrice_6613,True,2026-10-05T23:33:53,2026-10-05T23:33:53,2026-10-05T23:33:53
6613,朋億,2025-11-03,170.5,-1.5,-0.87%,,,,,,,,,ShowDailyK_ChartFlow,FinMind_API_TaiwanStockPrice_6613,True,2026-10-05T23:33:53,2026-10-05T23:33:53,2026-10-05T23:33:53
6613,朋億,2025-11-04,170.0,-0.5,-0.29%,,,,,,,,,ShowDailyK_ChartFlow,FinMind_API_TaiwanStockPrice_6613,True,2026-10-05T23:33:53,2026-10-05T23:33:53,2026-10-05T23:33:53
6613,朋億,2025-11-05,168.5,-1.5,-0.88%,,,,,,,,,ShowDailyK_ChartFlow,FinMind_API_TaiwanStockPrice_6613,True,2026-10-05T23:33:53,2026-10-05T23:33:53,2026-10-05T23:33:53
6613,朋億,2025-11-06,166.5,-2.0,-1.19%,,,,,,,,,ShowDailyK_ChartFlow,FinMind_API_TaiwanStockPrice_6613,True,2026-10-05T23:33:53,2026-10-05T23:33:53,2026-10-05T23:33:53
6613,朋億,2025-11-07,178.0,11.5,6.91%,,,,,,,,,ShowDailyK_ChartFlow,FinMind_API_TaiwanStockPrice_6613,True,2026-10-05T23:33:53,2026-10-05T23:33:53,2026-10-05T23:33:53
6613,朋億,2025-11-10,171.0,-7.0,-3.93%,,,,,,,,,ShowDailyK_ChartFlow,FinMind_API_TaiwanStockPrice_6613,True,2026-10-05T23:33:53,2026-10-05T23:33:53,2026-10-05T23:33:53
6613,朋億,2025-11-11,170.5,-0.5,-0.29%,,,,,,,,,ShowDailyK_ChartFlow,FinMind_API_TaiwanStockPrice_6613,True,2026-10-05T23:33:53,2026-10-05T23:33:53,2026-10-05T23:33:53
6613,朋億,2025-11-12,171.0,0.5,0.29%,,,,,,,,,ShowDailyK_ChartFlow,FinMind_API_TaiwanStockPrice_6613,True,2026-10-05T23:33:53,2026-10-05T23:33:53,2026-10-05T23:33:53
6613,朋億,2025-11-13,178.5,7.5,4.39%,,,,,,,,,ShowDailyK_ChartFlow,FinMind_API_TaiwanStockPrice_6613,True,2026-10-05T23:33:53,2026-10-05T23:33:53,2026-10-05T23:33:53
6613,朋億,2025-11-14,171.5,-7.0,-3.92%,,,,,,,,,ShowDailyK_ChartFlow,FinMind_API_TaiwanStockPrice_6613,True,2026-10-05T23:33:53,2026-10-05T23:33:53,2026-10-05T23:33:53
6613,朋億,2025-11-17,172.0,0.5,0.29%,,,,,,,,,ShowDailyK_ChartFlow,FinMind_API_TaiwanStockPrice_6613,True,2026-10-05T23:33:53,2026-10-05T23:33:53,2026-10-05T23:33:53
6613,朋億,2025-11-18,167.0,-5.0,-2.91%,,,,,,,,,ShowDailyK_ChartFlow,FinMind_API_TaiwanStockPrice_6613,True,2026-10-05T23:33:53,2026-10-05T23:33:53,2026-10-05T23:33:53
6613,朋億,2025-11-19,167.0,0.0,0.00%,,,,,,,,,ShowDailyK_ChartFlow,FinMind_API_TaiwanStockPrice_6613,True,2026-10-05T23:33:53,2026-10-05T23:33:53,2026-10-05T23:33:53
6613,朋億,2025-11-20,171.0,4.0,2.40%,,,,,,,,,ShowDailyK_ChartFlow,FinMind_API_TaiwanStockPrice_6613,True,2026-10-05T23:33:53,2026-10-05T23:33:53,2026-10-05T23:33:53
6613,朋億,2025-11-21,168.0,-3.0,-1.75%,,,,,,,,,ShowDailyK_ChartFlow,FinMind_API_TaiwanStockPrice_6613,True,2026-10-05T23:33:53,2026-10-05T23:33:53,2026-10-05T23:33:53
6613,朋億,2025-11-24,169.0,1.0,0.60%,,,,,,,,,ShowDailyK_ChartFlow,FinMind_API_TaiwanStockPrice_6613,True,2026-10-05T23:33:53,2026-10-05T23:33:53,2026-10-05T23:33:53
6613,朋億,2025-11-25,171.0,2.0,1.18%,,,,,,,,,ShowDailyK_ChartFlow,FinMind_API_TaiwanStockPrice_6613,True,2026-10-05T23:33:53,2026-10-05T23:33:53,2026-10-05T23:33:53
6613,朋億,2025-11-26,174.5,3.5,2.05%,,,,,,,,,ShowDailyK_ChartFlow,FinMind_API_TaiwanStockPrice_6613,True,2026-10-05T23:33:53,2026-10-05T23:33:53,2026-10-05T23:33:53
6613,朋億,2025-11-27,175.5,1.0,0.57%,,,,,,,,,ShowDailyK_ChartFlow,FinMind_API_TaiwanStockPrice_6613,True,2026-10-05T23:33:53,2026-10-05T23:33:53,2026-10-05T23:33:53
6613,朋億,2025-11-28,178.0,2.5,1.42%,,,,,,,,,ShowDailyK_ChartFlow,FinMind_API_TaiwanStockPrice_6613,True,2026-10-05T23:33:53,2026-10-05T23:33:53,2026-10-05T23:33:53
6613,朋億,2025-12-01,175.0,-3.0,-1.69%,,,,,,,,,ShowDailyK_ChartFlow,FinMind_API_TaiwanStockPrice_6613,True,2026-10-05T23:33:53,2026-10-05T23:33:53,2026-10-05T23:33:53
6613,朋億,2025-12-02,173.5,-1.5,-0.86%,,,,,,,,,ShowDailyK_ChartFlow,FinMind_API_TaiwanStockPrice_6613,True,2026-10-05T23:33:53,2026-10-05T23:33:53,2026-10-05T23:33:53
6613,朋億,2025-12-03,179.5,6.0,3.46%,,,,,,,,,ShowDailyK_ChartFlow,FinMind_API_TaiwanStockPrice_6613,True,2026-10-05T23:33:53,2026-10-05T23:33:53,2026-10-05T23:33:53
6613,朋億,2025-12-04,179.5,0.0,0.00%,,,,,,,,,ShowDailyK_ChartFlow,FinMind_API_TaiwanStockPrice_6613,True,2026-10-05T23:33:53,2026-10-05T23:33:53,2026-10-05T23:33:53
6613,朋億,2025-12-05,179.0,-0.5,-0.28%,,,,,,,,,ShowDailyK_ChartFlow,FinMind_API_TaiwanStockPrice_6613,True,2026-10-05T23:33:53,2026-10-05T23:33:53,2026-10-05T23:33:53
6613,朋億,2025-12-08,183.0,4.0,2.23%,,,,,,,,,ShowDailyK_ChartFlow,FinMind_API_TaiwanStockPrice_6613,True,2026-10-05T23:33:53,2026-10-05T23:33:53,2026-10-05T23:33:53
6613,朋億,2025-12-09,181.5,-1.5,-0.82%,,,,,,,,,ShowDailyK_ChartFlow,FinMind_API_TaiwanStockPrice_6613,True,2026-10-05T23:33:53,2026-10-05T23:33:53,2026-10-05T23:33:53
6613,朋億,2025-12-10,189.0,7.5,4.13%,,,,,,,,,ShowDailyK_ChartFlow,FinMind_API_TaiwanStockPrice_6613,True,2026-10-05T23:33:53,2026-10-05T23:33:53,2026-10-05T23:33:53
6613,朋億,2025-12-11,189.5,0.5,0.26%,,,,,,,,,ShowDailyK_ChartFlow,FinMind_API_TaiwanStockPrice_6613,True,2026-10-05T23:33:53,2026-10-05T23:33:53,2026-10-05T23:33:53
6613,朋億,2025-12-12,194.0,4.5,2.37%,,,,,,,,,ShowDailyK_ChartFlow,FinMind_API_TaiwanStockPrice_6613,True,2026-10-05T23:33:53,2026-10-05T23:33:53,2026-10-05T23:33:53
6613,朋億,2025-12-15,191.5,-2.5,-1.29%,,,,,,,,,ShowDailyK_ChartFlow,FinMind_API_TaiwanStockPrice_6613,True,2026-10-05T23:33:53,2026-10-05T23:33:53,2026-10-05T23:33:53
6613,朋億,2025-12-16,192.5,1.0,0.52%,,,,,,,,,ShowDailyK_ChartFlow,FinMind_API_TaiwanStockPrice_6613,True,2026-10-05T23:33:53,2026-10-05T23:33:53,2026-10-05T23:33:53
6613,朋億,2025-12-17,193.5,1.0,0.52%,,,,,,,,,ShowDailyK_ChartFlow,FinMind_API_TaiwanStockPrice_6613,True,2026-10-05T23:33:53,2026-10-05T23:33:53,2026-10-05T23:33:53
6613,朋億,2025-12-18,191.0,-2.5,-1.29%,,,,,,,,,ShowDailyK_ChartFlow,FinMind_API_TaiwanStockPrice_6613,True,2026-10-05T23:33:53,2026-10-05T23:33:53,2026-10-05T23:33:53
6613,朋億,2025-12-19,193.5,2.5,1.31%,,,,,,,,,ShowDailyK_ChartFlow,FinMind_API_TaiwanStockPrice_6613,True,2026-10-05T23:33:53,2026-10-05T23:33:53,2026-10-05T23:33:53
6613,朋億,2025-12-22,196.0,2.5,1.29%,,,,,,,,,ShowDailyK_ChartFlow,FinMind_API_TaiwanStockPrice_6613,True,2026-10-05T23:33:53,2026-10-05T23:33:53,2026-10-05T23:33:53
6613,朋億,2025-12-23,197.0,1.0,0.51%,,,,,,,,,ShowDailyK_ChartFlow,FinMind_API_TaiwanStockPrice_6613,True,2026-10-05T23:33:53,2026-10-05T23:33:53,2026-10-05T23:33:53
6613,朋億,2025-12-24,199.0,2.0,1.02%,,,,,,,,,ShowDailyK_ChartFlow,FinMind_API_TaiwanStockPrice_6613,True,2026-10-05T23:33:53,2026-10-05T23:33:53,2026-10-05T23:33:53
6613,朋億,2025-12-26,203.5,4.5,2.26%,,,,,,,,,ShowDailyK_ChartFlow,FinMind_API_TaiwanStockPrice_6613,True,2026-10-05T23:33:53,2026-10-05T23:33:53,2026-10-05T23:33:53
6613,朋億,2025-12-29,199.0,-4.5,-2.21%,,,,,,,,,ShowDailyK_ChartFlow,FinMind_API_TaiwanStockPrice_6613,True,2026-10-05T23:33:53,2026-10-05T23:33:53,2026-10-05T23:33:53
6613,朋億,2025-12-30,202.0,3.0,1.51%,,,,,,,,,ShowDailyK_ChartFlow,FinMind_API_TaiwanStockPrice_6613,True,2026-10-05T23:33:53,2026-10-05T23:33:53,2026-10-05T23:33:53
6613,朋億,2025-12-31,201.5,-0.5,-0.25%,,,,,,,,,ShowDailyK_ChartFlow,FinMind_API_TaiwanStockPrice_6613,True,2026-10-05T23:33:53,2026-10-05T23:33:53,2026-10-05T23:33:53
6613,朋億,2026-01-02,201.5,0.0,0.00%,,,,,,,,,ShowDailyK_ChartFlow,FinMind_API_TaiwanStockPrice_6613,True,2026-10-05T23:33:53,2026-10-05T23:33:53,2026-10-05T23:33:53
6613,朋億,2026-01-05,201.5,0.0,0.00%,,,,,,,,,ShowDailyK_ChartFlow,FinMind_API_TaiwanStockPrice_6613,True,2026-10-05T23:33:53,2026-10-05T23:33:53,2026-10-05T23:33:53
6613,朋億,2026-01-06,202.5,1.0,0.50%,,,,,,,,,ShowDailyK_ChartFlow,FinMind_API_TaiwanStockPrice_6613,True,2026-10-05T23:33:53,2026-10-05T23:33:53,2026-10-05T23:33:53
6613,朋億,2026-01-07,201.5,-1.0,-0.49%,,,,,,,,,ShowDailyK_ChartFlow,FinMind_API_TaiwanStockPrice_6613,True,2026-10-05T23:33:53,2026-10-05T23:33:53,2026-10-05T23:33:53
6613,朋億,2026-01-08,200.0,-1.5,-0.74%,,,,,,,,,ShowDailyK_ChartFlow,FinMind_API_TaiwanStockPrice_6613,True,2026-10-05T23:33:53,2026-10-05T23:33:53,2026-10-05T23:33:53
6613,朋億,2026-01-09,198.5,-1.5,-0.75%,,,,,,,,,ShowDailyK_ChartFlow,FinMind_API_TaiwanStockPrice_6613,True,2026-10-05T23:33:53,2026-10-05T23:33:53,2026-10-05T23:33:53
6613,朋億,2026-01-12,192.5,-6.0,-3.02%,,,,,,,,,ShowDailyK_ChartFlow,FinMind_API_TaiwanStockPrice_6613,True,2026-10-05T23:33:53,2026-10-05T23:33:53,2026-10-05T23:33:53
6613,朋億,2026-01-13,198.5,6.0,3.12%,,,,,,,,,ShowDailyK_ChartFlow,FinMind_API_TaiwanStockPrice_6613,True,2026-10-05T23:33:53,2026-10-05T23:33:53,2026-10-05T23:33:53
6613,朋億,2026-01-14,201.0,2.5,1.26%,,,,,,,,,ShowDailyK_ChartFlow,FinMind_API_TaiwanStockPrice_6613,True,2026-10-05T23:33:53,2026-10-05T23:33:53,2026-10-05T23:33:53
6613,朋億,2026-01-15,208.5,7.5,3.73%,,,,,,,,,ShowDailyK_ChartFlow,FinMind_API_TaiwanStockPrice_6613,True,2026-10-05T23:33:53,2026-10-05T23:33:53,2026-10-05T23:33:53
6613,朋億,2026-01-16,206.5,-2.0,-0.96%,,,,,,,,,ShowDailyK_ChartFlow,FinMind_API_TaiwanStockPrice_6613,True,2026-10-05T23:33:53,2026-10-05T23:33:53,2026-10-05T23:33:53
6613,朋億,2026-01-19,200.5,-6.0,-2.91%,,,,,,,,,ShowDailyK_ChartFlow,FinMind_API_TaiwanStockPrice_6613,True,2026-10-05T23:33:53,2026-10-05T23:33:53,2026-10-05T23:33:53
6613,朋億,2026-01-20,197.5,-3.0,-1.50%,,,,,,,,,ShowDailyK_ChartFlow,FinMind_API_TaiwanStockPrice_6613,True,2026-10-05T23:33:53,2026-10-05T23:33:53,2026-10-05T23:33:53
6613,朋億,2026-01-21,193.0,-4.5,-2.28%,,,,,,,,,ShowDailyK_ChartFlow,FinMind_API_TaiwanStockPrice_6613,True,2026-10-05T23:33:53,2026-10-05T23:33:53,2026-10-05T23:33:53
6613,朋億,2026-01-22,193.0,0.0,0.00%,,,,,,,,,ShowDailyK_ChartFlow,FinMind_API_TaiwanStockPrice_6613,True,2026-10-05T23:33:53,2026-10-05T23:33:53,2026-10-05T23:33:53
6613,朋億,2026-01-23,193.5,0.5,0.26%,,,,,,,,,ShowDailyK_ChartFlow,FinMind_API_TaiwanStockPrice_6613,True,2026-10-05T23:33:53,2026-10-05T23:33:53,2026-10-05T23:33:53
6613,朋億,2026-01-26,197.0,3.5,1.81%,,,,,,,,,ShowDailyK_ChartFlow,FinMind_API_TaiwanStockPrice_6613,True,2026-10-05T23:33:53,2026-10-05T23:33:53,2026-10-05T23:33:53
6613,朋億,2026-01-27,198.0,1.0,0.51%,,,,,,,,,ShowDailyK_ChartFlow,FinMind_API_TaiwanStockPrice_6613,True,2026-10-05T23:33:53,2026-10-05T23:33:53,2026-10-05T23:33:53
6613,朋億,2026-01-28,199.5,1.5,0.76%,,,,,,,,,ShowDailyK_ChartFlow,FinMind_API_TaiwanStockPrice_6613,True,2026-10-05T23:33:53,2026-10-05T23:33:53,2026-10-05T23:33:53
6613,朋億,2026-01-29,197.0,-2.5,-1.25%,,,,,,,,,ShowDailyK_ChartFlow,FinMind_API_TaiwanStockPrice_6613,True,2026-10-05T23:33:53,2026-10-05T23:33:53,2026-10-05T23:33:53
6613,朋億,2026-01-30,193.0,-4.0,-2.03%,,,,,,,,,ShowDailyK_ChartFlow,FinMind_API_TaiwanStockPrice_6613,True,2026-10-05T23:33:53,2026-10-05T23:33:53,2026-10-05T23:33:53
6613,朋億,2026-02-02,203.0,10.0,5.18%,,,,,,,,,ShowDailyK_ChartFlow,FinMind_API_TaiwanStockPrice_6613,True,2026-10-05T23:33:53,2026-10-05T23:33:53,2026-10-05T23:33:53
6613,朋億,2026-02-03,197.5,-5.5,-2.71%,,,,,,,,,ShowDailyK_ChartFlow,FinMind_API_TaiwanStockPrice_6613,True,2026-10-05T23:33:53,2026-10-05T23:33:53,2026-10-05T23:33:53
6613,朋億,2026-02-04,195.5,-2.0,-1.01%,,,,,,,,,ShowDailyK_ChartFlow,FinMind_API_TaiwanStockPrice_6613,True,2026-10-05T23:33:53,2026-10-05T23:33:53,2026-10-05T23:33:53
6613,朋億,2026-02-05,191.0,-4.5,-2.30%,,,,,,,,,ShowDailyK_ChartFlow,FinMind_API_TaiwanStockPrice_6613,True,2026-10-05T23:33:53,2026-10-05T23:33:53,2026-10-05T23:33:53
6613,朋億,2026-02-06,191.5,0.5,0.26%,,,,,,,,,ShowDailyK_ChartFlow,FinMind_API_TaiwanStockPrice_6613,True,2026-10-05T23:33:53,2026-10-05T23:33:53,2026-10-05T23:33:53
6613,朋億,2026-02-09,190.0,-1.5,-0.78%,,,,,,,,,ShowDailyK_ChartFlow,FinMind_API_TaiwanStockPrice_6613,True,2026-10-05T23:33:53,2026-10-05T23:33:53,2026-10-05T23:33:53
6613,朋億,2026-02-10,183.5,-6.5,-3.42%,,,,,,,,,ShowDailyK_ChartFlow,FinMind_API_TaiwanStockPrice_6613,True,2026-10-05T23:33:53,2026-10-05T23:33:53,2026-10-05T23:33:53
6613,朋億,2026-02-11,184.0,0.5,0.27%,,,,,,,,,ShowDailyK_ChartFlow,FinMind_API_TaiwanStockPrice_6613,True,2026-10-05T23:33:53,2026-10-05T23:33:53,2026-10-05T23:33:53
6613,朋億,2026-02-23,194.0,10.0,5.43%,,,,,,,,,ShowDailyK_ChartFlow,FinMind_API_TaiwanStockPrice_6613,True,2026-10-05T23:33:53,2026-10-05T23:33:53,2026-10-05T23:33:53
6613,朋億,2026-02-24,199.0,5.0,2.58%,,,,,,,,,ShowDailyK_ChartFlow,FinMind_API_TaiwanStockPrice_6613,True,2026-10-05T23:33:53,2026-10-05T23:33:53,2026-10-05T23:33:53
6613,朋億,2026-02-25,205.5,6.5,3.27%,,,,,,,,,ShowDailyK_ChartFlow,FinMind_API_TaiwanStockPrice_6613,True,2026-10-05T23:33:53,2026-10-05T23:33:53,2026-10-05T23:33:53
6613,朋億,2026-02-26,204.5,-1.0,-0.49%,,,,,,,,,ShowDailyK_ChartFlow,FinMind_API_TaiwanStockPrice_6613,True,2026-10-05T23:33:53,2026-10-05T23:33:53,2026-10-05T23:33:53
6613,朋億,2026-03-02,195.0,-9.5,-4.65%,,,,,,,,,ShowDailyK_ChartFlow,FinMind_API_TaiwanStockPrice_6613,True,2026-10-05T23:33:53,2026-10-05T23:33:53,2026-10-05T23:33:53
6613,朋億,2026-03-03,192.5,-2.5,-1.28%,,,,,,,,,ShowDailyK_ChartFlow,FinMind_API_TaiwanStockPrice_6613,True,2026-10-05T23:33:53,2026-10-05T23:33:53,2026-10-05T23:33:53
6613,朋億,2026-03-04,182.0,-10.5,-5.45%,,,,,,,,,ShowDailyK_ChartFlow,FinMind_API_TaiwanStockPrice_6613,True,2026-10-05T23:33:53,2026-10-05T23:33:53,2026-10-05T23:33:53
6613,朋億,2026-03-05,190.5,8.5,4.67%,,,,,,,,,ShowDailyK_ChartFlow,FinMind_API_TaiwanStockPrice_6613,True,2026-10-05T23:33:53,2026-10-05T23:33:53,2026-10-05T23:33:53
6613,朋億,2026-03-06,190.5,0.0,0.00%,,,,,,,,,ShowDailyK_ChartFlow,FinMind_API_TaiwanStockPrice_6613,True,2026-10-05T23:33:53,2026-10-05T23:33:53,2026-10-05T23:33:53
6613,朋億,2026-03-09,187.5,-3.0,-1.57%,,,,,,,,,ShowDailyK_ChartFlow,FinMind_API_TaiwanStockPrice_6613,True,2026-10-05T23:33:53,2026-10-05T23:33:53,2026-10-05T23:33:53
6613,朋億,2026-03-10,191.0,3.5,1.87%,,,,,,,,,ShowDailyK_ChartFlow,FinMind_API_TaiwanStockPrice_6613,True,2026-10-05T23:33:53,2026-10-05T23:33:53,2026-10-05T23:33:53
6613,朋億,2026-03-11,192.0,1.0,0.52%,,,,,,,,,ShowDailyK_ChartFlow,FinMind_API_TaiwanStockPrice_6613,True,2026-10-05T23:33:53,2026-10-05T23:33:53,2026-10-05T23:33:53
6613,朋億,2026-03-12,191.0,-1.0,-0.52%,,,,,,,,,ShowDailyK_ChartFlow,FinMind_API_TaiwanStockPrice_6613,True,2026-10-05T23:33:53,2026-10-05T23:33:53,2026-10-05T23:33:53
6613,朋億,2026-03-13,189.5,-1.5,-0.79%,,,,,,,,,ShowDailyK_ChartFlow,FinMind_API_TaiwanStockPrice_6613,True,2026-10-05T23:33:53,2026-10-05T23:33:53,2026-10-05T23:33:53
6613,朋億,2026-03-16,194.0,4.5,2.37%,,,,,,,,,ShowDailyK_ChartFlow,FinMind_API_TaiwanStockPrice_6613,True,2026-10-05T23:33:53,2026-10-05T23:33:53,2026-10-05T23:33:53
6613,朋億,2026-03-17,196.5,2.5,1.29%,,,,,,,,,ShowDailyK_ChartFlow,FinMind_API_TaiwanStockPrice_6613,True,2026-10-05T23:33:53,2026-10-05T23:33:53,2026-10-05T23:33:53
6613,朋億,2026-03-18,198.5,2.0,1.02%,,,,,,,,,ShowDailyK_ChartFlow,FinMind_API_TaiwanStockPrice_6613,True,2026-10-05T23:33:53,2026-10-05T23:33:53,2026-10-05T23:33:53
6613,朋億,2026-03-19,196.0,-2.5,-1.26%,,,,,,,,,ShowDailyK_ChartFlow,FinMind_API_TaiwanStockPrice_6613,True,2026-10-05T23:33:53,2026-10-05T23:33:53,2026-10-05T23:33:53
6613,朋億,2026-03-20,210.0,14.0,7.14%,,,,,,,,,ShowDailyK_ChartFlow,FinMind_API_TaiwanStockPrice_6613,True,2026-10-05T23:33:53,2026-10-05T23:33:53,2026-10-05T23:33:53
6613,朋億,2026-03-23,210.0,0.0,0.00%,,,,,,,,,ShowDailyK_ChartFlow,FinMind_API_TaiwanStockPrice_6613,True,2026-10-05T23:33:53,2026-10-05T23:33:53,2026-10-05T23:33:53
6613,朋億,2026-03-24,208.0,-2.0,-0.95%,,,,,,,,,ShowDailyK_ChartFlow,FinMind_API_TaiwanStockPrice_6613,True,2026-10-05T23:33:53,2026-10-05T23:33:53,2026-10-05T23:33:53
6613,朋億,2026-03-25,216.5,8.5,4.09%,,,,,,,,,ShowDailyK_ChartFlow,FinMind_API_TaiwanStockPrice_6613,True,2026-10-05T23:33:53,2026-10-05T23:33:53,2026-10-05T23:33:53
6613,朋億,2026-03-26,203.0,-13.5,-6.24%,,,,,,,,,ShowDailyK_ChartFlow,FinMind_API_TaiwanStockPrice_6613,True,2026-10-05T23:33:53,2026-10-05T23:33:53,2026-10-05T23:33:53
6613,朋億,2026-03-27,205.5,2.5,1.23%,,,,,,,,,ShowDailyK_ChartFlow,FinMind_API_TaiwanStockPrice_6613,True,2026-10-05T23:33:53,2026-10-05T23:33:53,2026-10-05T23:33:53
6613,朋億,2026-03-30,202.0,-3.5,-1.70%,,,,,,,,,ShowDailyK_ChartFlow,FinMind_API_TaiwanStockPrice_6613,True,2026-10-05T23:33:53,2026-10-05T23:33:53,2026-10-05T23:33:53
6613,朋億,2026-03-31,200.0,-2.0,-0.99%,,,,,,,,,ShowDailyK_ChartFlow,FinMind_API_TaiwanStockPrice_6613,True,2026-10-05T23:33:53,2026-10-05T23:33:53,2026-10-05T23:33:53
6613,朋億,2026-04-01,208.0,8.0,4.00%,,,,,,,,,ShowDailyK_ChartFlow,FinMind_API_TaiwanStockPrice_6613,True,2026-10-05T23:33:53,2026-10-05T23:33:53,2026-10-05T23:33:53
6613,朋億,2026-04-02,208.5,0.5,0.24%,,,,,,,,,ShowDailyK_ChartFlow,FinMind_API_TaiwanStockPrice_6613,True,2026-10-05T23:33:53,2026-10-05T23:33:53,2026-10-05T23:33:53
6613,朋億,2026-04-07,201.0,-7.5,-3.60%,,,,,,,,,ShowDailyK_ChartFlow,FinMind_API_TaiwanStockPrice_6613,True,2026-10-05T23:33:53,2026-10-05T23:33:53,2026-10-05T23:33:53
6613,朋億,2026-04-08,210.0,9.0,4.48%,,,,,,,,,ShowDailyK_ChartFlow,FinMind_API_TaiwanStockPrice_6613,True,2026-10-05T23:33:53,2026-10-05T23:33:53,2026-10-05T23:33:53
6613,朋億,2026-04-09,214.0,4.0,1.90%,,,,,,,,,ShowDailyK_ChartFlow,FinMind_API_TaiwanStockPrice_6613,True,2026-10-05T23:33:53,2026-10-05T23:33:53,2026-10-05T23:33:53
6613,朋億,2026-04-10,215.5,1.5,0.70%,,,,,,,,,ShowDailyK_ChartFlow,FinMind_API_TaiwanStockPrice_6613,True,2026-10-05T23:33:53,2026-10-05T23:33:53,2026-10-05T23:33:53
6613,朋億,2026-04-13,229.0,13.5,6.26%,,,,,,,,,ShowDailyK_ChartFlow,FinMind_API_TaiwanStockPrice_6613,True,2026-10-05T23:33:53,2026-10-05T23:33:53,2026-10-05T23:33:53
6613,朋億,2026-04-14,235.5,6.5,2.84%,,,,,,,,,ShowDailyK_ChartFlow,FinMind_API_TaiwanStockPrice_6613,True,2026-10-05T23:33:53,2026-10-05T23:33:53,2026-10-05T23:33:53
6613,朋億,2026-04-15,245.5,10.0,4.25%,,,,,,,,,ShowDailyK_ChartFlow,FinMind_API_TaiwanStockPrice_6613,True,2026-10-05T23:33:53,2026-10-05T23:33:53,2026-10-05T23:33:53
6613,朋億,2026-04-16,236.0,-9.5,-3.87%,,,,,,,,,ShowDailyK_ChartFlow,FinMind_API_TaiwanStockPrice_6613,True,2026-10-05T23:33:53,2026-10-05T23:33:53,2026-10-05T23:33:53
6613,朋億,2026-04-17,237.5,1.5,0.64%,,,,,,,,,ShowDailyK_ChartFlow,FinMind_API_TaiwanStockPrice_6613,True,2026-10-05T23:33:53,2026-10-05T23:33:53,2026-10-05T23:33:53
6613,朋億,2026-04-20,242.0,4.5,1.89%,,,,,,,,,ShowDailyK_ChartFlow,FinMind_API_TaiwanStockPrice_6613,True,2026-10-05T23:33:53,2026-10-05T23:33:53,2026-10-05T23:33:53
6613,朋億,2026-04-21,249.5,7.5,3.10%,,,,,,,,,ShowDailyK_ChartFlow,FinMind_API_TaiwanStockPrice_6613,True,2026-10-05T23:33:53,2026-10-05T23:33:53,2026-10-05T23:33:53
6613,朋億,2026-04-22,241.5,-8.0,-3.21%,,,,,,,,,ShowDailyK_ChartFlow,FinMind_API_TaiwanStockPrice_6613,True,2026-10-05T23:33:53,2026-10-05T23:33:53,2026-10-05T23:33:53
6613,朋億,2026-04-23,240.0,-1.5,-0.62%,,,,,,,,,ShowDailyK_ChartFlow,FinMind_API_TaiwanStockPrice_6613,True,2026-10-05T23:33:53,2026-10-05T23:33:53,2026-10-05T23:33:53
6613,朋億,2026-04-24,233.0,-7.0,-2.92%,,,,,,,,,ShowDailyK_ChartFlow,FinMind_API_TaiwanStockPrice_6613,True,2026-10-05T23:33:53,2026-10-05T23:33:53,2026-10-05T23:33:53
6613,朋億,2026-04-27,232.0,-1.0,-0.43%,,,,,,,,,ShowDailyK_ChartFlow,FinMind_API_TaiwanStockPrice_6613,True,2026-10-05T23:33:53,2026-10-05T23:33:53,2026-10-05T23:33:53
6613,朋億,2026-04-28,229.0,-3.0,-1.29%,,,,,,,,,ShowDailyK_ChartFlow,FinMind_API_TaiwanStockPrice_6613,True,2026-10-05T23:33:53,2026-10-05T23:33:53,2026-10-05T23:33:53
6613,朋億,2026-04-29,227.0,-2.0,-0.87%,,,,,,,,,ShowDailyK_ChartFlow,FinMind_API_TaiwanStockPrice_6613,True,2026-10-05T23:33:53,2026-10-05T23:33:53,2026-10-05T23:33:53
6613,朋億,2026-04-30,228.0,1.0,0.44%,,,,,,,,,ShowDailyK_ChartFlow,FinMind_API_TaiwanStockPrice_6613,True,2026-10-05T23:33:53,2026-10-05T23:33:53,2026-10-05T23:33:53
6613,朋億,2026-05-04,230.5,2.5,1.10%,,,,,,,,,ShowDailyK_ChartFlow,FinMind_API_TaiwanStockPrice_6613,True,2026-10-05T23:33:53,2026-10-05T23:33:53,2026-10-05T23:33:53
6613,朋億,2026-05-05,239.0,8.5,3.69%,,,,,,,,,ShowDailyK_ChartFlow,FinMind_API_TaiwanStockPrice_6613,True,2026-10-05T23:33:53,2026-10-05T23:33:53,2026-10-05T23:33:53
6613,朋億,2026-05-06,247.5,8.5,3.56%,,,,,,,,,ShowDailyK_ChartFlow,FinMind_API_TaiwanStockPrice_6613,True,2026-10-05T23:33:53,2026-10-05T23:33:53,2026-10-05T23:33:53
6613,朋億,2026-05-07,242.0,-5.5,-2.22%,,,,,,,,,ShowDailyK_ChartFlow,FinMind_API_TaiwanStockPrice_6613,True,2026-10-05T23:33:53,2026-10-05T23:33:53,2026-10-05T23:33:53
6613,朋億,2026-05-08,245.5,3.5,1.45%,,,,,,,,,ShowDailyK_ChartFlow,FinMind_API_TaiwanStockPrice_6613,True,2026-10-05T23:33:53,2026-10-05T23:33:53,2026-10-05T23:33:53
6613,朋億,2026-05-11,240.5,-5.0,-2.04%,,,,,,,,,ShowDailyK_ChartFlow,FinMind_API_TaiwanStockPrice_6613,True,2026-10-05T23:33:53,2026-10-05T23:33:53,2026-10-05T23:33:53
6613,朋億,2026-05-12,235.0,-5.5,-2.29%,,,,,,,,,ShowDailyK_ChartFlow,FinMind_API_TaiwanStockPrice_6613,True,2026-10-05T23:33:53,2026-10-05T23:33:53,2026-10-05T23:33:53
6613,朋億,2026-05-13,237.5,2.5,1.06%,,,,,,,,,ShowDailyK_ChartFlow,FinMind_API_TaiwanStockPrice_6613,True,2026-10-05T23:33:53,2026-10-05T23:33:53,2026-10-05T23:33:53
6613,朋億,2026-05-14,252.0,14.5,6.11%,,,,,,,,,ShowDailyK_ChartFlow,FinMind_API_TaiwanStockPrice_6613,True,2026-10-05T23:33:53,2026-10-05T23:33:53,2026-10-05T23:33:53
6613,朋億,2026-05-15,252.5,0.5,0.20%,,,,,,,,,ShowDailyK_ChartFlow,FinMind_API_TaiwanStockPrice_6613,True,2026-10-05T23:33:53,2026-10-05T23:33:53,2026-10-05T23:33:53
6613,朋億,2026-05-18,248.5,-4.0,-1.58%,,,,,,,,,ShowDailyK_ChartFlow,FinMind_API_TaiwanStockPrice_6613,True,2026-10-05T23:33:53,2026-10-05T23:33:53,2026-10-05T23:33:53
6613,朋億,2026-05-19,248.5,0.0,0.00%,,,,,,,,,ShowDailyK_ChartFlow,FinMind_API_TaiwanStockPrice_6613,True,2026-10-05T23:33:53,2026-10-05T23:33:53,2026-10-05T23:33:53
6613,朋億,2026-05-20,247.5,-1.0,-0.40%,,,,,,,,,ShowDailyK_ChartFlow,FinMind_API_TaiwanStockPrice_6613,True,2026-10-05T23:33:53,2026-10-05T23:33:53,2026-10-05T23:33:53
6613,朋億,2026-05-21,258.0,10.5,4.24%,,,,,,,,,ShowDailyK_ChartFlow,FinMind_API_TaiwanStockPrice_6613,True,2026-10-05T23:33:53,2026-10-05T23:33:53,2026-10-05T23:33:53
6613,朋億,2026-05-22,257.0,-1.0,-0.39%,,,,,,,,,ShowDailyK_ChartFlow,FinMind_API_TaiwanStockPrice_6613,True,2026-10-05T23:33:53,2026-10-05T23:33:53,2026-10-05T23:33:53
6613,朋億,2026-05-25,272.5,15.5,6.03%,,,,,,,,,ShowDailyK_ChartFlow,FinMind_API_TaiwanStockPrice_6613,True,2026-10-05T23:33:53,2026-10-05T23:33:53,2026-10-05T23:33:53
6613,朋億,2026-05-26,277.5,5.0,1.83%,,,,,,,,,ShowDailyK_ChartFlow,FinMind_API_TaiwanStockPrice_6613,True,2026-10-05T23:33:53,2026-10-05T23:33:53,2026-10-05T23:33:53
6613,朋億,2026-05-27,280.0,2.5,0.90%,,,,,,,,,ShowDailyK_ChartFlow,FinMind_API_TaiwanStockPrice_6613,True,2026-10-05T23:33:53,2026-10-05T23:33:53,2026-10-05T23:33:53
6613,朋億,2026-05-28,265.5,-14.5,-5.18%,,,,,,,,,ShowDailyK_ChartFlow,FinMind_API_TaiwanStockPrice_6613,True,2026-10-05T23:33:53,2026-10-05T23:33:53,2026-10-05T23:33:53
6613,朋億,2026-05-29,264.5,-1.0,-0.38%,,,,,,,,,ShowDailyK_ChartFlow,FinMind_API_TaiwanStockPrice_6613,True,2026-10-05T23:33:53,2026-10-05T23:33:53,2026-10-05T23:33:53
6613,朋億,2026-06-01,261.0,-3.5,-1.32%,,,,,,,,,ShowDailyK_ChartFlow,FinMind_API_TaiwanStockPrice_6613,True,2026-10-05T23:33:53,2026-10-05T23:33:53,2026-10-05T23:33:53
6613,朋億,2026-06-02,257.5,-3.5,-1.34%,,,,,,,,,ShowDailyK_ChartFlow,FinMind_API_TaiwanStockPrice_6613,True,2026-10-05T23:33:53,2026-10-05T23:33:53,2026-10-05T23:33:53
6613,朋億,2026-06-03,261.5,4.0,1.55%,,,,,,,,,ShowDailyK_ChartFlow,FinMind_API_TaiwanStockPrice_6613,True,2026-10-05T23:33:53,2026-10-05T23:33:53,2026-10-05T23:33:53
6613,朋億,2026-06-04,266.0,4.5,1.72%,,,,,,,,,ShowDailyK_ChartFlow,FinMind_API_TaiwanStockPrice_6613,True,2026-10-05T23:33:53,2026-10-05T23:33:53,2026-10-05T23:33:53
6613,朋億,2026-06-05,262.0,-4.0,-1.50%,,,,,,,,,ShowDailyK_ChartFlow,FinMind_API_TaiwanStockPrice_6613,True,2026-10-05T23:33:53,2026-10-05T23:33:53,2026-10-05T23:33:53
6613,朋億,2026-06-08,249.5,-12.5,-4.77%,,,,,,,,,ShowDailyK_ChartFlow,FinMind_API_TaiwanStockPrice_6613,True,2026-10-05T23:33:53,2026-10-05T23:33:53,2026-10-05T23:33:53
6613,朋億,2026-06-09,255.0,5.5,2.20%,,,,,,,,,ShowDailyK_ChartFlow,FinMind_API_TaiwanStockPrice_6613,True,2026-10-05T23:33:53,2026-10-05T23:33:53,2026-10-05T23:33:53
6613,朋億,2026-06-10,260.5,5.5,2.16%,,,,,,,,,ShowDailyK_ChartFlow,FinMind_API_TaiwanStockPrice_6613,True,2026-10-05T23:33:53,2026-10-05T23:33:53,2026-10-05T23:33:53
6613,朋億,2026-06-11,286.5,26.0,9.98%,,,,,,,,,ShowDailyK_ChartFlow,FinMind_API_TaiwanStockPrice_6613,True,2026-10-05T23:33:53,2026-10-05T23:33:53,2026-10-05T23:33:53
6613,朋億,2026-06-12,311.5,25.0,8.73%,,,,,,,,,ShowDailyK_ChartFlow,FinMind_API_TaiwanStockPrice_6613,True,2026-10-05T23:33:53,2026-10-05T23:33:53,2026-10-05T23:33:53
6613,朋億,2026-06-15,342.5,31.0,9.95%,,,,,,,,,ShowDailyK_ChartFlow,FinMind_API_TaiwanStockPrice_6613,True,2026-10-05T23:33:53,2026-10-05T23:33:53,2026-10-05T23:33:53
6613,朋億,2026-06-16,360.0,17.5,5.11%,,,,,,,,,ShowDailyK_ChartFlow,FinMind_API_TaiwanStockPrice_6613,True,2026-10-05T23:33:53,2026-10-05T23:33:53,2026-10-05T23:33:53
6613,朋億,2026-06-17,354.5,-5.5,-1.53%,,,,,,,,,ShowDailyK_ChartFlow,FinMind_API_TaiwanStockPrice_6613,True,2026-10-05T23:33:53,2026-10-05T23:33:53,2026-10-05T23:33:53
6613,朋億,2026-06-18,381.5,27.0,7.62%,,,,,,,,,ShowDailyK_ChartFlow,FinMind_API_TaiwanStockPrice_6613,True,2026-10-05T23:33:53,2026-10-05T23:33:53,2026-10-05T23:33:53
6613,朋億,2026-06-22,390.0,8.5,2.23%,,,,,,,,,ShowDailyK_ChartFlow,FinMind_API_TaiwanStockPrice_6613,True,2026-10-05T23:33:53,2026-10-05T23:33:53,2026-10-05T23:33:53
6613,朋億,2026-06-23,368.0,-22.0,-5.64%,,,,,,,,,ShowDailyK_ChartFlow,FinMind_API_TaiwanStockPrice_6613,True,2026-10-05T23:33:53,2026-10-05T23:33:53,2026-10-05T23:33:53
6613,朋億,2026-06-24,359.0,-9.0,-2.45%,,,,,,,,,ShowDailyK_ChartFlow,FinMind_API_TaiwanStockPrice_6613,True,2026-10-05T23:33:53,2026-10-05T23:33:53,2026-10-05T23:33:53
6613,朋億,2026-06-25,364.0,5.0,1.39%,,,,,,,,,ShowDailyK_ChartFlow,FinMind_API_TaiwanStockPrice_6613,True,2026-10-05T23:33:53,2026-10-05T23:33:53,2026-10-05T23:33:53
6613,朋億,2026-06-26,344.0,-20.0,-5.49%,,,,,,,,,ShowDailyK_ChartFlow,FinMind_API_TaiwanStockPrice_6613,True,2026-10-05T23:33:53,2026-10-05T23:33:53,2026-10-05T23:33:53
6613,朋億,2026-06-29,340.0,-4.0,-1.16%,,,,,,,,,ShowDailyK_ChartFlow,FinMind_API_TaiwanStockPrice_6613,True,2026-10-05T23:33:53,2026-10-05T23:33:53,2026-10-05T23:33:53
6613,朋億,2026-06-30,364.5,24.5,7.21%,,,,,,,,,ShowDailyK_ChartFlow,FinMind_API_TaiwanStockPrice_6613,True,2026-10-05T23:33:53,2026-10-05T23:33:53,2026-10-05T23:33:53
6613,朋億,2026-07-01,366.5,2.0,0.55%,,,,,,,,,ShowDailyK_ChartFlow,FinMind_API_TaiwanStockPrice_6613,True,2026-10-05T23:33:53,2026-10-05T23:33:53,2026-10-05T23:33:53
6613,朋億,2026-07-02,375.0,8.5,2.32%,,,,,,,,,ShowDailyK_ChartFlow,FinMind_API_TaiwanStockPrice_6613,True,2026-10-05T23:33:53,2026-10-05T23:33:53,2026-10-05T23:33:53
6613,朋億,2026-07-03,360.0,-15.0,-4.00%,,,,,,,,,ShowDailyK_ChartFlow,FinMind_API_TaiwanStockPrice_6613,True,2026-10-05T23:33:53,2026-10-05T23:33:53,2026-10-05T23:33:53
6613,朋億,2026-07-06,354.0,-6.0,-1.67%,,,,,,,,,ShowDailyK_ChartFlow,FinMind_API_TaiwanStockPrice_6613,True,2026-10-05T23:33:53,2026-10-05T23:33:53,2026-10-05T23:33:53
6613,朋億,2026-07-07,328.5,-25.5,-7.20%,,,,,,,,,ShowDailyK_ChartFlow,FinMind_API_TaiwanStockPrice_6613,True,2026-10-05T23:33:53,2026-10-05T23:33:53,2026-10-05T23:33:53
6613,朋億,2026-07-08,315.0,-13.5,-4.11%,,,,,,,,,ShowDailyK_ChartFlow,FinMind_API_TaiwanStockPrice_6613,True,2026-10-05T23:33:53,2026-10-05T23:33:53,2026-10-05T23:33:53
6613,朋億,2026-07-09,321.0,6.0,1.90%,,,,,,,,,ShowDailyK_ChartFlow,FinMind_API_TaiwanStockPrice_6613,True,2026-10-05T23:33:53,2026-10-05T23:33:53,2026-10-05T23:33:53
6613,朋億,2026-07-13,353.0,32.0,9.97%,,,,,,,,,ShowDailyK_ChartFlow,FinMind_API_TaiwanStockPrice_6613,True,2026-10-05T23:33:53,2026-10-05T23:33:53,2026-10-05T23:33:53
6613,朋億,2026-07-14,358.0,5.0,1.42%,,,,,,,,,ShowDailyK_ChartFlow,FinMind_API_TaiwanStockPrice_6613,True,2026-10-05T23:33:53,2026-10-05T23:33:53,2026-10-05T23:33:53
6613,朋億,2026-07-15,368.5,10.5,2.93%,,,,,,,,,ShowDailyK_ChartFlow,FinMind_API_TaiwanStockPrice_6613,True,2026-10-05T23:33:53,2026-10-05T23:33:53,2026-10-05T23:33:53
6613,朋億,2026-07-16,365.0,-3.5,-0.95%,,,,,,,,,ShowDailyK_ChartFlow,FinMind_API_TaiwanStockPrice_6613,True,2026-10-05T23:33:53,2026-10-05T23:33:53,2026-10-05T23:33:53
6613,朋億,2026-07-17,328.5,-36.5,-10.00%,,,,,,,,,ShowDailyK_ChartFlow,FinMind_API_TaiwanStockPrice_6613,True,2026-10-05T23:33:53,2026-10-05T23:33:53,2026-10-05T23:33:53
6613,朋億,2026-07-20,319.5,-9.0,-2.74%,,,,,,,,,ShowDailyK_ChartFlow,FinMind_API_TaiwanStockPrice_6613,True,2026-10-05T23:33:53,2026-10-05T23:33:53,2026-10-05T23:33:53
6613,朋億,2026-07-21,322.0,2.5,0.78%,,,,,,,,,ShowDailyK_ChartFlow,FinMind_API_TaiwanStockPrice_6613,True,2026-10-05T23:33:53,2026-10-05T23:33:53,2026-10-05T23:33:53
6613,朋億,2026-07-22,329.0,7.0,2.17%,,,,,,,,,ShowDailyK_ChartFlow,FinMind_API_TaiwanStockPrice_6613,True,2026-10-05T23:33:53,2026-10-05T23:33:53,2026-10-05T23:33:53
6613,朋億,2026-07-23,318.0,-11.0,-3.34%,,,,,,,,,ShowDailyK_ChartFlow,FinMind_API_TaiwanStockPrice_6613,True,2026-10-05T23:33:53,2026-10-05T23:33:53,2026-10-05T23:33:53
6613,朋億,2026-07-24,307.5,-10.5,-3.30%,,,,,,,,,ShowDailyK_ChartFlow,FinMind_API_TaiwanStockPrice_6613,True,2026-10-05T23:33:53,2026-10-05T23:33:53,2026-10-05T23:33:53
6613,朋億,2026-07-27,307.0,-0.5,-0.16%,,,,,,,,,ShowDailyK_ChartFlow,FinMind_API_TaiwanStockPrice_6613,True,2026-10-05T23:33:53,2026-10-05T23:33:53,2026-10-05T23:33:53
6613,朋億,2026-07-28,282.5,-24.5,-7.98%,,,,,,,,,ShowDailyK_ChartFlow,FinMind_API_TaiwanStockPrice_6613,True,2026-10-05T23:33:53,2026-10-05T23:33:53,2026-10-05T23:33:53
6613,朋億,2026-07-29,263.5,-19.0,-6.73%,,,,,,,,,ShowDailyK_ChartFlow,FinMind_API_TaiwanStockPrice_6613,True,2026-10-05T23:33:53,2026-10-05T23:33:53,2026-10-05T23:33:53
6613,朋億,2026-07-30,256.5,-7.0,-2.66%,,,,,,,,,ShowDailyK_ChartFlow,FinMind_API_TaiwanStockPrice_6613,True,2026-10-05T23:33:53,2026-10-05T23:33:53,2026-10-05T23:33:53
6613,朋億,2026-07-31,271.0,14.5,5.65%,,,,,,,,,ShowDailyK_ChartFlow,FinMind_API_TaiwanStockPrice_6613,True,2026-10-05T23:33:53,2026-10-05T23:33:53,2026-10-05T23:33:53
6613,朋億,2026-08-03,280.5,9.5,3.51%,,,,,,,,,ShowDailyK_ChartFlow,FinMind_API_TaiwanStockPrice_6613,True,2026-10-05T23:33:53,2026-10-05T23:33:53,2026-10-05T23:33:53
6613,朋億,2026-08-04,283.5,3.0,1.07%,,,,,,,,,ShowDailyK_ChartFlow,FinMind_API_TaiwanStockPrice_6613,True,2026-10-05T23:33:53,2026-10-05T23:33:53,2026-10-05T23:33:53
6613,朋億,2026-08-05,299.0,15.5,5.47%,,,,,,,,,ShowDailyK_ChartFlow,FinMind_API_TaiwanStockPrice_6613,True,2026-10-05T23:33:53,2026-10-05T23:33:53,2026-10-05T23:33:53
6613,朋億,2026-08-06,306.5,7.5,2.51%,,,,,,,,,ShowDailyK_ChartFlow,FinMind_API_TaiwanStockPrice_6613,True,2026-10-05T23:33:53,2026-10-05T23:33:53,2026-10-05T23:33:53
6613,朋億,2026-08-07,276.0,-30.5,-9.95%,,,,,,,,,ShowDailyK_ChartFlow,FinMind_API_TaiwanStockPrice_6613,True,2026-10-05T23:33:53,2026-10-05T23:33:53,2026-10-05T23:33:53
6613,朋億,2026-08-10,267.0,-9.0,-3.26%,,,,,,,,,ShowDailyK_ChartFlow,FinMind_API_TaiwanStockPrice_6613,True,2026-10-05T23:33:53,2026-10-05T23:33:53,2026-10-05T23:33:53
6613,朋億,2026-08-11,260.5,-6.5,-2.43%,,,,,,,,,ShowDailyK_ChartFlow,FinMind_API_TaiwanStockPrice_6613,True,2026-10-05T23:33:53,2026-10-05T23:33:53,2026-10-05T23:33:53
6613,朋億,2026-08-12,266.5,6.0,2.30%,,,,,,,,,ShowDailyK_ChartFlow,FinMind_API_TaiwanStockPrice_6613,True,2026-10-05T23:33:53,2026-10-05T23:33:53,2026-10-05T23:33:53
6613,朋億,2026-08-13,270.5,4.0,1.50%,,,,,,,,,ShowDailyK_ChartFlow,FinMind_API_TaiwanStockPrice_6613,True,2026-10-05T23:33:53,2026-10-05T23:33:53,2026-10-05T23:33:53
6613,朋億,2026-08-14,271.5,1.0,0.37%,,,,,,,,,ShowDailyK_ChartFlow,FinMind_API_TaiwanStockPrice_6613,True,2026-10-05T23:33:53,2026-10-05T23:33:53,2026-10-05T23:33:53
6613,朋億,2026-08-17,262.5,-9.0,-3.31%,,,,,,,,,ShowDailyK_ChartFlow,FinMind_API_TaiwanStockPrice_6613,True,2026-10-05T23:33:53,2026-10-05T23:33:53,2026-10-05T23:33:53
6613,朋億,2026-08-18,255.0,-7.5,-2.86%,,,,,,,,,ShowDailyK_ChartFlow,FinMind_API_TaiwanStockPrice_6613,True,2026-10-05T23:33:53,2026-10-05T23:33:53,2026-10-05T23:33:53
6613,朋億,2026-08-19,251.0,-4.0,-1.57%,,,,,,,,,ShowDailyK_ChartFlow,FinMind_API_TaiwanStockPrice_6613,True,2026-10-05T23:33:53,2026-10-05T23:33:53,2026-10-05T23:33:53
6613,朋億,2026-08-20,253.0,2.0,0.80%,,,,,,,,,ShowDailyK_ChartFlow,FinMind_API_TaiwanStockPrice_6613,True,2026-10-05T23:33:53,2026-10-05T23:33:53,2026-10-05T23:33:53
6613,朋億,2026-08-21,252.5,-0.5,-0.20%,,,,,,,,,ShowDailyK_ChartFlow,FinMind_API_TaiwanStockPrice_6613,True,2026-10-05T23:33:53,2026-10-05T23:33:53,2026-10-05T23:33:53
6613,朋億,2026-08-24,251.0,-1.5,-0.59%,,,,,,,,,ShowDailyK_ChartFlow,FinMind_API_TaiwanStockPrice_6613,True,2026-10-05T23:33:53,2026-10-05T23:33:53,2026-10-05T23:33:53
6613,朋億,2026-08-25,247.5,-3.5,-1.39%,,,,,,,,,ShowDailyK_ChartFlow,FinMind_API_TaiwanStockPrice_6613,True,2026-10-05T23:33:53,2026-10-05T23:33:53,2026-10-05T23:33:53
6613,朋億,2026-08-26,260.5,13.0,5.25%,,,,,,,,,ShowDailyK_ChartFlow,FinMind_API_TaiwanStockPrice_6613,True,2026-10-05T23:33:53,2026-10-05T23:33:53,2026-10-05T23:33:53
6613,朋億,2026-08-27,266.0,5.5,2.11%,,,,,,,,,ShowDailyK_ChartFlow,FinMind_API_TaiwanStockPrice_6613,True,2026-10-05T23:33:53,2026-10-05T23:33:53,2026-10-05T23:33:53
6613,朋億,2026-08-28,275.5,9.5,3.57%,,,,,,,,,ShowDailyK_ChartFlow,FinMind_API_TaiwanStockPrice_6613,True,2026-10-05T23:33:53,2026-10-05T23:33:53,2026-10-05T23:33:53
6613,朋億,2026-08-31,278.5,3.0,1.09%,,,,,,,,,ShowDailyK_ChartFlow,FinMind_API_TaiwanStockPrice_6613,True,2026-10-05T23:33:53,2026-10-05T23:33:53,2026-10-05T23:33:53
6613,朋億,2026-09-01,274.0,-4.5,-1.62%,,,,,,,,,ShowDailyK_ChartFlow,FinMind_API_TaiwanStockPrice_6613,True,2026-10-05T23:33:53,2026-10-05T23:33:53,2026-10-05T23:33:53
6613,朋億,2026-09-02,264.5,-9.5,-3.47%,,,,,,,,,ShowDailyK_ChartFlow,FinMind_API_TaiwanStockPrice_6613,True,2026-10-05T23:33:53,2026-10-05T23:33:53,2026-10-05T23:33:53
6613,朋億,2026-09-03,257.0,-7.5,-2.84%,,,,,,,,,ShowDailyK_ChartFlow,FinMind_API_TaiwanStockPrice_6613,True,2026-10-05T23:33:53,2026-10-05T23:33:53,2026-10-05T23:33:53
6613,朋億,2026-09-04,258.5,1.5,0.58%,,,,,,,,,ShowDailyK_ChartFlow,FinMind_API_TaiwanStockPrice_6613,True,2026-10-05T23:33:53,2026-10-05T23:33:53,2026-10-05T23:33:53
6613,朋億,2026-09-07,265.0,6.5,2.51%,,,,,,,,,ShowDailyK_ChartFlow,FinMind_API_TaiwanStockPrice_6613,True,2026-10-05T23:33:53,2026-10-05T23:33:53,2026-10-05T23:33:53
6613,朋億,2026-09-08,258.5,-6.5,-2.45%,,,,,,,,,ShowDailyK_ChartFlow,FinMind_API_TaiwanStockPrice_6613,True,2026-10-05T23:33:53,2026-10-05T23:33:53,2026-10-05T23:33:53
6613,朋億,2026-09-09,264.5,6.0,2.32%,,,,,,,,,ShowDailyK_ChartFlow,FinMind_API_TaiwanStockPrice_6613,True,2026-10-05T23:33:53,2026-10-05T23:33:53,2026-10-05T23:33:53
6613,朋億,2026-09-10,265.0,0.5,0.19%,,,,,,,,,ShowDailyK_ChartFlow,FinMind_API_TaiwanStockPrice_6613,True,2026-10-05T23:33:53,2026-10-05T23:33:53,2026-10-05T23:33:53
6613,朋億,2026-09-11,260.0,-5.0,-1.89%,,,,,,,,,ShowDailyK_ChartFlow,FinMind_API_TaiwanStockPrice_6613,True,2026-10-05T23:33:53,2026-10-05T23:33:53,2026-10-05T23:33:53
6613,朋億,2026-09-14,253.5,-6.5,-2.50%,,,,,,,,,ShowDailyK_ChartFlow,FinMind_API_TaiwanStockPrice_6613,True,2026-10-05T23:33:53,2026-10-05T23:33:53,2026-10-05T23:33:53
6613,朋億,2026-09-15,255.0,1.5,0.59%,,,,,,,,,ShowDailyK_ChartFlow,FinMind_API_TaiwanStockPrice_6613,True,2026-10-05T23:33:53,2026-10-05T23:33:53,2026-10-05T23:33:53
6613,朋億,2026-09-16,264.0,9.0,3.53%,,,,,,,,,ShowDailyK_ChartFlow,FinMind_API_TaiwanStockPrice_6613,True,2026-10-05T23:33:53,2026-10-05T23:33:53,2026-10-05T23:33:53
6613,朋億,2026-09-17,261.0,-3.0,-1.14%,,,,,,,,,ShowDailyK_ChartFlow,FinMind_API_TaiwanStockPrice_6613,True,2026-10-05T23:33:53,2026-10-05T23:33:53,2026-10-05T23:33:53
6613,朋億,2026-09-18,270.0,9.0,3.45%,,,,,,,,,ShowDailyK_ChartFlow,FinMind_API_TaiwanStockPrice_6613,True,2026-10-05T23:33:53,2026-10-05T23:33:53,2026-10-05T23:33:53
6613,朋億,2026-09-21,267.0,-3.0,-1.11%,,,,,,,,,ShowDailyK_ChartFlow,FinMind_API_TaiwanStockPrice_6613,True,2026-10-05T23:33:53,2026-10-05T23:33:53,2026-10-05T23:33:53
6613,朋億,2026-09-22,267.0,0.0,0.00%,,,,,,,,,ShowDailyK_ChartFlow,FinMind_API_TaiwanStockPrice_6613,True,2026-10-05T23:33:53,2026-10-05T23:33:53,2026-10-05T23:33:53
6613,朋億,2026-09-23,269.0,2.0,0.75%,,,,,,,,,ShowDailyK_ChartFlow,FinMind_API_TaiwanStockPrice_6613,True,2026-10-05T23:33:53,2026-10-05T23:33:53,2026-10-05T23:33:53
6613,朋億,2026-09-24,270.5,1.5,0.56%,,,,,,,,,ShowDailyK_ChartFlow,FinMind_API_TaiwanStockPrice_6613,True,2026-10-05T23:33:53,2026-10-05T23:33:53,2026-10-05T23:33:53
6613,朋億,2026-09-29,270.0,-0.5,-0.18%,,,,,,,,,ShowDailyK_ChartFlow,FinMind_API_TaiwanStockPrice_6613,True,2026-10-05T23:33:53,2026-10-05T23:33:53,2026-10-05T23:33:53
6613,朋億,2026-09-30,274.0,4.0,1.48%,,,,,,,,,ShowDailyK_ChartFlow,FinMind_API_TaiwanStockPrice_6613,True,2026-10-05T23:33:53,2026-10-05T23:33:53,2026-10-05T23:33:53
6613,朋億,2026-10-01,278.5,4.5,1.64%,,,,,,,,,ShowDailyK_ChartFlow,FinMind_API_TaiwanStockPrice_6613,True,2026-10-05T23:33:53,2026-10-05T23:33:53,2026-10-05T23:33:53
6613,朋億,2026-10-02,281.0,2.5,0.90%,,,,,,,,,ShowDailyK_ChartFlow,FinMind_API_TaiwanStockPrice_6613,True,2026-10-05T23:33:53,2026-10-05T23:33:53,2026-10-05T23:33:53
6613,朋億,2026-10-05,284.5,3.5,1.25%,,,,,,,,,ShowDailyK_ChartFlow,FinMind_API_TaiwanStockPrice_6613,True,2026-10-05T23:33:53,2026-10-05T23:33:53,2026-10-05T23:33:53
