stock_code,company_name,交易_日期,收盤價_元,漲跌價_元,漲跌幅_pct,河流圖_eps_元,目前_per_倍,本益比試算價格_15x_元,本益比試算價格_18x_元,本益比試算價格_21x_元,本益比試算價格_24x_元,本益比試算價格_27x_元,本益比試算價格_30x_元,file_type,source_file,download_success,download_timestamp,process_timestamp,stage1_process_timestamp
6763,綠界科技,2021-01-04,314.5,,,,,,,,,,,ShowDailyK_ChartFlow,FinMind_API_TaiwanStockPrice_6763,True,2026-09-29T21:27:50,2026-09-29T21:27:50,2026-09-29T21:27:50
6763,綠界科技,2021-01-05,316.0,1.5,0.48%,,,,,,,,,ShowDailyK_ChartFlow,FinMind_API_TaiwanStockPrice_6763,True,2026-09-29T21:27:50,2026-09-29T21:27:50,2026-09-29T21:27:50
6763,綠界科技,2021-01-06,323.0,7.0,2.22%,,,,,,,,,ShowDailyK_ChartFlow,FinMind_API_TaiwanStockPrice_6763,True,2026-09-29T21:27:50,2026-09-29T21:27:50,2026-09-29T21:27:50
6763,綠界科技,2021-01-07,316.5,-6.5,-2.01%,,,,,,,,,ShowDailyK_ChartFlow,FinMind_API_TaiwanStockPrice_6763,True,2026-09-29T21:27:50,2026-09-29T21:27:50,2026-09-29T21:27:50
6763,綠界科技,2021-01-08,316.0,-0.5,-0.16%,,,,,,,,,ShowDailyK_ChartFlow,FinMind_API_TaiwanStockPrice_6763,True,2026-09-29T21:27:50,2026-09-29T21:27:50,2026-09-29T21:27:50
6763,綠界科技,2021-01-11,321.0,5.0,1.58%,,,,,,,,,ShowDailyK_ChartFlow,FinMind_API_TaiwanStockPrice_6763,True,2026-09-29T21:27:50,2026-09-29T21:27:50,2026-09-29T21:27:50
6763,綠界科技,2021-01-12,319.5,-1.5,-0.47%,,,,,,,,,ShowDailyK_ChartFlow,FinMind_API_TaiwanStockPrice_6763,True,2026-09-29T21:27:50,2026-09-29T21:27:50,2026-09-29T21:27:50
6763,綠界科技,2021-01-13,311.0,-8.5,-2.66%,,,,,,,,,ShowDailyK_ChartFlow,FinMind_API_TaiwanStockPrice_6763,True,2026-09-29T21:27:50,2026-09-29T21:27:50,2026-09-29T21:27:50
6763,綠界科技,2021-01-14,311.0,0.0,0.00%,,,,,,,,,ShowDailyK_ChartFlow,FinMind_API_TaiwanStockPrice_6763,True,2026-09-29T21:27:50,2026-09-29T21:27:50,2026-09-29T21:27:50
6763,綠界科技,2021-01-15,309.5,-1.5,-0.48%,,,,,,,,,ShowDailyK_ChartFlow,FinMind_API_TaiwanStockPrice_6763,True,2026-09-29T21:27:50,2026-09-29T21:27:50,2026-09-29T21:27:50
6763,綠界科技,2021-01-18,306.5,-3.0,-0.97%,,,,,,,,,ShowDailyK_ChartFlow,FinMind_API_TaiwanStockPrice_6763,True,2026-09-29T21:27:50,2026-09-29T21:27:50,2026-09-29T21:27:50
6763,綠界科技,2021-01-19,305.0,-1.5,-0.49%,,,,,,,,,ShowDailyK_ChartFlow,FinMind_API_TaiwanStockPrice_6763,True,2026-09-29T21:27:50,2026-09-29T21:27:50,2026-09-29T21:27:50
6763,綠界科技,2021-01-20,305.5,0.5,0.16%,,,,,,,,,ShowDailyK_ChartFlow,FinMind_API_TaiwanStockPrice_6763,True,2026-09-29T21:27:50,2026-09-29T21:27:50,2026-09-29T21:27:50
6763,綠界科技,2021-01-21,325.5,20.0,6.55%,,,,,,,,,ShowDailyK_ChartFlow,FinMind_API_TaiwanStockPrice_6763,True,2026-09-29T21:27:50,2026-09-29T21:27:50,2026-09-29T21:27:50
6763,綠界科技,2021-01-22,327.0,1.5,0.46%,,,,,,,,,ShowDailyK_ChartFlow,FinMind_API_TaiwanStockPrice_6763,True,2026-09-29T21:27:50,2026-09-29T21:27:50,2026-09-29T21:27:50
6763,綠界科技,2021-01-25,325.5,-1.5,-0.46%,,,,,,,,,ShowDailyK_ChartFlow,FinMind_API_TaiwanStockPrice_6763,True,2026-09-29T21:27:50,2026-09-29T21:27:50,2026-09-29T21:27:50
6763,綠界科技,2021-01-26,325.0,-0.5,-0.15%,,,,,,,,,ShowDailyK_ChartFlow,FinMind_API_TaiwanStockPrice_6763,True,2026-09-29T21:27:50,2026-09-29T21:27:50,2026-09-29T21:27:50
6763,綠界科技,2021-01-27,320.0,-5.0,-1.54%,,,,,,,,,ShowDailyK_ChartFlow,FinMind_API_TaiwanStockPrice_6763,True,2026-09-29T21:27:50,2026-09-29T21:27:50,2026-09-29T21:27:50
6763,綠界科技,2021-01-28,310.0,-10.0,-3.12%,,,,,,,,,ShowDailyK_ChartFlow,FinMind_API_TaiwanStockPrice_6763,True,2026-09-29T21:27:50,2026-09-29T21:27:50,2026-09-29T21:27:50
6763,綠界科技,2021-01-29,310.5,0.5,0.16%,,,,,,,,,ShowDailyK_ChartFlow,FinMind_API_TaiwanStockPrice_6763,True,2026-09-29T21:27:50,2026-09-29T21:27:50,2026-09-29T21:27:50
6763,綠界科技,2021-02-01,315.0,4.5,1.45%,,,,,,,,,ShowDailyK_ChartFlow,FinMind_API_TaiwanStockPrice_6763,True,2026-09-29T21:27:50,2026-09-29T21:27:50,2026-09-29T21:27:50
6763,綠界科技,2021-02-02,316.5,1.5,0.48%,,,,,,,,,ShowDailyK_ChartFlow,FinMind_API_TaiwanStockPrice_6763,True,2026-09-29T21:27:50,2026-09-29T21:27:50,2026-09-29T21:27:50
6763,綠界科技,2021-02-03,323.0,6.5,2.05%,,,,,,,,,ShowDailyK_ChartFlow,FinMind_API_TaiwanStockPrice_6763,True,2026-09-29T21:27:50,2026-09-29T21:27:50,2026-09-29T21:27:50
6763,綠界科技,2021-02-04,324.0,1.0,0.31%,,,,,,,,,ShowDailyK_ChartFlow,FinMind_API_TaiwanStockPrice_6763,True,2026-09-29T21:27:50,2026-09-29T21:27:50,2026-09-29T21:27:50
6763,綠界科技,2021-02-05,318.5,-5.5,-1.70%,,,,,,,,,ShowDailyK_ChartFlow,FinMind_API_TaiwanStockPrice_6763,True,2026-09-29T21:27:50,2026-09-29T21:27:50,2026-09-29T21:27:50
6763,綠界科技,2021-02-17,324.5,6.0,1.88%,,,,,,,,,ShowDailyK_ChartFlow,FinMind_API_TaiwanStockPrice_6763,True,2026-09-29T21:27:50,2026-09-29T21:27:50,2026-09-29T21:27:50
6763,綠界科技,2021-02-18,322.5,-2.0,-0.62%,,,,,,,,,ShowDailyK_ChartFlow,FinMind_API_TaiwanStockPrice_6763,True,2026-09-29T21:27:50,2026-09-29T21:27:50,2026-09-29T21:27:50
6763,綠界科技,2021-02-19,340.0,17.5,5.43%,,,,,,,,,ShowDailyK_ChartFlow,FinMind_API_TaiwanStockPrice_6763,True,2026-09-29T21:27:50,2026-09-29T21:27:50,2026-09-29T21:27:50
6763,綠界科技,2021-02-22,343.5,3.5,1.03%,,,,,,,,,ShowDailyK_ChartFlow,FinMind_API_TaiwanStockPrice_6763,True,2026-09-29T21:27:50,2026-09-29T21:27:50,2026-09-29T21:27:50
6763,綠界科技,2021-02-23,342.5,-1.0,-0.29%,,,,,,,,,ShowDailyK_ChartFlow,FinMind_API_TaiwanStockPrice_6763,True,2026-09-29T21:27:50,2026-09-29T21:27:50,2026-09-29T21:27:50
6763,綠界科技,2021-02-24,338.0,-4.5,-1.31%,,,,,,,,,ShowDailyK_ChartFlow,FinMind_API_TaiwanStockPrice_6763,True,2026-09-29T21:27:50,2026-09-29T21:27:50,2026-09-29T21:27:50
6763,綠界科技,2021-02-25,338.0,0.0,0.00%,,,,,,,,,ShowDailyK_ChartFlow,FinMind_API_TaiwanStockPrice_6763,True,2026-09-29T21:27:50,2026-09-29T21:27:50,2026-09-29T21:27:50
6763,綠界科技,2021-02-26,336.0,-2.0,-0.59%,,,,,,,,,ShowDailyK_ChartFlow,FinMind_API_TaiwanStockPrice_6763,True,2026-09-29T21:27:50,2026-09-29T21:27:50,2026-09-29T21:27:50
6763,綠界科技,2021-03-02,345.0,9.0,2.68%,,,,,,,,,ShowDailyK_ChartFlow,FinMind_API_TaiwanStockPrice_6763,True,2026-09-29T21:27:50,2026-09-29T21:27:50,2026-09-29T21:27:50
6763,綠界科技,2021-03-03,340.0,-5.0,-1.45%,,,,,,,,,ShowDailyK_ChartFlow,FinMind_API_TaiwanStockPrice_6763,True,2026-09-29T21:27:50,2026-09-29T21:27:50,2026-09-29T21:27:50
6763,綠界科技,2021-03-04,348.0,8.0,2.35%,,,,,,,,,ShowDailyK_ChartFlow,FinMind_API_TaiwanStockPrice_6763,True,2026-09-29T21:27:50,2026-09-29T21:27:50,2026-09-29T21:27:50
6763,綠界科技,2021-03-05,342.0,-6.0,-1.72%,,,,,,,,,ShowDailyK_ChartFlow,FinMind_API_TaiwanStockPrice_6763,True,2026-09-29T21:27:50,2026-09-29T21:27:50,2026-09-29T21:27:50
6763,綠界科技,2021-03-08,343.0,1.0,0.29%,,,,,,,,,ShowDailyK_ChartFlow,FinMind_API_TaiwanStockPrice_6763,True,2026-09-29T21:27:50,2026-09-29T21:27:50,2026-09-29T21:27:50
6763,綠界科技,2021-03-09,340.0,-3.0,-0.87%,,,,,,,,,ShowDailyK_ChartFlow,FinMind_API_TaiwanStockPrice_6763,True,2026-09-29T21:27:50,2026-09-29T21:27:50,2026-09-29T21:27:50
6763,綠界科技,2021-03-10,349.0,9.0,2.65%,,,,,,,,,ShowDailyK_ChartFlow,FinMind_API_TaiwanStockPrice_6763,True,2026-09-29T21:27:50,2026-09-29T21:27:50,2026-09-29T21:27:50
6763,綠界科技,2021-03-11,349.5,0.5,0.14%,,,,,,,,,ShowDailyK_ChartFlow,FinMind_API_TaiwanStockPrice_6763,True,2026-09-29T21:27:50,2026-09-29T21:27:50,2026-09-29T21:27:50
6763,綠界科技,2021-03-12,347.0,-2.5,-0.72%,,,,,,,,,ShowDailyK_ChartFlow,FinMind_API_TaiwanStockPrice_6763,True,2026-09-29T21:27:50,2026-09-29T21:27:50,2026-09-29T21:27:50
6763,綠界科技,2021-03-15,338.0,-9.0,-2.59%,,,,,,,,,ShowDailyK_ChartFlow,FinMind_API_TaiwanStockPrice_6763,True,2026-09-29T21:27:50,2026-09-29T21:27:50,2026-09-29T21:27:50
6763,綠界科技,2021-03-16,346.0,8.0,2.37%,,,,,,,,,ShowDailyK_ChartFlow,FinMind_API_TaiwanStockPrice_6763,True,2026-09-29T21:27:50,2026-09-29T21:27:50,2026-09-29T21:27:50
6763,綠界科技,2021-03-17,343.0,-3.0,-0.87%,,,,,,,,,ShowDailyK_ChartFlow,FinMind_API_TaiwanStockPrice_6763,True,2026-09-29T21:27:50,2026-09-29T21:27:50,2026-09-29T21:27:50
6763,綠界科技,2021-03-18,340.0,-3.0,-0.87%,,,,,,,,,ShowDailyK_ChartFlow,FinMind_API_TaiwanStockPrice_6763,True,2026-09-29T21:27:50,2026-09-29T21:27:50,2026-09-29T21:27:50
6763,綠界科技,2021-03-19,344.0,4.0,1.18%,,,,,,,,,ShowDailyK_ChartFlow,FinMind_API_TaiwanStockPrice_6763,True,2026-09-29T21:27:50,2026-09-29T21:27:50,2026-09-29T21:27:50
6763,綠界科技,2021-03-22,340.0,-4.0,-1.16%,,,,,,,,,ShowDailyK_ChartFlow,FinMind_API_TaiwanStockPrice_6763,True,2026-09-29T21:27:50,2026-09-29T21:27:50,2026-09-29T21:27:50
6763,綠界科技,2021-03-23,336.5,-3.5,-1.03%,,,,,,,,,ShowDailyK_ChartFlow,FinMind_API_TaiwanStockPrice_6763,True,2026-09-29T21:27:50,2026-09-29T21:27:50,2026-09-29T21:27:50
6763,綠界科技,2021-03-24,341.0,4.5,1.34%,,,,,,,,,ShowDailyK_ChartFlow,FinMind_API_TaiwanStockPrice_6763,True,2026-09-29T21:27:50,2026-09-29T21:27:50,2026-09-29T21:27:50
6763,綠界科技,2021-03-25,367.5,26.5,7.77%,,,,,,,,,ShowDailyK_ChartFlow,FinMind_API_TaiwanStockPrice_6763,True,2026-09-29T21:27:50,2026-09-29T21:27:50,2026-09-29T21:27:50
6763,綠界科技,2021-03-26,379.0,11.5,3.13%,,,,,,,,,ShowDailyK_ChartFlow,FinMind_API_TaiwanStockPrice_6763,True,2026-09-29T21:27:50,2026-09-29T21:27:50,2026-09-29T21:27:50
6763,綠界科技,2021-03-29,398.0,19.0,5.01%,,,,,,,,,ShowDailyK_ChartFlow,FinMind_API_TaiwanStockPrice_6763,True,2026-09-29T21:27:50,2026-09-29T21:27:50,2026-09-29T21:27:50
6763,綠界科技,2021-03-30,388.0,-10.0,-2.51%,,,,,,,,,ShowDailyK_ChartFlow,FinMind_API_TaiwanStockPrice_6763,True,2026-09-29T21:27:50,2026-09-29T21:27:50,2026-09-29T21:27:50
6763,綠界科技,2021-03-31,393.0,5.0,1.29%,,,,,,,,,ShowDailyK_ChartFlow,FinMind_API_TaiwanStockPrice_6763,True,2026-09-29T21:27:50,2026-09-29T21:27:50,2026-09-29T21:27:50
6763,綠界科技,2021-04-01,396.5,3.5,0.89%,,,,,,,,,ShowDailyK_ChartFlow,FinMind_API_TaiwanStockPrice_6763,True,2026-09-29T21:27:50,2026-09-29T21:27:50,2026-09-29T21:27:50
6763,綠界科技,2021-04-06,416.5,20.0,5.04%,,,,,,,,,ShowDailyK_ChartFlow,FinMind_API_TaiwanStockPrice_6763,True,2026-09-29T21:27:50,2026-09-29T21:27:50,2026-09-29T21:27:50
6763,綠界科技,2021-04-07,418.0,1.5,0.36%,,,,,,,,,ShowDailyK_ChartFlow,FinMind_API_TaiwanStockPrice_6763,True,2026-09-29T21:27:50,2026-09-29T21:27:50,2026-09-29T21:27:50
6763,綠界科技,2021-04-08,468.0,50.0,11.96%,,,,,,,,,ShowDailyK_ChartFlow,FinMind_API_TaiwanStockPrice_6763,True,2026-09-29T21:27:50,2026-09-29T21:27:50,2026-09-29T21:27:50
6763,綠界科技,2021-04-09,519.0,51.0,10.90%,,,,,,,,,ShowDailyK_ChartFlow,FinMind_API_TaiwanStockPrice_6763,True,2026-09-29T21:27:50,2026-09-29T21:27:50,2026-09-29T21:27:50
6763,綠界科技,2021-04-12,590.0,71.0,13.68%,,,,,,,,,ShowDailyK_ChartFlow,FinMind_API_TaiwanStockPrice_6763,True,2026-09-29T21:27:50,2026-09-29T21:27:50,2026-09-29T21:27:50
6763,綠界科技,2021-04-13,550.0,-40.0,-6.78%,,,,,,,,,ShowDailyK_ChartFlow,FinMind_API_TaiwanStockPrice_6763,True,2026-09-29T21:27:50,2026-09-29T21:27:50,2026-09-29T21:27:50
6763,綠界科技,2021-04-14,547.0,-3.0,-0.55%,,,,,,,,,ShowDailyK_ChartFlow,FinMind_API_TaiwanStockPrice_6763,True,2026-09-29T21:27:50,2026-09-29T21:27:50,2026-09-29T21:27:50
6763,綠界科技,2021-04-15,591.0,44.0,8.04%,,,,,,,,,ShowDailyK_ChartFlow,FinMind_API_TaiwanStockPrice_6763,True,2026-09-29T21:27:50,2026-09-29T21:27:50,2026-09-29T21:27:50
6763,綠界科技,2021-04-16,630.0,39.0,6.60%,,,,,,,,,ShowDailyK_ChartFlow,FinMind_API_TaiwanStockPrice_6763,True,2026-09-29T21:27:50,2026-09-29T21:27:50,2026-09-29T21:27:50
6763,綠界科技,2021-04-19,633.0,3.0,0.48%,,,,,,,,,ShowDailyK_ChartFlow,FinMind_API_TaiwanStockPrice_6763,True,2026-09-29T21:27:50,2026-09-29T21:27:50,2026-09-29T21:27:50
6763,綠界科技,2021-04-20,618.0,-15.0,-2.37%,,,,,,,,,ShowDailyK_ChartFlow,FinMind_API_TaiwanStockPrice_6763,True,2026-09-29T21:27:50,2026-09-29T21:27:50,2026-09-29T21:27:50
6763,綠界科技,2021-04-21,601.0,-17.0,-2.75%,,,,,,,,,ShowDailyK_ChartFlow,FinMind_API_TaiwanStockPrice_6763,True,2026-09-29T21:27:50,2026-09-29T21:27:50,2026-09-29T21:27:50
6763,綠界科技,2021-04-22,574.0,-27.0,-4.49%,,,,,,,,,ShowDailyK_ChartFlow,FinMind_API_TaiwanStockPrice_6763,True,2026-09-29T21:27:50,2026-09-29T21:27:50,2026-09-29T21:27:50
6763,綠界科技,2021-04-23,592.0,18.0,3.14%,,,,,,,,,ShowDailyK_ChartFlow,FinMind_API_TaiwanStockPrice_6763,True,2026-09-29T21:27:50,2026-09-29T21:27:50,2026-09-29T21:27:50
6763,綠界科技,2021-04-26,587.0,-5.0,-0.84%,,,,,,,,,ShowDailyK_ChartFlow,FinMind_API_TaiwanStockPrice_6763,True,2026-09-29T21:27:50,2026-09-29T21:27:50,2026-09-29T21:27:50
6763,綠界科技,2021-04-27,586.0,-1.0,-0.17%,,,,,,,,,ShowDailyK_ChartFlow,FinMind_API_TaiwanStockPrice_6763,True,2026-09-29T21:27:50,2026-09-29T21:27:50,2026-09-29T21:27:50
6763,綠界科技,2021-04-28,573.0,-13.0,-2.22%,,,,,,,,,ShowDailyK_ChartFlow,FinMind_API_TaiwanStockPrice_6763,True,2026-09-29T21:27:50,2026-09-29T21:27:50,2026-09-29T21:27:50
6763,綠界科技,2021-04-29,554.0,-19.0,-3.32%,,,,,,,,,ShowDailyK_ChartFlow,FinMind_API_TaiwanStockPrice_6763,True,2026-09-29T21:27:50,2026-09-29T21:27:50,2026-09-29T21:27:50
6763,綠界科技,2021-05-03,578.0,24.0,4.33%,,,,,,,,,ShowDailyK_ChartFlow,FinMind_API_TaiwanStockPrice_6763,True,2026-09-29T21:27:50,2026-09-29T21:27:50,2026-09-29T21:27:50
6763,綠界科技,2021-05-04,586.0,8.0,1.38%,,,,,,,,,ShowDailyK_ChartFlow,FinMind_API_TaiwanStockPrice_6763,True,2026-09-29T21:27:50,2026-09-29T21:27:50,2026-09-29T21:27:50
6763,綠界科技,2021-05-05,620.0,34.0,5.80%,,,,,,,,,ShowDailyK_ChartFlow,FinMind_API_TaiwanStockPrice_6763,True,2026-09-29T21:27:50,2026-09-29T21:27:50,2026-09-29T21:27:50
6763,綠界科技,2021-05-06,626.0,6.0,0.97%,,,,,,,,,ShowDailyK_ChartFlow,FinMind_API_TaiwanStockPrice_6763,True,2026-09-29T21:27:50,2026-09-29T21:27:50,2026-09-29T21:27:50
6763,綠界科技,2021-05-07,732.0,106.0,16.93%,,,,,,,,,ShowDailyK_ChartFlow,FinMind_API_TaiwanStockPrice_6763,True,2026-09-29T21:27:50,2026-09-29T21:27:50,2026-09-29T21:27:50
6763,綠界科技,2021-05-10,738.0,6.0,0.82%,,,,,,,,,ShowDailyK_ChartFlow,FinMind_API_TaiwanStockPrice_6763,True,2026-09-29T21:27:50,2026-09-29T21:27:50,2026-09-29T21:27:50
6763,綠界科技,2021-05-11,694.0,-44.0,-5.96%,,,,,,,,,ShowDailyK_ChartFlow,FinMind_API_TaiwanStockPrice_6763,True,2026-09-29T21:27:50,2026-09-29T21:27:50,2026-09-29T21:27:50
6763,綠界科技,2021-05-12,700.0,6.0,0.86%,,,,,,,,,ShowDailyK_ChartFlow,FinMind_API_TaiwanStockPrice_6763,True,2026-09-29T21:27:50,2026-09-29T21:27:50,2026-09-29T21:27:50
6763,綠界科技,2021-05-13,711.0,11.0,1.57%,,,,,,,,,ShowDailyK_ChartFlow,FinMind_API_TaiwanStockPrice_6763,True,2026-09-29T21:27:50,2026-09-29T21:27:50,2026-09-29T21:27:50
6763,綠界科技,2021-05-14,694.0,-17.0,-2.39%,,,,,,,,,ShowDailyK_ChartFlow,FinMind_API_TaiwanStockPrice_6763,True,2026-09-29T21:27:50,2026-09-29T21:27:50,2026-09-29T21:27:50
6763,綠界科技,2021-05-17,782.0,88.0,12.68%,,,,,,,,,ShowDailyK_ChartFlow,FinMind_API_TaiwanStockPrice_6763,True,2026-09-29T21:27:50,2026-09-29T21:27:50,2026-09-29T21:27:50
6763,綠界科技,2021-05-18,756.0,-26.0,-3.32%,,,,,,,,,ShowDailyK_ChartFlow,FinMind_API_TaiwanStockPrice_6763,True,2026-09-29T21:27:50,2026-09-29T21:27:50,2026-09-29T21:27:50
6763,綠界科技,2021-05-19,767.0,11.0,1.46%,,,,,,,,,ShowDailyK_ChartFlow,FinMind_API_TaiwanStockPrice_6763,True,2026-09-29T21:27:50,2026-09-29T21:27:50,2026-09-29T21:27:50
6763,綠界科技,2021-05-20,789.0,22.0,2.87%,,,,,,,,,ShowDailyK_ChartFlow,FinMind_API_TaiwanStockPrice_6763,True,2026-09-29T21:27:50,2026-09-29T21:27:50,2026-09-29T21:27:50
6763,綠界科技,2021-05-21,795.0,6.0,0.76%,,,,,,,,,ShowDailyK_ChartFlow,FinMind_API_TaiwanStockPrice_6763,True,2026-09-29T21:27:50,2026-09-29T21:27:50,2026-09-29T21:27:50
6763,綠界科技,2021-05-24,780.0,-15.0,-1.89%,,,,,,,,,ShowDailyK_ChartFlow,FinMind_API_TaiwanStockPrice_6763,True,2026-09-29T21:27:50,2026-09-29T21:27:50,2026-09-29T21:27:50
6763,綠界科技,2021-05-25,794.0,14.0,1.79%,,,,,,,,,ShowDailyK_ChartFlow,FinMind_API_TaiwanStockPrice_6763,True,2026-09-29T21:27:50,2026-09-29T21:27:50,2026-09-29T21:27:50
6763,綠界科技,2021-05-26,813.0,19.0,2.39%,,,,,,,,,ShowDailyK_ChartFlow,FinMind_API_TaiwanStockPrice_6763,True,2026-09-29T21:27:50,2026-09-29T21:27:50,2026-09-29T21:27:50
6763,綠界科技,2021-05-27,876.0,63.0,7.75%,,,,,,,,,ShowDailyK_ChartFlow,FinMind_API_TaiwanStockPrice_6763,True,2026-09-29T21:27:50,2026-09-29T21:27:50,2026-09-29T21:27:50
6763,綠界科技,2021-05-28,857.0,-19.0,-2.17%,,,,,,,,,ShowDailyK_ChartFlow,FinMind_API_TaiwanStockPrice_6763,True,2026-09-29T21:27:50,2026-09-29T21:27:50,2026-09-29T21:27:50
6763,綠界科技,2021-05-31,871.0,14.0,1.63%,,,,,,,,,ShowDailyK_ChartFlow,FinMind_API_TaiwanStockPrice_6763,True,2026-09-29T21:27:50,2026-09-29T21:27:50,2026-09-29T21:27:50
6763,綠界科技,2021-06-01,879.0,8.0,0.92%,,,,,,,,,ShowDailyK_ChartFlow,FinMind_API_TaiwanStockPrice_6763,True,2026-09-29T21:27:50,2026-09-29T21:27:50,2026-09-29T21:27:50
6763,綠界科技,2021-06-02,858.0,-21.0,-2.39%,,,,,,,,,ShowDailyK_ChartFlow,FinMind_API_TaiwanStockPrice_6763,True,2026-09-29T21:27:50,2026-09-29T21:27:50,2026-09-29T21:27:50
6763,綠界科技,2021-06-03,830.0,-28.0,-3.26%,,,,,,,,,ShowDailyK_ChartFlow,FinMind_API_TaiwanStockPrice_6763,True,2026-09-29T21:27:50,2026-09-29T21:27:50,2026-09-29T21:27:50
6763,綠界科技,2021-06-04,828.0,-2.0,-0.24%,,,,,,,,,ShowDailyK_ChartFlow,FinMind_API_TaiwanStockPrice_6763,True,2026-09-29T21:27:50,2026-09-29T21:27:50,2026-09-29T21:27:50
6763,綠界科技,2021-06-07,836.0,8.0,0.97%,,,,,,,,,ShowDailyK_ChartFlow,FinMind_API_TaiwanStockPrice_6763,True,2026-09-29T21:27:50,2026-09-29T21:27:50,2026-09-29T21:27:50
6763,綠界科技,2021-06-08,853.0,17.0,2.03%,,,,,,,,,ShowDailyK_ChartFlow,FinMind_API_TaiwanStockPrice_6763,True,2026-09-29T21:27:50,2026-09-29T21:27:50,2026-09-29T21:27:50
6763,綠界科技,2021-06-09,832.0,-21.0,-2.46%,,,,,,,,,ShowDailyK_ChartFlow,FinMind_API_TaiwanStockPrice_6763,True,2026-09-29T21:27:50,2026-09-29T21:27:50,2026-09-29T21:27:50
6763,綠界科技,2021-06-10,818.0,-14.0,-1.68%,,,,,,,,,ShowDailyK_ChartFlow,FinMind_API_TaiwanStockPrice_6763,True,2026-09-29T21:27:50,2026-09-29T21:27:50,2026-09-29T21:27:50
6763,綠界科技,2021-06-11,871.0,53.0,6.48%,,,,,,,,,ShowDailyK_ChartFlow,FinMind_API_TaiwanStockPrice_6763,True,2026-09-29T21:27:50,2026-09-29T21:27:50,2026-09-29T21:27:50
6763,綠界科技,2021-06-15,965.0,94.0,10.79%,,,,,,,,,ShowDailyK_ChartFlow,FinMind_API_TaiwanStockPrice_6763,True,2026-09-29T21:27:50,2026-09-29T21:27:50,2026-09-29T21:27:50
6763,綠界科技,2021-06-16,995.0,30.0,3.11%,,,,,,,,,ShowDailyK_ChartFlow,FinMind_API_TaiwanStockPrice_6763,True,2026-09-29T21:27:50,2026-09-29T21:27:50,2026-09-29T21:27:50
6763,綠界科技,2021-06-17,1050.0,55.0,5.53%,,,,,,,,,ShowDailyK_ChartFlow,FinMind_API_TaiwanStockPrice_6763,True,2026-09-29T21:27:50,2026-09-29T21:27:50,2026-09-29T21:27:50
6763,綠界科技,2021-06-18,1120.0,70.0,6.67%,,,,,,,,,ShowDailyK_ChartFlow,FinMind_API_TaiwanStockPrice_6763,True,2026-09-29T21:27:50,2026-09-29T21:27:50,2026-09-29T21:27:50
6763,綠界科技,2021-06-21,1235.0,115.0,10.27%,,,,,,,,,ShowDailyK_ChartFlow,FinMind_API_TaiwanStockPrice_6763,True,2026-09-29T21:27:50,2026-09-29T21:27:50,2026-09-29T21:27:50
6763,綠界科技,2021-06-22,1230.0,-5.0,-0.40%,,,,,,,,,ShowDailyK_ChartFlow,FinMind_API_TaiwanStockPrice_6763,True,2026-09-29T21:27:50,2026-09-29T21:27:50,2026-09-29T21:27:50
6763,綠界科技,2021-06-23,1195.0,-35.0,-2.85%,,,,,,,,,ShowDailyK_ChartFlow,FinMind_API_TaiwanStockPrice_6763,True,2026-09-29T21:27:50,2026-09-29T21:27:50,2026-09-29T21:27:50
6763,綠界科技,2021-06-24,1325.0,130.0,10.88%,,,,,,,,,ShowDailyK_ChartFlow,FinMind_API_TaiwanStockPrice_6763,True,2026-09-29T21:27:50,2026-09-29T21:27:50,2026-09-29T21:27:50
6763,綠界科技,2021-06-25,1375.0,50.0,3.77%,,,,,,,,,ShowDailyK_ChartFlow,FinMind_API_TaiwanStockPrice_6763,True,2026-09-29T21:27:50,2026-09-29T21:27:50,2026-09-29T21:27:50
6763,綠界科技,2021-06-28,1395.0,20.0,1.45%,,,,,,,,,ShowDailyK_ChartFlow,FinMind_API_TaiwanStockPrice_6763,True,2026-09-29T21:27:50,2026-09-29T21:27:50,2026-09-29T21:27:50
6763,綠界科技,2021-06-29,1400.0,5.0,0.36%,,,,,,,,,ShowDailyK_ChartFlow,FinMind_API_TaiwanStockPrice_6763,True,2026-09-29T21:27:50,2026-09-29T21:27:50,2026-09-29T21:27:50
6763,綠界科技,2021-06-30,1500.0,100.0,7.14%,,,,,,,,,ShowDailyK_ChartFlow,FinMind_API_TaiwanStockPrice_6763,True,2026-09-29T21:27:50,2026-09-29T21:27:50,2026-09-29T21:27:50
6763,綠界科技,2021-07-01,1460.0,-40.0,-2.67%,,,,,,,,,ShowDailyK_ChartFlow,FinMind_API_TaiwanStockPrice_6763,True,2026-09-29T21:27:50,2026-09-29T21:27:50,2026-09-29T21:27:50
6763,綠界科技,2021-07-02,1400.0,-60.0,-4.11%,,,,,,,,,ShowDailyK_ChartFlow,FinMind_API_TaiwanStockPrice_6763,True,2026-09-29T21:27:50,2026-09-29T21:27:50,2026-09-29T21:27:50
6763,綠界科技,2021-07-05,1295.0,-105.0,-7.50%,,,,,,,,,ShowDailyK_ChartFlow,FinMind_API_TaiwanStockPrice_6763,True,2026-09-29T21:27:50,2026-09-29T21:27:50,2026-09-29T21:27:50
6763,綠界科技,2021-07-06,1330.0,35.0,2.70%,,,,,,,,,ShowDailyK_ChartFlow,FinMind_API_TaiwanStockPrice_6763,True,2026-09-29T21:27:50,2026-09-29T21:27:50,2026-09-29T21:27:50
6763,綠界科技,2021-07-07,1405.0,75.0,5.64%,,,,,,,,,ShowDailyK_ChartFlow,FinMind_API_TaiwanStockPrice_6763,True,2026-09-29T21:27:50,2026-09-29T21:27:50,2026-09-29T21:27:50
6763,綠界科技,2021-07-08,1330.0,-75.0,-5.34%,,,,,,,,,ShowDailyK_ChartFlow,FinMind_API_TaiwanStockPrice_6763,True,2026-09-29T21:27:50,2026-09-29T21:27:50,2026-09-29T21:27:50
6763,綠界科技,2021-07-09,1255.0,-75.0,-5.64%,,,,,,,,,ShowDailyK_ChartFlow,FinMind_API_TaiwanStockPrice_6763,True,2026-09-29T21:27:50,2026-09-29T21:27:50,2026-09-29T21:27:50
6763,綠界科技,2021-07-12,1245.0,-10.0,-0.80%,,,,,,,,,ShowDailyK_ChartFlow,FinMind_API_TaiwanStockPrice_6763,True,2026-09-29T21:27:50,2026-09-29T21:27:50,2026-09-29T21:27:50
6763,綠界科技,2021-07-13,1230.0,-15.0,-1.20%,,,,,,,,,ShowDailyK_ChartFlow,FinMind_API_TaiwanStockPrice_6763,True,2026-09-29T21:27:50,2026-09-29T21:27:50,2026-09-29T21:27:50
6763,綠界科技,2021-07-14,1175.0,-55.0,-4.47%,,,,,,,,,ShowDailyK_ChartFlow,FinMind_API_TaiwanStockPrice_6763,True,2026-09-29T21:27:50,2026-09-29T21:27:50,2026-09-29T21:27:50
6763,綠界科技,2021-07-15,1295.0,120.0,10.21%,,,,,,,,,ShowDailyK_ChartFlow,FinMind_API_TaiwanStockPrice_6763,True,2026-09-29T21:27:50,2026-09-29T21:27:50,2026-09-29T21:27:50
6763,綠界科技,2021-07-16,1280.0,-15.0,-1.16%,,,,,,,,,ShowDailyK_ChartFlow,FinMind_API_TaiwanStockPrice_6763,True,2026-09-29T21:27:50,2026-09-29T21:27:50,2026-09-29T21:27:50
6763,綠界科技,2021-07-19,1295.0,15.0,1.17%,,,,,,,,,ShowDailyK_ChartFlow,FinMind_API_TaiwanStockPrice_6763,True,2026-09-29T21:27:50,2026-09-29T21:27:50,2026-09-29T21:27:50
6763,綠界科技,2021-07-20,1280.0,-15.0,-1.16%,,,,,,,,,ShowDailyK_ChartFlow,FinMind_API_TaiwanStockPrice_6763,True,2026-09-29T21:27:50,2026-09-29T21:27:50,2026-09-29T21:27:50
6763,綠界科技,2021-07-21,1250.0,-30.0,-2.34%,,,,,,,,,ShowDailyK_ChartFlow,FinMind_API_TaiwanStockPrice_6763,True,2026-09-29T21:27:50,2026-09-29T21:27:50,2026-09-29T21:27:50
6763,綠界科技,2021-07-22,1320.0,70.0,5.60%,,,,,,,,,ShowDailyK_ChartFlow,FinMind_API_TaiwanStockPrice_6763,True,2026-09-29T21:27:50,2026-09-29T21:27:50,2026-09-29T21:27:50
6763,綠界科技,2021-07-23,1330.0,10.0,0.76%,,,,,,,,,ShowDailyK_ChartFlow,FinMind_API_TaiwanStockPrice_6763,True,2026-09-29T21:27:50,2026-09-29T21:27:50,2026-09-29T21:27:50
6763,綠界科技,2021-07-26,1315.0,-15.0,-1.13%,,,,,,,,,ShowDailyK_ChartFlow,FinMind_API_TaiwanStockPrice_6763,True,2026-09-29T21:27:50,2026-09-29T21:27:50,2026-09-29T21:27:50
6763,綠界科技,2021-07-27,1285.0,-30.0,-2.28%,,,,,,,,,ShowDailyK_ChartFlow,FinMind_API_TaiwanStockPrice_6763,True,2026-09-29T21:27:50,2026-09-29T21:27:50,2026-09-29T21:27:50
6763,綠界科技,2021-07-28,1275.0,-10.0,-0.78%,,,,,,,,,ShowDailyK_ChartFlow,FinMind_API_TaiwanStockPrice_6763,True,2026-09-29T21:27:50,2026-09-29T21:27:50,2026-09-29T21:27:50
6763,綠界科技,2021-07-29,1290.0,15.0,1.18%,,,,,,,,,ShowDailyK_ChartFlow,FinMind_API_TaiwanStockPrice_6763,True,2026-09-29T21:27:50,2026-09-29T21:27:50,2026-09-29T21:27:50
6763,綠界科技,2021-07-30,1280.0,-10.0,-0.78%,,,,,,,,,ShowDailyK_ChartFlow,FinMind_API_TaiwanStockPrice_6763,True,2026-09-29T21:27:50,2026-09-29T21:27:50,2026-09-29T21:27:50
6763,綠界科技,2021-08-02,1280.0,0.0,0.00%,,,,,,,,,ShowDailyK_ChartFlow,FinMind_API_TaiwanStockPrice_6763,True,2026-09-29T21:27:50,2026-09-29T21:27:50,2026-09-29T21:27:50
6763,綠界科技,2021-08-03,1255.0,-25.0,-1.95%,,,,,,,,,ShowDailyK_ChartFlow,FinMind_API_TaiwanStockPrice_6763,True,2026-09-29T21:27:50,2026-09-29T21:27:50,2026-09-29T21:27:50
6763,綠界科技,2021-08-04,1280.0,25.0,1.99%,,,,,,,,,ShowDailyK_ChartFlow,FinMind_API_TaiwanStockPrice_6763,True,2026-09-29T21:27:50,2026-09-29T21:27:50,2026-09-29T21:27:50
6763,綠界科技,2021-08-05,1290.0,10.0,0.78%,,,,,,,,,ShowDailyK_ChartFlow,FinMind_API_TaiwanStockPrice_6763,True,2026-09-29T21:27:50,2026-09-29T21:27:50,2026-09-29T21:27:50
6763,綠界科技,2021-08-06,1305.0,15.0,1.16%,,,,,,,,,ShowDailyK_ChartFlow,FinMind_API_TaiwanStockPrice_6763,True,2026-09-29T21:27:50,2026-09-29T21:27:50,2026-09-29T21:27:50
6763,綠界科技,2021-08-09,1260.0,-45.0,-3.45%,,,,,,,,,ShowDailyK_ChartFlow,FinMind_API_TaiwanStockPrice_6763,True,2026-09-29T21:27:50,2026-09-29T21:27:50,2026-09-29T21:27:50
6763,綠界科技,2021-08-10,1185.0,-75.0,-5.95%,,,,,,,,,ShowDailyK_ChartFlow,FinMind_API_TaiwanStockPrice_6763,True,2026-09-29T21:27:50,2026-09-29T21:27:50,2026-09-29T21:27:50
6763,綠界科技,2021-08-11,1205.0,20.0,1.69%,,,,,,,,,ShowDailyK_ChartFlow,FinMind_API_TaiwanStockPrice_6763,True,2026-09-29T21:27:50,2026-09-29T21:27:50,2026-09-29T21:27:50
6763,綠界科技,2021-08-12,1300.0,95.0,7.88%,,,,,,,,,ShowDailyK_ChartFlow,FinMind_API_TaiwanStockPrice_6763,True,2026-09-29T21:27:50,2026-09-29T21:27:50,2026-09-29T21:27:50
6763,綠界科技,2021-08-13,1240.0,-60.0,-4.62%,,,,,,,,,ShowDailyK_ChartFlow,FinMind_API_TaiwanStockPrice_6763,True,2026-09-29T21:27:50,2026-09-29T21:27:50,2026-09-29T21:27:50
6763,綠界科技,2021-08-16,1200.0,-40.0,-3.23%,,,,,,,,,ShowDailyK_ChartFlow,FinMind_API_TaiwanStockPrice_6763,True,2026-09-29T21:27:50,2026-09-29T21:27:50,2026-09-29T21:27:50
6763,綠界科技,2021-08-17,1125.0,-75.0,-6.25%,,,,,,,,,ShowDailyK_ChartFlow,FinMind_API_TaiwanStockPrice_6763,True,2026-09-29T21:27:50,2026-09-29T21:27:50,2026-09-29T21:27:50
6763,綠界科技,2021-08-18,1075.0,-50.0,-4.44%,,,,,,,,,ShowDailyK_ChartFlow,FinMind_API_TaiwanStockPrice_6763,True,2026-09-29T21:27:50,2026-09-29T21:27:50,2026-09-29T21:27:50
6763,綠界科技,2021-08-19,1000.0,-75.0,-6.98%,,,,,,,,,ShowDailyK_ChartFlow,FinMind_API_TaiwanStockPrice_6763,True,2026-09-29T21:27:50,2026-09-29T21:27:50,2026-09-29T21:27:50
6763,綠界科技,2021-08-20,1005.0,5.0,0.50%,,,,,,,,,ShowDailyK_ChartFlow,FinMind_API_TaiwanStockPrice_6763,True,2026-09-29T21:27:50,2026-09-29T21:27:50,2026-09-29T21:27:50
6763,綠界科技,2021-08-23,1100.0,95.0,9.45%,,,,,,,,,ShowDailyK_ChartFlow,FinMind_API_TaiwanStockPrice_6763,True,2026-09-29T21:27:50,2026-09-29T21:27:50,2026-09-29T21:27:50
6763,綠界科技,2021-08-24,1200.0,100.0,9.09%,,,,,,,,,ShowDailyK_ChartFlow,FinMind_API_TaiwanStockPrice_6763,True,2026-09-29T21:27:50,2026-09-29T21:27:50,2026-09-29T21:27:50
6763,綠界科技,2021-08-25,1265.0,65.0,5.42%,,,,,,,,,ShowDailyK_ChartFlow,FinMind_API_TaiwanStockPrice_6763,True,2026-09-29T21:27:50,2026-09-29T21:27:50,2026-09-29T21:27:50
6763,綠界科技,2021-08-26,1210.0,-55.0,-4.35%,,,,,,,,,ShowDailyK_ChartFlow,FinMind_API_TaiwanStockPrice_6763,True,2026-09-29T21:27:50,2026-09-29T21:27:50,2026-09-29T21:27:50
6763,綠界科技,2021-08-27,1135.0,-75.0,-6.20%,,,,,,,,,ShowDailyK_ChartFlow,FinMind_API_TaiwanStockPrice_6763,True,2026-09-29T21:27:50,2026-09-29T21:27:50,2026-09-29T21:27:50
6763,綠界科技,2021-08-30,1165.0,30.0,2.64%,,,,,,,,,ShowDailyK_ChartFlow,FinMind_API_TaiwanStockPrice_6763,True,2026-09-29T21:27:50,2026-09-29T21:27:50,2026-09-29T21:27:50
6763,綠界科技,2021-08-31,1175.0,10.0,0.86%,,,,,,,,,ShowDailyK_ChartFlow,FinMind_API_TaiwanStockPrice_6763,True,2026-09-29T21:27:50,2026-09-29T21:27:50,2026-09-29T21:27:50
6763,綠界科技,2021-09-01,1180.0,5.0,0.43%,,,,,,,,,ShowDailyK_ChartFlow,FinMind_API_TaiwanStockPrice_6763,True,2026-09-29T21:27:50,2026-09-29T21:27:50,2026-09-29T21:27:50
6763,綠界科技,2021-09-02,1185.0,5.0,0.42%,,,,,,,,,ShowDailyK_ChartFlow,FinMind_API_TaiwanStockPrice_6763,True,2026-09-29T21:27:50,2026-09-29T21:27:50,2026-09-29T21:27:50
6763,綠界科技,2021-09-03,1205.0,20.0,1.69%,,,,,,,,,ShowDailyK_ChartFlow,FinMind_API_TaiwanStockPrice_6763,True,2026-09-29T21:27:50,2026-09-29T21:27:50,2026-09-29T21:27:50
6763,綠界科技,2021-09-06,1335.0,130.0,10.79%,,,,,,,,,ShowDailyK_ChartFlow,FinMind_API_TaiwanStockPrice_6763,True,2026-09-29T21:27:50,2026-09-29T21:27:50,2026-09-29T21:27:50
6763,綠界科技,2021-09-07,1320.0,-15.0,-1.12%,,,,,,,,,ShowDailyK_ChartFlow,FinMind_API_TaiwanStockPrice_6763,True,2026-09-29T21:27:50,2026-09-29T21:27:50,2026-09-29T21:27:50
6763,綠界科技,2021-09-08,1415.0,95.0,7.20%,,,,,,,,,ShowDailyK_ChartFlow,FinMind_API_TaiwanStockPrice_6763,True,2026-09-29T21:27:50,2026-09-29T21:27:50,2026-09-29T21:27:50
6763,綠界科技,2021-09-09,1390.0,-25.0,-1.77%,,,,,,,,,ShowDailyK_ChartFlow,FinMind_API_TaiwanStockPrice_6763,True,2026-09-29T21:27:50,2026-09-29T21:27:50,2026-09-29T21:27:50
6763,綠界科技,2021-09-10,1390.0,0.0,0.00%,,,,,,,,,ShowDailyK_ChartFlow,FinMind_API_TaiwanStockPrice_6763,True,2026-09-29T21:27:50,2026-09-29T21:27:50,2026-09-29T21:27:50
6763,綠界科技,2021-09-13,1340.0,-50.0,-3.60%,,,,,,,,,ShowDailyK_ChartFlow,FinMind_API_TaiwanStockPrice_6763,True,2026-09-29T21:27:50,2026-09-29T21:27:50,2026-09-29T21:27:50
6763,綠界科技,2021-09-14,1260.0,-80.0,-5.97%,,,,,,,,,ShowDailyK_ChartFlow,FinMind_API_TaiwanStockPrice_6763,True,2026-09-29T21:27:50,2026-09-29T21:27:50,2026-09-29T21:27:50
6763,綠界科技,2021-09-15,1295.0,35.0,2.78%,,,,,,,,,ShowDailyK_ChartFlow,FinMind_API_TaiwanStockPrice_6763,True,2026-09-29T21:27:50,2026-09-29T21:27:50,2026-09-29T21:27:50
6763,綠界科技,2021-09-16,1285.0,-10.0,-0.77%,,,,,,,,,ShowDailyK_ChartFlow,FinMind_API_TaiwanStockPrice_6763,True,2026-09-29T21:27:50,2026-09-29T21:27:50,2026-09-29T21:27:50
6763,綠界科技,2021-09-17,1335.0,50.0,3.89%,,,,,,,,,ShowDailyK_ChartFlow,FinMind_API_TaiwanStockPrice_6763,True,2026-09-29T21:27:50,2026-09-29T21:27:50,2026-09-29T21:27:50
6763,綠界科技,2021-09-22,1380.0,45.0,3.37%,,,,,,,,,ShowDailyK_ChartFlow,FinMind_API_TaiwanStockPrice_6763,True,2026-09-29T21:27:50,2026-09-29T21:27:50,2026-09-29T21:27:50
6763,綠界科技,2021-09-23,1380.0,0.0,0.00%,,,,,,,,,ShowDailyK_ChartFlow,FinMind_API_TaiwanStockPrice_6763,True,2026-09-29T21:27:50,2026-09-29T21:27:50,2026-09-29T21:27:50
6763,綠界科技,2021-09-24,1350.0,-30.0,-2.17%,,,,,,,,,ShowDailyK_ChartFlow,FinMind_API_TaiwanStockPrice_6763,True,2026-09-29T21:27:50,2026-09-29T21:27:50,2026-09-29T21:27:50
6763,綠界科技,2021-09-27,1290.0,-60.0,-4.44%,,,,,,,,,ShowDailyK_ChartFlow,FinMind_API_TaiwanStockPrice_6763,True,2026-09-29T21:27:50,2026-09-29T21:27:50,2026-09-29T21:27:50
6763,綠界科技,2021-09-28,1275.0,-15.0,-1.16%,,,,,,,,,ShowDailyK_ChartFlow,FinMind_API_TaiwanStockPrice_6763,True,2026-09-29T21:27:50,2026-09-29T21:27:50,2026-09-29T21:27:50
6763,綠界科技,2021-09-29,1235.0,-40.0,-3.14%,,,,,,,,,ShowDailyK_ChartFlow,FinMind_API_TaiwanStockPrice_6763,True,2026-09-29T21:27:50,2026-09-29T21:27:50,2026-09-29T21:27:50
6763,綠界科技,2021-09-30,1245.0,10.0,0.81%,,,,,,,,,ShowDailyK_ChartFlow,FinMind_API_TaiwanStockPrice_6763,True,2026-09-29T21:27:50,2026-09-29T21:27:50,2026-09-29T21:27:50
6763,綠界科技,2021-10-01,1195.0,-50.0,-4.02%,,,,,,,,,ShowDailyK_ChartFlow,FinMind_API_TaiwanStockPrice_6763,True,2026-09-29T21:27:50,2026-09-29T21:27:50,2026-09-29T21:27:50
6763,綠界科技,2021-10-04,1190.0,-5.0,-0.42%,,,,,,,,,ShowDailyK_ChartFlow,FinMind_API_TaiwanStockPrice_6763,True,2026-09-29T21:27:50,2026-09-29T21:27:50,2026-09-29T21:27:50
6763,綠界科技,2021-10-05,1130.0,-60.0,-5.04%,,,,,,,,,ShowDailyK_ChartFlow,FinMind_API_TaiwanStockPrice_6763,True,2026-09-29T21:27:50,2026-09-29T21:27:50,2026-09-29T21:27:50
6763,綠界科技,2021-10-06,1165.0,35.0,3.10%,,,,,,,,,ShowDailyK_ChartFlow,FinMind_API_TaiwanStockPrice_6763,True,2026-09-29T21:27:50,2026-09-29T21:27:50,2026-09-29T21:27:50
6763,綠界科技,2021-10-07,1175.0,10.0,0.86%,,,,,,,,,ShowDailyK_ChartFlow,FinMind_API_TaiwanStockPrice_6763,True,2026-09-29T21:27:50,2026-09-29T21:27:50,2026-09-29T21:27:50
6763,綠界科技,2021-10-08,1175.0,0.0,0.00%,,,,,,,,,ShowDailyK_ChartFlow,FinMind_API_TaiwanStockPrice_6763,True,2026-09-29T21:27:50,2026-09-29T21:27:50,2026-09-29T21:27:50
6763,綠界科技,2021-10-12,1180.0,5.0,0.43%,,,,,,,,,ShowDailyK_ChartFlow,FinMind_API_TaiwanStockPrice_6763,True,2026-09-29T21:27:50,2026-09-29T21:27:50,2026-09-29T21:27:50
6763,綠界科技,2021-10-13,1200.0,20.0,1.69%,,,,,,,,,ShowDailyK_ChartFlow,FinMind_API_TaiwanStockPrice_6763,True,2026-09-29T21:27:50,2026-09-29T21:27:50,2026-09-29T21:27:50
6763,綠界科技,2021-10-14,1190.0,-10.0,-0.83%,,,,,,,,,ShowDailyK_ChartFlow,FinMind_API_TaiwanStockPrice_6763,True,2026-09-29T21:27:50,2026-09-29T21:27:50,2026-09-29T21:27:50
6763,綠界科技,2021-10-15,1300.0,110.0,9.24%,,,,,,,,,ShowDailyK_ChartFlow,FinMind_API_TaiwanStockPrice_6763,True,2026-09-29T21:27:50,2026-09-29T21:27:50,2026-09-29T21:27:50
6763,綠界科技,2021-10-18,1295.0,-5.0,-0.38%,,,,,,,,,ShowDailyK_ChartFlow,FinMind_API_TaiwanStockPrice_6763,True,2026-09-29T21:27:50,2026-09-29T21:27:50,2026-09-29T21:27:50
6763,綠界科技,2021-10-19,1290.0,-5.0,-0.39%,,,,,,,,,ShowDailyK_ChartFlow,FinMind_API_TaiwanStockPrice_6763,True,2026-09-29T21:27:50,2026-09-29T21:27:50,2026-09-29T21:27:50
6763,綠界科技,2021-10-20,1300.0,10.0,0.78%,,,,,,,,,ShowDailyK_ChartFlow,FinMind_API_TaiwanStockPrice_6763,True,2026-09-29T21:27:50,2026-09-29T21:27:50,2026-09-29T21:27:50
6763,綠界科技,2021-10-21,1325.0,25.0,1.92%,,,,,,,,,ShowDailyK_ChartFlow,FinMind_API_TaiwanStockPrice_6763,True,2026-09-29T21:27:50,2026-09-29T21:27:50,2026-09-29T21:27:50
6763,綠界科技,2021-10-22,1355.0,30.0,2.26%,,,,,,,,,ShowDailyK_ChartFlow,FinMind_API_TaiwanStockPrice_6763,True,2026-09-29T21:27:50,2026-09-29T21:27:50,2026-09-29T21:27:50
6763,綠界科技,2021-10-25,1370.0,15.0,1.11%,,,,,,,,,ShowDailyK_ChartFlow,FinMind_API_TaiwanStockPrice_6763,True,2026-09-29T21:27:50,2026-09-29T21:27:50,2026-09-29T21:27:50
6763,綠界科技,2021-10-26,1345.0,-25.0,-1.82%,,,,,,,,,ShowDailyK_ChartFlow,FinMind_API_TaiwanStockPrice_6763,True,2026-09-29T21:27:50,2026-09-29T21:27:50,2026-09-29T21:27:50
6763,綠界科技,2021-10-27,1325.0,-20.0,-1.49%,,,,,,,,,ShowDailyK_ChartFlow,FinMind_API_TaiwanStockPrice_6763,True,2026-09-29T21:27:50,2026-09-29T21:27:50,2026-09-29T21:27:50
6763,綠界科技,2021-10-28,1360.0,35.0,2.64%,,,,,,,,,ShowDailyK_ChartFlow,FinMind_API_TaiwanStockPrice_6763,True,2026-09-29T21:27:50,2026-09-29T21:27:50,2026-09-29T21:27:50
6763,綠界科技,2021-10-29,1340.0,-20.0,-1.47%,,,,,,,,,ShowDailyK_ChartFlow,FinMind_API_TaiwanStockPrice_6763,True,2026-09-29T21:27:50,2026-09-29T21:27:50,2026-09-29T21:27:50
6763,綠界科技,2021-11-01,1305.0,-35.0,-2.61%,,,,,,,,,ShowDailyK_ChartFlow,FinMind_API_TaiwanStockPrice_6763,True,2026-09-29T21:27:50,2026-09-29T21:27:50,2026-09-29T21:27:50
6763,綠界科技,2021-11-02,1280.0,-25.0,-1.92%,,,,,,,,,ShowDailyK_ChartFlow,FinMind_API_TaiwanStockPrice_6763,True,2026-09-29T21:27:50,2026-09-29T21:27:50,2026-09-29T21:27:50
6763,綠界科技,2021-11-03,1250.0,-30.0,-2.34%,,,,,,,,,ShowDailyK_ChartFlow,FinMind_API_TaiwanStockPrice_6763,True,2026-09-29T21:27:50,2026-09-29T21:27:50,2026-09-29T21:27:50
6763,綠界科技,2021-11-04,1260.0,10.0,0.80%,,,,,,,,,ShowDailyK_ChartFlow,FinMind_API_TaiwanStockPrice_6763,True,2026-09-29T21:27:50,2026-09-29T21:27:50,2026-09-29T21:27:50
6763,綠界科技,2021-11-05,1260.0,0.0,0.00%,,,,,,,,,ShowDailyK_ChartFlow,FinMind_API_TaiwanStockPrice_6763,True,2026-09-29T21:27:50,2026-09-29T21:27:50,2026-09-29T21:27:50
6763,綠界科技,2021-11-08,1275.0,15.0,1.19%,,,,,,,,,ShowDailyK_ChartFlow,FinMind_API_TaiwanStockPrice_6763,True,2026-09-29T21:27:50,2026-09-29T21:27:50,2026-09-29T21:27:50
6763,綠界科技,2021-11-09,1265.0,-10.0,-0.78%,,,,,,,,,ShowDailyK_ChartFlow,FinMind_API_TaiwanStockPrice_6763,True,2026-09-29T21:27:50,2026-09-29T21:27:50,2026-09-29T21:27:50
6763,綠界科技,2021-11-10,1235.0,-30.0,-2.37%,,,,,,,,,ShowDailyK_ChartFlow,FinMind_API_TaiwanStockPrice_6763,True,2026-09-29T21:27:50,2026-09-29T21:27:50,2026-09-29T21:27:50
6763,綠界科技,2021-11-11,1220.0,-15.0,-1.21%,,,,,,,,,ShowDailyK_ChartFlow,FinMind_API_TaiwanStockPrice_6763,True,2026-09-29T21:27:50,2026-09-29T21:27:50,2026-09-29T21:27:50
6763,綠界科技,2021-11-12,1210.0,-10.0,-0.82%,,,,,,,,,ShowDailyK_ChartFlow,FinMind_API_TaiwanStockPrice_6763,True,2026-09-29T21:27:50,2026-09-29T21:27:50,2026-09-29T21:27:50
6763,綠界科技,2021-11-15,1215.0,5.0,0.41%,,,,,,,,,ShowDailyK_ChartFlow,FinMind_API_TaiwanStockPrice_6763,True,2026-09-29T21:27:50,2026-09-29T21:27:50,2026-09-29T21:27:50
6763,綠界科技,2021-11-16,1225.0,10.0,0.82%,,,,,,,,,ShowDailyK_ChartFlow,FinMind_API_TaiwanStockPrice_6763,True,2026-09-29T21:27:50,2026-09-29T21:27:50,2026-09-29T21:27:50
6763,綠界科技,2021-11-17,1210.0,-15.0,-1.22%,,,,,,,,,ShowDailyK_ChartFlow,FinMind_API_TaiwanStockPrice_6763,True,2026-09-29T21:27:50,2026-09-29T21:27:50,2026-09-29T21:27:50
6763,綠界科技,2021-11-18,1195.0,-15.0,-1.24%,,,,,,,,,ShowDailyK_ChartFlow,FinMind_API_TaiwanStockPrice_6763,True,2026-09-29T21:27:50,2026-09-29T21:27:50,2026-09-29T21:27:50
6763,綠界科技,2021-11-19,1165.0,-30.0,-2.51%,,,,,,,,,ShowDailyK_ChartFlow,FinMind_API_TaiwanStockPrice_6763,True,2026-09-29T21:27:50,2026-09-29T21:27:50,2026-09-29T21:27:50
6763,綠界科技,2021-11-22,1135.0,-30.0,-2.58%,,,,,,,,,ShowDailyK_ChartFlow,FinMind_API_TaiwanStockPrice_6763,True,2026-09-29T21:27:50,2026-09-29T21:27:50,2026-09-29T21:27:50
6763,綠界科技,2021-11-23,1115.0,-20.0,-1.76%,,,,,,,,,ShowDailyK_ChartFlow,FinMind_API_TaiwanStockPrice_6763,True,2026-09-29T21:27:50,2026-09-29T21:27:50,2026-09-29T21:27:50
6763,綠界科技,2021-11-24,1140.0,25.0,2.24%,,,,,,,,,ShowDailyK_ChartFlow,FinMind_API_TaiwanStockPrice_6763,True,2026-09-29T21:27:50,2026-09-29T21:27:50,2026-09-29T21:27:50
6763,綠界科技,2021-11-25,1190.0,50.0,4.39%,,,,,,,,,ShowDailyK_ChartFlow,FinMind_API_TaiwanStockPrice_6763,True,2026-09-29T21:27:50,2026-09-29T21:27:50,2026-09-29T21:27:50
6763,綠界科技,2021-11-26,1185.0,-5.0,-0.42%,,,,,,,,,ShowDailyK_ChartFlow,FinMind_API_TaiwanStockPrice_6763,True,2026-09-29T21:27:50,2026-09-29T21:27:50,2026-09-29T21:27:50
6763,綠界科技,2021-11-29,1190.0,5.0,0.42%,,,,,,,,,ShowDailyK_ChartFlow,FinMind_API_TaiwanStockPrice_6763,True,2026-09-29T21:27:50,2026-09-29T21:27:50,2026-09-29T21:27:50
6763,綠界科技,2021-11-30,1200.0,10.0,0.84%,,,,,,,,,ShowDailyK_ChartFlow,FinMind_API_TaiwanStockPrice_6763,True,2026-09-29T21:27:50,2026-09-29T21:27:50,2026-09-29T21:27:50
6763,綠界科技,2021-12-01,1220.0,20.0,1.67%,,,,,,,,,ShowDailyK_ChartFlow,FinMind_API_TaiwanStockPrice_6763,True,2026-09-29T21:27:50,2026-09-29T21:27:50,2026-09-29T21:27:50
6763,綠界科技,2021-12-02,1250.0,30.0,2.46%,,,,,,,,,ShowDailyK_ChartFlow,FinMind_API_TaiwanStockPrice_6763,True,2026-09-29T21:27:50,2026-09-29T21:27:50,2026-09-29T21:27:50
6763,綠界科技,2021-12-03,1225.0,-25.0,-2.00%,,,,,,,,,ShowDailyK_ChartFlow,FinMind_API_TaiwanStockPrice_6763,True,2026-09-29T21:27:50,2026-09-29T21:27:50,2026-09-29T21:27:50
6763,綠界科技,2021-12-06,1185.0,-40.0,-3.27%,,,,,,,,,ShowDailyK_ChartFlow,FinMind_API_TaiwanStockPrice_6763,True,2026-09-29T21:27:50,2026-09-29T21:27:50,2026-09-29T21:27:50
6763,綠界科技,2021-12-07,1195.0,10.0,0.84%,,,,,,,,,ShowDailyK_ChartFlow,FinMind_API_TaiwanStockPrice_6763,True,2026-09-29T21:27:50,2026-09-29T21:27:50,2026-09-29T21:27:50
6763,綠界科技,2021-12-08,1200.0,5.0,0.42%,,,,,,,,,ShowDailyK_ChartFlow,FinMind_API_TaiwanStockPrice_6763,True,2026-09-29T21:27:50,2026-09-29T21:27:50,2026-09-29T21:27:50
6763,綠界科技,2021-12-09,1190.0,-10.0,-0.83%,,,,,,,,,ShowDailyK_ChartFlow,FinMind_API_TaiwanStockPrice_6763,True,2026-09-29T21:27:50,2026-09-29T21:27:50,2026-09-29T21:27:50
6763,綠界科技,2021-12-10,1205.0,15.0,1.26%,,,,,,,,,ShowDailyK_ChartFlow,FinMind_API_TaiwanStockPrice_6763,True,2026-09-29T21:27:50,2026-09-29T21:27:50,2026-09-29T21:27:50
6763,綠界科技,2021-12-13,1205.0,0.0,0.00%,,,,,,,,,ShowDailyK_ChartFlow,FinMind_API_TaiwanStockPrice_6763,True,2026-09-29T21:27:50,2026-09-29T21:27:50,2026-09-29T21:27:50
6763,綠界科技,2021-12-14,1195.0,-10.0,-0.83%,,,,,,,,,ShowDailyK_ChartFlow,FinMind_API_TaiwanStockPrice_6763,True,2026-09-29T21:27:50,2026-09-29T21:27:50,2026-09-29T21:27:50
6763,綠界科技,2021-12-15,1175.0,-20.0,-1.67%,,,,,,,,,ShowDailyK_ChartFlow,FinMind_API_TaiwanStockPrice_6763,True,2026-09-29T21:27:50,2026-09-29T21:27:50,2026-09-29T21:27:50
6763,綠界科技,2021-12-16,1200.0,25.0,2.13%,,,,,,,,,ShowDailyK_ChartFlow,FinMind_API_TaiwanStockPrice_6763,True,2026-09-29T21:27:50,2026-09-29T21:27:50,2026-09-29T21:27:50
6763,綠界科技,2021-12-17,1205.0,5.0,0.42%,,,,,,,,,ShowDailyK_ChartFlow,FinMind_API_TaiwanStockPrice_6763,True,2026-09-29T21:27:50,2026-09-29T21:27:50,2026-09-29T21:27:50
6763,綠界科技,2021-12-20,1205.0,0.0,0.00%,,,,,,,,,ShowDailyK_ChartFlow,FinMind_API_TaiwanStockPrice_6763,True,2026-09-29T21:27:50,2026-09-29T21:27:50,2026-09-29T21:27:50
6763,綠界科技,2021-12-21,1200.0,-5.0,-0.41%,,,,,,,,,ShowDailyK_ChartFlow,FinMind_API_TaiwanStockPrice_6763,True,2026-09-29T21:27:50,2026-09-29T21:27:50,2026-09-29T21:27:50
6763,綠界科技,2021-12-22,1190.0,-10.0,-0.83%,,,,,,,,,ShowDailyK_ChartFlow,FinMind_API_TaiwanStockPrice_6763,True,2026-09-29T21:27:50,2026-09-29T21:27:50,2026-09-29T21:27:50
6763,綠界科技,2021-12-23,1190.0,0.0,0.00%,,,,,,,,,ShowDailyK_ChartFlow,FinMind_API_TaiwanStockPrice_6763,True,2026-09-29T21:27:50,2026-09-29T21:27:50,2026-09-29T21:27:50
6763,綠界科技,2021-12-24,1195.0,5.0,0.42%,,,,,,,,,ShowDailyK_ChartFlow,FinMind_API_TaiwanStockPrice_6763,True,2026-09-29T21:27:50,2026-09-29T21:27:50,2026-09-29T21:27:50
6763,綠界科技,2021-12-27,1200.0,5.0,0.42%,,,,,,,,,ShowDailyK_ChartFlow,FinMind_API_TaiwanStockPrice_6763,True,2026-09-29T21:27:50,2026-09-29T21:27:50,2026-09-29T21:27:50
6763,綠界科技,2021-12-28,1195.0,-5.0,-0.42%,,,,,,,,,ShowDailyK_ChartFlow,FinMind_API_TaiwanStockPrice_6763,True,2026-09-29T21:27:50,2026-09-29T21:27:50,2026-09-29T21:27:50
6763,綠界科技,2021-12-29,1190.0,-5.0,-0.42%,,,,,,,,,ShowDailyK_ChartFlow,FinMind_API_TaiwanStockPrice_6763,True,2026-09-29T21:27:50,2026-09-29T21:27:50,2026-09-29T21:27:50
6763,綠界科技,2021-12-30,1385.0,195.0,16.39%,,,,,,,,,ShowDailyK_ChartFlow,FinMind_API_TaiwanStockPrice_6763,True,2026-09-29T21:27:50,2026-09-29T21:27:50,2026-09-29T21:27:50
6763,綠界科技,2022-01-03,1405.0,20.0,1.44%,,,,,,,,,ShowDailyK_ChartFlow,FinMind_API_TaiwanStockPrice_6763,True,2026-09-29T21:27:50,2026-09-29T21:27:50,2026-09-29T21:27:50
6763,綠界科技,2022-01-04,1375.0,-30.0,-2.14%,,,,,,,,,ShowDailyK_ChartFlow,FinMind_API_TaiwanStockPrice_6763,True,2026-09-29T21:27:50,2026-09-29T21:27:50,2026-09-29T21:27:50
6763,綠界科技,2022-01-05,1360.0,-15.0,-1.09%,,,,,,,,,ShowDailyK_ChartFlow,FinMind_API_TaiwanStockPrice_6763,True,2026-09-29T21:27:50,2026-09-29T21:27:50,2026-09-29T21:27:50
6763,綠界科技,2022-01-06,1295.0,-65.0,-4.78%,,,,,,,,,ShowDailyK_ChartFlow,FinMind_API_TaiwanStockPrice_6763,True,2026-09-29T21:27:50,2026-09-29T21:27:50,2026-09-29T21:27:50
6763,綠界科技,2022-01-07,1210.0,-85.0,-6.56%,,,,,,,,,ShowDailyK_ChartFlow,FinMind_API_TaiwanStockPrice_6763,True,2026-09-29T21:27:50,2026-09-29T21:27:50,2026-09-29T21:27:50
6763,綠界科技,2022-01-10,1295.0,85.0,7.02%,,,,,,,,,ShowDailyK_ChartFlow,FinMind_API_TaiwanStockPrice_6763,True,2026-09-29T21:27:50,2026-09-29T21:27:50,2026-09-29T21:27:50
6763,綠界科技,2022-01-11,1225.0,-70.0,-5.41%,,,,,,,,,ShowDailyK_ChartFlow,FinMind_API_TaiwanStockPrice_6763,True,2026-09-29T21:27:50,2026-09-29T21:27:50,2026-09-29T21:27:50
6763,綠界科技,2022-01-12,1215.0,-10.0,-0.82%,,,,,,,,,ShowDailyK_ChartFlow,FinMind_API_TaiwanStockPrice_6763,True,2026-09-29T21:27:50,2026-09-29T21:27:50,2026-09-29T21:27:50
6763,綠界科技,2022-01-13,1220.0,5.0,0.41%,,,,,,,,,ShowDailyK_ChartFlow,FinMind_API_TaiwanStockPrice_6763,True,2026-09-29T21:27:50,2026-09-29T21:27:50,2026-09-29T21:27:50
6763,綠界科技,2022-01-14,1220.0,0.0,0.00%,,,,,,,,,ShowDailyK_ChartFlow,FinMind_API_TaiwanStockPrice_6763,True,2026-09-29T21:27:50,2026-09-29T21:27:50,2026-09-29T21:27:50
6763,綠界科技,2022-01-17,1210.0,-10.0,-0.82%,,,,,,,,,ShowDailyK_ChartFlow,FinMind_API_TaiwanStockPrice_6763,True,2026-09-29T21:27:50,2026-09-29T21:27:50,2026-09-29T21:27:50
6763,綠界科技,2022-01-18,1215.0,5.0,0.41%,,,,,,,,,ShowDailyK_ChartFlow,FinMind_API_TaiwanStockPrice_6763,True,2026-09-29T21:27:50,2026-09-29T21:27:50,2026-09-29T21:27:50
6763,綠界科技,2022-01-19,1200.0,-15.0,-1.23%,,,,,,,,,ShowDailyK_ChartFlow,FinMind_API_TaiwanStockPrice_6763,True,2026-09-29T21:27:50,2026-09-29T21:27:50,2026-09-29T21:27:50
6763,綠界科技,2022-01-20,1205.0,5.0,0.42%,,,,,,,,,ShowDailyK_ChartFlow,FinMind_API_TaiwanStockPrice_6763,True,2026-09-29T21:27:50,2026-09-29T21:27:50,2026-09-29T21:27:50
6763,綠界科技,2022-01-21,1195.0,-10.0,-0.83%,,,,,,,,,ShowDailyK_ChartFlow,FinMind_API_TaiwanStockPrice_6763,True,2026-09-29T21:27:50,2026-09-29T21:27:50,2026-09-29T21:27:50
6763,綠界科技,2022-01-24,1140.0,-55.0,-4.60%,,,,,,,,,ShowDailyK_ChartFlow,FinMind_API_TaiwanStockPrice_6763,True,2026-09-29T21:27:50,2026-09-29T21:27:50,2026-09-29T21:27:50
6763,綠界科技,2022-01-25,1125.0,-15.0,-1.32%,,,,,,,,,ShowDailyK_ChartFlow,FinMind_API_TaiwanStockPrice_6763,True,2026-09-29T21:27:50,2026-09-29T21:27:50,2026-09-29T21:27:50
6763,綠界科技,2022-01-26,1150.0,25.0,2.22%,,,,,,,,,ShowDailyK_ChartFlow,FinMind_API_TaiwanStockPrice_6763,True,2026-09-29T21:27:50,2026-09-29T21:27:50,2026-09-29T21:27:50
6763,綠界科技,2022-02-07,1125.0,-25.0,-2.17%,,,,,,,,,ShowDailyK_ChartFlow,FinMind_API_TaiwanStockPrice_6763,True,2026-09-29T21:27:50,2026-09-29T21:27:50,2026-09-29T21:27:50
6763,綠界科技,2022-02-08,1125.0,0.0,0.00%,,,,,,,,,ShowDailyK_ChartFlow,FinMind_API_TaiwanStockPrice_6763,True,2026-09-29T21:27:50,2026-09-29T21:27:50,2026-09-29T21:27:50
6763,綠界科技,2022-02-09,1180.0,55.0,4.89%,,,,,,,,,ShowDailyK_ChartFlow,FinMind_API_TaiwanStockPrice_6763,True,2026-09-29T21:27:50,2026-09-29T21:27:50,2026-09-29T21:27:50
6763,綠界科技,2022-02-10,1225.0,45.0,3.81%,,,,,,,,,ShowDailyK_ChartFlow,FinMind_API_TaiwanStockPrice_6763,True,2026-09-29T21:27:50,2026-09-29T21:27:50,2026-09-29T21:27:50
6763,綠界科技,2022-02-11,1240.0,15.0,1.22%,,,,,,,,,ShowDailyK_ChartFlow,FinMind_API_TaiwanStockPrice_6763,True,2026-09-29T21:27:50,2026-09-29T21:27:50,2026-09-29T21:27:50
6763,綠界科技,2022-02-14,1165.0,-75.0,-6.05%,,,,,,,,,ShowDailyK_ChartFlow,FinMind_API_TaiwanStockPrice_6763,True,2026-09-29T21:27:50,2026-09-29T21:27:50,2026-09-29T21:27:50
6763,綠界科技,2022-02-15,1155.0,-10.0,-0.86%,,,,,,,,,ShowDailyK_ChartFlow,FinMind_API_TaiwanStockPrice_6763,True,2026-09-29T21:27:50,2026-09-29T21:27:50,2026-09-29T21:27:50
6763,綠界科技,2022-02-16,1190.0,35.0,3.03%,,,,,,,,,ShowDailyK_ChartFlow,FinMind_API_TaiwanStockPrice_6763,True,2026-09-29T21:27:50,2026-09-29T21:27:50,2026-09-29T21:27:50
6763,綠界科技,2022-02-17,1125.0,-65.0,-5.46%,,,,,,,,,ShowDailyK_ChartFlow,FinMind_API_TaiwanStockPrice_6763,True,2026-09-29T21:27:50,2026-09-29T21:27:50,2026-09-29T21:27:50
6763,綠界科技,2022-02-18,1130.0,5.0,0.44%,,,,,,,,,ShowDailyK_ChartFlow,FinMind_API_TaiwanStockPrice_6763,True,2026-09-29T21:27:50,2026-09-29T21:27:50,2026-09-29T21:27:50
6763,綠界科技,2022-02-21,1140.0,10.0,0.88%,,,,,,,,,ShowDailyK_ChartFlow,FinMind_API_TaiwanStockPrice_6763,True,2026-09-29T21:27:50,2026-09-29T21:27:50,2026-09-29T21:27:50
6763,綠界科技,2022-02-22,1120.0,-20.0,-1.75%,,,,,,,,,ShowDailyK_ChartFlow,FinMind_API_TaiwanStockPrice_6763,True,2026-09-29T21:27:50,2026-09-29T21:27:50,2026-09-29T21:27:50
6763,綠界科技,2022-02-23,1115.0,-5.0,-0.45%,,,,,,,,,ShowDailyK_ChartFlow,FinMind_API_TaiwanStockPrice_6763,True,2026-09-29T21:27:50,2026-09-29T21:27:50,2026-09-29T21:27:50
6763,綠界科技,2022-02-24,1010.0,-105.0,-9.42%,,,,,,,,,ShowDailyK_ChartFlow,FinMind_API_TaiwanStockPrice_6763,True,2026-09-29T21:27:50,2026-09-29T21:27:50,2026-09-29T21:27:50
6763,綠界科技,2022-02-25,1020.0,10.0,0.99%,,,,,,,,,ShowDailyK_ChartFlow,FinMind_API_TaiwanStockPrice_6763,True,2026-09-29T21:27:50,2026-09-29T21:27:50,2026-09-29T21:27:50
6763,綠界科技,2022-03-01,948.0,-72.0,-7.06%,,,,,,,,,ShowDailyK_ChartFlow,FinMind_API_TaiwanStockPrice_6763,True,2026-09-29T21:27:50,2026-09-29T21:27:50,2026-09-29T21:27:50
6763,綠界科技,2022-03-02,953.0,5.0,0.53%,,,,,,,,,ShowDailyK_ChartFlow,FinMind_API_TaiwanStockPrice_6763,True,2026-09-29T21:27:50,2026-09-29T21:27:50,2026-09-29T21:27:50
6763,綠界科技,2022-03-03,949.0,-4.0,-0.42%,,,,,,,,,ShowDailyK_ChartFlow,FinMind_API_TaiwanStockPrice_6763,True,2026-09-29T21:27:50,2026-09-29T21:27:50,2026-09-29T21:27:50
6763,綠界科技,2022-03-04,990.0,41.0,4.32%,,,,,,,,,ShowDailyK_ChartFlow,FinMind_API_TaiwanStockPrice_6763,True,2026-09-29T21:27:50,2026-09-29T21:27:50,2026-09-29T21:27:50
6763,綠界科技,2022-03-07,942.0,-48.0,-4.85%,,,,,,,,,ShowDailyK_ChartFlow,FinMind_API_TaiwanStockPrice_6763,True,2026-09-29T21:27:50,2026-09-29T21:27:50,2026-09-29T21:27:50
6763,綠界科技,2022-03-08,901.0,-41.0,-4.35%,,,,,,,,,ShowDailyK_ChartFlow,FinMind_API_TaiwanStockPrice_6763,True,2026-09-29T21:27:50,2026-09-29T21:27:50,2026-09-29T21:27:50
6763,綠界科技,2022-03-09,924.0,23.0,2.55%,,,,,,,,,ShowDailyK_ChartFlow,FinMind_API_TaiwanStockPrice_6763,True,2026-09-29T21:27:50,2026-09-29T21:27:50,2026-09-29T21:27:50
6763,綠界科技,2022-03-10,938.0,14.0,1.52%,,,,,,,,,ShowDailyK_ChartFlow,FinMind_API_TaiwanStockPrice_6763,True,2026-09-29T21:27:50,2026-09-29T21:27:50,2026-09-29T21:27:50
6763,綠界科技,2022-03-11,925.0,-13.0,-1.39%,,,,,,,,,ShowDailyK_ChartFlow,FinMind_API_TaiwanStockPrice_6763,True,2026-09-29T21:27:50,2026-09-29T21:27:50,2026-09-29T21:27:50
6763,綠界科技,2022-03-14,903.0,-22.0,-2.38%,,,,,,,,,ShowDailyK_ChartFlow,FinMind_API_TaiwanStockPrice_6763,True,2026-09-29T21:27:50,2026-09-29T21:27:50,2026-09-29T21:27:50
6763,綠界科技,2022-03-15,774.0,-129.0,-14.29%,,,,,,,,,ShowDailyK_ChartFlow,FinMind_API_TaiwanStockPrice_6763,True,2026-09-29T21:27:50,2026-09-29T21:27:50,2026-09-29T21:27:50
6763,綠界科技,2022-03-16,761.0,-13.0,-1.68%,,,,,,,,,ShowDailyK_ChartFlow,FinMind_API_TaiwanStockPrice_6763,True,2026-09-29T21:27:50,2026-09-29T21:27:50,2026-09-29T21:27:50
6763,綠界科技,2022-03-17,762.0,1.0,0.13%,,,,,,,,,ShowDailyK_ChartFlow,FinMind_API_TaiwanStockPrice_6763,True,2026-09-29T21:27:50,2026-09-29T21:27:50,2026-09-29T21:27:50
6763,綠界科技,2022-03-18,760.0,-2.0,-0.26%,,,,,,,,,ShowDailyK_ChartFlow,FinMind_API_TaiwanStockPrice_6763,True,2026-09-29T21:27:50,2026-09-29T21:27:50,2026-09-29T21:27:50
6763,綠界科技,2022-03-21,792.0,32.0,4.21%,,,,,,,,,ShowDailyK_ChartFlow,FinMind_API_TaiwanStockPrice_6763,True,2026-09-29T21:27:50,2026-09-29T21:27:50,2026-09-29T21:27:50
6763,綠界科技,2022-03-22,772.0,-20.0,-2.53%,,,,,,,,,ShowDailyK_ChartFlow,FinMind_API_TaiwanStockPrice_6763,True,2026-09-29T21:27:50,2026-09-29T21:27:50,2026-09-29T21:27:50
6763,綠界科技,2022-03-23,768.0,-4.0,-0.52%,,,,,,,,,ShowDailyK_ChartFlow,FinMind_API_TaiwanStockPrice_6763,True,2026-09-29T21:27:50,2026-09-29T21:27:50,2026-09-29T21:27:50
6763,綠界科技,2022-03-24,762.0,-6.0,-0.78%,,,,,,,,,ShowDailyK_ChartFlow,FinMind_API_TaiwanStockPrice_6763,True,2026-09-29T21:27:50,2026-09-29T21:27:50,2026-09-29T21:27:50
6763,綠界科技,2022-03-25,768.0,6.0,0.79%,,,,,,,,,ShowDailyK_ChartFlow,FinMind_API_TaiwanStockPrice_6763,True,2026-09-29T21:27:50,2026-09-29T21:27:50,2026-09-29T21:27:50
6763,綠界科技,2022-03-28,740.0,-28.0,-3.65%,,,,,,,,,ShowDailyK_ChartFlow,FinMind_API_TaiwanStockPrice_6763,True,2026-09-29T21:27:50,2026-09-29T21:27:50,2026-09-29T21:27:50
6763,綠界科技,2022-03-29,700.0,-40.0,-5.41%,,,,,,,,,ShowDailyK_ChartFlow,FinMind_API_TaiwanStockPrice_6763,True,2026-09-29T21:27:50,2026-09-29T21:27:50,2026-09-29T21:27:50
6763,綠界科技,2022-03-30,727.0,27.0,3.86%,,,,,,,,,ShowDailyK_ChartFlow,FinMind_API_TaiwanStockPrice_6763,True,2026-09-29T21:27:50,2026-09-29T21:27:50,2026-09-29T21:27:50
6763,綠界科技,2022-03-31,704.0,-23.0,-3.16%,,,,,,,,,ShowDailyK_ChartFlow,FinMind_API_TaiwanStockPrice_6763,True,2026-09-29T21:27:50,2026-09-29T21:27:50,2026-09-29T21:27:50
6763,綠界科技,2022-04-01,666.0,-38.0,-5.40%,,,,,,,,,ShowDailyK_ChartFlow,FinMind_API_TaiwanStockPrice_6763,True,2026-09-29T21:27:50,2026-09-29T21:27:50,2026-09-29T21:27:50
6763,綠界科技,2022-04-06,633.0,-33.0,-4.95%,,,,,,,,,ShowDailyK_ChartFlow,FinMind_API_TaiwanStockPrice_6763,True,2026-09-29T21:27:50,2026-09-29T21:27:50,2026-09-29T21:27:50
6763,綠界科技,2022-04-07,611.0,-22.0,-3.48%,,,,,,,,,ShowDailyK_ChartFlow,FinMind_API_TaiwanStockPrice_6763,True,2026-09-29T21:27:50,2026-09-29T21:27:50,2026-09-29T21:27:50
6763,綠界科技,2022-04-08,601.0,-10.0,-1.64%,,,,,,,,,ShowDailyK_ChartFlow,FinMind_API_TaiwanStockPrice_6763,True,2026-09-29T21:27:50,2026-09-29T21:27:50,2026-09-29T21:27:50
6763,綠界科技,2022-04-11,598.0,-3.0,-0.50%,,,,,,,,,ShowDailyK_ChartFlow,FinMind_API_TaiwanStockPrice_6763,True,2026-09-29T21:27:50,2026-09-29T21:27:50,2026-09-29T21:27:50
6763,綠界科技,2022-04-12,596.0,-2.0,-0.33%,,,,,,,,,ShowDailyK_ChartFlow,FinMind_API_TaiwanStockPrice_6763,True,2026-09-29T21:27:50,2026-09-29T21:27:50,2026-09-29T21:27:50
6763,綠界科技,2022-04-13,615.0,19.0,3.19%,,,,,,,,,ShowDailyK_ChartFlow,FinMind_API_TaiwanStockPrice_6763,True,2026-09-29T21:27:50,2026-09-29T21:27:50,2026-09-29T21:27:50
6763,綠界科技,2022-04-14,592.0,-23.0,-3.74%,,,,,,,,,ShowDailyK_ChartFlow,FinMind_API_TaiwanStockPrice_6763,True,2026-09-29T21:27:50,2026-09-29T21:27:50,2026-09-29T21:27:50
6763,綠界科技,2022-04-15,550.0,-42.0,-7.09%,,,,,,,,,ShowDailyK_ChartFlow,FinMind_API_TaiwanStockPrice_6763,True,2026-09-29T21:27:50,2026-09-29T21:27:50,2026-09-29T21:27:50
6763,綠界科技,2022-04-18,565.0,15.0,2.73%,,,,,,,,,ShowDailyK_ChartFlow,FinMind_API_TaiwanStockPrice_6763,True,2026-09-29T21:27:50,2026-09-29T21:27:50,2026-09-29T21:27:50
6763,綠界科技,2022-04-19,569.0,4.0,0.71%,,,,,,,,,ShowDailyK_ChartFlow,FinMind_API_TaiwanStockPrice_6763,True,2026-09-29T21:27:50,2026-09-29T21:27:50,2026-09-29T21:27:50
6763,綠界科技,2022-04-20,568.0,-1.0,-0.18%,,,,,,,,,ShowDailyK_ChartFlow,FinMind_API_TaiwanStockPrice_6763,True,2026-09-29T21:27:50,2026-09-29T21:27:50,2026-09-29T21:27:50
6763,綠界科技,2022-04-21,578.0,10.0,1.76%,,,,,,,,,ShowDailyK_ChartFlow,FinMind_API_TaiwanStockPrice_6763,True,2026-09-29T21:27:50,2026-09-29T21:27:50,2026-09-29T21:27:50
6763,綠界科技,2022-04-22,556.0,-22.0,-3.81%,,,,,,,,,ShowDailyK_ChartFlow,FinMind_API_TaiwanStockPrice_6763,True,2026-09-29T21:27:50,2026-09-29T21:27:50,2026-09-29T21:27:50
6763,綠界科技,2022-04-25,521.0,-35.0,-6.29%,,,,,,,,,ShowDailyK_ChartFlow,FinMind_API_TaiwanStockPrice_6763,True,2026-09-29T21:27:50,2026-09-29T21:27:50,2026-09-29T21:27:50
6763,綠界科技,2022-04-26,524.0,3.0,0.58%,,,,,,,,,ShowDailyK_ChartFlow,FinMind_API_TaiwanStockPrice_6763,True,2026-09-29T21:27:50,2026-09-29T21:27:50,2026-09-29T21:27:50
6763,綠界科技,2022-04-27,509.0,-15.0,-2.86%,,,,,,,,,ShowDailyK_ChartFlow,FinMind_API_TaiwanStockPrice_6763,True,2026-09-29T21:27:50,2026-09-29T21:27:50,2026-09-29T21:27:50
6763,綠界科技,2022-04-28,514.0,5.0,0.98%,,,,,,,,,ShowDailyK_ChartFlow,FinMind_API_TaiwanStockPrice_6763,True,2026-09-29T21:27:50,2026-09-29T21:27:50,2026-09-29T21:27:50
6763,綠界科技,2022-04-29,509.0,-5.0,-0.97%,,,,,,,,,ShowDailyK_ChartFlow,FinMind_API_TaiwanStockPrice_6763,True,2026-09-29T21:27:50,2026-09-29T21:27:50,2026-09-29T21:27:50
6763,綠界科技,2022-05-03,507.0,-2.0,-0.39%,,,,,,,,,ShowDailyK_ChartFlow,FinMind_API_TaiwanStockPrice_6763,True,2026-09-29T21:27:50,2026-09-29T21:27:50,2026-09-29T21:27:50
6763,綠界科技,2022-05-04,519.0,12.0,2.37%,,,,,,,,,ShowDailyK_ChartFlow,FinMind_API_TaiwanStockPrice_6763,True,2026-09-29T21:27:50,2026-09-29T21:27:50,2026-09-29T21:27:50
6763,綠界科技,2022-05-05,563.0,44.0,8.48%,,,,,,,,,ShowDailyK_ChartFlow,FinMind_API_TaiwanStockPrice_6763,True,2026-09-29T21:27:50,2026-09-29T21:27:50,2026-09-29T21:27:50
6763,綠界科技,2022-05-06,530.0,-33.0,-5.86%,,,,,,,,,ShowDailyK_ChartFlow,FinMind_API_TaiwanStockPrice_6763,True,2026-09-29T21:27:50,2026-09-29T21:27:50,2026-09-29T21:27:50
6763,綠界科技,2022-05-09,505.0,-25.0,-4.72%,,,,,,,,,ShowDailyK_ChartFlow,FinMind_API_TaiwanStockPrice_6763,True,2026-09-29T21:27:50,2026-09-29T21:27:50,2026-09-29T21:27:50
6763,綠界科技,2022-05-10,506.0,1.0,0.20%,,,,,,,,,ShowDailyK_ChartFlow,FinMind_API_TaiwanStockPrice_6763,True,2026-09-29T21:27:50,2026-09-29T21:27:50,2026-09-29T21:27:50
6763,綠界科技,2022-05-11,503.0,-3.0,-0.59%,,,,,,,,,ShowDailyK_ChartFlow,FinMind_API_TaiwanStockPrice_6763,True,2026-09-29T21:27:50,2026-09-29T21:27:50,2026-09-29T21:27:50
6763,綠界科技,2022-05-12,499.5,-3.5,-0.70%,,,,,,,,,ShowDailyK_ChartFlow,FinMind_API_TaiwanStockPrice_6763,True,2026-09-29T21:27:50,2026-09-29T21:27:50,2026-09-29T21:27:50
6763,綠界科技,2022-05-13,520.0,20.5,4.10%,,,,,,,,,ShowDailyK_ChartFlow,FinMind_API_TaiwanStockPrice_6763,True,2026-09-29T21:27:50,2026-09-29T21:27:50,2026-09-29T21:27:50
6763,綠界科技,2022-05-16,518.0,-2.0,-0.38%,,,,,,,,,ShowDailyK_ChartFlow,FinMind_API_TaiwanStockPrice_6763,True,2026-09-29T21:27:50,2026-09-29T21:27:50,2026-09-29T21:27:50
6763,綠界科技,2022-05-17,543.0,25.0,4.83%,,,,,,,,,ShowDailyK_ChartFlow,FinMind_API_TaiwanStockPrice_6763,True,2026-09-29T21:27:50,2026-09-29T21:27:50,2026-09-29T21:27:50
6763,綠界科技,2022-05-18,595.0,52.0,9.58%,,,,,,,,,ShowDailyK_ChartFlow,FinMind_API_TaiwanStockPrice_6763,True,2026-09-29T21:27:50,2026-09-29T21:27:50,2026-09-29T21:27:50
6763,綠界科技,2022-05-19,568.0,-27.0,-4.54%,,,,,,,,,ShowDailyK_ChartFlow,FinMind_API_TaiwanStockPrice_6763,True,2026-09-29T21:27:50,2026-09-29T21:27:50,2026-09-29T21:27:50
6763,綠界科技,2022-05-20,606.0,38.0,6.69%,,,,,,,,,ShowDailyK_ChartFlow,FinMind_API_TaiwanStockPrice_6763,True,2026-09-29T21:27:50,2026-09-29T21:27:50,2026-09-29T21:27:50
6763,綠界科技,2022-05-23,582.0,-24.0,-3.96%,,,,,,,,,ShowDailyK_ChartFlow,FinMind_API_TaiwanStockPrice_6763,True,2026-09-29T21:27:50,2026-09-29T21:27:50,2026-09-29T21:27:50
6763,綠界科技,2022-05-24,550.0,-32.0,-5.50%,,,,,,,,,ShowDailyK_ChartFlow,FinMind_API_TaiwanStockPrice_6763,True,2026-09-29T21:27:50,2026-09-29T21:27:50,2026-09-29T21:27:50
6763,綠界科技,2022-05-25,561.0,11.0,2.00%,,,,,,,,,ShowDailyK_ChartFlow,FinMind_API_TaiwanStockPrice_6763,True,2026-09-29T21:27:50,2026-09-29T21:27:50,2026-09-29T21:27:50
6763,綠界科技,2022-05-26,552.0,-9.0,-1.60%,,,,,,,,,ShowDailyK_ChartFlow,FinMind_API_TaiwanStockPrice_6763,True,2026-09-29T21:27:50,2026-09-29T21:27:50,2026-09-29T21:27:50
6763,綠界科技,2022-05-27,556.0,4.0,0.72%,,,,,,,,,ShowDailyK_ChartFlow,FinMind_API_TaiwanStockPrice_6763,True,2026-09-29T21:27:50,2026-09-29T21:27:50,2026-09-29T21:27:50
6763,綠界科技,2022-05-30,564.0,8.0,1.44%,,,,,,,,,ShowDailyK_ChartFlow,FinMind_API_TaiwanStockPrice_6763,True,2026-09-29T21:27:50,2026-09-29T21:27:50,2026-09-29T21:27:50
6763,綠界科技,2022-05-31,566.0,2.0,0.35%,,,,,,,,,ShowDailyK_ChartFlow,FinMind_API_TaiwanStockPrice_6763,True,2026-09-29T21:27:50,2026-09-29T21:27:50,2026-09-29T21:27:50
6763,綠界科技,2022-06-01,566.0,0.0,0.00%,,,,,,,,,ShowDailyK_ChartFlow,FinMind_API_TaiwanStockPrice_6763,True,2026-09-29T21:27:50,2026-09-29T21:27:50,2026-09-29T21:27:50
6763,綠界科技,2022-06-02,560.0,-6.0,-1.06%,,,,,,,,,ShowDailyK_ChartFlow,FinMind_API_TaiwanStockPrice_6763,True,2026-09-29T21:27:50,2026-09-29T21:27:50,2026-09-29T21:27:50
6763,綠界科技,2022-06-06,555.0,-5.0,-0.89%,,,,,,,,,ShowDailyK_ChartFlow,FinMind_API_TaiwanStockPrice_6763,True,2026-09-29T21:27:50,2026-09-29T21:27:50,2026-09-29T21:27:50
6763,綠界科技,2022-06-07,576.0,21.0,3.78%,,,,,,,,,ShowDailyK_ChartFlow,FinMind_API_TaiwanStockPrice_6763,True,2026-09-29T21:27:50,2026-09-29T21:27:50,2026-09-29T21:27:50
6763,綠界科技,2022-06-08,562.0,-14.0,-2.43%,,,,,,,,,ShowDailyK_ChartFlow,FinMind_API_TaiwanStockPrice_6763,True,2026-09-29T21:27:50,2026-09-29T21:27:50,2026-09-29T21:27:50
6763,綠界科技,2022-06-09,572.0,10.0,1.78%,,,,,,,,,ShowDailyK_ChartFlow,FinMind_API_TaiwanStockPrice_6763,True,2026-09-29T21:27:50,2026-09-29T21:27:50,2026-09-29T21:27:50
6763,綠界科技,2022-06-10,561.0,-11.0,-1.92%,,,,,,,,,ShowDailyK_ChartFlow,FinMind_API_TaiwanStockPrice_6763,True,2026-09-29T21:27:50,2026-09-29T21:27:50,2026-09-29T21:27:50
6763,綠界科技,2022-06-13,525.0,-36.0,-6.42%,,,,,,,,,ShowDailyK_ChartFlow,FinMind_API_TaiwanStockPrice_6763,True,2026-09-29T21:27:50,2026-09-29T21:27:50,2026-09-29T21:27:50
6763,綠界科技,2022-06-14,511.0,-14.0,-2.67%,,,,,,,,,ShowDailyK_ChartFlow,FinMind_API_TaiwanStockPrice_6763,True,2026-09-29T21:27:50,2026-09-29T21:27:50,2026-09-29T21:27:50
6763,綠界科技,2022-06-15,511.0,0.0,0.00%,,,,,,,,,ShowDailyK_ChartFlow,FinMind_API_TaiwanStockPrice_6763,True,2026-09-29T21:27:50,2026-09-29T21:27:50,2026-09-29T21:27:50
6763,綠界科技,2022-06-16,503.0,-8.0,-1.57%,,,,,,,,,ShowDailyK_ChartFlow,FinMind_API_TaiwanStockPrice_6763,True,2026-09-29T21:27:50,2026-09-29T21:27:50,2026-09-29T21:27:50
6763,綠界科技,2022-06-17,495.0,-8.0,-1.59%,,,,,,,,,ShowDailyK_ChartFlow,FinMind_API_TaiwanStockPrice_6763,True,2026-09-29T21:27:50,2026-09-29T21:27:50,2026-09-29T21:27:50
6763,綠界科技,2022-06-20,468.5,-26.5,-5.35%,,,,,,,,,ShowDailyK_ChartFlow,FinMind_API_TaiwanStockPrice_6763,True,2026-09-29T21:27:50,2026-09-29T21:27:50,2026-09-29T21:27:50
6763,綠界科技,2022-06-21,482.0,13.5,2.88%,,,,,,,,,ShowDailyK_ChartFlow,FinMind_API_TaiwanStockPrice_6763,True,2026-09-29T21:27:50,2026-09-29T21:27:50,2026-09-29T21:27:50
6763,綠界科技,2022-06-22,461.0,-21.0,-4.36%,,,,,,,,,ShowDailyK_ChartFlow,FinMind_API_TaiwanStockPrice_6763,True,2026-09-29T21:27:50,2026-09-29T21:27:50,2026-09-29T21:27:50
6763,綠界科技,2022-06-23,452.0,-9.0,-1.95%,,,,,,,,,ShowDailyK_ChartFlow,FinMind_API_TaiwanStockPrice_6763,True,2026-09-29T21:27:50,2026-09-29T21:27:50,2026-09-29T21:27:50
6763,綠界科技,2022-06-24,452.5,0.5,0.11%,,,,,,,,,ShowDailyK_ChartFlow,FinMind_API_TaiwanStockPrice_6763,True,2026-09-29T21:27:50,2026-09-29T21:27:50,2026-09-29T21:27:50
6763,綠界科技,2022-06-27,471.0,18.5,4.09%,,,,,,,,,ShowDailyK_ChartFlow,FinMind_API_TaiwanStockPrice_6763,True,2026-09-29T21:27:50,2026-09-29T21:27:50,2026-09-29T21:27:50
6763,綠界科技,2022-06-28,452.0,-19.0,-4.03%,,,,,,,,,ShowDailyK_ChartFlow,FinMind_API_TaiwanStockPrice_6763,True,2026-09-29T21:27:50,2026-09-29T21:27:50,2026-09-29T21:27:50
6763,綠界科技,2022-06-29,449.5,-2.5,-0.55%,,,,,,,,,ShowDailyK_ChartFlow,FinMind_API_TaiwanStockPrice_6763,True,2026-09-29T21:27:50,2026-09-29T21:27:50,2026-09-29T21:27:50
6763,綠界科技,2022-06-30,429.0,-20.5,-4.56%,,,,,,,,,ShowDailyK_ChartFlow,FinMind_API_TaiwanStockPrice_6763,True,2026-09-29T21:27:50,2026-09-29T21:27:50,2026-09-29T21:27:50
6763,綠界科技,2022-07-01,407.0,-22.0,-5.13%,,,,,,,,,ShowDailyK_ChartFlow,FinMind_API_TaiwanStockPrice_6763,True,2026-09-29T21:27:50,2026-09-29T21:27:50,2026-09-29T21:27:50
6763,綠界科技,2022-07-04,418.0,11.0,2.70%,,,,,,,,,ShowDailyK_ChartFlow,FinMind_API_TaiwanStockPrice_6763,True,2026-09-29T21:27:50,2026-09-29T21:27:50,2026-09-29T21:27:50
6763,綠界科技,2022-07-05,434.5,16.5,3.95%,,,,,,,,,ShowDailyK_ChartFlow,FinMind_API_TaiwanStockPrice_6763,True,2026-09-29T21:27:50,2026-09-29T21:27:50,2026-09-29T21:27:50
6763,綠界科技,2022-07-06,420.0,-14.5,-3.34%,,,,,,,,,ShowDailyK_ChartFlow,FinMind_API_TaiwanStockPrice_6763,True,2026-09-29T21:27:50,2026-09-29T21:27:50,2026-09-29T21:27:50
6763,綠界科技,2022-07-07,429.5,9.5,2.26%,,,,,,,,,ShowDailyK_ChartFlow,FinMind_API_TaiwanStockPrice_6763,True,2026-09-29T21:27:50,2026-09-29T21:27:50,2026-09-29T21:27:50
6763,綠界科技,2022-07-08,446.0,16.5,3.84%,,,,,,,,,ShowDailyK_ChartFlow,FinMind_API_TaiwanStockPrice_6763,True,2026-09-29T21:27:50,2026-09-29T21:27:50,2026-09-29T21:27:50
6763,綠界科技,2022-07-11,435.0,-11.0,-2.47%,,,,,,,,,ShowDailyK_ChartFlow,FinMind_API_TaiwanStockPrice_6763,True,2026-09-29T21:27:50,2026-09-29T21:27:50,2026-09-29T21:27:50
6763,綠界科技,2022-07-12,413.0,-22.0,-5.06%,,,,,,,,,ShowDailyK_ChartFlow,FinMind_API_TaiwanStockPrice_6763,True,2026-09-29T21:27:50,2026-09-29T21:27:50,2026-09-29T21:27:50
6763,綠界科技,2022-07-13,426.5,13.5,3.27%,,,,,,,,,ShowDailyK_ChartFlow,FinMind_API_TaiwanStockPrice_6763,True,2026-09-29T21:27:50,2026-09-29T21:27:50,2026-09-29T21:27:50
6763,綠界科技,2022-07-14,431.0,4.5,1.06%,,,,,,,,,ShowDailyK_ChartFlow,FinMind_API_TaiwanStockPrice_6763,True,2026-09-29T21:27:50,2026-09-29T21:27:50,2026-09-29T21:27:50
6763,綠界科技,2022-07-15,424.0,-7.0,-1.62%,,,,,,,,,ShowDailyK_ChartFlow,FinMind_API_TaiwanStockPrice_6763,True,2026-09-29T21:27:50,2026-09-29T21:27:50,2026-09-29T21:27:50
6763,綠界科技,2022-07-18,434.0,10.0,2.36%,,,,,,,,,ShowDailyK_ChartFlow,FinMind_API_TaiwanStockPrice_6763,True,2026-09-29T21:27:50,2026-09-29T21:27:50,2026-09-29T21:27:50
6763,綠界科技,2022-07-19,437.0,3.0,0.69%,,,,,,,,,ShowDailyK_ChartFlow,FinMind_API_TaiwanStockPrice_6763,True,2026-09-29T21:27:50,2026-09-29T21:27:50,2026-09-29T21:27:50
6763,綠界科技,2022-07-20,437.0,0.0,0.00%,,,,,,,,,ShowDailyK_ChartFlow,FinMind_API_TaiwanStockPrice_6763,True,2026-09-29T21:27:50,2026-09-29T21:27:50,2026-09-29T21:27:50
6763,綠界科技,2022-07-21,423.5,-13.5,-3.09%,,,,,,,,,ShowDailyK_ChartFlow,FinMind_API_TaiwanStockPrice_6763,True,2026-09-29T21:27:50,2026-09-29T21:27:50,2026-09-29T21:27:50
6763,綠界科技,2022-07-22,422.5,-1.0,-0.24%,,,,,,,,,ShowDailyK_ChartFlow,FinMind_API_TaiwanStockPrice_6763,True,2026-09-29T21:27:50,2026-09-29T21:27:50,2026-09-29T21:27:50
6763,綠界科技,2022-07-25,415.5,-7.0,-1.66%,,,,,,,,,ShowDailyK_ChartFlow,FinMind_API_TaiwanStockPrice_6763,True,2026-09-29T21:27:50,2026-09-29T21:27:50,2026-09-29T21:27:50
6763,綠界科技,2022-07-26,407.0,-8.5,-2.05%,,,,,,,,,ShowDailyK_ChartFlow,FinMind_API_TaiwanStockPrice_6763,True,2026-09-29T21:27:50,2026-09-29T21:27:50,2026-09-29T21:27:50
6763,綠界科技,2022-07-27,416.5,9.5,2.33%,,,,,,,,,ShowDailyK_ChartFlow,FinMind_API_TaiwanStockPrice_6763,True,2026-09-29T21:27:50,2026-09-29T21:27:50,2026-09-29T21:27:50
6763,綠界科技,2022-07-28,405.5,-11.0,-2.64%,,,,,,,,,ShowDailyK_ChartFlow,FinMind_API_TaiwanStockPrice_6763,True,2026-09-29T21:27:50,2026-09-29T21:27:50,2026-09-29T21:27:50
6763,綠界科技,2022-07-29,405.0,-0.5,-0.12%,,,,,,,,,ShowDailyK_ChartFlow,FinMind_API_TaiwanStockPrice_6763,True,2026-09-29T21:27:50,2026-09-29T21:27:50,2026-09-29T21:27:50
6763,綠界科技,2022-08-01,403.5,-1.5,-0.37%,,,,,,,,,ShowDailyK_ChartFlow,FinMind_API_TaiwanStockPrice_6763,True,2026-09-29T21:27:50,2026-09-29T21:27:50,2026-09-29T21:27:50
6763,綠界科技,2022-08-02,401.5,-2.0,-0.50%,,,,,,,,,ShowDailyK_ChartFlow,FinMind_API_TaiwanStockPrice_6763,True,2026-09-29T21:27:50,2026-09-29T21:27:50,2026-09-29T21:27:50
6763,綠界科技,2022-08-03,411.0,9.5,2.37%,,,,,,,,,ShowDailyK_ChartFlow,FinMind_API_TaiwanStockPrice_6763,True,2026-09-29T21:27:50,2026-09-29T21:27:50,2026-09-29T21:27:50
6763,綠界科技,2022-08-04,405.0,-6.0,-1.46%,,,,,,,,,ShowDailyK_ChartFlow,FinMind_API_TaiwanStockPrice_6763,True,2026-09-29T21:27:50,2026-09-29T21:27:50,2026-09-29T21:27:50
6763,綠界科技,2022-08-05,415.5,10.5,2.59%,,,,,,,,,ShowDailyK_ChartFlow,FinMind_API_TaiwanStockPrice_6763,True,2026-09-29T21:27:50,2026-09-29T21:27:50,2026-09-29T21:27:50
6763,綠界科技,2022-08-08,419.5,4.0,0.96%,,,,,,,,,ShowDailyK_ChartFlow,FinMind_API_TaiwanStockPrice_6763,True,2026-09-29T21:27:50,2026-09-29T21:27:50,2026-09-29T21:27:50
6763,綠界科技,2022-08-09,422.5,3.0,0.72%,,,,,,,,,ShowDailyK_ChartFlow,FinMind_API_TaiwanStockPrice_6763,True,2026-09-29T21:27:50,2026-09-29T21:27:50,2026-09-29T21:27:50
6763,綠界科技,2022-08-10,417.0,-5.5,-1.30%,,,,,,,,,ShowDailyK_ChartFlow,FinMind_API_TaiwanStockPrice_6763,True,2026-09-29T21:27:50,2026-09-29T21:27:50,2026-09-29T21:27:50
6763,綠界科技,2022-08-11,436.5,19.5,4.68%,,,,,,,,,ShowDailyK_ChartFlow,FinMind_API_TaiwanStockPrice_6763,True,2026-09-29T21:27:50,2026-09-29T21:27:50,2026-09-29T21:27:50
6763,綠界科技,2022-08-12,472.0,35.5,8.13%,,,,,,,,,ShowDailyK_ChartFlow,FinMind_API_TaiwanStockPrice_6763,True,2026-09-29T21:27:50,2026-09-29T21:27:50,2026-09-29T21:27:50
6763,綠界科技,2022-08-15,482.5,10.5,2.22%,,,,,,,,,ShowDailyK_ChartFlow,FinMind_API_TaiwanStockPrice_6763,True,2026-09-29T21:27:50,2026-09-29T21:27:50,2026-09-29T21:27:50
6763,綠界科技,2022-08-16,482.5,0.0,0.00%,,,,,,,,,ShowDailyK_ChartFlow,FinMind_API_TaiwanStockPrice_6763,True,2026-09-29T21:27:50,2026-09-29T21:27:50,2026-09-29T21:27:50
6763,綠界科技,2022-08-17,474.0,-8.5,-1.76%,,,,,,,,,ShowDailyK_ChartFlow,FinMind_API_TaiwanStockPrice_6763,True,2026-09-29T21:27:50,2026-09-29T21:27:50,2026-09-29T21:27:50
6763,綠界科技,2022-08-18,479.5,5.5,1.16%,,,,,,,,,ShowDailyK_ChartFlow,FinMind_API_TaiwanStockPrice_6763,True,2026-09-29T21:27:50,2026-09-29T21:27:50,2026-09-29T21:27:50
6763,綠界科技,2022-08-19,481.0,1.5,0.31%,,,,,,,,,ShowDailyK_ChartFlow,FinMind_API_TaiwanStockPrice_6763,True,2026-09-29T21:27:50,2026-09-29T21:27:50,2026-09-29T21:27:50
6763,綠界科技,2022-08-22,480.0,-1.0,-0.21%,,,,,,,,,ShowDailyK_ChartFlow,FinMind_API_TaiwanStockPrice_6763,True,2026-09-29T21:27:50,2026-09-29T21:27:50,2026-09-29T21:27:50
6763,綠界科技,2022-08-23,478.5,-1.5,-0.31%,,,,,,,,,ShowDailyK_ChartFlow,FinMind_API_TaiwanStockPrice_6763,True,2026-09-29T21:27:50,2026-09-29T21:27:50,2026-09-29T21:27:50
6763,綠界科技,2022-08-24,497.5,19.0,3.97%,,,,,,,,,ShowDailyK_ChartFlow,FinMind_API_TaiwanStockPrice_6763,True,2026-09-29T21:27:50,2026-09-29T21:27:50,2026-09-29T21:27:50
6763,綠界科技,2022-08-25,502.0,4.5,0.90%,,,,,,,,,ShowDailyK_ChartFlow,FinMind_API_TaiwanStockPrice_6763,True,2026-09-29T21:27:50,2026-09-29T21:27:50,2026-09-29T21:27:50
6763,綠界科技,2022-08-26,502.0,0.0,0.00%,,,,,,,,,ShowDailyK_ChartFlow,FinMind_API_TaiwanStockPrice_6763,True,2026-09-29T21:27:50,2026-09-29T21:27:50,2026-09-29T21:27:50
6763,綠界科技,2022-08-29,489.5,-12.5,-2.49%,,,,,,,,,ShowDailyK_ChartFlow,FinMind_API_TaiwanStockPrice_6763,True,2026-09-29T21:27:50,2026-09-29T21:27:50,2026-09-29T21:27:50
6763,綠界科技,2022-08-30,496.0,6.5,1.33%,,,,,,,,,ShowDailyK_ChartFlow,FinMind_API_TaiwanStockPrice_6763,True,2026-09-29T21:27:50,2026-09-29T21:27:50,2026-09-29T21:27:50
6763,綠界科技,2022-08-31,498.0,2.0,0.40%,,,,,,,,,ShowDailyK_ChartFlow,FinMind_API_TaiwanStockPrice_6763,True,2026-09-29T21:27:50,2026-09-29T21:27:50,2026-09-29T21:27:50
6763,綠界科技,2022-09-01,489.0,-9.0,-1.81%,,,,,,,,,ShowDailyK_ChartFlow,FinMind_API_TaiwanStockPrice_6763,True,2026-09-29T21:27:50,2026-09-29T21:27:50,2026-09-29T21:27:50
6763,綠界科技,2022-09-02,489.0,0.0,0.00%,,,,,,,,,ShowDailyK_ChartFlow,FinMind_API_TaiwanStockPrice_6763,True,2026-09-29T21:27:50,2026-09-29T21:27:50,2026-09-29T21:27:50
6763,綠界科技,2022-09-05,470.0,-19.0,-3.89%,,,,,,,,,ShowDailyK_ChartFlow,FinMind_API_TaiwanStockPrice_6763,True,2026-09-29T21:27:50,2026-09-29T21:27:50,2026-09-29T21:27:50
6763,綠界科技,2022-09-06,474.0,4.0,0.85%,,,,,,,,,ShowDailyK_ChartFlow,FinMind_API_TaiwanStockPrice_6763,True,2026-09-29T21:27:50,2026-09-29T21:27:50,2026-09-29T21:27:50
6763,綠界科技,2022-09-07,461.0,-13.0,-2.74%,,,,,,,,,ShowDailyK_ChartFlow,FinMind_API_TaiwanStockPrice_6763,True,2026-09-29T21:27:50,2026-09-29T21:27:50,2026-09-29T21:27:50
6763,綠界科技,2022-09-08,467.5,6.5,1.41%,,,,,,,,,ShowDailyK_ChartFlow,FinMind_API_TaiwanStockPrice_6763,True,2026-09-29T21:27:50,2026-09-29T21:27:50,2026-09-29T21:27:50
6763,綠界科技,2022-09-12,481.5,14.0,2.99%,,,,,,,,,ShowDailyK_ChartFlow,FinMind_API_TaiwanStockPrice_6763,True,2026-09-29T21:27:50,2026-09-29T21:27:50,2026-09-29T21:27:50
6763,綠界科技,2022-09-13,479.0,-2.5,-0.52%,,,,,,,,,ShowDailyK_ChartFlow,FinMind_API_TaiwanStockPrice_6763,True,2026-09-29T21:27:50,2026-09-29T21:27:50,2026-09-29T21:27:50
6763,綠界科技,2022-09-14,477.0,-2.0,-0.42%,,,,,,,,,ShowDailyK_ChartFlow,FinMind_API_TaiwanStockPrice_6763,True,2026-09-29T21:27:50,2026-09-29T21:27:50,2026-09-29T21:27:50
6763,綠界科技,2022-09-15,485.0,8.0,1.68%,,,,,,,,,ShowDailyK_ChartFlow,FinMind_API_TaiwanStockPrice_6763,True,2026-09-29T21:27:50,2026-09-29T21:27:50,2026-09-29T21:27:50
6763,綠界科技,2022-09-16,481.0,-4.0,-0.82%,,,,,,,,,ShowDailyK_ChartFlow,FinMind_API_TaiwanStockPrice_6763,True,2026-09-29T21:27:50,2026-09-29T21:27:50,2026-09-29T21:27:50
6763,綠界科技,2022-09-19,469.0,-12.0,-2.49%,,,,,,,,,ShowDailyK_ChartFlow,FinMind_API_TaiwanStockPrice_6763,True,2026-09-29T21:27:50,2026-09-29T21:27:50,2026-09-29T21:27:50
6763,綠界科技,2022-09-20,466.5,-2.5,-0.53%,,,,,,,,,ShowDailyK_ChartFlow,FinMind_API_TaiwanStockPrice_6763,True,2026-09-29T21:27:50,2026-09-29T21:27:50,2026-09-29T21:27:50
6763,綠界科技,2022-09-21,455.5,-11.0,-2.36%,,,,,,,,,ShowDailyK_ChartFlow,FinMind_API_TaiwanStockPrice_6763,True,2026-09-29T21:27:50,2026-09-29T21:27:50,2026-09-29T21:27:50
6763,綠界科技,2022-09-22,445.0,-10.5,-2.31%,,,,,,,,,ShowDailyK_ChartFlow,FinMind_API_TaiwanStockPrice_6763,True,2026-09-29T21:27:50,2026-09-29T21:27:50,2026-09-29T21:27:50
6763,綠界科技,2022-09-23,421.0,-24.0,-5.39%,,,,,,,,,ShowDailyK_ChartFlow,FinMind_API_TaiwanStockPrice_6763,True,2026-09-29T21:27:50,2026-09-29T21:27:50,2026-09-29T21:27:50
6763,綠界科技,2022-09-26,399.0,-22.0,-5.23%,,,,,,,,,ShowDailyK_ChartFlow,FinMind_API_TaiwanStockPrice_6763,True,2026-09-29T21:27:50,2026-09-29T21:27:50,2026-09-29T21:27:50
6763,綠界科技,2022-09-27,402.0,3.0,0.75%,,,,,,,,,ShowDailyK_ChartFlow,FinMind_API_TaiwanStockPrice_6763,True,2026-09-29T21:27:50,2026-09-29T21:27:50,2026-09-29T21:27:50
6763,綠界科技,2022-09-28,370.5,-31.5,-7.84%,,,,,,,,,ShowDailyK_ChartFlow,FinMind_API_TaiwanStockPrice_6763,True,2026-09-29T21:27:50,2026-09-29T21:27:50,2026-09-29T21:27:50
6763,綠界科技,2022-09-29,371.5,1.0,0.27%,,,,,,,,,ShowDailyK_ChartFlow,FinMind_API_TaiwanStockPrice_6763,True,2026-09-29T21:27:50,2026-09-29T21:27:50,2026-09-29T21:27:50
6763,綠界科技,2022-09-30,373.0,1.5,0.40%,,,,,,,,,ShowDailyK_ChartFlow,FinMind_API_TaiwanStockPrice_6763,True,2026-09-29T21:27:50,2026-09-29T21:27:50,2026-09-29T21:27:50
6763,綠界科技,2022-10-03,378.0,5.0,1.34%,,,,,,,,,ShowDailyK_ChartFlow,FinMind_API_TaiwanStockPrice_6763,True,2026-09-29T21:27:50,2026-09-29T21:27:50,2026-09-29T21:27:50
6763,綠界科技,2022-10-04,391.0,13.0,3.44%,,,,,,,,,ShowDailyK_ChartFlow,FinMind_API_TaiwanStockPrice_6763,True,2026-09-29T21:27:50,2026-09-29T21:27:50,2026-09-29T21:27:50
6763,綠界科技,2022-10-05,381.0,-10.0,-2.56%,,,,,,,,,ShowDailyK_ChartFlow,FinMind_API_TaiwanStockPrice_6763,True,2026-09-29T21:27:50,2026-09-29T21:27:50,2026-09-29T21:27:50
6763,綠界科技,2022-10-06,384.0,3.0,0.79%,,,,,,,,,ShowDailyK_ChartFlow,FinMind_API_TaiwanStockPrice_6763,True,2026-09-29T21:27:50,2026-09-29T21:27:50,2026-09-29T21:27:50
6763,綠界科技,2022-10-07,377.5,-6.5,-1.69%,,,,,,,,,ShowDailyK_ChartFlow,FinMind_API_TaiwanStockPrice_6763,True,2026-09-29T21:27:50,2026-09-29T21:27:50,2026-09-29T21:27:50
6763,綠界科技,2022-10-11,370.0,-7.5,-1.99%,,,,,,,,,ShowDailyK_ChartFlow,FinMind_API_TaiwanStockPrice_6763,True,2026-09-29T21:27:50,2026-09-29T21:27:50,2026-09-29T21:27:50
6763,綠界科技,2022-10-12,367.0,-3.0,-0.81%,,,,,,,,,ShowDailyK_ChartFlow,FinMind_API_TaiwanStockPrice_6763,True,2026-09-29T21:27:50,2026-09-29T21:27:50,2026-09-29T21:27:50
6763,綠界科技,2022-10-13,345.5,-21.5,-5.86%,,,,,,,,,ShowDailyK_ChartFlow,FinMind_API_TaiwanStockPrice_6763,True,2026-09-29T21:27:50,2026-09-29T21:27:50,2026-09-29T21:27:50
6763,綠界科技,2022-10-14,350.0,4.5,1.30%,,,,,,,,,ShowDailyK_ChartFlow,FinMind_API_TaiwanStockPrice_6763,True,2026-09-29T21:27:50,2026-09-29T21:27:50,2026-09-29T21:27:50
6763,綠界科技,2022-10-17,344.0,-6.0,-1.71%,,,,,,,,,ShowDailyK_ChartFlow,FinMind_API_TaiwanStockPrice_6763,True,2026-09-29T21:27:50,2026-09-29T21:27:50,2026-09-29T21:27:50
6763,綠界科技,2022-10-18,337.0,-7.0,-2.03%,,,,,,,,,ShowDailyK_ChartFlow,FinMind_API_TaiwanStockPrice_6763,True,2026-09-29T21:27:50,2026-09-29T21:27:50,2026-09-29T21:27:50
6763,綠界科技,2022-10-19,340.0,3.0,0.89%,,,,,,,,,ShowDailyK_ChartFlow,FinMind_API_TaiwanStockPrice_6763,True,2026-09-29T21:27:50,2026-09-29T21:27:50,2026-09-29T21:27:50
6763,綠界科技,2022-10-20,338.0,-2.0,-0.59%,,,,,,,,,ShowDailyK_ChartFlow,FinMind_API_TaiwanStockPrice_6763,True,2026-09-29T21:27:50,2026-09-29T21:27:50,2026-09-29T21:27:50
6763,綠界科技,2022-10-21,336.5,-1.5,-0.44%,,,,,,,,,ShowDailyK_ChartFlow,FinMind_API_TaiwanStockPrice_6763,True,2026-09-29T21:27:50,2026-09-29T21:27:50,2026-09-29T21:27:50
6763,綠界科技,2022-10-24,339.0,2.5,0.74%,,,,,,,,,ShowDailyK_ChartFlow,FinMind_API_TaiwanStockPrice_6763,True,2026-09-29T21:27:50,2026-09-29T21:27:50,2026-09-29T21:27:50
6763,綠界科技,2022-10-25,334.5,-4.5,-1.33%,,,,,,,,,ShowDailyK_ChartFlow,FinMind_API_TaiwanStockPrice_6763,True,2026-09-29T21:27:50,2026-09-29T21:27:50,2026-09-29T21:27:50
6763,綠界科技,2022-10-26,335.0,0.5,0.15%,,,,,,,,,ShowDailyK_ChartFlow,FinMind_API_TaiwanStockPrice_6763,True,2026-09-29T21:27:50,2026-09-29T21:27:50,2026-09-29T21:27:50
6763,綠界科技,2022-10-27,344.0,9.0,2.69%,,,,,,,,,ShowDailyK_ChartFlow,FinMind_API_TaiwanStockPrice_6763,True,2026-09-29T21:27:50,2026-09-29T21:27:50,2026-09-29T21:27:50
6763,綠界科技,2022-10-28,337.0,-7.0,-2.03%,,,,,,,,,ShowDailyK_ChartFlow,FinMind_API_TaiwanStockPrice_6763,True,2026-09-29T21:27:50,2026-09-29T21:27:50,2026-09-29T21:27:50
6763,綠界科技,2022-10-31,349.5,12.5,3.71%,,,,,,,,,ShowDailyK_ChartFlow,FinMind_API_TaiwanStockPrice_6763,True,2026-09-29T21:27:50,2026-09-29T21:27:50,2026-09-29T21:27:50
6763,綠界科技,2022-11-01,353.0,3.5,1.00%,,,,,,,,,ShowDailyK_ChartFlow,FinMind_API_TaiwanStockPrice_6763,True,2026-09-29T21:27:50,2026-09-29T21:27:50,2026-09-29T21:27:50
6763,綠界科技,2022-11-02,351.0,-2.0,-0.57%,,,,,,,,,ShowDailyK_ChartFlow,FinMind_API_TaiwanStockPrice_6763,True,2026-09-29T21:27:50,2026-09-29T21:27:50,2026-09-29T21:27:50
6763,綠界科技,2022-11-03,347.5,-3.5,-1.00%,,,,,,,,,ShowDailyK_ChartFlow,FinMind_API_TaiwanStockPrice_6763,True,2026-09-29T21:27:50,2026-09-29T21:27:50,2026-09-29T21:27:50
6763,綠界科技,2022-11-04,351.0,3.5,1.01%,,,,,,,,,ShowDailyK_ChartFlow,FinMind_API_TaiwanStockPrice_6763,True,2026-09-29T21:27:50,2026-09-29T21:27:50,2026-09-29T21:27:50
6763,綠界科技,2022-11-07,353.0,2.0,0.57%,,,,,,,,,ShowDailyK_ChartFlow,FinMind_API_TaiwanStockPrice_6763,True,2026-09-29T21:27:50,2026-09-29T21:27:50,2026-09-29T21:27:50
6763,綠界科技,2022-11-08,355.0,2.0,0.57%,,,,,,,,,ShowDailyK_ChartFlow,FinMind_API_TaiwanStockPrice_6763,True,2026-09-29T21:27:50,2026-09-29T21:27:50,2026-09-29T21:27:50
6763,綠界科技,2022-11-09,361.5,6.5,1.83%,,,,,,,,,ShowDailyK_ChartFlow,FinMind_API_TaiwanStockPrice_6763,True,2026-09-29T21:27:50,2026-09-29T21:27:50,2026-09-29T21:27:50
6763,綠界科技,2022-11-10,357.0,-4.5,-1.24%,,,,,,,,,ShowDailyK_ChartFlow,FinMind_API_TaiwanStockPrice_6763,True,2026-09-29T21:27:50,2026-09-29T21:27:50,2026-09-29T21:27:50
6763,綠界科技,2022-11-11,381.5,24.5,6.86%,,,,,,,,,ShowDailyK_ChartFlow,FinMind_API_TaiwanStockPrice_6763,True,2026-09-29T21:27:50,2026-09-29T21:27:50,2026-09-29T21:27:50
6763,綠界科技,2022-11-14,386.5,5.0,1.31%,,,,,,,,,ShowDailyK_ChartFlow,FinMind_API_TaiwanStockPrice_6763,True,2026-09-29T21:27:50,2026-09-29T21:27:50,2026-09-29T21:27:50
6763,綠界科技,2022-11-15,384.5,-2.0,-0.52%,,,,,,,,,ShowDailyK_ChartFlow,FinMind_API_TaiwanStockPrice_6763,True,2026-09-29T21:27:50,2026-09-29T21:27:50,2026-09-29T21:27:50
6763,綠界科技,2022-11-16,381.0,-3.5,-0.91%,,,,,,,,,ShowDailyK_ChartFlow,FinMind_API_TaiwanStockPrice_6763,True,2026-09-29T21:27:50,2026-09-29T21:27:50,2026-09-29T21:27:50
6763,綠界科技,2022-11-17,387.0,6.0,1.57%,,,,,,,,,ShowDailyK_ChartFlow,FinMind_API_TaiwanStockPrice_6763,True,2026-09-29T21:27:50,2026-09-29T21:27:50,2026-09-29T21:27:50
6763,綠界科技,2022-11-18,379.5,-7.5,-1.94%,,,,,,,,,ShowDailyK_ChartFlow,FinMind_API_TaiwanStockPrice_6763,True,2026-09-29T21:27:50,2026-09-29T21:27:50,2026-09-29T21:27:50
6763,綠界科技,2022-11-21,383.0,3.5,0.92%,,,,,,,,,ShowDailyK_ChartFlow,FinMind_API_TaiwanStockPrice_6763,True,2026-09-29T21:27:50,2026-09-29T21:27:50,2026-09-29T21:27:50
6763,綠界科技,2022-11-22,391.5,8.5,2.22%,,,,,,,,,ShowDailyK_ChartFlow,FinMind_API_TaiwanStockPrice_6763,True,2026-09-29T21:27:50,2026-09-29T21:27:50,2026-09-29T21:27:50
6763,綠界科技,2022-11-23,390.5,-1.0,-0.26%,,,,,,,,,ShowDailyK_ChartFlow,FinMind_API_TaiwanStockPrice_6763,True,2026-09-29T21:27:50,2026-09-29T21:27:50,2026-09-29T21:27:50
6763,綠界科技,2022-11-24,391.5,1.0,0.26%,,,,,,,,,ShowDailyK_ChartFlow,FinMind_API_TaiwanStockPrice_6763,True,2026-09-29T21:27:50,2026-09-29T21:27:50,2026-09-29T21:27:50
6763,綠界科技,2022-11-25,407.5,16.0,4.09%,,,,,,,,,ShowDailyK_ChartFlow,FinMind_API_TaiwanStockPrice_6763,True,2026-09-29T21:27:50,2026-09-29T21:27:50,2026-09-29T21:27:50
6763,綠界科技,2022-11-28,402.5,-5.0,-1.23%,,,,,,,,,ShowDailyK_ChartFlow,FinMind_API_TaiwanStockPrice_6763,True,2026-09-29T21:27:50,2026-09-29T21:27:50,2026-09-29T21:27:50
6763,綠界科技,2022-11-29,401.0,-1.5,-0.37%,,,,,,,,,ShowDailyK_ChartFlow,FinMind_API_TaiwanStockPrice_6763,True,2026-09-29T21:27:50,2026-09-29T21:27:50,2026-09-29T21:27:50
6763,綠界科技,2022-11-30,399.0,-2.0,-0.50%,,,,,,,,,ShowDailyK_ChartFlow,FinMind_API_TaiwanStockPrice_6763,True,2026-09-29T21:27:50,2026-09-29T21:27:50,2026-09-29T21:27:50
6763,綠界科技,2022-12-01,416.0,17.0,4.26%,,,,,,,,,ShowDailyK_ChartFlow,FinMind_API_TaiwanStockPrice_6763,True,2026-09-29T21:27:50,2026-09-29T21:27:50,2026-09-29T21:27:50
6763,綠界科技,2022-12-02,430.0,14.0,3.37%,,,,,,,,,ShowDailyK_ChartFlow,FinMind_API_TaiwanStockPrice_6763,True,2026-09-29T21:27:50,2026-09-29T21:27:50,2026-09-29T21:27:50
6763,綠界科技,2022-12-05,439.0,9.0,2.09%,,,,,,,,,ShowDailyK_ChartFlow,FinMind_API_TaiwanStockPrice_6763,True,2026-09-29T21:27:50,2026-09-29T21:27:50,2026-09-29T21:27:50
6763,綠界科技,2022-12-06,422.0,-17.0,-3.87%,,,,,,,,,ShowDailyK_ChartFlow,FinMind_API_TaiwanStockPrice_6763,True,2026-09-29T21:27:50,2026-09-29T21:27:50,2026-09-29T21:27:50
6763,綠界科技,2022-12-07,410.5,-11.5,-2.73%,,,,,,,,,ShowDailyK_ChartFlow,FinMind_API_TaiwanStockPrice_6763,True,2026-09-29T21:27:50,2026-09-29T21:27:50,2026-09-29T21:27:50
6763,綠界科技,2022-12-08,408.5,-2.0,-0.49%,,,,,,,,,ShowDailyK_ChartFlow,FinMind_API_TaiwanStockPrice_6763,True,2026-09-29T21:27:50,2026-09-29T21:27:50,2026-09-29T21:27:50
6763,綠界科技,2022-12-09,415.5,7.0,1.71%,,,,,,,,,ShowDailyK_ChartFlow,FinMind_API_TaiwanStockPrice_6763,True,2026-09-29T21:27:50,2026-09-29T21:27:50,2026-09-29T21:27:50
6763,綠界科技,2022-12-12,412.0,-3.5,-0.84%,,,,,,,,,ShowDailyK_ChartFlow,FinMind_API_TaiwanStockPrice_6763,True,2026-09-29T21:27:50,2026-09-29T21:27:50,2026-09-29T21:27:50
6763,綠界科技,2022-12-13,412.0,0.0,0.00%,,,,,,,,,ShowDailyK_ChartFlow,FinMind_API_TaiwanStockPrice_6763,True,2026-09-29T21:27:50,2026-09-29T21:27:50,2026-09-29T21:27:50
6763,綠界科技,2022-12-14,414.5,2.5,0.61%,,,,,,,,,ShowDailyK_ChartFlow,FinMind_API_TaiwanStockPrice_6763,True,2026-09-29T21:27:50,2026-09-29T21:27:50,2026-09-29T21:27:50
6763,綠界科技,2022-12-15,414.0,-0.5,-0.12%,,,,,,,,,ShowDailyK_ChartFlow,FinMind_API_TaiwanStockPrice_6763,True,2026-09-29T21:27:50,2026-09-29T21:27:50,2026-09-29T21:27:50
6763,綠界科技,2022-12-16,398.0,-16.0,-3.86%,,,,,,,,,ShowDailyK_ChartFlow,FinMind_API_TaiwanStockPrice_6763,True,2026-09-29T21:27:50,2026-09-29T21:27:50,2026-09-29T21:27:50
6763,綠界科技,2022-12-19,394.0,-4.0,-1.01%,,,,,,,,,ShowDailyK_ChartFlow,FinMind_API_TaiwanStockPrice_6763,True,2026-09-29T21:27:50,2026-09-29T21:27:50,2026-09-29T21:27:50
6763,綠界科技,2022-12-20,381.0,-13.0,-3.30%,,,,,,,,,ShowDailyK_ChartFlow,FinMind_API_TaiwanStockPrice_6763,True,2026-09-29T21:27:50,2026-09-29T21:27:50,2026-09-29T21:27:50
6763,綠界科技,2022-12-21,383.0,2.0,0.52%,,,,,,,,,ShowDailyK_ChartFlow,FinMind_API_TaiwanStockPrice_6763,True,2026-09-29T21:27:50,2026-09-29T21:27:50,2026-09-29T21:27:50
6763,綠界科技,2022-12-22,383.0,0.0,0.00%,,,,,,,,,ShowDailyK_ChartFlow,FinMind_API_TaiwanStockPrice_6763,True,2026-09-29T21:27:50,2026-09-29T21:27:50,2026-09-29T21:27:50
6763,綠界科技,2022-12-23,412.0,29.0,7.57%,,,,,,,,,ShowDailyK_ChartFlow,FinMind_API_TaiwanStockPrice_6763,True,2026-09-29T21:27:50,2026-09-29T21:27:50,2026-09-29T21:27:50
6763,綠界科技,2022-12-26,404.0,-8.0,-1.94%,,,,,,,,,ShowDailyK_ChartFlow,FinMind_API_TaiwanStockPrice_6763,True,2026-09-29T21:27:50,2026-09-29T21:27:50,2026-09-29T21:27:50
6763,綠界科技,2022-12-27,392.0,-12.0,-2.97%,,,,,,,,,ShowDailyK_ChartFlow,FinMind_API_TaiwanStockPrice_6763,True,2026-09-29T21:27:50,2026-09-29T21:27:50,2026-09-29T21:27:50
6763,綠界科技,2022-12-28,378.5,-13.5,-3.44%,,,,,,,,,ShowDailyK_ChartFlow,FinMind_API_TaiwanStockPrice_6763,True,2026-09-29T21:27:50,2026-09-29T21:27:50,2026-09-29T21:27:50
6763,綠界科技,2022-12-29,381.0,2.5,0.66%,,,,,,,,,ShowDailyK_ChartFlow,FinMind_API_TaiwanStockPrice_6763,True,2026-09-29T21:27:50,2026-09-29T21:27:50,2026-09-29T21:27:50
6763,綠界科技,2022-12-30,387.0,6.0,1.57%,,,,,,,,,ShowDailyK_ChartFlow,FinMind_API_TaiwanStockPrice_6763,True,2026-09-29T21:27:50,2026-09-29T21:27:50,2026-09-29T21:27:50
6763,綠界科技,2023-01-03,388.0,1.0,0.26%,,,,,,,,,ShowDailyK_ChartFlow,FinMind_API_TaiwanStockPrice_6763,True,2026-09-29T21:27:50,2026-09-29T21:27:50,2026-09-29T21:27:50
6763,綠界科技,2023-01-04,396.5,8.5,2.19%,,,,,,,,,ShowDailyK_ChartFlow,FinMind_API_TaiwanStockPrice_6763,True,2026-09-29T21:27:50,2026-09-29T21:27:50,2026-09-29T21:27:50
6763,綠界科技,2023-01-05,405.5,9.0,2.27%,,,,,,,,,ShowDailyK_ChartFlow,FinMind_API_TaiwanStockPrice_6763,True,2026-09-29T21:27:50,2026-09-29T21:27:50,2026-09-29T21:27:50
6763,綠界科技,2023-01-06,414.0,8.5,2.10%,,,,,,,,,ShowDailyK_ChartFlow,FinMind_API_TaiwanStockPrice_6763,True,2026-09-29T21:27:50,2026-09-29T21:27:50,2026-09-29T21:27:50
6763,綠界科技,2023-01-09,411.0,-3.0,-0.72%,,,,,,,,,ShowDailyK_ChartFlow,FinMind_API_TaiwanStockPrice_6763,True,2026-09-29T21:27:50,2026-09-29T21:27:50,2026-09-29T21:27:50
6763,綠界科技,2023-01-10,400.5,-10.5,-2.55%,,,,,,,,,ShowDailyK_ChartFlow,FinMind_API_TaiwanStockPrice_6763,True,2026-09-29T21:27:50,2026-09-29T21:27:50,2026-09-29T21:27:50
6763,綠界科技,2023-01-11,420.0,19.5,4.87%,,,,,,,,,ShowDailyK_ChartFlow,FinMind_API_TaiwanStockPrice_6763,True,2026-09-29T21:27:50,2026-09-29T21:27:50,2026-09-29T21:27:50
6763,綠界科技,2023-01-12,461.5,41.5,9.88%,,,,,,,,,ShowDailyK_ChartFlow,FinMind_API_TaiwanStockPrice_6763,True,2026-09-29T21:27:50,2026-09-29T21:27:50,2026-09-29T21:27:50
6763,綠界科技,2023-01-13,463.0,1.5,0.33%,,,,,,,,,ShowDailyK_ChartFlow,FinMind_API_TaiwanStockPrice_6763,True,2026-09-29T21:27:50,2026-09-29T21:27:50,2026-09-29T21:27:50
6763,綠界科技,2023-01-16,474.0,11.0,2.38%,,,,,,,,,ShowDailyK_ChartFlow,FinMind_API_TaiwanStockPrice_6763,True,2026-09-29T21:27:50,2026-09-29T21:27:50,2026-09-29T21:27:50
6763,綠界科技,2023-01-17,489.0,15.0,3.16%,,,,,,,,,ShowDailyK_ChartFlow,FinMind_API_TaiwanStockPrice_6763,True,2026-09-29T21:27:50,2026-09-29T21:27:50,2026-09-29T21:27:50
6763,綠界科技,2023-01-30,491.0,2.0,0.41%,,,,,,,,,ShowDailyK_ChartFlow,FinMind_API_TaiwanStockPrice_6763,True,2026-09-29T21:27:50,2026-09-29T21:27:50,2026-09-29T21:27:50
6763,綠界科技,2023-01-31,482.5,-8.5,-1.73%,,,,,,,,,ShowDailyK_ChartFlow,FinMind_API_TaiwanStockPrice_6763,True,2026-09-29T21:27:50,2026-09-29T21:27:50,2026-09-29T21:27:50
6763,綠界科技,2023-02-01,481.0,-1.5,-0.31%,,,,,,,,,ShowDailyK_ChartFlow,FinMind_API_TaiwanStockPrice_6763,True,2026-09-29T21:27:50,2026-09-29T21:27:50,2026-09-29T21:27:50
6763,綠界科技,2023-02-02,497.0,16.0,3.33%,,,,,,,,,ShowDailyK_ChartFlow,FinMind_API_TaiwanStockPrice_6763,True,2026-09-29T21:27:50,2026-09-29T21:27:50,2026-09-29T21:27:50
6763,綠界科技,2023-02-03,489.0,-8.0,-1.61%,,,,,,,,,ShowDailyK_ChartFlow,FinMind_API_TaiwanStockPrice_6763,True,2026-09-29T21:27:50,2026-09-29T21:27:50,2026-09-29T21:27:50
6763,綠界科技,2023-02-06,480.5,-8.5,-1.74%,,,,,,,,,ShowDailyK_ChartFlow,FinMind_API_TaiwanStockPrice_6763,True,2026-09-29T21:27:50,2026-09-29T21:27:50,2026-09-29T21:27:50
6763,綠界科技,2023-02-07,485.0,4.5,0.94%,,,,,,,,,ShowDailyK_ChartFlow,FinMind_API_TaiwanStockPrice_6763,True,2026-09-29T21:27:50,2026-09-29T21:27:50,2026-09-29T21:27:50
6763,綠界科技,2023-02-08,499.0,14.0,2.89%,,,,,,,,,ShowDailyK_ChartFlow,FinMind_API_TaiwanStockPrice_6763,True,2026-09-29T21:27:50,2026-09-29T21:27:50,2026-09-29T21:27:50
6763,綠界科技,2023-02-09,548.0,49.0,9.82%,,,,,,,,,ShowDailyK_ChartFlow,FinMind_API_TaiwanStockPrice_6763,True,2026-09-29T21:27:50,2026-09-29T21:27:50,2026-09-29T21:27:50
6763,綠界科技,2023-02-10,515.0,-33.0,-6.02%,,,,,,,,,ShowDailyK_ChartFlow,FinMind_API_TaiwanStockPrice_6763,True,2026-09-29T21:27:50,2026-09-29T21:27:50,2026-09-29T21:27:50
6763,綠界科技,2023-02-13,498.0,-17.0,-3.30%,,,,,,,,,ShowDailyK_ChartFlow,FinMind_API_TaiwanStockPrice_6763,True,2026-09-29T21:27:50,2026-09-29T21:27:50,2026-09-29T21:27:50
6763,綠界科技,2023-02-14,492.0,-6.0,-1.20%,,,,,,,,,ShowDailyK_ChartFlow,FinMind_API_TaiwanStockPrice_6763,True,2026-09-29T21:27:50,2026-09-29T21:27:50,2026-09-29T21:27:50
6763,綠界科技,2023-02-15,488.0,-4.0,-0.81%,,,,,,,,,ShowDailyK_ChartFlow,FinMind_API_TaiwanStockPrice_6763,True,2026-09-29T21:27:50,2026-09-29T21:27:50,2026-09-29T21:27:50
6763,綠界科技,2023-02-16,496.0,8.0,1.64%,,,,,,,,,ShowDailyK_ChartFlow,FinMind_API_TaiwanStockPrice_6763,True,2026-09-29T21:27:50,2026-09-29T21:27:50,2026-09-29T21:27:50
6763,綠界科技,2023-02-17,507.0,11.0,2.22%,,,,,,,,,ShowDailyK_ChartFlow,FinMind_API_TaiwanStockPrice_6763,True,2026-09-29T21:27:50,2026-09-29T21:27:50,2026-09-29T21:27:50
6763,綠界科技,2023-02-20,511.0,4.0,0.79%,,,,,,,,,ShowDailyK_ChartFlow,FinMind_API_TaiwanStockPrice_6763,True,2026-09-29T21:27:50,2026-09-29T21:27:50,2026-09-29T21:27:50
6763,綠界科技,2023-02-21,502.0,-9.0,-1.76%,,,,,,,,,ShowDailyK_ChartFlow,FinMind_API_TaiwanStockPrice_6763,True,2026-09-29T21:27:50,2026-09-29T21:27:50,2026-09-29T21:27:50
6763,綠界科技,2023-02-22,480.0,-22.0,-4.38%,,,,,,,,,ShowDailyK_ChartFlow,FinMind_API_TaiwanStockPrice_6763,True,2026-09-29T21:27:50,2026-09-29T21:27:50,2026-09-29T21:27:50
6763,綠界科技,2023-02-23,486.0,6.0,1.25%,,,,,,,,,ShowDailyK_ChartFlow,FinMind_API_TaiwanStockPrice_6763,True,2026-09-29T21:27:50,2026-09-29T21:27:50,2026-09-29T21:27:50
6763,綠界科技,2023-02-24,478.0,-8.0,-1.65%,,,,,,,,,ShowDailyK_ChartFlow,FinMind_API_TaiwanStockPrice_6763,True,2026-09-29T21:27:50,2026-09-29T21:27:50,2026-09-29T21:27:50
6763,綠界科技,2023-03-01,479.0,1.0,0.21%,,,,,,,,,ShowDailyK_ChartFlow,FinMind_API_TaiwanStockPrice_6763,True,2026-09-29T21:27:50,2026-09-29T21:27:50,2026-09-29T21:27:50
6763,綠界科技,2023-03-02,481.5,2.5,0.52%,,,,,,,,,ShowDailyK_ChartFlow,FinMind_API_TaiwanStockPrice_6763,True,2026-09-29T21:27:50,2026-09-29T21:27:50,2026-09-29T21:27:50
6763,綠界科技,2023-03-03,488.0,6.5,1.35%,,,,,,,,,ShowDailyK_ChartFlow,FinMind_API_TaiwanStockPrice_6763,True,2026-09-29T21:27:50,2026-09-29T21:27:50,2026-09-29T21:27:50
6763,綠界科技,2023-03-06,498.0,10.0,2.05%,,,,,,,,,ShowDailyK_ChartFlow,FinMind_API_TaiwanStockPrice_6763,True,2026-09-29T21:27:50,2026-09-29T21:27:50,2026-09-29T21:27:50
6763,綠界科技,2023-03-07,492.5,-5.5,-1.10%,,,,,,,,,ShowDailyK_ChartFlow,FinMind_API_TaiwanStockPrice_6763,True,2026-09-29T21:27:50,2026-09-29T21:27:50,2026-09-29T21:27:50
6763,綠界科技,2023-03-08,506.0,13.5,2.74%,,,,,,,,,ShowDailyK_ChartFlow,FinMind_API_TaiwanStockPrice_6763,True,2026-09-29T21:27:50,2026-09-29T21:27:50,2026-09-29T21:27:50
6763,綠界科技,2023-03-09,492.5,-13.5,-2.67%,,,,,,,,,ShowDailyK_ChartFlow,FinMind_API_TaiwanStockPrice_6763,True,2026-09-29T21:27:50,2026-09-29T21:27:50,2026-09-29T21:27:50
6763,綠界科技,2023-03-10,475.0,-17.5,-3.55%,,,,,,,,,ShowDailyK_ChartFlow,FinMind_API_TaiwanStockPrice_6763,True,2026-09-29T21:27:50,2026-09-29T21:27:50,2026-09-29T21:27:50
6763,綠界科技,2023-03-13,467.5,-7.5,-1.58%,,,,,,,,,ShowDailyK_ChartFlow,FinMind_API_TaiwanStockPrice_6763,True,2026-09-29T21:27:50,2026-09-29T21:27:50,2026-09-29T21:27:50
6763,綠界科技,2023-03-14,467.0,-0.5,-0.11%,,,,,,,,,ShowDailyK_ChartFlow,FinMind_API_TaiwanStockPrice_6763,True,2026-09-29T21:27:50,2026-09-29T21:27:50,2026-09-29T21:27:50
6763,綠界科技,2023-03-15,468.5,1.5,0.32%,,,,,,,,,ShowDailyK_ChartFlow,FinMind_API_TaiwanStockPrice_6763,True,2026-09-29T21:27:50,2026-09-29T21:27:50,2026-09-29T21:27:50
6763,綠界科技,2023-03-16,458.5,-10.0,-2.13%,,,,,,,,,ShowDailyK_ChartFlow,FinMind_API_TaiwanStockPrice_6763,True,2026-09-29T21:27:50,2026-09-29T21:27:50,2026-09-29T21:27:50
6763,綠界科技,2023-03-17,467.0,8.5,1.85%,,,,,,,,,ShowDailyK_ChartFlow,FinMind_API_TaiwanStockPrice_6763,True,2026-09-29T21:27:50,2026-09-29T21:27:50,2026-09-29T21:27:50
6763,綠界科技,2023-03-20,469.0,2.0,0.43%,,,,,,,,,ShowDailyK_ChartFlow,FinMind_API_TaiwanStockPrice_6763,True,2026-09-29T21:27:50,2026-09-29T21:27:50,2026-09-29T21:27:50
6763,綠界科技,2023-03-21,478.0,9.0,1.92%,,,,,,,,,ShowDailyK_ChartFlow,FinMind_API_TaiwanStockPrice_6763,True,2026-09-29T21:27:50,2026-09-29T21:27:50,2026-09-29T21:27:50
6763,綠界科技,2023-03-22,482.5,4.5,0.94%,,,,,,,,,ShowDailyK_ChartFlow,FinMind_API_TaiwanStockPrice_6763,True,2026-09-29T21:27:50,2026-09-29T21:27:50,2026-09-29T21:27:50
6763,綠界科技,2023-03-23,483.0,0.5,0.10%,,,,,,,,,ShowDailyK_ChartFlow,FinMind_API_TaiwanStockPrice_6763,True,2026-09-29T21:27:50,2026-09-29T21:27:50,2026-09-29T21:27:50
6763,綠界科技,2023-03-24,482.5,-0.5,-0.10%,,,,,,,,,ShowDailyK_ChartFlow,FinMind_API_TaiwanStockPrice_6763,True,2026-09-29T21:27:50,2026-09-29T21:27:50,2026-09-29T21:27:50
6763,綠界科技,2023-03-27,478.0,-4.5,-0.93%,,,,,,,,,ShowDailyK_ChartFlow,FinMind_API_TaiwanStockPrice_6763,True,2026-09-29T21:27:50,2026-09-29T21:27:50,2026-09-29T21:27:50
6763,綠界科技,2023-03-28,471.5,-6.5,-1.36%,,,,,,,,,ShowDailyK_ChartFlow,FinMind_API_TaiwanStockPrice_6763,True,2026-09-29T21:27:50,2026-09-29T21:27:50,2026-09-29T21:27:50
6763,綠界科技,2023-03-29,461.0,-10.5,-2.23%,,,,,,,,,ShowDailyK_ChartFlow,FinMind_API_TaiwanStockPrice_6763,True,2026-09-29T21:27:50,2026-09-29T21:27:50,2026-09-29T21:27:50
6763,綠界科技,2023-03-30,469.0,8.0,1.74%,,,,,,,,,ShowDailyK_ChartFlow,FinMind_API_TaiwanStockPrice_6763,True,2026-09-29T21:27:50,2026-09-29T21:27:50,2026-09-29T21:27:50
6763,綠界科技,2023-03-31,466.5,-2.5,-0.53%,,,,,,,,,ShowDailyK_ChartFlow,FinMind_API_TaiwanStockPrice_6763,True,2026-09-29T21:27:50,2026-09-29T21:27:50,2026-09-29T21:27:50
6763,綠界科技,2023-04-06,467.0,0.5,0.11%,,,,,,,,,ShowDailyK_ChartFlow,FinMind_API_TaiwanStockPrice_6763,True,2026-09-29T21:27:50,2026-09-29T21:27:50,2026-09-29T21:27:50
6763,綠界科技,2023-04-07,464.0,-3.0,-0.64%,,,,,,,,,ShowDailyK_ChartFlow,FinMind_API_TaiwanStockPrice_6763,True,2026-09-29T21:27:50,2026-09-29T21:27:50,2026-09-29T21:27:50
6763,綠界科技,2023-04-10,468.5,4.5,0.97%,,,,,,,,,ShowDailyK_ChartFlow,FinMind_API_TaiwanStockPrice_6763,True,2026-09-29T21:27:50,2026-09-29T21:27:50,2026-09-29T21:27:50
6763,綠界科技,2023-04-11,506.0,37.5,8.00%,,,,,,,,,ShowDailyK_ChartFlow,FinMind_API_TaiwanStockPrice_6763,True,2026-09-29T21:27:50,2026-09-29T21:27:50,2026-09-29T21:27:50
6763,綠界科技,2023-04-12,498.0,-8.0,-1.58%,,,,,,,,,ShowDailyK_ChartFlow,FinMind_API_TaiwanStockPrice_6763,True,2026-09-29T21:27:50,2026-09-29T21:27:50,2026-09-29T21:27:50
6763,綠界科技,2023-04-13,492.5,-5.5,-1.10%,,,,,,,,,ShowDailyK_ChartFlow,FinMind_API_TaiwanStockPrice_6763,True,2026-09-29T21:27:50,2026-09-29T21:27:50,2026-09-29T21:27:50
6763,綠界科技,2023-04-14,503.0,10.5,2.13%,,,,,,,,,ShowDailyK_ChartFlow,FinMind_API_TaiwanStockPrice_6763,True,2026-09-29T21:27:50,2026-09-29T21:27:50,2026-09-29T21:27:50
6763,綠界科技,2023-04-17,512.0,9.0,1.79%,,,,,,,,,ShowDailyK_ChartFlow,FinMind_API_TaiwanStockPrice_6763,True,2026-09-29T21:27:50,2026-09-29T21:27:50,2026-09-29T21:27:50
6763,綠界科技,2023-04-18,538.0,26.0,5.08%,,,,,,,,,ShowDailyK_ChartFlow,FinMind_API_TaiwanStockPrice_6763,True,2026-09-29T21:27:50,2026-09-29T21:27:50,2026-09-29T21:27:50
6763,綠界科技,2023-04-19,515.0,-23.0,-4.28%,,,,,,,,,ShowDailyK_ChartFlow,FinMind_API_TaiwanStockPrice_6763,True,2026-09-29T21:27:50,2026-09-29T21:27:50,2026-09-29T21:27:50
6763,綠界科技,2023-04-20,498.5,-16.5,-3.20%,,,,,,,,,ShowDailyK_ChartFlow,FinMind_API_TaiwanStockPrice_6763,True,2026-09-29T21:27:50,2026-09-29T21:27:50,2026-09-29T21:27:50
6763,綠界科技,2023-04-21,486.0,-12.5,-2.51%,,,,,,,,,ShowDailyK_ChartFlow,FinMind_API_TaiwanStockPrice_6763,True,2026-09-29T21:27:50,2026-09-29T21:27:50,2026-09-29T21:27:50
6763,綠界科技,2023-04-24,497.5,11.5,2.37%,,,,,,,,,ShowDailyK_ChartFlow,FinMind_API_TaiwanStockPrice_6763,True,2026-09-29T21:27:50,2026-09-29T21:27:50,2026-09-29T21:27:50
6763,綠界科技,2023-04-25,475.0,-22.5,-4.52%,,,,,,,,,ShowDailyK_ChartFlow,FinMind_API_TaiwanStockPrice_6763,True,2026-09-29T21:27:50,2026-09-29T21:27:50,2026-09-29T21:27:50
6763,綠界科技,2023-04-26,480.0,5.0,1.05%,,,,,,,,,ShowDailyK_ChartFlow,FinMind_API_TaiwanStockPrice_6763,True,2026-09-29T21:27:50,2026-09-29T21:27:50,2026-09-29T21:27:50
6763,綠界科技,2023-04-27,480.0,0.0,0.00%,,,,,,,,,ShowDailyK_ChartFlow,FinMind_API_TaiwanStockPrice_6763,True,2026-09-29T21:27:50,2026-09-29T21:27:50,2026-09-29T21:27:50
6763,綠界科技,2023-04-28,485.5,5.5,1.15%,,,,,,,,,ShowDailyK_ChartFlow,FinMind_API_TaiwanStockPrice_6763,True,2026-09-29T21:27:50,2026-09-29T21:27:50,2026-09-29T21:27:50
6763,綠界科技,2023-05-02,484.0,-1.5,-0.31%,,,,,,,,,ShowDailyK_ChartFlow,FinMind_API_TaiwanStockPrice_6763,True,2026-09-29T21:27:50,2026-09-29T21:27:50,2026-09-29T21:27:50
6763,綠界科技,2023-05-03,506.0,22.0,4.55%,,,,,,,,,ShowDailyK_ChartFlow,FinMind_API_TaiwanStockPrice_6763,True,2026-09-29T21:27:50,2026-09-29T21:27:50,2026-09-29T21:27:50
6763,綠界科技,2023-05-04,528.0,22.0,4.35%,,,,,,,,,ShowDailyK_ChartFlow,FinMind_API_TaiwanStockPrice_6763,True,2026-09-29T21:27:50,2026-09-29T21:27:50,2026-09-29T21:27:50
6763,綠界科技,2023-05-05,580.0,52.0,9.85%,,,,,,,,,ShowDailyK_ChartFlow,FinMind_API_TaiwanStockPrice_6763,True,2026-09-29T21:27:50,2026-09-29T21:27:50,2026-09-29T21:27:50
6763,綠界科技,2023-05-08,610.0,30.0,5.17%,,,,,,,,,ShowDailyK_ChartFlow,FinMind_API_TaiwanStockPrice_6763,True,2026-09-29T21:27:50,2026-09-29T21:27:50,2026-09-29T21:27:50
6763,綠界科技,2023-05-09,608.0,-2.0,-0.33%,,,,,,,,,ShowDailyK_ChartFlow,FinMind_API_TaiwanStockPrice_6763,True,2026-09-29T21:27:50,2026-09-29T21:27:50,2026-09-29T21:27:50
6763,綠界科技,2023-05-10,582.0,-26.0,-4.28%,,,,,,,,,ShowDailyK_ChartFlow,FinMind_API_TaiwanStockPrice_6763,True,2026-09-29T21:27:50,2026-09-29T21:27:50,2026-09-29T21:27:50
6763,綠界科技,2023-05-11,560.0,-22.0,-3.78%,,,,,,,,,ShowDailyK_ChartFlow,FinMind_API_TaiwanStockPrice_6763,True,2026-09-29T21:27:50,2026-09-29T21:27:50,2026-09-29T21:27:50
6763,綠界科技,2023-05-12,559.0,-1.0,-0.18%,,,,,,,,,ShowDailyK_ChartFlow,FinMind_API_TaiwanStockPrice_6763,True,2026-09-29T21:27:50,2026-09-29T21:27:50,2026-09-29T21:27:50
6763,綠界科技,2023-05-15,533.0,-26.0,-4.65%,,,,,,,,,ShowDailyK_ChartFlow,FinMind_API_TaiwanStockPrice_6763,True,2026-09-29T21:27:50,2026-09-29T21:27:50,2026-09-29T21:27:50
6763,綠界科技,2023-05-16,532.0,-1.0,-0.19%,,,,,,,,,ShowDailyK_ChartFlow,FinMind_API_TaiwanStockPrice_6763,True,2026-09-29T21:27:50,2026-09-29T21:27:50,2026-09-29T21:27:50
6763,綠界科技,2023-05-17,537.0,5.0,0.94%,,,,,,,,,ShowDailyK_ChartFlow,FinMind_API_TaiwanStockPrice_6763,True,2026-09-29T21:27:50,2026-09-29T21:27:50,2026-09-29T21:27:50
6763,綠界科技,2023-05-18,527.0,-10.0,-1.86%,,,,,,,,,ShowDailyK_ChartFlow,FinMind_API_TaiwanStockPrice_6763,True,2026-09-29T21:27:50,2026-09-29T21:27:50,2026-09-29T21:27:50
6763,綠界科技,2023-05-19,513.0,-14.0,-2.66%,,,,,,,,,ShowDailyK_ChartFlow,FinMind_API_TaiwanStockPrice_6763,True,2026-09-29T21:27:50,2026-09-29T21:27:50,2026-09-29T21:27:50
6763,綠界科技,2023-05-22,523.0,10.0,1.95%,,,,,,,,,ShowDailyK_ChartFlow,FinMind_API_TaiwanStockPrice_6763,True,2026-09-29T21:27:50,2026-09-29T21:27:50,2026-09-29T21:27:50
6763,綠界科技,2023-05-23,528.0,5.0,0.96%,,,,,,,,,ShowDailyK_ChartFlow,FinMind_API_TaiwanStockPrice_6763,True,2026-09-29T21:27:50,2026-09-29T21:27:50,2026-09-29T21:27:50
6763,綠界科技,2023-05-24,515.0,-13.0,-2.46%,,,,,,,,,ShowDailyK_ChartFlow,FinMind_API_TaiwanStockPrice_6763,True,2026-09-29T21:27:50,2026-09-29T21:27:50,2026-09-29T21:27:50
6763,綠界科技,2023-05-25,508.0,-7.0,-1.36%,,,,,,,,,ShowDailyK_ChartFlow,FinMind_API_TaiwanStockPrice_6763,True,2026-09-29T21:27:50,2026-09-29T21:27:50,2026-09-29T21:27:50
6763,綠界科技,2023-05-26,501.0,-7.0,-1.38%,,,,,,,,,ShowDailyK_ChartFlow,FinMind_API_TaiwanStockPrice_6763,True,2026-09-29T21:27:50,2026-09-29T21:27:50,2026-09-29T21:27:50
6763,綠界科技,2023-05-29,514.0,13.0,2.59%,,,,,,,,,ShowDailyK_ChartFlow,FinMind_API_TaiwanStockPrice_6763,True,2026-09-29T21:27:50,2026-09-29T21:27:50,2026-09-29T21:27:50
6763,綠界科技,2023-05-30,507.0,-7.0,-1.36%,,,,,,,,,ShowDailyK_ChartFlow,FinMind_API_TaiwanStockPrice_6763,True,2026-09-29T21:27:50,2026-09-29T21:27:50,2026-09-29T21:27:50
6763,綠界科技,2023-05-31,516.0,9.0,1.78%,,,,,,,,,ShowDailyK_ChartFlow,FinMind_API_TaiwanStockPrice_6763,True,2026-09-29T21:27:50,2026-09-29T21:27:50,2026-09-29T21:27:50
6763,綠界科技,2023-06-01,522.0,6.0,1.16%,,,,,,,,,ShowDailyK_ChartFlow,FinMind_API_TaiwanStockPrice_6763,True,2026-09-29T21:27:50,2026-09-29T21:27:50,2026-09-29T21:27:50
6763,綠界科技,2023-06-02,515.0,-7.0,-1.34%,,,,,,,,,ShowDailyK_ChartFlow,FinMind_API_TaiwanStockPrice_6763,True,2026-09-29T21:27:50,2026-09-29T21:27:50,2026-09-29T21:27:50
6763,綠界科技,2023-06-05,515.0,0.0,0.00%,,,,,,,,,ShowDailyK_ChartFlow,FinMind_API_TaiwanStockPrice_6763,True,2026-09-29T21:27:50,2026-09-29T21:27:50,2026-09-29T21:27:50
6763,綠界科技,2023-06-06,513.0,-2.0,-0.39%,,,,,,,,,ShowDailyK_ChartFlow,FinMind_API_TaiwanStockPrice_6763,True,2026-09-29T21:27:50,2026-09-29T21:27:50,2026-09-29T21:27:50
6763,綠界科技,2023-06-07,518.0,5.0,0.97%,,,,,,,,,ShowDailyK_ChartFlow,FinMind_API_TaiwanStockPrice_6763,True,2026-09-29T21:27:50,2026-09-29T21:27:50,2026-09-29T21:27:50
6763,綠界科技,2023-06-08,513.0,-5.0,-0.97%,,,,,,,,,ShowDailyK_ChartFlow,FinMind_API_TaiwanStockPrice_6763,True,2026-09-29T21:27:50,2026-09-29T21:27:50,2026-09-29T21:27:50
6763,綠界科技,2023-06-09,542.0,29.0,5.65%,,,,,,,,,ShowDailyK_ChartFlow,FinMind_API_TaiwanStockPrice_6763,True,2026-09-29T21:27:50,2026-09-29T21:27:50,2026-09-29T21:27:50
6763,綠界科技,2023-06-12,525.0,-17.0,-3.14%,,,,,,,,,ShowDailyK_ChartFlow,FinMind_API_TaiwanStockPrice_6763,True,2026-09-29T21:27:50,2026-09-29T21:27:50,2026-09-29T21:27:50
6763,綠界科技,2023-06-13,527.0,2.0,0.38%,,,,,,,,,ShowDailyK_ChartFlow,FinMind_API_TaiwanStockPrice_6763,True,2026-09-29T21:27:50,2026-09-29T21:27:50,2026-09-29T21:27:50
6763,綠界科技,2023-06-14,532.0,5.0,0.95%,,,,,,,,,ShowDailyK_ChartFlow,FinMind_API_TaiwanStockPrice_6763,True,2026-09-29T21:27:50,2026-09-29T21:27:50,2026-09-29T21:27:50
6763,綠界科技,2023-06-15,541.0,9.0,1.69%,,,,,,,,,ShowDailyK_ChartFlow,FinMind_API_TaiwanStockPrice_6763,True,2026-09-29T21:27:50,2026-09-29T21:27:50,2026-09-29T21:27:50
6763,綠界科技,2023-06-16,543.0,2.0,0.37%,,,,,,,,,ShowDailyK_ChartFlow,FinMind_API_TaiwanStockPrice_6763,True,2026-09-29T21:27:50,2026-09-29T21:27:50,2026-09-29T21:27:50
6763,綠界科技,2023-06-19,533.0,-10.0,-1.84%,,,,,,,,,ShowDailyK_ChartFlow,FinMind_API_TaiwanStockPrice_6763,True,2026-09-29T21:27:50,2026-09-29T21:27:50,2026-09-29T21:27:50
6763,綠界科技,2023-06-20,527.0,-6.0,-1.13%,,,,,,,,,ShowDailyK_ChartFlow,FinMind_API_TaiwanStockPrice_6763,True,2026-09-29T21:27:50,2026-09-29T21:27:50,2026-09-29T21:27:50
6763,綠界科技,2023-06-21,534.0,7.0,1.33%,,,,,,,,,ShowDailyK_ChartFlow,FinMind_API_TaiwanStockPrice_6763,True,2026-09-29T21:27:50,2026-09-29T21:27:50,2026-09-29T21:27:50
6763,綠界科技,2023-06-26,527.0,-7.0,-1.31%,,,,,,,,,ShowDailyK_ChartFlow,FinMind_API_TaiwanStockPrice_6763,True,2026-09-29T21:27:50,2026-09-29T21:27:50,2026-09-29T21:27:50
6763,綠界科技,2023-06-27,523.0,-4.0,-0.76%,,,,,,,,,ShowDailyK_ChartFlow,FinMind_API_TaiwanStockPrice_6763,True,2026-09-29T21:27:50,2026-09-29T21:27:50,2026-09-29T21:27:50
6763,綠界科技,2023-06-28,520.0,-3.0,-0.57%,,,,,,,,,ShowDailyK_ChartFlow,FinMind_API_TaiwanStockPrice_6763,True,2026-09-29T21:27:50,2026-09-29T21:27:50,2026-09-29T21:27:50
6763,綠界科技,2023-06-29,524.0,4.0,0.77%,,,,,,,,,ShowDailyK_ChartFlow,FinMind_API_TaiwanStockPrice_6763,True,2026-09-29T21:27:50,2026-09-29T21:27:50,2026-09-29T21:27:50
6763,綠界科技,2023-06-30,522.0,-2.0,-0.38%,,,,,,,,,ShowDailyK_ChartFlow,FinMind_API_TaiwanStockPrice_6763,True,2026-09-29T21:27:50,2026-09-29T21:27:50,2026-09-29T21:27:50
6763,綠界科技,2023-07-03,520.0,-2.0,-0.38%,,,,,,,,,ShowDailyK_ChartFlow,FinMind_API_TaiwanStockPrice_6763,True,2026-09-29T21:27:50,2026-09-29T21:27:50,2026-09-29T21:27:50
6763,綠界科技,2023-07-04,520.0,0.0,0.00%,,,,,,,,,ShowDailyK_ChartFlow,FinMind_API_TaiwanStockPrice_6763,True,2026-09-29T21:27:50,2026-09-29T21:27:50,2026-09-29T21:27:50
6763,綠界科技,2023-07-05,525.0,5.0,0.96%,,,,,,,,,ShowDailyK_ChartFlow,FinMind_API_TaiwanStockPrice_6763,True,2026-09-29T21:27:50,2026-09-29T21:27:50,2026-09-29T21:27:50
6763,綠界科技,2023-07-06,530.0,5.0,0.95%,,,,,,,,,ShowDailyK_ChartFlow,FinMind_API_TaiwanStockPrice_6763,True,2026-09-29T21:27:50,2026-09-29T21:27:50,2026-09-29T21:27:50
6763,綠界科技,2023-07-07,518.0,-12.0,-2.26%,,,,,,,,,ShowDailyK_ChartFlow,FinMind_API_TaiwanStockPrice_6763,True,2026-09-29T21:27:50,2026-09-29T21:27:50,2026-09-29T21:27:50
6763,綠界科技,2023-07-10,495.0,-23.0,-4.44%,,,,,,,,,ShowDailyK_ChartFlow,FinMind_API_TaiwanStockPrice_6763,True,2026-09-29T21:27:50,2026-09-29T21:27:50,2026-09-29T21:27:50
6763,綠界科技,2023-07-11,493.0,-2.0,-0.40%,,,,,,,,,ShowDailyK_ChartFlow,FinMind_API_TaiwanStockPrice_6763,True,2026-09-29T21:27:50,2026-09-29T21:27:50,2026-09-29T21:27:50
6763,綠界科技,2023-07-12,476.0,-17.0,-3.45%,,,,,,,,,ShowDailyK_ChartFlow,FinMind_API_TaiwanStockPrice_6763,True,2026-09-29T21:27:50,2026-09-29T21:27:50,2026-09-29T21:27:50
6763,綠界科技,2023-07-13,473.0,-3.0,-0.63%,,,,,,,,,ShowDailyK_ChartFlow,FinMind_API_TaiwanStockPrice_6763,True,2026-09-29T21:27:50,2026-09-29T21:27:50,2026-09-29T21:27:50
6763,綠界科技,2023-07-14,484.0,11.0,2.33%,,,,,,,,,ShowDailyK_ChartFlow,FinMind_API_TaiwanStockPrice_6763,True,2026-09-29T21:27:50,2026-09-29T21:27:50,2026-09-29T21:27:50
6763,綠界科技,2023-07-17,483.0,-1.0,-0.21%,,,,,,,,,ShowDailyK_ChartFlow,FinMind_API_TaiwanStockPrice_6763,True,2026-09-29T21:27:50,2026-09-29T21:27:50,2026-09-29T21:27:50
6763,綠界科技,2023-07-18,490.0,7.0,1.45%,,,,,,,,,ShowDailyK_ChartFlow,FinMind_API_TaiwanStockPrice_6763,True,2026-09-29T21:27:50,2026-09-29T21:27:50,2026-09-29T21:27:50
6763,綠界科技,2023-07-19,482.0,-8.0,-1.63%,,,,,,,,,ShowDailyK_ChartFlow,FinMind_API_TaiwanStockPrice_6763,True,2026-09-29T21:27:50,2026-09-29T21:27:50,2026-09-29T21:27:50
6763,綠界科技,2023-07-20,479.5,-2.5,-0.52%,,,,,,,,,ShowDailyK_ChartFlow,FinMind_API_TaiwanStockPrice_6763,True,2026-09-29T21:27:50,2026-09-29T21:27:50,2026-09-29T21:27:50
6763,綠界科技,2023-07-21,476.0,-3.5,-0.73%,,,,,,,,,ShowDailyK_ChartFlow,FinMind_API_TaiwanStockPrice_6763,True,2026-09-29T21:27:50,2026-09-29T21:27:50,2026-09-29T21:27:50
6763,綠界科技,2023-07-24,469.5,-6.5,-1.37%,,,,,,,,,ShowDailyK_ChartFlow,FinMind_API_TaiwanStockPrice_6763,True,2026-09-29T21:27:50,2026-09-29T21:27:50,2026-09-29T21:27:50
6763,綠界科技,2023-07-25,464.0,-5.5,-1.17%,,,,,,,,,ShowDailyK_ChartFlow,FinMind_API_TaiwanStockPrice_6763,True,2026-09-29T21:27:50,2026-09-29T21:27:50,2026-09-29T21:27:50
6763,綠界科技,2023-07-26,455.5,-8.5,-1.83%,,,,,,,,,ShowDailyK_ChartFlow,FinMind_API_TaiwanStockPrice_6763,True,2026-09-29T21:27:50,2026-09-29T21:27:50,2026-09-29T21:27:50
6763,綠界科技,2023-07-27,461.0,5.5,1.21%,,,,,,,,,ShowDailyK_ChartFlow,FinMind_API_TaiwanStockPrice_6763,True,2026-09-29T21:27:50,2026-09-29T21:27:50,2026-09-29T21:27:50
6763,綠界科技,2023-07-28,472.0,11.0,2.39%,,,,,,,,,ShowDailyK_ChartFlow,FinMind_API_TaiwanStockPrice_6763,True,2026-09-29T21:27:50,2026-09-29T21:27:50,2026-09-29T21:27:50
6763,綠界科技,2023-07-31,475.5,3.5,0.74%,,,,,,,,,ShowDailyK_ChartFlow,FinMind_API_TaiwanStockPrice_6763,True,2026-09-29T21:27:50,2026-09-29T21:27:50,2026-09-29T21:27:50
6763,綠界科技,2023-08-01,471.0,-4.5,-0.95%,,,,,,,,,ShowDailyK_ChartFlow,FinMind_API_TaiwanStockPrice_6763,True,2026-09-29T21:27:50,2026-09-29T21:27:50,2026-09-29T21:27:50
6763,綠界科技,2023-08-02,462.5,-8.5,-1.80%,,,,,,,,,ShowDailyK_ChartFlow,FinMind_API_TaiwanStockPrice_6763,True,2026-09-29T21:27:50,2026-09-29T21:27:50,2026-09-29T21:27:50
6763,綠界科技,2023-08-04,460.0,-2.5,-0.54%,,,,,,,,,ShowDailyK_ChartFlow,FinMind_API_TaiwanStockPrice_6763,True,2026-09-29T21:27:50,2026-09-29T21:27:50,2026-09-29T21:27:50
6763,綠界科技,2023-08-07,462.0,2.0,0.43%,,,,,,,,,ShowDailyK_ChartFlow,FinMind_API_TaiwanStockPrice_6763,True,2026-09-29T21:27:50,2026-09-29T21:27:50,2026-09-29T21:27:50
6763,綠界科技,2023-08-08,458.0,-4.0,-0.87%,,,,,,,,,ShowDailyK_ChartFlow,FinMind_API_TaiwanStockPrice_6763,True,2026-09-29T21:27:50,2026-09-29T21:27:50,2026-09-29T21:27:50
6763,綠界科技,2023-08-09,472.0,14.0,3.06%,,,,,,,,,ShowDailyK_ChartFlow,FinMind_API_TaiwanStockPrice_6763,True,2026-09-29T21:27:50,2026-09-29T21:27:50,2026-09-29T21:27:50
6763,綠界科技,2023-08-10,461.0,-11.0,-2.33%,,,,,,,,,ShowDailyK_ChartFlow,FinMind_API_TaiwanStockPrice_6763,True,2026-09-29T21:27:50,2026-09-29T21:27:50,2026-09-29T21:27:50
6763,綠界科技,2023-08-11,461.5,0.5,0.11%,,,,,,,,,ShowDailyK_ChartFlow,FinMind_API_TaiwanStockPrice_6763,True,2026-09-29T21:27:50,2026-09-29T21:27:50,2026-09-29T21:27:50
6763,綠界科技,2023-08-14,454.5,-7.0,-1.52%,,,,,,,,,ShowDailyK_ChartFlow,FinMind_API_TaiwanStockPrice_6763,True,2026-09-29T21:27:50,2026-09-29T21:27:50,2026-09-29T21:27:50
6763,綠界科技,2023-08-15,453.0,-1.5,-0.33%,,,,,,,,,ShowDailyK_ChartFlow,FinMind_API_TaiwanStockPrice_6763,True,2026-09-29T21:27:50,2026-09-29T21:27:50,2026-09-29T21:27:50
6763,綠界科技,2023-08-16,443.0,-10.0,-2.21%,,,,,,,,,ShowDailyK_ChartFlow,FinMind_API_TaiwanStockPrice_6763,True,2026-09-29T21:27:50,2026-09-29T21:27:50,2026-09-29T21:27:50
6763,綠界科技,2023-08-17,442.5,-0.5,-0.11%,,,,,,,,,ShowDailyK_ChartFlow,FinMind_API_TaiwanStockPrice_6763,True,2026-09-29T21:27:50,2026-09-29T21:27:50,2026-09-29T21:27:50
6763,綠界科技,2023-08-18,438.0,-4.5,-1.02%,,,,,,,,,ShowDailyK_ChartFlow,FinMind_API_TaiwanStockPrice_6763,True,2026-09-29T21:27:50,2026-09-29T21:27:50,2026-09-29T21:27:50
6763,綠界科技,2023-08-21,434.5,-3.5,-0.80%,,,,,,,,,ShowDailyK_ChartFlow,FinMind_API_TaiwanStockPrice_6763,True,2026-09-29T21:27:50,2026-09-29T21:27:50,2026-09-29T21:27:50
6763,綠界科技,2023-08-22,426.5,-8.0,-1.84%,,,,,,,,,ShowDailyK_ChartFlow,FinMind_API_TaiwanStockPrice_6763,True,2026-09-29T21:27:50,2026-09-29T21:27:50,2026-09-29T21:27:50
6763,綠界科技,2023-08-23,429.0,2.5,0.59%,,,,,,,,,ShowDailyK_ChartFlow,FinMind_API_TaiwanStockPrice_6763,True,2026-09-29T21:27:50,2026-09-29T21:27:50,2026-09-29T21:27:50
6763,綠界科技,2023-08-24,430.0,1.0,0.23%,,,,,,,,,ShowDailyK_ChartFlow,FinMind_API_TaiwanStockPrice_6763,True,2026-09-29T21:27:50,2026-09-29T21:27:50,2026-09-29T21:27:50
6763,綠界科技,2023-08-25,425.5,-4.5,-1.05%,,,,,,,,,ShowDailyK_ChartFlow,FinMind_API_TaiwanStockPrice_6763,True,2026-09-29T21:27:50,2026-09-29T21:27:50,2026-09-29T21:27:50
6763,綠界科技,2023-08-28,416.0,-9.5,-2.23%,,,,,,,,,ShowDailyK_ChartFlow,FinMind_API_TaiwanStockPrice_6763,True,2026-09-29T21:27:50,2026-09-29T21:27:50,2026-09-29T21:27:50
6763,綠界科技,2023-08-29,426.0,10.0,2.40%,,,,,,,,,ShowDailyK_ChartFlow,FinMind_API_TaiwanStockPrice_6763,True,2026-09-29T21:27:50,2026-09-29T21:27:50,2026-09-29T21:27:50
6763,綠界科技,2023-08-30,415.5,-10.5,-2.46%,,,,,,,,,ShowDailyK_ChartFlow,FinMind_API_TaiwanStockPrice_6763,True,2026-09-29T21:27:50,2026-09-29T21:27:50,2026-09-29T21:27:50
6763,綠界科技,2023-08-31,410.0,-5.5,-1.32%,,,,,,,,,ShowDailyK_ChartFlow,FinMind_API_TaiwanStockPrice_6763,True,2026-09-29T21:27:50,2026-09-29T21:27:50,2026-09-29T21:27:50
6763,綠界科技,2023-09-01,424.5,14.5,3.54%,,,,,,,,,ShowDailyK_ChartFlow,FinMind_API_TaiwanStockPrice_6763,True,2026-09-29T21:27:50,2026-09-29T21:27:50,2026-09-29T21:27:50
6763,綠界科技,2023-09-04,426.5,2.0,0.47%,,,,,,,,,ShowDailyK_ChartFlow,FinMind_API_TaiwanStockPrice_6763,True,2026-09-29T21:27:50,2026-09-29T21:27:50,2026-09-29T21:27:50
6763,綠界科技,2023-09-05,445.5,19.0,4.45%,,,,,,,,,ShowDailyK_ChartFlow,FinMind_API_TaiwanStockPrice_6763,True,2026-09-29T21:27:50,2026-09-29T21:27:50,2026-09-29T21:27:50
6763,綠界科技,2023-09-06,432.0,-13.5,-3.03%,,,,,,,,,ShowDailyK_ChartFlow,FinMind_API_TaiwanStockPrice_6763,True,2026-09-29T21:27:50,2026-09-29T21:27:50,2026-09-29T21:27:50
6763,綠界科技,2023-09-07,426.0,-6.0,-1.39%,,,,,,,,,ShowDailyK_ChartFlow,FinMind_API_TaiwanStockPrice_6763,True,2026-09-29T21:27:50,2026-09-29T21:27:50,2026-09-29T21:27:50
6763,綠界科技,2023-09-08,439.0,13.0,3.05%,,,,,,,,,ShowDailyK_ChartFlow,FinMind_API_TaiwanStockPrice_6763,True,2026-09-29T21:27:50,2026-09-29T21:27:50,2026-09-29T21:27:50
6763,綠界科技,2023-09-11,435.0,-4.0,-0.91%,,,,,,,,,ShowDailyK_ChartFlow,FinMind_API_TaiwanStockPrice_6763,True,2026-09-29T21:27:50,2026-09-29T21:27:50,2026-09-29T21:27:50
6763,綠界科技,2023-09-12,428.0,-7.0,-1.61%,,,,,,,,,ShowDailyK_ChartFlow,FinMind_API_TaiwanStockPrice_6763,True,2026-09-29T21:27:50,2026-09-29T21:27:50,2026-09-29T21:27:50
6763,綠界科技,2023-09-13,428.0,0.0,0.00%,,,,,,,,,ShowDailyK_ChartFlow,FinMind_API_TaiwanStockPrice_6763,True,2026-09-29T21:27:50,2026-09-29T21:27:50,2026-09-29T21:27:50
6763,綠界科技,2023-09-14,435.0,7.0,1.64%,,,,,,,,,ShowDailyK_ChartFlow,FinMind_API_TaiwanStockPrice_6763,True,2026-09-29T21:27:50,2026-09-29T21:27:50,2026-09-29T21:27:50
6763,綠界科技,2023-09-15,430.5,-4.5,-1.03%,,,,,,,,,ShowDailyK_ChartFlow,FinMind_API_TaiwanStockPrice_6763,True,2026-09-29T21:27:50,2026-09-29T21:27:50,2026-09-29T21:27:50
6763,綠界科技,2023-09-18,429.5,-1.0,-0.23%,,,,,,,,,ShowDailyK_ChartFlow,FinMind_API_TaiwanStockPrice_6763,True,2026-09-29T21:27:50,2026-09-29T21:27:50,2026-09-29T21:27:50
6763,綠界科技,2023-09-19,428.0,-1.5,-0.35%,,,,,,,,,ShowDailyK_ChartFlow,FinMind_API_TaiwanStockPrice_6763,True,2026-09-29T21:27:50,2026-09-29T21:27:50,2026-09-29T21:27:50
6763,綠界科技,2023-09-20,427.0,-1.0,-0.23%,,,,,,,,,ShowDailyK_ChartFlow,FinMind_API_TaiwanStockPrice_6763,True,2026-09-29T21:27:50,2026-09-29T21:27:50,2026-09-29T21:27:50
6763,綠界科技,2023-09-21,422.5,-4.5,-1.05%,,,,,,,,,ShowDailyK_ChartFlow,FinMind_API_TaiwanStockPrice_6763,True,2026-09-29T21:27:50,2026-09-29T21:27:50,2026-09-29T21:27:50
6763,綠界科技,2023-09-22,430.0,7.5,1.78%,,,,,,,,,ShowDailyK_ChartFlow,FinMind_API_TaiwanStockPrice_6763,True,2026-09-29T21:27:50,2026-09-29T21:27:50,2026-09-29T21:27:50
6763,綠界科技,2023-09-25,427.5,-2.5,-0.58%,,,,,,,,,ShowDailyK_ChartFlow,FinMind_API_TaiwanStockPrice_6763,True,2026-09-29T21:27:50,2026-09-29T21:27:50,2026-09-29T21:27:50
6763,綠界科技,2023-09-26,428.0,0.5,0.12%,,,,,,,,,ShowDailyK_ChartFlow,FinMind_API_TaiwanStockPrice_6763,True,2026-09-29T21:27:50,2026-09-29T21:27:50,2026-09-29T21:27:50
6763,綠界科技,2023-09-27,428.0,0.0,0.00%,,,,,,,,,ShowDailyK_ChartFlow,FinMind_API_TaiwanStockPrice_6763,True,2026-09-29T21:27:50,2026-09-29T21:27:50,2026-09-29T21:27:50
6763,綠界科技,2023-09-28,422.0,-6.0,-1.40%,,,,,,,,,ShowDailyK_ChartFlow,FinMind_API_TaiwanStockPrice_6763,True,2026-09-29T21:27:50,2026-09-29T21:27:50,2026-09-29T21:27:50
6763,綠界科技,2023-10-02,423.0,1.0,0.24%,,,,,,,,,ShowDailyK_ChartFlow,FinMind_API_TaiwanStockPrice_6763,True,2026-09-29T21:27:50,2026-09-29T21:27:50,2026-09-29T21:27:50
6763,綠界科技,2023-10-03,0.0,-423.0,-100.00%,,,,,,,,,ShowDailyK_ChartFlow,FinMind_API_TaiwanStockPrice_6763,True,2026-09-29T21:27:50,2026-09-29T21:27:50,2026-09-29T21:27:50
6763,綠界科技,2023-10-04,414.5,414.5,,,,,,,,,,ShowDailyK_ChartFlow,FinMind_API_TaiwanStockPrice_6763,True,2026-09-29T21:27:50,2026-09-29T21:27:50,2026-09-29T21:27:50
6763,綠界科技,2023-10-05,416.0,1.5,0.36%,,,,,,,,,ShowDailyK_ChartFlow,FinMind_API_TaiwanStockPrice_6763,True,2026-09-29T21:27:50,2026-09-29T21:27:50,2026-09-29T21:27:50
6763,綠界科技,2023-10-06,417.5,1.5,0.36%,,,,,,,,,ShowDailyK_ChartFlow,FinMind_API_TaiwanStockPrice_6763,True,2026-09-29T21:27:50,2026-09-29T21:27:50,2026-09-29T21:27:50
6763,綠界科技,2023-10-11,413.5,-4.0,-0.96%,,,,,,,,,ShowDailyK_ChartFlow,FinMind_API_TaiwanStockPrice_6763,True,2026-09-29T21:27:50,2026-09-29T21:27:50,2026-09-29T21:27:50
6763,綠界科技,2023-10-12,414.0,0.5,0.12%,,,,,,,,,ShowDailyK_ChartFlow,FinMind_API_TaiwanStockPrice_6763,True,2026-09-29T21:27:50,2026-09-29T21:27:50,2026-09-29T21:27:50
6763,綠界科技,2023-10-13,414.0,0.0,0.00%,,,,,,,,,ShowDailyK_ChartFlow,FinMind_API_TaiwanStockPrice_6763,True,2026-09-29T21:27:50,2026-09-29T21:27:50,2026-09-29T21:27:50
6763,綠界科技,2023-10-16,406.0,-8.0,-1.93%,,,,,,,,,ShowDailyK_ChartFlow,FinMind_API_TaiwanStockPrice_6763,True,2026-09-29T21:27:50,2026-09-29T21:27:50,2026-09-29T21:27:50
6763,綠界科技,2023-10-17,405.5,-0.5,-0.12%,,,,,,,,,ShowDailyK_ChartFlow,FinMind_API_TaiwanStockPrice_6763,True,2026-09-29T21:27:50,2026-09-29T21:27:50,2026-09-29T21:27:50
6763,綠界科技,2023-10-18,402.5,-3.0,-0.74%,,,,,,,,,ShowDailyK_ChartFlow,FinMind_API_TaiwanStockPrice_6763,True,2026-09-29T21:27:50,2026-09-29T21:27:50,2026-09-29T21:27:50
6763,綠界科技,2023-10-19,393.0,-9.5,-2.36%,,,,,,,,,ShowDailyK_ChartFlow,FinMind_API_TaiwanStockPrice_6763,True,2026-09-29T21:27:50,2026-09-29T21:27:50,2026-09-29T21:27:50
6763,綠界科技,2023-10-20,392.0,-1.0,-0.25%,,,,,,,,,ShowDailyK_ChartFlow,FinMind_API_TaiwanStockPrice_6763,True,2026-09-29T21:27:50,2026-09-29T21:27:50,2026-09-29T21:27:50
6763,綠界科技,2023-10-23,395.0,3.0,0.77%,,,,,,,,,ShowDailyK_ChartFlow,FinMind_API_TaiwanStockPrice_6763,True,2026-09-29T21:27:50,2026-09-29T21:27:50,2026-09-29T21:27:50
6763,綠界科技,2023-10-24,390.0,-5.0,-1.27%,,,,,,,,,ShowDailyK_ChartFlow,FinMind_API_TaiwanStockPrice_6763,True,2026-09-29T21:27:50,2026-09-29T21:27:50,2026-09-29T21:27:50
6763,綠界科技,2023-10-25,390.0,0.0,0.00%,,,,,,,,,ShowDailyK_ChartFlow,FinMind_API_TaiwanStockPrice_6763,True,2026-09-29T21:27:50,2026-09-29T21:27:50,2026-09-29T21:27:50
6763,綠界科技,2023-10-26,383.5,-6.5,-1.67%,,,,,,,,,ShowDailyK_ChartFlow,FinMind_API_TaiwanStockPrice_6763,True,2026-09-29T21:27:50,2026-09-29T21:27:50,2026-09-29T21:27:50
6763,綠界科技,2023-10-27,385.0,1.5,0.39%,,,,,,,,,ShowDailyK_ChartFlow,FinMind_API_TaiwanStockPrice_6763,True,2026-09-29T21:27:50,2026-09-29T21:27:50,2026-09-29T21:27:50
6763,綠界科技,2023-10-30,389.5,4.5,1.17%,,,,,,,,,ShowDailyK_ChartFlow,FinMind_API_TaiwanStockPrice_6763,True,2026-09-29T21:27:50,2026-09-29T21:27:50,2026-09-29T21:27:50
6763,綠界科技,2023-10-31,389.5,0.0,0.00%,,,,,,,,,ShowDailyK_ChartFlow,FinMind_API_TaiwanStockPrice_6763,True,2026-09-29T21:27:50,2026-09-29T21:27:50,2026-09-29T21:27:50
6763,綠界科技,2023-11-01,389.5,0.0,0.00%,,,,,,,,,ShowDailyK_ChartFlow,FinMind_API_TaiwanStockPrice_6763,True,2026-09-29T21:27:50,2026-09-29T21:27:50,2026-09-29T21:27:50
6763,綠界科技,2023-11-02,390.0,0.5,0.13%,,,,,,,,,ShowDailyK_ChartFlow,FinMind_API_TaiwanStockPrice_6763,True,2026-09-29T21:27:50,2026-09-29T21:27:50,2026-09-29T21:27:50
6763,綠界科技,2023-11-03,391.5,1.5,0.38%,,,,,,,,,ShowDailyK_ChartFlow,FinMind_API_TaiwanStockPrice_6763,True,2026-09-29T21:27:50,2026-09-29T21:27:50,2026-09-29T21:27:50
6763,綠界科技,2023-11-06,421.5,30.0,7.66%,,,,,,,,,ShowDailyK_ChartFlow,FinMind_API_TaiwanStockPrice_6763,True,2026-09-29T21:27:50,2026-09-29T21:27:50,2026-09-29T21:27:50
6763,綠界科技,2023-11-07,428.5,7.0,1.66%,,,,,,,,,ShowDailyK_ChartFlow,FinMind_API_TaiwanStockPrice_6763,True,2026-09-29T21:27:50,2026-09-29T21:27:50,2026-09-29T21:27:50
6763,綠界科技,2023-11-08,439.5,11.0,2.57%,,,,,,,,,ShowDailyK_ChartFlow,FinMind_API_TaiwanStockPrice_6763,True,2026-09-29T21:27:50,2026-09-29T21:27:50,2026-09-29T21:27:50
6763,綠界科技,2023-11-09,433.5,-6.0,-1.37%,,,,,,,,,ShowDailyK_ChartFlow,FinMind_API_TaiwanStockPrice_6763,True,2026-09-29T21:27:50,2026-09-29T21:27:50,2026-09-29T21:27:50
6763,綠界科技,2023-11-10,433.5,0.0,0.00%,,,,,,,,,ShowDailyK_ChartFlow,FinMind_API_TaiwanStockPrice_6763,True,2026-09-29T21:27:50,2026-09-29T21:27:50,2026-09-29T21:27:50
6763,綠界科技,2023-11-13,432.5,-1.0,-0.23%,,,,,,,,,ShowDailyK_ChartFlow,FinMind_API_TaiwanStockPrice_6763,True,2026-09-29T21:27:50,2026-09-29T21:27:50,2026-09-29T21:27:50
6763,綠界科技,2023-11-14,432.0,-0.5,-0.12%,,,,,,,,,ShowDailyK_ChartFlow,FinMind_API_TaiwanStockPrice_6763,True,2026-09-29T21:27:50,2026-09-29T21:27:50,2026-09-29T21:27:50
6763,綠界科技,2023-11-15,432.0,0.0,0.00%,,,,,,,,,ShowDailyK_ChartFlow,FinMind_API_TaiwanStockPrice_6763,True,2026-09-29T21:27:50,2026-09-29T21:27:50,2026-09-29T21:27:50
6763,綠界科技,2023-11-16,429.5,-2.5,-0.58%,,,,,,,,,ShowDailyK_ChartFlow,FinMind_API_TaiwanStockPrice_6763,True,2026-09-29T21:27:50,2026-09-29T21:27:50,2026-09-29T21:27:50
6763,綠界科技,2023-11-17,433.5,4.0,0.93%,,,,,,,,,ShowDailyK_ChartFlow,FinMind_API_TaiwanStockPrice_6763,True,2026-09-29T21:27:50,2026-09-29T21:27:50,2026-09-29T21:27:50
6763,綠界科技,2023-11-20,447.0,13.5,3.11%,,,,,,,,,ShowDailyK_ChartFlow,FinMind_API_TaiwanStockPrice_6763,True,2026-09-29T21:27:50,2026-09-29T21:27:50,2026-09-29T21:27:50
6763,綠界科技,2023-11-21,448.0,1.0,0.22%,,,,,,,,,ShowDailyK_ChartFlow,FinMind_API_TaiwanStockPrice_6763,True,2026-09-29T21:27:50,2026-09-29T21:27:50,2026-09-29T21:27:50
6763,綠界科技,2023-11-22,440.0,-8.0,-1.79%,,,,,,,,,ShowDailyK_ChartFlow,FinMind_API_TaiwanStockPrice_6763,True,2026-09-29T21:27:50,2026-09-29T21:27:50,2026-09-29T21:27:50
6763,綠界科技,2023-11-23,440.0,0.0,0.00%,,,,,,,,,ShowDailyK_ChartFlow,FinMind_API_TaiwanStockPrice_6763,True,2026-09-29T21:27:50,2026-09-29T21:27:50,2026-09-29T21:27:50
6763,綠界科技,2023-11-24,445.5,5.5,1.25%,,,,,,,,,ShowDailyK_ChartFlow,FinMind_API_TaiwanStockPrice_6763,True,2026-09-29T21:27:50,2026-09-29T21:27:50,2026-09-29T21:27:50
6763,綠界科技,2023-11-27,449.0,3.5,0.79%,,,,,,,,,ShowDailyK_ChartFlow,FinMind_API_TaiwanStockPrice_6763,True,2026-09-29T21:27:50,2026-09-29T21:27:50,2026-09-29T21:27:50
6763,綠界科技,2023-11-28,450.0,1.0,0.22%,,,,,,,,,ShowDailyK_ChartFlow,FinMind_API_TaiwanStockPrice_6763,True,2026-09-29T21:27:50,2026-09-29T21:27:50,2026-09-29T21:27:50
6763,綠界科技,2023-11-29,450.0,0.0,0.00%,,,,,,,,,ShowDailyK_ChartFlow,FinMind_API_TaiwanStockPrice_6763,True,2026-09-29T21:27:50,2026-09-29T21:27:50,2026-09-29T21:27:50
6763,綠界科技,2023-11-30,465.0,15.0,3.33%,,,,,,,,,ShowDailyK_ChartFlow,FinMind_API_TaiwanStockPrice_6763,True,2026-09-29T21:27:50,2026-09-29T21:27:50,2026-09-29T21:27:50
6763,綠界科技,2023-12-01,470.0,5.0,1.08%,,,,,,,,,ShowDailyK_ChartFlow,FinMind_API_TaiwanStockPrice_6763,True,2026-09-29T21:27:50,2026-09-29T21:27:50,2026-09-29T21:27:50
6763,綠界科技,2023-12-04,466.0,-4.0,-0.85%,,,,,,,,,ShowDailyK_ChartFlow,FinMind_API_TaiwanStockPrice_6763,True,2026-09-29T21:27:50,2026-09-29T21:27:50,2026-09-29T21:27:50
6763,綠界科技,2023-12-05,464.0,-2.0,-0.43%,,,,,,,,,ShowDailyK_ChartFlow,FinMind_API_TaiwanStockPrice_6763,True,2026-09-29T21:27:50,2026-09-29T21:27:50,2026-09-29T21:27:50
6763,綠界科技,2023-12-06,466.0,2.0,0.43%,,,,,,,,,ShowDailyK_ChartFlow,FinMind_API_TaiwanStockPrice_6763,True,2026-09-29T21:27:50,2026-09-29T21:27:50,2026-09-29T21:27:50
6763,綠界科技,2023-12-07,470.5,4.5,0.97%,,,,,,,,,ShowDailyK_ChartFlow,FinMind_API_TaiwanStockPrice_6763,True,2026-09-29T21:27:50,2026-09-29T21:27:50,2026-09-29T21:27:50
6763,綠界科技,2023-12-08,470.0,-0.5,-0.11%,,,,,,,,,ShowDailyK_ChartFlow,FinMind_API_TaiwanStockPrice_6763,True,2026-09-29T21:27:50,2026-09-29T21:27:50,2026-09-29T21:27:50
6763,綠界科技,2023-12-11,464.0,-6.0,-1.28%,,,,,,,,,ShowDailyK_ChartFlow,FinMind_API_TaiwanStockPrice_6763,True,2026-09-29T21:27:50,2026-09-29T21:27:50,2026-09-29T21:27:50
6763,綠界科技,2023-12-12,465.0,1.0,0.22%,,,,,,,,,ShowDailyK_ChartFlow,FinMind_API_TaiwanStockPrice_6763,True,2026-09-29T21:27:50,2026-09-29T21:27:50,2026-09-29T21:27:50
6763,綠界科技,2023-12-13,480.0,15.0,3.23%,,,,,,,,,ShowDailyK_ChartFlow,FinMind_API_TaiwanStockPrice_6763,True,2026-09-29T21:27:50,2026-09-29T21:27:50,2026-09-29T21:27:50
6763,綠界科技,2023-12-14,490.0,10.0,2.08%,,,,,,,,,ShowDailyK_ChartFlow,FinMind_API_TaiwanStockPrice_6763,True,2026-09-29T21:27:50,2026-09-29T21:27:50,2026-09-29T21:27:50
6763,綠界科技,2023-12-15,486.0,-4.0,-0.82%,,,,,,,,,ShowDailyK_ChartFlow,FinMind_API_TaiwanStockPrice_6763,True,2026-09-29T21:27:50,2026-09-29T21:27:50,2026-09-29T21:27:50
6763,綠界科技,2023-12-18,475.0,-11.0,-2.26%,,,,,,,,,ShowDailyK_ChartFlow,FinMind_API_TaiwanStockPrice_6763,True,2026-09-29T21:27:50,2026-09-29T21:27:50,2026-09-29T21:27:50
6763,綠界科技,2023-12-19,466.0,-9.0,-1.89%,,,,,,,,,ShowDailyK_ChartFlow,FinMind_API_TaiwanStockPrice_6763,True,2026-09-29T21:27:50,2026-09-29T21:27:50,2026-09-29T21:27:50
6763,綠界科技,2023-12-20,462.0,-4.0,-0.86%,,,,,,,,,ShowDailyK_ChartFlow,FinMind_API_TaiwanStockPrice_6763,True,2026-09-29T21:27:50,2026-09-29T21:27:50,2026-09-29T21:27:50
6763,綠界科技,2023-12-21,454.0,-8.0,-1.73%,,,,,,,,,ShowDailyK_ChartFlow,FinMind_API_TaiwanStockPrice_6763,True,2026-09-29T21:27:50,2026-09-29T21:27:50,2026-09-29T21:27:50
6763,綠界科技,2023-12-22,455.0,1.0,0.22%,,,,,,,,,ShowDailyK_ChartFlow,FinMind_API_TaiwanStockPrice_6763,True,2026-09-29T21:27:50,2026-09-29T21:27:50,2026-09-29T21:27:50
6763,綠界科技,2023-12-25,456.5,1.5,0.33%,,,,,,,,,ShowDailyK_ChartFlow,FinMind_API_TaiwanStockPrice_6763,True,2026-09-29T21:27:50,2026-09-29T21:27:50,2026-09-29T21:27:50
6763,綠界科技,2023-12-26,452.0,-4.5,-0.99%,,,,,,,,,ShowDailyK_ChartFlow,FinMind_API_TaiwanStockPrice_6763,True,2026-09-29T21:27:50,2026-09-29T21:27:50,2026-09-29T21:27:50
6763,綠界科技,2023-12-27,453.0,1.0,0.22%,,,,,,,,,ShowDailyK_ChartFlow,FinMind_API_TaiwanStockPrice_6763,True,2026-09-29T21:27:50,2026-09-29T21:27:50,2026-09-29T21:27:50
6763,綠界科技,2023-12-28,458.5,5.5,1.21%,,,,,,,,,ShowDailyK_ChartFlow,FinMind_API_TaiwanStockPrice_6763,True,2026-09-29T21:27:50,2026-09-29T21:27:50,2026-09-29T21:27:50
6763,綠界科技,2023-12-29,458.5,0.0,0.00%,,,,,,,,,ShowDailyK_ChartFlow,FinMind_API_TaiwanStockPrice_6763,True,2026-09-29T21:27:50,2026-09-29T21:27:50,2026-09-29T21:27:50
6763,綠界科技,2024-01-02,467.5,9.0,1.96%,,,,,,,,,ShowDailyK_ChartFlow,FinMind_API_TaiwanStockPrice_6763,True,2026-09-29T21:27:50,2026-09-29T21:27:50,2026-09-29T21:27:50
6763,綠界科技,2024-01-03,462.5,-5.0,-1.07%,,,,,,,,,ShowDailyK_ChartFlow,FinMind_API_TaiwanStockPrice_6763,True,2026-09-29T21:27:50,2026-09-29T21:27:50,2026-09-29T21:27:50
6763,綠界科技,2024-01-04,458.0,-4.5,-0.97%,,,,,,,,,ShowDailyK_ChartFlow,FinMind_API_TaiwanStockPrice_6763,True,2026-09-29T21:27:50,2026-09-29T21:27:50,2026-09-29T21:27:50
6763,綠界科技,2024-01-05,459.5,1.5,0.33%,,,,,,,,,ShowDailyK_ChartFlow,FinMind_API_TaiwanStockPrice_6763,True,2026-09-29T21:27:50,2026-09-29T21:27:50,2026-09-29T21:27:50
6763,綠界科技,2024-01-08,460.0,0.5,0.11%,,,,,,,,,ShowDailyK_ChartFlow,FinMind_API_TaiwanStockPrice_6763,True,2026-09-29T21:27:50,2026-09-29T21:27:50,2026-09-29T21:27:50
6763,綠界科技,2024-01-09,459.0,-1.0,-0.22%,,,,,,,,,ShowDailyK_ChartFlow,FinMind_API_TaiwanStockPrice_6763,True,2026-09-29T21:27:50,2026-09-29T21:27:50,2026-09-29T21:27:50
6763,綠界科技,2024-01-10,459.5,0.5,0.11%,,,,,,,,,ShowDailyK_ChartFlow,FinMind_API_TaiwanStockPrice_6763,True,2026-09-29T21:27:50,2026-09-29T21:27:50,2026-09-29T21:27:50
6763,綠界科技,2024-01-11,442.0,-17.5,-3.81%,,,,,,,,,ShowDailyK_ChartFlow,FinMind_API_TaiwanStockPrice_6763,True,2026-09-29T21:27:50,2026-09-29T21:27:50,2026-09-29T21:27:50
6763,綠界科技,2024-01-12,432.5,-9.5,-2.15%,,,,,,,,,ShowDailyK_ChartFlow,FinMind_API_TaiwanStockPrice_6763,True,2026-09-29T21:27:50,2026-09-29T21:27:50,2026-09-29T21:27:50
6763,綠界科技,2024-01-15,426.5,-6.0,-1.39%,,,,,,,,,ShowDailyK_ChartFlow,FinMind_API_TaiwanStockPrice_6763,True,2026-09-29T21:27:50,2026-09-29T21:27:50,2026-09-29T21:27:50
6763,綠界科技,2024-01-16,420.5,-6.0,-1.41%,,,,,,,,,ShowDailyK_ChartFlow,FinMind_API_TaiwanStockPrice_6763,True,2026-09-29T21:27:50,2026-09-29T21:27:50,2026-09-29T21:27:50
6763,綠界科技,2024-01-17,412.5,-8.0,-1.90%,,,,,,,,,ShowDailyK_ChartFlow,FinMind_API_TaiwanStockPrice_6763,True,2026-09-29T21:27:50,2026-09-29T21:27:50,2026-09-29T21:27:50
6763,綠界科技,2024-01-18,425.0,12.5,3.03%,,,,,,,,,ShowDailyK_ChartFlow,FinMind_API_TaiwanStockPrice_6763,True,2026-09-29T21:27:50,2026-09-29T21:27:50,2026-09-29T21:27:50
6763,綠界科技,2024-01-19,425.0,0.0,0.00%,,,,,,,,,ShowDailyK_ChartFlow,FinMind_API_TaiwanStockPrice_6763,True,2026-09-29T21:27:50,2026-09-29T21:27:50,2026-09-29T21:27:50
6763,綠界科技,2024-01-22,418.0,-7.0,-1.65%,,,,,,,,,ShowDailyK_ChartFlow,FinMind_API_TaiwanStockPrice_6763,True,2026-09-29T21:27:50,2026-09-29T21:27:50,2026-09-29T21:27:50
6763,綠界科技,2024-01-23,413.0,-5.0,-1.20%,,,,,,,,,ShowDailyK_ChartFlow,FinMind_API_TaiwanStockPrice_6763,True,2026-09-29T21:27:50,2026-09-29T21:27:50,2026-09-29T21:27:50
6763,綠界科技,2024-01-24,430.0,17.0,4.12%,,,,,,,,,ShowDailyK_ChartFlow,FinMind_API_TaiwanStockPrice_6763,True,2026-09-29T21:27:50,2026-09-29T21:27:50,2026-09-29T21:27:50
6763,綠界科技,2024-01-25,444.0,14.0,3.26%,,,,,,,,,ShowDailyK_ChartFlow,FinMind_API_TaiwanStockPrice_6763,True,2026-09-29T21:27:50,2026-09-29T21:27:50,2026-09-29T21:27:50
6763,綠界科技,2024-01-26,488.0,44.0,9.91%,,,,,,,,,ShowDailyK_ChartFlow,FinMind_API_TaiwanStockPrice_6763,True,2026-09-29T21:27:50,2026-09-29T21:27:50,2026-09-29T21:27:50
6763,綠界科技,2024-01-29,486.0,-2.0,-0.41%,,,,,,,,,ShowDailyK_ChartFlow,FinMind_API_TaiwanStockPrice_6763,True,2026-09-29T21:27:50,2026-09-29T21:27:50,2026-09-29T21:27:50
6763,綠界科技,2024-01-30,455.5,-30.5,-6.28%,,,,,,,,,ShowDailyK_ChartFlow,FinMind_API_TaiwanStockPrice_6763,True,2026-09-29T21:27:50,2026-09-29T21:27:50,2026-09-29T21:27:50
6763,綠界科技,2024-01-31,452.0,-3.5,-0.77%,,,,,,,,,ShowDailyK_ChartFlow,FinMind_API_TaiwanStockPrice_6763,True,2026-09-29T21:27:50,2026-09-29T21:27:50,2026-09-29T21:27:50
6763,綠界科技,2024-02-01,437.0,-15.0,-3.32%,,,,,,,,,ShowDailyK_ChartFlow,FinMind_API_TaiwanStockPrice_6763,True,2026-09-29T21:27:50,2026-09-29T21:27:50,2026-09-29T21:27:50
6763,綠界科技,2024-02-02,426.0,-11.0,-2.52%,,,,,,,,,ShowDailyK_ChartFlow,FinMind_API_TaiwanStockPrice_6763,True,2026-09-29T21:27:50,2026-09-29T21:27:50,2026-09-29T21:27:50
6763,綠界科技,2024-02-05,419.5,-6.5,-1.53%,,,,,,,,,ShowDailyK_ChartFlow,FinMind_API_TaiwanStockPrice_6763,True,2026-09-29T21:27:50,2026-09-29T21:27:50,2026-09-29T21:27:50
6763,綠界科技,2024-02-15,432.0,12.5,2.98%,,,,,,,,,ShowDailyK_ChartFlow,FinMind_API_TaiwanStockPrice_6763,True,2026-09-29T21:27:50,2026-09-29T21:27:50,2026-09-29T21:27:50
6763,綠界科技,2024-02-16,432.0,0.0,0.00%,,,,,,,,,ShowDailyK_ChartFlow,FinMind_API_TaiwanStockPrice_6763,True,2026-09-29T21:27:50,2026-09-29T21:27:50,2026-09-29T21:27:50
6763,綠界科技,2024-02-19,432.0,0.0,0.00%,,,,,,,,,ShowDailyK_ChartFlow,FinMind_API_TaiwanStockPrice_6763,True,2026-09-29T21:27:50,2026-09-29T21:27:50,2026-09-29T21:27:50
6763,綠界科技,2024-02-20,427.0,-5.0,-1.16%,,,,,,,,,ShowDailyK_ChartFlow,FinMind_API_TaiwanStockPrice_6763,True,2026-09-29T21:27:50,2026-09-29T21:27:50,2026-09-29T21:27:50
6763,綠界科技,2024-02-21,428.0,1.0,0.23%,,,,,,,,,ShowDailyK_ChartFlow,FinMind_API_TaiwanStockPrice_6763,True,2026-09-29T21:27:50,2026-09-29T21:27:50,2026-09-29T21:27:50
6763,綠界科技,2024-02-22,428.0,0.0,0.00%,,,,,,,,,ShowDailyK_ChartFlow,FinMind_API_TaiwanStockPrice_6763,True,2026-09-29T21:27:50,2026-09-29T21:27:50,2026-09-29T21:27:50
6763,綠界科技,2024-02-23,431.0,3.0,0.70%,,,,,,,,,ShowDailyK_ChartFlow,FinMind_API_TaiwanStockPrice_6763,True,2026-09-29T21:27:50,2026-09-29T21:27:50,2026-09-29T21:27:50
6763,綠界科技,2024-02-26,421.0,-10.0,-2.32%,,,,,,,,,ShowDailyK_ChartFlow,FinMind_API_TaiwanStockPrice_6763,True,2026-09-29T21:27:50,2026-09-29T21:27:50,2026-09-29T21:27:50
6763,綠界科技,2024-02-27,419.0,-2.0,-0.48%,,,,,,,,,ShowDailyK_ChartFlow,FinMind_API_TaiwanStockPrice_6763,True,2026-09-29T21:27:50,2026-09-29T21:27:50,2026-09-29T21:27:50
6763,綠界科技,2024-02-29,423.5,4.5,1.07%,,,,,,,,,ShowDailyK_ChartFlow,FinMind_API_TaiwanStockPrice_6763,True,2026-09-29T21:27:50,2026-09-29T21:27:50,2026-09-29T21:27:50
6763,綠界科技,2024-03-01,423.0,-0.5,-0.12%,,,,,,,,,ShowDailyK_ChartFlow,FinMind_API_TaiwanStockPrice_6763,True,2026-09-29T21:27:50,2026-09-29T21:27:50,2026-09-29T21:27:50
6763,綠界科技,2024-03-04,423.0,0.0,0.00%,,,,,,,,,ShowDailyK_ChartFlow,FinMind_API_TaiwanStockPrice_6763,True,2026-09-29T21:27:50,2026-09-29T21:27:50,2026-09-29T21:27:50
6763,綠界科技,2024-03-05,423.5,0.5,0.12%,,,,,,,,,ShowDailyK_ChartFlow,FinMind_API_TaiwanStockPrice_6763,True,2026-09-29T21:27:50,2026-09-29T21:27:50,2026-09-29T21:27:50
6763,綠界科技,2024-03-06,421.5,-2.0,-0.47%,,,,,,,,,ShowDailyK_ChartFlow,FinMind_API_TaiwanStockPrice_6763,True,2026-09-29T21:27:50,2026-09-29T21:27:50,2026-09-29T21:27:50
6763,綠界科技,2024-03-07,414.5,-7.0,-1.66%,,,,,,,,,ShowDailyK_ChartFlow,FinMind_API_TaiwanStockPrice_6763,True,2026-09-29T21:27:50,2026-09-29T21:27:50,2026-09-29T21:27:50
6763,綠界科技,2024-03-08,407.0,-7.5,-1.81%,,,,,,,,,ShowDailyK_ChartFlow,FinMind_API_TaiwanStockPrice_6763,True,2026-09-29T21:27:50,2026-09-29T21:27:50,2026-09-29T21:27:50
6763,綠界科技,2024-03-11,418.0,11.0,2.70%,,,,,,,,,ShowDailyK_ChartFlow,FinMind_API_TaiwanStockPrice_6763,True,2026-09-29T21:27:50,2026-09-29T21:27:50,2026-09-29T21:27:50
6763,綠界科技,2024-03-12,418.0,0.0,0.00%,,,,,,,,,ShowDailyK_ChartFlow,FinMind_API_TaiwanStockPrice_6763,True,2026-09-29T21:27:50,2026-09-29T21:27:50,2026-09-29T21:27:50
6763,綠界科技,2024-03-13,412.0,-6.0,-1.44%,,,,,,,,,ShowDailyK_ChartFlow,FinMind_API_TaiwanStockPrice_6763,True,2026-09-29T21:27:50,2026-09-29T21:27:50,2026-09-29T21:27:50
6763,綠界科技,2024-03-14,420.0,8.0,1.94%,,,,,,,,,ShowDailyK_ChartFlow,FinMind_API_TaiwanStockPrice_6763,True,2026-09-29T21:27:50,2026-09-29T21:27:50,2026-09-29T21:27:50
6763,綠界科技,2024-03-15,419.0,-1.0,-0.24%,,,,,,,,,ShowDailyK_ChartFlow,FinMind_API_TaiwanStockPrice_6763,True,2026-09-29T21:27:50,2026-09-29T21:27:50,2026-09-29T21:27:50
6763,綠界科技,2024-03-18,423.0,4.0,0.95%,,,,,,,,,ShowDailyK_ChartFlow,FinMind_API_TaiwanStockPrice_6763,True,2026-09-29T21:27:50,2026-09-29T21:27:50,2026-09-29T21:27:50
6763,綠界科技,2024-03-19,424.0,1.0,0.24%,,,,,,,,,ShowDailyK_ChartFlow,FinMind_API_TaiwanStockPrice_6763,True,2026-09-29T21:27:50,2026-09-29T21:27:50,2026-09-29T21:27:50
6763,綠界科技,2024-03-20,415.5,-8.5,-2.00%,,,,,,,,,ShowDailyK_ChartFlow,FinMind_API_TaiwanStockPrice_6763,True,2026-09-29T21:27:50,2026-09-29T21:27:50,2026-09-29T21:27:50
6763,綠界科技,2024-03-21,416.0,0.5,0.12%,,,,,,,,,ShowDailyK_ChartFlow,FinMind_API_TaiwanStockPrice_6763,True,2026-09-29T21:27:50,2026-09-29T21:27:50,2026-09-29T21:27:50
6763,綠界科技,2024-03-22,418.0,2.0,0.48%,,,,,,,,,ShowDailyK_ChartFlow,FinMind_API_TaiwanStockPrice_6763,True,2026-09-29T21:27:50,2026-09-29T21:27:50,2026-09-29T21:27:50
6763,綠界科技,2024-03-25,422.5,4.5,1.08%,,,,,,,,,ShowDailyK_ChartFlow,FinMind_API_TaiwanStockPrice_6763,True,2026-09-29T21:27:50,2026-09-29T21:27:50,2026-09-29T21:27:50
6763,綠界科技,2024-03-26,411.0,-11.5,-2.72%,,,,,,,,,ShowDailyK_ChartFlow,FinMind_API_TaiwanStockPrice_6763,True,2026-09-29T21:27:50,2026-09-29T21:27:50,2026-09-29T21:27:50
6763,綠界科技,2024-03-27,411.0,0.0,0.00%,,,,,,,,,ShowDailyK_ChartFlow,FinMind_API_TaiwanStockPrice_6763,True,2026-09-29T21:27:50,2026-09-29T21:27:50,2026-09-29T21:27:50
6763,綠界科技,2024-03-28,409.0,-2.0,-0.49%,,,,,,,,,ShowDailyK_ChartFlow,FinMind_API_TaiwanStockPrice_6763,True,2026-09-29T21:27:50,2026-09-29T21:27:50,2026-09-29T21:27:50
6763,綠界科技,2024-03-29,406.5,-2.5,-0.61%,,,,,,,,,ShowDailyK_ChartFlow,FinMind_API_TaiwanStockPrice_6763,True,2026-09-29T21:27:50,2026-09-29T21:27:50,2026-09-29T21:27:50
6763,綠界科技,2024-04-01,409.0,2.5,0.62%,,,,,,,,,ShowDailyK_ChartFlow,FinMind_API_TaiwanStockPrice_6763,True,2026-09-29T21:27:50,2026-09-29T21:27:50,2026-09-29T21:27:50
6763,綠界科技,2024-04-02,412.0,3.0,0.73%,,,,,,,,,ShowDailyK_ChartFlow,FinMind_API_TaiwanStockPrice_6763,True,2026-09-29T21:27:50,2026-09-29T21:27:50,2026-09-29T21:27:50
6763,綠界科技,2024-04-03,405.5,-6.5,-1.58%,,,,,,,,,ShowDailyK_ChartFlow,FinMind_API_TaiwanStockPrice_6763,True,2026-09-29T21:27:50,2026-09-29T21:27:50,2026-09-29T21:27:50
6763,綠界科技,2024-04-08,410.5,5.0,1.23%,,,,,,,,,ShowDailyK_ChartFlow,FinMind_API_TaiwanStockPrice_6763,True,2026-09-29T21:27:50,2026-09-29T21:27:50,2026-09-29T21:27:50
6763,綠界科技,2024-04-09,408.0,-2.5,-0.61%,,,,,,,,,ShowDailyK_ChartFlow,FinMind_API_TaiwanStockPrice_6763,True,2026-09-29T21:27:50,2026-09-29T21:27:50,2026-09-29T21:27:50
6763,綠界科技,2024-04-10,413.5,5.5,1.35%,,,,,,,,,ShowDailyK_ChartFlow,FinMind_API_TaiwanStockPrice_6763,True,2026-09-29T21:27:50,2026-09-29T21:27:50,2026-09-29T21:27:50
6763,綠界科技,2024-04-11,407.0,-6.5,-1.57%,,,,,,,,,ShowDailyK_ChartFlow,FinMind_API_TaiwanStockPrice_6763,True,2026-09-29T21:27:50,2026-09-29T21:27:50,2026-09-29T21:27:50
6763,綠界科技,2024-04-12,409.0,2.0,0.49%,,,,,,,,,ShowDailyK_ChartFlow,FinMind_API_TaiwanStockPrice_6763,True,2026-09-29T21:27:50,2026-09-29T21:27:50,2026-09-29T21:27:50
6763,綠界科技,2024-04-15,404.5,-4.5,-1.10%,,,,,,,,,ShowDailyK_ChartFlow,FinMind_API_TaiwanStockPrice_6763,True,2026-09-29T21:27:50,2026-09-29T21:27:50,2026-09-29T21:27:50
6763,綠界科技,2024-04-16,396.0,-8.5,-2.10%,,,,,,,,,ShowDailyK_ChartFlow,FinMind_API_TaiwanStockPrice_6763,True,2026-09-29T21:27:50,2026-09-29T21:27:50,2026-09-29T21:27:50
6763,綠界科技,2024-04-17,399.5,3.5,0.88%,,,,,,,,,ShowDailyK_ChartFlow,FinMind_API_TaiwanStockPrice_6763,True,2026-09-29T21:27:50,2026-09-29T21:27:50,2026-09-29T21:27:50
6763,綠界科技,2024-04-18,397.5,-2.0,-0.50%,,,,,,,,,ShowDailyK_ChartFlow,FinMind_API_TaiwanStockPrice_6763,True,2026-09-29T21:27:50,2026-09-29T21:27:50,2026-09-29T21:27:50
6763,綠界科技,2024-04-19,390.0,-7.5,-1.89%,,,,,,,,,ShowDailyK_ChartFlow,FinMind_API_TaiwanStockPrice_6763,True,2026-09-29T21:27:50,2026-09-29T21:27:50,2026-09-29T21:27:50
6763,綠界科技,2024-04-22,377.0,-13.0,-3.33%,,,,,,,,,ShowDailyK_ChartFlow,FinMind_API_TaiwanStockPrice_6763,True,2026-09-29T21:27:50,2026-09-29T21:27:50,2026-09-29T21:27:50
6763,綠界科技,2024-04-23,383.0,6.0,1.59%,,,,,,,,,ShowDailyK_ChartFlow,FinMind_API_TaiwanStockPrice_6763,True,2026-09-29T21:27:50,2026-09-29T21:27:50,2026-09-29T21:27:50
6763,綠界科技,2024-04-24,401.0,18.0,4.70%,,,,,,,,,ShowDailyK_ChartFlow,FinMind_API_TaiwanStockPrice_6763,True,2026-09-29T21:27:50,2026-09-29T21:27:50,2026-09-29T21:27:50
6763,綠界科技,2024-04-25,391.5,-9.5,-2.37%,,,,,,,,,ShowDailyK_ChartFlow,FinMind_API_TaiwanStockPrice_6763,True,2026-09-29T21:27:50,2026-09-29T21:27:50,2026-09-29T21:27:50
6763,綠界科技,2024-04-26,391.5,0.0,0.00%,,,,,,,,,ShowDailyK_ChartFlow,FinMind_API_TaiwanStockPrice_6763,True,2026-09-29T21:27:50,2026-09-29T21:27:50,2026-09-29T21:27:50
6763,綠界科技,2024-04-29,399.0,7.5,1.92%,,,,,,,,,ShowDailyK_ChartFlow,FinMind_API_TaiwanStockPrice_6763,True,2026-09-29T21:27:50,2026-09-29T21:27:50,2026-09-29T21:27:50
6763,綠界科技,2024-04-30,396.0,-3.0,-0.75%,,,,,,,,,ShowDailyK_ChartFlow,FinMind_API_TaiwanStockPrice_6763,True,2026-09-29T21:27:50,2026-09-29T21:27:50,2026-09-29T21:27:50
6763,綠界科技,2024-05-02,396.0,0.0,0.00%,,,,,,,,,ShowDailyK_ChartFlow,FinMind_API_TaiwanStockPrice_6763,True,2026-09-29T21:27:50,2026-09-29T21:27:50,2026-09-29T21:27:50
6763,綠界科技,2024-05-03,399.0,3.0,0.76%,,,,,,,,,ShowDailyK_ChartFlow,FinMind_API_TaiwanStockPrice_6763,True,2026-09-29T21:27:50,2026-09-29T21:27:50,2026-09-29T21:27:50
6763,綠界科技,2024-05-06,394.0,-5.0,-1.25%,,,,,,,,,ShowDailyK_ChartFlow,FinMind_API_TaiwanStockPrice_6763,True,2026-09-29T21:27:50,2026-09-29T21:27:50,2026-09-29T21:27:50
6763,綠界科技,2024-05-07,387.5,-6.5,-1.65%,,,,,,,,,ShowDailyK_ChartFlow,FinMind_API_TaiwanStockPrice_6763,True,2026-09-29T21:27:50,2026-09-29T21:27:50,2026-09-29T21:27:50
6763,綠界科技,2024-05-08,426.0,38.5,9.94%,,,,,,,,,ShowDailyK_ChartFlow,FinMind_API_TaiwanStockPrice_6763,True,2026-09-29T21:27:50,2026-09-29T21:27:50,2026-09-29T21:27:50
6763,綠界科技,2024-05-09,426.0,0.0,0.00%,,,,,,,,,ShowDailyK_ChartFlow,FinMind_API_TaiwanStockPrice_6763,True,2026-09-29T21:27:50,2026-09-29T21:27:50,2026-09-29T21:27:50
6763,綠界科技,2024-05-10,439.0,13.0,3.05%,,,,,,,,,ShowDailyK_ChartFlow,FinMind_API_TaiwanStockPrice_6763,True,2026-09-29T21:27:50,2026-09-29T21:27:50,2026-09-29T21:27:50
6763,綠界科技,2024-05-13,433.5,-5.5,-1.25%,,,,,,,,,ShowDailyK_ChartFlow,FinMind_API_TaiwanStockPrice_6763,True,2026-09-29T21:27:50,2026-09-29T21:27:50,2026-09-29T21:27:50
6763,綠界科技,2024-05-14,441.5,8.0,1.85%,,,,,,,,,ShowDailyK_ChartFlow,FinMind_API_TaiwanStockPrice_6763,True,2026-09-29T21:27:50,2026-09-29T21:27:50,2026-09-29T21:27:50
6763,綠界科技,2024-05-15,456.0,14.5,3.28%,,,,,,,,,ShowDailyK_ChartFlow,FinMind_API_TaiwanStockPrice_6763,True,2026-09-29T21:27:50,2026-09-29T21:27:50,2026-09-29T21:27:50
6763,綠界科技,2024-05-16,465.0,9.0,1.97%,,,,,,,,,ShowDailyK_ChartFlow,FinMind_API_TaiwanStockPrice_6763,True,2026-09-29T21:27:50,2026-09-29T21:27:50,2026-09-29T21:27:50
6763,綠界科技,2024-05-17,483.0,18.0,3.87%,,,,,,,,,ShowDailyK_ChartFlow,FinMind_API_TaiwanStockPrice_6763,True,2026-09-29T21:27:50,2026-09-29T21:27:50,2026-09-29T21:27:50
6763,綠界科技,2024-05-20,499.5,16.5,3.42%,,,,,,,,,ShowDailyK_ChartFlow,FinMind_API_TaiwanStockPrice_6763,True,2026-09-29T21:27:50,2026-09-29T21:27:50,2026-09-29T21:27:50
6763,綠界科技,2024-05-21,488.5,-11.0,-2.20%,,,,,,,,,ShowDailyK_ChartFlow,FinMind_API_TaiwanStockPrice_6763,True,2026-09-29T21:27:50,2026-09-29T21:27:50,2026-09-29T21:27:50
6763,綠界科技,2024-05-22,491.5,3.0,0.61%,,,,,,,,,ShowDailyK_ChartFlow,FinMind_API_TaiwanStockPrice_6763,True,2026-09-29T21:27:50,2026-09-29T21:27:50,2026-09-29T21:27:50
6763,綠界科技,2024-05-23,481.0,-10.5,-2.14%,,,,,,,,,ShowDailyK_ChartFlow,FinMind_API_TaiwanStockPrice_6763,True,2026-09-29T21:27:50,2026-09-29T21:27:50,2026-09-29T21:27:50
6763,綠界科技,2024-05-24,481.0,0.0,0.00%,,,,,,,,,ShowDailyK_ChartFlow,FinMind_API_TaiwanStockPrice_6763,True,2026-09-29T21:27:50,2026-09-29T21:27:50,2026-09-29T21:27:50
6763,綠界科技,2024-05-27,470.0,-11.0,-2.29%,,,,,,,,,ShowDailyK_ChartFlow,FinMind_API_TaiwanStockPrice_6763,True,2026-09-29T21:27:50,2026-09-29T21:27:50,2026-09-29T21:27:50
6763,綠界科技,2024-05-28,464.5,-5.5,-1.17%,,,,,,,,,ShowDailyK_ChartFlow,FinMind_API_TaiwanStockPrice_6763,True,2026-09-29T21:27:50,2026-09-29T21:27:50,2026-09-29T21:27:50
6763,綠界科技,2024-05-29,466.0,1.5,0.32%,,,,,,,,,ShowDailyK_ChartFlow,FinMind_API_TaiwanStockPrice_6763,True,2026-09-29T21:27:50,2026-09-29T21:27:50,2026-09-29T21:27:50
6763,綠界科技,2024-05-30,467.0,1.0,0.21%,,,,,,,,,ShowDailyK_ChartFlow,FinMind_API_TaiwanStockPrice_6763,True,2026-09-29T21:27:50,2026-09-29T21:27:50,2026-09-29T21:27:50
6763,綠界科技,2024-05-31,463.5,-3.5,-0.75%,,,,,,,,,ShowDailyK_ChartFlow,FinMind_API_TaiwanStockPrice_6763,True,2026-09-29T21:27:50,2026-09-29T21:27:50,2026-09-29T21:27:50
6763,綠界科技,2024-06-03,475.0,11.5,2.48%,,,,,,,,,ShowDailyK_ChartFlow,FinMind_API_TaiwanStockPrice_6763,True,2026-09-29T21:27:50,2026-09-29T21:27:50,2026-09-29T21:27:50
6763,綠界科技,2024-06-04,469.5,-5.5,-1.16%,,,,,,,,,ShowDailyK_ChartFlow,FinMind_API_TaiwanStockPrice_6763,True,2026-09-29T21:27:50,2026-09-29T21:27:50,2026-09-29T21:27:50
6763,綠界科技,2024-06-05,470.5,1.0,0.21%,,,,,,,,,ShowDailyK_ChartFlow,FinMind_API_TaiwanStockPrice_6763,True,2026-09-29T21:27:50,2026-09-29T21:27:50,2026-09-29T21:27:50
6763,綠界科技,2024-06-06,465.5,-5.0,-1.06%,,,,,,,,,ShowDailyK_ChartFlow,FinMind_API_TaiwanStockPrice_6763,True,2026-09-29T21:27:50,2026-09-29T21:27:50,2026-09-29T21:27:50
6763,綠界科技,2024-06-07,462.5,-3.0,-0.64%,,,,,,,,,ShowDailyK_ChartFlow,FinMind_API_TaiwanStockPrice_6763,True,2026-09-29T21:27:50,2026-09-29T21:27:50,2026-09-29T21:27:50
6763,綠界科技,2024-06-11,435.5,-27.0,-5.84%,,,,,,,,,ShowDailyK_ChartFlow,FinMind_API_TaiwanStockPrice_6763,True,2026-09-29T21:27:50,2026-09-29T21:27:50,2026-09-29T21:27:50
6763,綠界科技,2024-06-12,440.5,5.0,1.15%,,,,,,,,,ShowDailyK_ChartFlow,FinMind_API_TaiwanStockPrice_6763,True,2026-09-29T21:27:50,2026-09-29T21:27:50,2026-09-29T21:27:50
6763,綠界科技,2024-06-13,439.0,-1.5,-0.34%,,,,,,,,,ShowDailyK_ChartFlow,FinMind_API_TaiwanStockPrice_6763,True,2026-09-29T21:27:50,2026-09-29T21:27:50,2026-09-29T21:27:50
6763,綠界科技,2024-06-14,446.0,7.0,1.59%,,,,,,,,,ShowDailyK_ChartFlow,FinMind_API_TaiwanStockPrice_6763,True,2026-09-29T21:27:50,2026-09-29T21:27:50,2026-09-29T21:27:50
6763,綠界科技,2024-06-17,450.5,4.5,1.01%,,,,,,,,,ShowDailyK_ChartFlow,FinMind_API_TaiwanStockPrice_6763,True,2026-09-29T21:27:50,2026-09-29T21:27:50,2026-09-29T21:27:50
6763,綠界科技,2024-06-18,452.0,1.5,0.33%,,,,,,,,,ShowDailyK_ChartFlow,FinMind_API_TaiwanStockPrice_6763,True,2026-09-29T21:27:50,2026-09-29T21:27:50,2026-09-29T21:27:50
6763,綠界科技,2024-06-19,450.0,-2.0,-0.44%,,,,,,,,,ShowDailyK_ChartFlow,FinMind_API_TaiwanStockPrice_6763,True,2026-09-29T21:27:50,2026-09-29T21:27:50,2026-09-29T21:27:50
6763,綠界科技,2024-06-20,442.0,-8.0,-1.78%,,,,,,,,,ShowDailyK_ChartFlow,FinMind_API_TaiwanStockPrice_6763,True,2026-09-29T21:27:50,2026-09-29T21:27:50,2026-09-29T21:27:50
6763,綠界科技,2024-06-21,430.5,-11.5,-2.60%,,,,,,,,,ShowDailyK_ChartFlow,FinMind_API_TaiwanStockPrice_6763,True,2026-09-29T21:27:50,2026-09-29T21:27:50,2026-09-29T21:27:50
6763,綠界科技,2024-06-24,425.0,-5.5,-1.28%,,,,,,,,,ShowDailyK_ChartFlow,FinMind_API_TaiwanStockPrice_6763,True,2026-09-29T21:27:50,2026-09-29T21:27:50,2026-09-29T21:27:50
6763,綠界科技,2024-06-25,426.0,1.0,0.24%,,,,,,,,,ShowDailyK_ChartFlow,FinMind_API_TaiwanStockPrice_6763,True,2026-09-29T21:27:50,2026-09-29T21:27:50,2026-09-29T21:27:50
6763,綠界科技,2024-06-26,428.5,2.5,0.59%,,,,,,,,,ShowDailyK_ChartFlow,FinMind_API_TaiwanStockPrice_6763,True,2026-09-29T21:27:50,2026-09-29T21:27:50,2026-09-29T21:27:50
6763,綠界科技,2024-06-27,434.0,5.5,1.28%,,,,,,,,,ShowDailyK_ChartFlow,FinMind_API_TaiwanStockPrice_6763,True,2026-09-29T21:27:50,2026-09-29T21:27:50,2026-09-29T21:27:50
6763,綠界科技,2024-06-28,433.5,-0.5,-0.12%,,,,,,,,,ShowDailyK_ChartFlow,FinMind_API_TaiwanStockPrice_6763,True,2026-09-29T21:27:50,2026-09-29T21:27:50,2026-09-29T21:27:50
6763,綠界科技,2024-07-01,436.0,2.5,0.58%,,,,,,,,,ShowDailyK_ChartFlow,FinMind_API_TaiwanStockPrice_6763,True,2026-09-29T21:27:50,2026-09-29T21:27:50,2026-09-29T21:27:50
6763,綠界科技,2024-07-02,432.0,-4.0,-0.92%,,,,,,,,,ShowDailyK_ChartFlow,FinMind_API_TaiwanStockPrice_6763,True,2026-09-29T21:27:50,2026-09-29T21:27:50,2026-09-29T21:27:50
6763,綠界科技,2024-07-03,433.0,1.0,0.23%,,,,,,,,,ShowDailyK_ChartFlow,FinMind_API_TaiwanStockPrice_6763,True,2026-09-29T21:27:50,2026-09-29T21:27:50,2026-09-29T21:27:50
6763,綠界科技,2024-07-04,426.0,-7.0,-1.62%,,,,,,,,,ShowDailyK_ChartFlow,FinMind_API_TaiwanStockPrice_6763,True,2026-09-29T21:27:50,2026-09-29T21:27:50,2026-09-29T21:27:50
6763,綠界科技,2024-07-05,428.0,2.0,0.47%,,,,,,,,,ShowDailyK_ChartFlow,FinMind_API_TaiwanStockPrice_6763,True,2026-09-29T21:27:50,2026-09-29T21:27:50,2026-09-29T21:27:50
6763,綠界科技,2024-07-08,425.5,-2.5,-0.58%,,,,,,,,,ShowDailyK_ChartFlow,FinMind_API_TaiwanStockPrice_6763,True,2026-09-29T21:27:50,2026-09-29T21:27:50,2026-09-29T21:27:50
6763,綠界科技,2024-07-09,416.0,-9.5,-2.23%,,,,,,,,,ShowDailyK_ChartFlow,FinMind_API_TaiwanStockPrice_6763,True,2026-09-29T21:27:50,2026-09-29T21:27:50,2026-09-29T21:27:50
6763,綠界科技,2024-07-10,449.0,33.0,7.93%,,,,,,,,,ShowDailyK_ChartFlow,FinMind_API_TaiwanStockPrice_6763,True,2026-09-29T21:27:50,2026-09-29T21:27:50,2026-09-29T21:27:50
6763,綠界科技,2024-07-11,446.5,-2.5,-0.56%,,,,,,,,,ShowDailyK_ChartFlow,FinMind_API_TaiwanStockPrice_6763,True,2026-09-29T21:27:50,2026-09-29T21:27:50,2026-09-29T21:27:50
6763,綠界科技,2024-07-12,436.0,-10.5,-2.35%,,,,,,,,,ShowDailyK_ChartFlow,FinMind_API_TaiwanStockPrice_6763,True,2026-09-29T21:27:50,2026-09-29T21:27:50,2026-09-29T21:27:50
6763,綠界科技,2024-07-15,435.0,-1.0,-0.23%,,,,,,,,,ShowDailyK_ChartFlow,FinMind_API_TaiwanStockPrice_6763,True,2026-09-29T21:27:50,2026-09-29T21:27:50,2026-09-29T21:27:50
6763,綠界科技,2024-07-16,431.0,-4.0,-0.92%,,,,,,,,,ShowDailyK_ChartFlow,FinMind_API_TaiwanStockPrice_6763,True,2026-09-29T21:27:50,2026-09-29T21:27:50,2026-09-29T21:27:50
6763,綠界科技,2024-07-17,431.5,0.5,0.12%,,,,,,,,,ShowDailyK_ChartFlow,FinMind_API_TaiwanStockPrice_6763,True,2026-09-29T21:27:50,2026-09-29T21:27:50,2026-09-29T21:27:50
6763,綠界科技,2024-07-18,424.0,-7.5,-1.74%,,,,,,,,,ShowDailyK_ChartFlow,FinMind_API_TaiwanStockPrice_6763,True,2026-09-29T21:27:50,2026-09-29T21:27:50,2026-09-29T21:27:50
6763,綠界科技,2024-07-19,420.0,-4.0,-0.94%,,,,,,,,,ShowDailyK_ChartFlow,FinMind_API_TaiwanStockPrice_6763,True,2026-09-29T21:27:50,2026-09-29T21:27:50,2026-09-29T21:27:50
6763,綠界科技,2024-07-22,413.0,-7.0,-1.67%,,,,,,,,,ShowDailyK_ChartFlow,FinMind_API_TaiwanStockPrice_6763,True,2026-09-29T21:27:50,2026-09-29T21:27:50,2026-09-29T21:27:50
6763,綠界科技,2024-07-23,419.5,6.5,1.57%,,,,,,,,,ShowDailyK_ChartFlow,FinMind_API_TaiwanStockPrice_6763,True,2026-09-29T21:27:50,2026-09-29T21:27:50,2026-09-29T21:27:50
6763,綠界科技,2024-07-26,414.5,-5.0,-1.19%,,,,,,,,,ShowDailyK_ChartFlow,FinMind_API_TaiwanStockPrice_6763,True,2026-09-29T21:27:50,2026-09-29T21:27:50,2026-09-29T21:27:50
6763,綠界科技,2024-07-29,408.5,-6.0,-1.45%,,,,,,,,,ShowDailyK_ChartFlow,FinMind_API_TaiwanStockPrice_6763,True,2026-09-29T21:27:50,2026-09-29T21:27:50,2026-09-29T21:27:50
6763,綠界科技,2024-07-30,412.0,3.5,0.86%,,,,,,,,,ShowDailyK_ChartFlow,FinMind_API_TaiwanStockPrice_6763,True,2026-09-29T21:27:50,2026-09-29T21:27:50,2026-09-29T21:27:50
6763,綠界科技,2024-07-31,412.5,0.5,0.12%,,,,,,,,,ShowDailyK_ChartFlow,FinMind_API_TaiwanStockPrice_6763,True,2026-09-29T21:27:50,2026-09-29T21:27:50,2026-09-29T21:27:50
6763,綠界科技,2024-08-01,419.0,6.5,1.58%,,,,,,,,,ShowDailyK_ChartFlow,FinMind_API_TaiwanStockPrice_6763,True,2026-09-29T21:27:50,2026-09-29T21:27:50,2026-09-29T21:27:50
6763,綠界科技,2024-08-02,418.0,-1.0,-0.24%,,,,,,,,,ShowDailyK_ChartFlow,FinMind_API_TaiwanStockPrice_6763,True,2026-09-29T21:27:50,2026-09-29T21:27:50,2026-09-29T21:27:50
6763,綠界科技,2024-08-05,381.0,-37.0,-8.85%,,,,,,,,,ShowDailyK_ChartFlow,FinMind_API_TaiwanStockPrice_6763,True,2026-09-29T21:27:50,2026-09-29T21:27:50,2026-09-29T21:27:50
6763,綠界科技,2024-08-06,380.0,-1.0,-0.26%,,,,,,,,,ShowDailyK_ChartFlow,FinMind_API_TaiwanStockPrice_6763,True,2026-09-29T21:27:50,2026-09-29T21:27:50,2026-09-29T21:27:50
6763,綠界科技,2024-08-07,405.0,25.0,6.58%,,,,,,,,,ShowDailyK_ChartFlow,FinMind_API_TaiwanStockPrice_6763,True,2026-09-29T21:27:50,2026-09-29T21:27:50,2026-09-29T21:27:50
6763,綠界科技,2024-08-08,396.0,-9.0,-2.22%,,,,,,,,,ShowDailyK_ChartFlow,FinMind_API_TaiwanStockPrice_6763,True,2026-09-29T21:27:50,2026-09-29T21:27:50,2026-09-29T21:27:50
6763,綠界科技,2024-08-09,408.0,12.0,3.03%,,,,,,,,,ShowDailyK_ChartFlow,FinMind_API_TaiwanStockPrice_6763,True,2026-09-29T21:27:50,2026-09-29T21:27:50,2026-09-29T21:27:50
6763,綠界科技,2024-08-12,437.0,29.0,7.11%,,,,,,,,,ShowDailyK_ChartFlow,FinMind_API_TaiwanStockPrice_6763,True,2026-09-29T21:27:50,2026-09-29T21:27:50,2026-09-29T21:27:50
6763,綠界科技,2024-08-13,435.5,-1.5,-0.34%,,,,,,,,,ShowDailyK_ChartFlow,FinMind_API_TaiwanStockPrice_6763,True,2026-09-29T21:27:50,2026-09-29T21:27:50,2026-09-29T21:27:50
6763,綠界科技,2024-08-14,448.5,13.0,2.99%,,,,,,,,,ShowDailyK_ChartFlow,FinMind_API_TaiwanStockPrice_6763,True,2026-09-29T21:27:50,2026-09-29T21:27:50,2026-09-29T21:27:50
6763,綠界科技,2024-08-15,451.0,2.5,0.56%,,,,,,,,,ShowDailyK_ChartFlow,FinMind_API_TaiwanStockPrice_6763,True,2026-09-29T21:27:50,2026-09-29T21:27:50,2026-09-29T21:27:50
6763,綠界科技,2024-08-16,447.0,-4.0,-0.89%,,,,,,,,,ShowDailyK_ChartFlow,FinMind_API_TaiwanStockPrice_6763,True,2026-09-29T21:27:50,2026-09-29T21:27:50,2026-09-29T21:27:50
6763,綠界科技,2024-08-19,455.0,8.0,1.79%,,,,,,,,,ShowDailyK_ChartFlow,FinMind_API_TaiwanStockPrice_6763,True,2026-09-29T21:27:50,2026-09-29T21:27:50,2026-09-29T21:27:50
6763,綠界科技,2024-08-20,458.0,3.0,0.66%,,,,,,,,,ShowDailyK_ChartFlow,FinMind_API_TaiwanStockPrice_6763,True,2026-09-29T21:27:50,2026-09-29T21:27:50,2026-09-29T21:27:50
6763,綠界科技,2024-08-21,457.5,-0.5,-0.11%,,,,,,,,,ShowDailyK_ChartFlow,FinMind_API_TaiwanStockPrice_6763,True,2026-09-29T21:27:50,2026-09-29T21:27:50,2026-09-29T21:27:50
6763,綠界科技,2024-08-22,455.0,-2.5,-0.55%,,,,,,,,,ShowDailyK_ChartFlow,FinMind_API_TaiwanStockPrice_6763,True,2026-09-29T21:27:50,2026-09-29T21:27:50,2026-09-29T21:27:50
6763,綠界科技,2024-08-23,457.5,2.5,0.55%,,,,,,,,,ShowDailyK_ChartFlow,FinMind_API_TaiwanStockPrice_6763,True,2026-09-29T21:27:50,2026-09-29T21:27:50,2026-09-29T21:27:50
6763,綠界科技,2024-08-26,480.0,22.5,4.92%,,,,,,,,,ShowDailyK_ChartFlow,FinMind_API_TaiwanStockPrice_6763,True,2026-09-29T21:27:50,2026-09-29T21:27:50,2026-09-29T21:27:50
6763,綠界科技,2024-08-27,485.5,5.5,1.15%,,,,,,,,,ShowDailyK_ChartFlow,FinMind_API_TaiwanStockPrice_6763,True,2026-09-29T21:27:50,2026-09-29T21:27:50,2026-09-29T21:27:50
6763,綠界科技,2024-08-28,491.0,5.5,1.13%,,,,,,,,,ShowDailyK_ChartFlow,FinMind_API_TaiwanStockPrice_6763,True,2026-09-29T21:27:50,2026-09-29T21:27:50,2026-09-29T21:27:50
6763,綠界科技,2024-09-09,46.6,-444.4,-90.51%,,,,,,,,,ShowDailyK_ChartFlow,FinMind_API_TaiwanStockPrice_6763,True,2026-09-29T21:27:50,2026-09-29T21:27:50,2026-09-29T21:27:50
6763,綠界科技,2024-09-10,42.6,-4.0,-8.58%,,,,,,,,,ShowDailyK_ChartFlow,FinMind_API_TaiwanStockPrice_6763,True,2026-09-29T21:27:50,2026-09-29T21:27:50,2026-09-29T21:27:50
6763,綠界科技,2024-09-11,42.4,-0.20000000000000284,-0.47%,,,,,,,,,ShowDailyK_ChartFlow,FinMind_API_TaiwanStockPrice_6763,True,2026-09-29T21:27:50,2026-09-29T21:27:50,2026-09-29T21:27:50
6763,綠界科技,2024-09-12,45.9,3.5,8.25%,,,,,,,,,ShowDailyK_ChartFlow,FinMind_API_TaiwanStockPrice_6763,True,2026-09-29T21:27:50,2026-09-29T21:27:50,2026-09-29T21:27:50
6763,綠界科技,2024-09-13,48.0,2.1000000000000014,4.58%,,,,,,,,,ShowDailyK_ChartFlow,FinMind_API_TaiwanStockPrice_6763,True,2026-09-29T21:27:50,2026-09-29T21:27:50,2026-09-29T21:27:50
6763,綠界科技,2024-09-16,47.7,-0.29999999999999716,-0.62%,,,,,,,,,ShowDailyK_ChartFlow,FinMind_API_TaiwanStockPrice_6763,True,2026-09-29T21:27:50,2026-09-29T21:27:50,2026-09-29T21:27:50
6763,綠界科技,2024-09-18,46.85,-0.8500000000000014,-1.78%,,,,,,,,,ShowDailyK_ChartFlow,FinMind_API_TaiwanStockPrice_6763,True,2026-09-29T21:27:50,2026-09-29T21:27:50,2026-09-29T21:27:50
6763,綠界科技,2024-09-19,46.8,-0.05000000000000426,-0.11%,,,,,,,,,ShowDailyK_ChartFlow,FinMind_API_TaiwanStockPrice_6763,True,2026-09-29T21:27:50,2026-09-29T21:27:50,2026-09-29T21:27:50
6763,綠界科技,2024-09-20,46.95,0.15000000000000568,0.32%,,,,,,,,,ShowDailyK_ChartFlow,FinMind_API_TaiwanStockPrice_6763,True,2026-09-29T21:27:50,2026-09-29T21:27:50,2026-09-29T21:27:50
6763,綠界科技,2024-09-23,46.7,-0.25,-0.53%,,,,,,,,,ShowDailyK_ChartFlow,FinMind_API_TaiwanStockPrice_6763,True,2026-09-29T21:27:50,2026-09-29T21:27:50,2026-09-29T21:27:50
6763,綠界科技,2024-09-24,45.7,-1.0,-2.14%,,,,,,,,,ShowDailyK_ChartFlow,FinMind_API_TaiwanStockPrice_6763,True,2026-09-29T21:27:50,2026-09-29T21:27:50,2026-09-29T21:27:50
6763,綠界科技,2024-09-25,45.3,-0.4000000000000057,-0.88%,,,,,,,,,ShowDailyK_ChartFlow,FinMind_API_TaiwanStockPrice_6763,True,2026-09-29T21:27:50,2026-09-29T21:27:50,2026-09-29T21:27:50
6763,綠界科技,2024-09-26,44.45,-0.8499999999999943,-1.88%,,,,,,,,,ShowDailyK_ChartFlow,FinMind_API_TaiwanStockPrice_6763,True,2026-09-29T21:27:50,2026-09-29T21:27:50,2026-09-29T21:27:50
6763,綠界科技,2024-09-27,44.35,-0.10000000000000142,-0.22%,,,,,,,,,ShowDailyK_ChartFlow,FinMind_API_TaiwanStockPrice_6763,True,2026-09-29T21:27:50,2026-09-29T21:27:50,2026-09-29T21:27:50
6763,綠界科技,2024-09-30,43.5,-0.8500000000000014,-1.92%,,,,,,,,,ShowDailyK_ChartFlow,FinMind_API_TaiwanStockPrice_6763,True,2026-09-29T21:27:50,2026-09-29T21:27:50,2026-09-29T21:27:50
6763,綠界科技,2024-10-01,43.55,0.04999999999999716,0.11%,,,,,,,,,ShowDailyK_ChartFlow,FinMind_API_TaiwanStockPrice_6763,True,2026-09-29T21:27:50,2026-09-29T21:27:50,2026-09-29T21:27:50
6763,綠界科技,2024-10-04,42.65,-0.8999999999999986,-2.07%,,,,,,,,,ShowDailyK_ChartFlow,FinMind_API_TaiwanStockPrice_6763,True,2026-09-29T21:27:50,2026-09-29T21:27:50,2026-09-29T21:27:50
6763,綠界科技,2024-10-07,42.2,-0.44999999999999574,-1.06%,,,,,,,,,ShowDailyK_ChartFlow,FinMind_API_TaiwanStockPrice_6763,True,2026-09-29T21:27:50,2026-09-29T21:27:50,2026-09-29T21:27:50
6763,綠界科技,2024-10-08,42.4,0.19999999999999574,0.47%,,,,,,,,,ShowDailyK_ChartFlow,FinMind_API_TaiwanStockPrice_6763,True,2026-09-29T21:27:50,2026-09-29T21:27:50,2026-09-29T21:27:50
6763,綠界科技,2024-10-09,42.0,-0.3999999999999986,-0.94%,,,,,,,,,ShowDailyK_ChartFlow,FinMind_API_TaiwanStockPrice_6763,True,2026-09-29T21:27:50,2026-09-29T21:27:50,2026-09-29T21:27:50
6763,綠界科技,2024-10-11,42.15,0.14999999999999858,0.36%,,,,,,,,,ShowDailyK_ChartFlow,FinMind_API_TaiwanStockPrice_6763,True,2026-09-29T21:27:50,2026-09-29T21:27:50,2026-09-29T21:27:50
6763,綠界科技,2024-10-14,46.35,4.200000000000003,9.96%,,,,,,,,,ShowDailyK_ChartFlow,FinMind_API_TaiwanStockPrice_6763,True,2026-09-29T21:27:50,2026-09-29T21:27:50,2026-09-29T21:27:50
6763,綠界科技,2024-10-15,50.9,4.549999999999997,9.82%,,,,,,,,,ShowDailyK_ChartFlow,FinMind_API_TaiwanStockPrice_6763,True,2026-09-29T21:27:50,2026-09-29T21:27:50,2026-09-29T21:27:50
6763,綠界科技,2024-10-16,55.9,5.0,9.82%,,,,,,,,,ShowDailyK_ChartFlow,FinMind_API_TaiwanStockPrice_6763,True,2026-09-29T21:27:50,2026-09-29T21:27:50,2026-09-29T21:27:50
6763,綠界科技,2024-10-17,61.4,5.5,9.84%,,,,,,,,,ShowDailyK_ChartFlow,FinMind_API_TaiwanStockPrice_6763,True,2026-09-29T21:27:50,2026-09-29T21:27:50,2026-09-29T21:27:50
6763,綠界科技,2024-10-18,66.2,4.800000000000004,7.82%,,,,,,,,,ShowDailyK_ChartFlow,FinMind_API_TaiwanStockPrice_6763,True,2026-09-29T21:27:50,2026-09-29T21:27:50,2026-09-29T21:27:50
6763,綠界科技,2024-10-21,72.8,6.599999999999994,9.97%,,,,,,,,,ShowDailyK_ChartFlow,FinMind_API_TaiwanStockPrice_6763,True,2026-09-29T21:27:50,2026-09-29T21:27:50,2026-09-29T21:27:50
6763,綠界科技,2024-10-22,80.0,7.200000000000003,9.89%,,,,,,,,,ShowDailyK_ChartFlow,FinMind_API_TaiwanStockPrice_6763,True,2026-09-29T21:27:50,2026-09-29T21:27:50,2026-09-29T21:27:50
6763,綠界科技,2024-10-23,88.0,8.0,10.00%,,,,,,,,,ShowDailyK_ChartFlow,FinMind_API_TaiwanStockPrice_6763,True,2026-09-29T21:27:50,2026-09-29T21:27:50,2026-09-29T21:27:50
6763,綠界科技,2024-10-24,92.6,4.599999999999994,5.23%,,,,,,,,,ShowDailyK_ChartFlow,FinMind_API_TaiwanStockPrice_6763,True,2026-09-29T21:27:50,2026-09-29T21:27:50,2026-09-29T21:27:50
6763,綠界科技,2024-10-25,83.4,-9.199999999999989,-9.94%,,,,,,,,,ShowDailyK_ChartFlow,FinMind_API_TaiwanStockPrice_6763,True,2026-09-29T21:27:50,2026-09-29T21:27:50,2026-09-29T21:27:50
6763,綠界科技,2024-10-28,87.9,4.5,5.40%,,,,,,,,,ShowDailyK_ChartFlow,FinMind_API_TaiwanStockPrice_6763,True,2026-09-29T21:27:50,2026-09-29T21:27:50,2026-09-29T21:27:50
6763,綠界科技,2024-10-29,85.0,-2.9000000000000057,-3.30%,,,,,,,,,ShowDailyK_ChartFlow,FinMind_API_TaiwanStockPrice_6763,True,2026-09-29T21:27:50,2026-09-29T21:27:50,2026-09-29T21:27:50
6763,綠界科技,2024-10-30,82.0,-3.0,-3.53%,,,,,,,,,ShowDailyK_ChartFlow,FinMind_API_TaiwanStockPrice_6763,True,2026-09-29T21:27:50,2026-09-29T21:27:50,2026-09-29T21:27:50
6763,綠界科技,2024-11-01,84.9,2.9000000000000057,3.54%,,,,,,,,,ShowDailyK_ChartFlow,FinMind_API_TaiwanStockPrice_6763,True,2026-09-29T21:27:50,2026-09-29T21:27:50,2026-09-29T21:27:50
6763,綠界科技,2024-11-04,82.7,-2.200000000000003,-2.59%,,,,,,,,,ShowDailyK_ChartFlow,FinMind_API_TaiwanStockPrice_6763,True,2026-09-29T21:27:50,2026-09-29T21:27:50,2026-09-29T21:27:50
6763,綠界科技,2024-11-05,81.5,-1.2000000000000028,-1.45%,,,,,,,,,ShowDailyK_ChartFlow,FinMind_API_TaiwanStockPrice_6763,True,2026-09-29T21:27:50,2026-09-29T21:27:50,2026-09-29T21:27:50
6763,綠界科技,2024-11-06,84.4,2.9000000000000057,3.56%,,,,,,,,,ShowDailyK_ChartFlow,FinMind_API_TaiwanStockPrice_6763,True,2026-09-29T21:27:50,2026-09-29T21:27:50,2026-09-29T21:27:50
6763,綠界科技,2024-11-07,83.0,-1.4000000000000057,-1.66%,,,,,,,,,ShowDailyK_ChartFlow,FinMind_API_TaiwanStockPrice_6763,True,2026-09-29T21:27:50,2026-09-29T21:27:50,2026-09-29T21:27:50
6763,綠界科技,2024-11-08,78.3,-4.700000000000003,-5.66%,,,,,,,,,ShowDailyK_ChartFlow,FinMind_API_TaiwanStockPrice_6763,True,2026-09-29T21:27:50,2026-09-29T21:27:50,2026-09-29T21:27:50
6763,綠界科技,2024-11-11,80.8,2.5,3.19%,,,,,,,,,ShowDailyK_ChartFlow,FinMind_API_TaiwanStockPrice_6763,True,2026-09-29T21:27:50,2026-09-29T21:27:50,2026-09-29T21:27:50
6763,綠界科技,2024-11-12,72.8,-8.0,-9.90%,,,,,,,,,ShowDailyK_ChartFlow,FinMind_API_TaiwanStockPrice_6763,True,2026-09-29T21:27:50,2026-09-29T21:27:50,2026-09-29T21:27:50
6763,綠界科技,2024-11-13,70.1,-2.700000000000003,-3.71%,,,,,,,,,ShowDailyK_ChartFlow,FinMind_API_TaiwanStockPrice_6763,True,2026-09-29T21:27:50,2026-09-29T21:27:50,2026-09-29T21:27:50
6763,綠界科技,2024-11-14,67.5,-2.5999999999999943,-3.71%,,,,,,,,,ShowDailyK_ChartFlow,FinMind_API_TaiwanStockPrice_6763,True,2026-09-29T21:27:50,2026-09-29T21:27:50,2026-09-29T21:27:50
6763,綠界科技,2024-11-15,68.9,1.4000000000000057,2.07%,,,,,,,,,ShowDailyK_ChartFlow,FinMind_API_TaiwanStockPrice_6763,True,2026-09-29T21:27:50,2026-09-29T21:27:50,2026-09-29T21:27:50
6763,綠界科技,2024-11-18,73.5,4.599999999999994,6.68%,,,,,,,,,ShowDailyK_ChartFlow,FinMind_API_TaiwanStockPrice_6763,True,2026-09-29T21:27:50,2026-09-29T21:27:50,2026-09-29T21:27:50
6763,綠界科技,2024-11-19,74.1,0.5999999999999943,0.82%,,,,,,,,,ShowDailyK_ChartFlow,FinMind_API_TaiwanStockPrice_6763,True,2026-09-29T21:27:50,2026-09-29T21:27:50,2026-09-29T21:27:50
6763,綠界科技,2024-11-20,72.5,-1.5999999999999943,-2.16%,,,,,,,,,ShowDailyK_ChartFlow,FinMind_API_TaiwanStockPrice_6763,True,2026-09-29T21:27:50,2026-09-29T21:27:50,2026-09-29T21:27:50
6763,綠界科技,2024-11-21,70.6,-1.9000000000000057,-2.62%,,,,,,,,,ShowDailyK_ChartFlow,FinMind_API_TaiwanStockPrice_6763,True,2026-09-29T21:27:50,2026-09-29T21:27:50,2026-09-29T21:27:50
6763,綠界科技,2024-11-22,69.7,-0.8999999999999915,-1.27%,,,,,,,,,ShowDailyK_ChartFlow,FinMind_API_TaiwanStockPrice_6763,True,2026-09-29T21:27:50,2026-09-29T21:27:50,2026-09-29T21:27:50
6763,綠界科技,2024-11-25,69.2,-0.5,-0.72%,,,,,,,,,ShowDailyK_ChartFlow,FinMind_API_TaiwanStockPrice_6763,True,2026-09-29T21:27:50,2026-09-29T21:27:50,2026-09-29T21:27:50
6763,綠界科技,2024-11-26,67.6,-1.6000000000000085,-2.31%,,,,,,,,,ShowDailyK_ChartFlow,FinMind_API_TaiwanStockPrice_6763,True,2026-09-29T21:27:50,2026-09-29T21:27:50,2026-09-29T21:27:50
6763,綠界科技,2024-11-27,69.2,1.6000000000000085,2.37%,,,,,,,,,ShowDailyK_ChartFlow,FinMind_API_TaiwanStockPrice_6763,True,2026-09-29T21:27:50,2026-09-29T21:27:50,2026-09-29T21:27:50
6763,綠界科技,2024-11-28,68.0,-1.2000000000000028,-1.73%,,,,,,,,,ShowDailyK_ChartFlow,FinMind_API_TaiwanStockPrice_6763,True,2026-09-29T21:27:50,2026-09-29T21:27:50,2026-09-29T21:27:50
6763,綠界科技,2024-11-29,68.6,0.5999999999999943,0.88%,,,,,,,,,ShowDailyK_ChartFlow,FinMind_API_TaiwanStockPrice_6763,True,2026-09-29T21:27:50,2026-09-29T21:27:50,2026-09-29T21:27:50
6763,綠界科技,2024-12-02,69.2,0.6000000000000085,0.87%,,,,,,,,,ShowDailyK_ChartFlow,FinMind_API_TaiwanStockPrice_6763,True,2026-09-29T21:27:50,2026-09-29T21:27:50,2026-09-29T21:27:50
6763,綠界科技,2024-12-03,69.6,0.3999999999999915,0.58%,,,,,,,,,ShowDailyK_ChartFlow,FinMind_API_TaiwanStockPrice_6763,True,2026-09-29T21:27:50,2026-09-29T21:27:50,2026-09-29T21:27:50
6763,綠界科技,2024-12-04,70.0,0.4000000000000057,0.57%,,,,,,,,,ShowDailyK_ChartFlow,FinMind_API_TaiwanStockPrice_6763,True,2026-09-29T21:27:50,2026-09-29T21:27:50,2026-09-29T21:27:50
6763,綠界科技,2024-12-05,73.2,3.200000000000003,4.57%,,,,,,,,,ShowDailyK_ChartFlow,FinMind_API_TaiwanStockPrice_6763,True,2026-09-29T21:27:50,2026-09-29T21:27:50,2026-09-29T21:27:50
6763,綠界科技,2024-12-06,71.0,-2.200000000000003,-3.01%,,,,,,,,,ShowDailyK_ChartFlow,FinMind_API_TaiwanStockPrice_6763,True,2026-09-29T21:27:50,2026-09-29T21:27:50,2026-09-29T21:27:50
6763,綠界科技,2024-12-09,69.8,-1.2000000000000028,-1.69%,,,,,,,,,ShowDailyK_ChartFlow,FinMind_API_TaiwanStockPrice_6763,True,2026-09-29T21:27:50,2026-09-29T21:27:50,2026-09-29T21:27:50
6763,綠界科技,2024-12-10,68.7,-1.0999999999999943,-1.58%,,,,,,,,,ShowDailyK_ChartFlow,FinMind_API_TaiwanStockPrice_6763,True,2026-09-29T21:27:50,2026-09-29T21:27:50,2026-09-29T21:27:50
6763,綠界科技,2024-12-11,68.8,0.09999999999999432,0.15%,,,,,,,,,ShowDailyK_ChartFlow,FinMind_API_TaiwanStockPrice_6763,True,2026-09-29T21:27:50,2026-09-29T21:27:50,2026-09-29T21:27:50
6763,綠界科技,2024-12-12,68.0,-0.7999999999999972,-1.16%,,,,,,,,,ShowDailyK_ChartFlow,FinMind_API_TaiwanStockPrice_6763,True,2026-09-29T21:27:50,2026-09-29T21:27:50,2026-09-29T21:27:50
6763,綠界科技,2024-12-13,65.0,-3.0,-4.41%,,,,,,,,,ShowDailyK_ChartFlow,FinMind_API_TaiwanStockPrice_6763,True,2026-09-29T21:27:50,2026-09-29T21:27:50,2026-09-29T21:27:50
6763,綠界科技,2024-12-16,63.8,-1.2000000000000028,-1.85%,,,,,,,,,ShowDailyK_ChartFlow,FinMind_API_TaiwanStockPrice_6763,True,2026-09-29T21:27:50,2026-09-29T21:27:50,2026-09-29T21:27:50
6763,綠界科技,2024-12-17,64.6,0.7999999999999972,1.25%,,,,,,,,,ShowDailyK_ChartFlow,FinMind_API_TaiwanStockPrice_6763,True,2026-09-29T21:27:50,2026-09-29T21:27:50,2026-09-29T21:27:50
6763,綠界科技,2024-12-18,66.1,1.5,2.32%,,,,,,,,,ShowDailyK_ChartFlow,FinMind_API_TaiwanStockPrice_6763,True,2026-09-29T21:27:50,2026-09-29T21:27:50,2026-09-29T21:27:50
6763,綠界科技,2024-12-19,63.3,-2.799999999999997,-4.24%,,,,,,,,,ShowDailyK_ChartFlow,FinMind_API_TaiwanStockPrice_6763,True,2026-09-29T21:27:50,2026-09-29T21:27:50,2026-09-29T21:27:50
6763,綠界科技,2024-12-20,62.0,-1.2999999999999972,-2.05%,,,,,,,,,ShowDailyK_ChartFlow,FinMind_API_TaiwanStockPrice_6763,True,2026-09-29T21:27:50,2026-09-29T21:27:50,2026-09-29T21:27:50
6763,綠界科技,2024-12-23,63.9,1.8999999999999986,3.06%,,,,,,,,,ShowDailyK_ChartFlow,FinMind_API_TaiwanStockPrice_6763,True,2026-09-29T21:27:50,2026-09-29T21:27:50,2026-09-29T21:27:50
6763,綠界科技,2024-12-24,62.5,-1.3999999999999986,-2.19%,,,,,,,,,ShowDailyK_ChartFlow,FinMind_API_TaiwanStockPrice_6763,True,2026-09-29T21:27:50,2026-09-29T21:27:50,2026-09-29T21:27:50
6763,綠界科技,2024-12-25,62.0,-0.5,-0.80%,,,,,,,,,ShowDailyK_ChartFlow,FinMind_API_TaiwanStockPrice_6763,True,2026-09-29T21:27:50,2026-09-29T21:27:50,2026-09-29T21:27:50
6763,綠界科技,2024-12-26,63.3,1.2999999999999972,2.10%,,,,,,,,,ShowDailyK_ChartFlow,FinMind_API_TaiwanStockPrice_6763,True,2026-09-29T21:27:50,2026-09-29T21:27:50,2026-09-29T21:27:50
6763,綠界科技,2024-12-27,61.8,-1.5,-2.37%,,,,,,,,,ShowDailyK_ChartFlow,FinMind_API_TaiwanStockPrice_6763,True,2026-09-29T21:27:50,2026-09-29T21:27:50,2026-09-29T21:27:50
6763,綠界科技,2024-12-30,62.3,0.5,0.81%,,,,,,,,,ShowDailyK_ChartFlow,FinMind_API_TaiwanStockPrice_6763,True,2026-09-29T21:27:50,2026-09-29T21:27:50,2026-09-29T21:27:50
6763,綠界科技,2024-12-31,61.1,-1.1999999999999957,-1.93%,,,,,,,,,ShowDailyK_ChartFlow,FinMind_API_TaiwanStockPrice_6763,True,2026-09-29T21:27:50,2026-09-29T21:27:50,2026-09-29T21:27:50
6763,綠界科技,2025-01-02,60.8,-0.30000000000000426,-0.49%,,,,,,,,,ShowDailyK_ChartFlow,FinMind_API_TaiwanStockPrice_6763,True,2026-09-29T21:27:50,2026-09-29T21:27:50,2026-09-29T21:27:50
6763,綠界科技,2025-01-03,60.7,-0.09999999999999432,-0.16%,,,,,,,,,ShowDailyK_ChartFlow,FinMind_API_TaiwanStockPrice_6763,True,2026-09-29T21:27:50,2026-09-29T21:27:50,2026-09-29T21:27:50
6763,綠界科技,2025-01-06,61.0,0.29999999999999716,0.49%,,,,,,,,,ShowDailyK_ChartFlow,FinMind_API_TaiwanStockPrice_6763,True,2026-09-29T21:27:50,2026-09-29T21:27:50,2026-09-29T21:27:50
6763,綠界科技,2025-01-07,60.8,-0.20000000000000284,-0.33%,,,,,,,,,ShowDailyK_ChartFlow,FinMind_API_TaiwanStockPrice_6763,True,2026-09-29T21:27:50,2026-09-29T21:27:50,2026-09-29T21:27:50
6763,綠界科技,2025-01-08,61.4,0.6000000000000014,0.99%,,,,,,,,,ShowDailyK_ChartFlow,FinMind_API_TaiwanStockPrice_6763,True,2026-09-29T21:27:50,2026-09-29T21:27:50,2026-09-29T21:27:50
6763,綠界科技,2025-01-09,63.4,2.0,3.26%,,,,,,,,,ShowDailyK_ChartFlow,FinMind_API_TaiwanStockPrice_6763,True,2026-09-29T21:27:50,2026-09-29T21:27:50,2026-09-29T21:27:50
6763,綠界科技,2025-01-10,60.5,-2.8999999999999986,-4.57%,,,,,,,,,ShowDailyK_ChartFlow,FinMind_API_TaiwanStockPrice_6763,True,2026-09-29T21:27:50,2026-09-29T21:27:50,2026-09-29T21:27:50
6763,綠界科技,2025-01-13,59.8,-0.7000000000000028,-1.16%,,,,,,,,,ShowDailyK_ChartFlow,FinMind_API_TaiwanStockPrice_6763,True,2026-09-29T21:27:50,2026-09-29T21:27:50,2026-09-29T21:27:50
6763,綠界科技,2025-01-14,63.8,4.0,6.69%,,,,,,,,,ShowDailyK_ChartFlow,FinMind_API_TaiwanStockPrice_6763,True,2026-09-29T21:27:50,2026-09-29T21:27:50,2026-09-29T21:27:50
6763,綠界科技,2025-01-15,63.0,-0.7999999999999972,-1.25%,,,,,,,,,ShowDailyK_ChartFlow,FinMind_API_TaiwanStockPrice_6763,True,2026-09-29T21:27:50,2026-09-29T21:27:50,2026-09-29T21:27:50
6763,綠界科技,2025-01-16,62.5,-0.5,-0.79%,,,,,,,,,ShowDailyK_ChartFlow,FinMind_API_TaiwanStockPrice_6763,True,2026-09-29T21:27:50,2026-09-29T21:27:50,2026-09-29T21:27:50
6763,綠界科技,2025-01-17,60.8,-1.7000000000000028,-2.72%,,,,,,,,,ShowDailyK_ChartFlow,FinMind_API_TaiwanStockPrice_6763,True,2026-09-29T21:27:50,2026-09-29T21:27:50,2026-09-29T21:27:50
6763,綠界科技,2025-01-20,61.6,0.8000000000000043,1.32%,,,,,,,,,ShowDailyK_ChartFlow,FinMind_API_TaiwanStockPrice_6763,True,2026-09-29T21:27:50,2026-09-29T21:27:50,2026-09-29T21:27:50
6763,綠界科技,2025-01-21,64.1,2.499999999999993,4.06%,,,,,,,,,ShowDailyK_ChartFlow,FinMind_API_TaiwanStockPrice_6763,True,2026-09-29T21:27:50,2026-09-29T21:27:50,2026-09-29T21:27:50
6763,綠界科技,2025-01-22,63.3,-0.7999999999999972,-1.25%,,,,,,,,,ShowDailyK_ChartFlow,FinMind_API_TaiwanStockPrice_6763,True,2026-09-29T21:27:50,2026-09-29T21:27:50,2026-09-29T21:27:50
6763,綠界科技,2025-02-03,62.3,-1.0,-1.58%,,,,,,,,,ShowDailyK_ChartFlow,FinMind_API_TaiwanStockPrice_6763,True,2026-09-29T21:27:50,2026-09-29T21:27:50,2026-09-29T21:27:50
6763,綠界科技,2025-02-04,61.3,-1.0,-1.61%,,,,,,,,,ShowDailyK_ChartFlow,FinMind_API_TaiwanStockPrice_6763,True,2026-09-29T21:27:50,2026-09-29T21:27:50,2026-09-29T21:27:50
6763,綠界科技,2025-02-05,61.8,0.5,0.82%,,,,,,,,,ShowDailyK_ChartFlow,FinMind_API_TaiwanStockPrice_6763,True,2026-09-29T21:27:50,2026-09-29T21:27:50,2026-09-29T21:27:50
6763,綠界科技,2025-02-06,63.0,1.2000000000000028,1.94%,,,,,,,,,ShowDailyK_ChartFlow,FinMind_API_TaiwanStockPrice_6763,True,2026-09-29T21:27:50,2026-09-29T21:27:50,2026-09-29T21:27:50
6763,綠界科技,2025-02-07,69.3,6.299999999999997,10.00%,,,,,,,,,ShowDailyK_ChartFlow,FinMind_API_TaiwanStockPrice_6763,True,2026-09-29T21:27:50,2026-09-29T21:27:50,2026-09-29T21:27:50
6763,綠界科技,2025-02-10,76.2,6.900000000000006,9.96%,,,,,,,,,ShowDailyK_ChartFlow,FinMind_API_TaiwanStockPrice_6763,True,2026-09-29T21:27:50,2026-09-29T21:27:50,2026-09-29T21:27:50
6763,綠界科技,2025-02-11,76.0,-0.20000000000000284,-0.26%,,,,,,,,,ShowDailyK_ChartFlow,FinMind_API_TaiwanStockPrice_6763,True,2026-09-29T21:27:50,2026-09-29T21:27:50,2026-09-29T21:27:50
6763,綠界科技,2025-02-12,72.6,-3.4000000000000057,-4.47%,,,,,,,,,ShowDailyK_ChartFlow,FinMind_API_TaiwanStockPrice_6763,True,2026-09-29T21:27:50,2026-09-29T21:27:50,2026-09-29T21:27:50
6763,綠界科技,2025-02-13,72.7,0.10000000000000853,0.14%,,,,,,,,,ShowDailyK_ChartFlow,FinMind_API_TaiwanStockPrice_6763,True,2026-09-29T21:27:50,2026-09-29T21:27:50,2026-09-29T21:27:50
6763,綠界科技,2025-02-14,72.8,0.09999999999999432,0.14%,,,,,,,,,ShowDailyK_ChartFlow,FinMind_API_TaiwanStockPrice_6763,True,2026-09-29T21:27:50,2026-09-29T21:27:50,2026-09-29T21:27:50
6763,綠界科技,2025-02-17,73.1,0.29999999999999716,0.41%,,,,,,,,,ShowDailyK_ChartFlow,FinMind_API_TaiwanStockPrice_6763,True,2026-09-29T21:27:50,2026-09-29T21:27:50,2026-09-29T21:27:50
6763,綠界科技,2025-02-18,72.0,-1.0999999999999943,-1.50%,,,,,,,,,ShowDailyK_ChartFlow,FinMind_API_TaiwanStockPrice_6763,True,2026-09-29T21:27:50,2026-09-29T21:27:50,2026-09-29T21:27:50
6763,綠界科技,2025-02-19,73.0,1.0,1.39%,,,,,,,,,ShowDailyK_ChartFlow,FinMind_API_TaiwanStockPrice_6763,True,2026-09-29T21:27:50,2026-09-29T21:27:50,2026-09-29T21:27:50
6763,綠界科技,2025-02-20,74.9,1.9000000000000057,2.60%,,,,,,,,,ShowDailyK_ChartFlow,FinMind_API_TaiwanStockPrice_6763,True,2026-09-29T21:27:50,2026-09-29T21:27:50,2026-09-29T21:27:50
6763,綠界科技,2025-02-21,75.1,0.19999999999998863,0.27%,,,,,,,,,ShowDailyK_ChartFlow,FinMind_API_TaiwanStockPrice_6763,True,2026-09-29T21:27:50,2026-09-29T21:27:50,2026-09-29T21:27:50
6763,綠界科技,2025-02-24,73.8,-1.2999999999999972,-1.73%,,,,,,,,,ShowDailyK_ChartFlow,FinMind_API_TaiwanStockPrice_6763,True,2026-09-29T21:27:50,2026-09-29T21:27:50,2026-09-29T21:27:50
6763,綠界科技,2025-02-25,71.5,-2.299999999999997,-3.12%,,,,,,,,,ShowDailyK_ChartFlow,FinMind_API_TaiwanStockPrice_6763,True,2026-09-29T21:27:50,2026-09-29T21:27:50,2026-09-29T21:27:50
6763,綠界科技,2025-02-26,71.2,-0.29999999999999716,-0.42%,,,,,,,,,ShowDailyK_ChartFlow,FinMind_API_TaiwanStockPrice_6763,True,2026-09-29T21:27:50,2026-09-29T21:27:50,2026-09-29T21:27:50
6763,綠界科技,2025-02-27,69.5,-1.7000000000000028,-2.39%,,,,,,,,,ShowDailyK_ChartFlow,FinMind_API_TaiwanStockPrice_6763,True,2026-09-29T21:27:50,2026-09-29T21:27:50,2026-09-29T21:27:50
6763,綠界科技,2025-03-03,67.8,-1.7000000000000028,-2.45%,,,,,,,,,ShowDailyK_ChartFlow,FinMind_API_TaiwanStockPrice_6763,True,2026-09-29T21:27:50,2026-09-29T21:27:50,2026-09-29T21:27:50
6763,綠界科技,2025-03-04,68.6,0.7999999999999972,1.18%,,,,,,,,,ShowDailyK_ChartFlow,FinMind_API_TaiwanStockPrice_6763,True,2026-09-29T21:27:50,2026-09-29T21:27:50,2026-09-29T21:27:50
6763,綠界科技,2025-03-05,68.4,-0.19999999999998863,-0.29%,,,,,,,,,ShowDailyK_ChartFlow,FinMind_API_TaiwanStockPrice_6763,True,2026-09-29T21:27:50,2026-09-29T21:27:50,2026-09-29T21:27:50
6763,綠界科技,2025-03-06,67.6,-0.8000000000000114,-1.17%,,,,,,,,,ShowDailyK_ChartFlow,FinMind_API_TaiwanStockPrice_6763,True,2026-09-29T21:27:50,2026-09-29T21:27:50,2026-09-29T21:27:50
6763,綠界科技,2025-03-07,66.5,-1.0999999999999943,-1.63%,,,,,,,,,ShowDailyK_ChartFlow,FinMind_API_TaiwanStockPrice_6763,True,2026-09-29T21:27:50,2026-09-29T21:27:50,2026-09-29T21:27:50
6763,綠界科技,2025-03-10,64.8,-1.7000000000000028,-2.56%,,,,,,,,,ShowDailyK_ChartFlow,FinMind_API_TaiwanStockPrice_6763,True,2026-09-29T21:27:50,2026-09-29T21:27:50,2026-09-29T21:27:50
6763,綠界科技,2025-03-11,62.7,-2.0999999999999943,-3.24%,,,,,,,,,ShowDailyK_ChartFlow,FinMind_API_TaiwanStockPrice_6763,True,2026-09-29T21:27:50,2026-09-29T21:27:50,2026-09-29T21:27:50
6763,綠界科技,2025-03-12,63.5,0.7999999999999972,1.28%,,,,,,,,,ShowDailyK_ChartFlow,FinMind_API_TaiwanStockPrice_6763,True,2026-09-29T21:27:50,2026-09-29T21:27:50,2026-09-29T21:27:50
6763,綠界科技,2025-03-13,62.6,-0.8999999999999986,-1.42%,,,,,,,,,ShowDailyK_ChartFlow,FinMind_API_TaiwanStockPrice_6763,True,2026-09-29T21:27:50,2026-09-29T21:27:50,2026-09-29T21:27:50
6763,綠界科技,2025-03-14,62.1,-0.5,-0.80%,,,,,,,,,ShowDailyK_ChartFlow,FinMind_API_TaiwanStockPrice_6763,True,2026-09-29T21:27:50,2026-09-29T21:27:50,2026-09-29T21:27:50
6763,綠界科技,2025-03-17,62.2,0.10000000000000142,0.16%,,,,,,,,,ShowDailyK_ChartFlow,FinMind_API_TaiwanStockPrice_6763,True,2026-09-29T21:27:50,2026-09-29T21:27:50,2026-09-29T21:27:50
6763,綠界科技,2025-03-18,62.1,-0.10000000000000142,-0.16%,,,,,,,,,ShowDailyK_ChartFlow,FinMind_API_TaiwanStockPrice_6763,True,2026-09-29T21:27:50,2026-09-29T21:27:50,2026-09-29T21:27:50
6763,綠界科技,2025-03-19,61.2,-0.8999999999999986,-1.45%,,,,,,,,,ShowDailyK_ChartFlow,FinMind_API_TaiwanStockPrice_6763,True,2026-09-29T21:27:50,2026-09-29T21:27:50,2026-09-29T21:27:50
6763,綠界科技,2025-03-20,62.4,1.1999999999999957,1.96%,,,,,,,,,ShowDailyK_ChartFlow,FinMind_API_TaiwanStockPrice_6763,True,2026-09-29T21:27:50,2026-09-29T21:27:50,2026-09-29T21:27:50
6763,綠界科技,2025-03-21,62.2,-0.19999999999999574,-0.32%,,,,,,,,,ShowDailyK_ChartFlow,FinMind_API_TaiwanStockPrice_6763,True,2026-09-29T21:27:50,2026-09-29T21:27:50,2026-09-29T21:27:50
6763,綠界科技,2025-03-24,62.2,0.0,0.00%,,,,,,,,,ShowDailyK_ChartFlow,FinMind_API_TaiwanStockPrice_6763,True,2026-09-29T21:27:50,2026-09-29T21:27:50,2026-09-29T21:27:50
6763,綠界科技,2025-03-25,61.5,-0.7000000000000028,-1.13%,,,,,,,,,ShowDailyK_ChartFlow,FinMind_API_TaiwanStockPrice_6763,True,2026-09-29T21:27:50,2026-09-29T21:27:50,2026-09-29T21:27:50
6763,綠界科技,2025-03-26,62.3,0.7999999999999972,1.30%,,,,,,,,,ShowDailyK_ChartFlow,FinMind_API_TaiwanStockPrice_6763,True,2026-09-29T21:27:50,2026-09-29T21:27:50,2026-09-29T21:27:50
6763,綠界科技,2025-03-27,61.8,-0.5,-0.80%,,,,,,,,,ShowDailyK_ChartFlow,FinMind_API_TaiwanStockPrice_6763,True,2026-09-29T21:27:50,2026-09-29T21:27:50,2026-09-29T21:27:50
6763,綠界科技,2025-03-28,60.1,-1.6999999999999957,-2.75%,,,,,,,,,ShowDailyK_ChartFlow,FinMind_API_TaiwanStockPrice_6763,True,2026-09-29T21:27:50,2026-09-29T21:27:50,2026-09-29T21:27:50
6763,綠界科技,2025-03-31,56.1,-4.0,-6.66%,,,,,,,,,ShowDailyK_ChartFlow,FinMind_API_TaiwanStockPrice_6763,True,2026-09-29T21:27:50,2026-09-29T21:27:50,2026-09-29T21:27:50
6763,綠界科技,2025-04-01,59.0,2.8999999999999986,5.17%,,,,,,,,,ShowDailyK_ChartFlow,FinMind_API_TaiwanStockPrice_6763,True,2026-09-29T21:27:50,2026-09-29T21:27:50,2026-09-29T21:27:50
6763,綠界科技,2025-04-02,59.6,0.6000000000000014,1.02%,,,,,,,,,ShowDailyK_ChartFlow,FinMind_API_TaiwanStockPrice_6763,True,2026-09-29T21:27:50,2026-09-29T21:27:50,2026-09-29T21:27:50
6763,綠界科技,2025-04-07,53.7,-5.899999999999999,-9.90%,,,,,,,,,ShowDailyK_ChartFlow,FinMind_API_TaiwanStockPrice_6763,True,2026-09-29T21:27:50,2026-09-29T21:27:50,2026-09-29T21:27:50
6763,綠界科技,2025-04-08,50.2,-3.5,-6.52%,,,,,,,,,ShowDailyK_ChartFlow,FinMind_API_TaiwanStockPrice_6763,True,2026-09-29T21:27:50,2026-09-29T21:27:50,2026-09-29T21:27:50
6763,綠界科技,2025-04-09,45.2,-5.0,-9.96%,,,,,,,,,ShowDailyK_ChartFlow,FinMind_API_TaiwanStockPrice_6763,True,2026-09-29T21:27:50,2026-09-29T21:27:50,2026-09-29T21:27:50
6763,綠界科技,2025-04-10,49.7,4.5,9.96%,,,,,,,,,ShowDailyK_ChartFlow,FinMind_API_TaiwanStockPrice_6763,True,2026-09-29T21:27:50,2026-09-29T21:27:50,2026-09-29T21:27:50
6763,綠界科技,2025-04-11,52.3,2.5999999999999943,5.23%,,,,,,,,,ShowDailyK_ChartFlow,FinMind_API_TaiwanStockPrice_6763,True,2026-09-29T21:27:50,2026-09-29T21:27:50,2026-09-29T21:27:50
6763,綠界科技,2025-04-14,53.7,1.4000000000000057,2.68%,,,,,,,,,ShowDailyK_ChartFlow,FinMind_API_TaiwanStockPrice_6763,True,2026-09-29T21:27:50,2026-09-29T21:27:50,2026-09-29T21:27:50
6763,綠界科技,2025-04-15,56.5,2.799999999999997,5.21%,,,,,,,,,ShowDailyK_ChartFlow,FinMind_API_TaiwanStockPrice_6763,True,2026-09-29T21:27:50,2026-09-29T21:27:50,2026-09-29T21:27:50
6763,綠界科技,2025-04-16,55.2,-1.2999999999999972,-2.30%,,,,,,,,,ShowDailyK_ChartFlow,FinMind_API_TaiwanStockPrice_6763,True,2026-09-29T21:27:50,2026-09-29T21:27:50,2026-09-29T21:27:50
6763,綠界科技,2025-04-17,54.6,-0.6000000000000014,-1.09%,,,,,,,,,ShowDailyK_ChartFlow,FinMind_API_TaiwanStockPrice_6763,True,2026-09-29T21:27:50,2026-09-29T21:27:50,2026-09-29T21:27:50
6763,綠界科技,2025-04-18,56.4,1.7999999999999972,3.30%,,,,,,,,,ShowDailyK_ChartFlow,FinMind_API_TaiwanStockPrice_6763,True,2026-09-29T21:27:50,2026-09-29T21:27:50,2026-09-29T21:27:50
6763,綠界科技,2025-04-21,54.1,-2.299999999999997,-4.08%,,,,,,,,,ShowDailyK_ChartFlow,FinMind_API_TaiwanStockPrice_6763,True,2026-09-29T21:27:50,2026-09-29T21:27:50,2026-09-29T21:27:50
6763,綠界科技,2025-04-22,51.7,-2.3999999999999986,-4.44%,,,,,,,,,ShowDailyK_ChartFlow,FinMind_API_TaiwanStockPrice_6763,True,2026-09-29T21:27:50,2026-09-29T21:27:50,2026-09-29T21:27:50
6763,綠界科技,2025-04-23,53.5,1.7999999999999972,3.48%,,,,,,,,,ShowDailyK_ChartFlow,FinMind_API_TaiwanStockPrice_6763,True,2026-09-29T21:27:50,2026-09-29T21:27:50,2026-09-29T21:27:50
6763,綠界科技,2025-04-24,54.2,0.7000000000000028,1.31%,,,,,,,,,ShowDailyK_ChartFlow,FinMind_API_TaiwanStockPrice_6763,True,2026-09-29T21:27:50,2026-09-29T21:27:50,2026-09-29T21:27:50
6763,綠界科技,2025-04-25,54.1,-0.10000000000000142,-0.18%,,,,,,,,,ShowDailyK_ChartFlow,FinMind_API_TaiwanStockPrice_6763,True,2026-09-29T21:27:50,2026-09-29T21:27:50,2026-09-29T21:27:50
6763,綠界科技,2025-04-28,55.2,1.1000000000000014,2.03%,,,,,,,,,ShowDailyK_ChartFlow,FinMind_API_TaiwanStockPrice_6763,True,2026-09-29T21:27:50,2026-09-29T21:27:50,2026-09-29T21:27:50
6763,綠界科技,2025-04-29,57.5,2.299999999999997,4.17%,,,,,,,,,ShowDailyK_ChartFlow,FinMind_API_TaiwanStockPrice_6763,True,2026-09-29T21:27:50,2026-09-29T21:27:50,2026-09-29T21:27:50
6763,綠界科技,2025-04-30,56.6,-0.8999999999999986,-1.57%,,,,,,,,,ShowDailyK_ChartFlow,FinMind_API_TaiwanStockPrice_6763,True,2026-09-29T21:27:50,2026-09-29T21:27:50,2026-09-29T21:27:50
6763,綠界科技,2025-05-02,56.7,0.10000000000000142,0.18%,,,,,,,,,ShowDailyK_ChartFlow,FinMind_API_TaiwanStockPrice_6763,True,2026-09-29T21:27:50,2026-09-29T21:27:50,2026-09-29T21:27:50
6763,綠界科技,2025-05-05,54.3,-2.4000000000000057,-4.23%,,,,,,,,,ShowDailyK_ChartFlow,FinMind_API_TaiwanStockPrice_6763,True,2026-09-29T21:27:50,2026-09-29T21:27:50,2026-09-29T21:27:50
6763,綠界科技,2025-05-06,54.9,0.6000000000000014,1.10%,,,,,,,,,ShowDailyK_ChartFlow,FinMind_API_TaiwanStockPrice_6763,True,2026-09-29T21:27:50,2026-09-29T21:27:50,2026-09-29T21:27:50
6763,綠界科技,2025-05-07,54.5,-0.3999999999999986,-0.73%,,,,,,,,,ShowDailyK_ChartFlow,FinMind_API_TaiwanStockPrice_6763,True,2026-09-29T21:27:50,2026-09-29T21:27:50,2026-09-29T21:27:50
6763,綠界科技,2025-05-08,55.6,1.1000000000000014,2.02%,,,,,,,,,ShowDailyK_ChartFlow,FinMind_API_TaiwanStockPrice_6763,True,2026-09-29T21:27:50,2026-09-29T21:27:50,2026-09-29T21:27:50
6763,綠界科技,2025-05-09,57.2,1.6000000000000014,2.88%,,,,,,,,,ShowDailyK_ChartFlow,FinMind_API_TaiwanStockPrice_6763,True,2026-09-29T21:27:50,2026-09-29T21:27:50,2026-09-29T21:27:50
6763,綠界科技,2025-05-12,57.2,0.0,0.00%,,,,,,,,,ShowDailyK_ChartFlow,FinMind_API_TaiwanStockPrice_6763,True,2026-09-29T21:27:50,2026-09-29T21:27:50,2026-09-29T21:27:50
6763,綠界科技,2025-05-13,57.2,0.0,0.00%,,,,,,,,,ShowDailyK_ChartFlow,FinMind_API_TaiwanStockPrice_6763,True,2026-09-29T21:27:50,2026-09-29T21:27:50,2026-09-29T21:27:50
6763,綠界科技,2025-05-14,58.7,1.5,2.62%,,,,,,,,,ShowDailyK_ChartFlow,FinMind_API_TaiwanStockPrice_6763,True,2026-09-29T21:27:50,2026-09-29T21:27:50,2026-09-29T21:27:50
6763,綠界科技,2025-05-15,57.8,-0.9000000000000057,-1.53%,,,,,,,,,ShowDailyK_ChartFlow,FinMind_API_TaiwanStockPrice_6763,True,2026-09-29T21:27:50,2026-09-29T21:27:50,2026-09-29T21:27:50
6763,綠界科技,2025-05-16,57.6,-0.19999999999999574,-0.35%,,,,,,,,,ShowDailyK_ChartFlow,FinMind_API_TaiwanStockPrice_6763,True,2026-09-29T21:27:50,2026-09-29T21:27:50,2026-09-29T21:27:50
6763,綠界科技,2025-05-19,56.1,-1.5,-2.60%,,,,,,,,,ShowDailyK_ChartFlow,FinMind_API_TaiwanStockPrice_6763,True,2026-09-29T21:27:50,2026-09-29T21:27:50,2026-09-29T21:27:50
6763,綠界科技,2025-05-20,56.0,-0.10000000000000142,-0.18%,,,,,,,,,ShowDailyK_ChartFlow,FinMind_API_TaiwanStockPrice_6763,True,2026-09-29T21:27:50,2026-09-29T21:27:50,2026-09-29T21:27:50
6763,綠界科技,2025-05-21,56.4,0.3999999999999986,0.71%,,,,,,,,,ShowDailyK_ChartFlow,FinMind_API_TaiwanStockPrice_6763,True,2026-09-29T21:27:50,2026-09-29T21:27:50,2026-09-29T21:27:50
6763,綠界科技,2025-05-22,55.5,-0.8999999999999986,-1.60%,,,,,,,,,ShowDailyK_ChartFlow,FinMind_API_TaiwanStockPrice_6763,True,2026-09-29T21:27:50,2026-09-29T21:27:50,2026-09-29T21:27:50
6763,綠界科技,2025-05-23,55.8,0.29999999999999716,0.54%,,,,,,,,,ShowDailyK_ChartFlow,FinMind_API_TaiwanStockPrice_6763,True,2026-09-29T21:27:50,2026-09-29T21:27:50,2026-09-29T21:27:50
6763,綠界科技,2025-05-26,54.6,-1.1999999999999957,-2.15%,,,,,,,,,ShowDailyK_ChartFlow,FinMind_API_TaiwanStockPrice_6763,True,2026-09-29T21:27:50,2026-09-29T21:27:50,2026-09-29T21:27:50
6763,綠界科技,2025-05-27,54.5,-0.10000000000000142,-0.18%,,,,,,,,,ShowDailyK_ChartFlow,FinMind_API_TaiwanStockPrice_6763,True,2026-09-29T21:27:50,2026-09-29T21:27:50,2026-09-29T21:27:50
6763,綠界科技,2025-05-28,54.0,-0.5,-0.92%,,,,,,,,,ShowDailyK_ChartFlow,FinMind_API_TaiwanStockPrice_6763,True,2026-09-29T21:27:50,2026-09-29T21:27:50,2026-09-29T21:27:50
6763,綠界科技,2025-05-29,53.6,-0.3999999999999986,-0.74%,,,,,,,,,ShowDailyK_ChartFlow,FinMind_API_TaiwanStockPrice_6763,True,2026-09-29T21:27:50,2026-09-29T21:27:50,2026-09-29T21:27:50
6763,綠界科技,2025-06-02,52.4,-1.2000000000000028,-2.24%,,,,,,,,,ShowDailyK_ChartFlow,FinMind_API_TaiwanStockPrice_6763,True,2026-09-29T21:27:50,2026-09-29T21:27:50,2026-09-29T21:27:50
6763,綠界科技,2025-06-03,52.3,-0.10000000000000142,-0.19%,,,,,,,,,ShowDailyK_ChartFlow,FinMind_API_TaiwanStockPrice_6763,True,2026-09-29T21:27:50,2026-09-29T21:27:50,2026-09-29T21:27:50
6763,綠界科技,2025-06-04,53.0,0.7000000000000028,1.34%,,,,,,,,,ShowDailyK_ChartFlow,FinMind_API_TaiwanStockPrice_6763,True,2026-09-29T21:27:50,2026-09-29T21:27:50,2026-09-29T21:27:50
6763,綠界科技,2025-06-05,52.6,-0.3999999999999986,-0.75%,,,,,,,,,ShowDailyK_ChartFlow,FinMind_API_TaiwanStockPrice_6763,True,2026-09-29T21:27:50,2026-09-29T21:27:50,2026-09-29T21:27:50
6763,綠界科技,2025-06-06,52.8,0.19999999999999574,0.38%,,,,,,,,,ShowDailyK_ChartFlow,FinMind_API_TaiwanStockPrice_6763,True,2026-09-29T21:27:50,2026-09-29T21:27:50,2026-09-29T21:27:50
6763,綠界科技,2025-06-09,52.5,-0.29999999999999716,-0.57%,,,,,,,,,ShowDailyK_ChartFlow,FinMind_API_TaiwanStockPrice_6763,True,2026-09-29T21:27:50,2026-09-29T21:27:50,2026-09-29T21:27:50
6763,綠界科技,2025-06-10,52.9,0.3999999999999986,0.76%,,,,,,,,,ShowDailyK_ChartFlow,FinMind_API_TaiwanStockPrice_6763,True,2026-09-29T21:27:50,2026-09-29T21:27:50,2026-09-29T21:27:50
6763,綠界科技,2025-06-11,53.5,0.6000000000000014,1.13%,,,,,,,,,ShowDailyK_ChartFlow,FinMind_API_TaiwanStockPrice_6763,True,2026-09-29T21:27:50,2026-09-29T21:27:50,2026-09-29T21:27:50
6763,綠界科技,2025-06-12,54.3,0.7999999999999972,1.50%,,,,,,,,,ShowDailyK_ChartFlow,FinMind_API_TaiwanStockPrice_6763,True,2026-09-29T21:27:50,2026-09-29T21:27:50,2026-09-29T21:27:50
6763,綠界科技,2025-06-13,52.2,-2.0999999999999943,-3.87%,,,,,,,,,ShowDailyK_ChartFlow,FinMind_API_TaiwanStockPrice_6763,True,2026-09-29T21:27:50,2026-09-29T21:27:50,2026-09-29T21:27:50
6763,綠界科技,2025-06-16,51.5,-0.7000000000000028,-1.34%,,,,,,,,,ShowDailyK_ChartFlow,FinMind_API_TaiwanStockPrice_6763,True,2026-09-29T21:27:50,2026-09-29T21:27:50,2026-09-29T21:27:50
6763,綠界科技,2025-06-17,53.2,1.7000000000000028,3.30%,,,,,,,,,ShowDailyK_ChartFlow,FinMind_API_TaiwanStockPrice_6763,True,2026-09-29T21:27:50,2026-09-29T21:27:50,2026-09-29T21:27:50
6763,綠界科技,2025-06-18,58.5,5.299999999999997,9.96%,,,,,,,,,ShowDailyK_ChartFlow,FinMind_API_TaiwanStockPrice_6763,True,2026-09-29T21:27:50,2026-09-29T21:27:50,2026-09-29T21:27:50
6763,綠界科技,2025-06-19,60.7,2.200000000000003,3.76%,,,,,,,,,ShowDailyK_ChartFlow,FinMind_API_TaiwanStockPrice_6763,True,2026-09-29T21:27:50,2026-09-29T21:27:50,2026-09-29T21:27:50
6763,綠界科技,2025-06-20,58.4,-2.3000000000000043,-3.79%,,,,,,,,,ShowDailyK_ChartFlow,FinMind_API_TaiwanStockPrice_6763,True,2026-09-29T21:27:50,2026-09-29T21:27:50,2026-09-29T21:27:50
6763,綠界科技,2025-06-23,55.8,-2.6000000000000014,-4.45%,,,,,,,,,ShowDailyK_ChartFlow,FinMind_API_TaiwanStockPrice_6763,True,2026-09-29T21:27:50,2026-09-29T21:27:50,2026-09-29T21:27:50
6763,綠界科技,2025-06-24,56.3,0.5,0.90%,,,,,,,,,ShowDailyK_ChartFlow,FinMind_API_TaiwanStockPrice_6763,True,2026-09-29T21:27:50,2026-09-29T21:27:50,2026-09-29T21:27:50
6763,綠界科技,2025-06-25,56.6,0.30000000000000426,0.53%,,,,,,,,,ShowDailyK_ChartFlow,FinMind_API_TaiwanStockPrice_6763,True,2026-09-29T21:27:50,2026-09-29T21:27:50,2026-09-29T21:27:50
6763,綠界科技,2025-06-26,58.5,1.8999999999999986,3.36%,,,,,,,,,ShowDailyK_ChartFlow,FinMind_API_TaiwanStockPrice_6763,True,2026-09-29T21:27:50,2026-09-29T21:27:50,2026-09-29T21:27:50
6763,綠界科技,2025-06-27,64.3,5.799999999999997,9.91%,,,,,,,,,ShowDailyK_ChartFlow,FinMind_API_TaiwanStockPrice_6763,True,2026-09-29T21:27:50,2026-09-29T21:27:50,2026-09-29T21:27:50
6763,綠界科技,2025-06-30,65.9,1.6000000000000085,2.49%,,,,,,,,,ShowDailyK_ChartFlow,FinMind_API_TaiwanStockPrice_6763,True,2026-09-29T21:27:50,2026-09-29T21:27:50,2026-09-29T21:27:50
6763,綠界科技,2025-07-01,63.3,-2.6000000000000085,-3.95%,,,,,,,,,ShowDailyK_ChartFlow,FinMind_API_TaiwanStockPrice_6763,True,2026-09-29T21:27:50,2026-09-29T21:27:50,2026-09-29T21:27:50
6763,綠界科技,2025-07-02,67.9,4.6000000000000085,7.27%,,,,,,,,,ShowDailyK_ChartFlow,FinMind_API_TaiwanStockPrice_6763,True,2026-09-29T21:27:50,2026-09-29T21:27:50,2026-09-29T21:27:50
6763,綠界科技,2025-07-03,67.9,0.0,0.00%,,,,,,,,,ShowDailyK_ChartFlow,FinMind_API_TaiwanStockPrice_6763,True,2026-09-29T21:27:50,2026-09-29T21:27:50,2026-09-29T21:27:50
6763,綠界科技,2025-07-04,65.2,-2.700000000000003,-3.98%,,,,,,,,,ShowDailyK_ChartFlow,FinMind_API_TaiwanStockPrice_6763,True,2026-09-29T21:27:50,2026-09-29T21:27:50,2026-09-29T21:27:50
6763,綠界科技,2025-07-07,62.2,-3.0,-4.60%,,,,,,,,,ShowDailyK_ChartFlow,FinMind_API_TaiwanStockPrice_6763,True,2026-09-29T21:27:50,2026-09-29T21:27:50,2026-09-29T21:27:50
6763,綠界科技,2025-07-08,61.8,-0.4000000000000057,-0.64%,,,,,,,,,ShowDailyK_ChartFlow,FinMind_API_TaiwanStockPrice_6763,True,2026-09-29T21:27:50,2026-09-29T21:27:50,2026-09-29T21:27:50
6763,綠界科技,2025-07-09,61.0,-0.7999999999999972,-1.29%,,,,,,,,,ShowDailyK_ChartFlow,FinMind_API_TaiwanStockPrice_6763,True,2026-09-29T21:27:50,2026-09-29T21:27:50,2026-09-29T21:27:50
6763,綠界科技,2025-07-10,62.3,1.2999999999999972,2.13%,,,,,,,,,ShowDailyK_ChartFlow,FinMind_API_TaiwanStockPrice_6763,True,2026-09-29T21:27:50,2026-09-29T21:27:50,2026-09-29T21:27:50
6763,綠界科技,2025-07-11,62.3,0.0,0.00%,,,,,,,,,ShowDailyK_ChartFlow,FinMind_API_TaiwanStockPrice_6763,True,2026-09-29T21:27:50,2026-09-29T21:27:50,2026-09-29T21:27:50
6763,綠界科技,2025-07-14,66.3,4.0,6.42%,,,,,,,,,ShowDailyK_ChartFlow,FinMind_API_TaiwanStockPrice_6763,True,2026-09-29T21:27:50,2026-09-29T21:27:50,2026-09-29T21:27:50
6763,綠界科技,2025-07-15,65.6,-0.7000000000000028,-1.06%,,,,,,,,,ShowDailyK_ChartFlow,FinMind_API_TaiwanStockPrice_6763,True,2026-09-29T21:27:50,2026-09-29T21:27:50,2026-09-29T21:27:50
6763,綠界科技,2025-07-16,65.3,-0.29999999999999716,-0.46%,,,,,,,,,ShowDailyK_ChartFlow,FinMind_API_TaiwanStockPrice_6763,True,2026-09-29T21:27:50,2026-09-29T21:27:50,2026-09-29T21:27:50
6763,綠界科技,2025-07-17,66.5,1.2000000000000028,1.84%,,,,,,,,,ShowDailyK_ChartFlow,FinMind_API_TaiwanStockPrice_6763,True,2026-09-29T21:27:50,2026-09-29T21:27:50,2026-09-29T21:27:50
6763,綠界科技,2025-07-18,65.0,-1.5,-2.26%,,,,,,,,,ShowDailyK_ChartFlow,FinMind_API_TaiwanStockPrice_6763,True,2026-09-29T21:27:50,2026-09-29T21:27:50,2026-09-29T21:27:50
6763,綠界科技,2025-07-21,63.5,-1.5,-2.31%,,,,,,,,,ShowDailyK_ChartFlow,FinMind_API_TaiwanStockPrice_6763,True,2026-09-29T21:27:50,2026-09-29T21:27:50,2026-09-29T21:27:50
6763,綠界科技,2025-07-22,61.0,-2.5,-3.94%,,,,,,,,,ShowDailyK_ChartFlow,FinMind_API_TaiwanStockPrice_6763,True,2026-09-29T21:27:50,2026-09-29T21:27:50,2026-09-29T21:27:50
6763,綠界科技,2025-07-23,62.5,1.5,2.46%,,,,,,,,,ShowDailyK_ChartFlow,FinMind_API_TaiwanStockPrice_6763,True,2026-09-29T21:27:50,2026-09-29T21:27:50,2026-09-29T21:27:50
6763,綠界科技,2025-07-24,62.6,0.10000000000000142,0.16%,,,,,,,,,ShowDailyK_ChartFlow,FinMind_API_TaiwanStockPrice_6763,True,2026-09-29T21:27:50,2026-09-29T21:27:50,2026-09-29T21:27:50
6763,綠界科技,2025-07-25,62.0,-0.6000000000000014,-0.96%,,,,,,,,,ShowDailyK_ChartFlow,FinMind_API_TaiwanStockPrice_6763,True,2026-09-29T21:27:50,2026-09-29T21:27:50,2026-09-29T21:27:50
6763,綠界科技,2025-07-28,62.0,0.0,0.00%,,,,,,,,,ShowDailyK_ChartFlow,FinMind_API_TaiwanStockPrice_6763,True,2026-09-29T21:27:50,2026-09-29T21:27:50,2026-09-29T21:27:50
6763,綠界科技,2025-07-29,60.9,-1.1000000000000014,-1.77%,,,,,,,,,ShowDailyK_ChartFlow,FinMind_API_TaiwanStockPrice_6763,True,2026-09-29T21:27:50,2026-09-29T21:27:50,2026-09-29T21:27:50
6763,綠界科技,2025-07-30,60.5,-0.3999999999999986,-0.66%,,,,,,,,,ShowDailyK_ChartFlow,FinMind_API_TaiwanStockPrice_6763,True,2026-09-29T21:27:50,2026-09-29T21:27:50,2026-09-29T21:27:50
6763,綠界科技,2025-07-31,60.4,-0.10000000000000142,-0.17%,,,,,,,,,ShowDailyK_ChartFlow,FinMind_API_TaiwanStockPrice_6763,True,2026-09-29T21:27:50,2026-09-29T21:27:50,2026-09-29T21:27:50
6763,綠界科技,2025-08-01,61.6,1.2000000000000028,1.99%,,,,,,,,,ShowDailyK_ChartFlow,FinMind_API_TaiwanStockPrice_6763,True,2026-09-29T21:27:50,2026-09-29T21:27:50,2026-09-29T21:27:50
6763,綠界科技,2025-08-04,62.7,1.1000000000000014,1.79%,,,,,,,,,ShowDailyK_ChartFlow,FinMind_API_TaiwanStockPrice_6763,True,2026-09-29T21:27:50,2026-09-29T21:27:50,2026-09-29T21:27:50
6763,綠界科技,2025-08-05,63.4,0.6999999999999957,1.12%,,,,,,,,,ShowDailyK_ChartFlow,FinMind_API_TaiwanStockPrice_6763,True,2026-09-29T21:27:50,2026-09-29T21:27:50,2026-09-29T21:27:50
6763,綠界科技,2025-08-06,62.4,-1.0,-1.58%,,,,,,,,,ShowDailyK_ChartFlow,FinMind_API_TaiwanStockPrice_6763,True,2026-09-29T21:27:50,2026-09-29T21:27:50,2026-09-29T21:27:50
6763,綠界科技,2025-08-07,62.7,0.30000000000000426,0.48%,,,,,,,,,ShowDailyK_ChartFlow,FinMind_API_TaiwanStockPrice_6763,True,2026-09-29T21:27:50,2026-09-29T21:27:50,2026-09-29T21:27:50
6763,綠界科技,2025-08-08,62.1,-0.6000000000000014,-0.96%,,,,,,,,,ShowDailyK_ChartFlow,FinMind_API_TaiwanStockPrice_6763,True,2026-09-29T21:27:50,2026-09-29T21:27:50,2026-09-29T21:27:50
6763,綠界科技,2025-08-11,60.9,-1.2000000000000028,-1.93%,,,,,,,,,ShowDailyK_ChartFlow,FinMind_API_TaiwanStockPrice_6763,True,2026-09-29T21:27:50,2026-09-29T21:27:50,2026-09-29T21:27:50
6763,綠界科技,2025-08-12,60.7,-0.19999999999999574,-0.33%,,,,,,,,,ShowDailyK_ChartFlow,FinMind_API_TaiwanStockPrice_6763,True,2026-09-29T21:27:50,2026-09-29T21:27:50,2026-09-29T21:27:50
6763,綠界科技,2025-08-13,61.1,0.3999999999999986,0.66%,,,,,,,,,ShowDailyK_ChartFlow,FinMind_API_TaiwanStockPrice_6763,True,2026-09-29T21:27:50,2026-09-29T21:27:50,2026-09-29T21:27:50
6763,綠界科技,2025-08-14,60.9,-0.20000000000000284,-0.33%,,,,,,,,,ShowDailyK_ChartFlow,FinMind_API_TaiwanStockPrice_6763,True,2026-09-29T21:27:50,2026-09-29T21:27:50,2026-09-29T21:27:50
6763,綠界科技,2025-08-15,60.3,-0.6000000000000014,-0.99%,,,,,,,,,ShowDailyK_ChartFlow,FinMind_API_TaiwanStockPrice_6763,True,2026-09-29T21:27:50,2026-09-29T21:27:50,2026-09-29T21:27:50
6763,綠界科技,2025-08-18,60.5,0.20000000000000284,0.33%,,,,,,,,,ShowDailyK_ChartFlow,FinMind_API_TaiwanStockPrice_6763,True,2026-09-29T21:27:50,2026-09-29T21:27:50,2026-09-29T21:27:50
6763,綠界科技,2025-08-19,60.0,-0.5,-0.83%,,,,,,,,,ShowDailyK_ChartFlow,FinMind_API_TaiwanStockPrice_6763,True,2026-09-29T21:27:50,2026-09-29T21:27:50,2026-09-29T21:27:50
6763,綠界科技,2025-08-20,58.6,-1.3999999999999986,-2.33%,,,,,,,,,ShowDailyK_ChartFlow,FinMind_API_TaiwanStockPrice_6763,True,2026-09-29T21:27:50,2026-09-29T21:27:50,2026-09-29T21:27:50
6763,綠界科技,2025-08-21,59.6,1.0,1.71%,,,,,,,,,ShowDailyK_ChartFlow,FinMind_API_TaiwanStockPrice_6763,True,2026-09-29T21:27:50,2026-09-29T21:27:50,2026-09-29T21:27:50
6763,綠界科技,2025-08-22,60.4,0.7999999999999972,1.34%,,,,,,,,,ShowDailyK_ChartFlow,FinMind_API_TaiwanStockPrice_6763,True,2026-09-29T21:27:50,2026-09-29T21:27:50,2026-09-29T21:27:50
6763,綠界科技,2025-08-25,61.1,0.7000000000000028,1.16%,,,,,,,,,ShowDailyK_ChartFlow,FinMind_API_TaiwanStockPrice_6763,True,2026-09-29T21:27:50,2026-09-29T21:27:50,2026-09-29T21:27:50
6763,綠界科技,2025-08-26,60.5,-0.6000000000000014,-0.98%,,,,,,,,,ShowDailyK_ChartFlow,FinMind_API_TaiwanStockPrice_6763,True,2026-09-29T21:27:50,2026-09-29T21:27:50,2026-09-29T21:27:50
6763,綠界科技,2025-08-27,60.9,0.3999999999999986,0.66%,,,,,,,,,ShowDailyK_ChartFlow,FinMind_API_TaiwanStockPrice_6763,True,2026-09-29T21:27:50,2026-09-29T21:27:50,2026-09-29T21:27:50
6763,綠界科技,2025-08-28,62.7,1.8000000000000043,2.96%,,,,,,,,,ShowDailyK_ChartFlow,FinMind_API_TaiwanStockPrice_6763,True,2026-09-29T21:27:50,2026-09-29T21:27:50,2026-09-29T21:27:50
6763,綠界科技,2025-08-29,61.1,-1.6000000000000014,-2.55%,,,,,,,,,ShowDailyK_ChartFlow,FinMind_API_TaiwanStockPrice_6763,True,2026-09-29T21:27:50,2026-09-29T21:27:50,2026-09-29T21:27:50
6763,綠界科技,2025-09-01,59.3,-1.8000000000000043,-2.95%,,,,,,,,,ShowDailyK_ChartFlow,FinMind_API_TaiwanStockPrice_6763,True,2026-09-29T21:27:50,2026-09-29T21:27:50,2026-09-29T21:27:50
6763,綠界科技,2025-09-02,58.4,-0.8999999999999986,-1.52%,,,,,,,,,ShowDailyK_ChartFlow,FinMind_API_TaiwanStockPrice_6763,True,2026-09-29T21:27:50,2026-09-29T21:27:50,2026-09-29T21:27:50
6763,綠界科技,2025-09-03,58.6,0.20000000000000284,0.34%,,,,,,,,,ShowDailyK_ChartFlow,FinMind_API_TaiwanStockPrice_6763,True,2026-09-29T21:27:50,2026-09-29T21:27:50,2026-09-29T21:27:50
6763,綠界科技,2025-09-04,58.9,0.29999999999999716,0.51%,,,,,,,,,ShowDailyK_ChartFlow,FinMind_API_TaiwanStockPrice_6763,True,2026-09-29T21:27:50,2026-09-29T21:27:50,2026-09-29T21:27:50
6763,綠界科技,2025-09-05,59.3,0.3999999999999986,0.68%,,,,,,,,,ShowDailyK_ChartFlow,FinMind_API_TaiwanStockPrice_6763,True,2026-09-29T21:27:50,2026-09-29T21:27:50,2026-09-29T21:27:50
6763,綠界科技,2025-09-08,59.5,0.20000000000000284,0.34%,,,,,,,,,ShowDailyK_ChartFlow,FinMind_API_TaiwanStockPrice_6763,True,2026-09-29T21:27:50,2026-09-29T21:27:50,2026-09-29T21:27:50
6763,綠界科技,2025-09-09,59.0,-0.5,-0.84%,,,,,,,,,ShowDailyK_ChartFlow,FinMind_API_TaiwanStockPrice_6763,True,2026-09-29T21:27:50,2026-09-29T21:27:50,2026-09-29T21:27:50
6763,綠界科技,2025-09-10,60.5,1.5,2.54%,,,,,,,,,ShowDailyK_ChartFlow,FinMind_API_TaiwanStockPrice_6763,True,2026-09-29T21:27:50,2026-09-29T21:27:50,2026-09-29T21:27:50
6763,綠界科技,2025-09-11,58.7,-1.7999999999999972,-2.98%,,,,,,,,,ShowDailyK_ChartFlow,FinMind_API_TaiwanStockPrice_6763,True,2026-09-29T21:27:50,2026-09-29T21:27:50,2026-09-29T21:27:50
6763,綠界科技,2025-09-12,58.5,-0.20000000000000284,-0.34%,,,,,,,,,ShowDailyK_ChartFlow,FinMind_API_TaiwanStockPrice_6763,True,2026-09-29T21:27:50,2026-09-29T21:27:50,2026-09-29T21:27:50
6763,綠界科技,2025-09-15,57.4,-1.1000000000000014,-1.88%,,,,,,,,,ShowDailyK_ChartFlow,FinMind_API_TaiwanStockPrice_6763,True,2026-09-29T21:27:50,2026-09-29T21:27:50,2026-09-29T21:27:50
6763,綠界科技,2025-09-16,57.8,0.3999999999999986,0.70%,,,,,,,,,ShowDailyK_ChartFlow,FinMind_API_TaiwanStockPrice_6763,True,2026-09-29T21:27:50,2026-09-29T21:27:50,2026-09-29T21:27:50
6763,綠界科技,2025-09-17,57.8,0.0,0.00%,,,,,,,,,ShowDailyK_ChartFlow,FinMind_API_TaiwanStockPrice_6763,True,2026-09-29T21:27:50,2026-09-29T21:27:50,2026-09-29T21:27:50
6763,綠界科技,2025-09-18,57.9,0.10000000000000142,0.17%,,,,,,,,,ShowDailyK_ChartFlow,FinMind_API_TaiwanStockPrice_6763,True,2026-09-29T21:27:50,2026-09-29T21:27:50,2026-09-29T21:27:50
6763,綠界科技,2025-09-19,57.9,0.0,0.00%,,,,,,,,,ShowDailyK_ChartFlow,FinMind_API_TaiwanStockPrice_6763,True,2026-09-29T21:27:50,2026-09-29T21:27:50,2026-09-29T21:27:50
6763,綠界科技,2025-09-22,57.3,-0.6000000000000014,-1.04%,,,,,,,,,ShowDailyK_ChartFlow,FinMind_API_TaiwanStockPrice_6763,True,2026-09-29T21:27:50,2026-09-29T21:27:50,2026-09-29T21:27:50
6763,綠界科技,2025-09-23,57.4,0.10000000000000142,0.17%,,,,,,,,,ShowDailyK_ChartFlow,FinMind_API_TaiwanStockPrice_6763,True,2026-09-29T21:27:50,2026-09-29T21:27:50,2026-09-29T21:27:50
6763,綠界科技,2025-09-24,57.5,0.10000000000000142,0.17%,,,,,,,,,ShowDailyK_ChartFlow,FinMind_API_TaiwanStockPrice_6763,True,2026-09-29T21:27:50,2026-09-29T21:27:50,2026-09-29T21:27:50
6763,綠界科技,2025-09-25,57.8,0.29999999999999716,0.52%,,,,,,,,,ShowDailyK_ChartFlow,FinMind_API_TaiwanStockPrice_6763,True,2026-09-29T21:27:50,2026-09-29T21:27:50,2026-09-29T21:27:50
6763,綠界科技,2025-09-26,56.9,-0.8999999999999986,-1.56%,,,,,,,,,ShowDailyK_ChartFlow,FinMind_API_TaiwanStockPrice_6763,True,2026-09-29T21:27:50,2026-09-29T21:27:50,2026-09-29T21:27:50
6763,綠界科技,2025-09-30,57.8,0.8999999999999986,1.58%,,,,,,,,,ShowDailyK_ChartFlow,FinMind_API_TaiwanStockPrice_6763,True,2026-09-29T21:27:50,2026-09-29T21:27:50,2026-09-29T21:27:50
6763,綠界科技,2025-10-01,57.6,-0.19999999999999574,-0.35%,,,,,,,,,ShowDailyK_ChartFlow,FinMind_API_TaiwanStockPrice_6763,True,2026-09-29T21:27:50,2026-09-29T21:27:50,2026-09-29T21:27:50
6763,綠界科技,2025-10-02,58.7,1.1000000000000014,1.91%,,,,,,,,,ShowDailyK_ChartFlow,FinMind_API_TaiwanStockPrice_6763,True,2026-09-29T21:27:50,2026-09-29T21:27:50,2026-09-29T21:27:50
6763,綠界科技,2025-10-03,58.6,-0.10000000000000142,-0.17%,,,,,,,,,ShowDailyK_ChartFlow,FinMind_API_TaiwanStockPrice_6763,True,2026-09-29T21:27:50,2026-09-29T21:27:50,2026-09-29T21:27:50
6763,綠界科技,2025-10-07,59.2,0.6000000000000014,1.02%,,,,,,,,,ShowDailyK_ChartFlow,FinMind_API_TaiwanStockPrice_6763,True,2026-09-29T21:27:50,2026-09-29T21:27:50,2026-09-29T21:27:50
6763,綠界科技,2025-10-08,60.9,1.6999999999999957,2.87%,,,,,,,,,ShowDailyK_ChartFlow,FinMind_API_TaiwanStockPrice_6763,True,2026-09-29T21:27:50,2026-09-29T21:27:50,2026-09-29T21:27:50
6763,綠界科技,2025-10-09,63.3,2.3999999999999986,3.94%,,,,,,,,,ShowDailyK_ChartFlow,FinMind_API_TaiwanStockPrice_6763,True,2026-09-29T21:27:50,2026-09-29T21:27:50,2026-09-29T21:27:50
6763,綠界科技,2025-10-13,62.4,-0.8999999999999986,-1.42%,,,,,,,,,ShowDailyK_ChartFlow,FinMind_API_TaiwanStockPrice_6763,True,2026-09-29T21:27:50,2026-09-29T21:27:50,2026-09-29T21:27:50
6763,綠界科技,2025-10-14,61.0,-1.3999999999999986,-2.24%,,,,,,,,,ShowDailyK_ChartFlow,FinMind_API_TaiwanStockPrice_6763,True,2026-09-29T21:27:50,2026-09-29T21:27:50,2026-09-29T21:27:50
6763,綠界科技,2025-10-15,61.1,0.10000000000000142,0.16%,,,,,,,,,ShowDailyK_ChartFlow,FinMind_API_TaiwanStockPrice_6763,True,2026-09-29T21:27:50,2026-09-29T21:27:50,2026-09-29T21:27:50
6763,綠界科技,2025-10-16,61.1,0.0,0.00%,,,,,,,,,ShowDailyK_ChartFlow,FinMind_API_TaiwanStockPrice_6763,True,2026-09-29T21:27:50,2026-09-29T21:27:50,2026-09-29T21:27:50
6763,綠界科技,2025-10-17,62.7,1.6000000000000014,2.62%,,,,,,,,,ShowDailyK_ChartFlow,FinMind_API_TaiwanStockPrice_6763,True,2026-09-29T21:27:50,2026-09-29T21:27:50,2026-09-29T21:27:50
6763,綠界科技,2025-10-20,61.9,-0.8000000000000043,-1.28%,,,,,,,,,ShowDailyK_ChartFlow,FinMind_API_TaiwanStockPrice_6763,True,2026-09-29T21:27:50,2026-09-29T21:27:50,2026-09-29T21:27:50
6763,綠界科技,2025-10-21,62.4,0.5,0.81%,,,,,,,,,ShowDailyK_ChartFlow,FinMind_API_TaiwanStockPrice_6763,True,2026-09-29T21:27:50,2026-09-29T21:27:50,2026-09-29T21:27:50
6763,綠界科技,2025-10-22,63.2,0.8000000000000043,1.28%,,,,,,,,,ShowDailyK_ChartFlow,FinMind_API_TaiwanStockPrice_6763,True,2026-09-29T21:27:50,2026-09-29T21:27:50,2026-09-29T21:27:50
6763,綠界科技,2025-10-23,62.4,-0.8000000000000043,-1.27%,,,,,,,,,ShowDailyK_ChartFlow,FinMind_API_TaiwanStockPrice_6763,True,2026-09-29T21:27:50,2026-09-29T21:27:50,2026-09-29T21:27:50
6763,綠界科技,2025-10-27,61.0,-1.3999999999999986,-2.24%,,,,,,,,,ShowDailyK_ChartFlow,FinMind_API_TaiwanStockPrice_6763,True,2026-09-29T21:27:50,2026-09-29T21:27:50,2026-09-29T21:27:50
6763,綠界科技,2025-10-28,60.5,-0.5,-0.82%,,,,,,,,,ShowDailyK_ChartFlow,FinMind_API_TaiwanStockPrice_6763,True,2026-09-29T21:27:50,2026-09-29T21:27:50,2026-09-29T21:27:50
6763,綠界科技,2025-10-29,60.2,-0.29999999999999716,-0.50%,,,,,,,,,ShowDailyK_ChartFlow,FinMind_API_TaiwanStockPrice_6763,True,2026-09-29T21:27:50,2026-09-29T21:27:50,2026-09-29T21:27:50
6763,綠界科技,2025-10-30,59.4,-0.8000000000000043,-1.33%,,,,,,,,,ShowDailyK_ChartFlow,FinMind_API_TaiwanStockPrice_6763,True,2026-09-29T21:27:50,2026-09-29T21:27:50,2026-09-29T21:27:50
6763,綠界科技,2025-10-31,59.6,0.20000000000000284,0.34%,,,,,,,,,ShowDailyK_ChartFlow,FinMind_API_TaiwanStockPrice_6763,True,2026-09-29T21:27:50,2026-09-29T21:27:50,2026-09-29T21:27:50
6763,綠界科技,2025-11-03,59.7,0.10000000000000142,0.17%,,,,,,,,,ShowDailyK_ChartFlow,FinMind_API_TaiwanStockPrice_6763,True,2026-09-29T21:27:50,2026-09-29T21:27:50,2026-09-29T21:27:50
6763,綠界科技,2025-11-04,65.6,5.8999999999999915,9.88%,,,,,,,,,ShowDailyK_ChartFlow,FinMind_API_TaiwanStockPrice_6763,True,2026-09-29T21:27:50,2026-09-29T21:27:50,2026-09-29T21:27:50
6763,綠界科技,2025-11-05,66.1,0.5,0.76%,,,,,,,,,ShowDailyK_ChartFlow,FinMind_API_TaiwanStockPrice_6763,True,2026-09-29T21:27:50,2026-09-29T21:27:50,2026-09-29T21:27:50
6763,綠界科技,2025-11-06,67.9,1.8000000000000114,2.72%,,,,,,,,,ShowDailyK_ChartFlow,FinMind_API_TaiwanStockPrice_6763,True,2026-09-29T21:27:50,2026-09-29T21:27:50,2026-09-29T21:27:50
6763,綠界科技,2025-11-07,65.1,-2.8000000000000114,-4.12%,,,,,,,,,ShowDailyK_ChartFlow,FinMind_API_TaiwanStockPrice_6763,True,2026-09-29T21:27:50,2026-09-29T21:27:50,2026-09-29T21:27:50
6763,綠界科技,2025-11-10,61.6,-3.499999999999993,-5.38%,,,,,,,,,ShowDailyK_ChartFlow,FinMind_API_TaiwanStockPrice_6763,True,2026-09-29T21:27:50,2026-09-29T21:27:50,2026-09-29T21:27:50
6763,綠界科技,2025-11-11,60.5,-1.1000000000000014,-1.79%,,,,,,,,,ShowDailyK_ChartFlow,FinMind_API_TaiwanStockPrice_6763,True,2026-09-29T21:27:50,2026-09-29T21:27:50,2026-09-29T21:27:50
6763,綠界科技,2025-11-12,62.7,2.200000000000003,3.64%,,,,,,,,,ShowDailyK_ChartFlow,FinMind_API_TaiwanStockPrice_6763,True,2026-09-29T21:27:50,2026-09-29T21:27:50,2026-09-29T21:27:50
6763,綠界科技,2025-11-13,63.7,1.0,1.59%,,,,,,,,,ShowDailyK_ChartFlow,FinMind_API_TaiwanStockPrice_6763,True,2026-09-29T21:27:50,2026-09-29T21:27:50,2026-09-29T21:27:50
6763,綠界科技,2025-11-14,61.0,-2.700000000000003,-4.24%,,,,,,,,,ShowDailyK_ChartFlow,FinMind_API_TaiwanStockPrice_6763,True,2026-09-29T21:27:50,2026-09-29T21:27:50,2026-09-29T21:27:50
6763,綠界科技,2025-11-17,59.6,-1.3999999999999986,-2.30%,,,,,,,,,ShowDailyK_ChartFlow,FinMind_API_TaiwanStockPrice_6763,True,2026-09-29T21:27:50,2026-09-29T21:27:50,2026-09-29T21:27:50
6763,綠界科技,2025-11-18,57.6,-2.0,-3.36%,,,,,,,,,ShowDailyK_ChartFlow,FinMind_API_TaiwanStockPrice_6763,True,2026-09-29T21:27:50,2026-09-29T21:27:50,2026-09-29T21:27:50
6763,綠界科技,2025-11-19,57.7,0.10000000000000142,0.17%,,,,,,,,,ShowDailyK_ChartFlow,FinMind_API_TaiwanStockPrice_6763,True,2026-09-29T21:27:50,2026-09-29T21:27:50,2026-09-29T21:27:50
6763,綠界科技,2025-11-20,57.9,0.19999999999999574,0.35%,,,,,,,,,ShowDailyK_ChartFlow,FinMind_API_TaiwanStockPrice_6763,True,2026-09-29T21:27:50,2026-09-29T21:27:50,2026-09-29T21:27:50
6763,綠界科技,2025-11-21,56.2,-1.6999999999999957,-2.94%,,,,,,,,,ShowDailyK_ChartFlow,FinMind_API_TaiwanStockPrice_6763,True,2026-09-29T21:27:50,2026-09-29T21:27:50,2026-09-29T21:27:50
6763,綠界科技,2025-11-24,56.4,0.19999999999999574,0.36%,,,,,,,,,ShowDailyK_ChartFlow,FinMind_API_TaiwanStockPrice_6763,True,2026-09-29T21:27:50,2026-09-29T21:27:50,2026-09-29T21:27:50
6763,綠界科技,2025-11-25,57.0,0.6000000000000014,1.06%,,,,,,,,,ShowDailyK_ChartFlow,FinMind_API_TaiwanStockPrice_6763,True,2026-09-29T21:27:50,2026-09-29T21:27:50,2026-09-29T21:27:50
6763,綠界科技,2025-11-26,58.2,1.2000000000000028,2.11%,,,,,,,,,ShowDailyK_ChartFlow,FinMind_API_TaiwanStockPrice_6763,True,2026-09-29T21:27:50,2026-09-29T21:27:50,2026-09-29T21:27:50
6763,綠界科技,2025-11-27,58.0,-0.20000000000000284,-0.34%,,,,,,,,,ShowDailyK_ChartFlow,FinMind_API_TaiwanStockPrice_6763,True,2026-09-29T21:27:50,2026-09-29T21:27:50,2026-09-29T21:27:50
6763,綠界科技,2025-11-28,58.7,0.7000000000000028,1.21%,,,,,,,,,ShowDailyK_ChartFlow,FinMind_API_TaiwanStockPrice_6763,True,2026-09-29T21:27:50,2026-09-29T21:27:50,2026-09-29T21:27:50
6763,綠界科技,2025-12-01,59.3,0.5999999999999943,1.02%,,,,,,,,,ShowDailyK_ChartFlow,FinMind_API_TaiwanStockPrice_6763,True,2026-09-29T21:27:50,2026-09-29T21:27:50,2026-09-29T21:27:50
6763,綠界科技,2025-12-02,58.1,-1.1999999999999957,-2.02%,,,,,,,,,ShowDailyK_ChartFlow,FinMind_API_TaiwanStockPrice_6763,True,2026-09-29T21:27:50,2026-09-29T21:27:50,2026-09-29T21:27:50
6763,綠界科技,2025-12-03,58.7,0.6000000000000014,1.03%,,,,,,,,,ShowDailyK_ChartFlow,FinMind_API_TaiwanStockPrice_6763,True,2026-09-29T21:27:50,2026-09-29T21:27:50,2026-09-29T21:27:50
6763,綠界科技,2025-12-04,58.6,-0.10000000000000142,-0.17%,,,,,,,,,ShowDailyK_ChartFlow,FinMind_API_TaiwanStockPrice_6763,True,2026-09-29T21:27:50,2026-09-29T21:27:50,2026-09-29T21:27:50
6763,綠界科技,2025-12-05,58.6,0.0,0.00%,,,,,,,,,ShowDailyK_ChartFlow,FinMind_API_TaiwanStockPrice_6763,True,2026-09-29T21:27:50,2026-09-29T21:27:50,2026-09-29T21:27:50
6763,綠界科技,2025-12-08,59.0,0.3999999999999986,0.68%,,,,,,,,,ShowDailyK_ChartFlow,FinMind_API_TaiwanStockPrice_6763,True,2026-09-29T21:27:50,2026-09-29T21:27:50,2026-09-29T21:27:50
6763,綠界科技,2025-12-09,58.3,-0.7000000000000028,-1.19%,,,,,,,,,ShowDailyK_ChartFlow,FinMind_API_TaiwanStockPrice_6763,True,2026-09-29T21:27:50,2026-09-29T21:27:50,2026-09-29T21:27:50
6763,綠界科技,2025-12-10,58.3,0.0,0.00%,,,,,,,,,ShowDailyK_ChartFlow,FinMind_API_TaiwanStockPrice_6763,True,2026-09-29T21:27:50,2026-09-29T21:27:50,2026-09-29T21:27:50
6763,綠界科技,2025-12-11,58.0,-0.29999999999999716,-0.51%,,,,,,,,,ShowDailyK_ChartFlow,FinMind_API_TaiwanStockPrice_6763,True,2026-09-29T21:27:50,2026-09-29T21:27:50,2026-09-29T21:27:50
6763,綠界科技,2025-12-12,57.8,-0.20000000000000284,-0.34%,,,,,,,,,ShowDailyK_ChartFlow,FinMind_API_TaiwanStockPrice_6763,True,2026-09-29T21:27:50,2026-09-29T21:27:50,2026-09-29T21:27:50
6763,綠界科技,2025-12-15,57.9,0.10000000000000142,0.17%,,,,,,,,,ShowDailyK_ChartFlow,FinMind_API_TaiwanStockPrice_6763,True,2026-09-29T21:27:50,2026-09-29T21:27:50,2026-09-29T21:27:50
6763,綠界科技,2025-12-16,57.1,-0.7999999999999972,-1.38%,,,,,,,,,ShowDailyK_ChartFlow,FinMind_API_TaiwanStockPrice_6763,True,2026-09-29T21:27:50,2026-09-29T21:27:50,2026-09-29T21:27:50
6763,綠界科技,2025-12-17,57.1,0.0,0.00%,,,,,,,,,ShowDailyK_ChartFlow,FinMind_API_TaiwanStockPrice_6763,True,2026-09-29T21:27:50,2026-09-29T21:27:50,2026-09-29T21:27:50
6763,綠界科技,2025-12-18,56.9,-0.20000000000000284,-0.35%,,,,,,,,,ShowDailyK_ChartFlow,FinMind_API_TaiwanStockPrice_6763,True,2026-09-29T21:27:50,2026-09-29T21:27:50,2026-09-29T21:27:50
6763,綠界科技,2025-12-19,58.2,1.3000000000000043,2.28%,,,,,,,,,ShowDailyK_ChartFlow,FinMind_API_TaiwanStockPrice_6763,True,2026-09-29T21:27:50,2026-09-29T21:27:50,2026-09-29T21:27:50
6763,綠界科技,2025-12-22,58.0,-0.20000000000000284,-0.34%,,,,,,,,,ShowDailyK_ChartFlow,FinMind_API_TaiwanStockPrice_6763,True,2026-09-29T21:27:50,2026-09-29T21:27:50,2026-09-29T21:27:50
6763,綠界科技,2025-12-23,57.8,-0.20000000000000284,-0.34%,,,,,,,,,ShowDailyK_ChartFlow,FinMind_API_TaiwanStockPrice_6763,True,2026-09-29T21:27:50,2026-09-29T21:27:50,2026-09-29T21:27:50
6763,綠界科技,2025-12-24,57.5,-0.29999999999999716,-0.52%,,,,,,,,,ShowDailyK_ChartFlow,FinMind_API_TaiwanStockPrice_6763,True,2026-09-29T21:27:50,2026-09-29T21:27:50,2026-09-29T21:27:50
6763,綠界科技,2025-12-26,56.8,-0.7000000000000028,-1.22%,,,,,,,,,ShowDailyK_ChartFlow,FinMind_API_TaiwanStockPrice_6763,True,2026-09-29T21:27:50,2026-09-29T21:27:50,2026-09-29T21:27:50
6763,綠界科技,2025-12-29,56.9,0.10000000000000142,0.18%,,,,,,,,,ShowDailyK_ChartFlow,FinMind_API_TaiwanStockPrice_6763,True,2026-09-29T21:27:50,2026-09-29T21:27:50,2026-09-29T21:27:50
6763,綠界科技,2025-12-30,56.8,-0.10000000000000142,-0.18%,,,,,,,,,ShowDailyK_ChartFlow,FinMind_API_TaiwanStockPrice_6763,True,2026-09-29T21:27:50,2026-09-29T21:27:50,2026-09-29T21:27:50
6763,綠界科技,2025-12-31,57.5,0.7000000000000028,1.23%,,,,,,,,,ShowDailyK_ChartFlow,FinMind_API_TaiwanStockPrice_6763,True,2026-09-29T21:27:50,2026-09-29T21:27:50,2026-09-29T21:27:50
6763,綠界科技,2026-01-02,58.5,1.0,1.74%,,,,,,,,,ShowDailyK_ChartFlow,FinMind_API_TaiwanStockPrice_6763,True,2026-09-29T21:27:50,2026-09-29T21:27:50,2026-09-29T21:27:50
6763,綠界科技,2026-01-05,56.9,-1.6000000000000014,-2.74%,,,,,,,,,ShowDailyK_ChartFlow,FinMind_API_TaiwanStockPrice_6763,True,2026-09-29T21:27:50,2026-09-29T21:27:50,2026-09-29T21:27:50
6763,綠界科技,2026-01-06,57.0,0.10000000000000142,0.18%,,,,,,,,,ShowDailyK_ChartFlow,FinMind_API_TaiwanStockPrice_6763,True,2026-09-29T21:27:50,2026-09-29T21:27:50,2026-09-29T21:27:50
6763,綠界科技,2026-01-07,57.2,0.20000000000000284,0.35%,,,,,,,,,ShowDailyK_ChartFlow,FinMind_API_TaiwanStockPrice_6763,True,2026-09-29T21:27:50,2026-09-29T21:27:50,2026-09-29T21:27:50
6763,綠界科技,2026-01-08,57.2,0.0,0.00%,,,,,,,,,ShowDailyK_ChartFlow,FinMind_API_TaiwanStockPrice_6763,True,2026-09-29T21:27:50,2026-09-29T21:27:50,2026-09-29T21:27:50
6763,綠界科技,2026-01-09,57.9,0.6999999999999957,1.22%,,,,,,,,,ShowDailyK_ChartFlow,FinMind_API_TaiwanStockPrice_6763,True,2026-09-29T21:27:50,2026-09-29T21:27:50,2026-09-29T21:27:50
6763,綠界科技,2026-01-12,56.7,-1.1999999999999957,-2.07%,,,,,,,,,ShowDailyK_ChartFlow,FinMind_API_TaiwanStockPrice_6763,True,2026-09-29T21:27:50,2026-09-29T21:27:50,2026-09-29T21:27:50
6763,綠界科技,2026-01-13,56.2,-0.5,-0.88%,,,,,,,,,ShowDailyK_ChartFlow,FinMind_API_TaiwanStockPrice_6763,True,2026-09-29T21:27:50,2026-09-29T21:27:50,2026-09-29T21:27:50
6763,綠界科技,2026-01-14,57.4,1.1999999999999957,2.14%,,,,,,,,,ShowDailyK_ChartFlow,FinMind_API_TaiwanStockPrice_6763,True,2026-09-29T21:27:50,2026-09-29T21:27:50,2026-09-29T21:27:50
6763,綠界科技,2026-01-15,56.6,-0.7999999999999972,-1.39%,,,,,,,,,ShowDailyK_ChartFlow,FinMind_API_TaiwanStockPrice_6763,True,2026-09-29T21:27:50,2026-09-29T21:27:50,2026-09-29T21:27:50
6763,綠界科技,2026-01-16,56.3,-0.30000000000000426,-0.53%,,,,,,,,,ShowDailyK_ChartFlow,FinMind_API_TaiwanStockPrice_6763,True,2026-09-29T21:27:50,2026-09-29T21:27:50,2026-09-29T21:27:50
6763,綠界科技,2026-01-19,55.6,-0.6999999999999957,-1.24%,,,,,,,,,ShowDailyK_ChartFlow,FinMind_API_TaiwanStockPrice_6763,True,2026-09-29T21:27:50,2026-09-29T21:27:50,2026-09-29T21:27:50
6763,綠界科技,2026-01-20,55.4,-0.20000000000000284,-0.36%,,,,,,,,,ShowDailyK_ChartFlow,FinMind_API_TaiwanStockPrice_6763,True,2026-09-29T21:27:50,2026-09-29T21:27:50,2026-09-29T21:27:50
6763,綠界科技,2026-01-21,54.5,-0.8999999999999986,-1.62%,,,,,,,,,ShowDailyK_ChartFlow,FinMind_API_TaiwanStockPrice_6763,True,2026-09-29T21:27:50,2026-09-29T21:27:50,2026-09-29T21:27:50
6763,綠界科技,2026-01-22,54.2,-0.29999999999999716,-0.55%,,,,,,,,,ShowDailyK_ChartFlow,FinMind_API_TaiwanStockPrice_6763,True,2026-09-29T21:27:50,2026-09-29T21:27:50,2026-09-29T21:27:50
6763,綠界科技,2026-01-23,55.7,1.5,2.77%,,,,,,,,,ShowDailyK_ChartFlow,FinMind_API_TaiwanStockPrice_6763,True,2026-09-29T21:27:50,2026-09-29T21:27:50,2026-09-29T21:27:50
6763,綠界科技,2026-01-26,54.9,-0.8000000000000043,-1.44%,,,,,,,,,ShowDailyK_ChartFlow,FinMind_API_TaiwanStockPrice_6763,True,2026-09-29T21:27:50,2026-09-29T21:27:50,2026-09-29T21:27:50
6763,綠界科技,2026-01-27,54.6,-0.29999999999999716,-0.55%,,,,,,,,,ShowDailyK_ChartFlow,FinMind_API_TaiwanStockPrice_6763,True,2026-09-29T21:27:50,2026-09-29T21:27:50,2026-09-29T21:27:50
6763,綠界科技,2026-01-28,54.3,-0.30000000000000426,-0.55%,,,,,,,,,ShowDailyK_ChartFlow,FinMind_API_TaiwanStockPrice_6763,True,2026-09-29T21:27:50,2026-09-29T21:27:50,2026-09-29T21:27:50
6763,綠界科技,2026-01-29,54.0,-0.29999999999999716,-0.55%,,,,,,,,,ShowDailyK_ChartFlow,FinMind_API_TaiwanStockPrice_6763,True,2026-09-29T21:27:50,2026-09-29T21:27:50,2026-09-29T21:27:50
6763,綠界科技,2026-01-30,53.0,-1.0,-1.85%,,,,,,,,,ShowDailyK_ChartFlow,FinMind_API_TaiwanStockPrice_6763,True,2026-09-29T21:27:50,2026-09-29T21:27:50,2026-09-29T21:27:50
6763,綠界科技,2026-02-02,51.9,-1.1000000000000014,-2.08%,,,,,,,,,ShowDailyK_ChartFlow,FinMind_API_TaiwanStockPrice_6763,True,2026-09-29T21:27:50,2026-09-29T21:27:50,2026-09-29T21:27:50
6763,綠界科技,2026-02-03,52.6,0.7000000000000028,1.35%,,,,,,,,,ShowDailyK_ChartFlow,FinMind_API_TaiwanStockPrice_6763,True,2026-09-29T21:27:50,2026-09-29T21:27:50,2026-09-29T21:27:50
6763,綠界科技,2026-02-04,53.0,0.3999999999999986,0.76%,,,,,,,,,ShowDailyK_ChartFlow,FinMind_API_TaiwanStockPrice_6763,True,2026-09-29T21:27:50,2026-09-29T21:27:50,2026-09-29T21:27:50
6763,綠界科技,2026-02-05,53.0,0.0,0.00%,,,,,,,,,ShowDailyK_ChartFlow,FinMind_API_TaiwanStockPrice_6763,True,2026-09-29T21:27:50,2026-09-29T21:27:50,2026-09-29T21:27:50
6763,綠界科技,2026-02-06,51.9,-1.1000000000000014,-2.08%,,,,,,,,,ShowDailyK_ChartFlow,FinMind_API_TaiwanStockPrice_6763,True,2026-09-29T21:27:50,2026-09-29T21:27:50,2026-09-29T21:27:50
6763,綠界科技,2026-02-09,51.8,-0.10000000000000142,-0.19%,,,,,,,,,ShowDailyK_ChartFlow,FinMind_API_TaiwanStockPrice_6763,True,2026-09-29T21:27:50,2026-09-29T21:27:50,2026-09-29T21:27:50
6763,綠界科技,2026-02-10,52.2,0.4000000000000057,0.77%,,,,,,,,,ShowDailyK_ChartFlow,FinMind_API_TaiwanStockPrice_6763,True,2026-09-29T21:27:50,2026-09-29T21:27:50,2026-09-29T21:27:50
6763,綠界科技,2026-02-11,51.9,-0.30000000000000426,-0.57%,,,,,,,,,ShowDailyK_ChartFlow,FinMind_API_TaiwanStockPrice_6763,True,2026-09-29T21:27:50,2026-09-29T21:27:50,2026-09-29T21:27:50
6763,綠界科技,2026-02-23,52.8,0.8999999999999986,1.73%,,,,,,,,,ShowDailyK_ChartFlow,FinMind_API_TaiwanStockPrice_6763,True,2026-09-29T21:27:50,2026-09-29T21:27:50,2026-09-29T21:27:50
6763,綠界科技,2026-02-24,52.5,-0.29999999999999716,-0.57%,,,,,,,,,ShowDailyK_ChartFlow,FinMind_API_TaiwanStockPrice_6763,True,2026-09-29T21:27:50,2026-09-29T21:27:50,2026-09-29T21:27:50
6763,綠界科技,2026-02-25,52.0,-0.5,-0.95%,,,,,,,,,ShowDailyK_ChartFlow,FinMind_API_TaiwanStockPrice_6763,True,2026-09-29T21:27:50,2026-09-29T21:27:50,2026-09-29T21:27:50
6763,綠界科技,2026-02-26,53.2,1.2000000000000028,2.31%,,,,,,,,,ShowDailyK_ChartFlow,FinMind_API_TaiwanStockPrice_6763,True,2026-09-29T21:27:50,2026-09-29T21:27:50,2026-09-29T21:27:50
6763,綠界科技,2026-03-02,52.0,-1.2000000000000028,-2.26%,,,,,,,,,ShowDailyK_ChartFlow,FinMind_API_TaiwanStockPrice_6763,True,2026-09-29T21:27:50,2026-09-29T21:27:50,2026-09-29T21:27:50
6763,綠界科技,2026-03-03,51.2,-0.7999999999999972,-1.54%,,,,,,,,,ShowDailyK_ChartFlow,FinMind_API_TaiwanStockPrice_6763,True,2026-09-29T21:27:50,2026-09-29T21:27:50,2026-09-29T21:27:50
6763,綠界科技,2026-03-04,49.15,-2.0500000000000043,-4.00%,,,,,,,,,ShowDailyK_ChartFlow,FinMind_API_TaiwanStockPrice_6763,True,2026-09-29T21:27:50,2026-09-29T21:27:50,2026-09-29T21:27:50
6763,綠界科技,2026-03-05,49.8,0.6499999999999986,1.32%,,,,,,,,,ShowDailyK_ChartFlow,FinMind_API_TaiwanStockPrice_6763,True,2026-09-29T21:27:50,2026-09-29T21:27:50,2026-09-29T21:27:50
6763,綠界科技,2026-03-06,51.4,1.6000000000000014,3.21%,,,,,,,,,ShowDailyK_ChartFlow,FinMind_API_TaiwanStockPrice_6763,True,2026-09-29T21:27:50,2026-09-29T21:27:50,2026-09-29T21:27:50
6763,綠界科技,2026-03-09,49.05,-2.3500000000000014,-4.57%,,,,,,,,,ShowDailyK_ChartFlow,FinMind_API_TaiwanStockPrice_6763,True,2026-09-29T21:27:50,2026-09-29T21:27:50,2026-09-29T21:27:50
6763,綠界科技,2026-03-10,49.3,0.25,0.51%,,,,,,,,,ShowDailyK_ChartFlow,FinMind_API_TaiwanStockPrice_6763,True,2026-09-29T21:27:50,2026-09-29T21:27:50,2026-09-29T21:27:50
6763,綠界科技,2026-03-11,50.2,0.9000000000000057,1.83%,,,,,,,,,ShowDailyK_ChartFlow,FinMind_API_TaiwanStockPrice_6763,True,2026-09-29T21:27:50,2026-09-29T21:27:50,2026-09-29T21:27:50
6763,綠界科技,2026-03-12,49.85,-0.3500000000000014,-0.70%,,,,,,,,,ShowDailyK_ChartFlow,FinMind_API_TaiwanStockPrice_6763,True,2026-09-29T21:27:50,2026-09-29T21:27:50,2026-09-29T21:27:50
6763,綠界科技,2026-03-13,49.9,0.04999999999999716,0.10%,,,,,,,,,ShowDailyK_ChartFlow,FinMind_API_TaiwanStockPrice_6763,True,2026-09-29T21:27:50,2026-09-29T21:27:50,2026-09-29T21:27:50
6763,綠界科技,2026-03-16,50.2,0.30000000000000426,0.60%,,,,,,,,,ShowDailyK_ChartFlow,FinMind_API_TaiwanStockPrice_6763,True,2026-09-29T21:27:50,2026-09-29T21:27:50,2026-09-29T21:27:50
6763,綠界科技,2026-03-17,50.4,0.19999999999999574,0.40%,,,,,,,,,ShowDailyK_ChartFlow,FinMind_API_TaiwanStockPrice_6763,True,2026-09-29T21:27:50,2026-09-29T21:27:50,2026-09-29T21:27:50
6763,綠界科技,2026-03-18,50.3,-0.10000000000000142,-0.20%,,,,,,,,,ShowDailyK_ChartFlow,FinMind_API_TaiwanStockPrice_6763,True,2026-09-29T21:27:50,2026-09-29T21:27:50,2026-09-29T21:27:50
6763,綠界科技,2026-03-19,48.8,-1.5,-2.98%,,,,,,,,,ShowDailyK_ChartFlow,FinMind_API_TaiwanStockPrice_6763,True,2026-09-29T21:27:50,2026-09-29T21:27:50,2026-09-29T21:27:50
6763,綠界科技,2026-03-20,48.8,0.0,0.00%,,,,,,,,,ShowDailyK_ChartFlow,FinMind_API_TaiwanStockPrice_6763,True,2026-09-29T21:27:50,2026-09-29T21:27:50,2026-09-29T21:27:50
6763,綠界科技,2026-03-23,47.05,-1.75,-3.59%,,,,,,,,,ShowDailyK_ChartFlow,FinMind_API_TaiwanStockPrice_6763,True,2026-09-29T21:27:50,2026-09-29T21:27:50,2026-09-29T21:27:50
6763,綠界科技,2026-03-24,47.3,0.25,0.53%,,,,,,,,,ShowDailyK_ChartFlow,FinMind_API_TaiwanStockPrice_6763,True,2026-09-29T21:27:50,2026-09-29T21:27:50,2026-09-29T21:27:50
6763,綠界科技,2026-03-25,48.65,1.3500000000000014,2.85%,,,,,,,,,ShowDailyK_ChartFlow,FinMind_API_TaiwanStockPrice_6763,True,2026-09-29T21:27:50,2026-09-29T21:27:50,2026-09-29T21:27:50
6763,綠界科技,2026-03-26,48.25,-0.3999999999999986,-0.82%,,,,,,,,,ShowDailyK_ChartFlow,FinMind_API_TaiwanStockPrice_6763,True,2026-09-29T21:27:50,2026-09-29T21:27:50,2026-09-29T21:27:50
6763,綠界科技,2026-03-27,47.95,-0.29999999999999716,-0.62%,,,,,,,,,ShowDailyK_ChartFlow,FinMind_API_TaiwanStockPrice_6763,True,2026-09-29T21:27:50,2026-09-29T21:27:50,2026-09-29T21:27:50
6763,綠界科技,2026-03-30,47.15,-0.8000000000000043,-1.67%,,,,,,,,,ShowDailyK_ChartFlow,FinMind_API_TaiwanStockPrice_6763,True,2026-09-29T21:27:50,2026-09-29T21:27:50,2026-09-29T21:27:50
6763,綠界科技,2026-03-31,46.15,-1.0,-2.12%,,,,,,,,,ShowDailyK_ChartFlow,FinMind_API_TaiwanStockPrice_6763,True,2026-09-29T21:27:50,2026-09-29T21:27:50,2026-09-29T21:27:50
6763,綠界科技,2026-04-01,47.15,1.0,2.17%,,,,,,,,,ShowDailyK_ChartFlow,FinMind_API_TaiwanStockPrice_6763,True,2026-09-29T21:27:50,2026-09-29T21:27:50,2026-09-29T21:27:50
6763,綠界科技,2026-04-02,46.9,-0.25,-0.53%,,,,,,,,,ShowDailyK_ChartFlow,FinMind_API_TaiwanStockPrice_6763,True,2026-09-29T21:27:50,2026-09-29T21:27:50,2026-09-29T21:27:50
6763,綠界科技,2026-04-07,47.55,0.6499999999999986,1.39%,,,,,,,,,ShowDailyK_ChartFlow,FinMind_API_TaiwanStockPrice_6763,True,2026-09-29T21:27:50,2026-09-29T21:27:50,2026-09-29T21:27:50
6763,綠界科技,2026-04-08,47.85,0.30000000000000426,0.63%,,,,,,,,,ShowDailyK_ChartFlow,FinMind_API_TaiwanStockPrice_6763,True,2026-09-29T21:27:50,2026-09-29T21:27:50,2026-09-29T21:27:50
6763,綠界科技,2026-04-09,46.7,-1.1499999999999986,-2.40%,,,,,,,,,ShowDailyK_ChartFlow,FinMind_API_TaiwanStockPrice_6763,True,2026-09-29T21:27:50,2026-09-29T21:27:50,2026-09-29T21:27:50
6763,綠界科技,2026-04-10,47.1,0.3999999999999986,0.86%,,,,,,,,,ShowDailyK_ChartFlow,FinMind_API_TaiwanStockPrice_6763,True,2026-09-29T21:27:50,2026-09-29T21:27:50,2026-09-29T21:27:50
6763,綠界科技,2026-04-13,47.7,0.6000000000000014,1.27%,,,,,,,,,ShowDailyK_ChartFlow,FinMind_API_TaiwanStockPrice_6763,True,2026-09-29T21:27:50,2026-09-29T21:27:50,2026-09-29T21:27:50
6763,綠界科技,2026-04-14,50.0,2.299999999999997,4.82%,,,,,,,,,ShowDailyK_ChartFlow,FinMind_API_TaiwanStockPrice_6763,True,2026-09-29T21:27:50,2026-09-29T21:27:50,2026-09-29T21:27:50
6763,綠界科技,2026-04-15,49.3,-0.7000000000000028,-1.40%,,,,,,,,,ShowDailyK_ChartFlow,FinMind_API_TaiwanStockPrice_6763,True,2026-09-29T21:27:50,2026-09-29T21:27:50,2026-09-29T21:27:50
6763,綠界科技,2026-04-16,49.35,0.05000000000000426,0.10%,,,,,,,,,ShowDailyK_ChartFlow,FinMind_API_TaiwanStockPrice_6763,True,2026-09-29T21:27:50,2026-09-29T21:27:50,2026-09-29T21:27:50
6763,綠界科技,2026-04-17,48.6,-0.75,-1.52%,,,,,,,,,ShowDailyK_ChartFlow,FinMind_API_TaiwanStockPrice_6763,True,2026-09-29T21:27:50,2026-09-29T21:27:50,2026-09-29T21:27:50
6763,綠界科技,2026-04-20,49.05,0.44999999999999574,0.93%,,,,,,,,,ShowDailyK_ChartFlow,FinMind_API_TaiwanStockPrice_6763,True,2026-09-29T21:27:50,2026-09-29T21:27:50,2026-09-29T21:27:50
6763,綠界科技,2026-04-21,48.75,-0.29999999999999716,-0.61%,,,,,,,,,ShowDailyK_ChartFlow,FinMind_API_TaiwanStockPrice_6763,True,2026-09-29T21:27:50,2026-09-29T21:27:50,2026-09-29T21:27:50
6763,綠界科技,2026-04-22,48.85,0.10000000000000142,0.21%,,,,,,,,,ShowDailyK_ChartFlow,FinMind_API_TaiwanStockPrice_6763,True,2026-09-29T21:27:50,2026-09-29T21:27:50,2026-09-29T21:27:50
6763,綠界科技,2026-04-23,47.85,-1.0,-2.05%,,,,,,,,,ShowDailyK_ChartFlow,FinMind_API_TaiwanStockPrice_6763,True,2026-09-29T21:27:50,2026-09-29T21:27:50,2026-09-29T21:27:50
6763,綠界科技,2026-04-24,47.0,-0.8500000000000014,-1.78%,,,,,,,,,ShowDailyK_ChartFlow,FinMind_API_TaiwanStockPrice_6763,True,2026-09-29T21:27:50,2026-09-29T21:27:50,2026-09-29T21:27:50
6763,綠界科技,2026-04-27,46.65,-0.3500000000000014,-0.74%,,,,,,,,,ShowDailyK_ChartFlow,FinMind_API_TaiwanStockPrice_6763,True,2026-09-29T21:27:50,2026-09-29T21:27:50,2026-09-29T21:27:50
6763,綠界科技,2026-04-28,47.45,0.8000000000000043,1.71%,,,,,,,,,ShowDailyK_ChartFlow,FinMind_API_TaiwanStockPrice_6763,True,2026-09-29T21:27:50,2026-09-29T21:27:50,2026-09-29T21:27:50
6763,綠界科技,2026-04-29,47.0,-0.45000000000000284,-0.95%,,,,,,,,,ShowDailyK_ChartFlow,FinMind_API_TaiwanStockPrice_6763,True,2026-09-29T21:27:50,2026-09-29T21:27:50,2026-09-29T21:27:50
6763,綠界科技,2026-04-30,47.9,0.8999999999999986,1.91%,,,,,,,,,ShowDailyK_ChartFlow,FinMind_API_TaiwanStockPrice_6763,True,2026-09-29T21:27:50,2026-09-29T21:27:50,2026-09-29T21:27:50
6763,綠界科技,2026-05-04,48.35,0.45000000000000284,0.94%,,,,,,,,,ShowDailyK_ChartFlow,FinMind_API_TaiwanStockPrice_6763,True,2026-09-29T21:27:50,2026-09-29T21:27:50,2026-09-29T21:27:50
6763,綠界科技,2026-05-05,48.35,0.0,0.00%,,,,,,,,,ShowDailyK_ChartFlow,FinMind_API_TaiwanStockPrice_6763,True,2026-09-29T21:27:50,2026-09-29T21:27:50,2026-09-29T21:27:50
6763,綠界科技,2026-05-06,47.95,-0.3999999999999986,-0.83%,,,,,,,,,ShowDailyK_ChartFlow,FinMind_API_TaiwanStockPrice_6763,True,2026-09-29T21:27:50,2026-09-29T21:27:50,2026-09-29T21:27:50
6763,綠界科技,2026-05-07,48.45,0.5,1.04%,,,,,,,,,ShowDailyK_ChartFlow,FinMind_API_TaiwanStockPrice_6763,True,2026-09-29T21:27:50,2026-09-29T21:27:50,2026-09-29T21:27:50
6763,綠界科技,2026-05-08,47.45,-1.0,-2.06%,,,,,,,,,ShowDailyK_ChartFlow,FinMind_API_TaiwanStockPrice_6763,True,2026-09-29T21:27:50,2026-09-29T21:27:50,2026-09-29T21:27:50
6763,綠界科技,2026-05-11,47.05,-0.4000000000000057,-0.84%,,,,,,,,,ShowDailyK_ChartFlow,FinMind_API_TaiwanStockPrice_6763,True,2026-09-29T21:27:50,2026-09-29T21:27:50,2026-09-29T21:27:50
6763,綠界科技,2026-05-12,46.8,-0.25,-0.53%,,,,,,,,,ShowDailyK_ChartFlow,FinMind_API_TaiwanStockPrice_6763,True,2026-09-29T21:27:50,2026-09-29T21:27:50,2026-09-29T21:27:50
6763,綠界科技,2026-05-13,46.25,-0.5499999999999972,-1.18%,,,,,,,,,ShowDailyK_ChartFlow,FinMind_API_TaiwanStockPrice_6763,True,2026-09-29T21:27:50,2026-09-29T21:27:50,2026-09-29T21:27:50
6763,綠界科技,2026-05-14,45.7,-0.5499999999999972,-1.19%,,,,,,,,,ShowDailyK_ChartFlow,FinMind_API_TaiwanStockPrice_6763,True,2026-09-29T21:27:50,2026-09-29T21:27:50,2026-09-29T21:27:50
6763,綠界科技,2026-05-15,45.0,-0.7000000000000028,-1.53%,,,,,,,,,ShowDailyK_ChartFlow,FinMind_API_TaiwanStockPrice_6763,True,2026-09-29T21:27:50,2026-09-29T21:27:50,2026-09-29T21:27:50
6763,綠界科技,2026-05-18,44.95,-0.04999999999999716,-0.11%,,,,,,,,,ShowDailyK_ChartFlow,FinMind_API_TaiwanStockPrice_6763,True,2026-09-29T21:27:50,2026-09-29T21:27:50,2026-09-29T21:27:50
6763,綠界科技,2026-05-19,44.6,-0.3500000000000014,-0.78%,,,,,,,,,ShowDailyK_ChartFlow,FinMind_API_TaiwanStockPrice_6763,True,2026-09-29T21:27:50,2026-09-29T21:27:50,2026-09-29T21:27:50
6763,綠界科技,2026-05-20,44.15,-0.45000000000000284,-1.01%,,,,,,,,,ShowDailyK_ChartFlow,FinMind_API_TaiwanStockPrice_6763,True,2026-09-29T21:27:50,2026-09-29T21:27:50,2026-09-29T21:27:50
6763,綠界科技,2026-05-21,45.6,1.4500000000000028,3.28%,,,,,,,,,ShowDailyK_ChartFlow,FinMind_API_TaiwanStockPrice_6763,True,2026-09-29T21:27:50,2026-09-29T21:27:50,2026-09-29T21:27:50
6763,綠界科技,2026-05-22,45.3,-0.30000000000000426,-0.66%,,,,,,,,,ShowDailyK_ChartFlow,FinMind_API_TaiwanStockPrice_6763,True,2026-09-29T21:27:50,2026-09-29T21:27:50,2026-09-29T21:27:50
6763,綠界科技,2026-05-25,44.4,-0.8999999999999986,-1.99%,,,,,,,,,ShowDailyK_ChartFlow,FinMind_API_TaiwanStockPrice_6763,True,2026-09-29T21:27:50,2026-09-29T21:27:50,2026-09-29T21:27:50
6763,綠界科技,2026-05-26,43.85,-0.5499999999999972,-1.24%,,,,,,,,,ShowDailyK_ChartFlow,FinMind_API_TaiwanStockPrice_6763,True,2026-09-29T21:27:50,2026-09-29T21:27:50,2026-09-29T21:27:50
6763,綠界科技,2026-05-27,43.3,-0.5500000000000043,-1.25%,,,,,,,,,ShowDailyK_ChartFlow,FinMind_API_TaiwanStockPrice_6763,True,2026-09-29T21:27:50,2026-09-29T21:27:50,2026-09-29T21:27:50
6763,綠界科技,2026-05-28,42.75,-0.5499999999999972,-1.27%,,,,,,,,,ShowDailyK_ChartFlow,FinMind_API_TaiwanStockPrice_6763,True,2026-09-29T21:27:50,2026-09-29T21:27:50,2026-09-29T21:27:50
6763,綠界科技,2026-05-29,43.25,0.5,1.17%,,,,,,,,,ShowDailyK_ChartFlow,FinMind_API_TaiwanStockPrice_6763,True,2026-09-29T21:27:50,2026-09-29T21:27:50,2026-09-29T21:27:50
6763,綠界科技,2026-06-01,44.45,1.2000000000000028,2.77%,,,,,,,,,ShowDailyK_ChartFlow,FinMind_API_TaiwanStockPrice_6763,True,2026-09-29T21:27:50,2026-09-29T21:27:50,2026-09-29T21:27:50
6763,綠界科技,2026-06-02,44.7,0.25,0.56%,,,,,,,,,ShowDailyK_ChartFlow,FinMind_API_TaiwanStockPrice_6763,True,2026-09-29T21:27:50,2026-09-29T21:27:50,2026-09-29T21:27:50
6763,綠界科技,2026-06-03,45.8,1.0999999999999943,2.46%,,,,,,,,,ShowDailyK_ChartFlow,FinMind_API_TaiwanStockPrice_6763,True,2026-09-29T21:27:50,2026-09-29T21:27:50,2026-09-29T21:27:50
6763,綠界科技,2026-06-04,45.85,0.05000000000000426,0.11%,,,,,,,,,ShowDailyK_ChartFlow,FinMind_API_TaiwanStockPrice_6763,True,2026-09-29T21:27:50,2026-09-29T21:27:50,2026-09-29T21:27:50
6763,綠界科技,2026-06-05,50.4,4.549999999999997,9.92%,,,,,,,,,ShowDailyK_ChartFlow,FinMind_API_TaiwanStockPrice_6763,True,2026-09-29T21:27:50,2026-09-29T21:27:50,2026-09-29T21:27:50
6763,綠界科技,2026-06-08,49.0,-1.3999999999999986,-2.78%,,,,,,,,,ShowDailyK_ChartFlow,FinMind_API_TaiwanStockPrice_6763,True,2026-09-29T21:27:50,2026-09-29T21:27:50,2026-09-29T21:27:50
6763,綠界科技,2026-06-09,48.8,-0.20000000000000284,-0.41%,,,,,,,,,ShowDailyK_ChartFlow,FinMind_API_TaiwanStockPrice_6763,True,2026-09-29T21:27:50,2026-09-29T21:27:50,2026-09-29T21:27:50
6763,綠界科技,2026-06-10,47.85,-0.9499999999999957,-1.95%,,,,,,,,,ShowDailyK_ChartFlow,FinMind_API_TaiwanStockPrice_6763,True,2026-09-29T21:27:50,2026-09-29T21:27:50,2026-09-29T21:27:50
6763,綠界科技,2026-06-11,48.3,0.44999999999999574,0.94%,,,,,,,,,ShowDailyK_ChartFlow,FinMind_API_TaiwanStockPrice_6763,True,2026-09-29T21:27:50,2026-09-29T21:27:50,2026-09-29T21:27:50
6763,綠界科技,2026-06-12,48.2,-0.09999999999999432,-0.21%,,,,,,,,,ShowDailyK_ChartFlow,FinMind_API_TaiwanStockPrice_6763,True,2026-09-29T21:27:50,2026-09-29T21:27:50,2026-09-29T21:27:50
6763,綠界科技,2026-06-15,47.7,-0.5,-1.04%,,,,,,,,,ShowDailyK_ChartFlow,FinMind_API_TaiwanStockPrice_6763,True,2026-09-29T21:27:50,2026-09-29T21:27:50,2026-09-29T21:27:50
6763,綠界科技,2026-06-16,47.3,-0.4000000000000057,-0.84%,,,,,,,,,ShowDailyK_ChartFlow,FinMind_API_TaiwanStockPrice_6763,True,2026-09-29T21:27:50,2026-09-29T21:27:50,2026-09-29T21:27:50
6763,綠界科技,2026-06-17,47.45,0.15000000000000568,0.32%,,,,,,,,,ShowDailyK_ChartFlow,FinMind_API_TaiwanStockPrice_6763,True,2026-09-29T21:27:50,2026-09-29T21:27:50,2026-09-29T21:27:50
6763,綠界科技,2026-06-18,47.4,-0.05000000000000426,-0.11%,,,,,,,,,ShowDailyK_ChartFlow,FinMind_API_TaiwanStockPrice_6763,True,2026-09-29T21:27:50,2026-09-29T21:27:50,2026-09-29T21:27:50
6763,綠界科技,2026-06-22,47.2,-0.19999999999999574,-0.42%,,,,,,,,,ShowDailyK_ChartFlow,FinMind_API_TaiwanStockPrice_6763,True,2026-09-29T21:27:50,2026-09-29T21:27:50,2026-09-29T21:27:50
6763,綠界科技,2026-06-23,46.25,-0.9500000000000028,-2.01%,,,,,,,,,ShowDailyK_ChartFlow,FinMind_API_TaiwanStockPrice_6763,True,2026-09-29T21:27:50,2026-09-29T21:27:50,2026-09-29T21:27:50
6763,綠界科技,2026-06-24,46.7,0.45000000000000284,0.97%,,,,,,,,,ShowDailyK_ChartFlow,FinMind_API_TaiwanStockPrice_6763,True,2026-09-29T21:27:50,2026-09-29T21:27:50,2026-09-29T21:27:50
6763,綠界科技,2026-06-25,47.45,0.75,1.61%,,,,,,,,,ShowDailyK_ChartFlow,FinMind_API_TaiwanStockPrice_6763,True,2026-09-29T21:27:50,2026-09-29T21:27:50,2026-09-29T21:27:50
6763,綠界科技,2026-06-26,46.5,-0.9500000000000028,-2.00%,,,,,,,,,ShowDailyK_ChartFlow,FinMind_API_TaiwanStockPrice_6763,True,2026-09-29T21:27:50,2026-09-29T21:27:50,2026-09-29T21:27:50
6763,綠界科技,2026-06-29,46.8,0.29999999999999716,0.65%,,,,,,,,,ShowDailyK_ChartFlow,FinMind_API_TaiwanStockPrice_6763,True,2026-09-29T21:27:50,2026-09-29T21:27:50,2026-09-29T21:27:50
6763,綠界科技,2026-06-30,47.45,0.6500000000000057,1.39%,,,,,,,,,ShowDailyK_ChartFlow,FinMind_API_TaiwanStockPrice_6763,True,2026-09-29T21:27:50,2026-09-29T21:27:50,2026-09-29T21:27:50
6763,綠界科技,2026-07-01,46.65,-0.8000000000000043,-1.69%,,,,,,,,,ShowDailyK_ChartFlow,FinMind_API_TaiwanStockPrice_6763,True,2026-09-29T21:27:50,2026-09-29T21:27:50,2026-09-29T21:27:50
6763,綠界科技,2026-07-02,46.35,-0.29999999999999716,-0.64%,,,,,,,,,ShowDailyK_ChartFlow,FinMind_API_TaiwanStockPrice_6763,True,2026-09-29T21:27:50,2026-09-29T21:27:50,2026-09-29T21:27:50
6763,綠界科技,2026-07-03,47.05,0.6999999999999957,1.51%,,,,,,,,,ShowDailyK_ChartFlow,FinMind_API_TaiwanStockPrice_6763,True,2026-09-29T21:27:50,2026-09-29T21:27:50,2026-09-29T21:27:50
6763,綠界科技,2026-07-06,46.85,-0.19999999999999574,-0.43%,,,,,,,,,ShowDailyK_ChartFlow,FinMind_API_TaiwanStockPrice_6763,True,2026-09-29T21:27:50,2026-09-29T21:27:50,2026-09-29T21:27:50
6763,綠界科技,2026-07-07,46.2,-0.6499999999999986,-1.39%,,,,,,,,,ShowDailyK_ChartFlow,FinMind_API_TaiwanStockPrice_6763,True,2026-09-29T21:27:50,2026-09-29T21:27:50,2026-09-29T21:27:50
6763,綠界科技,2026-07-08,46.1,-0.10000000000000142,-0.22%,,,,,,,,,ShowDailyK_ChartFlow,FinMind_API_TaiwanStockPrice_6763,True,2026-09-29T21:27:50,2026-09-29T21:27:50,2026-09-29T21:27:50
6763,綠界科技,2026-07-09,45.9,-0.20000000000000284,-0.43%,,,,,,,,,ShowDailyK_ChartFlow,FinMind_API_TaiwanStockPrice_6763,True,2026-09-29T21:27:50,2026-09-29T21:27:50,2026-09-29T21:27:50
6763,綠界科技,2026-07-13,43.7,-2.1999999999999957,-4.79%,,,,,,,,,ShowDailyK_ChartFlow,FinMind_API_TaiwanStockPrice_6763,True,2026-09-29T21:27:50,2026-09-29T21:27:50,2026-09-29T21:27:50
6763,綠界科技,2026-07-14,42.7,-1.0,-2.29%,,,,,,,,,ShowDailyK_ChartFlow,FinMind_API_TaiwanStockPrice_6763,True,2026-09-29T21:27:50,2026-09-29T21:27:50,2026-09-29T21:27:50
6763,綠界科技,2026-07-15,43.7,1.0,2.34%,,,,,,,,,ShowDailyK_ChartFlow,FinMind_API_TaiwanStockPrice_6763,True,2026-09-29T21:27:50,2026-09-29T21:27:50,2026-09-29T21:27:50
6763,綠界科技,2026-07-16,43.4,-0.30000000000000426,-0.69%,,,,,,,,,ShowDailyK_ChartFlow,FinMind_API_TaiwanStockPrice_6763,True,2026-09-29T21:27:50,2026-09-29T21:27:50,2026-09-29T21:27:50
6763,綠界科技,2026-07-17,41.8,-1.6000000000000014,-3.69%,,,,,,,,,ShowDailyK_ChartFlow,FinMind_API_TaiwanStockPrice_6763,True,2026-09-29T21:27:50,2026-09-29T21:27:50,2026-09-29T21:27:50
6763,綠界科技,2026-07-20,42.25,0.45000000000000284,1.08%,,,,,,,,,ShowDailyK_ChartFlow,FinMind_API_TaiwanStockPrice_6763,True,2026-09-29T21:27:50,2026-09-29T21:27:50,2026-09-29T21:27:50
6763,綠界科技,2026-07-21,42.55,0.29999999999999716,0.71%,,,,,,,,,ShowDailyK_ChartFlow,FinMind_API_TaiwanStockPrice_6763,True,2026-09-29T21:27:50,2026-09-29T21:27:50,2026-09-29T21:27:50
6763,綠界科技,2026-07-22,42.9,0.3500000000000014,0.82%,,,,,,,,,ShowDailyK_ChartFlow,FinMind_API_TaiwanStockPrice_6763,True,2026-09-29T21:27:50,2026-09-29T21:27:50,2026-09-29T21:27:50
6763,綠界科技,2026-07-23,42.4,-0.5,-1.17%,,,,,,,,,ShowDailyK_ChartFlow,FinMind_API_TaiwanStockPrice_6763,True,2026-09-29T21:27:50,2026-09-29T21:27:50,2026-09-29T21:27:50
6763,綠界科技,2026-07-24,42.9,0.5,1.18%,,,,,,,,,ShowDailyK_ChartFlow,FinMind_API_TaiwanStockPrice_6763,True,2026-09-29T21:27:50,2026-09-29T21:27:50,2026-09-29T21:27:50
6763,綠界科技,2026-07-27,42.55,-0.3500000000000014,-0.82%,,,,,,,,,ShowDailyK_ChartFlow,FinMind_API_TaiwanStockPrice_6763,True,2026-09-29T21:27:50,2026-09-29T21:27:50,2026-09-29T21:27:50
6763,綠界科技,2026-07-28,41.6,-0.9499999999999957,-2.23%,,,,,,,,,ShowDailyK_ChartFlow,FinMind_API_TaiwanStockPrice_6763,True,2026-09-29T21:27:50,2026-09-29T21:27:50,2026-09-29T21:27:50
6763,綠界科技,2026-07-29,40.45,-1.1499999999999986,-2.76%,,,,,,,,,ShowDailyK_ChartFlow,FinMind_API_TaiwanStockPrice_6763,True,2026-09-29T21:27:50,2026-09-29T21:27:50,2026-09-29T21:27:50
6763,綠界科技,2026-07-30,40.2,-0.25,-0.62%,,,,,,,,,ShowDailyK_ChartFlow,FinMind_API_TaiwanStockPrice_6763,True,2026-09-29T21:27:50,2026-09-29T21:27:50,2026-09-29T21:27:50
6763,綠界科技,2026-07-31,40.75,0.5499999999999972,1.37%,,,,,,,,,ShowDailyK_ChartFlow,FinMind_API_TaiwanStockPrice_6763,True,2026-09-29T21:27:50,2026-09-29T21:27:50,2026-09-29T21:27:50
6763,綠界科技,2026-08-03,41.7,0.9500000000000028,2.33%,,,,,,,,,ShowDailyK_ChartFlow,FinMind_API_TaiwanStockPrice_6763,True,2026-09-29T21:27:50,2026-09-29T21:27:50,2026-09-29T21:27:50
6763,綠界科技,2026-08-04,41.65,-0.05000000000000426,-0.12%,,,,,,,,,ShowDailyK_ChartFlow,FinMind_API_TaiwanStockPrice_6763,True,2026-09-29T21:27:50,2026-09-29T21:27:50,2026-09-29T21:27:50
6763,綠界科技,2026-08-05,42.2,0.5500000000000043,1.32%,,,,,,,,,ShowDailyK_ChartFlow,FinMind_API_TaiwanStockPrice_6763,True,2026-09-29T21:27:50,2026-09-29T21:27:50,2026-09-29T21:27:50
6763,綠界科技,2026-08-06,42.5,0.29999999999999716,0.71%,,,,,,,,,ShowDailyK_ChartFlow,FinMind_API_TaiwanStockPrice_6763,True,2026-09-29T21:27:50,2026-09-29T21:27:50,2026-09-29T21:27:50
6763,綠界科技,2026-08-07,43.65,1.1499999999999986,2.71%,,,,,,,,,ShowDailyK_ChartFlow,FinMind_API_TaiwanStockPrice_6763,True,2026-09-29T21:27:50,2026-09-29T21:27:50,2026-09-29T21:27:50
6763,綠界科技,2026-08-10,43.35,-0.29999999999999716,-0.69%,,,,,,,,,ShowDailyK_ChartFlow,FinMind_API_TaiwanStockPrice_6763,True,2026-09-29T21:27:50,2026-09-29T21:27:50,2026-09-29T21:27:50
6763,綠界科技,2026-08-11,43.0,-0.3500000000000014,-0.81%,,,,,,,,,ShowDailyK_ChartFlow,FinMind_API_TaiwanStockPrice_6763,True,2026-09-29T21:27:50,2026-09-29T21:27:50,2026-09-29T21:27:50
6763,綠界科技,2026-08-12,43.25,0.25,0.58%,,,,,,,,,ShowDailyK_ChartFlow,FinMind_API_TaiwanStockPrice_6763,True,2026-09-29T21:27:50,2026-09-29T21:27:50,2026-09-29T21:27:50
6763,綠界科技,2026-08-13,42.85,-0.3999999999999986,-0.92%,,,,,,,,,ShowDailyK_ChartFlow,FinMind_API_TaiwanStockPrice_6763,True,2026-09-29T21:27:50,2026-09-29T21:27:50,2026-09-29T21:27:50
6763,綠界科技,2026-08-14,42.2,-0.6499999999999986,-1.52%,,,,,,,,,ShowDailyK_ChartFlow,FinMind_API_TaiwanStockPrice_6763,True,2026-09-29T21:27:50,2026-09-29T21:27:50,2026-09-29T21:27:50
6763,綠界科技,2026-08-17,41.85,-0.3500000000000014,-0.83%,,,,,,,,,ShowDailyK_ChartFlow,FinMind_API_TaiwanStockPrice_6763,True,2026-09-29T21:27:50,2026-09-29T21:27:50,2026-09-29T21:27:50
6763,綠界科技,2026-08-18,41.85,0.0,0.00%,,,,,,,,,ShowDailyK_ChartFlow,FinMind_API_TaiwanStockPrice_6763,True,2026-09-29T21:27:50,2026-09-29T21:27:50,2026-09-29T21:27:50
6763,綠界科技,2026-08-19,41.9,0.04999999999999716,0.12%,,,,,,,,,ShowDailyK_ChartFlow,FinMind_API_TaiwanStockPrice_6763,True,2026-09-29T21:27:50,2026-09-29T21:27:50,2026-09-29T21:27:50
6763,綠界科技,2026-08-20,41.9,0.0,0.00%,,,,,,,,,ShowDailyK_ChartFlow,FinMind_API_TaiwanStockPrice_6763,True,2026-09-29T21:27:50,2026-09-29T21:27:50,2026-09-29T21:27:50
6763,綠界科技,2026-08-21,42.1,0.20000000000000284,0.48%,,,,,,,,,ShowDailyK_ChartFlow,FinMind_API_TaiwanStockPrice_6763,True,2026-09-29T21:27:50,2026-09-29T21:27:50,2026-09-29T21:27:50
6763,綠界科技,2026-08-24,41.9,-0.20000000000000284,-0.48%,,,,,,,,,ShowDailyK_ChartFlow,FinMind_API_TaiwanStockPrice_6763,True,2026-09-29T21:27:50,2026-09-29T21:27:50,2026-09-29T21:27:50
6763,綠界科技,2026-08-25,41.7,-0.19999999999999574,-0.48%,,,,,,,,,ShowDailyK_ChartFlow,FinMind_API_TaiwanStockPrice_6763,True,2026-09-29T21:27:50,2026-09-29T21:27:50,2026-09-29T21:27:50
6763,綠界科技,2026-08-26,41.85,0.14999999999999858,0.36%,,,,,,,,,ShowDailyK_ChartFlow,FinMind_API_TaiwanStockPrice_6763,True,2026-09-29T21:27:50,2026-09-29T21:27:50,2026-09-29T21:27:50
6763,綠界科技,2026-08-27,42.2,0.3500000000000014,0.84%,,,,,,,,,ShowDailyK_ChartFlow,FinMind_API_TaiwanStockPrice_6763,True,2026-09-29T21:27:50,2026-09-29T21:27:50,2026-09-29T21:27:50
6763,綠界科技,2026-08-28,41.85,-0.3500000000000014,-0.83%,,,,,,,,,ShowDailyK_ChartFlow,FinMind_API_TaiwanStockPrice_6763,True,2026-09-29T21:27:50,2026-09-29T21:27:50,2026-09-29T21:27:50
6763,綠界科技,2026-08-31,41.55,-0.30000000000000426,-0.72%,,,,,,,,,ShowDailyK_ChartFlow,FinMind_API_TaiwanStockPrice_6763,True,2026-09-29T21:27:50,2026-09-29T21:27:50,2026-09-29T21:27:50
6763,綠界科技,2026-09-01,41.35,-0.19999999999999574,-0.48%,,,,,,,,,ShowDailyK_ChartFlow,FinMind_API_TaiwanStockPrice_6763,True,2026-09-29T21:27:50,2026-09-29T21:27:50,2026-09-29T21:27:50
6763,綠界科技,2026-09-02,41.0,-0.3500000000000014,-0.85%,,,,,,,,,ShowDailyK_ChartFlow,FinMind_API_TaiwanStockPrice_6763,True,2026-09-29T21:27:50,2026-09-29T21:27:50,2026-09-29T21:27:50
6763,綠界科技,2026-09-03,40.8,-0.20000000000000284,-0.49%,,,,,,,,,ShowDailyK_ChartFlow,FinMind_API_TaiwanStockPrice_6763,True,2026-09-29T21:27:50,2026-09-29T21:27:50,2026-09-29T21:27:50
6763,綠界科技,2026-09-04,41.25,0.45000000000000284,1.10%,,,,,,,,,ShowDailyK_ChartFlow,FinMind_API_TaiwanStockPrice_6763,True,2026-09-29T21:27:50,2026-09-29T21:27:50,2026-09-29T21:27:50
6763,綠界科技,2026-09-07,40.9,-0.3500000000000014,-0.85%,,,,,,,,,ShowDailyK_ChartFlow,FinMind_API_TaiwanStockPrice_6763,True,2026-09-29T21:27:50,2026-09-29T21:27:50,2026-09-29T21:27:50
6763,綠界科技,2026-09-08,41.0,0.10000000000000142,0.24%,,,,,,,,,ShowDailyK_ChartFlow,FinMind_API_TaiwanStockPrice_6763,True,2026-09-29T21:27:50,2026-09-29T21:27:50,2026-09-29T21:27:50
6763,綠界科技,2026-09-09,40.9,-0.10000000000000142,-0.24%,,,,,,,,,ShowDailyK_ChartFlow,FinMind_API_TaiwanStockPrice_6763,True,2026-09-29T21:27:50,2026-09-29T21:27:50,2026-09-29T21:27:50
6763,綠界科技,2026-09-10,40.65,-0.25,-0.61%,,,,,,,,,ShowDailyK_ChartFlow,FinMind_API_TaiwanStockPrice_6763,True,2026-09-29T21:27:50,2026-09-29T21:27:50,2026-09-29T21:27:50
6763,綠界科技,2026-09-11,40.55,-0.10000000000000142,-0.25%,,,,,,,,,ShowDailyK_ChartFlow,FinMind_API_TaiwanStockPrice_6763,True,2026-09-29T21:27:50,2026-09-29T21:27:50,2026-09-29T21:27:50
6763,綠界科技,2026-09-14,41.1,0.5500000000000043,1.36%,,,,,,,,,ShowDailyK_ChartFlow,FinMind_API_TaiwanStockPrice_6763,True,2026-09-29T21:27:50,2026-09-29T21:27:50,2026-09-29T21:27:50
6763,綠界科技,2026-09-15,40.9,-0.20000000000000284,-0.49%,,,,,,,,,ShowDailyK_ChartFlow,FinMind_API_TaiwanStockPrice_6763,True,2026-09-29T21:27:50,2026-09-29T21:27:50,2026-09-29T21:27:50
6763,綠界科技,2026-09-16,41.0,0.10000000000000142,0.24%,,,,,,,,,ShowDailyK_ChartFlow,FinMind_API_TaiwanStockPrice_6763,True,2026-09-29T21:27:50,2026-09-29T21:27:50,2026-09-29T21:27:50
6763,綠界科技,2026-09-17,41.3,0.29999999999999716,0.73%,,,,,,,,,ShowDailyK_ChartFlow,FinMind_API_TaiwanStockPrice_6763,True,2026-09-29T21:27:50,2026-09-29T21:27:50,2026-09-29T21:27:50
6763,綠界科技,2026-09-18,41.35,0.05000000000000426,0.12%,,,,,,,,,ShowDailyK_ChartFlow,FinMind_API_TaiwanStockPrice_6763,True,2026-09-29T21:27:50,2026-09-29T21:27:50,2026-09-29T21:27:50
6763,綠界科技,2026-09-21,41.35,0.0,0.00%,,,,,,,,,ShowDailyK_ChartFlow,FinMind_API_TaiwanStockPrice_6763,True,2026-09-29T21:27:50,2026-09-29T21:27:50,2026-09-29T21:27:50
6763,綠界科技,2026-09-22,41.6,0.25,0.60%,,,,,,,,,ShowDailyK_ChartFlow,FinMind_API_TaiwanStockPrice_6763,True,2026-09-29T21:27:50,2026-09-29T21:27:50,2026-09-29T21:27:50
6763,綠界科技,2026-09-23,41.85,0.25,0.60%,,,,,,,,,ShowDailyK_ChartFlow,FinMind_API_TaiwanStockPrice_6763,True,2026-09-29T21:27:50,2026-09-29T21:27:50,2026-09-29T21:27:50
6763,綠界科技,2026-09-24,41.4,-0.45000000000000284,-1.08%,,,,,,,,,ShowDailyK_ChartFlow,FinMind_API_TaiwanStockPrice_6763,True,2026-09-29T21:27:50,2026-09-29T21:27:50,2026-09-29T21:27:50
6763,綠界科技,2026-09-29,41.15,-0.25,-0.60%,,,,,,,,,ShowDailyK_ChartFlow,FinMind_API_TaiwanStockPrice_6763,True,2026-09-29T21:27:50,2026-09-29T21:27:50,2026-09-29T21:27:50
