stock_code,company_name,交易_日期,收盤價_元,漲跌價_元,漲跌幅_pct,河流圖_eps_元,目前_per_倍,本益比試算價格_15x_元,本益比試算價格_18x_元,本益比試算價格_21x_元,本益比試算價格_24x_元,本益比試算價格_27x_元,本益比試算價格_30x_元,file_type,source_file,download_success,download_timestamp,process_timestamp,stage1_process_timestamp
3293,鈊象,2021-01-04,779.0,,,,,,,,,,,ShowDailyK_ChartFlow,FinMind_API_TaiwanStockPrice_3293,True,2026-09-29T21:28:43,2026-09-29T21:28:43,2026-09-29T21:28:43
3293,鈊象,2021-01-05,763.0,-16.0,-2.05%,,,,,,,,,ShowDailyK_ChartFlow,FinMind_API_TaiwanStockPrice_3293,True,2026-09-29T21:28:43,2026-09-29T21:28:43,2026-09-29T21:28:43
3293,鈊象,2021-01-06,742.0,-21.0,-2.75%,,,,,,,,,ShowDailyK_ChartFlow,FinMind_API_TaiwanStockPrice_3293,True,2026-09-29T21:28:43,2026-09-29T21:28:43,2026-09-29T21:28:43
3293,鈊象,2021-01-07,769.0,27.0,3.64%,,,,,,,,,ShowDailyK_ChartFlow,FinMind_API_TaiwanStockPrice_3293,True,2026-09-29T21:28:43,2026-09-29T21:28:43,2026-09-29T21:28:43
3293,鈊象,2021-01-08,785.0,16.0,2.08%,,,,,,,,,ShowDailyK_ChartFlow,FinMind_API_TaiwanStockPrice_3293,True,2026-09-29T21:28:43,2026-09-29T21:28:43,2026-09-29T21:28:43
3293,鈊象,2021-01-11,788.0,3.0,0.38%,,,,,,,,,ShowDailyK_ChartFlow,FinMind_API_TaiwanStockPrice_3293,True,2026-09-29T21:28:43,2026-09-29T21:28:43,2026-09-29T21:28:43
3293,鈊象,2021-01-12,780.0,-8.0,-1.02%,,,,,,,,,ShowDailyK_ChartFlow,FinMind_API_TaiwanStockPrice_3293,True,2026-09-29T21:28:43,2026-09-29T21:28:43,2026-09-29T21:28:43
3293,鈊象,2021-01-13,790.0,10.0,1.28%,,,,,,,,,ShowDailyK_ChartFlow,FinMind_API_TaiwanStockPrice_3293,True,2026-09-29T21:28:43,2026-09-29T21:28:43,2026-09-29T21:28:43
3293,鈊象,2021-01-14,776.0,-14.0,-1.77%,,,,,,,,,ShowDailyK_ChartFlow,FinMind_API_TaiwanStockPrice_3293,True,2026-09-29T21:28:43,2026-09-29T21:28:43,2026-09-29T21:28:43
3293,鈊象,2021-01-15,763.0,-13.0,-1.68%,,,,,,,,,ShowDailyK_ChartFlow,FinMind_API_TaiwanStockPrice_3293,True,2026-09-29T21:28:43,2026-09-29T21:28:43,2026-09-29T21:28:43
3293,鈊象,2021-01-18,774.0,11.0,1.44%,,,,,,,,,ShowDailyK_ChartFlow,FinMind_API_TaiwanStockPrice_3293,True,2026-09-29T21:28:43,2026-09-29T21:28:43,2026-09-29T21:28:43
3293,鈊象,2021-01-19,770.0,-4.0,-0.52%,,,,,,,,,ShowDailyK_ChartFlow,FinMind_API_TaiwanStockPrice_3293,True,2026-09-29T21:28:43,2026-09-29T21:28:43,2026-09-29T21:28:43
3293,鈊象,2021-01-20,791.0,21.0,2.73%,,,,,,,,,ShowDailyK_ChartFlow,FinMind_API_TaiwanStockPrice_3293,True,2026-09-29T21:28:43,2026-09-29T21:28:43,2026-09-29T21:28:43
3293,鈊象,2021-01-21,789.0,-2.0,-0.25%,,,,,,,,,ShowDailyK_ChartFlow,FinMind_API_TaiwanStockPrice_3293,True,2026-09-29T21:28:43,2026-09-29T21:28:43,2026-09-29T21:28:43
3293,鈊象,2021-01-22,810.0,21.0,2.66%,,,,,,,,,ShowDailyK_ChartFlow,FinMind_API_TaiwanStockPrice_3293,True,2026-09-29T21:28:43,2026-09-29T21:28:43,2026-09-29T21:28:43
3293,鈊象,2021-01-25,856.0,46.0,5.68%,,,,,,,,,ShowDailyK_ChartFlow,FinMind_API_TaiwanStockPrice_3293,True,2026-09-29T21:28:43,2026-09-29T21:28:43,2026-09-29T21:28:43
3293,鈊象,2021-01-26,843.0,-13.0,-1.52%,,,,,,,,,ShowDailyK_ChartFlow,FinMind_API_TaiwanStockPrice_3293,True,2026-09-29T21:28:43,2026-09-29T21:28:43,2026-09-29T21:28:43
3293,鈊象,2021-01-27,843.0,0.0,0.00%,,,,,,,,,ShowDailyK_ChartFlow,FinMind_API_TaiwanStockPrice_3293,True,2026-09-29T21:28:43,2026-09-29T21:28:43,2026-09-29T21:28:43
3293,鈊象,2021-01-28,808.0,-35.0,-4.15%,,,,,,,,,ShowDailyK_ChartFlow,FinMind_API_TaiwanStockPrice_3293,True,2026-09-29T21:28:43,2026-09-29T21:28:43,2026-09-29T21:28:43
3293,鈊象,2021-01-29,776.0,-32.0,-3.96%,,,,,,,,,ShowDailyK_ChartFlow,FinMind_API_TaiwanStockPrice_3293,True,2026-09-29T21:28:43,2026-09-29T21:28:43,2026-09-29T21:28:43
3293,鈊象,2021-02-01,777.0,1.0,0.13%,,,,,,,,,ShowDailyK_ChartFlow,FinMind_API_TaiwanStockPrice_3293,True,2026-09-29T21:28:43,2026-09-29T21:28:43,2026-09-29T21:28:43
3293,鈊象,2021-02-02,805.0,28.0,3.60%,,,,,,,,,ShowDailyK_ChartFlow,FinMind_API_TaiwanStockPrice_3293,True,2026-09-29T21:28:43,2026-09-29T21:28:43,2026-09-29T21:28:43
3293,鈊象,2021-02-03,832.0,27.0,3.35%,,,,,,,,,ShowDailyK_ChartFlow,FinMind_API_TaiwanStockPrice_3293,True,2026-09-29T21:28:43,2026-09-29T21:28:43,2026-09-29T21:28:43
3293,鈊象,2021-02-04,806.0,-26.0,-3.12%,,,,,,,,,ShowDailyK_ChartFlow,FinMind_API_TaiwanStockPrice_3293,True,2026-09-29T21:28:43,2026-09-29T21:28:43,2026-09-29T21:28:43
3293,鈊象,2021-02-05,808.0,2.0,0.25%,,,,,,,,,ShowDailyK_ChartFlow,FinMind_API_TaiwanStockPrice_3293,True,2026-09-29T21:28:43,2026-09-29T21:28:43,2026-09-29T21:28:43
3293,鈊象,2021-02-17,812.0,4.0,0.50%,,,,,,,,,ShowDailyK_ChartFlow,FinMind_API_TaiwanStockPrice_3293,True,2026-09-29T21:28:43,2026-09-29T21:28:43,2026-09-29T21:28:43
3293,鈊象,2021-02-18,850.0,38.0,4.68%,,,,,,,,,ShowDailyK_ChartFlow,FinMind_API_TaiwanStockPrice_3293,True,2026-09-29T21:28:43,2026-09-29T21:28:43,2026-09-29T21:28:43
3293,鈊象,2021-02-19,828.0,-22.0,-2.59%,,,,,,,,,ShowDailyK_ChartFlow,FinMind_API_TaiwanStockPrice_3293,True,2026-09-29T21:28:43,2026-09-29T21:28:43,2026-09-29T21:28:43
3293,鈊象,2021-02-22,855.0,27.0,3.26%,,,,,,,,,ShowDailyK_ChartFlow,FinMind_API_TaiwanStockPrice_3293,True,2026-09-29T21:28:43,2026-09-29T21:28:43,2026-09-29T21:28:43
3293,鈊象,2021-02-23,846.0,-9.0,-1.05%,,,,,,,,,ShowDailyK_ChartFlow,FinMind_API_TaiwanStockPrice_3293,True,2026-09-29T21:28:43,2026-09-29T21:28:43,2026-09-29T21:28:43
3293,鈊象,2021-02-24,837.0,-9.0,-1.06%,,,,,,,,,ShowDailyK_ChartFlow,FinMind_API_TaiwanStockPrice_3293,True,2026-09-29T21:28:43,2026-09-29T21:28:43,2026-09-29T21:28:43
3293,鈊象,2021-02-25,859.0,22.0,2.63%,,,,,,,,,ShowDailyK_ChartFlow,FinMind_API_TaiwanStockPrice_3293,True,2026-09-29T21:28:43,2026-09-29T21:28:43,2026-09-29T21:28:43
3293,鈊象,2021-02-26,828.0,-31.0,-3.61%,,,,,,,,,ShowDailyK_ChartFlow,FinMind_API_TaiwanStockPrice_3293,True,2026-09-29T21:28:43,2026-09-29T21:28:43,2026-09-29T21:28:43
3293,鈊象,2021-03-02,746.0,-82.0,-9.90%,,,,,,,,,ShowDailyK_ChartFlow,FinMind_API_TaiwanStockPrice_3293,True,2026-09-29T21:28:43,2026-09-29T21:28:43,2026-09-29T21:28:43
3293,鈊象,2021-03-03,753.0,7.0,0.94%,,,,,,,,,ShowDailyK_ChartFlow,FinMind_API_TaiwanStockPrice_3293,True,2026-09-29T21:28:43,2026-09-29T21:28:43,2026-09-29T21:28:43
3293,鈊象,2021-03-04,735.0,-18.0,-2.39%,,,,,,,,,ShowDailyK_ChartFlow,FinMind_API_TaiwanStockPrice_3293,True,2026-09-29T21:28:43,2026-09-29T21:28:43,2026-09-29T21:28:43
3293,鈊象,2021-03-05,748.0,13.0,1.77%,,,,,,,,,ShowDailyK_ChartFlow,FinMind_API_TaiwanStockPrice_3293,True,2026-09-29T21:28:43,2026-09-29T21:28:43,2026-09-29T21:28:43
3293,鈊象,2021-03-08,748.0,0.0,0.00%,,,,,,,,,ShowDailyK_ChartFlow,FinMind_API_TaiwanStockPrice_3293,True,2026-09-29T21:28:43,2026-09-29T21:28:43,2026-09-29T21:28:43
3293,鈊象,2021-03-09,752.0,4.0,0.53%,,,,,,,,,ShowDailyK_ChartFlow,FinMind_API_TaiwanStockPrice_3293,True,2026-09-29T21:28:43,2026-09-29T21:28:43,2026-09-29T21:28:43
3293,鈊象,2021-03-10,761.0,9.0,1.20%,,,,,,,,,ShowDailyK_ChartFlow,FinMind_API_TaiwanStockPrice_3293,True,2026-09-29T21:28:43,2026-09-29T21:28:43,2026-09-29T21:28:43
3293,鈊象,2021-03-11,762.0,1.0,0.13%,,,,,,,,,ShowDailyK_ChartFlow,FinMind_API_TaiwanStockPrice_3293,True,2026-09-29T21:28:43,2026-09-29T21:28:43,2026-09-29T21:28:43
3293,鈊象,2021-03-12,754.0,-8.0,-1.05%,,,,,,,,,ShowDailyK_ChartFlow,FinMind_API_TaiwanStockPrice_3293,True,2026-09-29T21:28:43,2026-09-29T21:28:43,2026-09-29T21:28:43
3293,鈊象,2021-03-15,747.0,-7.0,-0.93%,,,,,,,,,ShowDailyK_ChartFlow,FinMind_API_TaiwanStockPrice_3293,True,2026-09-29T21:28:43,2026-09-29T21:28:43,2026-09-29T21:28:43
3293,鈊象,2021-03-16,757.0,10.0,1.34%,,,,,,,,,ShowDailyK_ChartFlow,FinMind_API_TaiwanStockPrice_3293,True,2026-09-29T21:28:43,2026-09-29T21:28:43,2026-09-29T21:28:43
3293,鈊象,2021-03-17,750.0,-7.0,-0.92%,,,,,,,,,ShowDailyK_ChartFlow,FinMind_API_TaiwanStockPrice_3293,True,2026-09-29T21:28:43,2026-09-29T21:28:43,2026-09-29T21:28:43
3293,鈊象,2021-03-18,744.0,-6.0,-0.80%,,,,,,,,,ShowDailyK_ChartFlow,FinMind_API_TaiwanStockPrice_3293,True,2026-09-29T21:28:43,2026-09-29T21:28:43,2026-09-29T21:28:43
3293,鈊象,2021-03-19,730.0,-14.0,-1.88%,,,,,,,,,ShowDailyK_ChartFlow,FinMind_API_TaiwanStockPrice_3293,True,2026-09-29T21:28:43,2026-09-29T21:28:43,2026-09-29T21:28:43
3293,鈊象,2021-03-22,750.0,20.0,2.74%,,,,,,,,,ShowDailyK_ChartFlow,FinMind_API_TaiwanStockPrice_3293,True,2026-09-29T21:28:43,2026-09-29T21:28:43,2026-09-29T21:28:43
3293,鈊象,2021-03-23,740.0,-10.0,-1.33%,,,,,,,,,ShowDailyK_ChartFlow,FinMind_API_TaiwanStockPrice_3293,True,2026-09-29T21:28:43,2026-09-29T21:28:43,2026-09-29T21:28:43
3293,鈊象,2021-03-24,744.0,4.0,0.54%,,,,,,,,,ShowDailyK_ChartFlow,FinMind_API_TaiwanStockPrice_3293,True,2026-09-29T21:28:43,2026-09-29T21:28:43,2026-09-29T21:28:43
3293,鈊象,2021-03-25,731.0,-13.0,-1.75%,,,,,,,,,ShowDailyK_ChartFlow,FinMind_API_TaiwanStockPrice_3293,True,2026-09-29T21:28:43,2026-09-29T21:28:43,2026-09-29T21:28:43
3293,鈊象,2021-03-26,739.0,8.0,1.09%,,,,,,,,,ShowDailyK_ChartFlow,FinMind_API_TaiwanStockPrice_3293,True,2026-09-29T21:28:43,2026-09-29T21:28:43,2026-09-29T21:28:43
3293,鈊象,2021-03-29,750.0,11.0,1.49%,,,,,,,,,ShowDailyK_ChartFlow,FinMind_API_TaiwanStockPrice_3293,True,2026-09-29T21:28:43,2026-09-29T21:28:43,2026-09-29T21:28:43
3293,鈊象,2021-03-30,753.0,3.0,0.40%,,,,,,,,,ShowDailyK_ChartFlow,FinMind_API_TaiwanStockPrice_3293,True,2026-09-29T21:28:43,2026-09-29T21:28:43,2026-09-29T21:28:43
3293,鈊象,2021-03-31,759.0,6.0,0.80%,,,,,,,,,ShowDailyK_ChartFlow,FinMind_API_TaiwanStockPrice_3293,True,2026-09-29T21:28:43,2026-09-29T21:28:43,2026-09-29T21:28:43
3293,鈊象,2021-04-01,760.0,1.0,0.13%,,,,,,,,,ShowDailyK_ChartFlow,FinMind_API_TaiwanStockPrice_3293,True,2026-09-29T21:28:43,2026-09-29T21:28:43,2026-09-29T21:28:43
3293,鈊象,2021-04-06,768.0,8.0,1.05%,,,,,,,,,ShowDailyK_ChartFlow,FinMind_API_TaiwanStockPrice_3293,True,2026-09-29T21:28:43,2026-09-29T21:28:43,2026-09-29T21:28:43
3293,鈊象,2021-04-07,757.0,-11.0,-1.43%,,,,,,,,,ShowDailyK_ChartFlow,FinMind_API_TaiwanStockPrice_3293,True,2026-09-29T21:28:43,2026-09-29T21:28:43,2026-09-29T21:28:43
3293,鈊象,2021-04-08,770.0,13.0,1.72%,,,,,,,,,ShowDailyK_ChartFlow,FinMind_API_TaiwanStockPrice_3293,True,2026-09-29T21:28:43,2026-09-29T21:28:43,2026-09-29T21:28:43
3293,鈊象,2021-04-09,790.0,20.0,2.60%,,,,,,,,,ShowDailyK_ChartFlow,FinMind_API_TaiwanStockPrice_3293,True,2026-09-29T21:28:43,2026-09-29T21:28:43,2026-09-29T21:28:43
3293,鈊象,2021-04-12,769.0,-21.0,-2.66%,,,,,,,,,ShowDailyK_ChartFlow,FinMind_API_TaiwanStockPrice_3293,True,2026-09-29T21:28:43,2026-09-29T21:28:43,2026-09-29T21:28:43
3293,鈊象,2021-04-13,773.0,4.0,0.52%,,,,,,,,,ShowDailyK_ChartFlow,FinMind_API_TaiwanStockPrice_3293,True,2026-09-29T21:28:43,2026-09-29T21:28:43,2026-09-29T21:28:43
3293,鈊象,2021-04-14,760.0,-13.0,-1.68%,,,,,,,,,ShowDailyK_ChartFlow,FinMind_API_TaiwanStockPrice_3293,True,2026-09-29T21:28:43,2026-09-29T21:28:43,2026-09-29T21:28:43
3293,鈊象,2021-04-15,769.0,9.0,1.18%,,,,,,,,,ShowDailyK_ChartFlow,FinMind_API_TaiwanStockPrice_3293,True,2026-09-29T21:28:43,2026-09-29T21:28:43,2026-09-29T21:28:43
3293,鈊象,2021-04-16,786.0,17.0,2.21%,,,,,,,,,ShowDailyK_ChartFlow,FinMind_API_TaiwanStockPrice_3293,True,2026-09-29T21:28:43,2026-09-29T21:28:43,2026-09-29T21:28:43
3293,鈊象,2021-04-19,786.0,0.0,0.00%,,,,,,,,,ShowDailyK_ChartFlow,FinMind_API_TaiwanStockPrice_3293,True,2026-09-29T21:28:43,2026-09-29T21:28:43,2026-09-29T21:28:43
3293,鈊象,2021-04-20,778.0,-8.0,-1.02%,,,,,,,,,ShowDailyK_ChartFlow,FinMind_API_TaiwanStockPrice_3293,True,2026-09-29T21:28:43,2026-09-29T21:28:43,2026-09-29T21:28:43
3293,鈊象,2021-04-21,765.0,-13.0,-1.67%,,,,,,,,,ShowDailyK_ChartFlow,FinMind_API_TaiwanStockPrice_3293,True,2026-09-29T21:28:43,2026-09-29T21:28:43,2026-09-29T21:28:43
3293,鈊象,2021-04-22,753.0,-12.0,-1.57%,,,,,,,,,ShowDailyK_ChartFlow,FinMind_API_TaiwanStockPrice_3293,True,2026-09-29T21:28:43,2026-09-29T21:28:43,2026-09-29T21:28:43
3293,鈊象,2021-04-23,761.0,8.0,1.06%,,,,,,,,,ShowDailyK_ChartFlow,FinMind_API_TaiwanStockPrice_3293,True,2026-09-29T21:28:43,2026-09-29T21:28:43,2026-09-29T21:28:43
3293,鈊象,2021-04-26,761.0,0.0,0.00%,,,,,,,,,ShowDailyK_ChartFlow,FinMind_API_TaiwanStockPrice_3293,True,2026-09-29T21:28:43,2026-09-29T21:28:43,2026-09-29T21:28:43
3293,鈊象,2021-04-27,760.0,-1.0,-0.13%,,,,,,,,,ShowDailyK_ChartFlow,FinMind_API_TaiwanStockPrice_3293,True,2026-09-29T21:28:43,2026-09-29T21:28:43,2026-09-29T21:28:43
3293,鈊象,2021-04-28,755.0,-5.0,-0.66%,,,,,,,,,ShowDailyK_ChartFlow,FinMind_API_TaiwanStockPrice_3293,True,2026-09-29T21:28:43,2026-09-29T21:28:43,2026-09-29T21:28:43
3293,鈊象,2021-04-29,773.0,18.0,2.38%,,,,,,,,,ShowDailyK_ChartFlow,FinMind_API_TaiwanStockPrice_3293,True,2026-09-29T21:28:43,2026-09-29T21:28:43,2026-09-29T21:28:43
3293,鈊象,2021-05-03,782.0,9.0,1.16%,,,,,,,,,ShowDailyK_ChartFlow,FinMind_API_TaiwanStockPrice_3293,True,2026-09-29T21:28:43,2026-09-29T21:28:43,2026-09-29T21:28:43
3293,鈊象,2021-05-04,748.0,-34.0,-4.35%,,,,,,,,,ShowDailyK_ChartFlow,FinMind_API_TaiwanStockPrice_3293,True,2026-09-29T21:28:43,2026-09-29T21:28:43,2026-09-29T21:28:43
3293,鈊象,2021-05-05,743.0,-5.0,-0.67%,,,,,,,,,ShowDailyK_ChartFlow,FinMind_API_TaiwanStockPrice_3293,True,2026-09-29T21:28:43,2026-09-29T21:28:43,2026-09-29T21:28:43
3293,鈊象,2021-05-06,723.0,-20.0,-2.69%,,,,,,,,,ShowDailyK_ChartFlow,FinMind_API_TaiwanStockPrice_3293,True,2026-09-29T21:28:43,2026-09-29T21:28:43,2026-09-29T21:28:43
3293,鈊象,2021-05-07,755.0,32.0,4.43%,,,,,,,,,ShowDailyK_ChartFlow,FinMind_API_TaiwanStockPrice_3293,True,2026-09-29T21:28:43,2026-09-29T21:28:43,2026-09-29T21:28:43
3293,鈊象,2021-05-10,749.0,-6.0,-0.79%,,,,,,,,,ShowDailyK_ChartFlow,FinMind_API_TaiwanStockPrice_3293,True,2026-09-29T21:28:43,2026-09-29T21:28:43,2026-09-29T21:28:43
3293,鈊象,2021-05-11,730.0,-19.0,-2.54%,,,,,,,,,ShowDailyK_ChartFlow,FinMind_API_TaiwanStockPrice_3293,True,2026-09-29T21:28:43,2026-09-29T21:28:43,2026-09-29T21:28:43
3293,鈊象,2021-05-12,759.0,29.0,3.97%,,,,,,,,,ShowDailyK_ChartFlow,FinMind_API_TaiwanStockPrice_3293,True,2026-09-29T21:28:43,2026-09-29T21:28:43,2026-09-29T21:28:43
3293,鈊象,2021-05-13,742.0,-17.0,-2.24%,,,,,,,,,ShowDailyK_ChartFlow,FinMind_API_TaiwanStockPrice_3293,True,2026-09-29T21:28:43,2026-09-29T21:28:43,2026-09-29T21:28:43
3293,鈊象,2021-05-14,737.0,-5.0,-0.67%,,,,,,,,,ShowDailyK_ChartFlow,FinMind_API_TaiwanStockPrice_3293,True,2026-09-29T21:28:43,2026-09-29T21:28:43,2026-09-29T21:28:43
3293,鈊象,2021-05-17,794.0,57.0,7.73%,,,,,,,,,ShowDailyK_ChartFlow,FinMind_API_TaiwanStockPrice_3293,True,2026-09-29T21:28:43,2026-09-29T21:28:43,2026-09-29T21:28:43
3293,鈊象,2021-05-18,796.0,2.0,0.25%,,,,,,,,,ShowDailyK_ChartFlow,FinMind_API_TaiwanStockPrice_3293,True,2026-09-29T21:28:43,2026-09-29T21:28:43,2026-09-29T21:28:43
3293,鈊象,2021-05-19,783.0,-13.0,-1.63%,,,,,,,,,ShowDailyK_ChartFlow,FinMind_API_TaiwanStockPrice_3293,True,2026-09-29T21:28:43,2026-09-29T21:28:43,2026-09-29T21:28:43
3293,鈊象,2021-05-20,787.0,4.0,0.51%,,,,,,,,,ShowDailyK_ChartFlow,FinMind_API_TaiwanStockPrice_3293,True,2026-09-29T21:28:43,2026-09-29T21:28:43,2026-09-29T21:28:43
3293,鈊象,2021-05-21,822.0,35.0,4.45%,,,,,,,,,ShowDailyK_ChartFlow,FinMind_API_TaiwanStockPrice_3293,True,2026-09-29T21:28:43,2026-09-29T21:28:43,2026-09-29T21:28:43
3293,鈊象,2021-05-24,823.0,1.0,0.12%,,,,,,,,,ShowDailyK_ChartFlow,FinMind_API_TaiwanStockPrice_3293,True,2026-09-29T21:28:43,2026-09-29T21:28:43,2026-09-29T21:28:43
3293,鈊象,2021-05-25,859.0,36.0,4.37%,,,,,,,,,ShowDailyK_ChartFlow,FinMind_API_TaiwanStockPrice_3293,True,2026-09-29T21:28:43,2026-09-29T21:28:43,2026-09-29T21:28:43
3293,鈊象,2021-05-26,875.0,16.0,1.86%,,,,,,,,,ShowDailyK_ChartFlow,FinMind_API_TaiwanStockPrice_3293,True,2026-09-29T21:28:43,2026-09-29T21:28:43,2026-09-29T21:28:43
3293,鈊象,2021-05-27,903.0,28.0,3.20%,,,,,,,,,ShowDailyK_ChartFlow,FinMind_API_TaiwanStockPrice_3293,True,2026-09-29T21:28:43,2026-09-29T21:28:43,2026-09-29T21:28:43
3293,鈊象,2021-05-28,932.0,29.0,3.21%,,,,,,,,,ShowDailyK_ChartFlow,FinMind_API_TaiwanStockPrice_3293,True,2026-09-29T21:28:43,2026-09-29T21:28:43,2026-09-29T21:28:43
3293,鈊象,2021-05-31,920.0,-12.0,-1.29%,,,,,,,,,ShowDailyK_ChartFlow,FinMind_API_TaiwanStockPrice_3293,True,2026-09-29T21:28:43,2026-09-29T21:28:43,2026-09-29T21:28:43
3293,鈊象,2021-06-01,946.0,26.0,2.83%,,,,,,,,,ShowDailyK_ChartFlow,FinMind_API_TaiwanStockPrice_3293,True,2026-09-29T21:28:43,2026-09-29T21:28:43,2026-09-29T21:28:43
3293,鈊象,2021-06-02,910.0,-36.0,-3.81%,,,,,,,,,ShowDailyK_ChartFlow,FinMind_API_TaiwanStockPrice_3293,True,2026-09-29T21:28:43,2026-09-29T21:28:43,2026-09-29T21:28:43
3293,鈊象,2021-06-03,929.0,19.0,2.09%,,,,,,,,,ShowDailyK_ChartFlow,FinMind_API_TaiwanStockPrice_3293,True,2026-09-29T21:28:43,2026-09-29T21:28:43,2026-09-29T21:28:43
3293,鈊象,2021-06-04,930.0,1.0,0.11%,,,,,,,,,ShowDailyK_ChartFlow,FinMind_API_TaiwanStockPrice_3293,True,2026-09-29T21:28:43,2026-09-29T21:28:43,2026-09-29T21:28:43
3293,鈊象,2021-06-07,940.0,10.0,1.08%,,,,,,,,,ShowDailyK_ChartFlow,FinMind_API_TaiwanStockPrice_3293,True,2026-09-29T21:28:43,2026-09-29T21:28:43,2026-09-29T21:28:43
3293,鈊象,2021-06-08,928.0,-12.0,-1.28%,,,,,,,,,ShowDailyK_ChartFlow,FinMind_API_TaiwanStockPrice_3293,True,2026-09-29T21:28:43,2026-09-29T21:28:43,2026-09-29T21:28:43
3293,鈊象,2021-06-09,916.0,-12.0,-1.29%,,,,,,,,,ShowDailyK_ChartFlow,FinMind_API_TaiwanStockPrice_3293,True,2026-09-29T21:28:43,2026-09-29T21:28:43,2026-09-29T21:28:43
3293,鈊象,2021-06-10,919.0,3.0,0.33%,,,,,,,,,ShowDailyK_ChartFlow,FinMind_API_TaiwanStockPrice_3293,True,2026-09-29T21:28:43,2026-09-29T21:28:43,2026-09-29T21:28:43
3293,鈊象,2021-06-11,910.0,-9.0,-0.98%,,,,,,,,,ShowDailyK_ChartFlow,FinMind_API_TaiwanStockPrice_3293,True,2026-09-29T21:28:43,2026-09-29T21:28:43,2026-09-29T21:28:43
3293,鈊象,2021-06-15,927.0,17.0,1.87%,,,,,,,,,ShowDailyK_ChartFlow,FinMind_API_TaiwanStockPrice_3293,True,2026-09-29T21:28:43,2026-09-29T21:28:43,2026-09-29T21:28:43
3293,鈊象,2021-06-16,898.0,-29.0,-3.13%,,,,,,,,,ShowDailyK_ChartFlow,FinMind_API_TaiwanStockPrice_3293,True,2026-09-29T21:28:43,2026-09-29T21:28:43,2026-09-29T21:28:43
3293,鈊象,2021-06-17,845.0,-53.0,-5.90%,,,,,,,,,ShowDailyK_ChartFlow,FinMind_API_TaiwanStockPrice_3293,True,2026-09-29T21:28:43,2026-09-29T21:28:43,2026-09-29T21:28:43
3293,鈊象,2021-06-18,858.0,13.0,1.54%,,,,,,,,,ShowDailyK_ChartFlow,FinMind_API_TaiwanStockPrice_3293,True,2026-09-29T21:28:43,2026-09-29T21:28:43,2026-09-29T21:28:43
3293,鈊象,2021-06-21,851.0,-7.0,-0.82%,,,,,,,,,ShowDailyK_ChartFlow,FinMind_API_TaiwanStockPrice_3293,True,2026-09-29T21:28:43,2026-09-29T21:28:43,2026-09-29T21:28:43
3293,鈊象,2021-06-22,858.0,7.0,0.82%,,,,,,,,,ShowDailyK_ChartFlow,FinMind_API_TaiwanStockPrice_3293,True,2026-09-29T21:28:43,2026-09-29T21:28:43,2026-09-29T21:28:43
3293,鈊象,2021-06-23,855.0,-3.0,-0.35%,,,,,,,,,ShowDailyK_ChartFlow,FinMind_API_TaiwanStockPrice_3293,True,2026-09-29T21:28:43,2026-09-29T21:28:43,2026-09-29T21:28:43
3293,鈊象,2021-06-24,848.0,-7.0,-0.82%,,,,,,,,,ShowDailyK_ChartFlow,FinMind_API_TaiwanStockPrice_3293,True,2026-09-29T21:28:43,2026-09-29T21:28:43,2026-09-29T21:28:43
3293,鈊象,2021-06-25,846.0,-2.0,-0.24%,,,,,,,,,ShowDailyK_ChartFlow,FinMind_API_TaiwanStockPrice_3293,True,2026-09-29T21:28:43,2026-09-29T21:28:43,2026-09-29T21:28:43
3293,鈊象,2021-06-28,841.0,-5.0,-0.59%,,,,,,,,,ShowDailyK_ChartFlow,FinMind_API_TaiwanStockPrice_3293,True,2026-09-29T21:28:43,2026-09-29T21:28:43,2026-09-29T21:28:43
3293,鈊象,2021-06-29,841.0,0.0,0.00%,,,,,,,,,ShowDailyK_ChartFlow,FinMind_API_TaiwanStockPrice_3293,True,2026-09-29T21:28:43,2026-09-29T21:28:43,2026-09-29T21:28:43
3293,鈊象,2021-06-30,840.0,-1.0,-0.12%,,,,,,,,,ShowDailyK_ChartFlow,FinMind_API_TaiwanStockPrice_3293,True,2026-09-29T21:28:43,2026-09-29T21:28:43,2026-09-29T21:28:43
3293,鈊象,2021-07-01,820.0,-20.0,-2.38%,,,,,,,,,ShowDailyK_ChartFlow,FinMind_API_TaiwanStockPrice_3293,True,2026-09-29T21:28:43,2026-09-29T21:28:43,2026-09-29T21:28:43
3293,鈊象,2021-07-02,840.0,20.0,2.44%,,,,,,,,,ShowDailyK_ChartFlow,FinMind_API_TaiwanStockPrice_3293,True,2026-09-29T21:28:43,2026-09-29T21:28:43,2026-09-29T21:28:43
3293,鈊象,2021-07-05,845.0,5.0,0.60%,,,,,,,,,ShowDailyK_ChartFlow,FinMind_API_TaiwanStockPrice_3293,True,2026-09-29T21:28:43,2026-09-29T21:28:43,2026-09-29T21:28:43
3293,鈊象,2021-07-06,847.0,2.0,0.24%,,,,,,,,,ShowDailyK_ChartFlow,FinMind_API_TaiwanStockPrice_3293,True,2026-09-29T21:28:43,2026-09-29T21:28:43,2026-09-29T21:28:43
3293,鈊象,2021-07-07,846.0,-1.0,-0.12%,,,,,,,,,ShowDailyK_ChartFlow,FinMind_API_TaiwanStockPrice_3293,True,2026-09-29T21:28:43,2026-09-29T21:28:43,2026-09-29T21:28:43
3293,鈊象,2021-07-08,841.0,-5.0,-0.59%,,,,,,,,,ShowDailyK_ChartFlow,FinMind_API_TaiwanStockPrice_3293,True,2026-09-29T21:28:43,2026-09-29T21:28:43,2026-09-29T21:28:43
3293,鈊象,2021-07-09,827.0,-14.0,-1.66%,,,,,,,,,ShowDailyK_ChartFlow,FinMind_API_TaiwanStockPrice_3293,True,2026-09-29T21:28:43,2026-09-29T21:28:43,2026-09-29T21:28:43
3293,鈊象,2021-07-12,829.0,2.0,0.24%,,,,,,,,,ShowDailyK_ChartFlow,FinMind_API_TaiwanStockPrice_3293,True,2026-09-29T21:28:43,2026-09-29T21:28:43,2026-09-29T21:28:43
3293,鈊象,2021-07-13,810.0,-19.0,-2.29%,,,,,,,,,ShowDailyK_ChartFlow,FinMind_API_TaiwanStockPrice_3293,True,2026-09-29T21:28:43,2026-09-29T21:28:43,2026-09-29T21:28:43
3293,鈊象,2021-07-14,816.0,6.0,0.74%,,,,,,,,,ShowDailyK_ChartFlow,FinMind_API_TaiwanStockPrice_3293,True,2026-09-29T21:28:43,2026-09-29T21:28:43,2026-09-29T21:28:43
3293,鈊象,2021-07-15,820.0,4.0,0.49%,,,,,,,,,ShowDailyK_ChartFlow,FinMind_API_TaiwanStockPrice_3293,True,2026-09-29T21:28:43,2026-09-29T21:28:43,2026-09-29T21:28:43
3293,鈊象,2021-07-16,824.0,4.0,0.49%,,,,,,,,,ShowDailyK_ChartFlow,FinMind_API_TaiwanStockPrice_3293,True,2026-09-29T21:28:43,2026-09-29T21:28:43,2026-09-29T21:28:43
3293,鈊象,2021-07-19,818.0,-6.0,-0.73%,,,,,,,,,ShowDailyK_ChartFlow,FinMind_API_TaiwanStockPrice_3293,True,2026-09-29T21:28:43,2026-09-29T21:28:43,2026-09-29T21:28:43
3293,鈊象,2021-07-20,837.0,19.0,2.32%,,,,,,,,,ShowDailyK_ChartFlow,FinMind_API_TaiwanStockPrice_3293,True,2026-09-29T21:28:43,2026-09-29T21:28:43,2026-09-29T21:28:43
3293,鈊象,2021-07-21,815.0,-22.0,-2.63%,,,,,,,,,ShowDailyK_ChartFlow,FinMind_API_TaiwanStockPrice_3293,True,2026-09-29T21:28:43,2026-09-29T21:28:43,2026-09-29T21:28:43
3293,鈊象,2021-07-22,817.0,2.0,0.25%,,,,,,,,,ShowDailyK_ChartFlow,FinMind_API_TaiwanStockPrice_3293,True,2026-09-29T21:28:43,2026-09-29T21:28:43,2026-09-29T21:28:43
3293,鈊象,2021-07-23,830.0,13.0,1.59%,,,,,,,,,ShowDailyK_ChartFlow,FinMind_API_TaiwanStockPrice_3293,True,2026-09-29T21:28:43,2026-09-29T21:28:43,2026-09-29T21:28:43
3293,鈊象,2021-07-26,836.0,6.0,0.72%,,,,,,,,,ShowDailyK_ChartFlow,FinMind_API_TaiwanStockPrice_3293,True,2026-09-29T21:28:43,2026-09-29T21:28:43,2026-09-29T21:28:43
3293,鈊象,2021-07-27,854.0,18.0,2.15%,,,,,,,,,ShowDailyK_ChartFlow,FinMind_API_TaiwanStockPrice_3293,True,2026-09-29T21:28:43,2026-09-29T21:28:43,2026-09-29T21:28:43
3293,鈊象,2021-07-28,858.0,4.0,0.47%,,,,,,,,,ShowDailyK_ChartFlow,FinMind_API_TaiwanStockPrice_3293,True,2026-09-29T21:28:43,2026-09-29T21:28:43,2026-09-29T21:28:43
3293,鈊象,2021-07-29,853.0,-5.0,-0.58%,,,,,,,,,ShowDailyK_ChartFlow,FinMind_API_TaiwanStockPrice_3293,True,2026-09-29T21:28:43,2026-09-29T21:28:43,2026-09-29T21:28:43
3293,鈊象,2021-07-30,870.0,17.0,1.99%,,,,,,,,,ShowDailyK_ChartFlow,FinMind_API_TaiwanStockPrice_3293,True,2026-09-29T21:28:43,2026-09-29T21:28:43,2026-09-29T21:28:43
3293,鈊象,2021-08-02,863.0,-7.0,-0.80%,,,,,,,,,ShowDailyK_ChartFlow,FinMind_API_TaiwanStockPrice_3293,True,2026-09-29T21:28:43,2026-09-29T21:28:43,2026-09-29T21:28:43
3293,鈊象,2021-08-03,839.0,-24.0,-2.78%,,,,,,,,,ShowDailyK_ChartFlow,FinMind_API_TaiwanStockPrice_3293,True,2026-09-29T21:28:43,2026-09-29T21:28:43,2026-09-29T21:28:43
3293,鈊象,2021-08-04,842.0,3.0,0.36%,,,,,,,,,ShowDailyK_ChartFlow,FinMind_API_TaiwanStockPrice_3293,True,2026-09-29T21:28:43,2026-09-29T21:28:43,2026-09-29T21:28:43
3293,鈊象,2021-08-05,840.0,-2.0,-0.24%,,,,,,,,,ShowDailyK_ChartFlow,FinMind_API_TaiwanStockPrice_3293,True,2026-09-29T21:28:43,2026-09-29T21:28:43,2026-09-29T21:28:43
3293,鈊象,2021-08-06,836.0,-4.0,-0.48%,,,,,,,,,ShowDailyK_ChartFlow,FinMind_API_TaiwanStockPrice_3293,True,2026-09-29T21:28:43,2026-09-29T21:28:43,2026-09-29T21:28:43
3293,鈊象,2021-08-09,821.0,-15.0,-1.79%,,,,,,,,,ShowDailyK_ChartFlow,FinMind_API_TaiwanStockPrice_3293,True,2026-09-29T21:28:43,2026-09-29T21:28:43,2026-09-29T21:28:43
3293,鈊象,2021-08-10,813.0,-8.0,-0.97%,,,,,,,,,ShowDailyK_ChartFlow,FinMind_API_TaiwanStockPrice_3293,True,2026-09-29T21:28:43,2026-09-29T21:28:43,2026-09-29T21:28:43
3293,鈊象,2021-08-11,796.0,-17.0,-2.09%,,,,,,,,,ShowDailyK_ChartFlow,FinMind_API_TaiwanStockPrice_3293,True,2026-09-29T21:28:43,2026-09-29T21:28:43,2026-09-29T21:28:43
3293,鈊象,2021-08-12,792.0,-4.0,-0.50%,,,,,,,,,ShowDailyK_ChartFlow,FinMind_API_TaiwanStockPrice_3293,True,2026-09-29T21:28:43,2026-09-29T21:28:43,2026-09-29T21:28:43
3293,鈊象,2021-08-13,774.0,-18.0,-2.27%,,,,,,,,,ShowDailyK_ChartFlow,FinMind_API_TaiwanStockPrice_3293,True,2026-09-29T21:28:43,2026-09-29T21:28:43,2026-09-29T21:28:43
3293,鈊象,2021-08-16,754.0,-20.0,-2.58%,,,,,,,,,ShowDailyK_ChartFlow,FinMind_API_TaiwanStockPrice_3293,True,2026-09-29T21:28:43,2026-09-29T21:28:43,2026-09-29T21:28:43
3293,鈊象,2021-08-17,750.0,-4.0,-0.53%,,,,,,,,,ShowDailyK_ChartFlow,FinMind_API_TaiwanStockPrice_3293,True,2026-09-29T21:28:43,2026-09-29T21:28:43,2026-09-29T21:28:43
3293,鈊象,2021-08-18,748.0,-2.0,-0.27%,,,,,,,,,ShowDailyK_ChartFlow,FinMind_API_TaiwanStockPrice_3293,True,2026-09-29T21:28:43,2026-09-29T21:28:43,2026-09-29T21:28:43
3293,鈊象,2021-08-19,716.0,-32.0,-4.28%,,,,,,,,,ShowDailyK_ChartFlow,FinMind_API_TaiwanStockPrice_3293,True,2026-09-29T21:28:43,2026-09-29T21:28:43,2026-09-29T21:28:43
3293,鈊象,2021-08-20,709.0,-7.0,-0.98%,,,,,,,,,ShowDailyK_ChartFlow,FinMind_API_TaiwanStockPrice_3293,True,2026-09-29T21:28:43,2026-09-29T21:28:43,2026-09-29T21:28:43
3293,鈊象,2021-08-23,698.0,-11.0,-1.55%,,,,,,,,,ShowDailyK_ChartFlow,FinMind_API_TaiwanStockPrice_3293,True,2026-09-29T21:28:43,2026-09-29T21:28:43,2026-09-29T21:28:43
3293,鈊象,2021-08-24,695.0,-3.0,-0.43%,,,,,,,,,ShowDailyK_ChartFlow,FinMind_API_TaiwanStockPrice_3293,True,2026-09-29T21:28:43,2026-09-29T21:28:43,2026-09-29T21:28:43
3293,鈊象,2021-08-25,711.0,16.0,2.30%,,,,,,,,,ShowDailyK_ChartFlow,FinMind_API_TaiwanStockPrice_3293,True,2026-09-29T21:28:43,2026-09-29T21:28:43,2026-09-29T21:28:43
3293,鈊象,2021-08-26,696.0,-15.0,-2.11%,,,,,,,,,ShowDailyK_ChartFlow,FinMind_API_TaiwanStockPrice_3293,True,2026-09-29T21:28:43,2026-09-29T21:28:43,2026-09-29T21:28:43
3293,鈊象,2021-08-27,688.0,-8.0,-1.15%,,,,,,,,,ShowDailyK_ChartFlow,FinMind_API_TaiwanStockPrice_3293,True,2026-09-29T21:28:43,2026-09-29T21:28:43,2026-09-29T21:28:43
3293,鈊象,2021-08-30,683.0,-5.0,-0.73%,,,,,,,,,ShowDailyK_ChartFlow,FinMind_API_TaiwanStockPrice_3293,True,2026-09-29T21:28:43,2026-09-29T21:28:43,2026-09-29T21:28:43
3293,鈊象,2021-08-31,664.0,-19.0,-2.78%,,,,,,,,,ShowDailyK_ChartFlow,FinMind_API_TaiwanStockPrice_3293,True,2026-09-29T21:28:43,2026-09-29T21:28:43,2026-09-29T21:28:43
3293,鈊象,2021-09-01,691.0,27.0,4.07%,,,,,,,,,ShowDailyK_ChartFlow,FinMind_API_TaiwanStockPrice_3293,True,2026-09-29T21:28:43,2026-09-29T21:28:43,2026-09-29T21:28:43
3293,鈊象,2021-09-02,675.0,-16.0,-2.32%,,,,,,,,,ShowDailyK_ChartFlow,FinMind_API_TaiwanStockPrice_3293,True,2026-09-29T21:28:43,2026-09-29T21:28:43,2026-09-29T21:28:43
3293,鈊象,2021-09-03,678.0,3.0,0.44%,,,,,,,,,ShowDailyK_ChartFlow,FinMind_API_TaiwanStockPrice_3293,True,2026-09-29T21:28:43,2026-09-29T21:28:43,2026-09-29T21:28:43
3293,鈊象,2021-09-06,674.0,-4.0,-0.59%,,,,,,,,,ShowDailyK_ChartFlow,FinMind_API_TaiwanStockPrice_3293,True,2026-09-29T21:28:43,2026-09-29T21:28:43,2026-09-29T21:28:43
3293,鈊象,2021-09-07,680.0,6.0,0.89%,,,,,,,,,ShowDailyK_ChartFlow,FinMind_API_TaiwanStockPrice_3293,True,2026-09-29T21:28:43,2026-09-29T21:28:43,2026-09-29T21:28:43
3293,鈊象,2021-09-08,631.0,-49.0,-7.21%,,,,,,,,,ShowDailyK_ChartFlow,FinMind_API_TaiwanStockPrice_3293,True,2026-09-29T21:28:43,2026-09-29T21:28:43,2026-09-29T21:28:43
3293,鈊象,2021-09-09,640.0,9.0,1.43%,,,,,,,,,ShowDailyK_ChartFlow,FinMind_API_TaiwanStockPrice_3293,True,2026-09-29T21:28:43,2026-09-29T21:28:43,2026-09-29T21:28:43
3293,鈊象,2021-09-10,659.0,19.0,2.97%,,,,,,,,,ShowDailyK_ChartFlow,FinMind_API_TaiwanStockPrice_3293,True,2026-09-29T21:28:43,2026-09-29T21:28:43,2026-09-29T21:28:43
3293,鈊象,2021-09-13,666.0,7.0,1.06%,,,,,,,,,ShowDailyK_ChartFlow,FinMind_API_TaiwanStockPrice_3293,True,2026-09-29T21:28:43,2026-09-29T21:28:43,2026-09-29T21:28:43
3293,鈊象,2021-09-14,662.0,-4.0,-0.60%,,,,,,,,,ShowDailyK_ChartFlow,FinMind_API_TaiwanStockPrice_3293,True,2026-09-29T21:28:43,2026-09-29T21:28:43,2026-09-29T21:28:43
3293,鈊象,2021-09-15,651.0,-11.0,-1.66%,,,,,,,,,ShowDailyK_ChartFlow,FinMind_API_TaiwanStockPrice_3293,True,2026-09-29T21:28:43,2026-09-29T21:28:43,2026-09-29T21:28:43
3293,鈊象,2021-09-16,640.0,-11.0,-1.69%,,,,,,,,,ShowDailyK_ChartFlow,FinMind_API_TaiwanStockPrice_3293,True,2026-09-29T21:28:43,2026-09-29T21:28:43,2026-09-29T21:28:43
3293,鈊象,2021-09-17,664.0,24.0,3.75%,,,,,,,,,ShowDailyK_ChartFlow,FinMind_API_TaiwanStockPrice_3293,True,2026-09-29T21:28:43,2026-09-29T21:28:43,2026-09-29T21:28:43
3293,鈊象,2021-09-22,650.0,-14.0,-2.11%,,,,,,,,,ShowDailyK_ChartFlow,FinMind_API_TaiwanStockPrice_3293,True,2026-09-29T21:28:43,2026-09-29T21:28:43,2026-09-29T21:28:43
3293,鈊象,2021-09-23,660.0,10.0,1.54%,,,,,,,,,ShowDailyK_ChartFlow,FinMind_API_TaiwanStockPrice_3293,True,2026-09-29T21:28:43,2026-09-29T21:28:43,2026-09-29T21:28:43
3293,鈊象,2021-09-24,663.0,3.0,0.45%,,,,,,,,,ShowDailyK_ChartFlow,FinMind_API_TaiwanStockPrice_3293,True,2026-09-29T21:28:43,2026-09-29T21:28:43,2026-09-29T21:28:43
3293,鈊象,2021-09-27,669.0,6.0,0.90%,,,,,,,,,ShowDailyK_ChartFlow,FinMind_API_TaiwanStockPrice_3293,True,2026-09-29T21:28:43,2026-09-29T21:28:43,2026-09-29T21:28:43
3293,鈊象,2021-09-28,670.0,1.0,0.15%,,,,,,,,,ShowDailyK_ChartFlow,FinMind_API_TaiwanStockPrice_3293,True,2026-09-29T21:28:43,2026-09-29T21:28:43,2026-09-29T21:28:43
3293,鈊象,2021-09-29,659.0,-11.0,-1.64%,,,,,,,,,ShowDailyK_ChartFlow,FinMind_API_TaiwanStockPrice_3293,True,2026-09-29T21:28:43,2026-09-29T21:28:43,2026-09-29T21:28:43
3293,鈊象,2021-09-30,655.0,-4.0,-0.61%,,,,,,,,,ShowDailyK_ChartFlow,FinMind_API_TaiwanStockPrice_3293,True,2026-09-29T21:28:43,2026-09-29T21:28:43,2026-09-29T21:28:43
3293,鈊象,2021-10-01,690.0,35.0,5.34%,,,,,,,,,ShowDailyK_ChartFlow,FinMind_API_TaiwanStockPrice_3293,True,2026-09-29T21:28:43,2026-09-29T21:28:43,2026-09-29T21:28:43
3293,鈊象,2021-10-04,699.0,9.0,1.30%,,,,,,,,,ShowDailyK_ChartFlow,FinMind_API_TaiwanStockPrice_3293,True,2026-09-29T21:28:43,2026-09-29T21:28:43,2026-09-29T21:28:43
3293,鈊象,2021-10-05,704.0,5.0,0.72%,,,,,,,,,ShowDailyK_ChartFlow,FinMind_API_TaiwanStockPrice_3293,True,2026-09-29T21:28:43,2026-09-29T21:28:43,2026-09-29T21:28:43
3293,鈊象,2021-10-06,680.0,-24.0,-3.41%,,,,,,,,,ShowDailyK_ChartFlow,FinMind_API_TaiwanStockPrice_3293,True,2026-09-29T21:28:43,2026-09-29T21:28:43,2026-09-29T21:28:43
3293,鈊象,2021-10-07,697.0,17.0,2.50%,,,,,,,,,ShowDailyK_ChartFlow,FinMind_API_TaiwanStockPrice_3293,True,2026-09-29T21:28:43,2026-09-29T21:28:43,2026-09-29T21:28:43
3293,鈊象,2021-10-08,700.0,3.0,0.43%,,,,,,,,,ShowDailyK_ChartFlow,FinMind_API_TaiwanStockPrice_3293,True,2026-09-29T21:28:43,2026-09-29T21:28:43,2026-09-29T21:28:43
3293,鈊象,2021-10-12,709.0,9.0,1.29%,,,,,,,,,ShowDailyK_ChartFlow,FinMind_API_TaiwanStockPrice_3293,True,2026-09-29T21:28:43,2026-09-29T21:28:43,2026-09-29T21:28:43
3293,鈊象,2021-10-13,701.0,-8.0,-1.13%,,,,,,,,,ShowDailyK_ChartFlow,FinMind_API_TaiwanStockPrice_3293,True,2026-09-29T21:28:43,2026-09-29T21:28:43,2026-09-29T21:28:43
3293,鈊象,2021-10-14,712.0,11.0,1.57%,,,,,,,,,ShowDailyK_ChartFlow,FinMind_API_TaiwanStockPrice_3293,True,2026-09-29T21:28:43,2026-09-29T21:28:43,2026-09-29T21:28:43
3293,鈊象,2021-10-15,712.0,0.0,0.00%,,,,,,,,,ShowDailyK_ChartFlow,FinMind_API_TaiwanStockPrice_3293,True,2026-09-29T21:28:43,2026-09-29T21:28:43,2026-09-29T21:28:43
3293,鈊象,2021-10-18,702.0,-10.0,-1.40%,,,,,,,,,ShowDailyK_ChartFlow,FinMind_API_TaiwanStockPrice_3293,True,2026-09-29T21:28:43,2026-09-29T21:28:43,2026-09-29T21:28:43
3293,鈊象,2021-10-19,705.0,3.0,0.43%,,,,,,,,,ShowDailyK_ChartFlow,FinMind_API_TaiwanStockPrice_3293,True,2026-09-29T21:28:43,2026-09-29T21:28:43,2026-09-29T21:28:43
3293,鈊象,2021-10-20,695.0,-10.0,-1.42%,,,,,,,,,ShowDailyK_ChartFlow,FinMind_API_TaiwanStockPrice_3293,True,2026-09-29T21:28:43,2026-09-29T21:28:43,2026-09-29T21:28:43
3293,鈊象,2021-10-21,691.0,-4.0,-0.58%,,,,,,,,,ShowDailyK_ChartFlow,FinMind_API_TaiwanStockPrice_3293,True,2026-09-29T21:28:43,2026-09-29T21:28:43,2026-09-29T21:28:43
3293,鈊象,2021-10-22,679.0,-12.0,-1.74%,,,,,,,,,ShowDailyK_ChartFlow,FinMind_API_TaiwanStockPrice_3293,True,2026-09-29T21:28:43,2026-09-29T21:28:43,2026-09-29T21:28:43
3293,鈊象,2021-10-25,699.0,20.0,2.95%,,,,,,,,,ShowDailyK_ChartFlow,FinMind_API_TaiwanStockPrice_3293,True,2026-09-29T21:28:43,2026-09-29T21:28:43,2026-09-29T21:28:43
3293,鈊象,2021-10-26,708.0,9.0,1.29%,,,,,,,,,ShowDailyK_ChartFlow,FinMind_API_TaiwanStockPrice_3293,True,2026-09-29T21:28:43,2026-09-29T21:28:43,2026-09-29T21:28:43
3293,鈊象,2021-10-27,708.0,0.0,0.00%,,,,,,,,,ShowDailyK_ChartFlow,FinMind_API_TaiwanStockPrice_3293,True,2026-09-29T21:28:43,2026-09-29T21:28:43,2026-09-29T21:28:43
3293,鈊象,2021-10-28,715.0,7.0,0.99%,,,,,,,,,ShowDailyK_ChartFlow,FinMind_API_TaiwanStockPrice_3293,True,2026-09-29T21:28:43,2026-09-29T21:28:43,2026-09-29T21:28:43
3293,鈊象,2021-10-29,714.0,-1.0,-0.14%,,,,,,,,,ShowDailyK_ChartFlow,FinMind_API_TaiwanStockPrice_3293,True,2026-09-29T21:28:43,2026-09-29T21:28:43,2026-09-29T21:28:43
3293,鈊象,2021-11-01,715.0,1.0,0.14%,,,,,,,,,ShowDailyK_ChartFlow,FinMind_API_TaiwanStockPrice_3293,True,2026-09-29T21:28:43,2026-09-29T21:28:43,2026-09-29T21:28:43
3293,鈊象,2021-11-02,719.0,4.0,0.56%,,,,,,,,,ShowDailyK_ChartFlow,FinMind_API_TaiwanStockPrice_3293,True,2026-09-29T21:28:43,2026-09-29T21:28:43,2026-09-29T21:28:43
3293,鈊象,2021-11-03,763.0,44.0,6.12%,,,,,,,,,ShowDailyK_ChartFlow,FinMind_API_TaiwanStockPrice_3293,True,2026-09-29T21:28:43,2026-09-29T21:28:43,2026-09-29T21:28:43
3293,鈊象,2021-11-04,765.0,2.0,0.26%,,,,,,,,,ShowDailyK_ChartFlow,FinMind_API_TaiwanStockPrice_3293,True,2026-09-29T21:28:43,2026-09-29T21:28:43,2026-09-29T21:28:43
3293,鈊象,2021-11-05,769.0,4.0,0.52%,,,,,,,,,ShowDailyK_ChartFlow,FinMind_API_TaiwanStockPrice_3293,True,2026-09-29T21:28:43,2026-09-29T21:28:43,2026-09-29T21:28:43
3293,鈊象,2021-11-08,762.0,-7.0,-0.91%,,,,,,,,,ShowDailyK_ChartFlow,FinMind_API_TaiwanStockPrice_3293,True,2026-09-29T21:28:43,2026-09-29T21:28:43,2026-09-29T21:28:43
3293,鈊象,2021-11-09,795.0,33.0,4.33%,,,,,,,,,ShowDailyK_ChartFlow,FinMind_API_TaiwanStockPrice_3293,True,2026-09-29T21:28:43,2026-09-29T21:28:43,2026-09-29T21:28:43
3293,鈊象,2021-11-10,787.0,-8.0,-1.01%,,,,,,,,,ShowDailyK_ChartFlow,FinMind_API_TaiwanStockPrice_3293,True,2026-09-29T21:28:43,2026-09-29T21:28:43,2026-09-29T21:28:43
3293,鈊象,2021-11-11,783.0,-4.0,-0.51%,,,,,,,,,ShowDailyK_ChartFlow,FinMind_API_TaiwanStockPrice_3293,True,2026-09-29T21:28:43,2026-09-29T21:28:43,2026-09-29T21:28:43
3293,鈊象,2021-11-12,790.0,7.0,0.89%,,,,,,,,,ShowDailyK_ChartFlow,FinMind_API_TaiwanStockPrice_3293,True,2026-09-29T21:28:43,2026-09-29T21:28:43,2026-09-29T21:28:43
3293,鈊象,2021-11-15,781.0,-9.0,-1.14%,,,,,,,,,ShowDailyK_ChartFlow,FinMind_API_TaiwanStockPrice_3293,True,2026-09-29T21:28:43,2026-09-29T21:28:43,2026-09-29T21:28:43
3293,鈊象,2021-11-16,792.0,11.0,1.41%,,,,,,,,,ShowDailyK_ChartFlow,FinMind_API_TaiwanStockPrice_3293,True,2026-09-29T21:28:43,2026-09-29T21:28:43,2026-09-29T21:28:43
3293,鈊象,2021-11-17,802.0,10.0,1.26%,,,,,,,,,ShowDailyK_ChartFlow,FinMind_API_TaiwanStockPrice_3293,True,2026-09-29T21:28:43,2026-09-29T21:28:43,2026-09-29T21:28:43
3293,鈊象,2021-11-18,807.0,5.0,0.62%,,,,,,,,,ShowDailyK_ChartFlow,FinMind_API_TaiwanStockPrice_3293,True,2026-09-29T21:28:43,2026-09-29T21:28:43,2026-09-29T21:28:43
3293,鈊象,2021-11-19,811.0,4.0,0.50%,,,,,,,,,ShowDailyK_ChartFlow,FinMind_API_TaiwanStockPrice_3293,True,2026-09-29T21:28:43,2026-09-29T21:28:43,2026-09-29T21:28:43
3293,鈊象,2021-11-22,809.0,-2.0,-0.25%,,,,,,,,,ShowDailyK_ChartFlow,FinMind_API_TaiwanStockPrice_3293,True,2026-09-29T21:28:43,2026-09-29T21:28:43,2026-09-29T21:28:43
3293,鈊象,2021-11-23,788.0,-21.0,-2.60%,,,,,,,,,ShowDailyK_ChartFlow,FinMind_API_TaiwanStockPrice_3293,True,2026-09-29T21:28:43,2026-09-29T21:28:43,2026-09-29T21:28:43
3293,鈊象,2021-11-24,791.0,3.0,0.38%,,,,,,,,,ShowDailyK_ChartFlow,FinMind_API_TaiwanStockPrice_3293,True,2026-09-29T21:28:43,2026-09-29T21:28:43,2026-09-29T21:28:43
3293,鈊象,2021-11-25,781.0,-10.0,-1.26%,,,,,,,,,ShowDailyK_ChartFlow,FinMind_API_TaiwanStockPrice_3293,True,2026-09-29T21:28:43,2026-09-29T21:28:43,2026-09-29T21:28:43
3293,鈊象,2021-11-26,787.0,6.0,0.77%,,,,,,,,,ShowDailyK_ChartFlow,FinMind_API_TaiwanStockPrice_3293,True,2026-09-29T21:28:43,2026-09-29T21:28:43,2026-09-29T21:28:43
3293,鈊象,2021-11-29,782.0,-5.0,-0.64%,,,,,,,,,ShowDailyK_ChartFlow,FinMind_API_TaiwanStockPrice_3293,True,2026-09-29T21:28:43,2026-09-29T21:28:43,2026-09-29T21:28:43
3293,鈊象,2021-11-30,780.0,-2.0,-0.26%,,,,,,,,,ShowDailyK_ChartFlow,FinMind_API_TaiwanStockPrice_3293,True,2026-09-29T21:28:43,2026-09-29T21:28:43,2026-09-29T21:28:43
3293,鈊象,2021-12-01,783.0,3.0,0.38%,,,,,,,,,ShowDailyK_ChartFlow,FinMind_API_TaiwanStockPrice_3293,True,2026-09-29T21:28:43,2026-09-29T21:28:43,2026-09-29T21:28:43
3293,鈊象,2021-12-02,789.0,6.0,0.77%,,,,,,,,,ShowDailyK_ChartFlow,FinMind_API_TaiwanStockPrice_3293,True,2026-09-29T21:28:43,2026-09-29T21:28:43,2026-09-29T21:28:43
3293,鈊象,2021-12-03,785.0,-4.0,-0.51%,,,,,,,,,ShowDailyK_ChartFlow,FinMind_API_TaiwanStockPrice_3293,True,2026-09-29T21:28:43,2026-09-29T21:28:43,2026-09-29T21:28:43
3293,鈊象,2021-12-06,780.0,-5.0,-0.64%,,,,,,,,,ShowDailyK_ChartFlow,FinMind_API_TaiwanStockPrice_3293,True,2026-09-29T21:28:43,2026-09-29T21:28:43,2026-09-29T21:28:43
3293,鈊象,2021-12-07,806.0,26.0,3.33%,,,,,,,,,ShowDailyK_ChartFlow,FinMind_API_TaiwanStockPrice_3293,True,2026-09-29T21:28:43,2026-09-29T21:28:43,2026-09-29T21:28:43
3293,鈊象,2021-12-08,801.0,-5.0,-0.62%,,,,,,,,,ShowDailyK_ChartFlow,FinMind_API_TaiwanStockPrice_3293,True,2026-09-29T21:28:43,2026-09-29T21:28:43,2026-09-29T21:28:43
3293,鈊象,2021-12-09,834.0,33.0,4.12%,,,,,,,,,ShowDailyK_ChartFlow,FinMind_API_TaiwanStockPrice_3293,True,2026-09-29T21:28:43,2026-09-29T21:28:43,2026-09-29T21:28:43
3293,鈊象,2021-12-10,820.0,-14.0,-1.68%,,,,,,,,,ShowDailyK_ChartFlow,FinMind_API_TaiwanStockPrice_3293,True,2026-09-29T21:28:43,2026-09-29T21:28:43,2026-09-29T21:28:43
3293,鈊象,2021-12-13,812.0,-8.0,-0.98%,,,,,,,,,ShowDailyK_ChartFlow,FinMind_API_TaiwanStockPrice_3293,True,2026-09-29T21:28:43,2026-09-29T21:28:43,2026-09-29T21:28:43
3293,鈊象,2021-12-14,788.0,-24.0,-2.96%,,,,,,,,,ShowDailyK_ChartFlow,FinMind_API_TaiwanStockPrice_3293,True,2026-09-29T21:28:43,2026-09-29T21:28:43,2026-09-29T21:28:43
3293,鈊象,2021-12-15,789.0,1.0,0.13%,,,,,,,,,ShowDailyK_ChartFlow,FinMind_API_TaiwanStockPrice_3293,True,2026-09-29T21:28:43,2026-09-29T21:28:43,2026-09-29T21:28:43
3293,鈊象,2021-12-16,793.0,4.0,0.51%,,,,,,,,,ShowDailyK_ChartFlow,FinMind_API_TaiwanStockPrice_3293,True,2026-09-29T21:28:43,2026-09-29T21:28:43,2026-09-29T21:28:43
3293,鈊象,2021-12-17,789.0,-4.0,-0.50%,,,,,,,,,ShowDailyK_ChartFlow,FinMind_API_TaiwanStockPrice_3293,True,2026-09-29T21:28:43,2026-09-29T21:28:43,2026-09-29T21:28:43
3293,鈊象,2021-12-20,791.0,2.0,0.25%,,,,,,,,,ShowDailyK_ChartFlow,FinMind_API_TaiwanStockPrice_3293,True,2026-09-29T21:28:43,2026-09-29T21:28:43,2026-09-29T21:28:43
3293,鈊象,2021-12-21,790.0,-1.0,-0.13%,,,,,,,,,ShowDailyK_ChartFlow,FinMind_API_TaiwanStockPrice_3293,True,2026-09-29T21:28:43,2026-09-29T21:28:43,2026-09-29T21:28:43
3293,鈊象,2021-12-22,796.0,6.0,0.76%,,,,,,,,,ShowDailyK_ChartFlow,FinMind_API_TaiwanStockPrice_3293,True,2026-09-29T21:28:43,2026-09-29T21:28:43,2026-09-29T21:28:43
3293,鈊象,2021-12-23,797.0,1.0,0.13%,,,,,,,,,ShowDailyK_ChartFlow,FinMind_API_TaiwanStockPrice_3293,True,2026-09-29T21:28:43,2026-09-29T21:28:43,2026-09-29T21:28:43
3293,鈊象,2021-12-24,798.0,1.0,0.13%,,,,,,,,,ShowDailyK_ChartFlow,FinMind_API_TaiwanStockPrice_3293,True,2026-09-29T21:28:43,2026-09-29T21:28:43,2026-09-29T21:28:43
3293,鈊象,2021-12-27,796.0,-2.0,-0.25%,,,,,,,,,ShowDailyK_ChartFlow,FinMind_API_TaiwanStockPrice_3293,True,2026-09-29T21:28:43,2026-09-29T21:28:43,2026-09-29T21:28:43
3293,鈊象,2021-12-28,793.0,-3.0,-0.38%,,,,,,,,,ShowDailyK_ChartFlow,FinMind_API_TaiwanStockPrice_3293,True,2026-09-29T21:28:43,2026-09-29T21:28:43,2026-09-29T21:28:43
3293,鈊象,2021-12-29,787.0,-6.0,-0.76%,,,,,,,,,ShowDailyK_ChartFlow,FinMind_API_TaiwanStockPrice_3293,True,2026-09-29T21:28:43,2026-09-29T21:28:43,2026-09-29T21:28:43
3293,鈊象,2021-12-30,793.0,6.0,0.76%,,,,,,,,,ShowDailyK_ChartFlow,FinMind_API_TaiwanStockPrice_3293,True,2026-09-29T21:28:43,2026-09-29T21:28:43,2026-09-29T21:28:43
3293,鈊象,2022-01-03,790.0,-3.0,-0.38%,,,,,,,,,ShowDailyK_ChartFlow,FinMind_API_TaiwanStockPrice_3293,True,2026-09-29T21:28:43,2026-09-29T21:28:43,2026-09-29T21:28:43
3293,鈊象,2022-01-04,792.0,2.0,0.25%,,,,,,,,,ShowDailyK_ChartFlow,FinMind_API_TaiwanStockPrice_3293,True,2026-09-29T21:28:43,2026-09-29T21:28:43,2026-09-29T21:28:43
3293,鈊象,2022-01-05,786.0,-6.0,-0.76%,,,,,,,,,ShowDailyK_ChartFlow,FinMind_API_TaiwanStockPrice_3293,True,2026-09-29T21:28:43,2026-09-29T21:28:43,2026-09-29T21:28:43
3293,鈊象,2022-01-06,740.0,-46.0,-5.85%,,,,,,,,,ShowDailyK_ChartFlow,FinMind_API_TaiwanStockPrice_3293,True,2026-09-29T21:28:43,2026-09-29T21:28:43,2026-09-29T21:28:43
3293,鈊象,2022-01-07,732.0,-8.0,-1.08%,,,,,,,,,ShowDailyK_ChartFlow,FinMind_API_TaiwanStockPrice_3293,True,2026-09-29T21:28:43,2026-09-29T21:28:43,2026-09-29T21:28:43
3293,鈊象,2022-01-10,733.0,1.0,0.14%,,,,,,,,,ShowDailyK_ChartFlow,FinMind_API_TaiwanStockPrice_3293,True,2026-09-29T21:28:43,2026-09-29T21:28:43,2026-09-29T21:28:43
3293,鈊象,2022-01-11,737.0,4.0,0.55%,,,,,,,,,ShowDailyK_ChartFlow,FinMind_API_TaiwanStockPrice_3293,True,2026-09-29T21:28:43,2026-09-29T21:28:43,2026-09-29T21:28:43
3293,鈊象,2022-01-12,734.0,-3.0,-0.41%,,,,,,,,,ShowDailyK_ChartFlow,FinMind_API_TaiwanStockPrice_3293,True,2026-09-29T21:28:43,2026-09-29T21:28:43,2026-09-29T21:28:43
3293,鈊象,2022-01-13,736.0,2.0,0.27%,,,,,,,,,ShowDailyK_ChartFlow,FinMind_API_TaiwanStockPrice_3293,True,2026-09-29T21:28:43,2026-09-29T21:28:43,2026-09-29T21:28:43
3293,鈊象,2022-01-14,725.0,-11.0,-1.49%,,,,,,,,,ShowDailyK_ChartFlow,FinMind_API_TaiwanStockPrice_3293,True,2026-09-29T21:28:43,2026-09-29T21:28:43,2026-09-29T21:28:43
3293,鈊象,2022-01-17,743.0,18.0,2.48%,,,,,,,,,ShowDailyK_ChartFlow,FinMind_API_TaiwanStockPrice_3293,True,2026-09-29T21:28:43,2026-09-29T21:28:43,2026-09-29T21:28:43
3293,鈊象,2022-01-18,758.0,15.0,2.02%,,,,,,,,,ShowDailyK_ChartFlow,FinMind_API_TaiwanStockPrice_3293,True,2026-09-29T21:28:43,2026-09-29T21:28:43,2026-09-29T21:28:43
3293,鈊象,2022-01-19,745.0,-13.0,-1.72%,,,,,,,,,ShowDailyK_ChartFlow,FinMind_API_TaiwanStockPrice_3293,True,2026-09-29T21:28:43,2026-09-29T21:28:43,2026-09-29T21:28:43
3293,鈊象,2022-01-20,739.0,-6.0,-0.81%,,,,,,,,,ShowDailyK_ChartFlow,FinMind_API_TaiwanStockPrice_3293,True,2026-09-29T21:28:43,2026-09-29T21:28:43,2026-09-29T21:28:43
3293,鈊象,2022-01-21,722.0,-17.0,-2.30%,,,,,,,,,ShowDailyK_ChartFlow,FinMind_API_TaiwanStockPrice_3293,True,2026-09-29T21:28:43,2026-09-29T21:28:43,2026-09-29T21:28:43
3293,鈊象,2022-01-24,718.0,-4.0,-0.55%,,,,,,,,,ShowDailyK_ChartFlow,FinMind_API_TaiwanStockPrice_3293,True,2026-09-29T21:28:43,2026-09-29T21:28:43,2026-09-29T21:28:43
3293,鈊象,2022-01-25,719.0,1.0,0.14%,,,,,,,,,ShowDailyK_ChartFlow,FinMind_API_TaiwanStockPrice_3293,True,2026-09-29T21:28:43,2026-09-29T21:28:43,2026-09-29T21:28:43
3293,鈊象,2022-01-26,709.0,-10.0,-1.39%,,,,,,,,,ShowDailyK_ChartFlow,FinMind_API_TaiwanStockPrice_3293,True,2026-09-29T21:28:43,2026-09-29T21:28:43,2026-09-29T21:28:43
3293,鈊象,2022-02-07,722.0,13.0,1.83%,,,,,,,,,ShowDailyK_ChartFlow,FinMind_API_TaiwanStockPrice_3293,True,2026-09-29T21:28:43,2026-09-29T21:28:43,2026-09-29T21:28:43
3293,鈊象,2022-02-08,718.0,-4.0,-0.55%,,,,,,,,,ShowDailyK_ChartFlow,FinMind_API_TaiwanStockPrice_3293,True,2026-09-29T21:28:43,2026-09-29T21:28:43,2026-09-29T21:28:43
3293,鈊象,2022-02-09,718.0,0.0,0.00%,,,,,,,,,ShowDailyK_ChartFlow,FinMind_API_TaiwanStockPrice_3293,True,2026-09-29T21:28:43,2026-09-29T21:28:43,2026-09-29T21:28:43
3293,鈊象,2022-02-10,724.0,6.0,0.84%,,,,,,,,,ShowDailyK_ChartFlow,FinMind_API_TaiwanStockPrice_3293,True,2026-09-29T21:28:43,2026-09-29T21:28:43,2026-09-29T21:28:43
3293,鈊象,2022-02-11,719.0,-5.0,-0.69%,,,,,,,,,ShowDailyK_ChartFlow,FinMind_API_TaiwanStockPrice_3293,True,2026-09-29T21:28:43,2026-09-29T21:28:43,2026-09-29T21:28:43
3293,鈊象,2022-02-14,704.0,-15.0,-2.09%,,,,,,,,,ShowDailyK_ChartFlow,FinMind_API_TaiwanStockPrice_3293,True,2026-09-29T21:28:43,2026-09-29T21:28:43,2026-09-29T21:28:43
3293,鈊象,2022-02-15,712.0,8.0,1.14%,,,,,,,,,ShowDailyK_ChartFlow,FinMind_API_TaiwanStockPrice_3293,True,2026-09-29T21:28:43,2026-09-29T21:28:43,2026-09-29T21:28:43
3293,鈊象,2022-02-16,716.0,4.0,0.56%,,,,,,,,,ShowDailyK_ChartFlow,FinMind_API_TaiwanStockPrice_3293,True,2026-09-29T21:28:43,2026-09-29T21:28:43,2026-09-29T21:28:43
3293,鈊象,2022-02-17,710.0,-6.0,-0.84%,,,,,,,,,ShowDailyK_ChartFlow,FinMind_API_TaiwanStockPrice_3293,True,2026-09-29T21:28:43,2026-09-29T21:28:43,2026-09-29T21:28:43
3293,鈊象,2022-02-18,713.0,3.0,0.42%,,,,,,,,,ShowDailyK_ChartFlow,FinMind_API_TaiwanStockPrice_3293,True,2026-09-29T21:28:43,2026-09-29T21:28:43,2026-09-29T21:28:43
3293,鈊象,2022-02-21,709.0,-4.0,-0.56%,,,,,,,,,ShowDailyK_ChartFlow,FinMind_API_TaiwanStockPrice_3293,True,2026-09-29T21:28:43,2026-09-29T21:28:43,2026-09-29T21:28:43
3293,鈊象,2022-02-22,701.0,-8.0,-1.13%,,,,,,,,,ShowDailyK_ChartFlow,FinMind_API_TaiwanStockPrice_3293,True,2026-09-29T21:28:43,2026-09-29T21:28:43,2026-09-29T21:28:43
3293,鈊象,2022-02-23,701.0,0.0,0.00%,,,,,,,,,ShowDailyK_ChartFlow,FinMind_API_TaiwanStockPrice_3293,True,2026-09-29T21:28:43,2026-09-29T21:28:43,2026-09-29T21:28:43
3293,鈊象,2022-02-24,682.0,-19.0,-2.71%,,,,,,,,,ShowDailyK_ChartFlow,FinMind_API_TaiwanStockPrice_3293,True,2026-09-29T21:28:43,2026-09-29T21:28:43,2026-09-29T21:28:43
3293,鈊象,2022-02-25,688.0,6.0,0.88%,,,,,,,,,ShowDailyK_ChartFlow,FinMind_API_TaiwanStockPrice_3293,True,2026-09-29T21:28:43,2026-09-29T21:28:43,2026-09-29T21:28:43
3293,鈊象,2022-03-01,710.0,22.0,3.20%,,,,,,,,,ShowDailyK_ChartFlow,FinMind_API_TaiwanStockPrice_3293,True,2026-09-29T21:28:43,2026-09-29T21:28:43,2026-09-29T21:28:43
3293,鈊象,2022-03-02,713.0,3.0,0.42%,,,,,,,,,ShowDailyK_ChartFlow,FinMind_API_TaiwanStockPrice_3293,True,2026-09-29T21:28:43,2026-09-29T21:28:43,2026-09-29T21:28:43
3293,鈊象,2022-03-03,714.0,1.0,0.14%,,,,,,,,,ShowDailyK_ChartFlow,FinMind_API_TaiwanStockPrice_3293,True,2026-09-29T21:28:43,2026-09-29T21:28:43,2026-09-29T21:28:43
3293,鈊象,2022-03-04,710.0,-4.0,-0.56%,,,,,,,,,ShowDailyK_ChartFlow,FinMind_API_TaiwanStockPrice_3293,True,2026-09-29T21:28:43,2026-09-29T21:28:43,2026-09-29T21:28:43
3293,鈊象,2022-03-07,688.0,-22.0,-3.10%,,,,,,,,,ShowDailyK_ChartFlow,FinMind_API_TaiwanStockPrice_3293,True,2026-09-29T21:28:43,2026-09-29T21:28:43,2026-09-29T21:28:43
3293,鈊象,2022-03-08,665.0,-23.0,-3.34%,,,,,,,,,ShowDailyK_ChartFlow,FinMind_API_TaiwanStockPrice_3293,True,2026-09-29T21:28:43,2026-09-29T21:28:43,2026-09-29T21:28:43
3293,鈊象,2022-03-09,678.0,13.0,1.95%,,,,,,,,,ShowDailyK_ChartFlow,FinMind_API_TaiwanStockPrice_3293,True,2026-09-29T21:28:43,2026-09-29T21:28:43,2026-09-29T21:28:43
3293,鈊象,2022-03-10,684.0,6.0,0.88%,,,,,,,,,ShowDailyK_ChartFlow,FinMind_API_TaiwanStockPrice_3293,True,2026-09-29T21:28:43,2026-09-29T21:28:43,2026-09-29T21:28:43
3293,鈊象,2022-03-11,685.0,1.0,0.15%,,,,,,,,,ShowDailyK_ChartFlow,FinMind_API_TaiwanStockPrice_3293,True,2026-09-29T21:28:43,2026-09-29T21:28:43,2026-09-29T21:28:43
3293,鈊象,2022-03-14,705.0,20.0,2.92%,,,,,,,,,ShowDailyK_ChartFlow,FinMind_API_TaiwanStockPrice_3293,True,2026-09-29T21:28:43,2026-09-29T21:28:43,2026-09-29T21:28:43
3293,鈊象,2022-03-15,692.0,-13.0,-1.84%,,,,,,,,,ShowDailyK_ChartFlow,FinMind_API_TaiwanStockPrice_3293,True,2026-09-29T21:28:43,2026-09-29T21:28:43,2026-09-29T21:28:43
3293,鈊象,2022-03-16,696.0,4.0,0.58%,,,,,,,,,ShowDailyK_ChartFlow,FinMind_API_TaiwanStockPrice_3293,True,2026-09-29T21:28:43,2026-09-29T21:28:43,2026-09-29T21:28:43
3293,鈊象,2022-03-17,720.0,24.0,3.45%,,,,,,,,,ShowDailyK_ChartFlow,FinMind_API_TaiwanStockPrice_3293,True,2026-09-29T21:28:43,2026-09-29T21:28:43,2026-09-29T21:28:43
3293,鈊象,2022-03-18,748.0,28.0,3.89%,,,,,,,,,ShowDailyK_ChartFlow,FinMind_API_TaiwanStockPrice_3293,True,2026-09-29T21:28:43,2026-09-29T21:28:43,2026-09-29T21:28:43
3293,鈊象,2022-03-21,756.0,8.0,1.07%,,,,,,,,,ShowDailyK_ChartFlow,FinMind_API_TaiwanStockPrice_3293,True,2026-09-29T21:28:43,2026-09-29T21:28:43,2026-09-29T21:28:43
3293,鈊象,2022-03-22,790.0,34.0,4.50%,,,,,,,,,ShowDailyK_ChartFlow,FinMind_API_TaiwanStockPrice_3293,True,2026-09-29T21:28:43,2026-09-29T21:28:43,2026-09-29T21:28:43
3293,鈊象,2022-03-23,779.0,-11.0,-1.39%,,,,,,,,,ShowDailyK_ChartFlow,FinMind_API_TaiwanStockPrice_3293,True,2026-09-29T21:28:43,2026-09-29T21:28:43,2026-09-29T21:28:43
3293,鈊象,2022-03-24,776.0,-3.0,-0.39%,,,,,,,,,ShowDailyK_ChartFlow,FinMind_API_TaiwanStockPrice_3293,True,2026-09-29T21:28:43,2026-09-29T21:28:43,2026-09-29T21:28:43
3293,鈊象,2022-03-25,763.0,-13.0,-1.68%,,,,,,,,,ShowDailyK_ChartFlow,FinMind_API_TaiwanStockPrice_3293,True,2026-09-29T21:28:43,2026-09-29T21:28:43,2026-09-29T21:28:43
3293,鈊象,2022-03-28,760.0,-3.0,-0.39%,,,,,,,,,ShowDailyK_ChartFlow,FinMind_API_TaiwanStockPrice_3293,True,2026-09-29T21:28:43,2026-09-29T21:28:43,2026-09-29T21:28:43
3293,鈊象,2022-03-29,764.0,4.0,0.53%,,,,,,,,,ShowDailyK_ChartFlow,FinMind_API_TaiwanStockPrice_3293,True,2026-09-29T21:28:43,2026-09-29T21:28:43,2026-09-29T21:28:43
3293,鈊象,2022-03-30,773.0,9.0,1.18%,,,,,,,,,ShowDailyK_ChartFlow,FinMind_API_TaiwanStockPrice_3293,True,2026-09-29T21:28:43,2026-09-29T21:28:43,2026-09-29T21:28:43
3293,鈊象,2022-03-31,766.0,-7.0,-0.91%,,,,,,,,,ShowDailyK_ChartFlow,FinMind_API_TaiwanStockPrice_3293,True,2026-09-29T21:28:43,2026-09-29T21:28:43,2026-09-29T21:28:43
3293,鈊象,2022-04-01,765.0,-1.0,-0.13%,,,,,,,,,ShowDailyK_ChartFlow,FinMind_API_TaiwanStockPrice_3293,True,2026-09-29T21:28:43,2026-09-29T21:28:43,2026-09-29T21:28:43
3293,鈊象,2022-04-06,756.0,-9.0,-1.18%,,,,,,,,,ShowDailyK_ChartFlow,FinMind_API_TaiwanStockPrice_3293,True,2026-09-29T21:28:43,2026-09-29T21:28:43,2026-09-29T21:28:43
3293,鈊象,2022-04-07,736.0,-20.0,-2.65%,,,,,,,,,ShowDailyK_ChartFlow,FinMind_API_TaiwanStockPrice_3293,True,2026-09-29T21:28:43,2026-09-29T21:28:43,2026-09-29T21:28:43
3293,鈊象,2022-04-08,744.0,8.0,1.09%,,,,,,,,,ShowDailyK_ChartFlow,FinMind_API_TaiwanStockPrice_3293,True,2026-09-29T21:28:43,2026-09-29T21:28:43,2026-09-29T21:28:43
3293,鈊象,2022-04-11,741.0,-3.0,-0.40%,,,,,,,,,ShowDailyK_ChartFlow,FinMind_API_TaiwanStockPrice_3293,True,2026-09-29T21:28:43,2026-09-29T21:28:43,2026-09-29T21:28:43
3293,鈊象,2022-04-12,753.0,12.0,1.62%,,,,,,,,,ShowDailyK_ChartFlow,FinMind_API_TaiwanStockPrice_3293,True,2026-09-29T21:28:43,2026-09-29T21:28:43,2026-09-29T21:28:43
3293,鈊象,2022-04-13,758.0,5.0,0.66%,,,,,,,,,ShowDailyK_ChartFlow,FinMind_API_TaiwanStockPrice_3293,True,2026-09-29T21:28:43,2026-09-29T21:28:43,2026-09-29T21:28:43
3293,鈊象,2022-04-14,750.0,-8.0,-1.06%,,,,,,,,,ShowDailyK_ChartFlow,FinMind_API_TaiwanStockPrice_3293,True,2026-09-29T21:28:43,2026-09-29T21:28:43,2026-09-29T21:28:43
3293,鈊象,2022-04-15,738.0,-12.0,-1.60%,,,,,,,,,ShowDailyK_ChartFlow,FinMind_API_TaiwanStockPrice_3293,True,2026-09-29T21:28:43,2026-09-29T21:28:43,2026-09-29T21:28:43
3293,鈊象,2022-04-18,743.0,5.0,0.68%,,,,,,,,,ShowDailyK_ChartFlow,FinMind_API_TaiwanStockPrice_3293,True,2026-09-29T21:28:43,2026-09-29T21:28:43,2026-09-29T21:28:43
3293,鈊象,2022-04-19,747.0,4.0,0.54%,,,,,,,,,ShowDailyK_ChartFlow,FinMind_API_TaiwanStockPrice_3293,True,2026-09-29T21:28:43,2026-09-29T21:28:43,2026-09-29T21:28:43
3293,鈊象,2022-04-20,768.0,21.0,2.81%,,,,,,,,,ShowDailyK_ChartFlow,FinMind_API_TaiwanStockPrice_3293,True,2026-09-29T21:28:43,2026-09-29T21:28:43,2026-09-29T21:28:43
3293,鈊象,2022-04-21,759.0,-9.0,-1.17%,,,,,,,,,ShowDailyK_ChartFlow,FinMind_API_TaiwanStockPrice_3293,True,2026-09-29T21:28:43,2026-09-29T21:28:43,2026-09-29T21:28:43
3293,鈊象,2022-04-22,747.0,-12.0,-1.58%,,,,,,,,,ShowDailyK_ChartFlow,FinMind_API_TaiwanStockPrice_3293,True,2026-09-29T21:28:43,2026-09-29T21:28:43,2026-09-29T21:28:43
3293,鈊象,2022-04-25,725.0,-22.0,-2.95%,,,,,,,,,ShowDailyK_ChartFlow,FinMind_API_TaiwanStockPrice_3293,True,2026-09-29T21:28:43,2026-09-29T21:28:43,2026-09-29T21:28:43
3293,鈊象,2022-04-26,725.0,0.0,0.00%,,,,,,,,,ShowDailyK_ChartFlow,FinMind_API_TaiwanStockPrice_3293,True,2026-09-29T21:28:43,2026-09-29T21:28:43,2026-09-29T21:28:43
3293,鈊象,2022-04-27,710.0,-15.0,-2.07%,,,,,,,,,ShowDailyK_ChartFlow,FinMind_API_TaiwanStockPrice_3293,True,2026-09-29T21:28:43,2026-09-29T21:28:43,2026-09-29T21:28:43
3293,鈊象,2022-04-28,724.0,14.0,1.97%,,,,,,,,,ShowDailyK_ChartFlow,FinMind_API_TaiwanStockPrice_3293,True,2026-09-29T21:28:43,2026-09-29T21:28:43,2026-09-29T21:28:43
3293,鈊象,2022-04-29,730.0,6.0,0.83%,,,,,,,,,ShowDailyK_ChartFlow,FinMind_API_TaiwanStockPrice_3293,True,2026-09-29T21:28:43,2026-09-29T21:28:43,2026-09-29T21:28:43
3293,鈊象,2022-05-03,731.0,1.0,0.14%,,,,,,,,,ShowDailyK_ChartFlow,FinMind_API_TaiwanStockPrice_3293,True,2026-09-29T21:28:43,2026-09-29T21:28:43,2026-09-29T21:28:43
3293,鈊象,2022-05-04,720.0,-11.0,-1.50%,,,,,,,,,ShowDailyK_ChartFlow,FinMind_API_TaiwanStockPrice_3293,True,2026-09-29T21:28:43,2026-09-29T21:28:43,2026-09-29T21:28:43
3293,鈊象,2022-05-05,735.0,15.0,2.08%,,,,,,,,,ShowDailyK_ChartFlow,FinMind_API_TaiwanStockPrice_3293,True,2026-09-29T21:28:43,2026-09-29T21:28:43,2026-09-29T21:28:43
3293,鈊象,2022-05-06,732.0,-3.0,-0.41%,,,,,,,,,ShowDailyK_ChartFlow,FinMind_API_TaiwanStockPrice_3293,True,2026-09-29T21:28:43,2026-09-29T21:28:43,2026-09-29T21:28:43
3293,鈊象,2022-05-09,713.0,-19.0,-2.60%,,,,,,,,,ShowDailyK_ChartFlow,FinMind_API_TaiwanStockPrice_3293,True,2026-09-29T21:28:43,2026-09-29T21:28:43,2026-09-29T21:28:43
3293,鈊象,2022-05-10,729.0,16.0,2.24%,,,,,,,,,ShowDailyK_ChartFlow,FinMind_API_TaiwanStockPrice_3293,True,2026-09-29T21:28:43,2026-09-29T21:28:43,2026-09-29T21:28:43
3293,鈊象,2022-05-11,718.0,-11.0,-1.51%,,,,,,,,,ShowDailyK_ChartFlow,FinMind_API_TaiwanStockPrice_3293,True,2026-09-29T21:28:43,2026-09-29T21:28:43,2026-09-29T21:28:43
3293,鈊象,2022-05-12,710.0,-8.0,-1.11%,,,,,,,,,ShowDailyK_ChartFlow,FinMind_API_TaiwanStockPrice_3293,True,2026-09-29T21:28:43,2026-09-29T21:28:43,2026-09-29T21:28:43
3293,鈊象,2022-05-13,713.0,3.0,0.42%,,,,,,,,,ShowDailyK_ChartFlow,FinMind_API_TaiwanStockPrice_3293,True,2026-09-29T21:28:43,2026-09-29T21:28:43,2026-09-29T21:28:43
3293,鈊象,2022-05-16,714.0,1.0,0.14%,,,,,,,,,ShowDailyK_ChartFlow,FinMind_API_TaiwanStockPrice_3293,True,2026-09-29T21:28:43,2026-09-29T21:28:43,2026-09-29T21:28:43
3293,鈊象,2022-05-17,716.0,2.0,0.28%,,,,,,,,,ShowDailyK_ChartFlow,FinMind_API_TaiwanStockPrice_3293,True,2026-09-29T21:28:43,2026-09-29T21:28:43,2026-09-29T21:28:43
3293,鈊象,2022-05-18,715.0,-1.0,-0.14%,,,,,,,,,ShowDailyK_ChartFlow,FinMind_API_TaiwanStockPrice_3293,True,2026-09-29T21:28:43,2026-09-29T21:28:43,2026-09-29T21:28:43
3293,鈊象,2022-05-19,710.0,-5.0,-0.70%,,,,,,,,,ShowDailyK_ChartFlow,FinMind_API_TaiwanStockPrice_3293,True,2026-09-29T21:28:43,2026-09-29T21:28:43,2026-09-29T21:28:43
3293,鈊象,2022-05-20,711.0,1.0,0.14%,,,,,,,,,ShowDailyK_ChartFlow,FinMind_API_TaiwanStockPrice_3293,True,2026-09-29T21:28:43,2026-09-29T21:28:43,2026-09-29T21:28:43
3293,鈊象,2022-05-23,714.0,3.0,0.42%,,,,,,,,,ShowDailyK_ChartFlow,FinMind_API_TaiwanStockPrice_3293,True,2026-09-29T21:28:43,2026-09-29T21:28:43,2026-09-29T21:28:43
3293,鈊象,2022-05-24,710.0,-4.0,-0.56%,,,,,,,,,ShowDailyK_ChartFlow,FinMind_API_TaiwanStockPrice_3293,True,2026-09-29T21:28:43,2026-09-29T21:28:43,2026-09-29T21:28:43
3293,鈊象,2022-05-25,715.0,5.0,0.70%,,,,,,,,,ShowDailyK_ChartFlow,FinMind_API_TaiwanStockPrice_3293,True,2026-09-29T21:28:43,2026-09-29T21:28:43,2026-09-29T21:28:43
3293,鈊象,2022-05-26,711.0,-4.0,-0.56%,,,,,,,,,ShowDailyK_ChartFlow,FinMind_API_TaiwanStockPrice_3293,True,2026-09-29T21:28:43,2026-09-29T21:28:43,2026-09-29T21:28:43
3293,鈊象,2022-05-27,724.0,13.0,1.83%,,,,,,,,,ShowDailyK_ChartFlow,FinMind_API_TaiwanStockPrice_3293,True,2026-09-29T21:28:43,2026-09-29T21:28:43,2026-09-29T21:28:43
3293,鈊象,2022-05-30,729.0,5.0,0.69%,,,,,,,,,ShowDailyK_ChartFlow,FinMind_API_TaiwanStockPrice_3293,True,2026-09-29T21:28:43,2026-09-29T21:28:43,2026-09-29T21:28:43
3293,鈊象,2022-05-31,751.0,22.0,3.02%,,,,,,,,,ShowDailyK_ChartFlow,FinMind_API_TaiwanStockPrice_3293,True,2026-09-29T21:28:43,2026-09-29T21:28:43,2026-09-29T21:28:43
3293,鈊象,2022-06-01,761.0,10.0,1.33%,,,,,,,,,ShowDailyK_ChartFlow,FinMind_API_TaiwanStockPrice_3293,True,2026-09-29T21:28:43,2026-09-29T21:28:43,2026-09-29T21:28:43
3293,鈊象,2022-06-02,751.0,-10.0,-1.31%,,,,,,,,,ShowDailyK_ChartFlow,FinMind_API_TaiwanStockPrice_3293,True,2026-09-29T21:28:43,2026-09-29T21:28:43,2026-09-29T21:28:43
3293,鈊象,2022-06-06,752.0,1.0,0.13%,,,,,,,,,ShowDailyK_ChartFlow,FinMind_API_TaiwanStockPrice_3293,True,2026-09-29T21:28:43,2026-09-29T21:28:43,2026-09-29T21:28:43
3293,鈊象,2022-06-07,754.0,2.0,0.27%,,,,,,,,,ShowDailyK_ChartFlow,FinMind_API_TaiwanStockPrice_3293,True,2026-09-29T21:28:43,2026-09-29T21:28:43,2026-09-29T21:28:43
3293,鈊象,2022-06-08,752.0,-2.0,-0.27%,,,,,,,,,ShowDailyK_ChartFlow,FinMind_API_TaiwanStockPrice_3293,True,2026-09-29T21:28:43,2026-09-29T21:28:43,2026-09-29T21:28:43
3293,鈊象,2022-06-09,750.0,-2.0,-0.27%,,,,,,,,,ShowDailyK_ChartFlow,FinMind_API_TaiwanStockPrice_3293,True,2026-09-29T21:28:43,2026-09-29T21:28:43,2026-09-29T21:28:43
3293,鈊象,2022-06-10,747.0,-3.0,-0.40%,,,,,,,,,ShowDailyK_ChartFlow,FinMind_API_TaiwanStockPrice_3293,True,2026-09-29T21:28:43,2026-09-29T21:28:43,2026-09-29T21:28:43
3293,鈊象,2022-06-13,732.0,-15.0,-2.01%,,,,,,,,,ShowDailyK_ChartFlow,FinMind_API_TaiwanStockPrice_3293,True,2026-09-29T21:28:43,2026-09-29T21:28:43,2026-09-29T21:28:43
3293,鈊象,2022-06-14,726.0,-6.0,-0.82%,,,,,,,,,ShowDailyK_ChartFlow,FinMind_API_TaiwanStockPrice_3293,True,2026-09-29T21:28:43,2026-09-29T21:28:43,2026-09-29T21:28:43
3293,鈊象,2022-06-15,726.0,0.0,0.00%,,,,,,,,,ShowDailyK_ChartFlow,FinMind_API_TaiwanStockPrice_3293,True,2026-09-29T21:28:43,2026-09-29T21:28:43,2026-09-29T21:28:43
3293,鈊象,2022-06-16,716.0,-10.0,-1.38%,,,,,,,,,ShowDailyK_ChartFlow,FinMind_API_TaiwanStockPrice_3293,True,2026-09-29T21:28:43,2026-09-29T21:28:43,2026-09-29T21:28:43
3293,鈊象,2022-06-17,716.0,0.0,0.00%,,,,,,,,,ShowDailyK_ChartFlow,FinMind_API_TaiwanStockPrice_3293,True,2026-09-29T21:28:43,2026-09-29T21:28:43,2026-09-29T21:28:43
3293,鈊象,2022-06-20,694.0,-22.0,-3.07%,,,,,,,,,ShowDailyK_ChartFlow,FinMind_API_TaiwanStockPrice_3293,True,2026-09-29T21:28:43,2026-09-29T21:28:43,2026-09-29T21:28:43
3293,鈊象,2022-06-21,706.0,12.0,1.73%,,,,,,,,,ShowDailyK_ChartFlow,FinMind_API_TaiwanStockPrice_3293,True,2026-09-29T21:28:43,2026-09-29T21:28:43,2026-09-29T21:28:43
3293,鈊象,2022-06-22,693.0,-13.0,-1.84%,,,,,,,,,ShowDailyK_ChartFlow,FinMind_API_TaiwanStockPrice_3293,True,2026-09-29T21:28:43,2026-09-29T21:28:43,2026-09-29T21:28:43
3293,鈊象,2022-06-23,681.0,-12.0,-1.73%,,,,,,,,,ShowDailyK_ChartFlow,FinMind_API_TaiwanStockPrice_3293,True,2026-09-29T21:28:43,2026-09-29T21:28:43,2026-09-29T21:28:43
3293,鈊象,2022-06-24,694.0,13.0,1.91%,,,,,,,,,ShowDailyK_ChartFlow,FinMind_API_TaiwanStockPrice_3293,True,2026-09-29T21:28:43,2026-09-29T21:28:43,2026-09-29T21:28:43
3293,鈊象,2022-06-27,725.0,31.0,4.47%,,,,,,,,,ShowDailyK_ChartFlow,FinMind_API_TaiwanStockPrice_3293,True,2026-09-29T21:28:43,2026-09-29T21:28:43,2026-09-29T21:28:43
3293,鈊象,2022-06-28,744.0,19.0,2.62%,,,,,,,,,ShowDailyK_ChartFlow,FinMind_API_TaiwanStockPrice_3293,True,2026-09-29T21:28:43,2026-09-29T21:28:43,2026-09-29T21:28:43
3293,鈊象,2022-06-29,750.0,6.0,0.81%,,,,,,,,,ShowDailyK_ChartFlow,FinMind_API_TaiwanStockPrice_3293,True,2026-09-29T21:28:43,2026-09-29T21:28:43,2026-09-29T21:28:43
3293,鈊象,2022-06-30,746.0,-4.0,-0.53%,,,,,,,,,ShowDailyK_ChartFlow,FinMind_API_TaiwanStockPrice_3293,True,2026-09-29T21:28:43,2026-09-29T21:28:43,2026-09-29T21:28:43
3293,鈊象,2022-07-01,735.0,-11.0,-1.47%,,,,,,,,,ShowDailyK_ChartFlow,FinMind_API_TaiwanStockPrice_3293,True,2026-09-29T21:28:43,2026-09-29T21:28:43,2026-09-29T21:28:43
3293,鈊象,2022-07-04,764.0,29.0,3.95%,,,,,,,,,ShowDailyK_ChartFlow,FinMind_API_TaiwanStockPrice_3293,True,2026-09-29T21:28:43,2026-09-29T21:28:43,2026-09-29T21:28:43
3293,鈊象,2022-07-05,764.0,0.0,0.00%,,,,,,,,,ShowDailyK_ChartFlow,FinMind_API_TaiwanStockPrice_3293,True,2026-09-29T21:28:43,2026-09-29T21:28:43,2026-09-29T21:28:43
3293,鈊象,2022-07-06,688.0,-76.0,-9.95%,,,,,,,,,ShowDailyK_ChartFlow,FinMind_API_TaiwanStockPrice_3293,True,2026-09-29T21:28:43,2026-09-29T21:28:43,2026-09-29T21:28:43
3293,鈊象,2022-07-07,680.0,-8.0,-1.16%,,,,,,,,,ShowDailyK_ChartFlow,FinMind_API_TaiwanStockPrice_3293,True,2026-09-29T21:28:43,2026-09-29T21:28:43,2026-09-29T21:28:43
3293,鈊象,2022-07-08,676.0,-4.0,-0.59%,,,,,,,,,ShowDailyK_ChartFlow,FinMind_API_TaiwanStockPrice_3293,True,2026-09-29T21:28:43,2026-09-29T21:28:43,2026-09-29T21:28:43
3293,鈊象,2022-07-11,660.0,-16.0,-2.37%,,,,,,,,,ShowDailyK_ChartFlow,FinMind_API_TaiwanStockPrice_3293,True,2026-09-29T21:28:43,2026-09-29T21:28:43,2026-09-29T21:28:43
3293,鈊象,2022-07-12,663.0,3.0,0.45%,,,,,,,,,ShowDailyK_ChartFlow,FinMind_API_TaiwanStockPrice_3293,True,2026-09-29T21:28:43,2026-09-29T21:28:43,2026-09-29T21:28:43
3293,鈊象,2022-07-13,689.0,26.0,3.92%,,,,,,,,,ShowDailyK_ChartFlow,FinMind_API_TaiwanStockPrice_3293,True,2026-09-29T21:28:43,2026-09-29T21:28:43,2026-09-29T21:28:43
3293,鈊象,2022-07-14,717.0,28.0,4.06%,,,,,,,,,ShowDailyK_ChartFlow,FinMind_API_TaiwanStockPrice_3293,True,2026-09-29T21:28:43,2026-09-29T21:28:43,2026-09-29T21:28:43
3293,鈊象,2022-07-15,720.0,3.0,0.42%,,,,,,,,,ShowDailyK_ChartFlow,FinMind_API_TaiwanStockPrice_3293,True,2026-09-29T21:28:43,2026-09-29T21:28:43,2026-09-29T21:28:43
3293,鈊象,2022-07-18,749.0,29.0,4.03%,,,,,,,,,ShowDailyK_ChartFlow,FinMind_API_TaiwanStockPrice_3293,True,2026-09-29T21:28:43,2026-09-29T21:28:43,2026-09-29T21:28:43
3293,鈊象,2022-07-19,742.0,-7.0,-0.93%,,,,,,,,,ShowDailyK_ChartFlow,FinMind_API_TaiwanStockPrice_3293,True,2026-09-29T21:28:43,2026-09-29T21:28:43,2026-09-29T21:28:43
3293,鈊象,2022-07-20,741.0,-1.0,-0.13%,,,,,,,,,ShowDailyK_ChartFlow,FinMind_API_TaiwanStockPrice_3293,True,2026-09-29T21:28:43,2026-09-29T21:28:43,2026-09-29T21:28:43
3293,鈊象,2022-07-21,763.0,22.0,2.97%,,,,,,,,,ShowDailyK_ChartFlow,FinMind_API_TaiwanStockPrice_3293,True,2026-09-29T21:28:43,2026-09-29T21:28:43,2026-09-29T21:28:43
3293,鈊象,2022-07-22,774.0,11.0,1.44%,,,,,,,,,ShowDailyK_ChartFlow,FinMind_API_TaiwanStockPrice_3293,True,2026-09-29T21:28:43,2026-09-29T21:28:43,2026-09-29T21:28:43
3293,鈊象,2022-07-25,789.0,15.0,1.94%,,,,,,,,,ShowDailyK_ChartFlow,FinMind_API_TaiwanStockPrice_3293,True,2026-09-29T21:28:43,2026-09-29T21:28:43,2026-09-29T21:28:43
3293,鈊象,2022-07-26,782.0,-7.0,-0.89%,,,,,,,,,ShowDailyK_ChartFlow,FinMind_API_TaiwanStockPrice_3293,True,2026-09-29T21:28:43,2026-09-29T21:28:43,2026-09-29T21:28:43
3293,鈊象,2022-07-27,355.5,-426.5,-54.54%,,,,,,,,,ShowDailyK_ChartFlow,FinMind_API_TaiwanStockPrice_3293,True,2026-09-29T21:28:43,2026-09-29T21:28:43,2026-09-29T21:28:43
3293,鈊象,2022-07-28,351.0,-4.5,-1.27%,,,,,,,,,ShowDailyK_ChartFlow,FinMind_API_TaiwanStockPrice_3293,True,2026-09-29T21:28:43,2026-09-29T21:28:43,2026-09-29T21:28:43
3293,鈊象,2022-07-29,354.0,3.0,0.85%,,,,,,,,,ShowDailyK_ChartFlow,FinMind_API_TaiwanStockPrice_3293,True,2026-09-29T21:28:43,2026-09-29T21:28:43,2026-09-29T21:28:43
3293,鈊象,2022-08-01,346.5,-7.5,-2.12%,,,,,,,,,ShowDailyK_ChartFlow,FinMind_API_TaiwanStockPrice_3293,True,2026-09-29T21:28:43,2026-09-29T21:28:43,2026-09-29T21:28:43
3293,鈊象,2022-08-02,340.5,-6.0,-1.73%,,,,,,,,,ShowDailyK_ChartFlow,FinMind_API_TaiwanStockPrice_3293,True,2026-09-29T21:28:43,2026-09-29T21:28:43,2026-09-29T21:28:43
3293,鈊象,2022-08-03,346.5,6.0,1.76%,,,,,,,,,ShowDailyK_ChartFlow,FinMind_API_TaiwanStockPrice_3293,True,2026-09-29T21:28:43,2026-09-29T21:28:43,2026-09-29T21:28:43
3293,鈊象,2022-08-04,350.0,3.5,1.01%,,,,,,,,,ShowDailyK_ChartFlow,FinMind_API_TaiwanStockPrice_3293,True,2026-09-29T21:28:43,2026-09-29T21:28:43,2026-09-29T21:28:43
3293,鈊象,2022-08-05,368.0,18.0,5.14%,,,,,,,,,ShowDailyK_ChartFlow,FinMind_API_TaiwanStockPrice_3293,True,2026-09-29T21:28:43,2026-09-29T21:28:43,2026-09-29T21:28:43
3293,鈊象,2022-08-08,394.0,26.0,7.07%,,,,,,,,,ShowDailyK_ChartFlow,FinMind_API_TaiwanStockPrice_3293,True,2026-09-29T21:28:43,2026-09-29T21:28:43,2026-09-29T21:28:43
3293,鈊象,2022-08-09,414.0,20.0,5.08%,,,,,,,,,ShowDailyK_ChartFlow,FinMind_API_TaiwanStockPrice_3293,True,2026-09-29T21:28:43,2026-09-29T21:28:43,2026-09-29T21:28:43
3293,鈊象,2022-08-10,403.0,-11.0,-2.66%,,,,,,,,,ShowDailyK_ChartFlow,FinMind_API_TaiwanStockPrice_3293,True,2026-09-29T21:28:43,2026-09-29T21:28:43,2026-09-29T21:28:43
3293,鈊象,2022-08-11,411.0,8.0,1.99%,,,,,,,,,ShowDailyK_ChartFlow,FinMind_API_TaiwanStockPrice_3293,True,2026-09-29T21:28:43,2026-09-29T21:28:43,2026-09-29T21:28:43
3293,鈊象,2022-08-12,408.5,-2.5,-0.61%,,,,,,,,,ShowDailyK_ChartFlow,FinMind_API_TaiwanStockPrice_3293,True,2026-09-29T21:28:43,2026-09-29T21:28:43,2026-09-29T21:28:43
3293,鈊象,2022-08-15,402.5,-6.0,-1.47%,,,,,,,,,ShowDailyK_ChartFlow,FinMind_API_TaiwanStockPrice_3293,True,2026-09-29T21:28:43,2026-09-29T21:28:43,2026-09-29T21:28:43
3293,鈊象,2022-08-16,404.0,1.5,0.37%,,,,,,,,,ShowDailyK_ChartFlow,FinMind_API_TaiwanStockPrice_3293,True,2026-09-29T21:28:43,2026-09-29T21:28:43,2026-09-29T21:28:43
3293,鈊象,2022-08-17,405.0,1.0,0.25%,,,,,,,,,ShowDailyK_ChartFlow,FinMind_API_TaiwanStockPrice_3293,True,2026-09-29T21:28:43,2026-09-29T21:28:43,2026-09-29T21:28:43
3293,鈊象,2022-08-18,405.0,0.0,0.00%,,,,,,,,,ShowDailyK_ChartFlow,FinMind_API_TaiwanStockPrice_3293,True,2026-09-29T21:28:43,2026-09-29T21:28:43,2026-09-29T21:28:43
3293,鈊象,2022-08-19,403.0,-2.0,-0.49%,,,,,,,,,ShowDailyK_ChartFlow,FinMind_API_TaiwanStockPrice_3293,True,2026-09-29T21:28:43,2026-09-29T21:28:43,2026-09-29T21:28:43
3293,鈊象,2022-08-22,390.5,-12.5,-3.10%,,,,,,,,,ShowDailyK_ChartFlow,FinMind_API_TaiwanStockPrice_3293,True,2026-09-29T21:28:43,2026-09-29T21:28:43,2026-09-29T21:28:43
3293,鈊象,2022-08-23,386.0,-4.5,-1.15%,,,,,,,,,ShowDailyK_ChartFlow,FinMind_API_TaiwanStockPrice_3293,True,2026-09-29T21:28:43,2026-09-29T21:28:43,2026-09-29T21:28:43
3293,鈊象,2022-08-24,385.5,-0.5,-0.13%,,,,,,,,,ShowDailyK_ChartFlow,FinMind_API_TaiwanStockPrice_3293,True,2026-09-29T21:28:43,2026-09-29T21:28:43,2026-09-29T21:28:43
3293,鈊象,2022-08-25,387.0,1.5,0.39%,,,,,,,,,ShowDailyK_ChartFlow,FinMind_API_TaiwanStockPrice_3293,True,2026-09-29T21:28:43,2026-09-29T21:28:43,2026-09-29T21:28:43
3293,鈊象,2022-08-26,389.5,2.5,0.65%,,,,,,,,,ShowDailyK_ChartFlow,FinMind_API_TaiwanStockPrice_3293,True,2026-09-29T21:28:43,2026-09-29T21:28:43,2026-09-29T21:28:43
3293,鈊象,2022-08-29,379.0,-10.5,-2.70%,,,,,,,,,ShowDailyK_ChartFlow,FinMind_API_TaiwanStockPrice_3293,True,2026-09-29T21:28:43,2026-09-29T21:28:43,2026-09-29T21:28:43
3293,鈊象,2022-08-30,379.0,0.0,0.00%,,,,,,,,,ShowDailyK_ChartFlow,FinMind_API_TaiwanStockPrice_3293,True,2026-09-29T21:28:43,2026-09-29T21:28:43,2026-09-29T21:28:43
3293,鈊象,2022-08-31,373.0,-6.0,-1.58%,,,,,,,,,ShowDailyK_ChartFlow,FinMind_API_TaiwanStockPrice_3293,True,2026-09-29T21:28:43,2026-09-29T21:28:43,2026-09-29T21:28:43
3293,鈊象,2022-09-01,370.0,-3.0,-0.80%,,,,,,,,,ShowDailyK_ChartFlow,FinMind_API_TaiwanStockPrice_3293,True,2026-09-29T21:28:43,2026-09-29T21:28:43,2026-09-29T21:28:43
3293,鈊象,2022-09-02,365.0,-5.0,-1.35%,,,,,,,,,ShowDailyK_ChartFlow,FinMind_API_TaiwanStockPrice_3293,True,2026-09-29T21:28:43,2026-09-29T21:28:43,2026-09-29T21:28:43
3293,鈊象,2022-09-05,356.0,-9.0,-2.47%,,,,,,,,,ShowDailyK_ChartFlow,FinMind_API_TaiwanStockPrice_3293,True,2026-09-29T21:28:43,2026-09-29T21:28:43,2026-09-29T21:28:43
3293,鈊象,2022-09-06,370.5,14.5,4.07%,,,,,,,,,ShowDailyK_ChartFlow,FinMind_API_TaiwanStockPrice_3293,True,2026-09-29T21:28:43,2026-09-29T21:28:43,2026-09-29T21:28:43
3293,鈊象,2022-09-07,358.5,-12.0,-3.24%,,,,,,,,,ShowDailyK_ChartFlow,FinMind_API_TaiwanStockPrice_3293,True,2026-09-29T21:28:43,2026-09-29T21:28:43,2026-09-29T21:28:43
3293,鈊象,2022-09-08,367.5,9.0,2.51%,,,,,,,,,ShowDailyK_ChartFlow,FinMind_API_TaiwanStockPrice_3293,True,2026-09-29T21:28:43,2026-09-29T21:28:43,2026-09-29T21:28:43
3293,鈊象,2022-09-12,371.5,4.0,1.09%,,,,,,,,,ShowDailyK_ChartFlow,FinMind_API_TaiwanStockPrice_3293,True,2026-09-29T21:28:43,2026-09-29T21:28:43,2026-09-29T21:28:43
3293,鈊象,2022-09-13,362.0,-9.5,-2.56%,,,,,,,,,ShowDailyK_ChartFlow,FinMind_API_TaiwanStockPrice_3293,True,2026-09-29T21:28:43,2026-09-29T21:28:43,2026-09-29T21:28:43
3293,鈊象,2022-09-14,358.0,-4.0,-1.10%,,,,,,,,,ShowDailyK_ChartFlow,FinMind_API_TaiwanStockPrice_3293,True,2026-09-29T21:28:43,2026-09-29T21:28:43,2026-09-29T21:28:43
3293,鈊象,2022-09-15,365.5,7.5,2.09%,,,,,,,,,ShowDailyK_ChartFlow,FinMind_API_TaiwanStockPrice_3293,True,2026-09-29T21:28:43,2026-09-29T21:28:43,2026-09-29T21:28:43
3293,鈊象,2022-09-16,357.5,-8.0,-2.19%,,,,,,,,,ShowDailyK_ChartFlow,FinMind_API_TaiwanStockPrice_3293,True,2026-09-29T21:28:43,2026-09-29T21:28:43,2026-09-29T21:28:43
3293,鈊象,2022-09-19,354.0,-3.5,-0.98%,,,,,,,,,ShowDailyK_ChartFlow,FinMind_API_TaiwanStockPrice_3293,True,2026-09-29T21:28:43,2026-09-29T21:28:43,2026-09-29T21:28:43
3293,鈊象,2022-09-20,354.0,0.0,0.00%,,,,,,,,,ShowDailyK_ChartFlow,FinMind_API_TaiwanStockPrice_3293,True,2026-09-29T21:28:43,2026-09-29T21:28:43,2026-09-29T21:28:43
3293,鈊象,2022-09-21,357.0,3.0,0.85%,,,,,,,,,ShowDailyK_ChartFlow,FinMind_API_TaiwanStockPrice_3293,True,2026-09-29T21:28:43,2026-09-29T21:28:43,2026-09-29T21:28:43
3293,鈊象,2022-09-22,356.5,-0.5,-0.14%,,,,,,,,,ShowDailyK_ChartFlow,FinMind_API_TaiwanStockPrice_3293,True,2026-09-29T21:28:43,2026-09-29T21:28:43,2026-09-29T21:28:43
3293,鈊象,2022-09-23,350.5,-6.0,-1.68%,,,,,,,,,ShowDailyK_ChartFlow,FinMind_API_TaiwanStockPrice_3293,True,2026-09-29T21:28:43,2026-09-29T21:28:43,2026-09-29T21:28:43
3293,鈊象,2022-09-26,342.0,-8.5,-2.43%,,,,,,,,,ShowDailyK_ChartFlow,FinMind_API_TaiwanStockPrice_3293,True,2026-09-29T21:28:43,2026-09-29T21:28:43,2026-09-29T21:28:43
3293,鈊象,2022-09-27,354.5,12.5,3.65%,,,,,,,,,ShowDailyK_ChartFlow,FinMind_API_TaiwanStockPrice_3293,True,2026-09-29T21:28:43,2026-09-29T21:28:43,2026-09-29T21:28:43
3293,鈊象,2022-09-28,347.0,-7.5,-2.12%,,,,,,,,,ShowDailyK_ChartFlow,FinMind_API_TaiwanStockPrice_3293,True,2026-09-29T21:28:43,2026-09-29T21:28:43,2026-09-29T21:28:43
3293,鈊象,2022-09-29,355.5,8.5,2.45%,,,,,,,,,ShowDailyK_ChartFlow,FinMind_API_TaiwanStockPrice_3293,True,2026-09-29T21:28:43,2026-09-29T21:28:43,2026-09-29T21:28:43
3293,鈊象,2022-09-30,360.0,4.5,1.27%,,,,,,,,,ShowDailyK_ChartFlow,FinMind_API_TaiwanStockPrice_3293,True,2026-09-29T21:28:43,2026-09-29T21:28:43,2026-09-29T21:28:43
3293,鈊象,2022-10-03,364.5,4.5,1.25%,,,,,,,,,ShowDailyK_ChartFlow,FinMind_API_TaiwanStockPrice_3293,True,2026-09-29T21:28:43,2026-09-29T21:28:43,2026-09-29T21:28:43
3293,鈊象,2022-10-04,366.0,1.5,0.41%,,,,,,,,,ShowDailyK_ChartFlow,FinMind_API_TaiwanStockPrice_3293,True,2026-09-29T21:28:43,2026-09-29T21:28:43,2026-09-29T21:28:43
3293,鈊象,2022-10-05,361.0,-5.0,-1.37%,,,,,,,,,ShowDailyK_ChartFlow,FinMind_API_TaiwanStockPrice_3293,True,2026-09-29T21:28:43,2026-09-29T21:28:43,2026-09-29T21:28:43
3293,鈊象,2022-10-06,362.0,1.0,0.28%,,,,,,,,,ShowDailyK_ChartFlow,FinMind_API_TaiwanStockPrice_3293,True,2026-09-29T21:28:43,2026-09-29T21:28:43,2026-09-29T21:28:43
3293,鈊象,2022-10-07,356.0,-6.0,-1.66%,,,,,,,,,ShowDailyK_ChartFlow,FinMind_API_TaiwanStockPrice_3293,True,2026-09-29T21:28:43,2026-09-29T21:28:43,2026-09-29T21:28:43
3293,鈊象,2022-10-11,346.0,-10.0,-2.81%,,,,,,,,,ShowDailyK_ChartFlow,FinMind_API_TaiwanStockPrice_3293,True,2026-09-29T21:28:43,2026-09-29T21:28:43,2026-09-29T21:28:43
3293,鈊象,2022-10-12,347.0,1.0,0.29%,,,,,,,,,ShowDailyK_ChartFlow,FinMind_API_TaiwanStockPrice_3293,True,2026-09-29T21:28:43,2026-09-29T21:28:43,2026-09-29T21:28:43
3293,鈊象,2022-10-13,341.0,-6.0,-1.73%,,,,,,,,,ShowDailyK_ChartFlow,FinMind_API_TaiwanStockPrice_3293,True,2026-09-29T21:28:43,2026-09-29T21:28:43,2026-09-29T21:28:43
3293,鈊象,2022-10-14,345.5,4.5,1.32%,,,,,,,,,ShowDailyK_ChartFlow,FinMind_API_TaiwanStockPrice_3293,True,2026-09-29T21:28:43,2026-09-29T21:28:43,2026-09-29T21:28:43
3293,鈊象,2022-10-17,352.0,6.5,1.88%,,,,,,,,,ShowDailyK_ChartFlow,FinMind_API_TaiwanStockPrice_3293,True,2026-09-29T21:28:43,2026-09-29T21:28:43,2026-09-29T21:28:43
3293,鈊象,2022-10-18,357.5,5.5,1.56%,,,,,,,,,ShowDailyK_ChartFlow,FinMind_API_TaiwanStockPrice_3293,True,2026-09-29T21:28:43,2026-09-29T21:28:43,2026-09-29T21:28:43
3293,鈊象,2022-10-19,362.5,5.0,1.40%,,,,,,,,,ShowDailyK_ChartFlow,FinMind_API_TaiwanStockPrice_3293,True,2026-09-29T21:28:43,2026-09-29T21:28:43,2026-09-29T21:28:43
3293,鈊象,2022-10-20,356.0,-6.5,-1.79%,,,,,,,,,ShowDailyK_ChartFlow,FinMind_API_TaiwanStockPrice_3293,True,2026-09-29T21:28:43,2026-09-29T21:28:43,2026-09-29T21:28:43
3293,鈊象,2022-10-21,350.5,-5.5,-1.54%,,,,,,,,,ShowDailyK_ChartFlow,FinMind_API_TaiwanStockPrice_3293,True,2026-09-29T21:28:43,2026-09-29T21:28:43,2026-09-29T21:28:43
3293,鈊象,2022-10-24,354.0,3.5,1.00%,,,,,,,,,ShowDailyK_ChartFlow,FinMind_API_TaiwanStockPrice_3293,True,2026-09-29T21:28:43,2026-09-29T21:28:43,2026-09-29T21:28:43
3293,鈊象,2022-10-25,344.0,-10.0,-2.82%,,,,,,,,,ShowDailyK_ChartFlow,FinMind_API_TaiwanStockPrice_3293,True,2026-09-29T21:28:43,2026-09-29T21:28:43,2026-09-29T21:28:43
3293,鈊象,2022-10-26,342.5,-1.5,-0.44%,,,,,,,,,ShowDailyK_ChartFlow,FinMind_API_TaiwanStockPrice_3293,True,2026-09-29T21:28:43,2026-09-29T21:28:43,2026-09-29T21:28:43
3293,鈊象,2022-10-27,344.5,2.0,0.58%,,,,,,,,,ShowDailyK_ChartFlow,FinMind_API_TaiwanStockPrice_3293,True,2026-09-29T21:28:43,2026-09-29T21:28:43,2026-09-29T21:28:43
3293,鈊象,2022-10-28,340.0,-4.5,-1.31%,,,,,,,,,ShowDailyK_ChartFlow,FinMind_API_TaiwanStockPrice_3293,True,2026-09-29T21:28:43,2026-09-29T21:28:43,2026-09-29T21:28:43
3293,鈊象,2022-10-31,351.5,11.5,3.38%,,,,,,,,,ShowDailyK_ChartFlow,FinMind_API_TaiwanStockPrice_3293,True,2026-09-29T21:28:43,2026-09-29T21:28:43,2026-09-29T21:28:43
3293,鈊象,2022-11-01,357.5,6.0,1.71%,,,,,,,,,ShowDailyK_ChartFlow,FinMind_API_TaiwanStockPrice_3293,True,2026-09-29T21:28:43,2026-09-29T21:28:43,2026-09-29T21:28:43
3293,鈊象,2022-11-02,364.0,6.5,1.82%,,,,,,,,,ShowDailyK_ChartFlow,FinMind_API_TaiwanStockPrice_3293,True,2026-09-29T21:28:43,2026-09-29T21:28:43,2026-09-29T21:28:43
3293,鈊象,2022-11-03,362.5,-1.5,-0.41%,,,,,,,,,ShowDailyK_ChartFlow,FinMind_API_TaiwanStockPrice_3293,True,2026-09-29T21:28:43,2026-09-29T21:28:43,2026-09-29T21:28:43
3293,鈊象,2022-11-04,360.0,-2.5,-0.69%,,,,,,,,,ShowDailyK_ChartFlow,FinMind_API_TaiwanStockPrice_3293,True,2026-09-29T21:28:43,2026-09-29T21:28:43,2026-09-29T21:28:43
3293,鈊象,2022-11-07,384.5,24.5,6.81%,,,,,,,,,ShowDailyK_ChartFlow,FinMind_API_TaiwanStockPrice_3293,True,2026-09-29T21:28:43,2026-09-29T21:28:43,2026-09-29T21:28:43
3293,鈊象,2022-11-08,380.0,-4.5,-1.17%,,,,,,,,,ShowDailyK_ChartFlow,FinMind_API_TaiwanStockPrice_3293,True,2026-09-29T21:28:43,2026-09-29T21:28:43,2026-09-29T21:28:43
3293,鈊象,2022-11-09,385.0,5.0,1.32%,,,,,,,,,ShowDailyK_ChartFlow,FinMind_API_TaiwanStockPrice_3293,True,2026-09-29T21:28:43,2026-09-29T21:28:43,2026-09-29T21:28:43
3293,鈊象,2022-11-10,380.0,-5.0,-1.30%,,,,,,,,,ShowDailyK_ChartFlow,FinMind_API_TaiwanStockPrice_3293,True,2026-09-29T21:28:43,2026-09-29T21:28:43,2026-09-29T21:28:43
3293,鈊象,2022-11-11,382.5,2.5,0.66%,,,,,,,,,ShowDailyK_ChartFlow,FinMind_API_TaiwanStockPrice_3293,True,2026-09-29T21:28:43,2026-09-29T21:28:43,2026-09-29T21:28:43
3293,鈊象,2022-11-14,383.0,0.5,0.13%,,,,,,,,,ShowDailyK_ChartFlow,FinMind_API_TaiwanStockPrice_3293,True,2026-09-29T21:28:43,2026-09-29T21:28:43,2026-09-29T21:28:43
3293,鈊象,2022-11-15,378.0,-5.0,-1.31%,,,,,,,,,ShowDailyK_ChartFlow,FinMind_API_TaiwanStockPrice_3293,True,2026-09-29T21:28:43,2026-09-29T21:28:43,2026-09-29T21:28:43
3293,鈊象,2022-11-16,376.5,-1.5,-0.40%,,,,,,,,,ShowDailyK_ChartFlow,FinMind_API_TaiwanStockPrice_3293,True,2026-09-29T21:28:43,2026-09-29T21:28:43,2026-09-29T21:28:43
3293,鈊象,2022-11-17,379.5,3.0,0.80%,,,,,,,,,ShowDailyK_ChartFlow,FinMind_API_TaiwanStockPrice_3293,True,2026-09-29T21:28:43,2026-09-29T21:28:43,2026-09-29T21:28:43
3293,鈊象,2022-11-18,391.0,11.5,3.03%,,,,,,,,,ShowDailyK_ChartFlow,FinMind_API_TaiwanStockPrice_3293,True,2026-09-29T21:28:43,2026-09-29T21:28:43,2026-09-29T21:28:43
3293,鈊象,2022-11-21,391.0,0.0,0.00%,,,,,,,,,ShowDailyK_ChartFlow,FinMind_API_TaiwanStockPrice_3293,True,2026-09-29T21:28:43,2026-09-29T21:28:43,2026-09-29T21:28:43
3293,鈊象,2022-11-22,381.5,-9.5,-2.43%,,,,,,,,,ShowDailyK_ChartFlow,FinMind_API_TaiwanStockPrice_3293,True,2026-09-29T21:28:43,2026-09-29T21:28:43,2026-09-29T21:28:43
3293,鈊象,2022-11-23,382.5,1.0,0.26%,,,,,,,,,ShowDailyK_ChartFlow,FinMind_API_TaiwanStockPrice_3293,True,2026-09-29T21:28:43,2026-09-29T21:28:43,2026-09-29T21:28:43
3293,鈊象,2022-11-24,389.5,7.0,1.83%,,,,,,,,,ShowDailyK_ChartFlow,FinMind_API_TaiwanStockPrice_3293,True,2026-09-29T21:28:43,2026-09-29T21:28:43,2026-09-29T21:28:43
3293,鈊象,2022-11-25,381.5,-8.0,-2.05%,,,,,,,,,ShowDailyK_ChartFlow,FinMind_API_TaiwanStockPrice_3293,True,2026-09-29T21:28:43,2026-09-29T21:28:43,2026-09-29T21:28:43
3293,鈊象,2022-11-28,387.5,6.0,1.57%,,,,,,,,,ShowDailyK_ChartFlow,FinMind_API_TaiwanStockPrice_3293,True,2026-09-29T21:28:43,2026-09-29T21:28:43,2026-09-29T21:28:43
3293,鈊象,2022-11-29,386.0,-1.5,-0.39%,,,,,,,,,ShowDailyK_ChartFlow,FinMind_API_TaiwanStockPrice_3293,True,2026-09-29T21:28:43,2026-09-29T21:28:43,2026-09-29T21:28:43
3293,鈊象,2022-11-30,388.5,2.5,0.65%,,,,,,,,,ShowDailyK_ChartFlow,FinMind_API_TaiwanStockPrice_3293,True,2026-09-29T21:28:43,2026-09-29T21:28:43,2026-09-29T21:28:43
3293,鈊象,2022-12-01,387.5,-1.0,-0.26%,,,,,,,,,ShowDailyK_ChartFlow,FinMind_API_TaiwanStockPrice_3293,True,2026-09-29T21:28:43,2026-09-29T21:28:43,2026-09-29T21:28:43
3293,鈊象,2022-12-02,392.0,4.5,1.16%,,,,,,,,,ShowDailyK_ChartFlow,FinMind_API_TaiwanStockPrice_3293,True,2026-09-29T21:28:43,2026-09-29T21:28:43,2026-09-29T21:28:43
3293,鈊象,2022-12-05,392.0,0.0,0.00%,,,,,,,,,ShowDailyK_ChartFlow,FinMind_API_TaiwanStockPrice_3293,True,2026-09-29T21:28:43,2026-09-29T21:28:43,2026-09-29T21:28:43
3293,鈊象,2022-12-06,399.5,7.5,1.91%,,,,,,,,,ShowDailyK_ChartFlow,FinMind_API_TaiwanStockPrice_3293,True,2026-09-29T21:28:43,2026-09-29T21:28:43,2026-09-29T21:28:43
3293,鈊象,2022-12-07,390.5,-9.0,-2.25%,,,,,,,,,ShowDailyK_ChartFlow,FinMind_API_TaiwanStockPrice_3293,True,2026-09-29T21:28:43,2026-09-29T21:28:43,2026-09-29T21:28:43
3293,鈊象,2022-12-08,394.0,3.5,0.90%,,,,,,,,,ShowDailyK_ChartFlow,FinMind_API_TaiwanStockPrice_3293,True,2026-09-29T21:28:43,2026-09-29T21:28:43,2026-09-29T21:28:43
3293,鈊象,2022-12-09,390.0,-4.0,-1.02%,,,,,,,,,ShowDailyK_ChartFlow,FinMind_API_TaiwanStockPrice_3293,True,2026-09-29T21:28:43,2026-09-29T21:28:43,2026-09-29T21:28:43
3293,鈊象,2022-12-12,391.0,1.0,0.26%,,,,,,,,,ShowDailyK_ChartFlow,FinMind_API_TaiwanStockPrice_3293,True,2026-09-29T21:28:43,2026-09-29T21:28:43,2026-09-29T21:28:43
3293,鈊象,2022-12-13,388.5,-2.5,-0.64%,,,,,,,,,ShowDailyK_ChartFlow,FinMind_API_TaiwanStockPrice_3293,True,2026-09-29T21:28:43,2026-09-29T21:28:43,2026-09-29T21:28:43
3293,鈊象,2022-12-14,393.0,4.5,1.16%,,,,,,,,,ShowDailyK_ChartFlow,FinMind_API_TaiwanStockPrice_3293,True,2026-09-29T21:28:43,2026-09-29T21:28:43,2026-09-29T21:28:43
3293,鈊象,2022-12-15,395.0,2.0,0.51%,,,,,,,,,ShowDailyK_ChartFlow,FinMind_API_TaiwanStockPrice_3293,True,2026-09-29T21:28:43,2026-09-29T21:28:43,2026-09-29T21:28:43
3293,鈊象,2022-12-16,398.0,3.0,0.76%,,,,,,,,,ShowDailyK_ChartFlow,FinMind_API_TaiwanStockPrice_3293,True,2026-09-29T21:28:43,2026-09-29T21:28:43,2026-09-29T21:28:43
3293,鈊象,2022-12-19,418.0,20.0,5.03%,,,,,,,,,ShowDailyK_ChartFlow,FinMind_API_TaiwanStockPrice_3293,True,2026-09-29T21:28:43,2026-09-29T21:28:43,2026-09-29T21:28:43
3293,鈊象,2022-12-20,404.5,-13.5,-3.23%,,,,,,,,,ShowDailyK_ChartFlow,FinMind_API_TaiwanStockPrice_3293,True,2026-09-29T21:28:43,2026-09-29T21:28:43,2026-09-29T21:28:43
3293,鈊象,2022-12-21,424.0,19.5,4.82%,,,,,,,,,ShowDailyK_ChartFlow,FinMind_API_TaiwanStockPrice_3293,True,2026-09-29T21:28:43,2026-09-29T21:28:43,2026-09-29T21:28:43
3293,鈊象,2022-12-22,426.5,2.5,0.59%,,,,,,,,,ShowDailyK_ChartFlow,FinMind_API_TaiwanStockPrice_3293,True,2026-09-29T21:28:43,2026-09-29T21:28:43,2026-09-29T21:28:43
3293,鈊象,2022-12-23,425.5,-1.0,-0.23%,,,,,,,,,ShowDailyK_ChartFlow,FinMind_API_TaiwanStockPrice_3293,True,2026-09-29T21:28:43,2026-09-29T21:28:43,2026-09-29T21:28:43
3293,鈊象,2022-12-26,421.0,-4.5,-1.06%,,,,,,,,,ShowDailyK_ChartFlow,FinMind_API_TaiwanStockPrice_3293,True,2026-09-29T21:28:43,2026-09-29T21:28:43,2026-09-29T21:28:43
3293,鈊象,2022-12-27,430.0,9.0,2.14%,,,,,,,,,ShowDailyK_ChartFlow,FinMind_API_TaiwanStockPrice_3293,True,2026-09-29T21:28:43,2026-09-29T21:28:43,2026-09-29T21:28:43
3293,鈊象,2022-12-28,428.0,-2.0,-0.47%,,,,,,,,,ShowDailyK_ChartFlow,FinMind_API_TaiwanStockPrice_3293,True,2026-09-29T21:28:43,2026-09-29T21:28:43,2026-09-29T21:28:43
3293,鈊象,2022-12-29,424.5,-3.5,-0.82%,,,,,,,,,ShowDailyK_ChartFlow,FinMind_API_TaiwanStockPrice_3293,True,2026-09-29T21:28:43,2026-09-29T21:28:43,2026-09-29T21:28:43
3293,鈊象,2022-12-30,433.5,9.0,2.12%,,,,,,,,,ShowDailyK_ChartFlow,FinMind_API_TaiwanStockPrice_3293,True,2026-09-29T21:28:43,2026-09-29T21:28:43,2026-09-29T21:28:43
3293,鈊象,2023-01-03,433.5,0.0,0.00%,,,,,,,,,ShowDailyK_ChartFlow,FinMind_API_TaiwanStockPrice_3293,True,2026-09-29T21:28:43,2026-09-29T21:28:43,2026-09-29T21:28:43
3293,鈊象,2023-01-04,444.0,10.5,2.42%,,,,,,,,,ShowDailyK_ChartFlow,FinMind_API_TaiwanStockPrice_3293,True,2026-09-29T21:28:43,2026-09-29T21:28:43,2026-09-29T21:28:43
3293,鈊象,2023-01-05,445.0,1.0,0.23%,,,,,,,,,ShowDailyK_ChartFlow,FinMind_API_TaiwanStockPrice_3293,True,2026-09-29T21:28:43,2026-09-29T21:28:43,2026-09-29T21:28:43
3293,鈊象,2023-01-06,453.0,8.0,1.80%,,,,,,,,,ShowDailyK_ChartFlow,FinMind_API_TaiwanStockPrice_3293,True,2026-09-29T21:28:43,2026-09-29T21:28:43,2026-09-29T21:28:43
3293,鈊象,2023-01-09,476.0,23.0,5.08%,,,,,,,,,ShowDailyK_ChartFlow,FinMind_API_TaiwanStockPrice_3293,True,2026-09-29T21:28:43,2026-09-29T21:28:43,2026-09-29T21:28:43
3293,鈊象,2023-01-10,483.5,7.5,1.58%,,,,,,,,,ShowDailyK_ChartFlow,FinMind_API_TaiwanStockPrice_3293,True,2026-09-29T21:28:43,2026-09-29T21:28:43,2026-09-29T21:28:43
3293,鈊象,2023-01-11,481.5,-2.0,-0.41%,,,,,,,,,ShowDailyK_ChartFlow,FinMind_API_TaiwanStockPrice_3293,True,2026-09-29T21:28:43,2026-09-29T21:28:43,2026-09-29T21:28:43
3293,鈊象,2023-01-12,474.0,-7.5,-1.56%,,,,,,,,,ShowDailyK_ChartFlow,FinMind_API_TaiwanStockPrice_3293,True,2026-09-29T21:28:43,2026-09-29T21:28:43,2026-09-29T21:28:43
3293,鈊象,2023-01-13,466.5,-7.5,-1.58%,,,,,,,,,ShowDailyK_ChartFlow,FinMind_API_TaiwanStockPrice_3293,True,2026-09-29T21:28:43,2026-09-29T21:28:43,2026-09-29T21:28:43
3293,鈊象,2023-01-16,472.0,5.5,1.18%,,,,,,,,,ShowDailyK_ChartFlow,FinMind_API_TaiwanStockPrice_3293,True,2026-09-29T21:28:43,2026-09-29T21:28:43,2026-09-29T21:28:43
3293,鈊象,2023-01-17,481.0,9.0,1.91%,,,,,,,,,ShowDailyK_ChartFlow,FinMind_API_TaiwanStockPrice_3293,True,2026-09-29T21:28:43,2026-09-29T21:28:43,2026-09-29T21:28:43
3293,鈊象,2023-01-30,495.0,14.0,2.91%,,,,,,,,,ShowDailyK_ChartFlow,FinMind_API_TaiwanStockPrice_3293,True,2026-09-29T21:28:43,2026-09-29T21:28:43,2026-09-29T21:28:43
3293,鈊象,2023-01-31,494.5,-0.5,-0.10%,,,,,,,,,ShowDailyK_ChartFlow,FinMind_API_TaiwanStockPrice_3293,True,2026-09-29T21:28:43,2026-09-29T21:28:43,2026-09-29T21:28:43
3293,鈊象,2023-02-01,517.0,22.5,4.55%,,,,,,,,,ShowDailyK_ChartFlow,FinMind_API_TaiwanStockPrice_3293,True,2026-09-29T21:28:43,2026-09-29T21:28:43,2026-09-29T21:28:43
3293,鈊象,2023-02-02,518.0,1.0,0.19%,,,,,,,,,ShowDailyK_ChartFlow,FinMind_API_TaiwanStockPrice_3293,True,2026-09-29T21:28:43,2026-09-29T21:28:43,2026-09-29T21:28:43
3293,鈊象,2023-02-03,524.0,6.0,1.16%,,,,,,,,,ShowDailyK_ChartFlow,FinMind_API_TaiwanStockPrice_3293,True,2026-09-29T21:28:43,2026-09-29T21:28:43,2026-09-29T21:28:43
3293,鈊象,2023-02-06,500.0,-24.0,-4.58%,,,,,,,,,ShowDailyK_ChartFlow,FinMind_API_TaiwanStockPrice_3293,True,2026-09-29T21:28:43,2026-09-29T21:28:43,2026-09-29T21:28:43
3293,鈊象,2023-02-07,516.0,16.0,3.20%,,,,,,,,,ShowDailyK_ChartFlow,FinMind_API_TaiwanStockPrice_3293,True,2026-09-29T21:28:43,2026-09-29T21:28:43,2026-09-29T21:28:43
3293,鈊象,2023-02-08,514.0,-2.0,-0.39%,,,,,,,,,ShowDailyK_ChartFlow,FinMind_API_TaiwanStockPrice_3293,True,2026-09-29T21:28:43,2026-09-29T21:28:43,2026-09-29T21:28:43
3293,鈊象,2023-02-09,507.0,-7.0,-1.36%,,,,,,,,,ShowDailyK_ChartFlow,FinMind_API_TaiwanStockPrice_3293,True,2026-09-29T21:28:43,2026-09-29T21:28:43,2026-09-29T21:28:43
3293,鈊象,2023-02-10,508.0,1.0,0.20%,,,,,,,,,ShowDailyK_ChartFlow,FinMind_API_TaiwanStockPrice_3293,True,2026-09-29T21:28:43,2026-09-29T21:28:43,2026-09-29T21:28:43
3293,鈊象,2023-02-13,502.0,-6.0,-1.18%,,,,,,,,,ShowDailyK_ChartFlow,FinMind_API_TaiwanStockPrice_3293,True,2026-09-29T21:28:43,2026-09-29T21:28:43,2026-09-29T21:28:43
3293,鈊象,2023-02-14,503.0,1.0,0.20%,,,,,,,,,ShowDailyK_ChartFlow,FinMind_API_TaiwanStockPrice_3293,True,2026-09-29T21:28:43,2026-09-29T21:28:43,2026-09-29T21:28:43
3293,鈊象,2023-02-15,508.0,5.0,0.99%,,,,,,,,,ShowDailyK_ChartFlow,FinMind_API_TaiwanStockPrice_3293,True,2026-09-29T21:28:43,2026-09-29T21:28:43,2026-09-29T21:28:43
3293,鈊象,2023-02-16,509.0,1.0,0.20%,,,,,,,,,ShowDailyK_ChartFlow,FinMind_API_TaiwanStockPrice_3293,True,2026-09-29T21:28:43,2026-09-29T21:28:43,2026-09-29T21:28:43
3293,鈊象,2023-02-17,517.0,8.0,1.57%,,,,,,,,,ShowDailyK_ChartFlow,FinMind_API_TaiwanStockPrice_3293,True,2026-09-29T21:28:43,2026-09-29T21:28:43,2026-09-29T21:28:43
3293,鈊象,2023-02-20,508.0,-9.0,-1.74%,,,,,,,,,ShowDailyK_ChartFlow,FinMind_API_TaiwanStockPrice_3293,True,2026-09-29T21:28:43,2026-09-29T21:28:43,2026-09-29T21:28:43
3293,鈊象,2023-02-21,505.0,-3.0,-0.59%,,,,,,,,,ShowDailyK_ChartFlow,FinMind_API_TaiwanStockPrice_3293,True,2026-09-29T21:28:43,2026-09-29T21:28:43,2026-09-29T21:28:43
3293,鈊象,2023-02-22,497.5,-7.5,-1.49%,,,,,,,,,ShowDailyK_ChartFlow,FinMind_API_TaiwanStockPrice_3293,True,2026-09-29T21:28:43,2026-09-29T21:28:43,2026-09-29T21:28:43
3293,鈊象,2023-02-23,508.0,10.5,2.11%,,,,,,,,,ShowDailyK_ChartFlow,FinMind_API_TaiwanStockPrice_3293,True,2026-09-29T21:28:43,2026-09-29T21:28:43,2026-09-29T21:28:43
3293,鈊象,2023-02-24,505.0,-3.0,-0.59%,,,,,,,,,ShowDailyK_ChartFlow,FinMind_API_TaiwanStockPrice_3293,True,2026-09-29T21:28:43,2026-09-29T21:28:43,2026-09-29T21:28:43
3293,鈊象,2023-03-01,519.0,14.0,2.77%,,,,,,,,,ShowDailyK_ChartFlow,FinMind_API_TaiwanStockPrice_3293,True,2026-09-29T21:28:43,2026-09-29T21:28:43,2026-09-29T21:28:43
3293,鈊象,2023-03-02,521.0,2.0,0.39%,,,,,,,,,ShowDailyK_ChartFlow,FinMind_API_TaiwanStockPrice_3293,True,2026-09-29T21:28:43,2026-09-29T21:28:43,2026-09-29T21:28:43
3293,鈊象,2023-03-03,536.0,15.0,2.88%,,,,,,,,,ShowDailyK_ChartFlow,FinMind_API_TaiwanStockPrice_3293,True,2026-09-29T21:28:43,2026-09-29T21:28:43,2026-09-29T21:28:43
3293,鈊象,2023-03-06,566.0,30.0,5.60%,,,,,,,,,ShowDailyK_ChartFlow,FinMind_API_TaiwanStockPrice_3293,True,2026-09-29T21:28:43,2026-09-29T21:28:43,2026-09-29T21:28:43
3293,鈊象,2023-03-07,559.0,-7.0,-1.24%,,,,,,,,,ShowDailyK_ChartFlow,FinMind_API_TaiwanStockPrice_3293,True,2026-09-29T21:28:43,2026-09-29T21:28:43,2026-09-29T21:28:43
3293,鈊象,2023-03-08,572.0,13.0,2.33%,,,,,,,,,ShowDailyK_ChartFlow,FinMind_API_TaiwanStockPrice_3293,True,2026-09-29T21:28:43,2026-09-29T21:28:43,2026-09-29T21:28:43
3293,鈊象,2023-03-09,580.0,8.0,1.40%,,,,,,,,,ShowDailyK_ChartFlow,FinMind_API_TaiwanStockPrice_3293,True,2026-09-29T21:28:43,2026-09-29T21:28:43,2026-09-29T21:28:43
3293,鈊象,2023-03-10,567.0,-13.0,-2.24%,,,,,,,,,ShowDailyK_ChartFlow,FinMind_API_TaiwanStockPrice_3293,True,2026-09-29T21:28:43,2026-09-29T21:28:43,2026-09-29T21:28:43
3293,鈊象,2023-03-13,575.0,8.0,1.41%,,,,,,,,,ShowDailyK_ChartFlow,FinMind_API_TaiwanStockPrice_3293,True,2026-09-29T21:28:43,2026-09-29T21:28:43,2026-09-29T21:28:43
3293,鈊象,2023-03-14,575.0,0.0,0.00%,,,,,,,,,ShowDailyK_ChartFlow,FinMind_API_TaiwanStockPrice_3293,True,2026-09-29T21:28:43,2026-09-29T21:28:43,2026-09-29T21:28:43
3293,鈊象,2023-03-15,562.0,-13.0,-2.26%,,,,,,,,,ShowDailyK_ChartFlow,FinMind_API_TaiwanStockPrice_3293,True,2026-09-29T21:28:43,2026-09-29T21:28:43,2026-09-29T21:28:43
3293,鈊象,2023-03-16,548.0,-14.0,-2.49%,,,,,,,,,ShowDailyK_ChartFlow,FinMind_API_TaiwanStockPrice_3293,True,2026-09-29T21:28:43,2026-09-29T21:28:43,2026-09-29T21:28:43
3293,鈊象,2023-03-17,560.0,12.0,2.19%,,,,,,,,,ShowDailyK_ChartFlow,FinMind_API_TaiwanStockPrice_3293,True,2026-09-29T21:28:43,2026-09-29T21:28:43,2026-09-29T21:28:43
3293,鈊象,2023-03-20,552.0,-8.0,-1.43%,,,,,,,,,ShowDailyK_ChartFlow,FinMind_API_TaiwanStockPrice_3293,True,2026-09-29T21:28:43,2026-09-29T21:28:43,2026-09-29T21:28:43
3293,鈊象,2023-03-21,549.0,-3.0,-0.54%,,,,,,,,,ShowDailyK_ChartFlow,FinMind_API_TaiwanStockPrice_3293,True,2026-09-29T21:28:43,2026-09-29T21:28:43,2026-09-29T21:28:43
3293,鈊象,2023-03-22,561.0,12.0,2.19%,,,,,,,,,ShowDailyK_ChartFlow,FinMind_API_TaiwanStockPrice_3293,True,2026-09-29T21:28:43,2026-09-29T21:28:43,2026-09-29T21:28:43
3293,鈊象,2023-03-23,562.0,1.0,0.18%,,,,,,,,,ShowDailyK_ChartFlow,FinMind_API_TaiwanStockPrice_3293,True,2026-09-29T21:28:43,2026-09-29T21:28:43,2026-09-29T21:28:43
3293,鈊象,2023-03-24,563.0,1.0,0.18%,,,,,,,,,ShowDailyK_ChartFlow,FinMind_API_TaiwanStockPrice_3293,True,2026-09-29T21:28:43,2026-09-29T21:28:43,2026-09-29T21:28:43
3293,鈊象,2023-03-27,573.0,10.0,1.78%,,,,,,,,,ShowDailyK_ChartFlow,FinMind_API_TaiwanStockPrice_3293,True,2026-09-29T21:28:43,2026-09-29T21:28:43,2026-09-29T21:28:43
3293,鈊象,2023-03-28,559.0,-14.0,-2.44%,,,,,,,,,ShowDailyK_ChartFlow,FinMind_API_TaiwanStockPrice_3293,True,2026-09-29T21:28:43,2026-09-29T21:28:43,2026-09-29T21:28:43
3293,鈊象,2023-03-29,570.0,11.0,1.97%,,,,,,,,,ShowDailyK_ChartFlow,FinMind_API_TaiwanStockPrice_3293,True,2026-09-29T21:28:43,2026-09-29T21:28:43,2026-09-29T21:28:43
3293,鈊象,2023-03-30,564.0,-6.0,-1.05%,,,,,,,,,ShowDailyK_ChartFlow,FinMind_API_TaiwanStockPrice_3293,True,2026-09-29T21:28:43,2026-09-29T21:28:43,2026-09-29T21:28:43
3293,鈊象,2023-03-31,572.0,8.0,1.42%,,,,,,,,,ShowDailyK_ChartFlow,FinMind_API_TaiwanStockPrice_3293,True,2026-09-29T21:28:43,2026-09-29T21:28:43,2026-09-29T21:28:43
3293,鈊象,2023-04-06,548.0,-24.0,-4.20%,,,,,,,,,ShowDailyK_ChartFlow,FinMind_API_TaiwanStockPrice_3293,True,2026-09-29T21:28:43,2026-09-29T21:28:43,2026-09-29T21:28:43
3293,鈊象,2023-04-07,545.0,-3.0,-0.55%,,,,,,,,,ShowDailyK_ChartFlow,FinMind_API_TaiwanStockPrice_3293,True,2026-09-29T21:28:43,2026-09-29T21:28:43,2026-09-29T21:28:43
3293,鈊象,2023-04-10,550.0,5.0,0.92%,,,,,,,,,ShowDailyK_ChartFlow,FinMind_API_TaiwanStockPrice_3293,True,2026-09-29T21:28:43,2026-09-29T21:28:43,2026-09-29T21:28:43
3293,鈊象,2023-04-11,538.0,-12.0,-2.18%,,,,,,,,,ShowDailyK_ChartFlow,FinMind_API_TaiwanStockPrice_3293,True,2026-09-29T21:28:43,2026-09-29T21:28:43,2026-09-29T21:28:43
3293,鈊象,2023-04-12,540.0,2.0,0.37%,,,,,,,,,ShowDailyK_ChartFlow,FinMind_API_TaiwanStockPrice_3293,True,2026-09-29T21:28:43,2026-09-29T21:28:43,2026-09-29T21:28:43
3293,鈊象,2023-04-13,535.0,-5.0,-0.93%,,,,,,,,,ShowDailyK_ChartFlow,FinMind_API_TaiwanStockPrice_3293,True,2026-09-29T21:28:43,2026-09-29T21:28:43,2026-09-29T21:28:43
3293,鈊象,2023-04-14,551.0,16.0,2.99%,,,,,,,,,ShowDailyK_ChartFlow,FinMind_API_TaiwanStockPrice_3293,True,2026-09-29T21:28:43,2026-09-29T21:28:43,2026-09-29T21:28:43
3293,鈊象,2023-04-17,545.0,-6.0,-1.09%,,,,,,,,,ShowDailyK_ChartFlow,FinMind_API_TaiwanStockPrice_3293,True,2026-09-29T21:28:43,2026-09-29T21:28:43,2026-09-29T21:28:43
3293,鈊象,2023-04-18,542.0,-3.0,-0.55%,,,,,,,,,ShowDailyK_ChartFlow,FinMind_API_TaiwanStockPrice_3293,True,2026-09-29T21:28:43,2026-09-29T21:28:43,2026-09-29T21:28:43
3293,鈊象,2023-04-19,535.0,-7.0,-1.29%,,,,,,,,,ShowDailyK_ChartFlow,FinMind_API_TaiwanStockPrice_3293,True,2026-09-29T21:28:43,2026-09-29T21:28:43,2026-09-29T21:28:43
3293,鈊象,2023-04-20,527.0,-8.0,-1.50%,,,,,,,,,ShowDailyK_ChartFlow,FinMind_API_TaiwanStockPrice_3293,True,2026-09-29T21:28:43,2026-09-29T21:28:43,2026-09-29T21:28:43
3293,鈊象,2023-04-21,505.0,-22.0,-4.17%,,,,,,,,,ShowDailyK_ChartFlow,FinMind_API_TaiwanStockPrice_3293,True,2026-09-29T21:28:43,2026-09-29T21:28:43,2026-09-29T21:28:43
3293,鈊象,2023-04-24,520.0,15.0,2.97%,,,,,,,,,ShowDailyK_ChartFlow,FinMind_API_TaiwanStockPrice_3293,True,2026-09-29T21:28:43,2026-09-29T21:28:43,2026-09-29T21:28:43
3293,鈊象,2023-04-25,518.0,-2.0,-0.38%,,,,,,,,,ShowDailyK_ChartFlow,FinMind_API_TaiwanStockPrice_3293,True,2026-09-29T21:28:43,2026-09-29T21:28:43,2026-09-29T21:28:43
3293,鈊象,2023-04-26,513.0,-5.0,-0.97%,,,,,,,,,ShowDailyK_ChartFlow,FinMind_API_TaiwanStockPrice_3293,True,2026-09-29T21:28:43,2026-09-29T21:28:43,2026-09-29T21:28:43
3293,鈊象,2023-04-27,523.0,10.0,1.95%,,,,,,,,,ShowDailyK_ChartFlow,FinMind_API_TaiwanStockPrice_3293,True,2026-09-29T21:28:43,2026-09-29T21:28:43,2026-09-29T21:28:43
3293,鈊象,2023-04-28,535.0,12.0,2.29%,,,,,,,,,ShowDailyK_ChartFlow,FinMind_API_TaiwanStockPrice_3293,True,2026-09-29T21:28:43,2026-09-29T21:28:43,2026-09-29T21:28:43
3293,鈊象,2023-05-02,534.0,-1.0,-0.19%,,,,,,,,,ShowDailyK_ChartFlow,FinMind_API_TaiwanStockPrice_3293,True,2026-09-29T21:28:43,2026-09-29T21:28:43,2026-09-29T21:28:43
3293,鈊象,2023-05-03,538.0,4.0,0.75%,,,,,,,,,ShowDailyK_ChartFlow,FinMind_API_TaiwanStockPrice_3293,True,2026-09-29T21:28:43,2026-09-29T21:28:43,2026-09-29T21:28:43
3293,鈊象,2023-05-04,538.0,0.0,0.00%,,,,,,,,,ShowDailyK_ChartFlow,FinMind_API_TaiwanStockPrice_3293,True,2026-09-29T21:28:43,2026-09-29T21:28:43,2026-09-29T21:28:43
3293,鈊象,2023-05-05,540.0,2.0,0.37%,,,,,,,,,ShowDailyK_ChartFlow,FinMind_API_TaiwanStockPrice_3293,True,2026-09-29T21:28:43,2026-09-29T21:28:43,2026-09-29T21:28:43
3293,鈊象,2023-05-08,556.0,16.0,2.96%,,,,,,,,,ShowDailyK_ChartFlow,FinMind_API_TaiwanStockPrice_3293,True,2026-09-29T21:28:43,2026-09-29T21:28:43,2026-09-29T21:28:43
3293,鈊象,2023-05-09,559.0,3.0,0.54%,,,,,,,,,ShowDailyK_ChartFlow,FinMind_API_TaiwanStockPrice_3293,True,2026-09-29T21:28:43,2026-09-29T21:28:43,2026-09-29T21:28:43
3293,鈊象,2023-05-10,559.0,0.0,0.00%,,,,,,,,,ShowDailyK_ChartFlow,FinMind_API_TaiwanStockPrice_3293,True,2026-09-29T21:28:43,2026-09-29T21:28:43,2026-09-29T21:28:43
3293,鈊象,2023-05-11,560.0,1.0,0.18%,,,,,,,,,ShowDailyK_ChartFlow,FinMind_API_TaiwanStockPrice_3293,True,2026-09-29T21:28:43,2026-09-29T21:28:43,2026-09-29T21:28:43
3293,鈊象,2023-05-12,564.0,4.0,0.71%,,,,,,,,,ShowDailyK_ChartFlow,FinMind_API_TaiwanStockPrice_3293,True,2026-09-29T21:28:43,2026-09-29T21:28:43,2026-09-29T21:28:43
3293,鈊象,2023-05-15,548.0,-16.0,-2.84%,,,,,,,,,ShowDailyK_ChartFlow,FinMind_API_TaiwanStockPrice_3293,True,2026-09-29T21:28:43,2026-09-29T21:28:43,2026-09-29T21:28:43
3293,鈊象,2023-05-16,546.0,-2.0,-0.36%,,,,,,,,,ShowDailyK_ChartFlow,FinMind_API_TaiwanStockPrice_3293,True,2026-09-29T21:28:43,2026-09-29T21:28:43,2026-09-29T21:28:43
3293,鈊象,2023-05-17,549.0,3.0,0.55%,,,,,,,,,ShowDailyK_ChartFlow,FinMind_API_TaiwanStockPrice_3293,True,2026-09-29T21:28:43,2026-09-29T21:28:43,2026-09-29T21:28:43
3293,鈊象,2023-05-18,554.0,5.0,0.91%,,,,,,,,,ShowDailyK_ChartFlow,FinMind_API_TaiwanStockPrice_3293,True,2026-09-29T21:28:43,2026-09-29T21:28:43,2026-09-29T21:28:43
3293,鈊象,2023-05-19,547.0,-7.0,-1.26%,,,,,,,,,ShowDailyK_ChartFlow,FinMind_API_TaiwanStockPrice_3293,True,2026-09-29T21:28:43,2026-09-29T21:28:43,2026-09-29T21:28:43
3293,鈊象,2023-05-22,548.0,1.0,0.18%,,,,,,,,,ShowDailyK_ChartFlow,FinMind_API_TaiwanStockPrice_3293,True,2026-09-29T21:28:43,2026-09-29T21:28:43,2026-09-29T21:28:43
3293,鈊象,2023-05-23,558.0,10.0,1.82%,,,,,,,,,ShowDailyK_ChartFlow,FinMind_API_TaiwanStockPrice_3293,True,2026-09-29T21:28:43,2026-09-29T21:28:43,2026-09-29T21:28:43
3293,鈊象,2023-05-24,552.0,-6.0,-1.08%,,,,,,,,,ShowDailyK_ChartFlow,FinMind_API_TaiwanStockPrice_3293,True,2026-09-29T21:28:43,2026-09-29T21:28:43,2026-09-29T21:28:43
3293,鈊象,2023-05-25,558.0,6.0,1.09%,,,,,,,,,ShowDailyK_ChartFlow,FinMind_API_TaiwanStockPrice_3293,True,2026-09-29T21:28:43,2026-09-29T21:28:43,2026-09-29T21:28:43
3293,鈊象,2023-05-26,550.0,-8.0,-1.43%,,,,,,,,,ShowDailyK_ChartFlow,FinMind_API_TaiwanStockPrice_3293,True,2026-09-29T21:28:43,2026-09-29T21:28:43,2026-09-29T21:28:43
3293,鈊象,2023-05-29,562.0,12.0,2.18%,,,,,,,,,ShowDailyK_ChartFlow,FinMind_API_TaiwanStockPrice_3293,True,2026-09-29T21:28:43,2026-09-29T21:28:43,2026-09-29T21:28:43
3293,鈊象,2023-05-30,555.0,-7.0,-1.25%,,,,,,,,,ShowDailyK_ChartFlow,FinMind_API_TaiwanStockPrice_3293,True,2026-09-29T21:28:43,2026-09-29T21:28:43,2026-09-29T21:28:43
3293,鈊象,2023-05-31,567.0,12.0,2.16%,,,,,,,,,ShowDailyK_ChartFlow,FinMind_API_TaiwanStockPrice_3293,True,2026-09-29T21:28:43,2026-09-29T21:28:43,2026-09-29T21:28:43
3293,鈊象,2023-06-01,595.0,28.0,4.94%,,,,,,,,,ShowDailyK_ChartFlow,FinMind_API_TaiwanStockPrice_3293,True,2026-09-29T21:28:43,2026-09-29T21:28:43,2026-09-29T21:28:43
3293,鈊象,2023-06-02,631.0,36.0,6.05%,,,,,,,,,ShowDailyK_ChartFlow,FinMind_API_TaiwanStockPrice_3293,True,2026-09-29T21:28:43,2026-09-29T21:28:43,2026-09-29T21:28:43
3293,鈊象,2023-06-05,631.0,0.0,0.00%,,,,,,,,,ShowDailyK_ChartFlow,FinMind_API_TaiwanStockPrice_3293,True,2026-09-29T21:28:43,2026-09-29T21:28:43,2026-09-29T21:28:43
3293,鈊象,2023-06-06,628.0,-3.0,-0.48%,,,,,,,,,ShowDailyK_ChartFlow,FinMind_API_TaiwanStockPrice_3293,True,2026-09-29T21:28:43,2026-09-29T21:28:43,2026-09-29T21:28:43
3293,鈊象,2023-06-07,630.0,2.0,0.32%,,,,,,,,,ShowDailyK_ChartFlow,FinMind_API_TaiwanStockPrice_3293,True,2026-09-29T21:28:43,2026-09-29T21:28:43,2026-09-29T21:28:43
3293,鈊象,2023-06-08,633.0,3.0,0.48%,,,,,,,,,ShowDailyK_ChartFlow,FinMind_API_TaiwanStockPrice_3293,True,2026-09-29T21:28:43,2026-09-29T21:28:43,2026-09-29T21:28:43
3293,鈊象,2023-06-09,616.0,-17.0,-2.69%,,,,,,,,,ShowDailyK_ChartFlow,FinMind_API_TaiwanStockPrice_3293,True,2026-09-29T21:28:43,2026-09-29T21:28:43,2026-09-29T21:28:43
3293,鈊象,2023-06-12,617.0,1.0,0.16%,,,,,,,,,ShowDailyK_ChartFlow,FinMind_API_TaiwanStockPrice_3293,True,2026-09-29T21:28:43,2026-09-29T21:28:43,2026-09-29T21:28:43
3293,鈊象,2023-06-13,622.0,5.0,0.81%,,,,,,,,,ShowDailyK_ChartFlow,FinMind_API_TaiwanStockPrice_3293,True,2026-09-29T21:28:43,2026-09-29T21:28:43,2026-09-29T21:28:43
3293,鈊象,2023-06-14,619.0,-3.0,-0.48%,,,,,,,,,ShowDailyK_ChartFlow,FinMind_API_TaiwanStockPrice_3293,True,2026-09-29T21:28:43,2026-09-29T21:28:43,2026-09-29T21:28:43
3293,鈊象,2023-06-15,608.0,-11.0,-1.78%,,,,,,,,,ShowDailyK_ChartFlow,FinMind_API_TaiwanStockPrice_3293,True,2026-09-29T21:28:43,2026-09-29T21:28:43,2026-09-29T21:28:43
3293,鈊象,2023-06-16,608.0,0.0,0.00%,,,,,,,,,ShowDailyK_ChartFlow,FinMind_API_TaiwanStockPrice_3293,True,2026-09-29T21:28:43,2026-09-29T21:28:43,2026-09-29T21:28:43
3293,鈊象,2023-06-19,609.0,1.0,0.16%,,,,,,,,,ShowDailyK_ChartFlow,FinMind_API_TaiwanStockPrice_3293,True,2026-09-29T21:28:43,2026-09-29T21:28:43,2026-09-29T21:28:43
3293,鈊象,2023-06-20,624.0,15.0,2.46%,,,,,,,,,ShowDailyK_ChartFlow,FinMind_API_TaiwanStockPrice_3293,True,2026-09-29T21:28:43,2026-09-29T21:28:43,2026-09-29T21:28:43
3293,鈊象,2023-06-21,608.0,-16.0,-2.56%,,,,,,,,,ShowDailyK_ChartFlow,FinMind_API_TaiwanStockPrice_3293,True,2026-09-29T21:28:43,2026-09-29T21:28:43,2026-09-29T21:28:43
3293,鈊象,2023-06-26,624.0,16.0,2.63%,,,,,,,,,ShowDailyK_ChartFlow,FinMind_API_TaiwanStockPrice_3293,True,2026-09-29T21:28:43,2026-09-29T21:28:43,2026-09-29T21:28:43
3293,鈊象,2023-06-27,632.0,8.0,1.28%,,,,,,,,,ShowDailyK_ChartFlow,FinMind_API_TaiwanStockPrice_3293,True,2026-09-29T21:28:43,2026-09-29T21:28:43,2026-09-29T21:28:43
3293,鈊象,2023-06-28,614.0,-18.0,-2.85%,,,,,,,,,ShowDailyK_ChartFlow,FinMind_API_TaiwanStockPrice_3293,True,2026-09-29T21:28:43,2026-09-29T21:28:43,2026-09-29T21:28:43
3293,鈊象,2023-06-29,618.0,4.0,0.65%,,,,,,,,,ShowDailyK_ChartFlow,FinMind_API_TaiwanStockPrice_3293,True,2026-09-29T21:28:43,2026-09-29T21:28:43,2026-09-29T21:28:43
3293,鈊象,2023-06-30,618.0,0.0,0.00%,,,,,,,,,ShowDailyK_ChartFlow,FinMind_API_TaiwanStockPrice_3293,True,2026-09-29T21:28:43,2026-09-29T21:28:43,2026-09-29T21:28:43
3293,鈊象,2023-07-03,610.0,-8.0,-1.29%,,,,,,,,,ShowDailyK_ChartFlow,FinMind_API_TaiwanStockPrice_3293,True,2026-09-29T21:28:43,2026-09-29T21:28:43,2026-09-29T21:28:43
3293,鈊象,2023-07-04,619.0,9.0,1.48%,,,,,,,,,ShowDailyK_ChartFlow,FinMind_API_TaiwanStockPrice_3293,True,2026-09-29T21:28:43,2026-09-29T21:28:43,2026-09-29T21:28:43
3293,鈊象,2023-07-05,620.0,1.0,0.16%,,,,,,,,,ShowDailyK_ChartFlow,FinMind_API_TaiwanStockPrice_3293,True,2026-09-29T21:28:43,2026-09-29T21:28:43,2026-09-29T21:28:43
3293,鈊象,2023-07-06,610.0,-10.0,-1.61%,,,,,,,,,ShowDailyK_ChartFlow,FinMind_API_TaiwanStockPrice_3293,True,2026-09-29T21:28:43,2026-09-29T21:28:43,2026-09-29T21:28:43
3293,鈊象,2023-07-07,609.0,-1.0,-0.16%,,,,,,,,,ShowDailyK_ChartFlow,FinMind_API_TaiwanStockPrice_3293,True,2026-09-29T21:28:43,2026-09-29T21:28:43,2026-09-29T21:28:43
3293,鈊象,2023-07-10,620.0,11.0,1.81%,,,,,,,,,ShowDailyK_ChartFlow,FinMind_API_TaiwanStockPrice_3293,True,2026-09-29T21:28:43,2026-09-29T21:28:43,2026-09-29T21:28:43
3293,鈊象,2023-07-11,640.0,20.0,3.23%,,,,,,,,,ShowDailyK_ChartFlow,FinMind_API_TaiwanStockPrice_3293,True,2026-09-29T21:28:43,2026-09-29T21:28:43,2026-09-29T21:28:43
3293,鈊象,2023-07-12,638.0,-2.0,-0.31%,,,,,,,,,ShowDailyK_ChartFlow,FinMind_API_TaiwanStockPrice_3293,True,2026-09-29T21:28:43,2026-09-29T21:28:43,2026-09-29T21:28:43
3293,鈊象,2023-07-13,643.0,5.0,0.78%,,,,,,,,,ShowDailyK_ChartFlow,FinMind_API_TaiwanStockPrice_3293,True,2026-09-29T21:28:43,2026-09-29T21:28:43,2026-09-29T21:28:43
3293,鈊象,2023-07-14,652.0,9.0,1.40%,,,,,,,,,ShowDailyK_ChartFlow,FinMind_API_TaiwanStockPrice_3293,True,2026-09-29T21:28:43,2026-09-29T21:28:43,2026-09-29T21:28:43
3293,鈊象,2023-07-17,619.0,-33.0,-5.06%,,,,,,,,,ShowDailyK_ChartFlow,FinMind_API_TaiwanStockPrice_3293,True,2026-09-29T21:28:43,2026-09-29T21:28:43,2026-09-29T21:28:43
3293,鈊象,2023-07-18,642.0,23.0,3.72%,,,,,,,,,ShowDailyK_ChartFlow,FinMind_API_TaiwanStockPrice_3293,True,2026-09-29T21:28:43,2026-09-29T21:28:43,2026-09-29T21:28:43
3293,鈊象,2023-07-19,659.0,17.0,2.65%,,,,,,,,,ShowDailyK_ChartFlow,FinMind_API_TaiwanStockPrice_3293,True,2026-09-29T21:28:43,2026-09-29T21:28:43,2026-09-29T21:28:43
3293,鈊象,2023-07-20,641.0,-18.0,-2.73%,,,,,,,,,ShowDailyK_ChartFlow,FinMind_API_TaiwanStockPrice_3293,True,2026-09-29T21:28:43,2026-09-29T21:28:43,2026-09-29T21:28:43
3293,鈊象,2023-07-21,641.0,0.0,0.00%,,,,,,,,,ShowDailyK_ChartFlow,FinMind_API_TaiwanStockPrice_3293,True,2026-09-29T21:28:43,2026-09-29T21:28:43,2026-09-29T21:28:43
3293,鈊象,2023-07-24,631.0,-10.0,-1.56%,,,,,,,,,ShowDailyK_ChartFlow,FinMind_API_TaiwanStockPrice_3293,True,2026-09-29T21:28:43,2026-09-29T21:28:43,2026-09-29T21:28:43
3293,鈊象,2023-07-25,617.0,-14.0,-2.22%,,,,,,,,,ShowDailyK_ChartFlow,FinMind_API_TaiwanStockPrice_3293,True,2026-09-29T21:28:43,2026-09-29T21:28:43,2026-09-29T21:28:43
3293,鈊象,2023-07-26,615.0,-2.0,-0.32%,,,,,,,,,ShowDailyK_ChartFlow,FinMind_API_TaiwanStockPrice_3293,True,2026-09-29T21:28:43,2026-09-29T21:28:43,2026-09-29T21:28:43
3293,鈊象,2023-07-27,614.0,-1.0,-0.16%,,,,,,,,,ShowDailyK_ChartFlow,FinMind_API_TaiwanStockPrice_3293,True,2026-09-29T21:28:43,2026-09-29T21:28:43,2026-09-29T21:28:43
3293,鈊象,2023-07-28,613.0,-1.0,-0.16%,,,,,,,,,ShowDailyK_ChartFlow,FinMind_API_TaiwanStockPrice_3293,True,2026-09-29T21:28:43,2026-09-29T21:28:43,2026-09-29T21:28:43
3293,鈊象,2023-07-31,613.0,0.0,0.00%,,,,,,,,,ShowDailyK_ChartFlow,FinMind_API_TaiwanStockPrice_3293,True,2026-09-29T21:28:43,2026-09-29T21:28:43,2026-09-29T21:28:43
3293,鈊象,2023-08-01,609.0,-4.0,-0.65%,,,,,,,,,ShowDailyK_ChartFlow,FinMind_API_TaiwanStockPrice_3293,True,2026-09-29T21:28:43,2026-09-29T21:28:43,2026-09-29T21:28:43
3293,鈊象,2023-08-02,606.0,-3.0,-0.49%,,,,,,,,,ShowDailyK_ChartFlow,FinMind_API_TaiwanStockPrice_3293,True,2026-09-29T21:28:43,2026-09-29T21:28:43,2026-09-29T21:28:43
3293,鈊象,2023-08-04,616.0,10.0,1.65%,,,,,,,,,ShowDailyK_ChartFlow,FinMind_API_TaiwanStockPrice_3293,True,2026-09-29T21:28:43,2026-09-29T21:28:43,2026-09-29T21:28:43
3293,鈊象,2023-08-07,602.0,-14.0,-2.27%,,,,,,,,,ShowDailyK_ChartFlow,FinMind_API_TaiwanStockPrice_3293,True,2026-09-29T21:28:43,2026-09-29T21:28:43,2026-09-29T21:28:43
3293,鈊象,2023-08-08,591.0,-11.0,-1.83%,,,,,,,,,ShowDailyK_ChartFlow,FinMind_API_TaiwanStockPrice_3293,True,2026-09-29T21:28:43,2026-09-29T21:28:43,2026-09-29T21:28:43
3293,鈊象,2023-08-09,586.0,-5.0,-0.85%,,,,,,,,,ShowDailyK_ChartFlow,FinMind_API_TaiwanStockPrice_3293,True,2026-09-29T21:28:43,2026-09-29T21:28:43,2026-09-29T21:28:43
3293,鈊象,2023-08-10,572.0,-14.0,-2.39%,,,,,,,,,ShowDailyK_ChartFlow,FinMind_API_TaiwanStockPrice_3293,True,2026-09-29T21:28:43,2026-09-29T21:28:43,2026-09-29T21:28:43
3293,鈊象,2023-08-11,577.0,5.0,0.87%,,,,,,,,,ShowDailyK_ChartFlow,FinMind_API_TaiwanStockPrice_3293,True,2026-09-29T21:28:43,2026-09-29T21:28:43,2026-09-29T21:28:43
3293,鈊象,2023-08-14,560.0,-17.0,-2.95%,,,,,,,,,ShowDailyK_ChartFlow,FinMind_API_TaiwanStockPrice_3293,True,2026-09-29T21:28:43,2026-09-29T21:28:43,2026-09-29T21:28:43
3293,鈊象,2023-08-15,567.0,7.0,1.25%,,,,,,,,,ShowDailyK_ChartFlow,FinMind_API_TaiwanStockPrice_3293,True,2026-09-29T21:28:43,2026-09-29T21:28:43,2026-09-29T21:28:43
3293,鈊象,2023-08-16,559.0,-8.0,-1.41%,,,,,,,,,ShowDailyK_ChartFlow,FinMind_API_TaiwanStockPrice_3293,True,2026-09-29T21:28:43,2026-09-29T21:28:43,2026-09-29T21:28:43
3293,鈊象,2023-08-17,571.0,12.0,2.15%,,,,,,,,,ShowDailyK_ChartFlow,FinMind_API_TaiwanStockPrice_3293,True,2026-09-29T21:28:43,2026-09-29T21:28:43,2026-09-29T21:28:43
3293,鈊象,2023-08-18,562.0,-9.0,-1.58%,,,,,,,,,ShowDailyK_ChartFlow,FinMind_API_TaiwanStockPrice_3293,True,2026-09-29T21:28:43,2026-09-29T21:28:43,2026-09-29T21:28:43
3293,鈊象,2023-08-21,563.0,1.0,0.18%,,,,,,,,,ShowDailyK_ChartFlow,FinMind_API_TaiwanStockPrice_3293,True,2026-09-29T21:28:43,2026-09-29T21:28:43,2026-09-29T21:28:43
3293,鈊象,2023-08-22,554.0,-9.0,-1.60%,,,,,,,,,ShowDailyK_ChartFlow,FinMind_API_TaiwanStockPrice_3293,True,2026-09-29T21:28:43,2026-09-29T21:28:43,2026-09-29T21:28:43
3293,鈊象,2023-08-23,558.0,4.0,0.72%,,,,,,,,,ShowDailyK_ChartFlow,FinMind_API_TaiwanStockPrice_3293,True,2026-09-29T21:28:43,2026-09-29T21:28:43,2026-09-29T21:28:43
3293,鈊象,2023-08-24,567.0,9.0,1.61%,,,,,,,,,ShowDailyK_ChartFlow,FinMind_API_TaiwanStockPrice_3293,True,2026-09-29T21:28:43,2026-09-29T21:28:43,2026-09-29T21:28:43
3293,鈊象,2023-08-25,559.0,-8.0,-1.41%,,,,,,,,,ShowDailyK_ChartFlow,FinMind_API_TaiwanStockPrice_3293,True,2026-09-29T21:28:43,2026-09-29T21:28:43,2026-09-29T21:28:43
3293,鈊象,2023-08-28,557.0,-2.0,-0.36%,,,,,,,,,ShowDailyK_ChartFlow,FinMind_API_TaiwanStockPrice_3293,True,2026-09-29T21:28:43,2026-09-29T21:28:43,2026-09-29T21:28:43
3293,鈊象,2023-08-29,561.0,4.0,0.72%,,,,,,,,,ShowDailyK_ChartFlow,FinMind_API_TaiwanStockPrice_3293,True,2026-09-29T21:28:43,2026-09-29T21:28:43,2026-09-29T21:28:43
3293,鈊象,2023-08-30,568.0,7.0,1.25%,,,,,,,,,ShowDailyK_ChartFlow,FinMind_API_TaiwanStockPrice_3293,True,2026-09-29T21:28:43,2026-09-29T21:28:43,2026-09-29T21:28:43
3293,鈊象,2023-08-31,575.0,7.0,1.23%,,,,,,,,,ShowDailyK_ChartFlow,FinMind_API_TaiwanStockPrice_3293,True,2026-09-29T21:28:43,2026-09-29T21:28:43,2026-09-29T21:28:43
3293,鈊象,2023-09-01,566.0,-9.0,-1.57%,,,,,,,,,ShowDailyK_ChartFlow,FinMind_API_TaiwanStockPrice_3293,True,2026-09-29T21:28:43,2026-09-29T21:28:43,2026-09-29T21:28:43
3293,鈊象,2023-09-04,577.0,11.0,1.94%,,,,,,,,,ShowDailyK_ChartFlow,FinMind_API_TaiwanStockPrice_3293,True,2026-09-29T21:28:43,2026-09-29T21:28:43,2026-09-29T21:28:43
3293,鈊象,2023-09-05,587.0,10.0,1.73%,,,,,,,,,ShowDailyK_ChartFlow,FinMind_API_TaiwanStockPrice_3293,True,2026-09-29T21:28:43,2026-09-29T21:28:43,2026-09-29T21:28:43
3293,鈊象,2023-09-06,608.0,21.0,3.58%,,,,,,,,,ShowDailyK_ChartFlow,FinMind_API_TaiwanStockPrice_3293,True,2026-09-29T21:28:43,2026-09-29T21:28:43,2026-09-29T21:28:43
3293,鈊象,2023-09-07,607.0,-1.0,-0.16%,,,,,,,,,ShowDailyK_ChartFlow,FinMind_API_TaiwanStockPrice_3293,True,2026-09-29T21:28:43,2026-09-29T21:28:43,2026-09-29T21:28:43
3293,鈊象,2023-09-08,604.0,-3.0,-0.49%,,,,,,,,,ShowDailyK_ChartFlow,FinMind_API_TaiwanStockPrice_3293,True,2026-09-29T21:28:43,2026-09-29T21:28:43,2026-09-29T21:28:43
3293,鈊象,2023-09-11,609.0,5.0,0.83%,,,,,,,,,ShowDailyK_ChartFlow,FinMind_API_TaiwanStockPrice_3293,True,2026-09-29T21:28:43,2026-09-29T21:28:43,2026-09-29T21:28:43
3293,鈊象,2023-09-12,607.0,-2.0,-0.33%,,,,,,,,,ShowDailyK_ChartFlow,FinMind_API_TaiwanStockPrice_3293,True,2026-09-29T21:28:43,2026-09-29T21:28:43,2026-09-29T21:28:43
3293,鈊象,2023-09-13,609.0,2.0,0.33%,,,,,,,,,ShowDailyK_ChartFlow,FinMind_API_TaiwanStockPrice_3293,True,2026-09-29T21:28:43,2026-09-29T21:28:43,2026-09-29T21:28:43
3293,鈊象,2023-09-14,610.0,1.0,0.16%,,,,,,,,,ShowDailyK_ChartFlow,FinMind_API_TaiwanStockPrice_3293,True,2026-09-29T21:28:43,2026-09-29T21:28:43,2026-09-29T21:28:43
3293,鈊象,2023-09-15,620.0,10.0,1.64%,,,,,,,,,ShowDailyK_ChartFlow,FinMind_API_TaiwanStockPrice_3293,True,2026-09-29T21:28:43,2026-09-29T21:28:43,2026-09-29T21:28:43
3293,鈊象,2023-09-18,617.0,-3.0,-0.48%,,,,,,,,,ShowDailyK_ChartFlow,FinMind_API_TaiwanStockPrice_3293,True,2026-09-29T21:28:43,2026-09-29T21:28:43,2026-09-29T21:28:43
3293,鈊象,2023-09-19,623.0,6.0,0.97%,,,,,,,,,ShowDailyK_ChartFlow,FinMind_API_TaiwanStockPrice_3293,True,2026-09-29T21:28:43,2026-09-29T21:28:43,2026-09-29T21:28:43
3293,鈊象,2023-09-20,612.0,-11.0,-1.77%,,,,,,,,,ShowDailyK_ChartFlow,FinMind_API_TaiwanStockPrice_3293,True,2026-09-29T21:28:43,2026-09-29T21:28:43,2026-09-29T21:28:43
3293,鈊象,2023-09-21,610.0,-2.0,-0.33%,,,,,,,,,ShowDailyK_ChartFlow,FinMind_API_TaiwanStockPrice_3293,True,2026-09-29T21:28:43,2026-09-29T21:28:43,2026-09-29T21:28:43
3293,鈊象,2023-09-22,624.0,14.0,2.30%,,,,,,,,,ShowDailyK_ChartFlow,FinMind_API_TaiwanStockPrice_3293,True,2026-09-29T21:28:43,2026-09-29T21:28:43,2026-09-29T21:28:43
3293,鈊象,2023-09-25,643.0,19.0,3.04%,,,,,,,,,ShowDailyK_ChartFlow,FinMind_API_TaiwanStockPrice_3293,True,2026-09-29T21:28:43,2026-09-29T21:28:43,2026-09-29T21:28:43
3293,鈊象,2023-09-26,641.0,-2.0,-0.31%,,,,,,,,,ShowDailyK_ChartFlow,FinMind_API_TaiwanStockPrice_3293,True,2026-09-29T21:28:43,2026-09-29T21:28:43,2026-09-29T21:28:43
3293,鈊象,2023-09-27,654.0,13.0,2.03%,,,,,,,,,ShowDailyK_ChartFlow,FinMind_API_TaiwanStockPrice_3293,True,2026-09-29T21:28:43,2026-09-29T21:28:43,2026-09-29T21:28:43
3293,鈊象,2023-09-28,652.0,-2.0,-0.31%,,,,,,,,,ShowDailyK_ChartFlow,FinMind_API_TaiwanStockPrice_3293,True,2026-09-29T21:28:43,2026-09-29T21:28:43,2026-09-29T21:28:43
3293,鈊象,2023-10-02,652.0,0.0,0.00%,,,,,,,,,ShowDailyK_ChartFlow,FinMind_API_TaiwanStockPrice_3293,True,2026-09-29T21:28:43,2026-09-29T21:28:43,2026-09-29T21:28:43
3293,鈊象,2023-10-03,638.0,-14.0,-2.15%,,,,,,,,,ShowDailyK_ChartFlow,FinMind_API_TaiwanStockPrice_3293,True,2026-09-29T21:28:43,2026-09-29T21:28:43,2026-09-29T21:28:43
3293,鈊象,2023-10-04,644.0,6.0,0.94%,,,,,,,,,ShowDailyK_ChartFlow,FinMind_API_TaiwanStockPrice_3293,True,2026-09-29T21:28:43,2026-09-29T21:28:43,2026-09-29T21:28:43
3293,鈊象,2023-10-05,643.0,-1.0,-0.16%,,,,,,,,,ShowDailyK_ChartFlow,FinMind_API_TaiwanStockPrice_3293,True,2026-09-29T21:28:43,2026-09-29T21:28:43,2026-09-29T21:28:43
3293,鈊象,2023-10-06,633.0,-10.0,-1.56%,,,,,,,,,ShowDailyK_ChartFlow,FinMind_API_TaiwanStockPrice_3293,True,2026-09-29T21:28:43,2026-09-29T21:28:43,2026-09-29T21:28:43
3293,鈊象,2023-10-11,625.0,-8.0,-1.26%,,,,,,,,,ShowDailyK_ChartFlow,FinMind_API_TaiwanStockPrice_3293,True,2026-09-29T21:28:43,2026-09-29T21:28:43,2026-09-29T21:28:43
3293,鈊象,2023-10-12,630.0,5.0,0.80%,,,,,,,,,ShowDailyK_ChartFlow,FinMind_API_TaiwanStockPrice_3293,True,2026-09-29T21:28:43,2026-09-29T21:28:43,2026-09-29T21:28:43
3293,鈊象,2023-10-13,619.0,-11.0,-1.75%,,,,,,,,,ShowDailyK_ChartFlow,FinMind_API_TaiwanStockPrice_3293,True,2026-09-29T21:28:43,2026-09-29T21:28:43,2026-09-29T21:28:43
3293,鈊象,2023-10-16,622.0,3.0,0.48%,,,,,,,,,ShowDailyK_ChartFlow,FinMind_API_TaiwanStockPrice_3293,True,2026-09-29T21:28:43,2026-09-29T21:28:43,2026-09-29T21:28:43
3293,鈊象,2023-10-17,624.0,2.0,0.32%,,,,,,,,,ShowDailyK_ChartFlow,FinMind_API_TaiwanStockPrice_3293,True,2026-09-29T21:28:43,2026-09-29T21:28:43,2026-09-29T21:28:43
3293,鈊象,2023-10-18,617.0,-7.0,-1.12%,,,,,,,,,ShowDailyK_ChartFlow,FinMind_API_TaiwanStockPrice_3293,True,2026-09-29T21:28:43,2026-09-29T21:28:43,2026-09-29T21:28:43
3293,鈊象,2023-10-19,618.0,1.0,0.16%,,,,,,,,,ShowDailyK_ChartFlow,FinMind_API_TaiwanStockPrice_3293,True,2026-09-29T21:28:43,2026-09-29T21:28:43,2026-09-29T21:28:43
3293,鈊象,2023-10-20,620.0,2.0,0.32%,,,,,,,,,ShowDailyK_ChartFlow,FinMind_API_TaiwanStockPrice_3293,True,2026-09-29T21:28:43,2026-09-29T21:28:43,2026-09-29T21:28:43
3293,鈊象,2023-10-23,619.0,-1.0,-0.16%,,,,,,,,,ShowDailyK_ChartFlow,FinMind_API_TaiwanStockPrice_3293,True,2026-09-29T21:28:43,2026-09-29T21:28:43,2026-09-29T21:28:43
3293,鈊象,2023-10-24,623.0,4.0,0.65%,,,,,,,,,ShowDailyK_ChartFlow,FinMind_API_TaiwanStockPrice_3293,True,2026-09-29T21:28:43,2026-09-29T21:28:43,2026-09-29T21:28:43
3293,鈊象,2023-10-25,629.0,6.0,0.96%,,,,,,,,,ShowDailyK_ChartFlow,FinMind_API_TaiwanStockPrice_3293,True,2026-09-29T21:28:43,2026-09-29T21:28:43,2026-09-29T21:28:43
3293,鈊象,2023-10-26,623.0,-6.0,-0.95%,,,,,,,,,ShowDailyK_ChartFlow,FinMind_API_TaiwanStockPrice_3293,True,2026-09-29T21:28:43,2026-09-29T21:28:43,2026-09-29T21:28:43
3293,鈊象,2023-10-27,612.0,-11.0,-1.77%,,,,,,,,,ShowDailyK_ChartFlow,FinMind_API_TaiwanStockPrice_3293,True,2026-09-29T21:28:43,2026-09-29T21:28:43,2026-09-29T21:28:43
3293,鈊象,2023-10-30,620.0,8.0,1.31%,,,,,,,,,ShowDailyK_ChartFlow,FinMind_API_TaiwanStockPrice_3293,True,2026-09-29T21:28:43,2026-09-29T21:28:43,2026-09-29T21:28:43
3293,鈊象,2023-10-31,623.0,3.0,0.48%,,,,,,,,,ShowDailyK_ChartFlow,FinMind_API_TaiwanStockPrice_3293,True,2026-09-29T21:28:43,2026-09-29T21:28:43,2026-09-29T21:28:43
3293,鈊象,2023-11-01,640.0,17.0,2.73%,,,,,,,,,ShowDailyK_ChartFlow,FinMind_API_TaiwanStockPrice_3293,True,2026-09-29T21:28:43,2026-09-29T21:28:43,2026-09-29T21:28:43
3293,鈊象,2023-11-02,644.0,4.0,0.62%,,,,,,,,,ShowDailyK_ChartFlow,FinMind_API_TaiwanStockPrice_3293,True,2026-09-29T21:28:43,2026-09-29T21:28:43,2026-09-29T21:28:43
3293,鈊象,2023-11-03,643.0,-1.0,-0.16%,,,,,,,,,ShowDailyK_ChartFlow,FinMind_API_TaiwanStockPrice_3293,True,2026-09-29T21:28:43,2026-09-29T21:28:43,2026-09-29T21:28:43
3293,鈊象,2023-11-06,647.0,4.0,0.62%,,,,,,,,,ShowDailyK_ChartFlow,FinMind_API_TaiwanStockPrice_3293,True,2026-09-29T21:28:43,2026-09-29T21:28:43,2026-09-29T21:28:43
3293,鈊象,2023-11-07,652.0,5.0,0.77%,,,,,,,,,ShowDailyK_ChartFlow,FinMind_API_TaiwanStockPrice_3293,True,2026-09-29T21:28:43,2026-09-29T21:28:43,2026-09-29T21:28:43
3293,鈊象,2023-11-08,651.0,-1.0,-0.15%,,,,,,,,,ShowDailyK_ChartFlow,FinMind_API_TaiwanStockPrice_3293,True,2026-09-29T21:28:43,2026-09-29T21:28:43,2026-09-29T21:28:43
3293,鈊象,2023-11-09,658.0,7.0,1.08%,,,,,,,,,ShowDailyK_ChartFlow,FinMind_API_TaiwanStockPrice_3293,True,2026-09-29T21:28:43,2026-09-29T21:28:43,2026-09-29T21:28:43
3293,鈊象,2023-11-10,653.0,-5.0,-0.76%,,,,,,,,,ShowDailyK_ChartFlow,FinMind_API_TaiwanStockPrice_3293,True,2026-09-29T21:28:43,2026-09-29T21:28:43,2026-09-29T21:28:43
3293,鈊象,2023-11-13,642.0,-11.0,-1.68%,,,,,,,,,ShowDailyK_ChartFlow,FinMind_API_TaiwanStockPrice_3293,True,2026-09-29T21:28:43,2026-09-29T21:28:43,2026-09-29T21:28:43
3293,鈊象,2023-11-14,637.0,-5.0,-0.78%,,,,,,,,,ShowDailyK_ChartFlow,FinMind_API_TaiwanStockPrice_3293,True,2026-09-29T21:28:43,2026-09-29T21:28:43,2026-09-29T21:28:43
3293,鈊象,2023-11-15,631.0,-6.0,-0.94%,,,,,,,,,ShowDailyK_ChartFlow,FinMind_API_TaiwanStockPrice_3293,True,2026-09-29T21:28:43,2026-09-29T21:28:43,2026-09-29T21:28:43
3293,鈊象,2023-11-16,635.0,4.0,0.63%,,,,,,,,,ShowDailyK_ChartFlow,FinMind_API_TaiwanStockPrice_3293,True,2026-09-29T21:28:43,2026-09-29T21:28:43,2026-09-29T21:28:43
3293,鈊象,2023-11-17,646.0,11.0,1.73%,,,,,,,,,ShowDailyK_ChartFlow,FinMind_API_TaiwanStockPrice_3293,True,2026-09-29T21:28:43,2026-09-29T21:28:43,2026-09-29T21:28:43
3293,鈊象,2023-11-20,638.0,-8.0,-1.24%,,,,,,,,,ShowDailyK_ChartFlow,FinMind_API_TaiwanStockPrice_3293,True,2026-09-29T21:28:43,2026-09-29T21:28:43,2026-09-29T21:28:43
3293,鈊象,2023-11-21,638.0,0.0,0.00%,,,,,,,,,ShowDailyK_ChartFlow,FinMind_API_TaiwanStockPrice_3293,True,2026-09-29T21:28:43,2026-09-29T21:28:43,2026-09-29T21:28:43
3293,鈊象,2023-11-22,643.0,5.0,0.78%,,,,,,,,,ShowDailyK_ChartFlow,FinMind_API_TaiwanStockPrice_3293,True,2026-09-29T21:28:43,2026-09-29T21:28:43,2026-09-29T21:28:43
3293,鈊象,2023-11-23,641.0,-2.0,-0.31%,,,,,,,,,ShowDailyK_ChartFlow,FinMind_API_TaiwanStockPrice_3293,True,2026-09-29T21:28:43,2026-09-29T21:28:43,2026-09-29T21:28:43
3293,鈊象,2023-11-24,649.0,8.0,1.25%,,,,,,,,,ShowDailyK_ChartFlow,FinMind_API_TaiwanStockPrice_3293,True,2026-09-29T21:28:43,2026-09-29T21:28:43,2026-09-29T21:28:43
3293,鈊象,2023-11-27,654.0,5.0,0.77%,,,,,,,,,ShowDailyK_ChartFlow,FinMind_API_TaiwanStockPrice_3293,True,2026-09-29T21:28:43,2026-09-29T21:28:43,2026-09-29T21:28:43
3293,鈊象,2023-11-28,662.0,8.0,1.22%,,,,,,,,,ShowDailyK_ChartFlow,FinMind_API_TaiwanStockPrice_3293,True,2026-09-29T21:28:43,2026-09-29T21:28:43,2026-09-29T21:28:43
3293,鈊象,2023-11-29,669.0,7.0,1.06%,,,,,,,,,ShowDailyK_ChartFlow,FinMind_API_TaiwanStockPrice_3293,True,2026-09-29T21:28:43,2026-09-29T21:28:43,2026-09-29T21:28:43
3293,鈊象,2023-11-30,666.0,-3.0,-0.45%,,,,,,,,,ShowDailyK_ChartFlow,FinMind_API_TaiwanStockPrice_3293,True,2026-09-29T21:28:43,2026-09-29T21:28:43,2026-09-29T21:28:43
3293,鈊象,2023-12-01,658.0,-8.0,-1.20%,,,,,,,,,ShowDailyK_ChartFlow,FinMind_API_TaiwanStockPrice_3293,True,2026-09-29T21:28:43,2026-09-29T21:28:43,2026-09-29T21:28:43
3293,鈊象,2023-12-04,672.0,14.0,2.13%,,,,,,,,,ShowDailyK_ChartFlow,FinMind_API_TaiwanStockPrice_3293,True,2026-09-29T21:28:43,2026-09-29T21:28:43,2026-09-29T21:28:43
3293,鈊象,2023-12-05,673.0,1.0,0.15%,,,,,,,,,ShowDailyK_ChartFlow,FinMind_API_TaiwanStockPrice_3293,True,2026-09-29T21:28:43,2026-09-29T21:28:43,2026-09-29T21:28:43
3293,鈊象,2023-12-06,684.0,11.0,1.63%,,,,,,,,,ShowDailyK_ChartFlow,FinMind_API_TaiwanStockPrice_3293,True,2026-09-29T21:28:43,2026-09-29T21:28:43,2026-09-29T21:28:43
3293,鈊象,2023-12-07,701.0,17.0,2.49%,,,,,,,,,ShowDailyK_ChartFlow,FinMind_API_TaiwanStockPrice_3293,True,2026-09-29T21:28:43,2026-09-29T21:28:43,2026-09-29T21:28:43
3293,鈊象,2023-12-08,713.0,12.0,1.71%,,,,,,,,,ShowDailyK_ChartFlow,FinMind_API_TaiwanStockPrice_3293,True,2026-09-29T21:28:43,2026-09-29T21:28:43,2026-09-29T21:28:43
3293,鈊象,2023-12-11,718.0,5.0,0.70%,,,,,,,,,ShowDailyK_ChartFlow,FinMind_API_TaiwanStockPrice_3293,True,2026-09-29T21:28:43,2026-09-29T21:28:43,2026-09-29T21:28:43
3293,鈊象,2023-12-12,734.0,16.0,2.23%,,,,,,,,,ShowDailyK_ChartFlow,FinMind_API_TaiwanStockPrice_3293,True,2026-09-29T21:28:43,2026-09-29T21:28:43,2026-09-29T21:28:43
3293,鈊象,2023-12-13,766.0,32.0,4.36%,,,,,,,,,ShowDailyK_ChartFlow,FinMind_API_TaiwanStockPrice_3293,True,2026-09-29T21:28:43,2026-09-29T21:28:43,2026-09-29T21:28:43
3293,鈊象,2023-12-14,785.0,19.0,2.48%,,,,,,,,,ShowDailyK_ChartFlow,FinMind_API_TaiwanStockPrice_3293,True,2026-09-29T21:28:43,2026-09-29T21:28:43,2026-09-29T21:28:43
3293,鈊象,2023-12-15,800.0,15.0,1.91%,,,,,,,,,ShowDailyK_ChartFlow,FinMind_API_TaiwanStockPrice_3293,True,2026-09-29T21:28:43,2026-09-29T21:28:43,2026-09-29T21:28:43
3293,鈊象,2023-12-18,787.0,-13.0,-1.62%,,,,,,,,,ShowDailyK_ChartFlow,FinMind_API_TaiwanStockPrice_3293,True,2026-09-29T21:28:43,2026-09-29T21:28:43,2026-09-29T21:28:43
3293,鈊象,2023-12-19,766.0,-21.0,-2.67%,,,,,,,,,ShowDailyK_ChartFlow,FinMind_API_TaiwanStockPrice_3293,True,2026-09-29T21:28:43,2026-09-29T21:28:43,2026-09-29T21:28:43
3293,鈊象,2023-12-20,760.0,-6.0,-0.78%,,,,,,,,,ShowDailyK_ChartFlow,FinMind_API_TaiwanStockPrice_3293,True,2026-09-29T21:28:43,2026-09-29T21:28:43,2026-09-29T21:28:43
3293,鈊象,2023-12-21,734.0,-26.0,-3.42%,,,,,,,,,ShowDailyK_ChartFlow,FinMind_API_TaiwanStockPrice_3293,True,2026-09-29T21:28:43,2026-09-29T21:28:43,2026-09-29T21:28:43
3293,鈊象,2023-12-22,729.0,-5.0,-0.68%,,,,,,,,,ShowDailyK_ChartFlow,FinMind_API_TaiwanStockPrice_3293,True,2026-09-29T21:28:43,2026-09-29T21:28:43,2026-09-29T21:28:43
3293,鈊象,2023-12-25,711.0,-18.0,-2.47%,,,,,,,,,ShowDailyK_ChartFlow,FinMind_API_TaiwanStockPrice_3293,True,2026-09-29T21:28:43,2026-09-29T21:28:43,2026-09-29T21:28:43
3293,鈊象,2023-12-26,726.0,15.0,2.11%,,,,,,,,,ShowDailyK_ChartFlow,FinMind_API_TaiwanStockPrice_3293,True,2026-09-29T21:28:43,2026-09-29T21:28:43,2026-09-29T21:28:43
3293,鈊象,2023-12-27,726.0,0.0,0.00%,,,,,,,,,ShowDailyK_ChartFlow,FinMind_API_TaiwanStockPrice_3293,True,2026-09-29T21:28:43,2026-09-29T21:28:43,2026-09-29T21:28:43
3293,鈊象,2023-12-28,714.0,-12.0,-1.65%,,,,,,,,,ShowDailyK_ChartFlow,FinMind_API_TaiwanStockPrice_3293,True,2026-09-29T21:28:43,2026-09-29T21:28:43,2026-09-29T21:28:43
3293,鈊象,2023-12-29,724.0,10.0,1.40%,,,,,,,,,ShowDailyK_ChartFlow,FinMind_API_TaiwanStockPrice_3293,True,2026-09-29T21:28:43,2026-09-29T21:28:43,2026-09-29T21:28:43
3293,鈊象,2024-01-02,725.0,1.0,0.14%,,,,,,,,,ShowDailyK_ChartFlow,FinMind_API_TaiwanStockPrice_3293,True,2026-09-29T21:28:43,2026-09-29T21:28:43,2026-09-29T21:28:43
3293,鈊象,2024-01-03,740.0,15.0,2.07%,,,,,,,,,ShowDailyK_ChartFlow,FinMind_API_TaiwanStockPrice_3293,True,2026-09-29T21:28:43,2026-09-29T21:28:43,2026-09-29T21:28:43
3293,鈊象,2024-01-04,731.0,-9.0,-1.22%,,,,,,,,,ShowDailyK_ChartFlow,FinMind_API_TaiwanStockPrice_3293,True,2026-09-29T21:28:43,2026-09-29T21:28:43,2026-09-29T21:28:43
3293,鈊象,2024-01-05,726.0,-5.0,-0.68%,,,,,,,,,ShowDailyK_ChartFlow,FinMind_API_TaiwanStockPrice_3293,True,2026-09-29T21:28:43,2026-09-29T21:28:43,2026-09-29T21:28:43
3293,鈊象,2024-01-08,757.0,31.0,4.27%,,,,,,,,,ShowDailyK_ChartFlow,FinMind_API_TaiwanStockPrice_3293,True,2026-09-29T21:28:43,2026-09-29T21:28:43,2026-09-29T21:28:43
3293,鈊象,2024-01-09,749.0,-8.0,-1.06%,,,,,,,,,ShowDailyK_ChartFlow,FinMind_API_TaiwanStockPrice_3293,True,2026-09-29T21:28:43,2026-09-29T21:28:43,2026-09-29T21:28:43
3293,鈊象,2024-01-10,773.0,24.0,3.20%,,,,,,,,,ShowDailyK_ChartFlow,FinMind_API_TaiwanStockPrice_3293,True,2026-09-29T21:28:43,2026-09-29T21:28:43,2026-09-29T21:28:43
3293,鈊象,2024-01-11,779.0,6.0,0.78%,,,,,,,,,ShowDailyK_ChartFlow,FinMind_API_TaiwanStockPrice_3293,True,2026-09-29T21:28:43,2026-09-29T21:28:43,2026-09-29T21:28:43
3293,鈊象,2024-01-12,767.0,-12.0,-1.54%,,,,,,,,,ShowDailyK_ChartFlow,FinMind_API_TaiwanStockPrice_3293,True,2026-09-29T21:28:43,2026-09-29T21:28:43,2026-09-29T21:28:43
3293,鈊象,2024-01-15,775.0,8.0,1.04%,,,,,,,,,ShowDailyK_ChartFlow,FinMind_API_TaiwanStockPrice_3293,True,2026-09-29T21:28:43,2026-09-29T21:28:43,2026-09-29T21:28:43
3293,鈊象,2024-01-16,759.0,-16.0,-2.06%,,,,,,,,,ShowDailyK_ChartFlow,FinMind_API_TaiwanStockPrice_3293,True,2026-09-29T21:28:43,2026-09-29T21:28:43,2026-09-29T21:28:43
3293,鈊象,2024-01-17,760.0,1.0,0.13%,,,,,,,,,ShowDailyK_ChartFlow,FinMind_API_TaiwanStockPrice_3293,True,2026-09-29T21:28:43,2026-09-29T21:28:43,2026-09-29T21:28:43
3293,鈊象,2024-01-18,772.0,12.0,1.58%,,,,,,,,,ShowDailyK_ChartFlow,FinMind_API_TaiwanStockPrice_3293,True,2026-09-29T21:28:43,2026-09-29T21:28:43,2026-09-29T21:28:43
3293,鈊象,2024-01-19,778.0,6.0,0.78%,,,,,,,,,ShowDailyK_ChartFlow,FinMind_API_TaiwanStockPrice_3293,True,2026-09-29T21:28:43,2026-09-29T21:28:43,2026-09-29T21:28:43
3293,鈊象,2024-01-22,785.0,7.0,0.90%,,,,,,,,,ShowDailyK_ChartFlow,FinMind_API_TaiwanStockPrice_3293,True,2026-09-29T21:28:43,2026-09-29T21:28:43,2026-09-29T21:28:43
3293,鈊象,2024-01-23,805.0,20.0,2.55%,,,,,,,,,ShowDailyK_ChartFlow,FinMind_API_TaiwanStockPrice_3293,True,2026-09-29T21:28:43,2026-09-29T21:28:43,2026-09-29T21:28:43
3293,鈊象,2024-01-24,825.0,20.0,2.48%,,,,,,,,,ShowDailyK_ChartFlow,FinMind_API_TaiwanStockPrice_3293,True,2026-09-29T21:28:43,2026-09-29T21:28:43,2026-09-29T21:28:43
3293,鈊象,2024-01-25,810.0,-15.0,-1.82%,,,,,,,,,ShowDailyK_ChartFlow,FinMind_API_TaiwanStockPrice_3293,True,2026-09-29T21:28:43,2026-09-29T21:28:43,2026-09-29T21:28:43
3293,鈊象,2024-01-26,799.0,-11.0,-1.36%,,,,,,,,,ShowDailyK_ChartFlow,FinMind_API_TaiwanStockPrice_3293,True,2026-09-29T21:28:43,2026-09-29T21:28:43,2026-09-29T21:28:43
3293,鈊象,2024-01-29,825.0,26.0,3.25%,,,,,,,,,ShowDailyK_ChartFlow,FinMind_API_TaiwanStockPrice_3293,True,2026-09-29T21:28:43,2026-09-29T21:28:43,2026-09-29T21:28:43
3293,鈊象,2024-01-30,831.0,6.0,0.73%,,,,,,,,,ShowDailyK_ChartFlow,FinMind_API_TaiwanStockPrice_3293,True,2026-09-29T21:28:43,2026-09-29T21:28:43,2026-09-29T21:28:43
3293,鈊象,2024-01-31,830.0,-1.0,-0.12%,,,,,,,,,ShowDailyK_ChartFlow,FinMind_API_TaiwanStockPrice_3293,True,2026-09-29T21:28:43,2026-09-29T21:28:43,2026-09-29T21:28:43
3293,鈊象,2024-02-01,836.0,6.0,0.72%,,,,,,,,,ShowDailyK_ChartFlow,FinMind_API_TaiwanStockPrice_3293,True,2026-09-29T21:28:43,2026-09-29T21:28:43,2026-09-29T21:28:43
3293,鈊象,2024-02-02,838.0,2.0,0.24%,,,,,,,,,ShowDailyK_ChartFlow,FinMind_API_TaiwanStockPrice_3293,True,2026-09-29T21:28:43,2026-09-29T21:28:43,2026-09-29T21:28:43
3293,鈊象,2024-02-05,846.0,8.0,0.95%,,,,,,,,,ShowDailyK_ChartFlow,FinMind_API_TaiwanStockPrice_3293,True,2026-09-29T21:28:43,2026-09-29T21:28:43,2026-09-29T21:28:43
3293,鈊象,2024-02-15,824.0,-22.0,-2.60%,,,,,,,,,ShowDailyK_ChartFlow,FinMind_API_TaiwanStockPrice_3293,True,2026-09-29T21:28:43,2026-09-29T21:28:43,2026-09-29T21:28:43
3293,鈊象,2024-02-16,835.0,11.0,1.33%,,,,,,,,,ShowDailyK_ChartFlow,FinMind_API_TaiwanStockPrice_3293,True,2026-09-29T21:28:43,2026-09-29T21:28:43,2026-09-29T21:28:43
3293,鈊象,2024-02-19,820.0,-15.0,-1.80%,,,,,,,,,ShowDailyK_ChartFlow,FinMind_API_TaiwanStockPrice_3293,True,2026-09-29T21:28:43,2026-09-29T21:28:43,2026-09-29T21:28:43
3293,鈊象,2024-02-20,819.0,-1.0,-0.12%,,,,,,,,,ShowDailyK_ChartFlow,FinMind_API_TaiwanStockPrice_3293,True,2026-09-29T21:28:43,2026-09-29T21:28:43,2026-09-29T21:28:43
3293,鈊象,2024-02-21,815.0,-4.0,-0.49%,,,,,,,,,ShowDailyK_ChartFlow,FinMind_API_TaiwanStockPrice_3293,True,2026-09-29T21:28:43,2026-09-29T21:28:43,2026-09-29T21:28:43
3293,鈊象,2024-02-22,832.0,17.0,2.09%,,,,,,,,,ShowDailyK_ChartFlow,FinMind_API_TaiwanStockPrice_3293,True,2026-09-29T21:28:43,2026-09-29T21:28:43,2026-09-29T21:28:43
3293,鈊象,2024-02-23,829.0,-3.0,-0.36%,,,,,,,,,ShowDailyK_ChartFlow,FinMind_API_TaiwanStockPrice_3293,True,2026-09-29T21:28:43,2026-09-29T21:28:43,2026-09-29T21:28:43
3293,鈊象,2024-02-26,843.0,14.0,1.69%,,,,,,,,,ShowDailyK_ChartFlow,FinMind_API_TaiwanStockPrice_3293,True,2026-09-29T21:28:43,2026-09-29T21:28:43,2026-09-29T21:28:43
3293,鈊象,2024-02-27,869.0,26.0,3.08%,,,,,,,,,ShowDailyK_ChartFlow,FinMind_API_TaiwanStockPrice_3293,True,2026-09-29T21:28:43,2026-09-29T21:28:43,2026-09-29T21:28:43
3293,鈊象,2024-02-29,852.0,-17.0,-1.96%,,,,,,,,,ShowDailyK_ChartFlow,FinMind_API_TaiwanStockPrice_3293,True,2026-09-29T21:28:43,2026-09-29T21:28:43,2026-09-29T21:28:43
3293,鈊象,2024-03-01,878.0,26.0,3.05%,,,,,,,,,ShowDailyK_ChartFlow,FinMind_API_TaiwanStockPrice_3293,True,2026-09-29T21:28:43,2026-09-29T21:28:43,2026-09-29T21:28:43
3293,鈊象,2024-03-04,900.0,22.0,2.51%,,,,,,,,,ShowDailyK_ChartFlow,FinMind_API_TaiwanStockPrice_3293,True,2026-09-29T21:28:43,2026-09-29T21:28:43,2026-09-29T21:28:43
3293,鈊象,2024-03-05,918.0,18.0,2.00%,,,,,,,,,ShowDailyK_ChartFlow,FinMind_API_TaiwanStockPrice_3293,True,2026-09-29T21:28:43,2026-09-29T21:28:43,2026-09-29T21:28:43
3293,鈊象,2024-03-06,960.0,42.0,4.58%,,,,,,,,,ShowDailyK_ChartFlow,FinMind_API_TaiwanStockPrice_3293,True,2026-09-29T21:28:43,2026-09-29T21:28:43,2026-09-29T21:28:43
3293,鈊象,2024-03-07,1005.0,45.0,4.69%,,,,,,,,,ShowDailyK_ChartFlow,FinMind_API_TaiwanStockPrice_3293,True,2026-09-29T21:28:43,2026-09-29T21:28:43,2026-09-29T21:28:43
3293,鈊象,2024-03-08,1090.0,85.0,8.46%,,,,,,,,,ShowDailyK_ChartFlow,FinMind_API_TaiwanStockPrice_3293,True,2026-09-29T21:28:43,2026-09-29T21:28:43,2026-09-29T21:28:43
3293,鈊象,2024-03-11,1045.0,-45.0,-4.13%,,,,,,,,,ShowDailyK_ChartFlow,FinMind_API_TaiwanStockPrice_3293,True,2026-09-29T21:28:43,2026-09-29T21:28:43,2026-09-29T21:28:43
3293,鈊象,2024-03-12,1090.0,45.0,4.31%,,,,,,,,,ShowDailyK_ChartFlow,FinMind_API_TaiwanStockPrice_3293,True,2026-09-29T21:28:43,2026-09-29T21:28:43,2026-09-29T21:28:43
3293,鈊象,2024-03-13,1165.0,75.0,6.88%,,,,,,,,,ShowDailyK_ChartFlow,FinMind_API_TaiwanStockPrice_3293,True,2026-09-29T21:28:43,2026-09-29T21:28:43,2026-09-29T21:28:43
3293,鈊象,2024-03-14,1110.0,-55.0,-4.72%,,,,,,,,,ShowDailyK_ChartFlow,FinMind_API_TaiwanStockPrice_3293,True,2026-09-29T21:28:43,2026-09-29T21:28:43,2026-09-29T21:28:43
3293,鈊象,2024-03-15,1105.0,-5.0,-0.45%,,,,,,,,,ShowDailyK_ChartFlow,FinMind_API_TaiwanStockPrice_3293,True,2026-09-29T21:28:43,2026-09-29T21:28:43,2026-09-29T21:28:43
3293,鈊象,2024-03-18,1100.0,-5.0,-0.45%,,,,,,,,,ShowDailyK_ChartFlow,FinMind_API_TaiwanStockPrice_3293,True,2026-09-29T21:28:43,2026-09-29T21:28:43,2026-09-29T21:28:43
3293,鈊象,2024-03-19,1140.0,40.0,3.64%,,,,,,,,,ShowDailyK_ChartFlow,FinMind_API_TaiwanStockPrice_3293,True,2026-09-29T21:28:43,2026-09-29T21:28:43,2026-09-29T21:28:43
3293,鈊象,2024-03-20,1120.0,-20.0,-1.75%,,,,,,,,,ShowDailyK_ChartFlow,FinMind_API_TaiwanStockPrice_3293,True,2026-09-29T21:28:43,2026-09-29T21:28:43,2026-09-29T21:28:43
3293,鈊象,2024-03-21,1055.0,-65.0,-5.80%,,,,,,,,,ShowDailyK_ChartFlow,FinMind_API_TaiwanStockPrice_3293,True,2026-09-29T21:28:43,2026-09-29T21:28:43,2026-09-29T21:28:43
3293,鈊象,2024-03-22,1025.0,-30.0,-2.84%,,,,,,,,,ShowDailyK_ChartFlow,FinMind_API_TaiwanStockPrice_3293,True,2026-09-29T21:28:43,2026-09-29T21:28:43,2026-09-29T21:28:43
3293,鈊象,2024-03-25,1010.0,-15.0,-1.46%,,,,,,,,,ShowDailyK_ChartFlow,FinMind_API_TaiwanStockPrice_3293,True,2026-09-29T21:28:43,2026-09-29T21:28:43,2026-09-29T21:28:43
3293,鈊象,2024-03-26,1045.0,35.0,3.47%,,,,,,,,,ShowDailyK_ChartFlow,FinMind_API_TaiwanStockPrice_3293,True,2026-09-29T21:28:43,2026-09-29T21:28:43,2026-09-29T21:28:43
3293,鈊象,2024-03-27,1080.0,35.0,3.35%,,,,,,,,,ShowDailyK_ChartFlow,FinMind_API_TaiwanStockPrice_3293,True,2026-09-29T21:28:43,2026-09-29T21:28:43,2026-09-29T21:28:43
3293,鈊象,2024-03-28,1125.0,45.0,4.17%,,,,,,,,,ShowDailyK_ChartFlow,FinMind_API_TaiwanStockPrice_3293,True,2026-09-29T21:28:43,2026-09-29T21:28:43,2026-09-29T21:28:43
3293,鈊象,2024-03-29,1140.0,15.0,1.33%,,,,,,,,,ShowDailyK_ChartFlow,FinMind_API_TaiwanStockPrice_3293,True,2026-09-29T21:28:43,2026-09-29T21:28:43,2026-09-29T21:28:43
3293,鈊象,2024-04-01,1135.0,-5.0,-0.44%,,,,,,,,,ShowDailyK_ChartFlow,FinMind_API_TaiwanStockPrice_3293,True,2026-09-29T21:28:43,2026-09-29T21:28:43,2026-09-29T21:28:43
3293,鈊象,2024-04-02,1165.0,30.0,2.64%,,,,,,,,,ShowDailyK_ChartFlow,FinMind_API_TaiwanStockPrice_3293,True,2026-09-29T21:28:43,2026-09-29T21:28:43,2026-09-29T21:28:43
3293,鈊象,2024-04-03,1155.0,-10.0,-0.86%,,,,,,,,,ShowDailyK_ChartFlow,FinMind_API_TaiwanStockPrice_3293,True,2026-09-29T21:28:43,2026-09-29T21:28:43,2026-09-29T21:28:43
3293,鈊象,2024-04-08,1095.0,-60.0,-5.19%,,,,,,,,,ShowDailyK_ChartFlow,FinMind_API_TaiwanStockPrice_3293,True,2026-09-29T21:28:43,2026-09-29T21:28:43,2026-09-29T21:28:43
3293,鈊象,2024-04-09,1100.0,5.0,0.46%,,,,,,,,,ShowDailyK_ChartFlow,FinMind_API_TaiwanStockPrice_3293,True,2026-09-29T21:28:43,2026-09-29T21:28:43,2026-09-29T21:28:43
3293,鈊象,2024-04-10,1095.0,-5.0,-0.45%,,,,,,,,,ShowDailyK_ChartFlow,FinMind_API_TaiwanStockPrice_3293,True,2026-09-29T21:28:43,2026-09-29T21:28:43,2026-09-29T21:28:43
3293,鈊象,2024-04-11,1085.0,-10.0,-0.91%,,,,,,,,,ShowDailyK_ChartFlow,FinMind_API_TaiwanStockPrice_3293,True,2026-09-29T21:28:43,2026-09-29T21:28:43,2026-09-29T21:28:43
3293,鈊象,2024-04-12,1085.0,0.0,0.00%,,,,,,,,,ShowDailyK_ChartFlow,FinMind_API_TaiwanStockPrice_3293,True,2026-09-29T21:28:43,2026-09-29T21:28:43,2026-09-29T21:28:43
3293,鈊象,2024-04-15,1065.0,-20.0,-1.84%,,,,,,,,,ShowDailyK_ChartFlow,FinMind_API_TaiwanStockPrice_3293,True,2026-09-29T21:28:43,2026-09-29T21:28:43,2026-09-29T21:28:43
3293,鈊象,2024-04-16,1030.0,-35.0,-3.29%,,,,,,,,,ShowDailyK_ChartFlow,FinMind_API_TaiwanStockPrice_3293,True,2026-09-29T21:28:43,2026-09-29T21:28:43,2026-09-29T21:28:43
3293,鈊象,2024-04-17,1025.0,-5.0,-0.49%,,,,,,,,,ShowDailyK_ChartFlow,FinMind_API_TaiwanStockPrice_3293,True,2026-09-29T21:28:43,2026-09-29T21:28:43,2026-09-29T21:28:43
3293,鈊象,2024-04-18,1030.0,5.0,0.49%,,,,,,,,,ShowDailyK_ChartFlow,FinMind_API_TaiwanStockPrice_3293,True,2026-09-29T21:28:43,2026-09-29T21:28:43,2026-09-29T21:28:43
3293,鈊象,2024-04-19,1000.0,-30.0,-2.91%,,,,,,,,,ShowDailyK_ChartFlow,FinMind_API_TaiwanStockPrice_3293,True,2026-09-29T21:28:43,2026-09-29T21:28:43,2026-09-29T21:28:43
3293,鈊象,2024-04-22,980.0,-20.0,-2.00%,,,,,,,,,ShowDailyK_ChartFlow,FinMind_API_TaiwanStockPrice_3293,True,2026-09-29T21:28:43,2026-09-29T21:28:43,2026-09-29T21:28:43
3293,鈊象,2024-04-23,998.0,18.0,1.84%,,,,,,,,,ShowDailyK_ChartFlow,FinMind_API_TaiwanStockPrice_3293,True,2026-09-29T21:28:43,2026-09-29T21:28:43,2026-09-29T21:28:43
3293,鈊象,2024-04-24,1050.0,52.0,5.21%,,,,,,,,,ShowDailyK_ChartFlow,FinMind_API_TaiwanStockPrice_3293,True,2026-09-29T21:28:43,2026-09-29T21:28:43,2026-09-29T21:28:43
3293,鈊象,2024-04-25,1025.0,-25.0,-2.38%,,,,,,,,,ShowDailyK_ChartFlow,FinMind_API_TaiwanStockPrice_3293,True,2026-09-29T21:28:43,2026-09-29T21:28:43,2026-09-29T21:28:43
3293,鈊象,2024-04-26,1015.0,-10.0,-0.98%,,,,,,,,,ShowDailyK_ChartFlow,FinMind_API_TaiwanStockPrice_3293,True,2026-09-29T21:28:43,2026-09-29T21:28:43,2026-09-29T21:28:43
3293,鈊象,2024-04-29,1025.0,10.0,0.99%,,,,,,,,,ShowDailyK_ChartFlow,FinMind_API_TaiwanStockPrice_3293,True,2026-09-29T21:28:43,2026-09-29T21:28:43,2026-09-29T21:28:43
3293,鈊象,2024-04-30,1000.0,-25.0,-2.44%,,,,,,,,,ShowDailyK_ChartFlow,FinMind_API_TaiwanStockPrice_3293,True,2026-09-29T21:28:43,2026-09-29T21:28:43,2026-09-29T21:28:43
3293,鈊象,2024-05-02,1000.0,0.0,0.00%,,,,,,,,,ShowDailyK_ChartFlow,FinMind_API_TaiwanStockPrice_3293,True,2026-09-29T21:28:43,2026-09-29T21:28:43,2026-09-29T21:28:43
3293,鈊象,2024-05-03,990.0,-10.0,-1.00%,,,,,,,,,ShowDailyK_ChartFlow,FinMind_API_TaiwanStockPrice_3293,True,2026-09-29T21:28:43,2026-09-29T21:28:43,2026-09-29T21:28:43
3293,鈊象,2024-05-06,1005.0,15.0,1.52%,,,,,,,,,ShowDailyK_ChartFlow,FinMind_API_TaiwanStockPrice_3293,True,2026-09-29T21:28:43,2026-09-29T21:28:43,2026-09-29T21:28:43
3293,鈊象,2024-05-07,997.0,-8.0,-0.80%,,,,,,,,,ShowDailyK_ChartFlow,FinMind_API_TaiwanStockPrice_3293,True,2026-09-29T21:28:43,2026-09-29T21:28:43,2026-09-29T21:28:43
3293,鈊象,2024-05-08,1000.0,3.0,0.30%,,,,,,,,,ShowDailyK_ChartFlow,FinMind_API_TaiwanStockPrice_3293,True,2026-09-29T21:28:43,2026-09-29T21:28:43,2026-09-29T21:28:43
3293,鈊象,2024-05-09,1005.0,5.0,0.50%,,,,,,,,,ShowDailyK_ChartFlow,FinMind_API_TaiwanStockPrice_3293,True,2026-09-29T21:28:43,2026-09-29T21:28:43,2026-09-29T21:28:43
3293,鈊象,2024-05-10,995.0,-10.0,-1.00%,,,,,,,,,ShowDailyK_ChartFlow,FinMind_API_TaiwanStockPrice_3293,True,2026-09-29T21:28:43,2026-09-29T21:28:43,2026-09-29T21:28:43
3293,鈊象,2024-05-13,991.0,-4.0,-0.40%,,,,,,,,,ShowDailyK_ChartFlow,FinMind_API_TaiwanStockPrice_3293,True,2026-09-29T21:28:43,2026-09-29T21:28:43,2026-09-29T21:28:43
3293,鈊象,2024-05-14,993.0,2.0,0.20%,,,,,,,,,ShowDailyK_ChartFlow,FinMind_API_TaiwanStockPrice_3293,True,2026-09-29T21:28:43,2026-09-29T21:28:43,2026-09-29T21:28:43
3293,鈊象,2024-05-15,993.0,0.0,0.00%,,,,,,,,,ShowDailyK_ChartFlow,FinMind_API_TaiwanStockPrice_3293,True,2026-09-29T21:28:43,2026-09-29T21:28:43,2026-09-29T21:28:43
3293,鈊象,2024-05-16,998.0,5.0,0.50%,,,,,,,,,ShowDailyK_ChartFlow,FinMind_API_TaiwanStockPrice_3293,True,2026-09-29T21:28:43,2026-09-29T21:28:43,2026-09-29T21:28:43
3293,鈊象,2024-05-17,995.0,-3.0,-0.30%,,,,,,,,,ShowDailyK_ChartFlow,FinMind_API_TaiwanStockPrice_3293,True,2026-09-29T21:28:43,2026-09-29T21:28:43,2026-09-29T21:28:43
3293,鈊象,2024-05-20,1025.0,30.0,3.02%,,,,,,,,,ShowDailyK_ChartFlow,FinMind_API_TaiwanStockPrice_3293,True,2026-09-29T21:28:43,2026-09-29T21:28:43,2026-09-29T21:28:43
3293,鈊象,2024-05-21,1030.0,5.0,0.49%,,,,,,,,,ShowDailyK_ChartFlow,FinMind_API_TaiwanStockPrice_3293,True,2026-09-29T21:28:43,2026-09-29T21:28:43,2026-09-29T21:28:43
3293,鈊象,2024-05-22,1050.0,20.0,1.94%,,,,,,,,,ShowDailyK_ChartFlow,FinMind_API_TaiwanStockPrice_3293,True,2026-09-29T21:28:43,2026-09-29T21:28:43,2026-09-29T21:28:43
3293,鈊象,2024-05-23,1030.0,-20.0,-1.90%,,,,,,,,,ShowDailyK_ChartFlow,FinMind_API_TaiwanStockPrice_3293,True,2026-09-29T21:28:43,2026-09-29T21:28:43,2026-09-29T21:28:43
3293,鈊象,2024-05-24,1035.0,5.0,0.49%,,,,,,,,,ShowDailyK_ChartFlow,FinMind_API_TaiwanStockPrice_3293,True,2026-09-29T21:28:43,2026-09-29T21:28:43,2026-09-29T21:28:43
3293,鈊象,2024-05-27,1000.0,-35.0,-3.38%,,,,,,,,,ShowDailyK_ChartFlow,FinMind_API_TaiwanStockPrice_3293,True,2026-09-29T21:28:43,2026-09-29T21:28:43,2026-09-29T21:28:43
3293,鈊象,2024-05-28,995.0,-5.0,-0.50%,,,,,,,,,ShowDailyK_ChartFlow,FinMind_API_TaiwanStockPrice_3293,True,2026-09-29T21:28:43,2026-09-29T21:28:43,2026-09-29T21:28:43
3293,鈊象,2024-05-29,1000.0,5.0,0.50%,,,,,,,,,ShowDailyK_ChartFlow,FinMind_API_TaiwanStockPrice_3293,True,2026-09-29T21:28:43,2026-09-29T21:28:43,2026-09-29T21:28:43
3293,鈊象,2024-05-30,1010.0,10.0,1.00%,,,,,,,,,ShowDailyK_ChartFlow,FinMind_API_TaiwanStockPrice_3293,True,2026-09-29T21:28:43,2026-09-29T21:28:43,2026-09-29T21:28:43
3293,鈊象,2024-05-31,1010.0,0.0,0.00%,,,,,,,,,ShowDailyK_ChartFlow,FinMind_API_TaiwanStockPrice_3293,True,2026-09-29T21:28:43,2026-09-29T21:28:43,2026-09-29T21:28:43
3293,鈊象,2024-06-03,1030.0,20.0,1.98%,,,,,,,,,ShowDailyK_ChartFlow,FinMind_API_TaiwanStockPrice_3293,True,2026-09-29T21:28:43,2026-09-29T21:28:43,2026-09-29T21:28:43
3293,鈊象,2024-06-04,1050.0,20.0,1.94%,,,,,,,,,ShowDailyK_ChartFlow,FinMind_API_TaiwanStockPrice_3293,True,2026-09-29T21:28:43,2026-09-29T21:28:43,2026-09-29T21:28:43
3293,鈊象,2024-06-05,1055.0,5.0,0.48%,,,,,,,,,ShowDailyK_ChartFlow,FinMind_API_TaiwanStockPrice_3293,True,2026-09-29T21:28:43,2026-09-29T21:28:43,2026-09-29T21:28:43
3293,鈊象,2024-06-06,1085.0,30.0,2.84%,,,,,,,,,ShowDailyK_ChartFlow,FinMind_API_TaiwanStockPrice_3293,True,2026-09-29T21:28:43,2026-09-29T21:28:43,2026-09-29T21:28:43
3293,鈊象,2024-06-07,1040.0,-45.0,-4.15%,,,,,,,,,ShowDailyK_ChartFlow,FinMind_API_TaiwanStockPrice_3293,True,2026-09-29T21:28:43,2026-09-29T21:28:43,2026-09-29T21:28:43
3293,鈊象,2024-06-11,1065.0,25.0,2.40%,,,,,,,,,ShowDailyK_ChartFlow,FinMind_API_TaiwanStockPrice_3293,True,2026-09-29T21:28:43,2026-09-29T21:28:43,2026-09-29T21:28:43
3293,鈊象,2024-06-12,1100.0,35.0,3.29%,,,,,,,,,ShowDailyK_ChartFlow,FinMind_API_TaiwanStockPrice_3293,True,2026-09-29T21:28:43,2026-09-29T21:28:43,2026-09-29T21:28:43
3293,鈊象,2024-06-13,1115.0,15.0,1.36%,,,,,,,,,ShowDailyK_ChartFlow,FinMind_API_TaiwanStockPrice_3293,True,2026-09-29T21:28:43,2026-09-29T21:28:43,2026-09-29T21:28:43
3293,鈊象,2024-06-14,1175.0,60.0,5.38%,,,,,,,,,ShowDailyK_ChartFlow,FinMind_API_TaiwanStockPrice_3293,True,2026-09-29T21:28:43,2026-09-29T21:28:43,2026-09-29T21:28:43
3293,鈊象,2024-06-17,1185.0,10.0,0.85%,,,,,,,,,ShowDailyK_ChartFlow,FinMind_API_TaiwanStockPrice_3293,True,2026-09-29T21:28:43,2026-09-29T21:28:43,2026-09-29T21:28:43
3293,鈊象,2024-06-18,1170.0,-15.0,-1.27%,,,,,,,,,ShowDailyK_ChartFlow,FinMind_API_TaiwanStockPrice_3293,True,2026-09-29T21:28:43,2026-09-29T21:28:43,2026-09-29T21:28:43
3293,鈊象,2024-06-19,1195.0,25.0,2.14%,,,,,,,,,ShowDailyK_ChartFlow,FinMind_API_TaiwanStockPrice_3293,True,2026-09-29T21:28:43,2026-09-29T21:28:43,2026-09-29T21:28:43
3293,鈊象,2024-06-20,1225.0,30.0,2.51%,,,,,,,,,ShowDailyK_ChartFlow,FinMind_API_TaiwanStockPrice_3293,True,2026-09-29T21:28:43,2026-09-29T21:28:43,2026-09-29T21:28:43
3293,鈊象,2024-06-21,1230.0,5.0,0.41%,,,,,,,,,ShowDailyK_ChartFlow,FinMind_API_TaiwanStockPrice_3293,True,2026-09-29T21:28:43,2026-09-29T21:28:43,2026-09-29T21:28:43
3293,鈊象,2024-06-24,1225.0,-5.0,-0.41%,,,,,,,,,ShowDailyK_ChartFlow,FinMind_API_TaiwanStockPrice_3293,True,2026-09-29T21:28:43,2026-09-29T21:28:43,2026-09-29T21:28:43
3293,鈊象,2024-06-25,1235.0,10.0,0.82%,,,,,,,,,ShowDailyK_ChartFlow,FinMind_API_TaiwanStockPrice_3293,True,2026-09-29T21:28:43,2026-09-29T21:28:43,2026-09-29T21:28:43
3293,鈊象,2024-06-26,1315.0,80.0,6.48%,,,,,,,,,ShowDailyK_ChartFlow,FinMind_API_TaiwanStockPrice_3293,True,2026-09-29T21:28:43,2026-09-29T21:28:43,2026-09-29T21:28:43
3293,鈊象,2024-06-27,1300.0,-15.0,-1.14%,,,,,,,,,ShowDailyK_ChartFlow,FinMind_API_TaiwanStockPrice_3293,True,2026-09-29T21:28:43,2026-09-29T21:28:43,2026-09-29T21:28:43
3293,鈊象,2024-06-28,1355.0,55.0,4.23%,,,,,,,,,ShowDailyK_ChartFlow,FinMind_API_TaiwanStockPrice_3293,True,2026-09-29T21:28:43,2026-09-29T21:28:43,2026-09-29T21:28:43
3293,鈊象,2024-07-01,1370.0,15.0,1.11%,,,,,,,,,ShowDailyK_ChartFlow,FinMind_API_TaiwanStockPrice_3293,True,2026-09-29T21:28:43,2026-09-29T21:28:43,2026-09-29T21:28:43
3293,鈊象,2024-07-02,1395.0,25.0,1.82%,,,,,,,,,ShowDailyK_ChartFlow,FinMind_API_TaiwanStockPrice_3293,True,2026-09-29T21:28:43,2026-09-29T21:28:43,2026-09-29T21:28:43
3293,鈊象,2024-07-03,1300.0,-95.0,-6.81%,,,,,,,,,ShowDailyK_ChartFlow,FinMind_API_TaiwanStockPrice_3293,True,2026-09-29T21:28:43,2026-09-29T21:28:43,2026-09-29T21:28:43
3293,鈊象,2024-07-04,1300.0,0.0,0.00%,,,,,,,,,ShowDailyK_ChartFlow,FinMind_API_TaiwanStockPrice_3293,True,2026-09-29T21:28:43,2026-09-29T21:28:43,2026-09-29T21:28:43
3293,鈊象,2024-07-05,1290.0,-10.0,-0.77%,,,,,,,,,ShowDailyK_ChartFlow,FinMind_API_TaiwanStockPrice_3293,True,2026-09-29T21:28:43,2026-09-29T21:28:43,2026-09-29T21:28:43
3293,鈊象,2024-07-08,1320.0,30.0,2.33%,,,,,,,,,ShowDailyK_ChartFlow,FinMind_API_TaiwanStockPrice_3293,True,2026-09-29T21:28:43,2026-09-29T21:28:43,2026-09-29T21:28:43
3293,鈊象,2024-07-09,1425.0,105.0,7.95%,,,,,,,,,ShowDailyK_ChartFlow,FinMind_API_TaiwanStockPrice_3293,True,2026-09-29T21:28:43,2026-09-29T21:28:43,2026-09-29T21:28:43
3293,鈊象,2024-07-10,1475.0,50.0,3.51%,,,,,,,,,ShowDailyK_ChartFlow,FinMind_API_TaiwanStockPrice_3293,True,2026-09-29T21:28:43,2026-09-29T21:28:43,2026-09-29T21:28:43
3293,鈊象,2024-07-11,1490.0,15.0,1.02%,,,,,,,,,ShowDailyK_ChartFlow,FinMind_API_TaiwanStockPrice_3293,True,2026-09-29T21:28:43,2026-09-29T21:28:43,2026-09-29T21:28:43
3293,鈊象,2024-07-12,1505.0,15.0,1.01%,,,,,,,,,ShowDailyK_ChartFlow,FinMind_API_TaiwanStockPrice_3293,True,2026-09-29T21:28:43,2026-09-29T21:28:43,2026-09-29T21:28:43
3293,鈊象,2024-07-15,1475.0,-30.0,-1.99%,,,,,,,,,ShowDailyK_ChartFlow,FinMind_API_TaiwanStockPrice_3293,True,2026-09-29T21:28:43,2026-09-29T21:28:43,2026-09-29T21:28:43
3293,鈊象,2024-07-16,1480.0,5.0,0.34%,,,,,,,,,ShowDailyK_ChartFlow,FinMind_API_TaiwanStockPrice_3293,True,2026-09-29T21:28:43,2026-09-29T21:28:43,2026-09-29T21:28:43
3293,鈊象,2024-07-17,1445.0,-35.0,-2.36%,,,,,,,,,ShowDailyK_ChartFlow,FinMind_API_TaiwanStockPrice_3293,True,2026-09-29T21:28:43,2026-09-29T21:28:43,2026-09-29T21:28:43
3293,鈊象,2024-07-18,1425.0,-20.0,-1.38%,,,,,,,,,ShowDailyK_ChartFlow,FinMind_API_TaiwanStockPrice_3293,True,2026-09-29T21:28:43,2026-09-29T21:28:43,2026-09-29T21:28:43
3293,鈊象,2024-07-19,1455.0,30.0,2.11%,,,,,,,,,ShowDailyK_ChartFlow,FinMind_API_TaiwanStockPrice_3293,True,2026-09-29T21:28:43,2026-09-29T21:28:43,2026-09-29T21:28:43
3293,鈊象,2024-07-22,1410.0,-45.0,-3.09%,,,,,,,,,ShowDailyK_ChartFlow,FinMind_API_TaiwanStockPrice_3293,True,2026-09-29T21:28:43,2026-09-29T21:28:43,2026-09-29T21:28:43
3293,鈊象,2024-07-23,1465.0,55.0,3.90%,,,,,,,,,ShowDailyK_ChartFlow,FinMind_API_TaiwanStockPrice_3293,True,2026-09-29T21:28:43,2026-09-29T21:28:43,2026-09-29T21:28:43
3293,鈊象,2024-07-26,786.0,-679.0,-46.35%,,,,,,,,,ShowDailyK_ChartFlow,FinMind_API_TaiwanStockPrice_3293,True,2026-09-29T21:28:43,2026-09-29T21:28:43,2026-09-29T21:28:43
3293,鈊象,2024-07-29,830.0,44.0,5.60%,,,,,,,,,ShowDailyK_ChartFlow,FinMind_API_TaiwanStockPrice_3293,True,2026-09-29T21:28:43,2026-09-29T21:28:43,2026-09-29T21:28:43
3293,鈊象,2024-07-30,770.0,-60.0,-7.23%,,,,,,,,,ShowDailyK_ChartFlow,FinMind_API_TaiwanStockPrice_3293,True,2026-09-29T21:28:43,2026-09-29T21:28:43,2026-09-29T21:28:43
3293,鈊象,2024-07-31,747.0,-23.0,-2.99%,,,,,,,,,ShowDailyK_ChartFlow,FinMind_API_TaiwanStockPrice_3293,True,2026-09-29T21:28:43,2026-09-29T21:28:43,2026-09-29T21:28:43
3293,鈊象,2024-08-01,745.0,-2.0,-0.27%,,,,,,,,,ShowDailyK_ChartFlow,FinMind_API_TaiwanStockPrice_3293,True,2026-09-29T21:28:43,2026-09-29T21:28:43,2026-09-29T21:28:43
3293,鈊象,2024-08-02,716.0,-29.0,-3.89%,,,,,,,,,ShowDailyK_ChartFlow,FinMind_API_TaiwanStockPrice_3293,True,2026-09-29T21:28:43,2026-09-29T21:28:43,2026-09-29T21:28:43
3293,鈊象,2024-08-05,657.0,-59.0,-8.24%,,,,,,,,,ShowDailyK_ChartFlow,FinMind_API_TaiwanStockPrice_3293,True,2026-09-29T21:28:43,2026-09-29T21:28:43,2026-09-29T21:28:43
3293,鈊象,2024-08-06,669.0,12.0,1.83%,,,,,,,,,ShowDailyK_ChartFlow,FinMind_API_TaiwanStockPrice_3293,True,2026-09-29T21:28:43,2026-09-29T21:28:43,2026-09-29T21:28:43
3293,鈊象,2024-08-07,733.0,64.0,9.57%,,,,,,,,,ShowDailyK_ChartFlow,FinMind_API_TaiwanStockPrice_3293,True,2026-09-29T21:28:43,2026-09-29T21:28:43,2026-09-29T21:28:43
3293,鈊象,2024-08-08,734.0,1.0,0.14%,,,,,,,,,ShowDailyK_ChartFlow,FinMind_API_TaiwanStockPrice_3293,True,2026-09-29T21:28:43,2026-09-29T21:28:43,2026-09-29T21:28:43
3293,鈊象,2024-08-09,787.0,53.0,7.22%,,,,,,,,,ShowDailyK_ChartFlow,FinMind_API_TaiwanStockPrice_3293,True,2026-09-29T21:28:43,2026-09-29T21:28:43,2026-09-29T21:28:43
3293,鈊象,2024-08-12,805.0,18.0,2.29%,,,,,,,,,ShowDailyK_ChartFlow,FinMind_API_TaiwanStockPrice_3293,True,2026-09-29T21:28:43,2026-09-29T21:28:43,2026-09-29T21:28:43
3293,鈊象,2024-08-13,800.0,-5.0,-0.62%,,,,,,,,,ShowDailyK_ChartFlow,FinMind_API_TaiwanStockPrice_3293,True,2026-09-29T21:28:43,2026-09-29T21:28:43,2026-09-29T21:28:43
3293,鈊象,2024-08-14,791.0,-9.0,-1.12%,,,,,,,,,ShowDailyK_ChartFlow,FinMind_API_TaiwanStockPrice_3293,True,2026-09-29T21:28:43,2026-09-29T21:28:43,2026-09-29T21:28:43
3293,鈊象,2024-08-15,798.0,7.0,0.88%,,,,,,,,,ShowDailyK_ChartFlow,FinMind_API_TaiwanStockPrice_3293,True,2026-09-29T21:28:43,2026-09-29T21:28:43,2026-09-29T21:28:43
3293,鈊象,2024-08-16,802.0,4.0,0.50%,,,,,,,,,ShowDailyK_ChartFlow,FinMind_API_TaiwanStockPrice_3293,True,2026-09-29T21:28:43,2026-09-29T21:28:43,2026-09-29T21:28:43
3293,鈊象,2024-08-19,840.0,38.0,4.74%,,,,,,,,,ShowDailyK_ChartFlow,FinMind_API_TaiwanStockPrice_3293,True,2026-09-29T21:28:43,2026-09-29T21:28:43,2026-09-29T21:28:43
3293,鈊象,2024-08-20,833.0,-7.0,-0.83%,,,,,,,,,ShowDailyK_ChartFlow,FinMind_API_TaiwanStockPrice_3293,True,2026-09-29T21:28:43,2026-09-29T21:28:43,2026-09-29T21:28:43
3293,鈊象,2024-08-21,830.0,-3.0,-0.36%,,,,,,,,,ShowDailyK_ChartFlow,FinMind_API_TaiwanStockPrice_3293,True,2026-09-29T21:28:43,2026-09-29T21:28:43,2026-09-29T21:28:43
3293,鈊象,2024-08-22,822.0,-8.0,-0.96%,,,,,,,,,ShowDailyK_ChartFlow,FinMind_API_TaiwanStockPrice_3293,True,2026-09-29T21:28:43,2026-09-29T21:28:43,2026-09-29T21:28:43
3293,鈊象,2024-08-23,841.0,19.0,2.31%,,,,,,,,,ShowDailyK_ChartFlow,FinMind_API_TaiwanStockPrice_3293,True,2026-09-29T21:28:43,2026-09-29T21:28:43,2026-09-29T21:28:43
3293,鈊象,2024-08-26,837.0,-4.0,-0.48%,,,,,,,,,ShowDailyK_ChartFlow,FinMind_API_TaiwanStockPrice_3293,True,2026-09-29T21:28:43,2026-09-29T21:28:43,2026-09-29T21:28:43
3293,鈊象,2024-08-27,820.0,-17.0,-2.03%,,,,,,,,,ShowDailyK_ChartFlow,FinMind_API_TaiwanStockPrice_3293,True,2026-09-29T21:28:43,2026-09-29T21:28:43,2026-09-29T21:28:43
3293,鈊象,2024-08-28,810.0,-10.0,-1.22%,,,,,,,,,ShowDailyK_ChartFlow,FinMind_API_TaiwanStockPrice_3293,True,2026-09-29T21:28:43,2026-09-29T21:28:43,2026-09-29T21:28:43
3293,鈊象,2024-08-29,786.0,-24.0,-2.96%,,,,,,,,,ShowDailyK_ChartFlow,FinMind_API_TaiwanStockPrice_3293,True,2026-09-29T21:28:43,2026-09-29T21:28:43,2026-09-29T21:28:43
3293,鈊象,2024-08-30,779.0,-7.0,-0.89%,,,,,,,,,ShowDailyK_ChartFlow,FinMind_API_TaiwanStockPrice_3293,True,2026-09-29T21:28:43,2026-09-29T21:28:43,2026-09-29T21:28:43
3293,鈊象,2024-09-02,759.0,-20.0,-2.57%,,,,,,,,,ShowDailyK_ChartFlow,FinMind_API_TaiwanStockPrice_3293,True,2026-09-29T21:28:43,2026-09-29T21:28:43,2026-09-29T21:28:43
3293,鈊象,2024-09-03,766.0,7.0,0.92%,,,,,,,,,ShowDailyK_ChartFlow,FinMind_API_TaiwanStockPrice_3293,True,2026-09-29T21:28:43,2026-09-29T21:28:43,2026-09-29T21:28:43
3293,鈊象,2024-09-04,764.0,-2.0,-0.26%,,,,,,,,,ShowDailyK_ChartFlow,FinMind_API_TaiwanStockPrice_3293,True,2026-09-29T21:28:43,2026-09-29T21:28:43,2026-09-29T21:28:43
3293,鈊象,2024-09-05,777.0,13.0,1.70%,,,,,,,,,ShowDailyK_ChartFlow,FinMind_API_TaiwanStockPrice_3293,True,2026-09-29T21:28:43,2026-09-29T21:28:43,2026-09-29T21:28:43
3293,鈊象,2024-09-06,785.0,8.0,1.03%,,,,,,,,,ShowDailyK_ChartFlow,FinMind_API_TaiwanStockPrice_3293,True,2026-09-29T21:28:43,2026-09-29T21:28:43,2026-09-29T21:28:43
3293,鈊象,2024-09-09,779.0,-6.0,-0.76%,,,,,,,,,ShowDailyK_ChartFlow,FinMind_API_TaiwanStockPrice_3293,True,2026-09-29T21:28:43,2026-09-29T21:28:43,2026-09-29T21:28:43
3293,鈊象,2024-09-10,772.0,-7.0,-0.90%,,,,,,,,,ShowDailyK_ChartFlow,FinMind_API_TaiwanStockPrice_3293,True,2026-09-29T21:28:43,2026-09-29T21:28:43,2026-09-29T21:28:43
3293,鈊象,2024-09-11,772.0,0.0,0.00%,,,,,,,,,ShowDailyK_ChartFlow,FinMind_API_TaiwanStockPrice_3293,True,2026-09-29T21:28:43,2026-09-29T21:28:43,2026-09-29T21:28:43
3293,鈊象,2024-09-12,791.0,19.0,2.46%,,,,,,,,,ShowDailyK_ChartFlow,FinMind_API_TaiwanStockPrice_3293,True,2026-09-29T21:28:43,2026-09-29T21:28:43,2026-09-29T21:28:43
3293,鈊象,2024-09-13,811.0,20.0,2.53%,,,,,,,,,ShowDailyK_ChartFlow,FinMind_API_TaiwanStockPrice_3293,True,2026-09-29T21:28:43,2026-09-29T21:28:43,2026-09-29T21:28:43
3293,鈊象,2024-09-16,817.0,6.0,0.74%,,,,,,,,,ShowDailyK_ChartFlow,FinMind_API_TaiwanStockPrice_3293,True,2026-09-29T21:28:43,2026-09-29T21:28:43,2026-09-29T21:28:43
3293,鈊象,2024-09-18,799.0,-18.0,-2.20%,,,,,,,,,ShowDailyK_ChartFlow,FinMind_API_TaiwanStockPrice_3293,True,2026-09-29T21:28:43,2026-09-29T21:28:43,2026-09-29T21:28:43
3293,鈊象,2024-09-19,822.0,23.0,2.88%,,,,,,,,,ShowDailyK_ChartFlow,FinMind_API_TaiwanStockPrice_3293,True,2026-09-29T21:28:43,2026-09-29T21:28:43,2026-09-29T21:28:43
3293,鈊象,2024-09-20,830.0,8.0,0.97%,,,,,,,,,ShowDailyK_ChartFlow,FinMind_API_TaiwanStockPrice_3293,True,2026-09-29T21:28:43,2026-09-29T21:28:43,2026-09-29T21:28:43
3293,鈊象,2024-09-23,834.0,4.0,0.48%,,,,,,,,,ShowDailyK_ChartFlow,FinMind_API_TaiwanStockPrice_3293,True,2026-09-29T21:28:43,2026-09-29T21:28:43,2026-09-29T21:28:43
3293,鈊象,2024-09-24,850.0,16.0,1.92%,,,,,,,,,ShowDailyK_ChartFlow,FinMind_API_TaiwanStockPrice_3293,True,2026-09-29T21:28:43,2026-09-29T21:28:43,2026-09-29T21:28:43
3293,鈊象,2024-09-25,900.0,50.0,5.88%,,,,,,,,,ShowDailyK_ChartFlow,FinMind_API_TaiwanStockPrice_3293,True,2026-09-29T21:28:43,2026-09-29T21:28:43,2026-09-29T21:28:43
3293,鈊象,2024-09-26,990.0,90.0,10.00%,,,,,,,,,ShowDailyK_ChartFlow,FinMind_API_TaiwanStockPrice_3293,True,2026-09-29T21:28:43,2026-09-29T21:28:43,2026-09-29T21:28:43
3293,鈊象,2024-09-27,969.0,-21.0,-2.12%,,,,,,,,,ShowDailyK_ChartFlow,FinMind_API_TaiwanStockPrice_3293,True,2026-09-29T21:28:43,2026-09-29T21:28:43,2026-09-29T21:28:43
3293,鈊象,2024-09-30,986.0,17.0,1.75%,,,,,,,,,ShowDailyK_ChartFlow,FinMind_API_TaiwanStockPrice_3293,True,2026-09-29T21:28:43,2026-09-29T21:28:43,2026-09-29T21:28:43
3293,鈊象,2024-10-01,1020.0,34.0,3.45%,,,,,,,,,ShowDailyK_ChartFlow,FinMind_API_TaiwanStockPrice_3293,True,2026-09-29T21:28:43,2026-09-29T21:28:43,2026-09-29T21:28:43
3293,鈊象,2024-10-04,968.0,-52.0,-5.10%,,,,,,,,,ShowDailyK_ChartFlow,FinMind_API_TaiwanStockPrice_3293,True,2026-09-29T21:28:43,2026-09-29T21:28:43,2026-09-29T21:28:43
3293,鈊象,2024-10-07,963.0,-5.0,-0.52%,,,,,,,,,ShowDailyK_ChartFlow,FinMind_API_TaiwanStockPrice_3293,True,2026-09-29T21:28:43,2026-09-29T21:28:43,2026-09-29T21:28:43
3293,鈊象,2024-10-08,952.0,-11.0,-1.14%,,,,,,,,,ShowDailyK_ChartFlow,FinMind_API_TaiwanStockPrice_3293,True,2026-09-29T21:28:43,2026-09-29T21:28:43,2026-09-29T21:28:43
3293,鈊象,2024-10-09,974.0,22.0,2.31%,,,,,,,,,ShowDailyK_ChartFlow,FinMind_API_TaiwanStockPrice_3293,True,2026-09-29T21:28:43,2026-09-29T21:28:43,2026-09-29T21:28:43
3293,鈊象,2024-10-11,1050.0,76.0,7.80%,,,,,,,,,ShowDailyK_ChartFlow,FinMind_API_TaiwanStockPrice_3293,True,2026-09-29T21:28:43,2026-09-29T21:28:43,2026-09-29T21:28:43
3293,鈊象,2024-10-14,1080.0,30.0,2.86%,,,,,,,,,ShowDailyK_ChartFlow,FinMind_API_TaiwanStockPrice_3293,True,2026-09-29T21:28:43,2026-09-29T21:28:43,2026-09-29T21:28:43
3293,鈊象,2024-10-15,1060.0,-20.0,-1.85%,,,,,,,,,ShowDailyK_ChartFlow,FinMind_API_TaiwanStockPrice_3293,True,2026-09-29T21:28:43,2026-09-29T21:28:43,2026-09-29T21:28:43
3293,鈊象,2024-10-16,1080.0,20.0,1.89%,,,,,,,,,ShowDailyK_ChartFlow,FinMind_API_TaiwanStockPrice_3293,True,2026-09-29T21:28:43,2026-09-29T21:28:43,2026-09-29T21:28:43
3293,鈊象,2024-10-17,1080.0,0.0,0.00%,,,,,,,,,ShowDailyK_ChartFlow,FinMind_API_TaiwanStockPrice_3293,True,2026-09-29T21:28:43,2026-09-29T21:28:43,2026-09-29T21:28:43
3293,鈊象,2024-10-18,1080.0,0.0,0.00%,,,,,,,,,ShowDailyK_ChartFlow,FinMind_API_TaiwanStockPrice_3293,True,2026-09-29T21:28:43,2026-09-29T21:28:43,2026-09-29T21:28:43
3293,鈊象,2024-10-21,1110.0,30.0,2.78%,,,,,,,,,ShowDailyK_ChartFlow,FinMind_API_TaiwanStockPrice_3293,True,2026-09-29T21:28:43,2026-09-29T21:28:43,2026-09-29T21:28:43
3293,鈊象,2024-10-22,1120.0,10.0,0.90%,,,,,,,,,ShowDailyK_ChartFlow,FinMind_API_TaiwanStockPrice_3293,True,2026-09-29T21:28:43,2026-09-29T21:28:43,2026-09-29T21:28:43
3293,鈊象,2024-10-23,1085.0,-35.0,-3.12%,,,,,,,,,ShowDailyK_ChartFlow,FinMind_API_TaiwanStockPrice_3293,True,2026-09-29T21:28:43,2026-09-29T21:28:43,2026-09-29T21:28:43
3293,鈊象,2024-10-24,1055.0,-30.0,-2.76%,,,,,,,,,ShowDailyK_ChartFlow,FinMind_API_TaiwanStockPrice_3293,True,2026-09-29T21:28:43,2026-09-29T21:28:43,2026-09-29T21:28:43
3293,鈊象,2024-10-25,1040.0,-15.0,-1.42%,,,,,,,,,ShowDailyK_ChartFlow,FinMind_API_TaiwanStockPrice_3293,True,2026-09-29T21:28:43,2026-09-29T21:28:43,2026-09-29T21:28:43
3293,鈊象,2024-10-28,1070.0,30.0,2.88%,,,,,,,,,ShowDailyK_ChartFlow,FinMind_API_TaiwanStockPrice_3293,True,2026-09-29T21:28:43,2026-09-29T21:28:43,2026-09-29T21:28:43
3293,鈊象,2024-10-29,1060.0,-10.0,-0.93%,,,,,,,,,ShowDailyK_ChartFlow,FinMind_API_TaiwanStockPrice_3293,True,2026-09-29T21:28:43,2026-09-29T21:28:43,2026-09-29T21:28:43
3293,鈊象,2024-10-30,1035.0,-25.0,-2.36%,,,,,,,,,ShowDailyK_ChartFlow,FinMind_API_TaiwanStockPrice_3293,True,2026-09-29T21:28:43,2026-09-29T21:28:43,2026-09-29T21:28:43
3293,鈊象,2024-11-01,1045.0,10.0,0.97%,,,,,,,,,ShowDailyK_ChartFlow,FinMind_API_TaiwanStockPrice_3293,True,2026-09-29T21:28:43,2026-09-29T21:28:43,2026-09-29T21:28:43
3293,鈊象,2024-11-04,1020.0,-25.0,-2.39%,,,,,,,,,ShowDailyK_ChartFlow,FinMind_API_TaiwanStockPrice_3293,True,2026-09-29T21:28:43,2026-09-29T21:28:43,2026-09-29T21:28:43
3293,鈊象,2024-11-05,1025.0,5.0,0.49%,,,,,,,,,ShowDailyK_ChartFlow,FinMind_API_TaiwanStockPrice_3293,True,2026-09-29T21:28:43,2026-09-29T21:28:43,2026-09-29T21:28:43
3293,鈊象,2024-11-06,1050.0,25.0,2.44%,,,,,,,,,ShowDailyK_ChartFlow,FinMind_API_TaiwanStockPrice_3293,True,2026-09-29T21:28:43,2026-09-29T21:28:43,2026-09-29T21:28:43
3293,鈊象,2024-11-07,1040.0,-10.0,-0.95%,,,,,,,,,ShowDailyK_ChartFlow,FinMind_API_TaiwanStockPrice_3293,True,2026-09-29T21:28:43,2026-09-29T21:28:43,2026-09-29T21:28:43
3293,鈊象,2024-11-08,1040.0,0.0,0.00%,,,,,,,,,ShowDailyK_ChartFlow,FinMind_API_TaiwanStockPrice_3293,True,2026-09-29T21:28:43,2026-09-29T21:28:43,2026-09-29T21:28:43
3293,鈊象,2024-11-11,1055.0,15.0,1.44%,,,,,,,,,ShowDailyK_ChartFlow,FinMind_API_TaiwanStockPrice_3293,True,2026-09-29T21:28:43,2026-09-29T21:28:43,2026-09-29T21:28:43
3293,鈊象,2024-11-12,1035.0,-20.0,-1.90%,,,,,,,,,ShowDailyK_ChartFlow,FinMind_API_TaiwanStockPrice_3293,True,2026-09-29T21:28:43,2026-09-29T21:28:43,2026-09-29T21:28:43
3293,鈊象,2024-11-13,1030.0,-5.0,-0.48%,,,,,,,,,ShowDailyK_ChartFlow,FinMind_API_TaiwanStockPrice_3293,True,2026-09-29T21:28:43,2026-09-29T21:28:43,2026-09-29T21:28:43
3293,鈊象,2024-11-14,1030.0,0.0,0.00%,,,,,,,,,ShowDailyK_ChartFlow,FinMind_API_TaiwanStockPrice_3293,True,2026-09-29T21:28:43,2026-09-29T21:28:43,2026-09-29T21:28:43
3293,鈊象,2024-11-15,971.0,-59.0,-5.73%,,,,,,,,,ShowDailyK_ChartFlow,FinMind_API_TaiwanStockPrice_3293,True,2026-09-29T21:28:43,2026-09-29T21:28:43,2026-09-29T21:28:43
3293,鈊象,2024-11-18,937.0,-34.0,-3.50%,,,,,,,,,ShowDailyK_ChartFlow,FinMind_API_TaiwanStockPrice_3293,True,2026-09-29T21:28:43,2026-09-29T21:28:43,2026-09-29T21:28:43
3293,鈊象,2024-11-19,962.0,25.0,2.67%,,,,,,,,,ShowDailyK_ChartFlow,FinMind_API_TaiwanStockPrice_3293,True,2026-09-29T21:28:43,2026-09-29T21:28:43,2026-09-29T21:28:43
3293,鈊象,2024-11-20,950.0,-12.0,-1.25%,,,,,,,,,ShowDailyK_ChartFlow,FinMind_API_TaiwanStockPrice_3293,True,2026-09-29T21:28:43,2026-09-29T21:28:43,2026-09-29T21:28:43
3293,鈊象,2024-11-21,953.0,3.0,0.32%,,,,,,,,,ShowDailyK_ChartFlow,FinMind_API_TaiwanStockPrice_3293,True,2026-09-29T21:28:43,2026-09-29T21:28:43,2026-09-29T21:28:43
3293,鈊象,2024-11-22,994.0,41.0,4.30%,,,,,,,,,ShowDailyK_ChartFlow,FinMind_API_TaiwanStockPrice_3293,True,2026-09-29T21:28:43,2026-09-29T21:28:43,2026-09-29T21:28:43
3293,鈊象,2024-11-25,979.0,-15.0,-1.51%,,,,,,,,,ShowDailyK_ChartFlow,FinMind_API_TaiwanStockPrice_3293,True,2026-09-29T21:28:43,2026-09-29T21:28:43,2026-09-29T21:28:43
3293,鈊象,2024-11-26,945.0,-34.0,-3.47%,,,,,,,,,ShowDailyK_ChartFlow,FinMind_API_TaiwanStockPrice_3293,True,2026-09-29T21:28:43,2026-09-29T21:28:43,2026-09-29T21:28:43
3293,鈊象,2024-11-27,950.0,5.0,0.53%,,,,,,,,,ShowDailyK_ChartFlow,FinMind_API_TaiwanStockPrice_3293,True,2026-09-29T21:28:43,2026-09-29T21:28:43,2026-09-29T21:28:43
3293,鈊象,2024-11-28,933.0,-17.0,-1.79%,,,,,,,,,ShowDailyK_ChartFlow,FinMind_API_TaiwanStockPrice_3293,True,2026-09-29T21:28:43,2026-09-29T21:28:43,2026-09-29T21:28:43
3293,鈊象,2024-11-29,960.0,27.0,2.89%,,,,,,,,,ShowDailyK_ChartFlow,FinMind_API_TaiwanStockPrice_3293,True,2026-09-29T21:28:43,2026-09-29T21:28:43,2026-09-29T21:28:43
3293,鈊象,2024-12-02,984.0,24.0,2.50%,,,,,,,,,ShowDailyK_ChartFlow,FinMind_API_TaiwanStockPrice_3293,True,2026-09-29T21:28:43,2026-09-29T21:28:43,2026-09-29T21:28:43
3293,鈊象,2024-12-03,976.0,-8.0,-0.81%,,,,,,,,,ShowDailyK_ChartFlow,FinMind_API_TaiwanStockPrice_3293,True,2026-09-29T21:28:43,2026-09-29T21:28:43,2026-09-29T21:28:43
3293,鈊象,2024-12-04,990.0,14.0,1.43%,,,,,,,,,ShowDailyK_ChartFlow,FinMind_API_TaiwanStockPrice_3293,True,2026-09-29T21:28:43,2026-09-29T21:28:43,2026-09-29T21:28:43
3293,鈊象,2024-12-05,1005.0,15.0,1.52%,,,,,,,,,ShowDailyK_ChartFlow,FinMind_API_TaiwanStockPrice_3293,True,2026-09-29T21:28:43,2026-09-29T21:28:43,2026-09-29T21:28:43
3293,鈊象,2024-12-06,1000.0,-5.0,-0.50%,,,,,,,,,ShowDailyK_ChartFlow,FinMind_API_TaiwanStockPrice_3293,True,2026-09-29T21:28:43,2026-09-29T21:28:43,2026-09-29T21:28:43
3293,鈊象,2024-12-09,1035.0,35.0,3.50%,,,,,,,,,ShowDailyK_ChartFlow,FinMind_API_TaiwanStockPrice_3293,True,2026-09-29T21:28:43,2026-09-29T21:28:43,2026-09-29T21:28:43
3293,鈊象,2024-12-10,996.0,-39.0,-3.77%,,,,,,,,,ShowDailyK_ChartFlow,FinMind_API_TaiwanStockPrice_3293,True,2026-09-29T21:28:43,2026-09-29T21:28:43,2026-09-29T21:28:43
3293,鈊象,2024-12-11,1000.0,4.0,0.40%,,,,,,,,,ShowDailyK_ChartFlow,FinMind_API_TaiwanStockPrice_3293,True,2026-09-29T21:28:43,2026-09-29T21:28:43,2026-09-29T21:28:43
3293,鈊象,2024-12-12,1000.0,0.0,0.00%,,,,,,,,,ShowDailyK_ChartFlow,FinMind_API_TaiwanStockPrice_3293,True,2026-09-29T21:28:43,2026-09-29T21:28:43,2026-09-29T21:28:43
3293,鈊象,2024-12-13,1010.0,10.0,1.00%,,,,,,,,,ShowDailyK_ChartFlow,FinMind_API_TaiwanStockPrice_3293,True,2026-09-29T21:28:43,2026-09-29T21:28:43,2026-09-29T21:28:43
3293,鈊象,2024-12-16,983.0,-27.0,-2.67%,,,,,,,,,ShowDailyK_ChartFlow,FinMind_API_TaiwanStockPrice_3293,True,2026-09-29T21:28:43,2026-09-29T21:28:43,2026-09-29T21:28:43
3293,鈊象,2024-12-17,1000.0,17.0,1.73%,,,,,,,,,ShowDailyK_ChartFlow,FinMind_API_TaiwanStockPrice_3293,True,2026-09-29T21:28:43,2026-09-29T21:28:43,2026-09-29T21:28:43
3293,鈊象,2024-12-18,1005.0,5.0,0.50%,,,,,,,,,ShowDailyK_ChartFlow,FinMind_API_TaiwanStockPrice_3293,True,2026-09-29T21:28:43,2026-09-29T21:28:43,2026-09-29T21:28:43
3293,鈊象,2024-12-19,999.0,-6.0,-0.60%,,,,,,,,,ShowDailyK_ChartFlow,FinMind_API_TaiwanStockPrice_3293,True,2026-09-29T21:28:43,2026-09-29T21:28:43,2026-09-29T21:28:43
3293,鈊象,2024-12-20,982.0,-17.0,-1.70%,,,,,,,,,ShowDailyK_ChartFlow,FinMind_API_TaiwanStockPrice_3293,True,2026-09-29T21:28:43,2026-09-29T21:28:43,2026-09-29T21:28:43
3293,鈊象,2024-12-23,989.0,7.0,0.71%,,,,,,,,,ShowDailyK_ChartFlow,FinMind_API_TaiwanStockPrice_3293,True,2026-09-29T21:28:43,2026-09-29T21:28:43,2026-09-29T21:28:43
3293,鈊象,2024-12-24,980.0,-9.0,-0.91%,,,,,,,,,ShowDailyK_ChartFlow,FinMind_API_TaiwanStockPrice_3293,True,2026-09-29T21:28:43,2026-09-29T21:28:43,2026-09-29T21:28:43
3293,鈊象,2024-12-25,970.0,-10.0,-1.02%,,,,,,,,,ShowDailyK_ChartFlow,FinMind_API_TaiwanStockPrice_3293,True,2026-09-29T21:28:43,2026-09-29T21:28:43,2026-09-29T21:28:43
3293,鈊象,2024-12-26,965.0,-5.0,-0.52%,,,,,,,,,ShowDailyK_ChartFlow,FinMind_API_TaiwanStockPrice_3293,True,2026-09-29T21:28:43,2026-09-29T21:28:43,2026-09-29T21:28:43
3293,鈊象,2024-12-27,967.0,2.0,0.21%,,,,,,,,,ShowDailyK_ChartFlow,FinMind_API_TaiwanStockPrice_3293,True,2026-09-29T21:28:43,2026-09-29T21:28:43,2026-09-29T21:28:43
3293,鈊象,2024-12-30,957.0,-10.0,-1.03%,,,,,,,,,ShowDailyK_ChartFlow,FinMind_API_TaiwanStockPrice_3293,True,2026-09-29T21:28:43,2026-09-29T21:28:43,2026-09-29T21:28:43
3293,鈊象,2024-12-31,974.0,17.0,1.78%,,,,,,,,,ShowDailyK_ChartFlow,FinMind_API_TaiwanStockPrice_3293,True,2026-09-29T21:28:43,2026-09-29T21:28:43,2026-09-29T21:28:43
3293,鈊象,2025-01-02,963.0,-11.0,-1.13%,,,,,,,,,ShowDailyK_ChartFlow,FinMind_API_TaiwanStockPrice_3293,True,2026-09-29T21:28:43,2026-09-29T21:28:43,2026-09-29T21:28:43
3293,鈊象,2025-01-03,981.0,18.0,1.87%,,,,,,,,,ShowDailyK_ChartFlow,FinMind_API_TaiwanStockPrice_3293,True,2026-09-29T21:28:43,2026-09-29T21:28:43,2026-09-29T21:28:43
3293,鈊象,2025-01-06,983.0,2.0,0.20%,,,,,,,,,ShowDailyK_ChartFlow,FinMind_API_TaiwanStockPrice_3293,True,2026-09-29T21:28:43,2026-09-29T21:28:43,2026-09-29T21:28:43
3293,鈊象,2025-01-07,980.0,-3.0,-0.31%,,,,,,,,,ShowDailyK_ChartFlow,FinMind_API_TaiwanStockPrice_3293,True,2026-09-29T21:28:43,2026-09-29T21:28:43,2026-09-29T21:28:43
3293,鈊象,2025-01-08,969.0,-11.0,-1.12%,,,,,,,,,ShowDailyK_ChartFlow,FinMind_API_TaiwanStockPrice_3293,True,2026-09-29T21:28:43,2026-09-29T21:28:43,2026-09-29T21:28:43
3293,鈊象,2025-01-09,958.0,-11.0,-1.14%,,,,,,,,,ShowDailyK_ChartFlow,FinMind_API_TaiwanStockPrice_3293,True,2026-09-29T21:28:43,2026-09-29T21:28:43,2026-09-29T21:28:43
3293,鈊象,2025-01-10,945.0,-13.0,-1.36%,,,,,,,,,ShowDailyK_ChartFlow,FinMind_API_TaiwanStockPrice_3293,True,2026-09-29T21:28:43,2026-09-29T21:28:43,2026-09-29T21:28:43
3293,鈊象,2025-01-13,930.0,-15.0,-1.59%,,,,,,,,,ShowDailyK_ChartFlow,FinMind_API_TaiwanStockPrice_3293,True,2026-09-29T21:28:43,2026-09-29T21:28:43,2026-09-29T21:28:43
3293,鈊象,2025-01-14,934.0,4.0,0.43%,,,,,,,,,ShowDailyK_ChartFlow,FinMind_API_TaiwanStockPrice_3293,True,2026-09-29T21:28:43,2026-09-29T21:28:43,2026-09-29T21:28:43
3293,鈊象,2025-01-15,902.0,-32.0,-3.43%,,,,,,,,,ShowDailyK_ChartFlow,FinMind_API_TaiwanStockPrice_3293,True,2026-09-29T21:28:43,2026-09-29T21:28:43,2026-09-29T21:28:43
3293,鈊象,2025-01-16,947.0,45.0,4.99%,,,,,,,,,ShowDailyK_ChartFlow,FinMind_API_TaiwanStockPrice_3293,True,2026-09-29T21:28:43,2026-09-29T21:28:43,2026-09-29T21:28:43
3293,鈊象,2025-01-17,939.0,-8.0,-0.84%,,,,,,,,,ShowDailyK_ChartFlow,FinMind_API_TaiwanStockPrice_3293,True,2026-09-29T21:28:43,2026-09-29T21:28:43,2026-09-29T21:28:43
3293,鈊象,2025-01-20,950.0,11.0,1.17%,,,,,,,,,ShowDailyK_ChartFlow,FinMind_API_TaiwanStockPrice_3293,True,2026-09-29T21:28:43,2026-09-29T21:28:43,2026-09-29T21:28:43
3293,鈊象,2025-01-21,940.0,-10.0,-1.05%,,,,,,,,,ShowDailyK_ChartFlow,FinMind_API_TaiwanStockPrice_3293,True,2026-09-29T21:28:43,2026-09-29T21:28:43,2026-09-29T21:28:43
3293,鈊象,2025-01-22,946.0,6.0,0.64%,,,,,,,,,ShowDailyK_ChartFlow,FinMind_API_TaiwanStockPrice_3293,True,2026-09-29T21:28:43,2026-09-29T21:28:43,2026-09-29T21:28:43
3293,鈊象,2025-02-03,915.0,-31.0,-3.28%,,,,,,,,,ShowDailyK_ChartFlow,FinMind_API_TaiwanStockPrice_3293,True,2026-09-29T21:28:43,2026-09-29T21:28:43,2026-09-29T21:28:43
3293,鈊象,2025-02-04,906.0,-9.0,-0.98%,,,,,,,,,ShowDailyK_ChartFlow,FinMind_API_TaiwanStockPrice_3293,True,2026-09-29T21:28:43,2026-09-29T21:28:43,2026-09-29T21:28:43
3293,鈊象,2025-02-05,919.0,13.0,1.43%,,,,,,,,,ShowDailyK_ChartFlow,FinMind_API_TaiwanStockPrice_3293,True,2026-09-29T21:28:43,2026-09-29T21:28:43,2026-09-29T21:28:43
3293,鈊象,2025-02-06,906.0,-13.0,-1.41%,,,,,,,,,ShowDailyK_ChartFlow,FinMind_API_TaiwanStockPrice_3293,True,2026-09-29T21:28:43,2026-09-29T21:28:43,2026-09-29T21:28:43
3293,鈊象,2025-02-07,911.0,5.0,0.55%,,,,,,,,,ShowDailyK_ChartFlow,FinMind_API_TaiwanStockPrice_3293,True,2026-09-29T21:28:43,2026-09-29T21:28:43,2026-09-29T21:28:43
3293,鈊象,2025-02-10,901.0,-10.0,-1.10%,,,,,,,,,ShowDailyK_ChartFlow,FinMind_API_TaiwanStockPrice_3293,True,2026-09-29T21:28:43,2026-09-29T21:28:43,2026-09-29T21:28:43
3293,鈊象,2025-02-11,909.0,8.0,0.89%,,,,,,,,,ShowDailyK_ChartFlow,FinMind_API_TaiwanStockPrice_3293,True,2026-09-29T21:28:43,2026-09-29T21:28:43,2026-09-29T21:28:43
3293,鈊象,2025-02-12,901.0,-8.0,-0.88%,,,,,,,,,ShowDailyK_ChartFlow,FinMind_API_TaiwanStockPrice_3293,True,2026-09-29T21:28:43,2026-09-29T21:28:43,2026-09-29T21:28:43
3293,鈊象,2025-02-13,907.0,6.0,0.67%,,,,,,,,,ShowDailyK_ChartFlow,FinMind_API_TaiwanStockPrice_3293,True,2026-09-29T21:28:43,2026-09-29T21:28:43,2026-09-29T21:28:43
3293,鈊象,2025-02-14,903.0,-4.0,-0.44%,,,,,,,,,ShowDailyK_ChartFlow,FinMind_API_TaiwanStockPrice_3293,True,2026-09-29T21:28:43,2026-09-29T21:28:43,2026-09-29T21:28:43
3293,鈊象,2025-02-17,932.0,29.0,3.21%,,,,,,,,,ShowDailyK_ChartFlow,FinMind_API_TaiwanStockPrice_3293,True,2026-09-29T21:28:43,2026-09-29T21:28:43,2026-09-29T21:28:43
3293,鈊象,2025-02-18,930.0,-2.0,-0.21%,,,,,,,,,ShowDailyK_ChartFlow,FinMind_API_TaiwanStockPrice_3293,True,2026-09-29T21:28:43,2026-09-29T21:28:43,2026-09-29T21:28:43
3293,鈊象,2025-02-19,921.0,-9.0,-0.97%,,,,,,,,,ShowDailyK_ChartFlow,FinMind_API_TaiwanStockPrice_3293,True,2026-09-29T21:28:43,2026-09-29T21:28:43,2026-09-29T21:28:43
3293,鈊象,2025-02-20,921.0,0.0,0.00%,,,,,,,,,ShowDailyK_ChartFlow,FinMind_API_TaiwanStockPrice_3293,True,2026-09-29T21:28:43,2026-09-29T21:28:43,2026-09-29T21:28:43
3293,鈊象,2025-02-21,926.0,5.0,0.54%,,,,,,,,,ShowDailyK_ChartFlow,FinMind_API_TaiwanStockPrice_3293,True,2026-09-29T21:28:43,2026-09-29T21:28:43,2026-09-29T21:28:43
3293,鈊象,2025-02-24,965.0,39.0,4.21%,,,,,,,,,ShowDailyK_ChartFlow,FinMind_API_TaiwanStockPrice_3293,True,2026-09-29T21:28:43,2026-09-29T21:28:43,2026-09-29T21:28:43
3293,鈊象,2025-02-25,974.0,9.0,0.93%,,,,,,,,,ShowDailyK_ChartFlow,FinMind_API_TaiwanStockPrice_3293,True,2026-09-29T21:28:43,2026-09-29T21:28:43,2026-09-29T21:28:43
3293,鈊象,2025-02-26,969.0,-5.0,-0.51%,,,,,,,,,ShowDailyK_ChartFlow,FinMind_API_TaiwanStockPrice_3293,True,2026-09-29T21:28:43,2026-09-29T21:28:43,2026-09-29T21:28:43
3293,鈊象,2025-02-27,982.0,13.0,1.34%,,,,,,,,,ShowDailyK_ChartFlow,FinMind_API_TaiwanStockPrice_3293,True,2026-09-29T21:28:43,2026-09-29T21:28:43,2026-09-29T21:28:43
3293,鈊象,2025-03-03,940.0,-42.0,-4.28%,,,,,,,,,ShowDailyK_ChartFlow,FinMind_API_TaiwanStockPrice_3293,True,2026-09-29T21:28:43,2026-09-29T21:28:43,2026-09-29T21:28:43
3293,鈊象,2025-03-04,921.0,-19.0,-2.02%,,,,,,,,,ShowDailyK_ChartFlow,FinMind_API_TaiwanStockPrice_3293,True,2026-09-29T21:28:43,2026-09-29T21:28:43,2026-09-29T21:28:43
3293,鈊象,2025-03-05,961.0,40.0,4.34%,,,,,,,,,ShowDailyK_ChartFlow,FinMind_API_TaiwanStockPrice_3293,True,2026-09-29T21:28:43,2026-09-29T21:28:43,2026-09-29T21:28:43
3293,鈊象,2025-03-06,993.0,32.0,3.33%,,,,,,,,,ShowDailyK_ChartFlow,FinMind_API_TaiwanStockPrice_3293,True,2026-09-29T21:28:43,2026-09-29T21:28:43,2026-09-29T21:28:43
3293,鈊象,2025-03-07,928.0,-65.0,-6.55%,,,,,,,,,ShowDailyK_ChartFlow,FinMind_API_TaiwanStockPrice_3293,True,2026-09-29T21:28:43,2026-09-29T21:28:43,2026-09-29T21:28:43
3293,鈊象,2025-03-10,912.0,-16.0,-1.72%,,,,,,,,,ShowDailyK_ChartFlow,FinMind_API_TaiwanStockPrice_3293,True,2026-09-29T21:28:43,2026-09-29T21:28:43,2026-09-29T21:28:43
3293,鈊象,2025-03-11,883.0,-29.0,-3.18%,,,,,,,,,ShowDailyK_ChartFlow,FinMind_API_TaiwanStockPrice_3293,True,2026-09-29T21:28:43,2026-09-29T21:28:43,2026-09-29T21:28:43
3293,鈊象,2025-03-12,851.0,-32.0,-3.62%,,,,,,,,,ShowDailyK_ChartFlow,FinMind_API_TaiwanStockPrice_3293,True,2026-09-29T21:28:43,2026-09-29T21:28:43,2026-09-29T21:28:43
3293,鈊象,2025-03-13,822.0,-29.0,-3.41%,,,,,,,,,ShowDailyK_ChartFlow,FinMind_API_TaiwanStockPrice_3293,True,2026-09-29T21:28:43,2026-09-29T21:28:43,2026-09-29T21:28:43
3293,鈊象,2025-03-14,816.0,-6.0,-0.73%,,,,,,,,,ShowDailyK_ChartFlow,FinMind_API_TaiwanStockPrice_3293,True,2026-09-29T21:28:43,2026-09-29T21:28:43,2026-09-29T21:28:43
3293,鈊象,2025-03-17,818.0,2.0,0.25%,,,,,,,,,ShowDailyK_ChartFlow,FinMind_API_TaiwanStockPrice_3293,True,2026-09-29T21:28:43,2026-09-29T21:28:43,2026-09-29T21:28:43
3293,鈊象,2025-03-18,863.0,45.0,5.50%,,,,,,,,,ShowDailyK_ChartFlow,FinMind_API_TaiwanStockPrice_3293,True,2026-09-29T21:28:43,2026-09-29T21:28:43,2026-09-29T21:28:43
3293,鈊象,2025-03-19,852.0,-11.0,-1.27%,,,,,,,,,ShowDailyK_ChartFlow,FinMind_API_TaiwanStockPrice_3293,True,2026-09-29T21:28:43,2026-09-29T21:28:43,2026-09-29T21:28:43
3293,鈊象,2025-03-20,869.0,17.0,2.00%,,,,,,,,,ShowDailyK_ChartFlow,FinMind_API_TaiwanStockPrice_3293,True,2026-09-29T21:28:43,2026-09-29T21:28:43,2026-09-29T21:28:43
3293,鈊象,2025-03-21,853.0,-16.0,-1.84%,,,,,,,,,ShowDailyK_ChartFlow,FinMind_API_TaiwanStockPrice_3293,True,2026-09-29T21:28:43,2026-09-29T21:28:43,2026-09-29T21:28:43
3293,鈊象,2025-03-24,838.0,-15.0,-1.76%,,,,,,,,,ShowDailyK_ChartFlow,FinMind_API_TaiwanStockPrice_3293,True,2026-09-29T21:28:43,2026-09-29T21:28:43,2026-09-29T21:28:43
3293,鈊象,2025-03-25,844.0,6.0,0.72%,,,,,,,,,ShowDailyK_ChartFlow,FinMind_API_TaiwanStockPrice_3293,True,2026-09-29T21:28:43,2026-09-29T21:28:43,2026-09-29T21:28:43
3293,鈊象,2025-03-26,808.0,-36.0,-4.27%,,,,,,,,,ShowDailyK_ChartFlow,FinMind_API_TaiwanStockPrice_3293,True,2026-09-29T21:28:43,2026-09-29T21:28:43,2026-09-29T21:28:43
3293,鈊象,2025-03-27,814.0,6.0,0.74%,,,,,,,,,ShowDailyK_ChartFlow,FinMind_API_TaiwanStockPrice_3293,True,2026-09-29T21:28:43,2026-09-29T21:28:43,2026-09-29T21:28:43
3293,鈊象,2025-03-28,805.0,-9.0,-1.11%,,,,,,,,,ShowDailyK_ChartFlow,FinMind_API_TaiwanStockPrice_3293,True,2026-09-29T21:28:43,2026-09-29T21:28:43,2026-09-29T21:28:43
3293,鈊象,2025-03-31,772.0,-33.0,-4.10%,,,,,,,,,ShowDailyK_ChartFlow,FinMind_API_TaiwanStockPrice_3293,True,2026-09-29T21:28:43,2026-09-29T21:28:43,2026-09-29T21:28:43
3293,鈊象,2025-04-01,807.0,35.0,4.53%,,,,,,,,,ShowDailyK_ChartFlow,FinMind_API_TaiwanStockPrice_3293,True,2026-09-29T21:28:43,2026-09-29T21:28:43,2026-09-29T21:28:43
3293,鈊象,2025-04-02,810.0,3.0,0.37%,,,,,,,,,ShowDailyK_ChartFlow,FinMind_API_TaiwanStockPrice_3293,True,2026-09-29T21:28:43,2026-09-29T21:28:43,2026-09-29T21:28:43
3293,鈊象,2025-04-07,729.0,-81.0,-10.00%,,,,,,,,,ShowDailyK_ChartFlow,FinMind_API_TaiwanStockPrice_3293,True,2026-09-29T21:28:43,2026-09-29T21:28:43,2026-09-29T21:28:43
3293,鈊象,2025-04-08,741.0,12.0,1.65%,,,,,,,,,ShowDailyK_ChartFlow,FinMind_API_TaiwanStockPrice_3293,True,2026-09-29T21:28:43,2026-09-29T21:28:43,2026-09-29T21:28:43
3293,鈊象,2025-04-09,715.0,-26.0,-3.51%,,,,,,,,,ShowDailyK_ChartFlow,FinMind_API_TaiwanStockPrice_3293,True,2026-09-29T21:28:43,2026-09-29T21:28:43,2026-09-29T21:28:43
3293,鈊象,2025-04-10,786.0,71.0,9.93%,,,,,,,,,ShowDailyK_ChartFlow,FinMind_API_TaiwanStockPrice_3293,True,2026-09-29T21:28:43,2026-09-29T21:28:43,2026-09-29T21:28:43
3293,鈊象,2025-04-11,823.0,37.0,4.71%,,,,,,,,,ShowDailyK_ChartFlow,FinMind_API_TaiwanStockPrice_3293,True,2026-09-29T21:28:43,2026-09-29T21:28:43,2026-09-29T21:28:43
3293,鈊象,2025-04-14,785.0,-38.0,-4.62%,,,,,,,,,ShowDailyK_ChartFlow,FinMind_API_TaiwanStockPrice_3293,True,2026-09-29T21:28:43,2026-09-29T21:28:43,2026-09-29T21:28:43
3293,鈊象,2025-04-15,804.0,19.0,2.42%,,,,,,,,,ShowDailyK_ChartFlow,FinMind_API_TaiwanStockPrice_3293,True,2026-09-29T21:28:43,2026-09-29T21:28:43,2026-09-29T21:28:43
3293,鈊象,2025-04-16,814.0,10.0,1.24%,,,,,,,,,ShowDailyK_ChartFlow,FinMind_API_TaiwanStockPrice_3293,True,2026-09-29T21:28:43,2026-09-29T21:28:43,2026-09-29T21:28:43
3293,鈊象,2025-04-17,830.0,16.0,1.97%,,,,,,,,,ShowDailyK_ChartFlow,FinMind_API_TaiwanStockPrice_3293,True,2026-09-29T21:28:43,2026-09-29T21:28:43,2026-09-29T21:28:43
3293,鈊象,2025-04-18,823.0,-7.0,-0.84%,,,,,,,,,ShowDailyK_ChartFlow,FinMind_API_TaiwanStockPrice_3293,True,2026-09-29T21:28:43,2026-09-29T21:28:43,2026-09-29T21:28:43
3293,鈊象,2025-04-21,807.0,-16.0,-1.94%,,,,,,,,,ShowDailyK_ChartFlow,FinMind_API_TaiwanStockPrice_3293,True,2026-09-29T21:28:43,2026-09-29T21:28:43,2026-09-29T21:28:43
3293,鈊象,2025-04-22,785.0,-22.0,-2.73%,,,,,,,,,ShowDailyK_ChartFlow,FinMind_API_TaiwanStockPrice_3293,True,2026-09-29T21:28:43,2026-09-29T21:28:43,2026-09-29T21:28:43
3293,鈊象,2025-04-23,805.0,20.0,2.55%,,,,,,,,,ShowDailyK_ChartFlow,FinMind_API_TaiwanStockPrice_3293,True,2026-09-29T21:28:43,2026-09-29T21:28:43,2026-09-29T21:28:43
3293,鈊象,2025-04-24,817.0,12.0,1.49%,,,,,,,,,ShowDailyK_ChartFlow,FinMind_API_TaiwanStockPrice_3293,True,2026-09-29T21:28:43,2026-09-29T21:28:43,2026-09-29T21:28:43
3293,鈊象,2025-04-25,824.0,7.0,0.86%,,,,,,,,,ShowDailyK_ChartFlow,FinMind_API_TaiwanStockPrice_3293,True,2026-09-29T21:28:43,2026-09-29T21:28:43,2026-09-29T21:28:43
3293,鈊象,2025-04-28,827.0,3.0,0.36%,,,,,,,,,ShowDailyK_ChartFlow,FinMind_API_TaiwanStockPrice_3293,True,2026-09-29T21:28:43,2026-09-29T21:28:43,2026-09-29T21:28:43
3293,鈊象,2025-04-29,840.0,13.0,1.57%,,,,,,,,,ShowDailyK_ChartFlow,FinMind_API_TaiwanStockPrice_3293,True,2026-09-29T21:28:43,2026-09-29T21:28:43,2026-09-29T21:28:43
3293,鈊象,2025-04-30,832.0,-8.0,-0.95%,,,,,,,,,ShowDailyK_ChartFlow,FinMind_API_TaiwanStockPrice_3293,True,2026-09-29T21:28:43,2026-09-29T21:28:43,2026-09-29T21:28:43
3293,鈊象,2025-05-02,848.0,16.0,1.92%,,,,,,,,,ShowDailyK_ChartFlow,FinMind_API_TaiwanStockPrice_3293,True,2026-09-29T21:28:43,2026-09-29T21:28:43,2026-09-29T21:28:43
3293,鈊象,2025-05-05,827.0,-21.0,-2.48%,,,,,,,,,ShowDailyK_ChartFlow,FinMind_API_TaiwanStockPrice_3293,True,2026-09-29T21:28:43,2026-09-29T21:28:43,2026-09-29T21:28:43
3293,鈊象,2025-05-06,853.0,26.0,3.14%,,,,,,,,,ShowDailyK_ChartFlow,FinMind_API_TaiwanStockPrice_3293,True,2026-09-29T21:28:43,2026-09-29T21:28:43,2026-09-29T21:28:43
3293,鈊象,2025-05-07,839.0,-14.0,-1.64%,,,,,,,,,ShowDailyK_ChartFlow,FinMind_API_TaiwanStockPrice_3293,True,2026-09-29T21:28:43,2026-09-29T21:28:43,2026-09-29T21:28:43
3293,鈊象,2025-05-08,857.0,18.0,2.15%,,,,,,,,,ShowDailyK_ChartFlow,FinMind_API_TaiwanStockPrice_3293,True,2026-09-29T21:28:43,2026-09-29T21:28:43,2026-09-29T21:28:43
3293,鈊象,2025-05-09,867.0,10.0,1.17%,,,,,,,,,ShowDailyK_ChartFlow,FinMind_API_TaiwanStockPrice_3293,True,2026-09-29T21:28:43,2026-09-29T21:28:43,2026-09-29T21:28:43
3293,鈊象,2025-05-12,863.0,-4.0,-0.46%,,,,,,,,,ShowDailyK_ChartFlow,FinMind_API_TaiwanStockPrice_3293,True,2026-09-29T21:28:43,2026-09-29T21:28:43,2026-09-29T21:28:43
3293,鈊象,2025-05-13,888.0,25.0,2.90%,,,,,,,,,ShowDailyK_ChartFlow,FinMind_API_TaiwanStockPrice_3293,True,2026-09-29T21:28:43,2026-09-29T21:28:43,2026-09-29T21:28:43
3293,鈊象,2025-05-14,881.0,-7.0,-0.79%,,,,,,,,,ShowDailyK_ChartFlow,FinMind_API_TaiwanStockPrice_3293,True,2026-09-29T21:28:43,2026-09-29T21:28:43,2026-09-29T21:28:43
3293,鈊象,2025-05-15,861.0,-20.0,-2.27%,,,,,,,,,ShowDailyK_ChartFlow,FinMind_API_TaiwanStockPrice_3293,True,2026-09-29T21:28:43,2026-09-29T21:28:43,2026-09-29T21:28:43
3293,鈊象,2025-05-16,875.0,14.0,1.63%,,,,,,,,,ShowDailyK_ChartFlow,FinMind_API_TaiwanStockPrice_3293,True,2026-09-29T21:28:43,2026-09-29T21:28:43,2026-09-29T21:28:43
3293,鈊象,2025-05-19,855.0,-20.0,-2.29%,,,,,,,,,ShowDailyK_ChartFlow,FinMind_API_TaiwanStockPrice_3293,True,2026-09-29T21:28:43,2026-09-29T21:28:43,2026-09-29T21:28:43
3293,鈊象,2025-05-20,867.0,12.0,1.40%,,,,,,,,,ShowDailyK_ChartFlow,FinMind_API_TaiwanStockPrice_3293,True,2026-09-29T21:28:43,2026-09-29T21:28:43,2026-09-29T21:28:43
3293,鈊象,2025-05-21,862.0,-5.0,-0.58%,,,,,,,,,ShowDailyK_ChartFlow,FinMind_API_TaiwanStockPrice_3293,True,2026-09-29T21:28:43,2026-09-29T21:28:43,2026-09-29T21:28:43
3293,鈊象,2025-05-22,848.0,-14.0,-1.62%,,,,,,,,,ShowDailyK_ChartFlow,FinMind_API_TaiwanStockPrice_3293,True,2026-09-29T21:28:43,2026-09-29T21:28:43,2026-09-29T21:28:43
3293,鈊象,2025-05-23,842.0,-6.0,-0.71%,,,,,,,,,ShowDailyK_ChartFlow,FinMind_API_TaiwanStockPrice_3293,True,2026-09-29T21:28:43,2026-09-29T21:28:43,2026-09-29T21:28:43
3293,鈊象,2025-05-26,842.0,0.0,0.00%,,,,,,,,,ShowDailyK_ChartFlow,FinMind_API_TaiwanStockPrice_3293,True,2026-09-29T21:28:43,2026-09-29T21:28:43,2026-09-29T21:28:43
3293,鈊象,2025-05-27,840.0,-2.0,-0.24%,,,,,,,,,ShowDailyK_ChartFlow,FinMind_API_TaiwanStockPrice_3293,True,2026-09-29T21:28:43,2026-09-29T21:28:43,2026-09-29T21:28:43
3293,鈊象,2025-05-28,849.0,9.0,1.07%,,,,,,,,,ShowDailyK_ChartFlow,FinMind_API_TaiwanStockPrice_3293,True,2026-09-29T21:28:43,2026-09-29T21:28:43,2026-09-29T21:28:43
3293,鈊象,2025-05-29,843.0,-6.0,-0.71%,,,,,,,,,ShowDailyK_ChartFlow,FinMind_API_TaiwanStockPrice_3293,True,2026-09-29T21:28:43,2026-09-29T21:28:43,2026-09-29T21:28:43
3293,鈊象,2025-06-02,830.0,-13.0,-1.54%,,,,,,,,,ShowDailyK_ChartFlow,FinMind_API_TaiwanStockPrice_3293,True,2026-09-29T21:28:43,2026-09-29T21:28:43,2026-09-29T21:28:43
3293,鈊象,2025-06-03,832.0,2.0,0.24%,,,,,,,,,ShowDailyK_ChartFlow,FinMind_API_TaiwanStockPrice_3293,True,2026-09-29T21:28:43,2026-09-29T21:28:43,2026-09-29T21:28:43
3293,鈊象,2025-06-04,837.0,5.0,0.60%,,,,,,,,,ShowDailyK_ChartFlow,FinMind_API_TaiwanStockPrice_3293,True,2026-09-29T21:28:43,2026-09-29T21:28:43,2026-09-29T21:28:43
3293,鈊象,2025-06-05,868.0,31.0,3.70%,,,,,,,,,ShowDailyK_ChartFlow,FinMind_API_TaiwanStockPrice_3293,True,2026-09-29T21:28:43,2026-09-29T21:28:43,2026-09-29T21:28:43
3293,鈊象,2025-06-06,848.0,-20.0,-2.30%,,,,,,,,,ShowDailyK_ChartFlow,FinMind_API_TaiwanStockPrice_3293,True,2026-09-29T21:28:43,2026-09-29T21:28:43,2026-09-29T21:28:43
3293,鈊象,2025-06-09,848.0,0.0,0.00%,,,,,,,,,ShowDailyK_ChartFlow,FinMind_API_TaiwanStockPrice_3293,True,2026-09-29T21:28:43,2026-09-29T21:28:43,2026-09-29T21:28:43
3293,鈊象,2025-06-10,860.0,12.0,1.42%,,,,,,,,,ShowDailyK_ChartFlow,FinMind_API_TaiwanStockPrice_3293,True,2026-09-29T21:28:43,2026-09-29T21:28:43,2026-09-29T21:28:43
3293,鈊象,2025-06-11,873.0,13.0,1.51%,,,,,,,,,ShowDailyK_ChartFlow,FinMind_API_TaiwanStockPrice_3293,True,2026-09-29T21:28:43,2026-09-29T21:28:43,2026-09-29T21:28:43
3293,鈊象,2025-06-12,878.0,5.0,0.57%,,,,,,,,,ShowDailyK_ChartFlow,FinMind_API_TaiwanStockPrice_3293,True,2026-09-29T21:28:43,2026-09-29T21:28:43,2026-09-29T21:28:43
3293,鈊象,2025-06-13,875.0,-3.0,-0.34%,,,,,,,,,ShowDailyK_ChartFlow,FinMind_API_TaiwanStockPrice_3293,True,2026-09-29T21:28:43,2026-09-29T21:28:43,2026-09-29T21:28:43
3293,鈊象,2025-06-16,895.0,20.0,2.29%,,,,,,,,,ShowDailyK_ChartFlow,FinMind_API_TaiwanStockPrice_3293,True,2026-09-29T21:28:43,2026-09-29T21:28:43,2026-09-29T21:28:43
3293,鈊象,2025-06-17,894.0,-1.0,-0.11%,,,,,,,,,ShowDailyK_ChartFlow,FinMind_API_TaiwanStockPrice_3293,True,2026-09-29T21:28:43,2026-09-29T21:28:43,2026-09-29T21:28:43
3293,鈊象,2025-06-18,886.0,-8.0,-0.89%,,,,,,,,,ShowDailyK_ChartFlow,FinMind_API_TaiwanStockPrice_3293,True,2026-09-29T21:28:43,2026-09-29T21:28:43,2026-09-29T21:28:43
3293,鈊象,2025-06-19,868.0,-18.0,-2.03%,,,,,,,,,ShowDailyK_ChartFlow,FinMind_API_TaiwanStockPrice_3293,True,2026-09-29T21:28:43,2026-09-29T21:28:43,2026-09-29T21:28:43
3293,鈊象,2025-06-20,885.0,17.0,1.96%,,,,,,,,,ShowDailyK_ChartFlow,FinMind_API_TaiwanStockPrice_3293,True,2026-09-29T21:28:43,2026-09-29T21:28:43,2026-09-29T21:28:43
3293,鈊象,2025-06-23,867.0,-18.0,-2.03%,,,,,,,,,ShowDailyK_ChartFlow,FinMind_API_TaiwanStockPrice_3293,True,2026-09-29T21:28:43,2026-09-29T21:28:43,2026-09-29T21:28:43
3293,鈊象,2025-06-24,865.0,-2.0,-0.23%,,,,,,,,,ShowDailyK_ChartFlow,FinMind_API_TaiwanStockPrice_3293,True,2026-09-29T21:28:43,2026-09-29T21:28:43,2026-09-29T21:28:43
3293,鈊象,2025-06-25,872.0,7.0,0.81%,,,,,,,,,ShowDailyK_ChartFlow,FinMind_API_TaiwanStockPrice_3293,True,2026-09-29T21:28:43,2026-09-29T21:28:43,2026-09-29T21:28:43
3293,鈊象,2025-06-26,875.0,3.0,0.34%,,,,,,,,,ShowDailyK_ChartFlow,FinMind_API_TaiwanStockPrice_3293,True,2026-09-29T21:28:43,2026-09-29T21:28:43,2026-09-29T21:28:43
3293,鈊象,2025-06-27,872.0,-3.0,-0.34%,,,,,,,,,ShowDailyK_ChartFlow,FinMind_API_TaiwanStockPrice_3293,True,2026-09-29T21:28:43,2026-09-29T21:28:43,2026-09-29T21:28:43
3293,鈊象,2025-06-30,858.0,-14.0,-1.61%,,,,,,,,,ShowDailyK_ChartFlow,FinMind_API_TaiwanStockPrice_3293,True,2026-09-29T21:28:43,2026-09-29T21:28:43,2026-09-29T21:28:43
3293,鈊象,2025-07-01,861.0,3.0,0.35%,,,,,,,,,ShowDailyK_ChartFlow,FinMind_API_TaiwanStockPrice_3293,True,2026-09-29T21:28:43,2026-09-29T21:28:43,2026-09-29T21:28:43
3293,鈊象,2025-07-02,866.0,5.0,0.58%,,,,,,,,,ShowDailyK_ChartFlow,FinMind_API_TaiwanStockPrice_3293,True,2026-09-29T21:28:43,2026-09-29T21:28:43,2026-09-29T21:28:43
3293,鈊象,2025-07-03,864.0,-2.0,-0.23%,,,,,,,,,ShowDailyK_ChartFlow,FinMind_API_TaiwanStockPrice_3293,True,2026-09-29T21:28:43,2026-09-29T21:28:43,2026-09-29T21:28:43
3293,鈊象,2025-07-04,855.0,-9.0,-1.04%,,,,,,,,,ShowDailyK_ChartFlow,FinMind_API_TaiwanStockPrice_3293,True,2026-09-29T21:28:43,2026-09-29T21:28:43,2026-09-29T21:28:43
3293,鈊象,2025-07-07,844.0,-11.0,-1.29%,,,,,,,,,ShowDailyK_ChartFlow,FinMind_API_TaiwanStockPrice_3293,True,2026-09-29T21:28:43,2026-09-29T21:28:43,2026-09-29T21:28:43
3293,鈊象,2025-07-08,846.0,2.0,0.24%,,,,,,,,,ShowDailyK_ChartFlow,FinMind_API_TaiwanStockPrice_3293,True,2026-09-29T21:28:43,2026-09-29T21:28:43,2026-09-29T21:28:43
3293,鈊象,2025-07-09,842.0,-4.0,-0.47%,,,,,,,,,ShowDailyK_ChartFlow,FinMind_API_TaiwanStockPrice_3293,True,2026-09-29T21:28:43,2026-09-29T21:28:43,2026-09-29T21:28:43
3293,鈊象,2025-07-10,832.0,-10.0,-1.19%,,,,,,,,,ShowDailyK_ChartFlow,FinMind_API_TaiwanStockPrice_3293,True,2026-09-29T21:28:43,2026-09-29T21:28:43,2026-09-29T21:28:43
3293,鈊象,2025-07-11,828.0,-4.0,-0.48%,,,,,,,,,ShowDailyK_ChartFlow,FinMind_API_TaiwanStockPrice_3293,True,2026-09-29T21:28:43,2026-09-29T21:28:43,2026-09-29T21:28:43
3293,鈊象,2025-07-14,821.0,-7.0,-0.85%,,,,,,,,,ShowDailyK_ChartFlow,FinMind_API_TaiwanStockPrice_3293,True,2026-09-29T21:28:43,2026-09-29T21:28:43,2026-09-29T21:28:43
3293,鈊象,2025-07-15,815.0,-6.0,-0.73%,,,,,,,,,ShowDailyK_ChartFlow,FinMind_API_TaiwanStockPrice_3293,True,2026-09-29T21:28:43,2026-09-29T21:28:43,2026-09-29T21:28:43
3293,鈊象,2025-07-16,817.0,2.0,0.25%,,,,,,,,,ShowDailyK_ChartFlow,FinMind_API_TaiwanStockPrice_3293,True,2026-09-29T21:28:43,2026-09-29T21:28:43,2026-09-29T21:28:43
3293,鈊象,2025-07-17,813.0,-4.0,-0.49%,,,,,,,,,ShowDailyK_ChartFlow,FinMind_API_TaiwanStockPrice_3293,True,2026-09-29T21:28:43,2026-09-29T21:28:43,2026-09-29T21:28:43
3293,鈊象,2025-07-18,803.0,-10.0,-1.23%,,,,,,,,,ShowDailyK_ChartFlow,FinMind_API_TaiwanStockPrice_3293,True,2026-09-29T21:28:43,2026-09-29T21:28:43,2026-09-29T21:28:43
3293,鈊象,2025-07-21,793.0,-10.0,-1.25%,,,,,,,,,ShowDailyK_ChartFlow,FinMind_API_TaiwanStockPrice_3293,True,2026-09-29T21:28:43,2026-09-29T21:28:43,2026-09-29T21:28:43
3293,鈊象,2025-07-22,777.0,-16.0,-2.02%,,,,,,,,,ShowDailyK_ChartFlow,FinMind_API_TaiwanStockPrice_3293,True,2026-09-29T21:28:43,2026-09-29T21:28:43,2026-09-29T21:28:43
3293,鈊象,2025-07-23,810.0,33.0,4.25%,,,,,,,,,ShowDailyK_ChartFlow,FinMind_API_TaiwanStockPrice_3293,True,2026-09-29T21:28:43,2026-09-29T21:28:43,2026-09-29T21:28:43
3293,鈊象,2025-07-24,797.0,-13.0,-1.60%,,,,,,,,,ShowDailyK_ChartFlow,FinMind_API_TaiwanStockPrice_3293,True,2026-09-29T21:28:43,2026-09-29T21:28:43,2026-09-29T21:28:43
3293,鈊象,2025-07-25,800.0,3.0,0.38%,,,,,,,,,ShowDailyK_ChartFlow,FinMind_API_TaiwanStockPrice_3293,True,2026-09-29T21:28:43,2026-09-29T21:28:43,2026-09-29T21:28:43
3293,鈊象,2025-07-28,797.0,-3.0,-0.38%,,,,,,,,,ShowDailyK_ChartFlow,FinMind_API_TaiwanStockPrice_3293,True,2026-09-29T21:28:43,2026-09-29T21:28:43,2026-09-29T21:28:43
3293,鈊象,2025-07-29,783.0,-14.0,-1.76%,,,,,,,,,ShowDailyK_ChartFlow,FinMind_API_TaiwanStockPrice_3293,True,2026-09-29T21:28:43,2026-09-29T21:28:43,2026-09-29T21:28:43
3293,鈊象,2025-07-30,779.0,-4.0,-0.51%,,,,,,,,,ShowDailyK_ChartFlow,FinMind_API_TaiwanStockPrice_3293,True,2026-09-29T21:28:43,2026-09-29T21:28:43,2026-09-29T21:28:43
3293,鈊象,2025-07-31,786.0,7.0,0.90%,,,,,,,,,ShowDailyK_ChartFlow,FinMind_API_TaiwanStockPrice_3293,True,2026-09-29T21:28:43,2026-09-29T21:28:43,2026-09-29T21:28:43
3293,鈊象,2025-08-01,780.0,-6.0,-0.76%,,,,,,,,,ShowDailyK_ChartFlow,FinMind_API_TaiwanStockPrice_3293,True,2026-09-29T21:28:43,2026-09-29T21:28:43,2026-09-29T21:28:43
3293,鈊象,2025-08-04,787.0,7.0,0.90%,,,,,,,,,ShowDailyK_ChartFlow,FinMind_API_TaiwanStockPrice_3293,True,2026-09-29T21:28:43,2026-09-29T21:28:43,2026-09-29T21:28:43
3293,鈊象,2025-08-05,809.0,22.0,2.80%,,,,,,,,,ShowDailyK_ChartFlow,FinMind_API_TaiwanStockPrice_3293,True,2026-09-29T21:28:43,2026-09-29T21:28:43,2026-09-29T21:28:43
3293,鈊象,2025-08-06,794.0,-15.0,-1.85%,,,,,,,,,ShowDailyK_ChartFlow,FinMind_API_TaiwanStockPrice_3293,True,2026-09-29T21:28:43,2026-09-29T21:28:43,2026-09-29T21:28:43
3293,鈊象,2025-08-07,788.0,-6.0,-0.76%,,,,,,,,,ShowDailyK_ChartFlow,FinMind_API_TaiwanStockPrice_3293,True,2026-09-29T21:28:43,2026-09-29T21:28:43,2026-09-29T21:28:43
3293,鈊象,2025-08-08,788.0,0.0,0.00%,,,,,,,,,ShowDailyK_ChartFlow,FinMind_API_TaiwanStockPrice_3293,True,2026-09-29T21:28:43,2026-09-29T21:28:43,2026-09-29T21:28:43
3293,鈊象,2025-08-11,780.0,-8.0,-1.02%,,,,,,,,,ShowDailyK_ChartFlow,FinMind_API_TaiwanStockPrice_3293,True,2026-09-29T21:28:43,2026-09-29T21:28:43,2026-09-29T21:28:43
3293,鈊象,2025-08-12,773.0,-7.0,-0.90%,,,,,,,,,ShowDailyK_ChartFlow,FinMind_API_TaiwanStockPrice_3293,True,2026-09-29T21:28:43,2026-09-29T21:28:43,2026-09-29T21:28:43
3293,鈊象,2025-08-13,762.0,-11.0,-1.42%,,,,,,,,,ShowDailyK_ChartFlow,FinMind_API_TaiwanStockPrice_3293,True,2026-09-29T21:28:43,2026-09-29T21:28:43,2026-09-29T21:28:43
3293,鈊象,2025-08-14,778.0,16.0,2.10%,,,,,,,,,ShowDailyK_ChartFlow,FinMind_API_TaiwanStockPrice_3293,True,2026-09-29T21:28:43,2026-09-29T21:28:43,2026-09-29T21:28:43
3293,鈊象,2025-08-15,771.0,-7.0,-0.90%,,,,,,,,,ShowDailyK_ChartFlow,FinMind_API_TaiwanStockPrice_3293,True,2026-09-29T21:28:43,2026-09-29T21:28:43,2026-09-29T21:28:43
3293,鈊象,2025-08-18,801.0,30.0,3.89%,,,,,,,,,ShowDailyK_ChartFlow,FinMind_API_TaiwanStockPrice_3293,True,2026-09-29T21:28:43,2026-09-29T21:28:43,2026-09-29T21:28:43
3293,鈊象,2025-08-19,790.0,-11.0,-1.37%,,,,,,,,,ShowDailyK_ChartFlow,FinMind_API_TaiwanStockPrice_3293,True,2026-09-29T21:28:43,2026-09-29T21:28:43,2026-09-29T21:28:43
3293,鈊象,2025-08-20,777.0,-13.0,-1.65%,,,,,,,,,ShowDailyK_ChartFlow,FinMind_API_TaiwanStockPrice_3293,True,2026-09-29T21:28:43,2026-09-29T21:28:43,2026-09-29T21:28:43
3293,鈊象,2025-08-21,789.0,12.0,1.54%,,,,,,,,,ShowDailyK_ChartFlow,FinMind_API_TaiwanStockPrice_3293,True,2026-09-29T21:28:43,2026-09-29T21:28:43,2026-09-29T21:28:43
3293,鈊象,2025-08-22,776.0,-13.0,-1.65%,,,,,,,,,ShowDailyK_ChartFlow,FinMind_API_TaiwanStockPrice_3293,True,2026-09-29T21:28:43,2026-09-29T21:28:43,2026-09-29T21:28:43
3293,鈊象,2025-08-25,772.0,-4.0,-0.52%,,,,,,,,,ShowDailyK_ChartFlow,FinMind_API_TaiwanStockPrice_3293,True,2026-09-29T21:28:43,2026-09-29T21:28:43,2026-09-29T21:28:43
3293,鈊象,2025-08-26,779.0,7.0,0.91%,,,,,,,,,ShowDailyK_ChartFlow,FinMind_API_TaiwanStockPrice_3293,True,2026-09-29T21:28:43,2026-09-29T21:28:43,2026-09-29T21:28:43
3293,鈊象,2025-08-27,775.0,-4.0,-0.51%,,,,,,,,,ShowDailyK_ChartFlow,FinMind_API_TaiwanStockPrice_3293,True,2026-09-29T21:28:43,2026-09-29T21:28:43,2026-09-29T21:28:43
3293,鈊象,2025-08-28,772.0,-3.0,-0.39%,,,,,,,,,ShowDailyK_ChartFlow,FinMind_API_TaiwanStockPrice_3293,True,2026-09-29T21:28:43,2026-09-29T21:28:43,2026-09-29T21:28:43
3293,鈊象,2025-08-29,765.0,-7.0,-0.91%,,,,,,,,,ShowDailyK_ChartFlow,FinMind_API_TaiwanStockPrice_3293,True,2026-09-29T21:28:43,2026-09-29T21:28:43,2026-09-29T21:28:43
3293,鈊象,2025-09-01,772.0,7.0,0.92%,,,,,,,,,ShowDailyK_ChartFlow,FinMind_API_TaiwanStockPrice_3293,True,2026-09-29T21:28:43,2026-09-29T21:28:43,2026-09-29T21:28:43
3293,鈊象,2025-09-02,773.0,1.0,0.13%,,,,,,,,,ShowDailyK_ChartFlow,FinMind_API_TaiwanStockPrice_3293,True,2026-09-29T21:28:43,2026-09-29T21:28:43,2026-09-29T21:28:43
3293,鈊象,2025-09-03,783.0,10.0,1.29%,,,,,,,,,ShowDailyK_ChartFlow,FinMind_API_TaiwanStockPrice_3293,True,2026-09-29T21:28:43,2026-09-29T21:28:43,2026-09-29T21:28:43
3293,鈊象,2025-09-04,793.0,10.0,1.28%,,,,,,,,,ShowDailyK_ChartFlow,FinMind_API_TaiwanStockPrice_3293,True,2026-09-29T21:28:43,2026-09-29T21:28:43,2026-09-29T21:28:43
3293,鈊象,2025-09-05,784.0,-9.0,-1.13%,,,,,,,,,ShowDailyK_ChartFlow,FinMind_API_TaiwanStockPrice_3293,True,2026-09-29T21:28:43,2026-09-29T21:28:43,2026-09-29T21:28:43
3293,鈊象,2025-09-08,788.0,4.0,0.51%,,,,,,,,,ShowDailyK_ChartFlow,FinMind_API_TaiwanStockPrice_3293,True,2026-09-29T21:28:43,2026-09-29T21:28:43,2026-09-29T21:28:43
3293,鈊象,2025-09-09,783.0,-5.0,-0.63%,,,,,,,,,ShowDailyK_ChartFlow,FinMind_API_TaiwanStockPrice_3293,True,2026-09-29T21:28:43,2026-09-29T21:28:43,2026-09-29T21:28:43
3293,鈊象,2025-09-10,790.0,7.0,0.89%,,,,,,,,,ShowDailyK_ChartFlow,FinMind_API_TaiwanStockPrice_3293,True,2026-09-29T21:28:43,2026-09-29T21:28:43,2026-09-29T21:28:43
3293,鈊象,2025-09-11,792.0,2.0,0.25%,,,,,,,,,ShowDailyK_ChartFlow,FinMind_API_TaiwanStockPrice_3293,True,2026-09-29T21:28:43,2026-09-29T21:28:43,2026-09-29T21:28:43
3293,鈊象,2025-09-12,843.0,51.0,6.44%,,,,,,,,,ShowDailyK_ChartFlow,FinMind_API_TaiwanStockPrice_3293,True,2026-09-29T21:28:43,2026-09-29T21:28:43,2026-09-29T21:28:43
3293,鈊象,2025-09-15,828.0,-15.0,-1.78%,,,,,,,,,ShowDailyK_ChartFlow,FinMind_API_TaiwanStockPrice_3293,True,2026-09-29T21:28:43,2026-09-29T21:28:43,2026-09-29T21:28:43
3293,鈊象,2025-09-16,827.0,-1.0,-0.12%,,,,,,,,,ShowDailyK_ChartFlow,FinMind_API_TaiwanStockPrice_3293,True,2026-09-29T21:28:43,2026-09-29T21:28:43,2026-09-29T21:28:43
3293,鈊象,2025-09-17,801.0,-26.0,-3.14%,,,,,,,,,ShowDailyK_ChartFlow,FinMind_API_TaiwanStockPrice_3293,True,2026-09-29T21:28:43,2026-09-29T21:28:43,2026-09-29T21:28:43
3293,鈊象,2025-09-18,805.0,4.0,0.50%,,,,,,,,,ShowDailyK_ChartFlow,FinMind_API_TaiwanStockPrice_3293,True,2026-09-29T21:28:43,2026-09-29T21:28:43,2026-09-29T21:28:43
3293,鈊象,2025-09-19,814.0,9.0,1.12%,,,,,,,,,ShowDailyK_ChartFlow,FinMind_API_TaiwanStockPrice_3293,True,2026-09-29T21:28:43,2026-09-29T21:28:43,2026-09-29T21:28:43
3293,鈊象,2025-09-22,807.0,-7.0,-0.86%,,,,,,,,,ShowDailyK_ChartFlow,FinMind_API_TaiwanStockPrice_3293,True,2026-09-29T21:28:43,2026-09-29T21:28:43,2026-09-29T21:28:43
3293,鈊象,2025-09-23,811.0,4.0,0.50%,,,,,,,,,ShowDailyK_ChartFlow,FinMind_API_TaiwanStockPrice_3293,True,2026-09-29T21:28:43,2026-09-29T21:28:43,2026-09-29T21:28:43
3293,鈊象,2025-09-24,810.0,-1.0,-0.12%,,,,,,,,,ShowDailyK_ChartFlow,FinMind_API_TaiwanStockPrice_3293,True,2026-09-29T21:28:43,2026-09-29T21:28:43,2026-09-29T21:28:43
3293,鈊象,2025-09-25,802.0,-8.0,-0.99%,,,,,,,,,ShowDailyK_ChartFlow,FinMind_API_TaiwanStockPrice_3293,True,2026-09-29T21:28:43,2026-09-29T21:28:43,2026-09-29T21:28:43
3293,鈊象,2025-09-26,796.0,-6.0,-0.75%,,,,,,,,,ShowDailyK_ChartFlow,FinMind_API_TaiwanStockPrice_3293,True,2026-09-29T21:28:43,2026-09-29T21:28:43,2026-09-29T21:28:43
3293,鈊象,2025-09-30,787.0,-9.0,-1.13%,,,,,,,,,ShowDailyK_ChartFlow,FinMind_API_TaiwanStockPrice_3293,True,2026-09-29T21:28:43,2026-09-29T21:28:43,2026-09-29T21:28:43
3293,鈊象,2025-10-01,807.0,20.0,2.54%,,,,,,,,,ShowDailyK_ChartFlow,FinMind_API_TaiwanStockPrice_3293,True,2026-09-29T21:28:43,2026-09-29T21:28:43,2026-09-29T21:28:43
3293,鈊象,2025-10-02,800.0,-7.0,-0.87%,,,,,,,,,ShowDailyK_ChartFlow,FinMind_API_TaiwanStockPrice_3293,True,2026-09-29T21:28:43,2026-09-29T21:28:43,2026-09-29T21:28:43
3293,鈊象,2025-10-03,800.0,0.0,0.00%,,,,,,,,,ShowDailyK_ChartFlow,FinMind_API_TaiwanStockPrice_3293,True,2026-09-29T21:28:43,2026-09-29T21:28:43,2026-09-29T21:28:43
3293,鈊象,2025-10-07,804.0,4.0,0.50%,,,,,,,,,ShowDailyK_ChartFlow,FinMind_API_TaiwanStockPrice_3293,True,2026-09-29T21:28:43,2026-09-29T21:28:43,2026-09-29T21:28:43
3293,鈊象,2025-10-08,795.0,-9.0,-1.12%,,,,,,,,,ShowDailyK_ChartFlow,FinMind_API_TaiwanStockPrice_3293,True,2026-09-29T21:28:43,2026-09-29T21:28:43,2026-09-29T21:28:43
3293,鈊象,2025-10-09,787.0,-8.0,-1.01%,,,,,,,,,ShowDailyK_ChartFlow,FinMind_API_TaiwanStockPrice_3293,True,2026-09-29T21:28:43,2026-09-29T21:28:43,2026-09-29T21:28:43
3293,鈊象,2025-10-13,773.0,-14.0,-1.78%,,,,,,,,,ShowDailyK_ChartFlow,FinMind_API_TaiwanStockPrice_3293,True,2026-09-29T21:28:43,2026-09-29T21:28:43,2026-09-29T21:28:43
3293,鈊象,2025-10-14,760.0,-13.0,-1.68%,,,,,,,,,ShowDailyK_ChartFlow,FinMind_API_TaiwanStockPrice_3293,True,2026-09-29T21:28:43,2026-09-29T21:28:43,2026-09-29T21:28:43
3293,鈊象,2025-10-15,756.0,-4.0,-0.53%,,,,,,,,,ShowDailyK_ChartFlow,FinMind_API_TaiwanStockPrice_3293,True,2026-09-29T21:28:43,2026-09-29T21:28:43,2026-09-29T21:28:43
3293,鈊象,2025-10-16,767.0,11.0,1.46%,,,,,,,,,ShowDailyK_ChartFlow,FinMind_API_TaiwanStockPrice_3293,True,2026-09-29T21:28:43,2026-09-29T21:28:43,2026-09-29T21:28:43
3293,鈊象,2025-10-17,759.0,-8.0,-1.04%,,,,,,,,,ShowDailyK_ChartFlow,FinMind_API_TaiwanStockPrice_3293,True,2026-09-29T21:28:43,2026-09-29T21:28:43,2026-09-29T21:28:43
3293,鈊象,2025-10-20,758.0,-1.0,-0.13%,,,,,,,,,ShowDailyK_ChartFlow,FinMind_API_TaiwanStockPrice_3293,True,2026-09-29T21:28:43,2026-09-29T21:28:43,2026-09-29T21:28:43
3293,鈊象,2025-10-21,762.0,4.0,0.53%,,,,,,,,,ShowDailyK_ChartFlow,FinMind_API_TaiwanStockPrice_3293,True,2026-09-29T21:28:43,2026-09-29T21:28:43,2026-09-29T21:28:43
3293,鈊象,2025-10-22,766.0,4.0,0.52%,,,,,,,,,ShowDailyK_ChartFlow,FinMind_API_TaiwanStockPrice_3293,True,2026-09-29T21:28:43,2026-09-29T21:28:43,2026-09-29T21:28:43
3293,鈊象,2025-10-23,756.0,-10.0,-1.31%,,,,,,,,,ShowDailyK_ChartFlow,FinMind_API_TaiwanStockPrice_3293,True,2026-09-29T21:28:43,2026-09-29T21:28:43,2026-09-29T21:28:43
3293,鈊象,2025-10-27,745.0,-11.0,-1.46%,,,,,,,,,ShowDailyK_ChartFlow,FinMind_API_TaiwanStockPrice_3293,True,2026-09-29T21:28:43,2026-09-29T21:28:43,2026-09-29T21:28:43
3293,鈊象,2025-10-28,730.0,-15.0,-2.01%,,,,,,,,,ShowDailyK_ChartFlow,FinMind_API_TaiwanStockPrice_3293,True,2026-09-29T21:28:43,2026-09-29T21:28:43,2026-09-29T21:28:43
3293,鈊象,2025-10-29,728.0,-2.0,-0.27%,,,,,,,,,ShowDailyK_ChartFlow,FinMind_API_TaiwanStockPrice_3293,True,2026-09-29T21:28:43,2026-09-29T21:28:43,2026-09-29T21:28:43
3293,鈊象,2025-10-30,725.0,-3.0,-0.41%,,,,,,,,,ShowDailyK_ChartFlow,FinMind_API_TaiwanStockPrice_3293,True,2026-09-29T21:28:43,2026-09-29T21:28:43,2026-09-29T21:28:43
3293,鈊象,2025-10-31,720.0,-5.0,-0.69%,,,,,,,,,ShowDailyK_ChartFlow,FinMind_API_TaiwanStockPrice_3293,True,2026-09-29T21:28:43,2026-09-29T21:28:43,2026-09-29T21:28:43
3293,鈊象,2025-11-03,738.0,18.0,2.50%,,,,,,,,,ShowDailyK_ChartFlow,FinMind_API_TaiwanStockPrice_3293,True,2026-09-29T21:28:43,2026-09-29T21:28:43,2026-09-29T21:28:43
3293,鈊象,2025-11-04,728.0,-10.0,-1.36%,,,,,,,,,ShowDailyK_ChartFlow,FinMind_API_TaiwanStockPrice_3293,True,2026-09-29T21:28:43,2026-09-29T21:28:43,2026-09-29T21:28:43
3293,鈊象,2025-11-05,722.0,-6.0,-0.82%,,,,,,,,,ShowDailyK_ChartFlow,FinMind_API_TaiwanStockPrice_3293,True,2026-09-29T21:28:43,2026-09-29T21:28:43,2026-09-29T21:28:43
3293,鈊象,2025-11-06,734.0,12.0,1.66%,,,,,,,,,ShowDailyK_ChartFlow,FinMind_API_TaiwanStockPrice_3293,True,2026-09-29T21:28:43,2026-09-29T21:28:43,2026-09-29T21:28:43
3293,鈊象,2025-11-07,726.0,-8.0,-1.09%,,,,,,,,,ShowDailyK_ChartFlow,FinMind_API_TaiwanStockPrice_3293,True,2026-09-29T21:28:43,2026-09-29T21:28:43,2026-09-29T21:28:43
3293,鈊象,2025-11-10,720.0,-6.0,-0.83%,,,,,,,,,ShowDailyK_ChartFlow,FinMind_API_TaiwanStockPrice_3293,True,2026-09-29T21:28:43,2026-09-29T21:28:43,2026-09-29T21:28:43
3293,鈊象,2025-11-11,733.0,13.0,1.81%,,,,,,,,,ShowDailyK_ChartFlow,FinMind_API_TaiwanStockPrice_3293,True,2026-09-29T21:28:43,2026-09-29T21:28:43,2026-09-29T21:28:43
3293,鈊象,2025-11-12,744.0,11.0,1.50%,,,,,,,,,ShowDailyK_ChartFlow,FinMind_API_TaiwanStockPrice_3293,True,2026-09-29T21:28:43,2026-09-29T21:28:43,2026-09-29T21:28:43
3293,鈊象,2025-11-13,743.0,-1.0,-0.13%,,,,,,,,,ShowDailyK_ChartFlow,FinMind_API_TaiwanStockPrice_3293,True,2026-09-29T21:28:43,2026-09-29T21:28:43,2026-09-29T21:28:43
3293,鈊象,2025-11-14,743.0,0.0,0.00%,,,,,,,,,ShowDailyK_ChartFlow,FinMind_API_TaiwanStockPrice_3293,True,2026-09-29T21:28:43,2026-09-29T21:28:43,2026-09-29T21:28:43
3293,鈊象,2025-11-17,759.0,16.0,2.15%,,,,,,,,,ShowDailyK_ChartFlow,FinMind_API_TaiwanStockPrice_3293,True,2026-09-29T21:28:43,2026-09-29T21:28:43,2026-09-29T21:28:43
3293,鈊象,2025-11-18,750.0,-9.0,-1.19%,,,,,,,,,ShowDailyK_ChartFlow,FinMind_API_TaiwanStockPrice_3293,True,2026-09-29T21:28:43,2026-09-29T21:28:43,2026-09-29T21:28:43
3293,鈊象,2025-11-19,726.0,-24.0,-3.20%,,,,,,,,,ShowDailyK_ChartFlow,FinMind_API_TaiwanStockPrice_3293,True,2026-09-29T21:28:43,2026-09-29T21:28:43,2026-09-29T21:28:43
3293,鈊象,2025-11-20,750.0,24.0,3.31%,,,,,,,,,ShowDailyK_ChartFlow,FinMind_API_TaiwanStockPrice_3293,True,2026-09-29T21:28:43,2026-09-29T21:28:43,2026-09-29T21:28:43
3293,鈊象,2025-11-21,757.0,7.0,0.93%,,,,,,,,,ShowDailyK_ChartFlow,FinMind_API_TaiwanStockPrice_3293,True,2026-09-29T21:28:43,2026-09-29T21:28:43,2026-09-29T21:28:43
3293,鈊象,2025-11-24,774.0,17.0,2.25%,,,,,,,,,ShowDailyK_ChartFlow,FinMind_API_TaiwanStockPrice_3293,True,2026-09-29T21:28:43,2026-09-29T21:28:43,2026-09-29T21:28:43
3293,鈊象,2025-11-25,769.0,-5.0,-0.65%,,,,,,,,,ShowDailyK_ChartFlow,FinMind_API_TaiwanStockPrice_3293,True,2026-09-29T21:28:43,2026-09-29T21:28:43,2026-09-29T21:28:43
3293,鈊象,2025-11-26,750.0,-19.0,-2.47%,,,,,,,,,ShowDailyK_ChartFlow,FinMind_API_TaiwanStockPrice_3293,True,2026-09-29T21:28:43,2026-09-29T21:28:43,2026-09-29T21:28:43
3293,鈊象,2025-11-27,751.0,1.0,0.13%,,,,,,,,,ShowDailyK_ChartFlow,FinMind_API_TaiwanStockPrice_3293,True,2026-09-29T21:28:43,2026-09-29T21:28:43,2026-09-29T21:28:43
3293,鈊象,2025-11-28,743.0,-8.0,-1.07%,,,,,,,,,ShowDailyK_ChartFlow,FinMind_API_TaiwanStockPrice_3293,True,2026-09-29T21:28:43,2026-09-29T21:28:43,2026-09-29T21:28:43
3293,鈊象,2025-12-01,739.0,-4.0,-0.54%,,,,,,,,,ShowDailyK_ChartFlow,FinMind_API_TaiwanStockPrice_3293,True,2026-09-29T21:28:43,2026-09-29T21:28:43,2026-09-29T21:28:43
3293,鈊象,2025-12-02,739.0,0.0,0.00%,,,,,,,,,ShowDailyK_ChartFlow,FinMind_API_TaiwanStockPrice_3293,True,2026-09-29T21:28:43,2026-09-29T21:28:43,2026-09-29T21:28:43
3293,鈊象,2025-12-03,741.0,2.0,0.27%,,,,,,,,,ShowDailyK_ChartFlow,FinMind_API_TaiwanStockPrice_3293,True,2026-09-29T21:28:43,2026-09-29T21:28:43,2026-09-29T21:28:43
3293,鈊象,2025-12-04,726.0,-15.0,-2.02%,,,,,,,,,ShowDailyK_ChartFlow,FinMind_API_TaiwanStockPrice_3293,True,2026-09-29T21:28:43,2026-09-29T21:28:43,2026-09-29T21:28:43
3293,鈊象,2025-12-05,725.0,-1.0,-0.14%,,,,,,,,,ShowDailyK_ChartFlow,FinMind_API_TaiwanStockPrice_3293,True,2026-09-29T21:28:43,2026-09-29T21:28:43,2026-09-29T21:28:43
3293,鈊象,2025-12-08,719.0,-6.0,-0.83%,,,,,,,,,ShowDailyK_ChartFlow,FinMind_API_TaiwanStockPrice_3293,True,2026-09-29T21:28:43,2026-09-29T21:28:43,2026-09-29T21:28:43
3293,鈊象,2025-12-09,716.0,-3.0,-0.42%,,,,,,,,,ShowDailyK_ChartFlow,FinMind_API_TaiwanStockPrice_3293,True,2026-09-29T21:28:43,2026-09-29T21:28:43,2026-09-29T21:28:43
3293,鈊象,2025-12-10,727.0,11.0,1.54%,,,,,,,,,ShowDailyK_ChartFlow,FinMind_API_TaiwanStockPrice_3293,True,2026-09-29T21:28:43,2026-09-29T21:28:43,2026-09-29T21:28:43
3293,鈊象,2025-12-11,719.0,-8.0,-1.10%,,,,,,,,,ShowDailyK_ChartFlow,FinMind_API_TaiwanStockPrice_3293,True,2026-09-29T21:28:43,2026-09-29T21:28:43,2026-09-29T21:28:43
3293,鈊象,2025-12-12,717.0,-2.0,-0.28%,,,,,,,,,ShowDailyK_ChartFlow,FinMind_API_TaiwanStockPrice_3293,True,2026-09-29T21:28:43,2026-09-29T21:28:43,2026-09-29T21:28:43
3293,鈊象,2025-12-15,716.0,-1.0,-0.14%,,,,,,,,,ShowDailyK_ChartFlow,FinMind_API_TaiwanStockPrice_3293,True,2026-09-29T21:28:43,2026-09-29T21:28:43,2026-09-29T21:28:43
3293,鈊象,2025-12-16,705.0,-11.0,-1.54%,,,,,,,,,ShowDailyK_ChartFlow,FinMind_API_TaiwanStockPrice_3293,True,2026-09-29T21:28:43,2026-09-29T21:28:43,2026-09-29T21:28:43
3293,鈊象,2025-12-17,700.0,-5.0,-0.71%,,,,,,,,,ShowDailyK_ChartFlow,FinMind_API_TaiwanStockPrice_3293,True,2026-09-29T21:28:43,2026-09-29T21:28:43,2026-09-29T21:28:43
3293,鈊象,2025-12-18,703.0,3.0,0.43%,,,,,,,,,ShowDailyK_ChartFlow,FinMind_API_TaiwanStockPrice_3293,True,2026-09-29T21:28:43,2026-09-29T21:28:43,2026-09-29T21:28:43
3293,鈊象,2025-12-19,708.0,5.0,0.71%,,,,,,,,,ShowDailyK_ChartFlow,FinMind_API_TaiwanStockPrice_3293,True,2026-09-29T21:28:43,2026-09-29T21:28:43,2026-09-29T21:28:43
3293,鈊象,2025-12-22,706.0,-2.0,-0.28%,,,,,,,,,ShowDailyK_ChartFlow,FinMind_API_TaiwanStockPrice_3293,True,2026-09-29T21:28:43,2026-09-29T21:28:43,2026-09-29T21:28:43
3293,鈊象,2025-12-23,710.0,4.0,0.57%,,,,,,,,,ShowDailyK_ChartFlow,FinMind_API_TaiwanStockPrice_3293,True,2026-09-29T21:28:43,2026-09-29T21:28:43,2026-09-29T21:28:43
3293,鈊象,2025-12-24,711.0,1.0,0.14%,,,,,,,,,ShowDailyK_ChartFlow,FinMind_API_TaiwanStockPrice_3293,True,2026-09-29T21:28:43,2026-09-29T21:28:43,2026-09-29T21:28:43
3293,鈊象,2025-12-26,709.0,-2.0,-0.28%,,,,,,,,,ShowDailyK_ChartFlow,FinMind_API_TaiwanStockPrice_3293,True,2026-09-29T21:28:43,2026-09-29T21:28:43,2026-09-29T21:28:43
3293,鈊象,2025-12-29,727.0,18.0,2.54%,,,,,,,,,ShowDailyK_ChartFlow,FinMind_API_TaiwanStockPrice_3293,True,2026-09-29T21:28:43,2026-09-29T21:28:43,2026-09-29T21:28:43
3293,鈊象,2025-12-30,722.0,-5.0,-0.69%,,,,,,,,,ShowDailyK_ChartFlow,FinMind_API_TaiwanStockPrice_3293,True,2026-09-29T21:28:43,2026-09-29T21:28:43,2026-09-29T21:28:43
3293,鈊象,2025-12-31,721.0,-1.0,-0.14%,,,,,,,,,ShowDailyK_ChartFlow,FinMind_API_TaiwanStockPrice_3293,True,2026-09-29T21:28:43,2026-09-29T21:28:43,2026-09-29T21:28:43
3293,鈊象,2026-01-02,730.0,9.0,1.25%,,,,,,,,,ShowDailyK_ChartFlow,FinMind_API_TaiwanStockPrice_3293,True,2026-09-29T21:28:43,2026-09-29T21:28:43,2026-09-29T21:28:43
3293,鈊象,2026-01-05,717.0,-13.0,-1.78%,,,,,,,,,ShowDailyK_ChartFlow,FinMind_API_TaiwanStockPrice_3293,True,2026-09-29T21:28:43,2026-09-29T21:28:43,2026-09-29T21:28:43
3293,鈊象,2026-01-06,715.0,-2.0,-0.28%,,,,,,,,,ShowDailyK_ChartFlow,FinMind_API_TaiwanStockPrice_3293,True,2026-09-29T21:28:43,2026-09-29T21:28:43,2026-09-29T21:28:43
3293,鈊象,2026-01-07,724.0,9.0,1.26%,,,,,,,,,ShowDailyK_ChartFlow,FinMind_API_TaiwanStockPrice_3293,True,2026-09-29T21:28:43,2026-09-29T21:28:43,2026-09-29T21:28:43
3293,鈊象,2026-01-08,730.0,6.0,0.83%,,,,,,,,,ShowDailyK_ChartFlow,FinMind_API_TaiwanStockPrice_3293,True,2026-09-29T21:28:43,2026-09-29T21:28:43,2026-09-29T21:28:43
3293,鈊象,2026-01-09,731.0,1.0,0.14%,,,,,,,,,ShowDailyK_ChartFlow,FinMind_API_TaiwanStockPrice_3293,True,2026-09-29T21:28:43,2026-09-29T21:28:43,2026-09-29T21:28:43
3293,鈊象,2026-01-12,741.0,10.0,1.37%,,,,,,,,,ShowDailyK_ChartFlow,FinMind_API_TaiwanStockPrice_3293,True,2026-09-29T21:28:43,2026-09-29T21:28:43,2026-09-29T21:28:43
3293,鈊象,2026-01-13,736.0,-5.0,-0.67%,,,,,,,,,ShowDailyK_ChartFlow,FinMind_API_TaiwanStockPrice_3293,True,2026-09-29T21:28:43,2026-09-29T21:28:43,2026-09-29T21:28:43
3293,鈊象,2026-01-14,758.0,22.0,2.99%,,,,,,,,,ShowDailyK_ChartFlow,FinMind_API_TaiwanStockPrice_3293,True,2026-09-29T21:28:43,2026-09-29T21:28:43,2026-09-29T21:28:43
3293,鈊象,2026-01-15,755.0,-3.0,-0.40%,,,,,,,,,ShowDailyK_ChartFlow,FinMind_API_TaiwanStockPrice_3293,True,2026-09-29T21:28:43,2026-09-29T21:28:43,2026-09-29T21:28:43
3293,鈊象,2026-01-16,749.0,-6.0,-0.79%,,,,,,,,,ShowDailyK_ChartFlow,FinMind_API_TaiwanStockPrice_3293,True,2026-09-29T21:28:43,2026-09-29T21:28:43,2026-09-29T21:28:43
3293,鈊象,2026-01-19,744.0,-5.0,-0.67%,,,,,,,,,ShowDailyK_ChartFlow,FinMind_API_TaiwanStockPrice_3293,True,2026-09-29T21:28:43,2026-09-29T21:28:43,2026-09-29T21:28:43
3293,鈊象,2026-01-20,734.0,-10.0,-1.34%,,,,,,,,,ShowDailyK_ChartFlow,FinMind_API_TaiwanStockPrice_3293,True,2026-09-29T21:28:43,2026-09-29T21:28:43,2026-09-29T21:28:43
3293,鈊象,2026-01-21,715.0,-19.0,-2.59%,,,,,,,,,ShowDailyK_ChartFlow,FinMind_API_TaiwanStockPrice_3293,True,2026-09-29T21:28:43,2026-09-29T21:28:43,2026-09-29T21:28:43
3293,鈊象,2026-01-22,726.0,11.0,1.54%,,,,,,,,,ShowDailyK_ChartFlow,FinMind_API_TaiwanStockPrice_3293,True,2026-09-29T21:28:43,2026-09-29T21:28:43,2026-09-29T21:28:43
3293,鈊象,2026-01-23,738.0,12.0,1.65%,,,,,,,,,ShowDailyK_ChartFlow,FinMind_API_TaiwanStockPrice_3293,True,2026-09-29T21:28:43,2026-09-29T21:28:43,2026-09-29T21:28:43
3293,鈊象,2026-01-26,749.0,11.0,1.49%,,,,,,,,,ShowDailyK_ChartFlow,FinMind_API_TaiwanStockPrice_3293,True,2026-09-29T21:28:43,2026-09-29T21:28:43,2026-09-29T21:28:43
3293,鈊象,2026-01-27,739.0,-10.0,-1.34%,,,,,,,,,ShowDailyK_ChartFlow,FinMind_API_TaiwanStockPrice_3293,True,2026-09-29T21:28:43,2026-09-29T21:28:43,2026-09-29T21:28:43
3293,鈊象,2026-01-28,741.0,2.0,0.27%,,,,,,,,,ShowDailyK_ChartFlow,FinMind_API_TaiwanStockPrice_3293,True,2026-09-29T21:28:43,2026-09-29T21:28:43,2026-09-29T21:28:43
3293,鈊象,2026-01-29,728.0,-13.0,-1.75%,,,,,,,,,ShowDailyK_ChartFlow,FinMind_API_TaiwanStockPrice_3293,True,2026-09-29T21:28:43,2026-09-29T21:28:43,2026-09-29T21:28:43
3293,鈊象,2026-01-30,716.0,-12.0,-1.65%,,,,,,,,,ShowDailyK_ChartFlow,FinMind_API_TaiwanStockPrice_3293,True,2026-09-29T21:28:43,2026-09-29T21:28:43,2026-09-29T21:28:43
3293,鈊象,2026-02-02,703.0,-13.0,-1.82%,,,,,,,,,ShowDailyK_ChartFlow,FinMind_API_TaiwanStockPrice_3293,True,2026-09-29T21:28:43,2026-09-29T21:28:43,2026-09-29T21:28:43
3293,鈊象,2026-02-03,703.0,0.0,0.00%,,,,,,,,,ShowDailyK_ChartFlow,FinMind_API_TaiwanStockPrice_3293,True,2026-09-29T21:28:43,2026-09-29T21:28:43,2026-09-29T21:28:43
3293,鈊象,2026-02-04,691.0,-12.0,-1.71%,,,,,,,,,ShowDailyK_ChartFlow,FinMind_API_TaiwanStockPrice_3293,True,2026-09-29T21:28:43,2026-09-29T21:28:43,2026-09-29T21:28:43
3293,鈊象,2026-02-05,682.0,-9.0,-1.30%,,,,,,,,,ShowDailyK_ChartFlow,FinMind_API_TaiwanStockPrice_3293,True,2026-09-29T21:28:43,2026-09-29T21:28:43,2026-09-29T21:28:43
3293,鈊象,2026-02-06,681.0,-1.0,-0.15%,,,,,,,,,ShowDailyK_ChartFlow,FinMind_API_TaiwanStockPrice_3293,True,2026-09-29T21:28:43,2026-09-29T21:28:43,2026-09-29T21:28:43
3293,鈊象,2026-02-09,675.0,-6.0,-0.88%,,,,,,,,,ShowDailyK_ChartFlow,FinMind_API_TaiwanStockPrice_3293,True,2026-09-29T21:28:43,2026-09-29T21:28:43,2026-09-29T21:28:43
3293,鈊象,2026-02-10,685.0,10.0,1.48%,,,,,,,,,ShowDailyK_ChartFlow,FinMind_API_TaiwanStockPrice_3293,True,2026-09-29T21:28:43,2026-09-29T21:28:43,2026-09-29T21:28:43
3293,鈊象,2026-02-11,682.0,-3.0,-0.44%,,,,,,,,,ShowDailyK_ChartFlow,FinMind_API_TaiwanStockPrice_3293,True,2026-09-29T21:28:43,2026-09-29T21:28:43,2026-09-29T21:28:43
3293,鈊象,2026-02-23,681.0,-1.0,-0.15%,,,,,,,,,ShowDailyK_ChartFlow,FinMind_API_TaiwanStockPrice_3293,True,2026-09-29T21:28:43,2026-09-29T21:28:43,2026-09-29T21:28:43
3293,鈊象,2026-02-24,695.0,14.0,2.06%,,,,,,,,,ShowDailyK_ChartFlow,FinMind_API_TaiwanStockPrice_3293,True,2026-09-29T21:28:43,2026-09-29T21:28:43,2026-09-29T21:28:43
3293,鈊象,2026-02-25,707.0,12.0,1.73%,,,,,,,,,ShowDailyK_ChartFlow,FinMind_API_TaiwanStockPrice_3293,True,2026-09-29T21:28:43,2026-09-29T21:28:43,2026-09-29T21:28:43
3293,鈊象,2026-02-26,695.0,-12.0,-1.70%,,,,,,,,,ShowDailyK_ChartFlow,FinMind_API_TaiwanStockPrice_3293,True,2026-09-29T21:28:43,2026-09-29T21:28:43,2026-09-29T21:28:43
3293,鈊象,2026-03-02,695.0,0.0,0.00%,,,,,,,,,ShowDailyK_ChartFlow,FinMind_API_TaiwanStockPrice_3293,True,2026-09-29T21:28:43,2026-09-29T21:28:43,2026-09-29T21:28:43
3293,鈊象,2026-03-03,698.0,3.0,0.43%,,,,,,,,,ShowDailyK_ChartFlow,FinMind_API_TaiwanStockPrice_3293,True,2026-09-29T21:28:43,2026-09-29T21:28:43,2026-09-29T21:28:43
3293,鈊象,2026-03-04,670.0,-28.0,-4.01%,,,,,,,,,ShowDailyK_ChartFlow,FinMind_API_TaiwanStockPrice_3293,True,2026-09-29T21:28:43,2026-09-29T21:28:43,2026-09-29T21:28:43
3293,鈊象,2026-03-05,675.0,5.0,0.75%,,,,,,,,,ShowDailyK_ChartFlow,FinMind_API_TaiwanStockPrice_3293,True,2026-09-29T21:28:43,2026-09-29T21:28:43,2026-09-29T21:28:43
3293,鈊象,2026-03-06,716.0,41.0,6.07%,,,,,,,,,ShowDailyK_ChartFlow,FinMind_API_TaiwanStockPrice_3293,True,2026-09-29T21:28:43,2026-09-29T21:28:43,2026-09-29T21:28:43
3293,鈊象,2026-03-09,702.0,-14.0,-1.96%,,,,,,,,,ShowDailyK_ChartFlow,FinMind_API_TaiwanStockPrice_3293,True,2026-09-29T21:28:43,2026-09-29T21:28:43,2026-09-29T21:28:43
3293,鈊象,2026-03-10,701.0,-1.0,-0.14%,,,,,,,,,ShowDailyK_ChartFlow,FinMind_API_TaiwanStockPrice_3293,True,2026-09-29T21:28:43,2026-09-29T21:28:43,2026-09-29T21:28:43
3293,鈊象,2026-03-11,721.0,20.0,2.85%,,,,,,,,,ShowDailyK_ChartFlow,FinMind_API_TaiwanStockPrice_3293,True,2026-09-29T21:28:43,2026-09-29T21:28:43,2026-09-29T21:28:43
3293,鈊象,2026-03-12,727.0,6.0,0.83%,,,,,,,,,ShowDailyK_ChartFlow,FinMind_API_TaiwanStockPrice_3293,True,2026-09-29T21:28:43,2026-09-29T21:28:43,2026-09-29T21:28:43
3293,鈊象,2026-03-13,722.0,-5.0,-0.69%,,,,,,,,,ShowDailyK_ChartFlow,FinMind_API_TaiwanStockPrice_3293,True,2026-09-29T21:28:43,2026-09-29T21:28:43,2026-09-29T21:28:43
3293,鈊象,2026-03-16,719.0,-3.0,-0.42%,,,,,,,,,ShowDailyK_ChartFlow,FinMind_API_TaiwanStockPrice_3293,True,2026-09-29T21:28:43,2026-09-29T21:28:43,2026-09-29T21:28:43
3293,鈊象,2026-03-17,728.0,9.0,1.25%,,,,,,,,,ShowDailyK_ChartFlow,FinMind_API_TaiwanStockPrice_3293,True,2026-09-29T21:28:43,2026-09-29T21:28:43,2026-09-29T21:28:43
3293,鈊象,2026-03-18,745.0,17.0,2.34%,,,,,,,,,ShowDailyK_ChartFlow,FinMind_API_TaiwanStockPrice_3293,True,2026-09-29T21:28:43,2026-09-29T21:28:43,2026-09-29T21:28:43
3293,鈊象,2026-03-19,743.0,-2.0,-0.27%,,,,,,,,,ShowDailyK_ChartFlow,FinMind_API_TaiwanStockPrice_3293,True,2026-09-29T21:28:43,2026-09-29T21:28:43,2026-09-29T21:28:43
3293,鈊象,2026-03-20,744.0,1.0,0.13%,,,,,,,,,ShowDailyK_ChartFlow,FinMind_API_TaiwanStockPrice_3293,True,2026-09-29T21:28:43,2026-09-29T21:28:43,2026-09-29T21:28:43
3293,鈊象,2026-03-23,726.0,-18.0,-2.42%,,,,,,,,,ShowDailyK_ChartFlow,FinMind_API_TaiwanStockPrice_3293,True,2026-09-29T21:28:43,2026-09-29T21:28:43,2026-09-29T21:28:43
3293,鈊象,2026-03-24,735.0,9.0,1.24%,,,,,,,,,ShowDailyK_ChartFlow,FinMind_API_TaiwanStockPrice_3293,True,2026-09-29T21:28:43,2026-09-29T21:28:43,2026-09-29T21:28:43
3293,鈊象,2026-03-25,749.0,14.0,1.90%,,,,,,,,,ShowDailyK_ChartFlow,FinMind_API_TaiwanStockPrice_3293,True,2026-09-29T21:28:43,2026-09-29T21:28:43,2026-09-29T21:28:43
3293,鈊象,2026-03-26,784.0,35.0,4.67%,,,,,,,,,ShowDailyK_ChartFlow,FinMind_API_TaiwanStockPrice_3293,True,2026-09-29T21:28:43,2026-09-29T21:28:43,2026-09-29T21:28:43
3293,鈊象,2026-03-27,796.0,12.0,1.53%,,,,,,,,,ShowDailyK_ChartFlow,FinMind_API_TaiwanStockPrice_3293,True,2026-09-29T21:28:43,2026-09-29T21:28:43,2026-09-29T21:28:43
3293,鈊象,2026-03-30,751.0,-45.0,-5.65%,,,,,,,,,ShowDailyK_ChartFlow,FinMind_API_TaiwanStockPrice_3293,True,2026-09-29T21:28:43,2026-09-29T21:28:43,2026-09-29T21:28:43
3293,鈊象,2026-03-31,753.0,2.0,0.27%,,,,,,,,,ShowDailyK_ChartFlow,FinMind_API_TaiwanStockPrice_3293,True,2026-09-29T21:28:43,2026-09-29T21:28:43,2026-09-29T21:28:43
3293,鈊象,2026-04-01,767.0,14.0,1.86%,,,,,,,,,ShowDailyK_ChartFlow,FinMind_API_TaiwanStockPrice_3293,True,2026-09-29T21:28:43,2026-09-29T21:28:43,2026-09-29T21:28:43
3293,鈊象,2026-04-02,755.0,-12.0,-1.56%,,,,,,,,,ShowDailyK_ChartFlow,FinMind_API_TaiwanStockPrice_3293,True,2026-09-29T21:28:43,2026-09-29T21:28:43,2026-09-29T21:28:43
3293,鈊象,2026-04-07,775.0,20.0,2.65%,,,,,,,,,ShowDailyK_ChartFlow,FinMind_API_TaiwanStockPrice_3293,True,2026-09-29T21:28:43,2026-09-29T21:28:43,2026-09-29T21:28:43
3293,鈊象,2026-04-08,772.0,-3.0,-0.39%,,,,,,,,,ShowDailyK_ChartFlow,FinMind_API_TaiwanStockPrice_3293,True,2026-09-29T21:28:43,2026-09-29T21:28:43,2026-09-29T21:28:43
3293,鈊象,2026-04-09,764.0,-8.0,-1.04%,,,,,,,,,ShowDailyK_ChartFlow,FinMind_API_TaiwanStockPrice_3293,True,2026-09-29T21:28:43,2026-09-29T21:28:43,2026-09-29T21:28:43
3293,鈊象,2026-04-10,769.0,5.0,0.65%,,,,,,,,,ShowDailyK_ChartFlow,FinMind_API_TaiwanStockPrice_3293,True,2026-09-29T21:28:43,2026-09-29T21:28:43,2026-09-29T21:28:43
3293,鈊象,2026-04-13,766.0,-3.0,-0.39%,,,,,,,,,ShowDailyK_ChartFlow,FinMind_API_TaiwanStockPrice_3293,True,2026-09-29T21:28:43,2026-09-29T21:28:43,2026-09-29T21:28:43
3293,鈊象,2026-04-14,759.0,-7.0,-0.91%,,,,,,,,,ShowDailyK_ChartFlow,FinMind_API_TaiwanStockPrice_3293,True,2026-09-29T21:28:43,2026-09-29T21:28:43,2026-09-29T21:28:43
3293,鈊象,2026-04-15,747.0,-12.0,-1.58%,,,,,,,,,ShowDailyK_ChartFlow,FinMind_API_TaiwanStockPrice_3293,True,2026-09-29T21:28:43,2026-09-29T21:28:43,2026-09-29T21:28:43
3293,鈊象,2026-04-16,768.0,21.0,2.81%,,,,,,,,,ShowDailyK_ChartFlow,FinMind_API_TaiwanStockPrice_3293,True,2026-09-29T21:28:43,2026-09-29T21:28:43,2026-09-29T21:28:43
3293,鈊象,2026-04-17,775.0,7.0,0.91%,,,,,,,,,ShowDailyK_ChartFlow,FinMind_API_TaiwanStockPrice_3293,True,2026-09-29T21:28:43,2026-09-29T21:28:43,2026-09-29T21:28:43
3293,鈊象,2026-04-20,785.0,10.0,1.29%,,,,,,,,,ShowDailyK_ChartFlow,FinMind_API_TaiwanStockPrice_3293,True,2026-09-29T21:28:43,2026-09-29T21:28:43,2026-09-29T21:28:43
3293,鈊象,2026-04-21,779.0,-6.0,-0.76%,,,,,,,,,ShowDailyK_ChartFlow,FinMind_API_TaiwanStockPrice_3293,True,2026-09-29T21:28:43,2026-09-29T21:28:43,2026-09-29T21:28:43
3293,鈊象,2026-04-22,790.0,11.0,1.41%,,,,,,,,,ShowDailyK_ChartFlow,FinMind_API_TaiwanStockPrice_3293,True,2026-09-29T21:28:43,2026-09-29T21:28:43,2026-09-29T21:28:43
3293,鈊象,2026-04-23,761.0,-29.0,-3.67%,,,,,,,,,ShowDailyK_ChartFlow,FinMind_API_TaiwanStockPrice_3293,True,2026-09-29T21:28:43,2026-09-29T21:28:43,2026-09-29T21:28:43
3293,鈊象,2026-04-24,753.0,-8.0,-1.05%,,,,,,,,,ShowDailyK_ChartFlow,FinMind_API_TaiwanStockPrice_3293,True,2026-09-29T21:28:43,2026-09-29T21:28:43,2026-09-29T21:28:43
3293,鈊象,2026-04-27,748.0,-5.0,-0.66%,,,,,,,,,ShowDailyK_ChartFlow,FinMind_API_TaiwanStockPrice_3293,True,2026-09-29T21:28:43,2026-09-29T21:28:43,2026-09-29T21:28:43
3293,鈊象,2026-04-28,755.0,7.0,0.94%,,,,,,,,,ShowDailyK_ChartFlow,FinMind_API_TaiwanStockPrice_3293,True,2026-09-29T21:28:43,2026-09-29T21:28:43,2026-09-29T21:28:43
3293,鈊象,2026-04-29,756.0,1.0,0.13%,,,,,,,,,ShowDailyK_ChartFlow,FinMind_API_TaiwanStockPrice_3293,True,2026-09-29T21:28:43,2026-09-29T21:28:43,2026-09-29T21:28:43
3293,鈊象,2026-04-30,748.0,-8.0,-1.06%,,,,,,,,,ShowDailyK_ChartFlow,FinMind_API_TaiwanStockPrice_3293,True,2026-09-29T21:28:43,2026-09-29T21:28:43,2026-09-29T21:28:43
3293,鈊象,2026-05-04,743.0,-5.0,-0.67%,,,,,,,,,ShowDailyK_ChartFlow,FinMind_API_TaiwanStockPrice_3293,True,2026-09-29T21:28:43,2026-09-29T21:28:43,2026-09-29T21:28:43
3293,鈊象,2026-05-05,737.0,-6.0,-0.81%,,,,,,,,,ShowDailyK_ChartFlow,FinMind_API_TaiwanStockPrice_3293,True,2026-09-29T21:28:43,2026-09-29T21:28:43,2026-09-29T21:28:43
3293,鈊象,2026-05-06,731.0,-6.0,-0.81%,,,,,,,,,ShowDailyK_ChartFlow,FinMind_API_TaiwanStockPrice_3293,True,2026-09-29T21:28:43,2026-09-29T21:28:43,2026-09-29T21:28:43
3293,鈊象,2026-05-07,720.0,-11.0,-1.50%,,,,,,,,,ShowDailyK_ChartFlow,FinMind_API_TaiwanStockPrice_3293,True,2026-09-29T21:28:43,2026-09-29T21:28:43,2026-09-29T21:28:43
3293,鈊象,2026-05-08,735.0,15.0,2.08%,,,,,,,,,ShowDailyK_ChartFlow,FinMind_API_TaiwanStockPrice_3293,True,2026-09-29T21:28:43,2026-09-29T21:28:43,2026-09-29T21:28:43
3293,鈊象,2026-05-11,731.0,-4.0,-0.54%,,,,,,,,,ShowDailyK_ChartFlow,FinMind_API_TaiwanStockPrice_3293,True,2026-09-29T21:28:43,2026-09-29T21:28:43,2026-09-29T21:28:43
3293,鈊象,2026-05-12,738.0,7.0,0.96%,,,,,,,,,ShowDailyK_ChartFlow,FinMind_API_TaiwanStockPrice_3293,True,2026-09-29T21:28:43,2026-09-29T21:28:43,2026-09-29T21:28:43
3293,鈊象,2026-05-13,724.0,-14.0,-1.90%,,,,,,,,,ShowDailyK_ChartFlow,FinMind_API_TaiwanStockPrice_3293,True,2026-09-29T21:28:43,2026-09-29T21:28:43,2026-09-29T21:28:43
3293,鈊象,2026-05-14,724.0,0.0,0.00%,,,,,,,,,ShowDailyK_ChartFlow,FinMind_API_TaiwanStockPrice_3293,True,2026-09-29T21:28:43,2026-09-29T21:28:43,2026-09-29T21:28:43
3293,鈊象,2026-05-15,721.0,-3.0,-0.41%,,,,,,,,,ShowDailyK_ChartFlow,FinMind_API_TaiwanStockPrice_3293,True,2026-09-29T21:28:43,2026-09-29T21:28:43,2026-09-29T21:28:43
3293,鈊象,2026-05-18,717.0,-4.0,-0.55%,,,,,,,,,ShowDailyK_ChartFlow,FinMind_API_TaiwanStockPrice_3293,True,2026-09-29T21:28:43,2026-09-29T21:28:43,2026-09-29T21:28:43
3293,鈊象,2026-05-19,728.0,11.0,1.53%,,,,,,,,,ShowDailyK_ChartFlow,FinMind_API_TaiwanStockPrice_3293,True,2026-09-29T21:28:43,2026-09-29T21:28:43,2026-09-29T21:28:43
3293,鈊象,2026-05-20,728.0,0.0,0.00%,,,,,,,,,ShowDailyK_ChartFlow,FinMind_API_TaiwanStockPrice_3293,True,2026-09-29T21:28:43,2026-09-29T21:28:43,2026-09-29T21:28:43
3293,鈊象,2026-05-21,740.0,12.0,1.65%,,,,,,,,,ShowDailyK_ChartFlow,FinMind_API_TaiwanStockPrice_3293,True,2026-09-29T21:28:43,2026-09-29T21:28:43,2026-09-29T21:28:43
3293,鈊象,2026-05-22,748.0,8.0,1.08%,,,,,,,,,ShowDailyK_ChartFlow,FinMind_API_TaiwanStockPrice_3293,True,2026-09-29T21:28:43,2026-09-29T21:28:43,2026-09-29T21:28:43
3293,鈊象,2026-05-25,741.0,-7.0,-0.94%,,,,,,,,,ShowDailyK_ChartFlow,FinMind_API_TaiwanStockPrice_3293,True,2026-09-29T21:28:43,2026-09-29T21:28:43,2026-09-29T21:28:43
3293,鈊象,2026-05-26,735.0,-6.0,-0.81%,,,,,,,,,ShowDailyK_ChartFlow,FinMind_API_TaiwanStockPrice_3293,True,2026-09-29T21:28:43,2026-09-29T21:28:43,2026-09-29T21:28:43
3293,鈊象,2026-05-27,756.0,21.0,2.86%,,,,,,,,,ShowDailyK_ChartFlow,FinMind_API_TaiwanStockPrice_3293,True,2026-09-29T21:28:43,2026-09-29T21:28:43,2026-09-29T21:28:43
3293,鈊象,2026-05-28,749.0,-7.0,-0.93%,,,,,,,,,ShowDailyK_ChartFlow,FinMind_API_TaiwanStockPrice_3293,True,2026-09-29T21:28:43,2026-09-29T21:28:43,2026-09-29T21:28:43
3293,鈊象,2026-05-29,754.0,5.0,0.67%,,,,,,,,,ShowDailyK_ChartFlow,FinMind_API_TaiwanStockPrice_3293,True,2026-09-29T21:28:43,2026-09-29T21:28:43,2026-09-29T21:28:43
3293,鈊象,2026-06-01,769.0,15.0,1.99%,,,,,,,,,ShowDailyK_ChartFlow,FinMind_API_TaiwanStockPrice_3293,True,2026-09-29T21:28:43,2026-09-29T21:28:43,2026-09-29T21:28:43
3293,鈊象,2026-06-02,799.0,30.0,3.90%,,,,,,,,,ShowDailyK_ChartFlow,FinMind_API_TaiwanStockPrice_3293,True,2026-09-29T21:28:43,2026-09-29T21:28:43,2026-09-29T21:28:43
3293,鈊象,2026-06-03,789.0,-10.0,-1.25%,,,,,,,,,ShowDailyK_ChartFlow,FinMind_API_TaiwanStockPrice_3293,True,2026-09-29T21:28:43,2026-09-29T21:28:43,2026-09-29T21:28:43
3293,鈊象,2026-06-04,800.0,11.0,1.39%,,,,,,,,,ShowDailyK_ChartFlow,FinMind_API_TaiwanStockPrice_3293,True,2026-09-29T21:28:43,2026-09-29T21:28:43,2026-09-29T21:28:43
3293,鈊象,2026-06-05,790.0,-10.0,-1.25%,,,,,,,,,ShowDailyK_ChartFlow,FinMind_API_TaiwanStockPrice_3293,True,2026-09-29T21:28:43,2026-09-29T21:28:43,2026-09-29T21:28:43
3293,鈊象,2026-06-08,780.0,-10.0,-1.27%,,,,,,,,,ShowDailyK_ChartFlow,FinMind_API_TaiwanStockPrice_3293,True,2026-09-29T21:28:43,2026-09-29T21:28:43,2026-09-29T21:28:43
3293,鈊象,2026-06-09,800.0,20.0,2.56%,,,,,,,,,ShowDailyK_ChartFlow,FinMind_API_TaiwanStockPrice_3293,True,2026-09-29T21:28:43,2026-09-29T21:28:43,2026-09-29T21:28:43
3293,鈊象,2026-06-10,799.0,-1.0,-0.12%,,,,,,,,,ShowDailyK_ChartFlow,FinMind_API_TaiwanStockPrice_3293,True,2026-09-29T21:28:43,2026-09-29T21:28:43,2026-09-29T21:28:43
3293,鈊象,2026-06-11,762.0,-37.0,-4.63%,,,,,,,,,ShowDailyK_ChartFlow,FinMind_API_TaiwanStockPrice_3293,True,2026-09-29T21:28:43,2026-09-29T21:28:43,2026-09-29T21:28:43
3293,鈊象,2026-06-12,755.0,-7.0,-0.92%,,,,,,,,,ShowDailyK_ChartFlow,FinMind_API_TaiwanStockPrice_3293,True,2026-09-29T21:28:43,2026-09-29T21:28:43,2026-09-29T21:28:43
3293,鈊象,2026-06-15,751.0,-4.0,-0.53%,,,,,,,,,ShowDailyK_ChartFlow,FinMind_API_TaiwanStockPrice_3293,True,2026-09-29T21:28:43,2026-09-29T21:28:43,2026-09-29T21:28:43
3293,鈊象,2026-06-16,772.0,21.0,2.80%,,,,,,,,,ShowDailyK_ChartFlow,FinMind_API_TaiwanStockPrice_3293,True,2026-09-29T21:28:43,2026-09-29T21:28:43,2026-09-29T21:28:43
3293,鈊象,2026-06-17,775.0,3.0,0.39%,,,,,,,,,ShowDailyK_ChartFlow,FinMind_API_TaiwanStockPrice_3293,True,2026-09-29T21:28:43,2026-09-29T21:28:43,2026-09-29T21:28:43
3293,鈊象,2026-06-18,793.0,18.0,2.32%,,,,,,,,,ShowDailyK_ChartFlow,FinMind_API_TaiwanStockPrice_3293,True,2026-09-29T21:28:43,2026-09-29T21:28:43,2026-09-29T21:28:43
3293,鈊象,2026-06-22,778.0,-15.0,-1.89%,,,,,,,,,ShowDailyK_ChartFlow,FinMind_API_TaiwanStockPrice_3293,True,2026-09-29T21:28:43,2026-09-29T21:28:43,2026-09-29T21:28:43
3293,鈊象,2026-06-23,760.0,-18.0,-2.31%,,,,,,,,,ShowDailyK_ChartFlow,FinMind_API_TaiwanStockPrice_3293,True,2026-09-29T21:28:43,2026-09-29T21:28:43,2026-09-29T21:28:43
3293,鈊象,2026-06-24,757.0,-3.0,-0.39%,,,,,,,,,ShowDailyK_ChartFlow,FinMind_API_TaiwanStockPrice_3293,True,2026-09-29T21:28:43,2026-09-29T21:28:43,2026-09-29T21:28:43
3293,鈊象,2026-06-25,760.0,3.0,0.40%,,,,,,,,,ShowDailyK_ChartFlow,FinMind_API_TaiwanStockPrice_3293,True,2026-09-29T21:28:43,2026-09-29T21:28:43,2026-09-29T21:28:43
3293,鈊象,2026-06-26,745.0,-15.0,-1.97%,,,,,,,,,ShowDailyK_ChartFlow,FinMind_API_TaiwanStockPrice_3293,True,2026-09-29T21:28:43,2026-09-29T21:28:43,2026-09-29T21:28:43
3293,鈊象,2026-06-29,769.0,24.0,3.22%,,,,,,,,,ShowDailyK_ChartFlow,FinMind_API_TaiwanStockPrice_3293,True,2026-09-29T21:28:43,2026-09-29T21:28:43,2026-09-29T21:28:43
3293,鈊象,2026-06-30,789.0,20.0,2.60%,,,,,,,,,ShowDailyK_ChartFlow,FinMind_API_TaiwanStockPrice_3293,True,2026-09-29T21:28:43,2026-09-29T21:28:43,2026-09-29T21:28:43
3293,鈊象,2026-07-01,819.0,30.0,3.80%,,,,,,,,,ShowDailyK_ChartFlow,FinMind_API_TaiwanStockPrice_3293,True,2026-09-29T21:28:43,2026-09-29T21:28:43,2026-09-29T21:28:43
3293,鈊象,2026-07-02,800.0,-19.0,-2.32%,,,,,,,,,ShowDailyK_ChartFlow,FinMind_API_TaiwanStockPrice_3293,True,2026-09-29T21:28:43,2026-09-29T21:28:43,2026-09-29T21:28:43
3293,鈊象,2026-07-03,797.0,-3.0,-0.38%,,,,,,,,,ShowDailyK_ChartFlow,FinMind_API_TaiwanStockPrice_3293,True,2026-09-29T21:28:43,2026-09-29T21:28:43,2026-09-29T21:28:43
3293,鈊象,2026-07-06,794.0,-3.0,-0.38%,,,,,,,,,ShowDailyK_ChartFlow,FinMind_API_TaiwanStockPrice_3293,True,2026-09-29T21:28:43,2026-09-29T21:28:43,2026-09-29T21:28:43
3293,鈊象,2026-07-07,770.0,-24.0,-3.02%,,,,,,,,,ShowDailyK_ChartFlow,FinMind_API_TaiwanStockPrice_3293,True,2026-09-29T21:28:43,2026-09-29T21:28:43,2026-09-29T21:28:43
3293,鈊象,2026-07-08,748.0,-22.0,-2.86%,,,,,,,,,ShowDailyK_ChartFlow,FinMind_API_TaiwanStockPrice_3293,True,2026-09-29T21:28:43,2026-09-29T21:28:43,2026-09-29T21:28:43
3293,鈊象,2026-07-09,744.0,-4.0,-0.53%,,,,,,,,,ShowDailyK_ChartFlow,FinMind_API_TaiwanStockPrice_3293,True,2026-09-29T21:28:43,2026-09-29T21:28:43,2026-09-29T21:28:43
3293,鈊象,2026-07-13,729.0,-15.0,-2.02%,,,,,,,,,ShowDailyK_ChartFlow,FinMind_API_TaiwanStockPrice_3293,True,2026-09-29T21:28:43,2026-09-29T21:28:43,2026-09-29T21:28:43
3293,鈊象,2026-07-14,711.0,-18.0,-2.47%,,,,,,,,,ShowDailyK_ChartFlow,FinMind_API_TaiwanStockPrice_3293,True,2026-09-29T21:28:43,2026-09-29T21:28:43,2026-09-29T21:28:43
3293,鈊象,2026-07-15,704.0,-7.0,-0.98%,,,,,,,,,ShowDailyK_ChartFlow,FinMind_API_TaiwanStockPrice_3293,True,2026-09-29T21:28:43,2026-09-29T21:28:43,2026-09-29T21:28:43
3293,鈊象,2026-07-16,704.0,0.0,0.00%,,,,,,,,,ShowDailyK_ChartFlow,FinMind_API_TaiwanStockPrice_3293,True,2026-09-29T21:28:43,2026-09-29T21:28:43,2026-09-29T21:28:43
3293,鈊象,2026-07-17,686.0,-18.0,-2.56%,,,,,,,,,ShowDailyK_ChartFlow,FinMind_API_TaiwanStockPrice_3293,True,2026-09-29T21:28:43,2026-09-29T21:28:43,2026-09-29T21:28:43
3293,鈊象,2026-07-20,706.0,20.0,2.92%,,,,,,,,,ShowDailyK_ChartFlow,FinMind_API_TaiwanStockPrice_3293,True,2026-09-29T21:28:43,2026-09-29T21:28:43,2026-09-29T21:28:43
3293,鈊象,2026-07-21,718.0,12.0,1.70%,,,,,,,,,ShowDailyK_ChartFlow,FinMind_API_TaiwanStockPrice_3293,True,2026-09-29T21:28:43,2026-09-29T21:28:43,2026-09-29T21:28:43
3293,鈊象,2026-07-22,718.0,0.0,0.00%,,,,,,,,,ShowDailyK_ChartFlow,FinMind_API_TaiwanStockPrice_3293,True,2026-09-29T21:28:43,2026-09-29T21:28:43,2026-09-29T21:28:43
3293,鈊象,2026-07-23,713.0,-5.0,-0.70%,,,,,,,,,ShowDailyK_ChartFlow,FinMind_API_TaiwanStockPrice_3293,True,2026-09-29T21:28:43,2026-09-29T21:28:43,2026-09-29T21:28:43
3293,鈊象,2026-07-24,710.0,-3.0,-0.42%,,,,,,,,,ShowDailyK_ChartFlow,FinMind_API_TaiwanStockPrice_3293,True,2026-09-29T21:28:43,2026-09-29T21:28:43,2026-09-29T21:28:43
3293,鈊象,2026-07-27,719.0,9.0,1.27%,,,,,,,,,ShowDailyK_ChartFlow,FinMind_API_TaiwanStockPrice_3293,True,2026-09-29T21:28:43,2026-09-29T21:28:43,2026-09-29T21:28:43
3293,鈊象,2026-07-28,723.0,4.0,0.56%,,,,,,,,,ShowDailyK_ChartFlow,FinMind_API_TaiwanStockPrice_3293,True,2026-09-29T21:28:43,2026-09-29T21:28:43,2026-09-29T21:28:43
3293,鈊象,2026-07-29,734.0,11.0,1.52%,,,,,,,,,ShowDailyK_ChartFlow,FinMind_API_TaiwanStockPrice_3293,True,2026-09-29T21:28:43,2026-09-29T21:28:43,2026-09-29T21:28:43
3293,鈊象,2026-07-30,749.0,15.0,2.04%,,,,,,,,,ShowDailyK_ChartFlow,FinMind_API_TaiwanStockPrice_3293,True,2026-09-29T21:28:43,2026-09-29T21:28:43,2026-09-29T21:28:43
3293,鈊象,2026-07-31,776.0,27.0,3.60%,,,,,,,,,ShowDailyK_ChartFlow,FinMind_API_TaiwanStockPrice_3293,True,2026-09-29T21:28:43,2026-09-29T21:28:43,2026-09-29T21:28:43
3293,鈊象,2026-08-03,771.0,-5.0,-0.64%,,,,,,,,,ShowDailyK_ChartFlow,FinMind_API_TaiwanStockPrice_3293,True,2026-09-29T21:28:43,2026-09-29T21:28:43,2026-09-29T21:28:43
3293,鈊象,2026-08-04,774.0,3.0,0.39%,,,,,,,,,ShowDailyK_ChartFlow,FinMind_API_TaiwanStockPrice_3293,True,2026-09-29T21:28:43,2026-09-29T21:28:43,2026-09-29T21:28:43
3293,鈊象,2026-08-05,777.0,3.0,0.39%,,,,,,,,,ShowDailyK_ChartFlow,FinMind_API_TaiwanStockPrice_3293,True,2026-09-29T21:28:43,2026-09-29T21:28:43,2026-09-29T21:28:43
3293,鈊象,2026-08-06,784.0,7.0,0.90%,,,,,,,,,ShowDailyK_ChartFlow,FinMind_API_TaiwanStockPrice_3293,True,2026-09-29T21:28:43,2026-09-29T21:28:43,2026-09-29T21:28:43
3293,鈊象,2026-08-07,799.0,15.0,1.91%,,,,,,,,,ShowDailyK_ChartFlow,FinMind_API_TaiwanStockPrice_3293,True,2026-09-29T21:28:43,2026-09-29T21:28:43,2026-09-29T21:28:43
3293,鈊象,2026-08-10,792.0,-7.0,-0.88%,,,,,,,,,ShowDailyK_ChartFlow,FinMind_API_TaiwanStockPrice_3293,True,2026-09-29T21:28:43,2026-09-29T21:28:43,2026-09-29T21:28:43
3293,鈊象,2026-08-11,804.0,12.0,1.52%,,,,,,,,,ShowDailyK_ChartFlow,FinMind_API_TaiwanStockPrice_3293,True,2026-09-29T21:28:43,2026-09-29T21:28:43,2026-09-29T21:28:43
3293,鈊象,2026-08-12,781.0,-23.0,-2.86%,,,,,,,,,ShowDailyK_ChartFlow,FinMind_API_TaiwanStockPrice_3293,True,2026-09-29T21:28:43,2026-09-29T21:28:43,2026-09-29T21:28:43
3293,鈊象,2026-08-13,762.0,-19.0,-2.43%,,,,,,,,,ShowDailyK_ChartFlow,FinMind_API_TaiwanStockPrice_3293,True,2026-09-29T21:28:43,2026-09-29T21:28:43,2026-09-29T21:28:43
3293,鈊象,2026-08-14,750.0,-12.0,-1.57%,,,,,,,,,ShowDailyK_ChartFlow,FinMind_API_TaiwanStockPrice_3293,True,2026-09-29T21:28:43,2026-09-29T21:28:43,2026-09-29T21:28:43
3293,鈊象,2026-08-17,731.0,-19.0,-2.53%,,,,,,,,,ShowDailyK_ChartFlow,FinMind_API_TaiwanStockPrice_3293,True,2026-09-29T21:28:43,2026-09-29T21:28:43,2026-09-29T21:28:43
3293,鈊象,2026-08-18,742.0,11.0,1.50%,,,,,,,,,ShowDailyK_ChartFlow,FinMind_API_TaiwanStockPrice_3293,True,2026-09-29T21:28:43,2026-09-29T21:28:43,2026-09-29T21:28:43
3293,鈊象,2026-08-19,749.0,7.0,0.94%,,,,,,,,,ShowDailyK_ChartFlow,FinMind_API_TaiwanStockPrice_3293,True,2026-09-29T21:28:43,2026-09-29T21:28:43,2026-09-29T21:28:43
3293,鈊象,2026-08-20,758.0,9.0,1.20%,,,,,,,,,ShowDailyK_ChartFlow,FinMind_API_TaiwanStockPrice_3293,True,2026-09-29T21:28:43,2026-09-29T21:28:43,2026-09-29T21:28:43
3293,鈊象,2026-08-21,732.0,-26.0,-3.43%,,,,,,,,,ShowDailyK_ChartFlow,FinMind_API_TaiwanStockPrice_3293,True,2026-09-29T21:28:43,2026-09-29T21:28:43,2026-09-29T21:28:43
3293,鈊象,2026-08-24,721.0,-11.0,-1.50%,,,,,,,,,ShowDailyK_ChartFlow,FinMind_API_TaiwanStockPrice_3293,True,2026-09-29T21:28:43,2026-09-29T21:28:43,2026-09-29T21:28:43
3293,鈊象,2026-08-25,711.0,-10.0,-1.39%,,,,,,,,,ShowDailyK_ChartFlow,FinMind_API_TaiwanStockPrice_3293,True,2026-09-29T21:28:43,2026-09-29T21:28:43,2026-09-29T21:28:43
3293,鈊象,2026-08-26,702.0,-9.0,-1.27%,,,,,,,,,ShowDailyK_ChartFlow,FinMind_API_TaiwanStockPrice_3293,True,2026-09-29T21:28:43,2026-09-29T21:28:43,2026-09-29T21:28:43
3293,鈊象,2026-08-27,704.0,2.0,0.28%,,,,,,,,,ShowDailyK_ChartFlow,FinMind_API_TaiwanStockPrice_3293,True,2026-09-29T21:28:43,2026-09-29T21:28:43,2026-09-29T21:28:43
3293,鈊象,2026-08-28,707.0,3.0,0.43%,,,,,,,,,ShowDailyK_ChartFlow,FinMind_API_TaiwanStockPrice_3293,True,2026-09-29T21:28:43,2026-09-29T21:28:43,2026-09-29T21:28:43
3293,鈊象,2026-08-31,730.0,23.0,3.25%,,,,,,,,,ShowDailyK_ChartFlow,FinMind_API_TaiwanStockPrice_3293,True,2026-09-29T21:28:43,2026-09-29T21:28:43,2026-09-29T21:28:43
3293,鈊象,2026-09-01,711.0,-19.0,-2.60%,,,,,,,,,ShowDailyK_ChartFlow,FinMind_API_TaiwanStockPrice_3293,True,2026-09-29T21:28:43,2026-09-29T21:28:43,2026-09-29T21:28:43
3293,鈊象,2026-09-02,708.0,-3.0,-0.42%,,,,,,,,,ShowDailyK_ChartFlow,FinMind_API_TaiwanStockPrice_3293,True,2026-09-29T21:28:43,2026-09-29T21:28:43,2026-09-29T21:28:43
3293,鈊象,2026-09-03,703.0,-5.0,-0.71%,,,,,,,,,ShowDailyK_ChartFlow,FinMind_API_TaiwanStockPrice_3293,True,2026-09-29T21:28:43,2026-09-29T21:28:43,2026-09-29T21:28:43
3293,鈊象,2026-09-04,709.0,6.0,0.85%,,,,,,,,,ShowDailyK_ChartFlow,FinMind_API_TaiwanStockPrice_3293,True,2026-09-29T21:28:43,2026-09-29T21:28:43,2026-09-29T21:28:43
3293,鈊象,2026-09-07,710.0,1.0,0.14%,,,,,,,,,ShowDailyK_ChartFlow,FinMind_API_TaiwanStockPrice_3293,True,2026-09-29T21:28:43,2026-09-29T21:28:43,2026-09-29T21:28:43
3293,鈊象,2026-09-08,708.0,-2.0,-0.28%,,,,,,,,,ShowDailyK_ChartFlow,FinMind_API_TaiwanStockPrice_3293,True,2026-09-29T21:28:43,2026-09-29T21:28:43,2026-09-29T21:28:43
3293,鈊象,2026-09-09,708.0,0.0,0.00%,,,,,,,,,ShowDailyK_ChartFlow,FinMind_API_TaiwanStockPrice_3293,True,2026-09-29T21:28:43,2026-09-29T21:28:43,2026-09-29T21:28:43
3293,鈊象,2026-09-10,704.0,-4.0,-0.56%,,,,,,,,,ShowDailyK_ChartFlow,FinMind_API_TaiwanStockPrice_3293,True,2026-09-29T21:28:43,2026-09-29T21:28:43,2026-09-29T21:28:43
3293,鈊象,2026-09-11,693.0,-11.0,-1.56%,,,,,,,,,ShowDailyK_ChartFlow,FinMind_API_TaiwanStockPrice_3293,True,2026-09-29T21:28:43,2026-09-29T21:28:43,2026-09-29T21:28:43
3293,鈊象,2026-09-14,699.0,6.0,0.87%,,,,,,,,,ShowDailyK_ChartFlow,FinMind_API_TaiwanStockPrice_3293,True,2026-09-29T21:28:43,2026-09-29T21:28:43,2026-09-29T21:28:43
3293,鈊象,2026-09-15,696.0,-3.0,-0.43%,,,,,,,,,ShowDailyK_ChartFlow,FinMind_API_TaiwanStockPrice_3293,True,2026-09-29T21:28:43,2026-09-29T21:28:43,2026-09-29T21:28:43
3293,鈊象,2026-09-16,708.0,12.0,1.72%,,,,,,,,,ShowDailyK_ChartFlow,FinMind_API_TaiwanStockPrice_3293,True,2026-09-29T21:28:43,2026-09-29T21:28:43,2026-09-29T21:28:43
3293,鈊象,2026-09-17,725.0,17.0,2.40%,,,,,,,,,ShowDailyK_ChartFlow,FinMind_API_TaiwanStockPrice_3293,True,2026-09-29T21:28:43,2026-09-29T21:28:43,2026-09-29T21:28:43
3293,鈊象,2026-09-18,729.0,4.0,0.55%,,,,,,,,,ShowDailyK_ChartFlow,FinMind_API_TaiwanStockPrice_3293,True,2026-09-29T21:28:43,2026-09-29T21:28:43,2026-09-29T21:28:43
3293,鈊象,2026-09-21,724.0,-5.0,-0.69%,,,,,,,,,ShowDailyK_ChartFlow,FinMind_API_TaiwanStockPrice_3293,True,2026-09-29T21:28:43,2026-09-29T21:28:43,2026-09-29T21:28:43
3293,鈊象,2026-09-22,727.0,3.0,0.41%,,,,,,,,,ShowDailyK_ChartFlow,FinMind_API_TaiwanStockPrice_3293,True,2026-09-29T21:28:43,2026-09-29T21:28:43,2026-09-29T21:28:43
3293,鈊象,2026-09-23,729.0,2.0,0.28%,,,,,,,,,ShowDailyK_ChartFlow,FinMind_API_TaiwanStockPrice_3293,True,2026-09-29T21:28:43,2026-09-29T21:28:43,2026-09-29T21:28:43
3293,鈊象,2026-09-24,761.0,32.0,4.39%,,,,,,,,,ShowDailyK_ChartFlow,FinMind_API_TaiwanStockPrice_3293,True,2026-09-29T21:28:43,2026-09-29T21:28:43,2026-09-29T21:28:43
3293,鈊象,2026-09-29,779.0,18.0,2.37%,,,,,,,,,ShowDailyK_ChartFlow,FinMind_API_TaiwanStockPrice_3293,True,2026-09-29T21:28:43,2026-09-29T21:28:43,2026-09-29T21:28:43
