stock_code,company_name,交易_日期,收盤價_元,漲跌價_元,漲跌幅_pct,河流圖_eps_元,目前_per_倍,本益比試算價格_15x_元,本益比試算價格_18x_元,本益比試算價格_21x_元,本益比試算價格_24x_元,本益比試算價格_27x_元,本益比試算價格_30x_元,file_type,source_file,download_success,download_timestamp,process_timestamp,stage1_process_timestamp
2383,台光電,2021-01-04,156.5,,,,13.54,,,,,,,ShowDailyK_ChartFlow,FinMind_API_TaiwanStockPrice_2383,True,2026-09-28T22:46:00,2026-09-28T22:46:00,2026-09-28T22:46:00
2383,台光電,2021-01-05,159.0,2.5,1.60%,,13.75,,,,,,,ShowDailyK_ChartFlow,FinMind_API_TaiwanStockPrice_2383,True,2026-09-28T22:46:00,2026-09-28T22:46:00,2026-09-28T22:46:00
2383,台光電,2021-01-06,155.5,-3.5,-2.20%,,13.45,,,,,,,ShowDailyK_ChartFlow,FinMind_API_TaiwanStockPrice_2383,True,2026-09-28T22:46:00,2026-09-28T22:46:00,2026-09-28T22:46:00
2383,台光電,2021-01-07,157.5,2.0,1.29%,,13.62,,,,,,,ShowDailyK_ChartFlow,FinMind_API_TaiwanStockPrice_2383,True,2026-09-28T22:46:00,2026-09-28T22:46:00,2026-09-28T22:46:00
2383,台光電,2021-01-08,159.0,1.5,0.95%,,13.75,,,,,,,ShowDailyK_ChartFlow,FinMind_API_TaiwanStockPrice_2383,True,2026-09-28T22:46:00,2026-09-28T22:46:00,2026-09-28T22:46:00
2383,台光電,2021-01-11,161.0,2.0,1.26%,,13.93,,,,,,,ShowDailyK_ChartFlow,FinMind_API_TaiwanStockPrice_2383,True,2026-09-28T22:46:00,2026-09-28T22:46:00,2026-09-28T22:46:00
2383,台光電,2021-01-12,157.0,-4.0,-2.48%,,13.58,,,,,,,ShowDailyK_ChartFlow,FinMind_API_TaiwanStockPrice_2383,True,2026-09-28T22:46:00,2026-09-28T22:46:00,2026-09-28T22:46:00
2383,台光電,2021-01-13,159.5,2.5,1.59%,,13.8,,,,,,,ShowDailyK_ChartFlow,FinMind_API_TaiwanStockPrice_2383,True,2026-09-28T22:46:00,2026-09-28T22:46:00,2026-09-28T22:46:00
2383,台光電,2021-01-14,165.5,6.0,3.76%,,14.32,,,,,,,ShowDailyK_ChartFlow,FinMind_API_TaiwanStockPrice_2383,True,2026-09-28T22:46:00,2026-09-28T22:46:00,2026-09-28T22:46:00
2383,台光電,2021-01-15,161.0,-4.5,-2.72%,,13.93,,,,,,,ShowDailyK_ChartFlow,FinMind_API_TaiwanStockPrice_2383,True,2026-09-28T22:46:00,2026-09-28T22:46:00,2026-09-28T22:46:00
2383,台光電,2021-01-18,159.5,-1.5,-0.93%,,13.8,,,,,,,ShowDailyK_ChartFlow,FinMind_API_TaiwanStockPrice_2383,True,2026-09-28T22:46:00,2026-09-28T22:46:00,2026-09-28T22:46:00
2383,台光電,2021-01-19,158.5,-1.0,-0.63%,,13.71,,,,,,,ShowDailyK_ChartFlow,FinMind_API_TaiwanStockPrice_2383,True,2026-09-28T22:46:00,2026-09-28T22:46:00,2026-09-28T22:46:00
2383,台光電,2021-01-20,155.0,-3.5,-2.21%,,13.41,,,,,,,ShowDailyK_ChartFlow,FinMind_API_TaiwanStockPrice_2383,True,2026-09-28T22:46:00,2026-09-28T22:46:00,2026-09-28T22:46:00
2383,台光電,2021-01-21,156.0,1.0,0.65%,,13.49,,,,,,,ShowDailyK_ChartFlow,FinMind_API_TaiwanStockPrice_2383,True,2026-09-28T22:46:00,2026-09-28T22:46:00,2026-09-28T22:46:00
2383,台光電,2021-01-22,161.5,5.5,3.53%,,13.97,,,,,,,ShowDailyK_ChartFlow,FinMind_API_TaiwanStockPrice_2383,True,2026-09-28T22:46:00,2026-09-28T22:46:00,2026-09-28T22:46:00
2383,台光電,2021-01-25,161.0,-0.5,-0.31%,,13.93,,,,,,,ShowDailyK_ChartFlow,FinMind_API_TaiwanStockPrice_2383,True,2026-09-28T22:46:00,2026-09-28T22:46:00,2026-09-28T22:46:00
2383,台光電,2021-01-26,161.0,0.0,0.00%,,13.93,,,,,,,ShowDailyK_ChartFlow,FinMind_API_TaiwanStockPrice_2383,True,2026-09-28T22:46:00,2026-09-28T22:46:00,2026-09-28T22:46:00
2383,台光電,2021-01-27,162.5,1.5,0.93%,,14.06,,,,,,,ShowDailyK_ChartFlow,FinMind_API_TaiwanStockPrice_2383,True,2026-09-28T22:46:00,2026-09-28T22:46:00,2026-09-28T22:46:00
2383,台光電,2021-01-28,156.5,-6.0,-3.69%,,13.54,,,,,,,ShowDailyK_ChartFlow,FinMind_API_TaiwanStockPrice_2383,True,2026-09-28T22:46:00,2026-09-28T22:46:00,2026-09-28T22:46:00
2383,台光電,2021-01-29,150.5,-6.0,-3.83%,,13.02,,,,,,,ShowDailyK_ChartFlow,FinMind_API_TaiwanStockPrice_2383,True,2026-09-28T22:46:00,2026-09-28T22:46:00,2026-09-28T22:46:00
2383,台光電,2021-02-01,152.5,2.0,1.33%,,13.19,,,,,,,ShowDailyK_ChartFlow,FinMind_API_TaiwanStockPrice_2383,True,2026-09-28T22:46:00,2026-09-28T22:46:00,2026-09-28T22:46:00
2383,台光電,2021-02-02,155.0,2.5,1.64%,,13.41,,,,,,,ShowDailyK_ChartFlow,FinMind_API_TaiwanStockPrice_2383,True,2026-09-28T22:46:00,2026-09-28T22:46:00,2026-09-28T22:46:00
2383,台光電,2021-02-03,155.0,0.0,0.00%,,13.41,,,,,,,ShowDailyK_ChartFlow,FinMind_API_TaiwanStockPrice_2383,True,2026-09-28T22:46:00,2026-09-28T22:46:00,2026-09-28T22:46:00
2383,台光電,2021-02-04,157.0,2.0,1.29%,,13.58,,,,,,,ShowDailyK_ChartFlow,FinMind_API_TaiwanStockPrice_2383,True,2026-09-28T22:46:00,2026-09-28T22:46:00,2026-09-28T22:46:00
2383,台光電,2021-02-05,161.5,4.5,2.87%,,13.97,,,,,,,ShowDailyK_ChartFlow,FinMind_API_TaiwanStockPrice_2383,True,2026-09-28T22:46:00,2026-09-28T22:46:00,2026-09-28T22:46:00
2383,台光電,2021-02-17,164.0,2.5,1.55%,,14.19,,,,,,,ShowDailyK_ChartFlow,FinMind_API_TaiwanStockPrice_2383,True,2026-09-28T22:46:00,2026-09-28T22:46:00,2026-09-28T22:46:00
2383,台光電,2021-02-18,164.5,0.5,0.30%,,14.23,,,,,,,ShowDailyK_ChartFlow,FinMind_API_TaiwanStockPrice_2383,True,2026-09-28T22:46:00,2026-09-28T22:46:00,2026-09-28T22:46:00
2383,台光電,2021-02-19,169.0,4.5,2.74%,,14.62,,,,,,,ShowDailyK_ChartFlow,FinMind_API_TaiwanStockPrice_2383,True,2026-09-28T22:46:00,2026-09-28T22:46:00,2026-09-28T22:46:00
2383,台光電,2021-02-22,168.5,-0.5,-0.30%,,14.58,,,,,,,ShowDailyK_ChartFlow,FinMind_API_TaiwanStockPrice_2383,True,2026-09-28T22:46:00,2026-09-28T22:46:00,2026-09-28T22:46:00
2383,台光電,2021-02-23,169.0,0.5,0.30%,,14.62,,,,,,,ShowDailyK_ChartFlow,FinMind_API_TaiwanStockPrice_2383,True,2026-09-28T22:46:00,2026-09-28T22:46:00,2026-09-28T22:46:00
2383,台光電,2021-02-24,166.5,-2.5,-1.48%,,14.4,,,,,,,ShowDailyK_ChartFlow,FinMind_API_TaiwanStockPrice_2383,True,2026-09-28T22:46:00,2026-09-28T22:46:00,2026-09-28T22:46:00
2383,台光電,2021-02-25,163.0,-3.5,-2.10%,,14.71,,,,,,,ShowDailyK_ChartFlow,FinMind_API_TaiwanStockPrice_2383,True,2026-09-28T22:46:00,2026-09-28T22:46:00,2026-09-28T22:46:00
2383,台光電,2021-02-26,169.0,6.0,3.68%,,15.25,,,,,,,ShowDailyK_ChartFlow,FinMind_API_TaiwanStockPrice_2383,True,2026-09-28T22:46:00,2026-09-28T22:46:00,2026-09-28T22:46:00
2383,台光電,2021-03-02,169.0,0.0,0.00%,,15.25,,,,,,,ShowDailyK_ChartFlow,FinMind_API_TaiwanStockPrice_2383,True,2026-09-28T22:46:00,2026-09-28T22:46:00,2026-09-28T22:46:00
2383,台光電,2021-03-03,172.0,3.0,1.78%,,15.52,,,,,,,ShowDailyK_ChartFlow,FinMind_API_TaiwanStockPrice_2383,True,2026-09-28T22:46:00,2026-09-28T22:46:00,2026-09-28T22:46:00
2383,台光電,2021-03-04,170.0,-2.0,-1.16%,,15.34,,,,,,,ShowDailyK_ChartFlow,FinMind_API_TaiwanStockPrice_2383,True,2026-09-28T22:46:00,2026-09-28T22:46:00,2026-09-28T22:46:00
2383,台光電,2021-03-05,167.5,-2.5,-1.47%,,15.12,,,,,,,ShowDailyK_ChartFlow,FinMind_API_TaiwanStockPrice_2383,True,2026-09-28T22:46:00,2026-09-28T22:46:00,2026-09-28T22:46:00
2383,台光電,2021-03-08,166.0,-1.5,-0.90%,,14.98,,,,,,,ShowDailyK_ChartFlow,FinMind_API_TaiwanStockPrice_2383,True,2026-09-28T22:46:00,2026-09-28T22:46:00,2026-09-28T22:46:00
2383,台光電,2021-03-09,165.5,-0.5,-0.30%,,14.94,,,,,,,ShowDailyK_ChartFlow,FinMind_API_TaiwanStockPrice_2383,True,2026-09-28T22:46:00,2026-09-28T22:46:00,2026-09-28T22:46:00
2383,台光電,2021-03-10,166.0,0.5,0.30%,,14.98,,,,,,,ShowDailyK_ChartFlow,FinMind_API_TaiwanStockPrice_2383,True,2026-09-28T22:46:00,2026-09-28T22:46:00,2026-09-28T22:46:00
2383,台光電,2021-03-11,167.5,1.5,0.90%,,15.12,,,,,,,ShowDailyK_ChartFlow,FinMind_API_TaiwanStockPrice_2383,True,2026-09-28T22:46:00,2026-09-28T22:46:00,2026-09-28T22:46:00
2383,台光電,2021-03-12,169.5,2.0,1.19%,,15.3,,,,,,,ShowDailyK_ChartFlow,FinMind_API_TaiwanStockPrice_2383,True,2026-09-28T22:46:00,2026-09-28T22:46:00,2026-09-28T22:46:00
2383,台光電,2021-03-15,168.5,-1.0,-0.59%,,15.21,,,,,,,ShowDailyK_ChartFlow,FinMind_API_TaiwanStockPrice_2383,True,2026-09-28T22:46:00,2026-09-28T22:46:00,2026-09-28T22:46:00
2383,台光電,2021-03-16,170.0,1.5,0.89%,,15.34,,,,,,,ShowDailyK_ChartFlow,FinMind_API_TaiwanStockPrice_2383,True,2026-09-28T22:46:00,2026-09-28T22:46:00,2026-09-28T22:46:00
2383,台光電,2021-03-17,168.0,-2.0,-1.18%,,15.16,,,,,,,ShowDailyK_ChartFlow,FinMind_API_TaiwanStockPrice_2383,True,2026-09-28T22:46:00,2026-09-28T22:46:00,2026-09-28T22:46:00
2383,台光電,2021-03-18,169.0,1.0,0.60%,,15.25,,,,,,,ShowDailyK_ChartFlow,FinMind_API_TaiwanStockPrice_2383,True,2026-09-28T22:46:00,2026-09-28T22:46:00,2026-09-28T22:46:00
2383,台光電,2021-03-19,168.5,-0.5,-0.30%,,15.21,,,,,,,ShowDailyK_ChartFlow,FinMind_API_TaiwanStockPrice_2383,True,2026-09-28T22:46:00,2026-09-28T22:46:00,2026-09-28T22:46:00
2383,台光電,2021-03-22,170.0,1.5,0.89%,,15.34,,,,,,,ShowDailyK_ChartFlow,FinMind_API_TaiwanStockPrice_2383,True,2026-09-28T22:46:00,2026-09-28T22:46:00,2026-09-28T22:46:00
2383,台光電,2021-03-23,169.0,-1.0,-0.59%,,15.25,,,,,,,ShowDailyK_ChartFlow,FinMind_API_TaiwanStockPrice_2383,True,2026-09-28T22:46:00,2026-09-28T22:46:00,2026-09-28T22:46:00
2383,台光電,2021-03-24,168.0,-1.0,-0.59%,,15.16,,,,,,,ShowDailyK_ChartFlow,FinMind_API_TaiwanStockPrice_2383,True,2026-09-28T22:46:00,2026-09-28T22:46:00,2026-09-28T22:46:00
2383,台光電,2021-03-25,165.0,-3.0,-1.79%,,14.89,,,,,,,ShowDailyK_ChartFlow,FinMind_API_TaiwanStockPrice_2383,True,2026-09-28T22:46:00,2026-09-28T22:46:00,2026-09-28T22:46:00
2383,台光電,2021-03-26,166.5,1.5,0.91%,,15.03,,,,,,,ShowDailyK_ChartFlow,FinMind_API_TaiwanStockPrice_2383,True,2026-09-28T22:46:00,2026-09-28T22:46:00,2026-09-28T22:46:00
2383,台光電,2021-03-29,171.0,4.5,2.70%,,15.43,,,,,,,ShowDailyK_ChartFlow,FinMind_API_TaiwanStockPrice_2383,True,2026-09-28T22:46:00,2026-09-28T22:46:00,2026-09-28T22:46:00
2383,台光電,2021-03-30,170.0,-1.0,-0.58%,,15.34,,,,,,,ShowDailyK_ChartFlow,FinMind_API_TaiwanStockPrice_2383,True,2026-09-28T22:46:00,2026-09-28T22:46:00,2026-09-28T22:46:00
2383,台光電,2021-03-31,169.0,-1.0,-0.59%,,15.25,,,,,,,ShowDailyK_ChartFlow,FinMind_API_TaiwanStockPrice_2383,True,2026-09-28T22:46:00,2026-09-28T22:46:00,2026-09-28T22:46:00
2383,台光電,2021-04-01,168.5,-0.5,-0.30%,,15.21,,,,,,,ShowDailyK_ChartFlow,FinMind_API_TaiwanStockPrice_2383,True,2026-09-28T22:46:00,2026-09-28T22:46:00,2026-09-28T22:46:00
2383,台光電,2021-04-06,167.5,-1.0,-0.59%,,15.12,,,,,,,ShowDailyK_ChartFlow,FinMind_API_TaiwanStockPrice_2383,True,2026-09-28T22:46:00,2026-09-28T22:46:00,2026-09-28T22:46:00
2383,台光電,2021-04-07,169.0,1.5,0.90%,,15.25,,,,,,,ShowDailyK_ChartFlow,FinMind_API_TaiwanStockPrice_2383,True,2026-09-28T22:46:00,2026-09-28T22:46:00,2026-09-28T22:46:00
2383,台光電,2021-04-08,171.5,2.5,1.48%,,15.48,,,,,,,ShowDailyK_ChartFlow,FinMind_API_TaiwanStockPrice_2383,True,2026-09-28T22:46:00,2026-09-28T22:46:00,2026-09-28T22:46:00
2383,台光電,2021-04-09,169.0,-2.5,-1.46%,,15.25,,,,,,,ShowDailyK_ChartFlow,FinMind_API_TaiwanStockPrice_2383,True,2026-09-28T22:46:00,2026-09-28T22:46:00,2026-09-28T22:46:00
2383,台光電,2021-04-12,170.0,1.0,0.59%,,15.34,,,,,,,ShowDailyK_ChartFlow,FinMind_API_TaiwanStockPrice_2383,True,2026-09-28T22:46:00,2026-09-28T22:46:00,2026-09-28T22:46:00
2383,台光電,2021-04-13,167.0,-3.0,-1.76%,,15.07,,,,,,,ShowDailyK_ChartFlow,FinMind_API_TaiwanStockPrice_2383,True,2026-09-28T22:46:00,2026-09-28T22:46:00,2026-09-28T22:46:00
2383,台光電,2021-04-14,169.0,2.0,1.20%,,15.25,,,,,,,ShowDailyK_ChartFlow,FinMind_API_TaiwanStockPrice_2383,True,2026-09-28T22:46:00,2026-09-28T22:46:00,2026-09-28T22:46:00
2383,台光電,2021-04-15,168.5,-0.5,-0.30%,,15.21,,,,,,,ShowDailyK_ChartFlow,FinMind_API_TaiwanStockPrice_2383,True,2026-09-28T22:46:00,2026-09-28T22:46:00,2026-09-28T22:46:00
2383,台光電,2021-04-16,169.5,1.0,0.59%,,15.3,,,,,,,ShowDailyK_ChartFlow,FinMind_API_TaiwanStockPrice_2383,True,2026-09-28T22:46:00,2026-09-28T22:46:00,2026-09-28T22:46:00
2383,台光電,2021-04-19,169.5,0.0,0.00%,,15.3,,,,,,,ShowDailyK_ChartFlow,FinMind_API_TaiwanStockPrice_2383,True,2026-09-28T22:46:00,2026-09-28T22:46:00,2026-09-28T22:46:00
2383,台光電,2021-04-20,175.5,6.0,3.54%,,15.84,,,,,,,ShowDailyK_ChartFlow,FinMind_API_TaiwanStockPrice_2383,True,2026-09-28T22:46:00,2026-09-28T22:46:00,2026-09-28T22:46:00
2383,台光電,2021-04-21,181.0,5.5,3.13%,,16.34,,,,,,,ShowDailyK_ChartFlow,FinMind_API_TaiwanStockPrice_2383,True,2026-09-28T22:46:00,2026-09-28T22:46:00,2026-09-28T22:46:00
2383,台光電,2021-04-22,175.0,-6.0,-3.31%,,15.79,,,,,,,ShowDailyK_ChartFlow,FinMind_API_TaiwanStockPrice_2383,True,2026-09-28T22:46:00,2026-09-28T22:46:00,2026-09-28T22:46:00
2383,台光電,2021-04-23,179.5,4.5,2.57%,,16.2,,,,,,,ShowDailyK_ChartFlow,FinMind_API_TaiwanStockPrice_2383,True,2026-09-28T22:46:00,2026-09-28T22:46:00,2026-09-28T22:46:00
2383,台光電,2021-04-26,182.0,2.5,1.39%,,16.43,,,,,,,ShowDailyK_ChartFlow,FinMind_API_TaiwanStockPrice_2383,True,2026-09-28T22:46:00,2026-09-28T22:46:00,2026-09-28T22:46:00
2383,台光電,2021-04-27,182.0,0.0,0.00%,,16.43,,,,,,,ShowDailyK_ChartFlow,FinMind_API_TaiwanStockPrice_2383,True,2026-09-28T22:46:00,2026-09-28T22:46:00,2026-09-28T22:46:00
2383,台光電,2021-04-28,178.5,-3.5,-1.92%,,15.15,,,,,,,ShowDailyK_ChartFlow,FinMind_API_TaiwanStockPrice_2383,True,2026-09-28T22:46:00,2026-09-28T22:46:00,2026-09-28T22:46:00
2383,台光電,2021-04-29,178.0,-0.5,-0.28%,,15.11,,,,,,,ShowDailyK_ChartFlow,FinMind_API_TaiwanStockPrice_2383,True,2026-09-28T22:46:00,2026-09-28T22:46:00,2026-09-28T22:46:00
2383,台光電,2021-05-03,179.5,1.5,0.84%,,15.24,,,,,,,ShowDailyK_ChartFlow,FinMind_API_TaiwanStockPrice_2383,True,2026-09-28T22:46:00,2026-09-28T22:46:00,2026-09-28T22:46:00
2383,台光電,2021-05-04,173.0,-6.5,-3.62%,,14.69,,,,,,,ShowDailyK_ChartFlow,FinMind_API_TaiwanStockPrice_2383,True,2026-09-28T22:46:00,2026-09-28T22:46:00,2026-09-28T22:46:00
2383,台光電,2021-05-05,165.0,-8.0,-4.62%,,14.01,,,,,,,ShowDailyK_ChartFlow,FinMind_API_TaiwanStockPrice_2383,True,2026-09-28T22:46:00,2026-09-28T22:46:00,2026-09-28T22:46:00
2383,台光電,2021-05-06,166.5,1.5,0.91%,,14.13,,,,,,,ShowDailyK_ChartFlow,FinMind_API_TaiwanStockPrice_2383,True,2026-09-28T22:46:00,2026-09-28T22:46:00,2026-09-28T22:46:00
2383,台光電,2021-05-07,172.5,6.0,3.60%,,14.64,,,,,,,ShowDailyK_ChartFlow,FinMind_API_TaiwanStockPrice_2383,True,2026-09-28T22:46:00,2026-09-28T22:46:00,2026-09-28T22:46:00
2383,台光電,2021-05-10,168.0,-4.5,-2.61%,,14.26,,,,,,,ShowDailyK_ChartFlow,FinMind_API_TaiwanStockPrice_2383,True,2026-09-28T22:46:00,2026-09-28T22:46:00,2026-09-28T22:46:00
2383,台光電,2021-05-11,161.0,-7.0,-4.17%,,13.67,,,,,,,ShowDailyK_ChartFlow,FinMind_API_TaiwanStockPrice_2383,True,2026-09-28T22:46:00,2026-09-28T22:46:00,2026-09-28T22:46:00
2383,台光電,2021-05-12,150.0,-11.0,-6.83%,,12.73,,,,,,,ShowDailyK_ChartFlow,FinMind_API_TaiwanStockPrice_2383,True,2026-09-28T22:46:00,2026-09-28T22:46:00,2026-09-28T22:46:00
2383,台光電,2021-05-13,151.5,1.5,1.00%,,12.86,,,,,,,ShowDailyK_ChartFlow,FinMind_API_TaiwanStockPrice_2383,True,2026-09-28T22:46:00,2026-09-28T22:46:00,2026-09-28T22:46:00
2383,台光電,2021-05-14,157.0,5.5,3.63%,,13.33,,,,,,,ShowDailyK_ChartFlow,FinMind_API_TaiwanStockPrice_2383,True,2026-09-28T22:46:00,2026-09-28T22:46:00,2026-09-28T22:46:00
2383,台光電,2021-05-17,155.0,-2.0,-1.27%,,13.16,,,,,,,ShowDailyK_ChartFlow,FinMind_API_TaiwanStockPrice_2383,True,2026-09-28T22:46:00,2026-09-28T22:46:00,2026-09-28T22:46:00
2383,台光電,2021-05-18,159.0,4.0,2.58%,,13.5,,,,,,,ShowDailyK_ChartFlow,FinMind_API_TaiwanStockPrice_2383,True,2026-09-28T22:46:00,2026-09-28T22:46:00,2026-09-28T22:46:00
2383,台光電,2021-05-19,158.5,-0.5,-0.31%,,13.46,,,,,,,ShowDailyK_ChartFlow,FinMind_API_TaiwanStockPrice_2383,True,2026-09-28T22:46:00,2026-09-28T22:46:00,2026-09-28T22:46:00
2383,台光電,2021-05-20,156.5,-2.0,-1.26%,,13.29,,,,,,,ShowDailyK_ChartFlow,FinMind_API_TaiwanStockPrice_2383,True,2026-09-28T22:46:00,2026-09-28T22:46:00,2026-09-28T22:46:00
2383,台光電,2021-05-21,156.5,0.0,0.00%,,13.29,,,,,,,ShowDailyK_ChartFlow,FinMind_API_TaiwanStockPrice_2383,True,2026-09-28T22:46:00,2026-09-28T22:46:00,2026-09-28T22:46:00
2383,台光電,2021-05-24,158.5,2.0,1.28%,,13.46,,,,,,,ShowDailyK_ChartFlow,FinMind_API_TaiwanStockPrice_2383,True,2026-09-28T22:46:00,2026-09-28T22:46:00,2026-09-28T22:46:00
2383,台光電,2021-05-25,161.0,2.5,1.58%,,13.67,,,,,,,ShowDailyK_ChartFlow,FinMind_API_TaiwanStockPrice_2383,True,2026-09-28T22:46:00,2026-09-28T22:46:00,2026-09-28T22:46:00
2383,台光電,2021-05-26,159.5,-1.5,-0.93%,,13.54,,,,,,,ShowDailyK_ChartFlow,FinMind_API_TaiwanStockPrice_2383,True,2026-09-28T22:46:00,2026-09-28T22:46:00,2026-09-28T22:46:00
2383,台光電,2021-05-27,157.0,-2.5,-1.57%,,13.33,,,,,,,ShowDailyK_ChartFlow,FinMind_API_TaiwanStockPrice_2383,True,2026-09-28T22:46:00,2026-09-28T22:46:00,2026-09-28T22:46:00
2383,台光電,2021-05-28,158.5,1.5,0.96%,,13.46,,,,,,,ShowDailyK_ChartFlow,FinMind_API_TaiwanStockPrice_2383,True,2026-09-28T22:46:00,2026-09-28T22:46:00,2026-09-28T22:46:00
2383,台光電,2021-05-31,164.0,5.5,3.47%,,13.92,,,,,,,ShowDailyK_ChartFlow,FinMind_API_TaiwanStockPrice_2383,True,2026-09-28T22:46:00,2026-09-28T22:46:00,2026-09-28T22:46:00
2383,台光電,2021-06-01,162.5,-1.5,-0.91%,,13.79,,,,,,,ShowDailyK_ChartFlow,FinMind_API_TaiwanStockPrice_2383,True,2026-09-28T22:46:00,2026-09-28T22:46:00,2026-09-28T22:46:00
2383,台光電,2021-06-02,160.0,-2.5,-1.54%,,13.58,,,,,,,ShowDailyK_ChartFlow,FinMind_API_TaiwanStockPrice_2383,True,2026-09-28T22:46:00,2026-09-28T22:46:00,2026-09-28T22:46:00
2383,台光電,2021-06-03,159.5,-0.5,-0.31%,,13.54,,,,,,,ShowDailyK_ChartFlow,FinMind_API_TaiwanStockPrice_2383,True,2026-09-28T22:46:00,2026-09-28T22:46:00,2026-09-28T22:46:00
2383,台光電,2021-06-04,159.5,0.0,0.00%,,13.54,,,,,,,ShowDailyK_ChartFlow,FinMind_API_TaiwanStockPrice_2383,True,2026-09-28T22:46:00,2026-09-28T22:46:00,2026-09-28T22:46:00
2383,台光電,2021-06-07,162.5,3.0,1.88%,,13.79,,,,,,,ShowDailyK_ChartFlow,FinMind_API_TaiwanStockPrice_2383,True,2026-09-28T22:46:00,2026-09-28T22:46:00,2026-09-28T22:46:00
2383,台光電,2021-06-08,168.5,6.0,3.69%,,14.3,,,,,,,ShowDailyK_ChartFlow,FinMind_API_TaiwanStockPrice_2383,True,2026-09-28T22:46:00,2026-09-28T22:46:00,2026-09-28T22:46:00
2383,台光電,2021-06-09,179.0,10.5,6.23%,,15.2,,,,,,,ShowDailyK_ChartFlow,FinMind_API_TaiwanStockPrice_2383,True,2026-09-28T22:46:00,2026-09-28T22:46:00,2026-09-28T22:46:00
2383,台光電,2021-06-10,196.5,17.5,9.78%,,16.68,,,,,,,ShowDailyK_ChartFlow,FinMind_API_TaiwanStockPrice_2383,True,2026-09-28T22:46:00,2026-09-28T22:46:00,2026-09-28T22:46:00
2383,台光電,2021-06-11,202.0,5.5,2.80%,,17.15,,,,,,,ShowDailyK_ChartFlow,FinMind_API_TaiwanStockPrice_2383,True,2026-09-28T22:46:00,2026-09-28T22:46:00,2026-09-28T22:46:00
2383,台光電,2021-06-15,207.5,5.5,2.72%,,17.61,,,,,,,ShowDailyK_ChartFlow,FinMind_API_TaiwanStockPrice_2383,True,2026-09-28T22:46:00,2026-09-28T22:46:00,2026-09-28T22:46:00
2383,台光電,2021-06-16,210.0,2.5,1.20%,,17.83,,,,,,,ShowDailyK_ChartFlow,FinMind_API_TaiwanStockPrice_2383,True,2026-09-28T22:46:00,2026-09-28T22:46:00,2026-09-28T22:46:00
2383,台光電,2021-06-17,214.0,4.0,1.90%,,18.17,,,,,,,ShowDailyK_ChartFlow,FinMind_API_TaiwanStockPrice_2383,True,2026-09-28T22:46:00,2026-09-28T22:46:00,2026-09-28T22:46:00
2383,台光電,2021-06-18,212.0,-2.0,-0.93%,,18.0,,,,,,,ShowDailyK_ChartFlow,FinMind_API_TaiwanStockPrice_2383,True,2026-09-28T22:46:00,2026-09-28T22:46:00,2026-09-28T22:46:00
2383,台光電,2021-06-21,213.5,1.5,0.71%,,18.12,,,,,,,ShowDailyK_ChartFlow,FinMind_API_TaiwanStockPrice_2383,True,2026-09-28T22:46:00,2026-09-28T22:46:00,2026-09-28T22:46:00
2383,台光電,2021-06-22,204.5,-9.0,-4.22%,,17.36,,,,,,,ShowDailyK_ChartFlow,FinMind_API_TaiwanStockPrice_2383,True,2026-09-28T22:46:00,2026-09-28T22:46:00,2026-09-28T22:46:00
2383,台光電,2021-06-23,213.5,9.0,4.40%,,18.12,,,,,,,ShowDailyK_ChartFlow,FinMind_API_TaiwanStockPrice_2383,True,2026-09-28T22:46:00,2026-09-28T22:46:00,2026-09-28T22:46:00
2383,台光電,2021-06-24,215.5,2.0,0.94%,,18.29,,,,,,,ShowDailyK_ChartFlow,FinMind_API_TaiwanStockPrice_2383,True,2026-09-28T22:46:00,2026-09-28T22:46:00,2026-09-28T22:46:00
2383,台光電,2021-06-25,213.5,-2.0,-0.93%,,18.12,,,,,,,ShowDailyK_ChartFlow,FinMind_API_TaiwanStockPrice_2383,True,2026-09-28T22:46:00,2026-09-28T22:46:00,2026-09-28T22:46:00
2383,台光電,2021-06-28,214.0,0.5,0.23%,,18.17,,,,,,,ShowDailyK_ChartFlow,FinMind_API_TaiwanStockPrice_2383,True,2026-09-28T22:46:00,2026-09-28T22:46:00,2026-09-28T22:46:00
2383,台光電,2021-06-29,235.0,21.0,9.81%,,19.95,,,,,,,ShowDailyK_ChartFlow,FinMind_API_TaiwanStockPrice_2383,True,2026-09-28T22:46:00,2026-09-28T22:46:00,2026-09-28T22:46:00
2383,台光電,2021-06-30,218.0,-17.0,-7.23%,,18.51,,,,,,,ShowDailyK_ChartFlow,FinMind_API_TaiwanStockPrice_2383,True,2026-09-28T22:46:00,2026-09-28T22:46:00,2026-09-28T22:46:00
2383,台光電,2021-07-01,210.0,-8.0,-3.67%,,17.83,,,,,,,ShowDailyK_ChartFlow,FinMind_API_TaiwanStockPrice_2383,True,2026-09-28T22:46:00,2026-09-28T22:46:00,2026-09-28T22:46:00
2383,台光電,2021-07-02,216.5,6.5,3.10%,,18.38,,,,,,,ShowDailyK_ChartFlow,FinMind_API_TaiwanStockPrice_2383,True,2026-09-28T22:46:00,2026-09-28T22:46:00,2026-09-28T22:46:00
2383,台光電,2021-07-05,223.0,6.5,3.00%,,18.93,,,,,,,ShowDailyK_ChartFlow,FinMind_API_TaiwanStockPrice_2383,True,2026-09-28T22:46:00,2026-09-28T22:46:00,2026-09-28T22:46:00
2383,台光電,2021-07-06,218.0,-5.0,-2.24%,,18.51,,,,,,,ShowDailyK_ChartFlow,FinMind_API_TaiwanStockPrice_2383,True,2026-09-28T22:46:00,2026-09-28T22:46:00,2026-09-28T22:46:00
2383,台光電,2021-07-07,217.0,-1.0,-0.46%,,18.42,,,,,,,ShowDailyK_ChartFlow,FinMind_API_TaiwanStockPrice_2383,True,2026-09-28T22:46:00,2026-09-28T22:46:00,2026-09-28T22:46:00
2383,台光電,2021-07-08,219.0,2.0,0.92%,,18.59,,,,,,,ShowDailyK_ChartFlow,FinMind_API_TaiwanStockPrice_2383,True,2026-09-28T22:46:00,2026-09-28T22:46:00,2026-09-28T22:46:00
2383,台光電,2021-07-09,218.5,-0.5,-0.23%,,18.55,,,,,,,ShowDailyK_ChartFlow,FinMind_API_TaiwanStockPrice_2383,True,2026-09-28T22:46:00,2026-09-28T22:46:00,2026-09-28T22:46:00
2383,台光電,2021-07-12,216.0,-2.5,-1.14%,,18.34,,,,,,,ShowDailyK_ChartFlow,FinMind_API_TaiwanStockPrice_2383,True,2026-09-28T22:46:00,2026-09-28T22:46:00,2026-09-28T22:46:00
2383,台光電,2021-07-13,223.5,7.5,3.47%,,18.97,,,,,,,ShowDailyK_ChartFlow,FinMind_API_TaiwanStockPrice_2383,True,2026-09-28T22:46:00,2026-09-28T22:46:00,2026-09-28T22:46:00
2383,台光電,2021-07-14,231.0,7.5,3.36%,,19.61,,,,,,,ShowDailyK_ChartFlow,FinMind_API_TaiwanStockPrice_2383,True,2026-09-28T22:46:00,2026-09-28T22:46:00,2026-09-28T22:46:00
2383,台光電,2021-07-15,229.0,-2.0,-0.87%,,19.44,,,,,,,ShowDailyK_ChartFlow,FinMind_API_TaiwanStockPrice_2383,True,2026-09-28T22:46:00,2026-09-28T22:46:00,2026-09-28T22:46:00
2383,台光電,2021-07-16,238.5,9.5,4.15%,,20.25,,,,,,,ShowDailyK_ChartFlow,FinMind_API_TaiwanStockPrice_2383,True,2026-09-28T22:46:00,2026-09-28T22:46:00,2026-09-28T22:46:00
2383,台光電,2021-07-19,242.5,4.0,1.68%,,20.59,,,,,,,ShowDailyK_ChartFlow,FinMind_API_TaiwanStockPrice_2383,True,2026-09-28T22:46:00,2026-09-28T22:46:00,2026-09-28T22:46:00
2383,台光電,2021-07-20,231.0,-11.5,-4.74%,,19.61,,,,,,,ShowDailyK_ChartFlow,FinMind_API_TaiwanStockPrice_2383,True,2026-09-28T22:46:00,2026-09-28T22:46:00,2026-09-28T22:46:00
2383,台光電,2021-07-21,236.0,5.0,2.16%,,20.03,,,,,,,ShowDailyK_ChartFlow,FinMind_API_TaiwanStockPrice_2383,True,2026-09-28T22:46:00,2026-09-28T22:46:00,2026-09-28T22:46:00
2383,台光電,2021-07-22,235.0,-1.0,-0.42%,,19.95,,,,,,,ShowDailyK_ChartFlow,FinMind_API_TaiwanStockPrice_2383,True,2026-09-28T22:46:00,2026-09-28T22:46:00,2026-09-28T22:46:00
2383,台光電,2021-07-23,230.5,-4.5,-1.91%,,19.57,,,,,,,ShowDailyK_ChartFlow,FinMind_API_TaiwanStockPrice_2383,True,2026-09-28T22:46:00,2026-09-28T22:46:00,2026-09-28T22:46:00
2383,台光電,2021-07-26,236.0,5.5,2.39%,,20.03,,,,,,,ShowDailyK_ChartFlow,FinMind_API_TaiwanStockPrice_2383,True,2026-09-28T22:46:00,2026-09-28T22:46:00,2026-09-28T22:46:00
2383,台光電,2021-07-27,231.0,-5.0,-2.12%,,19.61,,,,,,,ShowDailyK_ChartFlow,FinMind_API_TaiwanStockPrice_2383,True,2026-09-28T22:46:00,2026-09-28T22:46:00,2026-09-28T22:46:00
2383,台光電,2021-07-28,230.0,-1.0,-0.43%,,17.76,,,,,,,ShowDailyK_ChartFlow,FinMind_API_TaiwanStockPrice_2383,True,2026-09-28T22:46:00,2026-09-28T22:46:00,2026-09-28T22:46:00
2383,台光電,2021-07-29,229.0,-1.0,-0.43%,,17.68,,,,,,,ShowDailyK_ChartFlow,FinMind_API_TaiwanStockPrice_2383,True,2026-09-28T22:46:00,2026-09-28T22:46:00,2026-09-28T22:46:00
2383,台光電,2021-07-30,225.0,-4.0,-1.75%,,17.37,,,,,,,ShowDailyK_ChartFlow,FinMind_API_TaiwanStockPrice_2383,True,2026-09-28T22:46:00,2026-09-28T22:46:00,2026-09-28T22:46:00
2383,台光電,2021-08-02,220.5,-4.5,-2.00%,,17.03,,,,,,,ShowDailyK_ChartFlow,FinMind_API_TaiwanStockPrice_2383,True,2026-09-28T22:46:00,2026-09-28T22:46:00,2026-09-28T22:46:00
2383,台光電,2021-08-03,223.0,2.5,1.13%,,17.22,,,,,,,ShowDailyK_ChartFlow,FinMind_API_TaiwanStockPrice_2383,True,2026-09-28T22:46:00,2026-09-28T22:46:00,2026-09-28T22:46:00
2383,台光電,2021-08-04,218.5,-4.5,-2.02%,,16.87,,,,,,,ShowDailyK_ChartFlow,FinMind_API_TaiwanStockPrice_2383,True,2026-09-28T22:46:00,2026-09-28T22:46:00,2026-09-28T22:46:00
2383,台光電,2021-08-05,222.5,4.0,1.83%,,17.18,,,,,,,ShowDailyK_ChartFlow,FinMind_API_TaiwanStockPrice_2383,True,2026-09-28T22:46:00,2026-09-28T22:46:00,2026-09-28T22:46:00
2383,台光電,2021-08-06,221.5,-1.0,-0.45%,,17.1,,,,,,,ShowDailyK_ChartFlow,FinMind_API_TaiwanStockPrice_2383,True,2026-09-28T22:46:00,2026-09-28T22:46:00,2026-09-28T22:46:00
2383,台光電,2021-08-09,215.5,-6.0,-2.71%,,16.64,,,,,,,ShowDailyK_ChartFlow,FinMind_API_TaiwanStockPrice_2383,True,2026-09-28T22:46:00,2026-09-28T22:46:00,2026-09-28T22:46:00
2383,台光電,2021-08-10,215.5,0.0,0.00%,,16.64,,,,,,,ShowDailyK_ChartFlow,FinMind_API_TaiwanStockPrice_2383,True,2026-09-28T22:46:00,2026-09-28T22:46:00,2026-09-28T22:46:00
2383,台光電,2021-08-11,212.5,-3.0,-1.39%,,16.41,,,,,,,ShowDailyK_ChartFlow,FinMind_API_TaiwanStockPrice_2383,True,2026-09-28T22:46:00,2026-09-28T22:46:00,2026-09-28T22:46:00
2383,台光電,2021-08-12,220.5,8.0,3.76%,,17.03,,,,,,,ShowDailyK_ChartFlow,FinMind_API_TaiwanStockPrice_2383,True,2026-09-28T22:46:00,2026-09-28T22:46:00,2026-09-28T22:46:00
2383,台光電,2021-08-13,208.0,-12.5,-5.67%,,16.06,,,,,,,ShowDailyK_ChartFlow,FinMind_API_TaiwanStockPrice_2383,True,2026-09-28T22:46:00,2026-09-28T22:46:00,2026-09-28T22:46:00
2383,台光電,2021-08-16,205.0,-3.0,-1.44%,,15.83,,,,,,,ShowDailyK_ChartFlow,FinMind_API_TaiwanStockPrice_2383,True,2026-09-28T22:46:00,2026-09-28T22:46:00,2026-09-28T22:46:00
2383,台光電,2021-08-17,208.0,3.0,1.46%,,16.06,,,,,,,ShowDailyK_ChartFlow,FinMind_API_TaiwanStockPrice_2383,True,2026-09-28T22:46:00,2026-09-28T22:46:00,2026-09-28T22:46:00
2383,台光電,2021-08-18,222.5,14.5,6.97%,,17.18,,,,,,,ShowDailyK_ChartFlow,FinMind_API_TaiwanStockPrice_2383,True,2026-09-28T22:46:00,2026-09-28T22:46:00,2026-09-28T22:46:00
2383,台光電,2021-08-19,228.0,5.5,2.47%,,17.61,,,,,,,ShowDailyK_ChartFlow,FinMind_API_TaiwanStockPrice_2383,True,2026-09-28T22:46:00,2026-09-28T22:46:00,2026-09-28T22:46:00
2383,台光電,2021-08-20,235.5,7.5,3.29%,,18.19,,,,,,,ShowDailyK_ChartFlow,FinMind_API_TaiwanStockPrice_2383,True,2026-09-28T22:46:00,2026-09-28T22:46:00,2026-09-28T22:46:00
2383,台光電,2021-08-23,231.5,-4.0,-1.70%,,17.88,,,,,,,ShowDailyK_ChartFlow,FinMind_API_TaiwanStockPrice_2383,True,2026-09-28T22:46:00,2026-09-28T22:46:00,2026-09-28T22:46:00
2383,台光電,2021-08-24,236.5,5.0,2.16%,,18.26,,,,,,,ShowDailyK_ChartFlow,FinMind_API_TaiwanStockPrice_2383,True,2026-09-28T22:46:00,2026-09-28T22:46:00,2026-09-28T22:46:00
2383,台光電,2021-08-25,234.0,-2.5,-1.06%,,18.07,,,,,,,ShowDailyK_ChartFlow,FinMind_API_TaiwanStockPrice_2383,True,2026-09-28T22:46:00,2026-09-28T22:46:00,2026-09-28T22:46:00
2383,台光電,2021-08-26,232.0,-2.0,-0.85%,,17.92,,,,,,,ShowDailyK_ChartFlow,FinMind_API_TaiwanStockPrice_2383,True,2026-09-28T22:46:00,2026-09-28T22:46:00,2026-09-28T22:46:00
2383,台光電,2021-08-27,228.5,-3.5,-1.51%,,17.64,,,,,,,ShowDailyK_ChartFlow,FinMind_API_TaiwanStockPrice_2383,True,2026-09-28T22:46:00,2026-09-28T22:46:00,2026-09-28T22:46:00
2383,台光電,2021-08-30,230.0,1.5,0.66%,,17.76,,,,,,,ShowDailyK_ChartFlow,FinMind_API_TaiwanStockPrice_2383,True,2026-09-28T22:46:00,2026-09-28T22:46:00,2026-09-28T22:46:00
2383,台光電,2021-08-31,234.0,4.0,1.74%,,18.07,,,,,,,ShowDailyK_ChartFlow,FinMind_API_TaiwanStockPrice_2383,True,2026-09-28T22:46:00,2026-09-28T22:46:00,2026-09-28T22:46:00
2383,台光電,2021-09-01,237.0,3.0,1.28%,,18.3,,,,,,,ShowDailyK_ChartFlow,FinMind_API_TaiwanStockPrice_2383,True,2026-09-28T22:46:00,2026-09-28T22:46:00,2026-09-28T22:46:00
2383,台光電,2021-09-02,232.0,-5.0,-2.11%,,17.92,,,,,,,ShowDailyK_ChartFlow,FinMind_API_TaiwanStockPrice_2383,True,2026-09-28T22:46:00,2026-09-28T22:46:00,2026-09-28T22:46:00
2383,台光電,2021-09-03,232.0,0.0,0.00%,,17.92,,,,,,,ShowDailyK_ChartFlow,FinMind_API_TaiwanStockPrice_2383,True,2026-09-28T22:46:00,2026-09-28T22:46:00,2026-09-28T22:46:00
2383,台光電,2021-09-06,231.0,-1.0,-0.43%,,17.84,,,,,,,ShowDailyK_ChartFlow,FinMind_API_TaiwanStockPrice_2383,True,2026-09-28T22:46:00,2026-09-28T22:46:00,2026-09-28T22:46:00
2383,台光電,2021-09-07,228.0,-3.0,-1.30%,,17.61,,,,,,,ShowDailyK_ChartFlow,FinMind_API_TaiwanStockPrice_2383,True,2026-09-28T22:46:00,2026-09-28T22:46:00,2026-09-28T22:46:00
2383,台光電,2021-09-08,221.5,-6.5,-2.85%,,17.1,,,,,,,ShowDailyK_ChartFlow,FinMind_API_TaiwanStockPrice_2383,True,2026-09-28T22:46:00,2026-09-28T22:46:00,2026-09-28T22:46:00
2383,台光電,2021-09-09,226.5,5.0,2.26%,,17.49,,,,,,,ShowDailyK_ChartFlow,FinMind_API_TaiwanStockPrice_2383,True,2026-09-28T22:46:00,2026-09-28T22:46:00,2026-09-28T22:46:00
2383,台光電,2021-09-10,225.0,-1.5,-0.66%,,17.37,,,,,,,ShowDailyK_ChartFlow,FinMind_API_TaiwanStockPrice_2383,True,2026-09-28T22:46:00,2026-09-28T22:46:00,2026-09-28T22:46:00
2383,台光電,2021-09-13,219.5,-5.5,-2.44%,,16.95,,,,,,,ShowDailyK_ChartFlow,FinMind_API_TaiwanStockPrice_2383,True,2026-09-28T22:46:00,2026-09-28T22:46:00,2026-09-28T22:46:00
2383,台光電,2021-09-14,222.5,3.0,1.37%,,17.18,,,,,,,ShowDailyK_ChartFlow,FinMind_API_TaiwanStockPrice_2383,True,2026-09-28T22:46:00,2026-09-28T22:46:00,2026-09-28T22:46:00
2383,台光電,2021-09-15,219.5,-3.0,-1.35%,,16.95,,,,,,,ShowDailyK_ChartFlow,FinMind_API_TaiwanStockPrice_2383,True,2026-09-28T22:46:00,2026-09-28T22:46:00,2026-09-28T22:46:00
2383,台光電,2021-09-16,231.0,11.5,5.24%,,17.84,,,,,,,ShowDailyK_ChartFlow,FinMind_API_TaiwanStockPrice_2383,True,2026-09-28T22:46:00,2026-09-28T22:46:00,2026-09-28T22:46:00
2383,台光電,2021-09-17,227.5,-3.5,-1.52%,,17.57,,,,,,,ShowDailyK_ChartFlow,FinMind_API_TaiwanStockPrice_2383,True,2026-09-28T22:46:00,2026-09-28T22:46:00,2026-09-28T22:46:00
2383,台光電,2021-09-22,232.5,5.0,2.20%,,17.95,,,,,,,ShowDailyK_ChartFlow,FinMind_API_TaiwanStockPrice_2383,True,2026-09-28T22:46:00,2026-09-28T22:46:00,2026-09-28T22:46:00
2383,台光電,2021-09-23,249.0,16.5,7.10%,,19.23,,,,,,,ShowDailyK_ChartFlow,FinMind_API_TaiwanStockPrice_2383,True,2026-09-28T22:46:00,2026-09-28T22:46:00,2026-09-28T22:46:00
2383,台光電,2021-09-24,238.0,-11.0,-4.42%,,18.38,,,,,,,ShowDailyK_ChartFlow,FinMind_API_TaiwanStockPrice_2383,True,2026-09-28T22:46:00,2026-09-28T22:46:00,2026-09-28T22:46:00
2383,台光電,2021-09-27,226.0,-12.0,-5.04%,,17.45,,,,,,,ShowDailyK_ChartFlow,FinMind_API_TaiwanStockPrice_2383,True,2026-09-28T22:46:00,2026-09-28T22:46:00,2026-09-28T22:46:00
2383,台光電,2021-09-28,228.0,2.0,0.88%,,17.61,,,,,,,ShowDailyK_ChartFlow,FinMind_API_TaiwanStockPrice_2383,True,2026-09-28T22:46:00,2026-09-28T22:46:00,2026-09-28T22:46:00
2383,台光電,2021-09-29,214.5,-13.5,-5.92%,,16.56,,,,,,,ShowDailyK_ChartFlow,FinMind_API_TaiwanStockPrice_2383,True,2026-09-28T22:46:00,2026-09-28T22:46:00,2026-09-28T22:46:00
2383,台光電,2021-09-30,217.5,3.0,1.40%,,16.8,,,,,,,ShowDailyK_ChartFlow,FinMind_API_TaiwanStockPrice_2383,True,2026-09-28T22:46:00,2026-09-28T22:46:00,2026-09-28T22:46:00
2383,台光電,2021-10-01,210.0,-7.5,-3.45%,,16.22,,,,,,,ShowDailyK_ChartFlow,FinMind_API_TaiwanStockPrice_2383,True,2026-09-28T22:46:00,2026-09-28T22:46:00,2026-09-28T22:46:00
2383,台光電,2021-10-04,209.5,-0.5,-0.24%,,16.18,,,,,,,ShowDailyK_ChartFlow,FinMind_API_TaiwanStockPrice_2383,True,2026-09-28T22:46:00,2026-09-28T22:46:00,2026-09-28T22:46:00
2383,台光電,2021-10-05,218.0,8.5,4.06%,,16.83,,,,,,,ShowDailyK_ChartFlow,FinMind_API_TaiwanStockPrice_2383,True,2026-09-28T22:46:00,2026-09-28T22:46:00,2026-09-28T22:46:00
2383,台光電,2021-10-06,203.0,-15.0,-6.88%,,15.68,,,,,,,ShowDailyK_ChartFlow,FinMind_API_TaiwanStockPrice_2383,True,2026-09-28T22:46:00,2026-09-28T22:46:00,2026-09-28T22:46:00
2383,台光電,2021-10-07,211.5,8.5,4.19%,,16.33,,,,,,,ShowDailyK_ChartFlow,FinMind_API_TaiwanStockPrice_2383,True,2026-09-28T22:46:00,2026-09-28T22:46:00,2026-09-28T22:46:00
2383,台光電,2021-10-08,214.5,3.0,1.42%,,16.56,,,,,,,ShowDailyK_ChartFlow,FinMind_API_TaiwanStockPrice_2383,True,2026-09-28T22:46:00,2026-09-28T22:46:00,2026-09-28T22:46:00
2383,台光電,2021-10-12,207.0,-7.5,-3.50%,,15.98,,,,,,,ShowDailyK_ChartFlow,FinMind_API_TaiwanStockPrice_2383,True,2026-09-28T22:46:00,2026-09-28T22:46:00,2026-09-28T22:46:00
2383,台光電,2021-10-13,200.0,-7.0,-3.38%,,15.44,,,,,,,ShowDailyK_ChartFlow,FinMind_API_TaiwanStockPrice_2383,True,2026-09-28T22:46:00,2026-09-28T22:46:00,2026-09-28T22:46:00
2383,台光電,2021-10-14,206.5,6.5,3.25%,,15.95,,,,,,,ShowDailyK_ChartFlow,FinMind_API_TaiwanStockPrice_2383,True,2026-09-28T22:46:00,2026-09-28T22:46:00,2026-09-28T22:46:00
2383,台光電,2021-10-15,211.5,5.0,2.42%,,16.33,,,,,,,ShowDailyK_ChartFlow,FinMind_API_TaiwanStockPrice_2383,True,2026-09-28T22:46:00,2026-09-28T22:46:00,2026-09-28T22:46:00
2383,台光電,2021-10-18,207.0,-4.5,-2.13%,,15.98,,,,,,,ShowDailyK_ChartFlow,FinMind_API_TaiwanStockPrice_2383,True,2026-09-28T22:46:00,2026-09-28T22:46:00,2026-09-28T22:46:00
2383,台光電,2021-10-19,215.0,8.0,3.86%,,16.6,,,,,,,ShowDailyK_ChartFlow,FinMind_API_TaiwanStockPrice_2383,True,2026-09-28T22:46:00,2026-09-28T22:46:00,2026-09-28T22:46:00
2383,台光電,2021-10-20,217.0,2.0,0.93%,,16.76,,,,,,,ShowDailyK_ChartFlow,FinMind_API_TaiwanStockPrice_2383,True,2026-09-28T22:46:00,2026-09-28T22:46:00,2026-09-28T22:46:00
2383,台光電,2021-10-21,212.5,-4.5,-2.07%,,16.41,,,,,,,ShowDailyK_ChartFlow,FinMind_API_TaiwanStockPrice_2383,True,2026-09-28T22:46:00,2026-09-28T22:46:00,2026-09-28T22:46:00
2383,台光電,2021-10-22,217.5,5.0,2.35%,,16.8,,,,,,,ShowDailyK_ChartFlow,FinMind_API_TaiwanStockPrice_2383,True,2026-09-28T22:46:00,2026-09-28T22:46:00,2026-09-28T22:46:00
2383,台光電,2021-10-25,218.0,0.5,0.23%,,16.83,,,,,,,ShowDailyK_ChartFlow,FinMind_API_TaiwanStockPrice_2383,True,2026-09-28T22:46:00,2026-09-28T22:46:00,2026-09-28T22:46:00
2383,台光電,2021-10-26,218.0,0.0,0.00%,,16.83,,,,,,,ShowDailyK_ChartFlow,FinMind_API_TaiwanStockPrice_2383,True,2026-09-28T22:46:00,2026-09-28T22:46:00,2026-09-28T22:46:00
2383,台光電,2021-10-27,227.5,9.5,4.36%,,15.22,,,,,,,ShowDailyK_ChartFlow,FinMind_API_TaiwanStockPrice_2383,True,2026-09-28T22:46:00,2026-09-28T22:46:00,2026-09-28T22:46:00
2383,台光電,2021-10-28,240.5,13.0,5.71%,,16.09,,,,,,,ShowDailyK_ChartFlow,FinMind_API_TaiwanStockPrice_2383,True,2026-09-28T22:46:00,2026-09-28T22:46:00,2026-09-28T22:46:00
2383,台光電,2021-10-29,240.5,0.0,0.00%,,16.09,,,,,,,ShowDailyK_ChartFlow,FinMind_API_TaiwanStockPrice_2383,True,2026-09-28T22:46:00,2026-09-28T22:46:00,2026-09-28T22:46:00
2383,台光電,2021-11-01,234.0,-6.5,-2.70%,,15.65,,,,,,,ShowDailyK_ChartFlow,FinMind_API_TaiwanStockPrice_2383,True,2026-09-28T22:46:00,2026-09-28T22:46:00,2026-09-28T22:46:00
2383,台光電,2021-11-02,228.5,-5.5,-2.35%,,15.28,,,,,,,ShowDailyK_ChartFlow,FinMind_API_TaiwanStockPrice_2383,True,2026-09-28T22:46:00,2026-09-28T22:46:00,2026-09-28T22:46:00
2383,台光電,2021-11-03,232.0,3.5,1.53%,,15.52,,,,,,,ShowDailyK_ChartFlow,FinMind_API_TaiwanStockPrice_2383,True,2026-09-28T22:46:00,2026-09-28T22:46:00,2026-09-28T22:46:00
2383,台光電,2021-11-04,231.5,-0.5,-0.22%,,15.48,,,,,,,ShowDailyK_ChartFlow,FinMind_API_TaiwanStockPrice_2383,True,2026-09-28T22:46:00,2026-09-28T22:46:00,2026-09-28T22:46:00
2383,台光電,2021-11-05,230.5,-1.0,-0.43%,,15.42,,,,,,,ShowDailyK_ChartFlow,FinMind_API_TaiwanStockPrice_2383,True,2026-09-28T22:46:00,2026-09-28T22:46:00,2026-09-28T22:46:00
2383,台光電,2021-11-08,230.0,-0.5,-0.22%,,15.38,,,,,,,ShowDailyK_ChartFlow,FinMind_API_TaiwanStockPrice_2383,True,2026-09-28T22:46:00,2026-09-28T22:46:00,2026-09-28T22:46:00
2383,台光電,2021-11-09,232.0,2.0,0.87%,,15.52,,,,,,,ShowDailyK_ChartFlow,FinMind_API_TaiwanStockPrice_2383,True,2026-09-28T22:46:00,2026-09-28T22:46:00,2026-09-28T22:46:00
2383,台光電,2021-11-10,231.0,-1.0,-0.43%,,15.45,,,,,,,ShowDailyK_ChartFlow,FinMind_API_TaiwanStockPrice_2383,True,2026-09-28T22:46:00,2026-09-28T22:46:00,2026-09-28T22:46:00
2383,台光電,2021-11-11,229.5,-1.5,-0.65%,,15.35,,,,,,,ShowDailyK_ChartFlow,FinMind_API_TaiwanStockPrice_2383,True,2026-09-28T22:46:00,2026-09-28T22:46:00,2026-09-28T22:46:00
2383,台光電,2021-11-12,232.0,2.5,1.09%,,15.52,,,,,,,ShowDailyK_ChartFlow,FinMind_API_TaiwanStockPrice_2383,True,2026-09-28T22:46:00,2026-09-28T22:46:00,2026-09-28T22:46:00
2383,台光電,2021-11-15,234.0,2.0,0.86%,,15.65,,,,,,,ShowDailyK_ChartFlow,FinMind_API_TaiwanStockPrice_2383,True,2026-09-28T22:46:00,2026-09-28T22:46:00,2026-09-28T22:46:00
2383,台光電,2021-11-16,233.0,-1.0,-0.43%,,15.59,,,,,,,ShowDailyK_ChartFlow,FinMind_API_TaiwanStockPrice_2383,True,2026-09-28T22:46:00,2026-09-28T22:46:00,2026-09-28T22:46:00
2383,台光電,2021-11-17,233.0,0.0,0.00%,,15.59,,,,,,,ShowDailyK_ChartFlow,FinMind_API_TaiwanStockPrice_2383,True,2026-09-28T22:46:00,2026-09-28T22:46:00,2026-09-28T22:46:00
2383,台光電,2021-11-18,232.0,-1.0,-0.43%,,15.52,,,,,,,ShowDailyK_ChartFlow,FinMind_API_TaiwanStockPrice_2383,True,2026-09-28T22:46:00,2026-09-28T22:46:00,2026-09-28T22:46:00
2383,台光電,2021-11-19,227.5,-4.5,-1.94%,,15.22,,,,,,,ShowDailyK_ChartFlow,FinMind_API_TaiwanStockPrice_2383,True,2026-09-28T22:46:00,2026-09-28T22:46:00,2026-09-28T22:46:00
2383,台光電,2021-11-22,233.0,5.5,2.42%,,15.59,,,,,,,ShowDailyK_ChartFlow,FinMind_API_TaiwanStockPrice_2383,True,2026-09-28T22:46:00,2026-09-28T22:46:00,2026-09-28T22:46:00
2383,台光電,2021-11-23,228.5,-4.5,-1.93%,,15.28,,,,,,,ShowDailyK_ChartFlow,FinMind_API_TaiwanStockPrice_2383,True,2026-09-28T22:46:00,2026-09-28T22:46:00,2026-09-28T22:46:00
2383,台光電,2021-11-24,245.0,16.5,7.22%,,16.39,,,,,,,ShowDailyK_ChartFlow,FinMind_API_TaiwanStockPrice_2383,True,2026-09-28T22:46:00,2026-09-28T22:46:00,2026-09-28T22:46:00
2383,台光電,2021-11-25,269.5,24.5,10.00%,,18.03,,,,,,,ShowDailyK_ChartFlow,FinMind_API_TaiwanStockPrice_2383,True,2026-09-28T22:46:00,2026-09-28T22:46:00,2026-09-28T22:46:00
2383,台光電,2021-11-26,272.5,3.0,1.11%,,18.23,,,,,,,ShowDailyK_ChartFlow,FinMind_API_TaiwanStockPrice_2383,True,2026-09-28T22:46:00,2026-09-28T22:46:00,2026-09-28T22:46:00
2383,台光電,2021-11-29,280.0,7.5,2.75%,,18.73,,,,,,,ShowDailyK_ChartFlow,FinMind_API_TaiwanStockPrice_2383,True,2026-09-28T22:46:00,2026-09-28T22:46:00,2026-09-28T22:46:00
2383,台光電,2021-11-30,280.0,0.0,0.00%,,18.73,,,,,,,ShowDailyK_ChartFlow,FinMind_API_TaiwanStockPrice_2383,True,2026-09-28T22:46:00,2026-09-28T22:46:00,2026-09-28T22:46:00
2383,台光電,2021-12-01,279.5,-0.5,-0.18%,,18.7,,,,,,,ShowDailyK_ChartFlow,FinMind_API_TaiwanStockPrice_2383,True,2026-09-28T22:46:00,2026-09-28T22:46:00,2026-09-28T22:46:00
2383,台光電,2021-12-02,269.0,-10.5,-3.76%,,17.99,,,,,,,ShowDailyK_ChartFlow,FinMind_API_TaiwanStockPrice_2383,True,2026-09-28T22:46:00,2026-09-28T22:46:00,2026-09-28T22:46:00
2383,台光電,2021-12-03,274.5,5.5,2.04%,,18.36,,,,,,,ShowDailyK_ChartFlow,FinMind_API_TaiwanStockPrice_2383,True,2026-09-28T22:46:00,2026-09-28T22:46:00,2026-09-28T22:46:00
2383,台光電,2021-12-06,275.5,1.0,0.36%,,18.43,,,,,,,ShowDailyK_ChartFlow,FinMind_API_TaiwanStockPrice_2383,True,2026-09-28T22:46:00,2026-09-28T22:46:00,2026-09-28T22:46:00
2383,台光電,2021-12-07,278.0,2.5,0.91%,,18.6,,,,,,,ShowDailyK_ChartFlow,FinMind_API_TaiwanStockPrice_2383,True,2026-09-28T22:46:00,2026-09-28T22:46:00,2026-09-28T22:46:00
2383,台光電,2021-12-08,280.0,2.0,0.72%,,18.73,,,,,,,ShowDailyK_ChartFlow,FinMind_API_TaiwanStockPrice_2383,True,2026-09-28T22:46:00,2026-09-28T22:46:00,2026-09-28T22:46:00
2383,台光電,2021-12-09,276.5,-3.5,-1.25%,,18.49,,,,,,,ShowDailyK_ChartFlow,FinMind_API_TaiwanStockPrice_2383,True,2026-09-28T22:46:00,2026-09-28T22:46:00,2026-09-28T22:46:00
2383,台光電,2021-12-10,280.0,3.5,1.27%,,18.73,,,,,,,ShowDailyK_ChartFlow,FinMind_API_TaiwanStockPrice_2383,True,2026-09-28T22:46:00,2026-09-28T22:46:00,2026-09-28T22:46:00
2383,台光電,2021-12-13,279.0,-1.0,-0.36%,,18.66,,,,,,,ShowDailyK_ChartFlow,FinMind_API_TaiwanStockPrice_2383,True,2026-09-28T22:46:00,2026-09-28T22:46:00,2026-09-28T22:46:00
2383,台光電,2021-12-14,274.0,-5.0,-1.79%,,18.33,,,,,,,ShowDailyK_ChartFlow,FinMind_API_TaiwanStockPrice_2383,True,2026-09-28T22:46:00,2026-09-28T22:46:00,2026-09-28T22:46:00
2383,台光電,2021-12-15,275.0,1.0,0.36%,,18.39,,,,,,,ShowDailyK_ChartFlow,FinMind_API_TaiwanStockPrice_2383,True,2026-09-28T22:46:00,2026-09-28T22:46:00,2026-09-28T22:46:00
2383,台光電,2021-12-16,282.5,7.5,2.73%,,18.9,,,,,,,ShowDailyK_ChartFlow,FinMind_API_TaiwanStockPrice_2383,True,2026-09-28T22:46:00,2026-09-28T22:46:00,2026-09-28T22:46:00
2383,台光電,2021-12-17,276.5,-6.0,-2.12%,,18.49,,,,,,,ShowDailyK_ChartFlow,FinMind_API_TaiwanStockPrice_2383,True,2026-09-28T22:46:00,2026-09-28T22:46:00,2026-09-28T22:46:00
2383,台光電,2021-12-20,275.5,-1.0,-0.36%,,18.43,,,,,,,ShowDailyK_ChartFlow,FinMind_API_TaiwanStockPrice_2383,True,2026-09-28T22:46:00,2026-09-28T22:46:00,2026-09-28T22:46:00
2383,台光電,2021-12-21,275.5,0.0,0.00%,,18.43,,,,,,,ShowDailyK_ChartFlow,FinMind_API_TaiwanStockPrice_2383,True,2026-09-28T22:46:00,2026-09-28T22:46:00,2026-09-28T22:46:00
2383,台光電,2021-12-22,275.5,0.0,0.00%,,18.43,,,,,,,ShowDailyK_ChartFlow,FinMind_API_TaiwanStockPrice_2383,True,2026-09-28T22:46:00,2026-09-28T22:46:00,2026-09-28T22:46:00
2383,台光電,2021-12-23,281.0,5.5,2.00%,,18.8,,,,,,,ShowDailyK_ChartFlow,FinMind_API_TaiwanStockPrice_2383,True,2026-09-28T22:46:00,2026-09-28T22:46:00,2026-09-28T22:46:00
2383,台光電,2021-12-24,276.5,-4.5,-1.60%,,18.49,,,,,,,ShowDailyK_ChartFlow,FinMind_API_TaiwanStockPrice_2383,True,2026-09-28T22:46:00,2026-09-28T22:46:00,2026-09-28T22:46:00
2383,台光電,2021-12-27,277.5,1.0,0.36%,,18.56,,,,,,,ShowDailyK_ChartFlow,FinMind_API_TaiwanStockPrice_2383,True,2026-09-28T22:46:00,2026-09-28T22:46:00,2026-09-28T22:46:00
2383,台光電,2021-12-28,277.5,0.0,0.00%,,18.56,,,,,,,ShowDailyK_ChartFlow,FinMind_API_TaiwanStockPrice_2383,True,2026-09-28T22:46:00,2026-09-28T22:46:00,2026-09-28T22:46:00
2383,台光電,2021-12-29,279.5,2.0,0.72%,,18.7,,,,,,,ShowDailyK_ChartFlow,FinMind_API_TaiwanStockPrice_2383,True,2026-09-28T22:46:00,2026-09-28T22:46:00,2026-09-28T22:46:00
2383,台光電,2021-12-30,278.0,-1.5,-0.54%,,18.6,,,,,,,ShowDailyK_ChartFlow,FinMind_API_TaiwanStockPrice_2383,True,2026-09-28T22:46:00,2026-09-28T22:46:00,2026-09-28T22:46:00
2383,台光電,2022-01-03,277.5,-0.5,-0.18%,,18.56,,,,,,,ShowDailyK_ChartFlow,FinMind_API_TaiwanStockPrice_2383,True,2026-09-28T22:46:00,2026-09-28T22:46:00,2026-09-28T22:46:00
2383,台光電,2022-01-04,277.0,-0.5,-0.18%,,18.53,,,,,,,ShowDailyK_ChartFlow,FinMind_API_TaiwanStockPrice_2383,True,2026-09-28T22:46:00,2026-09-28T22:46:00,2026-09-28T22:46:00
2383,台光電,2022-01-05,280.5,3.5,1.26%,,18.76,,,,,,,ShowDailyK_ChartFlow,FinMind_API_TaiwanStockPrice_2383,True,2026-09-28T22:46:00,2026-09-28T22:46:00,2026-09-28T22:46:00
2383,台光電,2022-01-06,285.0,4.5,1.60%,,19.06,,,,,,,ShowDailyK_ChartFlow,FinMind_API_TaiwanStockPrice_2383,True,2026-09-28T22:46:00,2026-09-28T22:46:00,2026-09-28T22:46:00
2383,台光電,2022-01-07,273.0,-12.0,-4.21%,,18.26,,,,,,,ShowDailyK_ChartFlow,FinMind_API_TaiwanStockPrice_2383,True,2026-09-28T22:46:00,2026-09-28T22:46:00,2026-09-28T22:46:00
2383,台光電,2022-01-10,275.0,2.0,0.73%,,18.39,,,,,,,ShowDailyK_ChartFlow,FinMind_API_TaiwanStockPrice_2383,True,2026-09-28T22:46:00,2026-09-28T22:46:00,2026-09-28T22:46:00
2383,台光電,2022-01-11,262.5,-12.5,-4.55%,,17.56,,,,,,,ShowDailyK_ChartFlow,FinMind_API_TaiwanStockPrice_2383,True,2026-09-28T22:46:00,2026-09-28T22:46:00,2026-09-28T22:46:00
2383,台光電,2022-01-12,262.0,-0.5,-0.19%,,17.53,,,,,,,ShowDailyK_ChartFlow,FinMind_API_TaiwanStockPrice_2383,True,2026-09-28T22:46:00,2026-09-28T22:46:00,2026-09-28T22:46:00
2383,台光電,2022-01-13,262.0,0.0,0.00%,,17.53,,,,,,,ShowDailyK_ChartFlow,FinMind_API_TaiwanStockPrice_2383,True,2026-09-28T22:46:00,2026-09-28T22:46:00,2026-09-28T22:46:00
2383,台光電,2022-01-14,267.0,5.0,1.91%,,17.86,,,,,,,ShowDailyK_ChartFlow,FinMind_API_TaiwanStockPrice_2383,True,2026-09-28T22:46:00,2026-09-28T22:46:00,2026-09-28T22:46:00
2383,台光電,2022-01-17,274.0,7.0,2.62%,,18.33,,,,,,,ShowDailyK_ChartFlow,FinMind_API_TaiwanStockPrice_2383,True,2026-09-28T22:46:00,2026-09-28T22:46:00,2026-09-28T22:46:00
2383,台光電,2022-01-18,276.0,2.0,0.73%,,18.46,,,,,,,ShowDailyK_ChartFlow,FinMind_API_TaiwanStockPrice_2383,True,2026-09-28T22:46:00,2026-09-28T22:46:00,2026-09-28T22:46:00
2383,台光電,2022-01-19,281.5,5.5,1.99%,,18.83,,,,,,,ShowDailyK_ChartFlow,FinMind_API_TaiwanStockPrice_2383,True,2026-09-28T22:46:00,2026-09-28T22:46:00,2026-09-28T22:46:00
2383,台光電,2022-01-20,279.0,-2.5,-0.89%,,18.66,,,,,,,ShowDailyK_ChartFlow,FinMind_API_TaiwanStockPrice_2383,True,2026-09-28T22:46:00,2026-09-28T22:46:00,2026-09-28T22:46:00
2383,台光電,2022-01-21,273.0,-6.0,-2.15%,,18.26,,,,,,,ShowDailyK_ChartFlow,FinMind_API_TaiwanStockPrice_2383,True,2026-09-28T22:46:00,2026-09-28T22:46:00,2026-09-28T22:46:00
2383,台光電,2022-01-24,275.0,2.0,0.73%,,18.39,,,,,,,ShowDailyK_ChartFlow,FinMind_API_TaiwanStockPrice_2383,True,2026-09-28T22:46:00,2026-09-28T22:46:00,2026-09-28T22:46:00
2383,台光電,2022-01-25,265.0,-10.0,-3.64%,,17.73,,,,,,,ShowDailyK_ChartFlow,FinMind_API_TaiwanStockPrice_2383,True,2026-09-28T22:46:00,2026-09-28T22:46:00,2026-09-28T22:46:00
2383,台光電,2022-01-26,264.5,-0.5,-0.19%,,17.69,,,,,,,ShowDailyK_ChartFlow,FinMind_API_TaiwanStockPrice_2383,True,2026-09-28T22:46:00,2026-09-28T22:46:00,2026-09-28T22:46:00
2383,台光電,2022-02-07,271.5,7.0,2.65%,,18.16,,,,,,,ShowDailyK_ChartFlow,FinMind_API_TaiwanStockPrice_2383,True,2026-09-28T22:46:00,2026-09-28T22:46:00,2026-09-28T22:46:00
2383,台光電,2022-02-08,275.0,3.5,1.29%,,18.39,,,,,,,ShowDailyK_ChartFlow,FinMind_API_TaiwanStockPrice_2383,True,2026-09-28T22:46:00,2026-09-28T22:46:00,2026-09-28T22:46:00
2383,台光電,2022-02-09,275.5,0.5,0.18%,,18.43,,,,,,,ShowDailyK_ChartFlow,FinMind_API_TaiwanStockPrice_2383,True,2026-09-28T22:46:00,2026-09-28T22:46:00,2026-09-28T22:46:00
2383,台光電,2022-02-10,285.5,10.0,3.63%,,19.1,,,,,,,ShowDailyK_ChartFlow,FinMind_API_TaiwanStockPrice_2383,True,2026-09-28T22:46:00,2026-09-28T22:46:00,2026-09-28T22:46:00
2383,台光電,2022-02-11,279.0,-6.5,-2.28%,,18.66,,,,,,,ShowDailyK_ChartFlow,FinMind_API_TaiwanStockPrice_2383,True,2026-09-28T22:46:00,2026-09-28T22:46:00,2026-09-28T22:46:00
2383,台光電,2022-02-14,271.5,-7.5,-2.69%,,18.16,,,,,,,ShowDailyK_ChartFlow,FinMind_API_TaiwanStockPrice_2383,True,2026-09-28T22:46:00,2026-09-28T22:46:00,2026-09-28T22:46:00
2383,台光電,2022-02-15,271.0,-0.5,-0.18%,,18.13,,,,,,,ShowDailyK_ChartFlow,FinMind_API_TaiwanStockPrice_2383,True,2026-09-28T22:46:00,2026-09-28T22:46:00,2026-09-28T22:46:00
2383,台光電,2022-02-16,275.5,4.5,1.66%,,18.43,,,,,,,ShowDailyK_ChartFlow,FinMind_API_TaiwanStockPrice_2383,True,2026-09-28T22:46:00,2026-09-28T22:46:00,2026-09-28T22:46:00
2383,台光電,2022-02-17,280.0,4.5,1.63%,,18.73,,,,,,,ShowDailyK_ChartFlow,FinMind_API_TaiwanStockPrice_2383,True,2026-09-28T22:46:00,2026-09-28T22:46:00,2026-09-28T22:46:00
2383,台光電,2022-02-18,278.0,-2.0,-0.71%,,18.6,,,,,,,ShowDailyK_ChartFlow,FinMind_API_TaiwanStockPrice_2383,True,2026-09-28T22:46:00,2026-09-28T22:46:00,2026-09-28T22:46:00
2383,台光電,2022-02-21,278.0,0.0,0.00%,,18.6,,,,,,,ShowDailyK_ChartFlow,FinMind_API_TaiwanStockPrice_2383,True,2026-09-28T22:46:00,2026-09-28T22:46:00,2026-09-28T22:46:00
2383,台光電,2022-02-22,279.0,1.0,0.36%,,18.66,,,,,,,ShowDailyK_ChartFlow,FinMind_API_TaiwanStockPrice_2383,True,2026-09-28T22:46:00,2026-09-28T22:46:00,2026-09-28T22:46:00
2383,台光電,2022-02-23,288.0,9.0,3.23%,,17.45,,,,,,,ShowDailyK_ChartFlow,FinMind_API_TaiwanStockPrice_2383,True,2026-09-28T22:46:00,2026-09-28T22:46:00,2026-09-28T22:46:00
2383,台光電,2022-02-24,279.0,-9.0,-3.12%,,16.91,,,,,,,ShowDailyK_ChartFlow,FinMind_API_TaiwanStockPrice_2383,True,2026-09-28T22:46:00,2026-09-28T22:46:00,2026-09-28T22:46:00
2383,台光電,2022-02-25,270.0,-9.0,-3.23%,,16.36,,,,,,,ShowDailyK_ChartFlow,FinMind_API_TaiwanStockPrice_2383,True,2026-09-28T22:46:00,2026-09-28T22:46:00,2026-09-28T22:46:00
2383,台光電,2022-03-01,273.0,3.0,1.11%,,16.55,,,,,,,ShowDailyK_ChartFlow,FinMind_API_TaiwanStockPrice_2383,True,2026-09-28T22:46:00,2026-09-28T22:46:00,2026-09-28T22:46:00
2383,台光電,2022-03-02,275.5,2.5,0.92%,,16.7,,,,,,,ShowDailyK_ChartFlow,FinMind_API_TaiwanStockPrice_2383,True,2026-09-28T22:46:00,2026-09-28T22:46:00,2026-09-28T22:46:00
2383,台光電,2022-03-03,274.0,-1.5,-0.54%,,16.61,,,,,,,ShowDailyK_ChartFlow,FinMind_API_TaiwanStockPrice_2383,True,2026-09-28T22:46:00,2026-09-28T22:46:00,2026-09-28T22:46:00
2383,台光電,2022-03-04,273.0,-1.0,-0.36%,,16.55,,,,,,,ShowDailyK_ChartFlow,FinMind_API_TaiwanStockPrice_2383,True,2026-09-28T22:46:00,2026-09-28T22:46:00,2026-09-28T22:46:00
2383,台光電,2022-03-07,262.0,-11.0,-4.03%,,15.88,,,,,,,ShowDailyK_ChartFlow,FinMind_API_TaiwanStockPrice_2383,True,2026-09-28T22:46:00,2026-09-28T22:46:00,2026-09-28T22:46:00
2383,台光電,2022-03-08,254.0,-8.0,-3.05%,,15.39,,,,,,,ShowDailyK_ChartFlow,FinMind_API_TaiwanStockPrice_2383,True,2026-09-28T22:46:00,2026-09-28T22:46:00,2026-09-28T22:46:00
2383,台光電,2022-03-09,254.0,0.0,0.00%,,15.39,,,,,,,ShowDailyK_ChartFlow,FinMind_API_TaiwanStockPrice_2383,True,2026-09-28T22:46:00,2026-09-28T22:46:00,2026-09-28T22:46:00
2383,台光電,2022-03-10,260.0,6.0,2.36%,,15.76,,,,,,,ShowDailyK_ChartFlow,FinMind_API_TaiwanStockPrice_2383,True,2026-09-28T22:46:00,2026-09-28T22:46:00,2026-09-28T22:46:00
2383,台光電,2022-03-11,253.0,-7.0,-2.69%,,15.33,,,,,,,ShowDailyK_ChartFlow,FinMind_API_TaiwanStockPrice_2383,True,2026-09-28T22:46:00,2026-09-28T22:46:00,2026-09-28T22:46:00
2383,台光電,2022-03-14,252.5,-0.5,-0.20%,,15.3,,,,,,,ShowDailyK_ChartFlow,FinMind_API_TaiwanStockPrice_2383,True,2026-09-28T22:46:00,2026-09-28T22:46:00,2026-09-28T22:46:00
2383,台光電,2022-03-15,249.0,-3.5,-1.39%,,15.09,,,,,,,ShowDailyK_ChartFlow,FinMind_API_TaiwanStockPrice_2383,True,2026-09-28T22:46:00,2026-09-28T22:46:00,2026-09-28T22:46:00
2383,台光電,2022-03-16,244.5,-4.5,-1.81%,,14.82,,,,,,,ShowDailyK_ChartFlow,FinMind_API_TaiwanStockPrice_2383,True,2026-09-28T22:46:00,2026-09-28T22:46:00,2026-09-28T22:46:00
2383,台光電,2022-03-17,258.5,14.0,5.73%,,15.67,,,,,,,ShowDailyK_ChartFlow,FinMind_API_TaiwanStockPrice_2383,True,2026-09-28T22:46:00,2026-09-28T22:46:00,2026-09-28T22:46:00
2383,台光電,2022-03-18,255.0,-3.5,-1.35%,,15.45,,,,,,,ShowDailyK_ChartFlow,FinMind_API_TaiwanStockPrice_2383,True,2026-09-28T22:46:00,2026-09-28T22:46:00,2026-09-28T22:46:00
2383,台光電,2022-03-21,256.0,1.0,0.39%,,15.52,,,,,,,ShowDailyK_ChartFlow,FinMind_API_TaiwanStockPrice_2383,True,2026-09-28T22:46:00,2026-09-28T22:46:00,2026-09-28T22:46:00
2383,台光電,2022-03-22,257.5,1.5,0.59%,,15.61,,,,,,,ShowDailyK_ChartFlow,FinMind_API_TaiwanStockPrice_2383,True,2026-09-28T22:46:00,2026-09-28T22:46:00,2026-09-28T22:46:00
2383,台光電,2022-03-23,258.5,1.0,0.39%,,15.67,,,,,,,ShowDailyK_ChartFlow,FinMind_API_TaiwanStockPrice_2383,True,2026-09-28T22:46:00,2026-09-28T22:46:00,2026-09-28T22:46:00
2383,台光電,2022-03-24,257.0,-1.5,-0.58%,,15.58,,,,,,,ShowDailyK_ChartFlow,FinMind_API_TaiwanStockPrice_2383,True,2026-09-28T22:46:00,2026-09-28T22:46:00,2026-09-28T22:46:00
2383,台光電,2022-03-25,257.0,0.0,0.00%,,15.58,,,,,,,ShowDailyK_ChartFlow,FinMind_API_TaiwanStockPrice_2383,True,2026-09-28T22:46:00,2026-09-28T22:46:00,2026-09-28T22:46:00
2383,台光電,2022-03-28,261.0,4.0,1.56%,,15.82,,,,,,,ShowDailyK_ChartFlow,FinMind_API_TaiwanStockPrice_2383,True,2026-09-28T22:46:00,2026-09-28T22:46:00,2026-09-28T22:46:00
2383,台光電,2022-03-29,259.0,-2.0,-0.77%,,15.7,,,,,,,ShowDailyK_ChartFlow,FinMind_API_TaiwanStockPrice_2383,True,2026-09-28T22:46:00,2026-09-28T22:46:00,2026-09-28T22:46:00
2383,台光電,2022-03-30,261.0,2.0,0.77%,,15.82,,,,,,,ShowDailyK_ChartFlow,FinMind_API_TaiwanStockPrice_2383,True,2026-09-28T22:46:00,2026-09-28T22:46:00,2026-09-28T22:46:00
2383,台光電,2022-03-31,258.0,-3.0,-1.15%,,15.64,,,,,,,ShowDailyK_ChartFlow,FinMind_API_TaiwanStockPrice_2383,True,2026-09-28T22:46:00,2026-09-28T22:46:00,2026-09-28T22:46:00
2383,台光電,2022-04-01,261.0,3.0,1.16%,,15.82,,,,,,,ShowDailyK_ChartFlow,FinMind_API_TaiwanStockPrice_2383,True,2026-09-28T22:46:00,2026-09-28T22:46:00,2026-09-28T22:46:00
2383,台光電,2022-04-06,257.0,-4.0,-1.53%,,15.58,,,,,,,ShowDailyK_ChartFlow,FinMind_API_TaiwanStockPrice_2383,True,2026-09-28T22:46:00,2026-09-28T22:46:00,2026-09-28T22:46:00
2383,台光電,2022-04-07,255.0,-2.0,-0.78%,,15.45,,,,,,,ShowDailyK_ChartFlow,FinMind_API_TaiwanStockPrice_2383,True,2026-09-28T22:46:00,2026-09-28T22:46:00,2026-09-28T22:46:00
2383,台光電,2022-04-08,257.0,2.0,0.78%,,15.58,,,,,,,ShowDailyK_ChartFlow,FinMind_API_TaiwanStockPrice_2383,True,2026-09-28T22:46:00,2026-09-28T22:46:00,2026-09-28T22:46:00
2383,台光電,2022-04-11,240.0,-17.0,-6.61%,,14.55,,,,,,,ShowDailyK_ChartFlow,FinMind_API_TaiwanStockPrice_2383,True,2026-09-28T22:46:00,2026-09-28T22:46:00,2026-09-28T22:46:00
2383,台光電,2022-04-12,237.0,-3.0,-1.25%,,14.36,,,,,,,ShowDailyK_ChartFlow,FinMind_API_TaiwanStockPrice_2383,True,2026-09-28T22:46:00,2026-09-28T22:46:00,2026-09-28T22:46:00
2383,台光電,2022-04-13,238.5,1.5,0.63%,,14.45,,,,,,,ShowDailyK_ChartFlow,FinMind_API_TaiwanStockPrice_2383,True,2026-09-28T22:46:00,2026-09-28T22:46:00,2026-09-28T22:46:00
2383,台光電,2022-04-14,240.5,2.0,0.84%,,14.58,,,,,,,ShowDailyK_ChartFlow,FinMind_API_TaiwanStockPrice_2383,True,2026-09-28T22:46:00,2026-09-28T22:46:00,2026-09-28T22:46:00
2383,台光電,2022-04-15,235.5,-5.0,-2.08%,,14.27,,,,,,,ShowDailyK_ChartFlow,FinMind_API_TaiwanStockPrice_2383,True,2026-09-28T22:46:00,2026-09-28T22:46:00,2026-09-28T22:46:00
2383,台光電,2022-04-18,234.5,-1.0,-0.42%,,14.21,,,,,,,ShowDailyK_ChartFlow,FinMind_API_TaiwanStockPrice_2383,True,2026-09-28T22:46:00,2026-09-28T22:46:00,2026-09-28T22:46:00
2383,台光電,2022-04-19,236.0,1.5,0.64%,,14.3,,,,,,,ShowDailyK_ChartFlow,FinMind_API_TaiwanStockPrice_2383,True,2026-09-28T22:46:00,2026-09-28T22:46:00,2026-09-28T22:46:00
2383,台光電,2022-04-20,242.5,6.5,2.75%,,14.7,,,,,,,ShowDailyK_ChartFlow,FinMind_API_TaiwanStockPrice_2383,True,2026-09-28T22:46:00,2026-09-28T22:46:00,2026-09-28T22:46:00
2383,台光電,2022-04-21,245.0,2.5,1.03%,,14.85,,,,,,,ShowDailyK_ChartFlow,FinMind_API_TaiwanStockPrice_2383,True,2026-09-28T22:46:00,2026-09-28T22:46:00,2026-09-28T22:46:00
2383,台光電,2022-04-22,243.5,-1.5,-0.61%,,14.76,,,,,,,ShowDailyK_ChartFlow,FinMind_API_TaiwanStockPrice_2383,True,2026-09-28T22:46:00,2026-09-28T22:46:00,2026-09-28T22:46:00
2383,台光電,2022-04-25,235.5,-8.0,-3.29%,,14.27,,,,,,,ShowDailyK_ChartFlow,FinMind_API_TaiwanStockPrice_2383,True,2026-09-28T22:46:00,2026-09-28T22:46:00,2026-09-28T22:46:00
2383,台光電,2022-04-26,235.5,0.0,0.00%,,14.27,,,,,,,ShowDailyK_ChartFlow,FinMind_API_TaiwanStockPrice_2383,True,2026-09-28T22:46:00,2026-09-28T22:46:00,2026-09-28T22:46:00
2383,台光電,2022-04-27,233.0,-2.5,-1.06%,,13.25,,,,,,,ShowDailyK_ChartFlow,FinMind_API_TaiwanStockPrice_2383,True,2026-09-28T22:46:00,2026-09-28T22:46:00,2026-09-28T22:46:00
2383,台光電,2022-04-28,216.0,-17.0,-7.30%,,12.29,,,,,,,ShowDailyK_ChartFlow,FinMind_API_TaiwanStockPrice_2383,True,2026-09-28T22:46:00,2026-09-28T22:46:00,2026-09-28T22:46:00
2383,台光電,2022-04-29,222.0,6.0,2.78%,,12.63,,,,,,,ShowDailyK_ChartFlow,FinMind_API_TaiwanStockPrice_2383,True,2026-09-28T22:46:00,2026-09-28T22:46:00,2026-09-28T22:46:00
2383,台光電,2022-05-03,215.0,-7.0,-3.15%,,12.23,,,,,,,ShowDailyK_ChartFlow,FinMind_API_TaiwanStockPrice_2383,True,2026-09-28T22:46:00,2026-09-28T22:46:00,2026-09-28T22:46:00
2383,台光電,2022-05-04,222.0,7.0,3.26%,,12.63,,,,,,,ShowDailyK_ChartFlow,FinMind_API_TaiwanStockPrice_2383,True,2026-09-28T22:46:00,2026-09-28T22:46:00,2026-09-28T22:46:00
2383,台光電,2022-05-05,222.0,0.0,0.00%,,12.63,,,,,,,ShowDailyK_ChartFlow,FinMind_API_TaiwanStockPrice_2383,True,2026-09-28T22:46:00,2026-09-28T22:46:00,2026-09-28T22:46:00
2383,台光電,2022-05-06,215.0,-7.0,-3.15%,,12.23,,,,,,,ShowDailyK_ChartFlow,FinMind_API_TaiwanStockPrice_2383,True,2026-09-28T22:46:00,2026-09-28T22:46:00,2026-09-28T22:46:00
2383,台光電,2022-05-09,210.5,-4.5,-2.09%,,11.97,,,,,,,ShowDailyK_ChartFlow,FinMind_API_TaiwanStockPrice_2383,True,2026-09-28T22:46:00,2026-09-28T22:46:00,2026-09-28T22:46:00
2383,台光電,2022-05-10,214.0,3.5,1.66%,,12.17,,,,,,,ShowDailyK_ChartFlow,FinMind_API_TaiwanStockPrice_2383,True,2026-09-28T22:46:00,2026-09-28T22:46:00,2026-09-28T22:46:00
2383,台光電,2022-05-11,210.5,-3.5,-1.64%,,11.97,,,,,,,ShowDailyK_ChartFlow,FinMind_API_TaiwanStockPrice_2383,True,2026-09-28T22:46:00,2026-09-28T22:46:00,2026-09-28T22:46:00
2383,台光電,2022-05-12,213.0,2.5,1.19%,,12.12,,,,,,,ShowDailyK_ChartFlow,FinMind_API_TaiwanStockPrice_2383,True,2026-09-28T22:46:00,2026-09-28T22:46:00,2026-09-28T22:46:00
2383,台光電,2022-05-13,224.0,11.0,5.16%,,12.74,,,,,,,ShowDailyK_ChartFlow,FinMind_API_TaiwanStockPrice_2383,True,2026-09-28T22:46:00,2026-09-28T22:46:00,2026-09-28T22:46:00
2383,台光電,2022-05-16,219.5,-4.5,-2.01%,,12.49,,,,,,,ShowDailyK_ChartFlow,FinMind_API_TaiwanStockPrice_2383,True,2026-09-28T22:46:00,2026-09-28T22:46:00,2026-09-28T22:46:00
2383,台光電,2022-05-17,221.0,1.5,0.68%,,12.57,,,,,,,ShowDailyK_ChartFlow,FinMind_API_TaiwanStockPrice_2383,True,2026-09-28T22:46:00,2026-09-28T22:46:00,2026-09-28T22:46:00
2383,台光電,2022-05-18,227.5,6.5,2.94%,,12.94,,,,,,,ShowDailyK_ChartFlow,FinMind_API_TaiwanStockPrice_2383,True,2026-09-28T22:46:00,2026-09-28T22:46:00,2026-09-28T22:46:00
2383,台光電,2022-05-19,226.0,-1.5,-0.66%,,12.86,,,,,,,ShowDailyK_ChartFlow,FinMind_API_TaiwanStockPrice_2383,True,2026-09-28T22:46:00,2026-09-28T22:46:00,2026-09-28T22:46:00
2383,台光電,2022-05-20,228.0,2.0,0.88%,,12.97,,,,,,,ShowDailyK_ChartFlow,FinMind_API_TaiwanStockPrice_2383,True,2026-09-28T22:46:00,2026-09-28T22:46:00,2026-09-28T22:46:00
2383,台光電,2022-05-23,226.0,-2.0,-0.88%,,12.86,,,,,,,ShowDailyK_ChartFlow,FinMind_API_TaiwanStockPrice_2383,True,2026-09-28T22:46:00,2026-09-28T22:46:00,2026-09-28T22:46:00
2383,台光電,2022-05-24,225.0,-1.0,-0.44%,,12.8,,,,,,,ShowDailyK_ChartFlow,FinMind_API_TaiwanStockPrice_2383,True,2026-09-28T22:46:00,2026-09-28T22:46:00,2026-09-28T22:46:00
2383,台光電,2022-05-25,226.0,1.0,0.44%,,12.86,,,,,,,ShowDailyK_ChartFlow,FinMind_API_TaiwanStockPrice_2383,True,2026-09-28T22:46:00,2026-09-28T22:46:00,2026-09-28T22:46:00
2383,台光電,2022-05-26,233.0,7.0,3.10%,,13.25,,,,,,,ShowDailyK_ChartFlow,FinMind_API_TaiwanStockPrice_2383,True,2026-09-28T22:46:00,2026-09-28T22:46:00,2026-09-28T22:46:00
2383,台光電,2022-05-27,232.5,-0.5,-0.21%,,13.23,,,,,,,ShowDailyK_ChartFlow,FinMind_API_TaiwanStockPrice_2383,True,2026-09-28T22:46:00,2026-09-28T22:46:00,2026-09-28T22:46:00
2383,台光電,2022-05-30,233.0,0.5,0.22%,,13.25,,,,,,,ShowDailyK_ChartFlow,FinMind_API_TaiwanStockPrice_2383,True,2026-09-28T22:46:00,2026-09-28T22:46:00,2026-09-28T22:46:00
2383,台光電,2022-05-31,232.5,-0.5,-0.21%,,13.23,,,,,,,ShowDailyK_ChartFlow,FinMind_API_TaiwanStockPrice_2383,True,2026-09-28T22:46:00,2026-09-28T22:46:00,2026-09-28T22:46:00
2383,台光電,2022-06-01,230.0,-2.5,-1.08%,,13.08,,,,,,,ShowDailyK_ChartFlow,FinMind_API_TaiwanStockPrice_2383,True,2026-09-28T22:46:00,2026-09-28T22:46:00,2026-09-28T22:46:00
2383,台光電,2022-06-02,225.0,-5.0,-2.17%,,12.8,,,,,,,ShowDailyK_ChartFlow,FinMind_API_TaiwanStockPrice_2383,True,2026-09-28T22:46:00,2026-09-28T22:46:00,2026-09-28T22:46:00
2383,台光電,2022-06-06,230.0,5.0,2.22%,,13.08,,,,,,,ShowDailyK_ChartFlow,FinMind_API_TaiwanStockPrice_2383,True,2026-09-28T22:46:00,2026-09-28T22:46:00,2026-09-28T22:46:00
2383,台光電,2022-06-07,232.5,2.5,1.09%,,13.23,,,,,,,ShowDailyK_ChartFlow,FinMind_API_TaiwanStockPrice_2383,True,2026-09-28T22:46:00,2026-09-28T22:46:00,2026-09-28T22:46:00
2383,台光電,2022-06-08,239.5,7.0,3.01%,,13.62,,,,,,,ShowDailyK_ChartFlow,FinMind_API_TaiwanStockPrice_2383,True,2026-09-28T22:46:00,2026-09-28T22:46:00,2026-09-28T22:46:00
2383,台光電,2022-06-09,240.5,1.0,0.42%,,13.68,,,,,,,ShowDailyK_ChartFlow,FinMind_API_TaiwanStockPrice_2383,True,2026-09-28T22:46:00,2026-09-28T22:46:00,2026-09-28T22:46:00
2383,台光電,2022-06-10,239.0,-1.5,-0.62%,,13.59,,,,,,,ShowDailyK_ChartFlow,FinMind_API_TaiwanStockPrice_2383,True,2026-09-28T22:46:00,2026-09-28T22:46:00,2026-09-28T22:46:00
2383,台光電,2022-06-13,233.0,-6.0,-2.51%,,13.25,,,,,,,ShowDailyK_ChartFlow,FinMind_API_TaiwanStockPrice_2383,True,2026-09-28T22:46:00,2026-09-28T22:46:00,2026-09-28T22:46:00
2383,台光電,2022-06-14,228.0,-5.0,-2.15%,,12.97,,,,,,,ShowDailyK_ChartFlow,FinMind_API_TaiwanStockPrice_2383,True,2026-09-28T22:46:00,2026-09-28T22:46:00,2026-09-28T22:46:00
2383,台光電,2022-06-15,224.0,-4.0,-1.75%,,12.74,,,,,,,ShowDailyK_ChartFlow,FinMind_API_TaiwanStockPrice_2383,True,2026-09-28T22:46:00,2026-09-28T22:46:00,2026-09-28T22:46:00
2383,台光電,2022-06-16,212.5,-11.5,-5.13%,,12.09,,,,,,,ShowDailyK_ChartFlow,FinMind_API_TaiwanStockPrice_2383,True,2026-09-28T22:46:00,2026-09-28T22:46:00,2026-09-28T22:46:00
2383,台光電,2022-06-17,206.0,-6.5,-3.06%,,11.72,,,,,,,ShowDailyK_ChartFlow,FinMind_API_TaiwanStockPrice_2383,True,2026-09-28T22:46:00,2026-09-28T22:46:00,2026-09-28T22:46:00
2383,台光電,2022-06-20,195.5,-10.5,-5.10%,,11.12,,,,,,,ShowDailyK_ChartFlow,FinMind_API_TaiwanStockPrice_2383,True,2026-09-28T22:46:00,2026-09-28T22:46:00,2026-09-28T22:46:00
2383,台光電,2022-06-21,197.0,1.5,0.77%,,11.21,,,,,,,ShowDailyK_ChartFlow,FinMind_API_TaiwanStockPrice_2383,True,2026-09-28T22:46:00,2026-09-28T22:46:00,2026-09-28T22:46:00
2383,台光電,2022-06-22,184.0,-13.0,-6.60%,,10.47,,,,,,,ShowDailyK_ChartFlow,FinMind_API_TaiwanStockPrice_2383,True,2026-09-28T22:46:00,2026-09-28T22:46:00,2026-09-28T22:46:00
2383,台光電,2022-06-23,185.5,1.5,0.82%,,10.55,,,,,,,ShowDailyK_ChartFlow,FinMind_API_TaiwanStockPrice_2383,True,2026-09-28T22:46:00,2026-09-28T22:46:00,2026-09-28T22:46:00
2383,台光電,2022-06-24,187.0,1.5,0.81%,,10.64,,,,,,,ShowDailyK_ChartFlow,FinMind_API_TaiwanStockPrice_2383,True,2026-09-28T22:46:00,2026-09-28T22:46:00,2026-09-28T22:46:00
2383,台光電,2022-06-27,194.5,7.5,4.01%,,11.06,,,,,,,ShowDailyK_ChartFlow,FinMind_API_TaiwanStockPrice_2383,True,2026-09-28T22:46:00,2026-09-28T22:46:00,2026-09-28T22:46:00
2383,台光電,2022-06-28,191.5,-3.0,-1.54%,,10.89,,,,,,,ShowDailyK_ChartFlow,FinMind_API_TaiwanStockPrice_2383,True,2026-09-28T22:46:00,2026-09-28T22:46:00,2026-09-28T22:46:00
2383,台光電,2022-06-29,189.0,-2.5,-1.31%,,10.75,,,,,,,ShowDailyK_ChartFlow,FinMind_API_TaiwanStockPrice_2383,True,2026-09-28T22:46:00,2026-09-28T22:46:00,2026-09-28T22:46:00
2383,台光電,2022-06-30,178.5,-10.5,-5.56%,,10.15,,,,,,,ShowDailyK_ChartFlow,FinMind_API_TaiwanStockPrice_2383,True,2026-09-28T22:46:00,2026-09-28T22:46:00,2026-09-28T22:46:00
2383,台光電,2022-07-01,173.5,-5.0,-2.80%,,9.87,,,,,,,ShowDailyK_ChartFlow,FinMind_API_TaiwanStockPrice_2383,True,2026-09-28T22:46:00,2026-09-28T22:46:00,2026-09-28T22:46:00
2383,台光電,2022-07-04,172.5,-1.0,-0.58%,,9.81,,,,,,,ShowDailyK_ChartFlow,FinMind_API_TaiwanStockPrice_2383,True,2026-09-28T22:46:00,2026-09-28T22:46:00,2026-09-28T22:46:00
2383,台光電,2022-07-05,170.5,-2.0,-1.16%,,9.7,,,,,,,ShowDailyK_ChartFlow,FinMind_API_TaiwanStockPrice_2383,True,2026-09-28T22:46:00,2026-09-28T22:46:00,2026-09-28T22:46:00
2383,台光電,2022-07-06,163.5,-7.0,-4.11%,,9.3,,,,,,,ShowDailyK_ChartFlow,FinMind_API_TaiwanStockPrice_2383,True,2026-09-28T22:46:00,2026-09-28T22:46:00,2026-09-28T22:46:00
2383,台光電,2022-07-07,165.0,1.5,0.92%,,9.39,,,,,,,ShowDailyK_ChartFlow,FinMind_API_TaiwanStockPrice_2383,True,2026-09-28T22:46:00,2026-09-28T22:46:00,2026-09-28T22:46:00
2383,台光電,2022-07-08,166.5,1.5,0.91%,,9.47,,,,,,,ShowDailyK_ChartFlow,FinMind_API_TaiwanStockPrice_2383,True,2026-09-28T22:46:00,2026-09-28T22:46:00,2026-09-28T22:46:00
2383,台光電,2022-07-11,168.0,1.5,0.90%,,9.56,,,,,,,ShowDailyK_ChartFlow,FinMind_API_TaiwanStockPrice_2383,True,2026-09-28T22:46:00,2026-09-28T22:46:00,2026-09-28T22:46:00
2383,台光電,2022-07-12,151.5,-16.5,-9.82%,,8.62,,,,,,,ShowDailyK_ChartFlow,FinMind_API_TaiwanStockPrice_2383,True,2026-09-28T22:46:00,2026-09-28T22:46:00,2026-09-28T22:46:00
2383,台光電,2022-07-13,149.0,-2.5,-1.65%,,8.48,,,,,,,ShowDailyK_ChartFlow,FinMind_API_TaiwanStockPrice_2383,True,2026-09-28T22:46:00,2026-09-28T22:46:00,2026-09-28T22:46:00
2383,台光電,2022-07-14,157.0,8.0,5.37%,,8.93,,,,,,,ShowDailyK_ChartFlow,FinMind_API_TaiwanStockPrice_2383,True,2026-09-28T22:46:00,2026-09-28T22:46:00,2026-09-28T22:46:00
2383,台光電,2022-07-15,154.5,-2.5,-1.59%,,8.79,,,,,,,ShowDailyK_ChartFlow,FinMind_API_TaiwanStockPrice_2383,True,2026-09-28T22:46:00,2026-09-28T22:46:00,2026-09-28T22:46:00
2383,台光電,2022-07-18,156.0,1.5,0.97%,,8.87,,,,,,,ShowDailyK_ChartFlow,FinMind_API_TaiwanStockPrice_2383,True,2026-09-28T22:46:00,2026-09-28T22:46:00,2026-09-28T22:46:00
2383,台光電,2022-07-19,160.0,4.0,2.56%,,9.1,,,,,,,ShowDailyK_ChartFlow,FinMind_API_TaiwanStockPrice_2383,True,2026-09-28T22:46:00,2026-09-28T22:46:00,2026-09-28T22:46:00
2383,台光電,2022-07-20,163.5,3.5,2.19%,,9.3,,,,,,,ShowDailyK_ChartFlow,FinMind_API_TaiwanStockPrice_2383,True,2026-09-28T22:46:00,2026-09-28T22:46:00,2026-09-28T22:46:00
2383,台光電,2022-07-21,170.0,6.5,3.98%,,9.67,,,,,,,ShowDailyK_ChartFlow,FinMind_API_TaiwanStockPrice_2383,True,2026-09-28T22:46:00,2026-09-28T22:46:00,2026-09-28T22:46:00
2383,台光電,2022-07-22,166.5,-3.5,-2.06%,,9.47,,,,,,,ShowDailyK_ChartFlow,FinMind_API_TaiwanStockPrice_2383,True,2026-09-28T22:46:00,2026-09-28T22:46:00,2026-09-28T22:46:00
2383,台光電,2022-07-25,161.5,-5.0,-3.00%,,9.19,,,,,,,ShowDailyK_ChartFlow,FinMind_API_TaiwanStockPrice_2383,True,2026-09-28T22:46:00,2026-09-28T22:46:00,2026-09-28T22:46:00
2383,台光電,2022-07-26,161.0,-0.5,-0.31%,,9.16,,,,,,,ShowDailyK_ChartFlow,FinMind_API_TaiwanStockPrice_2383,True,2026-09-28T22:46:00,2026-09-28T22:46:00,2026-09-28T22:46:00
2383,台光電,2022-07-27,164.0,3.0,1.86%,,9.6,,,,,,,ShowDailyK_ChartFlow,FinMind_API_TaiwanStockPrice_2383,True,2026-09-28T22:46:00,2026-09-28T22:46:00,2026-09-28T22:46:00
2383,台光電,2022-07-28,158.5,-5.5,-3.35%,,9.28,,,,,,,ShowDailyK_ChartFlow,FinMind_API_TaiwanStockPrice_2383,True,2026-09-28T22:46:00,2026-09-28T22:46:00,2026-09-28T22:46:00
2383,台光電,2022-07-29,166.0,7.5,4.73%,,9.72,,,,,,,ShowDailyK_ChartFlow,FinMind_API_TaiwanStockPrice_2383,True,2026-09-28T22:46:00,2026-09-28T22:46:00,2026-09-28T22:46:00
2383,台光電,2022-08-01,168.0,2.0,1.20%,,9.84,,,,,,,ShowDailyK_ChartFlow,FinMind_API_TaiwanStockPrice_2383,True,2026-09-28T22:46:00,2026-09-28T22:46:00,2026-09-28T22:46:00
2383,台光電,2022-08-02,163.0,-5.0,-2.98%,,9.54,,,,,,,ShowDailyK_ChartFlow,FinMind_API_TaiwanStockPrice_2383,True,2026-09-28T22:46:00,2026-09-28T22:46:00,2026-09-28T22:46:00
2383,台光電,2022-08-03,161.5,-1.5,-0.92%,,9.46,,,,,,,ShowDailyK_ChartFlow,FinMind_API_TaiwanStockPrice_2383,True,2026-09-28T22:46:00,2026-09-28T22:46:00,2026-09-28T22:46:00
2383,台光電,2022-08-04,162.0,0.5,0.31%,,9.48,,,,,,,ShowDailyK_ChartFlow,FinMind_API_TaiwanStockPrice_2383,True,2026-09-28T22:46:00,2026-09-28T22:46:00,2026-09-28T22:46:00
2383,台光電,2022-08-05,163.5,1.5,0.93%,,9.57,,,,,,,ShowDailyK_ChartFlow,FinMind_API_TaiwanStockPrice_2383,True,2026-09-28T22:46:00,2026-09-28T22:46:00,2026-09-28T22:46:00
2383,台光電,2022-08-08,160.0,-3.5,-2.14%,,9.37,,,,,,,ShowDailyK_ChartFlow,FinMind_API_TaiwanStockPrice_2383,True,2026-09-28T22:46:00,2026-09-28T22:46:00,2026-09-28T22:46:00
2383,台光電,2022-08-09,163.0,3.0,1.88%,,9.54,,,,,,,ShowDailyK_ChartFlow,FinMind_API_TaiwanStockPrice_2383,True,2026-09-28T22:46:00,2026-09-28T22:46:00,2026-09-28T22:46:00
2383,台光電,2022-08-10,161.5,-1.5,-0.92%,,9.46,,,,,,,ShowDailyK_ChartFlow,FinMind_API_TaiwanStockPrice_2383,True,2026-09-28T22:46:00,2026-09-28T22:46:00,2026-09-28T22:46:00
2383,台光電,2022-08-11,166.5,5.0,3.10%,,9.75,,,,,,,ShowDailyK_ChartFlow,FinMind_API_TaiwanStockPrice_2383,True,2026-09-28T22:46:00,2026-09-28T22:46:00,2026-09-28T22:46:00
2383,台光電,2022-08-12,171.0,4.5,2.70%,,10.01,,,,,,,ShowDailyK_ChartFlow,FinMind_API_TaiwanStockPrice_2383,True,2026-09-28T22:46:00,2026-09-28T22:46:00,2026-09-28T22:46:00
2383,台光電,2022-08-15,176.5,5.5,3.22%,,10.33,,,,,,,ShowDailyK_ChartFlow,FinMind_API_TaiwanStockPrice_2383,True,2026-09-28T22:46:00,2026-09-28T22:46:00,2026-09-28T22:46:00
2383,台光電,2022-08-16,175.0,-1.5,-0.85%,,10.25,,,,,,,ShowDailyK_ChartFlow,FinMind_API_TaiwanStockPrice_2383,True,2026-09-28T22:46:00,2026-09-28T22:46:00,2026-09-28T22:46:00
2383,台光電,2022-08-17,176.0,1.0,0.57%,,10.3,,,,,,,ShowDailyK_ChartFlow,FinMind_API_TaiwanStockPrice_2383,True,2026-09-28T22:46:00,2026-09-28T22:46:00,2026-09-28T22:46:00
2383,台光電,2022-08-18,174.5,-1.5,-0.85%,,10.22,,,,,,,ShowDailyK_ChartFlow,FinMind_API_TaiwanStockPrice_2383,True,2026-09-28T22:46:00,2026-09-28T22:46:00,2026-09-28T22:46:00
2383,台光電,2022-08-19,176.5,2.0,1.15%,,10.33,,,,,,,ShowDailyK_ChartFlow,FinMind_API_TaiwanStockPrice_2383,True,2026-09-28T22:46:00,2026-09-28T22:46:00,2026-09-28T22:46:00
2383,台光電,2022-08-22,174.0,-2.5,-1.42%,,10.19,,,,,,,ShowDailyK_ChartFlow,FinMind_API_TaiwanStockPrice_2383,True,2026-09-28T22:46:00,2026-09-28T22:46:00,2026-09-28T22:46:00
2383,台光電,2022-08-23,174.0,0.0,0.00%,,10.19,,,,,,,ShowDailyK_ChartFlow,FinMind_API_TaiwanStockPrice_2383,True,2026-09-28T22:46:00,2026-09-28T22:46:00,2026-09-28T22:46:00
2383,台光電,2022-08-24,173.0,-1.0,-0.57%,,10.13,,,,,,,ShowDailyK_ChartFlow,FinMind_API_TaiwanStockPrice_2383,True,2026-09-28T22:46:00,2026-09-28T22:46:00,2026-09-28T22:46:00
2383,台光電,2022-08-25,164.5,-8.5,-4.91%,,9.63,,,,,,,ShowDailyK_ChartFlow,FinMind_API_TaiwanStockPrice_2383,True,2026-09-28T22:46:00,2026-09-28T22:46:00,2026-09-28T22:46:00
2383,台光電,2022-08-26,165.5,1.0,0.61%,,9.69,,,,,,,ShowDailyK_ChartFlow,FinMind_API_TaiwanStockPrice_2383,True,2026-09-28T22:46:00,2026-09-28T22:46:00,2026-09-28T22:46:00
2383,台光電,2022-08-29,157.5,-8.0,-4.83%,,9.22,,,,,,,ShowDailyK_ChartFlow,FinMind_API_TaiwanStockPrice_2383,True,2026-09-28T22:46:00,2026-09-28T22:46:00,2026-09-28T22:46:00
2383,台光電,2022-08-30,160.0,2.5,1.59%,,9.37,,,,,,,ShowDailyK_ChartFlow,FinMind_API_TaiwanStockPrice_2383,True,2026-09-28T22:46:00,2026-09-28T22:46:00,2026-09-28T22:46:00
2383,台光電,2022-08-31,162.0,2.0,1.25%,,9.48,,,,,,,ShowDailyK_ChartFlow,FinMind_API_TaiwanStockPrice_2383,True,2026-09-28T22:46:00,2026-09-28T22:46:00,2026-09-28T22:46:00
2383,台光電,2022-09-01,157.5,-4.5,-2.78%,,9.22,,,,,,,ShowDailyK_ChartFlow,FinMind_API_TaiwanStockPrice_2383,True,2026-09-28T22:46:00,2026-09-28T22:46:00,2026-09-28T22:46:00
2383,台光電,2022-09-02,170.0,12.5,7.94%,,9.95,,,,,,,ShowDailyK_ChartFlow,FinMind_API_TaiwanStockPrice_2383,True,2026-09-28T22:46:00,2026-09-28T22:46:00,2026-09-28T22:46:00
2383,台光電,2022-09-05,171.5,1.5,0.88%,,10.04,,,,,,,ShowDailyK_ChartFlow,FinMind_API_TaiwanStockPrice_2383,True,2026-09-28T22:46:00,2026-09-28T22:46:00,2026-09-28T22:46:00
2383,台光電,2022-09-06,164.5,-7.0,-4.08%,,9.63,,,,,,,ShowDailyK_ChartFlow,FinMind_API_TaiwanStockPrice_2383,True,2026-09-28T22:46:00,2026-09-28T22:46:00,2026-09-28T22:46:00
2383,台光電,2022-09-07,170.5,6.0,3.65%,,9.98,,,,,,,ShowDailyK_ChartFlow,FinMind_API_TaiwanStockPrice_2383,True,2026-09-28T22:46:00,2026-09-28T22:46:00,2026-09-28T22:46:00
2383,台光電,2022-09-08,170.0,-0.5,-0.29%,,9.95,,,,,,,ShowDailyK_ChartFlow,FinMind_API_TaiwanStockPrice_2383,True,2026-09-28T22:46:00,2026-09-28T22:46:00,2026-09-28T22:46:00
2383,台光電,2022-09-12,171.0,1.0,0.59%,,10.01,,,,,,,ShowDailyK_ChartFlow,FinMind_API_TaiwanStockPrice_2383,True,2026-09-28T22:46:00,2026-09-28T22:46:00,2026-09-28T22:46:00
2383,台光電,2022-09-13,171.0,0.0,0.00%,,10.01,,,,,,,ShowDailyK_ChartFlow,FinMind_API_TaiwanStockPrice_2383,True,2026-09-28T22:46:00,2026-09-28T22:46:00,2026-09-28T22:46:00
2383,台光電,2022-09-14,166.5,-4.5,-2.63%,,9.75,,,,,,,ShowDailyK_ChartFlow,FinMind_API_TaiwanStockPrice_2383,True,2026-09-28T22:46:00,2026-09-28T22:46:00,2026-09-28T22:46:00
2383,台光電,2022-09-15,174.0,7.5,4.50%,,10.19,,,,,,,ShowDailyK_ChartFlow,FinMind_API_TaiwanStockPrice_2383,True,2026-09-28T22:46:00,2026-09-28T22:46:00,2026-09-28T22:46:00
2383,台光電,2022-09-16,171.5,-2.5,-1.44%,,10.04,,,,,,,ShowDailyK_ChartFlow,FinMind_API_TaiwanStockPrice_2383,True,2026-09-28T22:46:00,2026-09-28T22:46:00,2026-09-28T22:46:00
2383,台光電,2022-09-19,167.0,-4.5,-2.62%,,9.78,,,,,,,ShowDailyK_ChartFlow,FinMind_API_TaiwanStockPrice_2383,True,2026-09-28T22:46:00,2026-09-28T22:46:00,2026-09-28T22:46:00
2383,台光電,2022-09-20,172.0,5.0,2.99%,,10.07,,,,,,,ShowDailyK_ChartFlow,FinMind_API_TaiwanStockPrice_2383,True,2026-09-28T22:46:00,2026-09-28T22:46:00,2026-09-28T22:46:00
2383,台光電,2022-09-21,170.5,-1.5,-0.87%,,9.98,,,,,,,ShowDailyK_ChartFlow,FinMind_API_TaiwanStockPrice_2383,True,2026-09-28T22:46:00,2026-09-28T22:46:00,2026-09-28T22:46:00
2383,台光電,2022-09-22,168.5,-2.0,-1.17%,,9.87,,,,,,,ShowDailyK_ChartFlow,FinMind_API_TaiwanStockPrice_2383,True,2026-09-28T22:46:00,2026-09-28T22:46:00,2026-09-28T22:46:00
2383,台光電,2022-09-23,166.5,-2.0,-1.19%,,9.75,,,,,,,ShowDailyK_ChartFlow,FinMind_API_TaiwanStockPrice_2383,True,2026-09-28T22:46:00,2026-09-28T22:46:00,2026-09-28T22:46:00
2383,台光電,2022-09-26,167.5,1.0,0.60%,,9.81,,,,,,,ShowDailyK_ChartFlow,FinMind_API_TaiwanStockPrice_2383,True,2026-09-28T22:46:00,2026-09-28T22:46:00,2026-09-28T22:46:00
2383,台光電,2022-09-27,176.0,8.5,5.07%,,10.3,,,,,,,ShowDailyK_ChartFlow,FinMind_API_TaiwanStockPrice_2383,True,2026-09-28T22:46:00,2026-09-28T22:46:00,2026-09-28T22:46:00
2383,台光電,2022-09-28,168.0,-8.0,-4.55%,,9.84,,,,,,,ShowDailyK_ChartFlow,FinMind_API_TaiwanStockPrice_2383,True,2026-09-28T22:46:00,2026-09-28T22:46:00,2026-09-28T22:46:00
2383,台光電,2022-09-29,158.5,-9.5,-5.65%,,9.28,,,,,,,ShowDailyK_ChartFlow,FinMind_API_TaiwanStockPrice_2383,True,2026-09-28T22:46:00,2026-09-28T22:46:00,2026-09-28T22:46:00
2383,台光電,2022-09-30,160.0,1.5,0.95%,,9.37,,,,,,,ShowDailyK_ChartFlow,FinMind_API_TaiwanStockPrice_2383,True,2026-09-28T22:46:00,2026-09-28T22:46:00,2026-09-28T22:46:00
2383,台光電,2022-10-03,160.0,0.0,0.00%,,9.37,,,,,,,ShowDailyK_ChartFlow,FinMind_API_TaiwanStockPrice_2383,True,2026-09-28T22:46:00,2026-09-28T22:46:00,2026-09-28T22:46:00
2383,台光電,2022-10-04,161.5,1.5,0.94%,,9.46,,,,,,,ShowDailyK_ChartFlow,FinMind_API_TaiwanStockPrice_2383,True,2026-09-28T22:46:00,2026-09-28T22:46:00,2026-09-28T22:46:00
2383,台光電,2022-10-05,159.5,-2.0,-1.24%,,9.34,,,,,,,ShowDailyK_ChartFlow,FinMind_API_TaiwanStockPrice_2383,True,2026-09-28T22:46:00,2026-09-28T22:46:00,2026-09-28T22:46:00
2383,台光電,2022-10-06,159.5,0.0,0.00%,,9.34,,,,,,,ShowDailyK_ChartFlow,FinMind_API_TaiwanStockPrice_2383,True,2026-09-28T22:46:00,2026-09-28T22:46:00,2026-09-28T22:46:00
2383,台光電,2022-10-07,155.0,-4.5,-2.82%,,9.07,,,,,,,ShowDailyK_ChartFlow,FinMind_API_TaiwanStockPrice_2383,True,2026-09-28T22:46:00,2026-09-28T22:46:00,2026-09-28T22:46:00
2383,台光電,2022-10-11,139.5,-15.5,-10.00%,,8.17,,,,,,,ShowDailyK_ChartFlow,FinMind_API_TaiwanStockPrice_2383,True,2026-09-28T22:46:00,2026-09-28T22:46:00,2026-09-28T22:46:00
2383,台光電,2022-10-12,138.0,-1.5,-1.08%,,8.08,,,,,,,ShowDailyK_ChartFlow,FinMind_API_TaiwanStockPrice_2383,True,2026-09-28T22:46:00,2026-09-28T22:46:00,2026-09-28T22:46:00
2383,台光電,2022-10-13,136.5,-1.5,-1.09%,,7.99,,,,,,,ShowDailyK_ChartFlow,FinMind_API_TaiwanStockPrice_2383,True,2026-09-28T22:46:00,2026-09-28T22:46:00,2026-09-28T22:46:00
2383,台光電,2022-10-14,141.5,5.0,3.66%,,8.28,,,,,,,ShowDailyK_ChartFlow,FinMind_API_TaiwanStockPrice_2383,True,2026-09-28T22:46:00,2026-09-28T22:46:00,2026-09-28T22:46:00
2383,台光電,2022-10-17,139.0,-2.5,-1.77%,,8.14,,,,,,,ShowDailyK_ChartFlow,FinMind_API_TaiwanStockPrice_2383,True,2026-09-28T22:46:00,2026-09-28T22:46:00,2026-09-28T22:46:00
2383,台光電,2022-10-18,143.5,4.5,3.24%,,8.4,,,,,,,ShowDailyK_ChartFlow,FinMind_API_TaiwanStockPrice_2383,True,2026-09-28T22:46:00,2026-09-28T22:46:00,2026-09-28T22:46:00
2383,台光電,2022-10-19,142.0,-1.5,-1.05%,,8.31,,,,,,,ShowDailyK_ChartFlow,FinMind_API_TaiwanStockPrice_2383,True,2026-09-28T22:46:00,2026-09-28T22:46:00,2026-09-28T22:46:00
2383,台光電,2022-10-20,144.0,2.0,1.41%,,8.43,,,,,,,ShowDailyK_ChartFlow,FinMind_API_TaiwanStockPrice_2383,True,2026-09-28T22:46:00,2026-09-28T22:46:00,2026-09-28T22:46:00
2383,台光電,2022-10-21,135.0,-9.0,-6.25%,,7.9,,,,,,,ShowDailyK_ChartFlow,FinMind_API_TaiwanStockPrice_2383,True,2026-09-28T22:46:00,2026-09-28T22:46:00,2026-09-28T22:46:00
2383,台光電,2022-10-24,139.5,4.5,3.33%,,8.17,,,,,,,ShowDailyK_ChartFlow,FinMind_API_TaiwanStockPrice_2383,True,2026-09-28T22:46:00,2026-09-28T22:46:00,2026-09-28T22:46:00
2383,台光電,2022-10-25,136.0,-3.5,-2.51%,,7.96,,,,,,,ShowDailyK_ChartFlow,FinMind_API_TaiwanStockPrice_2383,True,2026-09-28T22:46:00,2026-09-28T22:46:00,2026-09-28T22:46:00
2383,台光電,2022-10-26,130.0,-6.0,-4.41%,,7.61,,,,,,,ShowDailyK_ChartFlow,FinMind_API_TaiwanStockPrice_2383,True,2026-09-28T22:46:00,2026-09-28T22:46:00,2026-09-28T22:46:00
2383,台光電,2022-10-27,139.0,9.0,6.92%,,8.14,,,,,,,ShowDailyK_ChartFlow,FinMind_API_TaiwanStockPrice_2383,True,2026-09-28T22:46:00,2026-09-28T22:46:00,2026-09-28T22:46:00
2383,台光電,2022-10-28,137.0,-2.0,-1.44%,,8.77,,,,,,,ShowDailyK_ChartFlow,FinMind_API_TaiwanStockPrice_2383,True,2026-09-28T22:46:00,2026-09-28T22:46:00,2026-09-28T22:46:00
2383,台光電,2022-10-31,146.5,9.5,6.93%,,9.37,,,,,,,ShowDailyK_ChartFlow,FinMind_API_TaiwanStockPrice_2383,True,2026-09-28T22:46:00,2026-09-28T22:46:00,2026-09-28T22:46:00
2383,台光電,2022-11-01,148.0,1.5,1.02%,,9.47,,,,,,,ShowDailyK_ChartFlow,FinMind_API_TaiwanStockPrice_2383,True,2026-09-28T22:46:00,2026-09-28T22:46:00,2026-09-28T22:46:00
2383,台光電,2022-11-02,157.5,9.5,6.42%,,10.08,,,,,,,ShowDailyK_ChartFlow,FinMind_API_TaiwanStockPrice_2383,True,2026-09-28T22:46:00,2026-09-28T22:46:00,2026-09-28T22:46:00
2383,台光電,2022-11-03,160.5,3.0,1.90%,,10.27,,,,,,,ShowDailyK_ChartFlow,FinMind_API_TaiwanStockPrice_2383,True,2026-09-28T22:46:00,2026-09-28T22:46:00,2026-09-28T22:46:00
2383,台光電,2022-11-04,164.5,4.0,2.49%,,10.52,,,,,,,ShowDailyK_ChartFlow,FinMind_API_TaiwanStockPrice_2383,True,2026-09-28T22:46:00,2026-09-28T22:46:00,2026-09-28T22:46:00
2383,台光電,2022-11-07,164.5,0.0,0.00%,,10.52,,,,,,,ShowDailyK_ChartFlow,FinMind_API_TaiwanStockPrice_2383,True,2026-09-28T22:46:00,2026-09-28T22:46:00,2026-09-28T22:46:00
2383,台光電,2022-11-08,163.5,-1.0,-0.61%,,10.46,,,,,,,ShowDailyK_ChartFlow,FinMind_API_TaiwanStockPrice_2383,True,2026-09-28T22:46:00,2026-09-28T22:46:00,2026-09-28T22:46:00
2383,台光電,2022-11-09,169.0,5.5,3.36%,,10.81,,,,,,,ShowDailyK_ChartFlow,FinMind_API_TaiwanStockPrice_2383,True,2026-09-28T22:46:00,2026-09-28T22:46:00,2026-09-28T22:46:00
2383,台光電,2022-11-10,170.5,1.5,0.89%,,10.91,,,,,,,ShowDailyK_ChartFlow,FinMind_API_TaiwanStockPrice_2383,True,2026-09-28T22:46:00,2026-09-28T22:46:00,2026-09-28T22:46:00
2383,台光電,2022-11-11,174.5,4.0,2.35%,,11.16,,,,,,,ShowDailyK_ChartFlow,FinMind_API_TaiwanStockPrice_2383,True,2026-09-28T22:46:00,2026-09-28T22:46:00,2026-09-28T22:46:00
2383,台光電,2022-11-14,172.0,-2.5,-1.43%,,11.0,,,,,,,ShowDailyK_ChartFlow,FinMind_API_TaiwanStockPrice_2383,True,2026-09-28T22:46:00,2026-09-28T22:46:00,2026-09-28T22:46:00
2383,台光電,2022-11-15,173.5,1.5,0.87%,,11.1,,,,,,,ShowDailyK_ChartFlow,FinMind_API_TaiwanStockPrice_2383,True,2026-09-28T22:46:00,2026-09-28T22:46:00,2026-09-28T22:46:00
2383,台光電,2022-11-16,174.0,0.5,0.29%,,11.13,,,,,,,ShowDailyK_ChartFlow,FinMind_API_TaiwanStockPrice_2383,True,2026-09-28T22:46:00,2026-09-28T22:46:00,2026-09-28T22:46:00
2383,台光電,2022-11-17,175.5,1.5,0.86%,,11.23,,,,,,,ShowDailyK_ChartFlow,FinMind_API_TaiwanStockPrice_2383,True,2026-09-28T22:46:00,2026-09-28T22:46:00,2026-09-28T22:46:00
2383,台光電,2022-11-18,175.5,0.0,0.00%,,11.23,,,,,,,ShowDailyK_ChartFlow,FinMind_API_TaiwanStockPrice_2383,True,2026-09-28T22:46:00,2026-09-28T22:46:00,2026-09-28T22:46:00
2383,台光電,2022-11-21,172.5,-3.0,-1.71%,,11.04,,,,,,,ShowDailyK_ChartFlow,FinMind_API_TaiwanStockPrice_2383,True,2026-09-28T22:46:00,2026-09-28T22:46:00,2026-09-28T22:46:00
2383,台光電,2022-11-22,177.0,4.5,2.61%,,11.32,,,,,,,ShowDailyK_ChartFlow,FinMind_API_TaiwanStockPrice_2383,True,2026-09-28T22:46:00,2026-09-28T22:46:00,2026-09-28T22:46:00
2383,台光電,2022-11-23,186.0,9.0,5.08%,,11.9,,,,,,,ShowDailyK_ChartFlow,FinMind_API_TaiwanStockPrice_2383,True,2026-09-28T22:46:00,2026-09-28T22:46:00,2026-09-28T22:46:00
2383,台光電,2022-11-24,186.5,0.5,0.27%,,11.93,,,,,,,ShowDailyK_ChartFlow,FinMind_API_TaiwanStockPrice_2383,True,2026-09-28T22:46:00,2026-09-28T22:46:00,2026-09-28T22:46:00
2383,台光電,2022-11-25,180.0,-6.5,-3.49%,,11.52,,,,,,,ShowDailyK_ChartFlow,FinMind_API_TaiwanStockPrice_2383,True,2026-09-28T22:46:00,2026-09-28T22:46:00,2026-09-28T22:46:00
2383,台光電,2022-11-28,180.5,0.5,0.28%,,11.55,,,,,,,ShowDailyK_ChartFlow,FinMind_API_TaiwanStockPrice_2383,True,2026-09-28T22:46:00,2026-09-28T22:46:00,2026-09-28T22:46:00
2383,台光電,2022-11-29,182.5,2.0,1.11%,,11.68,,,,,,,ShowDailyK_ChartFlow,FinMind_API_TaiwanStockPrice_2383,True,2026-09-28T22:46:00,2026-09-28T22:46:00,2026-09-28T22:46:00
2383,台光電,2022-11-30,190.5,8.0,4.38%,,12.19,,,,,,,ShowDailyK_ChartFlow,FinMind_API_TaiwanStockPrice_2383,True,2026-09-28T22:46:00,2026-09-28T22:46:00,2026-09-28T22:46:00
2383,台光電,2022-12-01,196.5,6.0,3.15%,,12.57,,,,,,,ShowDailyK_ChartFlow,FinMind_API_TaiwanStockPrice_2383,True,2026-09-28T22:46:00,2026-09-28T22:46:00,2026-09-28T22:46:00
2383,台光電,2022-12-02,190.5,-6.0,-3.05%,,12.19,,,,,,,ShowDailyK_ChartFlow,FinMind_API_TaiwanStockPrice_2383,True,2026-09-28T22:46:00,2026-09-28T22:46:00,2026-09-28T22:46:00
2383,台光電,2022-12-05,191.5,1.0,0.52%,,12.25,,,,,,,ShowDailyK_ChartFlow,FinMind_API_TaiwanStockPrice_2383,True,2026-09-28T22:46:00,2026-09-28T22:46:00,2026-09-28T22:46:00
2383,台光電,2022-12-06,189.5,-2.0,-1.04%,,12.12,,,,,,,ShowDailyK_ChartFlow,FinMind_API_TaiwanStockPrice_2383,True,2026-09-28T22:46:00,2026-09-28T22:46:00,2026-09-28T22:46:00
2383,台光電,2022-12-07,186.5,-3.0,-1.58%,,11.93,,,,,,,ShowDailyK_ChartFlow,FinMind_API_TaiwanStockPrice_2383,True,2026-09-28T22:46:00,2026-09-28T22:46:00,2026-09-28T22:46:00
2383,台光電,2022-12-08,193.5,7.0,3.75%,,12.38,,,,,,,ShowDailyK_ChartFlow,FinMind_API_TaiwanStockPrice_2383,True,2026-09-28T22:46:00,2026-09-28T22:46:00,2026-09-28T22:46:00
2383,台光電,2022-12-09,197.5,4.0,2.07%,,12.64,,,,,,,ShowDailyK_ChartFlow,FinMind_API_TaiwanStockPrice_2383,True,2026-09-28T22:46:00,2026-09-28T22:46:00,2026-09-28T22:46:00
2383,台光電,2022-12-12,189.5,-8.0,-4.05%,,12.12,,,,,,,ShowDailyK_ChartFlow,FinMind_API_TaiwanStockPrice_2383,True,2026-09-28T22:46:00,2026-09-28T22:46:00,2026-09-28T22:46:00
2383,台光電,2022-12-13,187.0,-2.5,-1.32%,,11.96,,,,,,,ShowDailyK_ChartFlow,FinMind_API_TaiwanStockPrice_2383,True,2026-09-28T22:46:00,2026-09-28T22:46:00,2026-09-28T22:46:00
2383,台光電,2022-12-14,189.0,2.0,1.07%,,12.09,,,,,,,ShowDailyK_ChartFlow,FinMind_API_TaiwanStockPrice_2383,True,2026-09-28T22:46:00,2026-09-28T22:46:00,2026-09-28T22:46:00
2383,台光電,2022-12-15,189.0,0.0,0.00%,,12.09,,,,,,,ShowDailyK_ChartFlow,FinMind_API_TaiwanStockPrice_2383,True,2026-09-28T22:46:00,2026-09-28T22:46:00,2026-09-28T22:46:00
2383,台光電,2022-12-16,182.0,-7.0,-3.70%,,11.64,,,,,,,ShowDailyK_ChartFlow,FinMind_API_TaiwanStockPrice_2383,True,2026-09-28T22:46:00,2026-09-28T22:46:00,2026-09-28T22:46:00
2383,台光電,2022-12-19,181.5,-0.5,-0.27%,,11.61,,,,,,,ShowDailyK_ChartFlow,FinMind_API_TaiwanStockPrice_2383,True,2026-09-28T22:46:00,2026-09-28T22:46:00,2026-09-28T22:46:00
2383,台光電,2022-12-20,173.0,-8.5,-4.68%,,11.07,,,,,,,ShowDailyK_ChartFlow,FinMind_API_TaiwanStockPrice_2383,True,2026-09-28T22:46:00,2026-09-28T22:46:00,2026-09-28T22:46:00
2383,台光電,2022-12-21,172.5,-0.5,-0.29%,,11.04,,,,,,,ShowDailyK_ChartFlow,FinMind_API_TaiwanStockPrice_2383,True,2026-09-28T22:46:00,2026-09-28T22:46:00,2026-09-28T22:46:00
2383,台光電,2022-12-22,178.0,5.5,3.19%,,11.39,,,,,,,ShowDailyK_ChartFlow,FinMind_API_TaiwanStockPrice_2383,True,2026-09-28T22:46:00,2026-09-28T22:46:00,2026-09-28T22:46:00
2383,台光電,2022-12-23,176.5,-1.5,-0.84%,,11.29,,,,,,,ShowDailyK_ChartFlow,FinMind_API_TaiwanStockPrice_2383,True,2026-09-28T22:46:00,2026-09-28T22:46:00,2026-09-28T22:46:00
2383,台光電,2022-12-26,174.5,-2.0,-1.13%,,11.16,,,,,,,ShowDailyK_ChartFlow,FinMind_API_TaiwanStockPrice_2383,True,2026-09-28T22:46:00,2026-09-28T22:46:00,2026-09-28T22:46:00
2383,台光電,2022-12-27,176.0,1.5,0.86%,,11.26,,,,,,,ShowDailyK_ChartFlow,FinMind_API_TaiwanStockPrice_2383,True,2026-09-28T22:46:00,2026-09-28T22:46:00,2026-09-28T22:46:00
2383,台光電,2022-12-28,173.0,-3.0,-1.70%,,11.07,,,,,,,ShowDailyK_ChartFlow,FinMind_API_TaiwanStockPrice_2383,True,2026-09-28T22:46:00,2026-09-28T22:46:00,2026-09-28T22:46:00
2383,台光電,2022-12-29,174.0,1.0,0.58%,,11.13,,,,,,,ShowDailyK_ChartFlow,FinMind_API_TaiwanStockPrice_2383,True,2026-09-28T22:46:00,2026-09-28T22:46:00,2026-09-28T22:46:00
2383,台光電,2022-12-30,171.0,-3.0,-1.72%,,10.94,,,,,,,ShowDailyK_ChartFlow,FinMind_API_TaiwanStockPrice_2383,True,2026-09-28T22:46:00,2026-09-28T22:46:00,2026-09-28T22:46:00
2383,台光電,2023-01-03,176.5,5.5,3.22%,,11.29,,,,,,,ShowDailyK_ChartFlow,FinMind_API_TaiwanStockPrice_2383,True,2026-09-28T22:46:00,2026-09-28T22:46:00,2026-09-28T22:46:00
2383,台光電,2023-01-04,180.0,3.5,1.98%,,11.52,,,,,,,ShowDailyK_ChartFlow,FinMind_API_TaiwanStockPrice_2383,True,2026-09-28T22:46:00,2026-09-28T22:46:00,2026-09-28T22:46:00
2383,台光電,2023-01-05,174.5,-5.5,-3.06%,,11.16,,,,,,,ShowDailyK_ChartFlow,FinMind_API_TaiwanStockPrice_2383,True,2026-09-28T22:46:00,2026-09-28T22:46:00,2026-09-28T22:46:00
2383,台光電,2023-01-06,176.5,2.0,1.15%,,11.29,,,,,,,ShowDailyK_ChartFlow,FinMind_API_TaiwanStockPrice_2383,True,2026-09-28T22:46:00,2026-09-28T22:46:00,2026-09-28T22:46:00
2383,台光電,2023-01-09,185.0,8.5,4.82%,,11.84,,,,,,,ShowDailyK_ChartFlow,FinMind_API_TaiwanStockPrice_2383,True,2026-09-28T22:46:00,2026-09-28T22:46:00,2026-09-28T22:46:00
2383,台光電,2023-01-10,186.0,1.0,0.54%,,11.9,,,,,,,ShowDailyK_ChartFlow,FinMind_API_TaiwanStockPrice_2383,True,2026-09-28T22:46:00,2026-09-28T22:46:00,2026-09-28T22:46:00
2383,台光電,2023-01-11,181.0,-5.0,-2.69%,,11.58,,,,,,,ShowDailyK_ChartFlow,FinMind_API_TaiwanStockPrice_2383,True,2026-09-28T22:46:00,2026-09-28T22:46:00,2026-09-28T22:46:00
2383,台光電,2023-01-12,184.0,3.0,1.66%,,11.77,,,,,,,ShowDailyK_ChartFlow,FinMind_API_TaiwanStockPrice_2383,True,2026-09-28T22:46:00,2026-09-28T22:46:00,2026-09-28T22:46:00
2383,台光電,2023-01-13,180.0,-4.0,-2.17%,,11.52,,,,,,,ShowDailyK_ChartFlow,FinMind_API_TaiwanStockPrice_2383,True,2026-09-28T22:46:00,2026-09-28T22:46:00,2026-09-28T22:46:00
2383,台光電,2023-01-16,176.5,-3.5,-1.94%,,11.29,,,,,,,ShowDailyK_ChartFlow,FinMind_API_TaiwanStockPrice_2383,True,2026-09-28T22:46:00,2026-09-28T22:46:00,2026-09-28T22:46:00
2383,台光電,2023-01-17,178.5,2.0,1.13%,,11.42,,,,,,,ShowDailyK_ChartFlow,FinMind_API_TaiwanStockPrice_2383,True,2026-09-28T22:46:00,2026-09-28T22:46:00,2026-09-28T22:46:00
2383,台光電,2023-01-30,180.5,2.0,1.12%,,11.55,,,,,,,ShowDailyK_ChartFlow,FinMind_API_TaiwanStockPrice_2383,True,2026-09-28T22:46:00,2026-09-28T22:46:00,2026-09-28T22:46:00
2383,台光電,2023-01-31,180.5,0.0,0.00%,,11.55,,,,,,,ShowDailyK_ChartFlow,FinMind_API_TaiwanStockPrice_2383,True,2026-09-28T22:46:00,2026-09-28T22:46:00,2026-09-28T22:46:00
2383,台光電,2023-02-01,189.0,8.5,4.71%,,12.09,,,,,,,ShowDailyK_ChartFlow,FinMind_API_TaiwanStockPrice_2383,True,2026-09-28T22:46:00,2026-09-28T22:46:00,2026-09-28T22:46:00
2383,台光電,2023-02-02,187.0,-2.0,-1.06%,,11.96,,,,,,,ShowDailyK_ChartFlow,FinMind_API_TaiwanStockPrice_2383,True,2026-09-28T22:46:00,2026-09-28T22:46:00,2026-09-28T22:46:00
2383,台光電,2023-02-03,190.0,3.0,1.60%,,12.16,,,,,,,ShowDailyK_ChartFlow,FinMind_API_TaiwanStockPrice_2383,True,2026-09-28T22:46:00,2026-09-28T22:46:00,2026-09-28T22:46:00
2383,台光電,2023-02-06,182.5,-7.5,-3.95%,,11.68,,,,,,,ShowDailyK_ChartFlow,FinMind_API_TaiwanStockPrice_2383,True,2026-09-28T22:46:00,2026-09-28T22:46:00,2026-09-28T22:46:00
2383,台光電,2023-02-07,184.0,1.5,0.82%,,11.77,,,,,,,ShowDailyK_ChartFlow,FinMind_API_TaiwanStockPrice_2383,True,2026-09-28T22:46:00,2026-09-28T22:46:00,2026-09-28T22:46:00
2383,台光電,2023-02-08,184.5,0.5,0.27%,,11.8,,,,,,,ShowDailyK_ChartFlow,FinMind_API_TaiwanStockPrice_2383,True,2026-09-28T22:46:00,2026-09-28T22:46:00,2026-09-28T22:46:00
2383,台光電,2023-02-09,190.0,5.5,2.98%,,12.16,,,,,,,ShowDailyK_ChartFlow,FinMind_API_TaiwanStockPrice_2383,True,2026-09-28T22:46:00,2026-09-28T22:46:00,2026-09-28T22:46:00
2383,台光電,2023-02-10,190.0,0.0,0.00%,,12.16,,,,,,,ShowDailyK_ChartFlow,FinMind_API_TaiwanStockPrice_2383,True,2026-09-28T22:46:00,2026-09-28T22:46:00,2026-09-28T22:46:00
2383,台光電,2023-02-13,191.5,1.5,0.79%,,12.25,,,,,,,ShowDailyK_ChartFlow,FinMind_API_TaiwanStockPrice_2383,True,2026-09-28T22:46:00,2026-09-28T22:46:00,2026-09-28T22:46:00
2383,台光電,2023-02-14,189.5,-2.0,-1.04%,,12.12,,,,,,,ShowDailyK_ChartFlow,FinMind_API_TaiwanStockPrice_2383,True,2026-09-28T22:46:00,2026-09-28T22:46:00,2026-09-28T22:46:00
2383,台光電,2023-02-15,187.0,-2.5,-1.32%,,11.96,,,,,,,ShowDailyK_ChartFlow,FinMind_API_TaiwanStockPrice_2383,True,2026-09-28T22:46:00,2026-09-28T22:46:00,2026-09-28T22:46:00
2383,台光電,2023-02-16,190.5,3.5,1.87%,,12.19,,,,,,,ShowDailyK_ChartFlow,FinMind_API_TaiwanStockPrice_2383,True,2026-09-28T22:46:00,2026-09-28T22:46:00,2026-09-28T22:46:00
2383,台光電,2023-02-17,187.5,-3.0,-1.57%,,12.0,,,,,,,ShowDailyK_ChartFlow,FinMind_API_TaiwanStockPrice_2383,True,2026-09-28T22:46:00,2026-09-28T22:46:00,2026-09-28T22:46:00
2383,台光電,2023-02-20,190.5,3.0,1.60%,,12.19,,,,,,,ShowDailyK_ChartFlow,FinMind_API_TaiwanStockPrice_2383,True,2026-09-28T22:46:00,2026-09-28T22:46:00,2026-09-28T22:46:00
2383,台光電,2023-02-21,192.0,1.5,0.79%,,12.28,,,,,,,ShowDailyK_ChartFlow,FinMind_API_TaiwanStockPrice_2383,True,2026-09-28T22:46:00,2026-09-28T22:46:00,2026-09-28T22:46:00
2383,台光電,2023-02-22,185.5,-6.5,-3.39%,,11.87,,,,,,,ShowDailyK_ChartFlow,FinMind_API_TaiwanStockPrice_2383,True,2026-09-28T22:46:00,2026-09-28T22:46:00,2026-09-28T22:46:00
2383,台光電,2023-02-23,185.0,-0.5,-0.27%,,12.14,,,,,,,ShowDailyK_ChartFlow,FinMind_API_TaiwanStockPrice_2383,True,2026-09-28T22:46:00,2026-09-28T22:46:00,2026-09-28T22:46:00
2383,台光電,2023-02-24,190.5,5.5,2.97%,,12.5,,,,,,,ShowDailyK_ChartFlow,FinMind_API_TaiwanStockPrice_2383,True,2026-09-28T22:46:00,2026-09-28T22:46:00,2026-09-28T22:46:00
2383,台光電,2023-03-01,188.0,-2.5,-1.31%,,12.34,,,,,,,ShowDailyK_ChartFlow,FinMind_API_TaiwanStockPrice_2383,True,2026-09-28T22:46:00,2026-09-28T22:46:00,2026-09-28T22:46:00
2383,台光電,2023-03-02,189.0,1.0,0.53%,,12.4,,,,,,,ShowDailyK_ChartFlow,FinMind_API_TaiwanStockPrice_2383,True,2026-09-28T22:46:00,2026-09-28T22:46:00,2026-09-28T22:46:00
2383,台光電,2023-03-03,189.5,0.5,0.26%,,12.43,,,,,,,ShowDailyK_ChartFlow,FinMind_API_TaiwanStockPrice_2383,True,2026-09-28T22:46:00,2026-09-28T22:46:00,2026-09-28T22:46:00
2383,台光電,2023-03-06,192.5,3.0,1.58%,,12.63,,,,,,,ShowDailyK_ChartFlow,FinMind_API_TaiwanStockPrice_2383,True,2026-09-28T22:46:00,2026-09-28T22:46:00,2026-09-28T22:46:00
2383,台光電,2023-03-07,194.5,2.0,1.04%,,12.76,,,,,,,ShowDailyK_ChartFlow,FinMind_API_TaiwanStockPrice_2383,True,2026-09-28T22:46:00,2026-09-28T22:46:00,2026-09-28T22:46:00
2383,台光電,2023-03-08,195.0,0.5,0.26%,,12.8,,,,,,,ShowDailyK_ChartFlow,FinMind_API_TaiwanStockPrice_2383,True,2026-09-28T22:46:00,2026-09-28T22:46:00,2026-09-28T22:46:00
2383,台光電,2023-03-09,190.0,-5.0,-2.56%,,12.47,,,,,,,ShowDailyK_ChartFlow,FinMind_API_TaiwanStockPrice_2383,True,2026-09-28T22:46:00,2026-09-28T22:46:00,2026-09-28T22:46:00
2383,台光電,2023-03-10,183.5,-6.5,-3.42%,,12.04,,,,,,,ShowDailyK_ChartFlow,FinMind_API_TaiwanStockPrice_2383,True,2026-09-28T22:46:00,2026-09-28T22:46:00,2026-09-28T22:46:00
2383,台光電,2023-03-13,180.0,-3.5,-1.91%,,11.81,,,,,,,ShowDailyK_ChartFlow,FinMind_API_TaiwanStockPrice_2383,True,2026-09-28T22:46:00,2026-09-28T22:46:00,2026-09-28T22:46:00
2383,台光電,2023-03-14,172.5,-7.5,-4.17%,,11.32,,,,,,,ShowDailyK_ChartFlow,FinMind_API_TaiwanStockPrice_2383,True,2026-09-28T22:46:00,2026-09-28T22:46:00,2026-09-28T22:46:00
2383,台光電,2023-03-15,171.0,-1.5,-0.87%,,11.22,,,,,,,ShowDailyK_ChartFlow,FinMind_API_TaiwanStockPrice_2383,True,2026-09-28T22:46:00,2026-09-28T22:46:00,2026-09-28T22:46:00
2383,台光電,2023-03-16,169.5,-1.5,-0.88%,,11.12,,,,,,,ShowDailyK_ChartFlow,FinMind_API_TaiwanStockPrice_2383,True,2026-09-28T22:46:00,2026-09-28T22:46:00,2026-09-28T22:46:00
2383,台光電,2023-03-17,170.5,1.0,0.59%,,11.19,,,,,,,ShowDailyK_ChartFlow,FinMind_API_TaiwanStockPrice_2383,True,2026-09-28T22:46:00,2026-09-28T22:46:00,2026-09-28T22:46:00
2383,台光電,2023-03-20,170.5,0.0,0.00%,,11.19,,,,,,,ShowDailyK_ChartFlow,FinMind_API_TaiwanStockPrice_2383,True,2026-09-28T22:46:00,2026-09-28T22:46:00,2026-09-28T22:46:00
2383,台光電,2023-03-21,173.0,2.5,1.47%,,11.35,,,,,,,ShowDailyK_ChartFlow,FinMind_API_TaiwanStockPrice_2383,True,2026-09-28T22:46:00,2026-09-28T22:46:00,2026-09-28T22:46:00
2383,台光電,2023-03-22,178.5,5.5,3.18%,,11.71,,,,,,,ShowDailyK_ChartFlow,FinMind_API_TaiwanStockPrice_2383,True,2026-09-28T22:46:00,2026-09-28T22:46:00,2026-09-28T22:46:00
2383,台光電,2023-03-23,178.0,-0.5,-0.28%,,11.68,,,,,,,ShowDailyK_ChartFlow,FinMind_API_TaiwanStockPrice_2383,True,2026-09-28T22:46:00,2026-09-28T22:46:00,2026-09-28T22:46:00
2383,台光電,2023-03-24,177.0,-1.0,-0.56%,,11.61,,,,,,,ShowDailyK_ChartFlow,FinMind_API_TaiwanStockPrice_2383,True,2026-09-28T22:46:00,2026-09-28T22:46:00,2026-09-28T22:46:00
2383,台光電,2023-03-27,180.0,3.0,1.69%,,11.81,,,,,,,ShowDailyK_ChartFlow,FinMind_API_TaiwanStockPrice_2383,True,2026-09-28T22:46:00,2026-09-28T22:46:00,2026-09-28T22:46:00
2383,台光電,2023-03-28,176.0,-4.0,-2.22%,,11.55,,,,,,,ShowDailyK_ChartFlow,FinMind_API_TaiwanStockPrice_2383,True,2026-09-28T22:46:00,2026-09-28T22:46:00,2026-09-28T22:46:00
2383,台光電,2023-03-29,179.5,3.5,1.99%,,11.78,,,,,,,ShowDailyK_ChartFlow,FinMind_API_TaiwanStockPrice_2383,True,2026-09-28T22:46:00,2026-09-28T22:46:00,2026-09-28T22:46:00
2383,台光電,2023-03-30,183.0,3.5,1.95%,,12.01,,,,,,,ShowDailyK_ChartFlow,FinMind_API_TaiwanStockPrice_2383,True,2026-09-28T22:46:00,2026-09-28T22:46:00,2026-09-28T22:46:00
2383,台光電,2023-03-31,182.0,-1.0,-0.55%,,11.94,,,,,,,ShowDailyK_ChartFlow,FinMind_API_TaiwanStockPrice_2383,True,2026-09-28T22:46:00,2026-09-28T22:46:00,2026-09-28T22:46:00
2383,台光電,2023-04-06,178.5,-3.5,-1.92%,,11.71,,,,,,,ShowDailyK_ChartFlow,FinMind_API_TaiwanStockPrice_2383,True,2026-09-28T22:46:00,2026-09-28T22:46:00,2026-09-28T22:46:00
2383,台光電,2023-04-07,179.5,1.0,0.56%,,11.78,,,,,,,ShowDailyK_ChartFlow,FinMind_API_TaiwanStockPrice_2383,True,2026-09-28T22:46:00,2026-09-28T22:46:00,2026-09-28T22:46:00
2383,台光電,2023-04-10,182.0,2.5,1.39%,,11.94,,,,,,,ShowDailyK_ChartFlow,FinMind_API_TaiwanStockPrice_2383,True,2026-09-28T22:46:00,2026-09-28T22:46:00,2026-09-28T22:46:00
2383,台光電,2023-04-11,185.0,3.0,1.65%,,12.14,,,,,,,ShowDailyK_ChartFlow,FinMind_API_TaiwanStockPrice_2383,True,2026-09-28T22:46:00,2026-09-28T22:46:00,2026-09-28T22:46:00
2383,台光電,2023-04-12,185.5,0.5,0.27%,,12.17,,,,,,,ShowDailyK_ChartFlow,FinMind_API_TaiwanStockPrice_2383,True,2026-09-28T22:46:00,2026-09-28T22:46:00,2026-09-28T22:46:00
2383,台光電,2023-04-13,183.0,-2.5,-1.35%,,12.01,,,,,,,ShowDailyK_ChartFlow,FinMind_API_TaiwanStockPrice_2383,True,2026-09-28T22:46:00,2026-09-28T22:46:00,2026-09-28T22:46:00
2383,台光電,2023-04-14,185.0,2.0,1.09%,,12.14,,,,,,,ShowDailyK_ChartFlow,FinMind_API_TaiwanStockPrice_2383,True,2026-09-28T22:46:00,2026-09-28T22:46:00,2026-09-28T22:46:00
2383,台光電,2023-04-17,183.5,-1.5,-0.81%,,12.04,,,,,,,ShowDailyK_ChartFlow,FinMind_API_TaiwanStockPrice_2383,True,2026-09-28T22:46:00,2026-09-28T22:46:00,2026-09-28T22:46:00
2383,台光電,2023-04-18,182.0,-1.5,-0.82%,,11.94,,,,,,,ShowDailyK_ChartFlow,FinMind_API_TaiwanStockPrice_2383,True,2026-09-28T22:46:00,2026-09-28T22:46:00,2026-09-28T22:46:00
2383,台光電,2023-04-19,176.5,-5.5,-3.02%,,11.58,,,,,,,ShowDailyK_ChartFlow,FinMind_API_TaiwanStockPrice_2383,True,2026-09-28T22:46:00,2026-09-28T22:46:00,2026-09-28T22:46:00
2383,台光電,2023-04-20,173.0,-3.5,-1.98%,,11.35,,,,,,,ShowDailyK_ChartFlow,FinMind_API_TaiwanStockPrice_2383,True,2026-09-28T22:46:00,2026-09-28T22:46:00,2026-09-28T22:46:00
2383,台光電,2023-04-21,169.0,-4.0,-2.31%,,11.09,,,,,,,ShowDailyK_ChartFlow,FinMind_API_TaiwanStockPrice_2383,True,2026-09-28T22:46:00,2026-09-28T22:46:00,2026-09-28T22:46:00
2383,台光電,2023-04-24,167.0,-2.0,-1.18%,,10.96,,,,,,,ShowDailyK_ChartFlow,FinMind_API_TaiwanStockPrice_2383,True,2026-09-28T22:46:00,2026-09-28T22:46:00,2026-09-28T22:46:00
2383,台光電,2023-04-25,160.0,-7.0,-4.19%,,10.5,,,,,,,ShowDailyK_ChartFlow,FinMind_API_TaiwanStockPrice_2383,True,2026-09-28T22:46:00,2026-09-28T22:46:00,2026-09-28T22:46:00
2383,台光電,2023-04-26,153.5,-6.5,-4.06%,,12.09,,,,,,,ShowDailyK_ChartFlow,FinMind_API_TaiwanStockPrice_2383,True,2026-09-28T22:46:00,2026-09-28T22:46:00,2026-09-28T22:46:00
2383,台光電,2023-04-27,162.0,8.5,5.54%,,12.76,,,,,,,ShowDailyK_ChartFlow,FinMind_API_TaiwanStockPrice_2383,True,2026-09-28T22:46:00,2026-09-28T22:46:00,2026-09-28T22:46:00
2383,台光電,2023-04-28,163.5,1.5,0.93%,,12.87,,,,,,,ShowDailyK_ChartFlow,FinMind_API_TaiwanStockPrice_2383,True,2026-09-28T22:46:00,2026-09-28T22:46:00,2026-09-28T22:46:00
2383,台光電,2023-05-02,160.0,-3.5,-2.14%,,12.6,,,,,,,ShowDailyK_ChartFlow,FinMind_API_TaiwanStockPrice_2383,True,2026-09-28T22:46:00,2026-09-28T22:46:00,2026-09-28T22:46:00
2383,台光電,2023-05-03,164.5,4.5,2.81%,,12.95,,,,,,,ShowDailyK_ChartFlow,FinMind_API_TaiwanStockPrice_2383,True,2026-09-28T22:46:00,2026-09-28T22:46:00,2026-09-28T22:46:00
2383,台光電,2023-05-04,164.0,-0.5,-0.30%,,12.91,,,,,,,ShowDailyK_ChartFlow,FinMind_API_TaiwanStockPrice_2383,True,2026-09-28T22:46:00,2026-09-28T22:46:00,2026-09-28T22:46:00
2383,台光電,2023-05-05,170.0,6.0,3.66%,,13.39,,,,,,,ShowDailyK_ChartFlow,FinMind_API_TaiwanStockPrice_2383,True,2026-09-28T22:46:00,2026-09-28T22:46:00,2026-09-28T22:46:00
2383,台光電,2023-05-08,172.0,2.0,1.18%,,13.54,,,,,,,ShowDailyK_ChartFlow,FinMind_API_TaiwanStockPrice_2383,True,2026-09-28T22:46:00,2026-09-28T22:46:00,2026-09-28T22:46:00
2383,台光電,2023-05-09,171.0,-1.0,-0.58%,,13.46,,,,,,,ShowDailyK_ChartFlow,FinMind_API_TaiwanStockPrice_2383,True,2026-09-28T22:46:00,2026-09-28T22:46:00,2026-09-28T22:46:00
2383,台光電,2023-05-10,168.0,-3.0,-1.75%,,13.23,,,,,,,ShowDailyK_ChartFlow,FinMind_API_TaiwanStockPrice_2383,True,2026-09-28T22:46:00,2026-09-28T22:46:00,2026-09-28T22:46:00
2383,台光電,2023-05-11,165.5,-2.5,-1.49%,,13.03,,,,,,,ShowDailyK_ChartFlow,FinMind_API_TaiwanStockPrice_2383,True,2026-09-28T22:46:00,2026-09-28T22:46:00,2026-09-28T22:46:00
2383,台光電,2023-05-12,161.5,-4.0,-2.42%,,12.72,,,,,,,ShowDailyK_ChartFlow,FinMind_API_TaiwanStockPrice_2383,True,2026-09-28T22:46:00,2026-09-28T22:46:00,2026-09-28T22:46:00
2383,台光電,2023-05-15,164.0,2.5,1.55%,,12.91,,,,,,,ShowDailyK_ChartFlow,FinMind_API_TaiwanStockPrice_2383,True,2026-09-28T22:46:00,2026-09-28T22:46:00,2026-09-28T22:46:00
2383,台光電,2023-05-16,170.5,6.5,3.96%,,13.43,,,,,,,ShowDailyK_ChartFlow,FinMind_API_TaiwanStockPrice_2383,True,2026-09-28T22:46:00,2026-09-28T22:46:00,2026-09-28T22:46:00
2383,台光電,2023-05-17,169.5,-1.0,-0.59%,,13.35,,,,,,,ShowDailyK_ChartFlow,FinMind_API_TaiwanStockPrice_2383,True,2026-09-28T22:46:00,2026-09-28T22:46:00,2026-09-28T22:46:00
2383,台光電,2023-05-18,179.0,9.5,5.60%,,14.09,,,,,,,ShowDailyK_ChartFlow,FinMind_API_TaiwanStockPrice_2383,True,2026-09-28T22:46:00,2026-09-28T22:46:00,2026-09-28T22:46:00
2383,台光電,2023-05-19,184.5,5.5,3.07%,,14.53,,,,,,,ShowDailyK_ChartFlow,FinMind_API_TaiwanStockPrice_2383,True,2026-09-28T22:46:00,2026-09-28T22:46:00,2026-09-28T22:46:00
2383,台光電,2023-05-22,191.0,6.5,3.52%,,15.04,,,,,,,ShowDailyK_ChartFlow,FinMind_API_TaiwanStockPrice_2383,True,2026-09-28T22:46:00,2026-09-28T22:46:00,2026-09-28T22:46:00
2383,台光電,2023-05-23,187.5,-3.5,-1.83%,,14.76,,,,,,,ShowDailyK_ChartFlow,FinMind_API_TaiwanStockPrice_2383,True,2026-09-28T22:46:00,2026-09-28T22:46:00,2026-09-28T22:46:00
2383,台光電,2023-05-24,190.5,3.0,1.60%,,15.0,,,,,,,ShowDailyK_ChartFlow,FinMind_API_TaiwanStockPrice_2383,True,2026-09-28T22:46:00,2026-09-28T22:46:00,2026-09-28T22:46:00
2383,台光電,2023-05-25,204.0,13.5,7.09%,,16.06,,,,,,,ShowDailyK_ChartFlow,FinMind_API_TaiwanStockPrice_2383,True,2026-09-28T22:46:00,2026-09-28T22:46:00,2026-09-28T22:46:00
2383,台光電,2023-05-26,202.5,-1.5,-0.74%,,15.94,,,,,,,ShowDailyK_ChartFlow,FinMind_API_TaiwanStockPrice_2383,True,2026-09-28T22:46:00,2026-09-28T22:46:00,2026-09-28T22:46:00
2383,台光電,2023-05-29,204.5,2.0,0.99%,,16.1,,,,,,,ShowDailyK_ChartFlow,FinMind_API_TaiwanStockPrice_2383,True,2026-09-28T22:46:00,2026-09-28T22:46:00,2026-09-28T22:46:00
2383,台光電,2023-05-30,211.5,7.0,3.42%,,16.65,,,,,,,ShowDailyK_ChartFlow,FinMind_API_TaiwanStockPrice_2383,True,2026-09-28T22:46:00,2026-09-28T22:46:00,2026-09-28T22:46:00
2383,台光電,2023-05-31,211.0,-0.5,-0.24%,,16.61,,,,,,,ShowDailyK_ChartFlow,FinMind_API_TaiwanStockPrice_2383,True,2026-09-28T22:46:00,2026-09-28T22:46:00,2026-09-28T22:46:00
2383,台光電,2023-06-01,210.0,-1.0,-0.47%,,16.54,,,,,,,ShowDailyK_ChartFlow,FinMind_API_TaiwanStockPrice_2383,True,2026-09-28T22:46:00,2026-09-28T22:46:00,2026-09-28T22:46:00
2383,台光電,2023-06-02,210.0,0.0,0.00%,,16.54,,,,,,,ShowDailyK_ChartFlow,FinMind_API_TaiwanStockPrice_2383,True,2026-09-28T22:46:00,2026-09-28T22:46:00,2026-09-28T22:46:00
2383,台光電,2023-06-05,209.0,-1.0,-0.48%,,16.46,,,,,,,ShowDailyK_ChartFlow,FinMind_API_TaiwanStockPrice_2383,True,2026-09-28T22:46:00,2026-09-28T22:46:00,2026-09-28T22:46:00
2383,台光電,2023-06-06,209.5,0.5,0.24%,,16.5,,,,,,,ShowDailyK_ChartFlow,FinMind_API_TaiwanStockPrice_2383,True,2026-09-28T22:46:00,2026-09-28T22:46:00,2026-09-28T22:46:00
2383,台光電,2023-06-07,230.0,20.5,9.79%,,18.11,,,,,,,ShowDailyK_ChartFlow,FinMind_API_TaiwanStockPrice_2383,True,2026-09-28T22:46:00,2026-09-28T22:46:00,2026-09-28T22:46:00
2383,台光電,2023-06-08,230.5,0.5,0.22%,,18.15,,,,,,,ShowDailyK_ChartFlow,FinMind_API_TaiwanStockPrice_2383,True,2026-09-28T22:46:00,2026-09-28T22:46:00,2026-09-28T22:46:00
2383,台光電,2023-06-09,234.5,4.0,1.74%,,18.46,,,,,,,ShowDailyK_ChartFlow,FinMind_API_TaiwanStockPrice_2383,True,2026-09-28T22:46:00,2026-09-28T22:46:00,2026-09-28T22:46:00
2383,台光電,2023-06-12,235.5,1.0,0.43%,,18.54,,,,,,,ShowDailyK_ChartFlow,FinMind_API_TaiwanStockPrice_2383,True,2026-09-28T22:46:00,2026-09-28T22:46:00,2026-09-28T22:46:00
2383,台光電,2023-06-13,239.0,3.5,1.49%,,18.82,,,,,,,ShowDailyK_ChartFlow,FinMind_API_TaiwanStockPrice_2383,True,2026-09-28T22:46:00,2026-09-28T22:46:00,2026-09-28T22:46:00
2383,台光電,2023-06-14,242.5,3.5,1.46%,,19.09,,,,,,,ShowDailyK_ChartFlow,FinMind_API_TaiwanStockPrice_2383,True,2026-09-28T22:46:00,2026-09-28T22:46:00,2026-09-28T22:46:00
2383,台光電,2023-06-15,249.0,6.5,2.68%,,19.61,,,,,,,ShowDailyK_ChartFlow,FinMind_API_TaiwanStockPrice_2383,True,2026-09-28T22:46:00,2026-09-28T22:46:00,2026-09-28T22:46:00
2383,台光電,2023-06-16,244.0,-5.0,-2.01%,,19.21,,,,,,,ShowDailyK_ChartFlow,FinMind_API_TaiwanStockPrice_2383,True,2026-09-28T22:46:00,2026-09-28T22:46:00,2026-09-28T22:46:00
2383,台光電,2023-06-19,241.5,-2.5,-1.02%,,19.02,,,,,,,ShowDailyK_ChartFlow,FinMind_API_TaiwanStockPrice_2383,True,2026-09-28T22:46:00,2026-09-28T22:46:00,2026-09-28T22:46:00
2383,台光電,2023-06-20,243.0,1.5,0.62%,,19.13,,,,,,,ShowDailyK_ChartFlow,FinMind_API_TaiwanStockPrice_2383,True,2026-09-28T22:46:00,2026-09-28T22:46:00,2026-09-28T22:46:00
2383,台光電,2023-06-21,240.5,-2.5,-1.03%,,18.94,,,,,,,ShowDailyK_ChartFlow,FinMind_API_TaiwanStockPrice_2383,True,2026-09-28T22:46:00,2026-09-28T22:46:00,2026-09-28T22:46:00
2383,台光電,2023-06-26,232.0,-8.5,-3.53%,,18.27,,,,,,,ShowDailyK_ChartFlow,FinMind_API_TaiwanStockPrice_2383,True,2026-09-28T22:46:00,2026-09-28T22:46:00,2026-09-28T22:46:00
2383,台光電,2023-06-27,226.5,-5.5,-2.37%,,17.83,,,,,,,ShowDailyK_ChartFlow,FinMind_API_TaiwanStockPrice_2383,True,2026-09-28T22:46:00,2026-09-28T22:46:00,2026-09-28T22:46:00
2383,台光電,2023-06-28,226.0,-0.5,-0.22%,,17.8,,,,,,,ShowDailyK_ChartFlow,FinMind_API_TaiwanStockPrice_2383,True,2026-09-28T22:46:00,2026-09-28T22:46:00,2026-09-28T22:46:00
2383,台光電,2023-06-29,236.0,10.0,4.42%,,18.58,,,,,,,ShowDailyK_ChartFlow,FinMind_API_TaiwanStockPrice_2383,True,2026-09-28T22:46:00,2026-09-28T22:46:00,2026-09-28T22:46:00
2383,台光電,2023-06-30,243.5,7.5,3.18%,,19.17,,,,,,,ShowDailyK_ChartFlow,FinMind_API_TaiwanStockPrice_2383,True,2026-09-28T22:46:00,2026-09-28T22:46:00,2026-09-28T22:46:00
2383,台光電,2023-07-03,247.5,4.0,1.64%,,19.49,,,,,,,ShowDailyK_ChartFlow,FinMind_API_TaiwanStockPrice_2383,True,2026-09-28T22:46:00,2026-09-28T22:46:00,2026-09-28T22:46:00
2383,台光電,2023-07-04,263.0,15.5,6.26%,,20.71,,,,,,,ShowDailyK_ChartFlow,FinMind_API_TaiwanStockPrice_2383,True,2026-09-28T22:46:00,2026-09-28T22:46:00,2026-09-28T22:46:00
2383,台光電,2023-07-05,269.0,6.0,2.28%,,21.18,,,,,,,ShowDailyK_ChartFlow,FinMind_API_TaiwanStockPrice_2383,True,2026-09-28T22:46:00,2026-09-28T22:46:00,2026-09-28T22:46:00
2383,台光電,2023-07-06,266.5,-2.5,-0.93%,,20.98,,,,,,,ShowDailyK_ChartFlow,FinMind_API_TaiwanStockPrice_2383,True,2026-09-28T22:46:00,2026-09-28T22:46:00,2026-09-28T22:46:00
2383,台光電,2023-07-07,260.5,-6.0,-2.25%,,20.51,,,,,,,ShowDailyK_ChartFlow,FinMind_API_TaiwanStockPrice_2383,True,2026-09-28T22:46:00,2026-09-28T22:46:00,2026-09-28T22:46:00
2383,台光電,2023-07-10,277.5,17.0,6.53%,,21.85,,,,,,,ShowDailyK_ChartFlow,FinMind_API_TaiwanStockPrice_2383,True,2026-09-28T22:46:00,2026-09-28T22:46:00,2026-09-28T22:46:00
2383,台光電,2023-07-11,295.0,17.5,6.31%,,23.23,,,,,,,ShowDailyK_ChartFlow,FinMind_API_TaiwanStockPrice_2383,True,2026-09-28T22:46:00,2026-09-28T22:46:00,2026-09-28T22:46:00
2383,台光電,2023-07-12,297.5,2.5,0.85%,,23.43,,,,,,,ShowDailyK_ChartFlow,FinMind_API_TaiwanStockPrice_2383,True,2026-09-28T22:46:00,2026-09-28T22:46:00,2026-09-28T22:46:00
2383,台光電,2023-07-13,304.5,7.0,2.35%,,23.98,,,,,,,ShowDailyK_ChartFlow,FinMind_API_TaiwanStockPrice_2383,True,2026-09-28T22:46:00,2026-09-28T22:46:00,2026-09-28T22:46:00
2383,台光電,2023-07-14,306.5,2.0,0.66%,,24.13,,,,,,,ShowDailyK_ChartFlow,FinMind_API_TaiwanStockPrice_2383,True,2026-09-28T22:46:00,2026-09-28T22:46:00,2026-09-28T22:46:00
2383,台光電,2023-07-17,305.0,-1.5,-0.49%,,24.02,,,,,,,ShowDailyK_ChartFlow,FinMind_API_TaiwanStockPrice_2383,True,2026-09-28T22:46:00,2026-09-28T22:46:00,2026-09-28T22:46:00
2383,台光電,2023-07-18,326.0,21.0,6.89%,,25.67,,,,,,,ShowDailyK_ChartFlow,FinMind_API_TaiwanStockPrice_2383,True,2026-09-28T22:46:00,2026-09-28T22:46:00,2026-09-28T22:46:00
2383,台光電,2023-07-19,318.0,-8.0,-2.45%,,25.04,,,,,,,ShowDailyK_ChartFlow,FinMind_API_TaiwanStockPrice_2383,True,2026-09-28T22:46:00,2026-09-28T22:46:00,2026-09-28T22:46:00
2383,台光電,2023-07-20,330.5,12.5,3.93%,,26.02,,,,,,,ShowDailyK_ChartFlow,FinMind_API_TaiwanStockPrice_2383,True,2026-09-28T22:46:00,2026-09-28T22:46:00,2026-09-28T22:46:00
2383,台光電,2023-07-21,324.5,-6.0,-1.82%,,25.55,,,,,,,ShowDailyK_ChartFlow,FinMind_API_TaiwanStockPrice_2383,True,2026-09-28T22:46:00,2026-09-28T22:46:00,2026-09-28T22:46:00
2383,台光電,2023-07-24,356.5,32.0,9.86%,,28.07,,,,,,,ShowDailyK_ChartFlow,FinMind_API_TaiwanStockPrice_2383,True,2026-09-28T22:46:00,2026-09-28T22:46:00,2026-09-28T22:46:00
2383,台光電,2023-07-25,354.5,-2.0,-0.56%,,27.91,,,,,,,ShowDailyK_ChartFlow,FinMind_API_TaiwanStockPrice_2383,True,2026-09-28T22:46:00,2026-09-28T22:46:00,2026-09-28T22:46:00
2383,台光電,2023-07-26,354.0,-0.5,-0.14%,,28.41,,,,,,,ShowDailyK_ChartFlow,FinMind_API_TaiwanStockPrice_2383,True,2026-09-28T22:46:00,2026-09-28T22:46:00,2026-09-28T22:46:00
2383,台光電,2023-07-27,389.0,35.0,9.89%,,31.22,,,,,,,ShowDailyK_ChartFlow,FinMind_API_TaiwanStockPrice_2383,True,2026-09-28T22:46:00,2026-09-28T22:46:00,2026-09-28T22:46:00
2383,台光電,2023-07-28,418.0,29.0,7.46%,,33.55,,,,,,,ShowDailyK_ChartFlow,FinMind_API_TaiwanStockPrice_2383,True,2026-09-28T22:46:00,2026-09-28T22:46:00,2026-09-28T22:46:00
2383,台光電,2023-07-31,414.0,-4.0,-0.96%,,33.23,,,,,,,ShowDailyK_ChartFlow,FinMind_API_TaiwanStockPrice_2383,True,2026-09-28T22:46:00,2026-09-28T22:46:00,2026-09-28T22:46:00
2383,台光電,2023-08-01,403.5,-10.5,-2.54%,,32.38,,,,,,,ShowDailyK_ChartFlow,FinMind_API_TaiwanStockPrice_2383,True,2026-09-28T22:46:00,2026-09-28T22:46:00,2026-09-28T22:46:00
2383,台光電,2023-08-02,400.5,-3.0,-0.74%,,32.14,,,,,,,ShowDailyK_ChartFlow,FinMind_API_TaiwanStockPrice_2383,True,2026-09-28T22:46:00,2026-09-28T22:46:00,2026-09-28T22:46:00
2383,台光電,2023-08-04,400.0,-0.5,-0.12%,,32.1,,,,,,,ShowDailyK_ChartFlow,FinMind_API_TaiwanStockPrice_2383,True,2026-09-28T22:46:00,2026-09-28T22:46:00,2026-09-28T22:46:00
2383,台光電,2023-08-07,440.0,40.0,10.00%,,35.31,,,,,,,ShowDailyK_ChartFlow,FinMind_API_TaiwanStockPrice_2383,True,2026-09-28T22:46:00,2026-09-28T22:46:00,2026-09-28T22:46:00
2383,台光電,2023-08-08,440.5,0.5,0.11%,,35.35,,,,,,,ShowDailyK_ChartFlow,FinMind_API_TaiwanStockPrice_2383,True,2026-09-28T22:46:00,2026-09-28T22:46:00,2026-09-28T22:46:00
2383,台光電,2023-08-09,443.5,3.0,0.68%,,35.59,,,,,,,ShowDailyK_ChartFlow,FinMind_API_TaiwanStockPrice_2383,True,2026-09-28T22:46:00,2026-09-28T22:46:00,2026-09-28T22:46:00
2383,台光電,2023-08-10,406.5,-37.0,-8.34%,,32.62,,,,,,,ShowDailyK_ChartFlow,FinMind_API_TaiwanStockPrice_2383,True,2026-09-28T22:46:00,2026-09-28T22:46:00,2026-09-28T22:46:00
2383,台光電,2023-08-11,405.0,-1.5,-0.37%,,32.5,,,,,,,ShowDailyK_ChartFlow,FinMind_API_TaiwanStockPrice_2383,True,2026-09-28T22:46:00,2026-09-28T22:46:00,2026-09-28T22:46:00
2383,台光電,2023-08-14,406.0,1.0,0.25%,,32.58,,,,,,,ShowDailyK_ChartFlow,FinMind_API_TaiwanStockPrice_2383,True,2026-09-28T22:46:00,2026-09-28T22:46:00,2026-09-28T22:46:00
2383,台光電,2023-08-15,425.0,19.0,4.68%,,34.11,,,,,,,ShowDailyK_ChartFlow,FinMind_API_TaiwanStockPrice_2383,True,2026-09-28T22:46:00,2026-09-28T22:46:00,2026-09-28T22:46:00
2383,台光電,2023-08-16,438.5,13.5,3.18%,,35.19,,,,,,,ShowDailyK_ChartFlow,FinMind_API_TaiwanStockPrice_2383,True,2026-09-28T22:46:00,2026-09-28T22:46:00,2026-09-28T22:46:00
2383,台光電,2023-08-17,435.5,-3.0,-0.68%,,34.95,,,,,,,ShowDailyK_ChartFlow,FinMind_API_TaiwanStockPrice_2383,True,2026-09-28T22:46:00,2026-09-28T22:46:00,2026-09-28T22:46:00
2383,台光電,2023-08-18,427.0,-8.5,-1.95%,,34.27,,,,,,,ShowDailyK_ChartFlow,FinMind_API_TaiwanStockPrice_2383,True,2026-09-28T22:46:00,2026-09-28T22:46:00,2026-09-28T22:46:00
2383,台光電,2023-08-21,422.0,-5.0,-1.17%,,33.87,,,,,,,ShowDailyK_ChartFlow,FinMind_API_TaiwanStockPrice_2383,True,2026-09-28T22:46:00,2026-09-28T22:46:00,2026-09-28T22:46:00
2383,台光電,2023-08-22,433.5,11.5,2.73%,,34.79,,,,,,,ShowDailyK_ChartFlow,FinMind_API_TaiwanStockPrice_2383,True,2026-09-28T22:46:00,2026-09-28T22:46:00,2026-09-28T22:46:00
2383,台光電,2023-08-23,442.0,8.5,1.96%,,35.47,,,,,,,ShowDailyK_ChartFlow,FinMind_API_TaiwanStockPrice_2383,True,2026-09-28T22:46:00,2026-09-28T22:46:00,2026-09-28T22:46:00
2383,台光電,2023-08-24,445.0,3.0,0.68%,,35.71,,,,,,,ShowDailyK_ChartFlow,FinMind_API_TaiwanStockPrice_2383,True,2026-09-28T22:46:00,2026-09-28T22:46:00,2026-09-28T22:46:00
2383,台光電,2023-08-25,420.0,-25.0,-5.62%,,33.71,,,,,,,ShowDailyK_ChartFlow,FinMind_API_TaiwanStockPrice_2383,True,2026-09-28T22:46:00,2026-09-28T22:46:00,2026-09-28T22:46:00
2383,台光電,2023-08-28,404.0,-16.0,-3.81%,,32.42,,,,,,,ShowDailyK_ChartFlow,FinMind_API_TaiwanStockPrice_2383,True,2026-09-28T22:46:00,2026-09-28T22:46:00,2026-09-28T22:46:00
2383,台光電,2023-08-29,403.5,-0.5,-0.12%,,32.38,,,,,,,ShowDailyK_ChartFlow,FinMind_API_TaiwanStockPrice_2383,True,2026-09-28T22:46:00,2026-09-28T22:46:00,2026-09-28T22:46:00
2383,台光電,2023-08-30,415.5,12.0,2.97%,,33.35,,,,,,,ShowDailyK_ChartFlow,FinMind_API_TaiwanStockPrice_2383,True,2026-09-28T22:46:00,2026-09-28T22:46:00,2026-09-28T22:46:00
2383,台光電,2023-08-31,437.5,22.0,5.29%,,35.11,,,,,,,ShowDailyK_ChartFlow,FinMind_API_TaiwanStockPrice_2383,True,2026-09-28T22:46:00,2026-09-28T22:46:00,2026-09-28T22:46:00
2383,台光電,2023-09-01,438.5,1.0,0.23%,,35.19,,,,,,,ShowDailyK_ChartFlow,FinMind_API_TaiwanStockPrice_2383,True,2026-09-28T22:46:00,2026-09-28T22:46:00,2026-09-28T22:46:00
2383,台光電,2023-09-04,439.0,0.5,0.11%,,35.23,,,,,,,ShowDailyK_ChartFlow,FinMind_API_TaiwanStockPrice_2383,True,2026-09-28T22:46:00,2026-09-28T22:46:00,2026-09-28T22:46:00
2383,台光電,2023-09-05,455.0,16.0,3.64%,,36.52,,,,,,,ShowDailyK_ChartFlow,FinMind_API_TaiwanStockPrice_2383,True,2026-09-28T22:46:00,2026-09-28T22:46:00,2026-09-28T22:46:00
2383,台光電,2023-09-06,450.0,-5.0,-1.10%,,36.12,,,,,,,ShowDailyK_ChartFlow,FinMind_API_TaiwanStockPrice_2383,True,2026-09-28T22:46:00,2026-09-28T22:46:00,2026-09-28T22:46:00
2383,台光電,2023-09-07,446.5,-3.5,-0.78%,,35.83,,,,,,,ShowDailyK_ChartFlow,FinMind_API_TaiwanStockPrice_2383,True,2026-09-28T22:46:00,2026-09-28T22:46:00,2026-09-28T22:46:00
2383,台光電,2023-09-08,446.5,0.0,0.00%,,35.83,,,,,,,ShowDailyK_ChartFlow,FinMind_API_TaiwanStockPrice_2383,True,2026-09-28T22:46:00,2026-09-28T22:46:00,2026-09-28T22:46:00
2383,台光電,2023-09-11,437.0,-9.5,-2.13%,,35.07,,,,,,,ShowDailyK_ChartFlow,FinMind_API_TaiwanStockPrice_2383,True,2026-09-28T22:46:00,2026-09-28T22:46:00,2026-09-28T22:46:00
2383,台光電,2023-09-12,431.0,-6.0,-1.37%,,34.59,,,,,,,ShowDailyK_ChartFlow,FinMind_API_TaiwanStockPrice_2383,True,2026-09-28T22:46:00,2026-09-28T22:46:00,2026-09-28T22:46:00
2383,台光電,2023-09-13,421.5,-9.5,-2.20%,,33.83,,,,,,,ShowDailyK_ChartFlow,FinMind_API_TaiwanStockPrice_2383,True,2026-09-28T22:46:00,2026-09-28T22:46:00,2026-09-28T22:46:00
2383,台光電,2023-09-14,424.0,2.5,0.59%,,34.03,,,,,,,ShowDailyK_ChartFlow,FinMind_API_TaiwanStockPrice_2383,True,2026-09-28T22:46:00,2026-09-28T22:46:00,2026-09-28T22:46:00
2383,台光電,2023-09-15,423.0,-1.0,-0.24%,,33.95,,,,,,,ShowDailyK_ChartFlow,FinMind_API_TaiwanStockPrice_2383,True,2026-09-28T22:46:00,2026-09-28T22:46:00,2026-09-28T22:46:00
2383,台光電,2023-09-18,406.5,-16.5,-3.90%,,32.62,,,,,,,ShowDailyK_ChartFlow,FinMind_API_TaiwanStockPrice_2383,True,2026-09-28T22:46:00,2026-09-28T22:46:00,2026-09-28T22:46:00
2383,台光電,2023-09-19,398.0,-8.5,-2.09%,,31.94,,,,,,,ShowDailyK_ChartFlow,FinMind_API_TaiwanStockPrice_2383,True,2026-09-28T22:46:00,2026-09-28T22:46:00,2026-09-28T22:46:00
2383,台光電,2023-09-20,406.5,8.5,2.14%,,32.62,,,,,,,ShowDailyK_ChartFlow,FinMind_API_TaiwanStockPrice_2383,True,2026-09-28T22:46:00,2026-09-28T22:46:00,2026-09-28T22:46:00
2383,台光電,2023-09-21,392.5,-14.0,-3.44%,,31.5,,,,,,,ShowDailyK_ChartFlow,FinMind_API_TaiwanStockPrice_2383,True,2026-09-28T22:46:00,2026-09-28T22:46:00,2026-09-28T22:46:00
2383,台光電,2023-09-22,402.0,9.5,2.42%,,32.26,,,,,,,ShowDailyK_ChartFlow,FinMind_API_TaiwanStockPrice_2383,True,2026-09-28T22:46:00,2026-09-28T22:46:00,2026-09-28T22:46:00
2383,台光電,2023-09-25,408.5,6.5,1.62%,,32.78,,,,,,,ShowDailyK_ChartFlow,FinMind_API_TaiwanStockPrice_2383,True,2026-09-28T22:46:00,2026-09-28T22:46:00,2026-09-28T22:46:00
2383,台光電,2023-09-26,415.0,6.5,1.59%,,33.31,,,,,,,ShowDailyK_ChartFlow,FinMind_API_TaiwanStockPrice_2383,True,2026-09-28T22:46:00,2026-09-28T22:46:00,2026-09-28T22:46:00
2383,台光電,2023-09-27,418.0,3.0,0.72%,,33.55,,,,,,,ShowDailyK_ChartFlow,FinMind_API_TaiwanStockPrice_2383,True,2026-09-28T22:46:00,2026-09-28T22:46:00,2026-09-28T22:46:00
2383,台光電,2023-09-28,428.0,10.0,2.39%,,34.35,,,,,,,ShowDailyK_ChartFlow,FinMind_API_TaiwanStockPrice_2383,True,2026-09-28T22:46:00,2026-09-28T22:46:00,2026-09-28T22:46:00
2383,台光電,2023-10-02,449.0,21.0,4.91%,,36.04,,,,,,,ShowDailyK_ChartFlow,FinMind_API_TaiwanStockPrice_2383,True,2026-09-28T22:46:00,2026-09-28T22:46:00,2026-09-28T22:46:00
2383,台光電,2023-10-03,435.5,-13.5,-3.01%,,34.95,,,,,,,ShowDailyK_ChartFlow,FinMind_API_TaiwanStockPrice_2383,True,2026-09-28T22:46:00,2026-09-28T22:46:00,2026-09-28T22:46:00
2383,台光電,2023-10-04,441.0,5.5,1.26%,,35.39,,,,,,,ShowDailyK_ChartFlow,FinMind_API_TaiwanStockPrice_2383,True,2026-09-28T22:46:00,2026-09-28T22:46:00,2026-09-28T22:46:00
2383,台光電,2023-10-05,445.0,4.0,0.91%,,35.71,,,,,,,ShowDailyK_ChartFlow,FinMind_API_TaiwanStockPrice_2383,True,2026-09-28T22:46:00,2026-09-28T22:46:00,2026-09-28T22:46:00
2383,台光電,2023-10-06,439.5,-5.5,-1.24%,,35.27,,,,,,,ShowDailyK_ChartFlow,FinMind_API_TaiwanStockPrice_2383,True,2026-09-28T22:46:00,2026-09-28T22:46:00,2026-09-28T22:46:00
2383,台光電,2023-10-11,431.0,-8.5,-1.93%,,34.59,,,,,,,ShowDailyK_ChartFlow,FinMind_API_TaiwanStockPrice_2383,True,2026-09-28T22:46:00,2026-09-28T22:46:00,2026-09-28T22:46:00
2383,台光電,2023-10-12,428.5,-2.5,-0.58%,,34.39,,,,,,,ShowDailyK_ChartFlow,FinMind_API_TaiwanStockPrice_2383,True,2026-09-28T22:46:00,2026-09-28T22:46:00,2026-09-28T22:46:00
2383,台光電,2023-10-13,425.5,-3.0,-0.70%,,34.15,,,,,,,ShowDailyK_ChartFlow,FinMind_API_TaiwanStockPrice_2383,True,2026-09-28T22:46:00,2026-09-28T22:46:00,2026-09-28T22:46:00
2383,台光電,2023-10-16,411.0,-14.5,-3.41%,,32.99,,,,,,,ShowDailyK_ChartFlow,FinMind_API_TaiwanStockPrice_2383,True,2026-09-28T22:46:00,2026-09-28T22:46:00,2026-09-28T22:46:00
2383,台光電,2023-10-17,418.0,7.0,1.70%,,33.55,,,,,,,ShowDailyK_ChartFlow,FinMind_API_TaiwanStockPrice_2383,True,2026-09-28T22:46:00,2026-09-28T22:46:00,2026-09-28T22:46:00
2383,台光電,2023-10-18,402.0,-16.0,-3.83%,,32.26,,,,,,,ShowDailyK_ChartFlow,FinMind_API_TaiwanStockPrice_2383,True,2026-09-28T22:46:00,2026-09-28T22:46:00,2026-09-28T22:46:00
2383,台光電,2023-10-19,400.0,-2.0,-0.50%,,32.1,,,,,,,ShowDailyK_ChartFlow,FinMind_API_TaiwanStockPrice_2383,True,2026-09-28T22:46:00,2026-09-28T22:46:00,2026-09-28T22:46:00
2383,台光電,2023-10-20,403.0,3.0,0.75%,,32.34,,,,,,,ShowDailyK_ChartFlow,FinMind_API_TaiwanStockPrice_2383,True,2026-09-28T22:46:00,2026-09-28T22:46:00,2026-09-28T22:46:00
2383,台光電,2023-10-23,400.0,-3.0,-0.74%,,32.1,,,,,,,ShowDailyK_ChartFlow,FinMind_API_TaiwanStockPrice_2383,True,2026-09-28T22:46:00,2026-09-28T22:46:00,2026-09-28T22:46:00
2383,台光電,2023-10-24,413.5,13.5,3.38%,,33.19,,,,,,,ShowDailyK_ChartFlow,FinMind_API_TaiwanStockPrice_2383,True,2026-09-28T22:46:00,2026-09-28T22:46:00,2026-09-28T22:46:00
2383,台光電,2023-10-25,415.5,2.0,0.48%,,29.2,,,,,,,ShowDailyK_ChartFlow,FinMind_API_TaiwanStockPrice_2383,True,2026-09-28T22:46:00,2026-09-28T22:46:00,2026-09-28T22:46:00
2383,台光電,2023-10-26,388.5,-27.0,-6.50%,,27.3,,,,,,,ShowDailyK_ChartFlow,FinMind_API_TaiwanStockPrice_2383,True,2026-09-28T22:46:00,2026-09-28T22:46:00,2026-09-28T22:46:00
2383,台光電,2023-10-27,383.0,-5.5,-1.42%,,26.91,,,,,,,ShowDailyK_ChartFlow,FinMind_API_TaiwanStockPrice_2383,True,2026-09-28T22:46:00,2026-09-28T22:46:00,2026-09-28T22:46:00
2383,台光電,2023-10-30,387.0,4.0,1.04%,,27.2,,,,,,,ShowDailyK_ChartFlow,FinMind_API_TaiwanStockPrice_2383,True,2026-09-28T22:46:00,2026-09-28T22:46:00,2026-09-28T22:46:00
2383,台光電,2023-10-31,359.0,-28.0,-7.24%,,25.23,,,,,,,ShowDailyK_ChartFlow,FinMind_API_TaiwanStockPrice_2383,True,2026-09-28T22:46:00,2026-09-28T22:46:00,2026-09-28T22:46:00
2383,台光電,2023-11-01,363.0,4.0,1.11%,,25.51,,,,,,,ShowDailyK_ChartFlow,FinMind_API_TaiwanStockPrice_2383,True,2026-09-28T22:46:00,2026-09-28T22:46:00,2026-09-28T22:46:00
2383,台光電,2023-11-02,383.0,20.0,5.51%,,26.91,,,,,,,ShowDailyK_ChartFlow,FinMind_API_TaiwanStockPrice_2383,True,2026-09-28T22:46:00,2026-09-28T22:46:00,2026-09-28T22:46:00
2383,台光電,2023-11-03,388.0,5.0,1.31%,,27.27,,,,,,,ShowDailyK_ChartFlow,FinMind_API_TaiwanStockPrice_2383,True,2026-09-28T22:46:00,2026-09-28T22:46:00,2026-09-28T22:46:00
2383,台光電,2023-11-06,400.5,12.5,3.22%,,28.14,,,,,,,ShowDailyK_ChartFlow,FinMind_API_TaiwanStockPrice_2383,True,2026-09-28T22:46:00,2026-09-28T22:46:00,2026-09-28T22:46:00
2383,台光電,2023-11-07,399.5,-1.0,-0.25%,,28.07,,,,,,,ShowDailyK_ChartFlow,FinMind_API_TaiwanStockPrice_2383,True,2026-09-28T22:46:00,2026-09-28T22:46:00,2026-09-28T22:46:00
2383,台光電,2023-11-08,404.0,4.5,1.13%,,28.39,,,,,,,ShowDailyK_ChartFlow,FinMind_API_TaiwanStockPrice_2383,True,2026-09-28T22:46:00,2026-09-28T22:46:00,2026-09-28T22:46:00
2383,台光電,2023-11-09,413.5,9.5,2.35%,,29.06,,,,,,,ShowDailyK_ChartFlow,FinMind_API_TaiwanStockPrice_2383,True,2026-09-28T22:46:00,2026-09-28T22:46:00,2026-09-28T22:46:00
2383,台光電,2023-11-10,417.0,3.5,0.85%,,29.3,,,,,,,ShowDailyK_ChartFlow,FinMind_API_TaiwanStockPrice_2383,True,2026-09-28T22:46:00,2026-09-28T22:46:00,2026-09-28T22:46:00
2383,台光電,2023-11-13,422.0,5.0,1.20%,,29.66,,,,,,,ShowDailyK_ChartFlow,FinMind_API_TaiwanStockPrice_2383,True,2026-09-28T22:46:00,2026-09-28T22:46:00,2026-09-28T22:46:00
2383,台光電,2023-11-14,419.0,-3.0,-0.71%,,29.44,,,,,,,ShowDailyK_ChartFlow,FinMind_API_TaiwanStockPrice_2383,True,2026-09-28T22:46:00,2026-09-28T22:46:00,2026-09-28T22:46:00
2383,台光電,2023-11-15,411.0,-8.0,-1.91%,,28.88,,,,,,,ShowDailyK_ChartFlow,FinMind_API_TaiwanStockPrice_2383,True,2026-09-28T22:46:00,2026-09-28T22:46:00,2026-09-28T22:46:00
2383,台光電,2023-11-16,414.5,3.5,0.85%,,29.13,,,,,,,ShowDailyK_ChartFlow,FinMind_API_TaiwanStockPrice_2383,True,2026-09-28T22:46:00,2026-09-28T22:46:00,2026-09-28T22:46:00
2383,台光電,2023-11-17,417.5,3.0,0.72%,,29.34,,,,,,,ShowDailyK_ChartFlow,FinMind_API_TaiwanStockPrice_2383,True,2026-09-28T22:46:00,2026-09-28T22:46:00,2026-09-28T22:46:00
2383,台光電,2023-11-20,440.0,22.5,5.39%,,30.92,,,,,,,ShowDailyK_ChartFlow,FinMind_API_TaiwanStockPrice_2383,True,2026-09-28T22:46:00,2026-09-28T22:46:00,2026-09-28T22:46:00
2383,台光電,2023-11-21,436.0,-4.0,-0.91%,,30.64,,,,,,,ShowDailyK_ChartFlow,FinMind_API_TaiwanStockPrice_2383,True,2026-09-28T22:46:00,2026-09-28T22:46:00,2026-09-28T22:46:00
2383,台光電,2023-11-22,424.5,-11.5,-2.64%,,29.83,,,,,,,ShowDailyK_ChartFlow,FinMind_API_TaiwanStockPrice_2383,True,2026-09-28T22:46:00,2026-09-28T22:46:00,2026-09-28T22:46:00
2383,台光電,2023-11-23,422.5,-2.0,-0.47%,,29.69,,,,,,,ShowDailyK_ChartFlow,FinMind_API_TaiwanStockPrice_2383,True,2026-09-28T22:46:00,2026-09-28T22:46:00,2026-09-28T22:46:00
2383,台光電,2023-11-24,422.0,-0.5,-0.12%,,29.66,,,,,,,ShowDailyK_ChartFlow,FinMind_API_TaiwanStockPrice_2383,True,2026-09-28T22:46:00,2026-09-28T22:46:00,2026-09-28T22:46:00
2383,台光電,2023-11-27,398.0,-24.0,-5.69%,,27.97,,,,,,,ShowDailyK_ChartFlow,FinMind_API_TaiwanStockPrice_2383,True,2026-09-28T22:46:00,2026-09-28T22:46:00,2026-09-28T22:46:00
2383,台光電,2023-11-28,378.5,-19.5,-4.90%,,26.6,,,,,,,ShowDailyK_ChartFlow,FinMind_API_TaiwanStockPrice_2383,True,2026-09-28T22:46:00,2026-09-28T22:46:00,2026-09-28T22:46:00
2383,台光電,2023-11-29,372.0,-6.5,-1.72%,,26.14,,,,,,,ShowDailyK_ChartFlow,FinMind_API_TaiwanStockPrice_2383,True,2026-09-28T22:46:00,2026-09-28T22:46:00,2026-09-28T22:46:00
2383,台光電,2023-11-30,380.0,8.0,2.15%,,26.7,,,,,,,ShowDailyK_ChartFlow,FinMind_API_TaiwanStockPrice_2383,True,2026-09-28T22:46:00,2026-09-28T22:46:00,2026-09-28T22:46:00
2383,台光電,2023-12-01,389.0,9.0,2.37%,,27.34,,,,,,,ShowDailyK_ChartFlow,FinMind_API_TaiwanStockPrice_2383,True,2026-09-28T22:46:00,2026-09-28T22:46:00,2026-09-28T22:46:00
2383,台光電,2023-12-04,391.5,2.5,0.64%,,27.51,,,,,,,ShowDailyK_ChartFlow,FinMind_API_TaiwanStockPrice_2383,True,2026-09-28T22:46:00,2026-09-28T22:46:00,2026-09-28T22:46:00
2383,台光電,2023-12-05,385.0,-6.5,-1.66%,,27.06,,,,,,,ShowDailyK_ChartFlow,FinMind_API_TaiwanStockPrice_2383,True,2026-09-28T22:46:00,2026-09-28T22:46:00,2026-09-28T22:46:00
2383,台光電,2023-12-06,386.5,1.5,0.39%,,27.16,,,,,,,ShowDailyK_ChartFlow,FinMind_API_TaiwanStockPrice_2383,True,2026-09-28T22:46:00,2026-09-28T22:46:00,2026-09-28T22:46:00
2383,台光電,2023-12-07,384.0,-2.5,-0.65%,,26.99,,,,,,,ShowDailyK_ChartFlow,FinMind_API_TaiwanStockPrice_2383,True,2026-09-28T22:46:00,2026-09-28T22:46:00,2026-09-28T22:46:00
2383,台光電,2023-12-08,393.5,9.5,2.47%,,27.65,,,,,,,ShowDailyK_ChartFlow,FinMind_API_TaiwanStockPrice_2383,True,2026-09-28T22:46:00,2026-09-28T22:46:00,2026-09-28T22:46:00
2383,台光電,2023-12-11,391.5,-2.0,-0.51%,,27.51,,,,,,,ShowDailyK_ChartFlow,FinMind_API_TaiwanStockPrice_2383,True,2026-09-28T22:46:00,2026-09-28T22:46:00,2026-09-28T22:46:00
2383,台光電,2023-12-12,381.0,-10.5,-2.68%,,26.77,,,,,,,ShowDailyK_ChartFlow,FinMind_API_TaiwanStockPrice_2383,True,2026-09-28T22:46:00,2026-09-28T22:46:00,2026-09-28T22:46:00
2383,台光電,2023-12-13,383.0,2.0,0.52%,,26.91,,,,,,,ShowDailyK_ChartFlow,FinMind_API_TaiwanStockPrice_2383,True,2026-09-28T22:46:00,2026-09-28T22:46:00,2026-09-28T22:46:00
2383,台光電,2023-12-14,378.0,-5.0,-1.31%,,26.56,,,,,,,ShowDailyK_ChartFlow,FinMind_API_TaiwanStockPrice_2383,True,2026-09-28T22:46:00,2026-09-28T22:46:00,2026-09-28T22:46:00
2383,台光電,2023-12-15,376.0,-2.0,-0.53%,,26.42,,,,,,,ShowDailyK_ChartFlow,FinMind_API_TaiwanStockPrice_2383,True,2026-09-28T22:46:00,2026-09-28T22:46:00,2026-09-28T22:46:00
2383,台光電,2023-12-18,368.5,-7.5,-1.99%,,25.9,,,,,,,ShowDailyK_ChartFlow,FinMind_API_TaiwanStockPrice_2383,True,2026-09-28T22:46:00,2026-09-28T22:46:00,2026-09-28T22:46:00
2383,台光電,2023-12-19,365.5,-3.0,-0.81%,,25.69,,,,,,,ShowDailyK_ChartFlow,FinMind_API_TaiwanStockPrice_2383,True,2026-09-28T22:46:00,2026-09-28T22:46:00,2026-09-28T22:46:00
2383,台光電,2023-12-20,366.5,1.0,0.27%,,25.76,,,,,,,ShowDailyK_ChartFlow,FinMind_API_TaiwanStockPrice_2383,True,2026-09-28T22:46:00,2026-09-28T22:46:00,2026-09-28T22:46:00
2383,台光電,2023-12-21,371.0,4.5,1.23%,,26.07,,,,,,,ShowDailyK_ChartFlow,FinMind_API_TaiwanStockPrice_2383,True,2026-09-28T22:46:00,2026-09-28T22:46:00,2026-09-28T22:46:00
2383,台光電,2023-12-22,375.5,4.5,1.21%,,26.39,,,,,,,ShowDailyK_ChartFlow,FinMind_API_TaiwanStockPrice_2383,True,2026-09-28T22:46:00,2026-09-28T22:46:00,2026-09-28T22:46:00
2383,台光電,2023-12-25,372.0,-3.5,-0.93%,,26.14,,,,,,,ShowDailyK_ChartFlow,FinMind_API_TaiwanStockPrice_2383,True,2026-09-28T22:46:00,2026-09-28T22:46:00,2026-09-28T22:46:00
2383,台光電,2023-12-26,374.5,2.5,0.67%,,26.32,,,,,,,ShowDailyK_ChartFlow,FinMind_API_TaiwanStockPrice_2383,True,2026-09-28T22:46:00,2026-09-28T22:46:00,2026-09-28T22:46:00
2383,台光電,2023-12-27,377.5,3.0,0.80%,,26.53,,,,,,,ShowDailyK_ChartFlow,FinMind_API_TaiwanStockPrice_2383,True,2026-09-28T22:46:00,2026-09-28T22:46:00,2026-09-28T22:46:00
2383,台光電,2023-12-28,377.0,-0.5,-0.13%,,26.49,,,,,,,ShowDailyK_ChartFlow,FinMind_API_TaiwanStockPrice_2383,True,2026-09-28T22:46:00,2026-09-28T22:46:00,2026-09-28T22:46:00
2383,台光電,2023-12-29,382.0,5.0,1.33%,,26.84,,,,,,,ShowDailyK_ChartFlow,FinMind_API_TaiwanStockPrice_2383,True,2026-09-28T22:46:00,2026-09-28T22:46:00,2026-09-28T22:46:00
2383,台光電,2024-01-02,366.0,-16.0,-4.19%,,25.72,,,,,,,ShowDailyK_ChartFlow,FinMind_API_TaiwanStockPrice_2383,True,2026-09-28T22:46:00,2026-09-28T22:46:00,2026-09-28T22:46:00
2383,台光電,2024-01-03,362.5,-3.5,-0.96%,,25.47,,,,,,,ShowDailyK_ChartFlow,FinMind_API_TaiwanStockPrice_2383,True,2026-09-28T22:46:00,2026-09-28T22:46:00,2026-09-28T22:46:00
2383,台光電,2024-01-04,361.5,-1.0,-0.28%,,25.4,,,,,,,ShowDailyK_ChartFlow,FinMind_API_TaiwanStockPrice_2383,True,2026-09-28T22:46:00,2026-09-28T22:46:00,2026-09-28T22:46:00
2383,台光電,2024-01-05,365.5,4.0,1.11%,,25.69,,,,,,,ShowDailyK_ChartFlow,FinMind_API_TaiwanStockPrice_2383,True,2026-09-28T22:46:00,2026-09-28T22:46:00,2026-09-28T22:46:00
2383,台光電,2024-01-08,363.0,-2.5,-0.68%,,25.51,,,,,,,ShowDailyK_ChartFlow,FinMind_API_TaiwanStockPrice_2383,True,2026-09-28T22:46:00,2026-09-28T22:46:00,2026-09-28T22:46:00
2383,台光電,2024-01-09,366.0,3.0,0.83%,,25.72,,,,,,,ShowDailyK_ChartFlow,FinMind_API_TaiwanStockPrice_2383,True,2026-09-28T22:46:00,2026-09-28T22:46:00,2026-09-28T22:46:00
2383,台光電,2024-01-10,358.5,-7.5,-2.05%,,25.19,,,,,,,ShowDailyK_ChartFlow,FinMind_API_TaiwanStockPrice_2383,True,2026-09-28T22:46:00,2026-09-28T22:46:00,2026-09-28T22:46:00
2383,台光電,2024-01-11,376.0,17.5,4.88%,,26.42,,,,,,,ShowDailyK_ChartFlow,FinMind_API_TaiwanStockPrice_2383,True,2026-09-28T22:46:00,2026-09-28T22:46:00,2026-09-28T22:46:00
2383,台光電,2024-01-12,381.5,5.5,1.46%,,26.81,,,,,,,ShowDailyK_ChartFlow,FinMind_API_TaiwanStockPrice_2383,True,2026-09-28T22:46:00,2026-09-28T22:46:00,2026-09-28T22:46:00
2383,台光電,2024-01-15,385.0,3.5,0.92%,,27.06,,,,,,,ShowDailyK_ChartFlow,FinMind_API_TaiwanStockPrice_2383,True,2026-09-28T22:46:00,2026-09-28T22:46:00,2026-09-28T22:46:00
2383,台光電,2024-01-16,392.0,7.0,1.82%,,27.55,,,,,,,ShowDailyK_ChartFlow,FinMind_API_TaiwanStockPrice_2383,True,2026-09-28T22:46:00,2026-09-28T22:46:00,2026-09-28T22:46:00
2383,台光電,2024-01-17,385.0,-7.0,-1.79%,,27.06,,,,,,,ShowDailyK_ChartFlow,FinMind_API_TaiwanStockPrice_2383,True,2026-09-28T22:46:00,2026-09-28T22:46:00,2026-09-28T22:46:00
2383,台光電,2024-01-18,382.0,-3.0,-0.78%,,26.84,,,,,,,ShowDailyK_ChartFlow,FinMind_API_TaiwanStockPrice_2383,True,2026-09-28T22:46:00,2026-09-28T22:46:00,2026-09-28T22:46:00
2383,台光電,2024-01-19,396.0,14.0,3.66%,,27.83,,,,,,,ShowDailyK_ChartFlow,FinMind_API_TaiwanStockPrice_2383,True,2026-09-28T22:46:00,2026-09-28T22:46:00,2026-09-28T22:46:00
2383,台光電,2024-01-22,435.5,39.5,9.97%,,30.6,,,,,,,ShowDailyK_ChartFlow,FinMind_API_TaiwanStockPrice_2383,True,2026-09-28T22:46:00,2026-09-28T22:46:00,2026-09-28T22:46:00
2383,台光電,2024-01-23,439.0,3.5,0.80%,,30.85,,,,,,,ShowDailyK_ChartFlow,FinMind_API_TaiwanStockPrice_2383,True,2026-09-28T22:46:00,2026-09-28T22:46:00,2026-09-28T22:46:00
2383,台光電,2024-01-24,424.5,-14.5,-3.30%,,29.83,,,,,,,ShowDailyK_ChartFlow,FinMind_API_TaiwanStockPrice_2383,True,2026-09-28T22:46:00,2026-09-28T22:46:00,2026-09-28T22:46:00
2383,台光電,2024-01-25,414.5,-10.0,-2.36%,,29.13,,,,,,,ShowDailyK_ChartFlow,FinMind_API_TaiwanStockPrice_2383,True,2026-09-28T22:46:00,2026-09-28T22:46:00,2026-09-28T22:46:00
2383,台光電,2024-01-26,414.5,0.0,0.00%,,29.13,,,,,,,ShowDailyK_ChartFlow,FinMind_API_TaiwanStockPrice_2383,True,2026-09-28T22:46:00,2026-09-28T22:46:00,2026-09-28T22:46:00
2383,台光電,2024-01-29,431.5,17.0,4.10%,,30.32,,,,,,,ShowDailyK_ChartFlow,FinMind_API_TaiwanStockPrice_2383,True,2026-09-28T22:46:00,2026-09-28T22:46:00,2026-09-28T22:46:00
2383,台光電,2024-01-30,470.5,39.0,9.04%,,33.06,,,,,,,ShowDailyK_ChartFlow,FinMind_API_TaiwanStockPrice_2383,True,2026-09-28T22:46:00,2026-09-28T22:46:00,2026-09-28T22:46:00
2383,台光電,2024-01-31,461.0,-9.5,-2.02%,,32.4,,,,,,,ShowDailyK_ChartFlow,FinMind_API_TaiwanStockPrice_2383,True,2026-09-28T22:46:00,2026-09-28T22:46:00,2026-09-28T22:46:00
2383,台光電,2024-02-01,450.0,-11.0,-2.39%,,31.62,,,,,,,ShowDailyK_ChartFlow,FinMind_API_TaiwanStockPrice_2383,True,2026-09-28T22:46:00,2026-09-28T22:46:00,2026-09-28T22:46:00
2383,台光電,2024-02-02,475.0,25.0,5.56%,,33.38,,,,,,,ShowDailyK_ChartFlow,FinMind_API_TaiwanStockPrice_2383,True,2026-09-28T22:46:00,2026-09-28T22:46:00,2026-09-28T22:46:00
2383,台光電,2024-02-05,497.5,22.5,4.74%,,34.96,,,,,,,ShowDailyK_ChartFlow,FinMind_API_TaiwanStockPrice_2383,True,2026-09-28T22:46:00,2026-09-28T22:46:00,2026-09-28T22:46:00
2383,台光電,2024-02-15,545.0,47.5,9.55%,,38.3,,,,,,,ShowDailyK_ChartFlow,FinMind_API_TaiwanStockPrice_2383,True,2026-09-28T22:46:00,2026-09-28T22:46:00,2026-09-28T22:46:00
2383,台光電,2024-02-16,534.0,-11.0,-2.02%,,37.53,,,,,,,ShowDailyK_ChartFlow,FinMind_API_TaiwanStockPrice_2383,True,2026-09-28T22:46:00,2026-09-28T22:46:00,2026-09-28T22:46:00
2383,台光電,2024-02-19,515.0,-19.0,-3.56%,,36.19,,,,,,,ShowDailyK_ChartFlow,FinMind_API_TaiwanStockPrice_2383,True,2026-09-28T22:46:00,2026-09-28T22:46:00,2026-09-28T22:46:00
2383,台光電,2024-02-20,509.0,-6.0,-1.17%,,35.77,,,,,,,ShowDailyK_ChartFlow,FinMind_API_TaiwanStockPrice_2383,True,2026-09-28T22:46:00,2026-09-28T22:46:00,2026-09-28T22:46:00
2383,台光電,2024-02-21,492.5,-16.5,-3.24%,,34.61,,,,,,,ShowDailyK_ChartFlow,FinMind_API_TaiwanStockPrice_2383,True,2026-09-28T22:46:00,2026-09-28T22:46:00,2026-09-28T22:46:00
2383,台光電,2024-02-22,490.5,-2.0,-0.41%,,34.47,,,,,,,ShowDailyK_ChartFlow,FinMind_API_TaiwanStockPrice_2383,True,2026-09-28T22:46:00,2026-09-28T22:46:00,2026-09-28T22:46:00
2383,台光電,2024-02-23,510.0,19.5,3.98%,,35.84,,,,,,,ShowDailyK_ChartFlow,FinMind_API_TaiwanStockPrice_2383,True,2026-09-28T22:46:00,2026-09-28T22:46:00,2026-09-28T22:46:00
2383,台光電,2024-02-26,524.0,14.0,2.75%,,36.82,,,,,,,ShowDailyK_ChartFlow,FinMind_API_TaiwanStockPrice_2383,True,2026-09-28T22:46:00,2026-09-28T22:46:00,2026-09-28T22:46:00
2383,台光電,2024-02-27,504.0,-20.0,-3.82%,,35.42,,,,,,,ShowDailyK_ChartFlow,FinMind_API_TaiwanStockPrice_2383,True,2026-09-28T22:46:00,2026-09-28T22:46:00,2026-09-28T22:46:00
2383,台光電,2024-02-29,495.0,-9.0,-1.79%,,34.79,,,,,,,ShowDailyK_ChartFlow,FinMind_API_TaiwanStockPrice_2383,True,2026-09-28T22:46:00,2026-09-28T22:46:00,2026-09-28T22:46:00
2383,台光電,2024-03-01,494.0,-1.0,-0.20%,,30.89,,,,,,,ShowDailyK_ChartFlow,FinMind_API_TaiwanStockPrice_2383,True,2026-09-28T22:46:00,2026-09-28T22:46:00,2026-09-28T22:46:00
2383,台光電,2024-03-04,487.0,-7.0,-1.42%,,30.46,,,,,,,ShowDailyK_ChartFlow,FinMind_API_TaiwanStockPrice_2383,True,2026-09-28T22:46:00,2026-09-28T22:46:00,2026-09-28T22:46:00
2383,台光電,2024-03-05,498.5,11.5,2.36%,,31.18,,,,,,,ShowDailyK_ChartFlow,FinMind_API_TaiwanStockPrice_2383,True,2026-09-28T22:46:00,2026-09-28T22:46:00,2026-09-28T22:46:00
2383,台光電,2024-03-06,514.0,15.5,3.11%,,32.15,,,,,,,ShowDailyK_ChartFlow,FinMind_API_TaiwanStockPrice_2383,True,2026-09-28T22:46:00,2026-09-28T22:46:00,2026-09-28T22:46:00
2383,台光電,2024-03-07,522.0,8.0,1.56%,,32.65,,,,,,,ShowDailyK_ChartFlow,FinMind_API_TaiwanStockPrice_2383,True,2026-09-28T22:46:00,2026-09-28T22:46:00,2026-09-28T22:46:00
2383,台光電,2024-03-08,490.0,-32.0,-6.13%,,30.64,,,,,,,ShowDailyK_ChartFlow,FinMind_API_TaiwanStockPrice_2383,True,2026-09-28T22:46:00,2026-09-28T22:46:00,2026-09-28T22:46:00
2383,台光電,2024-03-11,496.0,6.0,1.22%,,31.02,,,,,,,ShowDailyK_ChartFlow,FinMind_API_TaiwanStockPrice_2383,True,2026-09-28T22:46:00,2026-09-28T22:46:00,2026-09-28T22:46:00
2383,台光電,2024-03-12,450.0,-46.0,-9.27%,,28.14,,,,,,,ShowDailyK_ChartFlow,FinMind_API_TaiwanStockPrice_2383,True,2026-09-28T22:46:00,2026-09-28T22:46:00,2026-09-28T22:46:00
2383,台光電,2024-03-13,405.0,-45.0,-10.00%,,25.33,,,,,,,ShowDailyK_ChartFlow,FinMind_API_TaiwanStockPrice_2383,True,2026-09-28T22:46:00,2026-09-28T22:46:00,2026-09-28T22:46:00
2383,台光電,2024-03-14,394.0,-11.0,-2.72%,,24.64,,,,,,,ShowDailyK_ChartFlow,FinMind_API_TaiwanStockPrice_2383,True,2026-09-28T22:46:00,2026-09-28T22:46:00,2026-09-28T22:46:00
2383,台光電,2024-03-15,414.0,20.0,5.08%,,25.89,,,,,,,ShowDailyK_ChartFlow,FinMind_API_TaiwanStockPrice_2383,True,2026-09-28T22:46:00,2026-09-28T22:46:00,2026-09-28T22:46:00
2383,台光電,2024-03-18,412.0,-2.0,-0.48%,,25.77,,,,,,,ShowDailyK_ChartFlow,FinMind_API_TaiwanStockPrice_2383,True,2026-09-28T22:46:00,2026-09-28T22:46:00,2026-09-28T22:46:00
2383,台光電,2024-03-19,418.0,6.0,1.46%,,26.14,,,,,,,ShowDailyK_ChartFlow,FinMind_API_TaiwanStockPrice_2383,True,2026-09-28T22:46:00,2026-09-28T22:46:00,2026-09-28T22:46:00
2383,台光電,2024-03-20,406.0,-12.0,-2.87%,,25.39,,,,,,,ShowDailyK_ChartFlow,FinMind_API_TaiwanStockPrice_2383,True,2026-09-28T22:46:00,2026-09-28T22:46:00,2026-09-28T22:46:00
2383,台光電,2024-03-21,420.5,14.5,3.57%,,26.3,,,,,,,ShowDailyK_ChartFlow,FinMind_API_TaiwanStockPrice_2383,True,2026-09-28T22:46:00,2026-09-28T22:46:00,2026-09-28T22:46:00
2383,台光電,2024-03-22,427.5,7.0,1.66%,,26.74,,,,,,,ShowDailyK_ChartFlow,FinMind_API_TaiwanStockPrice_2383,True,2026-09-28T22:46:00,2026-09-28T22:46:00,2026-09-28T22:46:00
2383,台光電,2024-03-25,420.5,-7.0,-1.64%,,26.3,,,,,,,ShowDailyK_ChartFlow,FinMind_API_TaiwanStockPrice_2383,True,2026-09-28T22:46:00,2026-09-28T22:46:00,2026-09-28T22:46:00
2383,台光電,2024-03-26,409.0,-11.5,-2.73%,,25.58,,,,,,,ShowDailyK_ChartFlow,FinMind_API_TaiwanStockPrice_2383,True,2026-09-28T22:46:00,2026-09-28T22:46:00,2026-09-28T22:46:00
2383,台光電,2024-03-27,415.0,6.0,1.47%,,25.95,,,,,,,ShowDailyK_ChartFlow,FinMind_API_TaiwanStockPrice_2383,True,2026-09-28T22:46:00,2026-09-28T22:46:00,2026-09-28T22:46:00
2383,台光電,2024-03-28,403.0,-12.0,-2.89%,,25.2,,,,,,,ShowDailyK_ChartFlow,FinMind_API_TaiwanStockPrice_2383,True,2026-09-28T22:46:00,2026-09-28T22:46:00,2026-09-28T22:46:00
2383,台光電,2024-03-29,403.5,0.5,0.12%,,25.23,,,,,,,ShowDailyK_ChartFlow,FinMind_API_TaiwanStockPrice_2383,True,2026-09-28T22:46:00,2026-09-28T22:46:00,2026-09-28T22:46:00
2383,台光電,2024-04-01,398.5,-5.0,-1.24%,,24.92,,,,,,,ShowDailyK_ChartFlow,FinMind_API_TaiwanStockPrice_2383,True,2026-09-28T22:46:00,2026-09-28T22:46:00,2026-09-28T22:46:00
2383,台光電,2024-04-02,400.5,2.0,0.50%,,25.05,,,,,,,ShowDailyK_ChartFlow,FinMind_API_TaiwanStockPrice_2383,True,2026-09-28T22:46:00,2026-09-28T22:46:00,2026-09-28T22:46:00
2383,台光電,2024-04-03,410.5,10.0,2.50%,,25.67,,,,,,,ShowDailyK_ChartFlow,FinMind_API_TaiwanStockPrice_2383,True,2026-09-28T22:46:00,2026-09-28T22:46:00,2026-09-28T22:46:00
2383,台光電,2024-04-08,445.0,34.5,8.40%,,27.83,,,,,,,ShowDailyK_ChartFlow,FinMind_API_TaiwanStockPrice_2383,True,2026-09-28T22:46:00,2026-09-28T22:46:00,2026-09-28T22:46:00
2383,台光電,2024-04-09,434.5,-10.5,-2.36%,,27.17,,,,,,,ShowDailyK_ChartFlow,FinMind_API_TaiwanStockPrice_2383,True,2026-09-28T22:46:00,2026-09-28T22:46:00,2026-09-28T22:46:00
2383,台光電,2024-04-10,405.5,-29.0,-6.67%,,25.36,,,,,,,ShowDailyK_ChartFlow,FinMind_API_TaiwanStockPrice_2383,True,2026-09-28T22:46:00,2026-09-28T22:46:00,2026-09-28T22:46:00
2383,台光電,2024-04-11,400.5,-5.0,-1.23%,,25.05,,,,,,,ShowDailyK_ChartFlow,FinMind_API_TaiwanStockPrice_2383,True,2026-09-28T22:46:00,2026-09-28T22:46:00,2026-09-28T22:46:00
2383,台光電,2024-04-12,402.0,1.5,0.37%,,25.14,,,,,,,ShowDailyK_ChartFlow,FinMind_API_TaiwanStockPrice_2383,True,2026-09-28T22:46:00,2026-09-28T22:46:00,2026-09-28T22:46:00
2383,台光電,2024-04-15,383.0,-19.0,-4.73%,,23.95,,,,,,,ShowDailyK_ChartFlow,FinMind_API_TaiwanStockPrice_2383,True,2026-09-28T22:46:00,2026-09-28T22:46:00,2026-09-28T22:46:00
2383,台光電,2024-04-16,374.5,-8.5,-2.22%,,23.42,,,,,,,ShowDailyK_ChartFlow,FinMind_API_TaiwanStockPrice_2383,True,2026-09-28T22:46:00,2026-09-28T22:46:00,2026-09-28T22:46:00
2383,台光電,2024-04-17,372.5,-2.0,-0.53%,,23.3,,,,,,,ShowDailyK_ChartFlow,FinMind_API_TaiwanStockPrice_2383,True,2026-09-28T22:46:00,2026-09-28T22:46:00,2026-09-28T22:46:00
2383,台光電,2024-04-18,385.0,12.5,3.36%,,24.08,,,,,,,ShowDailyK_ChartFlow,FinMind_API_TaiwanStockPrice_2383,True,2026-09-28T22:46:00,2026-09-28T22:46:00,2026-09-28T22:46:00
2383,台光電,2024-04-19,375.5,-9.5,-2.47%,,23.48,,,,,,,ShowDailyK_ChartFlow,FinMind_API_TaiwanStockPrice_2383,True,2026-09-28T22:46:00,2026-09-28T22:46:00,2026-09-28T22:46:00
2383,台光電,2024-04-22,350.5,-25.0,-6.66%,,21.92,,,,,,,ShowDailyK_ChartFlow,FinMind_API_TaiwanStockPrice_2383,True,2026-09-28T22:46:00,2026-09-28T22:46:00,2026-09-28T22:46:00
2383,台光電,2024-04-23,376.0,25.5,7.28%,,23.51,,,,,,,ShowDailyK_ChartFlow,FinMind_API_TaiwanStockPrice_2383,True,2026-09-28T22:46:00,2026-09-28T22:46:00,2026-09-28T22:46:00
2383,台光電,2024-04-24,391.5,15.5,4.12%,,24.48,,,,,,,ShowDailyK_ChartFlow,FinMind_API_TaiwanStockPrice_2383,True,2026-09-28T22:46:00,2026-09-28T22:46:00,2026-09-28T22:46:00
2383,台光電,2024-04-25,382.5,-9.0,-2.30%,,23.92,,,,,,,ShowDailyK_ChartFlow,FinMind_API_TaiwanStockPrice_2383,True,2026-09-28T22:46:00,2026-09-28T22:46:00,2026-09-28T22:46:00
2383,台光電,2024-04-26,397.0,14.5,3.79%,,24.83,,,,,,,ShowDailyK_ChartFlow,FinMind_API_TaiwanStockPrice_2383,True,2026-09-28T22:46:00,2026-09-28T22:46:00,2026-09-28T22:46:00
2383,台光電,2024-04-29,406.5,9.5,2.39%,,25.42,,,,,,,ShowDailyK_ChartFlow,FinMind_API_TaiwanStockPrice_2383,True,2026-09-28T22:46:00,2026-09-28T22:46:00,2026-09-28T22:46:00
2383,台光電,2024-04-30,412.0,5.5,1.35%,,20.3,,,,,,,ShowDailyK_ChartFlow,FinMind_API_TaiwanStockPrice_2383,True,2026-09-28T22:46:00,2026-09-28T22:46:00,2026-09-28T22:46:00
2383,台光電,2024-05-02,421.5,9.5,2.31%,,20.76,,,,,,,ShowDailyK_ChartFlow,FinMind_API_TaiwanStockPrice_2383,True,2026-09-28T22:46:00,2026-09-28T22:46:00,2026-09-28T22:46:00
2383,台光電,2024-05-03,416.5,-5.0,-1.19%,,20.52,,,,,,,ShowDailyK_ChartFlow,FinMind_API_TaiwanStockPrice_2383,True,2026-09-28T22:46:00,2026-09-28T22:46:00,2026-09-28T22:46:00
2383,台光電,2024-05-06,426.0,9.5,2.28%,,20.99,,,,,,,ShowDailyK_ChartFlow,FinMind_API_TaiwanStockPrice_2383,True,2026-09-28T22:46:00,2026-09-28T22:46:00,2026-09-28T22:46:00
2383,台光電,2024-05-07,420.0,-6.0,-1.41%,,20.69,,,,,,,ShowDailyK_ChartFlow,FinMind_API_TaiwanStockPrice_2383,True,2026-09-28T22:46:00,2026-09-28T22:46:00,2026-09-28T22:46:00
2383,台光電,2024-05-08,425.5,5.5,1.31%,,20.96,,,,,,,ShowDailyK_ChartFlow,FinMind_API_TaiwanStockPrice_2383,True,2026-09-28T22:46:00,2026-09-28T22:46:00,2026-09-28T22:46:00
2383,台光電,2024-05-09,422.5,-3.0,-0.71%,,20.81,,,,,,,ShowDailyK_ChartFlow,FinMind_API_TaiwanStockPrice_2383,True,2026-09-28T22:46:00,2026-09-28T22:46:00,2026-09-28T22:46:00
2383,台光電,2024-05-10,416.0,-6.5,-1.54%,,20.49,,,,,,,ShowDailyK_ChartFlow,FinMind_API_TaiwanStockPrice_2383,True,2026-09-28T22:46:00,2026-09-28T22:46:00,2026-09-28T22:46:00
2383,台光電,2024-05-13,412.0,-4.0,-0.96%,,20.3,,,,,,,ShowDailyK_ChartFlow,FinMind_API_TaiwanStockPrice_2383,True,2026-09-28T22:46:00,2026-09-28T22:46:00,2026-09-28T22:46:00
2383,台光電,2024-05-14,408.5,-3.5,-0.85%,,20.12,,,,,,,ShowDailyK_ChartFlow,FinMind_API_TaiwanStockPrice_2383,True,2026-09-28T22:46:00,2026-09-28T22:46:00,2026-09-28T22:46:00
2383,台光電,2024-05-15,420.5,12.0,2.94%,,20.71,,,,,,,ShowDailyK_ChartFlow,FinMind_API_TaiwanStockPrice_2383,True,2026-09-28T22:46:00,2026-09-28T22:46:00,2026-09-28T22:46:00
2383,台光電,2024-05-16,433.5,13.0,3.09%,,21.35,,,,,,,ShowDailyK_ChartFlow,FinMind_API_TaiwanStockPrice_2383,True,2026-09-28T22:46:00,2026-09-28T22:46:00,2026-09-28T22:46:00
2383,台光電,2024-05-17,448.0,14.5,3.34%,,22.07,,,,,,,ShowDailyK_ChartFlow,FinMind_API_TaiwanStockPrice_2383,True,2026-09-28T22:46:00,2026-09-28T22:46:00,2026-09-28T22:46:00
2383,台光電,2024-05-20,432.0,-16.0,-3.57%,,21.28,,,,,,,ShowDailyK_ChartFlow,FinMind_API_TaiwanStockPrice_2383,True,2026-09-28T22:46:00,2026-09-28T22:46:00,2026-09-28T22:46:00
2383,台光電,2024-05-21,424.5,-7.5,-1.74%,,20.91,,,,,,,ShowDailyK_ChartFlow,FinMind_API_TaiwanStockPrice_2383,True,2026-09-28T22:46:00,2026-09-28T22:46:00,2026-09-28T22:46:00
2383,台光電,2024-05-22,431.0,6.5,1.53%,,21.23,,,,,,,ShowDailyK_ChartFlow,FinMind_API_TaiwanStockPrice_2383,True,2026-09-28T22:46:00,2026-09-28T22:46:00,2026-09-28T22:46:00
2383,台光電,2024-05-23,430.5,-0.5,-0.12%,,21.21,,,,,,,ShowDailyK_ChartFlow,FinMind_API_TaiwanStockPrice_2383,True,2026-09-28T22:46:00,2026-09-28T22:46:00,2026-09-28T22:46:00
2383,台光電,2024-05-24,430.5,0.0,0.00%,,21.21,,,,,,,ShowDailyK_ChartFlow,FinMind_API_TaiwanStockPrice_2383,True,2026-09-28T22:46:00,2026-09-28T22:46:00,2026-09-28T22:46:00
2383,台光電,2024-05-27,434.5,4.0,0.93%,,21.4,,,,,,,ShowDailyK_ChartFlow,FinMind_API_TaiwanStockPrice_2383,True,2026-09-28T22:46:00,2026-09-28T22:46:00,2026-09-28T22:46:00
2383,台光電,2024-05-28,422.5,-12.0,-2.76%,,20.81,,,,,,,ShowDailyK_ChartFlow,FinMind_API_TaiwanStockPrice_2383,True,2026-09-28T22:46:00,2026-09-28T22:46:00,2026-09-28T22:46:00
2383,台光電,2024-05-29,427.0,4.5,1.07%,,21.03,,,,,,,ShowDailyK_ChartFlow,FinMind_API_TaiwanStockPrice_2383,True,2026-09-28T22:46:00,2026-09-28T22:46:00,2026-09-28T22:46:00
2383,台光電,2024-05-30,415.5,-11.5,-2.69%,,20.47,,,,,,,ShowDailyK_ChartFlow,FinMind_API_TaiwanStockPrice_2383,True,2026-09-28T22:46:00,2026-09-28T22:46:00,2026-09-28T22:46:00
2383,台光電,2024-05-31,408.5,-7.0,-1.68%,,20.12,,,,,,,ShowDailyK_ChartFlow,FinMind_API_TaiwanStockPrice_2383,True,2026-09-28T22:46:00,2026-09-28T22:46:00,2026-09-28T22:46:00
2383,台光電,2024-06-03,435.0,26.5,6.49%,,21.43,,,,,,,ShowDailyK_ChartFlow,FinMind_API_TaiwanStockPrice_2383,True,2026-09-28T22:46:00,2026-09-28T22:46:00,2026-09-28T22:46:00
2383,台光電,2024-06-04,430.5,-4.5,-1.03%,,21.21,,,,,,,ShowDailyK_ChartFlow,FinMind_API_TaiwanStockPrice_2383,True,2026-09-28T22:46:00,2026-09-28T22:46:00,2026-09-28T22:46:00
2383,台光電,2024-06-05,434.5,4.0,0.93%,,21.4,,,,,,,ShowDailyK_ChartFlow,FinMind_API_TaiwanStockPrice_2383,True,2026-09-28T22:46:00,2026-09-28T22:46:00,2026-09-28T22:46:00
2383,台光電,2024-06-06,442.0,7.5,1.73%,,21.77,,,,,,,ShowDailyK_ChartFlow,FinMind_API_TaiwanStockPrice_2383,True,2026-09-28T22:46:00,2026-09-28T22:46:00,2026-09-28T22:46:00
2383,台光電,2024-06-07,438.0,-4.0,-0.90%,,21.58,,,,,,,ShowDailyK_ChartFlow,FinMind_API_TaiwanStockPrice_2383,True,2026-09-28T22:46:00,2026-09-28T22:46:00,2026-09-28T22:46:00
2383,台光電,2024-06-11,422.5,-15.5,-3.54%,,20.81,,,,,,,ShowDailyK_ChartFlow,FinMind_API_TaiwanStockPrice_2383,True,2026-09-28T22:46:00,2026-09-28T22:46:00,2026-09-28T22:46:00
2383,台光電,2024-06-12,452.5,30.0,7.10%,,22.29,,,,,,,ShowDailyK_ChartFlow,FinMind_API_TaiwanStockPrice_2383,True,2026-09-28T22:46:00,2026-09-28T22:46:00,2026-09-28T22:46:00
2383,台光電,2024-06-13,451.5,-1.0,-0.22%,,22.24,,,,,,,ShowDailyK_ChartFlow,FinMind_API_TaiwanStockPrice_2383,True,2026-09-28T22:46:00,2026-09-28T22:46:00,2026-09-28T22:46:00
2383,台光電,2024-06-14,462.0,10.5,2.33%,,22.76,,,,,,,ShowDailyK_ChartFlow,FinMind_API_TaiwanStockPrice_2383,True,2026-09-28T22:46:00,2026-09-28T22:46:00,2026-09-28T22:46:00
2383,台光電,2024-06-17,450.0,-12.0,-2.60%,,22.17,,,,,,,ShowDailyK_ChartFlow,FinMind_API_TaiwanStockPrice_2383,True,2026-09-28T22:46:00,2026-09-28T22:46:00,2026-09-28T22:46:00
2383,台光電,2024-06-18,451.0,1.0,0.22%,,22.22,,,,,,,ShowDailyK_ChartFlow,FinMind_API_TaiwanStockPrice_2383,True,2026-09-28T22:46:00,2026-09-28T22:46:00,2026-09-28T22:46:00
2383,台光電,2024-06-19,444.5,-6.5,-1.44%,,21.9,,,,,,,ShowDailyK_ChartFlow,FinMind_API_TaiwanStockPrice_2383,True,2026-09-28T22:46:00,2026-09-28T22:46:00,2026-09-28T22:46:00
2383,台光電,2024-06-20,462.5,18.0,4.05%,,22.78,,,,,,,ShowDailyK_ChartFlow,FinMind_API_TaiwanStockPrice_2383,True,2026-09-28T22:46:00,2026-09-28T22:46:00,2026-09-28T22:46:00
2383,台光電,2024-06-21,453.0,-9.5,-2.05%,,22.32,,,,,,,ShowDailyK_ChartFlow,FinMind_API_TaiwanStockPrice_2383,True,2026-09-28T22:46:00,2026-09-28T22:46:00,2026-09-28T22:46:00
2383,台光電,2024-06-24,457.5,4.5,0.99%,,22.54,,,,,,,ShowDailyK_ChartFlow,FinMind_API_TaiwanStockPrice_2383,True,2026-09-28T22:46:00,2026-09-28T22:46:00,2026-09-28T22:46:00
2383,台光電,2024-06-25,464.0,6.5,1.42%,,22.86,,,,,,,ShowDailyK_ChartFlow,FinMind_API_TaiwanStockPrice_2383,True,2026-09-28T22:46:00,2026-09-28T22:46:00,2026-09-28T22:46:00
2383,台光電,2024-06-26,472.5,8.5,1.83%,,23.28,,,,,,,ShowDailyK_ChartFlow,FinMind_API_TaiwanStockPrice_2383,True,2026-09-28T22:46:00,2026-09-28T22:46:00,2026-09-28T22:46:00
2383,台光電,2024-06-27,479.5,7.0,1.48%,,23.62,,,,,,,ShowDailyK_ChartFlow,FinMind_API_TaiwanStockPrice_2383,True,2026-09-28T22:46:00,2026-09-28T22:46:00,2026-09-28T22:46:00
2383,台光電,2024-06-28,475.0,-4.5,-0.94%,,23.4,,,,,,,ShowDailyK_ChartFlow,FinMind_API_TaiwanStockPrice_2383,True,2026-09-28T22:46:00,2026-09-28T22:46:00,2026-09-28T22:46:00
2383,台光電,2024-07-01,466.0,-9.0,-1.89%,,22.96,,,,,,,ShowDailyK_ChartFlow,FinMind_API_TaiwanStockPrice_2383,True,2026-09-28T22:46:00,2026-09-28T22:46:00,2026-09-28T22:46:00
2383,台光電,2024-07-02,484.5,18.5,3.97%,,23.87,,,,,,,ShowDailyK_ChartFlow,FinMind_API_TaiwanStockPrice_2383,True,2026-09-28T22:46:00,2026-09-28T22:46:00,2026-09-28T22:46:00
2383,台光電,2024-07-03,492.5,8.0,1.65%,,24.26,,,,,,,ShowDailyK_ChartFlow,FinMind_API_TaiwanStockPrice_2383,True,2026-09-28T22:46:00,2026-09-28T22:46:00,2026-09-28T22:46:00
2383,台光電,2024-07-04,494.0,1.5,0.30%,,24.33,,,,,,,ShowDailyK_ChartFlow,FinMind_API_TaiwanStockPrice_2383,True,2026-09-28T22:46:00,2026-09-28T22:46:00,2026-09-28T22:46:00
2383,台光電,2024-07-05,508.0,14.0,2.83%,,25.02,,,,,,,ShowDailyK_ChartFlow,FinMind_API_TaiwanStockPrice_2383,True,2026-09-28T22:46:00,2026-09-28T22:46:00,2026-09-28T22:46:00
2383,台光電,2024-07-08,501.0,-7.0,-1.38%,,24.68,,,,,,,ShowDailyK_ChartFlow,FinMind_API_TaiwanStockPrice_2383,True,2026-09-28T22:46:00,2026-09-28T22:46:00,2026-09-28T22:46:00
2383,台光電,2024-07-09,506.0,5.0,1.00%,,24.93,,,,,,,ShowDailyK_ChartFlow,FinMind_API_TaiwanStockPrice_2383,True,2026-09-28T22:46:00,2026-09-28T22:46:00,2026-09-28T22:46:00
2383,台光電,2024-07-10,509.0,3.0,0.59%,,25.07,,,,,,,ShowDailyK_ChartFlow,FinMind_API_TaiwanStockPrice_2383,True,2026-09-28T22:46:00,2026-09-28T22:46:00,2026-09-28T22:46:00
2383,台光電,2024-07-11,500.0,-9.0,-1.77%,,24.63,,,,,,,ShowDailyK_ChartFlow,FinMind_API_TaiwanStockPrice_2383,True,2026-09-28T22:46:00,2026-09-28T22:46:00,2026-09-28T22:46:00
2383,台光電,2024-07-12,470.0,-30.0,-6.00%,,23.15,,,,,,,ShowDailyK_ChartFlow,FinMind_API_TaiwanStockPrice_2383,True,2026-09-28T22:46:00,2026-09-28T22:46:00,2026-09-28T22:46:00
2383,台光電,2024-07-15,470.0,0.0,0.00%,,23.15,,,,,,,ShowDailyK_ChartFlow,FinMind_API_TaiwanStockPrice_2383,True,2026-09-28T22:46:00,2026-09-28T22:46:00,2026-09-28T22:46:00
2383,台光電,2024-07-16,474.5,4.5,0.96%,,23.37,,,,,,,ShowDailyK_ChartFlow,FinMind_API_TaiwanStockPrice_2383,True,2026-09-28T22:46:00,2026-09-28T22:46:00,2026-09-28T22:46:00
2383,台光電,2024-07-17,462.0,-12.5,-2.63%,,22.76,,,,,,,ShowDailyK_ChartFlow,FinMind_API_TaiwanStockPrice_2383,True,2026-09-28T22:46:00,2026-09-28T22:46:00,2026-09-28T22:46:00
2383,台光電,2024-07-18,447.5,-14.5,-3.14%,,22.04,,,,,,,ShowDailyK_ChartFlow,FinMind_API_TaiwanStockPrice_2383,True,2026-09-28T22:46:00,2026-09-28T22:46:00,2026-09-28T22:46:00
2383,台光電,2024-07-19,433.5,-14.0,-3.13%,,21.35,,,,,,,ShowDailyK_ChartFlow,FinMind_API_TaiwanStockPrice_2383,True,2026-09-28T22:46:00,2026-09-28T22:46:00,2026-09-28T22:46:00
2383,台光電,2024-07-22,416.5,-17.0,-3.92%,,20.52,,,,,,,ShowDailyK_ChartFlow,FinMind_API_TaiwanStockPrice_2383,True,2026-09-28T22:46:00,2026-09-28T22:46:00,2026-09-28T22:46:00
2383,台光電,2024-07-23,440.0,23.5,5.64%,,21.67,,,,,,,ShowDailyK_ChartFlow,FinMind_API_TaiwanStockPrice_2383,True,2026-09-28T22:46:00,2026-09-28T22:46:00,2026-09-28T22:46:00
2383,台光電,2024-07-26,416.5,-23.5,-5.34%,,20.52,,,,,,,ShowDailyK_ChartFlow,FinMind_API_TaiwanStockPrice_2383,True,2026-09-28T22:46:00,2026-09-28T22:46:00,2026-09-28T22:46:00
2383,台光電,2024-07-29,411.0,-5.5,-1.32%,,20.25,,,,,,,ShowDailyK_ChartFlow,FinMind_API_TaiwanStockPrice_2383,True,2026-09-28T22:46:00,2026-09-28T22:46:00,2026-09-28T22:46:00
2383,台光電,2024-07-30,431.0,20.0,4.87%,,21.23,,,,,,,ShowDailyK_ChartFlow,FinMind_API_TaiwanStockPrice_2383,True,2026-09-28T22:46:00,2026-09-28T22:46:00,2026-09-28T22:46:00
2383,台光電,2024-07-31,438.0,7.0,1.62%,,21.58,,,,,,,ShowDailyK_ChartFlow,FinMind_API_TaiwanStockPrice_2383,True,2026-09-28T22:46:00,2026-09-28T22:46:00,2026-09-28T22:46:00
2383,台光電,2024-08-01,420.5,-17.5,-4.00%,,17.21,,,,,,,ShowDailyK_ChartFlow,FinMind_API_TaiwanStockPrice_2383,True,2026-09-28T22:46:00,2026-09-28T22:46:00,2026-09-28T22:46:00
2383,台光電,2024-08-02,413.5,-7.0,-1.66%,,16.92,,,,,,,ShowDailyK_ChartFlow,FinMind_API_TaiwanStockPrice_2383,True,2026-09-28T22:46:00,2026-09-28T22:46:00,2026-09-28T22:46:00
2383,台光電,2024-08-05,388.0,-25.5,-6.17%,,15.88,,,,,,,ShowDailyK_ChartFlow,FinMind_API_TaiwanStockPrice_2383,True,2026-09-28T22:46:00,2026-09-28T22:46:00,2026-09-28T22:46:00
2383,台光電,2024-08-06,426.5,38.5,9.92%,,17.45,,,,,,,ShowDailyK_ChartFlow,FinMind_API_TaiwanStockPrice_2383,True,2026-09-28T22:46:00,2026-09-28T22:46:00,2026-09-28T22:46:00
2383,台光電,2024-08-07,444.0,17.5,4.10%,,18.17,,,,,,,ShowDailyK_ChartFlow,FinMind_API_TaiwanStockPrice_2383,True,2026-09-28T22:46:00,2026-09-28T22:46:00,2026-09-28T22:46:00
2383,台光電,2024-08-08,442.0,-2.0,-0.45%,,18.09,,,,,,,ShowDailyK_ChartFlow,FinMind_API_TaiwanStockPrice_2383,True,2026-09-28T22:46:00,2026-09-28T22:46:00,2026-09-28T22:46:00
2383,台光電,2024-08-09,439.5,-2.5,-0.57%,,17.98,,,,,,,ShowDailyK_ChartFlow,FinMind_API_TaiwanStockPrice_2383,True,2026-09-28T22:46:00,2026-09-28T22:46:00,2026-09-28T22:46:00
2383,台光電,2024-08-12,446.5,7.0,1.59%,,18.27,,,,,,,ShowDailyK_ChartFlow,FinMind_API_TaiwanStockPrice_2383,True,2026-09-28T22:46:00,2026-09-28T22:46:00,2026-09-28T22:46:00
2383,台光電,2024-08-13,428.0,-18.5,-4.14%,,17.51,,,,,,,ShowDailyK_ChartFlow,FinMind_API_TaiwanStockPrice_2383,True,2026-09-28T22:46:00,2026-09-28T22:46:00,2026-09-28T22:46:00
2383,台光電,2024-08-14,433.0,5.0,1.17%,,17.72,,,,,,,ShowDailyK_ChartFlow,FinMind_API_TaiwanStockPrice_2383,True,2026-09-28T22:46:00,2026-09-28T22:46:00,2026-09-28T22:46:00
2383,台光電,2024-08-15,436.0,3.0,0.69%,,17.84,,,,,,,ShowDailyK_ChartFlow,FinMind_API_TaiwanStockPrice_2383,True,2026-09-28T22:46:00,2026-09-28T22:46:00,2026-09-28T22:46:00
2383,台光電,2024-08-16,437.5,1.5,0.34%,,17.9,,,,,,,ShowDailyK_ChartFlow,FinMind_API_TaiwanStockPrice_2383,True,2026-09-28T22:46:00,2026-09-28T22:46:00,2026-09-28T22:46:00
2383,台光電,2024-08-19,437.5,0.0,0.00%,,17.9,,,,,,,ShowDailyK_ChartFlow,FinMind_API_TaiwanStockPrice_2383,True,2026-09-28T22:46:00,2026-09-28T22:46:00,2026-09-28T22:46:00
2383,台光電,2024-08-20,431.0,-6.5,-1.49%,,17.64,,,,,,,ShowDailyK_ChartFlow,FinMind_API_TaiwanStockPrice_2383,True,2026-09-28T22:46:00,2026-09-28T22:46:00,2026-09-28T22:46:00
2383,台光電,2024-08-21,430.0,-1.0,-0.23%,,17.59,,,,,,,ShowDailyK_ChartFlow,FinMind_API_TaiwanStockPrice_2383,True,2026-09-28T22:46:00,2026-09-28T22:46:00,2026-09-28T22:46:00
2383,台光電,2024-08-22,433.0,3.0,0.70%,,17.72,,,,,,,ShowDailyK_ChartFlow,FinMind_API_TaiwanStockPrice_2383,True,2026-09-28T22:46:00,2026-09-28T22:46:00,2026-09-28T22:46:00
2383,台光電,2024-08-23,446.0,13.0,3.00%,,18.25,,,,,,,ShowDailyK_ChartFlow,FinMind_API_TaiwanStockPrice_2383,True,2026-09-28T22:46:00,2026-09-28T22:46:00,2026-09-28T22:46:00
2383,台光電,2024-08-26,439.0,-7.0,-1.57%,,17.96,,,,,,,ShowDailyK_ChartFlow,FinMind_API_TaiwanStockPrice_2383,True,2026-09-28T22:46:00,2026-09-28T22:46:00,2026-09-28T22:46:00
2383,台光電,2024-08-27,443.5,4.5,1.03%,,18.15,,,,,,,ShowDailyK_ChartFlow,FinMind_API_TaiwanStockPrice_2383,True,2026-09-28T22:46:00,2026-09-28T22:46:00,2026-09-28T22:46:00
2383,台光電,2024-08-28,451.5,8.0,1.80%,,18.47,,,,,,,ShowDailyK_ChartFlow,FinMind_API_TaiwanStockPrice_2383,True,2026-09-28T22:46:00,2026-09-28T22:46:00,2026-09-28T22:46:00
2383,台光電,2024-08-29,440.0,-11.5,-2.55%,,18.0,,,,,,,ShowDailyK_ChartFlow,FinMind_API_TaiwanStockPrice_2383,True,2026-09-28T22:46:00,2026-09-28T22:46:00,2026-09-28T22:46:00
2383,台光電,2024-08-30,465.0,25.0,5.68%,,19.03,,,,,,,ShowDailyK_ChartFlow,FinMind_API_TaiwanStockPrice_2383,True,2026-09-28T22:46:00,2026-09-28T22:46:00,2026-09-28T22:46:00
2383,台光電,2024-09-02,470.5,5.5,1.18%,,19.25,,,,,,,ShowDailyK_ChartFlow,FinMind_API_TaiwanStockPrice_2383,True,2026-09-28T22:46:00,2026-09-28T22:46:00,2026-09-28T22:46:00
2383,台光電,2024-09-03,500.0,29.5,6.27%,,20.46,,,,,,,ShowDailyK_ChartFlow,FinMind_API_TaiwanStockPrice_2383,True,2026-09-28T22:46:00,2026-09-28T22:46:00,2026-09-28T22:46:00
2383,台光電,2024-09-04,468.0,-32.0,-6.40%,,19.15,,,,,,,ShowDailyK_ChartFlow,FinMind_API_TaiwanStockPrice_2383,True,2026-09-28T22:46:00,2026-09-28T22:46:00,2026-09-28T22:46:00
2383,台光電,2024-09-05,491.0,23.0,4.91%,,20.09,,,,,,,ShowDailyK_ChartFlow,FinMind_API_TaiwanStockPrice_2383,True,2026-09-28T22:46:00,2026-09-28T22:46:00,2026-09-28T22:46:00
2383,台光電,2024-09-06,490.5,-0.5,-0.10%,,20.07,,,,,,,ShowDailyK_ChartFlow,FinMind_API_TaiwanStockPrice_2383,True,2026-09-28T22:46:00,2026-09-28T22:46:00,2026-09-28T22:46:00
2383,台光電,2024-09-09,479.5,-11.0,-2.24%,,19.62,,,,,,,ShowDailyK_ChartFlow,FinMind_API_TaiwanStockPrice_2383,True,2026-09-28T22:46:00,2026-09-28T22:46:00,2026-09-28T22:46:00
2383,台光電,2024-09-10,458.0,-21.5,-4.48%,,18.74,,,,,,,ShowDailyK_ChartFlow,FinMind_API_TaiwanStockPrice_2383,True,2026-09-28T22:46:00,2026-09-28T22:46:00,2026-09-28T22:46:00
2383,台光電,2024-09-11,456.0,-2.0,-0.44%,,18.66,,,,,,,ShowDailyK_ChartFlow,FinMind_API_TaiwanStockPrice_2383,True,2026-09-28T22:46:00,2026-09-28T22:46:00,2026-09-28T22:46:00
2383,台光電,2024-09-12,479.5,23.5,5.15%,,19.62,,,,,,,ShowDailyK_ChartFlow,FinMind_API_TaiwanStockPrice_2383,True,2026-09-28T22:46:00,2026-09-28T22:46:00,2026-09-28T22:46:00
2383,台光電,2024-09-13,463.5,-16.0,-3.34%,,18.96,,,,,,,ShowDailyK_ChartFlow,FinMind_API_TaiwanStockPrice_2383,True,2026-09-28T22:46:00,2026-09-28T22:46:00,2026-09-28T22:46:00
2383,台光電,2024-09-16,472.0,8.5,1.83%,,19.31,,,,,,,ShowDailyK_ChartFlow,FinMind_API_TaiwanStockPrice_2383,True,2026-09-28T22:46:00,2026-09-28T22:46:00,2026-09-28T22:46:00
2383,台光電,2024-09-18,458.0,-14.0,-2.97%,,18.74,,,,,,,ShowDailyK_ChartFlow,FinMind_API_TaiwanStockPrice_2383,True,2026-09-28T22:46:00,2026-09-28T22:46:00,2026-09-28T22:46:00
2383,台光電,2024-09-19,475.0,17.0,3.71%,,19.44,,,,,,,ShowDailyK_ChartFlow,FinMind_API_TaiwanStockPrice_2383,True,2026-09-28T22:46:00,2026-09-28T22:46:00,2026-09-28T22:46:00
2383,台光電,2024-09-20,472.0,-3.0,-0.63%,,19.31,,,,,,,ShowDailyK_ChartFlow,FinMind_API_TaiwanStockPrice_2383,True,2026-09-28T22:46:00,2026-09-28T22:46:00,2026-09-28T22:46:00
2383,台光電,2024-09-23,468.5,-3.5,-0.74%,,19.17,,,,,,,ShowDailyK_ChartFlow,FinMind_API_TaiwanStockPrice_2383,True,2026-09-28T22:46:00,2026-09-28T22:46:00,2026-09-28T22:46:00
2383,台光電,2024-09-24,461.5,-7.0,-1.49%,,18.88,,,,,,,ShowDailyK_ChartFlow,FinMind_API_TaiwanStockPrice_2383,True,2026-09-28T22:46:00,2026-09-28T22:46:00,2026-09-28T22:46:00
2383,台光電,2024-09-25,473.0,11.5,2.49%,,19.35,,,,,,,ShowDailyK_ChartFlow,FinMind_API_TaiwanStockPrice_2383,True,2026-09-28T22:46:00,2026-09-28T22:46:00,2026-09-28T22:46:00
2383,台光電,2024-09-26,466.0,-7.0,-1.48%,,19.07,,,,,,,ShowDailyK_ChartFlow,FinMind_API_TaiwanStockPrice_2383,True,2026-09-28T22:46:00,2026-09-28T22:46:00,2026-09-28T22:46:00
2383,台光電,2024-09-27,468.0,2.0,0.43%,,19.15,,,,,,,ShowDailyK_ChartFlow,FinMind_API_TaiwanStockPrice_2383,True,2026-09-28T22:46:00,2026-09-28T22:46:00,2026-09-28T22:46:00
2383,台光電,2024-09-30,447.0,-21.0,-4.49%,,18.29,,,,,,,ShowDailyK_ChartFlow,FinMind_API_TaiwanStockPrice_2383,True,2026-09-28T22:46:00,2026-09-28T22:46:00,2026-09-28T22:46:00
2383,台光電,2024-10-01,442.0,-5.0,-1.12%,,18.09,,,,,,,ShowDailyK_ChartFlow,FinMind_API_TaiwanStockPrice_2383,True,2026-09-28T22:46:00,2026-09-28T22:46:00,2026-09-28T22:46:00
2383,台光電,2024-10-04,414.5,-27.5,-6.22%,,16.96,,,,,,,ShowDailyK_ChartFlow,FinMind_API_TaiwanStockPrice_2383,True,2026-09-28T22:46:00,2026-09-28T22:46:00,2026-09-28T22:46:00
2383,台光電,2024-10-07,431.5,17.0,4.10%,,17.66,,,,,,,ShowDailyK_ChartFlow,FinMind_API_TaiwanStockPrice_2383,True,2026-09-28T22:46:00,2026-09-28T22:46:00,2026-09-28T22:46:00
2383,台光電,2024-10-08,433.0,1.5,0.35%,,17.72,,,,,,,ShowDailyK_ChartFlow,FinMind_API_TaiwanStockPrice_2383,True,2026-09-28T22:46:00,2026-09-28T22:46:00,2026-09-28T22:46:00
2383,台光電,2024-10-09,419.0,-14.0,-3.23%,,17.14,,,,,,,ShowDailyK_ChartFlow,FinMind_API_TaiwanStockPrice_2383,True,2026-09-28T22:46:00,2026-09-28T22:46:00,2026-09-28T22:46:00
2383,台光電,2024-10-11,416.0,-3.0,-0.72%,,17.02,,,,,,,ShowDailyK_ChartFlow,FinMind_API_TaiwanStockPrice_2383,True,2026-09-28T22:46:00,2026-09-28T22:46:00,2026-09-28T22:46:00
2383,台光電,2024-10-14,417.5,1.5,0.36%,,17.08,,,,,,,ShowDailyK_ChartFlow,FinMind_API_TaiwanStockPrice_2383,True,2026-09-28T22:46:00,2026-09-28T22:46:00,2026-09-28T22:46:00
2383,台光電,2024-10-15,418.0,0.5,0.12%,,17.1,,,,,,,ShowDailyK_ChartFlow,FinMind_API_TaiwanStockPrice_2383,True,2026-09-28T22:46:00,2026-09-28T22:46:00,2026-09-28T22:46:00
2383,台光電,2024-10-16,416.0,-2.0,-0.48%,,17.02,,,,,,,ShowDailyK_ChartFlow,FinMind_API_TaiwanStockPrice_2383,True,2026-09-28T22:46:00,2026-09-28T22:46:00,2026-09-28T22:46:00
2383,台光電,2024-10-17,431.5,15.5,3.73%,,17.66,,,,,,,ShowDailyK_ChartFlow,FinMind_API_TaiwanStockPrice_2383,True,2026-09-28T22:46:00,2026-09-28T22:46:00,2026-09-28T22:46:00
2383,台光電,2024-10-18,420.0,-11.5,-2.67%,,17.18,,,,,,,ShowDailyK_ChartFlow,FinMind_API_TaiwanStockPrice_2383,True,2026-09-28T22:46:00,2026-09-28T22:46:00,2026-09-28T22:46:00
2383,台光電,2024-10-21,428.5,8.5,2.02%,,17.53,,,,,,,ShowDailyK_ChartFlow,FinMind_API_TaiwanStockPrice_2383,True,2026-09-28T22:46:00,2026-09-28T22:46:00,2026-09-28T22:46:00
2383,台光電,2024-10-22,436.0,7.5,1.75%,,17.84,,,,,,,ShowDailyK_ChartFlow,FinMind_API_TaiwanStockPrice_2383,True,2026-09-28T22:46:00,2026-09-28T22:46:00,2026-09-28T22:46:00
2383,台光電,2024-10-23,444.0,8.0,1.83%,,18.17,,,,,,,ShowDailyK_ChartFlow,FinMind_API_TaiwanStockPrice_2383,True,2026-09-28T22:46:00,2026-09-28T22:46:00,2026-09-28T22:46:00
2383,台光電,2024-10-24,428.5,-15.5,-3.49%,,17.53,,,,,,,ShowDailyK_ChartFlow,FinMind_API_TaiwanStockPrice_2383,True,2026-09-28T22:46:00,2026-09-28T22:46:00,2026-09-28T22:46:00
2383,台光電,2024-10-25,428.5,0.0,0.00%,,17.53,,,,,,,ShowDailyK_ChartFlow,FinMind_API_TaiwanStockPrice_2383,True,2026-09-28T22:46:00,2026-09-28T22:46:00,2026-09-28T22:46:00
2383,台光電,2024-10-28,429.0,0.5,0.12%,,17.55,,,,,,,ShowDailyK_ChartFlow,FinMind_API_TaiwanStockPrice_2383,True,2026-09-28T22:46:00,2026-09-28T22:46:00,2026-09-28T22:46:00
2383,台光電,2024-10-29,420.0,-9.0,-2.10%,,17.18,,,,,,,ShowDailyK_ChartFlow,FinMind_API_TaiwanStockPrice_2383,True,2026-09-28T22:46:00,2026-09-28T22:46:00,2026-09-28T22:46:00
2383,台光電,2024-10-30,419.5,-0.5,-0.12%,,16.24,,,,,,,ShowDailyK_ChartFlow,FinMind_API_TaiwanStockPrice_2383,True,2026-09-28T22:46:00,2026-09-28T22:46:00,2026-09-28T22:46:00
2383,台光電,2024-11-01,427.0,7.5,1.79%,,16.53,,,,,,,ShowDailyK_ChartFlow,FinMind_API_TaiwanStockPrice_2383,True,2026-09-28T22:46:00,2026-09-28T22:46:00,2026-09-28T22:46:00
2383,台光電,2024-11-04,427.0,0.0,0.00%,,16.53,,,,,,,ShowDailyK_ChartFlow,FinMind_API_TaiwanStockPrice_2383,True,2026-09-28T22:46:00,2026-09-28T22:46:00,2026-09-28T22:46:00
2383,台光電,2024-11-05,427.0,0.0,0.00%,,16.53,,,,,,,ShowDailyK_ChartFlow,FinMind_API_TaiwanStockPrice_2383,True,2026-09-28T22:46:00,2026-09-28T22:46:00,2026-09-28T22:46:00
2383,台光電,2024-11-06,431.5,4.5,1.05%,,16.71,,,,,,,ShowDailyK_ChartFlow,FinMind_API_TaiwanStockPrice_2383,True,2026-09-28T22:46:00,2026-09-28T22:46:00,2026-09-28T22:46:00
2383,台光電,2024-11-07,435.0,3.5,0.81%,,16.84,,,,,,,ShowDailyK_ChartFlow,FinMind_API_TaiwanStockPrice_2383,True,2026-09-28T22:46:00,2026-09-28T22:46:00,2026-09-28T22:46:00
2383,台光電,2024-11-08,431.5,-3.5,-0.80%,,16.71,,,,,,,ShowDailyK_ChartFlow,FinMind_API_TaiwanStockPrice_2383,True,2026-09-28T22:46:00,2026-09-28T22:46:00,2026-09-28T22:46:00
2383,台光電,2024-11-11,435.0,3.5,0.81%,,16.84,,,,,,,ShowDailyK_ChartFlow,FinMind_API_TaiwanStockPrice_2383,True,2026-09-28T22:46:00,2026-09-28T22:46:00,2026-09-28T22:46:00
2383,台光電,2024-11-12,429.0,-6.0,-1.38%,,16.61,,,,,,,ShowDailyK_ChartFlow,FinMind_API_TaiwanStockPrice_2383,True,2026-09-28T22:46:00,2026-09-28T22:46:00,2026-09-28T22:46:00
2383,台光電,2024-11-13,438.5,9.5,2.21%,,16.98,,,,,,,ShowDailyK_ChartFlow,FinMind_API_TaiwanStockPrice_2383,True,2026-09-28T22:46:00,2026-09-28T22:46:00,2026-09-28T22:46:00
2383,台光電,2024-11-14,441.5,3.0,0.68%,,17.09,,,,,,,ShowDailyK_ChartFlow,FinMind_API_TaiwanStockPrice_2383,True,2026-09-28T22:46:00,2026-09-28T22:46:00,2026-09-28T22:46:00
2383,台光電,2024-11-15,446.5,5.0,1.13%,,17.29,,,,,,,ShowDailyK_ChartFlow,FinMind_API_TaiwanStockPrice_2383,True,2026-09-28T22:46:00,2026-09-28T22:46:00,2026-09-28T22:46:00
2383,台光電,2024-11-18,424.5,-22.0,-4.93%,,16.43,,,,,,,ShowDailyK_ChartFlow,FinMind_API_TaiwanStockPrice_2383,True,2026-09-28T22:46:00,2026-09-28T22:46:00,2026-09-28T22:46:00
2383,台光電,2024-11-19,434.0,9.5,2.24%,,16.8,,,,,,,ShowDailyK_ChartFlow,FinMind_API_TaiwanStockPrice_2383,True,2026-09-28T22:46:00,2026-09-28T22:46:00,2026-09-28T22:46:00
2383,台光電,2024-11-20,447.5,13.5,3.11%,,17.32,,,,,,,ShowDailyK_ChartFlow,FinMind_API_TaiwanStockPrice_2383,True,2026-09-28T22:46:00,2026-09-28T22:46:00,2026-09-28T22:46:00
2383,台光電,2024-11-21,473.0,25.5,5.70%,,18.31,,,,,,,ShowDailyK_ChartFlow,FinMind_API_TaiwanStockPrice_2383,True,2026-09-28T22:46:00,2026-09-28T22:46:00,2026-09-28T22:46:00
2383,台光電,2024-11-22,482.0,9.0,1.90%,,18.66,,,,,,,ShowDailyK_ChartFlow,FinMind_API_TaiwanStockPrice_2383,True,2026-09-28T22:46:00,2026-09-28T22:46:00,2026-09-28T22:46:00
2383,台光電,2024-11-25,478.0,-4.0,-0.83%,,18.51,,,,,,,ShowDailyK_ChartFlow,FinMind_API_TaiwanStockPrice_2383,True,2026-09-28T22:46:00,2026-09-28T22:46:00,2026-09-28T22:46:00
2383,台光電,2024-11-26,468.0,-10.0,-2.09%,,18.12,,,,,,,ShowDailyK_ChartFlow,FinMind_API_TaiwanStockPrice_2383,True,2026-09-28T22:46:00,2026-09-28T22:46:00,2026-09-28T22:46:00
2383,台光電,2024-11-27,467.5,-0.5,-0.11%,,18.1,,,,,,,ShowDailyK_ChartFlow,FinMind_API_TaiwanStockPrice_2383,True,2026-09-28T22:46:00,2026-09-28T22:46:00,2026-09-28T22:46:00
2383,台光電,2024-11-28,463.0,-4.5,-0.96%,,17.92,,,,,,,ShowDailyK_ChartFlow,FinMind_API_TaiwanStockPrice_2383,True,2026-09-28T22:46:00,2026-09-28T22:46:00,2026-09-28T22:46:00
2383,台光電,2024-11-29,468.5,5.5,1.19%,,18.14,,,,,,,ShowDailyK_ChartFlow,FinMind_API_TaiwanStockPrice_2383,True,2026-09-28T22:46:00,2026-09-28T22:46:00,2026-09-28T22:46:00
2383,台光電,2024-12-02,504.0,35.5,7.58%,,19.51,,,,,,,ShowDailyK_ChartFlow,FinMind_API_TaiwanStockPrice_2383,True,2026-09-28T22:46:00,2026-09-28T22:46:00,2026-09-28T22:46:00
2383,台光電,2024-12-03,510.0,6.0,1.19%,,19.74,,,,,,,ShowDailyK_ChartFlow,FinMind_API_TaiwanStockPrice_2383,True,2026-09-28T22:46:00,2026-09-28T22:46:00,2026-09-28T22:46:00
2383,台光電,2024-12-04,534.0,24.0,4.71%,,20.67,,,,,,,ShowDailyK_ChartFlow,FinMind_API_TaiwanStockPrice_2383,True,2026-09-28T22:46:00,2026-09-28T22:46:00,2026-09-28T22:46:00
2383,台光電,2024-12-05,527.0,-7.0,-1.31%,,20.4,,,,,,,ShowDailyK_ChartFlow,FinMind_API_TaiwanStockPrice_2383,True,2026-09-28T22:46:00,2026-09-28T22:46:00,2026-09-28T22:46:00
2383,台光電,2024-12-06,533.0,6.0,1.14%,,20.63,,,,,,,ShowDailyK_ChartFlow,FinMind_API_TaiwanStockPrice_2383,True,2026-09-28T22:46:00,2026-09-28T22:46:00,2026-09-28T22:46:00
2383,台光電,2024-12-09,550.0,17.0,3.19%,,21.29,,,,,,,ShowDailyK_ChartFlow,FinMind_API_TaiwanStockPrice_2383,True,2026-09-28T22:46:00,2026-09-28T22:46:00,2026-09-28T22:46:00
2383,台光電,2024-12-10,554.0,4.0,0.73%,,21.45,,,,,,,ShowDailyK_ChartFlow,FinMind_API_TaiwanStockPrice_2383,True,2026-09-28T22:46:00,2026-09-28T22:46:00,2026-09-28T22:46:00
2383,台光電,2024-12-11,572.0,18.0,3.25%,,22.14,,,,,,,ShowDailyK_ChartFlow,FinMind_API_TaiwanStockPrice_2383,True,2026-09-28T22:46:00,2026-09-28T22:46:00,2026-09-28T22:46:00
2383,台光電,2024-12-12,573.0,1.0,0.17%,,22.18,,,,,,,ShowDailyK_ChartFlow,FinMind_API_TaiwanStockPrice_2383,True,2026-09-28T22:46:00,2026-09-28T22:46:00,2026-09-28T22:46:00
2383,台光電,2024-12-13,599.0,26.0,4.54%,,23.19,,,,,,,ShowDailyK_ChartFlow,FinMind_API_TaiwanStockPrice_2383,True,2026-09-28T22:46:00,2026-09-28T22:46:00,2026-09-28T22:46:00
2383,台光電,2024-12-16,610.0,11.0,1.84%,,23.62,,,,,,,ShowDailyK_ChartFlow,FinMind_API_TaiwanStockPrice_2383,True,2026-09-28T22:46:00,2026-09-28T22:46:00,2026-09-28T22:46:00
2383,台光電,2024-12-17,599.0,-11.0,-1.80%,,23.19,,,,,,,ShowDailyK_ChartFlow,FinMind_API_TaiwanStockPrice_2383,True,2026-09-28T22:46:00,2026-09-28T22:46:00,2026-09-28T22:46:00
2383,台光電,2024-12-18,615.0,16.0,2.67%,,23.81,,,,,,,ShowDailyK_ChartFlow,FinMind_API_TaiwanStockPrice_2383,True,2026-09-28T22:46:00,2026-09-28T22:46:00,2026-09-28T22:46:00
2383,台光電,2024-12-19,617.0,2.0,0.33%,,23.89,,,,,,,ShowDailyK_ChartFlow,FinMind_API_TaiwanStockPrice_2383,True,2026-09-28T22:46:00,2026-09-28T22:46:00,2026-09-28T22:46:00
2383,台光電,2024-12-20,596.0,-21.0,-3.40%,,23.07,,,,,,,ShowDailyK_ChartFlow,FinMind_API_TaiwanStockPrice_2383,True,2026-09-28T22:46:00,2026-09-28T22:46:00,2026-09-28T22:46:00
2383,台光電,2024-12-23,608.0,12.0,2.01%,,23.54,,,,,,,ShowDailyK_ChartFlow,FinMind_API_TaiwanStockPrice_2383,True,2026-09-28T22:46:00,2026-09-28T22:46:00,2026-09-28T22:46:00
2383,台光電,2024-12-24,595.0,-13.0,-2.14%,,23.04,,,,,,,ShowDailyK_ChartFlow,FinMind_API_TaiwanStockPrice_2383,True,2026-09-28T22:46:00,2026-09-28T22:46:00,2026-09-28T22:46:00
2383,台光電,2024-12-25,591.0,-4.0,-0.67%,,22.88,,,,,,,ShowDailyK_ChartFlow,FinMind_API_TaiwanStockPrice_2383,True,2026-09-28T22:46:00,2026-09-28T22:46:00,2026-09-28T22:46:00
2383,台光電,2024-12-26,605.0,14.0,2.37%,,23.42,,,,,,,ShowDailyK_ChartFlow,FinMind_API_TaiwanStockPrice_2383,True,2026-09-28T22:46:00,2026-09-28T22:46:00,2026-09-28T22:46:00
2383,台光電,2024-12-27,630.0,25.0,4.13%,,24.39,,,,,,,ShowDailyK_ChartFlow,FinMind_API_TaiwanStockPrice_2383,True,2026-09-28T22:46:00,2026-09-28T22:46:00,2026-09-28T22:46:00
2383,台光電,2024-12-30,619.0,-11.0,-1.75%,,23.96,,,,,,,ShowDailyK_ChartFlow,FinMind_API_TaiwanStockPrice_2383,True,2026-09-28T22:46:00,2026-09-28T22:46:00,2026-09-28T22:46:00
2383,台光電,2024-12-31,618.0,-1.0,-0.16%,,23.93,,,,,,,ShowDailyK_ChartFlow,FinMind_API_TaiwanStockPrice_2383,True,2026-09-28T22:46:00,2026-09-28T22:46:00,2026-09-28T22:46:00
2383,台光電,2025-01-02,596.0,-22.0,-3.56%,,23.07,,,,,,,ShowDailyK_ChartFlow,FinMind_API_TaiwanStockPrice_2383,True,2026-09-28T22:46:00,2026-09-28T22:46:00,2026-09-28T22:46:00
2383,台光電,2025-01-03,604.0,8.0,1.34%,,23.38,,,,,,,ShowDailyK_ChartFlow,FinMind_API_TaiwanStockPrice_2383,True,2026-09-28T22:46:00,2026-09-28T22:46:00,2026-09-28T22:46:00
2383,台光電,2025-01-06,620.0,16.0,2.65%,,24.0,,,,,,,ShowDailyK_ChartFlow,FinMind_API_TaiwanStockPrice_2383,True,2026-09-28T22:46:00,2026-09-28T22:46:00,2026-09-28T22:46:00
2383,台光電,2025-01-07,603.0,-17.0,-2.74%,,23.34,,,,,,,ShowDailyK_ChartFlow,FinMind_API_TaiwanStockPrice_2383,True,2026-09-28T22:46:00,2026-09-28T22:46:00,2026-09-28T22:46:00
2383,台光電,2025-01-08,599.0,-4.0,-0.66%,,23.19,,,,,,,ShowDailyK_ChartFlow,FinMind_API_TaiwanStockPrice_2383,True,2026-09-28T22:46:00,2026-09-28T22:46:00,2026-09-28T22:46:00
2383,台光電,2025-01-09,585.0,-14.0,-2.34%,,22.65,,,,,,,ShowDailyK_ChartFlow,FinMind_API_TaiwanStockPrice_2383,True,2026-09-28T22:46:00,2026-09-28T22:46:00,2026-09-28T22:46:00
2383,台光電,2025-01-10,590.0,5.0,0.85%,,22.84,,,,,,,ShowDailyK_ChartFlow,FinMind_API_TaiwanStockPrice_2383,True,2026-09-28T22:46:00,2026-09-28T22:46:00,2026-09-28T22:46:00
2383,台光電,2025-01-13,563.0,-27.0,-4.58%,,21.8,,,,,,,ShowDailyK_ChartFlow,FinMind_API_TaiwanStockPrice_2383,True,2026-09-28T22:46:00,2026-09-28T22:46:00,2026-09-28T22:46:00
2383,台光電,2025-01-14,578.0,15.0,2.66%,,22.38,,,,,,,ShowDailyK_ChartFlow,FinMind_API_TaiwanStockPrice_2383,True,2026-09-28T22:46:00,2026-09-28T22:46:00,2026-09-28T22:46:00
2383,台光電,2025-01-15,577.0,-1.0,-0.17%,,22.34,,,,,,,ShowDailyK_ChartFlow,FinMind_API_TaiwanStockPrice_2383,True,2026-09-28T22:46:00,2026-09-28T22:46:00,2026-09-28T22:46:00
2383,台光電,2025-01-16,589.0,12.0,2.08%,,22.8,,,,,,,ShowDailyK_ChartFlow,FinMind_API_TaiwanStockPrice_2383,True,2026-09-28T22:46:00,2026-09-28T22:46:00,2026-09-28T22:46:00
2383,台光電,2025-01-17,598.0,9.0,1.53%,,23.15,,,,,,,ShowDailyK_ChartFlow,FinMind_API_TaiwanStockPrice_2383,True,2026-09-28T22:46:00,2026-09-28T22:46:00,2026-09-28T22:46:00
2383,台光電,2025-01-20,603.0,5.0,0.84%,,23.34,,,,,,,ShowDailyK_ChartFlow,FinMind_API_TaiwanStockPrice_2383,True,2026-09-28T22:46:00,2026-09-28T22:46:00,2026-09-28T22:46:00
2383,台光電,2025-01-21,604.0,1.0,0.17%,,23.38,,,,,,,ShowDailyK_ChartFlow,FinMind_API_TaiwanStockPrice_2383,True,2026-09-28T22:46:00,2026-09-28T22:46:00,2026-09-28T22:46:00
2383,台光電,2025-01-22,614.0,10.0,1.66%,,23.77,,,,,,,ShowDailyK_ChartFlow,FinMind_API_TaiwanStockPrice_2383,True,2026-09-28T22:46:00,2026-09-28T22:46:00,2026-09-28T22:46:00
2383,台光電,2025-02-03,553.0,-61.0,-9.93%,,21.41,,,,,,,ShowDailyK_ChartFlow,FinMind_API_TaiwanStockPrice_2383,True,2026-09-28T22:46:00,2026-09-28T22:46:00,2026-09-28T22:46:00
2383,台光電,2025-02-04,546.0,-7.0,-1.27%,,21.14,,,,,,,ShowDailyK_ChartFlow,FinMind_API_TaiwanStockPrice_2383,True,2026-09-28T22:46:00,2026-09-28T22:46:00,2026-09-28T22:46:00
2383,台光電,2025-02-05,576.0,30.0,5.49%,,22.3,,,,,,,ShowDailyK_ChartFlow,FinMind_API_TaiwanStockPrice_2383,True,2026-09-28T22:46:00,2026-09-28T22:46:00,2026-09-28T22:46:00
2383,台光電,2025-02-06,600.0,24.0,4.17%,,23.23,,,,,,,ShowDailyK_ChartFlow,FinMind_API_TaiwanStockPrice_2383,True,2026-09-28T22:46:00,2026-09-28T22:46:00,2026-09-28T22:46:00
2383,台光電,2025-02-07,615.0,15.0,2.50%,,23.81,,,,,,,ShowDailyK_ChartFlow,FinMind_API_TaiwanStockPrice_2383,True,2026-09-28T22:46:00,2026-09-28T22:46:00,2026-09-28T22:46:00
2383,台光電,2025-02-10,612.0,-3.0,-0.49%,,23.69,,,,,,,ShowDailyK_ChartFlow,FinMind_API_TaiwanStockPrice_2383,True,2026-09-28T22:46:00,2026-09-28T22:46:00,2026-09-28T22:46:00
2383,台光電,2025-02-11,620.0,8.0,1.31%,,24.0,,,,,,,ShowDailyK_ChartFlow,FinMind_API_TaiwanStockPrice_2383,True,2026-09-28T22:46:00,2026-09-28T22:46:00,2026-09-28T22:46:00
2383,台光電,2025-02-12,604.0,-16.0,-2.58%,,23.38,,,,,,,ShowDailyK_ChartFlow,FinMind_API_TaiwanStockPrice_2383,True,2026-09-28T22:46:00,2026-09-28T22:46:00,2026-09-28T22:46:00
2383,台光電,2025-02-13,603.0,-1.0,-0.17%,,23.34,,,,,,,ShowDailyK_ChartFlow,FinMind_API_TaiwanStockPrice_2383,True,2026-09-28T22:46:00,2026-09-28T22:46:00,2026-09-28T22:46:00
2383,台光電,2025-02-14,595.0,-8.0,-1.33%,,23.04,,,,,,,ShowDailyK_ChartFlow,FinMind_API_TaiwanStockPrice_2383,True,2026-09-28T22:46:00,2026-09-28T22:46:00,2026-09-28T22:46:00
2383,台光電,2025-02-17,594.0,-1.0,-0.17%,,23.0,,,,,,,ShowDailyK_ChartFlow,FinMind_API_TaiwanStockPrice_2383,True,2026-09-28T22:46:00,2026-09-28T22:46:00,2026-09-28T22:46:00
2383,台光電,2025-02-18,612.0,18.0,3.03%,,23.69,,,,,,,ShowDailyK_ChartFlow,FinMind_API_TaiwanStockPrice_2383,True,2026-09-28T22:46:00,2026-09-28T22:46:00,2026-09-28T22:46:00
2383,台光電,2025-02-19,611.0,-1.0,-0.16%,,23.65,,,,,,,ShowDailyK_ChartFlow,FinMind_API_TaiwanStockPrice_2383,True,2026-09-28T22:46:00,2026-09-28T22:46:00,2026-09-28T22:46:00
2383,台光電,2025-02-20,603.0,-8.0,-1.31%,,23.34,,,,,,,ShowDailyK_ChartFlow,FinMind_API_TaiwanStockPrice_2383,True,2026-09-28T22:46:00,2026-09-28T22:46:00,2026-09-28T22:46:00
2383,台光電,2025-02-21,601.0,-2.0,-0.33%,,23.27,,,,,,,ShowDailyK_ChartFlow,FinMind_API_TaiwanStockPrice_2383,True,2026-09-28T22:46:00,2026-09-28T22:46:00,2026-09-28T22:46:00
2383,台光電,2025-02-24,596.0,-5.0,-0.83%,,23.07,,,,,,,ShowDailyK_ChartFlow,FinMind_API_TaiwanStockPrice_2383,True,2026-09-28T22:46:00,2026-09-28T22:46:00,2026-09-28T22:46:00
2383,台光電,2025-02-25,576.0,-20.0,-3.36%,,22.3,,,,,,,ShowDailyK_ChartFlow,FinMind_API_TaiwanStockPrice_2383,True,2026-09-28T22:46:00,2026-09-28T22:46:00,2026-09-28T22:46:00
2383,台光電,2025-02-26,633.0,57.0,9.90%,,22.91,,,,,,,ShowDailyK_ChartFlow,FinMind_API_TaiwanStockPrice_2383,True,2026-09-28T22:46:00,2026-09-28T22:46:00,2026-09-28T22:46:00
2383,台光電,2025-02-27,632.0,-1.0,-0.16%,,22.87,,,,,,,ShowDailyK_ChartFlow,FinMind_API_TaiwanStockPrice_2383,True,2026-09-28T22:46:00,2026-09-28T22:46:00,2026-09-28T22:46:00
2383,台光電,2025-03-03,626.0,-6.0,-0.95%,,22.66,,,,,,,ShowDailyK_ChartFlow,FinMind_API_TaiwanStockPrice_2383,True,2026-09-28T22:46:00,2026-09-28T22:46:00,2026-09-28T22:46:00
2383,台光電,2025-03-04,604.0,-22.0,-3.51%,,21.86,,,,,,,ShowDailyK_ChartFlow,FinMind_API_TaiwanStockPrice_2383,True,2026-09-28T22:46:00,2026-09-28T22:46:00,2026-09-28T22:46:00
2383,台光電,2025-03-05,606.0,2.0,0.33%,,21.93,,,,,,,ShowDailyK_ChartFlow,FinMind_API_TaiwanStockPrice_2383,True,2026-09-28T22:46:00,2026-09-28T22:46:00,2026-09-28T22:46:00
2383,台光電,2025-03-06,603.0,-3.0,-0.50%,,21.82,,,,,,,ShowDailyK_ChartFlow,FinMind_API_TaiwanStockPrice_2383,True,2026-09-28T22:46:00,2026-09-28T22:46:00,2026-09-28T22:46:00
2383,台光電,2025-03-07,580.0,-23.0,-3.81%,,20.99,,,,,,,ShowDailyK_ChartFlow,FinMind_API_TaiwanStockPrice_2383,True,2026-09-28T22:46:00,2026-09-28T22:46:00,2026-09-28T22:46:00
2383,台光電,2025-03-10,571.0,-9.0,-1.55%,,20.67,,,,,,,ShowDailyK_ChartFlow,FinMind_API_TaiwanStockPrice_2383,True,2026-09-28T22:46:00,2026-09-28T22:46:00,2026-09-28T22:46:00
2383,台光電,2025-03-11,563.0,-8.0,-1.40%,,20.38,,,,,,,ShowDailyK_ChartFlow,FinMind_API_TaiwanStockPrice_2383,True,2026-09-28T22:46:00,2026-09-28T22:46:00,2026-09-28T22:46:00
2383,台光電,2025-03-12,573.0,10.0,1.78%,,20.74,,,,,,,ShowDailyK_ChartFlow,FinMind_API_TaiwanStockPrice_2383,True,2026-09-28T22:46:00,2026-09-28T22:46:00,2026-09-28T22:46:00
2383,台光電,2025-03-13,580.0,7.0,1.22%,,20.99,,,,,,,ShowDailyK_ChartFlow,FinMind_API_TaiwanStockPrice_2383,True,2026-09-28T22:46:00,2026-09-28T22:46:00,2026-09-28T22:46:00
2383,台光電,2025-03-14,580.0,0.0,0.00%,,20.99,,,,,,,ShowDailyK_ChartFlow,FinMind_API_TaiwanStockPrice_2383,True,2026-09-28T22:46:00,2026-09-28T22:46:00,2026-09-28T22:46:00
2383,台光電,2025-03-17,586.0,6.0,1.03%,,21.21,,,,,,,ShowDailyK_ChartFlow,FinMind_API_TaiwanStockPrice_2383,True,2026-09-28T22:46:00,2026-09-28T22:46:00,2026-09-28T22:46:00
2383,台光電,2025-03-18,606.0,20.0,3.41%,,21.93,,,,,,,ShowDailyK_ChartFlow,FinMind_API_TaiwanStockPrice_2383,True,2026-09-28T22:46:00,2026-09-28T22:46:00,2026-09-28T22:46:00
2383,台光電,2025-03-19,585.0,-21.0,-3.47%,,21.17,,,,,,,ShowDailyK_ChartFlow,FinMind_API_TaiwanStockPrice_2383,True,2026-09-28T22:46:00,2026-09-28T22:46:00,2026-09-28T22:46:00
2383,台光電,2025-03-20,583.0,-2.0,-0.34%,,21.1,,,,,,,ShowDailyK_ChartFlow,FinMind_API_TaiwanStockPrice_2383,True,2026-09-28T22:46:00,2026-09-28T22:46:00,2026-09-28T22:46:00
2383,台光電,2025-03-21,595.0,12.0,2.06%,,21.53,,,,,,,ShowDailyK_ChartFlow,FinMind_API_TaiwanStockPrice_2383,True,2026-09-28T22:46:00,2026-09-28T22:46:00,2026-09-28T22:46:00
2383,台光電,2025-03-24,604.0,9.0,1.51%,,21.86,,,,,,,ShowDailyK_ChartFlow,FinMind_API_TaiwanStockPrice_2383,True,2026-09-28T22:46:00,2026-09-28T22:46:00,2026-09-28T22:46:00
2383,台光電,2025-03-25,611.0,7.0,1.16%,,22.11,,,,,,,ShowDailyK_ChartFlow,FinMind_API_TaiwanStockPrice_2383,True,2026-09-28T22:46:00,2026-09-28T22:46:00,2026-09-28T22:46:00
2383,台光電,2025-03-26,607.0,-4.0,-0.65%,,21.97,,,,,,,ShowDailyK_ChartFlow,FinMind_API_TaiwanStockPrice_2383,True,2026-09-28T22:46:00,2026-09-28T22:46:00,2026-09-28T22:46:00
2383,台光電,2025-03-27,595.0,-12.0,-1.98%,,21.53,,,,,,,ShowDailyK_ChartFlow,FinMind_API_TaiwanStockPrice_2383,True,2026-09-28T22:46:00,2026-09-28T22:46:00,2026-09-28T22:46:00
2383,台光電,2025-03-28,585.0,-10.0,-1.68%,,21.17,,,,,,,ShowDailyK_ChartFlow,FinMind_API_TaiwanStockPrice_2383,True,2026-09-28T22:46:00,2026-09-28T22:46:00,2026-09-28T22:46:00
2383,台光電,2025-03-31,545.0,-40.0,-6.84%,,19.72,,,,,,,ShowDailyK_ChartFlow,FinMind_API_TaiwanStockPrice_2383,True,2026-09-28T22:46:00,2026-09-28T22:46:00,2026-09-28T22:46:00
2383,台光電,2025-04-01,545.0,0.0,0.00%,,19.72,,,,,,,ShowDailyK_ChartFlow,FinMind_API_TaiwanStockPrice_2383,True,2026-09-28T22:46:00,2026-09-28T22:46:00,2026-09-28T22:46:00
2383,台光電,2025-04-02,527.0,-18.0,-3.30%,,19.07,,,,,,,ShowDailyK_ChartFlow,FinMind_API_TaiwanStockPrice_2383,True,2026-09-28T22:46:00,2026-09-28T22:46:00,2026-09-28T22:46:00
2383,台光電,2025-04-07,474.5,-52.5,-9.96%,,17.17,,,,,,,ShowDailyK_ChartFlow,FinMind_API_TaiwanStockPrice_2383,True,2026-09-28T22:46:00,2026-09-28T22:46:00,2026-09-28T22:46:00
2383,台光電,2025-04-08,452.0,-22.5,-4.74%,,16.36,,,,,,,ShowDailyK_ChartFlow,FinMind_API_TaiwanStockPrice_2383,True,2026-09-28T22:46:00,2026-09-28T22:46:00,2026-09-28T22:46:00
2383,台光電,2025-04-09,407.0,-45.0,-9.96%,,14.73,,,,,,,ShowDailyK_ChartFlow,FinMind_API_TaiwanStockPrice_2383,True,2026-09-28T22:46:00,2026-09-28T22:46:00,2026-09-28T22:46:00
2383,台光電,2025-04-10,447.5,40.5,9.95%,,16.2,,,,,,,ShowDailyK_ChartFlow,FinMind_API_TaiwanStockPrice_2383,True,2026-09-28T22:46:00,2026-09-28T22:46:00,2026-09-28T22:46:00
2383,台光電,2025-04-11,492.0,44.5,9.94%,,17.81,,,,,,,ShowDailyK_ChartFlow,FinMind_API_TaiwanStockPrice_2383,True,2026-09-28T22:46:00,2026-09-28T22:46:00,2026-09-28T22:46:00
2383,台光電,2025-04-14,516.0,24.0,4.88%,,18.68,,,,,,,ShowDailyK_ChartFlow,FinMind_API_TaiwanStockPrice_2383,True,2026-09-28T22:46:00,2026-09-28T22:46:00,2026-09-28T22:46:00
2383,台光電,2025-04-15,544.0,28.0,5.43%,,19.69,,,,,,,ShowDailyK_ChartFlow,FinMind_API_TaiwanStockPrice_2383,True,2026-09-28T22:46:00,2026-09-28T22:46:00,2026-09-28T22:46:00
2383,台光電,2025-04-16,517.0,-27.0,-4.96%,,18.71,,,,,,,ShowDailyK_ChartFlow,FinMind_API_TaiwanStockPrice_2383,True,2026-09-28T22:46:00,2026-09-28T22:46:00,2026-09-28T22:46:00
2383,台光電,2025-04-17,515.0,-2.0,-0.39%,,18.64,,,,,,,ShowDailyK_ChartFlow,FinMind_API_TaiwanStockPrice_2383,True,2026-09-28T22:46:00,2026-09-28T22:46:00,2026-09-28T22:46:00
2383,台光電,2025-04-18,522.0,7.0,1.36%,,18.89,,,,,,,ShowDailyK_ChartFlow,FinMind_API_TaiwanStockPrice_2383,True,2026-09-28T22:46:00,2026-09-28T22:46:00,2026-09-28T22:46:00
2383,台光電,2025-04-21,516.0,-6.0,-1.15%,,18.68,,,,,,,ShowDailyK_ChartFlow,FinMind_API_TaiwanStockPrice_2383,True,2026-09-28T22:46:00,2026-09-28T22:46:00,2026-09-28T22:46:00
2383,台光電,2025-04-22,499.0,-17.0,-3.29%,,18.06,,,,,,,ShowDailyK_ChartFlow,FinMind_API_TaiwanStockPrice_2383,True,2026-09-28T22:46:00,2026-09-28T22:46:00,2026-09-28T22:46:00
2383,台光電,2025-04-23,522.0,23.0,4.61%,,18.89,,,,,,,ShowDailyK_ChartFlow,FinMind_API_TaiwanStockPrice_2383,True,2026-09-28T22:46:00,2026-09-28T22:46:00,2026-09-28T22:46:00
2383,台光電,2025-04-24,515.0,-7.0,-1.34%,,18.64,,,,,,,ShowDailyK_ChartFlow,FinMind_API_TaiwanStockPrice_2383,True,2026-09-28T22:46:00,2026-09-28T22:46:00,2026-09-28T22:46:00
2383,台光電,2025-04-25,566.0,51.0,9.90%,,20.48,,,,,,,ShowDailyK_ChartFlow,FinMind_API_TaiwanStockPrice_2383,True,2026-09-28T22:46:00,2026-09-28T22:46:00,2026-09-28T22:46:00
2383,台光電,2025-04-28,557.0,-9.0,-1.59%,,20.16,,,,,,,ShowDailyK_ChartFlow,FinMind_API_TaiwanStockPrice_2383,True,2026-09-28T22:46:00,2026-09-28T22:46:00,2026-09-28T22:46:00
2383,台光電,2025-04-29,565.0,8.0,1.44%,,20.45,,,,,,,ShowDailyK_ChartFlow,FinMind_API_TaiwanStockPrice_2383,True,2026-09-28T22:46:00,2026-09-28T22:46:00,2026-09-28T22:46:00
2383,台光電,2025-04-30,556.0,-9.0,-1.59%,,17.42,,,,,,,ShowDailyK_ChartFlow,FinMind_API_TaiwanStockPrice_2383,True,2026-09-28T22:46:00,2026-09-28T22:46:00,2026-09-28T22:46:00
2383,台光電,2025-05-02,611.0,55.0,9.89%,,19.14,,,,,,,ShowDailyK_ChartFlow,FinMind_API_TaiwanStockPrice_2383,True,2026-09-28T22:46:00,2026-09-28T22:46:00,2026-09-28T22:46:00
2383,台光電,2025-05-05,623.0,12.0,1.96%,,19.52,,,,,,,ShowDailyK_ChartFlow,FinMind_API_TaiwanStockPrice_2383,True,2026-09-28T22:46:00,2026-09-28T22:46:00,2026-09-28T22:46:00
2383,台光電,2025-05-06,624.0,1.0,0.16%,,19.55,,,,,,,ShowDailyK_ChartFlow,FinMind_API_TaiwanStockPrice_2383,True,2026-09-28T22:46:00,2026-09-28T22:46:00,2026-09-28T22:46:00
2383,台光電,2025-05-07,612.0,-12.0,-1.92%,,19.17,,,,,,,ShowDailyK_ChartFlow,FinMind_API_TaiwanStockPrice_2383,True,2026-09-28T22:46:00,2026-09-28T22:46:00,2026-09-28T22:46:00
2383,台光電,2025-05-08,662.0,50.0,8.17%,,20.74,,,,,,,ShowDailyK_ChartFlow,FinMind_API_TaiwanStockPrice_2383,True,2026-09-28T22:46:00,2026-09-28T22:46:00,2026-09-28T22:46:00
2383,台光電,2025-05-09,679.0,17.0,2.57%,,21.27,,,,,,,ShowDailyK_ChartFlow,FinMind_API_TaiwanStockPrice_2383,True,2026-09-28T22:46:00,2026-09-28T22:46:00,2026-09-28T22:46:00
2383,台光電,2025-05-12,675.0,-4.0,-0.59%,,21.15,,,,,,,ShowDailyK_ChartFlow,FinMind_API_TaiwanStockPrice_2383,True,2026-09-28T22:46:00,2026-09-28T22:46:00,2026-09-28T22:46:00
2383,台光電,2025-05-13,674.0,-1.0,-0.15%,,21.12,,,,,,,ShowDailyK_ChartFlow,FinMind_API_TaiwanStockPrice_2383,True,2026-09-28T22:46:00,2026-09-28T22:46:00,2026-09-28T22:46:00
2383,台光電,2025-05-14,687.0,13.0,1.93%,,21.52,,,,,,,ShowDailyK_ChartFlow,FinMind_API_TaiwanStockPrice_2383,True,2026-09-28T22:46:00,2026-09-28T22:46:00,2026-09-28T22:46:00
2383,台光電,2025-05-15,685.0,-2.0,-0.29%,,21.46,,,,,,,ShowDailyK_ChartFlow,FinMind_API_TaiwanStockPrice_2383,True,2026-09-28T22:46:00,2026-09-28T22:46:00,2026-09-28T22:46:00
2383,台光電,2025-05-16,684.0,-1.0,-0.15%,,21.43,,,,,,,ShowDailyK_ChartFlow,FinMind_API_TaiwanStockPrice_2383,True,2026-09-28T22:46:00,2026-09-28T22:46:00,2026-09-28T22:46:00
2383,台光電,2025-05-19,667.0,-17.0,-2.49%,,20.9,,,,,,,ShowDailyK_ChartFlow,FinMind_API_TaiwanStockPrice_2383,True,2026-09-28T22:46:00,2026-09-28T22:46:00,2026-09-28T22:46:00
2383,台光電,2025-05-20,676.0,9.0,1.35%,,21.18,,,,,,,ShowDailyK_ChartFlow,FinMind_API_TaiwanStockPrice_2383,True,2026-09-28T22:46:00,2026-09-28T22:46:00,2026-09-28T22:46:00
2383,台光電,2025-05-21,720.0,44.0,6.51%,,22.56,,,,,,,ShowDailyK_ChartFlow,FinMind_API_TaiwanStockPrice_2383,True,2026-09-28T22:46:00,2026-09-28T22:46:00,2026-09-28T22:46:00
2383,台光電,2025-05-22,714.0,-6.0,-0.83%,,22.37,,,,,,,ShowDailyK_ChartFlow,FinMind_API_TaiwanStockPrice_2383,True,2026-09-28T22:46:00,2026-09-28T22:46:00,2026-09-28T22:46:00
2383,台光電,2025-05-23,710.0,-4.0,-0.56%,,22.24,,,,,,,ShowDailyK_ChartFlow,FinMind_API_TaiwanStockPrice_2383,True,2026-09-28T22:46:00,2026-09-28T22:46:00,2026-09-28T22:46:00
2383,台光電,2025-05-26,707.0,-3.0,-0.42%,,22.15,,,,,,,ShowDailyK_ChartFlow,FinMind_API_TaiwanStockPrice_2383,True,2026-09-28T22:46:00,2026-09-28T22:46:00,2026-09-28T22:46:00
2383,台光電,2025-05-27,706.0,-1.0,-0.14%,,22.12,,,,,,,ShowDailyK_ChartFlow,FinMind_API_TaiwanStockPrice_2383,True,2026-09-28T22:46:00,2026-09-28T22:46:00,2026-09-28T22:46:00
2383,台光電,2025-05-28,721.0,15.0,2.12%,,22.59,,,,,,,ShowDailyK_ChartFlow,FinMind_API_TaiwanStockPrice_2383,True,2026-09-28T22:46:00,2026-09-28T22:46:00,2026-09-28T22:46:00
2383,台光電,2025-05-29,749.0,28.0,3.88%,,23.46,,,,,,,ShowDailyK_ChartFlow,FinMind_API_TaiwanStockPrice_2383,True,2026-09-28T22:46:00,2026-09-28T22:46:00,2026-09-28T22:46:00
2383,台光電,2025-06-02,758.0,9.0,1.20%,,23.75,,,,,,,ShowDailyK_ChartFlow,FinMind_API_TaiwanStockPrice_2383,True,2026-09-28T22:46:00,2026-09-28T22:46:00,2026-09-28T22:46:00
2383,台光電,2025-06-03,784.0,26.0,3.43%,,24.56,,,,,,,ShowDailyK_ChartFlow,FinMind_API_TaiwanStockPrice_2383,True,2026-09-28T22:46:00,2026-09-28T22:46:00,2026-09-28T22:46:00
2383,台光電,2025-06-04,780.0,-4.0,-0.51%,,24.44,,,,,,,ShowDailyK_ChartFlow,FinMind_API_TaiwanStockPrice_2383,True,2026-09-28T22:46:00,2026-09-28T22:46:00,2026-09-28T22:46:00
2383,台光電,2025-06-05,789.0,9.0,1.15%,,24.72,,,,,,,ShowDailyK_ChartFlow,FinMind_API_TaiwanStockPrice_2383,True,2026-09-28T22:46:00,2026-09-28T22:46:00,2026-09-28T22:46:00
2383,台光電,2025-06-06,788.0,-1.0,-0.13%,,24.69,,,,,,,ShowDailyK_ChartFlow,FinMind_API_TaiwanStockPrice_2383,True,2026-09-28T22:46:00,2026-09-28T22:46:00,2026-09-28T22:46:00
2383,台光電,2025-06-09,820.0,32.0,4.06%,,25.69,,,,,,,ShowDailyK_ChartFlow,FinMind_API_TaiwanStockPrice_2383,True,2026-09-28T22:46:00,2026-09-28T22:46:00,2026-09-28T22:46:00
2383,台光電,2025-06-10,890.0,70.0,8.54%,,27.88,,,,,,,ShowDailyK_ChartFlow,FinMind_API_TaiwanStockPrice_2383,True,2026-09-28T22:46:00,2026-09-28T22:46:00,2026-09-28T22:46:00
2383,台光電,2025-06-11,873.0,-17.0,-1.91%,,27.35,,,,,,,ShowDailyK_ChartFlow,FinMind_API_TaiwanStockPrice_2383,True,2026-09-28T22:46:00,2026-09-28T22:46:00,2026-09-28T22:46:00
2383,台光電,2025-06-12,858.0,-15.0,-1.72%,,26.88,,,,,,,ShowDailyK_ChartFlow,FinMind_API_TaiwanStockPrice_2383,True,2026-09-28T22:46:00,2026-09-28T22:46:00,2026-09-28T22:46:00
2383,台光電,2025-06-13,860.0,2.0,0.23%,,26.94,,,,,,,ShowDailyK_ChartFlow,FinMind_API_TaiwanStockPrice_2383,True,2026-09-28T22:46:00,2026-09-28T22:46:00,2026-09-28T22:46:00
2383,台光電,2025-06-16,879.0,19.0,2.21%,,27.54,,,,,,,ShowDailyK_ChartFlow,FinMind_API_TaiwanStockPrice_2383,True,2026-09-28T22:46:00,2026-09-28T22:46:00,2026-09-28T22:46:00
2383,台光電,2025-06-17,867.0,-12.0,-1.37%,,27.16,,,,,,,ShowDailyK_ChartFlow,FinMind_API_TaiwanStockPrice_2383,True,2026-09-28T22:46:00,2026-09-28T22:46:00,2026-09-28T22:46:00
2383,台光電,2025-06-18,845.0,-22.0,-2.54%,,26.47,,,,,,,ShowDailyK_ChartFlow,FinMind_API_TaiwanStockPrice_2383,True,2026-09-28T22:46:00,2026-09-28T22:46:00,2026-09-28T22:46:00
2383,台光電,2025-06-19,845.0,0.0,0.00%,,26.47,,,,,,,ShowDailyK_ChartFlow,FinMind_API_TaiwanStockPrice_2383,True,2026-09-28T22:46:00,2026-09-28T22:46:00,2026-09-28T22:46:00
2383,台光電,2025-06-20,838.0,-7.0,-0.83%,,26.25,,,,,,,ShowDailyK_ChartFlow,FinMind_API_TaiwanStockPrice_2383,True,2026-09-28T22:46:00,2026-09-28T22:46:00,2026-09-28T22:46:00
2383,台光電,2025-06-23,834.0,-4.0,-0.48%,,26.13,,,,,,,ShowDailyK_ChartFlow,FinMind_API_TaiwanStockPrice_2383,True,2026-09-28T22:46:00,2026-09-28T22:46:00,2026-09-28T22:46:00
2383,台光電,2025-06-24,860.0,26.0,3.12%,,26.94,,,,,,,ShowDailyK_ChartFlow,FinMind_API_TaiwanStockPrice_2383,True,2026-09-28T22:46:00,2026-09-28T22:46:00,2026-09-28T22:46:00
2383,台光電,2025-06-25,858.0,-2.0,-0.23%,,26.88,,,,,,,ShowDailyK_ChartFlow,FinMind_API_TaiwanStockPrice_2383,True,2026-09-28T22:46:00,2026-09-28T22:46:00,2026-09-28T22:46:00
2383,台光電,2025-06-26,855.0,-3.0,-0.35%,,26.79,,,,,,,ShowDailyK_ChartFlow,FinMind_API_TaiwanStockPrice_2383,True,2026-09-28T22:46:00,2026-09-28T22:46:00,2026-09-28T22:46:00
2383,台光電,2025-06-27,866.0,11.0,1.29%,,27.13,,,,,,,ShowDailyK_ChartFlow,FinMind_API_TaiwanStockPrice_2383,True,2026-09-28T22:46:00,2026-09-28T22:46:00,2026-09-28T22:46:00
2383,台光電,2025-06-30,882.0,16.0,1.85%,,27.63,,,,,,,ShowDailyK_ChartFlow,FinMind_API_TaiwanStockPrice_2383,True,2026-09-28T22:46:00,2026-09-28T22:46:00,2026-09-28T22:46:00
2383,台光電,2025-07-01,900.0,18.0,2.04%,,28.2,,,,,,,ShowDailyK_ChartFlow,FinMind_API_TaiwanStockPrice_2383,True,2026-09-28T22:46:00,2026-09-28T22:46:00,2026-09-28T22:46:00
2383,台光電,2025-07-02,903.0,3.0,0.33%,,28.29,,,,,,,ShowDailyK_ChartFlow,FinMind_API_TaiwanStockPrice_2383,True,2026-09-28T22:46:00,2026-09-28T22:46:00,2026-09-28T22:46:00
2383,台光電,2025-07-03,928.0,25.0,2.77%,,29.07,,,,,,,ShowDailyK_ChartFlow,FinMind_API_TaiwanStockPrice_2383,True,2026-09-28T22:46:00,2026-09-28T22:46:00,2026-09-28T22:46:00
2383,台光電,2025-07-04,923.0,-5.0,-0.54%,,28.92,,,,,,,ShowDailyK_ChartFlow,FinMind_API_TaiwanStockPrice_2383,True,2026-09-28T22:46:00,2026-09-28T22:46:00,2026-09-28T22:46:00
2383,台光電,2025-07-07,901.0,-22.0,-2.38%,,28.23,,,,,,,ShowDailyK_ChartFlow,FinMind_API_TaiwanStockPrice_2383,True,2026-09-28T22:46:00,2026-09-28T22:46:00,2026-09-28T22:46:00
2383,台光電,2025-07-08,953.0,52.0,5.77%,,29.86,,,,,,,ShowDailyK_ChartFlow,FinMind_API_TaiwanStockPrice_2383,True,2026-09-28T22:46:00,2026-09-28T22:46:00,2026-09-28T22:46:00
2383,台光電,2025-07-09,957.0,4.0,0.42%,,29.98,,,,,,,ShowDailyK_ChartFlow,FinMind_API_TaiwanStockPrice_2383,True,2026-09-28T22:46:00,2026-09-28T22:46:00,2026-09-28T22:46:00
2383,台光電,2025-07-10,957.0,0.0,0.00%,,29.98,,,,,,,ShowDailyK_ChartFlow,FinMind_API_TaiwanStockPrice_2383,True,2026-09-28T22:46:00,2026-09-28T22:46:00,2026-09-28T22:46:00
2383,台光電,2025-07-11,941.0,-16.0,-1.67%,,29.48,,,,,,,ShowDailyK_ChartFlow,FinMind_API_TaiwanStockPrice_2383,True,2026-09-28T22:46:00,2026-09-28T22:46:00,2026-09-28T22:46:00
2383,台光電,2025-07-14,928.0,-13.0,-1.38%,,29.07,,,,,,,ShowDailyK_ChartFlow,FinMind_API_TaiwanStockPrice_2383,True,2026-09-28T22:46:00,2026-09-28T22:46:00,2026-09-28T22:46:00
2383,台光電,2025-07-15,970.0,42.0,4.53%,,30.39,,,,,,,ShowDailyK_ChartFlow,FinMind_API_TaiwanStockPrice_2383,True,2026-09-28T22:46:00,2026-09-28T22:46:00,2026-09-28T22:46:00
2383,台光電,2025-07-16,983.0,13.0,1.34%,,30.8,,,,,,,ShowDailyK_ChartFlow,FinMind_API_TaiwanStockPrice_2383,True,2026-09-28T22:46:00,2026-09-28T22:46:00,2026-09-28T22:46:00
2383,台光電,2025-07-17,973.0,-10.0,-1.02%,,30.48,,,,,,,ShowDailyK_ChartFlow,FinMind_API_TaiwanStockPrice_2383,True,2026-09-28T22:46:00,2026-09-28T22:46:00,2026-09-28T22:46:00
2383,台光電,2025-07-18,1025.0,52.0,5.34%,,32.11,,,,,,,ShowDailyK_ChartFlow,FinMind_API_TaiwanStockPrice_2383,True,2026-09-28T22:46:00,2026-09-28T22:46:00,2026-09-28T22:46:00
2383,台光電,2025-07-21,1015.0,-10.0,-0.98%,,31.8,,,,,,,ShowDailyK_ChartFlow,FinMind_API_TaiwanStockPrice_2383,True,2026-09-28T22:46:00,2026-09-28T22:46:00,2026-09-28T22:46:00
2383,台光電,2025-07-22,990.0,-25.0,-2.46%,,31.02,,,,,,,ShowDailyK_ChartFlow,FinMind_API_TaiwanStockPrice_2383,True,2026-09-28T22:46:00,2026-09-28T22:46:00,2026-09-28T22:46:00
2383,台光電,2025-07-23,988.0,-2.0,-0.20%,,30.95,,,,,,,ShowDailyK_ChartFlow,FinMind_API_TaiwanStockPrice_2383,True,2026-09-28T22:46:00,2026-09-28T22:46:00,2026-09-28T22:46:00
2383,台光電,2025-07-24,989.0,1.0,0.10%,,30.98,,,,,,,ShowDailyK_ChartFlow,FinMind_API_TaiwanStockPrice_2383,True,2026-09-28T22:46:00,2026-09-28T22:46:00,2026-09-28T22:46:00
2383,台光電,2025-07-25,994.0,5.0,0.51%,,31.14,,,,,,,ShowDailyK_ChartFlow,FinMind_API_TaiwanStockPrice_2383,True,2026-09-28T22:46:00,2026-09-28T22:46:00,2026-09-28T22:46:00
2383,台光電,2025-07-28,1025.0,31.0,3.12%,,32.11,,,,,,,ShowDailyK_ChartFlow,FinMind_API_TaiwanStockPrice_2383,True,2026-09-28T22:46:00,2026-09-28T22:46:00,2026-09-28T22:46:00
2383,台光電,2025-07-29,1015.0,-10.0,-0.98%,,31.8,,,,,,,ShowDailyK_ChartFlow,FinMind_API_TaiwanStockPrice_2383,True,2026-09-28T22:46:00,2026-09-28T22:46:00,2026-09-28T22:46:00
2383,台光電,2025-07-30,1005.0,-10.0,-0.99%,,31.48,,,,,,,ShowDailyK_ChartFlow,FinMind_API_TaiwanStockPrice_2383,True,2026-09-28T22:46:00,2026-09-28T22:46:00,2026-09-28T22:46:00
2383,台光電,2025-07-31,1105.0,100.0,9.95%,,32.16,,,,,,,ShowDailyK_ChartFlow,FinMind_API_TaiwanStockPrice_2383,True,2026-09-28T22:46:00,2026-09-28T22:46:00,2026-09-28T22:46:00
2383,台光電,2025-08-01,1120.0,15.0,1.36%,,32.6,,,,,,,ShowDailyK_ChartFlow,FinMind_API_TaiwanStockPrice_2383,True,2026-09-28T22:46:00,2026-09-28T22:46:00,2026-09-28T22:46:00
2383,台光電,2025-08-04,1110.0,-10.0,-0.89%,,32.31,,,,,,,ShowDailyK_ChartFlow,FinMind_API_TaiwanStockPrice_2383,True,2026-09-28T22:46:00,2026-09-28T22:46:00,2026-09-28T22:46:00
2383,台光電,2025-08-05,1125.0,15.0,1.35%,,32.74,,,,,,,ShowDailyK_ChartFlow,FinMind_API_TaiwanStockPrice_2383,True,2026-09-28T22:46:00,2026-09-28T22:46:00,2026-09-28T22:46:00
2383,台光電,2025-08-06,1110.0,-15.0,-1.33%,,32.31,,,,,,,ShowDailyK_ChartFlow,FinMind_API_TaiwanStockPrice_2383,True,2026-09-28T22:46:00,2026-09-28T22:46:00,2026-09-28T22:46:00
2383,台光電,2025-08-07,1145.0,35.0,3.15%,,33.32,,,,,,,ShowDailyK_ChartFlow,FinMind_API_TaiwanStockPrice_2383,True,2026-09-28T22:46:00,2026-09-28T22:46:00,2026-09-28T22:46:00
2383,台光電,2025-08-08,1150.0,5.0,0.44%,,33.47,,,,,,,ShowDailyK_ChartFlow,FinMind_API_TaiwanStockPrice_2383,True,2026-09-28T22:46:00,2026-09-28T22:46:00,2026-09-28T22:46:00
2383,台光電,2025-08-11,1155.0,5.0,0.43%,,33.61,,,,,,,ShowDailyK_ChartFlow,FinMind_API_TaiwanStockPrice_2383,True,2026-09-28T22:46:00,2026-09-28T22:46:00,2026-09-28T22:46:00
2383,台光電,2025-08-12,1175.0,20.0,1.73%,,34.2,,,,,,,ShowDailyK_ChartFlow,FinMind_API_TaiwanStockPrice_2383,True,2026-09-28T22:46:00,2026-09-28T22:46:00,2026-09-28T22:46:00
2383,台光電,2025-08-13,1200.0,25.0,2.13%,,34.92,,,,,,,ShowDailyK_ChartFlow,FinMind_API_TaiwanStockPrice_2383,True,2026-09-28T22:46:00,2026-09-28T22:46:00,2026-09-28T22:46:00
2383,台光電,2025-08-14,1210.0,10.0,0.83%,,35.22,,,,,,,ShowDailyK_ChartFlow,FinMind_API_TaiwanStockPrice_2383,True,2026-09-28T22:46:00,2026-09-28T22:46:00,2026-09-28T22:46:00
2383,台光電,2025-08-15,1280.0,70.0,5.79%,,37.25,,,,,,,ShowDailyK_ChartFlow,FinMind_API_TaiwanStockPrice_2383,True,2026-09-28T22:46:00,2026-09-28T22:46:00,2026-09-28T22:46:00
2383,台光電,2025-08-18,1305.0,25.0,1.95%,,37.98,,,,,,,ShowDailyK_ChartFlow,FinMind_API_TaiwanStockPrice_2383,True,2026-09-28T22:46:00,2026-09-28T22:46:00,2026-09-28T22:46:00
2383,台光電,2025-08-19,1230.0,-75.0,-5.75%,,35.8,,,,,,,ShowDailyK_ChartFlow,FinMind_API_TaiwanStockPrice_2383,True,2026-09-28T22:46:00,2026-09-28T22:46:00,2026-09-28T22:46:00
2383,台光電,2025-08-20,1150.0,-80.0,-6.50%,,33.47,,,,,,,ShowDailyK_ChartFlow,FinMind_API_TaiwanStockPrice_2383,True,2026-09-28T22:46:00,2026-09-28T22:46:00,2026-09-28T22:46:00
2383,台光電,2025-08-21,1235.0,85.0,7.39%,,35.94,,,,,,,ShowDailyK_ChartFlow,FinMind_API_TaiwanStockPrice_2383,True,2026-09-28T22:46:00,2026-09-28T22:46:00,2026-09-28T22:46:00
2383,台光電,2025-08-22,1205.0,-30.0,-2.43%,,35.07,,,,,,,ShowDailyK_ChartFlow,FinMind_API_TaiwanStockPrice_2383,True,2026-09-28T22:46:00,2026-09-28T22:46:00,2026-09-28T22:46:00
2383,台光電,2025-08-25,1250.0,45.0,3.73%,,36.38,,,,,,,ShowDailyK_ChartFlow,FinMind_API_TaiwanStockPrice_2383,True,2026-09-28T22:46:00,2026-09-28T22:46:00,2026-09-28T22:46:00
2383,台光電,2025-08-26,1250.0,0.0,0.00%,,36.38,,,,,,,ShowDailyK_ChartFlow,FinMind_API_TaiwanStockPrice_2383,True,2026-09-28T22:46:00,2026-09-28T22:46:00,2026-09-28T22:46:00
2383,台光電,2025-08-27,1280.0,30.0,2.40%,,37.25,,,,,,,ShowDailyK_ChartFlow,FinMind_API_TaiwanStockPrice_2383,True,2026-09-28T22:46:00,2026-09-28T22:46:00,2026-09-28T22:46:00
2383,台光電,2025-08-28,1250.0,-30.0,-2.34%,,36.38,,,,,,,ShowDailyK_ChartFlow,FinMind_API_TaiwanStockPrice_2383,True,2026-09-28T22:46:00,2026-09-28T22:46:00,2026-09-28T22:46:00
2383,台光電,2025-08-29,1220.0,-30.0,-2.40%,,35.51,,,,,,,ShowDailyK_ChartFlow,FinMind_API_TaiwanStockPrice_2383,True,2026-09-28T22:46:00,2026-09-28T22:46:00,2026-09-28T22:46:00
2383,台光電,2025-09-01,1155.0,-65.0,-5.33%,,33.61,,,,,,,ShowDailyK_ChartFlow,FinMind_API_TaiwanStockPrice_2383,True,2026-09-28T22:46:00,2026-09-28T22:46:00,2026-09-28T22:46:00
2383,台光電,2025-09-02,1150.0,-5.0,-0.43%,,33.47,,,,,,,ShowDailyK_ChartFlow,FinMind_API_TaiwanStockPrice_2383,True,2026-09-28T22:46:00,2026-09-28T22:46:00,2026-09-28T22:46:00
2383,台光電,2025-09-03,1165.0,15.0,1.30%,,33.91,,,,,,,ShowDailyK_ChartFlow,FinMind_API_TaiwanStockPrice_2383,True,2026-09-28T22:46:00,2026-09-28T22:46:00,2026-09-28T22:46:00
2383,台光電,2025-09-04,1115.0,-50.0,-4.29%,,32.45,,,,,,,ShowDailyK_ChartFlow,FinMind_API_TaiwanStockPrice_2383,True,2026-09-28T22:46:00,2026-09-28T22:46:00,2026-09-28T22:46:00
2383,台光電,2025-09-05,1165.0,50.0,4.48%,,33.91,,,,,,,ShowDailyK_ChartFlow,FinMind_API_TaiwanStockPrice_2383,True,2026-09-28T22:46:00,2026-09-28T22:46:00,2026-09-28T22:46:00
2383,台光電,2025-09-08,1145.0,-20.0,-1.72%,,33.32,,,,,,,ShowDailyK_ChartFlow,FinMind_API_TaiwanStockPrice_2383,True,2026-09-28T22:46:00,2026-09-28T22:46:00,2026-09-28T22:46:00
2383,台光電,2025-09-09,1225.0,80.0,6.99%,,35.65,,,,,,,ShowDailyK_ChartFlow,FinMind_API_TaiwanStockPrice_2383,True,2026-09-28T22:46:00,2026-09-28T22:46:00,2026-09-28T22:46:00
2383,台光電,2025-09-10,1255.0,30.0,2.45%,,36.53,,,,,,,ShowDailyK_ChartFlow,FinMind_API_TaiwanStockPrice_2383,True,2026-09-28T22:46:00,2026-09-28T22:46:00,2026-09-28T22:46:00
2383,台光電,2025-09-11,1325.0,70.0,5.58%,,38.56,,,,,,,ShowDailyK_ChartFlow,FinMind_API_TaiwanStockPrice_2383,True,2026-09-28T22:46:00,2026-09-28T22:46:00,2026-09-28T22:46:00
2383,台光電,2025-09-12,1345.0,20.0,1.51%,,39.14,,,,,,,ShowDailyK_ChartFlow,FinMind_API_TaiwanStockPrice_2383,True,2026-09-28T22:46:00,2026-09-28T22:46:00,2026-09-28T22:46:00
2383,台光電,2025-09-15,1315.0,-30.0,-2.23%,,38.27,,,,,,,ShowDailyK_ChartFlow,FinMind_API_TaiwanStockPrice_2383,True,2026-09-28T22:46:00,2026-09-28T22:46:00,2026-09-28T22:46:00
2383,台光電,2025-09-16,1285.0,-30.0,-2.28%,,37.4,,,,,,,ShowDailyK_ChartFlow,FinMind_API_TaiwanStockPrice_2383,True,2026-09-28T22:46:00,2026-09-28T22:46:00,2026-09-28T22:46:00
2383,台光電,2025-09-17,1315.0,30.0,2.33%,,38.27,,,,,,,ShowDailyK_ChartFlow,FinMind_API_TaiwanStockPrice_2383,True,2026-09-28T22:46:00,2026-09-28T22:46:00,2026-09-28T22:46:00
2383,台光電,2025-09-18,1335.0,20.0,1.52%,,38.85,,,,,,,ShowDailyK_ChartFlow,FinMind_API_TaiwanStockPrice_2383,True,2026-09-28T22:46:00,2026-09-28T22:46:00,2026-09-28T22:46:00
2383,台光電,2025-09-19,1290.0,-45.0,-3.37%,,37.54,,,,,,,ShowDailyK_ChartFlow,FinMind_API_TaiwanStockPrice_2383,True,2026-09-28T22:46:00,2026-09-28T22:46:00,2026-09-28T22:46:00
2383,台光電,2025-09-22,1300.0,10.0,0.78%,,37.83,,,,,,,ShowDailyK_ChartFlow,FinMind_API_TaiwanStockPrice_2383,True,2026-09-28T22:46:00,2026-09-28T22:46:00,2026-09-28T22:46:00
2383,台光電,2025-09-23,1345.0,45.0,3.46%,,39.14,,,,,,,ShowDailyK_ChartFlow,FinMind_API_TaiwanStockPrice_2383,True,2026-09-28T22:46:00,2026-09-28T22:46:00,2026-09-28T22:46:00
2383,台光電,2025-09-24,1295.0,-50.0,-3.72%,,37.69,,,,,,,ShowDailyK_ChartFlow,FinMind_API_TaiwanStockPrice_2383,True,2026-09-28T22:46:00,2026-09-28T22:46:00,2026-09-28T22:46:00
2383,台光電,2025-09-25,1255.0,-40.0,-3.09%,,36.53,,,,,,,ShowDailyK_ChartFlow,FinMind_API_TaiwanStockPrice_2383,True,2026-09-28T22:46:00,2026-09-28T22:46:00,2026-09-28T22:46:00
2383,台光電,2025-09-26,1225.0,-30.0,-2.39%,,35.65,,,,,,,ShowDailyK_ChartFlow,FinMind_API_TaiwanStockPrice_2383,True,2026-09-28T22:46:00,2026-09-28T22:46:00,2026-09-28T22:46:00
2383,台光電,2025-09-30,1225.0,0.0,0.00%,,35.65,,,,,,,ShowDailyK_ChartFlow,FinMind_API_TaiwanStockPrice_2383,True,2026-09-28T22:46:00,2026-09-28T22:46:00,2026-09-28T22:46:00
2383,台光電,2025-10-01,1230.0,5.0,0.41%,,35.8,,,,,,,ShowDailyK_ChartFlow,FinMind_API_TaiwanStockPrice_2383,True,2026-09-28T22:46:00,2026-09-28T22:46:00,2026-09-28T22:46:00
2383,台光電,2025-10-02,1295.0,65.0,5.28%,,37.69,,,,,,,ShowDailyK_ChartFlow,FinMind_API_TaiwanStockPrice_2383,True,2026-09-28T22:46:00,2026-09-28T22:46:00,2026-09-28T22:46:00
2383,台光電,2025-10-03,1305.0,10.0,0.77%,,37.98,,,,,,,ShowDailyK_ChartFlow,FinMind_API_TaiwanStockPrice_2383,True,2026-09-28T22:46:00,2026-09-28T22:46:00,2026-09-28T22:46:00
2383,台光電,2025-10-07,1235.0,-70.0,-5.36%,,35.94,,,,,,,ShowDailyK_ChartFlow,FinMind_API_TaiwanStockPrice_2383,True,2026-09-28T22:46:00,2026-09-28T22:46:00,2026-09-28T22:46:00
2383,台光電,2025-10-08,1195.0,-40.0,-3.24%,,34.78,,,,,,,ShowDailyK_ChartFlow,FinMind_API_TaiwanStockPrice_2383,True,2026-09-28T22:46:00,2026-09-28T22:46:00,2026-09-28T22:46:00
2383,台光電,2025-10-09,1235.0,40.0,3.35%,,35.94,,,,,,,ShowDailyK_ChartFlow,FinMind_API_TaiwanStockPrice_2383,True,2026-09-28T22:46:00,2026-09-28T22:46:00,2026-09-28T22:46:00
2383,台光電,2025-10-13,1200.0,-35.0,-2.83%,,34.92,,,,,,,ShowDailyK_ChartFlow,FinMind_API_TaiwanStockPrice_2383,True,2026-09-28T22:46:00,2026-09-28T22:46:00,2026-09-28T22:46:00
2383,台光電,2025-10-14,1170.0,-30.0,-2.50%,,34.05,,,,,,,ShowDailyK_ChartFlow,FinMind_API_TaiwanStockPrice_2383,True,2026-09-28T22:46:00,2026-09-28T22:46:00,2026-09-28T22:46:00
2383,台光電,2025-10-15,1140.0,-30.0,-2.56%,,33.18,,,,,,,ShowDailyK_ChartFlow,FinMind_API_TaiwanStockPrice_2383,True,2026-09-28T22:46:00,2026-09-28T22:46:00,2026-09-28T22:46:00
2383,台光電,2025-10-16,1140.0,0.0,0.00%,,33.18,,,,,,,ShowDailyK_ChartFlow,FinMind_API_TaiwanStockPrice_2383,True,2026-09-28T22:46:00,2026-09-28T22:46:00,2026-09-28T22:46:00
2383,台光電,2025-10-17,1105.0,-35.0,-3.07%,,32.16,,,,,,,ShowDailyK_ChartFlow,FinMind_API_TaiwanStockPrice_2383,True,2026-09-28T22:46:00,2026-09-28T22:46:00,2026-09-28T22:46:00
2383,台光電,2025-10-20,1125.0,20.0,1.81%,,32.74,,,,,,,ShowDailyK_ChartFlow,FinMind_API_TaiwanStockPrice_2383,True,2026-09-28T22:46:00,2026-09-28T22:46:00,2026-09-28T22:46:00
2383,台光電,2025-10-21,1130.0,5.0,0.44%,,32.89,,,,,,,ShowDailyK_ChartFlow,FinMind_API_TaiwanStockPrice_2383,True,2026-09-28T22:46:00,2026-09-28T22:46:00,2026-09-28T22:46:00
2383,台光電,2025-10-22,1120.0,-10.0,-0.88%,,32.6,,,,,,,ShowDailyK_ChartFlow,FinMind_API_TaiwanStockPrice_2383,True,2026-09-28T22:46:00,2026-09-28T22:46:00,2026-09-28T22:46:00
2383,台光電,2025-10-23,1115.0,-5.0,-0.45%,,32.45,,,,,,,ShowDailyK_ChartFlow,FinMind_API_TaiwanStockPrice_2383,True,2026-09-28T22:46:00,2026-09-28T22:46:00,2026-09-28T22:46:00
2383,台光電,2025-10-27,1165.0,50.0,4.48%,,33.91,,,,,,,ShowDailyK_ChartFlow,FinMind_API_TaiwanStockPrice_2383,True,2026-09-28T22:46:00,2026-09-28T22:46:00,2026-09-28T22:46:00
2383,台光電,2025-10-28,1255.0,90.0,7.73%,,36.53,,,,,,,ShowDailyK_ChartFlow,FinMind_API_TaiwanStockPrice_2383,True,2026-09-28T22:46:00,2026-09-28T22:46:00,2026-09-28T22:46:00
2383,台光電,2025-10-29,1250.0,-5.0,-0.40%,,36.38,,,,,,,ShowDailyK_ChartFlow,FinMind_API_TaiwanStockPrice_2383,True,2026-09-28T22:46:00,2026-09-28T22:46:00,2026-09-28T22:46:00
2383,台光電,2025-10-30,1275.0,25.0,2.00%,,33.61,,,,,,,ShowDailyK_ChartFlow,FinMind_API_TaiwanStockPrice_2383,True,2026-09-28T22:46:00,2026-09-28T22:46:00,2026-09-28T22:46:00
2383,台光電,2025-10-31,1360.0,85.0,6.67%,,35.86,,,,,,,ShowDailyK_ChartFlow,FinMind_API_TaiwanStockPrice_2383,True,2026-09-28T22:46:00,2026-09-28T22:46:00,2026-09-28T22:46:00
2383,台光電,2025-11-03,1410.0,50.0,3.68%,,37.17,,,,,,,ShowDailyK_ChartFlow,FinMind_API_TaiwanStockPrice_2383,True,2026-09-28T22:46:00,2026-09-28T22:46:00,2026-09-28T22:46:00
2383,台光電,2025-11-04,1470.0,60.0,4.26%,,38.76,,,,,,,ShowDailyK_ChartFlow,FinMind_API_TaiwanStockPrice_2383,True,2026-09-28T22:46:00,2026-09-28T22:46:00,2026-09-28T22:46:00
2383,台光電,2025-11-05,1440.0,-30.0,-2.04%,,37.96,,,,,,,ShowDailyK_ChartFlow,FinMind_API_TaiwanStockPrice_2383,True,2026-09-28T22:46:00,2026-09-28T22:46:00,2026-09-28T22:46:00
2383,台光電,2025-11-06,1450.0,10.0,0.69%,,38.23,,,,,,,ShowDailyK_ChartFlow,FinMind_API_TaiwanStockPrice_2383,True,2026-09-28T22:46:00,2026-09-28T22:46:00,2026-09-28T22:46:00
2383,台光電,2025-11-07,1370.0,-80.0,-5.52%,,36.12,,,,,,,ShowDailyK_ChartFlow,FinMind_API_TaiwanStockPrice_2383,True,2026-09-28T22:46:00,2026-09-28T22:46:00,2026-09-28T22:46:00
2383,台光電,2025-11-10,1360.0,-10.0,-0.73%,,35.86,,,,,,,ShowDailyK_ChartFlow,FinMind_API_TaiwanStockPrice_2383,True,2026-09-28T22:46:00,2026-09-28T22:46:00,2026-09-28T22:46:00
2383,台光電,2025-11-11,1320.0,-40.0,-2.94%,,34.8,,,,,,,ShowDailyK_ChartFlow,FinMind_API_TaiwanStockPrice_2383,True,2026-09-28T22:46:00,2026-09-28T22:46:00,2026-09-28T22:46:00
2383,台光電,2025-11-12,1345.0,25.0,1.89%,,35.46,,,,,,,ShowDailyK_ChartFlow,FinMind_API_TaiwanStockPrice_2383,True,2026-09-28T22:46:00,2026-09-28T22:46:00,2026-09-28T22:46:00
2383,台光電,2025-11-13,1375.0,30.0,2.23%,,36.25,,,,,,,ShowDailyK_ChartFlow,FinMind_API_TaiwanStockPrice_2383,True,2026-09-28T22:46:00,2026-09-28T22:46:00,2026-09-28T22:46:00
2383,台光電,2025-11-14,1380.0,5.0,0.36%,,36.38,,,,,,,ShowDailyK_ChartFlow,FinMind_API_TaiwanStockPrice_2383,True,2026-09-28T22:46:00,2026-09-28T22:46:00,2026-09-28T22:46:00
2383,台光電,2025-11-17,1450.0,70.0,5.07%,,38.23,,,,,,,ShowDailyK_ChartFlow,FinMind_API_TaiwanStockPrice_2383,True,2026-09-28T22:46:00,2026-09-28T22:46:00,2026-09-28T22:46:00
2383,台光電,2025-11-18,1350.0,-100.0,-6.90%,,35.59,,,,,,,ShowDailyK_ChartFlow,FinMind_API_TaiwanStockPrice_2383,True,2026-09-28T22:46:00,2026-09-28T22:46:00,2026-09-28T22:46:00
2383,台光電,2025-11-19,1330.0,-20.0,-1.48%,,35.06,,,,,,,ShowDailyK_ChartFlow,FinMind_API_TaiwanStockPrice_2383,True,2026-09-28T22:46:00,2026-09-28T22:46:00,2026-09-28T22:46:00
2383,台光電,2025-11-20,1430.0,100.0,7.52%,,37.7,,,,,,,ShowDailyK_ChartFlow,FinMind_API_TaiwanStockPrice_2383,True,2026-09-28T22:46:00,2026-09-28T22:46:00,2026-09-28T22:46:00
2383,台光電,2025-11-21,1310.0,-120.0,-8.39%,,34.54,,,,,,,ShowDailyK_ChartFlow,FinMind_API_TaiwanStockPrice_2383,True,2026-09-28T22:46:00,2026-09-28T22:46:00,2026-09-28T22:46:00
2383,台光電,2025-11-24,1320.0,10.0,0.76%,,34.8,,,,,,,ShowDailyK_ChartFlow,FinMind_API_TaiwanStockPrice_2383,True,2026-09-28T22:46:00,2026-09-28T22:46:00,2026-09-28T22:46:00
2383,台光電,2025-11-25,1450.0,130.0,9.85%,,38.23,,,,,,,ShowDailyK_ChartFlow,FinMind_API_TaiwanStockPrice_2383,True,2026-09-28T22:46:00,2026-09-28T22:46:00,2026-09-28T22:46:00
2383,台光電,2025-11-26,1470.0,20.0,1.38%,,38.76,,,,,,,ShowDailyK_ChartFlow,FinMind_API_TaiwanStockPrice_2383,True,2026-09-28T22:46:00,2026-09-28T22:46:00,2026-09-28T22:46:00
2383,台光電,2025-11-27,1495.0,25.0,1.70%,,39.41,,,,,,,ShowDailyK_ChartFlow,FinMind_API_TaiwanStockPrice_2383,True,2026-09-28T22:46:00,2026-09-28T22:46:00,2026-09-28T22:46:00
2383,台光電,2025-11-28,1525.0,30.0,2.01%,,40.21,,,,,,,ShowDailyK_ChartFlow,FinMind_API_TaiwanStockPrice_2383,True,2026-09-28T22:46:00,2026-09-28T22:46:00,2026-09-28T22:46:00
2383,台光電,2025-12-01,1475.0,-50.0,-3.28%,,38.89,,,,,,,ShowDailyK_ChartFlow,FinMind_API_TaiwanStockPrice_2383,True,2026-09-28T22:46:00,2026-09-28T22:46:00,2026-09-28T22:46:00
2383,台光電,2025-12-02,1440.0,-35.0,-2.37%,,37.96,,,,,,,ShowDailyK_ChartFlow,FinMind_API_TaiwanStockPrice_2383,True,2026-09-28T22:46:00,2026-09-28T22:46:00,2026-09-28T22:46:00
2383,台光電,2025-12-03,1430.0,-10.0,-0.69%,,37.7,,,,,,,ShowDailyK_ChartFlow,FinMind_API_TaiwanStockPrice_2383,True,2026-09-28T22:46:00,2026-09-28T22:46:00,2026-09-28T22:46:00
2383,台光電,2025-12-04,1425.0,-5.0,-0.35%,,37.57,,,,,,,ShowDailyK_ChartFlow,FinMind_API_TaiwanStockPrice_2383,True,2026-09-28T22:46:00,2026-09-28T22:46:00,2026-09-28T22:46:00
2383,台光電,2025-12-05,1495.0,70.0,4.91%,,39.41,,,,,,,ShowDailyK_ChartFlow,FinMind_API_TaiwanStockPrice_2383,True,2026-09-28T22:46:00,2026-09-28T22:46:00,2026-09-28T22:46:00
2383,台光電,2025-12-08,1485.0,-10.0,-0.67%,,39.15,,,,,,,ShowDailyK_ChartFlow,FinMind_API_TaiwanStockPrice_2383,True,2026-09-28T22:46:00,2026-09-28T22:46:00,2026-09-28T22:46:00
2383,台光電,2025-12-09,1500.0,15.0,1.01%,,39.55,,,,,,,ShowDailyK_ChartFlow,FinMind_API_TaiwanStockPrice_2383,True,2026-09-28T22:46:00,2026-09-28T22:46:00,2026-09-28T22:46:00
2383,台光電,2025-12-10,1600.0,100.0,6.67%,,42.18,,,,,,,ShowDailyK_ChartFlow,FinMind_API_TaiwanStockPrice_2383,True,2026-09-28T22:46:00,2026-09-28T22:46:00,2026-09-28T22:46:00
2383,台光電,2025-12-11,1595.0,-5.0,-0.31%,,42.05,,,,,,,ShowDailyK_ChartFlow,FinMind_API_TaiwanStockPrice_2383,True,2026-09-28T22:46:00,2026-09-28T22:46:00,2026-09-28T22:46:00
2383,台光電,2025-12-12,1605.0,10.0,0.63%,,42.31,,,,,,,ShowDailyK_ChartFlow,FinMind_API_TaiwanStockPrice_2383,True,2026-09-28T22:46:00,2026-09-28T22:46:00,2026-09-28T22:46:00
2383,台光電,2025-12-15,1605.0,0.0,0.00%,,42.31,,,,,,,ShowDailyK_ChartFlow,FinMind_API_TaiwanStockPrice_2383,True,2026-09-28T22:46:00,2026-09-28T22:46:00,2026-09-28T22:46:00
2383,台光電,2025-12-16,1495.0,-110.0,-6.85%,,39.41,,,,,,,ShowDailyK_ChartFlow,FinMind_API_TaiwanStockPrice_2383,True,2026-09-28T22:46:00,2026-09-28T22:46:00,2026-09-28T22:46:00
2383,台光電,2025-12-17,1495.0,0.0,0.00%,,39.41,,,,,,,ShowDailyK_ChartFlow,FinMind_API_TaiwanStockPrice_2383,True,2026-09-28T22:46:00,2026-09-28T22:46:00,2026-09-28T22:46:00
2383,台光電,2025-12-18,1500.0,5.0,0.33%,,39.55,,,,,,,ShowDailyK_ChartFlow,FinMind_API_TaiwanStockPrice_2383,True,2026-09-28T22:46:00,2026-09-28T22:46:00,2026-09-28T22:46:00
2383,台光電,2025-12-19,1550.0,50.0,3.33%,,40.86,,,,,,,ShowDailyK_ChartFlow,FinMind_API_TaiwanStockPrice_2383,True,2026-09-28T22:46:00,2026-09-28T22:46:00,2026-09-28T22:46:00
2383,台光電,2025-12-22,1600.0,50.0,3.23%,,42.18,,,,,,,ShowDailyK_ChartFlow,FinMind_API_TaiwanStockPrice_2383,True,2026-09-28T22:46:00,2026-09-28T22:46:00,2026-09-28T22:46:00
2383,台光電,2025-12-23,1615.0,15.0,0.94%,,42.58,,,,,,,ShowDailyK_ChartFlow,FinMind_API_TaiwanStockPrice_2383,True,2026-09-28T22:46:00,2026-09-28T22:46:00,2026-09-28T22:46:00
2383,台光電,2025-12-24,1690.0,75.0,4.64%,,44.56,,,,,,,ShowDailyK_ChartFlow,FinMind_API_TaiwanStockPrice_2383,True,2026-09-28T22:46:00,2026-09-28T22:46:00,2026-09-28T22:46:00
2383,台光電,2025-12-26,1640.0,-50.0,-2.96%,,43.24,,,,,,,ShowDailyK_ChartFlow,FinMind_API_TaiwanStockPrice_2383,True,2026-09-28T22:46:00,2026-09-28T22:46:00,2026-09-28T22:46:00
2383,台光電,2025-12-29,1675.0,35.0,2.13%,,44.16,,,,,,,ShowDailyK_ChartFlow,FinMind_API_TaiwanStockPrice_2383,True,2026-09-28T22:46:00,2026-09-28T22:46:00,2026-09-28T22:46:00
2383,台光電,2025-12-30,1645.0,-30.0,-1.79%,,43.37,,,,,,,ShowDailyK_ChartFlow,FinMind_API_TaiwanStockPrice_2383,True,2026-09-28T22:46:00,2026-09-28T22:46:00,2026-09-28T22:46:00
2383,台光電,2025-12-31,1645.0,0.0,0.00%,,43.37,,,,,,,ShowDailyK_ChartFlow,FinMind_API_TaiwanStockPrice_2383,True,2026-09-28T22:46:00,2026-09-28T22:46:00,2026-09-28T22:46:00
2383,台光電,2026-01-02,1590.0,-55.0,-3.34%,,41.92,,,,,,,ShowDailyK_ChartFlow,FinMind_API_TaiwanStockPrice_2383,True,2026-09-28T22:46:00,2026-09-28T22:46:00,2026-09-28T22:46:00
2383,台光電,2026-01-05,1620.0,30.0,1.89%,,42.71,,,,,,,ShowDailyK_ChartFlow,FinMind_API_TaiwanStockPrice_2383,True,2026-09-28T22:46:00,2026-09-28T22:46:00,2026-09-28T22:46:00
2383,台光電,2026-01-06,1695.0,75.0,4.63%,,44.69,,,,,,,ShowDailyK_ChartFlow,FinMind_API_TaiwanStockPrice_2383,True,2026-09-28T22:46:00,2026-09-28T22:46:00,2026-09-28T22:46:00
2383,台光電,2026-01-07,1580.0,-115.0,-6.78%,,41.66,,,,,,,ShowDailyK_ChartFlow,FinMind_API_TaiwanStockPrice_2383,True,2026-09-28T22:46:00,2026-09-28T22:46:00,2026-09-28T22:46:00
2383,台光電,2026-01-08,1545.0,-35.0,-2.22%,,40.73,,,,,,,ShowDailyK_ChartFlow,FinMind_API_TaiwanStockPrice_2383,True,2026-09-28T22:46:00,2026-09-28T22:46:00,2026-09-28T22:46:00
2383,台光電,2026-01-09,1565.0,20.0,1.29%,,41.26,,,,,,,ShowDailyK_ChartFlow,FinMind_API_TaiwanStockPrice_2383,True,2026-09-28T22:46:00,2026-09-28T22:46:00,2026-09-28T22:46:00
2383,台光電,2026-01-12,1610.0,45.0,2.88%,,42.45,,,,,,,ShowDailyK_ChartFlow,FinMind_API_TaiwanStockPrice_2383,True,2026-09-28T22:46:00,2026-09-28T22:46:00,2026-09-28T22:46:00
2383,台光電,2026-01-13,1635.0,25.0,1.55%,,43.11,,,,,,,ShowDailyK_ChartFlow,FinMind_API_TaiwanStockPrice_2383,True,2026-09-28T22:46:00,2026-09-28T22:46:00,2026-09-28T22:46:00
2383,台光電,2026-01-14,1670.0,35.0,2.14%,,44.03,,,,,,,ShowDailyK_ChartFlow,FinMind_API_TaiwanStockPrice_2383,True,2026-09-28T22:46:00,2026-09-28T22:46:00,2026-09-28T22:46:00
2383,台光電,2026-01-15,1570.0,-100.0,-5.99%,,41.39,,,,,,,ShowDailyK_ChartFlow,FinMind_API_TaiwanStockPrice_2383,True,2026-09-28T22:46:00,2026-09-28T22:46:00,2026-09-28T22:46:00
2383,台光電,2026-01-16,1625.0,55.0,3.50%,,42.84,,,,,,,ShowDailyK_ChartFlow,FinMind_API_TaiwanStockPrice_2383,True,2026-09-28T22:46:00,2026-09-28T22:46:00,2026-09-28T22:46:00
2383,台光電,2026-01-19,1580.0,-45.0,-2.77%,,41.66,,,,,,,ShowDailyK_ChartFlow,FinMind_API_TaiwanStockPrice_2383,True,2026-09-28T22:46:00,2026-09-28T22:46:00,2026-09-28T22:46:00
2383,台光電,2026-01-20,1615.0,35.0,2.22%,,42.58,,,,,,,ShowDailyK_ChartFlow,FinMind_API_TaiwanStockPrice_2383,True,2026-09-28T22:46:00,2026-09-28T22:46:00,2026-09-28T22:46:00
2383,台光電,2026-01-21,1560.0,-55.0,-3.41%,,41.13,,,,,,,ShowDailyK_ChartFlow,FinMind_API_TaiwanStockPrice_2383,True,2026-09-28T22:46:00,2026-09-28T22:46:00,2026-09-28T22:46:00
2383,台光電,2026-01-22,1660.0,100.0,6.41%,,43.76,,,,,,,ShowDailyK_ChartFlow,FinMind_API_TaiwanStockPrice_2383,True,2026-09-28T22:46:00,2026-09-28T22:46:00,2026-09-28T22:46:00
2383,台光電,2026-01-23,1800.0,140.0,8.43%,,47.46,,,,,,,ShowDailyK_ChartFlow,FinMind_API_TaiwanStockPrice_2383,True,2026-09-28T22:46:00,2026-09-28T22:46:00,2026-09-28T22:46:00
2383,台光電,2026-01-26,1740.0,-60.0,-3.33%,,45.87,,,,,,,ShowDailyK_ChartFlow,FinMind_API_TaiwanStockPrice_2383,True,2026-09-28T22:46:00,2026-09-28T22:46:00,2026-09-28T22:46:00
2383,台光電,2026-01-27,1820.0,80.0,4.60%,,47.98,,,,,,,ShowDailyK_ChartFlow,FinMind_API_TaiwanStockPrice_2383,True,2026-09-28T22:46:00,2026-09-28T22:46:00,2026-09-28T22:46:00
2383,台光電,2026-01-28,1900.0,80.0,4.40%,,50.09,,,,,,,ShowDailyK_ChartFlow,FinMind_API_TaiwanStockPrice_2383,True,2026-09-28T22:46:00,2026-09-28T22:46:00,2026-09-28T22:46:00
2383,台光電,2026-01-29,1790.0,-110.0,-5.79%,,47.19,,,,,,,ShowDailyK_ChartFlow,FinMind_API_TaiwanStockPrice_2383,True,2026-09-28T22:46:00,2026-09-28T22:46:00,2026-09-28T22:46:00
2383,台光電,2026-01-30,1745.0,-45.0,-2.51%,,46.01,,,,,,,ShowDailyK_ChartFlow,FinMind_API_TaiwanStockPrice_2383,True,2026-09-28T22:46:00,2026-09-28T22:46:00,2026-09-28T22:46:00
2383,台光電,2026-02-02,1785.0,40.0,2.29%,,47.06,,,,,,,ShowDailyK_ChartFlow,FinMind_API_TaiwanStockPrice_2383,True,2026-09-28T22:46:00,2026-09-28T22:46:00,2026-09-28T22:46:00
2383,台光電,2026-02-03,1855.0,70.0,3.92%,,48.91,,,,,,,ShowDailyK_ChartFlow,FinMind_API_TaiwanStockPrice_2383,True,2026-09-28T22:46:00,2026-09-28T22:46:00,2026-09-28T22:46:00
2383,台光電,2026-02-04,2040.0,185.0,9.97%,,53.78,,,,,,,ShowDailyK_ChartFlow,FinMind_API_TaiwanStockPrice_2383,True,2026-09-28T22:46:00,2026-09-28T22:46:00,2026-09-28T22:46:00
2383,台光電,2026-02-05,1950.0,-90.0,-4.41%,,51.41,,,,,,,ShowDailyK_ChartFlow,FinMind_API_TaiwanStockPrice_2383,True,2026-09-28T22:46:00,2026-09-28T22:46:00,2026-09-28T22:46:00
2383,台光電,2026-02-06,1925.0,-25.0,-1.28%,,50.75,,,,,,,ShowDailyK_ChartFlow,FinMind_API_TaiwanStockPrice_2383,True,2026-09-28T22:46:00,2026-09-28T22:46:00,2026-09-28T22:46:00
2383,台光電,2026-02-09,2080.0,155.0,8.05%,,54.84,,,,,,,ShowDailyK_ChartFlow,FinMind_API_TaiwanStockPrice_2383,True,2026-09-28T22:46:00,2026-09-28T22:46:00,2026-09-28T22:46:00
2383,台光電,2026-02-10,2105.0,25.0,1.20%,,55.5,,,,,,,ShowDailyK_ChartFlow,FinMind_API_TaiwanStockPrice_2383,True,2026-09-28T22:46:00,2026-09-28T22:46:00,2026-09-28T22:46:00
2383,台光電,2026-02-11,2195.0,90.0,4.28%,,57.87,,,,,,,ShowDailyK_ChartFlow,FinMind_API_TaiwanStockPrice_2383,True,2026-09-28T22:46:00,2026-09-28T22:46:00,2026-09-28T22:46:00
2383,台光電,2026-02-23,2175.0,-20.0,-0.91%,,57.34,,,,,,,ShowDailyK_ChartFlow,FinMind_API_TaiwanStockPrice_2383,True,2026-09-28T22:46:00,2026-09-28T22:46:00,2026-09-28T22:46:00
2383,台光電,2026-02-24,2310.0,135.0,6.21%,,60.9,,,,,,,ShowDailyK_ChartFlow,FinMind_API_TaiwanStockPrice_2383,True,2026-09-28T22:46:00,2026-09-28T22:46:00,2026-09-28T22:46:00
2383,台光電,2026-02-25,2420.0,110.0,4.76%,,63.8,,,,,,,ShowDailyK_ChartFlow,FinMind_API_TaiwanStockPrice_2383,True,2026-09-28T22:46:00,2026-09-28T22:46:00,2026-09-28T22:46:00
2383,台光電,2026-02-26,2440.0,20.0,0.83%,,64.33,,,,,,,ShowDailyK_ChartFlow,FinMind_API_TaiwanStockPrice_2383,True,2026-09-28T22:46:00,2026-09-28T22:46:00,2026-09-28T22:46:00
2383,台光電,2026-03-02,2380.0,-60.0,-2.46%,,62.75,,,,,,,ShowDailyK_ChartFlow,FinMind_API_TaiwanStockPrice_2383,True,2026-09-28T22:46:00,2026-09-28T22:46:00,2026-09-28T22:46:00
2383,台光電,2026-03-03,2320.0,-60.0,-2.52%,,61.17,,,,,,,ShowDailyK_ChartFlow,FinMind_API_TaiwanStockPrice_2383,True,2026-09-28T22:46:00,2026-09-28T22:46:00,2026-09-28T22:46:00
2383,台光電,2026-03-04,2190.0,-130.0,-5.60%,,57.74,,,,,,,ShowDailyK_ChartFlow,FinMind_API_TaiwanStockPrice_2383,True,2026-09-28T22:46:00,2026-09-28T22:46:00,2026-09-28T22:46:00
2383,台光電,2026-03-05,2365.0,175.0,7.99%,,62.35,,,,,,,ShowDailyK_ChartFlow,FinMind_API_TaiwanStockPrice_2383,True,2026-09-28T22:46:00,2026-09-28T22:46:00,2026-09-28T22:46:00
2383,台光電,2026-03-06,2360.0,-5.0,-0.21%,,62.22,,,,,,,ShowDailyK_ChartFlow,FinMind_API_TaiwanStockPrice_2383,True,2026-09-28T22:46:00,2026-09-28T22:46:00,2026-09-28T22:46:00
2383,台光電,2026-03-09,2175.0,-185.0,-7.84%,,57.34,,,,,,,ShowDailyK_ChartFlow,FinMind_API_TaiwanStockPrice_2383,True,2026-09-28T22:46:00,2026-09-28T22:46:00,2026-09-28T22:46:00
2383,台光電,2026-03-10,2375.0,200.0,9.20%,,62.62,,,,,,,ShowDailyK_ChartFlow,FinMind_API_TaiwanStockPrice_2383,True,2026-09-28T22:46:00,2026-09-28T22:46:00,2026-09-28T22:46:00
2383,台光電,2026-03-11,2450.0,75.0,3.16%,,59.93,,,,,,,ShowDailyK_ChartFlow,FinMind_API_TaiwanStockPrice_2383,True,2026-09-28T22:46:00,2026-09-28T22:46:00,2026-09-28T22:46:00
2383,台光電,2026-03-12,2600.0,150.0,6.12%,,63.6,,,,,,,ShowDailyK_ChartFlow,FinMind_API_TaiwanStockPrice_2383,True,2026-09-28T22:46:00,2026-09-28T22:46:00,2026-09-28T22:46:00
2383,台光電,2026-03-13,2705.0,105.0,4.04%,,66.17,,,,,,,ShowDailyK_ChartFlow,FinMind_API_TaiwanStockPrice_2383,True,2026-09-28T22:46:00,2026-09-28T22:46:00,2026-09-28T22:46:00
2383,台光電,2026-03-16,2585.0,-120.0,-4.44%,,63.23,,,,,,,ShowDailyK_ChartFlow,FinMind_API_TaiwanStockPrice_2383,True,2026-09-28T22:46:00,2026-09-28T22:46:00,2026-09-28T22:46:00
2383,台光電,2026-03-17,2700.0,115.0,4.45%,,66.05,,,,,,,ShowDailyK_ChartFlow,FinMind_API_TaiwanStockPrice_2383,True,2026-09-28T22:46:00,2026-09-28T22:46:00,2026-09-28T22:46:00
2383,台光電,2026-03-18,2700.0,0.0,0.00%,,66.05,,,,,,,ShowDailyK_ChartFlow,FinMind_API_TaiwanStockPrice_2383,True,2026-09-28T22:46:00,2026-09-28T22:46:00,2026-09-28T22:46:00
2383,台光電,2026-03-19,2890.0,190.0,7.04%,,70.69,,,,,,,ShowDailyK_ChartFlow,FinMind_API_TaiwanStockPrice_2383,True,2026-09-28T22:46:00,2026-09-28T22:46:00,2026-09-28T22:46:00
2383,台光電,2026-03-20,2810.0,-80.0,-2.77%,,68.74,,,,,,,ShowDailyK_ChartFlow,FinMind_API_TaiwanStockPrice_2383,True,2026-09-28T22:46:00,2026-09-28T22:46:00,2026-09-28T22:46:00
2383,台光電,2026-03-23,2795.0,-15.0,-0.53%,,68.37,,,,,,,ShowDailyK_ChartFlow,FinMind_API_TaiwanStockPrice_2383,True,2026-09-28T22:46:00,2026-09-28T22:46:00,2026-09-28T22:46:00
2383,台光電,2026-03-24,2685.0,-110.0,-3.94%,,65.68,,,,,,,ShowDailyK_ChartFlow,FinMind_API_TaiwanStockPrice_2383,True,2026-09-28T22:46:00,2026-09-28T22:46:00,2026-09-28T22:46:00
2383,台光電,2026-03-25,2845.0,160.0,5.96%,,69.59,,,,,,,ShowDailyK_ChartFlow,FinMind_API_TaiwanStockPrice_2383,True,2026-09-28T22:46:00,2026-09-28T22:46:00,2026-09-28T22:46:00
2383,台光電,2026-03-26,2945.0,100.0,3.51%,,72.04,,,,,,,ShowDailyK_ChartFlow,FinMind_API_TaiwanStockPrice_2383,True,2026-09-28T22:46:00,2026-09-28T22:46:00,2026-09-28T22:46:00
2383,台光電,2026-03-27,2910.0,-35.0,-1.19%,,71.18,,,,,,,ShowDailyK_ChartFlow,FinMind_API_TaiwanStockPrice_2383,True,2026-09-28T22:46:00,2026-09-28T22:46:00,2026-09-28T22:46:00
2383,台光電,2026-03-30,2785.0,-125.0,-4.30%,,68.13,,,,,,,ShowDailyK_ChartFlow,FinMind_API_TaiwanStockPrice_2383,True,2026-09-28T22:46:00,2026-09-28T22:46:00,2026-09-28T22:46:00
2383,台光電,2026-03-31,2600.0,-185.0,-6.64%,,63.6,,,,,,,ShowDailyK_ChartFlow,FinMind_API_TaiwanStockPrice_2383,True,2026-09-28T22:46:00,2026-09-28T22:46:00,2026-09-28T22:46:00
2383,台光電,2026-04-01,2860.0,260.0,10.00%,,69.96,,,,,,,ShowDailyK_ChartFlow,FinMind_API_TaiwanStockPrice_2383,True,2026-09-28T22:46:00,2026-09-28T22:46:00,2026-09-28T22:46:00
2383,台光電,2026-04-02,2785.0,-75.0,-2.62%,,68.13,,,,,,,ShowDailyK_ChartFlow,FinMind_API_TaiwanStockPrice_2383,True,2026-09-28T22:46:00,2026-09-28T22:46:00,2026-09-28T22:46:00
2383,台光電,2026-04-07,2885.0,100.0,3.59%,,70.57,,,,,,,ShowDailyK_ChartFlow,FinMind_API_TaiwanStockPrice_2383,True,2026-09-28T22:46:00,2026-09-28T22:46:00,2026-09-28T22:46:00
2383,台光電,2026-04-08,3170.0,285.0,9.88%,,77.54,,,,,,,ShowDailyK_ChartFlow,FinMind_API_TaiwanStockPrice_2383,True,2026-09-28T22:46:00,2026-09-28T22:46:00,2026-09-28T22:46:00
2383,台光電,2026-04-09,3220.0,50.0,1.58%,,78.77,,,,,,,ShowDailyK_ChartFlow,FinMind_API_TaiwanStockPrice_2383,True,2026-09-28T22:46:00,2026-09-28T22:46:00,2026-09-28T22:46:00
2383,台光電,2026-04-10,3420.0,200.0,6.21%,,83.66,,,,,,,ShowDailyK_ChartFlow,FinMind_API_TaiwanStockPrice_2383,True,2026-09-28T22:46:00,2026-09-28T22:46:00,2026-09-28T22:46:00
2383,台光電,2026-04-13,3325.0,-95.0,-2.78%,,81.34,,,,,,,ShowDailyK_ChartFlow,FinMind_API_TaiwanStockPrice_2383,True,2026-09-28T22:46:00,2026-09-28T22:46:00,2026-09-28T22:46:00
2383,台光電,2026-04-14,3605.0,280.0,8.42%,,88.18,,,,,,,ShowDailyK_ChartFlow,FinMind_API_TaiwanStockPrice_2383,True,2026-09-28T22:46:00,2026-09-28T22:46:00,2026-09-28T22:46:00
2383,台光電,2026-04-15,3810.0,205.0,5.69%,,93.2,,,,,,,ShowDailyK_ChartFlow,FinMind_API_TaiwanStockPrice_2383,True,2026-09-28T22:46:00,2026-09-28T22:46:00,2026-09-28T22:46:00
2383,台光電,2026-04-16,3835.0,25.0,0.66%,,93.81,,,,,,,ShowDailyK_ChartFlow,FinMind_API_TaiwanStockPrice_2383,True,2026-09-28T22:46:00,2026-09-28T22:46:00,2026-09-28T22:46:00
2383,台光電,2026-04-17,3800.0,-35.0,-0.91%,,92.95,,,,,,,ShowDailyK_ChartFlow,FinMind_API_TaiwanStockPrice_2383,True,2026-09-28T22:46:00,2026-09-28T22:46:00,2026-09-28T22:46:00
2383,台光電,2026-04-20,3850.0,50.0,1.32%,,94.18,,,,,,,ShowDailyK_ChartFlow,FinMind_API_TaiwanStockPrice_2383,True,2026-09-28T22:46:00,2026-09-28T22:46:00,2026-09-28T22:46:00
2383,台光電,2026-04-21,3950.0,100.0,2.60%,,96.62,,,,,,,ShowDailyK_ChartFlow,FinMind_API_TaiwanStockPrice_2383,True,2026-09-28T22:46:00,2026-09-28T22:46:00,2026-09-28T22:46:00
2383,台光電,2026-04-22,4065.0,115.0,2.91%,,99.44,,,,,,,ShowDailyK_ChartFlow,FinMind_API_TaiwanStockPrice_2383,True,2026-09-28T22:46:00,2026-09-28T22:46:00,2026-09-28T22:46:00
2383,台光電,2026-04-23,4100.0,35.0,0.86%,,100.29,,,,,,,ShowDailyK_ChartFlow,FinMind_API_TaiwanStockPrice_2383,True,2026-09-28T22:46:00,2026-09-28T22:46:00,2026-09-28T22:46:00
2383,台光電,2026-04-24,4475.0,375.0,9.15%,,109.47,,,,,,,ShowDailyK_ChartFlow,FinMind_API_TaiwanStockPrice_2383,True,2026-09-28T22:46:00,2026-09-28T22:46:00,2026-09-28T22:46:00
2383,台光電,2026-04-27,4730.0,255.0,5.70%,,115.7,,,,,,,ShowDailyK_ChartFlow,FinMind_API_TaiwanStockPrice_2383,True,2026-09-28T22:46:00,2026-09-28T22:46:00,2026-09-28T22:46:00
2383,台光電,2026-04-28,4375.0,-355.0,-7.51%,,107.02,,,,,,,ShowDailyK_ChartFlow,FinMind_API_TaiwanStockPrice_2383,True,2026-09-28T22:46:00,2026-09-28T22:46:00,2026-09-28T22:46:00
2383,台光電,2026-04-29,4440.0,65.0,1.49%,,108.61,,,,,,,ShowDailyK_ChartFlow,FinMind_API_TaiwanStockPrice_2383,True,2026-09-28T22:46:00,2026-09-28T22:46:00,2026-09-28T22:46:00
2383,台光電,2026-04-30,4545.0,105.0,2.36%,,98.59,,,,,,,ShowDailyK_ChartFlow,FinMind_API_TaiwanStockPrice_2383,True,2026-09-28T22:46:00,2026-09-28T22:46:00,2026-09-28T22:46:00
2383,台光電,2026-05-04,4755.0,210.0,4.62%,,103.15,,,,,,,ShowDailyK_ChartFlow,FinMind_API_TaiwanStockPrice_2383,True,2026-09-28T22:46:00,2026-09-28T22:46:00,2026-09-28T22:46:00
2383,台光電,2026-05-05,4730.0,-25.0,-0.53%,,102.6,,,,,,,ShowDailyK_ChartFlow,FinMind_API_TaiwanStockPrice_2383,True,2026-09-28T22:46:00,2026-09-28T22:46:00,2026-09-28T22:46:00
2383,台光電,2026-05-06,4950.0,220.0,4.65%,,107.38,,,,,,,ShowDailyK_ChartFlow,FinMind_API_TaiwanStockPrice_2383,True,2026-09-28T22:46:00,2026-09-28T22:46:00,2026-09-28T22:46:00
2383,台光電,2026-05-07,4960.0,10.0,0.20%,,107.59,,,,,,,ShowDailyK_ChartFlow,FinMind_API_TaiwanStockPrice_2383,True,2026-09-28T22:46:00,2026-09-28T22:46:00,2026-09-28T22:46:00
2383,台光電,2026-05-08,4750.0,-210.0,-4.23%,,103.04,,,,,,,ShowDailyK_ChartFlow,FinMind_API_TaiwanStockPrice_2383,True,2026-09-28T22:46:00,2026-09-28T22:46:00,2026-09-28T22:46:00
2383,台光電,2026-05-11,4850.0,100.0,2.11%,,105.21,,,,,,,ShowDailyK_ChartFlow,FinMind_API_TaiwanStockPrice_2383,True,2026-09-28T22:46:00,2026-09-28T22:46:00,2026-09-28T22:46:00
2383,台光電,2026-05-12,4900.0,50.0,1.03%,,106.29,,,,,,,ShowDailyK_ChartFlow,FinMind_API_TaiwanStockPrice_2383,True,2026-09-28T22:46:00,2026-09-28T22:46:00,2026-09-28T22:46:00
2383,台光電,2026-05-13,4930.0,30.0,0.61%,,106.94,,,,,,,ShowDailyK_ChartFlow,FinMind_API_TaiwanStockPrice_2383,True,2026-09-28T22:46:00,2026-09-28T22:46:00,2026-09-28T22:46:00
2383,台光電,2026-05-14,4920.0,-10.0,-0.20%,,106.72,,,,,,,ShowDailyK_ChartFlow,FinMind_API_TaiwanStockPrice_2383,True,2026-09-28T22:46:00,2026-09-28T22:46:00,2026-09-28T22:46:00
2383,台光電,2026-05-15,4615.0,-305.0,-6.20%,,100.11,,,,,,,ShowDailyK_ChartFlow,FinMind_API_TaiwanStockPrice_2383,True,2026-09-28T22:46:00,2026-09-28T22:46:00,2026-09-28T22:46:00
2383,台光電,2026-05-18,4545.0,-70.0,-1.52%,,98.59,,,,,,,ShowDailyK_ChartFlow,FinMind_API_TaiwanStockPrice_2383,True,2026-09-28T22:46:00,2026-09-28T22:46:00,2026-09-28T22:46:00
2383,台光電,2026-05-19,4535.0,-10.0,-0.22%,,98.37,,,,,,,ShowDailyK_ChartFlow,FinMind_API_TaiwanStockPrice_2383,True,2026-09-28T22:46:00,2026-09-28T22:46:00,2026-09-28T22:46:00
2383,台光電,2026-05-20,4395.0,-140.0,-3.09%,,95.34,,,,,,,ShowDailyK_ChartFlow,FinMind_API_TaiwanStockPrice_2383,True,2026-09-28T22:46:00,2026-09-28T22:46:00,2026-09-28T22:46:00
2383,台光電,2026-05-21,4690.0,295.0,6.71%,,101.74,,,,,,,ShowDailyK_ChartFlow,FinMind_API_TaiwanStockPrice_2383,True,2026-09-28T22:46:00,2026-09-28T22:46:00,2026-09-28T22:46:00
2383,台光電,2026-05-22,5005.0,315.0,6.72%,,108.57,,,,,,,ShowDailyK_ChartFlow,FinMind_API_TaiwanStockPrice_2383,True,2026-09-28T22:46:00,2026-09-28T22:46:00,2026-09-28T22:46:00
2383,台光電,2026-05-25,5505.0,500.0,9.99%,,119.41,,,,,,,ShowDailyK_ChartFlow,FinMind_API_TaiwanStockPrice_2383,True,2026-09-28T22:46:00,2026-09-28T22:46:00,2026-09-28T22:46:00
2383,台光電,2026-05-26,5290.0,-215.0,-3.91%,,114.75,,,,,,,ShowDailyK_ChartFlow,FinMind_API_TaiwanStockPrice_2383,True,2026-09-28T22:46:00,2026-09-28T22:46:00,2026-09-28T22:46:00
2383,台光電,2026-05-27,5305.0,15.0,0.28%,,115.08,,,,,,,ShowDailyK_ChartFlow,FinMind_API_TaiwanStockPrice_2383,True,2026-09-28T22:46:00,2026-09-28T22:46:00,2026-09-28T22:46:00
2383,台光電,2026-05-28,5055.0,-250.0,-4.71%,,109.65,,,,,,,ShowDailyK_ChartFlow,FinMind_API_TaiwanStockPrice_2383,True,2026-09-28T22:46:00,2026-09-28T22:46:00,2026-09-28T22:46:00
2383,台光電,2026-05-29,5120.0,65.0,1.29%,,111.06,,,,,,,ShowDailyK_ChartFlow,FinMind_API_TaiwanStockPrice_2383,True,2026-09-28T22:46:00,2026-09-28T22:46:00,2026-09-28T22:46:00
2383,台光電,2026-06-01,5070.0,-50.0,-0.98%,,109.98,,,,,,,ShowDailyK_ChartFlow,FinMind_API_TaiwanStockPrice_2383,True,2026-09-28T22:46:00,2026-09-28T22:46:00,2026-09-28T22:46:00
2383,台光電,2026-06-02,4860.0,-210.0,-4.14%,,105.42,,,,,,,ShowDailyK_ChartFlow,FinMind_API_TaiwanStockPrice_2383,True,2026-09-28T22:46:00,2026-09-28T22:46:00,2026-09-28T22:46:00
2383,台光電,2026-06-03,4830.0,-30.0,-0.62%,,104.77,,,,,,,ShowDailyK_ChartFlow,FinMind_API_TaiwanStockPrice_2383,True,2026-09-28T22:46:00,2026-09-28T22:46:00,2026-09-28T22:46:00
2383,台光電,2026-06-04,4830.0,0.0,0.00%,,104.77,,,,,,,ShowDailyK_ChartFlow,FinMind_API_TaiwanStockPrice_2383,True,2026-09-28T22:46:00,2026-09-28T22:46:00,2026-09-28T22:46:00
2383,台光電,2026-06-05,4885.0,55.0,1.14%,,105.97,,,,,,,ShowDailyK_ChartFlow,FinMind_API_TaiwanStockPrice_2383,True,2026-09-28T22:46:00,2026-09-28T22:46:00,2026-09-28T22:46:00
2383,台光電,2026-06-08,4770.0,-115.0,-2.35%,,103.47,,,,,,,ShowDailyK_ChartFlow,FinMind_API_TaiwanStockPrice_2383,True,2026-09-28T22:46:00,2026-09-28T22:46:00,2026-09-28T22:46:00
2383,台光電,2026-06-09,5065.0,295.0,6.18%,,109.87,,,,,,,ShowDailyK_ChartFlow,FinMind_API_TaiwanStockPrice_2383,True,2026-09-28T22:46:00,2026-09-28T22:46:00,2026-09-28T22:46:00
2383,台光電,2026-06-10,4940.0,-125.0,-2.47%,,107.16,,,,,,,ShowDailyK_ChartFlow,FinMind_API_TaiwanStockPrice_2383,True,2026-09-28T22:46:00,2026-09-28T22:46:00,2026-09-28T22:46:00
2383,台光電,2026-06-11,5095.0,155.0,3.14%,,110.52,,,,,,,ShowDailyK_ChartFlow,FinMind_API_TaiwanStockPrice_2383,True,2026-09-28T22:46:00,2026-09-28T22:46:00,2026-09-28T22:46:00
2383,台光電,2026-06-12,4830.0,-265.0,-5.20%,,104.77,,,,,,,ShowDailyK_ChartFlow,FinMind_API_TaiwanStockPrice_2383,True,2026-09-28T22:46:00,2026-09-28T22:46:00,2026-09-28T22:46:00
2383,台光電,2026-06-15,5030.0,200.0,4.14%,,109.11,,,,,,,ShowDailyK_ChartFlow,FinMind_API_TaiwanStockPrice_2383,True,2026-09-28T22:46:00,2026-09-28T22:46:00,2026-09-28T22:46:00
2383,台光電,2026-06-16,5120.0,90.0,1.79%,,111.06,,,,,,,ShowDailyK_ChartFlow,FinMind_API_TaiwanStockPrice_2383,True,2026-09-28T22:46:00,2026-09-28T22:46:00,2026-09-28T22:46:00
2383,台光電,2026-06-17,5200.0,80.0,1.56%,,112.8,,,,,,,ShowDailyK_ChartFlow,FinMind_API_TaiwanStockPrice_2383,True,2026-09-28T22:46:00,2026-09-28T22:46:00,2026-09-28T22:46:00
2383,台光電,2026-06-18,5600.0,400.0,7.69%,,121.48,,,,,,,ShowDailyK_ChartFlow,FinMind_API_TaiwanStockPrice_2383,True,2026-09-28T22:46:00,2026-09-28T22:46:00,2026-09-28T22:46:00
2383,台光電,2026-06-22,5825.0,225.0,4.02%,,126.36,,,,,,,ShowDailyK_ChartFlow,FinMind_API_TaiwanStockPrice_2383,True,2026-09-28T22:46:00,2026-09-28T22:46:00,2026-09-28T22:46:00
2383,台光電,2026-06-23,5700.0,-125.0,-2.15%,,123.64,,,,,,,ShowDailyK_ChartFlow,FinMind_API_TaiwanStockPrice_2383,True,2026-09-28T22:46:00,2026-09-28T22:46:00,2026-09-28T22:46:00
2383,台光電,2026-06-24,5560.0,-140.0,-2.46%,,120.61,,,,,,,ShowDailyK_ChartFlow,FinMind_API_TaiwanStockPrice_2383,True,2026-09-28T22:46:00,2026-09-28T22:46:00,2026-09-28T22:46:00
2383,台光電,2026-06-25,5640.0,80.0,1.44%,,122.34,,,,,,,ShowDailyK_ChartFlow,FinMind_API_TaiwanStockPrice_2383,True,2026-09-28T22:46:00,2026-09-28T22:46:00,2026-09-28T22:46:00
2383,台光電,2026-06-26,5255.0,-385.0,-6.83%,,113.99,,,,,,,ShowDailyK_ChartFlow,FinMind_API_TaiwanStockPrice_2383,True,2026-09-28T22:46:00,2026-09-28T22:46:00,2026-09-28T22:46:00
2383,台光電,2026-06-29,5450.0,195.0,3.71%,,118.22,,,,,,,ShowDailyK_ChartFlow,FinMind_API_TaiwanStockPrice_2383,True,2026-09-28T22:46:00,2026-09-28T22:46:00,2026-09-28T22:46:00
2383,台光電,2026-06-30,5390.0,-60.0,-1.10%,,116.92,,,,,,,ShowDailyK_ChartFlow,FinMind_API_TaiwanStockPrice_2383,True,2026-09-28T22:46:00,2026-09-28T22:46:00,2026-09-28T22:46:00
2383,台光電,2026-07-01,5535.0,145.0,2.69%,,120.07,,,,,,,ShowDailyK_ChartFlow,FinMind_API_TaiwanStockPrice_2383,True,2026-09-28T22:46:00,2026-09-28T22:46:00,2026-09-28T22:46:00
2383,台光電,2026-07-02,5655.0,120.0,2.17%,,122.67,,,,,,,ShowDailyK_ChartFlow,FinMind_API_TaiwanStockPrice_2383,True,2026-09-28T22:46:00,2026-09-28T22:46:00,2026-09-28T22:46:00
2383,台光電,2026-07-03,6080.0,425.0,7.52%,,131.89,,,,,,,ShowDailyK_ChartFlow,FinMind_API_TaiwanStockPrice_2383,True,2026-09-28T22:46:00,2026-09-28T22:46:00,2026-09-28T22:46:00
2383,台光電,2026-07-06,5475.0,-605.0,-9.95%,,118.76,,,,,,,ShowDailyK_ChartFlow,FinMind_API_TaiwanStockPrice_2383,True,2026-09-28T22:46:00,2026-09-28T22:46:00,2026-09-28T22:46:00
2383,台光電,2026-07-07,5220.0,-255.0,-4.66%,,113.23,,,,,,,ShowDailyK_ChartFlow,FinMind_API_TaiwanStockPrice_2383,True,2026-09-28T22:46:00,2026-09-28T22:46:00,2026-09-28T22:46:00
2383,台光電,2026-07-08,5315.0,95.0,1.82%,,115.29,,,,,,,ShowDailyK_ChartFlow,FinMind_API_TaiwanStockPrice_2383,True,2026-09-28T22:46:00,2026-09-28T22:46:00,2026-09-28T22:46:00
2383,台光電,2026-07-09,5295.0,-20.0,-0.38%,,114.86,,,,,,,ShowDailyK_ChartFlow,FinMind_API_TaiwanStockPrice_2383,True,2026-09-28T22:46:00,2026-09-28T22:46:00,2026-09-28T22:46:00
2383,台光電,2026-07-13,5125.0,-170.0,-3.21%,,111.17,,,,,,,ShowDailyK_ChartFlow,FinMind_API_TaiwanStockPrice_2383,True,2026-09-28T22:46:00,2026-09-28T22:46:00,2026-09-28T22:46:00
2383,台光電,2026-07-14,4970.0,-155.0,-3.02%,,107.81,,,,,,,ShowDailyK_ChartFlow,FinMind_API_TaiwanStockPrice_2383,True,2026-09-28T22:46:00,2026-09-28T22:46:00,2026-09-28T22:46:00
2383,台光電,2026-07-15,5080.0,110.0,2.21%,,110.2,,,,,,,ShowDailyK_ChartFlow,FinMind_API_TaiwanStockPrice_2383,True,2026-09-28T22:46:00,2026-09-28T22:46:00,2026-09-28T22:46:00
2383,台光電,2026-07-16,4990.0,-90.0,-1.77%,,108.24,,,,,,,ShowDailyK_ChartFlow,FinMind_API_TaiwanStockPrice_2383,True,2026-09-28T22:46:00,2026-09-28T22:46:00,2026-09-28T22:46:00
2383,台光電,2026-07-17,4495.0,-495.0,-9.92%,,97.51,,,,,,,ShowDailyK_ChartFlow,FinMind_API_TaiwanStockPrice_2383,True,2026-09-28T22:46:00,2026-09-28T22:46:00,2026-09-28T22:46:00
2383,台光電,2026-07-20,4395.0,-100.0,-2.22%,,95.34,,,,,,,ShowDailyK_ChartFlow,FinMind_API_TaiwanStockPrice_2383,True,2026-09-28T22:46:00,2026-09-28T22:46:00,2026-09-28T22:46:00
2383,台光電,2026-07-21,4830.0,435.0,9.90%,,104.77,,,,,,,ShowDailyK_ChartFlow,FinMind_API_TaiwanStockPrice_2383,True,2026-09-28T22:46:00,2026-09-28T22:46:00,2026-09-28T22:46:00
2383,台光電,2026-07-22,5125.0,295.0,6.11%,,111.17,,,,,,,ShowDailyK_ChartFlow,FinMind_API_TaiwanStockPrice_2383,True,2026-09-28T22:46:00,2026-09-28T22:46:00,2026-09-28T22:46:00
2383,台光電,2026-07-23,5095.0,-30.0,-0.59%,,110.52,,,,,,,ShowDailyK_ChartFlow,FinMind_API_TaiwanStockPrice_2383,True,2026-09-28T22:46:00,2026-09-28T22:46:00,2026-09-28T22:46:00
2383,台光電,2026-07-24,4755.0,-340.0,-6.67%,,103.15,,,,,,,ShowDailyK_ChartFlow,FinMind_API_TaiwanStockPrice_2383,True,2026-09-28T22:46:00,2026-09-28T22:46:00,2026-09-28T22:46:00
2383,台光電,2026-07-27,4815.0,60.0,1.26%,,104.45,,,,,,,ShowDailyK_ChartFlow,FinMind_API_TaiwanStockPrice_2383,True,2026-09-28T22:46:00,2026-09-28T22:46:00,2026-09-28T22:46:00
2383,台光電,2026-07-28,4410.0,-405.0,-8.41%,,95.66,,,,,,,ShowDailyK_ChartFlow,FinMind_API_TaiwanStockPrice_2383,True,2026-09-28T22:46:00,2026-09-28T22:46:00,2026-09-28T22:46:00
2383,台光電,2026-07-29,4100.0,-310.0,-7.03%,,88.94,,,,,,,ShowDailyK_ChartFlow,FinMind_API_TaiwanStockPrice_2383,True,2026-09-28T22:46:00,2026-09-28T22:46:00,2026-09-28T22:46:00
2383,台光電,2026-07-30,4315.0,215.0,5.24%,,67.47,,,,,,,ShowDailyK_ChartFlow,FinMind_API_TaiwanStockPrice_2383,True,2026-09-28T22:46:00,2026-09-28T22:46:00,2026-09-28T22:46:00
2383,台光電,2026-07-31,4745.0,430.0,9.97%,,74.2,,,,,,,ShowDailyK_ChartFlow,FinMind_API_TaiwanStockPrice_2383,True,2026-09-28T22:46:00,2026-09-28T22:46:00,2026-09-28T22:46:00
2383,台光電,2026-08-03,4980.0,235.0,4.95%,,77.87,,,,,,,ShowDailyK_ChartFlow,FinMind_API_TaiwanStockPrice_2383,True,2026-09-28T22:46:00,2026-09-28T22:46:00,2026-09-28T22:46:00
2383,台光電,2026-08-04,5140.0,160.0,3.21%,,80.38,,,,,,,ShowDailyK_ChartFlow,FinMind_API_TaiwanStockPrice_2383,True,2026-09-28T22:46:00,2026-09-28T22:46:00,2026-09-28T22:46:00
2383,台光電,2026-08-05,5245.0,105.0,2.04%,,82.02,,,,,,,ShowDailyK_ChartFlow,FinMind_API_TaiwanStockPrice_2383,True,2026-09-28T22:46:00,2026-09-28T22:46:00,2026-09-28T22:46:00
2383,台光電,2026-08-06,5305.0,60.0,1.14%,,82.96,,,,,,,ShowDailyK_ChartFlow,FinMind_API_TaiwanStockPrice_2383,True,2026-09-28T22:46:00,2026-09-28T22:46:00,2026-09-28T22:46:00
2383,台光電,2026-08-07,5240.0,-65.0,-1.23%,,81.94,,,,,,,ShowDailyK_ChartFlow,FinMind_API_TaiwanStockPrice_2383,True,2026-09-28T22:46:00,2026-09-28T22:46:00,2026-09-28T22:46:00
2383,台光電,2026-08-10,5290.0,50.0,0.95%,,82.72,,,,,,,ShowDailyK_ChartFlow,FinMind_API_TaiwanStockPrice_2383,True,2026-09-28T22:46:00,2026-09-28T22:46:00,2026-09-28T22:46:00
2383,台光電,2026-08-11,5535.0,245.0,4.63%,,86.55,,,,,,,ShowDailyK_ChartFlow,FinMind_API_TaiwanStockPrice_2383,True,2026-09-28T22:46:00,2026-09-28T22:46:00,2026-09-28T22:46:00
2383,台光電,2026-08-12,5730.0,195.0,3.52%,,89.6,,,,,,,ShowDailyK_ChartFlow,FinMind_API_TaiwanStockPrice_2383,True,2026-09-28T22:46:00,2026-09-28T22:46:00,2026-09-28T22:46:00
2383,台光電,2026-08-13,5690.0,-40.0,-0.70%,,88.98,,,,,,,ShowDailyK_ChartFlow,FinMind_API_TaiwanStockPrice_2383,True,2026-09-28T22:46:00,2026-09-28T22:46:00,2026-09-28T22:46:00
2383,台光電,2026-08-14,6165.0,475.0,8.35%,,96.4,,,,,,,ShowDailyK_ChartFlow,FinMind_API_TaiwanStockPrice_2383,True,2026-09-28T22:46:00,2026-09-28T22:46:00,2026-09-28T22:46:00
2383,台光電,2026-08-17,6350.0,185.0,3.00%,,99.3,,,,,,,ShowDailyK_ChartFlow,FinMind_API_TaiwanStockPrice_2383,True,2026-09-28T22:46:00,2026-09-28T22:46:00,2026-09-28T22:46:00
2383,台光電,2026-08-18,6205.0,-145.0,-2.28%,,97.03,,,,,,,ShowDailyK_ChartFlow,FinMind_API_TaiwanStockPrice_2383,True,2026-09-28T22:46:00,2026-09-28T22:46:00,2026-09-28T22:46:00
2383,台光電,2026-08-19,5880.0,-325.0,-5.24%,,91.95,,,,,,,ShowDailyK_ChartFlow,FinMind_API_TaiwanStockPrice_2383,True,2026-09-28T22:46:00,2026-09-28T22:46:00,2026-09-28T22:46:00
2383,台光電,2026-08-20,5985.0,105.0,1.79%,,93.59,,,,,,,ShowDailyK_ChartFlow,FinMind_API_TaiwanStockPrice_2383,True,2026-09-28T22:46:00,2026-09-28T22:46:00,2026-09-28T22:46:00
2383,台光電,2026-08-21,5680.0,-305.0,-5.10%,,88.82,,,,,,,ShowDailyK_ChartFlow,FinMind_API_TaiwanStockPrice_2383,True,2026-09-28T22:46:00,2026-09-28T22:46:00,2026-09-28T22:46:00
2383,台光電,2026-08-24,5430.0,-250.0,-4.40%,,84.91,,,,,,,ShowDailyK_ChartFlow,FinMind_API_TaiwanStockPrice_2383,True,2026-09-28T22:46:00,2026-09-28T22:46:00,2026-09-28T22:46:00
2383,台光電,2026-08-25,5595.0,165.0,3.04%,,87.49,,,,,,,ShowDailyK_ChartFlow,FinMind_API_TaiwanStockPrice_2383,True,2026-09-28T22:46:00,2026-09-28T22:46:00,2026-09-28T22:46:00
2383,台光電,2026-08-26,5895.0,300.0,5.36%,,92.18,,,,,,,ShowDailyK_ChartFlow,FinMind_API_TaiwanStockPrice_2383,True,2026-09-28T22:46:00,2026-09-28T22:46:00,2026-09-28T22:46:00
2383,台光電,2026-08-27,5500.0,-395.0,-6.70%,,86.0,,,,,,,ShowDailyK_ChartFlow,FinMind_API_TaiwanStockPrice_2383,True,2026-09-28T22:46:00,2026-09-28T22:46:00,2026-09-28T22:46:00
2383,台光電,2026-08-28,5490.0,-10.0,-0.18%,,85.85,,,,,,,ShowDailyK_ChartFlow,FinMind_API_TaiwanStockPrice_2383,True,2026-09-28T22:46:00,2026-09-28T22:46:00,2026-09-28T22:46:00
2383,台光電,2026-08-31,5485.0,-5.0,-0.09%,,85.77,,,,,,,ShowDailyK_ChartFlow,FinMind_API_TaiwanStockPrice_2383,True,2026-09-28T22:46:00,2026-09-28T22:46:00,2026-09-28T22:46:00
2383,台光電,2026-09-01,5640.0,155.0,2.83%,,88.19,,,,,,,ShowDailyK_ChartFlow,FinMind_API_TaiwanStockPrice_2383,True,2026-09-28T22:46:00,2026-09-28T22:46:00,2026-09-28T22:46:00
2383,台光電,2026-09-02,5445.0,-195.0,-3.46%,,85.14,,,,,,,ShowDailyK_ChartFlow,FinMind_API_TaiwanStockPrice_2383,True,2026-09-28T22:46:00,2026-09-28T22:46:00,2026-09-28T22:46:00
2383,台光電,2026-09-03,5290.0,-155.0,-2.85%,,82.72,,,,,,,ShowDailyK_ChartFlow,FinMind_API_TaiwanStockPrice_2383,True,2026-09-28T22:46:00,2026-09-28T22:46:00,2026-09-28T22:46:00
2383,台光電,2026-09-04,5415.0,125.0,2.36%,,84.68,,,,,,,ShowDailyK_ChartFlow,FinMind_API_TaiwanStockPrice_2383,True,2026-09-28T22:46:00,2026-09-28T22:46:00,2026-09-28T22:46:00
2383,台光電,2026-09-07,5495.0,80.0,1.48%,,85.93,,,,,,,ShowDailyK_ChartFlow,FinMind_API_TaiwanStockPrice_2383,True,2026-09-28T22:46:00,2026-09-28T22:46:00,2026-09-28T22:46:00
2383,台光電,2026-09-08,5340.0,-155.0,-2.82%,,83.5,,,,,,,ShowDailyK_ChartFlow,FinMind_API_TaiwanStockPrice_2383,True,2026-09-28T22:46:00,2026-09-28T22:46:00,2026-09-28T22:46:00
2383,台光電,2026-09-09,5375.0,35.0,0.66%,,84.05,,,,,,,ShowDailyK_ChartFlow,FinMind_API_TaiwanStockPrice_2383,True,2026-09-28T22:46:00,2026-09-28T22:46:00,2026-09-28T22:46:00
2383,台光電,2026-09-10,5375.0,0.0,0.00%,,84.05,,,,,,,ShowDailyK_ChartFlow,FinMind_API_TaiwanStockPrice_2383,True,2026-09-28T22:46:00,2026-09-28T22:46:00,2026-09-28T22:46:00
2383,台光電,2026-09-11,5365.0,-10.0,-0.19%,,83.89,,,,,,,ShowDailyK_ChartFlow,FinMind_API_TaiwanStockPrice_2383,True,2026-09-28T22:46:00,2026-09-28T22:46:00,2026-09-28T22:46:00
2383,台光電,2026-09-14,5345.0,-20.0,-0.37%,,83.58,,,,,,,ShowDailyK_ChartFlow,FinMind_API_TaiwanStockPrice_2383,True,2026-09-28T22:46:00,2026-09-28T22:46:00,2026-09-28T22:46:00
2383,台光電,2026-09-15,5115.0,-230.0,-4.30%,,79.98,,,,,,,ShowDailyK_ChartFlow,FinMind_API_TaiwanStockPrice_2383,True,2026-09-28T22:46:00,2026-09-28T22:46:00,2026-09-28T22:46:00
2383,台光電,2026-09-16,5085.0,-30.0,-0.59%,,79.52,,,,,,,ShowDailyK_ChartFlow,FinMind_API_TaiwanStockPrice_2383,True,2026-09-28T22:46:00,2026-09-28T22:46:00,2026-09-28T22:46:00
2383,台光電,2026-09-17,4695.0,-390.0,-7.67%,,73.42,,,,,,,ShowDailyK_ChartFlow,FinMind_API_TaiwanStockPrice_2383,True,2026-09-28T22:46:00,2026-09-28T22:46:00,2026-09-28T22:46:00
2383,台光電,2026-09-18,4890.0,195.0,4.15%,,76.47,,,,,,,ShowDailyK_ChartFlow,FinMind_API_TaiwanStockPrice_2383,True,2026-09-28T22:46:00,2026-09-28T22:46:00,2026-09-28T22:46:00
2383,台光電,2026-09-21,4895.0,5.0,0.10%,,76.54,,,,,,,ShowDailyK_ChartFlow,FinMind_API_TaiwanStockPrice_2383,True,2026-09-28T22:46:00,2026-09-28T22:46:00,2026-09-28T22:46:00
2383,台光電,2026-09-22,4860.0,-35.0,-0.72%,,76.0,,,,,,,ShowDailyK_ChartFlow,FinMind_API_TaiwanStockPrice_2383,True,2026-09-28T22:46:00,2026-09-28T22:46:00,2026-09-28T22:46:00
2383,台光電,2026-09-23,5020.0,160.0,3.29%,,78.5,,,,,,,ShowDailyK_ChartFlow,FinMind_API_TaiwanStockPrice_2383,True,2026-09-28T22:46:00,2026-09-28T22:46:00,2026-09-28T22:46:00
2383,台光電,2026-09-24,5050.0,30.0,0.60%,,78.97,,,,,,,ShowDailyK_ChartFlow,FinMind_API_TaiwanStockPrice_2383,True,2026-09-28T22:46:00,2026-09-28T22:46:00,2026-09-28T22:46:00
