stock_code,company_name,交易_日期,收盤價_元,漲跌價_元,漲跌幅_pct,河流圖_eps_元,目前_per_倍,本益比試算價格_15x_元,本益比試算價格_18x_元,本益比試算價格_21x_元,本益比試算價格_24x_元,本益比試算價格_27x_元,本益比試算價格_30x_元,file_type,source_file,download_success,download_timestamp,process_timestamp,stage1_process_timestamp
5904,寶雅,2021-01-04,587.0,,,,,,,,,,,ShowDailyK_ChartFlow,FinMind_API_TaiwanStockPrice_5904,True,2026-10-05T23:34:43,2026-10-05T23:34:43,2026-10-05T23:34:43
5904,寶雅,2021-01-05,594.0,7.0,1.19%,,,,,,,,,ShowDailyK_ChartFlow,FinMind_API_TaiwanStockPrice_5904,True,2026-10-05T23:34:43,2026-10-05T23:34:43,2026-10-05T23:34:43
5904,寶雅,2021-01-06,583.0,-11.0,-1.85%,,,,,,,,,ShowDailyK_ChartFlow,FinMind_API_TaiwanStockPrice_5904,True,2026-10-05T23:34:43,2026-10-05T23:34:43,2026-10-05T23:34:43
5904,寶雅,2021-01-07,581.0,-2.0,-0.34%,,,,,,,,,ShowDailyK_ChartFlow,FinMind_API_TaiwanStockPrice_5904,True,2026-10-05T23:34:43,2026-10-05T23:34:43,2026-10-05T23:34:43
5904,寶雅,2021-01-08,576.0,-5.0,-0.86%,,,,,,,,,ShowDailyK_ChartFlow,FinMind_API_TaiwanStockPrice_5904,True,2026-10-05T23:34:43,2026-10-05T23:34:43,2026-10-05T23:34:43
5904,寶雅,2021-01-11,578.0,2.0,0.35%,,,,,,,,,ShowDailyK_ChartFlow,FinMind_API_TaiwanStockPrice_5904,True,2026-10-05T23:34:43,2026-10-05T23:34:43,2026-10-05T23:34:43
5904,寶雅,2021-01-12,581.0,3.0,0.52%,,,,,,,,,ShowDailyK_ChartFlow,FinMind_API_TaiwanStockPrice_5904,True,2026-10-05T23:34:43,2026-10-05T23:34:43,2026-10-05T23:34:43
5904,寶雅,2021-01-13,582.0,1.0,0.17%,,,,,,,,,ShowDailyK_ChartFlow,FinMind_API_TaiwanStockPrice_5904,True,2026-10-05T23:34:43,2026-10-05T23:34:43,2026-10-05T23:34:43
5904,寶雅,2021-01-14,580.0,-2.0,-0.34%,,,,,,,,,ShowDailyK_ChartFlow,FinMind_API_TaiwanStockPrice_5904,True,2026-10-05T23:34:43,2026-10-05T23:34:43,2026-10-05T23:34:43
5904,寶雅,2021-01-15,575.0,-5.0,-0.86%,,,,,,,,,ShowDailyK_ChartFlow,FinMind_API_TaiwanStockPrice_5904,True,2026-10-05T23:34:43,2026-10-05T23:34:43,2026-10-05T23:34:43
5904,寶雅,2021-01-18,581.0,6.0,1.04%,,,,,,,,,ShowDailyK_ChartFlow,FinMind_API_TaiwanStockPrice_5904,True,2026-10-05T23:34:43,2026-10-05T23:34:43,2026-10-05T23:34:43
5904,寶雅,2021-01-19,583.0,2.0,0.34%,,,,,,,,,ShowDailyK_ChartFlow,FinMind_API_TaiwanStockPrice_5904,True,2026-10-05T23:34:43,2026-10-05T23:34:43,2026-10-05T23:34:43
5904,寶雅,2021-01-20,575.0,-8.0,-1.37%,,,,,,,,,ShowDailyK_ChartFlow,FinMind_API_TaiwanStockPrice_5904,True,2026-10-05T23:34:43,2026-10-05T23:34:43,2026-10-05T23:34:43
5904,寶雅,2021-01-21,568.0,-7.0,-1.22%,,,,,,,,,ShowDailyK_ChartFlow,FinMind_API_TaiwanStockPrice_5904,True,2026-10-05T23:34:43,2026-10-05T23:34:43,2026-10-05T23:34:43
5904,寶雅,2021-01-22,559.0,-9.0,-1.58%,,,,,,,,,ShowDailyK_ChartFlow,FinMind_API_TaiwanStockPrice_5904,True,2026-10-05T23:34:43,2026-10-05T23:34:43,2026-10-05T23:34:43
5904,寶雅,2021-01-25,580.0,21.0,3.76%,,,,,,,,,ShowDailyK_ChartFlow,FinMind_API_TaiwanStockPrice_5904,True,2026-10-05T23:34:43,2026-10-05T23:34:43,2026-10-05T23:34:43
5904,寶雅,2021-01-26,574.0,-6.0,-1.03%,,,,,,,,,ShowDailyK_ChartFlow,FinMind_API_TaiwanStockPrice_5904,True,2026-10-05T23:34:43,2026-10-05T23:34:43,2026-10-05T23:34:43
5904,寶雅,2021-01-27,577.0,3.0,0.52%,,,,,,,,,ShowDailyK_ChartFlow,FinMind_API_TaiwanStockPrice_5904,True,2026-10-05T23:34:43,2026-10-05T23:34:43,2026-10-05T23:34:43
5904,寶雅,2021-01-28,581.0,4.0,0.69%,,,,,,,,,ShowDailyK_ChartFlow,FinMind_API_TaiwanStockPrice_5904,True,2026-10-05T23:34:43,2026-10-05T23:34:43,2026-10-05T23:34:43
5904,寶雅,2021-01-29,580.0,-1.0,-0.17%,,,,,,,,,ShowDailyK_ChartFlow,FinMind_API_TaiwanStockPrice_5904,True,2026-10-05T23:34:43,2026-10-05T23:34:43,2026-10-05T23:34:43
5904,寶雅,2021-02-01,580.0,0.0,0.00%,,,,,,,,,ShowDailyK_ChartFlow,FinMind_API_TaiwanStockPrice_5904,True,2026-10-05T23:34:43,2026-10-05T23:34:43,2026-10-05T23:34:43
5904,寶雅,2021-02-02,577.0,-3.0,-0.52%,,,,,,,,,ShowDailyK_ChartFlow,FinMind_API_TaiwanStockPrice_5904,True,2026-10-05T23:34:43,2026-10-05T23:34:43,2026-10-05T23:34:43
5904,寶雅,2021-02-03,564.0,-13.0,-2.25%,,,,,,,,,ShowDailyK_ChartFlow,FinMind_API_TaiwanStockPrice_5904,True,2026-10-05T23:34:43,2026-10-05T23:34:43,2026-10-05T23:34:43
5904,寶雅,2021-02-04,568.0,4.0,0.71%,,,,,,,,,ShowDailyK_ChartFlow,FinMind_API_TaiwanStockPrice_5904,True,2026-10-05T23:34:43,2026-10-05T23:34:43,2026-10-05T23:34:43
5904,寶雅,2021-02-05,580.0,12.0,2.11%,,,,,,,,,ShowDailyK_ChartFlow,FinMind_API_TaiwanStockPrice_5904,True,2026-10-05T23:34:43,2026-10-05T23:34:43,2026-10-05T23:34:43
5904,寶雅,2021-02-17,592.0,12.0,2.07%,,,,,,,,,ShowDailyK_ChartFlow,FinMind_API_TaiwanStockPrice_5904,True,2026-10-05T23:34:43,2026-10-05T23:34:43,2026-10-05T23:34:43
5904,寶雅,2021-02-18,585.0,-7.0,-1.18%,,,,,,,,,ShowDailyK_ChartFlow,FinMind_API_TaiwanStockPrice_5904,True,2026-10-05T23:34:43,2026-10-05T23:34:43,2026-10-05T23:34:43
5904,寶雅,2021-02-19,572.0,-13.0,-2.22%,,,,,,,,,ShowDailyK_ChartFlow,FinMind_API_TaiwanStockPrice_5904,True,2026-10-05T23:34:43,2026-10-05T23:34:43,2026-10-05T23:34:43
5904,寶雅,2021-02-22,567.0,-5.0,-0.87%,,,,,,,,,ShowDailyK_ChartFlow,FinMind_API_TaiwanStockPrice_5904,True,2026-10-05T23:34:43,2026-10-05T23:34:43,2026-10-05T23:34:43
5904,寶雅,2021-02-23,573.0,6.0,1.06%,,,,,,,,,ShowDailyK_ChartFlow,FinMind_API_TaiwanStockPrice_5904,True,2026-10-05T23:34:43,2026-10-05T23:34:43,2026-10-05T23:34:43
5904,寶雅,2021-02-24,602.0,29.0,5.06%,,,,,,,,,ShowDailyK_ChartFlow,FinMind_API_TaiwanStockPrice_5904,True,2026-10-05T23:34:43,2026-10-05T23:34:43,2026-10-05T23:34:43
5904,寶雅,2021-02-25,646.0,44.0,7.31%,,,,,,,,,ShowDailyK_ChartFlow,FinMind_API_TaiwanStockPrice_5904,True,2026-10-05T23:34:43,2026-10-05T23:34:43,2026-10-05T23:34:43
5904,寶雅,2021-02-26,626.0,-20.0,-3.10%,,,,,,,,,ShowDailyK_ChartFlow,FinMind_API_TaiwanStockPrice_5904,True,2026-10-05T23:34:43,2026-10-05T23:34:43,2026-10-05T23:34:43
5904,寶雅,2021-03-02,610.0,-16.0,-2.56%,,,,,,,,,ShowDailyK_ChartFlow,FinMind_API_TaiwanStockPrice_5904,True,2026-10-05T23:34:43,2026-10-05T23:34:43,2026-10-05T23:34:43
5904,寶雅,2021-03-03,618.0,8.0,1.31%,,,,,,,,,ShowDailyK_ChartFlow,FinMind_API_TaiwanStockPrice_5904,True,2026-10-05T23:34:43,2026-10-05T23:34:43,2026-10-05T23:34:43
5904,寶雅,2021-03-04,606.0,-12.0,-1.94%,,,,,,,,,ShowDailyK_ChartFlow,FinMind_API_TaiwanStockPrice_5904,True,2026-10-05T23:34:43,2026-10-05T23:34:43,2026-10-05T23:34:43
5904,寶雅,2021-03-05,614.0,8.0,1.32%,,,,,,,,,ShowDailyK_ChartFlow,FinMind_API_TaiwanStockPrice_5904,True,2026-10-05T23:34:43,2026-10-05T23:34:43,2026-10-05T23:34:43
5904,寶雅,2021-03-08,605.0,-9.0,-1.47%,,,,,,,,,ShowDailyK_ChartFlow,FinMind_API_TaiwanStockPrice_5904,True,2026-10-05T23:34:43,2026-10-05T23:34:43,2026-10-05T23:34:43
5904,寶雅,2021-03-09,597.0,-8.0,-1.32%,,,,,,,,,ShowDailyK_ChartFlow,FinMind_API_TaiwanStockPrice_5904,True,2026-10-05T23:34:43,2026-10-05T23:34:43,2026-10-05T23:34:43
5904,寶雅,2021-03-10,592.0,-5.0,-0.84%,,,,,,,,,ShowDailyK_ChartFlow,FinMind_API_TaiwanStockPrice_5904,True,2026-10-05T23:34:43,2026-10-05T23:34:43,2026-10-05T23:34:43
5904,寶雅,2021-03-11,594.0,2.0,0.34%,,,,,,,,,ShowDailyK_ChartFlow,FinMind_API_TaiwanStockPrice_5904,True,2026-10-05T23:34:43,2026-10-05T23:34:43,2026-10-05T23:34:43
5904,寶雅,2021-03-12,593.0,-1.0,-0.17%,,,,,,,,,ShowDailyK_ChartFlow,FinMind_API_TaiwanStockPrice_5904,True,2026-10-05T23:34:43,2026-10-05T23:34:43,2026-10-05T23:34:43
5904,寶雅,2021-03-15,593.0,0.0,0.00%,,,,,,,,,ShowDailyK_ChartFlow,FinMind_API_TaiwanStockPrice_5904,True,2026-10-05T23:34:43,2026-10-05T23:34:43,2026-10-05T23:34:43
5904,寶雅,2021-03-16,597.0,4.0,0.67%,,,,,,,,,ShowDailyK_ChartFlow,FinMind_API_TaiwanStockPrice_5904,True,2026-10-05T23:34:43,2026-10-05T23:34:43,2026-10-05T23:34:43
5904,寶雅,2021-03-17,600.0,3.0,0.50%,,,,,,,,,ShowDailyK_ChartFlow,FinMind_API_TaiwanStockPrice_5904,True,2026-10-05T23:34:43,2026-10-05T23:34:43,2026-10-05T23:34:43
5904,寶雅,2021-03-18,599.0,-1.0,-0.17%,,,,,,,,,ShowDailyK_ChartFlow,FinMind_API_TaiwanStockPrice_5904,True,2026-10-05T23:34:43,2026-10-05T23:34:43,2026-10-05T23:34:43
5904,寶雅,2021-03-19,604.0,5.0,0.83%,,,,,,,,,ShowDailyK_ChartFlow,FinMind_API_TaiwanStockPrice_5904,True,2026-10-05T23:34:43,2026-10-05T23:34:43,2026-10-05T23:34:43
5904,寶雅,2021-03-22,599.0,-5.0,-0.83%,,,,,,,,,ShowDailyK_ChartFlow,FinMind_API_TaiwanStockPrice_5904,True,2026-10-05T23:34:43,2026-10-05T23:34:43,2026-10-05T23:34:43
5904,寶雅,2021-03-23,599.0,0.0,0.00%,,,,,,,,,ShowDailyK_ChartFlow,FinMind_API_TaiwanStockPrice_5904,True,2026-10-05T23:34:43,2026-10-05T23:34:43,2026-10-05T23:34:43
5904,寶雅,2021-03-24,596.0,-3.0,-0.50%,,,,,,,,,ShowDailyK_ChartFlow,FinMind_API_TaiwanStockPrice_5904,True,2026-10-05T23:34:43,2026-10-05T23:34:43,2026-10-05T23:34:43
5904,寶雅,2021-03-25,594.0,-2.0,-0.34%,,,,,,,,,ShowDailyK_ChartFlow,FinMind_API_TaiwanStockPrice_5904,True,2026-10-05T23:34:43,2026-10-05T23:34:43,2026-10-05T23:34:43
5904,寶雅,2021-03-26,601.0,7.0,1.18%,,,,,,,,,ShowDailyK_ChartFlow,FinMind_API_TaiwanStockPrice_5904,True,2026-10-05T23:34:43,2026-10-05T23:34:43,2026-10-05T23:34:43
5904,寶雅,2021-03-29,608.0,7.0,1.16%,,,,,,,,,ShowDailyK_ChartFlow,FinMind_API_TaiwanStockPrice_5904,True,2026-10-05T23:34:43,2026-10-05T23:34:43,2026-10-05T23:34:43
5904,寶雅,2021-03-30,607.0,-1.0,-0.16%,,,,,,,,,ShowDailyK_ChartFlow,FinMind_API_TaiwanStockPrice_5904,True,2026-10-05T23:34:43,2026-10-05T23:34:43,2026-10-05T23:34:43
5904,寶雅,2021-03-31,596.0,-11.0,-1.81%,,,,,,,,,ShowDailyK_ChartFlow,FinMind_API_TaiwanStockPrice_5904,True,2026-10-05T23:34:43,2026-10-05T23:34:43,2026-10-05T23:34:43
5904,寶雅,2021-04-01,596.0,0.0,0.00%,,,,,,,,,ShowDailyK_ChartFlow,FinMind_API_TaiwanStockPrice_5904,True,2026-10-05T23:34:43,2026-10-05T23:34:43,2026-10-05T23:34:43
5904,寶雅,2021-04-06,601.0,5.0,0.84%,,,,,,,,,ShowDailyK_ChartFlow,FinMind_API_TaiwanStockPrice_5904,True,2026-10-05T23:34:43,2026-10-05T23:34:43,2026-10-05T23:34:43
5904,寶雅,2021-04-07,598.0,-3.0,-0.50%,,,,,,,,,ShowDailyK_ChartFlow,FinMind_API_TaiwanStockPrice_5904,True,2026-10-05T23:34:43,2026-10-05T23:34:43,2026-10-05T23:34:43
5904,寶雅,2021-04-08,591.0,-7.0,-1.17%,,,,,,,,,ShowDailyK_ChartFlow,FinMind_API_TaiwanStockPrice_5904,True,2026-10-05T23:34:43,2026-10-05T23:34:43,2026-10-05T23:34:43
5904,寶雅,2021-04-09,589.0,-2.0,-0.34%,,,,,,,,,ShowDailyK_ChartFlow,FinMind_API_TaiwanStockPrice_5904,True,2026-10-05T23:34:43,2026-10-05T23:34:43,2026-10-05T23:34:43
5904,寶雅,2021-04-12,582.0,-7.0,-1.19%,,,,,,,,,ShowDailyK_ChartFlow,FinMind_API_TaiwanStockPrice_5904,True,2026-10-05T23:34:43,2026-10-05T23:34:43,2026-10-05T23:34:43
5904,寶雅,2021-04-13,589.0,7.0,1.20%,,,,,,,,,ShowDailyK_ChartFlow,FinMind_API_TaiwanStockPrice_5904,True,2026-10-05T23:34:43,2026-10-05T23:34:43,2026-10-05T23:34:43
5904,寶雅,2021-04-14,589.0,0.0,0.00%,,,,,,,,,ShowDailyK_ChartFlow,FinMind_API_TaiwanStockPrice_5904,True,2026-10-05T23:34:43,2026-10-05T23:34:43,2026-10-05T23:34:43
5904,寶雅,2021-04-15,592.0,3.0,0.51%,,,,,,,,,ShowDailyK_ChartFlow,FinMind_API_TaiwanStockPrice_5904,True,2026-10-05T23:34:43,2026-10-05T23:34:43,2026-10-05T23:34:43
5904,寶雅,2021-04-16,592.0,0.0,0.00%,,,,,,,,,ShowDailyK_ChartFlow,FinMind_API_TaiwanStockPrice_5904,True,2026-10-05T23:34:43,2026-10-05T23:34:43,2026-10-05T23:34:43
5904,寶雅,2021-04-19,601.0,9.0,1.52%,,,,,,,,,ShowDailyK_ChartFlow,FinMind_API_TaiwanStockPrice_5904,True,2026-10-05T23:34:43,2026-10-05T23:34:43,2026-10-05T23:34:43
5904,寶雅,2021-04-20,604.0,3.0,0.50%,,,,,,,,,ShowDailyK_ChartFlow,FinMind_API_TaiwanStockPrice_5904,True,2026-10-05T23:34:43,2026-10-05T23:34:43,2026-10-05T23:34:43
5904,寶雅,2021-04-21,601.0,-3.0,-0.50%,,,,,,,,,ShowDailyK_ChartFlow,FinMind_API_TaiwanStockPrice_5904,True,2026-10-05T23:34:43,2026-10-05T23:34:43,2026-10-05T23:34:43
5904,寶雅,2021-04-22,603.0,2.0,0.33%,,,,,,,,,ShowDailyK_ChartFlow,FinMind_API_TaiwanStockPrice_5904,True,2026-10-05T23:34:43,2026-10-05T23:34:43,2026-10-05T23:34:43
5904,寶雅,2021-04-23,607.0,4.0,0.66%,,,,,,,,,ShowDailyK_ChartFlow,FinMind_API_TaiwanStockPrice_5904,True,2026-10-05T23:34:43,2026-10-05T23:34:43,2026-10-05T23:34:43
5904,寶雅,2021-04-26,609.0,2.0,0.33%,,,,,,,,,ShowDailyK_ChartFlow,FinMind_API_TaiwanStockPrice_5904,True,2026-10-05T23:34:43,2026-10-05T23:34:43,2026-10-05T23:34:43
5904,寶雅,2021-04-27,622.0,13.0,2.13%,,,,,,,,,ShowDailyK_ChartFlow,FinMind_API_TaiwanStockPrice_5904,True,2026-10-05T23:34:43,2026-10-05T23:34:43,2026-10-05T23:34:43
5904,寶雅,2021-04-28,612.0,-10.0,-1.61%,,,,,,,,,ShowDailyK_ChartFlow,FinMind_API_TaiwanStockPrice_5904,True,2026-10-05T23:34:43,2026-10-05T23:34:43,2026-10-05T23:34:43
5904,寶雅,2021-04-29,612.0,0.0,0.00%,,,,,,,,,ShowDailyK_ChartFlow,FinMind_API_TaiwanStockPrice_5904,True,2026-10-05T23:34:43,2026-10-05T23:34:43,2026-10-05T23:34:43
5904,寶雅,2021-05-03,610.0,-2.0,-0.33%,,,,,,,,,ShowDailyK_ChartFlow,FinMind_API_TaiwanStockPrice_5904,True,2026-10-05T23:34:43,2026-10-05T23:34:43,2026-10-05T23:34:43
5904,寶雅,2021-05-04,593.0,-17.0,-2.79%,,,,,,,,,ShowDailyK_ChartFlow,FinMind_API_TaiwanStockPrice_5904,True,2026-10-05T23:34:43,2026-10-05T23:34:43,2026-10-05T23:34:43
5904,寶雅,2021-05-05,601.0,8.0,1.35%,,,,,,,,,ShowDailyK_ChartFlow,FinMind_API_TaiwanStockPrice_5904,True,2026-10-05T23:34:43,2026-10-05T23:34:43,2026-10-05T23:34:43
5904,寶雅,2021-05-06,605.0,4.0,0.67%,,,,,,,,,ShowDailyK_ChartFlow,FinMind_API_TaiwanStockPrice_5904,True,2026-10-05T23:34:43,2026-10-05T23:34:43,2026-10-05T23:34:43
5904,寶雅,2021-05-07,604.0,-1.0,-0.17%,,,,,,,,,ShowDailyK_ChartFlow,FinMind_API_TaiwanStockPrice_5904,True,2026-10-05T23:34:43,2026-10-05T23:34:43,2026-10-05T23:34:43
5904,寶雅,2021-05-10,604.0,0.0,0.00%,,,,,,,,,ShowDailyK_ChartFlow,FinMind_API_TaiwanStockPrice_5904,True,2026-10-05T23:34:43,2026-10-05T23:34:43,2026-10-05T23:34:43
5904,寶雅,2021-05-11,595.0,-9.0,-1.49%,,,,,,,,,ShowDailyK_ChartFlow,FinMind_API_TaiwanStockPrice_5904,True,2026-10-05T23:34:43,2026-10-05T23:34:43,2026-10-05T23:34:43
5904,寶雅,2021-05-12,573.0,-22.0,-3.70%,,,,,,,,,ShowDailyK_ChartFlow,FinMind_API_TaiwanStockPrice_5904,True,2026-10-05T23:34:43,2026-10-05T23:34:43,2026-10-05T23:34:43
5904,寶雅,2021-05-13,574.0,1.0,0.17%,,,,,,,,,ShowDailyK_ChartFlow,FinMind_API_TaiwanStockPrice_5904,True,2026-10-05T23:34:43,2026-10-05T23:34:43,2026-10-05T23:34:43
5904,寶雅,2021-05-14,580.0,6.0,1.05%,,,,,,,,,ShowDailyK_ChartFlow,FinMind_API_TaiwanStockPrice_5904,True,2026-10-05T23:34:43,2026-10-05T23:34:43,2026-10-05T23:34:43
5904,寶雅,2021-05-17,550.0,-30.0,-5.17%,,,,,,,,,ShowDailyK_ChartFlow,FinMind_API_TaiwanStockPrice_5904,True,2026-10-05T23:34:43,2026-10-05T23:34:43,2026-10-05T23:34:43
5904,寶雅,2021-05-18,565.0,15.0,2.73%,,,,,,,,,ShowDailyK_ChartFlow,FinMind_API_TaiwanStockPrice_5904,True,2026-10-05T23:34:43,2026-10-05T23:34:43,2026-10-05T23:34:43
5904,寶雅,2021-05-19,572.0,7.0,1.24%,,,,,,,,,ShowDailyK_ChartFlow,FinMind_API_TaiwanStockPrice_5904,True,2026-10-05T23:34:43,2026-10-05T23:34:43,2026-10-05T23:34:43
5904,寶雅,2021-05-20,572.0,0.0,0.00%,,,,,,,,,ShowDailyK_ChartFlow,FinMind_API_TaiwanStockPrice_5904,True,2026-10-05T23:34:43,2026-10-05T23:34:43,2026-10-05T23:34:43
5904,寶雅,2021-05-21,564.0,-8.0,-1.40%,,,,,,,,,ShowDailyK_ChartFlow,FinMind_API_TaiwanStockPrice_5904,True,2026-10-05T23:34:43,2026-10-05T23:34:43,2026-10-05T23:34:43
5904,寶雅,2021-05-24,555.0,-9.0,-1.60%,,,,,,,,,ShowDailyK_ChartFlow,FinMind_API_TaiwanStockPrice_5904,True,2026-10-05T23:34:43,2026-10-05T23:34:43,2026-10-05T23:34:43
5904,寶雅,2021-05-25,560.0,5.0,0.90%,,,,,,,,,ShowDailyK_ChartFlow,FinMind_API_TaiwanStockPrice_5904,True,2026-10-05T23:34:43,2026-10-05T23:34:43,2026-10-05T23:34:43
5904,寶雅,2021-05-26,551.0,-9.0,-1.61%,,,,,,,,,ShowDailyK_ChartFlow,FinMind_API_TaiwanStockPrice_5904,True,2026-10-05T23:34:43,2026-10-05T23:34:43,2026-10-05T23:34:43
5904,寶雅,2021-05-27,543.0,-8.0,-1.45%,,,,,,,,,ShowDailyK_ChartFlow,FinMind_API_TaiwanStockPrice_5904,True,2026-10-05T23:34:43,2026-10-05T23:34:43,2026-10-05T23:34:43
5904,寶雅,2021-05-28,542.0,-1.0,-0.18%,,,,,,,,,ShowDailyK_ChartFlow,FinMind_API_TaiwanStockPrice_5904,True,2026-10-05T23:34:43,2026-10-05T23:34:43,2026-10-05T23:34:43
5904,寶雅,2021-05-31,537.0,-5.0,-0.92%,,,,,,,,,ShowDailyK_ChartFlow,FinMind_API_TaiwanStockPrice_5904,True,2026-10-05T23:34:43,2026-10-05T23:34:43,2026-10-05T23:34:43
5904,寶雅,2021-06-01,540.0,3.0,0.56%,,,,,,,,,ShowDailyK_ChartFlow,FinMind_API_TaiwanStockPrice_5904,True,2026-10-05T23:34:43,2026-10-05T23:34:43,2026-10-05T23:34:43
5904,寶雅,2021-06-02,553.0,13.0,2.41%,,,,,,,,,ShowDailyK_ChartFlow,FinMind_API_TaiwanStockPrice_5904,True,2026-10-05T23:34:43,2026-10-05T23:34:43,2026-10-05T23:34:43
5904,寶雅,2021-06-03,566.0,13.0,2.35%,,,,,,,,,ShowDailyK_ChartFlow,FinMind_API_TaiwanStockPrice_5904,True,2026-10-05T23:34:43,2026-10-05T23:34:43,2026-10-05T23:34:43
5904,寶雅,2021-06-04,560.0,-6.0,-1.06%,,,,,,,,,ShowDailyK_ChartFlow,FinMind_API_TaiwanStockPrice_5904,True,2026-10-05T23:34:43,2026-10-05T23:34:43,2026-10-05T23:34:43
5904,寶雅,2021-06-07,549.0,-11.0,-1.96%,,,,,,,,,ShowDailyK_ChartFlow,FinMind_API_TaiwanStockPrice_5904,True,2026-10-05T23:34:43,2026-10-05T23:34:43,2026-10-05T23:34:43
5904,寶雅,2021-06-08,547.0,-2.0,-0.36%,,,,,,,,,ShowDailyK_ChartFlow,FinMind_API_TaiwanStockPrice_5904,True,2026-10-05T23:34:43,2026-10-05T23:34:43,2026-10-05T23:34:43
5904,寶雅,2021-06-09,542.0,-5.0,-0.91%,,,,,,,,,ShowDailyK_ChartFlow,FinMind_API_TaiwanStockPrice_5904,True,2026-10-05T23:34:43,2026-10-05T23:34:43,2026-10-05T23:34:43
5904,寶雅,2021-06-10,549.0,7.0,1.29%,,,,,,,,,ShowDailyK_ChartFlow,FinMind_API_TaiwanStockPrice_5904,True,2026-10-05T23:34:43,2026-10-05T23:34:43,2026-10-05T23:34:43
5904,寶雅,2021-06-11,549.0,0.0,0.00%,,,,,,,,,ShowDailyK_ChartFlow,FinMind_API_TaiwanStockPrice_5904,True,2026-10-05T23:34:43,2026-10-05T23:34:43,2026-10-05T23:34:43
5904,寶雅,2021-06-15,546.0,-3.0,-0.55%,,,,,,,,,ShowDailyK_ChartFlow,FinMind_API_TaiwanStockPrice_5904,True,2026-10-05T23:34:43,2026-10-05T23:34:43,2026-10-05T23:34:43
5904,寶雅,2021-06-16,548.0,2.0,0.37%,,,,,,,,,ShowDailyK_ChartFlow,FinMind_API_TaiwanStockPrice_5904,True,2026-10-05T23:34:43,2026-10-05T23:34:43,2026-10-05T23:34:43
5904,寶雅,2021-06-17,562.0,14.0,2.55%,,,,,,,,,ShowDailyK_ChartFlow,FinMind_API_TaiwanStockPrice_5904,True,2026-10-05T23:34:43,2026-10-05T23:34:43,2026-10-05T23:34:43
5904,寶雅,2021-06-18,547.0,-15.0,-2.67%,,,,,,,,,ShowDailyK_ChartFlow,FinMind_API_TaiwanStockPrice_5904,True,2026-10-05T23:34:43,2026-10-05T23:34:43,2026-10-05T23:34:43
5904,寶雅,2021-06-21,546.0,-1.0,-0.18%,,,,,,,,,ShowDailyK_ChartFlow,FinMind_API_TaiwanStockPrice_5904,True,2026-10-05T23:34:43,2026-10-05T23:34:43,2026-10-05T23:34:43
5904,寶雅,2021-06-22,552.0,6.0,1.10%,,,,,,,,,ShowDailyK_ChartFlow,FinMind_API_TaiwanStockPrice_5904,True,2026-10-05T23:34:43,2026-10-05T23:34:43,2026-10-05T23:34:43
5904,寶雅,2021-06-23,548.0,-4.0,-0.72%,,,,,,,,,ShowDailyK_ChartFlow,FinMind_API_TaiwanStockPrice_5904,True,2026-10-05T23:34:43,2026-10-05T23:34:43,2026-10-05T23:34:43
5904,寶雅,2021-06-24,550.0,2.0,0.36%,,,,,,,,,ShowDailyK_ChartFlow,FinMind_API_TaiwanStockPrice_5904,True,2026-10-05T23:34:43,2026-10-05T23:34:43,2026-10-05T23:34:43
5904,寶雅,2021-06-25,547.0,-3.0,-0.55%,,,,,,,,,ShowDailyK_ChartFlow,FinMind_API_TaiwanStockPrice_5904,True,2026-10-05T23:34:43,2026-10-05T23:34:43,2026-10-05T23:34:43
5904,寶雅,2021-06-28,549.0,2.0,0.37%,,,,,,,,,ShowDailyK_ChartFlow,FinMind_API_TaiwanStockPrice_5904,True,2026-10-05T23:34:43,2026-10-05T23:34:43,2026-10-05T23:34:43
5904,寶雅,2021-06-29,544.0,-5.0,-0.91%,,,,,,,,,ShowDailyK_ChartFlow,FinMind_API_TaiwanStockPrice_5904,True,2026-10-05T23:34:43,2026-10-05T23:34:43,2026-10-05T23:34:43
5904,寶雅,2021-06-30,543.0,-1.0,-0.18%,,,,,,,,,ShowDailyK_ChartFlow,FinMind_API_TaiwanStockPrice_5904,True,2026-10-05T23:34:43,2026-10-05T23:34:43,2026-10-05T23:34:43
5904,寶雅,2021-07-01,538.0,-5.0,-0.92%,,,,,,,,,ShowDailyK_ChartFlow,FinMind_API_TaiwanStockPrice_5904,True,2026-10-05T23:34:43,2026-10-05T23:34:43,2026-10-05T23:34:43
5904,寶雅,2021-07-02,534.0,-4.0,-0.74%,,,,,,,,,ShowDailyK_ChartFlow,FinMind_API_TaiwanStockPrice_5904,True,2026-10-05T23:34:43,2026-10-05T23:34:43,2026-10-05T23:34:43
5904,寶雅,2021-07-05,531.0,-3.0,-0.56%,,,,,,,,,ShowDailyK_ChartFlow,FinMind_API_TaiwanStockPrice_5904,True,2026-10-05T23:34:43,2026-10-05T23:34:43,2026-10-05T23:34:43
5904,寶雅,2021-07-06,525.0,-6.0,-1.13%,,,,,,,,,ShowDailyK_ChartFlow,FinMind_API_TaiwanStockPrice_5904,True,2026-10-05T23:34:43,2026-10-05T23:34:43,2026-10-05T23:34:43
5904,寶雅,2021-07-07,515.0,-10.0,-1.90%,,,,,,,,,ShowDailyK_ChartFlow,FinMind_API_TaiwanStockPrice_5904,True,2026-10-05T23:34:43,2026-10-05T23:34:43,2026-10-05T23:34:43
5904,寶雅,2021-07-08,513.0,-2.0,-0.39%,,,,,,,,,ShowDailyK_ChartFlow,FinMind_API_TaiwanStockPrice_5904,True,2026-10-05T23:34:43,2026-10-05T23:34:43,2026-10-05T23:34:43
5904,寶雅,2021-07-09,532.0,19.0,3.70%,,,,,,,,,ShowDailyK_ChartFlow,FinMind_API_TaiwanStockPrice_5904,True,2026-10-05T23:34:43,2026-10-05T23:34:43,2026-10-05T23:34:43
5904,寶雅,2021-07-12,527.0,-5.0,-0.94%,,,,,,,,,ShowDailyK_ChartFlow,FinMind_API_TaiwanStockPrice_5904,True,2026-10-05T23:34:43,2026-10-05T23:34:43,2026-10-05T23:34:43
5904,寶雅,2021-07-13,525.0,-2.0,-0.38%,,,,,,,,,ShowDailyK_ChartFlow,FinMind_API_TaiwanStockPrice_5904,True,2026-10-05T23:34:43,2026-10-05T23:34:43,2026-10-05T23:34:43
5904,寶雅,2021-07-14,538.0,13.0,2.48%,,,,,,,,,ShowDailyK_ChartFlow,FinMind_API_TaiwanStockPrice_5904,True,2026-10-05T23:34:43,2026-10-05T23:34:43,2026-10-05T23:34:43
5904,寶雅,2021-07-15,544.0,6.0,1.12%,,,,,,,,,ShowDailyK_ChartFlow,FinMind_API_TaiwanStockPrice_5904,True,2026-10-05T23:34:43,2026-10-05T23:34:43,2026-10-05T23:34:43
5904,寶雅,2021-07-16,545.0,1.0,0.18%,,,,,,,,,ShowDailyK_ChartFlow,FinMind_API_TaiwanStockPrice_5904,True,2026-10-05T23:34:43,2026-10-05T23:34:43,2026-10-05T23:34:43
5904,寶雅,2021-07-19,560.0,15.0,2.75%,,,,,,,,,ShowDailyK_ChartFlow,FinMind_API_TaiwanStockPrice_5904,True,2026-10-05T23:34:43,2026-10-05T23:34:43,2026-10-05T23:34:43
5904,寶雅,2021-07-20,560.0,0.0,0.00%,,,,,,,,,ShowDailyK_ChartFlow,FinMind_API_TaiwanStockPrice_5904,True,2026-10-05T23:34:43,2026-10-05T23:34:43,2026-10-05T23:34:43
5904,寶雅,2021-07-21,560.0,0.0,0.00%,,,,,,,,,ShowDailyK_ChartFlow,FinMind_API_TaiwanStockPrice_5904,True,2026-10-05T23:34:43,2026-10-05T23:34:43,2026-10-05T23:34:43
5904,寶雅,2021-07-22,560.0,0.0,0.00%,,,,,,,,,ShowDailyK_ChartFlow,FinMind_API_TaiwanStockPrice_5904,True,2026-10-05T23:34:43,2026-10-05T23:34:43,2026-10-05T23:34:43
5904,寶雅,2021-07-23,561.0,1.0,0.18%,,,,,,,,,ShowDailyK_ChartFlow,FinMind_API_TaiwanStockPrice_5904,True,2026-10-05T23:34:43,2026-10-05T23:34:43,2026-10-05T23:34:43
5904,寶雅,2021-07-26,568.0,7.0,1.25%,,,,,,,,,ShowDailyK_ChartFlow,FinMind_API_TaiwanStockPrice_5904,True,2026-10-05T23:34:43,2026-10-05T23:34:43,2026-10-05T23:34:43
5904,寶雅,2021-07-27,553.0,-15.0,-2.64%,,,,,,,,,ShowDailyK_ChartFlow,FinMind_API_TaiwanStockPrice_5904,True,2026-10-05T23:34:43,2026-10-05T23:34:43,2026-10-05T23:34:43
5904,寶雅,2021-07-28,560.0,7.0,1.27%,,,,,,,,,ShowDailyK_ChartFlow,FinMind_API_TaiwanStockPrice_5904,True,2026-10-05T23:34:43,2026-10-05T23:34:43,2026-10-05T23:34:43
5904,寶雅,2021-07-29,568.0,8.0,1.43%,,,,,,,,,ShowDailyK_ChartFlow,FinMind_API_TaiwanStockPrice_5904,True,2026-10-05T23:34:43,2026-10-05T23:34:43,2026-10-05T23:34:43
5904,寶雅,2021-07-30,597.0,29.0,5.11%,,,,,,,,,ShowDailyK_ChartFlow,FinMind_API_TaiwanStockPrice_5904,True,2026-10-05T23:34:43,2026-10-05T23:34:43,2026-10-05T23:34:43
5904,寶雅,2021-08-02,574.0,-23.0,-3.85%,,,,,,,,,ShowDailyK_ChartFlow,FinMind_API_TaiwanStockPrice_5904,True,2026-10-05T23:34:43,2026-10-05T23:34:43,2026-10-05T23:34:43
5904,寶雅,2021-08-03,570.0,-4.0,-0.70%,,,,,,,,,ShowDailyK_ChartFlow,FinMind_API_TaiwanStockPrice_5904,True,2026-10-05T23:34:43,2026-10-05T23:34:43,2026-10-05T23:34:43
5904,寶雅,2021-08-04,572.0,2.0,0.35%,,,,,,,,,ShowDailyK_ChartFlow,FinMind_API_TaiwanStockPrice_5904,True,2026-10-05T23:34:43,2026-10-05T23:34:43,2026-10-05T23:34:43
5904,寶雅,2021-08-05,584.0,12.0,2.10%,,,,,,,,,ShowDailyK_ChartFlow,FinMind_API_TaiwanStockPrice_5904,True,2026-10-05T23:34:43,2026-10-05T23:34:43,2026-10-05T23:34:43
5904,寶雅,2021-08-06,570.0,-14.0,-2.40%,,,,,,,,,ShowDailyK_ChartFlow,FinMind_API_TaiwanStockPrice_5904,True,2026-10-05T23:34:43,2026-10-05T23:34:43,2026-10-05T23:34:43
5904,寶雅,2021-08-09,574.0,4.0,0.70%,,,,,,,,,ShowDailyK_ChartFlow,FinMind_API_TaiwanStockPrice_5904,True,2026-10-05T23:34:43,2026-10-05T23:34:43,2026-10-05T23:34:43
5904,寶雅,2021-08-10,570.0,-4.0,-0.70%,,,,,,,,,ShowDailyK_ChartFlow,FinMind_API_TaiwanStockPrice_5904,True,2026-10-05T23:34:43,2026-10-05T23:34:43,2026-10-05T23:34:43
5904,寶雅,2021-08-11,581.0,11.0,1.93%,,,,,,,,,ShowDailyK_ChartFlow,FinMind_API_TaiwanStockPrice_5904,True,2026-10-05T23:34:43,2026-10-05T23:34:43,2026-10-05T23:34:43
5904,寶雅,2021-08-12,551.0,-30.0,-5.16%,,,,,,,,,ShowDailyK_ChartFlow,FinMind_API_TaiwanStockPrice_5904,True,2026-10-05T23:34:43,2026-10-05T23:34:43,2026-10-05T23:34:43
5904,寶雅,2021-08-13,547.0,-4.0,-0.73%,,,,,,,,,ShowDailyK_ChartFlow,FinMind_API_TaiwanStockPrice_5904,True,2026-10-05T23:34:43,2026-10-05T23:34:43,2026-10-05T23:34:43
5904,寶雅,2021-08-16,551.0,4.0,0.73%,,,,,,,,,ShowDailyK_ChartFlow,FinMind_API_TaiwanStockPrice_5904,True,2026-10-05T23:34:43,2026-10-05T23:34:43,2026-10-05T23:34:43
5904,寶雅,2021-08-17,550.0,-1.0,-0.18%,,,,,,,,,ShowDailyK_ChartFlow,FinMind_API_TaiwanStockPrice_5904,True,2026-10-05T23:34:43,2026-10-05T23:34:43,2026-10-05T23:34:43
5904,寶雅,2021-08-18,533.0,-17.0,-3.09%,,,,,,,,,ShowDailyK_ChartFlow,FinMind_API_TaiwanStockPrice_5904,True,2026-10-05T23:34:43,2026-10-05T23:34:43,2026-10-05T23:34:43
5904,寶雅,2021-08-19,524.0,-9.0,-1.69%,,,,,,,,,ShowDailyK_ChartFlow,FinMind_API_TaiwanStockPrice_5904,True,2026-10-05T23:34:43,2026-10-05T23:34:43,2026-10-05T23:34:43
5904,寶雅,2021-08-20,520.0,-4.0,-0.76%,,,,,,,,,ShowDailyK_ChartFlow,FinMind_API_TaiwanStockPrice_5904,True,2026-10-05T23:34:43,2026-10-05T23:34:43,2026-10-05T23:34:43
5904,寶雅,2021-08-23,529.0,9.0,1.73%,,,,,,,,,ShowDailyK_ChartFlow,FinMind_API_TaiwanStockPrice_5904,True,2026-10-05T23:34:43,2026-10-05T23:34:43,2026-10-05T23:34:43
5904,寶雅,2021-08-24,529.0,0.0,0.00%,,,,,,,,,ShowDailyK_ChartFlow,FinMind_API_TaiwanStockPrice_5904,True,2026-10-05T23:34:43,2026-10-05T23:34:43,2026-10-05T23:34:43
5904,寶雅,2021-08-25,527.0,-2.0,-0.38%,,,,,,,,,ShowDailyK_ChartFlow,FinMind_API_TaiwanStockPrice_5904,True,2026-10-05T23:34:43,2026-10-05T23:34:43,2026-10-05T23:34:43
5904,寶雅,2021-08-26,533.0,6.0,1.14%,,,,,,,,,ShowDailyK_ChartFlow,FinMind_API_TaiwanStockPrice_5904,True,2026-10-05T23:34:43,2026-10-05T23:34:43,2026-10-05T23:34:43
5904,寶雅,2021-08-27,525.0,-8.0,-1.50%,,,,,,,,,ShowDailyK_ChartFlow,FinMind_API_TaiwanStockPrice_5904,True,2026-10-05T23:34:43,2026-10-05T23:34:43,2026-10-05T23:34:43
5904,寶雅,2021-08-30,520.0,-5.0,-0.95%,,,,,,,,,ShowDailyK_ChartFlow,FinMind_API_TaiwanStockPrice_5904,True,2026-10-05T23:34:43,2026-10-05T23:34:43,2026-10-05T23:34:43
5904,寶雅,2021-08-31,505.0,-15.0,-2.88%,,,,,,,,,ShowDailyK_ChartFlow,FinMind_API_TaiwanStockPrice_5904,True,2026-10-05T23:34:43,2026-10-05T23:34:43,2026-10-05T23:34:43
5904,寶雅,2021-09-01,507.0,2.0,0.40%,,,,,,,,,ShowDailyK_ChartFlow,FinMind_API_TaiwanStockPrice_5904,True,2026-10-05T23:34:43,2026-10-05T23:34:43,2026-10-05T23:34:43
5904,寶雅,2021-09-02,505.0,-2.0,-0.39%,,,,,,,,,ShowDailyK_ChartFlow,FinMind_API_TaiwanStockPrice_5904,True,2026-10-05T23:34:43,2026-10-05T23:34:43,2026-10-05T23:34:43
5904,寶雅,2021-09-03,503.0,-2.0,-0.40%,,,,,,,,,ShowDailyK_ChartFlow,FinMind_API_TaiwanStockPrice_5904,True,2026-10-05T23:34:43,2026-10-05T23:34:43,2026-10-05T23:34:43
5904,寶雅,2021-09-06,512.0,9.0,1.79%,,,,,,,,,ShowDailyK_ChartFlow,FinMind_API_TaiwanStockPrice_5904,True,2026-10-05T23:34:43,2026-10-05T23:34:43,2026-10-05T23:34:43
5904,寶雅,2021-09-07,508.0,-4.0,-0.78%,,,,,,,,,ShowDailyK_ChartFlow,FinMind_API_TaiwanStockPrice_5904,True,2026-10-05T23:34:43,2026-10-05T23:34:43,2026-10-05T23:34:43
5904,寶雅,2021-09-08,499.5,-8.5,-1.67%,,,,,,,,,ShowDailyK_ChartFlow,FinMind_API_TaiwanStockPrice_5904,True,2026-10-05T23:34:43,2026-10-05T23:34:43,2026-10-05T23:34:43
5904,寶雅,2021-09-09,500.0,0.5,0.10%,,,,,,,,,ShowDailyK_ChartFlow,FinMind_API_TaiwanStockPrice_5904,True,2026-10-05T23:34:43,2026-10-05T23:34:43,2026-10-05T23:34:43
5904,寶雅,2021-09-10,501.0,1.0,0.20%,,,,,,,,,ShowDailyK_ChartFlow,FinMind_API_TaiwanStockPrice_5904,True,2026-10-05T23:34:43,2026-10-05T23:34:43,2026-10-05T23:34:43
5904,寶雅,2021-09-13,488.0,-13.0,-2.59%,,,,,,,,,ShowDailyK_ChartFlow,FinMind_API_TaiwanStockPrice_5904,True,2026-10-05T23:34:43,2026-10-05T23:34:43,2026-10-05T23:34:43
5904,寶雅,2021-09-14,480.5,-7.5,-1.54%,,,,,,,,,ShowDailyK_ChartFlow,FinMind_API_TaiwanStockPrice_5904,True,2026-10-05T23:34:43,2026-10-05T23:34:43,2026-10-05T23:34:43
5904,寶雅,2021-09-15,476.5,-4.0,-0.83%,,,,,,,,,ShowDailyK_ChartFlow,FinMind_API_TaiwanStockPrice_5904,True,2026-10-05T23:34:43,2026-10-05T23:34:43,2026-10-05T23:34:43
5904,寶雅,2021-09-16,478.0,1.5,0.31%,,,,,,,,,ShowDailyK_ChartFlow,FinMind_API_TaiwanStockPrice_5904,True,2026-10-05T23:34:43,2026-10-05T23:34:43,2026-10-05T23:34:43
5904,寶雅,2021-09-17,470.0,-8.0,-1.67%,,,,,,,,,ShowDailyK_ChartFlow,FinMind_API_TaiwanStockPrice_5904,True,2026-10-05T23:34:43,2026-10-05T23:34:43,2026-10-05T23:34:43
5904,寶雅,2021-09-22,459.0,-11.0,-2.34%,,,,,,,,,ShowDailyK_ChartFlow,FinMind_API_TaiwanStockPrice_5904,True,2026-10-05T23:34:43,2026-10-05T23:34:43,2026-10-05T23:34:43
5904,寶雅,2021-09-23,478.5,19.5,4.25%,,,,,,,,,ShowDailyK_ChartFlow,FinMind_API_TaiwanStockPrice_5904,True,2026-10-05T23:34:43,2026-10-05T23:34:43,2026-10-05T23:34:43
5904,寶雅,2021-09-24,479.0,0.5,0.10%,,,,,,,,,ShowDailyK_ChartFlow,FinMind_API_TaiwanStockPrice_5904,True,2026-10-05T23:34:43,2026-10-05T23:34:43,2026-10-05T23:34:43
5904,寶雅,2021-09-27,490.0,11.0,2.30%,,,,,,,,,ShowDailyK_ChartFlow,FinMind_API_TaiwanStockPrice_5904,True,2026-10-05T23:34:43,2026-10-05T23:34:43,2026-10-05T23:34:43
5904,寶雅,2021-09-28,473.0,-17.0,-3.47%,,,,,,,,,ShowDailyK_ChartFlow,FinMind_API_TaiwanStockPrice_5904,True,2026-10-05T23:34:43,2026-10-05T23:34:43,2026-10-05T23:34:43
5904,寶雅,2021-09-29,477.0,4.0,0.85%,,,,,,,,,ShowDailyK_ChartFlow,FinMind_API_TaiwanStockPrice_5904,True,2026-10-05T23:34:43,2026-10-05T23:34:43,2026-10-05T23:34:43
5904,寶雅,2021-09-30,472.5,-4.5,-0.94%,,,,,,,,,ShowDailyK_ChartFlow,FinMind_API_TaiwanStockPrice_5904,True,2026-10-05T23:34:43,2026-10-05T23:34:43,2026-10-05T23:34:43
5904,寶雅,2021-10-01,471.5,-1.0,-0.21%,,,,,,,,,ShowDailyK_ChartFlow,FinMind_API_TaiwanStockPrice_5904,True,2026-10-05T23:34:43,2026-10-05T23:34:43,2026-10-05T23:34:43
5904,寶雅,2021-10-04,485.0,13.5,2.86%,,,,,,,,,ShowDailyK_ChartFlow,FinMind_API_TaiwanStockPrice_5904,True,2026-10-05T23:34:43,2026-10-05T23:34:43,2026-10-05T23:34:43
5904,寶雅,2021-10-05,489.0,4.0,0.82%,,,,,,,,,ShowDailyK_ChartFlow,FinMind_API_TaiwanStockPrice_5904,True,2026-10-05T23:34:43,2026-10-05T23:34:43,2026-10-05T23:34:43
5904,寶雅,2021-10-06,491.0,2.0,0.41%,,,,,,,,,ShowDailyK_ChartFlow,FinMind_API_TaiwanStockPrice_5904,True,2026-10-05T23:34:43,2026-10-05T23:34:43,2026-10-05T23:34:43
5904,寶雅,2021-10-07,491.0,0.0,0.00%,,,,,,,,,ShowDailyK_ChartFlow,FinMind_API_TaiwanStockPrice_5904,True,2026-10-05T23:34:43,2026-10-05T23:34:43,2026-10-05T23:34:43
5904,寶雅,2021-10-08,486.5,-4.5,-0.92%,,,,,,,,,ShowDailyK_ChartFlow,FinMind_API_TaiwanStockPrice_5904,True,2026-10-05T23:34:43,2026-10-05T23:34:43,2026-10-05T23:34:43
5904,寶雅,2021-10-12,468.0,-18.5,-3.80%,,,,,,,,,ShowDailyK_ChartFlow,FinMind_API_TaiwanStockPrice_5904,True,2026-10-05T23:34:43,2026-10-05T23:34:43,2026-10-05T23:34:43
5904,寶雅,2021-10-13,478.5,10.5,2.24%,,,,,,,,,ShowDailyK_ChartFlow,FinMind_API_TaiwanStockPrice_5904,True,2026-10-05T23:34:43,2026-10-05T23:34:43,2026-10-05T23:34:43
5904,寶雅,2021-10-14,484.0,5.5,1.15%,,,,,,,,,ShowDailyK_ChartFlow,FinMind_API_TaiwanStockPrice_5904,True,2026-10-05T23:34:43,2026-10-05T23:34:43,2026-10-05T23:34:43
5904,寶雅,2021-10-15,483.0,-1.0,-0.21%,,,,,,,,,ShowDailyK_ChartFlow,FinMind_API_TaiwanStockPrice_5904,True,2026-10-05T23:34:43,2026-10-05T23:34:43,2026-10-05T23:34:43
5904,寶雅,2021-10-18,493.0,10.0,2.07%,,,,,,,,,ShowDailyK_ChartFlow,FinMind_API_TaiwanStockPrice_5904,True,2026-10-05T23:34:43,2026-10-05T23:34:43,2026-10-05T23:34:43
5904,寶雅,2021-10-19,500.0,7.0,1.42%,,,,,,,,,ShowDailyK_ChartFlow,FinMind_API_TaiwanStockPrice_5904,True,2026-10-05T23:34:43,2026-10-05T23:34:43,2026-10-05T23:34:43
5904,寶雅,2021-10-20,505.0,5.0,1.00%,,,,,,,,,ShowDailyK_ChartFlow,FinMind_API_TaiwanStockPrice_5904,True,2026-10-05T23:34:43,2026-10-05T23:34:43,2026-10-05T23:34:43
5904,寶雅,2021-10-21,508.0,3.0,0.59%,,,,,,,,,ShowDailyK_ChartFlow,FinMind_API_TaiwanStockPrice_5904,True,2026-10-05T23:34:43,2026-10-05T23:34:43,2026-10-05T23:34:43
5904,寶雅,2021-10-22,512.0,4.0,0.79%,,,,,,,,,ShowDailyK_ChartFlow,FinMind_API_TaiwanStockPrice_5904,True,2026-10-05T23:34:43,2026-10-05T23:34:43,2026-10-05T23:34:43
5904,寶雅,2021-10-25,509.0,-3.0,-0.59%,,,,,,,,,ShowDailyK_ChartFlow,FinMind_API_TaiwanStockPrice_5904,True,2026-10-05T23:34:43,2026-10-05T23:34:43,2026-10-05T23:34:43
5904,寶雅,2021-10-26,496.5,-12.5,-2.46%,,,,,,,,,ShowDailyK_ChartFlow,FinMind_API_TaiwanStockPrice_5904,True,2026-10-05T23:34:43,2026-10-05T23:34:43,2026-10-05T23:34:43
5904,寶雅,2021-10-27,492.5,-4.0,-0.81%,,,,,,,,,ShowDailyK_ChartFlow,FinMind_API_TaiwanStockPrice_5904,True,2026-10-05T23:34:43,2026-10-05T23:34:43,2026-10-05T23:34:43
5904,寶雅,2021-10-28,490.0,-2.5,-0.51%,,,,,,,,,ShowDailyK_ChartFlow,FinMind_API_TaiwanStockPrice_5904,True,2026-10-05T23:34:43,2026-10-05T23:34:43,2026-10-05T23:34:43
5904,寶雅,2021-10-29,497.0,7.0,1.43%,,,,,,,,,ShowDailyK_ChartFlow,FinMind_API_TaiwanStockPrice_5904,True,2026-10-05T23:34:43,2026-10-05T23:34:43,2026-10-05T23:34:43
5904,寶雅,2021-11-01,496.0,-1.0,-0.20%,,,,,,,,,ShowDailyK_ChartFlow,FinMind_API_TaiwanStockPrice_5904,True,2026-10-05T23:34:43,2026-10-05T23:34:43,2026-10-05T23:34:43
5904,寶雅,2021-11-02,500.0,4.0,0.81%,,,,,,,,,ShowDailyK_ChartFlow,FinMind_API_TaiwanStockPrice_5904,True,2026-10-05T23:34:43,2026-10-05T23:34:43,2026-10-05T23:34:43
5904,寶雅,2021-11-03,499.0,-1.0,-0.20%,,,,,,,,,ShowDailyK_ChartFlow,FinMind_API_TaiwanStockPrice_5904,True,2026-10-05T23:34:43,2026-10-05T23:34:43,2026-10-05T23:34:43
5904,寶雅,2021-11-04,497.0,-2.0,-0.40%,,,,,,,,,ShowDailyK_ChartFlow,FinMind_API_TaiwanStockPrice_5904,True,2026-10-05T23:34:43,2026-10-05T23:34:43,2026-10-05T23:34:43
5904,寶雅,2021-11-05,501.0,4.0,0.80%,,,,,,,,,ShowDailyK_ChartFlow,FinMind_API_TaiwanStockPrice_5904,True,2026-10-05T23:34:43,2026-10-05T23:34:43,2026-10-05T23:34:43
5904,寶雅,2021-11-08,513.0,12.0,2.40%,,,,,,,,,ShowDailyK_ChartFlow,FinMind_API_TaiwanStockPrice_5904,True,2026-10-05T23:34:43,2026-10-05T23:34:43,2026-10-05T23:34:43
5904,寶雅,2021-11-09,510.0,-3.0,-0.58%,,,,,,,,,ShowDailyK_ChartFlow,FinMind_API_TaiwanStockPrice_5904,True,2026-10-05T23:34:43,2026-10-05T23:34:43,2026-10-05T23:34:43
5904,寶雅,2021-11-10,513.0,3.0,0.59%,,,,,,,,,ShowDailyK_ChartFlow,FinMind_API_TaiwanStockPrice_5904,True,2026-10-05T23:34:43,2026-10-05T23:34:43,2026-10-05T23:34:43
5904,寶雅,2021-11-11,508.0,-5.0,-0.97%,,,,,,,,,ShowDailyK_ChartFlow,FinMind_API_TaiwanStockPrice_5904,True,2026-10-05T23:34:43,2026-10-05T23:34:43,2026-10-05T23:34:43
5904,寶雅,2021-11-12,508.0,0.0,0.00%,,,,,,,,,ShowDailyK_ChartFlow,FinMind_API_TaiwanStockPrice_5904,True,2026-10-05T23:34:43,2026-10-05T23:34:43,2026-10-05T23:34:43
5904,寶雅,2021-11-15,515.0,7.0,1.38%,,,,,,,,,ShowDailyK_ChartFlow,FinMind_API_TaiwanStockPrice_5904,True,2026-10-05T23:34:43,2026-10-05T23:34:43,2026-10-05T23:34:43
5904,寶雅,2021-11-16,516.0,1.0,0.19%,,,,,,,,,ShowDailyK_ChartFlow,FinMind_API_TaiwanStockPrice_5904,True,2026-10-05T23:34:43,2026-10-05T23:34:43,2026-10-05T23:34:43
5904,寶雅,2021-11-17,512.0,-4.0,-0.78%,,,,,,,,,ShowDailyK_ChartFlow,FinMind_API_TaiwanStockPrice_5904,True,2026-10-05T23:34:43,2026-10-05T23:34:43,2026-10-05T23:34:43
5904,寶雅,2021-11-18,506.0,-6.0,-1.17%,,,,,,,,,ShowDailyK_ChartFlow,FinMind_API_TaiwanStockPrice_5904,True,2026-10-05T23:34:43,2026-10-05T23:34:43,2026-10-05T23:34:43
5904,寶雅,2021-11-19,501.0,-5.0,-0.99%,,,,,,,,,ShowDailyK_ChartFlow,FinMind_API_TaiwanStockPrice_5904,True,2026-10-05T23:34:43,2026-10-05T23:34:43,2026-10-05T23:34:43
5904,寶雅,2021-11-22,501.0,0.0,0.00%,,,,,,,,,ShowDailyK_ChartFlow,FinMind_API_TaiwanStockPrice_5904,True,2026-10-05T23:34:43,2026-10-05T23:34:43,2026-10-05T23:34:43
5904,寶雅,2021-11-23,503.0,2.0,0.40%,,,,,,,,,ShowDailyK_ChartFlow,FinMind_API_TaiwanStockPrice_5904,True,2026-10-05T23:34:43,2026-10-05T23:34:43,2026-10-05T23:34:43
5904,寶雅,2021-11-24,506.0,3.0,0.60%,,,,,,,,,ShowDailyK_ChartFlow,FinMind_API_TaiwanStockPrice_5904,True,2026-10-05T23:34:43,2026-10-05T23:34:43,2026-10-05T23:34:43
5904,寶雅,2021-11-25,518.0,12.0,2.37%,,,,,,,,,ShowDailyK_ChartFlow,FinMind_API_TaiwanStockPrice_5904,True,2026-10-05T23:34:43,2026-10-05T23:34:43,2026-10-05T23:34:43
5904,寶雅,2021-11-26,502.0,-16.0,-3.09%,,,,,,,,,ShowDailyK_ChartFlow,FinMind_API_TaiwanStockPrice_5904,True,2026-10-05T23:34:43,2026-10-05T23:34:43,2026-10-05T23:34:43
5904,寶雅,2021-11-29,491.0,-11.0,-2.19%,,,,,,,,,ShowDailyK_ChartFlow,FinMind_API_TaiwanStockPrice_5904,True,2026-10-05T23:34:43,2026-10-05T23:34:43,2026-10-05T23:34:43
5904,寶雅,2021-11-30,488.0,-3.0,-0.61%,,,,,,,,,ShowDailyK_ChartFlow,FinMind_API_TaiwanStockPrice_5904,True,2026-10-05T23:34:43,2026-10-05T23:34:43,2026-10-05T23:34:43
5904,寶雅,2021-12-01,484.0,-4.0,-0.82%,,,,,,,,,ShowDailyK_ChartFlow,FinMind_API_TaiwanStockPrice_5904,True,2026-10-05T23:34:43,2026-10-05T23:34:43,2026-10-05T23:34:43
5904,寶雅,2021-12-02,487.5,3.5,0.72%,,,,,,,,,ShowDailyK_ChartFlow,FinMind_API_TaiwanStockPrice_5904,True,2026-10-05T23:34:43,2026-10-05T23:34:43,2026-10-05T23:34:43
5904,寶雅,2021-12-03,491.5,4.0,0.82%,,,,,,,,,ShowDailyK_ChartFlow,FinMind_API_TaiwanStockPrice_5904,True,2026-10-05T23:34:43,2026-10-05T23:34:43,2026-10-05T23:34:43
5904,寶雅,2021-12-06,489.5,-2.0,-0.41%,,,,,,,,,ShowDailyK_ChartFlow,FinMind_API_TaiwanStockPrice_5904,True,2026-10-05T23:34:43,2026-10-05T23:34:43,2026-10-05T23:34:43
5904,寶雅,2021-12-07,490.0,0.5,0.10%,,,,,,,,,ShowDailyK_ChartFlow,FinMind_API_TaiwanStockPrice_5904,True,2026-10-05T23:34:43,2026-10-05T23:34:43,2026-10-05T23:34:43
5904,寶雅,2021-12-08,491.0,1.0,0.20%,,,,,,,,,ShowDailyK_ChartFlow,FinMind_API_TaiwanStockPrice_5904,True,2026-10-05T23:34:43,2026-10-05T23:34:43,2026-10-05T23:34:43
5904,寶雅,2021-12-09,489.0,-2.0,-0.41%,,,,,,,,,ShowDailyK_ChartFlow,FinMind_API_TaiwanStockPrice_5904,True,2026-10-05T23:34:43,2026-10-05T23:34:43,2026-10-05T23:34:43
5904,寶雅,2021-12-10,493.0,4.0,0.82%,,,,,,,,,ShowDailyK_ChartFlow,FinMind_API_TaiwanStockPrice_5904,True,2026-10-05T23:34:43,2026-10-05T23:34:43,2026-10-05T23:34:43
5904,寶雅,2021-12-13,491.5,-1.5,-0.30%,,,,,,,,,ShowDailyK_ChartFlow,FinMind_API_TaiwanStockPrice_5904,True,2026-10-05T23:34:43,2026-10-05T23:34:43,2026-10-05T23:34:43
5904,寶雅,2021-12-14,485.0,-6.5,-1.32%,,,,,,,,,ShowDailyK_ChartFlow,FinMind_API_TaiwanStockPrice_5904,True,2026-10-05T23:34:43,2026-10-05T23:34:43,2026-10-05T23:34:43
5904,寶雅,2021-12-15,479.0,-6.0,-1.24%,,,,,,,,,ShowDailyK_ChartFlow,FinMind_API_TaiwanStockPrice_5904,True,2026-10-05T23:34:43,2026-10-05T23:34:43,2026-10-05T23:34:43
5904,寶雅,2021-12-16,462.5,-16.5,-3.44%,,,,,,,,,ShowDailyK_ChartFlow,FinMind_API_TaiwanStockPrice_5904,True,2026-10-05T23:34:43,2026-10-05T23:34:43,2026-10-05T23:34:43
5904,寶雅,2021-12-17,455.0,-7.5,-1.62%,,,,,,,,,ShowDailyK_ChartFlow,FinMind_API_TaiwanStockPrice_5904,True,2026-10-05T23:34:43,2026-10-05T23:34:43,2026-10-05T23:34:43
5904,寶雅,2021-12-20,451.0,-4.0,-0.88%,,,,,,,,,ShowDailyK_ChartFlow,FinMind_API_TaiwanStockPrice_5904,True,2026-10-05T23:34:43,2026-10-05T23:34:43,2026-10-05T23:34:43
5904,寶雅,2021-12-21,441.5,-9.5,-2.11%,,,,,,,,,ShowDailyK_ChartFlow,FinMind_API_TaiwanStockPrice_5904,True,2026-10-05T23:34:43,2026-10-05T23:34:43,2026-10-05T23:34:43
5904,寶雅,2021-12-22,443.5,2.0,0.45%,,,,,,,,,ShowDailyK_ChartFlow,FinMind_API_TaiwanStockPrice_5904,True,2026-10-05T23:34:43,2026-10-05T23:34:43,2026-10-05T23:34:43
5904,寶雅,2021-12-23,441.0,-2.5,-0.56%,,,,,,,,,ShowDailyK_ChartFlow,FinMind_API_TaiwanStockPrice_5904,True,2026-10-05T23:34:43,2026-10-05T23:34:43,2026-10-05T23:34:43
5904,寶雅,2021-12-24,430.5,-10.5,-2.38%,,,,,,,,,ShowDailyK_ChartFlow,FinMind_API_TaiwanStockPrice_5904,True,2026-10-05T23:34:43,2026-10-05T23:34:43,2026-10-05T23:34:43
5904,寶雅,2021-12-27,417.0,-13.5,-3.14%,,,,,,,,,ShowDailyK_ChartFlow,FinMind_API_TaiwanStockPrice_5904,True,2026-10-05T23:34:43,2026-10-05T23:34:43,2026-10-05T23:34:43
5904,寶雅,2021-12-28,439.0,22.0,5.28%,,,,,,,,,ShowDailyK_ChartFlow,FinMind_API_TaiwanStockPrice_5904,True,2026-10-05T23:34:43,2026-10-05T23:34:43,2026-10-05T23:34:43
5904,寶雅,2021-12-29,441.0,2.0,0.46%,,,,,,,,,ShowDailyK_ChartFlow,FinMind_API_TaiwanStockPrice_5904,True,2026-10-05T23:34:43,2026-10-05T23:34:43,2026-10-05T23:34:43
5904,寶雅,2021-12-30,423.5,-17.5,-3.97%,,,,,,,,,ShowDailyK_ChartFlow,FinMind_API_TaiwanStockPrice_5904,True,2026-10-05T23:34:43,2026-10-05T23:34:43,2026-10-05T23:34:43
5904,寶雅,2022-01-03,421.0,-2.5,-0.59%,,,,,,,,,ShowDailyK_ChartFlow,FinMind_API_TaiwanStockPrice_5904,True,2026-10-05T23:34:43,2026-10-05T23:34:43,2026-10-05T23:34:43
5904,寶雅,2022-01-04,428.0,7.0,1.66%,,,,,,,,,ShowDailyK_ChartFlow,FinMind_API_TaiwanStockPrice_5904,True,2026-10-05T23:34:43,2026-10-05T23:34:43,2026-10-05T23:34:43
5904,寶雅,2022-01-05,429.0,1.0,0.23%,,,,,,,,,ShowDailyK_ChartFlow,FinMind_API_TaiwanStockPrice_5904,True,2026-10-05T23:34:43,2026-10-05T23:34:43,2026-10-05T23:34:43
5904,寶雅,2022-01-06,418.0,-11.0,-2.56%,,,,,,,,,ShowDailyK_ChartFlow,FinMind_API_TaiwanStockPrice_5904,True,2026-10-05T23:34:43,2026-10-05T23:34:43,2026-10-05T23:34:43
5904,寶雅,2022-01-07,418.0,0.0,0.00%,,,,,,,,,ShowDailyK_ChartFlow,FinMind_API_TaiwanStockPrice_5904,True,2026-10-05T23:34:43,2026-10-05T23:34:43,2026-10-05T23:34:43
5904,寶雅,2022-01-10,418.5,0.5,0.12%,,,,,,,,,ShowDailyK_ChartFlow,FinMind_API_TaiwanStockPrice_5904,True,2026-10-05T23:34:43,2026-10-05T23:34:43,2026-10-05T23:34:43
5904,寶雅,2022-01-11,426.5,8.0,1.91%,,,,,,,,,ShowDailyK_ChartFlow,FinMind_API_TaiwanStockPrice_5904,True,2026-10-05T23:34:43,2026-10-05T23:34:43,2026-10-05T23:34:43
5904,寶雅,2022-01-12,430.0,3.5,0.82%,,,,,,,,,ShowDailyK_ChartFlow,FinMind_API_TaiwanStockPrice_5904,True,2026-10-05T23:34:43,2026-10-05T23:34:43,2026-10-05T23:34:43
5904,寶雅,2022-01-13,443.0,13.0,3.02%,,,,,,,,,ShowDailyK_ChartFlow,FinMind_API_TaiwanStockPrice_5904,True,2026-10-05T23:34:43,2026-10-05T23:34:43,2026-10-05T23:34:43
5904,寶雅,2022-01-14,446.0,3.0,0.68%,,,,,,,,,ShowDailyK_ChartFlow,FinMind_API_TaiwanStockPrice_5904,True,2026-10-05T23:34:43,2026-10-05T23:34:43,2026-10-05T23:34:43
5904,寶雅,2022-01-17,441.0,-5.0,-1.12%,,,,,,,,,ShowDailyK_ChartFlow,FinMind_API_TaiwanStockPrice_5904,True,2026-10-05T23:34:43,2026-10-05T23:34:43,2026-10-05T23:34:43
5904,寶雅,2022-01-18,446.5,5.5,1.25%,,,,,,,,,ShowDailyK_ChartFlow,FinMind_API_TaiwanStockPrice_5904,True,2026-10-05T23:34:43,2026-10-05T23:34:43,2026-10-05T23:34:43
5904,寶雅,2022-01-19,435.5,-11.0,-2.46%,,,,,,,,,ShowDailyK_ChartFlow,FinMind_API_TaiwanStockPrice_5904,True,2026-10-05T23:34:43,2026-10-05T23:34:43,2026-10-05T23:34:43
5904,寶雅,2022-01-20,440.0,4.5,1.03%,,,,,,,,,ShowDailyK_ChartFlow,FinMind_API_TaiwanStockPrice_5904,True,2026-10-05T23:34:43,2026-10-05T23:34:43,2026-10-05T23:34:43
5904,寶雅,2022-01-21,432.0,-8.0,-1.82%,,,,,,,,,ShowDailyK_ChartFlow,FinMind_API_TaiwanStockPrice_5904,True,2026-10-05T23:34:43,2026-10-05T23:34:43,2026-10-05T23:34:43
5904,寶雅,2022-01-24,425.0,-7.0,-1.62%,,,,,,,,,ShowDailyK_ChartFlow,FinMind_API_TaiwanStockPrice_5904,True,2026-10-05T23:34:43,2026-10-05T23:34:43,2026-10-05T23:34:43
5904,寶雅,2022-01-25,426.0,1.0,0.24%,,,,,,,,,ShowDailyK_ChartFlow,FinMind_API_TaiwanStockPrice_5904,True,2026-10-05T23:34:43,2026-10-05T23:34:43,2026-10-05T23:34:43
5904,寶雅,2022-01-26,421.0,-5.0,-1.17%,,,,,,,,,ShowDailyK_ChartFlow,FinMind_API_TaiwanStockPrice_5904,True,2026-10-05T23:34:43,2026-10-05T23:34:43,2026-10-05T23:34:43
5904,寶雅,2022-02-07,418.0,-3.0,-0.71%,,,,,,,,,ShowDailyK_ChartFlow,FinMind_API_TaiwanStockPrice_5904,True,2026-10-05T23:34:43,2026-10-05T23:34:43,2026-10-05T23:34:43
5904,寶雅,2022-02-08,421.0,3.0,0.72%,,,,,,,,,ShowDailyK_ChartFlow,FinMind_API_TaiwanStockPrice_5904,True,2026-10-05T23:34:43,2026-10-05T23:34:43,2026-10-05T23:34:43
5904,寶雅,2022-02-09,420.0,-1.0,-0.24%,,,,,,,,,ShowDailyK_ChartFlow,FinMind_API_TaiwanStockPrice_5904,True,2026-10-05T23:34:43,2026-10-05T23:34:43,2026-10-05T23:34:43
5904,寶雅,2022-02-10,417.0,-3.0,-0.71%,,,,,,,,,ShowDailyK_ChartFlow,FinMind_API_TaiwanStockPrice_5904,True,2026-10-05T23:34:43,2026-10-05T23:34:43,2026-10-05T23:34:43
5904,寶雅,2022-02-11,418.0,1.0,0.24%,,,,,,,,,ShowDailyK_ChartFlow,FinMind_API_TaiwanStockPrice_5904,True,2026-10-05T23:34:43,2026-10-05T23:34:43,2026-10-05T23:34:43
5904,寶雅,2022-02-14,415.0,-3.0,-0.72%,,,,,,,,,ShowDailyK_ChartFlow,FinMind_API_TaiwanStockPrice_5904,True,2026-10-05T23:34:43,2026-10-05T23:34:43,2026-10-05T23:34:43
5904,寶雅,2022-02-15,411.5,-3.5,-0.84%,,,,,,,,,ShowDailyK_ChartFlow,FinMind_API_TaiwanStockPrice_5904,True,2026-10-05T23:34:43,2026-10-05T23:34:43,2026-10-05T23:34:43
5904,寶雅,2022-02-16,413.5,2.0,0.49%,,,,,,,,,ShowDailyK_ChartFlow,FinMind_API_TaiwanStockPrice_5904,True,2026-10-05T23:34:43,2026-10-05T23:34:43,2026-10-05T23:34:43
5904,寶雅,2022-02-17,418.0,4.5,1.09%,,,,,,,,,ShowDailyK_ChartFlow,FinMind_API_TaiwanStockPrice_5904,True,2026-10-05T23:34:43,2026-10-05T23:34:43,2026-10-05T23:34:43
5904,寶雅,2022-02-18,412.5,-5.5,-1.32%,,,,,,,,,ShowDailyK_ChartFlow,FinMind_API_TaiwanStockPrice_5904,True,2026-10-05T23:34:43,2026-10-05T23:34:43,2026-10-05T23:34:43
5904,寶雅,2022-02-21,403.0,-9.5,-2.30%,,,,,,,,,ShowDailyK_ChartFlow,FinMind_API_TaiwanStockPrice_5904,True,2026-10-05T23:34:43,2026-10-05T23:34:43,2026-10-05T23:34:43
5904,寶雅,2022-02-22,403.5,0.5,0.12%,,,,,,,,,ShowDailyK_ChartFlow,FinMind_API_TaiwanStockPrice_5904,True,2026-10-05T23:34:43,2026-10-05T23:34:43,2026-10-05T23:34:43
5904,寶雅,2022-02-23,408.0,4.5,1.12%,,,,,,,,,ShowDailyK_ChartFlow,FinMind_API_TaiwanStockPrice_5904,True,2026-10-05T23:34:43,2026-10-05T23:34:43,2026-10-05T23:34:43
5904,寶雅,2022-02-24,408.0,0.0,0.00%,,,,,,,,,ShowDailyK_ChartFlow,FinMind_API_TaiwanStockPrice_5904,True,2026-10-05T23:34:43,2026-10-05T23:34:43,2026-10-05T23:34:43
5904,寶雅,2022-02-25,405.0,-3.0,-0.74%,,,,,,,,,ShowDailyK_ChartFlow,FinMind_API_TaiwanStockPrice_5904,True,2026-10-05T23:34:43,2026-10-05T23:34:43,2026-10-05T23:34:43
5904,寶雅,2022-03-01,415.0,10.0,2.47%,,,,,,,,,ShowDailyK_ChartFlow,FinMind_API_TaiwanStockPrice_5904,True,2026-10-05T23:34:43,2026-10-05T23:34:43,2026-10-05T23:34:43
5904,寶雅,2022-03-02,408.0,-7.0,-1.69%,,,,,,,,,ShowDailyK_ChartFlow,FinMind_API_TaiwanStockPrice_5904,True,2026-10-05T23:34:43,2026-10-05T23:34:43,2026-10-05T23:34:43
5904,寶雅,2022-03-03,403.0,-5.0,-1.23%,,,,,,,,,ShowDailyK_ChartFlow,FinMind_API_TaiwanStockPrice_5904,True,2026-10-05T23:34:43,2026-10-05T23:34:43,2026-10-05T23:34:43
5904,寶雅,2022-03-04,403.0,0.0,0.00%,,,,,,,,,ShowDailyK_ChartFlow,FinMind_API_TaiwanStockPrice_5904,True,2026-10-05T23:34:43,2026-10-05T23:34:43,2026-10-05T23:34:43
5904,寶雅,2022-03-07,388.0,-15.0,-3.72%,,,,,,,,,ShowDailyK_ChartFlow,FinMind_API_TaiwanStockPrice_5904,True,2026-10-05T23:34:43,2026-10-05T23:34:43,2026-10-05T23:34:43
5904,寶雅,2022-03-08,385.5,-2.5,-0.64%,,,,,,,,,ShowDailyK_ChartFlow,FinMind_API_TaiwanStockPrice_5904,True,2026-10-05T23:34:43,2026-10-05T23:34:43,2026-10-05T23:34:43
5904,寶雅,2022-03-09,382.0,-3.5,-0.91%,,,,,,,,,ShowDailyK_ChartFlow,FinMind_API_TaiwanStockPrice_5904,True,2026-10-05T23:34:43,2026-10-05T23:34:43,2026-10-05T23:34:43
5904,寶雅,2022-03-10,392.0,10.0,2.62%,,,,,,,,,ShowDailyK_ChartFlow,FinMind_API_TaiwanStockPrice_5904,True,2026-10-05T23:34:43,2026-10-05T23:34:43,2026-10-05T23:34:43
5904,寶雅,2022-03-11,388.0,-4.0,-1.02%,,,,,,,,,ShowDailyK_ChartFlow,FinMind_API_TaiwanStockPrice_5904,True,2026-10-05T23:34:43,2026-10-05T23:34:43,2026-10-05T23:34:43
5904,寶雅,2022-03-14,385.0,-3.0,-0.77%,,,,,,,,,ShowDailyK_ChartFlow,FinMind_API_TaiwanStockPrice_5904,True,2026-10-05T23:34:43,2026-10-05T23:34:43,2026-10-05T23:34:43
5904,寶雅,2022-03-15,386.5,1.5,0.39%,,,,,,,,,ShowDailyK_ChartFlow,FinMind_API_TaiwanStockPrice_5904,True,2026-10-05T23:34:43,2026-10-05T23:34:43,2026-10-05T23:34:43
5904,寶雅,2022-03-16,393.0,6.5,1.68%,,,,,,,,,ShowDailyK_ChartFlow,FinMind_API_TaiwanStockPrice_5904,True,2026-10-05T23:34:43,2026-10-05T23:34:43,2026-10-05T23:34:43
5904,寶雅,2022-03-17,390.5,-2.5,-0.64%,,,,,,,,,ShowDailyK_ChartFlow,FinMind_API_TaiwanStockPrice_5904,True,2026-10-05T23:34:43,2026-10-05T23:34:43,2026-10-05T23:34:43
5904,寶雅,2022-03-18,388.0,-2.5,-0.64%,,,,,,,,,ShowDailyK_ChartFlow,FinMind_API_TaiwanStockPrice_5904,True,2026-10-05T23:34:43,2026-10-05T23:34:43,2026-10-05T23:34:43
5904,寶雅,2022-03-21,388.0,0.0,0.00%,,,,,,,,,ShowDailyK_ChartFlow,FinMind_API_TaiwanStockPrice_5904,True,2026-10-05T23:34:43,2026-10-05T23:34:43,2026-10-05T23:34:43
5904,寶雅,2022-03-22,396.5,8.5,2.19%,,,,,,,,,ShowDailyK_ChartFlow,FinMind_API_TaiwanStockPrice_5904,True,2026-10-05T23:34:43,2026-10-05T23:34:43,2026-10-05T23:34:43
5904,寶雅,2022-03-23,405.0,8.5,2.14%,,,,,,,,,ShowDailyK_ChartFlow,FinMind_API_TaiwanStockPrice_5904,True,2026-10-05T23:34:43,2026-10-05T23:34:43,2026-10-05T23:34:43
5904,寶雅,2022-03-24,402.5,-2.5,-0.62%,,,,,,,,,ShowDailyK_ChartFlow,FinMind_API_TaiwanStockPrice_5904,True,2026-10-05T23:34:43,2026-10-05T23:34:43,2026-10-05T23:34:43
5904,寶雅,2022-03-25,399.5,-3.0,-0.75%,,,,,,,,,ShowDailyK_ChartFlow,FinMind_API_TaiwanStockPrice_5904,True,2026-10-05T23:34:43,2026-10-05T23:34:43,2026-10-05T23:34:43
5904,寶雅,2022-03-28,397.5,-2.0,-0.50%,,,,,,,,,ShowDailyK_ChartFlow,FinMind_API_TaiwanStockPrice_5904,True,2026-10-05T23:34:43,2026-10-05T23:34:43,2026-10-05T23:34:43
5904,寶雅,2022-03-29,398.0,0.5,0.13%,,,,,,,,,ShowDailyK_ChartFlow,FinMind_API_TaiwanStockPrice_5904,True,2026-10-05T23:34:43,2026-10-05T23:34:43,2026-10-05T23:34:43
5904,寶雅,2022-03-30,398.0,0.0,0.00%,,,,,,,,,ShowDailyK_ChartFlow,FinMind_API_TaiwanStockPrice_5904,True,2026-10-05T23:34:43,2026-10-05T23:34:43,2026-10-05T23:34:43
5904,寶雅,2022-03-31,389.0,-9.0,-2.26%,,,,,,,,,ShowDailyK_ChartFlow,FinMind_API_TaiwanStockPrice_5904,True,2026-10-05T23:34:43,2026-10-05T23:34:43,2026-10-05T23:34:43
5904,寶雅,2022-04-01,386.0,-3.0,-0.77%,,,,,,,,,ShowDailyK_ChartFlow,FinMind_API_TaiwanStockPrice_5904,True,2026-10-05T23:34:43,2026-10-05T23:34:43,2026-10-05T23:34:43
5904,寶雅,2022-04-06,388.5,2.5,0.65%,,,,,,,,,ShowDailyK_ChartFlow,FinMind_API_TaiwanStockPrice_5904,True,2026-10-05T23:34:43,2026-10-05T23:34:43,2026-10-05T23:34:43
5904,寶雅,2022-04-07,382.0,-6.5,-1.67%,,,,,,,,,ShowDailyK_ChartFlow,FinMind_API_TaiwanStockPrice_5904,True,2026-10-05T23:34:43,2026-10-05T23:34:43,2026-10-05T23:34:43
5904,寶雅,2022-04-08,379.5,-2.5,-0.65%,,,,,,,,,ShowDailyK_ChartFlow,FinMind_API_TaiwanStockPrice_5904,True,2026-10-05T23:34:43,2026-10-05T23:34:43,2026-10-05T23:34:43
5904,寶雅,2022-04-11,362.0,-17.5,-4.61%,,,,,,,,,ShowDailyK_ChartFlow,FinMind_API_TaiwanStockPrice_5904,True,2026-10-05T23:34:43,2026-10-05T23:34:43,2026-10-05T23:34:43
5904,寶雅,2022-04-12,355.0,-7.0,-1.93%,,,,,,,,,ShowDailyK_ChartFlow,FinMind_API_TaiwanStockPrice_5904,True,2026-10-05T23:34:43,2026-10-05T23:34:43,2026-10-05T23:34:43
5904,寶雅,2022-04-13,350.5,-4.5,-1.27%,,,,,,,,,ShowDailyK_ChartFlow,FinMind_API_TaiwanStockPrice_5904,True,2026-10-05T23:34:43,2026-10-05T23:34:43,2026-10-05T23:34:43
5904,寶雅,2022-04-14,349.0,-1.5,-0.43%,,,,,,,,,ShowDailyK_ChartFlow,FinMind_API_TaiwanStockPrice_5904,True,2026-10-05T23:34:43,2026-10-05T23:34:43,2026-10-05T23:34:43
5904,寶雅,2022-04-15,349.0,0.0,0.00%,,,,,,,,,ShowDailyK_ChartFlow,FinMind_API_TaiwanStockPrice_5904,True,2026-10-05T23:34:43,2026-10-05T23:34:43,2026-10-05T23:34:43
5904,寶雅,2022-04-18,375.0,26.0,7.45%,,,,,,,,,ShowDailyK_ChartFlow,FinMind_API_TaiwanStockPrice_5904,True,2026-10-05T23:34:43,2026-10-05T23:34:43,2026-10-05T23:34:43
5904,寶雅,2022-04-19,369.0,-6.0,-1.60%,,,,,,,,,ShowDailyK_ChartFlow,FinMind_API_TaiwanStockPrice_5904,True,2026-10-05T23:34:43,2026-10-05T23:34:43,2026-10-05T23:34:43
5904,寶雅,2022-04-20,380.0,11.0,2.98%,,,,,,,,,ShowDailyK_ChartFlow,FinMind_API_TaiwanStockPrice_5904,True,2026-10-05T23:34:43,2026-10-05T23:34:43,2026-10-05T23:34:43
5904,寶雅,2022-04-21,380.5,0.5,0.13%,,,,,,,,,ShowDailyK_ChartFlow,FinMind_API_TaiwanStockPrice_5904,True,2026-10-05T23:34:43,2026-10-05T23:34:43,2026-10-05T23:34:43
5904,寶雅,2022-04-22,389.5,9.0,2.37%,,,,,,,,,ShowDailyK_ChartFlow,FinMind_API_TaiwanStockPrice_5904,True,2026-10-05T23:34:43,2026-10-05T23:34:43,2026-10-05T23:34:43
5904,寶雅,2022-04-25,384.0,-5.5,-1.41%,,,,,,,,,ShowDailyK_ChartFlow,FinMind_API_TaiwanStockPrice_5904,True,2026-10-05T23:34:43,2026-10-05T23:34:43,2026-10-05T23:34:43
5904,寶雅,2022-04-26,355.0,-29.0,-7.55%,,,,,,,,,ShowDailyK_ChartFlow,FinMind_API_TaiwanStockPrice_5904,True,2026-10-05T23:34:43,2026-10-05T23:34:43,2026-10-05T23:34:43
5904,寶雅,2022-04-27,321.0,-34.0,-9.58%,,,,,,,,,ShowDailyK_ChartFlow,FinMind_API_TaiwanStockPrice_5904,True,2026-10-05T23:34:43,2026-10-05T23:34:43,2026-10-05T23:34:43
5904,寶雅,2022-04-28,304.0,-17.0,-5.30%,,,,,,,,,ShowDailyK_ChartFlow,FinMind_API_TaiwanStockPrice_5904,True,2026-10-05T23:34:43,2026-10-05T23:34:43,2026-10-05T23:34:43
5904,寶雅,2022-04-29,316.0,12.0,3.95%,,,,,,,,,ShowDailyK_ChartFlow,FinMind_API_TaiwanStockPrice_5904,True,2026-10-05T23:34:43,2026-10-05T23:34:43,2026-10-05T23:34:43
5904,寶雅,2022-05-03,314.5,-1.5,-0.47%,,,,,,,,,ShowDailyK_ChartFlow,FinMind_API_TaiwanStockPrice_5904,True,2026-10-05T23:34:43,2026-10-05T23:34:43,2026-10-05T23:34:43
5904,寶雅,2022-05-04,308.0,-6.5,-2.07%,,,,,,,,,ShowDailyK_ChartFlow,FinMind_API_TaiwanStockPrice_5904,True,2026-10-05T23:34:43,2026-10-05T23:34:43,2026-10-05T23:34:43
5904,寶雅,2022-05-05,313.5,5.5,1.79%,,,,,,,,,ShowDailyK_ChartFlow,FinMind_API_TaiwanStockPrice_5904,True,2026-10-05T23:34:43,2026-10-05T23:34:43,2026-10-05T23:34:43
5904,寶雅,2022-05-06,312.5,-1.0,-0.32%,,,,,,,,,ShowDailyK_ChartFlow,FinMind_API_TaiwanStockPrice_5904,True,2026-10-05T23:34:43,2026-10-05T23:34:43,2026-10-05T23:34:43
5904,寶雅,2022-05-09,309.5,-3.0,-0.96%,,,,,,,,,ShowDailyK_ChartFlow,FinMind_API_TaiwanStockPrice_5904,True,2026-10-05T23:34:43,2026-10-05T23:34:43,2026-10-05T23:34:43
5904,寶雅,2022-05-10,310.0,0.5,0.16%,,,,,,,,,ShowDailyK_ChartFlow,FinMind_API_TaiwanStockPrice_5904,True,2026-10-05T23:34:43,2026-10-05T23:34:43,2026-10-05T23:34:43
5904,寶雅,2022-05-11,295.5,-14.5,-4.68%,,,,,,,,,ShowDailyK_ChartFlow,FinMind_API_TaiwanStockPrice_5904,True,2026-10-05T23:34:43,2026-10-05T23:34:43,2026-10-05T23:34:43
5904,寶雅,2022-05-12,290.5,-5.0,-1.69%,,,,,,,,,ShowDailyK_ChartFlow,FinMind_API_TaiwanStockPrice_5904,True,2026-10-05T23:34:43,2026-10-05T23:34:43,2026-10-05T23:34:43
5904,寶雅,2022-05-13,287.0,-3.5,-1.20%,,,,,,,,,ShowDailyK_ChartFlow,FinMind_API_TaiwanStockPrice_5904,True,2026-10-05T23:34:43,2026-10-05T23:34:43,2026-10-05T23:34:43
5904,寶雅,2022-05-16,278.0,-9.0,-3.14%,,,,,,,,,ShowDailyK_ChartFlow,FinMind_API_TaiwanStockPrice_5904,True,2026-10-05T23:34:43,2026-10-05T23:34:43,2026-10-05T23:34:43
5904,寶雅,2022-05-17,291.5,13.5,4.86%,,,,,,,,,ShowDailyK_ChartFlow,FinMind_API_TaiwanStockPrice_5904,True,2026-10-05T23:34:43,2026-10-05T23:34:43,2026-10-05T23:34:43
5904,寶雅,2022-05-18,300.0,8.5,2.92%,,,,,,,,,ShowDailyK_ChartFlow,FinMind_API_TaiwanStockPrice_5904,True,2026-10-05T23:34:43,2026-10-05T23:34:43,2026-10-05T23:34:43
5904,寶雅,2022-05-19,294.5,-5.5,-1.83%,,,,,,,,,ShowDailyK_ChartFlow,FinMind_API_TaiwanStockPrice_5904,True,2026-10-05T23:34:43,2026-10-05T23:34:43,2026-10-05T23:34:43
5904,寶雅,2022-05-20,300.5,6.0,2.04%,,,,,,,,,ShowDailyK_ChartFlow,FinMind_API_TaiwanStockPrice_5904,True,2026-10-05T23:34:43,2026-10-05T23:34:43,2026-10-05T23:34:43
5904,寶雅,2022-05-23,297.0,-3.5,-1.16%,,,,,,,,,ShowDailyK_ChartFlow,FinMind_API_TaiwanStockPrice_5904,True,2026-10-05T23:34:43,2026-10-05T23:34:43,2026-10-05T23:34:43
5904,寶雅,2022-05-24,287.0,-10.0,-3.37%,,,,,,,,,ShowDailyK_ChartFlow,FinMind_API_TaiwanStockPrice_5904,True,2026-10-05T23:34:43,2026-10-05T23:34:43,2026-10-05T23:34:43
5904,寶雅,2022-05-25,294.0,7.0,2.44%,,,,,,,,,ShowDailyK_ChartFlow,FinMind_API_TaiwanStockPrice_5904,True,2026-10-05T23:34:43,2026-10-05T23:34:43,2026-10-05T23:34:43
5904,寶雅,2022-05-26,290.0,-4.0,-1.36%,,,,,,,,,ShowDailyK_ChartFlow,FinMind_API_TaiwanStockPrice_5904,True,2026-10-05T23:34:43,2026-10-05T23:34:43,2026-10-05T23:34:43
5904,寶雅,2022-05-27,287.5,-2.5,-0.86%,,,,,,,,,ShowDailyK_ChartFlow,FinMind_API_TaiwanStockPrice_5904,True,2026-10-05T23:34:43,2026-10-05T23:34:43,2026-10-05T23:34:43
5904,寶雅,2022-05-30,287.0,-0.5,-0.17%,,,,,,,,,ShowDailyK_ChartFlow,FinMind_API_TaiwanStockPrice_5904,True,2026-10-05T23:34:43,2026-10-05T23:34:43,2026-10-05T23:34:43
5904,寶雅,2022-05-31,287.0,0.0,0.00%,,,,,,,,,ShowDailyK_ChartFlow,FinMind_API_TaiwanStockPrice_5904,True,2026-10-05T23:34:43,2026-10-05T23:34:43,2026-10-05T23:34:43
5904,寶雅,2022-06-01,291.0,4.0,1.39%,,,,,,,,,ShowDailyK_ChartFlow,FinMind_API_TaiwanStockPrice_5904,True,2026-10-05T23:34:43,2026-10-05T23:34:43,2026-10-05T23:34:43
5904,寶雅,2022-06-02,293.5,2.5,0.86%,,,,,,,,,ShowDailyK_ChartFlow,FinMind_API_TaiwanStockPrice_5904,True,2026-10-05T23:34:43,2026-10-05T23:34:43,2026-10-05T23:34:43
5904,寶雅,2022-06-06,293.5,0.0,0.00%,,,,,,,,,ShowDailyK_ChartFlow,FinMind_API_TaiwanStockPrice_5904,True,2026-10-05T23:34:43,2026-10-05T23:34:43,2026-10-05T23:34:43
5904,寶雅,2022-06-07,290.0,-3.5,-1.19%,,,,,,,,,ShowDailyK_ChartFlow,FinMind_API_TaiwanStockPrice_5904,True,2026-10-05T23:34:43,2026-10-05T23:34:43,2026-10-05T23:34:43
5904,寶雅,2022-06-08,293.5,3.5,1.21%,,,,,,,,,ShowDailyK_ChartFlow,FinMind_API_TaiwanStockPrice_5904,True,2026-10-05T23:34:43,2026-10-05T23:34:43,2026-10-05T23:34:43
5904,寶雅,2022-06-09,289.5,-4.0,-1.36%,,,,,,,,,ShowDailyK_ChartFlow,FinMind_API_TaiwanStockPrice_5904,True,2026-10-05T23:34:43,2026-10-05T23:34:43,2026-10-05T23:34:43
5904,寶雅,2022-06-10,288.0,-1.5,-0.52%,,,,,,,,,ShowDailyK_ChartFlow,FinMind_API_TaiwanStockPrice_5904,True,2026-10-05T23:34:43,2026-10-05T23:34:43,2026-10-05T23:34:43
5904,寶雅,2022-06-13,279.0,-9.0,-3.12%,,,,,,,,,ShowDailyK_ChartFlow,FinMind_API_TaiwanStockPrice_5904,True,2026-10-05T23:34:43,2026-10-05T23:34:43,2026-10-05T23:34:43
5904,寶雅,2022-06-14,273.5,-5.5,-1.97%,,,,,,,,,ShowDailyK_ChartFlow,FinMind_API_TaiwanStockPrice_5904,True,2026-10-05T23:34:43,2026-10-05T23:34:43,2026-10-05T23:34:43
5904,寶雅,2022-06-15,279.5,6.0,2.19%,,,,,,,,,ShowDailyK_ChartFlow,FinMind_API_TaiwanStockPrice_5904,True,2026-10-05T23:34:43,2026-10-05T23:34:43,2026-10-05T23:34:43
5904,寶雅,2022-06-16,277.5,-2.0,-0.72%,,,,,,,,,ShowDailyK_ChartFlow,FinMind_API_TaiwanStockPrice_5904,True,2026-10-05T23:34:43,2026-10-05T23:34:43,2026-10-05T23:34:43
5904,寶雅,2022-06-17,270.0,-7.5,-2.70%,,,,,,,,,ShowDailyK_ChartFlow,FinMind_API_TaiwanStockPrice_5904,True,2026-10-05T23:34:43,2026-10-05T23:34:43,2026-10-05T23:34:43
5904,寶雅,2022-06-20,265.0,-5.0,-1.85%,,,,,,,,,ShowDailyK_ChartFlow,FinMind_API_TaiwanStockPrice_5904,True,2026-10-05T23:34:43,2026-10-05T23:34:43,2026-10-05T23:34:43
5904,寶雅,2022-06-21,264.5,-0.5,-0.19%,,,,,,,,,ShowDailyK_ChartFlow,FinMind_API_TaiwanStockPrice_5904,True,2026-10-05T23:34:43,2026-10-05T23:34:43,2026-10-05T23:34:43
5904,寶雅,2022-06-22,279.0,14.5,5.48%,,,,,,,,,ShowDailyK_ChartFlow,FinMind_API_TaiwanStockPrice_5904,True,2026-10-05T23:34:43,2026-10-05T23:34:43,2026-10-05T23:34:43
5904,寶雅,2022-06-23,284.0,5.0,1.79%,,,,,,,,,ShowDailyK_ChartFlow,FinMind_API_TaiwanStockPrice_5904,True,2026-10-05T23:34:43,2026-10-05T23:34:43,2026-10-05T23:34:43
5904,寶雅,2022-06-24,300.0,16.0,5.63%,,,,,,,,,ShowDailyK_ChartFlow,FinMind_API_TaiwanStockPrice_5904,True,2026-10-05T23:34:43,2026-10-05T23:34:43,2026-10-05T23:34:43
5904,寶雅,2022-06-27,322.0,22.0,7.33%,,,,,,,,,ShowDailyK_ChartFlow,FinMind_API_TaiwanStockPrice_5904,True,2026-10-05T23:34:43,2026-10-05T23:34:43,2026-10-05T23:34:43
5904,寶雅,2022-06-28,315.0,-7.0,-2.17%,,,,,,,,,ShowDailyK_ChartFlow,FinMind_API_TaiwanStockPrice_5904,True,2026-10-05T23:34:43,2026-10-05T23:34:43,2026-10-05T23:34:43
5904,寶雅,2022-06-29,324.0,9.0,2.86%,,,,,,,,,ShowDailyK_ChartFlow,FinMind_API_TaiwanStockPrice_5904,True,2026-10-05T23:34:43,2026-10-05T23:34:43,2026-10-05T23:34:43
5904,寶雅,2022-06-30,316.0,-8.0,-2.47%,,,,,,,,,ShowDailyK_ChartFlow,FinMind_API_TaiwanStockPrice_5904,True,2026-10-05T23:34:43,2026-10-05T23:34:43,2026-10-05T23:34:43
5904,寶雅,2022-07-01,337.5,21.5,6.80%,,,,,,,,,ShowDailyK_ChartFlow,FinMind_API_TaiwanStockPrice_5904,True,2026-10-05T23:34:43,2026-10-05T23:34:43,2026-10-05T23:34:43
5904,寶雅,2022-07-04,332.5,-5.0,-1.48%,,,,,,,,,ShowDailyK_ChartFlow,FinMind_API_TaiwanStockPrice_5904,True,2026-10-05T23:34:43,2026-10-05T23:34:43,2026-10-05T23:34:43
5904,寶雅,2022-07-05,361.5,29.0,8.72%,,,,,,,,,ShowDailyK_ChartFlow,FinMind_API_TaiwanStockPrice_5904,True,2026-10-05T23:34:43,2026-10-05T23:34:43,2026-10-05T23:34:43
5904,寶雅,2022-07-06,397.5,36.0,9.96%,,,,,,,,,ShowDailyK_ChartFlow,FinMind_API_TaiwanStockPrice_5904,True,2026-10-05T23:34:43,2026-10-05T23:34:43,2026-10-05T23:34:43
5904,寶雅,2022-07-07,358.0,-39.5,-9.94%,,,,,,,,,ShowDailyK_ChartFlow,FinMind_API_TaiwanStockPrice_5904,True,2026-10-05T23:34:43,2026-10-05T23:34:43,2026-10-05T23:34:43
5904,寶雅,2022-07-08,364.0,6.0,1.68%,,,,,,,,,ShowDailyK_ChartFlow,FinMind_API_TaiwanStockPrice_5904,True,2026-10-05T23:34:43,2026-10-05T23:34:43,2026-10-05T23:34:43
5904,寶雅,2022-07-11,350.5,-13.5,-3.71%,,,,,,,,,ShowDailyK_ChartFlow,FinMind_API_TaiwanStockPrice_5904,True,2026-10-05T23:34:43,2026-10-05T23:34:43,2026-10-05T23:34:43
5904,寶雅,2022-07-12,380.0,29.5,8.42%,,,,,,,,,ShowDailyK_ChartFlow,FinMind_API_TaiwanStockPrice_5904,True,2026-10-05T23:34:43,2026-10-05T23:34:43,2026-10-05T23:34:43
5904,寶雅,2022-07-13,370.5,-9.5,-2.50%,,,,,,,,,ShowDailyK_ChartFlow,FinMind_API_TaiwanStockPrice_5904,True,2026-10-05T23:34:43,2026-10-05T23:34:43,2026-10-05T23:34:43
5904,寶雅,2022-07-14,361.5,-9.0,-2.43%,,,,,,,,,ShowDailyK_ChartFlow,FinMind_API_TaiwanStockPrice_5904,True,2026-10-05T23:34:43,2026-10-05T23:34:43,2026-10-05T23:34:43
5904,寶雅,2022-07-15,359.0,-2.5,-0.69%,,,,,,,,,ShowDailyK_ChartFlow,FinMind_API_TaiwanStockPrice_5904,True,2026-10-05T23:34:43,2026-10-05T23:34:43,2026-10-05T23:34:43
5904,寶雅,2022-07-18,371.0,12.0,3.34%,,,,,,,,,ShowDailyK_ChartFlow,FinMind_API_TaiwanStockPrice_5904,True,2026-10-05T23:34:43,2026-10-05T23:34:43,2026-10-05T23:34:43
5904,寶雅,2022-07-19,375.0,4.0,1.08%,,,,,,,,,ShowDailyK_ChartFlow,FinMind_API_TaiwanStockPrice_5904,True,2026-10-05T23:34:43,2026-10-05T23:34:43,2026-10-05T23:34:43
5904,寶雅,2022-07-20,349.0,-26.0,-6.93%,,,,,,,,,ShowDailyK_ChartFlow,FinMind_API_TaiwanStockPrice_5904,True,2026-10-05T23:34:43,2026-10-05T23:34:43,2026-10-05T23:34:43
5904,寶雅,2022-07-21,373.0,24.0,6.88%,,,,,,,,,ShowDailyK_ChartFlow,FinMind_API_TaiwanStockPrice_5904,True,2026-10-05T23:34:43,2026-10-05T23:34:43,2026-10-05T23:34:43
5904,寶雅,2022-07-22,364.0,-9.0,-2.41%,,,,,,,,,ShowDailyK_ChartFlow,FinMind_API_TaiwanStockPrice_5904,True,2026-10-05T23:34:43,2026-10-05T23:34:43,2026-10-05T23:34:43
5904,寶雅,2022-07-25,355.5,-8.5,-2.34%,,,,,,,,,ShowDailyK_ChartFlow,FinMind_API_TaiwanStockPrice_5904,True,2026-10-05T23:34:43,2026-10-05T23:34:43,2026-10-05T23:34:43
5904,寶雅,2022-07-26,330.0,-25.5,-7.17%,,,,,,,,,ShowDailyK_ChartFlow,FinMind_API_TaiwanStockPrice_5904,True,2026-10-05T23:34:43,2026-10-05T23:34:43,2026-10-05T23:34:43
5904,寶雅,2022-07-27,359.5,29.5,8.94%,,,,,,,,,ShowDailyK_ChartFlow,FinMind_API_TaiwanStockPrice_5904,True,2026-10-05T23:34:43,2026-10-05T23:34:43,2026-10-05T23:34:43
5904,寶雅,2022-07-28,348.0,-11.5,-3.20%,,,,,,,,,ShowDailyK_ChartFlow,FinMind_API_TaiwanStockPrice_5904,True,2026-10-05T23:34:43,2026-10-05T23:34:43,2026-10-05T23:34:43
5904,寶雅,2022-07-29,374.5,26.5,7.61%,,,,,,,,,ShowDailyK_ChartFlow,FinMind_API_TaiwanStockPrice_5904,True,2026-10-05T23:34:43,2026-10-05T23:34:43,2026-10-05T23:34:43
5904,寶雅,2022-08-01,376.0,1.5,0.40%,,,,,,,,,ShowDailyK_ChartFlow,FinMind_API_TaiwanStockPrice_5904,True,2026-10-05T23:34:43,2026-10-05T23:34:43,2026-10-05T23:34:43
5904,寶雅,2022-08-02,359.0,-17.0,-4.52%,,,,,,,,,ShowDailyK_ChartFlow,FinMind_API_TaiwanStockPrice_5904,True,2026-10-05T23:34:43,2026-10-05T23:34:43,2026-10-05T23:34:43
5904,寶雅,2022-08-03,366.5,7.5,2.09%,,,,,,,,,ShowDailyK_ChartFlow,FinMind_API_TaiwanStockPrice_5904,True,2026-10-05T23:34:43,2026-10-05T23:34:43,2026-10-05T23:34:43
5904,寶雅,2022-08-04,350.5,-16.0,-4.37%,,,,,,,,,ShowDailyK_ChartFlow,FinMind_API_TaiwanStockPrice_5904,True,2026-10-05T23:34:43,2026-10-05T23:34:43,2026-10-05T23:34:43
5904,寶雅,2022-08-05,357.0,6.5,1.85%,,,,,,,,,ShowDailyK_ChartFlow,FinMind_API_TaiwanStockPrice_5904,True,2026-10-05T23:34:43,2026-10-05T23:34:43,2026-10-05T23:34:43
5904,寶雅,2022-08-08,359.5,2.5,0.70%,,,,,,,,,ShowDailyK_ChartFlow,FinMind_API_TaiwanStockPrice_5904,True,2026-10-05T23:34:43,2026-10-05T23:34:43,2026-10-05T23:34:43
5904,寶雅,2022-08-09,389.5,30.0,8.34%,,,,,,,,,ShowDailyK_ChartFlow,FinMind_API_TaiwanStockPrice_5904,True,2026-10-05T23:34:43,2026-10-05T23:34:43,2026-10-05T23:34:43
5904,寶雅,2022-08-10,382.0,-7.5,-1.93%,,,,,,,,,ShowDailyK_ChartFlow,FinMind_API_TaiwanStockPrice_5904,True,2026-10-05T23:34:43,2026-10-05T23:34:43,2026-10-05T23:34:43
5904,寶雅,2022-08-11,416.5,34.5,9.03%,,,,,,,,,ShowDailyK_ChartFlow,FinMind_API_TaiwanStockPrice_5904,True,2026-10-05T23:34:43,2026-10-05T23:34:43,2026-10-05T23:34:43
5904,寶雅,2022-08-12,430.0,13.5,3.24%,,,,,,,,,ShowDailyK_ChartFlow,FinMind_API_TaiwanStockPrice_5904,True,2026-10-05T23:34:43,2026-10-05T23:34:43,2026-10-05T23:34:43
5904,寶雅,2022-08-15,410.5,-19.5,-4.53%,,,,,,,,,ShowDailyK_ChartFlow,FinMind_API_TaiwanStockPrice_5904,True,2026-10-05T23:34:43,2026-10-05T23:34:43,2026-10-05T23:34:43
5904,寶雅,2022-08-16,411.5,1.0,0.24%,,,,,,,,,ShowDailyK_ChartFlow,FinMind_API_TaiwanStockPrice_5904,True,2026-10-05T23:34:43,2026-10-05T23:34:43,2026-10-05T23:34:43
5904,寶雅,2022-08-17,415.0,3.5,0.85%,,,,,,,,,ShowDailyK_ChartFlow,FinMind_API_TaiwanStockPrice_5904,True,2026-10-05T23:34:43,2026-10-05T23:34:43,2026-10-05T23:34:43
5904,寶雅,2022-08-18,410.5,-4.5,-1.08%,,,,,,,,,ShowDailyK_ChartFlow,FinMind_API_TaiwanStockPrice_5904,True,2026-10-05T23:34:43,2026-10-05T23:34:43,2026-10-05T23:34:43
5904,寶雅,2022-08-19,398.0,-12.5,-3.05%,,,,,,,,,ShowDailyK_ChartFlow,FinMind_API_TaiwanStockPrice_5904,True,2026-10-05T23:34:43,2026-10-05T23:34:43,2026-10-05T23:34:43
5904,寶雅,2022-08-22,398.0,0.0,0.00%,,,,,,,,,ShowDailyK_ChartFlow,FinMind_API_TaiwanStockPrice_5904,True,2026-10-05T23:34:43,2026-10-05T23:34:43,2026-10-05T23:34:43
5904,寶雅,2022-08-23,399.5,1.5,0.38%,,,,,,,,,ShowDailyK_ChartFlow,FinMind_API_TaiwanStockPrice_5904,True,2026-10-05T23:34:43,2026-10-05T23:34:43,2026-10-05T23:34:43
5904,寶雅,2022-08-24,393.0,-6.5,-1.63%,,,,,,,,,ShowDailyK_ChartFlow,FinMind_API_TaiwanStockPrice_5904,True,2026-10-05T23:34:43,2026-10-05T23:34:43,2026-10-05T23:34:43
5904,寶雅,2022-08-25,406.0,13.0,3.31%,,,,,,,,,ShowDailyK_ChartFlow,FinMind_API_TaiwanStockPrice_5904,True,2026-10-05T23:34:43,2026-10-05T23:34:43,2026-10-05T23:34:43
5904,寶雅,2022-08-26,430.0,24.0,5.91%,,,,,,,,,ShowDailyK_ChartFlow,FinMind_API_TaiwanStockPrice_5904,True,2026-10-05T23:34:43,2026-10-05T23:34:43,2026-10-05T23:34:43
5904,寶雅,2022-08-29,426.0,-4.0,-0.93%,,,,,,,,,ShowDailyK_ChartFlow,FinMind_API_TaiwanStockPrice_5904,True,2026-10-05T23:34:43,2026-10-05T23:34:43,2026-10-05T23:34:43
5904,寶雅,2022-08-30,428.5,2.5,0.59%,,,,,,,,,ShowDailyK_ChartFlow,FinMind_API_TaiwanStockPrice_5904,True,2026-10-05T23:34:43,2026-10-05T23:34:43,2026-10-05T23:34:43
5904,寶雅,2022-08-31,427.0,-1.5,-0.35%,,,,,,,,,ShowDailyK_ChartFlow,FinMind_API_TaiwanStockPrice_5904,True,2026-10-05T23:34:43,2026-10-05T23:34:43,2026-10-05T23:34:43
5904,寶雅,2022-09-01,438.0,11.0,2.58%,,,,,,,,,ShowDailyK_ChartFlow,FinMind_API_TaiwanStockPrice_5904,True,2026-10-05T23:34:43,2026-10-05T23:34:43,2026-10-05T23:34:43
5904,寶雅,2022-09-02,444.0,6.0,1.37%,,,,,,,,,ShowDailyK_ChartFlow,FinMind_API_TaiwanStockPrice_5904,True,2026-10-05T23:34:43,2026-10-05T23:34:43,2026-10-05T23:34:43
5904,寶雅,2022-09-05,445.5,1.5,0.34%,,,,,,,,,ShowDailyK_ChartFlow,FinMind_API_TaiwanStockPrice_5904,True,2026-10-05T23:34:43,2026-10-05T23:34:43,2026-10-05T23:34:43
5904,寶雅,2022-09-06,429.0,-16.5,-3.70%,,,,,,,,,ShowDailyK_ChartFlow,FinMind_API_TaiwanStockPrice_5904,True,2026-10-05T23:34:43,2026-10-05T23:34:43,2026-10-05T23:34:43
5904,寶雅,2022-09-07,441.5,12.5,2.91%,,,,,,,,,ShowDailyK_ChartFlow,FinMind_API_TaiwanStockPrice_5904,True,2026-10-05T23:34:43,2026-10-05T23:34:43,2026-10-05T23:34:43
5904,寶雅,2022-09-08,442.0,0.5,0.11%,,,,,,,,,ShowDailyK_ChartFlow,FinMind_API_TaiwanStockPrice_5904,True,2026-10-05T23:34:43,2026-10-05T23:34:43,2026-10-05T23:34:43
5904,寶雅,2022-09-12,449.0,7.0,1.58%,,,,,,,,,ShowDailyK_ChartFlow,FinMind_API_TaiwanStockPrice_5904,True,2026-10-05T23:34:43,2026-10-05T23:34:43,2026-10-05T23:34:43
5904,寶雅,2022-09-13,441.5,-7.5,-1.67%,,,,,,,,,ShowDailyK_ChartFlow,FinMind_API_TaiwanStockPrice_5904,True,2026-10-05T23:34:43,2026-10-05T23:34:43,2026-10-05T23:34:43
5904,寶雅,2022-09-14,442.0,0.5,0.11%,,,,,,,,,ShowDailyK_ChartFlow,FinMind_API_TaiwanStockPrice_5904,True,2026-10-05T23:34:43,2026-10-05T23:34:43,2026-10-05T23:34:43
5904,寶雅,2022-09-15,435.0,-7.0,-1.58%,,,,,,,,,ShowDailyK_ChartFlow,FinMind_API_TaiwanStockPrice_5904,True,2026-10-05T23:34:43,2026-10-05T23:34:43,2026-10-05T23:34:43
5904,寶雅,2022-09-16,431.0,-4.0,-0.92%,,,,,,,,,ShowDailyK_ChartFlow,FinMind_API_TaiwanStockPrice_5904,True,2026-10-05T23:34:43,2026-10-05T23:34:43,2026-10-05T23:34:43
5904,寶雅,2022-09-19,432.5,1.5,0.35%,,,,,,,,,ShowDailyK_ChartFlow,FinMind_API_TaiwanStockPrice_5904,True,2026-10-05T23:34:43,2026-10-05T23:34:43,2026-10-05T23:34:43
5904,寶雅,2022-09-20,442.5,10.0,2.31%,,,,,,,,,ShowDailyK_ChartFlow,FinMind_API_TaiwanStockPrice_5904,True,2026-10-05T23:34:43,2026-10-05T23:34:43,2026-10-05T23:34:43
5904,寶雅,2022-09-21,453.0,10.5,2.37%,,,,,,,,,ShowDailyK_ChartFlow,FinMind_API_TaiwanStockPrice_5904,True,2026-10-05T23:34:43,2026-10-05T23:34:43,2026-10-05T23:34:43
5904,寶雅,2022-09-22,439.0,-14.0,-3.09%,,,,,,,,,ShowDailyK_ChartFlow,FinMind_API_TaiwanStockPrice_5904,True,2026-10-05T23:34:43,2026-10-05T23:34:43,2026-10-05T23:34:43
5904,寶雅,2022-09-23,413.0,-26.0,-5.92%,,,,,,,,,ShowDailyK_ChartFlow,FinMind_API_TaiwanStockPrice_5904,True,2026-10-05T23:34:43,2026-10-05T23:34:43,2026-10-05T23:34:43
5904,寶雅,2022-09-26,436.0,23.0,5.57%,,,,,,,,,ShowDailyK_ChartFlow,FinMind_API_TaiwanStockPrice_5904,True,2026-10-05T23:34:43,2026-10-05T23:34:43,2026-10-05T23:34:43
5904,寶雅,2022-09-27,421.0,-15.0,-3.44%,,,,,,,,,ShowDailyK_ChartFlow,FinMind_API_TaiwanStockPrice_5904,True,2026-10-05T23:34:43,2026-10-05T23:34:43,2026-10-05T23:34:43
5904,寶雅,2022-09-28,390.5,-30.5,-7.24%,,,,,,,,,ShowDailyK_ChartFlow,FinMind_API_TaiwanStockPrice_5904,True,2026-10-05T23:34:43,2026-10-05T23:34:43,2026-10-05T23:34:43
5904,寶雅,2022-09-29,412.0,21.5,5.51%,,,,,,,,,ShowDailyK_ChartFlow,FinMind_API_TaiwanStockPrice_5904,True,2026-10-05T23:34:43,2026-10-05T23:34:43,2026-10-05T23:34:43
5904,寶雅,2022-09-30,393.5,-18.5,-4.49%,,,,,,,,,ShowDailyK_ChartFlow,FinMind_API_TaiwanStockPrice_5904,True,2026-10-05T23:34:43,2026-10-05T23:34:43,2026-10-05T23:34:43
5904,寶雅,2022-10-03,393.0,-0.5,-0.13%,,,,,,,,,ShowDailyK_ChartFlow,FinMind_API_TaiwanStockPrice_5904,True,2026-10-05T23:34:43,2026-10-05T23:34:43,2026-10-05T23:34:43
5904,寶雅,2022-10-04,407.0,14.0,3.56%,,,,,,,,,ShowDailyK_ChartFlow,FinMind_API_TaiwanStockPrice_5904,True,2026-10-05T23:34:43,2026-10-05T23:34:43,2026-10-05T23:34:43
5904,寶雅,2022-10-05,416.5,9.5,2.33%,,,,,,,,,ShowDailyK_ChartFlow,FinMind_API_TaiwanStockPrice_5904,True,2026-10-05T23:34:43,2026-10-05T23:34:43,2026-10-05T23:34:43
5904,寶雅,2022-10-06,420.0,3.5,0.84%,,,,,,,,,ShowDailyK_ChartFlow,FinMind_API_TaiwanStockPrice_5904,True,2026-10-05T23:34:43,2026-10-05T23:34:43,2026-10-05T23:34:43
5904,寶雅,2022-10-07,403.5,-16.5,-3.93%,,,,,,,,,ShowDailyK_ChartFlow,FinMind_API_TaiwanStockPrice_5904,True,2026-10-05T23:34:43,2026-10-05T23:34:43,2026-10-05T23:34:43
5904,寶雅,2022-10-11,406.0,2.5,0.62%,,,,,,,,,ShowDailyK_ChartFlow,FinMind_API_TaiwanStockPrice_5904,True,2026-10-05T23:34:43,2026-10-05T23:34:43,2026-10-05T23:34:43
5904,寶雅,2022-10-12,425.0,19.0,4.68%,,,,,,,,,ShowDailyK_ChartFlow,FinMind_API_TaiwanStockPrice_5904,True,2026-10-05T23:34:43,2026-10-05T23:34:43,2026-10-05T23:34:43
5904,寶雅,2022-10-13,422.0,-3.0,-0.71%,,,,,,,,,ShowDailyK_ChartFlow,FinMind_API_TaiwanStockPrice_5904,True,2026-10-05T23:34:43,2026-10-05T23:34:43,2026-10-05T23:34:43
5904,寶雅,2022-10-14,424.5,2.5,0.59%,,,,,,,,,ShowDailyK_ChartFlow,FinMind_API_TaiwanStockPrice_5904,True,2026-10-05T23:34:43,2026-10-05T23:34:43,2026-10-05T23:34:43
5904,寶雅,2022-10-17,424.5,0.0,0.00%,,,,,,,,,ShowDailyK_ChartFlow,FinMind_API_TaiwanStockPrice_5904,True,2026-10-05T23:34:43,2026-10-05T23:34:43,2026-10-05T23:34:43
5904,寶雅,2022-10-18,450.0,25.5,6.01%,,,,,,,,,ShowDailyK_ChartFlow,FinMind_API_TaiwanStockPrice_5904,True,2026-10-05T23:34:43,2026-10-05T23:34:43,2026-10-05T23:34:43
5904,寶雅,2022-10-19,426.5,-23.5,-5.22%,,,,,,,,,ShowDailyK_ChartFlow,FinMind_API_TaiwanStockPrice_5904,True,2026-10-05T23:34:43,2026-10-05T23:34:43,2026-10-05T23:34:43
5904,寶雅,2022-10-20,423.0,-3.5,-0.82%,,,,,,,,,ShowDailyK_ChartFlow,FinMind_API_TaiwanStockPrice_5904,True,2026-10-05T23:34:43,2026-10-05T23:34:43,2026-10-05T23:34:43
5904,寶雅,2022-10-21,422.5,-0.5,-0.12%,,,,,,,,,ShowDailyK_ChartFlow,FinMind_API_TaiwanStockPrice_5904,True,2026-10-05T23:34:43,2026-10-05T23:34:43,2026-10-05T23:34:43
5904,寶雅,2022-10-24,414.0,-8.5,-2.01%,,,,,,,,,ShowDailyK_ChartFlow,FinMind_API_TaiwanStockPrice_5904,True,2026-10-05T23:34:43,2026-10-05T23:34:43,2026-10-05T23:34:43
5904,寶雅,2022-10-25,402.0,-12.0,-2.90%,,,,,,,,,ShowDailyK_ChartFlow,FinMind_API_TaiwanStockPrice_5904,True,2026-10-05T23:34:43,2026-10-05T23:34:43,2026-10-05T23:34:43
5904,寶雅,2022-10-26,401.0,-1.0,-0.25%,,,,,,,,,ShowDailyK_ChartFlow,FinMind_API_TaiwanStockPrice_5904,True,2026-10-05T23:34:43,2026-10-05T23:34:43,2026-10-05T23:34:43
5904,寶雅,2022-10-27,416.5,15.5,3.87%,,,,,,,,,ShowDailyK_ChartFlow,FinMind_API_TaiwanStockPrice_5904,True,2026-10-05T23:34:43,2026-10-05T23:34:43,2026-10-05T23:34:43
5904,寶雅,2022-10-28,404.5,-12.0,-2.88%,,,,,,,,,ShowDailyK_ChartFlow,FinMind_API_TaiwanStockPrice_5904,True,2026-10-05T23:34:43,2026-10-05T23:34:43,2026-10-05T23:34:43
5904,寶雅,2022-10-31,410.0,5.5,1.36%,,,,,,,,,ShowDailyK_ChartFlow,FinMind_API_TaiwanStockPrice_5904,True,2026-10-05T23:34:43,2026-10-05T23:34:43,2026-10-05T23:34:43
5904,寶雅,2022-11-01,435.0,25.0,6.10%,,,,,,,,,ShowDailyK_ChartFlow,FinMind_API_TaiwanStockPrice_5904,True,2026-10-05T23:34:43,2026-10-05T23:34:43,2026-10-05T23:34:43
5904,寶雅,2022-11-02,467.5,32.5,7.47%,,,,,,,,,ShowDailyK_ChartFlow,FinMind_API_TaiwanStockPrice_5904,True,2026-10-05T23:34:43,2026-10-05T23:34:43,2026-10-05T23:34:43
5904,寶雅,2022-11-03,468.0,0.5,0.11%,,,,,,,,,ShowDailyK_ChartFlow,FinMind_API_TaiwanStockPrice_5904,True,2026-10-05T23:34:43,2026-10-05T23:34:43,2026-10-05T23:34:43
5904,寶雅,2022-11-04,468.5,0.5,0.11%,,,,,,,,,ShowDailyK_ChartFlow,FinMind_API_TaiwanStockPrice_5904,True,2026-10-05T23:34:43,2026-10-05T23:34:43,2026-10-05T23:34:43
5904,寶雅,2022-11-07,460.0,-8.5,-1.81%,,,,,,,,,ShowDailyK_ChartFlow,FinMind_API_TaiwanStockPrice_5904,True,2026-10-05T23:34:43,2026-10-05T23:34:43,2026-10-05T23:34:43
5904,寶雅,2022-11-08,466.5,6.5,1.41%,,,,,,,,,ShowDailyK_ChartFlow,FinMind_API_TaiwanStockPrice_5904,True,2026-10-05T23:34:43,2026-10-05T23:34:43,2026-10-05T23:34:43
5904,寶雅,2022-11-09,470.0,3.5,0.75%,,,,,,,,,ShowDailyK_ChartFlow,FinMind_API_TaiwanStockPrice_5904,True,2026-10-05T23:34:43,2026-10-05T23:34:43,2026-10-05T23:34:43
5904,寶雅,2022-11-10,486.0,16.0,3.40%,,,,,,,,,ShowDailyK_ChartFlow,FinMind_API_TaiwanStockPrice_5904,True,2026-10-05T23:34:43,2026-10-05T23:34:43,2026-10-05T23:34:43
5904,寶雅,2022-11-11,481.5,-4.5,-0.93%,,,,,,,,,ShowDailyK_ChartFlow,FinMind_API_TaiwanStockPrice_5904,True,2026-10-05T23:34:43,2026-10-05T23:34:43,2026-10-05T23:34:43
5904,寶雅,2022-11-14,476.5,-5.0,-1.04%,,,,,,,,,ShowDailyK_ChartFlow,FinMind_API_TaiwanStockPrice_5904,True,2026-10-05T23:34:43,2026-10-05T23:34:43,2026-10-05T23:34:43
5904,寶雅,2022-11-15,479.0,2.5,0.52%,,,,,,,,,ShowDailyK_ChartFlow,FinMind_API_TaiwanStockPrice_5904,True,2026-10-05T23:34:43,2026-10-05T23:34:43,2026-10-05T23:34:43
5904,寶雅,2022-11-16,473.0,-6.0,-1.25%,,,,,,,,,ShowDailyK_ChartFlow,FinMind_API_TaiwanStockPrice_5904,True,2026-10-05T23:34:43,2026-10-05T23:34:43,2026-10-05T23:34:43
5904,寶雅,2022-11-17,490.0,17.0,3.59%,,,,,,,,,ShowDailyK_ChartFlow,FinMind_API_TaiwanStockPrice_5904,True,2026-10-05T23:34:43,2026-10-05T23:34:43,2026-10-05T23:34:43
5904,寶雅,2022-11-18,476.0,-14.0,-2.86%,,,,,,,,,ShowDailyK_ChartFlow,FinMind_API_TaiwanStockPrice_5904,True,2026-10-05T23:34:43,2026-10-05T23:34:43,2026-10-05T23:34:43
5904,寶雅,2022-11-21,487.0,11.0,2.31%,,,,,,,,,ShowDailyK_ChartFlow,FinMind_API_TaiwanStockPrice_5904,True,2026-10-05T23:34:43,2026-10-05T23:34:43,2026-10-05T23:34:43
5904,寶雅,2022-11-22,478.0,-9.0,-1.85%,,,,,,,,,ShowDailyK_ChartFlow,FinMind_API_TaiwanStockPrice_5904,True,2026-10-05T23:34:43,2026-10-05T23:34:43,2026-10-05T23:34:43
5904,寶雅,2022-11-23,480.0,2.0,0.42%,,,,,,,,,ShowDailyK_ChartFlow,FinMind_API_TaiwanStockPrice_5904,True,2026-10-05T23:34:43,2026-10-05T23:34:43,2026-10-05T23:34:43
5904,寶雅,2022-11-24,468.5,-11.5,-2.40%,,,,,,,,,ShowDailyK_ChartFlow,FinMind_API_TaiwanStockPrice_5904,True,2026-10-05T23:34:43,2026-10-05T23:34:43,2026-10-05T23:34:43
5904,寶雅,2022-11-25,446.5,-22.0,-4.70%,,,,,,,,,ShowDailyK_ChartFlow,FinMind_API_TaiwanStockPrice_5904,True,2026-10-05T23:34:43,2026-10-05T23:34:43,2026-10-05T23:34:43
5904,寶雅,2022-11-28,440.0,-6.5,-1.46%,,,,,,,,,ShowDailyK_ChartFlow,FinMind_API_TaiwanStockPrice_5904,True,2026-10-05T23:34:43,2026-10-05T23:34:43,2026-10-05T23:34:43
5904,寶雅,2022-11-29,442.0,2.0,0.45%,,,,,,,,,ShowDailyK_ChartFlow,FinMind_API_TaiwanStockPrice_5904,True,2026-10-05T23:34:43,2026-10-05T23:34:43,2026-10-05T23:34:43
5904,寶雅,2022-11-30,450.0,8.0,1.81%,,,,,,,,,ShowDailyK_ChartFlow,FinMind_API_TaiwanStockPrice_5904,True,2026-10-05T23:34:43,2026-10-05T23:34:43,2026-10-05T23:34:43
5904,寶雅,2022-12-01,454.5,4.5,1.00%,,,,,,,,,ShowDailyK_ChartFlow,FinMind_API_TaiwanStockPrice_5904,True,2026-10-05T23:34:43,2026-10-05T23:34:43,2026-10-05T23:34:43
5904,寶雅,2022-12-02,442.5,-12.0,-2.64%,,,,,,,,,ShowDailyK_ChartFlow,FinMind_API_TaiwanStockPrice_5904,True,2026-10-05T23:34:43,2026-10-05T23:34:43,2026-10-05T23:34:43
5904,寶雅,2022-12-05,433.0,-9.5,-2.15%,,,,,,,,,ShowDailyK_ChartFlow,FinMind_API_TaiwanStockPrice_5904,True,2026-10-05T23:34:43,2026-10-05T23:34:43,2026-10-05T23:34:43
5904,寶雅,2022-12-06,454.5,21.5,4.97%,,,,,,,,,ShowDailyK_ChartFlow,FinMind_API_TaiwanStockPrice_5904,True,2026-10-05T23:34:43,2026-10-05T23:34:43,2026-10-05T23:34:43
5904,寶雅,2022-12-07,470.0,15.5,3.41%,,,,,,,,,ShowDailyK_ChartFlow,FinMind_API_TaiwanStockPrice_5904,True,2026-10-05T23:34:43,2026-10-05T23:34:43,2026-10-05T23:34:43
5904,寶雅,2022-12-08,447.5,-22.5,-4.79%,,,,,,,,,ShowDailyK_ChartFlow,FinMind_API_TaiwanStockPrice_5904,True,2026-10-05T23:34:43,2026-10-05T23:34:43,2026-10-05T23:34:43
5904,寶雅,2022-12-09,464.0,16.5,3.69%,,,,,,,,,ShowDailyK_ChartFlow,FinMind_API_TaiwanStockPrice_5904,True,2026-10-05T23:34:43,2026-10-05T23:34:43,2026-10-05T23:34:43
5904,寶雅,2022-12-12,468.0,4.0,0.86%,,,,,,,,,ShowDailyK_ChartFlow,FinMind_API_TaiwanStockPrice_5904,True,2026-10-05T23:34:43,2026-10-05T23:34:43,2026-10-05T23:34:43
5904,寶雅,2022-12-13,464.5,-3.5,-0.75%,,,,,,,,,ShowDailyK_ChartFlow,FinMind_API_TaiwanStockPrice_5904,True,2026-10-05T23:34:43,2026-10-05T23:34:43,2026-10-05T23:34:43
5904,寶雅,2022-12-14,474.5,10.0,2.15%,,,,,,,,,ShowDailyK_ChartFlow,FinMind_API_TaiwanStockPrice_5904,True,2026-10-05T23:34:43,2026-10-05T23:34:43,2026-10-05T23:34:43
5904,寶雅,2022-12-15,474.5,0.0,0.00%,,,,,,,,,ShowDailyK_ChartFlow,FinMind_API_TaiwanStockPrice_5904,True,2026-10-05T23:34:43,2026-10-05T23:34:43,2026-10-05T23:34:43
5904,寶雅,2022-12-16,457.0,-17.5,-3.69%,,,,,,,,,ShowDailyK_ChartFlow,FinMind_API_TaiwanStockPrice_5904,True,2026-10-05T23:34:43,2026-10-05T23:34:43,2026-10-05T23:34:43
5904,寶雅,2022-12-19,464.0,7.0,1.53%,,,,,,,,,ShowDailyK_ChartFlow,FinMind_API_TaiwanStockPrice_5904,True,2026-10-05T23:34:43,2026-10-05T23:34:43,2026-10-05T23:34:43
5904,寶雅,2022-12-20,452.0,-12.0,-2.59%,,,,,,,,,ShowDailyK_ChartFlow,FinMind_API_TaiwanStockPrice_5904,True,2026-10-05T23:34:43,2026-10-05T23:34:43,2026-10-05T23:34:43
5904,寶雅,2022-12-21,447.5,-4.5,-1.00%,,,,,,,,,ShowDailyK_ChartFlow,FinMind_API_TaiwanStockPrice_5904,True,2026-10-05T23:34:43,2026-10-05T23:34:43,2026-10-05T23:34:43
5904,寶雅,2022-12-22,449.0,1.5,0.34%,,,,,,,,,ShowDailyK_ChartFlow,FinMind_API_TaiwanStockPrice_5904,True,2026-10-05T23:34:43,2026-10-05T23:34:43,2026-10-05T23:34:43
5904,寶雅,2022-12-23,447.5,-1.5,-0.33%,,,,,,,,,ShowDailyK_ChartFlow,FinMind_API_TaiwanStockPrice_5904,True,2026-10-05T23:34:43,2026-10-05T23:34:43,2026-10-05T23:34:43
5904,寶雅,2022-12-26,470.0,22.5,5.03%,,,,,,,,,ShowDailyK_ChartFlow,FinMind_API_TaiwanStockPrice_5904,True,2026-10-05T23:34:43,2026-10-05T23:34:43,2026-10-05T23:34:43
5904,寶雅,2022-12-27,482.5,12.5,2.66%,,,,,,,,,ShowDailyK_ChartFlow,FinMind_API_TaiwanStockPrice_5904,True,2026-10-05T23:34:43,2026-10-05T23:34:43,2026-10-05T23:34:43
5904,寶雅,2022-12-28,490.5,8.0,1.66%,,,,,,,,,ShowDailyK_ChartFlow,FinMind_API_TaiwanStockPrice_5904,True,2026-10-05T23:34:43,2026-10-05T23:34:43,2026-10-05T23:34:43
5904,寶雅,2022-12-29,488.5,-2.0,-0.41%,,,,,,,,,ShowDailyK_ChartFlow,FinMind_API_TaiwanStockPrice_5904,True,2026-10-05T23:34:43,2026-10-05T23:34:43,2026-10-05T23:34:43
5904,寶雅,2022-12-30,497.5,9.0,1.84%,,,,,,,,,ShowDailyK_ChartFlow,FinMind_API_TaiwanStockPrice_5904,True,2026-10-05T23:34:43,2026-10-05T23:34:43,2026-10-05T23:34:43
5904,寶雅,2023-01-03,488.5,-9.0,-1.81%,,,,,,,,,ShowDailyK_ChartFlow,FinMind_API_TaiwanStockPrice_5904,True,2026-10-05T23:34:43,2026-10-05T23:34:43,2026-10-05T23:34:43
5904,寶雅,2023-01-04,530.0,41.5,8.50%,,,,,,,,,ShowDailyK_ChartFlow,FinMind_API_TaiwanStockPrice_5904,True,2026-10-05T23:34:43,2026-10-05T23:34:43,2026-10-05T23:34:43
5904,寶雅,2023-01-05,540.0,10.0,1.89%,,,,,,,,,ShowDailyK_ChartFlow,FinMind_API_TaiwanStockPrice_5904,True,2026-10-05T23:34:43,2026-10-05T23:34:43,2026-10-05T23:34:43
5904,寶雅,2023-01-06,531.0,-9.0,-1.67%,,,,,,,,,ShowDailyK_ChartFlow,FinMind_API_TaiwanStockPrice_5904,True,2026-10-05T23:34:43,2026-10-05T23:34:43,2026-10-05T23:34:43
5904,寶雅,2023-01-09,518.0,-13.0,-2.45%,,,,,,,,,ShowDailyK_ChartFlow,FinMind_API_TaiwanStockPrice_5904,True,2026-10-05T23:34:43,2026-10-05T23:34:43,2026-10-05T23:34:43
5904,寶雅,2023-01-10,533.0,15.0,2.90%,,,,,,,,,ShowDailyK_ChartFlow,FinMind_API_TaiwanStockPrice_5904,True,2026-10-05T23:34:43,2026-10-05T23:34:43,2026-10-05T23:34:43
5904,寶雅,2023-01-11,537.0,4.0,0.75%,,,,,,,,,ShowDailyK_ChartFlow,FinMind_API_TaiwanStockPrice_5904,True,2026-10-05T23:34:43,2026-10-05T23:34:43,2026-10-05T23:34:43
5904,寶雅,2023-01-12,530.0,-7.0,-1.30%,,,,,,,,,ShowDailyK_ChartFlow,FinMind_API_TaiwanStockPrice_5904,True,2026-10-05T23:34:43,2026-10-05T23:34:43,2026-10-05T23:34:43
5904,寶雅,2023-01-13,527.0,-3.0,-0.57%,,,,,,,,,ShowDailyK_ChartFlow,FinMind_API_TaiwanStockPrice_5904,True,2026-10-05T23:34:43,2026-10-05T23:34:43,2026-10-05T23:34:43
5904,寶雅,2023-01-16,538.0,11.0,2.09%,,,,,,,,,ShowDailyK_ChartFlow,FinMind_API_TaiwanStockPrice_5904,True,2026-10-05T23:34:43,2026-10-05T23:34:43,2026-10-05T23:34:43
5904,寶雅,2023-01-17,529.0,-9.0,-1.67%,,,,,,,,,ShowDailyK_ChartFlow,FinMind_API_TaiwanStockPrice_5904,True,2026-10-05T23:34:43,2026-10-05T23:34:43,2026-10-05T23:34:43
5904,寶雅,2023-01-30,534.0,5.0,0.95%,,,,,,,,,ShowDailyK_ChartFlow,FinMind_API_TaiwanStockPrice_5904,True,2026-10-05T23:34:43,2026-10-05T23:34:43,2026-10-05T23:34:43
5904,寶雅,2023-01-31,520.0,-14.0,-2.62%,,,,,,,,,ShowDailyK_ChartFlow,FinMind_API_TaiwanStockPrice_5904,True,2026-10-05T23:34:43,2026-10-05T23:34:43,2026-10-05T23:34:43
5904,寶雅,2023-02-01,525.0,5.0,0.96%,,,,,,,,,ShowDailyK_ChartFlow,FinMind_API_TaiwanStockPrice_5904,True,2026-10-05T23:34:43,2026-10-05T23:34:43,2026-10-05T23:34:43
5904,寶雅,2023-02-02,531.0,6.0,1.14%,,,,,,,,,ShowDailyK_ChartFlow,FinMind_API_TaiwanStockPrice_5904,True,2026-10-05T23:34:43,2026-10-05T23:34:43,2026-10-05T23:34:43
5904,寶雅,2023-02-03,519.0,-12.0,-2.26%,,,,,,,,,ShowDailyK_ChartFlow,FinMind_API_TaiwanStockPrice_5904,True,2026-10-05T23:34:43,2026-10-05T23:34:43,2026-10-05T23:34:43
5904,寶雅,2023-02-06,519.0,0.0,0.00%,,,,,,,,,ShowDailyK_ChartFlow,FinMind_API_TaiwanStockPrice_5904,True,2026-10-05T23:34:43,2026-10-05T23:34:43,2026-10-05T23:34:43
5904,寶雅,2023-02-07,531.0,12.0,2.31%,,,,,,,,,ShowDailyK_ChartFlow,FinMind_API_TaiwanStockPrice_5904,True,2026-10-05T23:34:43,2026-10-05T23:34:43,2026-10-05T23:34:43
5904,寶雅,2023-02-08,532.0,1.0,0.19%,,,,,,,,,ShowDailyK_ChartFlow,FinMind_API_TaiwanStockPrice_5904,True,2026-10-05T23:34:43,2026-10-05T23:34:43,2026-10-05T23:34:43
5904,寶雅,2023-02-09,541.0,9.0,1.69%,,,,,,,,,ShowDailyK_ChartFlow,FinMind_API_TaiwanStockPrice_5904,True,2026-10-05T23:34:43,2026-10-05T23:34:43,2026-10-05T23:34:43
5904,寶雅,2023-02-10,532.0,-9.0,-1.66%,,,,,,,,,ShowDailyK_ChartFlow,FinMind_API_TaiwanStockPrice_5904,True,2026-10-05T23:34:43,2026-10-05T23:34:43,2026-10-05T23:34:43
5904,寶雅,2023-02-13,530.0,-2.0,-0.38%,,,,,,,,,ShowDailyK_ChartFlow,FinMind_API_TaiwanStockPrice_5904,True,2026-10-05T23:34:43,2026-10-05T23:34:43,2026-10-05T23:34:43
5904,寶雅,2023-02-14,564.0,34.0,6.42%,,,,,,,,,ShowDailyK_ChartFlow,FinMind_API_TaiwanStockPrice_5904,True,2026-10-05T23:34:43,2026-10-05T23:34:43,2026-10-05T23:34:43
5904,寶雅,2023-02-15,540.0,-24.0,-4.26%,,,,,,,,,ShowDailyK_ChartFlow,FinMind_API_TaiwanStockPrice_5904,True,2026-10-05T23:34:43,2026-10-05T23:34:43,2026-10-05T23:34:43
5904,寶雅,2023-02-16,585.0,45.0,8.33%,,,,,,,,,ShowDailyK_ChartFlow,FinMind_API_TaiwanStockPrice_5904,True,2026-10-05T23:34:43,2026-10-05T23:34:43,2026-10-05T23:34:43
5904,寶雅,2023-02-17,569.0,-16.0,-2.74%,,,,,,,,,ShowDailyK_ChartFlow,FinMind_API_TaiwanStockPrice_5904,True,2026-10-05T23:34:43,2026-10-05T23:34:43,2026-10-05T23:34:43
5904,寶雅,2023-02-20,559.0,-10.0,-1.76%,,,,,,,,,ShowDailyK_ChartFlow,FinMind_API_TaiwanStockPrice_5904,True,2026-10-05T23:34:43,2026-10-05T23:34:43,2026-10-05T23:34:43
5904,寶雅,2023-02-21,559.0,0.0,0.00%,,,,,,,,,ShowDailyK_ChartFlow,FinMind_API_TaiwanStockPrice_5904,True,2026-10-05T23:34:43,2026-10-05T23:34:43,2026-10-05T23:34:43
5904,寶雅,2023-02-22,580.0,21.0,3.76%,,,,,,,,,ShowDailyK_ChartFlow,FinMind_API_TaiwanStockPrice_5904,True,2026-10-05T23:34:43,2026-10-05T23:34:43,2026-10-05T23:34:43
5904,寶雅,2023-02-23,603.0,23.0,3.97%,,,,,,,,,ShowDailyK_ChartFlow,FinMind_API_TaiwanStockPrice_5904,True,2026-10-05T23:34:43,2026-10-05T23:34:43,2026-10-05T23:34:43
5904,寶雅,2023-02-24,593.0,-10.0,-1.66%,,,,,,,,,ShowDailyK_ChartFlow,FinMind_API_TaiwanStockPrice_5904,True,2026-10-05T23:34:43,2026-10-05T23:34:43,2026-10-05T23:34:43
5904,寶雅,2023-03-01,614.0,21.0,3.54%,,,,,,,,,ShowDailyK_ChartFlow,FinMind_API_TaiwanStockPrice_5904,True,2026-10-05T23:34:43,2026-10-05T23:34:43,2026-10-05T23:34:43
5904,寶雅,2023-03-02,602.0,-12.0,-1.95%,,,,,,,,,ShowDailyK_ChartFlow,FinMind_API_TaiwanStockPrice_5904,True,2026-10-05T23:34:43,2026-10-05T23:34:43,2026-10-05T23:34:43
5904,寶雅,2023-03-03,599.0,-3.0,-0.50%,,,,,,,,,ShowDailyK_ChartFlow,FinMind_API_TaiwanStockPrice_5904,True,2026-10-05T23:34:43,2026-10-05T23:34:43,2026-10-05T23:34:43
5904,寶雅,2023-03-06,596.0,-3.0,-0.50%,,,,,,,,,ShowDailyK_ChartFlow,FinMind_API_TaiwanStockPrice_5904,True,2026-10-05T23:34:43,2026-10-05T23:34:43,2026-10-05T23:34:43
5904,寶雅,2023-03-07,608.0,12.0,2.01%,,,,,,,,,ShowDailyK_ChartFlow,FinMind_API_TaiwanStockPrice_5904,True,2026-10-05T23:34:43,2026-10-05T23:34:43,2026-10-05T23:34:43
5904,寶雅,2023-03-08,608.0,0.0,0.00%,,,,,,,,,ShowDailyK_ChartFlow,FinMind_API_TaiwanStockPrice_5904,True,2026-10-05T23:34:43,2026-10-05T23:34:43,2026-10-05T23:34:43
5904,寶雅,2023-03-09,613.0,5.0,0.82%,,,,,,,,,ShowDailyK_ChartFlow,FinMind_API_TaiwanStockPrice_5904,True,2026-10-05T23:34:43,2026-10-05T23:34:43,2026-10-05T23:34:43
5904,寶雅,2023-03-10,589.0,-24.0,-3.92%,,,,,,,,,ShowDailyK_ChartFlow,FinMind_API_TaiwanStockPrice_5904,True,2026-10-05T23:34:43,2026-10-05T23:34:43,2026-10-05T23:34:43
5904,寶雅,2023-03-13,590.0,1.0,0.17%,,,,,,,,,ShowDailyK_ChartFlow,FinMind_API_TaiwanStockPrice_5904,True,2026-10-05T23:34:43,2026-10-05T23:34:43,2026-10-05T23:34:43
5904,寶雅,2023-03-14,582.0,-8.0,-1.36%,,,,,,,,,ShowDailyK_ChartFlow,FinMind_API_TaiwanStockPrice_5904,True,2026-10-05T23:34:43,2026-10-05T23:34:43,2026-10-05T23:34:43
5904,寶雅,2023-03-15,584.0,2.0,0.34%,,,,,,,,,ShowDailyK_ChartFlow,FinMind_API_TaiwanStockPrice_5904,True,2026-10-05T23:34:43,2026-10-05T23:34:43,2026-10-05T23:34:43
5904,寶雅,2023-03-16,567.0,-17.0,-2.91%,,,,,,,,,ShowDailyK_ChartFlow,FinMind_API_TaiwanStockPrice_5904,True,2026-10-05T23:34:43,2026-10-05T23:34:43,2026-10-05T23:34:43
5904,寶雅,2023-03-17,585.0,18.0,3.17%,,,,,,,,,ShowDailyK_ChartFlow,FinMind_API_TaiwanStockPrice_5904,True,2026-10-05T23:34:43,2026-10-05T23:34:43,2026-10-05T23:34:43
5904,寶雅,2023-03-20,586.0,1.0,0.17%,,,,,,,,,ShowDailyK_ChartFlow,FinMind_API_TaiwanStockPrice_5904,True,2026-10-05T23:34:43,2026-10-05T23:34:43,2026-10-05T23:34:43
5904,寶雅,2023-03-21,581.0,-5.0,-0.85%,,,,,,,,,ShowDailyK_ChartFlow,FinMind_API_TaiwanStockPrice_5904,True,2026-10-05T23:34:43,2026-10-05T23:34:43,2026-10-05T23:34:43
5904,寶雅,2023-03-22,591.0,10.0,1.72%,,,,,,,,,ShowDailyK_ChartFlow,FinMind_API_TaiwanStockPrice_5904,True,2026-10-05T23:34:43,2026-10-05T23:34:43,2026-10-05T23:34:43
5904,寶雅,2023-03-23,576.0,-15.0,-2.54%,,,,,,,,,ShowDailyK_ChartFlow,FinMind_API_TaiwanStockPrice_5904,True,2026-10-05T23:34:43,2026-10-05T23:34:43,2026-10-05T23:34:43
5904,寶雅,2023-03-24,560.0,-16.0,-2.78%,,,,,,,,,ShowDailyK_ChartFlow,FinMind_API_TaiwanStockPrice_5904,True,2026-10-05T23:34:43,2026-10-05T23:34:43,2026-10-05T23:34:43
5904,寶雅,2023-03-27,570.0,10.0,1.79%,,,,,,,,,ShowDailyK_ChartFlow,FinMind_API_TaiwanStockPrice_5904,True,2026-10-05T23:34:43,2026-10-05T23:34:43,2026-10-05T23:34:43
5904,寶雅,2023-03-28,557.0,-13.0,-2.28%,,,,,,,,,ShowDailyK_ChartFlow,FinMind_API_TaiwanStockPrice_5904,True,2026-10-05T23:34:43,2026-10-05T23:34:43,2026-10-05T23:34:43
5904,寶雅,2023-03-29,564.0,7.0,1.26%,,,,,,,,,ShowDailyK_ChartFlow,FinMind_API_TaiwanStockPrice_5904,True,2026-10-05T23:34:43,2026-10-05T23:34:43,2026-10-05T23:34:43
5904,寶雅,2023-03-30,573.0,9.0,1.60%,,,,,,,,,ShowDailyK_ChartFlow,FinMind_API_TaiwanStockPrice_5904,True,2026-10-05T23:34:43,2026-10-05T23:34:43,2026-10-05T23:34:43
5904,寶雅,2023-03-31,570.0,-3.0,-0.52%,,,,,,,,,ShowDailyK_ChartFlow,FinMind_API_TaiwanStockPrice_5904,True,2026-10-05T23:34:43,2026-10-05T23:34:43,2026-10-05T23:34:43
5904,寶雅,2023-04-06,583.0,13.0,2.28%,,,,,,,,,ShowDailyK_ChartFlow,FinMind_API_TaiwanStockPrice_5904,True,2026-10-05T23:34:43,2026-10-05T23:34:43,2026-10-05T23:34:43
5904,寶雅,2023-04-07,578.0,-5.0,-0.86%,,,,,,,,,ShowDailyK_ChartFlow,FinMind_API_TaiwanStockPrice_5904,True,2026-10-05T23:34:43,2026-10-05T23:34:43,2026-10-05T23:34:43
5904,寶雅,2023-04-10,585.0,7.0,1.21%,,,,,,,,,ShowDailyK_ChartFlow,FinMind_API_TaiwanStockPrice_5904,True,2026-10-05T23:34:43,2026-10-05T23:34:43,2026-10-05T23:34:43
5904,寶雅,2023-04-11,585.0,0.0,0.00%,,,,,,,,,ShowDailyK_ChartFlow,FinMind_API_TaiwanStockPrice_5904,True,2026-10-05T23:34:43,2026-10-05T23:34:43,2026-10-05T23:34:43
5904,寶雅,2023-04-12,587.0,2.0,0.34%,,,,,,,,,ShowDailyK_ChartFlow,FinMind_API_TaiwanStockPrice_5904,True,2026-10-05T23:34:43,2026-10-05T23:34:43,2026-10-05T23:34:43
5904,寶雅,2023-04-13,598.0,11.0,1.87%,,,,,,,,,ShowDailyK_ChartFlow,FinMind_API_TaiwanStockPrice_5904,True,2026-10-05T23:34:43,2026-10-05T23:34:43,2026-10-05T23:34:43
5904,寶雅,2023-04-14,590.0,-8.0,-1.34%,,,,,,,,,ShowDailyK_ChartFlow,FinMind_API_TaiwanStockPrice_5904,True,2026-10-05T23:34:43,2026-10-05T23:34:43,2026-10-05T23:34:43
5904,寶雅,2023-04-17,585.0,-5.0,-0.85%,,,,,,,,,ShowDailyK_ChartFlow,FinMind_API_TaiwanStockPrice_5904,True,2026-10-05T23:34:43,2026-10-05T23:34:43,2026-10-05T23:34:43
5904,寶雅,2023-04-18,602.0,17.0,2.91%,,,,,,,,,ShowDailyK_ChartFlow,FinMind_API_TaiwanStockPrice_5904,True,2026-10-05T23:34:43,2026-10-05T23:34:43,2026-10-05T23:34:43
5904,寶雅,2023-04-19,618.0,16.0,2.66%,,,,,,,,,ShowDailyK_ChartFlow,FinMind_API_TaiwanStockPrice_5904,True,2026-10-05T23:34:43,2026-10-05T23:34:43,2026-10-05T23:34:43
5904,寶雅,2023-04-20,587.0,-31.0,-5.02%,,,,,,,,,ShowDailyK_ChartFlow,FinMind_API_TaiwanStockPrice_5904,True,2026-10-05T23:34:43,2026-10-05T23:34:43,2026-10-05T23:34:43
5904,寶雅,2023-04-21,580.0,-7.0,-1.19%,,,,,,,,,ShowDailyK_ChartFlow,FinMind_API_TaiwanStockPrice_5904,True,2026-10-05T23:34:43,2026-10-05T23:34:43,2026-10-05T23:34:43
5904,寶雅,2023-04-24,603.0,23.0,3.97%,,,,,,,,,ShowDailyK_ChartFlow,FinMind_API_TaiwanStockPrice_5904,True,2026-10-05T23:34:43,2026-10-05T23:34:43,2026-10-05T23:34:43
5904,寶雅,2023-04-25,580.0,-23.0,-3.81%,,,,,,,,,ShowDailyK_ChartFlow,FinMind_API_TaiwanStockPrice_5904,True,2026-10-05T23:34:43,2026-10-05T23:34:43,2026-10-05T23:34:43
5904,寶雅,2023-04-26,583.0,3.0,0.52%,,,,,,,,,ShowDailyK_ChartFlow,FinMind_API_TaiwanStockPrice_5904,True,2026-10-05T23:34:43,2026-10-05T23:34:43,2026-10-05T23:34:43
5904,寶雅,2023-04-27,583.0,0.0,0.00%,,,,,,,,,ShowDailyK_ChartFlow,FinMind_API_TaiwanStockPrice_5904,True,2026-10-05T23:34:43,2026-10-05T23:34:43,2026-10-05T23:34:43
5904,寶雅,2023-04-28,574.0,-9.0,-1.54%,,,,,,,,,ShowDailyK_ChartFlow,FinMind_API_TaiwanStockPrice_5904,True,2026-10-05T23:34:43,2026-10-05T23:34:43,2026-10-05T23:34:43
5904,寶雅,2023-05-02,580.0,6.0,1.05%,,,,,,,,,ShowDailyK_ChartFlow,FinMind_API_TaiwanStockPrice_5904,True,2026-10-05T23:34:43,2026-10-05T23:34:43,2026-10-05T23:34:43
5904,寶雅,2023-05-03,579.0,-1.0,-0.17%,,,,,,,,,ShowDailyK_ChartFlow,FinMind_API_TaiwanStockPrice_5904,True,2026-10-05T23:34:43,2026-10-05T23:34:43,2026-10-05T23:34:43
5904,寶雅,2023-05-04,579.0,0.0,0.00%,,,,,,,,,ShowDailyK_ChartFlow,FinMind_API_TaiwanStockPrice_5904,True,2026-10-05T23:34:43,2026-10-05T23:34:43,2026-10-05T23:34:43
5904,寶雅,2023-05-05,570.0,-9.0,-1.55%,,,,,,,,,ShowDailyK_ChartFlow,FinMind_API_TaiwanStockPrice_5904,True,2026-10-05T23:34:43,2026-10-05T23:34:43,2026-10-05T23:34:43
5904,寶雅,2023-05-08,568.0,-2.0,-0.35%,,,,,,,,,ShowDailyK_ChartFlow,FinMind_API_TaiwanStockPrice_5904,True,2026-10-05T23:34:43,2026-10-05T23:34:43,2026-10-05T23:34:43
5904,寶雅,2023-05-09,577.0,9.0,1.58%,,,,,,,,,ShowDailyK_ChartFlow,FinMind_API_TaiwanStockPrice_5904,True,2026-10-05T23:34:43,2026-10-05T23:34:43,2026-10-05T23:34:43
5904,寶雅,2023-05-10,571.0,-6.0,-1.04%,,,,,,,,,ShowDailyK_ChartFlow,FinMind_API_TaiwanStockPrice_5904,True,2026-10-05T23:34:43,2026-10-05T23:34:43,2026-10-05T23:34:43
5904,寶雅,2023-05-11,566.0,-5.0,-0.88%,,,,,,,,,ShowDailyK_ChartFlow,FinMind_API_TaiwanStockPrice_5904,True,2026-10-05T23:34:43,2026-10-05T23:34:43,2026-10-05T23:34:43
5904,寶雅,2023-05-12,564.0,-2.0,-0.35%,,,,,,,,,ShowDailyK_ChartFlow,FinMind_API_TaiwanStockPrice_5904,True,2026-10-05T23:34:43,2026-10-05T23:34:43,2026-10-05T23:34:43
5904,寶雅,2023-05-15,551.0,-13.0,-2.30%,,,,,,,,,ShowDailyK_ChartFlow,FinMind_API_TaiwanStockPrice_5904,True,2026-10-05T23:34:43,2026-10-05T23:34:43,2026-10-05T23:34:43
5904,寶雅,2023-05-16,550.0,-1.0,-0.18%,,,,,,,,,ShowDailyK_ChartFlow,FinMind_API_TaiwanStockPrice_5904,True,2026-10-05T23:34:43,2026-10-05T23:34:43,2026-10-05T23:34:43
5904,寶雅,2023-05-17,560.0,10.0,1.82%,,,,,,,,,ShowDailyK_ChartFlow,FinMind_API_TaiwanStockPrice_5904,True,2026-10-05T23:34:43,2026-10-05T23:34:43,2026-10-05T23:34:43
5904,寶雅,2023-05-18,559.0,-1.0,-0.18%,,,,,,,,,ShowDailyK_ChartFlow,FinMind_API_TaiwanStockPrice_5904,True,2026-10-05T23:34:43,2026-10-05T23:34:43,2026-10-05T23:34:43
5904,寶雅,2023-05-19,552.0,-7.0,-1.25%,,,,,,,,,ShowDailyK_ChartFlow,FinMind_API_TaiwanStockPrice_5904,True,2026-10-05T23:34:43,2026-10-05T23:34:43,2026-10-05T23:34:43
5904,寶雅,2023-05-22,554.0,2.0,0.36%,,,,,,,,,ShowDailyK_ChartFlow,FinMind_API_TaiwanStockPrice_5904,True,2026-10-05T23:34:43,2026-10-05T23:34:43,2026-10-05T23:34:43
5904,寶雅,2023-05-23,545.0,-9.0,-1.62%,,,,,,,,,ShowDailyK_ChartFlow,FinMind_API_TaiwanStockPrice_5904,True,2026-10-05T23:34:43,2026-10-05T23:34:43,2026-10-05T23:34:43
5904,寶雅,2023-05-24,531.0,-14.0,-2.57%,,,,,,,,,ShowDailyK_ChartFlow,FinMind_API_TaiwanStockPrice_5904,True,2026-10-05T23:34:43,2026-10-05T23:34:43,2026-10-05T23:34:43
5904,寶雅,2023-05-25,524.0,-7.0,-1.32%,,,,,,,,,ShowDailyK_ChartFlow,FinMind_API_TaiwanStockPrice_5904,True,2026-10-05T23:34:43,2026-10-05T23:34:43,2026-10-05T23:34:43
5904,寶雅,2023-05-26,519.0,-5.0,-0.95%,,,,,,,,,ShowDailyK_ChartFlow,FinMind_API_TaiwanStockPrice_5904,True,2026-10-05T23:34:43,2026-10-05T23:34:43,2026-10-05T23:34:43
5904,寶雅,2023-05-29,533.0,14.0,2.70%,,,,,,,,,ShowDailyK_ChartFlow,FinMind_API_TaiwanStockPrice_5904,True,2026-10-05T23:34:43,2026-10-05T23:34:43,2026-10-05T23:34:43
5904,寶雅,2023-05-30,528.0,-5.0,-0.94%,,,,,,,,,ShowDailyK_ChartFlow,FinMind_API_TaiwanStockPrice_5904,True,2026-10-05T23:34:43,2026-10-05T23:34:43,2026-10-05T23:34:43
5904,寶雅,2023-05-31,532.0,4.0,0.76%,,,,,,,,,ShowDailyK_ChartFlow,FinMind_API_TaiwanStockPrice_5904,True,2026-10-05T23:34:43,2026-10-05T23:34:43,2026-10-05T23:34:43
5904,寶雅,2023-06-01,540.0,8.0,1.50%,,,,,,,,,ShowDailyK_ChartFlow,FinMind_API_TaiwanStockPrice_5904,True,2026-10-05T23:34:43,2026-10-05T23:34:43,2026-10-05T23:34:43
5904,寶雅,2023-06-02,540.0,0.0,0.00%,,,,,,,,,ShowDailyK_ChartFlow,FinMind_API_TaiwanStockPrice_5904,True,2026-10-05T23:34:43,2026-10-05T23:34:43,2026-10-05T23:34:43
5904,寶雅,2023-06-05,532.0,-8.0,-1.48%,,,,,,,,,ShowDailyK_ChartFlow,FinMind_API_TaiwanStockPrice_5904,True,2026-10-05T23:34:43,2026-10-05T23:34:43,2026-10-05T23:34:43
5904,寶雅,2023-06-06,536.0,4.0,0.75%,,,,,,,,,ShowDailyK_ChartFlow,FinMind_API_TaiwanStockPrice_5904,True,2026-10-05T23:34:43,2026-10-05T23:34:43,2026-10-05T23:34:43
5904,寶雅,2023-06-07,543.0,7.0,1.31%,,,,,,,,,ShowDailyK_ChartFlow,FinMind_API_TaiwanStockPrice_5904,True,2026-10-05T23:34:43,2026-10-05T23:34:43,2026-10-05T23:34:43
5904,寶雅,2023-06-08,535.0,-8.0,-1.47%,,,,,,,,,ShowDailyK_ChartFlow,FinMind_API_TaiwanStockPrice_5904,True,2026-10-05T23:34:43,2026-10-05T23:34:43,2026-10-05T23:34:43
5904,寶雅,2023-06-09,541.0,6.0,1.12%,,,,,,,,,ShowDailyK_ChartFlow,FinMind_API_TaiwanStockPrice_5904,True,2026-10-05T23:34:43,2026-10-05T23:34:43,2026-10-05T23:34:43
5904,寶雅,2023-06-12,541.0,0.0,0.00%,,,,,,,,,ShowDailyK_ChartFlow,FinMind_API_TaiwanStockPrice_5904,True,2026-10-05T23:34:43,2026-10-05T23:34:43,2026-10-05T23:34:43
5904,寶雅,2023-06-13,555.0,14.0,2.59%,,,,,,,,,ShowDailyK_ChartFlow,FinMind_API_TaiwanStockPrice_5904,True,2026-10-05T23:34:43,2026-10-05T23:34:43,2026-10-05T23:34:43
5904,寶雅,2023-06-14,558.0,3.0,0.54%,,,,,,,,,ShowDailyK_ChartFlow,FinMind_API_TaiwanStockPrice_5904,True,2026-10-05T23:34:43,2026-10-05T23:34:43,2026-10-05T23:34:43
5904,寶雅,2023-06-15,575.0,17.0,3.05%,,,,,,,,,ShowDailyK_ChartFlow,FinMind_API_TaiwanStockPrice_5904,True,2026-10-05T23:34:43,2026-10-05T23:34:43,2026-10-05T23:34:43
5904,寶雅,2023-06-16,580.0,5.0,0.87%,,,,,,,,,ShowDailyK_ChartFlow,FinMind_API_TaiwanStockPrice_5904,True,2026-10-05T23:34:43,2026-10-05T23:34:43,2026-10-05T23:34:43
5904,寶雅,2023-06-19,564.0,-16.0,-2.76%,,,,,,,,,ShowDailyK_ChartFlow,FinMind_API_TaiwanStockPrice_5904,True,2026-10-05T23:34:43,2026-10-05T23:34:43,2026-10-05T23:34:43
5904,寶雅,2023-06-20,576.0,12.0,2.13%,,,,,,,,,ShowDailyK_ChartFlow,FinMind_API_TaiwanStockPrice_5904,True,2026-10-05T23:34:43,2026-10-05T23:34:43,2026-10-05T23:34:43
5904,寶雅,2023-06-21,590.0,14.0,2.43%,,,,,,,,,ShowDailyK_ChartFlow,FinMind_API_TaiwanStockPrice_5904,True,2026-10-05T23:34:43,2026-10-05T23:34:43,2026-10-05T23:34:43
5904,寶雅,2023-06-26,576.0,-14.0,-2.37%,,,,,,,,,ShowDailyK_ChartFlow,FinMind_API_TaiwanStockPrice_5904,True,2026-10-05T23:34:43,2026-10-05T23:34:43,2026-10-05T23:34:43
5904,寶雅,2023-06-27,568.0,-8.0,-1.39%,,,,,,,,,ShowDailyK_ChartFlow,FinMind_API_TaiwanStockPrice_5904,True,2026-10-05T23:34:43,2026-10-05T23:34:43,2026-10-05T23:34:43
5904,寶雅,2023-06-28,580.0,12.0,2.11%,,,,,,,,,ShowDailyK_ChartFlow,FinMind_API_TaiwanStockPrice_5904,True,2026-10-05T23:34:43,2026-10-05T23:34:43,2026-10-05T23:34:43
5904,寶雅,2023-06-29,592.0,12.0,2.07%,,,,,,,,,ShowDailyK_ChartFlow,FinMind_API_TaiwanStockPrice_5904,True,2026-10-05T23:34:43,2026-10-05T23:34:43,2026-10-05T23:34:43
5904,寶雅,2023-06-30,592.0,0.0,0.00%,,,,,,,,,ShowDailyK_ChartFlow,FinMind_API_TaiwanStockPrice_5904,True,2026-10-05T23:34:43,2026-10-05T23:34:43,2026-10-05T23:34:43
5904,寶雅,2023-07-03,590.0,-2.0,-0.34%,,,,,,,,,ShowDailyK_ChartFlow,FinMind_API_TaiwanStockPrice_5904,True,2026-10-05T23:34:43,2026-10-05T23:34:43,2026-10-05T23:34:43
5904,寶雅,2023-07-04,592.0,2.0,0.34%,,,,,,,,,ShowDailyK_ChartFlow,FinMind_API_TaiwanStockPrice_5904,True,2026-10-05T23:34:43,2026-10-05T23:34:43,2026-10-05T23:34:43
5904,寶雅,2023-07-05,585.0,-7.0,-1.18%,,,,,,,,,ShowDailyK_ChartFlow,FinMind_API_TaiwanStockPrice_5904,True,2026-10-05T23:34:43,2026-10-05T23:34:43,2026-10-05T23:34:43
5904,寶雅,2023-07-06,583.0,-2.0,-0.34%,,,,,,,,,ShowDailyK_ChartFlow,FinMind_API_TaiwanStockPrice_5904,True,2026-10-05T23:34:43,2026-10-05T23:34:43,2026-10-05T23:34:43
5904,寶雅,2023-07-07,539.0,-44.0,-7.55%,,,,,,,,,ShowDailyK_ChartFlow,FinMind_API_TaiwanStockPrice_5904,True,2026-10-05T23:34:43,2026-10-05T23:34:43,2026-10-05T23:34:43
5904,寶雅,2023-07-10,541.0,2.0,0.37%,,,,,,,,,ShowDailyK_ChartFlow,FinMind_API_TaiwanStockPrice_5904,True,2026-10-05T23:34:43,2026-10-05T23:34:43,2026-10-05T23:34:43
5904,寶雅,2023-07-11,553.0,12.0,2.22%,,,,,,,,,ShowDailyK_ChartFlow,FinMind_API_TaiwanStockPrice_5904,True,2026-10-05T23:34:43,2026-10-05T23:34:43,2026-10-05T23:34:43
5904,寶雅,2023-07-12,553.0,0.0,0.00%,,,,,,,,,ShowDailyK_ChartFlow,FinMind_API_TaiwanStockPrice_5904,True,2026-10-05T23:34:43,2026-10-05T23:34:43,2026-10-05T23:34:43
5904,寶雅,2023-07-13,542.0,-11.0,-1.99%,,,,,,,,,ShowDailyK_ChartFlow,FinMind_API_TaiwanStockPrice_5904,True,2026-10-05T23:34:43,2026-10-05T23:34:43,2026-10-05T23:34:43
5904,寶雅,2023-07-14,528.0,-14.0,-2.58%,,,,,,,,,ShowDailyK_ChartFlow,FinMind_API_TaiwanStockPrice_5904,True,2026-10-05T23:34:43,2026-10-05T23:34:43,2026-10-05T23:34:43
5904,寶雅,2023-07-17,529.0,1.0,0.19%,,,,,,,,,ShowDailyK_ChartFlow,FinMind_API_TaiwanStockPrice_5904,True,2026-10-05T23:34:43,2026-10-05T23:34:43,2026-10-05T23:34:43
5904,寶雅,2023-07-18,522.0,-7.0,-1.32%,,,,,,,,,ShowDailyK_ChartFlow,FinMind_API_TaiwanStockPrice_5904,True,2026-10-05T23:34:43,2026-10-05T23:34:43,2026-10-05T23:34:43
5904,寶雅,2023-07-19,514.0,-8.0,-1.53%,,,,,,,,,ShowDailyK_ChartFlow,FinMind_API_TaiwanStockPrice_5904,True,2026-10-05T23:34:43,2026-10-05T23:34:43,2026-10-05T23:34:43
5904,寶雅,2023-07-20,525.0,11.0,2.14%,,,,,,,,,ShowDailyK_ChartFlow,FinMind_API_TaiwanStockPrice_5904,True,2026-10-05T23:34:43,2026-10-05T23:34:43,2026-10-05T23:34:43
5904,寶雅,2023-07-21,525.0,0.0,0.00%,,,,,,,,,ShowDailyK_ChartFlow,FinMind_API_TaiwanStockPrice_5904,True,2026-10-05T23:34:43,2026-10-05T23:34:43,2026-10-05T23:34:43
5904,寶雅,2023-07-24,530.0,5.0,0.95%,,,,,,,,,ShowDailyK_ChartFlow,FinMind_API_TaiwanStockPrice_5904,True,2026-10-05T23:34:43,2026-10-05T23:34:43,2026-10-05T23:34:43
5904,寶雅,2023-07-25,519.0,-11.0,-2.08%,,,,,,,,,ShowDailyK_ChartFlow,FinMind_API_TaiwanStockPrice_5904,True,2026-10-05T23:34:43,2026-10-05T23:34:43,2026-10-05T23:34:43
5904,寶雅,2023-07-26,510.0,-9.0,-1.73%,,,,,,,,,ShowDailyK_ChartFlow,FinMind_API_TaiwanStockPrice_5904,True,2026-10-05T23:34:43,2026-10-05T23:34:43,2026-10-05T23:34:43
5904,寶雅,2023-07-27,512.0,2.0,0.39%,,,,,,,,,ShowDailyK_ChartFlow,FinMind_API_TaiwanStockPrice_5904,True,2026-10-05T23:34:43,2026-10-05T23:34:43,2026-10-05T23:34:43
5904,寶雅,2023-07-28,519.0,7.0,1.37%,,,,,,,,,ShowDailyK_ChartFlow,FinMind_API_TaiwanStockPrice_5904,True,2026-10-05T23:34:43,2026-10-05T23:34:43,2026-10-05T23:34:43
5904,寶雅,2023-07-31,512.0,-7.0,-1.35%,,,,,,,,,ShowDailyK_ChartFlow,FinMind_API_TaiwanStockPrice_5904,True,2026-10-05T23:34:43,2026-10-05T23:34:43,2026-10-05T23:34:43
5904,寶雅,2023-08-01,499.0,-13.0,-2.54%,,,,,,,,,ShowDailyK_ChartFlow,FinMind_API_TaiwanStockPrice_5904,True,2026-10-05T23:34:43,2026-10-05T23:34:43,2026-10-05T23:34:43
5904,寶雅,2023-08-02,486.0,-13.0,-2.61%,,,,,,,,,ShowDailyK_ChartFlow,FinMind_API_TaiwanStockPrice_5904,True,2026-10-05T23:34:43,2026-10-05T23:34:43,2026-10-05T23:34:43
5904,寶雅,2023-08-04,508.0,22.0,4.53%,,,,,,,,,ShowDailyK_ChartFlow,FinMind_API_TaiwanStockPrice_5904,True,2026-10-05T23:34:43,2026-10-05T23:34:43,2026-10-05T23:34:43
5904,寶雅,2023-08-07,520.0,12.0,2.36%,,,,,,,,,ShowDailyK_ChartFlow,FinMind_API_TaiwanStockPrice_5904,True,2026-10-05T23:34:43,2026-10-05T23:34:43,2026-10-05T23:34:43
5904,寶雅,2023-08-08,509.0,-11.0,-2.12%,,,,,,,,,ShowDailyK_ChartFlow,FinMind_API_TaiwanStockPrice_5904,True,2026-10-05T23:34:43,2026-10-05T23:34:43,2026-10-05T23:34:43
5904,寶雅,2023-08-09,512.0,3.0,0.59%,,,,,,,,,ShowDailyK_ChartFlow,FinMind_API_TaiwanStockPrice_5904,True,2026-10-05T23:34:43,2026-10-05T23:34:43,2026-10-05T23:34:43
5904,寶雅,2023-08-10,510.0,-2.0,-0.39%,,,,,,,,,ShowDailyK_ChartFlow,FinMind_API_TaiwanStockPrice_5904,True,2026-10-05T23:34:43,2026-10-05T23:34:43,2026-10-05T23:34:43
5904,寶雅,2023-08-11,511.0,1.0,0.20%,,,,,,,,,ShowDailyK_ChartFlow,FinMind_API_TaiwanStockPrice_5904,True,2026-10-05T23:34:43,2026-10-05T23:34:43,2026-10-05T23:34:43
5904,寶雅,2023-08-14,510.0,-1.0,-0.20%,,,,,,,,,ShowDailyK_ChartFlow,FinMind_API_TaiwanStockPrice_5904,True,2026-10-05T23:34:43,2026-10-05T23:34:43,2026-10-05T23:34:43
5904,寶雅,2023-08-15,492.0,-18.0,-3.53%,,,,,,,,,ShowDailyK_ChartFlow,FinMind_API_TaiwanStockPrice_5904,True,2026-10-05T23:34:43,2026-10-05T23:34:43,2026-10-05T23:34:43
5904,寶雅,2023-08-16,501.0,9.0,1.83%,,,,,,,,,ShowDailyK_ChartFlow,FinMind_API_TaiwanStockPrice_5904,True,2026-10-05T23:34:43,2026-10-05T23:34:43,2026-10-05T23:34:43
5904,寶雅,2023-08-17,494.0,-7.0,-1.40%,,,,,,,,,ShowDailyK_ChartFlow,FinMind_API_TaiwanStockPrice_5904,True,2026-10-05T23:34:43,2026-10-05T23:34:43,2026-10-05T23:34:43
5904,寶雅,2023-08-18,485.0,-9.0,-1.82%,,,,,,,,,ShowDailyK_ChartFlow,FinMind_API_TaiwanStockPrice_5904,True,2026-10-05T23:34:43,2026-10-05T23:34:43,2026-10-05T23:34:43
5904,寶雅,2023-08-21,495.0,10.0,2.06%,,,,,,,,,ShowDailyK_ChartFlow,FinMind_API_TaiwanStockPrice_5904,True,2026-10-05T23:34:43,2026-10-05T23:34:43,2026-10-05T23:34:43
5904,寶雅,2023-08-22,490.0,-5.0,-1.01%,,,,,,,,,ShowDailyK_ChartFlow,FinMind_API_TaiwanStockPrice_5904,True,2026-10-05T23:34:43,2026-10-05T23:34:43,2026-10-05T23:34:43
5904,寶雅,2023-08-23,483.5,-6.5,-1.33%,,,,,,,,,ShowDailyK_ChartFlow,FinMind_API_TaiwanStockPrice_5904,True,2026-10-05T23:34:43,2026-10-05T23:34:43,2026-10-05T23:34:43
5904,寶雅,2023-08-24,476.5,-7.0,-1.45%,,,,,,,,,ShowDailyK_ChartFlow,FinMind_API_TaiwanStockPrice_5904,True,2026-10-05T23:34:43,2026-10-05T23:34:43,2026-10-05T23:34:43
5904,寶雅,2023-08-25,481.0,4.5,0.94%,,,,,,,,,ShowDailyK_ChartFlow,FinMind_API_TaiwanStockPrice_5904,True,2026-10-05T23:34:43,2026-10-05T23:34:43,2026-10-05T23:34:43
5904,寶雅,2023-08-28,477.5,-3.5,-0.73%,,,,,,,,,ShowDailyK_ChartFlow,FinMind_API_TaiwanStockPrice_5904,True,2026-10-05T23:34:43,2026-10-05T23:34:43,2026-10-05T23:34:43
5904,寶雅,2023-08-29,478.0,0.5,0.10%,,,,,,,,,ShowDailyK_ChartFlow,FinMind_API_TaiwanStockPrice_5904,True,2026-10-05T23:34:43,2026-10-05T23:34:43,2026-10-05T23:34:43
5904,寶雅,2023-08-30,481.5,3.5,0.73%,,,,,,,,,ShowDailyK_ChartFlow,FinMind_API_TaiwanStockPrice_5904,True,2026-10-05T23:34:43,2026-10-05T23:34:43,2026-10-05T23:34:43
5904,寶雅,2023-08-31,486.0,4.5,0.93%,,,,,,,,,ShowDailyK_ChartFlow,FinMind_API_TaiwanStockPrice_5904,True,2026-10-05T23:34:43,2026-10-05T23:34:43,2026-10-05T23:34:43
5904,寶雅,2023-09-01,492.0,6.0,1.23%,,,,,,,,,ShowDailyK_ChartFlow,FinMind_API_TaiwanStockPrice_5904,True,2026-10-05T23:34:43,2026-10-05T23:34:43,2026-10-05T23:34:43
5904,寶雅,2023-09-04,492.0,0.0,0.00%,,,,,,,,,ShowDailyK_ChartFlow,FinMind_API_TaiwanStockPrice_5904,True,2026-10-05T23:34:43,2026-10-05T23:34:43,2026-10-05T23:34:43
5904,寶雅,2023-09-05,485.5,-6.5,-1.32%,,,,,,,,,ShowDailyK_ChartFlow,FinMind_API_TaiwanStockPrice_5904,True,2026-10-05T23:34:43,2026-10-05T23:34:43,2026-10-05T23:34:43
5904,寶雅,2023-09-06,482.0,-3.5,-0.72%,,,,,,,,,ShowDailyK_ChartFlow,FinMind_API_TaiwanStockPrice_5904,True,2026-10-05T23:34:43,2026-10-05T23:34:43,2026-10-05T23:34:43
5904,寶雅,2023-09-07,480.0,-2.0,-0.41%,,,,,,,,,ShowDailyK_ChartFlow,FinMind_API_TaiwanStockPrice_5904,True,2026-10-05T23:34:43,2026-10-05T23:34:43,2026-10-05T23:34:43
5904,寶雅,2023-09-08,494.0,14.0,2.92%,,,,,,,,,ShowDailyK_ChartFlow,FinMind_API_TaiwanStockPrice_5904,True,2026-10-05T23:34:43,2026-10-05T23:34:43,2026-10-05T23:34:43
5904,寶雅,2023-09-11,486.0,-8.0,-1.62%,,,,,,,,,ShowDailyK_ChartFlow,FinMind_API_TaiwanStockPrice_5904,True,2026-10-05T23:34:43,2026-10-05T23:34:43,2026-10-05T23:34:43
5904,寶雅,2023-09-12,493.5,7.5,1.54%,,,,,,,,,ShowDailyK_ChartFlow,FinMind_API_TaiwanStockPrice_5904,True,2026-10-05T23:34:43,2026-10-05T23:34:43,2026-10-05T23:34:43
5904,寶雅,2023-09-13,497.5,4.0,0.81%,,,,,,,,,ShowDailyK_ChartFlow,FinMind_API_TaiwanStockPrice_5904,True,2026-10-05T23:34:43,2026-10-05T23:34:43,2026-10-05T23:34:43
5904,寶雅,2023-09-14,496.0,-1.5,-0.30%,,,,,,,,,ShowDailyK_ChartFlow,FinMind_API_TaiwanStockPrice_5904,True,2026-10-05T23:34:43,2026-10-05T23:34:43,2026-10-05T23:34:43
5904,寶雅,2023-09-15,498.0,2.0,0.40%,,,,,,,,,ShowDailyK_ChartFlow,FinMind_API_TaiwanStockPrice_5904,True,2026-10-05T23:34:43,2026-10-05T23:34:43,2026-10-05T23:34:43
5904,寶雅,2023-09-18,492.0,-6.0,-1.20%,,,,,,,,,ShowDailyK_ChartFlow,FinMind_API_TaiwanStockPrice_5904,True,2026-10-05T23:34:43,2026-10-05T23:34:43,2026-10-05T23:34:43
5904,寶雅,2023-09-19,483.0,-9.0,-1.83%,,,,,,,,,ShowDailyK_ChartFlow,FinMind_API_TaiwanStockPrice_5904,True,2026-10-05T23:34:43,2026-10-05T23:34:43,2026-10-05T23:34:43
5904,寶雅,2023-09-20,484.0,1.0,0.21%,,,,,,,,,ShowDailyK_ChartFlow,FinMind_API_TaiwanStockPrice_5904,True,2026-10-05T23:34:43,2026-10-05T23:34:43,2026-10-05T23:34:43
5904,寶雅,2023-09-21,491.0,7.0,1.45%,,,,,,,,,ShowDailyK_ChartFlow,FinMind_API_TaiwanStockPrice_5904,True,2026-10-05T23:34:43,2026-10-05T23:34:43,2026-10-05T23:34:43
5904,寶雅,2023-09-22,492.0,1.0,0.20%,,,,,,,,,ShowDailyK_ChartFlow,FinMind_API_TaiwanStockPrice_5904,True,2026-10-05T23:34:43,2026-10-05T23:34:43,2026-10-05T23:34:43
5904,寶雅,2023-09-25,504.0,12.0,2.44%,,,,,,,,,ShowDailyK_ChartFlow,FinMind_API_TaiwanStockPrice_5904,True,2026-10-05T23:34:43,2026-10-05T23:34:43,2026-10-05T23:34:43
5904,寶雅,2023-09-26,494.0,-10.0,-1.98%,,,,,,,,,ShowDailyK_ChartFlow,FinMind_API_TaiwanStockPrice_5904,True,2026-10-05T23:34:43,2026-10-05T23:34:43,2026-10-05T23:34:43
5904,寶雅,2023-09-27,488.0,-6.0,-1.21%,,,,,,,,,ShowDailyK_ChartFlow,FinMind_API_TaiwanStockPrice_5904,True,2026-10-05T23:34:43,2026-10-05T23:34:43,2026-10-05T23:34:43
5904,寶雅,2023-09-28,482.0,-6.0,-1.23%,,,,,,,,,ShowDailyK_ChartFlow,FinMind_API_TaiwanStockPrice_5904,True,2026-10-05T23:34:43,2026-10-05T23:34:43,2026-10-05T23:34:43
5904,寶雅,2023-10-02,489.5,7.5,1.56%,,,,,,,,,ShowDailyK_ChartFlow,FinMind_API_TaiwanStockPrice_5904,True,2026-10-05T23:34:43,2026-10-05T23:34:43,2026-10-05T23:34:43
5904,寶雅,2023-10-03,488.0,-1.5,-0.31%,,,,,,,,,ShowDailyK_ChartFlow,FinMind_API_TaiwanStockPrice_5904,True,2026-10-05T23:34:43,2026-10-05T23:34:43,2026-10-05T23:34:43
5904,寶雅,2023-10-04,488.5,0.5,0.10%,,,,,,,,,ShowDailyK_ChartFlow,FinMind_API_TaiwanStockPrice_5904,True,2026-10-05T23:34:43,2026-10-05T23:34:43,2026-10-05T23:34:43
5904,寶雅,2023-10-05,485.0,-3.5,-0.72%,,,,,,,,,ShowDailyK_ChartFlow,FinMind_API_TaiwanStockPrice_5904,True,2026-10-05T23:34:43,2026-10-05T23:34:43,2026-10-05T23:34:43
5904,寶雅,2023-10-06,485.5,0.5,0.10%,,,,,,,,,ShowDailyK_ChartFlow,FinMind_API_TaiwanStockPrice_5904,True,2026-10-05T23:34:43,2026-10-05T23:34:43,2026-10-05T23:34:43
5904,寶雅,2023-10-11,481.0,-4.5,-0.93%,,,,,,,,,ShowDailyK_ChartFlow,FinMind_API_TaiwanStockPrice_5904,True,2026-10-05T23:34:43,2026-10-05T23:34:43,2026-10-05T23:34:43
5904,寶雅,2023-10-12,486.0,5.0,1.04%,,,,,,,,,ShowDailyK_ChartFlow,FinMind_API_TaiwanStockPrice_5904,True,2026-10-05T23:34:43,2026-10-05T23:34:43,2026-10-05T23:34:43
5904,寶雅,2023-10-13,483.0,-3.0,-0.62%,,,,,,,,,ShowDailyK_ChartFlow,FinMind_API_TaiwanStockPrice_5904,True,2026-10-05T23:34:43,2026-10-05T23:34:43,2026-10-05T23:34:43
5904,寶雅,2023-10-16,481.0,-2.0,-0.41%,,,,,,,,,ShowDailyK_ChartFlow,FinMind_API_TaiwanStockPrice_5904,True,2026-10-05T23:34:43,2026-10-05T23:34:43,2026-10-05T23:34:43
5904,寶雅,2023-10-17,482.0,1.0,0.21%,,,,,,,,,ShowDailyK_ChartFlow,FinMind_API_TaiwanStockPrice_5904,True,2026-10-05T23:34:43,2026-10-05T23:34:43,2026-10-05T23:34:43
5904,寶雅,2023-10-18,482.5,0.5,0.10%,,,,,,,,,ShowDailyK_ChartFlow,FinMind_API_TaiwanStockPrice_5904,True,2026-10-05T23:34:43,2026-10-05T23:34:43,2026-10-05T23:34:43
5904,寶雅,2023-10-19,477.5,-5.0,-1.04%,,,,,,,,,ShowDailyK_ChartFlow,FinMind_API_TaiwanStockPrice_5904,True,2026-10-05T23:34:43,2026-10-05T23:34:43,2026-10-05T23:34:43
5904,寶雅,2023-10-20,473.5,-4.0,-0.84%,,,,,,,,,ShowDailyK_ChartFlow,FinMind_API_TaiwanStockPrice_5904,True,2026-10-05T23:34:43,2026-10-05T23:34:43,2026-10-05T23:34:43
5904,寶雅,2023-10-23,467.0,-6.5,-1.37%,,,,,,,,,ShowDailyK_ChartFlow,FinMind_API_TaiwanStockPrice_5904,True,2026-10-05T23:34:43,2026-10-05T23:34:43,2026-10-05T23:34:43
5904,寶雅,2023-10-24,465.0,-2.0,-0.43%,,,,,,,,,ShowDailyK_ChartFlow,FinMind_API_TaiwanStockPrice_5904,True,2026-10-05T23:34:43,2026-10-05T23:34:43,2026-10-05T23:34:43
5904,寶雅,2023-10-25,465.0,0.0,0.00%,,,,,,,,,ShowDailyK_ChartFlow,FinMind_API_TaiwanStockPrice_5904,True,2026-10-05T23:34:43,2026-10-05T23:34:43,2026-10-05T23:34:43
5904,寶雅,2023-10-26,464.0,-1.0,-0.22%,,,,,,,,,ShowDailyK_ChartFlow,FinMind_API_TaiwanStockPrice_5904,True,2026-10-05T23:34:43,2026-10-05T23:34:43,2026-10-05T23:34:43
5904,寶雅,2023-10-27,460.0,-4.0,-0.86%,,,,,,,,,ShowDailyK_ChartFlow,FinMind_API_TaiwanStockPrice_5904,True,2026-10-05T23:34:43,2026-10-05T23:34:43,2026-10-05T23:34:43
5904,寶雅,2023-10-30,465.5,5.5,1.20%,,,,,,,,,ShowDailyK_ChartFlow,FinMind_API_TaiwanStockPrice_5904,True,2026-10-05T23:34:43,2026-10-05T23:34:43,2026-10-05T23:34:43
5904,寶雅,2023-10-31,497.5,32.0,6.87%,,,,,,,,,ShowDailyK_ChartFlow,FinMind_API_TaiwanStockPrice_5904,True,2026-10-05T23:34:43,2026-10-05T23:34:43,2026-10-05T23:34:43
5904,寶雅,2023-11-01,528.0,30.5,6.13%,,,,,,,,,ShowDailyK_ChartFlow,FinMind_API_TaiwanStockPrice_5904,True,2026-10-05T23:34:43,2026-10-05T23:34:43,2026-10-05T23:34:43
5904,寶雅,2023-11-02,528.0,0.0,0.00%,,,,,,,,,ShowDailyK_ChartFlow,FinMind_API_TaiwanStockPrice_5904,True,2026-10-05T23:34:43,2026-10-05T23:34:43,2026-10-05T23:34:43
5904,寶雅,2023-11-03,517.0,-11.0,-2.08%,,,,,,,,,ShowDailyK_ChartFlow,FinMind_API_TaiwanStockPrice_5904,True,2026-10-05T23:34:43,2026-10-05T23:34:43,2026-10-05T23:34:43
5904,寶雅,2023-11-06,513.0,-4.0,-0.77%,,,,,,,,,ShowDailyK_ChartFlow,FinMind_API_TaiwanStockPrice_5904,True,2026-10-05T23:34:43,2026-10-05T23:34:43,2026-10-05T23:34:43
5904,寶雅,2023-11-07,518.0,5.0,0.97%,,,,,,,,,ShowDailyK_ChartFlow,FinMind_API_TaiwanStockPrice_5904,True,2026-10-05T23:34:43,2026-10-05T23:34:43,2026-10-05T23:34:43
5904,寶雅,2023-11-08,511.0,-7.0,-1.35%,,,,,,,,,ShowDailyK_ChartFlow,FinMind_API_TaiwanStockPrice_5904,True,2026-10-05T23:34:43,2026-10-05T23:34:43,2026-10-05T23:34:43
5904,寶雅,2023-11-09,510.0,-1.0,-0.20%,,,,,,,,,ShowDailyK_ChartFlow,FinMind_API_TaiwanStockPrice_5904,True,2026-10-05T23:34:43,2026-10-05T23:34:43,2026-10-05T23:34:43
5904,寶雅,2023-11-10,500.0,-10.0,-1.96%,,,,,,,,,ShowDailyK_ChartFlow,FinMind_API_TaiwanStockPrice_5904,True,2026-10-05T23:34:43,2026-10-05T23:34:43,2026-10-05T23:34:43
5904,寶雅,2023-11-13,504.0,4.0,0.80%,,,,,,,,,ShowDailyK_ChartFlow,FinMind_API_TaiwanStockPrice_5904,True,2026-10-05T23:34:43,2026-10-05T23:34:43,2026-10-05T23:34:43
5904,寶雅,2023-11-14,501.0,-3.0,-0.60%,,,,,,,,,ShowDailyK_ChartFlow,FinMind_API_TaiwanStockPrice_5904,True,2026-10-05T23:34:43,2026-10-05T23:34:43,2026-10-05T23:34:43
5904,寶雅,2023-11-15,505.0,4.0,0.80%,,,,,,,,,ShowDailyK_ChartFlow,FinMind_API_TaiwanStockPrice_5904,True,2026-10-05T23:34:43,2026-10-05T23:34:43,2026-10-05T23:34:43
5904,寶雅,2023-11-16,513.0,8.0,1.58%,,,,,,,,,ShowDailyK_ChartFlow,FinMind_API_TaiwanStockPrice_5904,True,2026-10-05T23:34:43,2026-10-05T23:34:43,2026-10-05T23:34:43
5904,寶雅,2023-11-17,515.0,2.0,0.39%,,,,,,,,,ShowDailyK_ChartFlow,FinMind_API_TaiwanStockPrice_5904,True,2026-10-05T23:34:43,2026-10-05T23:34:43,2026-10-05T23:34:43
5904,寶雅,2023-11-20,523.0,8.0,1.55%,,,,,,,,,ShowDailyK_ChartFlow,FinMind_API_TaiwanStockPrice_5904,True,2026-10-05T23:34:43,2026-10-05T23:34:43,2026-10-05T23:34:43
5904,寶雅,2023-11-21,527.0,4.0,0.76%,,,,,,,,,ShowDailyK_ChartFlow,FinMind_API_TaiwanStockPrice_5904,True,2026-10-05T23:34:43,2026-10-05T23:34:43,2026-10-05T23:34:43
5904,寶雅,2023-11-22,531.0,4.0,0.76%,,,,,,,,,ShowDailyK_ChartFlow,FinMind_API_TaiwanStockPrice_5904,True,2026-10-05T23:34:43,2026-10-05T23:34:43,2026-10-05T23:34:43
5904,寶雅,2023-11-23,522.0,-9.0,-1.69%,,,,,,,,,ShowDailyK_ChartFlow,FinMind_API_TaiwanStockPrice_5904,True,2026-10-05T23:34:43,2026-10-05T23:34:43,2026-10-05T23:34:43
5904,寶雅,2023-11-24,514.0,-8.0,-1.53%,,,,,,,,,ShowDailyK_ChartFlow,FinMind_API_TaiwanStockPrice_5904,True,2026-10-05T23:34:43,2026-10-05T23:34:43,2026-10-05T23:34:43
5904,寶雅,2023-11-27,522.0,8.0,1.56%,,,,,,,,,ShowDailyK_ChartFlow,FinMind_API_TaiwanStockPrice_5904,True,2026-10-05T23:34:43,2026-10-05T23:34:43,2026-10-05T23:34:43
5904,寶雅,2023-11-28,524.0,2.0,0.38%,,,,,,,,,ShowDailyK_ChartFlow,FinMind_API_TaiwanStockPrice_5904,True,2026-10-05T23:34:43,2026-10-05T23:34:43,2026-10-05T23:34:43
5904,寶雅,2023-11-29,524.0,0.0,0.00%,,,,,,,,,ShowDailyK_ChartFlow,FinMind_API_TaiwanStockPrice_5904,True,2026-10-05T23:34:43,2026-10-05T23:34:43,2026-10-05T23:34:43
5904,寶雅,2023-11-30,510.0,-14.0,-2.67%,,,,,,,,,ShowDailyK_ChartFlow,FinMind_API_TaiwanStockPrice_5904,True,2026-10-05T23:34:43,2026-10-05T23:34:43,2026-10-05T23:34:43
5904,寶雅,2023-12-01,519.0,9.0,1.76%,,,,,,,,,ShowDailyK_ChartFlow,FinMind_API_TaiwanStockPrice_5904,True,2026-10-05T23:34:43,2026-10-05T23:34:43,2026-10-05T23:34:43
5904,寶雅,2023-12-04,521.0,2.0,0.39%,,,,,,,,,ShowDailyK_ChartFlow,FinMind_API_TaiwanStockPrice_5904,True,2026-10-05T23:34:43,2026-10-05T23:34:43,2026-10-05T23:34:43
5904,寶雅,2023-12-05,537.0,16.0,3.07%,,,,,,,,,ShowDailyK_ChartFlow,FinMind_API_TaiwanStockPrice_5904,True,2026-10-05T23:34:43,2026-10-05T23:34:43,2026-10-05T23:34:43
5904,寶雅,2023-12-06,547.0,10.0,1.86%,,,,,,,,,ShowDailyK_ChartFlow,FinMind_API_TaiwanStockPrice_5904,True,2026-10-05T23:34:43,2026-10-05T23:34:43,2026-10-05T23:34:43
5904,寶雅,2023-12-07,531.0,-16.0,-2.93%,,,,,,,,,ShowDailyK_ChartFlow,FinMind_API_TaiwanStockPrice_5904,True,2026-10-05T23:34:43,2026-10-05T23:34:43,2026-10-05T23:34:43
5904,寶雅,2023-12-08,526.0,-5.0,-0.94%,,,,,,,,,ShowDailyK_ChartFlow,FinMind_API_TaiwanStockPrice_5904,True,2026-10-05T23:34:43,2026-10-05T23:34:43,2026-10-05T23:34:43
5904,寶雅,2023-12-11,524.0,-2.0,-0.38%,,,,,,,,,ShowDailyK_ChartFlow,FinMind_API_TaiwanStockPrice_5904,True,2026-10-05T23:34:43,2026-10-05T23:34:43,2026-10-05T23:34:43
5904,寶雅,2023-12-12,517.0,-7.0,-1.34%,,,,,,,,,ShowDailyK_ChartFlow,FinMind_API_TaiwanStockPrice_5904,True,2026-10-05T23:34:43,2026-10-05T23:34:43,2026-10-05T23:34:43
5904,寶雅,2023-12-13,525.0,8.0,1.55%,,,,,,,,,ShowDailyK_ChartFlow,FinMind_API_TaiwanStockPrice_5904,True,2026-10-05T23:34:43,2026-10-05T23:34:43,2026-10-05T23:34:43
5904,寶雅,2023-12-14,542.0,17.0,3.24%,,,,,,,,,ShowDailyK_ChartFlow,FinMind_API_TaiwanStockPrice_5904,True,2026-10-05T23:34:43,2026-10-05T23:34:43,2026-10-05T23:34:43
5904,寶雅,2023-12-15,558.0,16.0,2.95%,,,,,,,,,ShowDailyK_ChartFlow,FinMind_API_TaiwanStockPrice_5904,True,2026-10-05T23:34:43,2026-10-05T23:34:43,2026-10-05T23:34:43
5904,寶雅,2023-12-18,548.0,-10.0,-1.79%,,,,,,,,,ShowDailyK_ChartFlow,FinMind_API_TaiwanStockPrice_5904,True,2026-10-05T23:34:43,2026-10-05T23:34:43,2026-10-05T23:34:43
5904,寶雅,2023-12-19,560.0,12.0,2.19%,,,,,,,,,ShowDailyK_ChartFlow,FinMind_API_TaiwanStockPrice_5904,True,2026-10-05T23:34:43,2026-10-05T23:34:43,2026-10-05T23:34:43
5904,寶雅,2023-12-20,556.0,-4.0,-0.71%,,,,,,,,,ShowDailyK_ChartFlow,FinMind_API_TaiwanStockPrice_5904,True,2026-10-05T23:34:43,2026-10-05T23:34:43,2026-10-05T23:34:43
5904,寶雅,2023-12-21,542.0,-14.0,-2.52%,,,,,,,,,ShowDailyK_ChartFlow,FinMind_API_TaiwanStockPrice_5904,True,2026-10-05T23:34:43,2026-10-05T23:34:43,2026-10-05T23:34:43
5904,寶雅,2023-12-22,561.0,19.0,3.51%,,,,,,,,,ShowDailyK_ChartFlow,FinMind_API_TaiwanStockPrice_5904,True,2026-10-05T23:34:43,2026-10-05T23:34:43,2026-10-05T23:34:43
5904,寶雅,2023-12-25,563.0,2.0,0.36%,,,,,,,,,ShowDailyK_ChartFlow,FinMind_API_TaiwanStockPrice_5904,True,2026-10-05T23:34:43,2026-10-05T23:34:43,2026-10-05T23:34:43
5904,寶雅,2023-12-26,561.0,-2.0,-0.36%,,,,,,,,,ShowDailyK_ChartFlow,FinMind_API_TaiwanStockPrice_5904,True,2026-10-05T23:34:43,2026-10-05T23:34:43,2026-10-05T23:34:43
5904,寶雅,2023-12-27,562.0,1.0,0.18%,,,,,,,,,ShowDailyK_ChartFlow,FinMind_API_TaiwanStockPrice_5904,True,2026-10-05T23:34:43,2026-10-05T23:34:43,2026-10-05T23:34:43
5904,寶雅,2023-12-28,563.0,1.0,0.18%,,,,,,,,,ShowDailyK_ChartFlow,FinMind_API_TaiwanStockPrice_5904,True,2026-10-05T23:34:43,2026-10-05T23:34:43,2026-10-05T23:34:43
5904,寶雅,2023-12-29,552.0,-11.0,-1.95%,,,,,,,,,ShowDailyK_ChartFlow,FinMind_API_TaiwanStockPrice_5904,True,2026-10-05T23:34:43,2026-10-05T23:34:43,2026-10-05T23:34:43
5904,寶雅,2024-01-02,556.0,4.0,0.72%,,,,,,,,,ShowDailyK_ChartFlow,FinMind_API_TaiwanStockPrice_5904,True,2026-10-05T23:34:43,2026-10-05T23:34:43,2026-10-05T23:34:43
5904,寶雅,2024-01-03,551.0,-5.0,-0.90%,,,,,,,,,ShowDailyK_ChartFlow,FinMind_API_TaiwanStockPrice_5904,True,2026-10-05T23:34:43,2026-10-05T23:34:43,2026-10-05T23:34:43
5904,寶雅,2024-01-04,545.0,-6.0,-1.09%,,,,,,,,,ShowDailyK_ChartFlow,FinMind_API_TaiwanStockPrice_5904,True,2026-10-05T23:34:43,2026-10-05T23:34:43,2026-10-05T23:34:43
5904,寶雅,2024-01-05,554.0,9.0,1.65%,,,,,,,,,ShowDailyK_ChartFlow,FinMind_API_TaiwanStockPrice_5904,True,2026-10-05T23:34:43,2026-10-05T23:34:43,2026-10-05T23:34:43
5904,寶雅,2024-01-08,548.0,-6.0,-1.08%,,,,,,,,,ShowDailyK_ChartFlow,FinMind_API_TaiwanStockPrice_5904,True,2026-10-05T23:34:43,2026-10-05T23:34:43,2026-10-05T23:34:43
5904,寶雅,2024-01-09,540.0,-8.0,-1.46%,,,,,,,,,ShowDailyK_ChartFlow,FinMind_API_TaiwanStockPrice_5904,True,2026-10-05T23:34:43,2026-10-05T23:34:43,2026-10-05T23:34:43
5904,寶雅,2024-01-10,544.0,4.0,0.74%,,,,,,,,,ShowDailyK_ChartFlow,FinMind_API_TaiwanStockPrice_5904,True,2026-10-05T23:34:43,2026-10-05T23:34:43,2026-10-05T23:34:43
5904,寶雅,2024-01-11,539.0,-5.0,-0.92%,,,,,,,,,ShowDailyK_ChartFlow,FinMind_API_TaiwanStockPrice_5904,True,2026-10-05T23:34:43,2026-10-05T23:34:43,2026-10-05T23:34:43
5904,寶雅,2024-01-12,524.0,-15.0,-2.78%,,,,,,,,,ShowDailyK_ChartFlow,FinMind_API_TaiwanStockPrice_5904,True,2026-10-05T23:34:43,2026-10-05T23:34:43,2026-10-05T23:34:43
5904,寶雅,2024-01-15,544.0,20.0,3.82%,,,,,,,,,ShowDailyK_ChartFlow,FinMind_API_TaiwanStockPrice_5904,True,2026-10-05T23:34:43,2026-10-05T23:34:43,2026-10-05T23:34:43
5904,寶雅,2024-01-16,545.0,1.0,0.18%,,,,,,,,,ShowDailyK_ChartFlow,FinMind_API_TaiwanStockPrice_5904,True,2026-10-05T23:34:43,2026-10-05T23:34:43,2026-10-05T23:34:43
5904,寶雅,2024-01-17,533.0,-12.0,-2.20%,,,,,,,,,ShowDailyK_ChartFlow,FinMind_API_TaiwanStockPrice_5904,True,2026-10-05T23:34:43,2026-10-05T23:34:43,2026-10-05T23:34:43
5904,寶雅,2024-01-18,516.0,-17.0,-3.19%,,,,,,,,,ShowDailyK_ChartFlow,FinMind_API_TaiwanStockPrice_5904,True,2026-10-05T23:34:43,2026-10-05T23:34:43,2026-10-05T23:34:43
5904,寶雅,2024-01-19,517.0,1.0,0.19%,,,,,,,,,ShowDailyK_ChartFlow,FinMind_API_TaiwanStockPrice_5904,True,2026-10-05T23:34:43,2026-10-05T23:34:43,2026-10-05T23:34:43
5904,寶雅,2024-01-22,529.0,12.0,2.32%,,,,,,,,,ShowDailyK_ChartFlow,FinMind_API_TaiwanStockPrice_5904,True,2026-10-05T23:34:43,2026-10-05T23:34:43,2026-10-05T23:34:43
5904,寶雅,2024-01-23,518.0,-11.0,-2.08%,,,,,,,,,ShowDailyK_ChartFlow,FinMind_API_TaiwanStockPrice_5904,True,2026-10-05T23:34:43,2026-10-05T23:34:43,2026-10-05T23:34:43
5904,寶雅,2024-01-24,517.0,-1.0,-0.19%,,,,,,,,,ShowDailyK_ChartFlow,FinMind_API_TaiwanStockPrice_5904,True,2026-10-05T23:34:43,2026-10-05T23:34:43,2026-10-05T23:34:43
5904,寶雅,2024-01-25,517.0,0.0,0.00%,,,,,,,,,ShowDailyK_ChartFlow,FinMind_API_TaiwanStockPrice_5904,True,2026-10-05T23:34:43,2026-10-05T23:34:43,2026-10-05T23:34:43
5904,寶雅,2024-01-26,521.0,4.0,0.77%,,,,,,,,,ShowDailyK_ChartFlow,FinMind_API_TaiwanStockPrice_5904,True,2026-10-05T23:34:43,2026-10-05T23:34:43,2026-10-05T23:34:43
5904,寶雅,2024-01-29,519.0,-2.0,-0.38%,,,,,,,,,ShowDailyK_ChartFlow,FinMind_API_TaiwanStockPrice_5904,True,2026-10-05T23:34:43,2026-10-05T23:34:43,2026-10-05T23:34:43
5904,寶雅,2024-01-30,516.0,-3.0,-0.58%,,,,,,,,,ShowDailyK_ChartFlow,FinMind_API_TaiwanStockPrice_5904,True,2026-10-05T23:34:43,2026-10-05T23:34:43,2026-10-05T23:34:43
5904,寶雅,2024-01-31,517.0,1.0,0.19%,,,,,,,,,ShowDailyK_ChartFlow,FinMind_API_TaiwanStockPrice_5904,True,2026-10-05T23:34:43,2026-10-05T23:34:43,2026-10-05T23:34:43
5904,寶雅,2024-02-01,516.0,-1.0,-0.19%,,,,,,,,,ShowDailyK_ChartFlow,FinMind_API_TaiwanStockPrice_5904,True,2026-10-05T23:34:43,2026-10-05T23:34:43,2026-10-05T23:34:43
5904,寶雅,2024-02-02,515.0,-1.0,-0.19%,,,,,,,,,ShowDailyK_ChartFlow,FinMind_API_TaiwanStockPrice_5904,True,2026-10-05T23:34:43,2026-10-05T23:34:43,2026-10-05T23:34:43
5904,寶雅,2024-02-05,520.0,5.0,0.97%,,,,,,,,,ShowDailyK_ChartFlow,FinMind_API_TaiwanStockPrice_5904,True,2026-10-05T23:34:43,2026-10-05T23:34:43,2026-10-05T23:34:43
5904,寶雅,2024-02-15,505.0,-15.0,-2.88%,,,,,,,,,ShowDailyK_ChartFlow,FinMind_API_TaiwanStockPrice_5904,True,2026-10-05T23:34:43,2026-10-05T23:34:43,2026-10-05T23:34:43
5904,寶雅,2024-02-16,505.0,0.0,0.00%,,,,,,,,,ShowDailyK_ChartFlow,FinMind_API_TaiwanStockPrice_5904,True,2026-10-05T23:34:43,2026-10-05T23:34:43,2026-10-05T23:34:43
5904,寶雅,2024-02-19,507.0,2.0,0.40%,,,,,,,,,ShowDailyK_ChartFlow,FinMind_API_TaiwanStockPrice_5904,True,2026-10-05T23:34:43,2026-10-05T23:34:43,2026-10-05T23:34:43
5904,寶雅,2024-02-20,505.0,-2.0,-0.39%,,,,,,,,,ShowDailyK_ChartFlow,FinMind_API_TaiwanStockPrice_5904,True,2026-10-05T23:34:43,2026-10-05T23:34:43,2026-10-05T23:34:43
5904,寶雅,2024-02-21,496.0,-9.0,-1.78%,,,,,,,,,ShowDailyK_ChartFlow,FinMind_API_TaiwanStockPrice_5904,True,2026-10-05T23:34:43,2026-10-05T23:34:43,2026-10-05T23:34:43
5904,寶雅,2024-02-22,491.0,-5.0,-1.01%,,,,,,,,,ShowDailyK_ChartFlow,FinMind_API_TaiwanStockPrice_5904,True,2026-10-05T23:34:43,2026-10-05T23:34:43,2026-10-05T23:34:43
5904,寶雅,2024-02-23,493.0,2.0,0.41%,,,,,,,,,ShowDailyK_ChartFlow,FinMind_API_TaiwanStockPrice_5904,True,2026-10-05T23:34:43,2026-10-05T23:34:43,2026-10-05T23:34:43
5904,寶雅,2024-02-26,498.0,5.0,1.01%,,,,,,,,,ShowDailyK_ChartFlow,FinMind_API_TaiwanStockPrice_5904,True,2026-10-05T23:34:43,2026-10-05T23:34:43,2026-10-05T23:34:43
5904,寶雅,2024-02-27,495.0,-3.0,-0.60%,,,,,,,,,ShowDailyK_ChartFlow,FinMind_API_TaiwanStockPrice_5904,True,2026-10-05T23:34:43,2026-10-05T23:34:43,2026-10-05T23:34:43
5904,寶雅,2024-02-29,491.0,-4.0,-0.81%,,,,,,,,,ShowDailyK_ChartFlow,FinMind_API_TaiwanStockPrice_5904,True,2026-10-05T23:34:43,2026-10-05T23:34:43,2026-10-05T23:34:43
5904,寶雅,2024-03-01,491.0,0.0,0.00%,,,,,,,,,ShowDailyK_ChartFlow,FinMind_API_TaiwanStockPrice_5904,True,2026-10-05T23:34:43,2026-10-05T23:34:43,2026-10-05T23:34:43
5904,寶雅,2024-03-04,483.5,-7.5,-1.53%,,,,,,,,,ShowDailyK_ChartFlow,FinMind_API_TaiwanStockPrice_5904,True,2026-10-05T23:34:43,2026-10-05T23:34:43,2026-10-05T23:34:43
5904,寶雅,2024-03-05,496.5,13.0,2.69%,,,,,,,,,ShowDailyK_ChartFlow,FinMind_API_TaiwanStockPrice_5904,True,2026-10-05T23:34:43,2026-10-05T23:34:43,2026-10-05T23:34:43
5904,寶雅,2024-03-06,492.0,-4.5,-0.91%,,,,,,,,,ShowDailyK_ChartFlow,FinMind_API_TaiwanStockPrice_5904,True,2026-10-05T23:34:43,2026-10-05T23:34:43,2026-10-05T23:34:43
5904,寶雅,2024-03-07,497.5,5.5,1.12%,,,,,,,,,ShowDailyK_ChartFlow,FinMind_API_TaiwanStockPrice_5904,True,2026-10-05T23:34:43,2026-10-05T23:34:43,2026-10-05T23:34:43
5904,寶雅,2024-03-08,492.0,-5.5,-1.11%,,,,,,,,,ShowDailyK_ChartFlow,FinMind_API_TaiwanStockPrice_5904,True,2026-10-05T23:34:43,2026-10-05T23:34:43,2026-10-05T23:34:43
5904,寶雅,2024-03-11,497.5,5.5,1.12%,,,,,,,,,ShowDailyK_ChartFlow,FinMind_API_TaiwanStockPrice_5904,True,2026-10-05T23:34:43,2026-10-05T23:34:43,2026-10-05T23:34:43
5904,寶雅,2024-03-12,503.0,5.5,1.11%,,,,,,,,,ShowDailyK_ChartFlow,FinMind_API_TaiwanStockPrice_5904,True,2026-10-05T23:34:43,2026-10-05T23:34:43,2026-10-05T23:34:43
5904,寶雅,2024-03-13,506.0,3.0,0.60%,,,,,,,,,ShowDailyK_ChartFlow,FinMind_API_TaiwanStockPrice_5904,True,2026-10-05T23:34:43,2026-10-05T23:34:43,2026-10-05T23:34:43
5904,寶雅,2024-03-14,509.0,3.0,0.59%,,,,,,,,,ShowDailyK_ChartFlow,FinMind_API_TaiwanStockPrice_5904,True,2026-10-05T23:34:43,2026-10-05T23:34:43,2026-10-05T23:34:43
5904,寶雅,2024-03-15,498.0,-11.0,-2.16%,,,,,,,,,ShowDailyK_ChartFlow,FinMind_API_TaiwanStockPrice_5904,True,2026-10-05T23:34:43,2026-10-05T23:34:43,2026-10-05T23:34:43
5904,寶雅,2024-03-18,503.0,5.0,1.00%,,,,,,,,,ShowDailyK_ChartFlow,FinMind_API_TaiwanStockPrice_5904,True,2026-10-05T23:34:43,2026-10-05T23:34:43,2026-10-05T23:34:43
5904,寶雅,2024-03-19,497.0,-6.0,-1.19%,,,,,,,,,ShowDailyK_ChartFlow,FinMind_API_TaiwanStockPrice_5904,True,2026-10-05T23:34:43,2026-10-05T23:34:43,2026-10-05T23:34:43
5904,寶雅,2024-03-20,508.0,11.0,2.21%,,,,,,,,,ShowDailyK_ChartFlow,FinMind_API_TaiwanStockPrice_5904,True,2026-10-05T23:34:43,2026-10-05T23:34:43,2026-10-05T23:34:43
5904,寶雅,2024-03-21,506.0,-2.0,-0.39%,,,,,,,,,ShowDailyK_ChartFlow,FinMind_API_TaiwanStockPrice_5904,True,2026-10-05T23:34:43,2026-10-05T23:34:43,2026-10-05T23:34:43
5904,寶雅,2024-03-22,501.0,-5.0,-0.99%,,,,,,,,,ShowDailyK_ChartFlow,FinMind_API_TaiwanStockPrice_5904,True,2026-10-05T23:34:43,2026-10-05T23:34:43,2026-10-05T23:34:43
5904,寶雅,2024-03-25,502.0,1.0,0.20%,,,,,,,,,ShowDailyK_ChartFlow,FinMind_API_TaiwanStockPrice_5904,True,2026-10-05T23:34:43,2026-10-05T23:34:43,2026-10-05T23:34:43
5904,寶雅,2024-03-26,494.5,-7.5,-1.49%,,,,,,,,,ShowDailyK_ChartFlow,FinMind_API_TaiwanStockPrice_5904,True,2026-10-05T23:34:43,2026-10-05T23:34:43,2026-10-05T23:34:43
5904,寶雅,2024-03-27,502.0,7.5,1.52%,,,,,,,,,ShowDailyK_ChartFlow,FinMind_API_TaiwanStockPrice_5904,True,2026-10-05T23:34:43,2026-10-05T23:34:43,2026-10-05T23:34:43
5904,寶雅,2024-03-28,497.5,-4.5,-0.90%,,,,,,,,,ShowDailyK_ChartFlow,FinMind_API_TaiwanStockPrice_5904,True,2026-10-05T23:34:43,2026-10-05T23:34:43,2026-10-05T23:34:43
5904,寶雅,2024-03-29,495.0,-2.5,-0.50%,,,,,,,,,ShowDailyK_ChartFlow,FinMind_API_TaiwanStockPrice_5904,True,2026-10-05T23:34:43,2026-10-05T23:34:43,2026-10-05T23:34:43
5904,寶雅,2024-04-01,493.0,-2.0,-0.40%,,,,,,,,,ShowDailyK_ChartFlow,FinMind_API_TaiwanStockPrice_5904,True,2026-10-05T23:34:43,2026-10-05T23:34:43,2026-10-05T23:34:43
5904,寶雅,2024-04-02,494.0,1.0,0.20%,,,,,,,,,ShowDailyK_ChartFlow,FinMind_API_TaiwanStockPrice_5904,True,2026-10-05T23:34:43,2026-10-05T23:34:43,2026-10-05T23:34:43
5904,寶雅,2024-04-03,496.0,2.0,0.40%,,,,,,,,,ShowDailyK_ChartFlow,FinMind_API_TaiwanStockPrice_5904,True,2026-10-05T23:34:43,2026-10-05T23:34:43,2026-10-05T23:34:43
5904,寶雅,2024-04-08,490.0,-6.0,-1.21%,,,,,,,,,ShowDailyK_ChartFlow,FinMind_API_TaiwanStockPrice_5904,True,2026-10-05T23:34:43,2026-10-05T23:34:43,2026-10-05T23:34:43
5904,寶雅,2024-04-09,487.5,-2.5,-0.51%,,,,,,,,,ShowDailyK_ChartFlow,FinMind_API_TaiwanStockPrice_5904,True,2026-10-05T23:34:43,2026-10-05T23:34:43,2026-10-05T23:34:43
5904,寶雅,2024-04-10,489.0,1.5,0.31%,,,,,,,,,ShowDailyK_ChartFlow,FinMind_API_TaiwanStockPrice_5904,True,2026-10-05T23:34:43,2026-10-05T23:34:43,2026-10-05T23:34:43
5904,寶雅,2024-04-11,495.0,6.0,1.23%,,,,,,,,,ShowDailyK_ChartFlow,FinMind_API_TaiwanStockPrice_5904,True,2026-10-05T23:34:43,2026-10-05T23:34:43,2026-10-05T23:34:43
5904,寶雅,2024-04-12,491.0,-4.0,-0.81%,,,,,,,,,ShowDailyK_ChartFlow,FinMind_API_TaiwanStockPrice_5904,True,2026-10-05T23:34:43,2026-10-05T23:34:43,2026-10-05T23:34:43
5904,寶雅,2024-04-15,487.0,-4.0,-0.81%,,,,,,,,,ShowDailyK_ChartFlow,FinMind_API_TaiwanStockPrice_5904,True,2026-10-05T23:34:43,2026-10-05T23:34:43,2026-10-05T23:34:43
5904,寶雅,2024-04-16,480.0,-7.0,-1.44%,,,,,,,,,ShowDailyK_ChartFlow,FinMind_API_TaiwanStockPrice_5904,True,2026-10-05T23:34:43,2026-10-05T23:34:43,2026-10-05T23:34:43
5904,寶雅,2024-04-17,479.5,-0.5,-0.10%,,,,,,,,,ShowDailyK_ChartFlow,FinMind_API_TaiwanStockPrice_5904,True,2026-10-05T23:34:43,2026-10-05T23:34:43,2026-10-05T23:34:43
5904,寶雅,2024-04-18,479.0,-0.5,-0.10%,,,,,,,,,ShowDailyK_ChartFlow,FinMind_API_TaiwanStockPrice_5904,True,2026-10-05T23:34:43,2026-10-05T23:34:43,2026-10-05T23:34:43
5904,寶雅,2024-04-19,473.5,-5.5,-1.15%,,,,,,,,,ShowDailyK_ChartFlow,FinMind_API_TaiwanStockPrice_5904,True,2026-10-05T23:34:43,2026-10-05T23:34:43,2026-10-05T23:34:43
5904,寶雅,2024-04-22,472.0,-1.5,-0.32%,,,,,,,,,ShowDailyK_ChartFlow,FinMind_API_TaiwanStockPrice_5904,True,2026-10-05T23:34:43,2026-10-05T23:34:43,2026-10-05T23:34:43
5904,寶雅,2024-04-23,474.0,2.0,0.42%,,,,,,,,,ShowDailyK_ChartFlow,FinMind_API_TaiwanStockPrice_5904,True,2026-10-05T23:34:43,2026-10-05T23:34:43,2026-10-05T23:34:43
5904,寶雅,2024-04-24,483.0,9.0,1.90%,,,,,,,,,ShowDailyK_ChartFlow,FinMind_API_TaiwanStockPrice_5904,True,2026-10-05T23:34:43,2026-10-05T23:34:43,2026-10-05T23:34:43
5904,寶雅,2024-04-25,487.0,4.0,0.83%,,,,,,,,,ShowDailyK_ChartFlow,FinMind_API_TaiwanStockPrice_5904,True,2026-10-05T23:34:43,2026-10-05T23:34:43,2026-10-05T23:34:43
5904,寶雅,2024-04-26,486.5,-0.5,-0.10%,,,,,,,,,ShowDailyK_ChartFlow,FinMind_API_TaiwanStockPrice_5904,True,2026-10-05T23:34:43,2026-10-05T23:34:43,2026-10-05T23:34:43
5904,寶雅,2024-04-29,494.5,8.0,1.64%,,,,,,,,,ShowDailyK_ChartFlow,FinMind_API_TaiwanStockPrice_5904,True,2026-10-05T23:34:43,2026-10-05T23:34:43,2026-10-05T23:34:43
5904,寶雅,2024-04-30,500.0,5.5,1.11%,,,,,,,,,ShowDailyK_ChartFlow,FinMind_API_TaiwanStockPrice_5904,True,2026-10-05T23:34:43,2026-10-05T23:34:43,2026-10-05T23:34:43
5904,寶雅,2024-05-02,493.5,-6.5,-1.30%,,,,,,,,,ShowDailyK_ChartFlow,FinMind_API_TaiwanStockPrice_5904,True,2026-10-05T23:34:43,2026-10-05T23:34:43,2026-10-05T23:34:43
5904,寶雅,2024-05-03,498.5,5.0,1.01%,,,,,,,,,ShowDailyK_ChartFlow,FinMind_API_TaiwanStockPrice_5904,True,2026-10-05T23:34:43,2026-10-05T23:34:43,2026-10-05T23:34:43
5904,寶雅,2024-05-06,502.0,3.5,0.70%,,,,,,,,,ShowDailyK_ChartFlow,FinMind_API_TaiwanStockPrice_5904,True,2026-10-05T23:34:43,2026-10-05T23:34:43,2026-10-05T23:34:43
5904,寶雅,2024-05-07,504.0,2.0,0.40%,,,,,,,,,ShowDailyK_ChartFlow,FinMind_API_TaiwanStockPrice_5904,True,2026-10-05T23:34:43,2026-10-05T23:34:43,2026-10-05T23:34:43
5904,寶雅,2024-05-08,502.0,-2.0,-0.40%,,,,,,,,,ShowDailyK_ChartFlow,FinMind_API_TaiwanStockPrice_5904,True,2026-10-05T23:34:43,2026-10-05T23:34:43,2026-10-05T23:34:43
5904,寶雅,2024-05-09,494.0,-8.0,-1.59%,,,,,,,,,ShowDailyK_ChartFlow,FinMind_API_TaiwanStockPrice_5904,True,2026-10-05T23:34:43,2026-10-05T23:34:43,2026-10-05T23:34:43
5904,寶雅,2024-05-10,504.0,10.0,2.02%,,,,,,,,,ShowDailyK_ChartFlow,FinMind_API_TaiwanStockPrice_5904,True,2026-10-05T23:34:43,2026-10-05T23:34:43,2026-10-05T23:34:43
5904,寶雅,2024-05-13,504.0,0.0,0.00%,,,,,,,,,ShowDailyK_ChartFlow,FinMind_API_TaiwanStockPrice_5904,True,2026-10-05T23:34:43,2026-10-05T23:34:43,2026-10-05T23:34:43
5904,寶雅,2024-05-14,502.0,-2.0,-0.40%,,,,,,,,,ShowDailyK_ChartFlow,FinMind_API_TaiwanStockPrice_5904,True,2026-10-05T23:34:43,2026-10-05T23:34:43,2026-10-05T23:34:43
5904,寶雅,2024-05-15,498.5,-3.5,-0.70%,,,,,,,,,ShowDailyK_ChartFlow,FinMind_API_TaiwanStockPrice_5904,True,2026-10-05T23:34:43,2026-10-05T23:34:43,2026-10-05T23:34:43
5904,寶雅,2024-05-16,492.5,-6.0,-1.20%,,,,,,,,,ShowDailyK_ChartFlow,FinMind_API_TaiwanStockPrice_5904,True,2026-10-05T23:34:43,2026-10-05T23:34:43,2026-10-05T23:34:43
5904,寶雅,2024-05-17,493.0,0.5,0.10%,,,,,,,,,ShowDailyK_ChartFlow,FinMind_API_TaiwanStockPrice_5904,True,2026-10-05T23:34:43,2026-10-05T23:34:43,2026-10-05T23:34:43
5904,寶雅,2024-05-20,494.0,1.0,0.20%,,,,,,,,,ShowDailyK_ChartFlow,FinMind_API_TaiwanStockPrice_5904,True,2026-10-05T23:34:43,2026-10-05T23:34:43,2026-10-05T23:34:43
5904,寶雅,2024-05-21,490.0,-4.0,-0.81%,,,,,,,,,ShowDailyK_ChartFlow,FinMind_API_TaiwanStockPrice_5904,True,2026-10-05T23:34:43,2026-10-05T23:34:43,2026-10-05T23:34:43
5904,寶雅,2024-05-22,489.0,-1.0,-0.20%,,,,,,,,,ShowDailyK_ChartFlow,FinMind_API_TaiwanStockPrice_5904,True,2026-10-05T23:34:43,2026-10-05T23:34:43,2026-10-05T23:34:43
5904,寶雅,2024-05-23,490.0,1.0,0.20%,,,,,,,,,ShowDailyK_ChartFlow,FinMind_API_TaiwanStockPrice_5904,True,2026-10-05T23:34:43,2026-10-05T23:34:43,2026-10-05T23:34:43
5904,寶雅,2024-05-24,484.0,-6.0,-1.22%,,,,,,,,,ShowDailyK_ChartFlow,FinMind_API_TaiwanStockPrice_5904,True,2026-10-05T23:34:43,2026-10-05T23:34:43,2026-10-05T23:34:43
5904,寶雅,2024-05-27,499.5,15.5,3.20%,,,,,,,,,ShowDailyK_ChartFlow,FinMind_API_TaiwanStockPrice_5904,True,2026-10-05T23:34:43,2026-10-05T23:34:43,2026-10-05T23:34:43
5904,寶雅,2024-05-28,504.0,4.5,0.90%,,,,,,,,,ShowDailyK_ChartFlow,FinMind_API_TaiwanStockPrice_5904,True,2026-10-05T23:34:43,2026-10-05T23:34:43,2026-10-05T23:34:43
5904,寶雅,2024-05-29,509.0,5.0,0.99%,,,,,,,,,ShowDailyK_ChartFlow,FinMind_API_TaiwanStockPrice_5904,True,2026-10-05T23:34:43,2026-10-05T23:34:43,2026-10-05T23:34:43
5904,寶雅,2024-05-30,515.0,6.0,1.18%,,,,,,,,,ShowDailyK_ChartFlow,FinMind_API_TaiwanStockPrice_5904,True,2026-10-05T23:34:43,2026-10-05T23:34:43,2026-10-05T23:34:43
5904,寶雅,2024-05-31,507.0,-8.0,-1.55%,,,,,,,,,ShowDailyK_ChartFlow,FinMind_API_TaiwanStockPrice_5904,True,2026-10-05T23:34:43,2026-10-05T23:34:43,2026-10-05T23:34:43
5904,寶雅,2024-06-03,521.0,14.0,2.76%,,,,,,,,,ShowDailyK_ChartFlow,FinMind_API_TaiwanStockPrice_5904,True,2026-10-05T23:34:43,2026-10-05T23:34:43,2026-10-05T23:34:43
5904,寶雅,2024-06-04,528.0,7.0,1.34%,,,,,,,,,ShowDailyK_ChartFlow,FinMind_API_TaiwanStockPrice_5904,True,2026-10-05T23:34:43,2026-10-05T23:34:43,2026-10-05T23:34:43
5904,寶雅,2024-06-05,533.0,5.0,0.95%,,,,,,,,,ShowDailyK_ChartFlow,FinMind_API_TaiwanStockPrice_5904,True,2026-10-05T23:34:43,2026-10-05T23:34:43,2026-10-05T23:34:43
5904,寶雅,2024-06-06,541.0,8.0,1.50%,,,,,,,,,ShowDailyK_ChartFlow,FinMind_API_TaiwanStockPrice_5904,True,2026-10-05T23:34:43,2026-10-05T23:34:43,2026-10-05T23:34:43
5904,寶雅,2024-06-07,551.0,10.0,1.85%,,,,,,,,,ShowDailyK_ChartFlow,FinMind_API_TaiwanStockPrice_5904,True,2026-10-05T23:34:43,2026-10-05T23:34:43,2026-10-05T23:34:43
5904,寶雅,2024-06-11,553.0,2.0,0.36%,,,,,,,,,ShowDailyK_ChartFlow,FinMind_API_TaiwanStockPrice_5904,True,2026-10-05T23:34:43,2026-10-05T23:34:43,2026-10-05T23:34:43
5904,寶雅,2024-06-12,553.0,0.0,0.00%,,,,,,,,,ShowDailyK_ChartFlow,FinMind_API_TaiwanStockPrice_5904,True,2026-10-05T23:34:43,2026-10-05T23:34:43,2026-10-05T23:34:43
5904,寶雅,2024-06-13,523.0,-30.0,-5.42%,,,,,,,,,ShowDailyK_ChartFlow,FinMind_API_TaiwanStockPrice_5904,True,2026-10-05T23:34:43,2026-10-05T23:34:43,2026-10-05T23:34:43
5904,寶雅,2024-06-14,520.0,-3.0,-0.57%,,,,,,,,,ShowDailyK_ChartFlow,FinMind_API_TaiwanStockPrice_5904,True,2026-10-05T23:34:43,2026-10-05T23:34:43,2026-10-05T23:34:43
5904,寶雅,2024-06-17,523.0,3.0,0.58%,,,,,,,,,ShowDailyK_ChartFlow,FinMind_API_TaiwanStockPrice_5904,True,2026-10-05T23:34:43,2026-10-05T23:34:43,2026-10-05T23:34:43
5904,寶雅,2024-06-18,534.0,11.0,2.10%,,,,,,,,,ShowDailyK_ChartFlow,FinMind_API_TaiwanStockPrice_5904,True,2026-10-05T23:34:43,2026-10-05T23:34:43,2026-10-05T23:34:43
5904,寶雅,2024-06-19,529.0,-5.0,-0.94%,,,,,,,,,ShowDailyK_ChartFlow,FinMind_API_TaiwanStockPrice_5904,True,2026-10-05T23:34:43,2026-10-05T23:34:43,2026-10-05T23:34:43
5904,寶雅,2024-06-20,526.0,-3.0,-0.57%,,,,,,,,,ShowDailyK_ChartFlow,FinMind_API_TaiwanStockPrice_5904,True,2026-10-05T23:34:43,2026-10-05T23:34:43,2026-10-05T23:34:43
5904,寶雅,2024-06-21,500.0,-26.0,-4.94%,,,,,,,,,ShowDailyK_ChartFlow,FinMind_API_TaiwanStockPrice_5904,True,2026-10-05T23:34:43,2026-10-05T23:34:43,2026-10-05T23:34:43
5904,寶雅,2024-06-24,494.0,-6.0,-1.20%,,,,,,,,,ShowDailyK_ChartFlow,FinMind_API_TaiwanStockPrice_5904,True,2026-10-05T23:34:43,2026-10-05T23:34:43,2026-10-05T23:34:43
5904,寶雅,2024-06-25,492.5,-1.5,-0.30%,,,,,,,,,ShowDailyK_ChartFlow,FinMind_API_TaiwanStockPrice_5904,True,2026-10-05T23:34:43,2026-10-05T23:34:43,2026-10-05T23:34:43
5904,寶雅,2024-06-26,497.0,4.5,0.91%,,,,,,,,,ShowDailyK_ChartFlow,FinMind_API_TaiwanStockPrice_5904,True,2026-10-05T23:34:43,2026-10-05T23:34:43,2026-10-05T23:34:43
5904,寶雅,2024-06-27,493.5,-3.5,-0.70%,,,,,,,,,ShowDailyK_ChartFlow,FinMind_API_TaiwanStockPrice_5904,True,2026-10-05T23:34:43,2026-10-05T23:34:43,2026-10-05T23:34:43
5904,寶雅,2024-06-28,492.0,-1.5,-0.30%,,,,,,,,,ShowDailyK_ChartFlow,FinMind_API_TaiwanStockPrice_5904,True,2026-10-05T23:34:43,2026-10-05T23:34:43,2026-10-05T23:34:43
5904,寶雅,2024-07-01,496.0,4.0,0.81%,,,,,,,,,ShowDailyK_ChartFlow,FinMind_API_TaiwanStockPrice_5904,True,2026-10-05T23:34:43,2026-10-05T23:34:43,2026-10-05T23:34:43
5904,寶雅,2024-07-02,495.0,-1.0,-0.20%,,,,,,,,,ShowDailyK_ChartFlow,FinMind_API_TaiwanStockPrice_5904,True,2026-10-05T23:34:43,2026-10-05T23:34:43,2026-10-05T23:34:43
5904,寶雅,2024-07-03,496.5,1.5,0.30%,,,,,,,,,ShowDailyK_ChartFlow,FinMind_API_TaiwanStockPrice_5904,True,2026-10-05T23:34:43,2026-10-05T23:34:43,2026-10-05T23:34:43
5904,寶雅,2024-07-04,500.0,3.5,0.70%,,,,,,,,,ShowDailyK_ChartFlow,FinMind_API_TaiwanStockPrice_5904,True,2026-10-05T23:34:43,2026-10-05T23:34:43,2026-10-05T23:34:43
5904,寶雅,2024-07-05,506.0,6.0,1.20%,,,,,,,,,ShowDailyK_ChartFlow,FinMind_API_TaiwanStockPrice_5904,True,2026-10-05T23:34:43,2026-10-05T23:34:43,2026-10-05T23:34:43
5904,寶雅,2024-07-08,507.0,1.0,0.20%,,,,,,,,,ShowDailyK_ChartFlow,FinMind_API_TaiwanStockPrice_5904,True,2026-10-05T23:34:43,2026-10-05T23:34:43,2026-10-05T23:34:43
5904,寶雅,2024-07-09,511.0,4.0,0.79%,,,,,,,,,ShowDailyK_ChartFlow,FinMind_API_TaiwanStockPrice_5904,True,2026-10-05T23:34:43,2026-10-05T23:34:43,2026-10-05T23:34:43
5904,寶雅,2024-07-10,515.0,4.0,0.78%,,,,,,,,,ShowDailyK_ChartFlow,FinMind_API_TaiwanStockPrice_5904,True,2026-10-05T23:34:43,2026-10-05T23:34:43,2026-10-05T23:34:43
5904,寶雅,2024-07-11,510.0,-5.0,-0.97%,,,,,,,,,ShowDailyK_ChartFlow,FinMind_API_TaiwanStockPrice_5904,True,2026-10-05T23:34:43,2026-10-05T23:34:43,2026-10-05T23:34:43
5904,寶雅,2024-07-12,514.0,4.0,0.78%,,,,,,,,,ShowDailyK_ChartFlow,FinMind_API_TaiwanStockPrice_5904,True,2026-10-05T23:34:43,2026-10-05T23:34:43,2026-10-05T23:34:43
5904,寶雅,2024-07-15,521.0,7.0,1.36%,,,,,,,,,ShowDailyK_ChartFlow,FinMind_API_TaiwanStockPrice_5904,True,2026-10-05T23:34:43,2026-10-05T23:34:43,2026-10-05T23:34:43
5904,寶雅,2024-07-16,515.0,-6.0,-1.15%,,,,,,,,,ShowDailyK_ChartFlow,FinMind_API_TaiwanStockPrice_5904,True,2026-10-05T23:34:43,2026-10-05T23:34:43,2026-10-05T23:34:43
5904,寶雅,2024-07-17,512.0,-3.0,-0.58%,,,,,,,,,ShowDailyK_ChartFlow,FinMind_API_TaiwanStockPrice_5904,True,2026-10-05T23:34:43,2026-10-05T23:34:43,2026-10-05T23:34:43
5904,寶雅,2024-07-18,520.0,8.0,1.56%,,,,,,,,,ShowDailyK_ChartFlow,FinMind_API_TaiwanStockPrice_5904,True,2026-10-05T23:34:43,2026-10-05T23:34:43,2026-10-05T23:34:43
5904,寶雅,2024-07-19,510.0,-10.0,-1.92%,,,,,,,,,ShowDailyK_ChartFlow,FinMind_API_TaiwanStockPrice_5904,True,2026-10-05T23:34:43,2026-10-05T23:34:43,2026-10-05T23:34:43
5904,寶雅,2024-07-22,509.0,-1.0,-0.20%,,,,,,,,,ShowDailyK_ChartFlow,FinMind_API_TaiwanStockPrice_5904,True,2026-10-05T23:34:43,2026-10-05T23:34:43,2026-10-05T23:34:43
5904,寶雅,2024-07-23,518.0,9.0,1.77%,,,,,,,,,ShowDailyK_ChartFlow,FinMind_API_TaiwanStockPrice_5904,True,2026-10-05T23:34:43,2026-10-05T23:34:43,2026-10-05T23:34:43
5904,寶雅,2024-07-26,514.0,-4.0,-0.77%,,,,,,,,,ShowDailyK_ChartFlow,FinMind_API_TaiwanStockPrice_5904,True,2026-10-05T23:34:43,2026-10-05T23:34:43,2026-10-05T23:34:43
5904,寶雅,2024-07-29,512.0,-2.0,-0.39%,,,,,,,,,ShowDailyK_ChartFlow,FinMind_API_TaiwanStockPrice_5904,True,2026-10-05T23:34:43,2026-10-05T23:34:43,2026-10-05T23:34:43
5904,寶雅,2024-07-30,520.0,8.0,1.56%,,,,,,,,,ShowDailyK_ChartFlow,FinMind_API_TaiwanStockPrice_5904,True,2026-10-05T23:34:43,2026-10-05T23:34:43,2026-10-05T23:34:43
5904,寶雅,2024-07-31,514.0,-6.0,-1.15%,,,,,,,,,ShowDailyK_ChartFlow,FinMind_API_TaiwanStockPrice_5904,True,2026-10-05T23:34:43,2026-10-05T23:34:43,2026-10-05T23:34:43
5904,寶雅,2024-08-01,513.0,-1.0,-0.19%,,,,,,,,,ShowDailyK_ChartFlow,FinMind_API_TaiwanStockPrice_5904,True,2026-10-05T23:34:43,2026-10-05T23:34:43,2026-10-05T23:34:43
5904,寶雅,2024-08-02,507.0,-6.0,-1.17%,,,,,,,,,ShowDailyK_ChartFlow,FinMind_API_TaiwanStockPrice_5904,True,2026-10-05T23:34:43,2026-10-05T23:34:43,2026-10-05T23:34:43
5904,寶雅,2024-08-05,510.0,3.0,0.59%,,,,,,,,,ShowDailyK_ChartFlow,FinMind_API_TaiwanStockPrice_5904,True,2026-10-05T23:34:43,2026-10-05T23:34:43,2026-10-05T23:34:43
5904,寶雅,2024-08-06,519.0,9.0,1.76%,,,,,,,,,ShowDailyK_ChartFlow,FinMind_API_TaiwanStockPrice_5904,True,2026-10-05T23:34:43,2026-10-05T23:34:43,2026-10-05T23:34:43
5904,寶雅,2024-08-07,528.0,9.0,1.73%,,,,,,,,,ShowDailyK_ChartFlow,FinMind_API_TaiwanStockPrice_5904,True,2026-10-05T23:34:43,2026-10-05T23:34:43,2026-10-05T23:34:43
5904,寶雅,2024-08-08,519.0,-9.0,-1.70%,,,,,,,,,ShowDailyK_ChartFlow,FinMind_API_TaiwanStockPrice_5904,True,2026-10-05T23:34:43,2026-10-05T23:34:43,2026-10-05T23:34:43
5904,寶雅,2024-08-09,513.0,-6.0,-1.16%,,,,,,,,,ShowDailyK_ChartFlow,FinMind_API_TaiwanStockPrice_5904,True,2026-10-05T23:34:43,2026-10-05T23:34:43,2026-10-05T23:34:43
5904,寶雅,2024-08-12,517.0,4.0,0.78%,,,,,,,,,ShowDailyK_ChartFlow,FinMind_API_TaiwanStockPrice_5904,True,2026-10-05T23:34:43,2026-10-05T23:34:43,2026-10-05T23:34:43
5904,寶雅,2024-08-13,518.0,1.0,0.19%,,,,,,,,,ShowDailyK_ChartFlow,FinMind_API_TaiwanStockPrice_5904,True,2026-10-05T23:34:43,2026-10-05T23:34:43,2026-10-05T23:34:43
5904,寶雅,2024-08-14,522.0,4.0,0.77%,,,,,,,,,ShowDailyK_ChartFlow,FinMind_API_TaiwanStockPrice_5904,True,2026-10-05T23:34:43,2026-10-05T23:34:43,2026-10-05T23:34:43
5904,寶雅,2024-08-15,513.0,-9.0,-1.72%,,,,,,,,,ShowDailyK_ChartFlow,FinMind_API_TaiwanStockPrice_5904,True,2026-10-05T23:34:43,2026-10-05T23:34:43,2026-10-05T23:34:43
5904,寶雅,2024-08-16,512.0,-1.0,-0.19%,,,,,,,,,ShowDailyK_ChartFlow,FinMind_API_TaiwanStockPrice_5904,True,2026-10-05T23:34:43,2026-10-05T23:34:43,2026-10-05T23:34:43
5904,寶雅,2024-08-19,509.0,-3.0,-0.59%,,,,,,,,,ShowDailyK_ChartFlow,FinMind_API_TaiwanStockPrice_5904,True,2026-10-05T23:34:43,2026-10-05T23:34:43,2026-10-05T23:34:43
5904,寶雅,2024-08-20,510.0,1.0,0.20%,,,,,,,,,ShowDailyK_ChartFlow,FinMind_API_TaiwanStockPrice_5904,True,2026-10-05T23:34:43,2026-10-05T23:34:43,2026-10-05T23:34:43
5904,寶雅,2024-08-21,509.0,-1.0,-0.20%,,,,,,,,,ShowDailyK_ChartFlow,FinMind_API_TaiwanStockPrice_5904,True,2026-10-05T23:34:43,2026-10-05T23:34:43,2026-10-05T23:34:43
5904,寶雅,2024-08-22,513.0,4.0,0.79%,,,,,,,,,ShowDailyK_ChartFlow,FinMind_API_TaiwanStockPrice_5904,True,2026-10-05T23:34:43,2026-10-05T23:34:43,2026-10-05T23:34:43
5904,寶雅,2024-08-23,512.0,-1.0,-0.19%,,,,,,,,,ShowDailyK_ChartFlow,FinMind_API_TaiwanStockPrice_5904,True,2026-10-05T23:34:43,2026-10-05T23:34:43,2026-10-05T23:34:43
5904,寶雅,2024-08-26,516.0,4.0,0.78%,,,,,,,,,ShowDailyK_ChartFlow,FinMind_API_TaiwanStockPrice_5904,True,2026-10-05T23:34:43,2026-10-05T23:34:43,2026-10-05T23:34:43
5904,寶雅,2024-08-27,517.0,1.0,0.19%,,,,,,,,,ShowDailyK_ChartFlow,FinMind_API_TaiwanStockPrice_5904,True,2026-10-05T23:34:43,2026-10-05T23:34:43,2026-10-05T23:34:43
5904,寶雅,2024-08-28,517.0,0.0,0.00%,,,,,,,,,ShowDailyK_ChartFlow,FinMind_API_TaiwanStockPrice_5904,True,2026-10-05T23:34:43,2026-10-05T23:34:43,2026-10-05T23:34:43
5904,寶雅,2024-08-29,518.0,1.0,0.19%,,,,,,,,,ShowDailyK_ChartFlow,FinMind_API_TaiwanStockPrice_5904,True,2026-10-05T23:34:43,2026-10-05T23:34:43,2026-10-05T23:34:43
5904,寶雅,2024-08-30,502.0,-16.0,-3.09%,,,,,,,,,ShowDailyK_ChartFlow,FinMind_API_TaiwanStockPrice_5904,True,2026-10-05T23:34:43,2026-10-05T23:34:43,2026-10-05T23:34:43
5904,寶雅,2024-09-02,510.0,8.0,1.59%,,,,,,,,,ShowDailyK_ChartFlow,FinMind_API_TaiwanStockPrice_5904,True,2026-10-05T23:34:43,2026-10-05T23:34:43,2026-10-05T23:34:43
5904,寶雅,2024-09-03,516.0,6.0,1.18%,,,,,,,,,ShowDailyK_ChartFlow,FinMind_API_TaiwanStockPrice_5904,True,2026-10-05T23:34:43,2026-10-05T23:34:43,2026-10-05T23:34:43
5904,寶雅,2024-09-04,511.0,-5.0,-0.97%,,,,,,,,,ShowDailyK_ChartFlow,FinMind_API_TaiwanStockPrice_5904,True,2026-10-05T23:34:43,2026-10-05T23:34:43,2026-10-05T23:34:43
5904,寶雅,2024-09-05,520.0,9.0,1.76%,,,,,,,,,ShowDailyK_ChartFlow,FinMind_API_TaiwanStockPrice_5904,True,2026-10-05T23:34:43,2026-10-05T23:34:43,2026-10-05T23:34:43
5904,寶雅,2024-09-06,521.0,1.0,0.19%,,,,,,,,,ShowDailyK_ChartFlow,FinMind_API_TaiwanStockPrice_5904,True,2026-10-05T23:34:43,2026-10-05T23:34:43,2026-10-05T23:34:43
5904,寶雅,2024-09-09,511.0,-10.0,-1.92%,,,,,,,,,ShowDailyK_ChartFlow,FinMind_API_TaiwanStockPrice_5904,True,2026-10-05T23:34:43,2026-10-05T23:34:43,2026-10-05T23:34:43
5904,寶雅,2024-09-10,518.0,7.0,1.37%,,,,,,,,,ShowDailyK_ChartFlow,FinMind_API_TaiwanStockPrice_5904,True,2026-10-05T23:34:43,2026-10-05T23:34:43,2026-10-05T23:34:43
5904,寶雅,2024-09-11,525.0,7.0,1.35%,,,,,,,,,ShowDailyK_ChartFlow,FinMind_API_TaiwanStockPrice_5904,True,2026-10-05T23:34:43,2026-10-05T23:34:43,2026-10-05T23:34:43
5904,寶雅,2024-09-12,525.0,0.0,0.00%,,,,,,,,,ShowDailyK_ChartFlow,FinMind_API_TaiwanStockPrice_5904,True,2026-10-05T23:34:43,2026-10-05T23:34:43,2026-10-05T23:34:43
5904,寶雅,2024-09-13,530.0,5.0,0.95%,,,,,,,,,ShowDailyK_ChartFlow,FinMind_API_TaiwanStockPrice_5904,True,2026-10-05T23:34:43,2026-10-05T23:34:43,2026-10-05T23:34:43
5904,寶雅,2024-09-16,544.0,14.0,2.64%,,,,,,,,,ShowDailyK_ChartFlow,FinMind_API_TaiwanStockPrice_5904,True,2026-10-05T23:34:43,2026-10-05T23:34:43,2026-10-05T23:34:43
5904,寶雅,2024-09-18,538.0,-6.0,-1.10%,,,,,,,,,ShowDailyK_ChartFlow,FinMind_API_TaiwanStockPrice_5904,True,2026-10-05T23:34:43,2026-10-05T23:34:43,2026-10-05T23:34:43
5904,寶雅,2024-09-19,538.0,0.0,0.00%,,,,,,,,,ShowDailyK_ChartFlow,FinMind_API_TaiwanStockPrice_5904,True,2026-10-05T23:34:43,2026-10-05T23:34:43,2026-10-05T23:34:43
5904,寶雅,2024-09-20,528.0,-10.0,-1.86%,,,,,,,,,ShowDailyK_ChartFlow,FinMind_API_TaiwanStockPrice_5904,True,2026-10-05T23:34:43,2026-10-05T23:34:43,2026-10-05T23:34:43
5904,寶雅,2024-09-23,540.0,12.0,2.27%,,,,,,,,,ShowDailyK_ChartFlow,FinMind_API_TaiwanStockPrice_5904,True,2026-10-05T23:34:43,2026-10-05T23:34:43,2026-10-05T23:34:43
5904,寶雅,2024-09-24,533.0,-7.0,-1.30%,,,,,,,,,ShowDailyK_ChartFlow,FinMind_API_TaiwanStockPrice_5904,True,2026-10-05T23:34:43,2026-10-05T23:34:43,2026-10-05T23:34:43
5904,寶雅,2024-09-25,522.0,-11.0,-2.06%,,,,,,,,,ShowDailyK_ChartFlow,FinMind_API_TaiwanStockPrice_5904,True,2026-10-05T23:34:43,2026-10-05T23:34:43,2026-10-05T23:34:43
5904,寶雅,2024-09-26,532.0,10.0,1.92%,,,,,,,,,ShowDailyK_ChartFlow,FinMind_API_TaiwanStockPrice_5904,True,2026-10-05T23:34:43,2026-10-05T23:34:43,2026-10-05T23:34:43
5904,寶雅,2024-09-27,527.0,-5.0,-0.94%,,,,,,,,,ShowDailyK_ChartFlow,FinMind_API_TaiwanStockPrice_5904,True,2026-10-05T23:34:43,2026-10-05T23:34:43,2026-10-05T23:34:43
5904,寶雅,2024-09-30,527.0,0.0,0.00%,,,,,,,,,ShowDailyK_ChartFlow,FinMind_API_TaiwanStockPrice_5904,True,2026-10-05T23:34:43,2026-10-05T23:34:43,2026-10-05T23:34:43
5904,寶雅,2024-10-01,529.0,2.0,0.38%,,,,,,,,,ShowDailyK_ChartFlow,FinMind_API_TaiwanStockPrice_5904,True,2026-10-05T23:34:43,2026-10-05T23:34:43,2026-10-05T23:34:43
5904,寶雅,2024-10-04,533.0,4.0,0.76%,,,,,,,,,ShowDailyK_ChartFlow,FinMind_API_TaiwanStockPrice_5904,True,2026-10-05T23:34:43,2026-10-05T23:34:43,2026-10-05T23:34:43
5904,寶雅,2024-10-07,537.0,4.0,0.75%,,,,,,,,,ShowDailyK_ChartFlow,FinMind_API_TaiwanStockPrice_5904,True,2026-10-05T23:34:43,2026-10-05T23:34:43,2026-10-05T23:34:43
5904,寶雅,2024-10-08,530.0,-7.0,-1.30%,,,,,,,,,ShowDailyK_ChartFlow,FinMind_API_TaiwanStockPrice_5904,True,2026-10-05T23:34:43,2026-10-05T23:34:43,2026-10-05T23:34:43
5904,寶雅,2024-10-09,524.0,-6.0,-1.13%,,,,,,,,,ShowDailyK_ChartFlow,FinMind_API_TaiwanStockPrice_5904,True,2026-10-05T23:34:43,2026-10-05T23:34:43,2026-10-05T23:34:43
5904,寶雅,2024-10-11,523.0,-1.0,-0.19%,,,,,,,,,ShowDailyK_ChartFlow,FinMind_API_TaiwanStockPrice_5904,True,2026-10-05T23:34:43,2026-10-05T23:34:43,2026-10-05T23:34:43
5904,寶雅,2024-10-14,541.0,18.0,3.44%,,,,,,,,,ShowDailyK_ChartFlow,FinMind_API_TaiwanStockPrice_5904,True,2026-10-05T23:34:43,2026-10-05T23:34:43,2026-10-05T23:34:43
5904,寶雅,2024-10-15,540.0,-1.0,-0.18%,,,,,,,,,ShowDailyK_ChartFlow,FinMind_API_TaiwanStockPrice_5904,True,2026-10-05T23:34:43,2026-10-05T23:34:43,2026-10-05T23:34:43
5904,寶雅,2024-10-16,537.0,-3.0,-0.56%,,,,,,,,,ShowDailyK_ChartFlow,FinMind_API_TaiwanStockPrice_5904,True,2026-10-05T23:34:43,2026-10-05T23:34:43,2026-10-05T23:34:43
5904,寶雅,2024-10-17,528.0,-9.0,-1.68%,,,,,,,,,ShowDailyK_ChartFlow,FinMind_API_TaiwanStockPrice_5904,True,2026-10-05T23:34:43,2026-10-05T23:34:43,2026-10-05T23:34:43
5904,寶雅,2024-10-18,524.0,-4.0,-0.76%,,,,,,,,,ShowDailyK_ChartFlow,FinMind_API_TaiwanStockPrice_5904,True,2026-10-05T23:34:43,2026-10-05T23:34:43,2026-10-05T23:34:43
5904,寶雅,2024-10-21,522.0,-2.0,-0.38%,,,,,,,,,ShowDailyK_ChartFlow,FinMind_API_TaiwanStockPrice_5904,True,2026-10-05T23:34:43,2026-10-05T23:34:43,2026-10-05T23:34:43
5904,寶雅,2024-10-22,522.0,0.0,0.00%,,,,,,,,,ShowDailyK_ChartFlow,FinMind_API_TaiwanStockPrice_5904,True,2026-10-05T23:34:43,2026-10-05T23:34:43,2026-10-05T23:34:43
5904,寶雅,2024-10-23,519.0,-3.0,-0.57%,,,,,,,,,ShowDailyK_ChartFlow,FinMind_API_TaiwanStockPrice_5904,True,2026-10-05T23:34:43,2026-10-05T23:34:43,2026-10-05T23:34:43
5904,寶雅,2024-10-24,514.0,-5.0,-0.96%,,,,,,,,,ShowDailyK_ChartFlow,FinMind_API_TaiwanStockPrice_5904,True,2026-10-05T23:34:43,2026-10-05T23:34:43,2026-10-05T23:34:43
5904,寶雅,2024-10-25,514.0,0.0,0.00%,,,,,,,,,ShowDailyK_ChartFlow,FinMind_API_TaiwanStockPrice_5904,True,2026-10-05T23:34:43,2026-10-05T23:34:43,2026-10-05T23:34:43
5904,寶雅,2024-10-28,508.0,-6.0,-1.17%,,,,,,,,,ShowDailyK_ChartFlow,FinMind_API_TaiwanStockPrice_5904,True,2026-10-05T23:34:43,2026-10-05T23:34:43,2026-10-05T23:34:43
5904,寶雅,2024-10-29,500.0,-8.0,-1.57%,,,,,,,,,ShowDailyK_ChartFlow,FinMind_API_TaiwanStockPrice_5904,True,2026-10-05T23:34:43,2026-10-05T23:34:43,2026-10-05T23:34:43
5904,寶雅,2024-10-30,501.0,1.0,0.20%,,,,,,,,,ShowDailyK_ChartFlow,FinMind_API_TaiwanStockPrice_5904,True,2026-10-05T23:34:43,2026-10-05T23:34:43,2026-10-05T23:34:43
5904,寶雅,2024-11-01,500.0,-1.0,-0.20%,,,,,,,,,ShowDailyK_ChartFlow,FinMind_API_TaiwanStockPrice_5904,True,2026-10-05T23:34:43,2026-10-05T23:34:43,2026-10-05T23:34:43
5904,寶雅,2024-11-04,493.5,-6.5,-1.30%,,,,,,,,,ShowDailyK_ChartFlow,FinMind_API_TaiwanStockPrice_5904,True,2026-10-05T23:34:43,2026-10-05T23:34:43,2026-10-05T23:34:43
5904,寶雅,2024-11-05,491.0,-2.5,-0.51%,,,,,,,,,ShowDailyK_ChartFlow,FinMind_API_TaiwanStockPrice_5904,True,2026-10-05T23:34:43,2026-10-05T23:34:43,2026-10-05T23:34:43
5904,寶雅,2024-11-06,488.5,-2.5,-0.51%,,,,,,,,,ShowDailyK_ChartFlow,FinMind_API_TaiwanStockPrice_5904,True,2026-10-05T23:34:43,2026-10-05T23:34:43,2026-10-05T23:34:43
5904,寶雅,2024-11-07,490.0,1.5,0.31%,,,,,,,,,ShowDailyK_ChartFlow,FinMind_API_TaiwanStockPrice_5904,True,2026-10-05T23:34:43,2026-10-05T23:34:43,2026-10-05T23:34:43
5904,寶雅,2024-11-08,487.0,-3.0,-0.61%,,,,,,,,,ShowDailyK_ChartFlow,FinMind_API_TaiwanStockPrice_5904,True,2026-10-05T23:34:43,2026-10-05T23:34:43,2026-10-05T23:34:43
5904,寶雅,2024-11-11,483.5,-3.5,-0.72%,,,,,,,,,ShowDailyK_ChartFlow,FinMind_API_TaiwanStockPrice_5904,True,2026-10-05T23:34:43,2026-10-05T23:34:43,2026-10-05T23:34:43
5904,寶雅,2024-11-12,488.0,4.5,0.93%,,,,,,,,,ShowDailyK_ChartFlow,FinMind_API_TaiwanStockPrice_5904,True,2026-10-05T23:34:43,2026-10-05T23:34:43,2026-10-05T23:34:43
5904,寶雅,2024-11-13,484.5,-3.5,-0.72%,,,,,,,,,ShowDailyK_ChartFlow,FinMind_API_TaiwanStockPrice_5904,True,2026-10-05T23:34:43,2026-10-05T23:34:43,2026-10-05T23:34:43
5904,寶雅,2024-11-14,480.0,-4.5,-0.93%,,,,,,,,,ShowDailyK_ChartFlow,FinMind_API_TaiwanStockPrice_5904,True,2026-10-05T23:34:43,2026-10-05T23:34:43,2026-10-05T23:34:43
5904,寶雅,2024-11-15,477.5,-2.5,-0.52%,,,,,,,,,ShowDailyK_ChartFlow,FinMind_API_TaiwanStockPrice_5904,True,2026-10-05T23:34:43,2026-10-05T23:34:43,2026-10-05T23:34:43
5904,寶雅,2024-11-18,480.5,3.0,0.63%,,,,,,,,,ShowDailyK_ChartFlow,FinMind_API_TaiwanStockPrice_5904,True,2026-10-05T23:34:43,2026-10-05T23:34:43,2026-10-05T23:34:43
5904,寶雅,2024-11-19,479.5,-1.0,-0.21%,,,,,,,,,ShowDailyK_ChartFlow,FinMind_API_TaiwanStockPrice_5904,True,2026-10-05T23:34:43,2026-10-05T23:34:43,2026-10-05T23:34:43
5904,寶雅,2024-11-20,486.0,6.5,1.36%,,,,,,,,,ShowDailyK_ChartFlow,FinMind_API_TaiwanStockPrice_5904,True,2026-10-05T23:34:43,2026-10-05T23:34:43,2026-10-05T23:34:43
5904,寶雅,2024-11-21,483.5,-2.5,-0.51%,,,,,,,,,ShowDailyK_ChartFlow,FinMind_API_TaiwanStockPrice_5904,True,2026-10-05T23:34:43,2026-10-05T23:34:43,2026-10-05T23:34:43
5904,寶雅,2024-11-22,484.0,0.5,0.10%,,,,,,,,,ShowDailyK_ChartFlow,FinMind_API_TaiwanStockPrice_5904,True,2026-10-05T23:34:43,2026-10-05T23:34:43,2026-10-05T23:34:43
5904,寶雅,2024-11-25,482.5,-1.5,-0.31%,,,,,,,,,ShowDailyK_ChartFlow,FinMind_API_TaiwanStockPrice_5904,True,2026-10-05T23:34:43,2026-10-05T23:34:43,2026-10-05T23:34:43
5904,寶雅,2024-11-26,483.5,1.0,0.21%,,,,,,,,,ShowDailyK_ChartFlow,FinMind_API_TaiwanStockPrice_5904,True,2026-10-05T23:34:43,2026-10-05T23:34:43,2026-10-05T23:34:43
5904,寶雅,2024-11-27,482.5,-1.0,-0.21%,,,,,,,,,ShowDailyK_ChartFlow,FinMind_API_TaiwanStockPrice_5904,True,2026-10-05T23:34:43,2026-10-05T23:34:43,2026-10-05T23:34:43
5904,寶雅,2024-11-28,474.5,-8.0,-1.66%,,,,,,,,,ShowDailyK_ChartFlow,FinMind_API_TaiwanStockPrice_5904,True,2026-10-05T23:34:43,2026-10-05T23:34:43,2026-10-05T23:34:43
5904,寶雅,2024-11-29,479.0,4.5,0.95%,,,,,,,,,ShowDailyK_ChartFlow,FinMind_API_TaiwanStockPrice_5904,True,2026-10-05T23:34:43,2026-10-05T23:34:43,2026-10-05T23:34:43
5904,寶雅,2024-12-02,473.5,-5.5,-1.15%,,,,,,,,,ShowDailyK_ChartFlow,FinMind_API_TaiwanStockPrice_5904,True,2026-10-05T23:34:43,2026-10-05T23:34:43,2026-10-05T23:34:43
5904,寶雅,2024-12-03,473.5,0.0,0.00%,,,,,,,,,ShowDailyK_ChartFlow,FinMind_API_TaiwanStockPrice_5904,True,2026-10-05T23:34:43,2026-10-05T23:34:43,2026-10-05T23:34:43
5904,寶雅,2024-12-04,473.0,-0.5,-0.11%,,,,,,,,,ShowDailyK_ChartFlow,FinMind_API_TaiwanStockPrice_5904,True,2026-10-05T23:34:43,2026-10-05T23:34:43,2026-10-05T23:34:43
5904,寶雅,2024-12-05,472.0,-1.0,-0.21%,,,,,,,,,ShowDailyK_ChartFlow,FinMind_API_TaiwanStockPrice_5904,True,2026-10-05T23:34:43,2026-10-05T23:34:43,2026-10-05T23:34:43
5904,寶雅,2024-12-06,471.5,-0.5,-0.11%,,,,,,,,,ShowDailyK_ChartFlow,FinMind_API_TaiwanStockPrice_5904,True,2026-10-05T23:34:43,2026-10-05T23:34:43,2026-10-05T23:34:43
5904,寶雅,2024-12-09,473.0,1.5,0.32%,,,,,,,,,ShowDailyK_ChartFlow,FinMind_API_TaiwanStockPrice_5904,True,2026-10-05T23:34:43,2026-10-05T23:34:43,2026-10-05T23:34:43
5904,寶雅,2024-12-10,477.0,4.0,0.85%,,,,,,,,,ShowDailyK_ChartFlow,FinMind_API_TaiwanStockPrice_5904,True,2026-10-05T23:34:43,2026-10-05T23:34:43,2026-10-05T23:34:43
5904,寶雅,2024-12-11,474.0,-3.0,-0.63%,,,,,,,,,ShowDailyK_ChartFlow,FinMind_API_TaiwanStockPrice_5904,True,2026-10-05T23:34:43,2026-10-05T23:34:43,2026-10-05T23:34:43
5904,寶雅,2024-12-12,477.0,3.0,0.63%,,,,,,,,,ShowDailyK_ChartFlow,FinMind_API_TaiwanStockPrice_5904,True,2026-10-05T23:34:43,2026-10-05T23:34:43,2026-10-05T23:34:43
5904,寶雅,2024-12-13,476.5,-0.5,-0.10%,,,,,,,,,ShowDailyK_ChartFlow,FinMind_API_TaiwanStockPrice_5904,True,2026-10-05T23:34:43,2026-10-05T23:34:43,2026-10-05T23:34:43
5904,寶雅,2024-12-16,474.0,-2.5,-0.52%,,,,,,,,,ShowDailyK_ChartFlow,FinMind_API_TaiwanStockPrice_5904,True,2026-10-05T23:34:43,2026-10-05T23:34:43,2026-10-05T23:34:43
5904,寶雅,2024-12-17,492.0,18.0,3.80%,,,,,,,,,ShowDailyK_ChartFlow,FinMind_API_TaiwanStockPrice_5904,True,2026-10-05T23:34:43,2026-10-05T23:34:43,2026-10-05T23:34:43
5904,寶雅,2024-12-18,486.0,-6.0,-1.22%,,,,,,,,,ShowDailyK_ChartFlow,FinMind_API_TaiwanStockPrice_5904,True,2026-10-05T23:34:43,2026-10-05T23:34:43,2026-10-05T23:34:43
5904,寶雅,2024-12-19,491.0,5.0,1.03%,,,,,,,,,ShowDailyK_ChartFlow,FinMind_API_TaiwanStockPrice_5904,True,2026-10-05T23:34:43,2026-10-05T23:34:43,2026-10-05T23:34:43
5904,寶雅,2024-12-20,493.0,2.0,0.41%,,,,,,,,,ShowDailyK_ChartFlow,FinMind_API_TaiwanStockPrice_5904,True,2026-10-05T23:34:43,2026-10-05T23:34:43,2026-10-05T23:34:43
5904,寶雅,2024-12-23,499.5,6.5,1.32%,,,,,,,,,ShowDailyK_ChartFlow,FinMind_API_TaiwanStockPrice_5904,True,2026-10-05T23:34:43,2026-10-05T23:34:43,2026-10-05T23:34:43
5904,寶雅,2024-12-24,501.0,1.5,0.30%,,,,,,,,,ShowDailyK_ChartFlow,FinMind_API_TaiwanStockPrice_5904,True,2026-10-05T23:34:43,2026-10-05T23:34:43,2026-10-05T23:34:43
5904,寶雅,2024-12-25,501.0,0.0,0.00%,,,,,,,,,ShowDailyK_ChartFlow,FinMind_API_TaiwanStockPrice_5904,True,2026-10-05T23:34:43,2026-10-05T23:34:43,2026-10-05T23:34:43
5904,寶雅,2024-12-26,506.0,5.0,1.00%,,,,,,,,,ShowDailyK_ChartFlow,FinMind_API_TaiwanStockPrice_5904,True,2026-10-05T23:34:43,2026-10-05T23:34:43,2026-10-05T23:34:43
5904,寶雅,2024-12-27,499.0,-7.0,-1.38%,,,,,,,,,ShowDailyK_ChartFlow,FinMind_API_TaiwanStockPrice_5904,True,2026-10-05T23:34:43,2026-10-05T23:34:43,2026-10-05T23:34:43
5904,寶雅,2024-12-30,490.5,-8.5,-1.70%,,,,,,,,,ShowDailyK_ChartFlow,FinMind_API_TaiwanStockPrice_5904,True,2026-10-05T23:34:43,2026-10-05T23:34:43,2026-10-05T23:34:43
5904,寶雅,2024-12-31,496.5,6.0,1.22%,,,,,,,,,ShowDailyK_ChartFlow,FinMind_API_TaiwanStockPrice_5904,True,2026-10-05T23:34:43,2026-10-05T23:34:43,2026-10-05T23:34:43
5904,寶雅,2025-01-02,491.0,-5.5,-1.11%,,,,,,,,,ShowDailyK_ChartFlow,FinMind_API_TaiwanStockPrice_5904,True,2026-10-05T23:34:43,2026-10-05T23:34:43,2026-10-05T23:34:43
5904,寶雅,2025-01-03,491.5,0.5,0.10%,,,,,,,,,ShowDailyK_ChartFlow,FinMind_API_TaiwanStockPrice_5904,True,2026-10-05T23:34:43,2026-10-05T23:34:43,2026-10-05T23:34:43
5904,寶雅,2025-01-06,491.0,-0.5,-0.10%,,,,,,,,,ShowDailyK_ChartFlow,FinMind_API_TaiwanStockPrice_5904,True,2026-10-05T23:34:43,2026-10-05T23:34:43,2026-10-05T23:34:43
5904,寶雅,2025-01-07,487.5,-3.5,-0.71%,,,,,,,,,ShowDailyK_ChartFlow,FinMind_API_TaiwanStockPrice_5904,True,2026-10-05T23:34:43,2026-10-05T23:34:43,2026-10-05T23:34:43
5904,寶雅,2025-01-08,483.5,-4.0,-0.82%,,,,,,,,,ShowDailyK_ChartFlow,FinMind_API_TaiwanStockPrice_5904,True,2026-10-05T23:34:43,2026-10-05T23:34:43,2026-10-05T23:34:43
5904,寶雅,2025-01-09,480.0,-3.5,-0.72%,,,,,,,,,ShowDailyK_ChartFlow,FinMind_API_TaiwanStockPrice_5904,True,2026-10-05T23:34:43,2026-10-05T23:34:43,2026-10-05T23:34:43
5904,寶雅,2025-01-10,480.0,0.0,0.00%,,,,,,,,,ShowDailyK_ChartFlow,FinMind_API_TaiwanStockPrice_5904,True,2026-10-05T23:34:43,2026-10-05T23:34:43,2026-10-05T23:34:43
5904,寶雅,2025-01-13,478.5,-1.5,-0.31%,,,,,,,,,ShowDailyK_ChartFlow,FinMind_API_TaiwanStockPrice_5904,True,2026-10-05T23:34:43,2026-10-05T23:34:43,2026-10-05T23:34:43
5904,寶雅,2025-01-14,479.5,1.0,0.21%,,,,,,,,,ShowDailyK_ChartFlow,FinMind_API_TaiwanStockPrice_5904,True,2026-10-05T23:34:43,2026-10-05T23:34:43,2026-10-05T23:34:43
5904,寶雅,2025-01-15,477.0,-2.5,-0.52%,,,,,,,,,ShowDailyK_ChartFlow,FinMind_API_TaiwanStockPrice_5904,True,2026-10-05T23:34:43,2026-10-05T23:34:43,2026-10-05T23:34:43
5904,寶雅,2025-01-16,480.0,3.0,0.63%,,,,,,,,,ShowDailyK_ChartFlow,FinMind_API_TaiwanStockPrice_5904,True,2026-10-05T23:34:43,2026-10-05T23:34:43,2026-10-05T23:34:43
5904,寶雅,2025-01-17,485.0,5.0,1.04%,,,,,,,,,ShowDailyK_ChartFlow,FinMind_API_TaiwanStockPrice_5904,True,2026-10-05T23:34:43,2026-10-05T23:34:43,2026-10-05T23:34:43
5904,寶雅,2025-01-20,486.0,1.0,0.21%,,,,,,,,,ShowDailyK_ChartFlow,FinMind_API_TaiwanStockPrice_5904,True,2026-10-05T23:34:43,2026-10-05T23:34:43,2026-10-05T23:34:43
5904,寶雅,2025-01-21,485.0,-1.0,-0.21%,,,,,,,,,ShowDailyK_ChartFlow,FinMind_API_TaiwanStockPrice_5904,True,2026-10-05T23:34:43,2026-10-05T23:34:43,2026-10-05T23:34:43
5904,寶雅,2025-01-22,484.0,-1.0,-0.21%,,,,,,,,,ShowDailyK_ChartFlow,FinMind_API_TaiwanStockPrice_5904,True,2026-10-05T23:34:43,2026-10-05T23:34:43,2026-10-05T23:34:43
5904,寶雅,2025-02-03,480.0,-4.0,-0.83%,,,,,,,,,ShowDailyK_ChartFlow,FinMind_API_TaiwanStockPrice_5904,True,2026-10-05T23:34:43,2026-10-05T23:34:43,2026-10-05T23:34:43
5904,寶雅,2025-02-04,477.0,-3.0,-0.62%,,,,,,,,,ShowDailyK_ChartFlow,FinMind_API_TaiwanStockPrice_5904,True,2026-10-05T23:34:43,2026-10-05T23:34:43,2026-10-05T23:34:43
5904,寶雅,2025-02-05,478.0,1.0,0.21%,,,,,,,,,ShowDailyK_ChartFlow,FinMind_API_TaiwanStockPrice_5904,True,2026-10-05T23:34:43,2026-10-05T23:34:43,2026-10-05T23:34:43
5904,寶雅,2025-02-06,478.5,0.5,0.10%,,,,,,,,,ShowDailyK_ChartFlow,FinMind_API_TaiwanStockPrice_5904,True,2026-10-05T23:34:43,2026-10-05T23:34:43,2026-10-05T23:34:43
5904,寶雅,2025-02-07,478.5,0.0,0.00%,,,,,,,,,ShowDailyK_ChartFlow,FinMind_API_TaiwanStockPrice_5904,True,2026-10-05T23:34:43,2026-10-05T23:34:43,2026-10-05T23:34:43
5904,寶雅,2025-02-10,480.0,1.5,0.31%,,,,,,,,,ShowDailyK_ChartFlow,FinMind_API_TaiwanStockPrice_5904,True,2026-10-05T23:34:43,2026-10-05T23:34:43,2026-10-05T23:34:43
5904,寶雅,2025-02-11,492.0,12.0,2.50%,,,,,,,,,ShowDailyK_ChartFlow,FinMind_API_TaiwanStockPrice_5904,True,2026-10-05T23:34:43,2026-10-05T23:34:43,2026-10-05T23:34:43
5904,寶雅,2025-02-12,503.0,11.0,2.24%,,,,,,,,,ShowDailyK_ChartFlow,FinMind_API_TaiwanStockPrice_5904,True,2026-10-05T23:34:43,2026-10-05T23:34:43,2026-10-05T23:34:43
5904,寶雅,2025-02-13,500.0,-3.0,-0.60%,,,,,,,,,ShowDailyK_ChartFlow,FinMind_API_TaiwanStockPrice_5904,True,2026-10-05T23:34:43,2026-10-05T23:34:43,2026-10-05T23:34:43
5904,寶雅,2025-02-14,498.0,-2.0,-0.40%,,,,,,,,,ShowDailyK_ChartFlow,FinMind_API_TaiwanStockPrice_5904,True,2026-10-05T23:34:43,2026-10-05T23:34:43,2026-10-05T23:34:43
5904,寶雅,2025-02-17,483.0,-15.0,-3.01%,,,,,,,,,ShowDailyK_ChartFlow,FinMind_API_TaiwanStockPrice_5904,True,2026-10-05T23:34:43,2026-10-05T23:34:43,2026-10-05T23:34:43
5904,寶雅,2025-02-18,486.0,3.0,0.62%,,,,,,,,,ShowDailyK_ChartFlow,FinMind_API_TaiwanStockPrice_5904,True,2026-10-05T23:34:43,2026-10-05T23:34:43,2026-10-05T23:34:43
5904,寶雅,2025-02-19,490.0,4.0,0.82%,,,,,,,,,ShowDailyK_ChartFlow,FinMind_API_TaiwanStockPrice_5904,True,2026-10-05T23:34:43,2026-10-05T23:34:43,2026-10-05T23:34:43
5904,寶雅,2025-02-20,486.0,-4.0,-0.82%,,,,,,,,,ShowDailyK_ChartFlow,FinMind_API_TaiwanStockPrice_5904,True,2026-10-05T23:34:43,2026-10-05T23:34:43,2026-10-05T23:34:43
5904,寶雅,2025-02-21,491.0,5.0,1.03%,,,,,,,,,ShowDailyK_ChartFlow,FinMind_API_TaiwanStockPrice_5904,True,2026-10-05T23:34:43,2026-10-05T23:34:43,2026-10-05T23:34:43
5904,寶雅,2025-02-24,494.5,3.5,0.71%,,,,,,,,,ShowDailyK_ChartFlow,FinMind_API_TaiwanStockPrice_5904,True,2026-10-05T23:34:43,2026-10-05T23:34:43,2026-10-05T23:34:43
5904,寶雅,2025-02-25,516.0,21.5,4.35%,,,,,,,,,ShowDailyK_ChartFlow,FinMind_API_TaiwanStockPrice_5904,True,2026-10-05T23:34:43,2026-10-05T23:34:43,2026-10-05T23:34:43
5904,寶雅,2025-02-26,521.0,5.0,0.97%,,,,,,,,,ShowDailyK_ChartFlow,FinMind_API_TaiwanStockPrice_5904,True,2026-10-05T23:34:43,2026-10-05T23:34:43,2026-10-05T23:34:43
5904,寶雅,2025-02-27,519.0,-2.0,-0.38%,,,,,,,,,ShowDailyK_ChartFlow,FinMind_API_TaiwanStockPrice_5904,True,2026-10-05T23:34:43,2026-10-05T23:34:43,2026-10-05T23:34:43
5904,寶雅,2025-03-03,522.0,3.0,0.58%,,,,,,,,,ShowDailyK_ChartFlow,FinMind_API_TaiwanStockPrice_5904,True,2026-10-05T23:34:43,2026-10-05T23:34:43,2026-10-05T23:34:43
5904,寶雅,2025-03-04,529.0,7.0,1.34%,,,,,,,,,ShowDailyK_ChartFlow,FinMind_API_TaiwanStockPrice_5904,True,2026-10-05T23:34:43,2026-10-05T23:34:43,2026-10-05T23:34:43
5904,寶雅,2025-03-05,521.0,-8.0,-1.51%,,,,,,,,,ShowDailyK_ChartFlow,FinMind_API_TaiwanStockPrice_5904,True,2026-10-05T23:34:43,2026-10-05T23:34:43,2026-10-05T23:34:43
5904,寶雅,2025-03-06,530.0,9.0,1.73%,,,,,,,,,ShowDailyK_ChartFlow,FinMind_API_TaiwanStockPrice_5904,True,2026-10-05T23:34:43,2026-10-05T23:34:43,2026-10-05T23:34:43
5904,寶雅,2025-03-07,524.0,-6.0,-1.13%,,,,,,,,,ShowDailyK_ChartFlow,FinMind_API_TaiwanStockPrice_5904,True,2026-10-05T23:34:43,2026-10-05T23:34:43,2026-10-05T23:34:43
5904,寶雅,2025-03-10,529.0,5.0,0.95%,,,,,,,,,ShowDailyK_ChartFlow,FinMind_API_TaiwanStockPrice_5904,True,2026-10-05T23:34:43,2026-10-05T23:34:43,2026-10-05T23:34:43
5904,寶雅,2025-03-11,520.0,-9.0,-1.70%,,,,,,,,,ShowDailyK_ChartFlow,FinMind_API_TaiwanStockPrice_5904,True,2026-10-05T23:34:43,2026-10-05T23:34:43,2026-10-05T23:34:43
5904,寶雅,2025-03-12,513.0,-7.0,-1.35%,,,,,,,,,ShowDailyK_ChartFlow,FinMind_API_TaiwanStockPrice_5904,True,2026-10-05T23:34:43,2026-10-05T23:34:43,2026-10-05T23:34:43
5904,寶雅,2025-03-13,513.0,0.0,0.00%,,,,,,,,,ShowDailyK_ChartFlow,FinMind_API_TaiwanStockPrice_5904,True,2026-10-05T23:34:43,2026-10-05T23:34:43,2026-10-05T23:34:43
5904,寶雅,2025-03-14,515.0,2.0,0.39%,,,,,,,,,ShowDailyK_ChartFlow,FinMind_API_TaiwanStockPrice_5904,True,2026-10-05T23:34:43,2026-10-05T23:34:43,2026-10-05T23:34:43
5904,寶雅,2025-03-17,500.0,-15.0,-2.91%,,,,,,,,,ShowDailyK_ChartFlow,FinMind_API_TaiwanStockPrice_5904,True,2026-10-05T23:34:43,2026-10-05T23:34:43,2026-10-05T23:34:43
5904,寶雅,2025-03-18,508.0,8.0,1.60%,,,,,,,,,ShowDailyK_ChartFlow,FinMind_API_TaiwanStockPrice_5904,True,2026-10-05T23:34:43,2026-10-05T23:34:43,2026-10-05T23:34:43
5904,寶雅,2025-03-19,508.0,0.0,0.00%,,,,,,,,,ShowDailyK_ChartFlow,FinMind_API_TaiwanStockPrice_5904,True,2026-10-05T23:34:43,2026-10-05T23:34:43,2026-10-05T23:34:43
5904,寶雅,2025-03-20,510.0,2.0,0.39%,,,,,,,,,ShowDailyK_ChartFlow,FinMind_API_TaiwanStockPrice_5904,True,2026-10-05T23:34:43,2026-10-05T23:34:43,2026-10-05T23:34:43
5904,寶雅,2025-03-21,502.0,-8.0,-1.57%,,,,,,,,,ShowDailyK_ChartFlow,FinMind_API_TaiwanStockPrice_5904,True,2026-10-05T23:34:43,2026-10-05T23:34:43,2026-10-05T23:34:43
5904,寶雅,2025-03-24,495.0,-7.0,-1.39%,,,,,,,,,ShowDailyK_ChartFlow,FinMind_API_TaiwanStockPrice_5904,True,2026-10-05T23:34:43,2026-10-05T23:34:43,2026-10-05T23:34:43
5904,寶雅,2025-03-25,489.5,-5.5,-1.11%,,,,,,,,,ShowDailyK_ChartFlow,FinMind_API_TaiwanStockPrice_5904,True,2026-10-05T23:34:43,2026-10-05T23:34:43,2026-10-05T23:34:43
5904,寶雅,2025-03-26,492.0,2.5,0.51%,,,,,,,,,ShowDailyK_ChartFlow,FinMind_API_TaiwanStockPrice_5904,True,2026-10-05T23:34:43,2026-10-05T23:34:43,2026-10-05T23:34:43
5904,寶雅,2025-03-27,495.5,3.5,0.71%,,,,,,,,,ShowDailyK_ChartFlow,FinMind_API_TaiwanStockPrice_5904,True,2026-10-05T23:34:43,2026-10-05T23:34:43,2026-10-05T23:34:43
5904,寶雅,2025-03-28,491.0,-4.5,-0.91%,,,,,,,,,ShowDailyK_ChartFlow,FinMind_API_TaiwanStockPrice_5904,True,2026-10-05T23:34:43,2026-10-05T23:34:43,2026-10-05T23:34:43
5904,寶雅,2025-03-31,478.0,-13.0,-2.65%,,,,,,,,,ShowDailyK_ChartFlow,FinMind_API_TaiwanStockPrice_5904,True,2026-10-05T23:34:43,2026-10-05T23:34:43,2026-10-05T23:34:43
5904,寶雅,2025-04-01,479.0,1.0,0.21%,,,,,,,,,ShowDailyK_ChartFlow,FinMind_API_TaiwanStockPrice_5904,True,2026-10-05T23:34:43,2026-10-05T23:34:43,2026-10-05T23:34:43
5904,寶雅,2025-04-02,478.0,-1.0,-0.21%,,,,,,,,,ShowDailyK_ChartFlow,FinMind_API_TaiwanStockPrice_5904,True,2026-10-05T23:34:43,2026-10-05T23:34:43,2026-10-05T23:34:43
5904,寶雅,2025-04-07,437.5,-40.5,-8.47%,,,,,,,,,ShowDailyK_ChartFlow,FinMind_API_TaiwanStockPrice_5904,True,2026-10-05T23:34:43,2026-10-05T23:34:43,2026-10-05T23:34:43
5904,寶雅,2025-04-08,470.0,32.5,7.43%,,,,,,,,,ShowDailyK_ChartFlow,FinMind_API_TaiwanStockPrice_5904,True,2026-10-05T23:34:43,2026-10-05T23:34:43,2026-10-05T23:34:43
5904,寶雅,2025-04-09,463.5,-6.5,-1.38%,,,,,,,,,ShowDailyK_ChartFlow,FinMind_API_TaiwanStockPrice_5904,True,2026-10-05T23:34:43,2026-10-05T23:34:43,2026-10-05T23:34:43
5904,寶雅,2025-04-10,478.5,15.0,3.24%,,,,,,,,,ShowDailyK_ChartFlow,FinMind_API_TaiwanStockPrice_5904,True,2026-10-05T23:34:43,2026-10-05T23:34:43,2026-10-05T23:34:43
5904,寶雅,2025-04-11,476.0,-2.5,-0.52%,,,,,,,,,ShowDailyK_ChartFlow,FinMind_API_TaiwanStockPrice_5904,True,2026-10-05T23:34:43,2026-10-05T23:34:43,2026-10-05T23:34:43
5904,寶雅,2025-04-14,467.0,-9.0,-1.89%,,,,,,,,,ShowDailyK_ChartFlow,FinMind_API_TaiwanStockPrice_5904,True,2026-10-05T23:34:43,2026-10-05T23:34:43,2026-10-05T23:34:43
5904,寶雅,2025-04-15,479.5,12.5,2.68%,,,,,,,,,ShowDailyK_ChartFlow,FinMind_API_TaiwanStockPrice_5904,True,2026-10-05T23:34:43,2026-10-05T23:34:43,2026-10-05T23:34:43
5904,寶雅,2025-04-16,479.0,-0.5,-0.10%,,,,,,,,,ShowDailyK_ChartFlow,FinMind_API_TaiwanStockPrice_5904,True,2026-10-05T23:34:43,2026-10-05T23:34:43,2026-10-05T23:34:43
5904,寶雅,2025-04-17,474.0,-5.0,-1.04%,,,,,,,,,ShowDailyK_ChartFlow,FinMind_API_TaiwanStockPrice_5904,True,2026-10-05T23:34:43,2026-10-05T23:34:43,2026-10-05T23:34:43
5904,寶雅,2025-04-18,475.0,1.0,0.21%,,,,,,,,,ShowDailyK_ChartFlow,FinMind_API_TaiwanStockPrice_5904,True,2026-10-05T23:34:43,2026-10-05T23:34:43,2026-10-05T23:34:43
5904,寶雅,2025-04-21,460.0,-15.0,-3.16%,,,,,,,,,ShowDailyK_ChartFlow,FinMind_API_TaiwanStockPrice_5904,True,2026-10-05T23:34:43,2026-10-05T23:34:43,2026-10-05T23:34:43
5904,寶雅,2025-04-22,456.5,-3.5,-0.76%,,,,,,,,,ShowDailyK_ChartFlow,FinMind_API_TaiwanStockPrice_5904,True,2026-10-05T23:34:43,2026-10-05T23:34:43,2026-10-05T23:34:43
5904,寶雅,2025-04-23,466.0,9.5,2.08%,,,,,,,,,ShowDailyK_ChartFlow,FinMind_API_TaiwanStockPrice_5904,True,2026-10-05T23:34:43,2026-10-05T23:34:43,2026-10-05T23:34:43
5904,寶雅,2025-04-24,473.0,7.0,1.50%,,,,,,,,,ShowDailyK_ChartFlow,FinMind_API_TaiwanStockPrice_5904,True,2026-10-05T23:34:43,2026-10-05T23:34:43,2026-10-05T23:34:43
5904,寶雅,2025-04-25,477.0,4.0,0.85%,,,,,,,,,ShowDailyK_ChartFlow,FinMind_API_TaiwanStockPrice_5904,True,2026-10-05T23:34:43,2026-10-05T23:34:43,2026-10-05T23:34:43
5904,寶雅,2025-04-28,489.0,12.0,2.52%,,,,,,,,,ShowDailyK_ChartFlow,FinMind_API_TaiwanStockPrice_5904,True,2026-10-05T23:34:43,2026-10-05T23:34:43,2026-10-05T23:34:43
5904,寶雅,2025-04-29,485.0,-4.0,-0.82%,,,,,,,,,ShowDailyK_ChartFlow,FinMind_API_TaiwanStockPrice_5904,True,2026-10-05T23:34:43,2026-10-05T23:34:43,2026-10-05T23:34:43
5904,寶雅,2025-04-30,479.0,-6.0,-1.24%,,,,,,,,,ShowDailyK_ChartFlow,FinMind_API_TaiwanStockPrice_5904,True,2026-10-05T23:34:43,2026-10-05T23:34:43,2026-10-05T23:34:43
5904,寶雅,2025-05-02,480.5,1.5,0.31%,,,,,,,,,ShowDailyK_ChartFlow,FinMind_API_TaiwanStockPrice_5904,True,2026-10-05T23:34:43,2026-10-05T23:34:43,2026-10-05T23:34:43
5904,寶雅,2025-05-05,512.0,31.5,6.56%,,,,,,,,,ShowDailyK_ChartFlow,FinMind_API_TaiwanStockPrice_5904,True,2026-10-05T23:34:43,2026-10-05T23:34:43,2026-10-05T23:34:43
5904,寶雅,2025-05-06,500.0,-12.0,-2.34%,,,,,,,,,ShowDailyK_ChartFlow,FinMind_API_TaiwanStockPrice_5904,True,2026-10-05T23:34:43,2026-10-05T23:34:43,2026-10-05T23:34:43
5904,寶雅,2025-05-07,509.0,9.0,1.80%,,,,,,,,,ShowDailyK_ChartFlow,FinMind_API_TaiwanStockPrice_5904,True,2026-10-05T23:34:43,2026-10-05T23:34:43,2026-10-05T23:34:43
5904,寶雅,2025-05-08,505.0,-4.0,-0.79%,,,,,,,,,ShowDailyK_ChartFlow,FinMind_API_TaiwanStockPrice_5904,True,2026-10-05T23:34:43,2026-10-05T23:34:43,2026-10-05T23:34:43
5904,寶雅,2025-05-09,514.0,9.0,1.78%,,,,,,,,,ShowDailyK_ChartFlow,FinMind_API_TaiwanStockPrice_5904,True,2026-10-05T23:34:43,2026-10-05T23:34:43,2026-10-05T23:34:43
5904,寶雅,2025-05-12,503.0,-11.0,-2.14%,,,,,,,,,ShowDailyK_ChartFlow,FinMind_API_TaiwanStockPrice_5904,True,2026-10-05T23:34:43,2026-10-05T23:34:43,2026-10-05T23:34:43
5904,寶雅,2025-05-13,500.0,-3.0,-0.60%,,,,,,,,,ShowDailyK_ChartFlow,FinMind_API_TaiwanStockPrice_5904,True,2026-10-05T23:34:43,2026-10-05T23:34:43,2026-10-05T23:34:43
5904,寶雅,2025-05-14,500.0,0.0,0.00%,,,,,,,,,ShowDailyK_ChartFlow,FinMind_API_TaiwanStockPrice_5904,True,2026-10-05T23:34:43,2026-10-05T23:34:43,2026-10-05T23:34:43
5904,寶雅,2025-05-15,503.0,3.0,0.60%,,,,,,,,,ShowDailyK_ChartFlow,FinMind_API_TaiwanStockPrice_5904,True,2026-10-05T23:34:43,2026-10-05T23:34:43,2026-10-05T23:34:43
5904,寶雅,2025-05-16,507.0,4.0,0.80%,,,,,,,,,ShowDailyK_ChartFlow,FinMind_API_TaiwanStockPrice_5904,True,2026-10-05T23:34:43,2026-10-05T23:34:43,2026-10-05T23:34:43
5904,寶雅,2025-05-19,514.0,7.0,1.38%,,,,,,,,,ShowDailyK_ChartFlow,FinMind_API_TaiwanStockPrice_5904,True,2026-10-05T23:34:43,2026-10-05T23:34:43,2026-10-05T23:34:43
5904,寶雅,2025-05-20,503.0,-11.0,-2.14%,,,,,,,,,ShowDailyK_ChartFlow,FinMind_API_TaiwanStockPrice_5904,True,2026-10-05T23:34:43,2026-10-05T23:34:43,2026-10-05T23:34:43
5904,寶雅,2025-05-21,506.0,3.0,0.60%,,,,,,,,,ShowDailyK_ChartFlow,FinMind_API_TaiwanStockPrice_5904,True,2026-10-05T23:34:43,2026-10-05T23:34:43,2026-10-05T23:34:43
5904,寶雅,2025-05-22,498.0,-8.0,-1.58%,,,,,,,,,ShowDailyK_ChartFlow,FinMind_API_TaiwanStockPrice_5904,True,2026-10-05T23:34:43,2026-10-05T23:34:43,2026-10-05T23:34:43
5904,寶雅,2025-05-23,505.0,7.0,1.41%,,,,,,,,,ShowDailyK_ChartFlow,FinMind_API_TaiwanStockPrice_5904,True,2026-10-05T23:34:43,2026-10-05T23:34:43,2026-10-05T23:34:43
5904,寶雅,2025-05-26,504.0,-1.0,-0.20%,,,,,,,,,ShowDailyK_ChartFlow,FinMind_API_TaiwanStockPrice_5904,True,2026-10-05T23:34:43,2026-10-05T23:34:43,2026-10-05T23:34:43
5904,寶雅,2025-05-27,506.0,2.0,0.40%,,,,,,,,,ShowDailyK_ChartFlow,FinMind_API_TaiwanStockPrice_5904,True,2026-10-05T23:34:43,2026-10-05T23:34:43,2026-10-05T23:34:43
5904,寶雅,2025-05-28,507.0,1.0,0.20%,,,,,,,,,ShowDailyK_ChartFlow,FinMind_API_TaiwanStockPrice_5904,True,2026-10-05T23:34:43,2026-10-05T23:34:43,2026-10-05T23:34:43
5904,寶雅,2025-05-29,503.0,-4.0,-0.79%,,,,,,,,,ShowDailyK_ChartFlow,FinMind_API_TaiwanStockPrice_5904,True,2026-10-05T23:34:43,2026-10-05T23:34:43,2026-10-05T23:34:43
5904,寶雅,2025-06-02,520.0,17.0,3.38%,,,,,,,,,ShowDailyK_ChartFlow,FinMind_API_TaiwanStockPrice_5904,True,2026-10-05T23:34:43,2026-10-05T23:34:43,2026-10-05T23:34:43
5904,寶雅,2025-06-03,517.0,-3.0,-0.58%,,,,,,,,,ShowDailyK_ChartFlow,FinMind_API_TaiwanStockPrice_5904,True,2026-10-05T23:34:43,2026-10-05T23:34:43,2026-10-05T23:34:43
5904,寶雅,2025-06-04,499.5,-17.5,-3.38%,,,,,,,,,ShowDailyK_ChartFlow,FinMind_API_TaiwanStockPrice_5904,True,2026-10-05T23:34:43,2026-10-05T23:34:43,2026-10-05T23:34:43
5904,寶雅,2025-06-05,492.5,-7.0,-1.40%,,,,,,,,,ShowDailyK_ChartFlow,FinMind_API_TaiwanStockPrice_5904,True,2026-10-05T23:34:43,2026-10-05T23:34:43,2026-10-05T23:34:43
5904,寶雅,2025-06-06,495.5,3.0,0.61%,,,,,,,,,ShowDailyK_ChartFlow,FinMind_API_TaiwanStockPrice_5904,True,2026-10-05T23:34:43,2026-10-05T23:34:43,2026-10-05T23:34:43
5904,寶雅,2025-06-09,500.0,4.5,0.91%,,,,,,,,,ShowDailyK_ChartFlow,FinMind_API_TaiwanStockPrice_5904,True,2026-10-05T23:34:43,2026-10-05T23:34:43,2026-10-05T23:34:43
5904,寶雅,2025-06-10,510.0,10.0,2.00%,,,,,,,,,ShowDailyK_ChartFlow,FinMind_API_TaiwanStockPrice_5904,True,2026-10-05T23:34:43,2026-10-05T23:34:43,2026-10-05T23:34:43
5904,寶雅,2025-06-11,523.0,13.0,2.55%,,,,,,,,,ShowDailyK_ChartFlow,FinMind_API_TaiwanStockPrice_5904,True,2026-10-05T23:34:43,2026-10-05T23:34:43,2026-10-05T23:34:43
5904,寶雅,2025-06-12,513.0,-10.0,-1.91%,,,,,,,,,ShowDailyK_ChartFlow,FinMind_API_TaiwanStockPrice_5904,True,2026-10-05T23:34:43,2026-10-05T23:34:43,2026-10-05T23:34:43
5904,寶雅,2025-06-13,509.0,-4.0,-0.78%,,,,,,,,,ShowDailyK_ChartFlow,FinMind_API_TaiwanStockPrice_5904,True,2026-10-05T23:34:43,2026-10-05T23:34:43,2026-10-05T23:34:43
5904,寶雅,2025-06-16,504.0,-5.0,-0.98%,,,,,,,,,ShowDailyK_ChartFlow,FinMind_API_TaiwanStockPrice_5904,True,2026-10-05T23:34:43,2026-10-05T23:34:43,2026-10-05T23:34:43
5904,寶雅,2025-06-17,502.0,-2.0,-0.40%,,,,,,,,,ShowDailyK_ChartFlow,FinMind_API_TaiwanStockPrice_5904,True,2026-10-05T23:34:43,2026-10-05T23:34:43,2026-10-05T23:34:43
5904,寶雅,2025-06-18,500.0,-2.0,-0.40%,,,,,,,,,ShowDailyK_ChartFlow,FinMind_API_TaiwanStockPrice_5904,True,2026-10-05T23:34:43,2026-10-05T23:34:43,2026-10-05T23:34:43
5904,寶雅,2025-06-19,499.0,-1.0,-0.20%,,,,,,,,,ShowDailyK_ChartFlow,FinMind_API_TaiwanStockPrice_5904,True,2026-10-05T23:34:43,2026-10-05T23:34:43,2026-10-05T23:34:43
5904,寶雅,2025-06-20,490.0,-9.0,-1.80%,,,,,,,,,ShowDailyK_ChartFlow,FinMind_API_TaiwanStockPrice_5904,True,2026-10-05T23:34:43,2026-10-05T23:34:43,2026-10-05T23:34:43
5904,寶雅,2025-06-23,492.0,2.0,0.41%,,,,,,,,,ShowDailyK_ChartFlow,FinMind_API_TaiwanStockPrice_5904,True,2026-10-05T23:34:43,2026-10-05T23:34:43,2026-10-05T23:34:43
5904,寶雅,2025-06-24,504.0,12.0,2.44%,,,,,,,,,ShowDailyK_ChartFlow,FinMind_API_TaiwanStockPrice_5904,True,2026-10-05T23:34:43,2026-10-05T23:34:43,2026-10-05T23:34:43
5904,寶雅,2025-06-25,498.0,-6.0,-1.19%,,,,,,,,,ShowDailyK_ChartFlow,FinMind_API_TaiwanStockPrice_5904,True,2026-10-05T23:34:43,2026-10-05T23:34:43,2026-10-05T23:34:43
5904,寶雅,2025-06-26,497.0,-1.0,-0.20%,,,,,,,,,ShowDailyK_ChartFlow,FinMind_API_TaiwanStockPrice_5904,True,2026-10-05T23:34:43,2026-10-05T23:34:43,2026-10-05T23:34:43
5904,寶雅,2025-06-27,501.0,4.0,0.80%,,,,,,,,,ShowDailyK_ChartFlow,FinMind_API_TaiwanStockPrice_5904,True,2026-10-05T23:34:43,2026-10-05T23:34:43,2026-10-05T23:34:43
5904,寶雅,2025-06-30,502.0,1.0,0.20%,,,,,,,,,ShowDailyK_ChartFlow,FinMind_API_TaiwanStockPrice_5904,True,2026-10-05T23:34:43,2026-10-05T23:34:43,2026-10-05T23:34:43
5904,寶雅,2025-07-01,501.0,-1.0,-0.20%,,,,,,,,,ShowDailyK_ChartFlow,FinMind_API_TaiwanStockPrice_5904,True,2026-10-05T23:34:43,2026-10-05T23:34:43,2026-10-05T23:34:43
5904,寶雅,2025-07-02,509.0,8.0,1.60%,,,,,,,,,ShowDailyK_ChartFlow,FinMind_API_TaiwanStockPrice_5904,True,2026-10-05T23:34:43,2026-10-05T23:34:43,2026-10-05T23:34:43
5904,寶雅,2025-07-03,507.0,-2.0,-0.39%,,,,,,,,,ShowDailyK_ChartFlow,FinMind_API_TaiwanStockPrice_5904,True,2026-10-05T23:34:43,2026-10-05T23:34:43,2026-10-05T23:34:43
5904,寶雅,2025-07-04,507.0,0.0,0.00%,,,,,,,,,ShowDailyK_ChartFlow,FinMind_API_TaiwanStockPrice_5904,True,2026-10-05T23:34:43,2026-10-05T23:34:43,2026-10-05T23:34:43
5904,寶雅,2025-07-07,505.0,-2.0,-0.39%,,,,,,,,,ShowDailyK_ChartFlow,FinMind_API_TaiwanStockPrice_5904,True,2026-10-05T23:34:43,2026-10-05T23:34:43,2026-10-05T23:34:43
5904,寶雅,2025-07-08,504.0,-1.0,-0.20%,,,,,,,,,ShowDailyK_ChartFlow,FinMind_API_TaiwanStockPrice_5904,True,2026-10-05T23:34:43,2026-10-05T23:34:43,2026-10-05T23:34:43
5904,寶雅,2025-07-09,502.0,-2.0,-0.40%,,,,,,,,,ShowDailyK_ChartFlow,FinMind_API_TaiwanStockPrice_5904,True,2026-10-05T23:34:43,2026-10-05T23:34:43,2026-10-05T23:34:43
5904,寶雅,2025-07-10,507.0,5.0,1.00%,,,,,,,,,ShowDailyK_ChartFlow,FinMind_API_TaiwanStockPrice_5904,True,2026-10-05T23:34:43,2026-10-05T23:34:43,2026-10-05T23:34:43
5904,寶雅,2025-07-11,510.0,3.0,0.59%,,,,,,,,,ShowDailyK_ChartFlow,FinMind_API_TaiwanStockPrice_5904,True,2026-10-05T23:34:43,2026-10-05T23:34:43,2026-10-05T23:34:43
5904,寶雅,2025-07-14,509.0,-1.0,-0.20%,,,,,,,,,ShowDailyK_ChartFlow,FinMind_API_TaiwanStockPrice_5904,True,2026-10-05T23:34:43,2026-10-05T23:34:43,2026-10-05T23:34:43
5904,寶雅,2025-07-15,489.0,-20.0,-3.93%,,,,,,,,,ShowDailyK_ChartFlow,FinMind_API_TaiwanStockPrice_5904,True,2026-10-05T23:34:43,2026-10-05T23:34:43,2026-10-05T23:34:43
5904,寶雅,2025-07-16,487.5,-1.5,-0.31%,,,,,,,,,ShowDailyK_ChartFlow,FinMind_API_TaiwanStockPrice_5904,True,2026-10-05T23:34:43,2026-10-05T23:34:43,2026-10-05T23:34:43
5904,寶雅,2025-07-17,491.5,4.0,0.82%,,,,,,,,,ShowDailyK_ChartFlow,FinMind_API_TaiwanStockPrice_5904,True,2026-10-05T23:34:43,2026-10-05T23:34:43,2026-10-05T23:34:43
5904,寶雅,2025-07-18,490.0,-1.5,-0.31%,,,,,,,,,ShowDailyK_ChartFlow,FinMind_API_TaiwanStockPrice_5904,True,2026-10-05T23:34:43,2026-10-05T23:34:43,2026-10-05T23:34:43
5904,寶雅,2025-07-21,486.5,-3.5,-0.71%,,,,,,,,,ShowDailyK_ChartFlow,FinMind_API_TaiwanStockPrice_5904,True,2026-10-05T23:34:43,2026-10-05T23:34:43,2026-10-05T23:34:43
5904,寶雅,2025-07-22,482.0,-4.5,-0.92%,,,,,,,,,ShowDailyK_ChartFlow,FinMind_API_TaiwanStockPrice_5904,True,2026-10-05T23:34:43,2026-10-05T23:34:43,2026-10-05T23:34:43
5904,寶雅,2025-07-23,490.0,8.0,1.66%,,,,,,,,,ShowDailyK_ChartFlow,FinMind_API_TaiwanStockPrice_5904,True,2026-10-05T23:34:43,2026-10-05T23:34:43,2026-10-05T23:34:43
5904,寶雅,2025-07-24,485.0,-5.0,-1.02%,,,,,,,,,ShowDailyK_ChartFlow,FinMind_API_TaiwanStockPrice_5904,True,2026-10-05T23:34:43,2026-10-05T23:34:43,2026-10-05T23:34:43
5904,寶雅,2025-07-25,488.5,3.5,0.72%,,,,,,,,,ShowDailyK_ChartFlow,FinMind_API_TaiwanStockPrice_5904,True,2026-10-05T23:34:43,2026-10-05T23:34:43,2026-10-05T23:34:43
5904,寶雅,2025-07-28,485.5,-3.0,-0.61%,,,,,,,,,ShowDailyK_ChartFlow,FinMind_API_TaiwanStockPrice_5904,True,2026-10-05T23:34:43,2026-10-05T23:34:43,2026-10-05T23:34:43
5904,寶雅,2025-07-29,469.0,-16.5,-3.40%,,,,,,,,,ShowDailyK_ChartFlow,FinMind_API_TaiwanStockPrice_5904,True,2026-10-05T23:34:43,2026-10-05T23:34:43,2026-10-05T23:34:43
5904,寶雅,2025-07-30,465.0,-4.0,-0.85%,,,,,,,,,ShowDailyK_ChartFlow,FinMind_API_TaiwanStockPrice_5904,True,2026-10-05T23:34:43,2026-10-05T23:34:43,2026-10-05T23:34:43
5904,寶雅,2025-07-31,463.0,-2.0,-0.43%,,,,,,,,,ShowDailyK_ChartFlow,FinMind_API_TaiwanStockPrice_5904,True,2026-10-05T23:34:43,2026-10-05T23:34:43,2026-10-05T23:34:43
5904,寶雅,2025-08-01,465.0,2.0,0.43%,,,,,,,,,ShowDailyK_ChartFlow,FinMind_API_TaiwanStockPrice_5904,True,2026-10-05T23:34:43,2026-10-05T23:34:43,2026-10-05T23:34:43
5904,寶雅,2025-08-04,466.0,1.0,0.22%,,,,,,,,,ShowDailyK_ChartFlow,FinMind_API_TaiwanStockPrice_5904,True,2026-10-05T23:34:43,2026-10-05T23:34:43,2026-10-05T23:34:43
5904,寶雅,2025-08-05,466.0,0.0,0.00%,,,,,,,,,ShowDailyK_ChartFlow,FinMind_API_TaiwanStockPrice_5904,True,2026-10-05T23:34:43,2026-10-05T23:34:43,2026-10-05T23:34:43
5904,寶雅,2025-08-06,466.0,0.0,0.00%,,,,,,,,,ShowDailyK_ChartFlow,FinMind_API_TaiwanStockPrice_5904,True,2026-10-05T23:34:43,2026-10-05T23:34:43,2026-10-05T23:34:43
5904,寶雅,2025-08-07,465.5,-0.5,-0.11%,,,,,,,,,ShowDailyK_ChartFlow,FinMind_API_TaiwanStockPrice_5904,True,2026-10-05T23:34:43,2026-10-05T23:34:43,2026-10-05T23:34:43
5904,寶雅,2025-08-08,467.0,1.5,0.32%,,,,,,,,,ShowDailyK_ChartFlow,FinMind_API_TaiwanStockPrice_5904,True,2026-10-05T23:34:43,2026-10-05T23:34:43,2026-10-05T23:34:43
5904,寶雅,2025-08-11,463.0,-4.0,-0.86%,,,,,,,,,ShowDailyK_ChartFlow,FinMind_API_TaiwanStockPrice_5904,True,2026-10-05T23:34:43,2026-10-05T23:34:43,2026-10-05T23:34:43
5904,寶雅,2025-08-12,468.0,5.0,1.08%,,,,,,,,,ShowDailyK_ChartFlow,FinMind_API_TaiwanStockPrice_5904,True,2026-10-05T23:34:43,2026-10-05T23:34:43,2026-10-05T23:34:43
5904,寶雅,2025-08-13,466.5,-1.5,-0.32%,,,,,,,,,ShowDailyK_ChartFlow,FinMind_API_TaiwanStockPrice_5904,True,2026-10-05T23:34:43,2026-10-05T23:34:43,2026-10-05T23:34:43
5904,寶雅,2025-08-14,472.0,5.5,1.18%,,,,,,,,,ShowDailyK_ChartFlow,FinMind_API_TaiwanStockPrice_5904,True,2026-10-05T23:34:43,2026-10-05T23:34:43,2026-10-05T23:34:43
5904,寶雅,2025-08-15,470.0,-2.0,-0.42%,,,,,,,,,ShowDailyK_ChartFlow,FinMind_API_TaiwanStockPrice_5904,True,2026-10-05T23:34:43,2026-10-05T23:34:43,2026-10-05T23:34:43
5904,寶雅,2025-08-18,466.5,-3.5,-0.74%,,,,,,,,,ShowDailyK_ChartFlow,FinMind_API_TaiwanStockPrice_5904,True,2026-10-05T23:34:43,2026-10-05T23:34:43,2026-10-05T23:34:43
5904,寶雅,2025-08-19,465.0,-1.5,-0.32%,,,,,,,,,ShowDailyK_ChartFlow,FinMind_API_TaiwanStockPrice_5904,True,2026-10-05T23:34:43,2026-10-05T23:34:43,2026-10-05T23:34:43
5904,寶雅,2025-08-20,460.0,-5.0,-1.08%,,,,,,,,,ShowDailyK_ChartFlow,FinMind_API_TaiwanStockPrice_5904,True,2026-10-05T23:34:43,2026-10-05T23:34:43,2026-10-05T23:34:43
5904,寶雅,2025-08-21,458.0,-2.0,-0.43%,,,,,,,,,ShowDailyK_ChartFlow,FinMind_API_TaiwanStockPrice_5904,True,2026-10-05T23:34:43,2026-10-05T23:34:43,2026-10-05T23:34:43
5904,寶雅,2025-08-22,456.0,-2.0,-0.44%,,,,,,,,,ShowDailyK_ChartFlow,FinMind_API_TaiwanStockPrice_5904,True,2026-10-05T23:34:43,2026-10-05T23:34:43,2026-10-05T23:34:43
5904,寶雅,2025-08-25,462.0,6.0,1.32%,,,,,,,,,ShowDailyK_ChartFlow,FinMind_API_TaiwanStockPrice_5904,True,2026-10-05T23:34:43,2026-10-05T23:34:43,2026-10-05T23:34:43
5904,寶雅,2025-08-26,461.0,-1.0,-0.22%,,,,,,,,,ShowDailyK_ChartFlow,FinMind_API_TaiwanStockPrice_5904,True,2026-10-05T23:34:43,2026-10-05T23:34:43,2026-10-05T23:34:43
5904,寶雅,2025-08-27,459.0,-2.0,-0.43%,,,,,,,,,ShowDailyK_ChartFlow,FinMind_API_TaiwanStockPrice_5904,True,2026-10-05T23:34:43,2026-10-05T23:34:43,2026-10-05T23:34:43
5904,寶雅,2025-08-28,469.0,10.0,2.18%,,,,,,,,,ShowDailyK_ChartFlow,FinMind_API_TaiwanStockPrice_5904,True,2026-10-05T23:34:43,2026-10-05T23:34:43,2026-10-05T23:34:43
5904,寶雅,2025-08-29,467.0,-2.0,-0.43%,,,,,,,,,ShowDailyK_ChartFlow,FinMind_API_TaiwanStockPrice_5904,True,2026-10-05T23:34:43,2026-10-05T23:34:43,2026-10-05T23:34:43
5904,寶雅,2025-09-01,463.0,-4.0,-0.86%,,,,,,,,,ShowDailyK_ChartFlow,FinMind_API_TaiwanStockPrice_5904,True,2026-10-05T23:34:43,2026-10-05T23:34:43,2026-10-05T23:34:43
5904,寶雅,2025-09-02,462.0,-1.0,-0.22%,,,,,,,,,ShowDailyK_ChartFlow,FinMind_API_TaiwanStockPrice_5904,True,2026-10-05T23:34:43,2026-10-05T23:34:43,2026-10-05T23:34:43
5904,寶雅,2025-09-03,463.5,1.5,0.32%,,,,,,,,,ShowDailyK_ChartFlow,FinMind_API_TaiwanStockPrice_5904,True,2026-10-05T23:34:43,2026-10-05T23:34:43,2026-10-05T23:34:43
5904,寶雅,2025-09-04,462.0,-1.5,-0.32%,,,,,,,,,ShowDailyK_ChartFlow,FinMind_API_TaiwanStockPrice_5904,True,2026-10-05T23:34:43,2026-10-05T23:34:43,2026-10-05T23:34:43
5904,寶雅,2025-09-05,460.0,-2.0,-0.43%,,,,,,,,,ShowDailyK_ChartFlow,FinMind_API_TaiwanStockPrice_5904,True,2026-10-05T23:34:43,2026-10-05T23:34:43,2026-10-05T23:34:43
5904,寶雅,2025-09-08,460.5,0.5,0.11%,,,,,,,,,ShowDailyK_ChartFlow,FinMind_API_TaiwanStockPrice_5904,True,2026-10-05T23:34:43,2026-10-05T23:34:43,2026-10-05T23:34:43
5904,寶雅,2025-09-09,457.5,-3.0,-0.65%,,,,,,,,,ShowDailyK_ChartFlow,FinMind_API_TaiwanStockPrice_5904,True,2026-10-05T23:34:43,2026-10-05T23:34:43,2026-10-05T23:34:43
5904,寶雅,2025-09-10,455.5,-2.0,-0.44%,,,,,,,,,ShowDailyK_ChartFlow,FinMind_API_TaiwanStockPrice_5904,True,2026-10-05T23:34:43,2026-10-05T23:34:43,2026-10-05T23:34:43
5904,寶雅,2025-09-11,450.5,-5.0,-1.10%,,,,,,,,,ShowDailyK_ChartFlow,FinMind_API_TaiwanStockPrice_5904,True,2026-10-05T23:34:43,2026-10-05T23:34:43,2026-10-05T23:34:43
5904,寶雅,2025-09-12,451.5,1.0,0.22%,,,,,,,,,ShowDailyK_ChartFlow,FinMind_API_TaiwanStockPrice_5904,True,2026-10-05T23:34:43,2026-10-05T23:34:43,2026-10-05T23:34:43
5904,寶雅,2025-09-15,450.0,-1.5,-0.33%,,,,,,,,,ShowDailyK_ChartFlow,FinMind_API_TaiwanStockPrice_5904,True,2026-10-05T23:34:43,2026-10-05T23:34:43,2026-10-05T23:34:43
5904,寶雅,2025-09-16,450.0,0.0,0.00%,,,,,,,,,ShowDailyK_ChartFlow,FinMind_API_TaiwanStockPrice_5904,True,2026-10-05T23:34:43,2026-10-05T23:34:43,2026-10-05T23:34:43
5904,寶雅,2025-09-17,449.0,-1.0,-0.22%,,,,,,,,,ShowDailyK_ChartFlow,FinMind_API_TaiwanStockPrice_5904,True,2026-10-05T23:34:43,2026-10-05T23:34:43,2026-10-05T23:34:43
5904,寶雅,2025-09-18,455.5,6.5,1.45%,,,,,,,,,ShowDailyK_ChartFlow,FinMind_API_TaiwanStockPrice_5904,True,2026-10-05T23:34:43,2026-10-05T23:34:43,2026-10-05T23:34:43
5904,寶雅,2025-09-19,460.0,4.5,0.99%,,,,,,,,,ShowDailyK_ChartFlow,FinMind_API_TaiwanStockPrice_5904,True,2026-10-05T23:34:43,2026-10-05T23:34:43,2026-10-05T23:34:43
5904,寶雅,2025-09-22,462.5,2.5,0.54%,,,,,,,,,ShowDailyK_ChartFlow,FinMind_API_TaiwanStockPrice_5904,True,2026-10-05T23:34:43,2026-10-05T23:34:43,2026-10-05T23:34:43
5904,寶雅,2025-09-23,463.5,1.0,0.22%,,,,,,,,,ShowDailyK_ChartFlow,FinMind_API_TaiwanStockPrice_5904,True,2026-10-05T23:34:43,2026-10-05T23:34:43,2026-10-05T23:34:43
5904,寶雅,2025-09-24,465.0,1.5,0.32%,,,,,,,,,ShowDailyK_ChartFlow,FinMind_API_TaiwanStockPrice_5904,True,2026-10-05T23:34:43,2026-10-05T23:34:43,2026-10-05T23:34:43
5904,寶雅,2025-09-25,463.5,-1.5,-0.32%,,,,,,,,,ShowDailyK_ChartFlow,FinMind_API_TaiwanStockPrice_5904,True,2026-10-05T23:34:43,2026-10-05T23:34:43,2026-10-05T23:34:43
5904,寶雅,2025-09-26,461.0,-2.5,-0.54%,,,,,,,,,ShowDailyK_ChartFlow,FinMind_API_TaiwanStockPrice_5904,True,2026-10-05T23:34:43,2026-10-05T23:34:43,2026-10-05T23:34:43
5904,寶雅,2025-09-30,469.0,8.0,1.74%,,,,,,,,,ShowDailyK_ChartFlow,FinMind_API_TaiwanStockPrice_5904,True,2026-10-05T23:34:43,2026-10-05T23:34:43,2026-10-05T23:34:43
5904,寶雅,2025-10-01,462.0,-7.0,-1.49%,,,,,,,,,ShowDailyK_ChartFlow,FinMind_API_TaiwanStockPrice_5904,True,2026-10-05T23:34:43,2026-10-05T23:34:43,2026-10-05T23:34:43
5904,寶雅,2025-10-02,460.5,-1.5,-0.32%,,,,,,,,,ShowDailyK_ChartFlow,FinMind_API_TaiwanStockPrice_5904,True,2026-10-05T23:34:43,2026-10-05T23:34:43,2026-10-05T23:34:43
5904,寶雅,2025-10-03,454.5,-6.0,-1.30%,,,,,,,,,ShowDailyK_ChartFlow,FinMind_API_TaiwanStockPrice_5904,True,2026-10-05T23:34:43,2026-10-05T23:34:43,2026-10-05T23:34:43
5904,寶雅,2025-10-07,454.5,0.0,0.00%,,,,,,,,,ShowDailyK_ChartFlow,FinMind_API_TaiwanStockPrice_5904,True,2026-10-05T23:34:43,2026-10-05T23:34:43,2026-10-05T23:34:43
5904,寶雅,2025-10-08,454.5,0.0,0.00%,,,,,,,,,ShowDailyK_ChartFlow,FinMind_API_TaiwanStockPrice_5904,True,2026-10-05T23:34:43,2026-10-05T23:34:43,2026-10-05T23:34:43
5904,寶雅,2025-10-09,452.5,-2.0,-0.44%,,,,,,,,,ShowDailyK_ChartFlow,FinMind_API_TaiwanStockPrice_5904,True,2026-10-05T23:34:43,2026-10-05T23:34:43,2026-10-05T23:34:43
5904,寶雅,2025-10-13,454.5,2.0,0.44%,,,,,,,,,ShowDailyK_ChartFlow,FinMind_API_TaiwanStockPrice_5904,True,2026-10-05T23:34:43,2026-10-05T23:34:43,2026-10-05T23:34:43
5904,寶雅,2025-10-14,447.0,-7.5,-1.65%,,,,,,,,,ShowDailyK_ChartFlow,FinMind_API_TaiwanStockPrice_5904,True,2026-10-05T23:34:43,2026-10-05T23:34:43,2026-10-05T23:34:43
5904,寶雅,2025-10-15,445.0,-2.0,-0.45%,,,,,,,,,ShowDailyK_ChartFlow,FinMind_API_TaiwanStockPrice_5904,True,2026-10-05T23:34:43,2026-10-05T23:34:43,2026-10-05T23:34:43
5904,寶雅,2025-10-16,439.0,-6.0,-1.35%,,,,,,,,,ShowDailyK_ChartFlow,FinMind_API_TaiwanStockPrice_5904,True,2026-10-05T23:34:43,2026-10-05T23:34:43,2026-10-05T23:34:43
5904,寶雅,2025-10-17,440.0,1.0,0.23%,,,,,,,,,ShowDailyK_ChartFlow,FinMind_API_TaiwanStockPrice_5904,True,2026-10-05T23:34:43,2026-10-05T23:34:43,2026-10-05T23:34:43
5904,寶雅,2025-10-20,441.5,1.5,0.34%,,,,,,,,,ShowDailyK_ChartFlow,FinMind_API_TaiwanStockPrice_5904,True,2026-10-05T23:34:43,2026-10-05T23:34:43,2026-10-05T23:34:43
5904,寶雅,2025-10-21,443.0,1.5,0.34%,,,,,,,,,ShowDailyK_ChartFlow,FinMind_API_TaiwanStockPrice_5904,True,2026-10-05T23:34:43,2026-10-05T23:34:43,2026-10-05T23:34:43
5904,寶雅,2025-10-22,441.0,-2.0,-0.45%,,,,,,,,,ShowDailyK_ChartFlow,FinMind_API_TaiwanStockPrice_5904,True,2026-10-05T23:34:43,2026-10-05T23:34:43,2026-10-05T23:34:43
5904,寶雅,2025-10-23,440.0,-1.0,-0.23%,,,,,,,,,ShowDailyK_ChartFlow,FinMind_API_TaiwanStockPrice_5904,True,2026-10-05T23:34:43,2026-10-05T23:34:43,2026-10-05T23:34:43
5904,寶雅,2025-10-27,440.0,0.0,0.00%,,,,,,,,,ShowDailyK_ChartFlow,FinMind_API_TaiwanStockPrice_5904,True,2026-10-05T23:34:43,2026-10-05T23:34:43,2026-10-05T23:34:43
5904,寶雅,2025-10-28,463.5,23.5,5.34%,,,,,,,,,ShowDailyK_ChartFlow,FinMind_API_TaiwanStockPrice_5904,True,2026-10-05T23:34:43,2026-10-05T23:34:43,2026-10-05T23:34:43
5904,寶雅,2025-10-29,465.0,1.5,0.32%,,,,,,,,,ShowDailyK_ChartFlow,FinMind_API_TaiwanStockPrice_5904,True,2026-10-05T23:34:43,2026-10-05T23:34:43,2026-10-05T23:34:43
5904,寶雅,2025-10-30,463.0,-2.0,-0.43%,,,,,,,,,ShowDailyK_ChartFlow,FinMind_API_TaiwanStockPrice_5904,True,2026-10-05T23:34:43,2026-10-05T23:34:43,2026-10-05T23:34:43
5904,寶雅,2025-10-31,454.5,-8.5,-1.84%,,,,,,,,,ShowDailyK_ChartFlow,FinMind_API_TaiwanStockPrice_5904,True,2026-10-05T23:34:43,2026-10-05T23:34:43,2026-10-05T23:34:43
5904,寶雅,2025-11-03,459.0,4.5,0.99%,,,,,,,,,ShowDailyK_ChartFlow,FinMind_API_TaiwanStockPrice_5904,True,2026-10-05T23:34:43,2026-10-05T23:34:43,2026-10-05T23:34:43
5904,寶雅,2025-11-04,455.0,-4.0,-0.87%,,,,,,,,,ShowDailyK_ChartFlow,FinMind_API_TaiwanStockPrice_5904,True,2026-10-05T23:34:43,2026-10-05T23:34:43,2026-10-05T23:34:43
5904,寶雅,2025-11-05,463.0,8.0,1.76%,,,,,,,,,ShowDailyK_ChartFlow,FinMind_API_TaiwanStockPrice_5904,True,2026-10-05T23:34:43,2026-10-05T23:34:43,2026-10-05T23:34:43
5904,寶雅,2025-11-06,457.0,-6.0,-1.30%,,,,,,,,,ShowDailyK_ChartFlow,FinMind_API_TaiwanStockPrice_5904,True,2026-10-05T23:34:43,2026-10-05T23:34:43,2026-10-05T23:34:43
5904,寶雅,2025-11-07,454.0,-3.0,-0.66%,,,,,,,,,ShowDailyK_ChartFlow,FinMind_API_TaiwanStockPrice_5904,True,2026-10-05T23:34:43,2026-10-05T23:34:43,2026-10-05T23:34:43
5904,寶雅,2025-11-10,451.5,-2.5,-0.55%,,,,,,,,,ShowDailyK_ChartFlow,FinMind_API_TaiwanStockPrice_5904,True,2026-10-05T23:34:43,2026-10-05T23:34:43,2026-10-05T23:34:43
5904,寶雅,2025-11-11,451.5,0.0,0.00%,,,,,,,,,ShowDailyK_ChartFlow,FinMind_API_TaiwanStockPrice_5904,True,2026-10-05T23:34:43,2026-10-05T23:34:43,2026-10-05T23:34:43
5904,寶雅,2025-11-12,448.5,-3.0,-0.66%,,,,,,,,,ShowDailyK_ChartFlow,FinMind_API_TaiwanStockPrice_5904,True,2026-10-05T23:34:43,2026-10-05T23:34:43,2026-10-05T23:34:43
5904,寶雅,2025-11-13,446.0,-2.5,-0.56%,,,,,,,,,ShowDailyK_ChartFlow,FinMind_API_TaiwanStockPrice_5904,True,2026-10-05T23:34:43,2026-10-05T23:34:43,2026-10-05T23:34:43
5904,寶雅,2025-11-14,445.5,-0.5,-0.11%,,,,,,,,,ShowDailyK_ChartFlow,FinMind_API_TaiwanStockPrice_5904,True,2026-10-05T23:34:43,2026-10-05T23:34:43,2026-10-05T23:34:43
5904,寶雅,2025-11-17,440.5,-5.0,-1.12%,,,,,,,,,ShowDailyK_ChartFlow,FinMind_API_TaiwanStockPrice_5904,True,2026-10-05T23:34:43,2026-10-05T23:34:43,2026-10-05T23:34:43
5904,寶雅,2025-11-18,436.0,-4.5,-1.02%,,,,,,,,,ShowDailyK_ChartFlow,FinMind_API_TaiwanStockPrice_5904,True,2026-10-05T23:34:43,2026-10-05T23:34:43,2026-10-05T23:34:43
5904,寶雅,2025-11-19,438.0,2.0,0.46%,,,,,,,,,ShowDailyK_ChartFlow,FinMind_API_TaiwanStockPrice_5904,True,2026-10-05T23:34:43,2026-10-05T23:34:43,2026-10-05T23:34:43
5904,寶雅,2025-11-20,435.5,-2.5,-0.57%,,,,,,,,,ShowDailyK_ChartFlow,FinMind_API_TaiwanStockPrice_5904,True,2026-10-05T23:34:43,2026-10-05T23:34:43,2026-10-05T23:34:43
5904,寶雅,2025-11-21,432.0,-3.5,-0.80%,,,,,,,,,ShowDailyK_ChartFlow,FinMind_API_TaiwanStockPrice_5904,True,2026-10-05T23:34:43,2026-10-05T23:34:43,2026-10-05T23:34:43
5904,寶雅,2025-11-24,440.0,8.0,1.85%,,,,,,,,,ShowDailyK_ChartFlow,FinMind_API_TaiwanStockPrice_5904,True,2026-10-05T23:34:43,2026-10-05T23:34:43,2026-10-05T23:34:43
5904,寶雅,2025-11-25,435.5,-4.5,-1.02%,,,,,,,,,ShowDailyK_ChartFlow,FinMind_API_TaiwanStockPrice_5904,True,2026-10-05T23:34:43,2026-10-05T23:34:43,2026-10-05T23:34:43
5904,寶雅,2025-11-26,437.5,2.0,0.46%,,,,,,,,,ShowDailyK_ChartFlow,FinMind_API_TaiwanStockPrice_5904,True,2026-10-05T23:34:43,2026-10-05T23:34:43,2026-10-05T23:34:43
5904,寶雅,2025-11-27,438.5,1.0,0.23%,,,,,,,,,ShowDailyK_ChartFlow,FinMind_API_TaiwanStockPrice_5904,True,2026-10-05T23:34:43,2026-10-05T23:34:43,2026-10-05T23:34:43
5904,寶雅,2025-11-28,439.0,0.5,0.11%,,,,,,,,,ShowDailyK_ChartFlow,FinMind_API_TaiwanStockPrice_5904,True,2026-10-05T23:34:43,2026-10-05T23:34:43,2026-10-05T23:34:43
5904,寶雅,2025-12-01,437.0,-2.0,-0.46%,,,,,,,,,ShowDailyK_ChartFlow,FinMind_API_TaiwanStockPrice_5904,True,2026-10-05T23:34:43,2026-10-05T23:34:43,2026-10-05T23:34:43
5904,寶雅,2025-12-02,437.0,0.0,0.00%,,,,,,,,,ShowDailyK_ChartFlow,FinMind_API_TaiwanStockPrice_5904,True,2026-10-05T23:34:43,2026-10-05T23:34:43,2026-10-05T23:34:43
5904,寶雅,2025-12-03,438.0,1.0,0.23%,,,,,,,,,ShowDailyK_ChartFlow,FinMind_API_TaiwanStockPrice_5904,True,2026-10-05T23:34:43,2026-10-05T23:34:43,2026-10-05T23:34:43
5904,寶雅,2025-12-04,433.0,-5.0,-1.14%,,,,,,,,,ShowDailyK_ChartFlow,FinMind_API_TaiwanStockPrice_5904,True,2026-10-05T23:34:43,2026-10-05T23:34:43,2026-10-05T23:34:43
5904,寶雅,2025-12-05,438.0,5.0,1.15%,,,,,,,,,ShowDailyK_ChartFlow,FinMind_API_TaiwanStockPrice_5904,True,2026-10-05T23:34:43,2026-10-05T23:34:43,2026-10-05T23:34:43
5904,寶雅,2025-12-08,440.5,2.5,0.57%,,,,,,,,,ShowDailyK_ChartFlow,FinMind_API_TaiwanStockPrice_5904,True,2026-10-05T23:34:43,2026-10-05T23:34:43,2026-10-05T23:34:43
5904,寶雅,2025-12-09,442.0,1.5,0.34%,,,,,,,,,ShowDailyK_ChartFlow,FinMind_API_TaiwanStockPrice_5904,True,2026-10-05T23:34:43,2026-10-05T23:34:43,2026-10-05T23:34:43
5904,寶雅,2025-12-10,445.5,3.5,0.79%,,,,,,,,,ShowDailyK_ChartFlow,FinMind_API_TaiwanStockPrice_5904,True,2026-10-05T23:34:43,2026-10-05T23:34:43,2026-10-05T23:34:43
5904,寶雅,2025-12-11,441.0,-4.5,-1.01%,,,,,,,,,ShowDailyK_ChartFlow,FinMind_API_TaiwanStockPrice_5904,True,2026-10-05T23:34:43,2026-10-05T23:34:43,2026-10-05T23:34:43
5904,寶雅,2025-12-12,436.0,-5.0,-1.13%,,,,,,,,,ShowDailyK_ChartFlow,FinMind_API_TaiwanStockPrice_5904,True,2026-10-05T23:34:43,2026-10-05T23:34:43,2026-10-05T23:34:43
5904,寶雅,2025-12-15,435.0,-1.0,-0.23%,,,,,,,,,ShowDailyK_ChartFlow,FinMind_API_TaiwanStockPrice_5904,True,2026-10-05T23:34:43,2026-10-05T23:34:43,2026-10-05T23:34:43
5904,寶雅,2025-12-16,436.0,1.0,0.23%,,,,,,,,,ShowDailyK_ChartFlow,FinMind_API_TaiwanStockPrice_5904,True,2026-10-05T23:34:43,2026-10-05T23:34:43,2026-10-05T23:34:43
5904,寶雅,2025-12-17,435.0,-1.0,-0.23%,,,,,,,,,ShowDailyK_ChartFlow,FinMind_API_TaiwanStockPrice_5904,True,2026-10-05T23:34:43,2026-10-05T23:34:43,2026-10-05T23:34:43
5904,寶雅,2025-12-18,435.0,0.0,0.00%,,,,,,,,,ShowDailyK_ChartFlow,FinMind_API_TaiwanStockPrice_5904,True,2026-10-05T23:34:43,2026-10-05T23:34:43,2026-10-05T23:34:43
5904,寶雅,2025-12-19,433.0,-2.0,-0.46%,,,,,,,,,ShowDailyK_ChartFlow,FinMind_API_TaiwanStockPrice_5904,True,2026-10-05T23:34:43,2026-10-05T23:34:43,2026-10-05T23:34:43
5904,寶雅,2025-12-22,437.5,4.5,1.04%,,,,,,,,,ShowDailyK_ChartFlow,FinMind_API_TaiwanStockPrice_5904,True,2026-10-05T23:34:43,2026-10-05T23:34:43,2026-10-05T23:34:43
5904,寶雅,2025-12-23,440.0,2.5,0.57%,,,,,,,,,ShowDailyK_ChartFlow,FinMind_API_TaiwanStockPrice_5904,True,2026-10-05T23:34:43,2026-10-05T23:34:43,2026-10-05T23:34:43
5904,寶雅,2025-12-24,437.5,-2.5,-0.57%,,,,,,,,,ShowDailyK_ChartFlow,FinMind_API_TaiwanStockPrice_5904,True,2026-10-05T23:34:43,2026-10-05T23:34:43,2026-10-05T23:34:43
5904,寶雅,2025-12-26,440.0,2.5,0.57%,,,,,,,,,ShowDailyK_ChartFlow,FinMind_API_TaiwanStockPrice_5904,True,2026-10-05T23:34:43,2026-10-05T23:34:43,2026-10-05T23:34:43
5904,寶雅,2025-12-29,439.5,-0.5,-0.11%,,,,,,,,,ShowDailyK_ChartFlow,FinMind_API_TaiwanStockPrice_5904,True,2026-10-05T23:34:43,2026-10-05T23:34:43,2026-10-05T23:34:43
5904,寶雅,2025-12-30,437.0,-2.5,-0.57%,,,,,,,,,ShowDailyK_ChartFlow,FinMind_API_TaiwanStockPrice_5904,True,2026-10-05T23:34:43,2026-10-05T23:34:43,2026-10-05T23:34:43
5904,寶雅,2025-12-31,439.5,2.5,0.57%,,,,,,,,,ShowDailyK_ChartFlow,FinMind_API_TaiwanStockPrice_5904,True,2026-10-05T23:34:43,2026-10-05T23:34:43,2026-10-05T23:34:43
5904,寶雅,2026-01-02,446.0,6.5,1.48%,,,,,,,,,ShowDailyK_ChartFlow,FinMind_API_TaiwanStockPrice_5904,True,2026-10-05T23:34:43,2026-10-05T23:34:43,2026-10-05T23:34:43
5904,寶雅,2026-01-05,443.0,-3.0,-0.67%,,,,,,,,,ShowDailyK_ChartFlow,FinMind_API_TaiwanStockPrice_5904,True,2026-10-05T23:34:43,2026-10-05T23:34:43,2026-10-05T23:34:43
5904,寶雅,2026-01-06,442.0,-1.0,-0.23%,,,,,,,,,ShowDailyK_ChartFlow,FinMind_API_TaiwanStockPrice_5904,True,2026-10-05T23:34:43,2026-10-05T23:34:43,2026-10-05T23:34:43
5904,寶雅,2026-01-07,449.0,7.0,1.58%,,,,,,,,,ShowDailyK_ChartFlow,FinMind_API_TaiwanStockPrice_5904,True,2026-10-05T23:34:43,2026-10-05T23:34:43,2026-10-05T23:34:43
5904,寶雅,2026-01-08,443.5,-5.5,-1.22%,,,,,,,,,ShowDailyK_ChartFlow,FinMind_API_TaiwanStockPrice_5904,True,2026-10-05T23:34:43,2026-10-05T23:34:43,2026-10-05T23:34:43
5904,寶雅,2026-01-09,438.0,-5.5,-1.24%,,,,,,,,,ShowDailyK_ChartFlow,FinMind_API_TaiwanStockPrice_5904,True,2026-10-05T23:34:43,2026-10-05T23:34:43,2026-10-05T23:34:43
5904,寶雅,2026-01-12,440.0,2.0,0.46%,,,,,,,,,ShowDailyK_ChartFlow,FinMind_API_TaiwanStockPrice_5904,True,2026-10-05T23:34:43,2026-10-05T23:34:43,2026-10-05T23:34:43
5904,寶雅,2026-01-13,437.0,-3.0,-0.68%,,,,,,,,,ShowDailyK_ChartFlow,FinMind_API_TaiwanStockPrice_5904,True,2026-10-05T23:34:43,2026-10-05T23:34:43,2026-10-05T23:34:43
5904,寶雅,2026-01-14,437.0,0.0,0.00%,,,,,,,,,ShowDailyK_ChartFlow,FinMind_API_TaiwanStockPrice_5904,True,2026-10-05T23:34:43,2026-10-05T23:34:43,2026-10-05T23:34:43
5904,寶雅,2026-01-15,435.5,-1.5,-0.34%,,,,,,,,,ShowDailyK_ChartFlow,FinMind_API_TaiwanStockPrice_5904,True,2026-10-05T23:34:43,2026-10-05T23:34:43,2026-10-05T23:34:43
5904,寶雅,2026-01-16,427.5,-8.0,-1.84%,,,,,,,,,ShowDailyK_ChartFlow,FinMind_API_TaiwanStockPrice_5904,True,2026-10-05T23:34:43,2026-10-05T23:34:43,2026-10-05T23:34:43
5904,寶雅,2026-01-19,420.0,-7.5,-1.75%,,,,,,,,,ShowDailyK_ChartFlow,FinMind_API_TaiwanStockPrice_5904,True,2026-10-05T23:34:43,2026-10-05T23:34:43,2026-10-05T23:34:43
5904,寶雅,2026-01-20,412.5,-7.5,-1.79%,,,,,,,,,ShowDailyK_ChartFlow,FinMind_API_TaiwanStockPrice_5904,True,2026-10-05T23:34:43,2026-10-05T23:34:43,2026-10-05T23:34:43
5904,寶雅,2026-01-21,405.5,-7.0,-1.70%,,,,,,,,,ShowDailyK_ChartFlow,FinMind_API_TaiwanStockPrice_5904,True,2026-10-05T23:34:43,2026-10-05T23:34:43,2026-10-05T23:34:43
5904,寶雅,2026-01-22,402.0,-3.5,-0.86%,,,,,,,,,ShowDailyK_ChartFlow,FinMind_API_TaiwanStockPrice_5904,True,2026-10-05T23:34:43,2026-10-05T23:34:43,2026-10-05T23:34:43
5904,寶雅,2026-01-23,400.5,-1.5,-0.37%,,,,,,,,,ShowDailyK_ChartFlow,FinMind_API_TaiwanStockPrice_5904,True,2026-10-05T23:34:43,2026-10-05T23:34:43,2026-10-05T23:34:43
5904,寶雅,2026-01-26,397.0,-3.5,-0.87%,,,,,,,,,ShowDailyK_ChartFlow,FinMind_API_TaiwanStockPrice_5904,True,2026-10-05T23:34:43,2026-10-05T23:34:43,2026-10-05T23:34:43
5904,寶雅,2026-01-27,394.0,-3.0,-0.76%,,,,,,,,,ShowDailyK_ChartFlow,FinMind_API_TaiwanStockPrice_5904,True,2026-10-05T23:34:43,2026-10-05T23:34:43,2026-10-05T23:34:43
5904,寶雅,2026-01-28,404.0,10.0,2.54%,,,,,,,,,ShowDailyK_ChartFlow,FinMind_API_TaiwanStockPrice_5904,True,2026-10-05T23:34:43,2026-10-05T23:34:43,2026-10-05T23:34:43
5904,寶雅,2026-01-29,402.5,-1.5,-0.37%,,,,,,,,,ShowDailyK_ChartFlow,FinMind_API_TaiwanStockPrice_5904,True,2026-10-05T23:34:43,2026-10-05T23:34:43,2026-10-05T23:34:43
5904,寶雅,2026-01-30,396.0,-6.5,-1.61%,,,,,,,,,ShowDailyK_ChartFlow,FinMind_API_TaiwanStockPrice_5904,True,2026-10-05T23:34:43,2026-10-05T23:34:43,2026-10-05T23:34:43
5904,寶雅,2026-02-02,399.5,3.5,0.88%,,,,,,,,,ShowDailyK_ChartFlow,FinMind_API_TaiwanStockPrice_5904,True,2026-10-05T23:34:43,2026-10-05T23:34:43,2026-10-05T23:34:43
5904,寶雅,2026-02-03,411.0,11.5,2.88%,,,,,,,,,ShowDailyK_ChartFlow,FinMind_API_TaiwanStockPrice_5904,True,2026-10-05T23:34:43,2026-10-05T23:34:43,2026-10-05T23:34:43
5904,寶雅,2026-02-04,425.0,14.0,3.41%,,,,,,,,,ShowDailyK_ChartFlow,FinMind_API_TaiwanStockPrice_5904,True,2026-10-05T23:34:43,2026-10-05T23:34:43,2026-10-05T23:34:43
5904,寶雅,2026-02-05,433.5,8.5,2.00%,,,,,,,,,ShowDailyK_ChartFlow,FinMind_API_TaiwanStockPrice_5904,True,2026-10-05T23:34:43,2026-10-05T23:34:43,2026-10-05T23:34:43
5904,寶雅,2026-02-06,426.5,-7.0,-1.61%,,,,,,,,,ShowDailyK_ChartFlow,FinMind_API_TaiwanStockPrice_5904,True,2026-10-05T23:34:43,2026-10-05T23:34:43,2026-10-05T23:34:43
5904,寶雅,2026-02-09,436.5,10.0,2.34%,,,,,,,,,ShowDailyK_ChartFlow,FinMind_API_TaiwanStockPrice_5904,True,2026-10-05T23:34:43,2026-10-05T23:34:43,2026-10-05T23:34:43
5904,寶雅,2026-02-10,439.5,3.0,0.69%,,,,,,,,,ShowDailyK_ChartFlow,FinMind_API_TaiwanStockPrice_5904,True,2026-10-05T23:34:43,2026-10-05T23:34:43,2026-10-05T23:34:43
5904,寶雅,2026-02-11,445.5,6.0,1.37%,,,,,,,,,ShowDailyK_ChartFlow,FinMind_API_TaiwanStockPrice_5904,True,2026-10-05T23:34:43,2026-10-05T23:34:43,2026-10-05T23:34:43
5904,寶雅,2026-02-23,458.0,12.5,2.81%,,,,,,,,,ShowDailyK_ChartFlow,FinMind_API_TaiwanStockPrice_5904,True,2026-10-05T23:34:43,2026-10-05T23:34:43,2026-10-05T23:34:43
5904,寶雅,2026-02-24,480.0,22.0,4.80%,,,,,,,,,ShowDailyK_ChartFlow,FinMind_API_TaiwanStockPrice_5904,True,2026-10-05T23:34:43,2026-10-05T23:34:43,2026-10-05T23:34:43
5904,寶雅,2026-02-25,504.0,24.0,5.00%,,,,,,,,,ShowDailyK_ChartFlow,FinMind_API_TaiwanStockPrice_5904,True,2026-10-05T23:34:43,2026-10-05T23:34:43,2026-10-05T23:34:43
5904,寶雅,2026-02-26,506.0,2.0,0.40%,,,,,,,,,ShowDailyK_ChartFlow,FinMind_API_TaiwanStockPrice_5904,True,2026-10-05T23:34:43,2026-10-05T23:34:43,2026-10-05T23:34:43
5904,寶雅,2026-03-02,501.0,-5.0,-0.99%,,,,,,,,,ShowDailyK_ChartFlow,FinMind_API_TaiwanStockPrice_5904,True,2026-10-05T23:34:43,2026-10-05T23:34:43,2026-10-05T23:34:43
5904,寶雅,2026-03-03,495.5,-5.5,-1.10%,,,,,,,,,ShowDailyK_ChartFlow,FinMind_API_TaiwanStockPrice_5904,True,2026-10-05T23:34:43,2026-10-05T23:34:43,2026-10-05T23:34:43
5904,寶雅,2026-03-04,490.0,-5.5,-1.11%,,,,,,,,,ShowDailyK_ChartFlow,FinMind_API_TaiwanStockPrice_5904,True,2026-10-05T23:34:43,2026-10-05T23:34:43,2026-10-05T23:34:43
5904,寶雅,2026-03-05,500.0,10.0,2.04%,,,,,,,,,ShowDailyK_ChartFlow,FinMind_API_TaiwanStockPrice_5904,True,2026-10-05T23:34:43,2026-10-05T23:34:43,2026-10-05T23:34:43
5904,寶雅,2026-03-06,502.0,2.0,0.40%,,,,,,,,,ShowDailyK_ChartFlow,FinMind_API_TaiwanStockPrice_5904,True,2026-10-05T23:34:43,2026-10-05T23:34:43,2026-10-05T23:34:43
5904,寶雅,2026-03-09,493.0,-9.0,-1.79%,,,,,,,,,ShowDailyK_ChartFlow,FinMind_API_TaiwanStockPrice_5904,True,2026-10-05T23:34:43,2026-10-05T23:34:43,2026-10-05T23:34:43
5904,寶雅,2026-03-10,497.0,4.0,0.81%,,,,,,,,,ShowDailyK_ChartFlow,FinMind_API_TaiwanStockPrice_5904,True,2026-10-05T23:34:43,2026-10-05T23:34:43,2026-10-05T23:34:43
5904,寶雅,2026-03-11,500.0,3.0,0.60%,,,,,,,,,ShowDailyK_ChartFlow,FinMind_API_TaiwanStockPrice_5904,True,2026-10-05T23:34:43,2026-10-05T23:34:43,2026-10-05T23:34:43
5904,寶雅,2026-03-12,499.5,-0.5,-0.10%,,,,,,,,,ShowDailyK_ChartFlow,FinMind_API_TaiwanStockPrice_5904,True,2026-10-05T23:34:43,2026-10-05T23:34:43,2026-10-05T23:34:43
5904,寶雅,2026-03-13,506.0,6.5,1.30%,,,,,,,,,ShowDailyK_ChartFlow,FinMind_API_TaiwanStockPrice_5904,True,2026-10-05T23:34:43,2026-10-05T23:34:43,2026-10-05T23:34:43
5904,寶雅,2026-03-16,509.0,3.0,0.59%,,,,,,,,,ShowDailyK_ChartFlow,FinMind_API_TaiwanStockPrice_5904,True,2026-10-05T23:34:43,2026-10-05T23:34:43,2026-10-05T23:34:43
5904,寶雅,2026-03-17,514.0,5.0,0.98%,,,,,,,,,ShowDailyK_ChartFlow,FinMind_API_TaiwanStockPrice_5904,True,2026-10-05T23:34:43,2026-10-05T23:34:43,2026-10-05T23:34:43
5904,寶雅,2026-03-18,510.0,-4.0,-0.78%,,,,,,,,,ShowDailyK_ChartFlow,FinMind_API_TaiwanStockPrice_5904,True,2026-10-05T23:34:43,2026-10-05T23:34:43,2026-10-05T23:34:43
5904,寶雅,2026-03-19,514.0,4.0,0.78%,,,,,,,,,ShowDailyK_ChartFlow,FinMind_API_TaiwanStockPrice_5904,True,2026-10-05T23:34:43,2026-10-05T23:34:43,2026-10-05T23:34:43
5904,寶雅,2026-03-20,511.0,-3.0,-0.58%,,,,,,,,,ShowDailyK_ChartFlow,FinMind_API_TaiwanStockPrice_5904,True,2026-10-05T23:34:43,2026-10-05T23:34:43,2026-10-05T23:34:43
5904,寶雅,2026-03-23,513.0,2.0,0.39%,,,,,,,,,ShowDailyK_ChartFlow,FinMind_API_TaiwanStockPrice_5904,True,2026-10-05T23:34:43,2026-10-05T23:34:43,2026-10-05T23:34:43
5904,寶雅,2026-03-24,514.0,1.0,0.19%,,,,,,,,,ShowDailyK_ChartFlow,FinMind_API_TaiwanStockPrice_5904,True,2026-10-05T23:34:43,2026-10-05T23:34:43,2026-10-05T23:34:43
5904,寶雅,2026-03-25,518.0,4.0,0.78%,,,,,,,,,ShowDailyK_ChartFlow,FinMind_API_TaiwanStockPrice_5904,True,2026-10-05T23:34:43,2026-10-05T23:34:43,2026-10-05T23:34:43
5904,寶雅,2026-03-26,512.0,-6.0,-1.16%,,,,,,,,,ShowDailyK_ChartFlow,FinMind_API_TaiwanStockPrice_5904,True,2026-10-05T23:34:43,2026-10-05T23:34:43,2026-10-05T23:34:43
5904,寶雅,2026-03-27,508.0,-4.0,-0.78%,,,,,,,,,ShowDailyK_ChartFlow,FinMind_API_TaiwanStockPrice_5904,True,2026-10-05T23:34:43,2026-10-05T23:34:43,2026-10-05T23:34:43
5904,寶雅,2026-03-30,499.0,-9.0,-1.77%,,,,,,,,,ShowDailyK_ChartFlow,FinMind_API_TaiwanStockPrice_5904,True,2026-10-05T23:34:43,2026-10-05T23:34:43,2026-10-05T23:34:43
5904,寶雅,2026-03-31,493.5,-5.5,-1.10%,,,,,,,,,ShowDailyK_ChartFlow,FinMind_API_TaiwanStockPrice_5904,True,2026-10-05T23:34:43,2026-10-05T23:34:43,2026-10-05T23:34:43
5904,寶雅,2026-04-01,505.0,11.5,2.33%,,,,,,,,,ShowDailyK_ChartFlow,FinMind_API_TaiwanStockPrice_5904,True,2026-10-05T23:34:43,2026-10-05T23:34:43,2026-10-05T23:34:43
5904,寶雅,2026-04-02,497.5,-7.5,-1.49%,,,,,,,,,ShowDailyK_ChartFlow,FinMind_API_TaiwanStockPrice_5904,True,2026-10-05T23:34:43,2026-10-05T23:34:43,2026-10-05T23:34:43
5904,寶雅,2026-04-07,505.0,7.5,1.51%,,,,,,,,,ShowDailyK_ChartFlow,FinMind_API_TaiwanStockPrice_5904,True,2026-10-05T23:34:43,2026-10-05T23:34:43,2026-10-05T23:34:43
5904,寶雅,2026-04-08,506.0,1.0,0.20%,,,,,,,,,ShowDailyK_ChartFlow,FinMind_API_TaiwanStockPrice_5904,True,2026-10-05T23:34:43,2026-10-05T23:34:43,2026-10-05T23:34:43
5904,寶雅,2026-04-09,509.0,3.0,0.59%,,,,,,,,,ShowDailyK_ChartFlow,FinMind_API_TaiwanStockPrice_5904,True,2026-10-05T23:34:43,2026-10-05T23:34:43,2026-10-05T23:34:43
5904,寶雅,2026-04-10,503.0,-6.0,-1.18%,,,,,,,,,ShowDailyK_ChartFlow,FinMind_API_TaiwanStockPrice_5904,True,2026-10-05T23:34:43,2026-10-05T23:34:43,2026-10-05T23:34:43
5904,寶雅,2026-04-13,505.0,2.0,0.40%,,,,,,,,,ShowDailyK_ChartFlow,FinMind_API_TaiwanStockPrice_5904,True,2026-10-05T23:34:43,2026-10-05T23:34:43,2026-10-05T23:34:43
5904,寶雅,2026-04-14,503.0,-2.0,-0.40%,,,,,,,,,ShowDailyK_ChartFlow,FinMind_API_TaiwanStockPrice_5904,True,2026-10-05T23:34:43,2026-10-05T23:34:43,2026-10-05T23:34:43
5904,寶雅,2026-04-15,502.0,-1.0,-0.20%,,,,,,,,,ShowDailyK_ChartFlow,FinMind_API_TaiwanStockPrice_5904,True,2026-10-05T23:34:43,2026-10-05T23:34:43,2026-10-05T23:34:43
5904,寶雅,2026-04-16,501.0,-1.0,-0.20%,,,,,,,,,ShowDailyK_ChartFlow,FinMind_API_TaiwanStockPrice_5904,True,2026-10-05T23:34:43,2026-10-05T23:34:43,2026-10-05T23:34:43
5904,寶雅,2026-04-17,510.0,9.0,1.80%,,,,,,,,,ShowDailyK_ChartFlow,FinMind_API_TaiwanStockPrice_5904,True,2026-10-05T23:34:43,2026-10-05T23:34:43,2026-10-05T23:34:43
5904,寶雅,2026-04-20,519.0,9.0,1.76%,,,,,,,,,ShowDailyK_ChartFlow,FinMind_API_TaiwanStockPrice_5904,True,2026-10-05T23:34:43,2026-10-05T23:34:43,2026-10-05T23:34:43
5904,寶雅,2026-04-21,543.0,24.0,4.62%,,,,,,,,,ShowDailyK_ChartFlow,FinMind_API_TaiwanStockPrice_5904,True,2026-10-05T23:34:43,2026-10-05T23:34:43,2026-10-05T23:34:43
5904,寶雅,2026-04-22,549.0,6.0,1.10%,,,,,,,,,ShowDailyK_ChartFlow,FinMind_API_TaiwanStockPrice_5904,True,2026-10-05T23:34:43,2026-10-05T23:34:43,2026-10-05T23:34:43
5904,寶雅,2026-04-23,530.0,-19.0,-3.46%,,,,,,,,,ShowDailyK_ChartFlow,FinMind_API_TaiwanStockPrice_5904,True,2026-10-05T23:34:43,2026-10-05T23:34:43,2026-10-05T23:34:43
5904,寶雅,2026-04-24,540.0,10.0,1.89%,,,,,,,,,ShowDailyK_ChartFlow,FinMind_API_TaiwanStockPrice_5904,True,2026-10-05T23:34:43,2026-10-05T23:34:43,2026-10-05T23:34:43
5904,寶雅,2026-04-27,522.0,-18.0,-3.33%,,,,,,,,,ShowDailyK_ChartFlow,FinMind_API_TaiwanStockPrice_5904,True,2026-10-05T23:34:43,2026-10-05T23:34:43,2026-10-05T23:34:43
5904,寶雅,2026-04-28,544.0,22.0,4.21%,,,,,,,,,ShowDailyK_ChartFlow,FinMind_API_TaiwanStockPrice_5904,True,2026-10-05T23:34:43,2026-10-05T23:34:43,2026-10-05T23:34:43
5904,寶雅,2026-04-29,557.0,13.0,2.39%,,,,,,,,,ShowDailyK_ChartFlow,FinMind_API_TaiwanStockPrice_5904,True,2026-10-05T23:34:43,2026-10-05T23:34:43,2026-10-05T23:34:43
5904,寶雅,2026-04-30,575.0,18.0,3.23%,,,,,,,,,ShowDailyK_ChartFlow,FinMind_API_TaiwanStockPrice_5904,True,2026-10-05T23:34:43,2026-10-05T23:34:43,2026-10-05T23:34:43
5904,寶雅,2026-05-04,574.0,-1.0,-0.17%,,,,,,,,,ShowDailyK_ChartFlow,FinMind_API_TaiwanStockPrice_5904,True,2026-10-05T23:34:43,2026-10-05T23:34:43,2026-10-05T23:34:43
5904,寶雅,2026-05-05,570.0,-4.0,-0.70%,,,,,,,,,ShowDailyK_ChartFlow,FinMind_API_TaiwanStockPrice_5904,True,2026-10-05T23:34:43,2026-10-05T23:34:43,2026-10-05T23:34:43
5904,寶雅,2026-05-06,598.0,28.0,4.91%,,,,,,,,,ShowDailyK_ChartFlow,FinMind_API_TaiwanStockPrice_5904,True,2026-10-05T23:34:43,2026-10-05T23:34:43,2026-10-05T23:34:43
5904,寶雅,2026-05-07,587.0,-11.0,-1.84%,,,,,,,,,ShowDailyK_ChartFlow,FinMind_API_TaiwanStockPrice_5904,True,2026-10-05T23:34:43,2026-10-05T23:34:43,2026-10-05T23:34:43
5904,寶雅,2026-05-08,589.0,2.0,0.34%,,,,,,,,,ShowDailyK_ChartFlow,FinMind_API_TaiwanStockPrice_5904,True,2026-10-05T23:34:43,2026-10-05T23:34:43,2026-10-05T23:34:43
5904,寶雅,2026-05-11,577.0,-12.0,-2.04%,,,,,,,,,ShowDailyK_ChartFlow,FinMind_API_TaiwanStockPrice_5904,True,2026-10-05T23:34:43,2026-10-05T23:34:43,2026-10-05T23:34:43
5904,寶雅,2026-05-12,561.0,-16.0,-2.77%,,,,,,,,,ShowDailyK_ChartFlow,FinMind_API_TaiwanStockPrice_5904,True,2026-10-05T23:34:43,2026-10-05T23:34:43,2026-10-05T23:34:43
5904,寶雅,2026-05-13,562.0,1.0,0.18%,,,,,,,,,ShowDailyK_ChartFlow,FinMind_API_TaiwanStockPrice_5904,True,2026-10-05T23:34:43,2026-10-05T23:34:43,2026-10-05T23:34:43
5904,寶雅,2026-05-14,553.0,-9.0,-1.60%,,,,,,,,,ShowDailyK_ChartFlow,FinMind_API_TaiwanStockPrice_5904,True,2026-10-05T23:34:43,2026-10-05T23:34:43,2026-10-05T23:34:43
5904,寶雅,2026-05-15,546.0,-7.0,-1.27%,,,,,,,,,ShowDailyK_ChartFlow,FinMind_API_TaiwanStockPrice_5904,True,2026-10-05T23:34:43,2026-10-05T23:34:43,2026-10-05T23:34:43
5904,寶雅,2026-05-18,536.0,-10.0,-1.83%,,,,,,,,,ShowDailyK_ChartFlow,FinMind_API_TaiwanStockPrice_5904,True,2026-10-05T23:34:43,2026-10-05T23:34:43,2026-10-05T23:34:43
5904,寶雅,2026-05-19,553.0,17.0,3.17%,,,,,,,,,ShowDailyK_ChartFlow,FinMind_API_TaiwanStockPrice_5904,True,2026-10-05T23:34:43,2026-10-05T23:34:43,2026-10-05T23:34:43
5904,寶雅,2026-05-20,557.0,4.0,0.72%,,,,,,,,,ShowDailyK_ChartFlow,FinMind_API_TaiwanStockPrice_5904,True,2026-10-05T23:34:43,2026-10-05T23:34:43,2026-10-05T23:34:43
5904,寶雅,2026-05-21,560.0,3.0,0.54%,,,,,,,,,ShowDailyK_ChartFlow,FinMind_API_TaiwanStockPrice_5904,True,2026-10-05T23:34:43,2026-10-05T23:34:43,2026-10-05T23:34:43
5904,寶雅,2026-05-22,568.0,8.0,1.43%,,,,,,,,,ShowDailyK_ChartFlow,FinMind_API_TaiwanStockPrice_5904,True,2026-10-05T23:34:43,2026-10-05T23:34:43,2026-10-05T23:34:43
5904,寶雅,2026-05-25,559.0,-9.0,-1.58%,,,,,,,,,ShowDailyK_ChartFlow,FinMind_API_TaiwanStockPrice_5904,True,2026-10-05T23:34:43,2026-10-05T23:34:43,2026-10-05T23:34:43
5904,寶雅,2026-05-26,552.0,-7.0,-1.25%,,,,,,,,,ShowDailyK_ChartFlow,FinMind_API_TaiwanStockPrice_5904,True,2026-10-05T23:34:43,2026-10-05T23:34:43,2026-10-05T23:34:43
5904,寶雅,2026-05-27,557.0,5.0,0.91%,,,,,,,,,ShowDailyK_ChartFlow,FinMind_API_TaiwanStockPrice_5904,True,2026-10-05T23:34:43,2026-10-05T23:34:43,2026-10-05T23:34:43
5904,寶雅,2026-05-28,557.0,0.0,0.00%,,,,,,,,,ShowDailyK_ChartFlow,FinMind_API_TaiwanStockPrice_5904,True,2026-10-05T23:34:43,2026-10-05T23:34:43,2026-10-05T23:34:43
5904,寶雅,2026-05-29,575.0,18.0,3.23%,,,,,,,,,ShowDailyK_ChartFlow,FinMind_API_TaiwanStockPrice_5904,True,2026-10-05T23:34:43,2026-10-05T23:34:43,2026-10-05T23:34:43
5904,寶雅,2026-06-01,569.0,-6.0,-1.04%,,,,,,,,,ShowDailyK_ChartFlow,FinMind_API_TaiwanStockPrice_5904,True,2026-10-05T23:34:43,2026-10-05T23:34:43,2026-10-05T23:34:43
5904,寶雅,2026-06-02,568.0,-1.0,-0.18%,,,,,,,,,ShowDailyK_ChartFlow,FinMind_API_TaiwanStockPrice_5904,True,2026-10-05T23:34:43,2026-10-05T23:34:43,2026-10-05T23:34:43
5904,寶雅,2026-06-03,571.0,3.0,0.53%,,,,,,,,,ShowDailyK_ChartFlow,FinMind_API_TaiwanStockPrice_5904,True,2026-10-05T23:34:43,2026-10-05T23:34:43,2026-10-05T23:34:43
5904,寶雅,2026-06-04,582.0,11.0,1.93%,,,,,,,,,ShowDailyK_ChartFlow,FinMind_API_TaiwanStockPrice_5904,True,2026-10-05T23:34:43,2026-10-05T23:34:43,2026-10-05T23:34:43
5904,寶雅,2026-06-05,577.0,-5.0,-0.86%,,,,,,,,,ShowDailyK_ChartFlow,FinMind_API_TaiwanStockPrice_5904,True,2026-10-05T23:34:43,2026-10-05T23:34:43,2026-10-05T23:34:43
5904,寶雅,2026-06-08,582.0,5.0,0.87%,,,,,,,,,ShowDailyK_ChartFlow,FinMind_API_TaiwanStockPrice_5904,True,2026-10-05T23:34:43,2026-10-05T23:34:43,2026-10-05T23:34:43
5904,寶雅,2026-06-09,622.0,40.0,6.87%,,,,,,,,,ShowDailyK_ChartFlow,FinMind_API_TaiwanStockPrice_5904,True,2026-10-05T23:34:43,2026-10-05T23:34:43,2026-10-05T23:34:43
5904,寶雅,2026-06-10,602.0,-20.0,-3.22%,,,,,,,,,ShowDailyK_ChartFlow,FinMind_API_TaiwanStockPrice_5904,True,2026-10-05T23:34:43,2026-10-05T23:34:43,2026-10-05T23:34:43
5904,寶雅,2026-06-11,625.0,23.0,3.82%,,,,,,,,,ShowDailyK_ChartFlow,FinMind_API_TaiwanStockPrice_5904,True,2026-10-05T23:34:43,2026-10-05T23:34:43,2026-10-05T23:34:43
5904,寶雅,2026-06-12,647.0,22.0,3.52%,,,,,,,,,ShowDailyK_ChartFlow,FinMind_API_TaiwanStockPrice_5904,True,2026-10-05T23:34:43,2026-10-05T23:34:43,2026-10-05T23:34:43
5904,寶雅,2026-06-15,635.0,-12.0,-1.85%,,,,,,,,,ShowDailyK_ChartFlow,FinMind_API_TaiwanStockPrice_5904,True,2026-10-05T23:34:43,2026-10-05T23:34:43,2026-10-05T23:34:43
5904,寶雅,2026-06-16,625.0,-10.0,-1.57%,,,,,,,,,ShowDailyK_ChartFlow,FinMind_API_TaiwanStockPrice_5904,True,2026-10-05T23:34:43,2026-10-05T23:34:43,2026-10-05T23:34:43
5904,寶雅,2026-06-17,618.0,-7.0,-1.12%,,,,,,,,,ShowDailyK_ChartFlow,FinMind_API_TaiwanStockPrice_5904,True,2026-10-05T23:34:43,2026-10-05T23:34:43,2026-10-05T23:34:43
5904,寶雅,2026-06-18,625.0,7.0,1.13%,,,,,,,,,ShowDailyK_ChartFlow,FinMind_API_TaiwanStockPrice_5904,True,2026-10-05T23:34:43,2026-10-05T23:34:43,2026-10-05T23:34:43
5904,寶雅,2026-06-22,636.0,11.0,1.76%,,,,,,,,,ShowDailyK_ChartFlow,FinMind_API_TaiwanStockPrice_5904,True,2026-10-05T23:34:43,2026-10-05T23:34:43,2026-10-05T23:34:43
5904,寶雅,2026-06-23,666.0,30.0,4.72%,,,,,,,,,ShowDailyK_ChartFlow,FinMind_API_TaiwanStockPrice_5904,True,2026-10-05T23:34:43,2026-10-05T23:34:43,2026-10-05T23:34:43
5904,寶雅,2026-06-24,658.0,-8.0,-1.20%,,,,,,,,,ShowDailyK_ChartFlow,FinMind_API_TaiwanStockPrice_5904,True,2026-10-05T23:34:43,2026-10-05T23:34:43,2026-10-05T23:34:43
5904,寶雅,2026-06-25,660.0,2.0,0.30%,,,,,,,,,ShowDailyK_ChartFlow,FinMind_API_TaiwanStockPrice_5904,True,2026-10-05T23:34:43,2026-10-05T23:34:43,2026-10-05T23:34:43
5904,寶雅,2026-06-26,636.0,-24.0,-3.64%,,,,,,,,,ShowDailyK_ChartFlow,FinMind_API_TaiwanStockPrice_5904,True,2026-10-05T23:34:43,2026-10-05T23:34:43,2026-10-05T23:34:43
5904,寶雅,2026-06-29,638.0,2.0,0.31%,,,,,,,,,ShowDailyK_ChartFlow,FinMind_API_TaiwanStockPrice_5904,True,2026-10-05T23:34:43,2026-10-05T23:34:43,2026-10-05T23:34:43
5904,寶雅,2026-06-30,667.0,29.0,4.55%,,,,,,,,,ShowDailyK_ChartFlow,FinMind_API_TaiwanStockPrice_5904,True,2026-10-05T23:34:43,2026-10-05T23:34:43,2026-10-05T23:34:43
5904,寶雅,2026-07-01,682.0,15.0,2.25%,,,,,,,,,ShowDailyK_ChartFlow,FinMind_API_TaiwanStockPrice_5904,True,2026-10-05T23:34:43,2026-10-05T23:34:43,2026-10-05T23:34:43
5904,寶雅,2026-07-02,699.0,17.0,2.49%,,,,,,,,,ShowDailyK_ChartFlow,FinMind_API_TaiwanStockPrice_5904,True,2026-10-05T23:34:43,2026-10-05T23:34:43,2026-10-05T23:34:43
5904,寶雅,2026-07-03,721.0,22.0,3.15%,,,,,,,,,ShowDailyK_ChartFlow,FinMind_API_TaiwanStockPrice_5904,True,2026-10-05T23:34:43,2026-10-05T23:34:43,2026-10-05T23:34:43
5904,寶雅,2026-07-06,737.0,16.0,2.22%,,,,,,,,,ShowDailyK_ChartFlow,FinMind_API_TaiwanStockPrice_5904,True,2026-10-05T23:34:43,2026-10-05T23:34:43,2026-10-05T23:34:43
5904,寶雅,2026-07-07,725.0,-12.0,-1.63%,,,,,,,,,ShowDailyK_ChartFlow,FinMind_API_TaiwanStockPrice_5904,True,2026-10-05T23:34:43,2026-10-05T23:34:43,2026-10-05T23:34:43
5904,寶雅,2026-07-08,717.0,-8.0,-1.10%,,,,,,,,,ShowDailyK_ChartFlow,FinMind_API_TaiwanStockPrice_5904,True,2026-10-05T23:34:43,2026-10-05T23:34:43,2026-10-05T23:34:43
5904,寶雅,2026-07-09,720.0,3.0,0.42%,,,,,,,,,ShowDailyK_ChartFlow,FinMind_API_TaiwanStockPrice_5904,True,2026-10-05T23:34:43,2026-10-05T23:34:43,2026-10-05T23:34:43
5904,寶雅,2026-07-13,669.0,-51.0,-7.08%,,,,,,,,,ShowDailyK_ChartFlow,FinMind_API_TaiwanStockPrice_5904,True,2026-10-05T23:34:43,2026-10-05T23:34:43,2026-10-05T23:34:43
5904,寶雅,2026-07-14,656.0,-13.0,-1.94%,,,,,,,,,ShowDailyK_ChartFlow,FinMind_API_TaiwanStockPrice_5904,True,2026-10-05T23:34:43,2026-10-05T23:34:43,2026-10-05T23:34:43
5904,寶雅,2026-07-15,677.0,21.0,3.20%,,,,,,,,,ShowDailyK_ChartFlow,FinMind_API_TaiwanStockPrice_5904,True,2026-10-05T23:34:43,2026-10-05T23:34:43,2026-10-05T23:34:43
5904,寶雅,2026-07-16,623.0,-54.0,-7.98%,,,,,,,,,ShowDailyK_ChartFlow,FinMind_API_TaiwanStockPrice_5904,True,2026-10-05T23:34:43,2026-10-05T23:34:43,2026-10-05T23:34:43
5904,寶雅,2026-07-17,615.0,-8.0,-1.28%,,,,,,,,,ShowDailyK_ChartFlow,FinMind_API_TaiwanStockPrice_5904,True,2026-10-05T23:34:43,2026-10-05T23:34:43,2026-10-05T23:34:43
5904,寶雅,2026-07-20,611.0,-4.0,-0.65%,,,,,,,,,ShowDailyK_ChartFlow,FinMind_API_TaiwanStockPrice_5904,True,2026-10-05T23:34:43,2026-10-05T23:34:43,2026-10-05T23:34:43
5904,寶雅,2026-07-21,633.0,22.0,3.60%,,,,,,,,,ShowDailyK_ChartFlow,FinMind_API_TaiwanStockPrice_5904,True,2026-10-05T23:34:43,2026-10-05T23:34:43,2026-10-05T23:34:43
5904,寶雅,2026-07-22,631.0,-2.0,-0.32%,,,,,,,,,ShowDailyK_ChartFlow,FinMind_API_TaiwanStockPrice_5904,True,2026-10-05T23:34:43,2026-10-05T23:34:43,2026-10-05T23:34:43
5904,寶雅,2026-07-23,635.0,4.0,0.63%,,,,,,,,,ShowDailyK_ChartFlow,FinMind_API_TaiwanStockPrice_5904,True,2026-10-05T23:34:43,2026-10-05T23:34:43,2026-10-05T23:34:43
5904,寶雅,2026-07-24,651.0,16.0,2.52%,,,,,,,,,ShowDailyK_ChartFlow,FinMind_API_TaiwanStockPrice_5904,True,2026-10-05T23:34:43,2026-10-05T23:34:43,2026-10-05T23:34:43
5904,寶雅,2026-07-27,668.0,17.0,2.61%,,,,,,,,,ShowDailyK_ChartFlow,FinMind_API_TaiwanStockPrice_5904,True,2026-10-05T23:34:43,2026-10-05T23:34:43,2026-10-05T23:34:43
5904,寶雅,2026-07-28,679.0,11.0,1.65%,,,,,,,,,ShowDailyK_ChartFlow,FinMind_API_TaiwanStockPrice_5904,True,2026-10-05T23:34:43,2026-10-05T23:34:43,2026-10-05T23:34:43
5904,寶雅,2026-07-29,720.0,41.0,6.04%,,,,,,,,,ShowDailyK_ChartFlow,FinMind_API_TaiwanStockPrice_5904,True,2026-10-05T23:34:43,2026-10-05T23:34:43,2026-10-05T23:34:43
5904,寶雅,2026-08-10,79.2,-640.8,-89.00%,,,,,,,,,ShowDailyK_ChartFlow,FinMind_API_TaiwanStockPrice_5904,True,2026-10-05T23:34:43,2026-10-05T23:34:43,2026-10-05T23:34:43
5904,寶雅,2026-08-11,87.1,7.8999999999999915,9.97%,,,,,,,,,ShowDailyK_ChartFlow,FinMind_API_TaiwanStockPrice_5904,True,2026-10-05T23:34:43,2026-10-05T23:34:43,2026-10-05T23:34:43
5904,寶雅,2026-08-12,82.5,-4.599999999999994,-5.28%,,,,,,,,,ShowDailyK_ChartFlow,FinMind_API_TaiwanStockPrice_5904,True,2026-10-05T23:34:43,2026-10-05T23:34:43,2026-10-05T23:34:43
5904,寶雅,2026-08-13,81.8,-0.7000000000000028,-0.85%,,,,,,,,,ShowDailyK_ChartFlow,FinMind_API_TaiwanStockPrice_5904,True,2026-10-05T23:34:43,2026-10-05T23:34:43,2026-10-05T23:34:43
5904,寶雅,2026-08-14,79.0,-2.799999999999997,-3.42%,,,,,,,,,ShowDailyK_ChartFlow,FinMind_API_TaiwanStockPrice_5904,True,2026-10-05T23:34:43,2026-10-05T23:34:43,2026-10-05T23:34:43
5904,寶雅,2026-08-17,76.5,-2.5,-3.16%,,,,,,,,,ShowDailyK_ChartFlow,FinMind_API_TaiwanStockPrice_5904,True,2026-10-05T23:34:43,2026-10-05T23:34:43,2026-10-05T23:34:43
5904,寶雅,2026-08-18,78.7,2.200000000000003,2.88%,,,,,,,,,ShowDailyK_ChartFlow,FinMind_API_TaiwanStockPrice_5904,True,2026-10-05T23:34:43,2026-10-05T23:34:43,2026-10-05T23:34:43
5904,寶雅,2026-08-19,78.0,-0.7000000000000028,-0.89%,,,,,,,,,ShowDailyK_ChartFlow,FinMind_API_TaiwanStockPrice_5904,True,2026-10-05T23:34:43,2026-10-05T23:34:43,2026-10-05T23:34:43
5904,寶雅,2026-08-20,75.9,-2.0999999999999943,-2.69%,,,,,,,,,ShowDailyK_ChartFlow,FinMind_API_TaiwanStockPrice_5904,True,2026-10-05T23:34:43,2026-10-05T23:34:43,2026-10-05T23:34:43
5904,寶雅,2026-08-21,74.5,-1.4000000000000057,-1.84%,,,,,,,,,ShowDailyK_ChartFlow,FinMind_API_TaiwanStockPrice_5904,True,2026-10-05T23:34:43,2026-10-05T23:34:43,2026-10-05T23:34:43
5904,寶雅,2026-08-24,75.9,1.4000000000000057,1.88%,,,,,,,,,ShowDailyK_ChartFlow,FinMind_API_TaiwanStockPrice_5904,True,2026-10-05T23:34:43,2026-10-05T23:34:43,2026-10-05T23:34:43
5904,寶雅,2026-08-25,74.9,-1.0,-1.32%,,,,,,,,,ShowDailyK_ChartFlow,FinMind_API_TaiwanStockPrice_5904,True,2026-10-05T23:34:43,2026-10-05T23:34:43,2026-10-05T23:34:43
5904,寶雅,2026-08-26,74.8,-0.10000000000000853,-0.13%,,,,,,,,,ShowDailyK_ChartFlow,FinMind_API_TaiwanStockPrice_5904,True,2026-10-05T23:34:43,2026-10-05T23:34:43,2026-10-05T23:34:43
5904,寶雅,2026-08-27,74.1,-0.7000000000000028,-0.94%,,,,,,,,,ShowDailyK_ChartFlow,FinMind_API_TaiwanStockPrice_5904,True,2026-10-05T23:34:43,2026-10-05T23:34:43,2026-10-05T23:34:43
5904,寶雅,2026-08-28,74.2,0.10000000000000853,0.13%,,,,,,,,,ShowDailyK_ChartFlow,FinMind_API_TaiwanStockPrice_5904,True,2026-10-05T23:34:43,2026-10-05T23:34:43,2026-10-05T23:34:43
5904,寶雅,2026-08-31,75.0,0.7999999999999972,1.08%,,,,,,,,,ShowDailyK_ChartFlow,FinMind_API_TaiwanStockPrice_5904,True,2026-10-05T23:34:43,2026-10-05T23:34:43,2026-10-05T23:34:43
5904,寶雅,2026-09-01,73.5,-1.5,-2.00%,,,,,,,,,ShowDailyK_ChartFlow,FinMind_API_TaiwanStockPrice_5904,True,2026-10-05T23:34:43,2026-10-05T23:34:43,2026-10-05T23:34:43
5904,寶雅,2026-09-02,73.4,-0.09999999999999432,-0.14%,,,,,,,,,ShowDailyK_ChartFlow,FinMind_API_TaiwanStockPrice_5904,True,2026-10-05T23:34:43,2026-10-05T23:34:43,2026-10-05T23:34:43
5904,寶雅,2026-09-03,70.6,-2.8000000000000114,-3.81%,,,,,,,,,ShowDailyK_ChartFlow,FinMind_API_TaiwanStockPrice_5904,True,2026-10-05T23:34:43,2026-10-05T23:34:43,2026-10-05T23:34:43
5904,寶雅,2026-09-04,72.1,1.5,2.12%,,,,,,,,,ShowDailyK_ChartFlow,FinMind_API_TaiwanStockPrice_5904,True,2026-10-05T23:34:43,2026-10-05T23:34:43,2026-10-05T23:34:43
5904,寶雅,2026-09-07,71.7,-0.3999999999999915,-0.55%,,,,,,,,,ShowDailyK_ChartFlow,FinMind_API_TaiwanStockPrice_5904,True,2026-10-05T23:34:43,2026-10-05T23:34:43,2026-10-05T23:34:43
5904,寶雅,2026-09-08,71.7,0.0,0.00%,,,,,,,,,ShowDailyK_ChartFlow,FinMind_API_TaiwanStockPrice_5904,True,2026-10-05T23:34:43,2026-10-05T23:34:43,2026-10-05T23:34:43
5904,寶雅,2026-09-09,72.9,1.2000000000000028,1.67%,,,,,,,,,ShowDailyK_ChartFlow,FinMind_API_TaiwanStockPrice_5904,True,2026-10-05T23:34:43,2026-10-05T23:34:43,2026-10-05T23:34:43
5904,寶雅,2026-09-10,71.5,-1.4000000000000057,-1.92%,,,,,,,,,ShowDailyK_ChartFlow,FinMind_API_TaiwanStockPrice_5904,True,2026-10-05T23:34:43,2026-10-05T23:34:43,2026-10-05T23:34:43
5904,寶雅,2026-09-11,72.3,0.7999999999999972,1.12%,,,,,,,,,ShowDailyK_ChartFlow,FinMind_API_TaiwanStockPrice_5904,True,2026-10-05T23:34:43,2026-10-05T23:34:43,2026-10-05T23:34:43
5904,寶雅,2026-09-14,72.9,0.6000000000000085,0.83%,,,,,,,,,ShowDailyK_ChartFlow,FinMind_API_TaiwanStockPrice_5904,True,2026-10-05T23:34:43,2026-10-05T23:34:43,2026-10-05T23:34:43
5904,寶雅,2026-09-15,73.0,0.09999999999999432,0.14%,,,,,,,,,ShowDailyK_ChartFlow,FinMind_API_TaiwanStockPrice_5904,True,2026-10-05T23:34:43,2026-10-05T23:34:43,2026-10-05T23:34:43
5904,寶雅,2026-09-16,73.6,0.5999999999999943,0.82%,,,,,,,,,ShowDailyK_ChartFlow,FinMind_API_TaiwanStockPrice_5904,True,2026-10-05T23:34:43,2026-10-05T23:34:43,2026-10-05T23:34:43
5904,寶雅,2026-09-17,72.6,-1.0,-1.36%,,,,,,,,,ShowDailyK_ChartFlow,FinMind_API_TaiwanStockPrice_5904,True,2026-10-05T23:34:43,2026-10-05T23:34:43,2026-10-05T23:34:43
5904,寶雅,2026-09-18,72.1,-0.5,-0.69%,,,,,,,,,ShowDailyK_ChartFlow,FinMind_API_TaiwanStockPrice_5904,True,2026-10-05T23:34:43,2026-10-05T23:34:43,2026-10-05T23:34:43
5904,寶雅,2026-09-21,71.3,-0.7999999999999972,-1.11%,,,,,,,,,ShowDailyK_ChartFlow,FinMind_API_TaiwanStockPrice_5904,True,2026-10-05T23:34:43,2026-10-05T23:34:43,2026-10-05T23:34:43
5904,寶雅,2026-09-22,70.7,-0.5999999999999943,-0.84%,,,,,,,,,ShowDailyK_ChartFlow,FinMind_API_TaiwanStockPrice_5904,True,2026-10-05T23:34:43,2026-10-05T23:34:43,2026-10-05T23:34:43
5904,寶雅,2026-09-23,70.8,0.09999999999999432,0.14%,,,,,,,,,ShowDailyK_ChartFlow,FinMind_API_TaiwanStockPrice_5904,True,2026-10-05T23:34:43,2026-10-05T23:34:43,2026-10-05T23:34:43
5904,寶雅,2026-09-24,69.3,-1.5,-2.12%,,,,,,,,,ShowDailyK_ChartFlow,FinMind_API_TaiwanStockPrice_5904,True,2026-10-05T23:34:43,2026-10-05T23:34:43,2026-10-05T23:34:43
5904,寶雅,2026-09-29,68.8,-0.5,-0.72%,,,,,,,,,ShowDailyK_ChartFlow,FinMind_API_TaiwanStockPrice_5904,True,2026-10-05T23:34:43,2026-10-05T23:34:43,2026-10-05T23:34:43
5904,寶雅,2026-09-30,69.7,0.9000000000000057,1.31%,,,,,,,,,ShowDailyK_ChartFlow,FinMind_API_TaiwanStockPrice_5904,True,2026-10-05T23:34:43,2026-10-05T23:34:43,2026-10-05T23:34:43
5904,寶雅,2026-10-01,69.1,-0.6000000000000085,-0.86%,,,,,,,,,ShowDailyK_ChartFlow,FinMind_API_TaiwanStockPrice_5904,True,2026-10-05T23:34:43,2026-10-05T23:34:43,2026-10-05T23:34:43
5904,寶雅,2026-10-02,68.4,-0.6999999999999886,-1.01%,,,,,,,,,ShowDailyK_ChartFlow,FinMind_API_TaiwanStockPrice_5904,True,2026-10-05T23:34:43,2026-10-05T23:34:43,2026-10-05T23:34:43
5904,寶雅,2026-10-05,68.8,0.3999999999999915,0.58%,,,,,,,,,ShowDailyK_ChartFlow,FinMind_API_TaiwanStockPrice_5904,True,2026-10-05T23:34:43,2026-10-05T23:34:43,2026-10-05T23:34:43
