stock_code,company_name,交易_日期,收盤價_元,漲跌價_元,漲跌幅_pct,河流圖_eps_元,目前_per_倍,本益比試算價格_15x_元,本益比試算價格_18x_元,本益比試算價格_21x_元,本益比試算價格_24x_元,本益比試算價格_27x_元,本益比試算價格_30x_元,file_type,source_file,download_success,download_timestamp,process_timestamp,stage1_process_timestamp
6561,是方,2021-01-04,355.0,,,,,,,,,,,ShowDailyK_ChartFlow,FinMind_API_TaiwanStockPrice_6561,True,2026-09-29T21:24:23,2026-09-29T21:24:23,2026-09-29T21:24:23
6561,是方,2021-01-05,352.0,-3.0,-0.85%,,,,,,,,,ShowDailyK_ChartFlow,FinMind_API_TaiwanStockPrice_6561,True,2026-09-29T21:24:23,2026-09-29T21:24:23,2026-09-29T21:24:23
6561,是方,2021-01-06,342.5,-9.5,-2.70%,,,,,,,,,ShowDailyK_ChartFlow,FinMind_API_TaiwanStockPrice_6561,True,2026-09-29T21:24:23,2026-09-29T21:24:23,2026-09-29T21:24:23
6561,是方,2021-01-07,350.0,7.5,2.19%,,,,,,,,,ShowDailyK_ChartFlow,FinMind_API_TaiwanStockPrice_6561,True,2026-09-29T21:24:23,2026-09-29T21:24:23,2026-09-29T21:24:23
6561,是方,2021-01-08,345.0,-5.0,-1.43%,,,,,,,,,ShowDailyK_ChartFlow,FinMind_API_TaiwanStockPrice_6561,True,2026-09-29T21:24:23,2026-09-29T21:24:23,2026-09-29T21:24:23
6561,是方,2021-01-11,345.0,0.0,0.00%,,,,,,,,,ShowDailyK_ChartFlow,FinMind_API_TaiwanStockPrice_6561,True,2026-09-29T21:24:23,2026-09-29T21:24:23,2026-09-29T21:24:23
6561,是方,2021-01-12,338.0,-7.0,-2.03%,,,,,,,,,ShowDailyK_ChartFlow,FinMind_API_TaiwanStockPrice_6561,True,2026-09-29T21:24:23,2026-09-29T21:24:23,2026-09-29T21:24:23
6561,是方,2021-01-13,333.0,-5.0,-1.48%,,,,,,,,,ShowDailyK_ChartFlow,FinMind_API_TaiwanStockPrice_6561,True,2026-09-29T21:24:23,2026-09-29T21:24:23,2026-09-29T21:24:23
6561,是方,2021-01-14,328.5,-4.5,-1.35%,,,,,,,,,ShowDailyK_ChartFlow,FinMind_API_TaiwanStockPrice_6561,True,2026-09-29T21:24:23,2026-09-29T21:24:23,2026-09-29T21:24:23
6561,是方,2021-01-15,313.0,-15.5,-4.72%,,,,,,,,,ShowDailyK_ChartFlow,FinMind_API_TaiwanStockPrice_6561,True,2026-09-29T21:24:23,2026-09-29T21:24:23,2026-09-29T21:24:23
6561,是方,2021-01-18,323.0,10.0,3.19%,,,,,,,,,ShowDailyK_ChartFlow,FinMind_API_TaiwanStockPrice_6561,True,2026-09-29T21:24:23,2026-09-29T21:24:23,2026-09-29T21:24:23
6561,是方,2021-01-19,323.0,0.0,0.00%,,,,,,,,,ShowDailyK_ChartFlow,FinMind_API_TaiwanStockPrice_6561,True,2026-09-29T21:24:23,2026-09-29T21:24:23,2026-09-29T21:24:23
6561,是方,2021-01-20,312.5,-10.5,-3.25%,,,,,,,,,ShowDailyK_ChartFlow,FinMind_API_TaiwanStockPrice_6561,True,2026-09-29T21:24:23,2026-09-29T21:24:23,2026-09-29T21:24:23
6561,是方,2021-01-21,302.5,-10.0,-3.20%,,,,,,,,,ShowDailyK_ChartFlow,FinMind_API_TaiwanStockPrice_6561,True,2026-09-29T21:24:23,2026-09-29T21:24:23,2026-09-29T21:24:23
6561,是方,2021-01-22,308.0,5.5,1.82%,,,,,,,,,ShowDailyK_ChartFlow,FinMind_API_TaiwanStockPrice_6561,True,2026-09-29T21:24:23,2026-09-29T21:24:23,2026-09-29T21:24:23
6561,是方,2021-01-25,314.0,6.0,1.95%,,,,,,,,,ShowDailyK_ChartFlow,FinMind_API_TaiwanStockPrice_6561,True,2026-09-29T21:24:23,2026-09-29T21:24:23,2026-09-29T21:24:23
6561,是方,2021-01-26,307.0,-7.0,-2.23%,,,,,,,,,ShowDailyK_ChartFlow,FinMind_API_TaiwanStockPrice_6561,True,2026-09-29T21:24:23,2026-09-29T21:24:23,2026-09-29T21:24:23
6561,是方,2021-01-27,305.0,-2.0,-0.65%,,,,,,,,,ShowDailyK_ChartFlow,FinMind_API_TaiwanStockPrice_6561,True,2026-09-29T21:24:23,2026-09-29T21:24:23,2026-09-29T21:24:23
6561,是方,2021-01-28,301.0,-4.0,-1.31%,,,,,,,,,ShowDailyK_ChartFlow,FinMind_API_TaiwanStockPrice_6561,True,2026-09-29T21:24:23,2026-09-29T21:24:23,2026-09-29T21:24:23
6561,是方,2021-01-29,299.0,-2.0,-0.66%,,,,,,,,,ShowDailyK_ChartFlow,FinMind_API_TaiwanStockPrice_6561,True,2026-09-29T21:24:23,2026-09-29T21:24:23,2026-09-29T21:24:23
6561,是方,2021-02-01,299.5,0.5,0.17%,,,,,,,,,ShowDailyK_ChartFlow,FinMind_API_TaiwanStockPrice_6561,True,2026-09-29T21:24:23,2026-09-29T21:24:23,2026-09-29T21:24:23
6561,是方,2021-02-02,305.0,5.5,1.84%,,,,,,,,,ShowDailyK_ChartFlow,FinMind_API_TaiwanStockPrice_6561,True,2026-09-29T21:24:23,2026-09-29T21:24:23,2026-09-29T21:24:23
6561,是方,2021-02-03,301.0,-4.0,-1.31%,,,,,,,,,ShowDailyK_ChartFlow,FinMind_API_TaiwanStockPrice_6561,True,2026-09-29T21:24:23,2026-09-29T21:24:23,2026-09-29T21:24:23
6561,是方,2021-02-04,299.0,-2.0,-0.66%,,,,,,,,,ShowDailyK_ChartFlow,FinMind_API_TaiwanStockPrice_6561,True,2026-09-29T21:24:23,2026-09-29T21:24:23,2026-09-29T21:24:23
6561,是方,2021-02-05,296.5,-2.5,-0.84%,,,,,,,,,ShowDailyK_ChartFlow,FinMind_API_TaiwanStockPrice_6561,True,2026-09-29T21:24:23,2026-09-29T21:24:23,2026-09-29T21:24:23
6561,是方,2021-02-17,293.5,-3.0,-1.01%,,,,,,,,,ShowDailyK_ChartFlow,FinMind_API_TaiwanStockPrice_6561,True,2026-09-29T21:24:23,2026-09-29T21:24:23,2026-09-29T21:24:23
6561,是方,2021-02-18,302.0,8.5,2.90%,,,,,,,,,ShowDailyK_ChartFlow,FinMind_API_TaiwanStockPrice_6561,True,2026-09-29T21:24:23,2026-09-29T21:24:23,2026-09-29T21:24:23
6561,是方,2021-02-19,300.0,-2.0,-0.66%,,,,,,,,,ShowDailyK_ChartFlow,FinMind_API_TaiwanStockPrice_6561,True,2026-09-29T21:24:23,2026-09-29T21:24:23,2026-09-29T21:24:23
6561,是方,2021-02-22,312.0,12.0,4.00%,,,,,,,,,ShowDailyK_ChartFlow,FinMind_API_TaiwanStockPrice_6561,True,2026-09-29T21:24:23,2026-09-29T21:24:23,2026-09-29T21:24:23
6561,是方,2021-02-23,305.0,-7.0,-2.24%,,,,,,,,,ShowDailyK_ChartFlow,FinMind_API_TaiwanStockPrice_6561,True,2026-09-29T21:24:23,2026-09-29T21:24:23,2026-09-29T21:24:23
6561,是方,2021-02-24,302.0,-3.0,-0.98%,,,,,,,,,ShowDailyK_ChartFlow,FinMind_API_TaiwanStockPrice_6561,True,2026-09-29T21:24:23,2026-09-29T21:24:23,2026-09-29T21:24:23
6561,是方,2021-02-25,303.5,1.5,0.50%,,,,,,,,,ShowDailyK_ChartFlow,FinMind_API_TaiwanStockPrice_6561,True,2026-09-29T21:24:23,2026-09-29T21:24:23,2026-09-29T21:24:23
6561,是方,2021-02-26,300.5,-3.0,-0.99%,,,,,,,,,ShowDailyK_ChartFlow,FinMind_API_TaiwanStockPrice_6561,True,2026-09-29T21:24:23,2026-09-29T21:24:23,2026-09-29T21:24:23
6561,是方,2021-03-02,305.0,4.5,1.50%,,,,,,,,,ShowDailyK_ChartFlow,FinMind_API_TaiwanStockPrice_6561,True,2026-09-29T21:24:23,2026-09-29T21:24:23,2026-09-29T21:24:23
6561,是方,2021-03-03,306.0,1.0,0.33%,,,,,,,,,ShowDailyK_ChartFlow,FinMind_API_TaiwanStockPrice_6561,True,2026-09-29T21:24:23,2026-09-29T21:24:23,2026-09-29T21:24:23
6561,是方,2021-03-04,303.0,-3.0,-0.98%,,,,,,,,,ShowDailyK_ChartFlow,FinMind_API_TaiwanStockPrice_6561,True,2026-09-29T21:24:23,2026-09-29T21:24:23,2026-09-29T21:24:23
6561,是方,2021-03-05,299.5,-3.5,-1.16%,,,,,,,,,ShowDailyK_ChartFlow,FinMind_API_TaiwanStockPrice_6561,True,2026-09-29T21:24:23,2026-09-29T21:24:23,2026-09-29T21:24:23
6561,是方,2021-03-08,308.0,8.5,2.84%,,,,,,,,,ShowDailyK_ChartFlow,FinMind_API_TaiwanStockPrice_6561,True,2026-09-29T21:24:23,2026-09-29T21:24:23,2026-09-29T21:24:23
6561,是方,2021-03-09,321.0,13.0,4.22%,,,,,,,,,ShowDailyK_ChartFlow,FinMind_API_TaiwanStockPrice_6561,True,2026-09-29T21:24:23,2026-09-29T21:24:23,2026-09-29T21:24:23
6561,是方,2021-03-10,316.5,-4.5,-1.40%,,,,,,,,,ShowDailyK_ChartFlow,FinMind_API_TaiwanStockPrice_6561,True,2026-09-29T21:24:23,2026-09-29T21:24:23,2026-09-29T21:24:23
6561,是方,2021-03-11,315.0,-1.5,-0.47%,,,,,,,,,ShowDailyK_ChartFlow,FinMind_API_TaiwanStockPrice_6561,True,2026-09-29T21:24:23,2026-09-29T21:24:23,2026-09-29T21:24:23
6561,是方,2021-03-12,328.5,13.5,4.29%,,,,,,,,,ShowDailyK_ChartFlow,FinMind_API_TaiwanStockPrice_6561,True,2026-09-29T21:24:23,2026-09-29T21:24:23,2026-09-29T21:24:23
6561,是方,2021-03-15,321.5,-7.0,-2.13%,,,,,,,,,ShowDailyK_ChartFlow,FinMind_API_TaiwanStockPrice_6561,True,2026-09-29T21:24:23,2026-09-29T21:24:23,2026-09-29T21:24:23
6561,是方,2021-03-16,330.0,8.5,2.64%,,,,,,,,,ShowDailyK_ChartFlow,FinMind_API_TaiwanStockPrice_6561,True,2026-09-29T21:24:23,2026-09-29T21:24:23,2026-09-29T21:24:23
6561,是方,2021-03-17,325.0,-5.0,-1.52%,,,,,,,,,ShowDailyK_ChartFlow,FinMind_API_TaiwanStockPrice_6561,True,2026-09-29T21:24:23,2026-09-29T21:24:23,2026-09-29T21:24:23
6561,是方,2021-03-18,329.5,4.5,1.38%,,,,,,,,,ShowDailyK_ChartFlow,FinMind_API_TaiwanStockPrice_6561,True,2026-09-29T21:24:23,2026-09-29T21:24:23,2026-09-29T21:24:23
6561,是方,2021-03-19,321.5,-8.0,-2.43%,,,,,,,,,ShowDailyK_ChartFlow,FinMind_API_TaiwanStockPrice_6561,True,2026-09-29T21:24:23,2026-09-29T21:24:23,2026-09-29T21:24:23
6561,是方,2021-03-22,319.0,-2.5,-0.78%,,,,,,,,,ShowDailyK_ChartFlow,FinMind_API_TaiwanStockPrice_6561,True,2026-09-29T21:24:23,2026-09-29T21:24:23,2026-09-29T21:24:23
6561,是方,2021-03-23,317.0,-2.0,-0.63%,,,,,,,,,ShowDailyK_ChartFlow,FinMind_API_TaiwanStockPrice_6561,True,2026-09-29T21:24:23,2026-09-29T21:24:23,2026-09-29T21:24:23
6561,是方,2021-03-24,315.5,-1.5,-0.47%,,,,,,,,,ShowDailyK_ChartFlow,FinMind_API_TaiwanStockPrice_6561,True,2026-09-29T21:24:23,2026-09-29T21:24:23,2026-09-29T21:24:23
6561,是方,2021-03-25,312.0,-3.5,-1.11%,,,,,,,,,ShowDailyK_ChartFlow,FinMind_API_TaiwanStockPrice_6561,True,2026-09-29T21:24:23,2026-09-29T21:24:23,2026-09-29T21:24:23
6561,是方,2021-03-26,313.0,1.0,0.32%,,,,,,,,,ShowDailyK_ChartFlow,FinMind_API_TaiwanStockPrice_6561,True,2026-09-29T21:24:23,2026-09-29T21:24:23,2026-09-29T21:24:23
6561,是方,2021-03-29,318.0,5.0,1.60%,,,,,,,,,ShowDailyK_ChartFlow,FinMind_API_TaiwanStockPrice_6561,True,2026-09-29T21:24:23,2026-09-29T21:24:23,2026-09-29T21:24:23
6561,是方,2021-03-30,320.5,2.5,0.79%,,,,,,,,,ShowDailyK_ChartFlow,FinMind_API_TaiwanStockPrice_6561,True,2026-09-29T21:24:23,2026-09-29T21:24:23,2026-09-29T21:24:23
6561,是方,2021-03-31,316.5,-4.0,-1.25%,,,,,,,,,ShowDailyK_ChartFlow,FinMind_API_TaiwanStockPrice_6561,True,2026-09-29T21:24:23,2026-09-29T21:24:23,2026-09-29T21:24:23
6561,是方,2021-04-01,313.5,-3.0,-0.95%,,,,,,,,,ShowDailyK_ChartFlow,FinMind_API_TaiwanStockPrice_6561,True,2026-09-29T21:24:23,2026-09-29T21:24:23,2026-09-29T21:24:23
6561,是方,2021-04-06,313.0,-0.5,-0.16%,,,,,,,,,ShowDailyK_ChartFlow,FinMind_API_TaiwanStockPrice_6561,True,2026-09-29T21:24:23,2026-09-29T21:24:23,2026-09-29T21:24:23
6561,是方,2021-04-07,313.0,0.0,0.00%,,,,,,,,,ShowDailyK_ChartFlow,FinMind_API_TaiwanStockPrice_6561,True,2026-09-29T21:24:23,2026-09-29T21:24:23,2026-09-29T21:24:23
6561,是方,2021-04-08,317.0,4.0,1.28%,,,,,,,,,ShowDailyK_ChartFlow,FinMind_API_TaiwanStockPrice_6561,True,2026-09-29T21:24:23,2026-09-29T21:24:23,2026-09-29T21:24:23
6561,是方,2021-04-09,312.5,-4.5,-1.42%,,,,,,,,,ShowDailyK_ChartFlow,FinMind_API_TaiwanStockPrice_6561,True,2026-09-29T21:24:23,2026-09-29T21:24:23,2026-09-29T21:24:23
6561,是方,2021-04-12,312.0,-0.5,-0.16%,,,,,,,,,ShowDailyK_ChartFlow,FinMind_API_TaiwanStockPrice_6561,True,2026-09-29T21:24:23,2026-09-29T21:24:23,2026-09-29T21:24:23
6561,是方,2021-04-13,313.0,1.0,0.32%,,,,,,,,,ShowDailyK_ChartFlow,FinMind_API_TaiwanStockPrice_6561,True,2026-09-29T21:24:23,2026-09-29T21:24:23,2026-09-29T21:24:23
6561,是方,2021-04-14,308.5,-4.5,-1.44%,,,,,,,,,ShowDailyK_ChartFlow,FinMind_API_TaiwanStockPrice_6561,True,2026-09-29T21:24:23,2026-09-29T21:24:23,2026-09-29T21:24:23
6561,是方,2021-04-15,310.0,1.5,0.49%,,,,,,,,,ShowDailyK_ChartFlow,FinMind_API_TaiwanStockPrice_6561,True,2026-09-29T21:24:23,2026-09-29T21:24:23,2026-09-29T21:24:23
6561,是方,2021-04-16,309.5,-0.5,-0.16%,,,,,,,,,ShowDailyK_ChartFlow,FinMind_API_TaiwanStockPrice_6561,True,2026-09-29T21:24:23,2026-09-29T21:24:23,2026-09-29T21:24:23
6561,是方,2021-04-19,304.0,-5.5,-1.78%,,,,,,,,,ShowDailyK_ChartFlow,FinMind_API_TaiwanStockPrice_6561,True,2026-09-29T21:24:23,2026-09-29T21:24:23,2026-09-29T21:24:23
6561,是方,2021-04-20,301.0,-3.0,-0.99%,,,,,,,,,ShowDailyK_ChartFlow,FinMind_API_TaiwanStockPrice_6561,True,2026-09-29T21:24:23,2026-09-29T21:24:23,2026-09-29T21:24:23
6561,是方,2021-04-21,300.0,-1.0,-0.33%,,,,,,,,,ShowDailyK_ChartFlow,FinMind_API_TaiwanStockPrice_6561,True,2026-09-29T21:24:23,2026-09-29T21:24:23,2026-09-29T21:24:23
6561,是方,2021-04-22,293.0,-7.0,-2.33%,,,,,,,,,ShowDailyK_ChartFlow,FinMind_API_TaiwanStockPrice_6561,True,2026-09-29T21:24:23,2026-09-29T21:24:23,2026-09-29T21:24:23
6561,是方,2021-04-23,298.0,5.0,1.71%,,,,,,,,,ShowDailyK_ChartFlow,FinMind_API_TaiwanStockPrice_6561,True,2026-09-29T21:24:23,2026-09-29T21:24:23,2026-09-29T21:24:23
6561,是方,2021-04-26,300.5,2.5,0.84%,,,,,,,,,ShowDailyK_ChartFlow,FinMind_API_TaiwanStockPrice_6561,True,2026-09-29T21:24:23,2026-09-29T21:24:23,2026-09-29T21:24:23
6561,是方,2021-04-27,295.5,-5.0,-1.66%,,,,,,,,,ShowDailyK_ChartFlow,FinMind_API_TaiwanStockPrice_6561,True,2026-09-29T21:24:23,2026-09-29T21:24:23,2026-09-29T21:24:23
6561,是方,2021-04-28,296.0,0.5,0.17%,,,,,,,,,ShowDailyK_ChartFlow,FinMind_API_TaiwanStockPrice_6561,True,2026-09-29T21:24:23,2026-09-29T21:24:23,2026-09-29T21:24:23
6561,是方,2021-04-29,294.0,-2.0,-0.68%,,,,,,,,,ShowDailyK_ChartFlow,FinMind_API_TaiwanStockPrice_6561,True,2026-09-29T21:24:23,2026-09-29T21:24:23,2026-09-29T21:24:23
6561,是方,2021-05-03,290.0,-4.0,-1.36%,,,,,,,,,ShowDailyK_ChartFlow,FinMind_API_TaiwanStockPrice_6561,True,2026-09-29T21:24:23,2026-09-29T21:24:23,2026-09-29T21:24:23
6561,是方,2021-05-04,277.0,-13.0,-4.48%,,,,,,,,,ShowDailyK_ChartFlow,FinMind_API_TaiwanStockPrice_6561,True,2026-09-29T21:24:23,2026-09-29T21:24:23,2026-09-29T21:24:23
6561,是方,2021-05-05,272.0,-5.0,-1.81%,,,,,,,,,ShowDailyK_ChartFlow,FinMind_API_TaiwanStockPrice_6561,True,2026-09-29T21:24:23,2026-09-29T21:24:23,2026-09-29T21:24:23
6561,是方,2021-05-06,295.0,23.0,8.46%,,,,,,,,,ShowDailyK_ChartFlow,FinMind_API_TaiwanStockPrice_6561,True,2026-09-29T21:24:23,2026-09-29T21:24:23,2026-09-29T21:24:23
6561,是方,2021-05-07,295.0,0.0,0.00%,,,,,,,,,ShowDailyK_ChartFlow,FinMind_API_TaiwanStockPrice_6561,True,2026-09-29T21:24:23,2026-09-29T21:24:23,2026-09-29T21:24:23
6561,是方,2021-05-10,297.5,2.5,0.85%,,,,,,,,,ShowDailyK_ChartFlow,FinMind_API_TaiwanStockPrice_6561,True,2026-09-29T21:24:23,2026-09-29T21:24:23,2026-09-29T21:24:23
6561,是方,2021-05-11,296.0,-1.5,-0.50%,,,,,,,,,ShowDailyK_ChartFlow,FinMind_API_TaiwanStockPrice_6561,True,2026-09-29T21:24:23,2026-09-29T21:24:23,2026-09-29T21:24:23
6561,是方,2021-05-12,288.5,-7.5,-2.53%,,,,,,,,,ShowDailyK_ChartFlow,FinMind_API_TaiwanStockPrice_6561,True,2026-09-29T21:24:23,2026-09-29T21:24:23,2026-09-29T21:24:23
6561,是方,2021-05-13,291.0,2.5,0.87%,,,,,,,,,ShowDailyK_ChartFlow,FinMind_API_TaiwanStockPrice_6561,True,2026-09-29T21:24:23,2026-09-29T21:24:23,2026-09-29T21:24:23
6561,是方,2021-05-14,289.0,-2.0,-0.69%,,,,,,,,,ShowDailyK_ChartFlow,FinMind_API_TaiwanStockPrice_6561,True,2026-09-29T21:24:23,2026-09-29T21:24:23,2026-09-29T21:24:23
6561,是方,2021-05-17,294.5,5.5,1.90%,,,,,,,,,ShowDailyK_ChartFlow,FinMind_API_TaiwanStockPrice_6561,True,2026-09-29T21:24:23,2026-09-29T21:24:23,2026-09-29T21:24:23
6561,是方,2021-05-18,300.5,6.0,2.04%,,,,,,,,,ShowDailyK_ChartFlow,FinMind_API_TaiwanStockPrice_6561,True,2026-09-29T21:24:23,2026-09-29T21:24:23,2026-09-29T21:24:23
6561,是方,2021-05-19,303.0,2.5,0.83%,,,,,,,,,ShowDailyK_ChartFlow,FinMind_API_TaiwanStockPrice_6561,True,2026-09-29T21:24:23,2026-09-29T21:24:23,2026-09-29T21:24:23
6561,是方,2021-05-20,306.5,3.5,1.16%,,,,,,,,,ShowDailyK_ChartFlow,FinMind_API_TaiwanStockPrice_6561,True,2026-09-29T21:24:23,2026-09-29T21:24:23,2026-09-29T21:24:23
6561,是方,2021-05-21,306.5,0.0,0.00%,,,,,,,,,ShowDailyK_ChartFlow,FinMind_API_TaiwanStockPrice_6561,True,2026-09-29T21:24:23,2026-09-29T21:24:23,2026-09-29T21:24:23
6561,是方,2021-05-24,307.0,0.5,0.16%,,,,,,,,,ShowDailyK_ChartFlow,FinMind_API_TaiwanStockPrice_6561,True,2026-09-29T21:24:23,2026-09-29T21:24:23,2026-09-29T21:24:23
6561,是方,2021-05-25,310.5,3.5,1.14%,,,,,,,,,ShowDailyK_ChartFlow,FinMind_API_TaiwanStockPrice_6561,True,2026-09-29T21:24:23,2026-09-29T21:24:23,2026-09-29T21:24:23
6561,是方,2021-05-26,309.5,-1.0,-0.32%,,,,,,,,,ShowDailyK_ChartFlow,FinMind_API_TaiwanStockPrice_6561,True,2026-09-29T21:24:23,2026-09-29T21:24:23,2026-09-29T21:24:23
6561,是方,2021-05-27,309.0,-0.5,-0.16%,,,,,,,,,ShowDailyK_ChartFlow,FinMind_API_TaiwanStockPrice_6561,True,2026-09-29T21:24:23,2026-09-29T21:24:23,2026-09-29T21:24:23
6561,是方,2021-05-28,310.5,1.5,0.49%,,,,,,,,,ShowDailyK_ChartFlow,FinMind_API_TaiwanStockPrice_6561,True,2026-09-29T21:24:23,2026-09-29T21:24:23,2026-09-29T21:24:23
6561,是方,2021-05-31,310.5,0.0,0.00%,,,,,,,,,ShowDailyK_ChartFlow,FinMind_API_TaiwanStockPrice_6561,True,2026-09-29T21:24:23,2026-09-29T21:24:23,2026-09-29T21:24:23
6561,是方,2021-06-01,312.0,1.5,0.48%,,,,,,,,,ShowDailyK_ChartFlow,FinMind_API_TaiwanStockPrice_6561,True,2026-09-29T21:24:23,2026-09-29T21:24:23,2026-09-29T21:24:23
6561,是方,2021-06-02,306.5,-5.5,-1.76%,,,,,,,,,ShowDailyK_ChartFlow,FinMind_API_TaiwanStockPrice_6561,True,2026-09-29T21:24:23,2026-09-29T21:24:23,2026-09-29T21:24:23
6561,是方,2021-06-03,310.5,4.0,1.31%,,,,,,,,,ShowDailyK_ChartFlow,FinMind_API_TaiwanStockPrice_6561,True,2026-09-29T21:24:23,2026-09-29T21:24:23,2026-09-29T21:24:23
6561,是方,2021-06-04,306.0,-4.5,-1.45%,,,,,,,,,ShowDailyK_ChartFlow,FinMind_API_TaiwanStockPrice_6561,True,2026-09-29T21:24:23,2026-09-29T21:24:23,2026-09-29T21:24:23
6561,是方,2021-06-07,304.0,-2.0,-0.65%,,,,,,,,,ShowDailyK_ChartFlow,FinMind_API_TaiwanStockPrice_6561,True,2026-09-29T21:24:23,2026-09-29T21:24:23,2026-09-29T21:24:23
6561,是方,2021-06-08,302.5,-1.5,-0.49%,,,,,,,,,ShowDailyK_ChartFlow,FinMind_API_TaiwanStockPrice_6561,True,2026-09-29T21:24:23,2026-09-29T21:24:23,2026-09-29T21:24:23
6561,是方,2021-06-09,310.5,8.0,2.64%,,,,,,,,,ShowDailyK_ChartFlow,FinMind_API_TaiwanStockPrice_6561,True,2026-09-29T21:24:23,2026-09-29T21:24:23,2026-09-29T21:24:23
6561,是方,2021-06-10,308.0,-2.5,-0.81%,,,,,,,,,ShowDailyK_ChartFlow,FinMind_API_TaiwanStockPrice_6561,True,2026-09-29T21:24:23,2026-09-29T21:24:23,2026-09-29T21:24:23
6561,是方,2021-06-11,308.0,0.0,0.00%,,,,,,,,,ShowDailyK_ChartFlow,FinMind_API_TaiwanStockPrice_6561,True,2026-09-29T21:24:23,2026-09-29T21:24:23,2026-09-29T21:24:23
6561,是方,2021-06-15,308.0,0.0,0.00%,,,,,,,,,ShowDailyK_ChartFlow,FinMind_API_TaiwanStockPrice_6561,True,2026-09-29T21:24:23,2026-09-29T21:24:23,2026-09-29T21:24:23
6561,是方,2021-06-16,304.0,-4.0,-1.30%,,,,,,,,,ShowDailyK_ChartFlow,FinMind_API_TaiwanStockPrice_6561,True,2026-09-29T21:24:23,2026-09-29T21:24:23,2026-09-29T21:24:23
6561,是方,2021-06-17,304.0,0.0,0.00%,,,,,,,,,ShowDailyK_ChartFlow,FinMind_API_TaiwanStockPrice_6561,True,2026-09-29T21:24:23,2026-09-29T21:24:23,2026-09-29T21:24:23
6561,是方,2021-06-18,304.0,0.0,0.00%,,,,,,,,,ShowDailyK_ChartFlow,FinMind_API_TaiwanStockPrice_6561,True,2026-09-29T21:24:23,2026-09-29T21:24:23,2026-09-29T21:24:23
6561,是方,2021-06-21,301.0,-3.0,-0.99%,,,,,,,,,ShowDailyK_ChartFlow,FinMind_API_TaiwanStockPrice_6561,True,2026-09-29T21:24:23,2026-09-29T21:24:23,2026-09-29T21:24:23
6561,是方,2021-06-22,300.0,-1.0,-0.33%,,,,,,,,,ShowDailyK_ChartFlow,FinMind_API_TaiwanStockPrice_6561,True,2026-09-29T21:24:23,2026-09-29T21:24:23,2026-09-29T21:24:23
6561,是方,2021-06-23,303.0,3.0,1.00%,,,,,,,,,ShowDailyK_ChartFlow,FinMind_API_TaiwanStockPrice_6561,True,2026-09-29T21:24:23,2026-09-29T21:24:23,2026-09-29T21:24:23
6561,是方,2021-06-24,301.0,-2.0,-0.66%,,,,,,,,,ShowDailyK_ChartFlow,FinMind_API_TaiwanStockPrice_6561,True,2026-09-29T21:24:23,2026-09-29T21:24:23,2026-09-29T21:24:23
6561,是方,2021-06-25,300.5,-0.5,-0.17%,,,,,,,,,ShowDailyK_ChartFlow,FinMind_API_TaiwanStockPrice_6561,True,2026-09-29T21:24:23,2026-09-29T21:24:23,2026-09-29T21:24:23
6561,是方,2021-06-28,301.0,0.5,0.17%,,,,,,,,,ShowDailyK_ChartFlow,FinMind_API_TaiwanStockPrice_6561,True,2026-09-29T21:24:23,2026-09-29T21:24:23,2026-09-29T21:24:23
6561,是方,2021-06-29,300.5,-0.5,-0.17%,,,,,,,,,ShowDailyK_ChartFlow,FinMind_API_TaiwanStockPrice_6561,True,2026-09-29T21:24:23,2026-09-29T21:24:23,2026-09-29T21:24:23
6561,是方,2021-06-30,300.5,0.0,0.00%,,,,,,,,,ShowDailyK_ChartFlow,FinMind_API_TaiwanStockPrice_6561,True,2026-09-29T21:24:23,2026-09-29T21:24:23,2026-09-29T21:24:23
6561,是方,2021-07-01,297.0,-3.5,-1.16%,,,,,,,,,ShowDailyK_ChartFlow,FinMind_API_TaiwanStockPrice_6561,True,2026-09-29T21:24:23,2026-09-29T21:24:23,2026-09-29T21:24:23
6561,是方,2021-07-02,298.0,1.0,0.34%,,,,,,,,,ShowDailyK_ChartFlow,FinMind_API_TaiwanStockPrice_6561,True,2026-09-29T21:24:23,2026-09-29T21:24:23,2026-09-29T21:24:23
6561,是方,2021-07-05,304.0,6.0,2.01%,,,,,,,,,ShowDailyK_ChartFlow,FinMind_API_TaiwanStockPrice_6561,True,2026-09-29T21:24:23,2026-09-29T21:24:23,2026-09-29T21:24:23
6561,是方,2021-07-06,301.0,-3.0,-0.99%,,,,,,,,,ShowDailyK_ChartFlow,FinMind_API_TaiwanStockPrice_6561,True,2026-09-29T21:24:23,2026-09-29T21:24:23,2026-09-29T21:24:23
6561,是方,2021-07-07,300.0,-1.0,-0.33%,,,,,,,,,ShowDailyK_ChartFlow,FinMind_API_TaiwanStockPrice_6561,True,2026-09-29T21:24:23,2026-09-29T21:24:23,2026-09-29T21:24:23
6561,是方,2021-07-08,300.0,0.0,0.00%,,,,,,,,,ShowDailyK_ChartFlow,FinMind_API_TaiwanStockPrice_6561,True,2026-09-29T21:24:23,2026-09-29T21:24:23,2026-09-29T21:24:23
6561,是方,2021-07-09,301.5,1.5,0.50%,,,,,,,,,ShowDailyK_ChartFlow,FinMind_API_TaiwanStockPrice_6561,True,2026-09-29T21:24:23,2026-09-29T21:24:23,2026-09-29T21:24:23
6561,是方,2021-07-12,303.0,1.5,0.50%,,,,,,,,,ShowDailyK_ChartFlow,FinMind_API_TaiwanStockPrice_6561,True,2026-09-29T21:24:23,2026-09-29T21:24:23,2026-09-29T21:24:23
6561,是方,2021-07-13,300.0,-3.0,-0.99%,,,,,,,,,ShowDailyK_ChartFlow,FinMind_API_TaiwanStockPrice_6561,True,2026-09-29T21:24:23,2026-09-29T21:24:23,2026-09-29T21:24:23
6561,是方,2021-07-14,300.0,0.0,0.00%,,,,,,,,,ShowDailyK_ChartFlow,FinMind_API_TaiwanStockPrice_6561,True,2026-09-29T21:24:23,2026-09-29T21:24:23,2026-09-29T21:24:23
6561,是方,2021-07-15,301.5,1.5,0.50%,,,,,,,,,ShowDailyK_ChartFlow,FinMind_API_TaiwanStockPrice_6561,True,2026-09-29T21:24:23,2026-09-29T21:24:23,2026-09-29T21:24:23
6561,是方,2021-07-16,301.5,0.0,0.00%,,,,,,,,,ShowDailyK_ChartFlow,FinMind_API_TaiwanStockPrice_6561,True,2026-09-29T21:24:23,2026-09-29T21:24:23,2026-09-29T21:24:23
6561,是方,2021-07-19,299.5,-2.0,-0.66%,,,,,,,,,ShowDailyK_ChartFlow,FinMind_API_TaiwanStockPrice_6561,True,2026-09-29T21:24:23,2026-09-29T21:24:23,2026-09-29T21:24:23
6561,是方,2021-07-20,297.5,-2.0,-0.67%,,,,,,,,,ShowDailyK_ChartFlow,FinMind_API_TaiwanStockPrice_6561,True,2026-09-29T21:24:23,2026-09-29T21:24:23,2026-09-29T21:24:23
6561,是方,2021-07-21,296.0,-1.5,-0.50%,,,,,,,,,ShowDailyK_ChartFlow,FinMind_API_TaiwanStockPrice_6561,True,2026-09-29T21:24:23,2026-09-29T21:24:23,2026-09-29T21:24:23
6561,是方,2021-07-22,297.5,1.5,0.51%,,,,,,,,,ShowDailyK_ChartFlow,FinMind_API_TaiwanStockPrice_6561,True,2026-09-29T21:24:23,2026-09-29T21:24:23,2026-09-29T21:24:23
6561,是方,2021-07-23,300.5,3.0,1.01%,,,,,,,,,ShowDailyK_ChartFlow,FinMind_API_TaiwanStockPrice_6561,True,2026-09-29T21:24:23,2026-09-29T21:24:23,2026-09-29T21:24:23
6561,是方,2021-07-26,298.5,-2.0,-0.67%,,,,,,,,,ShowDailyK_ChartFlow,FinMind_API_TaiwanStockPrice_6561,True,2026-09-29T21:24:23,2026-09-29T21:24:23,2026-09-29T21:24:23
6561,是方,2021-07-27,297.0,-1.5,-0.50%,,,,,,,,,ShowDailyK_ChartFlow,FinMind_API_TaiwanStockPrice_6561,True,2026-09-29T21:24:23,2026-09-29T21:24:23,2026-09-29T21:24:23
6561,是方,2021-07-28,292.0,-5.0,-1.68%,,,,,,,,,ShowDailyK_ChartFlow,FinMind_API_TaiwanStockPrice_6561,True,2026-09-29T21:24:23,2026-09-29T21:24:23,2026-09-29T21:24:23
6561,是方,2021-07-29,295.0,3.0,1.03%,,,,,,,,,ShowDailyK_ChartFlow,FinMind_API_TaiwanStockPrice_6561,True,2026-09-29T21:24:23,2026-09-29T21:24:23,2026-09-29T21:24:23
6561,是方,2021-07-30,299.0,4.0,1.36%,,,,,,,,,ShowDailyK_ChartFlow,FinMind_API_TaiwanStockPrice_6561,True,2026-09-29T21:24:23,2026-09-29T21:24:23,2026-09-29T21:24:23
6561,是方,2021-08-02,298.0,-1.0,-0.33%,,,,,,,,,ShowDailyK_ChartFlow,FinMind_API_TaiwanStockPrice_6561,True,2026-09-29T21:24:23,2026-09-29T21:24:23,2026-09-29T21:24:23
6561,是方,2021-08-03,295.5,-2.5,-0.84%,,,,,,,,,ShowDailyK_ChartFlow,FinMind_API_TaiwanStockPrice_6561,True,2026-09-29T21:24:23,2026-09-29T21:24:23,2026-09-29T21:24:23
6561,是方,2021-08-04,297.5,2.0,0.68%,,,,,,,,,ShowDailyK_ChartFlow,FinMind_API_TaiwanStockPrice_6561,True,2026-09-29T21:24:23,2026-09-29T21:24:23,2026-09-29T21:24:23
6561,是方,2021-08-05,296.0,-1.5,-0.50%,,,,,,,,,ShowDailyK_ChartFlow,FinMind_API_TaiwanStockPrice_6561,True,2026-09-29T21:24:23,2026-09-29T21:24:23,2026-09-29T21:24:23
6561,是方,2021-08-06,294.0,-2.0,-0.68%,,,,,,,,,ShowDailyK_ChartFlow,FinMind_API_TaiwanStockPrice_6561,True,2026-09-29T21:24:23,2026-09-29T21:24:23,2026-09-29T21:24:23
6561,是方,2021-08-09,293.0,-1.0,-0.34%,,,,,,,,,ShowDailyK_ChartFlow,FinMind_API_TaiwanStockPrice_6561,True,2026-09-29T21:24:23,2026-09-29T21:24:23,2026-09-29T21:24:23
6561,是方,2021-08-10,293.0,0.0,0.00%,,,,,,,,,ShowDailyK_ChartFlow,FinMind_API_TaiwanStockPrice_6561,True,2026-09-29T21:24:23,2026-09-29T21:24:23,2026-09-29T21:24:23
6561,是方,2021-08-11,290.5,-2.5,-0.85%,,,,,,,,,ShowDailyK_ChartFlow,FinMind_API_TaiwanStockPrice_6561,True,2026-09-29T21:24:23,2026-09-29T21:24:23,2026-09-29T21:24:23
6561,是方,2021-08-12,293.0,2.5,0.86%,,,,,,,,,ShowDailyK_ChartFlow,FinMind_API_TaiwanStockPrice_6561,True,2026-09-29T21:24:23,2026-09-29T21:24:23,2026-09-29T21:24:23
6561,是方,2021-08-13,290.5,-2.5,-0.85%,,,,,,,,,ShowDailyK_ChartFlow,FinMind_API_TaiwanStockPrice_6561,True,2026-09-29T21:24:23,2026-09-29T21:24:23,2026-09-29T21:24:23
6561,是方,2021-08-16,289.0,-1.5,-0.52%,,,,,,,,,ShowDailyK_ChartFlow,FinMind_API_TaiwanStockPrice_6561,True,2026-09-29T21:24:23,2026-09-29T21:24:23,2026-09-29T21:24:23
6561,是方,2021-08-17,289.0,0.0,0.00%,,,,,,,,,ShowDailyK_ChartFlow,FinMind_API_TaiwanStockPrice_6561,True,2026-09-29T21:24:23,2026-09-29T21:24:23,2026-09-29T21:24:23
6561,是方,2021-08-18,294.0,5.0,1.73%,,,,,,,,,ShowDailyK_ChartFlow,FinMind_API_TaiwanStockPrice_6561,True,2026-09-29T21:24:23,2026-09-29T21:24:23,2026-09-29T21:24:23
6561,是方,2021-08-19,293.0,-1.0,-0.34%,,,,,,,,,ShowDailyK_ChartFlow,FinMind_API_TaiwanStockPrice_6561,True,2026-09-29T21:24:23,2026-09-29T21:24:23,2026-09-29T21:24:23
6561,是方,2021-08-20,292.5,-0.5,-0.17%,,,,,,,,,ShowDailyK_ChartFlow,FinMind_API_TaiwanStockPrice_6561,True,2026-09-29T21:24:23,2026-09-29T21:24:23,2026-09-29T21:24:23
6561,是方,2021-08-23,295.0,2.5,0.85%,,,,,,,,,ShowDailyK_ChartFlow,FinMind_API_TaiwanStockPrice_6561,True,2026-09-29T21:24:23,2026-09-29T21:24:23,2026-09-29T21:24:23
6561,是方,2021-08-24,291.0,-4.0,-1.36%,,,,,,,,,ShowDailyK_ChartFlow,FinMind_API_TaiwanStockPrice_6561,True,2026-09-29T21:24:23,2026-09-29T21:24:23,2026-09-29T21:24:23
6561,是方,2021-08-25,290.0,-1.0,-0.34%,,,,,,,,,ShowDailyK_ChartFlow,FinMind_API_TaiwanStockPrice_6561,True,2026-09-29T21:24:23,2026-09-29T21:24:23,2026-09-29T21:24:23
6561,是方,2021-08-26,290.0,0.0,0.00%,,,,,,,,,ShowDailyK_ChartFlow,FinMind_API_TaiwanStockPrice_6561,True,2026-09-29T21:24:23,2026-09-29T21:24:23,2026-09-29T21:24:23
6561,是方,2021-08-27,290.0,0.0,0.00%,,,,,,,,,ShowDailyK_ChartFlow,FinMind_API_TaiwanStockPrice_6561,True,2026-09-29T21:24:23,2026-09-29T21:24:23,2026-09-29T21:24:23
6561,是方,2021-08-30,287.5,-2.5,-0.86%,,,,,,,,,ShowDailyK_ChartFlow,FinMind_API_TaiwanStockPrice_6561,True,2026-09-29T21:24:23,2026-09-29T21:24:23,2026-09-29T21:24:23
6561,是方,2021-08-31,286.5,-1.0,-0.35%,,,,,,,,,ShowDailyK_ChartFlow,FinMind_API_TaiwanStockPrice_6561,True,2026-09-29T21:24:23,2026-09-29T21:24:23,2026-09-29T21:24:23
6561,是方,2021-09-01,285.0,-1.5,-0.52%,,,,,,,,,ShowDailyK_ChartFlow,FinMind_API_TaiwanStockPrice_6561,True,2026-09-29T21:24:23,2026-09-29T21:24:23,2026-09-29T21:24:23
6561,是方,2021-09-02,277.0,-8.0,-2.81%,,,,,,,,,ShowDailyK_ChartFlow,FinMind_API_TaiwanStockPrice_6561,True,2026-09-29T21:24:23,2026-09-29T21:24:23,2026-09-29T21:24:23
6561,是方,2021-09-03,276.5,-0.5,-0.18%,,,,,,,,,ShowDailyK_ChartFlow,FinMind_API_TaiwanStockPrice_6561,True,2026-09-29T21:24:23,2026-09-29T21:24:23,2026-09-29T21:24:23
6561,是方,2021-09-06,273.5,-3.0,-1.08%,,,,,,,,,ShowDailyK_ChartFlow,FinMind_API_TaiwanStockPrice_6561,True,2026-09-29T21:24:23,2026-09-29T21:24:23,2026-09-29T21:24:23
6561,是方,2021-09-07,272.5,-1.0,-0.37%,,,,,,,,,ShowDailyK_ChartFlow,FinMind_API_TaiwanStockPrice_6561,True,2026-09-29T21:24:23,2026-09-29T21:24:23,2026-09-29T21:24:23
6561,是方,2021-09-08,271.5,-1.0,-0.37%,,,,,,,,,ShowDailyK_ChartFlow,FinMind_API_TaiwanStockPrice_6561,True,2026-09-29T21:24:23,2026-09-29T21:24:23,2026-09-29T21:24:23
6561,是方,2021-09-09,272.5,1.0,0.37%,,,,,,,,,ShowDailyK_ChartFlow,FinMind_API_TaiwanStockPrice_6561,True,2026-09-29T21:24:23,2026-09-29T21:24:23,2026-09-29T21:24:23
6561,是方,2021-09-10,271.0,-1.5,-0.55%,,,,,,,,,ShowDailyK_ChartFlow,FinMind_API_TaiwanStockPrice_6561,True,2026-09-29T21:24:23,2026-09-29T21:24:23,2026-09-29T21:24:23
6561,是方,2021-09-13,269.5,-1.5,-0.55%,,,,,,,,,ShowDailyK_ChartFlow,FinMind_API_TaiwanStockPrice_6561,True,2026-09-29T21:24:23,2026-09-29T21:24:23,2026-09-29T21:24:23
6561,是方,2021-09-14,270.5,1.0,0.37%,,,,,,,,,ShowDailyK_ChartFlow,FinMind_API_TaiwanStockPrice_6561,True,2026-09-29T21:24:23,2026-09-29T21:24:23,2026-09-29T21:24:23
6561,是方,2021-09-15,266.0,-4.5,-1.66%,,,,,,,,,ShowDailyK_ChartFlow,FinMind_API_TaiwanStockPrice_6561,True,2026-09-29T21:24:23,2026-09-29T21:24:23,2026-09-29T21:24:23
6561,是方,2021-09-16,265.0,-1.0,-0.38%,,,,,,,,,ShowDailyK_ChartFlow,FinMind_API_TaiwanStockPrice_6561,True,2026-09-29T21:24:23,2026-09-29T21:24:23,2026-09-29T21:24:23
6561,是方,2021-09-17,267.5,2.5,0.94%,,,,,,,,,ShowDailyK_ChartFlow,FinMind_API_TaiwanStockPrice_6561,True,2026-09-29T21:24:23,2026-09-29T21:24:23,2026-09-29T21:24:23
6561,是方,2021-09-22,265.5,-2.0,-0.75%,,,,,,,,,ShowDailyK_ChartFlow,FinMind_API_TaiwanStockPrice_6561,True,2026-09-29T21:24:23,2026-09-29T21:24:23,2026-09-29T21:24:23
6561,是方,2021-09-23,268.5,3.0,1.13%,,,,,,,,,ShowDailyK_ChartFlow,FinMind_API_TaiwanStockPrice_6561,True,2026-09-29T21:24:23,2026-09-29T21:24:23,2026-09-29T21:24:23
6561,是方,2021-09-24,271.0,2.5,0.93%,,,,,,,,,ShowDailyK_ChartFlow,FinMind_API_TaiwanStockPrice_6561,True,2026-09-29T21:24:23,2026-09-29T21:24:23,2026-09-29T21:24:23
6561,是方,2021-09-27,277.0,6.0,2.21%,,,,,,,,,ShowDailyK_ChartFlow,FinMind_API_TaiwanStockPrice_6561,True,2026-09-29T21:24:23,2026-09-29T21:24:23,2026-09-29T21:24:23
6561,是方,2021-09-28,275.0,-2.0,-0.72%,,,,,,,,,ShowDailyK_ChartFlow,FinMind_API_TaiwanStockPrice_6561,True,2026-09-29T21:24:23,2026-09-29T21:24:23,2026-09-29T21:24:23
6561,是方,2021-09-29,271.0,-4.0,-1.45%,,,,,,,,,ShowDailyK_ChartFlow,FinMind_API_TaiwanStockPrice_6561,True,2026-09-29T21:24:23,2026-09-29T21:24:23,2026-09-29T21:24:23
6561,是方,2021-09-30,271.0,0.0,0.00%,,,,,,,,,ShowDailyK_ChartFlow,FinMind_API_TaiwanStockPrice_6561,True,2026-09-29T21:24:23,2026-09-29T21:24:23,2026-09-29T21:24:23
6561,是方,2021-10-01,266.0,-5.0,-1.85%,,,,,,,,,ShowDailyK_ChartFlow,FinMind_API_TaiwanStockPrice_6561,True,2026-09-29T21:24:23,2026-09-29T21:24:23,2026-09-29T21:24:23
6561,是方,2021-10-04,264.5,-1.5,-0.56%,,,,,,,,,ShowDailyK_ChartFlow,FinMind_API_TaiwanStockPrice_6561,True,2026-09-29T21:24:23,2026-09-29T21:24:23,2026-09-29T21:24:23
6561,是方,2021-10-05,263.5,-1.0,-0.38%,,,,,,,,,ShowDailyK_ChartFlow,FinMind_API_TaiwanStockPrice_6561,True,2026-09-29T21:24:23,2026-09-29T21:24:23,2026-09-29T21:24:23
6561,是方,2021-10-06,262.0,-1.5,-0.57%,,,,,,,,,ShowDailyK_ChartFlow,FinMind_API_TaiwanStockPrice_6561,True,2026-09-29T21:24:23,2026-09-29T21:24:23,2026-09-29T21:24:23
6561,是方,2021-10-07,265.5,3.5,1.34%,,,,,,,,,ShowDailyK_ChartFlow,FinMind_API_TaiwanStockPrice_6561,True,2026-09-29T21:24:23,2026-09-29T21:24:23,2026-09-29T21:24:23
6561,是方,2021-10-08,265.5,0.0,0.00%,,,,,,,,,ShowDailyK_ChartFlow,FinMind_API_TaiwanStockPrice_6561,True,2026-09-29T21:24:23,2026-09-29T21:24:23,2026-09-29T21:24:23
6561,是方,2021-10-12,262.0,-3.5,-1.32%,,,,,,,,,ShowDailyK_ChartFlow,FinMind_API_TaiwanStockPrice_6561,True,2026-09-29T21:24:23,2026-09-29T21:24:23,2026-09-29T21:24:23
6561,是方,2021-10-13,262.0,0.0,0.00%,,,,,,,,,ShowDailyK_ChartFlow,FinMind_API_TaiwanStockPrice_6561,True,2026-09-29T21:24:23,2026-09-29T21:24:23,2026-09-29T21:24:23
6561,是方,2021-10-14,261.5,-0.5,-0.19%,,,,,,,,,ShowDailyK_ChartFlow,FinMind_API_TaiwanStockPrice_6561,True,2026-09-29T21:24:23,2026-09-29T21:24:23,2026-09-29T21:24:23
6561,是方,2021-10-15,267.0,5.5,2.10%,,,,,,,,,ShowDailyK_ChartFlow,FinMind_API_TaiwanStockPrice_6561,True,2026-09-29T21:24:23,2026-09-29T21:24:23,2026-09-29T21:24:23
6561,是方,2021-10-18,268.5,1.5,0.56%,,,,,,,,,ShowDailyK_ChartFlow,FinMind_API_TaiwanStockPrice_6561,True,2026-09-29T21:24:23,2026-09-29T21:24:23,2026-09-29T21:24:23
6561,是方,2021-10-19,268.0,-0.5,-0.19%,,,,,,,,,ShowDailyK_ChartFlow,FinMind_API_TaiwanStockPrice_6561,True,2026-09-29T21:24:23,2026-09-29T21:24:23,2026-09-29T21:24:23
6561,是方,2021-10-20,271.0,3.0,1.12%,,,,,,,,,ShowDailyK_ChartFlow,FinMind_API_TaiwanStockPrice_6561,True,2026-09-29T21:24:23,2026-09-29T21:24:23,2026-09-29T21:24:23
6561,是方,2021-10-21,275.0,4.0,1.48%,,,,,,,,,ShowDailyK_ChartFlow,FinMind_API_TaiwanStockPrice_6561,True,2026-09-29T21:24:23,2026-09-29T21:24:23,2026-09-29T21:24:23
6561,是方,2021-10-22,277.0,2.0,0.73%,,,,,,,,,ShowDailyK_ChartFlow,FinMind_API_TaiwanStockPrice_6561,True,2026-09-29T21:24:23,2026-09-29T21:24:23,2026-09-29T21:24:23
6561,是方,2021-10-25,277.5,0.5,0.18%,,,,,,,,,ShowDailyK_ChartFlow,FinMind_API_TaiwanStockPrice_6561,True,2026-09-29T21:24:23,2026-09-29T21:24:23,2026-09-29T21:24:23
6561,是方,2021-10-26,275.0,-2.5,-0.90%,,,,,,,,,ShowDailyK_ChartFlow,FinMind_API_TaiwanStockPrice_6561,True,2026-09-29T21:24:23,2026-09-29T21:24:23,2026-09-29T21:24:23
6561,是方,2021-10-27,273.0,-2.0,-0.73%,,,,,,,,,ShowDailyK_ChartFlow,FinMind_API_TaiwanStockPrice_6561,True,2026-09-29T21:24:23,2026-09-29T21:24:23,2026-09-29T21:24:23
6561,是方,2021-10-28,272.5,-0.5,-0.18%,,,,,,,,,ShowDailyK_ChartFlow,FinMind_API_TaiwanStockPrice_6561,True,2026-09-29T21:24:23,2026-09-29T21:24:23,2026-09-29T21:24:23
6561,是方,2021-10-29,285.0,12.5,4.59%,,,,,,,,,ShowDailyK_ChartFlow,FinMind_API_TaiwanStockPrice_6561,True,2026-09-29T21:24:23,2026-09-29T21:24:23,2026-09-29T21:24:23
6561,是方,2021-11-01,282.0,-3.0,-1.05%,,,,,,,,,ShowDailyK_ChartFlow,FinMind_API_TaiwanStockPrice_6561,True,2026-09-29T21:24:23,2026-09-29T21:24:23,2026-09-29T21:24:23
6561,是方,2021-11-02,283.0,1.0,0.35%,,,,,,,,,ShowDailyK_ChartFlow,FinMind_API_TaiwanStockPrice_6561,True,2026-09-29T21:24:23,2026-09-29T21:24:23,2026-09-29T21:24:23
6561,是方,2021-11-03,282.0,-1.0,-0.35%,,,,,,,,,ShowDailyK_ChartFlow,FinMind_API_TaiwanStockPrice_6561,True,2026-09-29T21:24:23,2026-09-29T21:24:23,2026-09-29T21:24:23
6561,是方,2021-11-04,280.0,-2.0,-0.71%,,,,,,,,,ShowDailyK_ChartFlow,FinMind_API_TaiwanStockPrice_6561,True,2026-09-29T21:24:23,2026-09-29T21:24:23,2026-09-29T21:24:23
6561,是方,2021-11-05,283.5,3.5,1.25%,,,,,,,,,ShowDailyK_ChartFlow,FinMind_API_TaiwanStockPrice_6561,True,2026-09-29T21:24:23,2026-09-29T21:24:23,2026-09-29T21:24:23
6561,是方,2021-11-08,285.0,1.5,0.53%,,,,,,,,,ShowDailyK_ChartFlow,FinMind_API_TaiwanStockPrice_6561,True,2026-09-29T21:24:23,2026-09-29T21:24:23,2026-09-29T21:24:23
6561,是方,2021-11-09,285.5,0.5,0.18%,,,,,,,,,ShowDailyK_ChartFlow,FinMind_API_TaiwanStockPrice_6561,True,2026-09-29T21:24:23,2026-09-29T21:24:23,2026-09-29T21:24:23
6561,是方,2021-11-10,292.0,6.5,2.28%,,,,,,,,,ShowDailyK_ChartFlow,FinMind_API_TaiwanStockPrice_6561,True,2026-09-29T21:24:23,2026-09-29T21:24:23,2026-09-29T21:24:23
6561,是方,2021-11-11,288.5,-3.5,-1.20%,,,,,,,,,ShowDailyK_ChartFlow,FinMind_API_TaiwanStockPrice_6561,True,2026-09-29T21:24:23,2026-09-29T21:24:23,2026-09-29T21:24:23
6561,是方,2021-11-12,285.0,-3.5,-1.21%,,,,,,,,,ShowDailyK_ChartFlow,FinMind_API_TaiwanStockPrice_6561,True,2026-09-29T21:24:23,2026-09-29T21:24:23,2026-09-29T21:24:23
6561,是方,2021-11-15,287.0,2.0,0.70%,,,,,,,,,ShowDailyK_ChartFlow,FinMind_API_TaiwanStockPrice_6561,True,2026-09-29T21:24:23,2026-09-29T21:24:23,2026-09-29T21:24:23
6561,是方,2021-11-16,287.0,0.0,0.00%,,,,,,,,,ShowDailyK_ChartFlow,FinMind_API_TaiwanStockPrice_6561,True,2026-09-29T21:24:23,2026-09-29T21:24:23,2026-09-29T21:24:23
6561,是方,2021-11-17,288.0,1.0,0.35%,,,,,,,,,ShowDailyK_ChartFlow,FinMind_API_TaiwanStockPrice_6561,True,2026-09-29T21:24:23,2026-09-29T21:24:23,2026-09-29T21:24:23
6561,是方,2021-11-18,287.5,-0.5,-0.17%,,,,,,,,,ShowDailyK_ChartFlow,FinMind_API_TaiwanStockPrice_6561,True,2026-09-29T21:24:23,2026-09-29T21:24:23,2026-09-29T21:24:23
6561,是方,2021-11-19,285.0,-2.5,-0.87%,,,,,,,,,ShowDailyK_ChartFlow,FinMind_API_TaiwanStockPrice_6561,True,2026-09-29T21:24:23,2026-09-29T21:24:23,2026-09-29T21:24:23
6561,是方,2021-11-22,283.0,-2.0,-0.70%,,,,,,,,,ShowDailyK_ChartFlow,FinMind_API_TaiwanStockPrice_6561,True,2026-09-29T21:24:23,2026-09-29T21:24:23,2026-09-29T21:24:23
6561,是方,2021-11-23,282.0,-1.0,-0.35%,,,,,,,,,ShowDailyK_ChartFlow,FinMind_API_TaiwanStockPrice_6561,True,2026-09-29T21:24:23,2026-09-29T21:24:23,2026-09-29T21:24:23
6561,是方,2021-11-24,278.5,-3.5,-1.24%,,,,,,,,,ShowDailyK_ChartFlow,FinMind_API_TaiwanStockPrice_6561,True,2026-09-29T21:24:23,2026-09-29T21:24:23,2026-09-29T21:24:23
6561,是方,2021-11-25,280.5,2.0,0.72%,,,,,,,,,ShowDailyK_ChartFlow,FinMind_API_TaiwanStockPrice_6561,True,2026-09-29T21:24:23,2026-09-29T21:24:23,2026-09-29T21:24:23
6561,是方,2021-11-26,277.0,-3.5,-1.25%,,,,,,,,,ShowDailyK_ChartFlow,FinMind_API_TaiwanStockPrice_6561,True,2026-09-29T21:24:23,2026-09-29T21:24:23,2026-09-29T21:24:23
6561,是方,2021-11-29,272.0,-5.0,-1.81%,,,,,,,,,ShowDailyK_ChartFlow,FinMind_API_TaiwanStockPrice_6561,True,2026-09-29T21:24:23,2026-09-29T21:24:23,2026-09-29T21:24:23
6561,是方,2021-11-30,271.0,-1.0,-0.37%,,,,,,,,,ShowDailyK_ChartFlow,FinMind_API_TaiwanStockPrice_6561,True,2026-09-29T21:24:23,2026-09-29T21:24:23,2026-09-29T21:24:23
6561,是方,2021-12-01,272.0,1.0,0.37%,,,,,,,,,ShowDailyK_ChartFlow,FinMind_API_TaiwanStockPrice_6561,True,2026-09-29T21:24:23,2026-09-29T21:24:23,2026-09-29T21:24:23
6561,是方,2021-12-02,270.0,-2.0,-0.74%,,,,,,,,,ShowDailyK_ChartFlow,FinMind_API_TaiwanStockPrice_6561,True,2026-09-29T21:24:23,2026-09-29T21:24:23,2026-09-29T21:24:23
6561,是方,2021-12-03,272.0,2.0,0.74%,,,,,,,,,ShowDailyK_ChartFlow,FinMind_API_TaiwanStockPrice_6561,True,2026-09-29T21:24:23,2026-09-29T21:24:23,2026-09-29T21:24:23
6561,是方,2021-12-06,269.5,-2.5,-0.92%,,,,,,,,,ShowDailyK_ChartFlow,FinMind_API_TaiwanStockPrice_6561,True,2026-09-29T21:24:23,2026-09-29T21:24:23,2026-09-29T21:24:23
6561,是方,2021-12-07,274.0,4.5,1.67%,,,,,,,,,ShowDailyK_ChartFlow,FinMind_API_TaiwanStockPrice_6561,True,2026-09-29T21:24:23,2026-09-29T21:24:23,2026-09-29T21:24:23
6561,是方,2021-12-08,272.5,-1.5,-0.55%,,,,,,,,,ShowDailyK_ChartFlow,FinMind_API_TaiwanStockPrice_6561,True,2026-09-29T21:24:23,2026-09-29T21:24:23,2026-09-29T21:24:23
6561,是方,2021-12-09,272.5,0.0,0.00%,,,,,,,,,ShowDailyK_ChartFlow,FinMind_API_TaiwanStockPrice_6561,True,2026-09-29T21:24:23,2026-09-29T21:24:23,2026-09-29T21:24:23
6561,是方,2021-12-10,273.5,1.0,0.37%,,,,,,,,,ShowDailyK_ChartFlow,FinMind_API_TaiwanStockPrice_6561,True,2026-09-29T21:24:23,2026-09-29T21:24:23,2026-09-29T21:24:23
6561,是方,2021-12-13,275.5,2.0,0.73%,,,,,,,,,ShowDailyK_ChartFlow,FinMind_API_TaiwanStockPrice_6561,True,2026-09-29T21:24:23,2026-09-29T21:24:23,2026-09-29T21:24:23
6561,是方,2021-12-14,278.0,2.5,0.91%,,,,,,,,,ShowDailyK_ChartFlow,FinMind_API_TaiwanStockPrice_6561,True,2026-09-29T21:24:23,2026-09-29T21:24:23,2026-09-29T21:24:23
6561,是方,2021-12-15,279.5,1.5,0.54%,,,,,,,,,ShowDailyK_ChartFlow,FinMind_API_TaiwanStockPrice_6561,True,2026-09-29T21:24:23,2026-09-29T21:24:23,2026-09-29T21:24:23
6561,是方,2021-12-16,283.0,3.5,1.25%,,,,,,,,,ShowDailyK_ChartFlow,FinMind_API_TaiwanStockPrice_6561,True,2026-09-29T21:24:23,2026-09-29T21:24:23,2026-09-29T21:24:23
6561,是方,2021-12-17,280.0,-3.0,-1.06%,,,,,,,,,ShowDailyK_ChartFlow,FinMind_API_TaiwanStockPrice_6561,True,2026-09-29T21:24:23,2026-09-29T21:24:23,2026-09-29T21:24:23
6561,是方,2021-12-20,281.0,1.0,0.36%,,,,,,,,,ShowDailyK_ChartFlow,FinMind_API_TaiwanStockPrice_6561,True,2026-09-29T21:24:23,2026-09-29T21:24:23,2026-09-29T21:24:23
6561,是方,2021-12-21,281.0,0.0,0.00%,,,,,,,,,ShowDailyK_ChartFlow,FinMind_API_TaiwanStockPrice_6561,True,2026-09-29T21:24:23,2026-09-29T21:24:23,2026-09-29T21:24:23
6561,是方,2021-12-22,281.5,0.5,0.18%,,,,,,,,,ShowDailyK_ChartFlow,FinMind_API_TaiwanStockPrice_6561,True,2026-09-29T21:24:23,2026-09-29T21:24:23,2026-09-29T21:24:23
6561,是方,2021-12-23,280.0,-1.5,-0.53%,,,,,,,,,ShowDailyK_ChartFlow,FinMind_API_TaiwanStockPrice_6561,True,2026-09-29T21:24:23,2026-09-29T21:24:23,2026-09-29T21:24:23
6561,是方,2021-12-24,280.0,0.0,0.00%,,,,,,,,,ShowDailyK_ChartFlow,FinMind_API_TaiwanStockPrice_6561,True,2026-09-29T21:24:23,2026-09-29T21:24:23,2026-09-29T21:24:23
6561,是方,2021-12-27,280.5,0.5,0.18%,,,,,,,,,ShowDailyK_ChartFlow,FinMind_API_TaiwanStockPrice_6561,True,2026-09-29T21:24:23,2026-09-29T21:24:23,2026-09-29T21:24:23
6561,是方,2021-12-28,278.0,-2.5,-0.89%,,,,,,,,,ShowDailyK_ChartFlow,FinMind_API_TaiwanStockPrice_6561,True,2026-09-29T21:24:23,2026-09-29T21:24:23,2026-09-29T21:24:23
6561,是方,2021-12-29,279.0,1.0,0.36%,,,,,,,,,ShowDailyK_ChartFlow,FinMind_API_TaiwanStockPrice_6561,True,2026-09-29T21:24:23,2026-09-29T21:24:23,2026-09-29T21:24:23
6561,是方,2021-12-30,279.5,0.5,0.18%,,,,,,,,,ShowDailyK_ChartFlow,FinMind_API_TaiwanStockPrice_6561,True,2026-09-29T21:24:23,2026-09-29T21:24:23,2026-09-29T21:24:23
6561,是方,2022-01-03,278.0,-1.5,-0.54%,,,,,,,,,ShowDailyK_ChartFlow,FinMind_API_TaiwanStockPrice_6561,True,2026-09-29T21:24:23,2026-09-29T21:24:23,2026-09-29T21:24:23
6561,是方,2022-01-04,279.0,1.0,0.36%,,,,,,,,,ShowDailyK_ChartFlow,FinMind_API_TaiwanStockPrice_6561,True,2026-09-29T21:24:23,2026-09-29T21:24:23,2026-09-29T21:24:23
6561,是方,2022-01-05,279.5,0.5,0.18%,,,,,,,,,ShowDailyK_ChartFlow,FinMind_API_TaiwanStockPrice_6561,True,2026-09-29T21:24:23,2026-09-29T21:24:23,2026-09-29T21:24:23
6561,是方,2022-01-06,275.0,-4.5,-1.61%,,,,,,,,,ShowDailyK_ChartFlow,FinMind_API_TaiwanStockPrice_6561,True,2026-09-29T21:24:23,2026-09-29T21:24:23,2026-09-29T21:24:23
6561,是方,2022-01-07,280.0,5.0,1.82%,,,,,,,,,ShowDailyK_ChartFlow,FinMind_API_TaiwanStockPrice_6561,True,2026-09-29T21:24:23,2026-09-29T21:24:23,2026-09-29T21:24:23
6561,是方,2022-01-10,275.5,-4.5,-1.61%,,,,,,,,,ShowDailyK_ChartFlow,FinMind_API_TaiwanStockPrice_6561,True,2026-09-29T21:24:23,2026-09-29T21:24:23,2026-09-29T21:24:23
6561,是方,2022-01-11,274.5,-1.0,-0.36%,,,,,,,,,ShowDailyK_ChartFlow,FinMind_API_TaiwanStockPrice_6561,True,2026-09-29T21:24:23,2026-09-29T21:24:23,2026-09-29T21:24:23
6561,是方,2022-01-12,276.0,1.5,0.55%,,,,,,,,,ShowDailyK_ChartFlow,FinMind_API_TaiwanStockPrice_6561,True,2026-09-29T21:24:23,2026-09-29T21:24:23,2026-09-29T21:24:23
6561,是方,2022-01-13,276.0,0.0,0.00%,,,,,,,,,ShowDailyK_ChartFlow,FinMind_API_TaiwanStockPrice_6561,True,2026-09-29T21:24:23,2026-09-29T21:24:23,2026-09-29T21:24:23
6561,是方,2022-01-14,274.0,-2.0,-0.72%,,,,,,,,,ShowDailyK_ChartFlow,FinMind_API_TaiwanStockPrice_6561,True,2026-09-29T21:24:23,2026-09-29T21:24:23,2026-09-29T21:24:23
6561,是方,2022-01-17,273.5,-0.5,-0.18%,,,,,,,,,ShowDailyK_ChartFlow,FinMind_API_TaiwanStockPrice_6561,True,2026-09-29T21:24:23,2026-09-29T21:24:23,2026-09-29T21:24:23
6561,是方,2022-01-18,270.5,-3.0,-1.10%,,,,,,,,,ShowDailyK_ChartFlow,FinMind_API_TaiwanStockPrice_6561,True,2026-09-29T21:24:23,2026-09-29T21:24:23,2026-09-29T21:24:23
6561,是方,2022-01-19,270.0,-0.5,-0.18%,,,,,,,,,ShowDailyK_ChartFlow,FinMind_API_TaiwanStockPrice_6561,True,2026-09-29T21:24:23,2026-09-29T21:24:23,2026-09-29T21:24:23
6561,是方,2022-01-20,271.5,1.5,0.56%,,,,,,,,,ShowDailyK_ChartFlow,FinMind_API_TaiwanStockPrice_6561,True,2026-09-29T21:24:23,2026-09-29T21:24:23,2026-09-29T21:24:23
6561,是方,2022-01-21,267.5,-4.0,-1.47%,,,,,,,,,ShowDailyK_ChartFlow,FinMind_API_TaiwanStockPrice_6561,True,2026-09-29T21:24:23,2026-09-29T21:24:23,2026-09-29T21:24:23
6561,是方,2022-01-24,265.5,-2.0,-0.75%,,,,,,,,,ShowDailyK_ChartFlow,FinMind_API_TaiwanStockPrice_6561,True,2026-09-29T21:24:23,2026-09-29T21:24:23,2026-09-29T21:24:23
6561,是方,2022-01-25,263.0,-2.5,-0.94%,,,,,,,,,ShowDailyK_ChartFlow,FinMind_API_TaiwanStockPrice_6561,True,2026-09-29T21:24:23,2026-09-29T21:24:23,2026-09-29T21:24:23
6561,是方,2022-01-26,264.5,1.5,0.57%,,,,,,,,,ShowDailyK_ChartFlow,FinMind_API_TaiwanStockPrice_6561,True,2026-09-29T21:24:23,2026-09-29T21:24:23,2026-09-29T21:24:23
6561,是方,2022-02-07,265.0,0.5,0.19%,,,,,,,,,ShowDailyK_ChartFlow,FinMind_API_TaiwanStockPrice_6561,True,2026-09-29T21:24:23,2026-09-29T21:24:23,2026-09-29T21:24:23
6561,是方,2022-02-08,265.5,0.5,0.19%,,,,,,,,,ShowDailyK_ChartFlow,FinMind_API_TaiwanStockPrice_6561,True,2026-09-29T21:24:23,2026-09-29T21:24:23,2026-09-29T21:24:23
6561,是方,2022-02-09,266.0,0.5,0.19%,,,,,,,,,ShowDailyK_ChartFlow,FinMind_API_TaiwanStockPrice_6561,True,2026-09-29T21:24:23,2026-09-29T21:24:23,2026-09-29T21:24:23
6561,是方,2022-02-10,265.5,-0.5,-0.19%,,,,,,,,,ShowDailyK_ChartFlow,FinMind_API_TaiwanStockPrice_6561,True,2026-09-29T21:24:23,2026-09-29T21:24:23,2026-09-29T21:24:23
6561,是方,2022-02-11,265.0,-0.5,-0.19%,,,,,,,,,ShowDailyK_ChartFlow,FinMind_API_TaiwanStockPrice_6561,True,2026-09-29T21:24:23,2026-09-29T21:24:23,2026-09-29T21:24:23
6561,是方,2022-02-14,262.0,-3.0,-1.13%,,,,,,,,,ShowDailyK_ChartFlow,FinMind_API_TaiwanStockPrice_6561,True,2026-09-29T21:24:23,2026-09-29T21:24:23,2026-09-29T21:24:23
6561,是方,2022-02-15,262.5,0.5,0.19%,,,,,,,,,ShowDailyK_ChartFlow,FinMind_API_TaiwanStockPrice_6561,True,2026-09-29T21:24:23,2026-09-29T21:24:23,2026-09-29T21:24:23
6561,是方,2022-02-16,264.0,1.5,0.57%,,,,,,,,,ShowDailyK_ChartFlow,FinMind_API_TaiwanStockPrice_6561,True,2026-09-29T21:24:23,2026-09-29T21:24:23,2026-09-29T21:24:23
6561,是方,2022-02-17,267.0,3.0,1.14%,,,,,,,,,ShowDailyK_ChartFlow,FinMind_API_TaiwanStockPrice_6561,True,2026-09-29T21:24:23,2026-09-29T21:24:23,2026-09-29T21:24:23
6561,是方,2022-02-18,276.0,9.0,3.37%,,,,,,,,,ShowDailyK_ChartFlow,FinMind_API_TaiwanStockPrice_6561,True,2026-09-29T21:24:23,2026-09-29T21:24:23,2026-09-29T21:24:23
6561,是方,2022-02-21,273.5,-2.5,-0.91%,,,,,,,,,ShowDailyK_ChartFlow,FinMind_API_TaiwanStockPrice_6561,True,2026-09-29T21:24:23,2026-09-29T21:24:23,2026-09-29T21:24:23
6561,是方,2022-02-22,269.5,-4.0,-1.46%,,,,,,,,,ShowDailyK_ChartFlow,FinMind_API_TaiwanStockPrice_6561,True,2026-09-29T21:24:23,2026-09-29T21:24:23,2026-09-29T21:24:23
6561,是方,2022-02-23,273.0,3.5,1.30%,,,,,,,,,ShowDailyK_ChartFlow,FinMind_API_TaiwanStockPrice_6561,True,2026-09-29T21:24:23,2026-09-29T21:24:23,2026-09-29T21:24:23
6561,是方,2022-02-24,268.0,-5.0,-1.83%,,,,,,,,,ShowDailyK_ChartFlow,FinMind_API_TaiwanStockPrice_6561,True,2026-09-29T21:24:23,2026-09-29T21:24:23,2026-09-29T21:24:23
6561,是方,2022-02-25,271.5,3.5,1.31%,,,,,,,,,ShowDailyK_ChartFlow,FinMind_API_TaiwanStockPrice_6561,True,2026-09-29T21:24:23,2026-09-29T21:24:23,2026-09-29T21:24:23
6561,是方,2022-03-01,273.0,1.5,0.55%,,,,,,,,,ShowDailyK_ChartFlow,FinMind_API_TaiwanStockPrice_6561,True,2026-09-29T21:24:23,2026-09-29T21:24:23,2026-09-29T21:24:23
6561,是方,2022-03-02,271.5,-1.5,-0.55%,,,,,,,,,ShowDailyK_ChartFlow,FinMind_API_TaiwanStockPrice_6561,True,2026-09-29T21:24:23,2026-09-29T21:24:23,2026-09-29T21:24:23
6561,是方,2022-03-03,271.5,0.0,0.00%,,,,,,,,,ShowDailyK_ChartFlow,FinMind_API_TaiwanStockPrice_6561,True,2026-09-29T21:24:23,2026-09-29T21:24:23,2026-09-29T21:24:23
6561,是方,2022-03-04,273.0,1.5,0.55%,,,,,,,,,ShowDailyK_ChartFlow,FinMind_API_TaiwanStockPrice_6561,True,2026-09-29T21:24:23,2026-09-29T21:24:23,2026-09-29T21:24:23
6561,是方,2022-03-07,276.0,3.0,1.10%,,,,,,,,,ShowDailyK_ChartFlow,FinMind_API_TaiwanStockPrice_6561,True,2026-09-29T21:24:23,2026-09-29T21:24:23,2026-09-29T21:24:23
6561,是方,2022-03-08,278.0,2.0,0.72%,,,,,,,,,ShowDailyK_ChartFlow,FinMind_API_TaiwanStockPrice_6561,True,2026-09-29T21:24:23,2026-09-29T21:24:23,2026-09-29T21:24:23
6561,是方,2022-03-09,280.0,2.0,0.72%,,,,,,,,,ShowDailyK_ChartFlow,FinMind_API_TaiwanStockPrice_6561,True,2026-09-29T21:24:23,2026-09-29T21:24:23,2026-09-29T21:24:23
6561,是方,2022-03-10,282.0,2.0,0.71%,,,,,,,,,ShowDailyK_ChartFlow,FinMind_API_TaiwanStockPrice_6561,True,2026-09-29T21:24:23,2026-09-29T21:24:23,2026-09-29T21:24:23
6561,是方,2022-03-11,280.0,-2.0,-0.71%,,,,,,,,,ShowDailyK_ChartFlow,FinMind_API_TaiwanStockPrice_6561,True,2026-09-29T21:24:23,2026-09-29T21:24:23,2026-09-29T21:24:23
6561,是方,2022-03-14,277.0,-3.0,-1.07%,,,,,,,,,ShowDailyK_ChartFlow,FinMind_API_TaiwanStockPrice_6561,True,2026-09-29T21:24:23,2026-09-29T21:24:23,2026-09-29T21:24:23
6561,是方,2022-03-15,270.5,-6.5,-2.35%,,,,,,,,,ShowDailyK_ChartFlow,FinMind_API_TaiwanStockPrice_6561,True,2026-09-29T21:24:23,2026-09-29T21:24:23,2026-09-29T21:24:23
6561,是方,2022-03-16,273.5,3.0,1.11%,,,,,,,,,ShowDailyK_ChartFlow,FinMind_API_TaiwanStockPrice_6561,True,2026-09-29T21:24:23,2026-09-29T21:24:23,2026-09-29T21:24:23
6561,是方,2022-03-17,274.0,0.5,0.18%,,,,,,,,,ShowDailyK_ChartFlow,FinMind_API_TaiwanStockPrice_6561,True,2026-09-29T21:24:23,2026-09-29T21:24:23,2026-09-29T21:24:23
6561,是方,2022-03-18,280.5,6.5,2.37%,,,,,,,,,ShowDailyK_ChartFlow,FinMind_API_TaiwanStockPrice_6561,True,2026-09-29T21:24:23,2026-09-29T21:24:23,2026-09-29T21:24:23
6561,是方,2022-03-21,278.0,-2.5,-0.89%,,,,,,,,,ShowDailyK_ChartFlow,FinMind_API_TaiwanStockPrice_6561,True,2026-09-29T21:24:23,2026-09-29T21:24:23,2026-09-29T21:24:23
6561,是方,2022-03-22,277.5,-0.5,-0.18%,,,,,,,,,ShowDailyK_ChartFlow,FinMind_API_TaiwanStockPrice_6561,True,2026-09-29T21:24:23,2026-09-29T21:24:23,2026-09-29T21:24:23
6561,是方,2022-03-23,277.5,0.0,0.00%,,,,,,,,,ShowDailyK_ChartFlow,FinMind_API_TaiwanStockPrice_6561,True,2026-09-29T21:24:23,2026-09-29T21:24:23,2026-09-29T21:24:23
6561,是方,2022-03-24,277.0,-0.5,-0.18%,,,,,,,,,ShowDailyK_ChartFlow,FinMind_API_TaiwanStockPrice_6561,True,2026-09-29T21:24:23,2026-09-29T21:24:23,2026-09-29T21:24:23
6561,是方,2022-03-25,276.5,-0.5,-0.18%,,,,,,,,,ShowDailyK_ChartFlow,FinMind_API_TaiwanStockPrice_6561,True,2026-09-29T21:24:23,2026-09-29T21:24:23,2026-09-29T21:24:23
6561,是方,2022-03-28,276.5,0.0,0.00%,,,,,,,,,ShowDailyK_ChartFlow,FinMind_API_TaiwanStockPrice_6561,True,2026-09-29T21:24:23,2026-09-29T21:24:23,2026-09-29T21:24:23
6561,是方,2022-03-29,275.5,-1.0,-0.36%,,,,,,,,,ShowDailyK_ChartFlow,FinMind_API_TaiwanStockPrice_6561,True,2026-09-29T21:24:23,2026-09-29T21:24:23,2026-09-29T21:24:23
6561,是方,2022-03-30,274.5,-1.0,-0.36%,,,,,,,,,ShowDailyK_ChartFlow,FinMind_API_TaiwanStockPrice_6561,True,2026-09-29T21:24:23,2026-09-29T21:24:23,2026-09-29T21:24:23
6561,是方,2022-03-31,275.0,0.5,0.18%,,,,,,,,,ShowDailyK_ChartFlow,FinMind_API_TaiwanStockPrice_6561,True,2026-09-29T21:24:23,2026-09-29T21:24:23,2026-09-29T21:24:23
6561,是方,2022-04-01,276.0,1.0,0.36%,,,,,,,,,ShowDailyK_ChartFlow,FinMind_API_TaiwanStockPrice_6561,True,2026-09-29T21:24:23,2026-09-29T21:24:23,2026-09-29T21:24:23
6561,是方,2022-04-06,276.0,0.0,0.00%,,,,,,,,,ShowDailyK_ChartFlow,FinMind_API_TaiwanStockPrice_6561,True,2026-09-29T21:24:23,2026-09-29T21:24:23,2026-09-29T21:24:23
6561,是方,2022-04-07,276.0,0.0,0.00%,,,,,,,,,ShowDailyK_ChartFlow,FinMind_API_TaiwanStockPrice_6561,True,2026-09-29T21:24:23,2026-09-29T21:24:23,2026-09-29T21:24:23
6561,是方,2022-04-08,277.0,1.0,0.36%,,,,,,,,,ShowDailyK_ChartFlow,FinMind_API_TaiwanStockPrice_6561,True,2026-09-29T21:24:23,2026-09-29T21:24:23,2026-09-29T21:24:23
6561,是方,2022-04-11,275.0,-2.0,-0.72%,,,,,,,,,ShowDailyK_ChartFlow,FinMind_API_TaiwanStockPrice_6561,True,2026-09-29T21:24:23,2026-09-29T21:24:23,2026-09-29T21:24:23
6561,是方,2022-04-12,272.5,-2.5,-0.91%,,,,,,,,,ShowDailyK_ChartFlow,FinMind_API_TaiwanStockPrice_6561,True,2026-09-29T21:24:23,2026-09-29T21:24:23,2026-09-29T21:24:23
6561,是方,2022-04-13,272.0,-0.5,-0.18%,,,,,,,,,ShowDailyK_ChartFlow,FinMind_API_TaiwanStockPrice_6561,True,2026-09-29T21:24:23,2026-09-29T21:24:23,2026-09-29T21:24:23
6561,是方,2022-04-14,271.0,-1.0,-0.37%,,,,,,,,,ShowDailyK_ChartFlow,FinMind_API_TaiwanStockPrice_6561,True,2026-09-29T21:24:23,2026-09-29T21:24:23,2026-09-29T21:24:23
6561,是方,2022-04-15,275.0,4.0,1.48%,,,,,,,,,ShowDailyK_ChartFlow,FinMind_API_TaiwanStockPrice_6561,True,2026-09-29T21:24:23,2026-09-29T21:24:23,2026-09-29T21:24:23
6561,是方,2022-04-18,271.0,-4.0,-1.45%,,,,,,,,,ShowDailyK_ChartFlow,FinMind_API_TaiwanStockPrice_6561,True,2026-09-29T21:24:23,2026-09-29T21:24:23,2026-09-29T21:24:23
6561,是方,2022-04-19,271.0,0.0,0.00%,,,,,,,,,ShowDailyK_ChartFlow,FinMind_API_TaiwanStockPrice_6561,True,2026-09-29T21:24:23,2026-09-29T21:24:23,2026-09-29T21:24:23
6561,是方,2022-04-20,272.0,1.0,0.37%,,,,,,,,,ShowDailyK_ChartFlow,FinMind_API_TaiwanStockPrice_6561,True,2026-09-29T21:24:23,2026-09-29T21:24:23,2026-09-29T21:24:23
6561,是方,2022-04-21,272.5,0.5,0.18%,,,,,,,,,ShowDailyK_ChartFlow,FinMind_API_TaiwanStockPrice_6561,True,2026-09-29T21:24:23,2026-09-29T21:24:23,2026-09-29T21:24:23
6561,是方,2022-04-22,271.5,-1.0,-0.37%,,,,,,,,,ShowDailyK_ChartFlow,FinMind_API_TaiwanStockPrice_6561,True,2026-09-29T21:24:23,2026-09-29T21:24:23,2026-09-29T21:24:23
6561,是方,2022-04-25,271.0,-0.5,-0.18%,,,,,,,,,ShowDailyK_ChartFlow,FinMind_API_TaiwanStockPrice_6561,True,2026-09-29T21:24:23,2026-09-29T21:24:23,2026-09-29T21:24:23
6561,是方,2022-04-26,276.0,5.0,1.85%,,,,,,,,,ShowDailyK_ChartFlow,FinMind_API_TaiwanStockPrice_6561,True,2026-09-29T21:24:23,2026-09-29T21:24:23,2026-09-29T21:24:23
6561,是方,2022-04-27,276.5,0.5,0.18%,,,,,,,,,ShowDailyK_ChartFlow,FinMind_API_TaiwanStockPrice_6561,True,2026-09-29T21:24:23,2026-09-29T21:24:23,2026-09-29T21:24:23
6561,是方,2022-04-28,285.5,9.0,3.25%,,,,,,,,,ShowDailyK_ChartFlow,FinMind_API_TaiwanStockPrice_6561,True,2026-09-29T21:24:23,2026-09-29T21:24:23,2026-09-29T21:24:23
6561,是方,2022-04-29,286.0,0.5,0.18%,,,,,,,,,ShowDailyK_ChartFlow,FinMind_API_TaiwanStockPrice_6561,True,2026-09-29T21:24:23,2026-09-29T21:24:23,2026-09-29T21:24:23
6561,是方,2022-05-03,286.0,0.0,0.00%,,,,,,,,,ShowDailyK_ChartFlow,FinMind_API_TaiwanStockPrice_6561,True,2026-09-29T21:24:23,2026-09-29T21:24:23,2026-09-29T21:24:23
6561,是方,2022-05-04,283.0,-3.0,-1.05%,,,,,,,,,ShowDailyK_ChartFlow,FinMind_API_TaiwanStockPrice_6561,True,2026-09-29T21:24:23,2026-09-29T21:24:23,2026-09-29T21:24:23
6561,是方,2022-05-05,284.0,1.0,0.35%,,,,,,,,,ShowDailyK_ChartFlow,FinMind_API_TaiwanStockPrice_6561,True,2026-09-29T21:24:23,2026-09-29T21:24:23,2026-09-29T21:24:23
6561,是方,2022-05-06,286.0,2.0,0.70%,,,,,,,,,ShowDailyK_ChartFlow,FinMind_API_TaiwanStockPrice_6561,True,2026-09-29T21:24:23,2026-09-29T21:24:23,2026-09-29T21:24:23
6561,是方,2022-05-09,284.0,-2.0,-0.70%,,,,,,,,,ShowDailyK_ChartFlow,FinMind_API_TaiwanStockPrice_6561,True,2026-09-29T21:24:23,2026-09-29T21:24:23,2026-09-29T21:24:23
6561,是方,2022-05-10,285.0,1.0,0.35%,,,,,,,,,ShowDailyK_ChartFlow,FinMind_API_TaiwanStockPrice_6561,True,2026-09-29T21:24:23,2026-09-29T21:24:23,2026-09-29T21:24:23
6561,是方,2022-05-11,285.0,0.0,0.00%,,,,,,,,,ShowDailyK_ChartFlow,FinMind_API_TaiwanStockPrice_6561,True,2026-09-29T21:24:23,2026-09-29T21:24:23,2026-09-29T21:24:23
6561,是方,2022-05-12,284.0,-1.0,-0.35%,,,,,,,,,ShowDailyK_ChartFlow,FinMind_API_TaiwanStockPrice_6561,True,2026-09-29T21:24:23,2026-09-29T21:24:23,2026-09-29T21:24:23
6561,是方,2022-05-13,282.0,-2.0,-0.70%,,,,,,,,,ShowDailyK_ChartFlow,FinMind_API_TaiwanStockPrice_6561,True,2026-09-29T21:24:23,2026-09-29T21:24:23,2026-09-29T21:24:23
6561,是方,2022-05-16,282.5,0.5,0.18%,,,,,,,,,ShowDailyK_ChartFlow,FinMind_API_TaiwanStockPrice_6561,True,2026-09-29T21:24:23,2026-09-29T21:24:23,2026-09-29T21:24:23
6561,是方,2022-05-17,282.0,-0.5,-0.18%,,,,,,,,,ShowDailyK_ChartFlow,FinMind_API_TaiwanStockPrice_6561,True,2026-09-29T21:24:23,2026-09-29T21:24:23,2026-09-29T21:24:23
6561,是方,2022-05-18,282.5,0.5,0.18%,,,,,,,,,ShowDailyK_ChartFlow,FinMind_API_TaiwanStockPrice_6561,True,2026-09-29T21:24:23,2026-09-29T21:24:23,2026-09-29T21:24:23
6561,是方,2022-05-19,282.5,0.0,0.00%,,,,,,,,,ShowDailyK_ChartFlow,FinMind_API_TaiwanStockPrice_6561,True,2026-09-29T21:24:23,2026-09-29T21:24:23,2026-09-29T21:24:23
6561,是方,2022-05-20,280.5,-2.0,-0.71%,,,,,,,,,ShowDailyK_ChartFlow,FinMind_API_TaiwanStockPrice_6561,True,2026-09-29T21:24:23,2026-09-29T21:24:23,2026-09-29T21:24:23
6561,是方,2022-05-23,289.0,8.5,3.03%,,,,,,,,,ShowDailyK_ChartFlow,FinMind_API_TaiwanStockPrice_6561,True,2026-09-29T21:24:23,2026-09-29T21:24:23,2026-09-29T21:24:23
6561,是方,2022-05-24,290.5,1.5,0.52%,,,,,,,,,ShowDailyK_ChartFlow,FinMind_API_TaiwanStockPrice_6561,True,2026-09-29T21:24:23,2026-09-29T21:24:23,2026-09-29T21:24:23
6561,是方,2022-05-25,291.5,1.0,0.34%,,,,,,,,,ShowDailyK_ChartFlow,FinMind_API_TaiwanStockPrice_6561,True,2026-09-29T21:24:23,2026-09-29T21:24:23,2026-09-29T21:24:23
6561,是方,2022-05-26,293.5,2.0,0.69%,,,,,,,,,ShowDailyK_ChartFlow,FinMind_API_TaiwanStockPrice_6561,True,2026-09-29T21:24:23,2026-09-29T21:24:23,2026-09-29T21:24:23
6561,是方,2022-05-27,299.0,5.5,1.87%,,,,,,,,,ShowDailyK_ChartFlow,FinMind_API_TaiwanStockPrice_6561,True,2026-09-29T21:24:23,2026-09-29T21:24:23,2026-09-29T21:24:23
6561,是方,2022-05-30,295.5,-3.5,-1.17%,,,,,,,,,ShowDailyK_ChartFlow,FinMind_API_TaiwanStockPrice_6561,True,2026-09-29T21:24:23,2026-09-29T21:24:23,2026-09-29T21:24:23
6561,是方,2022-05-31,304.0,8.5,2.88%,,,,,,,,,ShowDailyK_ChartFlow,FinMind_API_TaiwanStockPrice_6561,True,2026-09-29T21:24:23,2026-09-29T21:24:23,2026-09-29T21:24:23
6561,是方,2022-06-01,306.0,2.0,0.66%,,,,,,,,,ShowDailyK_ChartFlow,FinMind_API_TaiwanStockPrice_6561,True,2026-09-29T21:24:23,2026-09-29T21:24:23,2026-09-29T21:24:23
6561,是方,2022-06-02,299.0,-7.0,-2.29%,,,,,,,,,ShowDailyK_ChartFlow,FinMind_API_TaiwanStockPrice_6561,True,2026-09-29T21:24:23,2026-09-29T21:24:23,2026-09-29T21:24:23
6561,是方,2022-06-06,300.5,1.5,0.50%,,,,,,,,,ShowDailyK_ChartFlow,FinMind_API_TaiwanStockPrice_6561,True,2026-09-29T21:24:23,2026-09-29T21:24:23,2026-09-29T21:24:23
6561,是方,2022-06-07,305.0,4.5,1.50%,,,,,,,,,ShowDailyK_ChartFlow,FinMind_API_TaiwanStockPrice_6561,True,2026-09-29T21:24:23,2026-09-29T21:24:23,2026-09-29T21:24:23
6561,是方,2022-06-08,303.0,-2.0,-0.66%,,,,,,,,,ShowDailyK_ChartFlow,FinMind_API_TaiwanStockPrice_6561,True,2026-09-29T21:24:23,2026-09-29T21:24:23,2026-09-29T21:24:23
6561,是方,2022-06-09,305.0,2.0,0.66%,,,,,,,,,ShowDailyK_ChartFlow,FinMind_API_TaiwanStockPrice_6561,True,2026-09-29T21:24:23,2026-09-29T21:24:23,2026-09-29T21:24:23
6561,是方,2022-06-10,305.5,0.5,0.16%,,,,,,,,,ShowDailyK_ChartFlow,FinMind_API_TaiwanStockPrice_6561,True,2026-09-29T21:24:23,2026-09-29T21:24:23,2026-09-29T21:24:23
6561,是方,2022-06-13,298.5,-7.0,-2.29%,,,,,,,,,ShowDailyK_ChartFlow,FinMind_API_TaiwanStockPrice_6561,True,2026-09-29T21:24:23,2026-09-29T21:24:23,2026-09-29T21:24:23
6561,是方,2022-06-14,300.0,1.5,0.50%,,,,,,,,,ShowDailyK_ChartFlow,FinMind_API_TaiwanStockPrice_6561,True,2026-09-29T21:24:23,2026-09-29T21:24:23,2026-09-29T21:24:23
6561,是方,2022-06-15,300.0,0.0,0.00%,,,,,,,,,ShowDailyK_ChartFlow,FinMind_API_TaiwanStockPrice_6561,True,2026-09-29T21:24:23,2026-09-29T21:24:23,2026-09-29T21:24:23
6561,是方,2022-06-16,298.0,-2.0,-0.67%,,,,,,,,,ShowDailyK_ChartFlow,FinMind_API_TaiwanStockPrice_6561,True,2026-09-29T21:24:23,2026-09-29T21:24:23,2026-09-29T21:24:23
6561,是方,2022-06-17,293.5,-4.5,-1.51%,,,,,,,,,ShowDailyK_ChartFlow,FinMind_API_TaiwanStockPrice_6561,True,2026-09-29T21:24:23,2026-09-29T21:24:23,2026-09-29T21:24:23
6561,是方,2022-06-20,285.5,-8.0,-2.73%,,,,,,,,,ShowDailyK_ChartFlow,FinMind_API_TaiwanStockPrice_6561,True,2026-09-29T21:24:23,2026-09-29T21:24:23,2026-09-29T21:24:23
6561,是方,2022-06-21,287.0,1.5,0.53%,,,,,,,,,ShowDailyK_ChartFlow,FinMind_API_TaiwanStockPrice_6561,True,2026-09-29T21:24:23,2026-09-29T21:24:23,2026-09-29T21:24:23
6561,是方,2022-06-22,277.5,-9.5,-3.31%,,,,,,,,,ShowDailyK_ChartFlow,FinMind_API_TaiwanStockPrice_6561,True,2026-09-29T21:24:23,2026-09-29T21:24:23,2026-09-29T21:24:23
6561,是方,2022-06-23,277.0,-0.5,-0.18%,,,,,,,,,ShowDailyK_ChartFlow,FinMind_API_TaiwanStockPrice_6561,True,2026-09-29T21:24:23,2026-09-29T21:24:23,2026-09-29T21:24:23
6561,是方,2022-06-24,280.5,3.5,1.26%,,,,,,,,,ShowDailyK_ChartFlow,FinMind_API_TaiwanStockPrice_6561,True,2026-09-29T21:24:23,2026-09-29T21:24:23,2026-09-29T21:24:23
6561,是方,2022-06-27,286.0,5.5,1.96%,,,,,,,,,ShowDailyK_ChartFlow,FinMind_API_TaiwanStockPrice_6561,True,2026-09-29T21:24:23,2026-09-29T21:24:23,2026-09-29T21:24:23
6561,是方,2022-06-28,287.5,1.5,0.52%,,,,,,,,,ShowDailyK_ChartFlow,FinMind_API_TaiwanStockPrice_6561,True,2026-09-29T21:24:23,2026-09-29T21:24:23,2026-09-29T21:24:23
6561,是方,2022-06-29,286.0,-1.5,-0.52%,,,,,,,,,ShowDailyK_ChartFlow,FinMind_API_TaiwanStockPrice_6561,True,2026-09-29T21:24:23,2026-09-29T21:24:23,2026-09-29T21:24:23
6561,是方,2022-06-30,280.0,-6.0,-2.10%,,,,,,,,,ShowDailyK_ChartFlow,FinMind_API_TaiwanStockPrice_6561,True,2026-09-29T21:24:23,2026-09-29T21:24:23,2026-09-29T21:24:23
6561,是方,2022-07-01,273.0,-7.0,-2.50%,,,,,,,,,ShowDailyK_ChartFlow,FinMind_API_TaiwanStockPrice_6561,True,2026-09-29T21:24:23,2026-09-29T21:24:23,2026-09-29T21:24:23
6561,是方,2022-07-04,270.5,-2.5,-0.92%,,,,,,,,,ShowDailyK_ChartFlow,FinMind_API_TaiwanStockPrice_6561,True,2026-09-29T21:24:23,2026-09-29T21:24:23,2026-09-29T21:24:23
6561,是方,2022-07-05,268.5,-2.0,-0.74%,,,,,,,,,ShowDailyK_ChartFlow,FinMind_API_TaiwanStockPrice_6561,True,2026-09-29T21:24:23,2026-09-29T21:24:23,2026-09-29T21:24:23
6561,是方,2022-07-06,262.0,-6.5,-2.42%,,,,,,,,,ShowDailyK_ChartFlow,FinMind_API_TaiwanStockPrice_6561,True,2026-09-29T21:24:23,2026-09-29T21:24:23,2026-09-29T21:24:23
6561,是方,2022-07-07,267.0,5.0,1.91%,,,,,,,,,ShowDailyK_ChartFlow,FinMind_API_TaiwanStockPrice_6561,True,2026-09-29T21:24:23,2026-09-29T21:24:23,2026-09-29T21:24:23
6561,是方,2022-07-08,268.0,1.0,0.37%,,,,,,,,,ShowDailyK_ChartFlow,FinMind_API_TaiwanStockPrice_6561,True,2026-09-29T21:24:23,2026-09-29T21:24:23,2026-09-29T21:24:23
6561,是方,2022-07-11,268.5,0.5,0.19%,,,,,,,,,ShowDailyK_ChartFlow,FinMind_API_TaiwanStockPrice_6561,True,2026-09-29T21:24:23,2026-09-29T21:24:23,2026-09-29T21:24:23
6561,是方,2022-07-12,267.5,-1.0,-0.37%,,,,,,,,,ShowDailyK_ChartFlow,FinMind_API_TaiwanStockPrice_6561,True,2026-09-29T21:24:23,2026-09-29T21:24:23,2026-09-29T21:24:23
6561,是方,2022-07-13,270.0,2.5,0.93%,,,,,,,,,ShowDailyK_ChartFlow,FinMind_API_TaiwanStockPrice_6561,True,2026-09-29T21:24:23,2026-09-29T21:24:23,2026-09-29T21:24:23
6561,是方,2022-07-14,268.0,-2.0,-0.74%,,,,,,,,,ShowDailyK_ChartFlow,FinMind_API_TaiwanStockPrice_6561,True,2026-09-29T21:24:23,2026-09-29T21:24:23,2026-09-29T21:24:23
6561,是方,2022-07-15,267.0,-1.0,-0.37%,,,,,,,,,ShowDailyK_ChartFlow,FinMind_API_TaiwanStockPrice_6561,True,2026-09-29T21:24:23,2026-09-29T21:24:23,2026-09-29T21:24:23
6561,是方,2022-07-18,268.0,1.0,0.37%,,,,,,,,,ShowDailyK_ChartFlow,FinMind_API_TaiwanStockPrice_6561,True,2026-09-29T21:24:23,2026-09-29T21:24:23,2026-09-29T21:24:23
6561,是方,2022-07-19,270.0,2.0,0.75%,,,,,,,,,ShowDailyK_ChartFlow,FinMind_API_TaiwanStockPrice_6561,True,2026-09-29T21:24:23,2026-09-29T21:24:23,2026-09-29T21:24:23
6561,是方,2022-07-20,270.0,0.0,0.00%,,,,,,,,,ShowDailyK_ChartFlow,FinMind_API_TaiwanStockPrice_6561,True,2026-09-29T21:24:23,2026-09-29T21:24:23,2026-09-29T21:24:23
6561,是方,2022-07-21,271.0,1.0,0.37%,,,,,,,,,ShowDailyK_ChartFlow,FinMind_API_TaiwanStockPrice_6561,True,2026-09-29T21:24:23,2026-09-29T21:24:23,2026-09-29T21:24:23
6561,是方,2022-07-22,270.5,-0.5,-0.18%,,,,,,,,,ShowDailyK_ChartFlow,FinMind_API_TaiwanStockPrice_6561,True,2026-09-29T21:24:23,2026-09-29T21:24:23,2026-09-29T21:24:23
6561,是方,2022-07-25,270.5,0.0,0.00%,,,,,,,,,ShowDailyK_ChartFlow,FinMind_API_TaiwanStockPrice_6561,True,2026-09-29T21:24:23,2026-09-29T21:24:23,2026-09-29T21:24:23
6561,是方,2022-07-26,272.0,1.5,0.55%,,,,,,,,,ShowDailyK_ChartFlow,FinMind_API_TaiwanStockPrice_6561,True,2026-09-29T21:24:23,2026-09-29T21:24:23,2026-09-29T21:24:23
6561,是方,2022-07-27,275.5,3.5,1.29%,,,,,,,,,ShowDailyK_ChartFlow,FinMind_API_TaiwanStockPrice_6561,True,2026-09-29T21:24:23,2026-09-29T21:24:23,2026-09-29T21:24:23
6561,是方,2022-07-28,277.5,2.0,0.73%,,,,,,,,,ShowDailyK_ChartFlow,FinMind_API_TaiwanStockPrice_6561,True,2026-09-29T21:24:23,2026-09-29T21:24:23,2026-09-29T21:24:23
6561,是方,2022-07-29,300.0,22.5,8.11%,,,,,,,,,ShowDailyK_ChartFlow,FinMind_API_TaiwanStockPrice_6561,True,2026-09-29T21:24:23,2026-09-29T21:24:23,2026-09-29T21:24:23
6561,是方,2022-08-01,285.5,-14.5,-4.83%,,,,,,,,,ShowDailyK_ChartFlow,FinMind_API_TaiwanStockPrice_6561,True,2026-09-29T21:24:23,2026-09-29T21:24:23,2026-09-29T21:24:23
6561,是方,2022-08-02,285.5,0.0,0.00%,,,,,,,,,ShowDailyK_ChartFlow,FinMind_API_TaiwanStockPrice_6561,True,2026-09-29T21:24:23,2026-09-29T21:24:23,2026-09-29T21:24:23
6561,是方,2022-08-03,283.5,-2.0,-0.70%,,,,,,,,,ShowDailyK_ChartFlow,FinMind_API_TaiwanStockPrice_6561,True,2026-09-29T21:24:23,2026-09-29T21:24:23,2026-09-29T21:24:23
6561,是方,2022-08-04,284.5,1.0,0.35%,,,,,,,,,ShowDailyK_ChartFlow,FinMind_API_TaiwanStockPrice_6561,True,2026-09-29T21:24:23,2026-09-29T21:24:23,2026-09-29T21:24:23
6561,是方,2022-08-05,289.0,4.5,1.58%,,,,,,,,,ShowDailyK_ChartFlow,FinMind_API_TaiwanStockPrice_6561,True,2026-09-29T21:24:23,2026-09-29T21:24:23,2026-09-29T21:24:23
6561,是方,2022-08-08,284.0,-5.0,-1.73%,,,,,,,,,ShowDailyK_ChartFlow,FinMind_API_TaiwanStockPrice_6561,True,2026-09-29T21:24:23,2026-09-29T21:24:23,2026-09-29T21:24:23
6561,是方,2022-08-09,285.5,1.5,0.53%,,,,,,,,,ShowDailyK_ChartFlow,FinMind_API_TaiwanStockPrice_6561,True,2026-09-29T21:24:23,2026-09-29T21:24:23,2026-09-29T21:24:23
6561,是方,2022-08-10,284.5,-1.0,-0.35%,,,,,,,,,ShowDailyK_ChartFlow,FinMind_API_TaiwanStockPrice_6561,True,2026-09-29T21:24:23,2026-09-29T21:24:23,2026-09-29T21:24:23
6561,是方,2022-08-11,286.0,1.5,0.53%,,,,,,,,,ShowDailyK_ChartFlow,FinMind_API_TaiwanStockPrice_6561,True,2026-09-29T21:24:23,2026-09-29T21:24:23,2026-09-29T21:24:23
6561,是方,2022-08-12,289.0,3.0,1.05%,,,,,,,,,ShowDailyK_ChartFlow,FinMind_API_TaiwanStockPrice_6561,True,2026-09-29T21:24:23,2026-09-29T21:24:23,2026-09-29T21:24:23
6561,是方,2022-08-15,292.0,3.0,1.04%,,,,,,,,,ShowDailyK_ChartFlow,FinMind_API_TaiwanStockPrice_6561,True,2026-09-29T21:24:23,2026-09-29T21:24:23,2026-09-29T21:24:23
6561,是方,2022-08-16,287.0,-5.0,-1.71%,,,,,,,,,ShowDailyK_ChartFlow,FinMind_API_TaiwanStockPrice_6561,True,2026-09-29T21:24:23,2026-09-29T21:24:23,2026-09-29T21:24:23
6561,是方,2022-08-17,287.0,0.0,0.00%,,,,,,,,,ShowDailyK_ChartFlow,FinMind_API_TaiwanStockPrice_6561,True,2026-09-29T21:24:23,2026-09-29T21:24:23,2026-09-29T21:24:23
6561,是方,2022-08-18,286.0,-1.0,-0.35%,,,,,,,,,ShowDailyK_ChartFlow,FinMind_API_TaiwanStockPrice_6561,True,2026-09-29T21:24:23,2026-09-29T21:24:23,2026-09-29T21:24:23
6561,是方,2022-08-19,290.0,4.0,1.40%,,,,,,,,,ShowDailyK_ChartFlow,FinMind_API_TaiwanStockPrice_6561,True,2026-09-29T21:24:23,2026-09-29T21:24:23,2026-09-29T21:24:23
6561,是方,2022-08-22,288.0,-2.0,-0.69%,,,,,,,,,ShowDailyK_ChartFlow,FinMind_API_TaiwanStockPrice_6561,True,2026-09-29T21:24:23,2026-09-29T21:24:23,2026-09-29T21:24:23
6561,是方,2022-08-23,287.5,-0.5,-0.17%,,,,,,,,,ShowDailyK_ChartFlow,FinMind_API_TaiwanStockPrice_6561,True,2026-09-29T21:24:23,2026-09-29T21:24:23,2026-09-29T21:24:23
6561,是方,2022-08-24,287.0,-0.5,-0.17%,,,,,,,,,ShowDailyK_ChartFlow,FinMind_API_TaiwanStockPrice_6561,True,2026-09-29T21:24:23,2026-09-29T21:24:23,2026-09-29T21:24:23
6561,是方,2022-08-25,290.0,3.0,1.05%,,,,,,,,,ShowDailyK_ChartFlow,FinMind_API_TaiwanStockPrice_6561,True,2026-09-29T21:24:23,2026-09-29T21:24:23,2026-09-29T21:24:23
6561,是方,2022-08-26,289.0,-1.0,-0.34%,,,,,,,,,ShowDailyK_ChartFlow,FinMind_API_TaiwanStockPrice_6561,True,2026-09-29T21:24:23,2026-09-29T21:24:23,2026-09-29T21:24:23
6561,是方,2022-08-29,286.5,-2.5,-0.87%,,,,,,,,,ShowDailyK_ChartFlow,FinMind_API_TaiwanStockPrice_6561,True,2026-09-29T21:24:23,2026-09-29T21:24:23,2026-09-29T21:24:23
6561,是方,2022-08-30,287.5,1.0,0.35%,,,,,,,,,ShowDailyK_ChartFlow,FinMind_API_TaiwanStockPrice_6561,True,2026-09-29T21:24:23,2026-09-29T21:24:23,2026-09-29T21:24:23
6561,是方,2022-08-31,288.5,1.0,0.35%,,,,,,,,,ShowDailyK_ChartFlow,FinMind_API_TaiwanStockPrice_6561,True,2026-09-29T21:24:23,2026-09-29T21:24:23,2026-09-29T21:24:23
6561,是方,2022-09-01,288.0,-0.5,-0.17%,,,,,,,,,ShowDailyK_ChartFlow,FinMind_API_TaiwanStockPrice_6561,True,2026-09-29T21:24:23,2026-09-29T21:24:23,2026-09-29T21:24:23
6561,是方,2022-09-02,287.0,-1.0,-0.35%,,,,,,,,,ShowDailyK_ChartFlow,FinMind_API_TaiwanStockPrice_6561,True,2026-09-29T21:24:23,2026-09-29T21:24:23,2026-09-29T21:24:23
6561,是方,2022-09-05,287.0,0.0,0.00%,,,,,,,,,ShowDailyK_ChartFlow,FinMind_API_TaiwanStockPrice_6561,True,2026-09-29T21:24:23,2026-09-29T21:24:23,2026-09-29T21:24:23
6561,是方,2022-09-06,287.5,0.5,0.17%,,,,,,,,,ShowDailyK_ChartFlow,FinMind_API_TaiwanStockPrice_6561,True,2026-09-29T21:24:23,2026-09-29T21:24:23,2026-09-29T21:24:23
6561,是方,2022-09-07,288.5,1.0,0.35%,,,,,,,,,ShowDailyK_ChartFlow,FinMind_API_TaiwanStockPrice_6561,True,2026-09-29T21:24:23,2026-09-29T21:24:23,2026-09-29T21:24:23
6561,是方,2022-09-08,291.0,2.5,0.87%,,,,,,,,,ShowDailyK_ChartFlow,FinMind_API_TaiwanStockPrice_6561,True,2026-09-29T21:24:23,2026-09-29T21:24:23,2026-09-29T21:24:23
6561,是方,2022-09-12,294.0,3.0,1.03%,,,,,,,,,ShowDailyK_ChartFlow,FinMind_API_TaiwanStockPrice_6561,True,2026-09-29T21:24:23,2026-09-29T21:24:23,2026-09-29T21:24:23
6561,是方,2022-09-13,295.0,1.0,0.34%,,,,,,,,,ShowDailyK_ChartFlow,FinMind_API_TaiwanStockPrice_6561,True,2026-09-29T21:24:23,2026-09-29T21:24:23,2026-09-29T21:24:23
6561,是方,2022-09-14,294.0,-1.0,-0.34%,,,,,,,,,ShowDailyK_ChartFlow,FinMind_API_TaiwanStockPrice_6561,True,2026-09-29T21:24:23,2026-09-29T21:24:23,2026-09-29T21:24:23
6561,是方,2022-09-15,295.0,1.0,0.34%,,,,,,,,,ShowDailyK_ChartFlow,FinMind_API_TaiwanStockPrice_6561,True,2026-09-29T21:24:23,2026-09-29T21:24:23,2026-09-29T21:24:23
6561,是方,2022-09-16,291.5,-3.5,-1.19%,,,,,,,,,ShowDailyK_ChartFlow,FinMind_API_TaiwanStockPrice_6561,True,2026-09-29T21:24:23,2026-09-29T21:24:23,2026-09-29T21:24:23
6561,是方,2022-09-19,291.5,0.0,0.00%,,,,,,,,,ShowDailyK_ChartFlow,FinMind_API_TaiwanStockPrice_6561,True,2026-09-29T21:24:23,2026-09-29T21:24:23,2026-09-29T21:24:23
6561,是方,2022-09-20,291.5,0.0,0.00%,,,,,,,,,ShowDailyK_ChartFlow,FinMind_API_TaiwanStockPrice_6561,True,2026-09-29T21:24:23,2026-09-29T21:24:23,2026-09-29T21:24:23
6561,是方,2022-09-21,290.0,-1.5,-0.51%,,,,,,,,,ShowDailyK_ChartFlow,FinMind_API_TaiwanStockPrice_6561,True,2026-09-29T21:24:23,2026-09-29T21:24:23,2026-09-29T21:24:23
6561,是方,2022-09-22,285.0,-5.0,-1.72%,,,,,,,,,ShowDailyK_ChartFlow,FinMind_API_TaiwanStockPrice_6561,True,2026-09-29T21:24:23,2026-09-29T21:24:23,2026-09-29T21:24:23
6561,是方,2022-09-23,284.5,-0.5,-0.18%,,,,,,,,,ShowDailyK_ChartFlow,FinMind_API_TaiwanStockPrice_6561,True,2026-09-29T21:24:23,2026-09-29T21:24:23,2026-09-29T21:24:23
6561,是方,2022-09-26,279.0,-5.5,-1.93%,,,,,,,,,ShowDailyK_ChartFlow,FinMind_API_TaiwanStockPrice_6561,True,2026-09-29T21:24:23,2026-09-29T21:24:23,2026-09-29T21:24:23
6561,是方,2022-09-27,281.0,2.0,0.72%,,,,,,,,,ShowDailyK_ChartFlow,FinMind_API_TaiwanStockPrice_6561,True,2026-09-29T21:24:23,2026-09-29T21:24:23,2026-09-29T21:24:23
6561,是方,2022-09-28,281.0,0.0,0.00%,,,,,,,,,ShowDailyK_ChartFlow,FinMind_API_TaiwanStockPrice_6561,True,2026-09-29T21:24:23,2026-09-29T21:24:23,2026-09-29T21:24:23
6561,是方,2022-09-29,281.0,0.0,0.00%,,,,,,,,,ShowDailyK_ChartFlow,FinMind_API_TaiwanStockPrice_6561,True,2026-09-29T21:24:23,2026-09-29T21:24:23,2026-09-29T21:24:23
6561,是方,2022-09-30,280.0,-1.0,-0.36%,,,,,,,,,ShowDailyK_ChartFlow,FinMind_API_TaiwanStockPrice_6561,True,2026-09-29T21:24:23,2026-09-29T21:24:23,2026-09-29T21:24:23
6561,是方,2022-10-03,281.0,1.0,0.36%,,,,,,,,,ShowDailyK_ChartFlow,FinMind_API_TaiwanStockPrice_6561,True,2026-09-29T21:24:23,2026-09-29T21:24:23,2026-09-29T21:24:23
6561,是方,2022-10-04,284.0,3.0,1.07%,,,,,,,,,ShowDailyK_ChartFlow,FinMind_API_TaiwanStockPrice_6561,True,2026-09-29T21:24:23,2026-09-29T21:24:23,2026-09-29T21:24:23
6561,是方,2022-10-05,285.0,1.0,0.35%,,,,,,,,,ShowDailyK_ChartFlow,FinMind_API_TaiwanStockPrice_6561,True,2026-09-29T21:24:23,2026-09-29T21:24:23,2026-09-29T21:24:23
6561,是方,2022-10-06,283.5,-1.5,-0.53%,,,,,,,,,ShowDailyK_ChartFlow,FinMind_API_TaiwanStockPrice_6561,True,2026-09-29T21:24:23,2026-09-29T21:24:23,2026-09-29T21:24:23
6561,是方,2022-10-07,283.0,-0.5,-0.18%,,,,,,,,,ShowDailyK_ChartFlow,FinMind_API_TaiwanStockPrice_6561,True,2026-09-29T21:24:23,2026-09-29T21:24:23,2026-09-29T21:24:23
6561,是方,2022-10-11,279.5,-3.5,-1.24%,,,,,,,,,ShowDailyK_ChartFlow,FinMind_API_TaiwanStockPrice_6561,True,2026-09-29T21:24:23,2026-09-29T21:24:23,2026-09-29T21:24:23
6561,是方,2022-10-12,280.0,0.5,0.18%,,,,,,,,,ShowDailyK_ChartFlow,FinMind_API_TaiwanStockPrice_6561,True,2026-09-29T21:24:23,2026-09-29T21:24:23,2026-09-29T21:24:23
6561,是方,2022-10-13,279.0,-1.0,-0.36%,,,,,,,,,ShowDailyK_ChartFlow,FinMind_API_TaiwanStockPrice_6561,True,2026-09-29T21:24:23,2026-09-29T21:24:23,2026-09-29T21:24:23
6561,是方,2022-10-14,281.0,2.0,0.72%,,,,,,,,,ShowDailyK_ChartFlow,FinMind_API_TaiwanStockPrice_6561,True,2026-09-29T21:24:23,2026-09-29T21:24:23,2026-09-29T21:24:23
6561,是方,2022-10-17,281.5,0.5,0.18%,,,,,,,,,ShowDailyK_ChartFlow,FinMind_API_TaiwanStockPrice_6561,True,2026-09-29T21:24:23,2026-09-29T21:24:23,2026-09-29T21:24:23
6561,是方,2022-10-18,281.0,-0.5,-0.18%,,,,,,,,,ShowDailyK_ChartFlow,FinMind_API_TaiwanStockPrice_6561,True,2026-09-29T21:24:23,2026-09-29T21:24:23,2026-09-29T21:24:23
6561,是方,2022-10-19,279.0,-2.0,-0.71%,,,,,,,,,ShowDailyK_ChartFlow,FinMind_API_TaiwanStockPrice_6561,True,2026-09-29T21:24:23,2026-09-29T21:24:23,2026-09-29T21:24:23
6561,是方,2022-10-20,275.0,-4.0,-1.43%,,,,,,,,,ShowDailyK_ChartFlow,FinMind_API_TaiwanStockPrice_6561,True,2026-09-29T21:24:23,2026-09-29T21:24:23,2026-09-29T21:24:23
6561,是方,2022-10-21,277.0,2.0,0.73%,,,,,,,,,ShowDailyK_ChartFlow,FinMind_API_TaiwanStockPrice_6561,True,2026-09-29T21:24:23,2026-09-29T21:24:23,2026-09-29T21:24:23
6561,是方,2022-10-24,277.0,0.0,0.00%,,,,,,,,,ShowDailyK_ChartFlow,FinMind_API_TaiwanStockPrice_6561,True,2026-09-29T21:24:23,2026-09-29T21:24:23,2026-09-29T21:24:23
6561,是方,2022-10-25,274.0,-3.0,-1.08%,,,,,,,,,ShowDailyK_ChartFlow,FinMind_API_TaiwanStockPrice_6561,True,2026-09-29T21:24:23,2026-09-29T21:24:23,2026-09-29T21:24:23
6561,是方,2022-10-26,273.0,-1.0,-0.36%,,,,,,,,,ShowDailyK_ChartFlow,FinMind_API_TaiwanStockPrice_6561,True,2026-09-29T21:24:23,2026-09-29T21:24:23,2026-09-29T21:24:23
6561,是方,2022-10-27,274.5,1.5,0.55%,,,,,,,,,ShowDailyK_ChartFlow,FinMind_API_TaiwanStockPrice_6561,True,2026-09-29T21:24:23,2026-09-29T21:24:23,2026-09-29T21:24:23
6561,是方,2022-10-28,275.0,0.5,0.18%,,,,,,,,,ShowDailyK_ChartFlow,FinMind_API_TaiwanStockPrice_6561,True,2026-09-29T21:24:23,2026-09-29T21:24:23,2026-09-29T21:24:23
6561,是方,2022-10-31,278.0,3.0,1.09%,,,,,,,,,ShowDailyK_ChartFlow,FinMind_API_TaiwanStockPrice_6561,True,2026-09-29T21:24:23,2026-09-29T21:24:23,2026-09-29T21:24:23
6561,是方,2022-11-01,278.5,0.5,0.18%,,,,,,,,,ShowDailyK_ChartFlow,FinMind_API_TaiwanStockPrice_6561,True,2026-09-29T21:24:23,2026-09-29T21:24:23,2026-09-29T21:24:23
6561,是方,2022-11-02,279.0,0.5,0.18%,,,,,,,,,ShowDailyK_ChartFlow,FinMind_API_TaiwanStockPrice_6561,True,2026-09-29T21:24:23,2026-09-29T21:24:23,2026-09-29T21:24:23
6561,是方,2022-11-03,0.0,-279.0,-100.00%,,,,,,,,,ShowDailyK_ChartFlow,FinMind_API_TaiwanStockPrice_6561,True,2026-09-29T21:24:23,2026-09-29T21:24:23,2026-09-29T21:24:23
6561,是方,2022-11-04,281.0,281.0,,,,,,,,,,ShowDailyK_ChartFlow,FinMind_API_TaiwanStockPrice_6561,True,2026-09-29T21:24:23,2026-09-29T21:24:23,2026-09-29T21:24:23
6561,是方,2022-11-07,279.0,-2.0,-0.71%,,,,,,,,,ShowDailyK_ChartFlow,FinMind_API_TaiwanStockPrice_6561,True,2026-09-29T21:24:23,2026-09-29T21:24:23,2026-09-29T21:24:23
6561,是方,2022-11-08,282.5,3.5,1.25%,,,,,,,,,ShowDailyK_ChartFlow,FinMind_API_TaiwanStockPrice_6561,True,2026-09-29T21:24:23,2026-09-29T21:24:23,2026-09-29T21:24:23
6561,是方,2022-11-09,283.0,0.5,0.18%,,,,,,,,,ShowDailyK_ChartFlow,FinMind_API_TaiwanStockPrice_6561,True,2026-09-29T21:24:23,2026-09-29T21:24:23,2026-09-29T21:24:23
6561,是方,2022-11-10,285.5,2.5,0.88%,,,,,,,,,ShowDailyK_ChartFlow,FinMind_API_TaiwanStockPrice_6561,True,2026-09-29T21:24:23,2026-09-29T21:24:23,2026-09-29T21:24:23
6561,是方,2022-11-11,285.5,0.0,0.00%,,,,,,,,,ShowDailyK_ChartFlow,FinMind_API_TaiwanStockPrice_6561,True,2026-09-29T21:24:23,2026-09-29T21:24:23,2026-09-29T21:24:23
6561,是方,2022-11-14,283.5,-2.0,-0.70%,,,,,,,,,ShowDailyK_ChartFlow,FinMind_API_TaiwanStockPrice_6561,True,2026-09-29T21:24:23,2026-09-29T21:24:23,2026-09-29T21:24:23
6561,是方,2022-11-15,279.5,-4.0,-1.41%,,,,,,,,,ShowDailyK_ChartFlow,FinMind_API_TaiwanStockPrice_6561,True,2026-09-29T21:24:23,2026-09-29T21:24:23,2026-09-29T21:24:23
6561,是方,2022-11-16,278.5,-1.0,-0.36%,,,,,,,,,ShowDailyK_ChartFlow,FinMind_API_TaiwanStockPrice_6561,True,2026-09-29T21:24:23,2026-09-29T21:24:23,2026-09-29T21:24:23
6561,是方,2022-11-17,280.0,1.5,0.54%,,,,,,,,,ShowDailyK_ChartFlow,FinMind_API_TaiwanStockPrice_6561,True,2026-09-29T21:24:23,2026-09-29T21:24:23,2026-09-29T21:24:23
6561,是方,2022-11-18,278.0,-2.0,-0.71%,,,,,,,,,ShowDailyK_ChartFlow,FinMind_API_TaiwanStockPrice_6561,True,2026-09-29T21:24:23,2026-09-29T21:24:23,2026-09-29T21:24:23
6561,是方,2022-11-21,277.5,-0.5,-0.18%,,,,,,,,,ShowDailyK_ChartFlow,FinMind_API_TaiwanStockPrice_6561,True,2026-09-29T21:24:23,2026-09-29T21:24:23,2026-09-29T21:24:23
6561,是方,2022-11-22,278.0,0.5,0.18%,,,,,,,,,ShowDailyK_ChartFlow,FinMind_API_TaiwanStockPrice_6561,True,2026-09-29T21:24:23,2026-09-29T21:24:23,2026-09-29T21:24:23
6561,是方,2022-11-23,277.5,-0.5,-0.18%,,,,,,,,,ShowDailyK_ChartFlow,FinMind_API_TaiwanStockPrice_6561,True,2026-09-29T21:24:23,2026-09-29T21:24:23,2026-09-29T21:24:23
6561,是方,2022-11-24,277.5,0.0,0.00%,,,,,,,,,ShowDailyK_ChartFlow,FinMind_API_TaiwanStockPrice_6561,True,2026-09-29T21:24:23,2026-09-29T21:24:23,2026-09-29T21:24:23
6561,是方,2022-11-25,278.0,0.5,0.18%,,,,,,,,,ShowDailyK_ChartFlow,FinMind_API_TaiwanStockPrice_6561,True,2026-09-29T21:24:23,2026-09-29T21:24:23,2026-09-29T21:24:23
6561,是方,2022-11-28,279.0,1.0,0.36%,,,,,,,,,ShowDailyK_ChartFlow,FinMind_API_TaiwanStockPrice_6561,True,2026-09-29T21:24:23,2026-09-29T21:24:23,2026-09-29T21:24:23
6561,是方,2022-11-29,280.0,1.0,0.36%,,,,,,,,,ShowDailyK_ChartFlow,FinMind_API_TaiwanStockPrice_6561,True,2026-09-29T21:24:23,2026-09-29T21:24:23,2026-09-29T21:24:23
6561,是方,2022-11-30,280.0,0.0,0.00%,,,,,,,,,ShowDailyK_ChartFlow,FinMind_API_TaiwanStockPrice_6561,True,2026-09-29T21:24:23,2026-09-29T21:24:23,2026-09-29T21:24:23
6561,是方,2022-12-01,280.0,0.0,0.00%,,,,,,,,,ShowDailyK_ChartFlow,FinMind_API_TaiwanStockPrice_6561,True,2026-09-29T21:24:23,2026-09-29T21:24:23,2026-09-29T21:24:23
6561,是方,2022-12-02,280.5,0.5,0.18%,,,,,,,,,ShowDailyK_ChartFlow,FinMind_API_TaiwanStockPrice_6561,True,2026-09-29T21:24:23,2026-09-29T21:24:23,2026-09-29T21:24:23
6561,是方,2022-12-05,283.5,3.0,1.07%,,,,,,,,,ShowDailyK_ChartFlow,FinMind_API_TaiwanStockPrice_6561,True,2026-09-29T21:24:23,2026-09-29T21:24:23,2026-09-29T21:24:23
6561,是方,2022-12-06,281.5,-2.0,-0.71%,,,,,,,,,ShowDailyK_ChartFlow,FinMind_API_TaiwanStockPrice_6561,True,2026-09-29T21:24:23,2026-09-29T21:24:23,2026-09-29T21:24:23
6561,是方,2022-12-07,281.5,0.0,0.00%,,,,,,,,,ShowDailyK_ChartFlow,FinMind_API_TaiwanStockPrice_6561,True,2026-09-29T21:24:23,2026-09-29T21:24:23,2026-09-29T21:24:23
6561,是方,2022-12-08,282.0,0.5,0.18%,,,,,,,,,ShowDailyK_ChartFlow,FinMind_API_TaiwanStockPrice_6561,True,2026-09-29T21:24:23,2026-09-29T21:24:23,2026-09-29T21:24:23
6561,是方,2022-12-09,281.0,-1.0,-0.35%,,,,,,,,,ShowDailyK_ChartFlow,FinMind_API_TaiwanStockPrice_6561,True,2026-09-29T21:24:23,2026-09-29T21:24:23,2026-09-29T21:24:23
6561,是方,2022-12-12,281.0,0.0,0.00%,,,,,,,,,ShowDailyK_ChartFlow,FinMind_API_TaiwanStockPrice_6561,True,2026-09-29T21:24:23,2026-09-29T21:24:23,2026-09-29T21:24:23
6561,是方,2022-12-13,286.0,5.0,1.78%,,,,,,,,,ShowDailyK_ChartFlow,FinMind_API_TaiwanStockPrice_6561,True,2026-09-29T21:24:23,2026-09-29T21:24:23,2026-09-29T21:24:23
6561,是方,2022-12-14,287.5,1.5,0.52%,,,,,,,,,ShowDailyK_ChartFlow,FinMind_API_TaiwanStockPrice_6561,True,2026-09-29T21:24:23,2026-09-29T21:24:23,2026-09-29T21:24:23
6561,是方,2022-12-15,284.5,-3.0,-1.04%,,,,,,,,,ShowDailyK_ChartFlow,FinMind_API_TaiwanStockPrice_6561,True,2026-09-29T21:24:23,2026-09-29T21:24:23,2026-09-29T21:24:23
6561,是方,2022-12-16,290.0,5.5,1.93%,,,,,,,,,ShowDailyK_ChartFlow,FinMind_API_TaiwanStockPrice_6561,True,2026-09-29T21:24:23,2026-09-29T21:24:23,2026-09-29T21:24:23
6561,是方,2022-12-19,288.0,-2.0,-0.69%,,,,,,,,,ShowDailyK_ChartFlow,FinMind_API_TaiwanStockPrice_6561,True,2026-09-29T21:24:23,2026-09-29T21:24:23,2026-09-29T21:24:23
6561,是方,2022-12-20,284.5,-3.5,-1.22%,,,,,,,,,ShowDailyK_ChartFlow,FinMind_API_TaiwanStockPrice_6561,True,2026-09-29T21:24:23,2026-09-29T21:24:23,2026-09-29T21:24:23
6561,是方,2022-12-21,279.0,-5.5,-1.93%,,,,,,,,,ShowDailyK_ChartFlow,FinMind_API_TaiwanStockPrice_6561,True,2026-09-29T21:24:23,2026-09-29T21:24:23,2026-09-29T21:24:23
6561,是方,2022-12-22,281.0,2.0,0.72%,,,,,,,,,ShowDailyK_ChartFlow,FinMind_API_TaiwanStockPrice_6561,True,2026-09-29T21:24:23,2026-09-29T21:24:23,2026-09-29T21:24:23
6561,是方,2022-12-23,277.5,-3.5,-1.25%,,,,,,,,,ShowDailyK_ChartFlow,FinMind_API_TaiwanStockPrice_6561,True,2026-09-29T21:24:23,2026-09-29T21:24:23,2026-09-29T21:24:23
6561,是方,2022-12-26,279.0,1.5,0.54%,,,,,,,,,ShowDailyK_ChartFlow,FinMind_API_TaiwanStockPrice_6561,True,2026-09-29T21:24:23,2026-09-29T21:24:23,2026-09-29T21:24:23
6561,是方,2022-12-27,277.5,-1.5,-0.54%,,,,,,,,,ShowDailyK_ChartFlow,FinMind_API_TaiwanStockPrice_6561,True,2026-09-29T21:24:23,2026-09-29T21:24:23,2026-09-29T21:24:23
6561,是方,2022-12-28,277.5,0.0,0.00%,,,,,,,,,ShowDailyK_ChartFlow,FinMind_API_TaiwanStockPrice_6561,True,2026-09-29T21:24:23,2026-09-29T21:24:23,2026-09-29T21:24:23
6561,是方,2022-12-29,282.0,4.5,1.62%,,,,,,,,,ShowDailyK_ChartFlow,FinMind_API_TaiwanStockPrice_6561,True,2026-09-29T21:24:23,2026-09-29T21:24:23,2026-09-29T21:24:23
6561,是方,2022-12-30,281.0,-1.0,-0.35%,,,,,,,,,ShowDailyK_ChartFlow,FinMind_API_TaiwanStockPrice_6561,True,2026-09-29T21:24:23,2026-09-29T21:24:23,2026-09-29T21:24:23
6561,是方,2023-01-03,280.5,-0.5,-0.18%,,,,,,,,,ShowDailyK_ChartFlow,FinMind_API_TaiwanStockPrice_6561,True,2026-09-29T21:24:23,2026-09-29T21:24:23,2026-09-29T21:24:23
6561,是方,2023-01-04,279.0,-1.5,-0.53%,,,,,,,,,ShowDailyK_ChartFlow,FinMind_API_TaiwanStockPrice_6561,True,2026-09-29T21:24:23,2026-09-29T21:24:23,2026-09-29T21:24:23
6561,是方,2023-01-05,279.0,0.0,0.00%,,,,,,,,,ShowDailyK_ChartFlow,FinMind_API_TaiwanStockPrice_6561,True,2026-09-29T21:24:23,2026-09-29T21:24:23,2026-09-29T21:24:23
6561,是方,2023-01-06,279.0,0.0,0.00%,,,,,,,,,ShowDailyK_ChartFlow,FinMind_API_TaiwanStockPrice_6561,True,2026-09-29T21:24:23,2026-09-29T21:24:23,2026-09-29T21:24:23
6561,是方,2023-01-09,283.0,4.0,1.43%,,,,,,,,,ShowDailyK_ChartFlow,FinMind_API_TaiwanStockPrice_6561,True,2026-09-29T21:24:23,2026-09-29T21:24:23,2026-09-29T21:24:23
6561,是方,2023-01-10,282.5,-0.5,-0.18%,,,,,,,,,ShowDailyK_ChartFlow,FinMind_API_TaiwanStockPrice_6561,True,2026-09-29T21:24:23,2026-09-29T21:24:23,2026-09-29T21:24:23
6561,是方,2023-01-11,281.0,-1.5,-0.53%,,,,,,,,,ShowDailyK_ChartFlow,FinMind_API_TaiwanStockPrice_6561,True,2026-09-29T21:24:23,2026-09-29T21:24:23,2026-09-29T21:24:23
6561,是方,2023-01-12,281.0,0.0,0.00%,,,,,,,,,ShowDailyK_ChartFlow,FinMind_API_TaiwanStockPrice_6561,True,2026-09-29T21:24:23,2026-09-29T21:24:23,2026-09-29T21:24:23
6561,是方,2023-01-13,279.5,-1.5,-0.53%,,,,,,,,,ShowDailyK_ChartFlow,FinMind_API_TaiwanStockPrice_6561,True,2026-09-29T21:24:23,2026-09-29T21:24:23,2026-09-29T21:24:23
6561,是方,2023-01-16,279.0,-0.5,-0.18%,,,,,,,,,ShowDailyK_ChartFlow,FinMind_API_TaiwanStockPrice_6561,True,2026-09-29T21:24:23,2026-09-29T21:24:23,2026-09-29T21:24:23
6561,是方,2023-01-17,278.5,-0.5,-0.18%,,,,,,,,,ShowDailyK_ChartFlow,FinMind_API_TaiwanStockPrice_6561,True,2026-09-29T21:24:23,2026-09-29T21:24:23,2026-09-29T21:24:23
6561,是方,2023-01-30,280.0,1.5,0.54%,,,,,,,,,ShowDailyK_ChartFlow,FinMind_API_TaiwanStockPrice_6561,True,2026-09-29T21:24:23,2026-09-29T21:24:23,2026-09-29T21:24:23
6561,是方,2023-01-31,280.5,0.5,0.18%,,,,,,,,,ShowDailyK_ChartFlow,FinMind_API_TaiwanStockPrice_6561,True,2026-09-29T21:24:23,2026-09-29T21:24:23,2026-09-29T21:24:23
6561,是方,2023-02-01,280.0,-0.5,-0.18%,,,,,,,,,ShowDailyK_ChartFlow,FinMind_API_TaiwanStockPrice_6561,True,2026-09-29T21:24:23,2026-09-29T21:24:23,2026-09-29T21:24:23
6561,是方,2023-02-02,285.0,5.0,1.79%,,,,,,,,,ShowDailyK_ChartFlow,FinMind_API_TaiwanStockPrice_6561,True,2026-09-29T21:24:23,2026-09-29T21:24:23,2026-09-29T21:24:23
6561,是方,2023-02-03,285.0,0.0,0.00%,,,,,,,,,ShowDailyK_ChartFlow,FinMind_API_TaiwanStockPrice_6561,True,2026-09-29T21:24:23,2026-09-29T21:24:23,2026-09-29T21:24:23
6561,是方,2023-02-06,285.5,0.5,0.18%,,,,,,,,,ShowDailyK_ChartFlow,FinMind_API_TaiwanStockPrice_6561,True,2026-09-29T21:24:23,2026-09-29T21:24:23,2026-09-29T21:24:23
6561,是方,2023-02-07,288.5,3.0,1.05%,,,,,,,,,ShowDailyK_ChartFlow,FinMind_API_TaiwanStockPrice_6561,True,2026-09-29T21:24:23,2026-09-29T21:24:23,2026-09-29T21:24:23
6561,是方,2023-02-08,288.5,0.0,0.00%,,,,,,,,,ShowDailyK_ChartFlow,FinMind_API_TaiwanStockPrice_6561,True,2026-09-29T21:24:23,2026-09-29T21:24:23,2026-09-29T21:24:23
6561,是方,2023-02-09,290.5,2.0,0.69%,,,,,,,,,ShowDailyK_ChartFlow,FinMind_API_TaiwanStockPrice_6561,True,2026-09-29T21:24:23,2026-09-29T21:24:23,2026-09-29T21:24:23
6561,是方,2023-02-10,294.0,3.5,1.20%,,,,,,,,,ShowDailyK_ChartFlow,FinMind_API_TaiwanStockPrice_6561,True,2026-09-29T21:24:23,2026-09-29T21:24:23,2026-09-29T21:24:23
6561,是方,2023-02-13,291.0,-3.0,-1.02%,,,,,,,,,ShowDailyK_ChartFlow,FinMind_API_TaiwanStockPrice_6561,True,2026-09-29T21:24:23,2026-09-29T21:24:23,2026-09-29T21:24:23
6561,是方,2023-02-14,293.0,2.0,0.69%,,,,,,,,,ShowDailyK_ChartFlow,FinMind_API_TaiwanStockPrice_6561,True,2026-09-29T21:24:23,2026-09-29T21:24:23,2026-09-29T21:24:23
6561,是方,2023-02-15,290.0,-3.0,-1.02%,,,,,,,,,ShowDailyK_ChartFlow,FinMind_API_TaiwanStockPrice_6561,True,2026-09-29T21:24:23,2026-09-29T21:24:23,2026-09-29T21:24:23
6561,是方,2023-02-16,291.0,1.0,0.34%,,,,,,,,,ShowDailyK_ChartFlow,FinMind_API_TaiwanStockPrice_6561,True,2026-09-29T21:24:23,2026-09-29T21:24:23,2026-09-29T21:24:23
6561,是方,2023-02-17,320.0,29.0,9.97%,,,,,,,,,ShowDailyK_ChartFlow,FinMind_API_TaiwanStockPrice_6561,True,2026-09-29T21:24:23,2026-09-29T21:24:23,2026-09-29T21:24:23
6561,是方,2023-02-20,316.5,-3.5,-1.09%,,,,,,,,,ShowDailyK_ChartFlow,FinMind_API_TaiwanStockPrice_6561,True,2026-09-29T21:24:23,2026-09-29T21:24:23,2026-09-29T21:24:23
6561,是方,2023-02-21,312.5,-4.0,-1.26%,,,,,,,,,ShowDailyK_ChartFlow,FinMind_API_TaiwanStockPrice_6561,True,2026-09-29T21:24:23,2026-09-29T21:24:23,2026-09-29T21:24:23
6561,是方,2023-02-22,330.5,18.0,5.76%,,,,,,,,,ShowDailyK_ChartFlow,FinMind_API_TaiwanStockPrice_6561,True,2026-09-29T21:24:23,2026-09-29T21:24:23,2026-09-29T21:24:23
6561,是方,2023-02-23,348.5,18.0,5.45%,,,,,,,,,ShowDailyK_ChartFlow,FinMind_API_TaiwanStockPrice_6561,True,2026-09-29T21:24:23,2026-09-29T21:24:23,2026-09-29T21:24:23
6561,是方,2023-02-24,356.0,7.5,2.15%,,,,,,,,,ShowDailyK_ChartFlow,FinMind_API_TaiwanStockPrice_6561,True,2026-09-29T21:24:23,2026-09-29T21:24:23,2026-09-29T21:24:23
6561,是方,2023-03-01,356.0,0.0,0.00%,,,,,,,,,ShowDailyK_ChartFlow,FinMind_API_TaiwanStockPrice_6561,True,2026-09-29T21:24:23,2026-09-29T21:24:23,2026-09-29T21:24:23
6561,是方,2023-03-02,355.0,-1.0,-0.28%,,,,,,,,,ShowDailyK_ChartFlow,FinMind_API_TaiwanStockPrice_6561,True,2026-09-29T21:24:23,2026-09-29T21:24:23,2026-09-29T21:24:23
6561,是方,2023-03-03,357.0,2.0,0.56%,,,,,,,,,ShowDailyK_ChartFlow,FinMind_API_TaiwanStockPrice_6561,True,2026-09-29T21:24:23,2026-09-29T21:24:23,2026-09-29T21:24:23
6561,是方,2023-03-06,362.5,5.5,1.54%,,,,,,,,,ShowDailyK_ChartFlow,FinMind_API_TaiwanStockPrice_6561,True,2026-09-29T21:24:23,2026-09-29T21:24:23,2026-09-29T21:24:23
6561,是方,2023-03-07,358.0,-4.5,-1.24%,,,,,,,,,ShowDailyK_ChartFlow,FinMind_API_TaiwanStockPrice_6561,True,2026-09-29T21:24:23,2026-09-29T21:24:23,2026-09-29T21:24:23
6561,是方,2023-03-08,361.0,3.0,0.84%,,,,,,,,,ShowDailyK_ChartFlow,FinMind_API_TaiwanStockPrice_6561,True,2026-09-29T21:24:23,2026-09-29T21:24:23,2026-09-29T21:24:23
6561,是方,2023-03-09,368.5,7.5,2.08%,,,,,,,,,ShowDailyK_ChartFlow,FinMind_API_TaiwanStockPrice_6561,True,2026-09-29T21:24:23,2026-09-29T21:24:23,2026-09-29T21:24:23
6561,是方,2023-03-10,353.5,-15.0,-4.07%,,,,,,,,,ShowDailyK_ChartFlow,FinMind_API_TaiwanStockPrice_6561,True,2026-09-29T21:24:23,2026-09-29T21:24:23,2026-09-29T21:24:23
6561,是方,2023-03-13,347.5,-6.0,-1.70%,,,,,,,,,ShowDailyK_ChartFlow,FinMind_API_TaiwanStockPrice_6561,True,2026-09-29T21:24:23,2026-09-29T21:24:23,2026-09-29T21:24:23
6561,是方,2023-03-14,354.0,6.5,1.87%,,,,,,,,,ShowDailyK_ChartFlow,FinMind_API_TaiwanStockPrice_6561,True,2026-09-29T21:24:23,2026-09-29T21:24:23,2026-09-29T21:24:23
6561,是方,2023-03-15,357.5,3.5,0.99%,,,,,,,,,ShowDailyK_ChartFlow,FinMind_API_TaiwanStockPrice_6561,True,2026-09-29T21:24:23,2026-09-29T21:24:23,2026-09-29T21:24:23
6561,是方,2023-03-16,361.5,4.0,1.12%,,,,,,,,,ShowDailyK_ChartFlow,FinMind_API_TaiwanStockPrice_6561,True,2026-09-29T21:24:23,2026-09-29T21:24:23,2026-09-29T21:24:23
6561,是方,2023-03-17,358.5,-3.0,-0.83%,,,,,,,,,ShowDailyK_ChartFlow,FinMind_API_TaiwanStockPrice_6561,True,2026-09-29T21:24:23,2026-09-29T21:24:23,2026-09-29T21:24:23
6561,是方,2023-03-20,371.0,12.5,3.49%,,,,,,,,,ShowDailyK_ChartFlow,FinMind_API_TaiwanStockPrice_6561,True,2026-09-29T21:24:23,2026-09-29T21:24:23,2026-09-29T21:24:23
6561,是方,2023-03-21,379.0,8.0,2.16%,,,,,,,,,ShowDailyK_ChartFlow,FinMind_API_TaiwanStockPrice_6561,True,2026-09-29T21:24:23,2026-09-29T21:24:23,2026-09-29T21:24:23
6561,是方,2023-03-22,379.0,0.0,0.00%,,,,,,,,,ShowDailyK_ChartFlow,FinMind_API_TaiwanStockPrice_6561,True,2026-09-29T21:24:23,2026-09-29T21:24:23,2026-09-29T21:24:23
6561,是方,2023-03-23,375.5,-3.5,-0.92%,,,,,,,,,ShowDailyK_ChartFlow,FinMind_API_TaiwanStockPrice_6561,True,2026-09-29T21:24:23,2026-09-29T21:24:23,2026-09-29T21:24:23
6561,是方,2023-03-24,383.5,8.0,2.13%,,,,,,,,,ShowDailyK_ChartFlow,FinMind_API_TaiwanStockPrice_6561,True,2026-09-29T21:24:23,2026-09-29T21:24:23,2026-09-29T21:24:23
6561,是方,2023-03-27,371.0,-12.5,-3.26%,,,,,,,,,ShowDailyK_ChartFlow,FinMind_API_TaiwanStockPrice_6561,True,2026-09-29T21:24:23,2026-09-29T21:24:23,2026-09-29T21:24:23
6561,是方,2023-03-28,370.5,-0.5,-0.13%,,,,,,,,,ShowDailyK_ChartFlow,FinMind_API_TaiwanStockPrice_6561,True,2026-09-29T21:24:23,2026-09-29T21:24:23,2026-09-29T21:24:23
6561,是方,2023-03-29,369.5,-1.0,-0.27%,,,,,,,,,ShowDailyK_ChartFlow,FinMind_API_TaiwanStockPrice_6561,True,2026-09-29T21:24:23,2026-09-29T21:24:23,2026-09-29T21:24:23
6561,是方,2023-03-30,378.5,9.0,2.44%,,,,,,,,,ShowDailyK_ChartFlow,FinMind_API_TaiwanStockPrice_6561,True,2026-09-29T21:24:23,2026-09-29T21:24:23,2026-09-29T21:24:23
6561,是方,2023-03-31,385.0,6.5,1.72%,,,,,,,,,ShowDailyK_ChartFlow,FinMind_API_TaiwanStockPrice_6561,True,2026-09-29T21:24:23,2026-09-29T21:24:23,2026-09-29T21:24:23
6561,是方,2023-04-06,386.5,1.5,0.39%,,,,,,,,,ShowDailyK_ChartFlow,FinMind_API_TaiwanStockPrice_6561,True,2026-09-29T21:24:23,2026-09-29T21:24:23,2026-09-29T21:24:23
6561,是方,2023-04-07,382.5,-4.0,-1.03%,,,,,,,,,ShowDailyK_ChartFlow,FinMind_API_TaiwanStockPrice_6561,True,2026-09-29T21:24:23,2026-09-29T21:24:23,2026-09-29T21:24:23
6561,是方,2023-04-10,391.5,9.0,2.35%,,,,,,,,,ShowDailyK_ChartFlow,FinMind_API_TaiwanStockPrice_6561,True,2026-09-29T21:24:23,2026-09-29T21:24:23,2026-09-29T21:24:23
6561,是方,2023-04-11,390.0,-1.5,-0.38%,,,,,,,,,ShowDailyK_ChartFlow,FinMind_API_TaiwanStockPrice_6561,True,2026-09-29T21:24:23,2026-09-29T21:24:23,2026-09-29T21:24:23
6561,是方,2023-04-12,390.5,0.5,0.13%,,,,,,,,,ShowDailyK_ChartFlow,FinMind_API_TaiwanStockPrice_6561,True,2026-09-29T21:24:23,2026-09-29T21:24:23,2026-09-29T21:24:23
6561,是方,2023-04-13,393.0,2.5,0.64%,,,,,,,,,ShowDailyK_ChartFlow,FinMind_API_TaiwanStockPrice_6561,True,2026-09-29T21:24:23,2026-09-29T21:24:23,2026-09-29T21:24:23
6561,是方,2023-04-14,387.0,-6.0,-1.53%,,,,,,,,,ShowDailyK_ChartFlow,FinMind_API_TaiwanStockPrice_6561,True,2026-09-29T21:24:23,2026-09-29T21:24:23,2026-09-29T21:24:23
6561,是方,2023-04-17,388.0,1.0,0.26%,,,,,,,,,ShowDailyK_ChartFlow,FinMind_API_TaiwanStockPrice_6561,True,2026-09-29T21:24:23,2026-09-29T21:24:23,2026-09-29T21:24:23
6561,是方,2023-04-18,411.0,23.0,5.93%,,,,,,,,,ShowDailyK_ChartFlow,FinMind_API_TaiwanStockPrice_6561,True,2026-09-29T21:24:23,2026-09-29T21:24:23,2026-09-29T21:24:23
6561,是方,2023-04-19,401.5,-9.5,-2.31%,,,,,,,,,ShowDailyK_ChartFlow,FinMind_API_TaiwanStockPrice_6561,True,2026-09-29T21:24:23,2026-09-29T21:24:23,2026-09-29T21:24:23
6561,是方,2023-04-20,390.0,-11.5,-2.86%,,,,,,,,,ShowDailyK_ChartFlow,FinMind_API_TaiwanStockPrice_6561,True,2026-09-29T21:24:23,2026-09-29T21:24:23,2026-09-29T21:24:23
6561,是方,2023-04-21,379.5,-10.5,-2.69%,,,,,,,,,ShowDailyK_ChartFlow,FinMind_API_TaiwanStockPrice_6561,True,2026-09-29T21:24:23,2026-09-29T21:24:23,2026-09-29T21:24:23
6561,是方,2023-04-24,373.5,-6.0,-1.58%,,,,,,,,,ShowDailyK_ChartFlow,FinMind_API_TaiwanStockPrice_6561,True,2026-09-29T21:24:23,2026-09-29T21:24:23,2026-09-29T21:24:23
6561,是方,2023-04-25,367.0,-6.5,-1.74%,,,,,,,,,ShowDailyK_ChartFlow,FinMind_API_TaiwanStockPrice_6561,True,2026-09-29T21:24:23,2026-09-29T21:24:23,2026-09-29T21:24:23
6561,是方,2023-04-26,371.0,4.0,1.09%,,,,,,,,,ShowDailyK_ChartFlow,FinMind_API_TaiwanStockPrice_6561,True,2026-09-29T21:24:23,2026-09-29T21:24:23,2026-09-29T21:24:23
6561,是方,2023-04-27,376.0,5.0,1.35%,,,,,,,,,ShowDailyK_ChartFlow,FinMind_API_TaiwanStockPrice_6561,True,2026-09-29T21:24:23,2026-09-29T21:24:23,2026-09-29T21:24:23
6561,是方,2023-04-28,375.0,-1.0,-0.27%,,,,,,,,,ShowDailyK_ChartFlow,FinMind_API_TaiwanStockPrice_6561,True,2026-09-29T21:24:23,2026-09-29T21:24:23,2026-09-29T21:24:23
6561,是方,2023-05-02,381.5,6.5,1.73%,,,,,,,,,ShowDailyK_ChartFlow,FinMind_API_TaiwanStockPrice_6561,True,2026-09-29T21:24:23,2026-09-29T21:24:23,2026-09-29T21:24:23
6561,是方,2023-05-03,381.0,-0.5,-0.13%,,,,,,,,,ShowDailyK_ChartFlow,FinMind_API_TaiwanStockPrice_6561,True,2026-09-29T21:24:23,2026-09-29T21:24:23,2026-09-29T21:24:23
6561,是方,2023-05-04,381.0,0.0,0.00%,,,,,,,,,ShowDailyK_ChartFlow,FinMind_API_TaiwanStockPrice_6561,True,2026-09-29T21:24:23,2026-09-29T21:24:23,2026-09-29T21:24:23
6561,是方,2023-05-05,382.5,1.5,0.39%,,,,,,,,,ShowDailyK_ChartFlow,FinMind_API_TaiwanStockPrice_6561,True,2026-09-29T21:24:23,2026-09-29T21:24:23,2026-09-29T21:24:23
6561,是方,2023-05-08,380.0,-2.5,-0.65%,,,,,,,,,ShowDailyK_ChartFlow,FinMind_API_TaiwanStockPrice_6561,True,2026-09-29T21:24:23,2026-09-29T21:24:23,2026-09-29T21:24:23
6561,是方,2023-05-09,370.5,-9.5,-2.50%,,,,,,,,,ShowDailyK_ChartFlow,FinMind_API_TaiwanStockPrice_6561,True,2026-09-29T21:24:23,2026-09-29T21:24:23,2026-09-29T21:24:23
6561,是方,2023-05-10,375.0,4.5,1.21%,,,,,,,,,ShowDailyK_ChartFlow,FinMind_API_TaiwanStockPrice_6561,True,2026-09-29T21:24:23,2026-09-29T21:24:23,2026-09-29T21:24:23
6561,是方,2023-05-11,370.5,-4.5,-1.20%,,,,,,,,,ShowDailyK_ChartFlow,FinMind_API_TaiwanStockPrice_6561,True,2026-09-29T21:24:23,2026-09-29T21:24:23,2026-09-29T21:24:23
6561,是方,2023-05-12,372.0,1.5,0.40%,,,,,,,,,ShowDailyK_ChartFlow,FinMind_API_TaiwanStockPrice_6561,True,2026-09-29T21:24:23,2026-09-29T21:24:23,2026-09-29T21:24:23
6561,是方,2023-05-15,373.5,1.5,0.40%,,,,,,,,,ShowDailyK_ChartFlow,FinMind_API_TaiwanStockPrice_6561,True,2026-09-29T21:24:23,2026-09-29T21:24:23,2026-09-29T21:24:23
6561,是方,2023-05-16,369.5,-4.0,-1.07%,,,,,,,,,ShowDailyK_ChartFlow,FinMind_API_TaiwanStockPrice_6561,True,2026-09-29T21:24:23,2026-09-29T21:24:23,2026-09-29T21:24:23
6561,是方,2023-05-17,369.5,0.0,0.00%,,,,,,,,,ShowDailyK_ChartFlow,FinMind_API_TaiwanStockPrice_6561,True,2026-09-29T21:24:23,2026-09-29T21:24:23,2026-09-29T21:24:23
6561,是方,2023-05-18,368.5,-1.0,-0.27%,,,,,,,,,ShowDailyK_ChartFlow,FinMind_API_TaiwanStockPrice_6561,True,2026-09-29T21:24:23,2026-09-29T21:24:23,2026-09-29T21:24:23
6561,是方,2023-05-19,370.0,1.5,0.41%,,,,,,,,,ShowDailyK_ChartFlow,FinMind_API_TaiwanStockPrice_6561,True,2026-09-29T21:24:23,2026-09-29T21:24:23,2026-09-29T21:24:23
6561,是方,2023-05-22,380.0,10.0,2.70%,,,,,,,,,ShowDailyK_ChartFlow,FinMind_API_TaiwanStockPrice_6561,True,2026-09-29T21:24:23,2026-09-29T21:24:23,2026-09-29T21:24:23
6561,是方,2023-05-23,371.0,-9.0,-2.37%,,,,,,,,,ShowDailyK_ChartFlow,FinMind_API_TaiwanStockPrice_6561,True,2026-09-29T21:24:23,2026-09-29T21:24:23,2026-09-29T21:24:23
6561,是方,2023-05-24,369.0,-2.0,-0.54%,,,,,,,,,ShowDailyK_ChartFlow,FinMind_API_TaiwanStockPrice_6561,True,2026-09-29T21:24:23,2026-09-29T21:24:23,2026-09-29T21:24:23
6561,是方,2023-05-25,368.5,-0.5,-0.14%,,,,,,,,,ShowDailyK_ChartFlow,FinMind_API_TaiwanStockPrice_6561,True,2026-09-29T21:24:23,2026-09-29T21:24:23,2026-09-29T21:24:23
6561,是方,2023-05-26,368.5,0.0,0.00%,,,,,,,,,ShowDailyK_ChartFlow,FinMind_API_TaiwanStockPrice_6561,True,2026-09-29T21:24:23,2026-09-29T21:24:23,2026-09-29T21:24:23
6561,是方,2023-05-29,369.0,0.5,0.14%,,,,,,,,,ShowDailyK_ChartFlow,FinMind_API_TaiwanStockPrice_6561,True,2026-09-29T21:24:23,2026-09-29T21:24:23,2026-09-29T21:24:23
6561,是方,2023-05-30,367.0,-2.0,-0.54%,,,,,,,,,ShowDailyK_ChartFlow,FinMind_API_TaiwanStockPrice_6561,True,2026-09-29T21:24:23,2026-09-29T21:24:23,2026-09-29T21:24:23
6561,是方,2023-05-31,359.5,-7.5,-2.04%,,,,,,,,,ShowDailyK_ChartFlow,FinMind_API_TaiwanStockPrice_6561,True,2026-09-29T21:24:23,2026-09-29T21:24:23,2026-09-29T21:24:23
6561,是方,2023-06-01,364.5,5.0,1.39%,,,,,,,,,ShowDailyK_ChartFlow,FinMind_API_TaiwanStockPrice_6561,True,2026-09-29T21:24:23,2026-09-29T21:24:23,2026-09-29T21:24:23
6561,是方,2023-06-02,362.5,-2.0,-0.55%,,,,,,,,,ShowDailyK_ChartFlow,FinMind_API_TaiwanStockPrice_6561,True,2026-09-29T21:24:23,2026-09-29T21:24:23,2026-09-29T21:24:23
6561,是方,2023-06-05,360.5,-2.0,-0.55%,,,,,,,,,ShowDailyK_ChartFlow,FinMind_API_TaiwanStockPrice_6561,True,2026-09-29T21:24:23,2026-09-29T21:24:23,2026-09-29T21:24:23
6561,是方,2023-06-06,361.5,1.0,0.28%,,,,,,,,,ShowDailyK_ChartFlow,FinMind_API_TaiwanStockPrice_6561,True,2026-09-29T21:24:23,2026-09-29T21:24:23,2026-09-29T21:24:23
6561,是方,2023-06-07,365.0,3.5,0.97%,,,,,,,,,ShowDailyK_ChartFlow,FinMind_API_TaiwanStockPrice_6561,True,2026-09-29T21:24:23,2026-09-29T21:24:23,2026-09-29T21:24:23
6561,是方,2023-06-08,365.0,0.0,0.00%,,,,,,,,,ShowDailyK_ChartFlow,FinMind_API_TaiwanStockPrice_6561,True,2026-09-29T21:24:23,2026-09-29T21:24:23,2026-09-29T21:24:23
6561,是方,2023-06-09,365.5,0.5,0.14%,,,,,,,,,ShowDailyK_ChartFlow,FinMind_API_TaiwanStockPrice_6561,True,2026-09-29T21:24:23,2026-09-29T21:24:23,2026-09-29T21:24:23
6561,是方,2023-06-12,385.5,20.0,5.47%,,,,,,,,,ShowDailyK_ChartFlow,FinMind_API_TaiwanStockPrice_6561,True,2026-09-29T21:24:23,2026-09-29T21:24:23,2026-09-29T21:24:23
6561,是方,2023-06-13,383.0,-2.5,-0.65%,,,,,,,,,ShowDailyK_ChartFlow,FinMind_API_TaiwanStockPrice_6561,True,2026-09-29T21:24:23,2026-09-29T21:24:23,2026-09-29T21:24:23
6561,是方,2023-06-14,382.0,-1.0,-0.26%,,,,,,,,,ShowDailyK_ChartFlow,FinMind_API_TaiwanStockPrice_6561,True,2026-09-29T21:24:23,2026-09-29T21:24:23,2026-09-29T21:24:23
6561,是方,2023-06-15,375.5,-6.5,-1.70%,,,,,,,,,ShowDailyK_ChartFlow,FinMind_API_TaiwanStockPrice_6561,True,2026-09-29T21:24:23,2026-09-29T21:24:23,2026-09-29T21:24:23
6561,是方,2023-06-16,375.0,-0.5,-0.13%,,,,,,,,,ShowDailyK_ChartFlow,FinMind_API_TaiwanStockPrice_6561,True,2026-09-29T21:24:23,2026-09-29T21:24:23,2026-09-29T21:24:23
6561,是方,2023-06-19,386.5,11.5,3.07%,,,,,,,,,ShowDailyK_ChartFlow,FinMind_API_TaiwanStockPrice_6561,True,2026-09-29T21:24:23,2026-09-29T21:24:23,2026-09-29T21:24:23
6561,是方,2023-06-20,385.5,-1.0,-0.26%,,,,,,,,,ShowDailyK_ChartFlow,FinMind_API_TaiwanStockPrice_6561,True,2026-09-29T21:24:23,2026-09-29T21:24:23,2026-09-29T21:24:23
6561,是方,2023-06-21,385.0,-0.5,-0.13%,,,,,,,,,ShowDailyK_ChartFlow,FinMind_API_TaiwanStockPrice_6561,True,2026-09-29T21:24:23,2026-09-29T21:24:23,2026-09-29T21:24:23
6561,是方,2023-06-26,378.0,-7.0,-1.82%,,,,,,,,,ShowDailyK_ChartFlow,FinMind_API_TaiwanStockPrice_6561,True,2026-09-29T21:24:23,2026-09-29T21:24:23,2026-09-29T21:24:23
6561,是方,2023-06-27,371.0,-7.0,-1.85%,,,,,,,,,ShowDailyK_ChartFlow,FinMind_API_TaiwanStockPrice_6561,True,2026-09-29T21:24:23,2026-09-29T21:24:23,2026-09-29T21:24:23
6561,是方,2023-06-28,369.0,-2.0,-0.54%,,,,,,,,,ShowDailyK_ChartFlow,FinMind_API_TaiwanStockPrice_6561,True,2026-09-29T21:24:23,2026-09-29T21:24:23,2026-09-29T21:24:23
6561,是方,2023-06-29,374.0,5.0,1.36%,,,,,,,,,ShowDailyK_ChartFlow,FinMind_API_TaiwanStockPrice_6561,True,2026-09-29T21:24:23,2026-09-29T21:24:23,2026-09-29T21:24:23
6561,是方,2023-06-30,371.0,-3.0,-0.80%,,,,,,,,,ShowDailyK_ChartFlow,FinMind_API_TaiwanStockPrice_6561,True,2026-09-29T21:24:23,2026-09-29T21:24:23,2026-09-29T21:24:23
6561,是方,2023-07-03,387.0,16.0,4.31%,,,,,,,,,ShowDailyK_ChartFlow,FinMind_API_TaiwanStockPrice_6561,True,2026-09-29T21:24:23,2026-09-29T21:24:23,2026-09-29T21:24:23
6561,是方,2023-07-04,388.5,1.5,0.39%,,,,,,,,,ShowDailyK_ChartFlow,FinMind_API_TaiwanStockPrice_6561,True,2026-09-29T21:24:23,2026-09-29T21:24:23,2026-09-29T21:24:23
6561,是方,2023-07-05,395.0,6.5,1.67%,,,,,,,,,ShowDailyK_ChartFlow,FinMind_API_TaiwanStockPrice_6561,True,2026-09-29T21:24:23,2026-09-29T21:24:23,2026-09-29T21:24:23
6561,是方,2023-07-06,394.0,-1.0,-0.25%,,,,,,,,,ShowDailyK_ChartFlow,FinMind_API_TaiwanStockPrice_6561,True,2026-09-29T21:24:23,2026-09-29T21:24:23,2026-09-29T21:24:23
6561,是方,2023-07-07,386.5,-7.5,-1.90%,,,,,,,,,ShowDailyK_ChartFlow,FinMind_API_TaiwanStockPrice_6561,True,2026-09-29T21:24:23,2026-09-29T21:24:23,2026-09-29T21:24:23
6561,是方,2023-07-10,389.0,2.5,0.65%,,,,,,,,,ShowDailyK_ChartFlow,FinMind_API_TaiwanStockPrice_6561,True,2026-09-29T21:24:23,2026-09-29T21:24:23,2026-09-29T21:24:23
6561,是方,2023-07-11,390.0,1.0,0.26%,,,,,,,,,ShowDailyK_ChartFlow,FinMind_API_TaiwanStockPrice_6561,True,2026-09-29T21:24:23,2026-09-29T21:24:23,2026-09-29T21:24:23
6561,是方,2023-07-12,389.0,-1.0,-0.26%,,,,,,,,,ShowDailyK_ChartFlow,FinMind_API_TaiwanStockPrice_6561,True,2026-09-29T21:24:23,2026-09-29T21:24:23,2026-09-29T21:24:23
6561,是方,2023-07-13,394.0,5.0,1.29%,,,,,,,,,ShowDailyK_ChartFlow,FinMind_API_TaiwanStockPrice_6561,True,2026-09-29T21:24:23,2026-09-29T21:24:23,2026-09-29T21:24:23
6561,是方,2023-07-14,394.0,0.0,0.00%,,,,,,,,,ShowDailyK_ChartFlow,FinMind_API_TaiwanStockPrice_6561,True,2026-09-29T21:24:23,2026-09-29T21:24:23,2026-09-29T21:24:23
6561,是方,2023-07-17,393.5,-0.5,-0.13%,,,,,,,,,ShowDailyK_ChartFlow,FinMind_API_TaiwanStockPrice_6561,True,2026-09-29T21:24:23,2026-09-29T21:24:23,2026-09-29T21:24:23
6561,是方,2023-07-18,388.0,-5.5,-1.40%,,,,,,,,,ShowDailyK_ChartFlow,FinMind_API_TaiwanStockPrice_6561,True,2026-09-29T21:24:23,2026-09-29T21:24:23,2026-09-29T21:24:23
6561,是方,2023-07-19,387.5,-0.5,-0.13%,,,,,,,,,ShowDailyK_ChartFlow,FinMind_API_TaiwanStockPrice_6561,True,2026-09-29T21:24:23,2026-09-29T21:24:23,2026-09-29T21:24:23
6561,是方,2023-07-20,382.5,-5.0,-1.29%,,,,,,,,,ShowDailyK_ChartFlow,FinMind_API_TaiwanStockPrice_6561,True,2026-09-29T21:24:23,2026-09-29T21:24:23,2026-09-29T21:24:23
6561,是方,2023-07-21,381.0,-1.5,-0.39%,,,,,,,,,ShowDailyK_ChartFlow,FinMind_API_TaiwanStockPrice_6561,True,2026-09-29T21:24:23,2026-09-29T21:24:23,2026-09-29T21:24:23
6561,是方,2023-07-24,370.0,-11.0,-2.89%,,,,,,,,,ShowDailyK_ChartFlow,FinMind_API_TaiwanStockPrice_6561,True,2026-09-29T21:24:23,2026-09-29T21:24:23,2026-09-29T21:24:23
6561,是方,2023-07-25,375.5,5.5,1.49%,,,,,,,,,ShowDailyK_ChartFlow,FinMind_API_TaiwanStockPrice_6561,True,2026-09-29T21:24:23,2026-09-29T21:24:23,2026-09-29T21:24:23
6561,是方,2023-07-26,369.0,-6.5,-1.73%,,,,,,,,,ShowDailyK_ChartFlow,FinMind_API_TaiwanStockPrice_6561,True,2026-09-29T21:24:23,2026-09-29T21:24:23,2026-09-29T21:24:23
6561,是方,2023-07-27,373.0,4.0,1.08%,,,,,,,,,ShowDailyK_ChartFlow,FinMind_API_TaiwanStockPrice_6561,True,2026-09-29T21:24:23,2026-09-29T21:24:23,2026-09-29T21:24:23
6561,是方,2023-07-28,392.0,19.0,5.09%,,,,,,,,,ShowDailyK_ChartFlow,FinMind_API_TaiwanStockPrice_6561,True,2026-09-29T21:24:23,2026-09-29T21:24:23,2026-09-29T21:24:23
6561,是方,2023-07-31,394.5,2.5,0.64%,,,,,,,,,ShowDailyK_ChartFlow,FinMind_API_TaiwanStockPrice_6561,True,2026-09-29T21:24:23,2026-09-29T21:24:23,2026-09-29T21:24:23
6561,是方,2023-08-01,391.5,-3.0,-0.76%,,,,,,,,,ShowDailyK_ChartFlow,FinMind_API_TaiwanStockPrice_6561,True,2026-09-29T21:24:23,2026-09-29T21:24:23,2026-09-29T21:24:23
6561,是方,2023-08-02,393.5,2.0,0.51%,,,,,,,,,ShowDailyK_ChartFlow,FinMind_API_TaiwanStockPrice_6561,True,2026-09-29T21:24:23,2026-09-29T21:24:23,2026-09-29T21:24:23
6561,是方,2023-08-04,404.0,10.5,2.67%,,,,,,,,,ShowDailyK_ChartFlow,FinMind_API_TaiwanStockPrice_6561,True,2026-09-29T21:24:23,2026-09-29T21:24:23,2026-09-29T21:24:23
6561,是方,2023-08-07,410.0,6.0,1.49%,,,,,,,,,ShowDailyK_ChartFlow,FinMind_API_TaiwanStockPrice_6561,True,2026-09-29T21:24:23,2026-09-29T21:24:23,2026-09-29T21:24:23
6561,是方,2023-08-08,414.5,4.5,1.10%,,,,,,,,,ShowDailyK_ChartFlow,FinMind_API_TaiwanStockPrice_6561,True,2026-09-29T21:24:23,2026-09-29T21:24:23,2026-09-29T21:24:23
6561,是方,2023-08-09,405.0,-9.5,-2.29%,,,,,,,,,ShowDailyK_ChartFlow,FinMind_API_TaiwanStockPrice_6561,True,2026-09-29T21:24:23,2026-09-29T21:24:23,2026-09-29T21:24:23
6561,是方,2023-08-10,398.0,-7.0,-1.73%,,,,,,,,,ShowDailyK_ChartFlow,FinMind_API_TaiwanStockPrice_6561,True,2026-09-29T21:24:23,2026-09-29T21:24:23,2026-09-29T21:24:23
6561,是方,2023-08-11,408.5,10.5,2.64%,,,,,,,,,ShowDailyK_ChartFlow,FinMind_API_TaiwanStockPrice_6561,True,2026-09-29T21:24:23,2026-09-29T21:24:23,2026-09-29T21:24:23
6561,是方,2023-08-14,400.0,-8.5,-2.08%,,,,,,,,,ShowDailyK_ChartFlow,FinMind_API_TaiwanStockPrice_6561,True,2026-09-29T21:24:23,2026-09-29T21:24:23,2026-09-29T21:24:23
6561,是方,2023-08-15,411.0,11.0,2.75%,,,,,,,,,ShowDailyK_ChartFlow,FinMind_API_TaiwanStockPrice_6561,True,2026-09-29T21:24:23,2026-09-29T21:24:23,2026-09-29T21:24:23
6561,是方,2023-08-16,412.5,1.5,0.36%,,,,,,,,,ShowDailyK_ChartFlow,FinMind_API_TaiwanStockPrice_6561,True,2026-09-29T21:24:23,2026-09-29T21:24:23,2026-09-29T21:24:23
6561,是方,2023-08-17,377.5,-35.0,-8.48%,,,,,,,,,ShowDailyK_ChartFlow,FinMind_API_TaiwanStockPrice_6561,True,2026-09-29T21:24:23,2026-09-29T21:24:23,2026-09-29T21:24:23
6561,是方,2023-08-18,367.0,-10.5,-2.78%,,,,,,,,,ShowDailyK_ChartFlow,FinMind_API_TaiwanStockPrice_6561,True,2026-09-29T21:24:23,2026-09-29T21:24:23,2026-09-29T21:24:23
6561,是方,2023-08-21,363.5,-3.5,-0.95%,,,,,,,,,ShowDailyK_ChartFlow,FinMind_API_TaiwanStockPrice_6561,True,2026-09-29T21:24:23,2026-09-29T21:24:23,2026-09-29T21:24:23
6561,是方,2023-08-22,361.5,-2.0,-0.55%,,,,,,,,,ShowDailyK_ChartFlow,FinMind_API_TaiwanStockPrice_6561,True,2026-09-29T21:24:23,2026-09-29T21:24:23,2026-09-29T21:24:23
6561,是方,2023-08-23,363.0,1.5,0.41%,,,,,,,,,ShowDailyK_ChartFlow,FinMind_API_TaiwanStockPrice_6561,True,2026-09-29T21:24:23,2026-09-29T21:24:23,2026-09-29T21:24:23
6561,是方,2023-08-24,362.5,-0.5,-0.14%,,,,,,,,,ShowDailyK_ChartFlow,FinMind_API_TaiwanStockPrice_6561,True,2026-09-29T21:24:23,2026-09-29T21:24:23,2026-09-29T21:24:23
6561,是方,2023-08-25,362.5,0.0,0.00%,,,,,,,,,ShowDailyK_ChartFlow,FinMind_API_TaiwanStockPrice_6561,True,2026-09-29T21:24:23,2026-09-29T21:24:23,2026-09-29T21:24:23
6561,是方,2023-08-28,357.0,-5.5,-1.52%,,,,,,,,,ShowDailyK_ChartFlow,FinMind_API_TaiwanStockPrice_6561,True,2026-09-29T21:24:23,2026-09-29T21:24:23,2026-09-29T21:24:23
6561,是方,2023-08-29,355.0,-2.0,-0.56%,,,,,,,,,ShowDailyK_ChartFlow,FinMind_API_TaiwanStockPrice_6561,True,2026-09-29T21:24:23,2026-09-29T21:24:23,2026-09-29T21:24:23
6561,是方,2023-08-30,361.0,6.0,1.69%,,,,,,,,,ShowDailyK_ChartFlow,FinMind_API_TaiwanStockPrice_6561,True,2026-09-29T21:24:23,2026-09-29T21:24:23,2026-09-29T21:24:23
6561,是方,2023-08-31,369.5,8.5,2.35%,,,,,,,,,ShowDailyK_ChartFlow,FinMind_API_TaiwanStockPrice_6561,True,2026-09-29T21:24:23,2026-09-29T21:24:23,2026-09-29T21:24:23
6561,是方,2023-09-01,362.0,-7.5,-2.03%,,,,,,,,,ShowDailyK_ChartFlow,FinMind_API_TaiwanStockPrice_6561,True,2026-09-29T21:24:23,2026-09-29T21:24:23,2026-09-29T21:24:23
6561,是方,2023-09-04,357.5,-4.5,-1.24%,,,,,,,,,ShowDailyK_ChartFlow,FinMind_API_TaiwanStockPrice_6561,True,2026-09-29T21:24:23,2026-09-29T21:24:23,2026-09-29T21:24:23
6561,是方,2023-09-05,358.0,0.5,0.14%,,,,,,,,,ShowDailyK_ChartFlow,FinMind_API_TaiwanStockPrice_6561,True,2026-09-29T21:24:23,2026-09-29T21:24:23,2026-09-29T21:24:23
6561,是方,2023-09-06,358.0,0.0,0.00%,,,,,,,,,ShowDailyK_ChartFlow,FinMind_API_TaiwanStockPrice_6561,True,2026-09-29T21:24:23,2026-09-29T21:24:23,2026-09-29T21:24:23
6561,是方,2023-09-07,359.0,1.0,0.28%,,,,,,,,,ShowDailyK_ChartFlow,FinMind_API_TaiwanStockPrice_6561,True,2026-09-29T21:24:23,2026-09-29T21:24:23,2026-09-29T21:24:23
6561,是方,2023-09-08,362.5,3.5,0.97%,,,,,,,,,ShowDailyK_ChartFlow,FinMind_API_TaiwanStockPrice_6561,True,2026-09-29T21:24:23,2026-09-29T21:24:23,2026-09-29T21:24:23
6561,是方,2023-09-11,356.5,-6.0,-1.66%,,,,,,,,,ShowDailyK_ChartFlow,FinMind_API_TaiwanStockPrice_6561,True,2026-09-29T21:24:23,2026-09-29T21:24:23,2026-09-29T21:24:23
6561,是方,2023-09-12,357.5,1.0,0.28%,,,,,,,,,ShowDailyK_ChartFlow,FinMind_API_TaiwanStockPrice_6561,True,2026-09-29T21:24:23,2026-09-29T21:24:23,2026-09-29T21:24:23
6561,是方,2023-09-13,356.0,-1.5,-0.42%,,,,,,,,,ShowDailyK_ChartFlow,FinMind_API_TaiwanStockPrice_6561,True,2026-09-29T21:24:23,2026-09-29T21:24:23,2026-09-29T21:24:23
6561,是方,2023-09-14,357.0,1.0,0.28%,,,,,,,,,ShowDailyK_ChartFlow,FinMind_API_TaiwanStockPrice_6561,True,2026-09-29T21:24:23,2026-09-29T21:24:23,2026-09-29T21:24:23
6561,是方,2023-09-15,359.5,2.5,0.70%,,,,,,,,,ShowDailyK_ChartFlow,FinMind_API_TaiwanStockPrice_6561,True,2026-09-29T21:24:23,2026-09-29T21:24:23,2026-09-29T21:24:23
6561,是方,2023-09-18,357.0,-2.5,-0.70%,,,,,,,,,ShowDailyK_ChartFlow,FinMind_API_TaiwanStockPrice_6561,True,2026-09-29T21:24:23,2026-09-29T21:24:23,2026-09-29T21:24:23
6561,是方,2023-09-19,355.5,-1.5,-0.42%,,,,,,,,,ShowDailyK_ChartFlow,FinMind_API_TaiwanStockPrice_6561,True,2026-09-29T21:24:23,2026-09-29T21:24:23,2026-09-29T21:24:23
6561,是方,2023-09-20,356.0,0.5,0.14%,,,,,,,,,ShowDailyK_ChartFlow,FinMind_API_TaiwanStockPrice_6561,True,2026-09-29T21:24:23,2026-09-29T21:24:23,2026-09-29T21:24:23
6561,是方,2023-09-21,352.5,-3.5,-0.98%,,,,,,,,,ShowDailyK_ChartFlow,FinMind_API_TaiwanStockPrice_6561,True,2026-09-29T21:24:23,2026-09-29T21:24:23,2026-09-29T21:24:23
6561,是方,2023-09-22,352.0,-0.5,-0.14%,,,,,,,,,ShowDailyK_ChartFlow,FinMind_API_TaiwanStockPrice_6561,True,2026-09-29T21:24:23,2026-09-29T21:24:23,2026-09-29T21:24:23
6561,是方,2023-09-25,355.5,3.5,0.99%,,,,,,,,,ShowDailyK_ChartFlow,FinMind_API_TaiwanStockPrice_6561,True,2026-09-29T21:24:23,2026-09-29T21:24:23,2026-09-29T21:24:23
6561,是方,2023-09-26,354.0,-1.5,-0.42%,,,,,,,,,ShowDailyK_ChartFlow,FinMind_API_TaiwanStockPrice_6561,True,2026-09-29T21:24:23,2026-09-29T21:24:23,2026-09-29T21:24:23
6561,是方,2023-09-27,353.0,-1.0,-0.28%,,,,,,,,,ShowDailyK_ChartFlow,FinMind_API_TaiwanStockPrice_6561,True,2026-09-29T21:24:23,2026-09-29T21:24:23,2026-09-29T21:24:23
6561,是方,2023-09-28,354.0,1.0,0.28%,,,,,,,,,ShowDailyK_ChartFlow,FinMind_API_TaiwanStockPrice_6561,True,2026-09-29T21:24:23,2026-09-29T21:24:23,2026-09-29T21:24:23
6561,是方,2023-10-02,355.0,1.0,0.28%,,,,,,,,,ShowDailyK_ChartFlow,FinMind_API_TaiwanStockPrice_6561,True,2026-09-29T21:24:23,2026-09-29T21:24:23,2026-09-29T21:24:23
6561,是方,2023-10-03,353.0,-2.0,-0.56%,,,,,,,,,ShowDailyK_ChartFlow,FinMind_API_TaiwanStockPrice_6561,True,2026-09-29T21:24:23,2026-09-29T21:24:23,2026-09-29T21:24:23
6561,是方,2023-10-04,351.0,-2.0,-0.57%,,,,,,,,,ShowDailyK_ChartFlow,FinMind_API_TaiwanStockPrice_6561,True,2026-09-29T21:24:23,2026-09-29T21:24:23,2026-09-29T21:24:23
6561,是方,2023-10-05,352.0,1.0,0.28%,,,,,,,,,ShowDailyK_ChartFlow,FinMind_API_TaiwanStockPrice_6561,True,2026-09-29T21:24:23,2026-09-29T21:24:23,2026-09-29T21:24:23
6561,是方,2023-10-06,350.5,-1.5,-0.43%,,,,,,,,,ShowDailyK_ChartFlow,FinMind_API_TaiwanStockPrice_6561,True,2026-09-29T21:24:23,2026-09-29T21:24:23,2026-09-29T21:24:23
6561,是方,2023-10-11,347.0,-3.5,-1.00%,,,,,,,,,ShowDailyK_ChartFlow,FinMind_API_TaiwanStockPrice_6561,True,2026-09-29T21:24:23,2026-09-29T21:24:23,2026-09-29T21:24:23
6561,是方,2023-10-12,347.5,0.5,0.14%,,,,,,,,,ShowDailyK_ChartFlow,FinMind_API_TaiwanStockPrice_6561,True,2026-09-29T21:24:23,2026-09-29T21:24:23,2026-09-29T21:24:23
6561,是方,2023-10-13,346.0,-1.5,-0.43%,,,,,,,,,ShowDailyK_ChartFlow,FinMind_API_TaiwanStockPrice_6561,True,2026-09-29T21:24:23,2026-09-29T21:24:23,2026-09-29T21:24:23
6561,是方,2023-10-16,337.5,-8.5,-2.46%,,,,,,,,,ShowDailyK_ChartFlow,FinMind_API_TaiwanStockPrice_6561,True,2026-09-29T21:24:23,2026-09-29T21:24:23,2026-09-29T21:24:23
6561,是方,2023-10-17,336.5,-1.0,-0.30%,,,,,,,,,ShowDailyK_ChartFlow,FinMind_API_TaiwanStockPrice_6561,True,2026-09-29T21:24:23,2026-09-29T21:24:23,2026-09-29T21:24:23
6561,是方,2023-10-18,331.0,-5.5,-1.63%,,,,,,,,,ShowDailyK_ChartFlow,FinMind_API_TaiwanStockPrice_6561,True,2026-09-29T21:24:23,2026-09-29T21:24:23,2026-09-29T21:24:23
6561,是方,2023-10-19,337.0,6.0,1.81%,,,,,,,,,ShowDailyK_ChartFlow,FinMind_API_TaiwanStockPrice_6561,True,2026-09-29T21:24:23,2026-09-29T21:24:23,2026-09-29T21:24:23
6561,是方,2023-10-20,335.0,-2.0,-0.59%,,,,,,,,,ShowDailyK_ChartFlow,FinMind_API_TaiwanStockPrice_6561,True,2026-09-29T21:24:23,2026-09-29T21:24:23,2026-09-29T21:24:23
6561,是方,2023-10-23,331.5,-3.5,-1.04%,,,,,,,,,ShowDailyK_ChartFlow,FinMind_API_TaiwanStockPrice_6561,True,2026-09-29T21:24:23,2026-09-29T21:24:23,2026-09-29T21:24:23
6561,是方,2023-10-24,333.0,1.5,0.45%,,,,,,,,,ShowDailyK_ChartFlow,FinMind_API_TaiwanStockPrice_6561,True,2026-09-29T21:24:23,2026-09-29T21:24:23,2026-09-29T21:24:23
6561,是方,2023-10-25,334.0,1.0,0.30%,,,,,,,,,ShowDailyK_ChartFlow,FinMind_API_TaiwanStockPrice_6561,True,2026-09-29T21:24:23,2026-09-29T21:24:23,2026-09-29T21:24:23
6561,是方,2023-10-26,328.0,-6.0,-1.80%,,,,,,,,,ShowDailyK_ChartFlow,FinMind_API_TaiwanStockPrice_6561,True,2026-09-29T21:24:23,2026-09-29T21:24:23,2026-09-29T21:24:23
6561,是方,2023-10-27,334.5,6.5,1.98%,,,,,,,,,ShowDailyK_ChartFlow,FinMind_API_TaiwanStockPrice_6561,True,2026-09-29T21:24:23,2026-09-29T21:24:23,2026-09-29T21:24:23
6561,是方,2023-10-30,326.0,-8.5,-2.54%,,,,,,,,,ShowDailyK_ChartFlow,FinMind_API_TaiwanStockPrice_6561,True,2026-09-29T21:24:23,2026-09-29T21:24:23,2026-09-29T21:24:23
6561,是方,2023-10-31,321.5,-4.5,-1.38%,,,,,,,,,ShowDailyK_ChartFlow,FinMind_API_TaiwanStockPrice_6561,True,2026-09-29T21:24:23,2026-09-29T21:24:23,2026-09-29T21:24:23
6561,是方,2023-11-01,321.0,-0.5,-0.16%,,,,,,,,,ShowDailyK_ChartFlow,FinMind_API_TaiwanStockPrice_6561,True,2026-09-29T21:24:23,2026-09-29T21:24:23,2026-09-29T21:24:23
6561,是方,2023-11-02,324.0,3.0,0.93%,,,,,,,,,ShowDailyK_ChartFlow,FinMind_API_TaiwanStockPrice_6561,True,2026-09-29T21:24:23,2026-09-29T21:24:23,2026-09-29T21:24:23
6561,是方,2023-11-03,324.5,0.5,0.15%,,,,,,,,,ShowDailyK_ChartFlow,FinMind_API_TaiwanStockPrice_6561,True,2026-09-29T21:24:23,2026-09-29T21:24:23,2026-09-29T21:24:23
6561,是方,2023-11-06,325.5,1.0,0.31%,,,,,,,,,ShowDailyK_ChartFlow,FinMind_API_TaiwanStockPrice_6561,True,2026-09-29T21:24:23,2026-09-29T21:24:23,2026-09-29T21:24:23
6561,是方,2023-11-07,324.0,-1.5,-0.46%,,,,,,,,,ShowDailyK_ChartFlow,FinMind_API_TaiwanStockPrice_6561,True,2026-09-29T21:24:23,2026-09-29T21:24:23,2026-09-29T21:24:23
6561,是方,2023-11-08,321.5,-2.5,-0.77%,,,,,,,,,ShowDailyK_ChartFlow,FinMind_API_TaiwanStockPrice_6561,True,2026-09-29T21:24:23,2026-09-29T21:24:23,2026-09-29T21:24:23
6561,是方,2023-11-09,321.5,0.0,0.00%,,,,,,,,,ShowDailyK_ChartFlow,FinMind_API_TaiwanStockPrice_6561,True,2026-09-29T21:24:23,2026-09-29T21:24:23,2026-09-29T21:24:23
6561,是方,2023-11-10,320.5,-1.0,-0.31%,,,,,,,,,ShowDailyK_ChartFlow,FinMind_API_TaiwanStockPrice_6561,True,2026-09-29T21:24:23,2026-09-29T21:24:23,2026-09-29T21:24:23
6561,是方,2023-11-13,318.0,-2.5,-0.78%,,,,,,,,,ShowDailyK_ChartFlow,FinMind_API_TaiwanStockPrice_6561,True,2026-09-29T21:24:23,2026-09-29T21:24:23,2026-09-29T21:24:23
6561,是方,2023-11-14,319.5,1.5,0.47%,,,,,,,,,ShowDailyK_ChartFlow,FinMind_API_TaiwanStockPrice_6561,True,2026-09-29T21:24:23,2026-09-29T21:24:23,2026-09-29T21:24:23
6561,是方,2023-11-15,321.5,2.0,0.63%,,,,,,,,,ShowDailyK_ChartFlow,FinMind_API_TaiwanStockPrice_6561,True,2026-09-29T21:24:23,2026-09-29T21:24:23,2026-09-29T21:24:23
6561,是方,2023-11-16,319.5,-2.0,-0.62%,,,,,,,,,ShowDailyK_ChartFlow,FinMind_API_TaiwanStockPrice_6561,True,2026-09-29T21:24:23,2026-09-29T21:24:23,2026-09-29T21:24:23
6561,是方,2023-11-17,319.0,-0.5,-0.16%,,,,,,,,,ShowDailyK_ChartFlow,FinMind_API_TaiwanStockPrice_6561,True,2026-09-29T21:24:23,2026-09-29T21:24:23,2026-09-29T21:24:23
6561,是方,2023-11-20,320.0,1.0,0.31%,,,,,,,,,ShowDailyK_ChartFlow,FinMind_API_TaiwanStockPrice_6561,True,2026-09-29T21:24:23,2026-09-29T21:24:23,2026-09-29T21:24:23
6561,是方,2023-11-21,322.0,2.0,0.62%,,,,,,,,,ShowDailyK_ChartFlow,FinMind_API_TaiwanStockPrice_6561,True,2026-09-29T21:24:23,2026-09-29T21:24:23,2026-09-29T21:24:23
6561,是方,2023-11-22,320.0,-2.0,-0.62%,,,,,,,,,ShowDailyK_ChartFlow,FinMind_API_TaiwanStockPrice_6561,True,2026-09-29T21:24:23,2026-09-29T21:24:23,2026-09-29T21:24:23
6561,是方,2023-11-23,323.0,3.0,0.94%,,,,,,,,,ShowDailyK_ChartFlow,FinMind_API_TaiwanStockPrice_6561,True,2026-09-29T21:24:23,2026-09-29T21:24:23,2026-09-29T21:24:23
6561,是方,2023-11-24,325.0,2.0,0.62%,,,,,,,,,ShowDailyK_ChartFlow,FinMind_API_TaiwanStockPrice_6561,True,2026-09-29T21:24:23,2026-09-29T21:24:23,2026-09-29T21:24:23
6561,是方,2023-11-27,321.5,-3.5,-1.08%,,,,,,,,,ShowDailyK_ChartFlow,FinMind_API_TaiwanStockPrice_6561,True,2026-09-29T21:24:23,2026-09-29T21:24:23,2026-09-29T21:24:23
6561,是方,2023-11-28,322.0,0.5,0.16%,,,,,,,,,ShowDailyK_ChartFlow,FinMind_API_TaiwanStockPrice_6561,True,2026-09-29T21:24:23,2026-09-29T21:24:23,2026-09-29T21:24:23
6561,是方,2023-11-29,322.0,0.0,0.00%,,,,,,,,,ShowDailyK_ChartFlow,FinMind_API_TaiwanStockPrice_6561,True,2026-09-29T21:24:23,2026-09-29T21:24:23,2026-09-29T21:24:23
6561,是方,2023-11-30,323.0,1.0,0.31%,,,,,,,,,ShowDailyK_ChartFlow,FinMind_API_TaiwanStockPrice_6561,True,2026-09-29T21:24:23,2026-09-29T21:24:23,2026-09-29T21:24:23
6561,是方,2023-12-01,326.5,3.5,1.08%,,,,,,,,,ShowDailyK_ChartFlow,FinMind_API_TaiwanStockPrice_6561,True,2026-09-29T21:24:23,2026-09-29T21:24:23,2026-09-29T21:24:23
6561,是方,2023-12-04,334.0,7.5,2.30%,,,,,,,,,ShowDailyK_ChartFlow,FinMind_API_TaiwanStockPrice_6561,True,2026-09-29T21:24:23,2026-09-29T21:24:23,2026-09-29T21:24:23
6561,是方,2023-12-05,332.0,-2.0,-0.60%,,,,,,,,,ShowDailyK_ChartFlow,FinMind_API_TaiwanStockPrice_6561,True,2026-09-29T21:24:23,2026-09-29T21:24:23,2026-09-29T21:24:23
6561,是方,2023-12-06,332.5,0.5,0.15%,,,,,,,,,ShowDailyK_ChartFlow,FinMind_API_TaiwanStockPrice_6561,True,2026-09-29T21:24:23,2026-09-29T21:24:23,2026-09-29T21:24:23
6561,是方,2023-12-07,333.0,0.5,0.15%,,,,,,,,,ShowDailyK_ChartFlow,FinMind_API_TaiwanStockPrice_6561,True,2026-09-29T21:24:23,2026-09-29T21:24:23,2026-09-29T21:24:23
6561,是方,2023-12-08,334.0,1.0,0.30%,,,,,,,,,ShowDailyK_ChartFlow,FinMind_API_TaiwanStockPrice_6561,True,2026-09-29T21:24:23,2026-09-29T21:24:23,2026-09-29T21:24:23
6561,是方,2023-12-11,329.5,-4.5,-1.35%,,,,,,,,,ShowDailyK_ChartFlow,FinMind_API_TaiwanStockPrice_6561,True,2026-09-29T21:24:23,2026-09-29T21:24:23,2026-09-29T21:24:23
6561,是方,2023-12-12,327.0,-2.5,-0.76%,,,,,,,,,ShowDailyK_ChartFlow,FinMind_API_TaiwanStockPrice_6561,True,2026-09-29T21:24:23,2026-09-29T21:24:23,2026-09-29T21:24:23
6561,是方,2023-12-13,323.0,-4.0,-1.22%,,,,,,,,,ShowDailyK_ChartFlow,FinMind_API_TaiwanStockPrice_6561,True,2026-09-29T21:24:23,2026-09-29T21:24:23,2026-09-29T21:24:23
6561,是方,2023-12-14,326.5,3.5,1.08%,,,,,,,,,ShowDailyK_ChartFlow,FinMind_API_TaiwanStockPrice_6561,True,2026-09-29T21:24:23,2026-09-29T21:24:23,2026-09-29T21:24:23
6561,是方,2023-12-15,329.0,2.5,0.77%,,,,,,,,,ShowDailyK_ChartFlow,FinMind_API_TaiwanStockPrice_6561,True,2026-09-29T21:24:23,2026-09-29T21:24:23,2026-09-29T21:24:23
6561,是方,2023-12-18,327.0,-2.0,-0.61%,,,,,,,,,ShowDailyK_ChartFlow,FinMind_API_TaiwanStockPrice_6561,True,2026-09-29T21:24:23,2026-09-29T21:24:23,2026-09-29T21:24:23
6561,是方,2023-12-19,322.5,-4.5,-1.38%,,,,,,,,,ShowDailyK_ChartFlow,FinMind_API_TaiwanStockPrice_6561,True,2026-09-29T21:24:23,2026-09-29T21:24:23,2026-09-29T21:24:23
6561,是方,2023-12-20,321.0,-1.5,-0.47%,,,,,,,,,ShowDailyK_ChartFlow,FinMind_API_TaiwanStockPrice_6561,True,2026-09-29T21:24:23,2026-09-29T21:24:23,2026-09-29T21:24:23
6561,是方,2023-12-21,317.5,-3.5,-1.09%,,,,,,,,,ShowDailyK_ChartFlow,FinMind_API_TaiwanStockPrice_6561,True,2026-09-29T21:24:23,2026-09-29T21:24:23,2026-09-29T21:24:23
6561,是方,2023-12-22,319.0,1.5,0.47%,,,,,,,,,ShowDailyK_ChartFlow,FinMind_API_TaiwanStockPrice_6561,True,2026-09-29T21:24:23,2026-09-29T21:24:23,2026-09-29T21:24:23
6561,是方,2023-12-25,323.5,4.5,1.41%,,,,,,,,,ShowDailyK_ChartFlow,FinMind_API_TaiwanStockPrice_6561,True,2026-09-29T21:24:23,2026-09-29T21:24:23,2026-09-29T21:24:23
6561,是方,2023-12-26,320.5,-3.0,-0.93%,,,,,,,,,ShowDailyK_ChartFlow,FinMind_API_TaiwanStockPrice_6561,True,2026-09-29T21:24:23,2026-09-29T21:24:23,2026-09-29T21:24:23
6561,是方,2023-12-27,326.0,5.5,1.72%,,,,,,,,,ShowDailyK_ChartFlow,FinMind_API_TaiwanStockPrice_6561,True,2026-09-29T21:24:23,2026-09-29T21:24:23,2026-09-29T21:24:23
6561,是方,2023-12-28,329.0,3.0,0.92%,,,,,,,,,ShowDailyK_ChartFlow,FinMind_API_TaiwanStockPrice_6561,True,2026-09-29T21:24:23,2026-09-29T21:24:23,2026-09-29T21:24:23
6561,是方,2023-12-29,327.0,-2.0,-0.61%,,,,,,,,,ShowDailyK_ChartFlow,FinMind_API_TaiwanStockPrice_6561,True,2026-09-29T21:24:23,2026-09-29T21:24:23,2026-09-29T21:24:23
6561,是方,2024-01-02,327.0,0.0,0.00%,,,,,,,,,ShowDailyK_ChartFlow,FinMind_API_TaiwanStockPrice_6561,True,2026-09-29T21:24:23,2026-09-29T21:24:23,2026-09-29T21:24:23
6561,是方,2024-01-03,332.5,5.5,1.68%,,,,,,,,,ShowDailyK_ChartFlow,FinMind_API_TaiwanStockPrice_6561,True,2026-09-29T21:24:23,2026-09-29T21:24:23,2026-09-29T21:24:23
6561,是方,2024-01-04,331.0,-1.5,-0.45%,,,,,,,,,ShowDailyK_ChartFlow,FinMind_API_TaiwanStockPrice_6561,True,2026-09-29T21:24:23,2026-09-29T21:24:23,2026-09-29T21:24:23
6561,是方,2024-01-05,328.5,-2.5,-0.76%,,,,,,,,,ShowDailyK_ChartFlow,FinMind_API_TaiwanStockPrice_6561,True,2026-09-29T21:24:23,2026-09-29T21:24:23,2026-09-29T21:24:23
6561,是方,2024-01-08,331.0,2.5,0.76%,,,,,,,,,ShowDailyK_ChartFlow,FinMind_API_TaiwanStockPrice_6561,True,2026-09-29T21:24:23,2026-09-29T21:24:23,2026-09-29T21:24:23
6561,是方,2024-01-09,330.0,-1.0,-0.30%,,,,,,,,,ShowDailyK_ChartFlow,FinMind_API_TaiwanStockPrice_6561,True,2026-09-29T21:24:23,2026-09-29T21:24:23,2026-09-29T21:24:23
6561,是方,2024-01-10,328.0,-2.0,-0.61%,,,,,,,,,ShowDailyK_ChartFlow,FinMind_API_TaiwanStockPrice_6561,True,2026-09-29T21:24:23,2026-09-29T21:24:23,2026-09-29T21:24:23
6561,是方,2024-01-11,327.0,-1.0,-0.30%,,,,,,,,,ShowDailyK_ChartFlow,FinMind_API_TaiwanStockPrice_6561,True,2026-09-29T21:24:23,2026-09-29T21:24:23,2026-09-29T21:24:23
6561,是方,2024-01-12,326.5,-0.5,-0.15%,,,,,,,,,ShowDailyK_ChartFlow,FinMind_API_TaiwanStockPrice_6561,True,2026-09-29T21:24:23,2026-09-29T21:24:23,2026-09-29T21:24:23
6561,是方,2024-01-15,328.0,1.5,0.46%,,,,,,,,,ShowDailyK_ChartFlow,FinMind_API_TaiwanStockPrice_6561,True,2026-09-29T21:24:23,2026-09-29T21:24:23,2026-09-29T21:24:23
6561,是方,2024-01-16,328.0,0.0,0.00%,,,,,,,,,ShowDailyK_ChartFlow,FinMind_API_TaiwanStockPrice_6561,True,2026-09-29T21:24:23,2026-09-29T21:24:23,2026-09-29T21:24:23
6561,是方,2024-01-17,321.5,-6.5,-1.98%,,,,,,,,,ShowDailyK_ChartFlow,FinMind_API_TaiwanStockPrice_6561,True,2026-09-29T21:24:23,2026-09-29T21:24:23,2026-09-29T21:24:23
6561,是方,2024-01-18,320.0,-1.5,-0.47%,,,,,,,,,ShowDailyK_ChartFlow,FinMind_API_TaiwanStockPrice_6561,True,2026-09-29T21:24:23,2026-09-29T21:24:23,2026-09-29T21:24:23
6561,是方,2024-01-19,320.0,0.0,0.00%,,,,,,,,,ShowDailyK_ChartFlow,FinMind_API_TaiwanStockPrice_6561,True,2026-09-29T21:24:23,2026-09-29T21:24:23,2026-09-29T21:24:23
6561,是方,2024-01-22,320.0,0.0,0.00%,,,,,,,,,ShowDailyK_ChartFlow,FinMind_API_TaiwanStockPrice_6561,True,2026-09-29T21:24:23,2026-09-29T21:24:23,2026-09-29T21:24:23
6561,是方,2024-01-23,322.0,2.0,0.62%,,,,,,,,,ShowDailyK_ChartFlow,FinMind_API_TaiwanStockPrice_6561,True,2026-09-29T21:24:23,2026-09-29T21:24:23,2026-09-29T21:24:23
6561,是方,2024-01-24,323.0,1.0,0.31%,,,,,,,,,ShowDailyK_ChartFlow,FinMind_API_TaiwanStockPrice_6561,True,2026-09-29T21:24:23,2026-09-29T21:24:23,2026-09-29T21:24:23
6561,是方,2024-01-25,319.5,-3.5,-1.08%,,,,,,,,,ShowDailyK_ChartFlow,FinMind_API_TaiwanStockPrice_6561,True,2026-09-29T21:24:23,2026-09-29T21:24:23,2026-09-29T21:24:23
6561,是方,2024-01-26,322.0,2.5,0.78%,,,,,,,,,ShowDailyK_ChartFlow,FinMind_API_TaiwanStockPrice_6561,True,2026-09-29T21:24:23,2026-09-29T21:24:23,2026-09-29T21:24:23
6561,是方,2024-01-29,322.0,0.0,0.00%,,,,,,,,,ShowDailyK_ChartFlow,FinMind_API_TaiwanStockPrice_6561,True,2026-09-29T21:24:23,2026-09-29T21:24:23,2026-09-29T21:24:23
6561,是方,2024-01-30,321.0,-1.0,-0.31%,,,,,,,,,ShowDailyK_ChartFlow,FinMind_API_TaiwanStockPrice_6561,True,2026-09-29T21:24:23,2026-09-29T21:24:23,2026-09-29T21:24:23
6561,是方,2024-01-31,319.5,-1.5,-0.47%,,,,,,,,,ShowDailyK_ChartFlow,FinMind_API_TaiwanStockPrice_6561,True,2026-09-29T21:24:23,2026-09-29T21:24:23,2026-09-29T21:24:23
6561,是方,2024-02-01,319.0,-0.5,-0.16%,,,,,,,,,ShowDailyK_ChartFlow,FinMind_API_TaiwanStockPrice_6561,True,2026-09-29T21:24:23,2026-09-29T21:24:23,2026-09-29T21:24:23
6561,是方,2024-02-02,318.0,-1.0,-0.31%,,,,,,,,,ShowDailyK_ChartFlow,FinMind_API_TaiwanStockPrice_6561,True,2026-09-29T21:24:23,2026-09-29T21:24:23,2026-09-29T21:24:23
6561,是方,2024-02-05,319.5,1.5,0.47%,,,,,,,,,ShowDailyK_ChartFlow,FinMind_API_TaiwanStockPrice_6561,True,2026-09-29T21:24:23,2026-09-29T21:24:23,2026-09-29T21:24:23
6561,是方,2024-02-15,322.0,2.5,0.78%,,,,,,,,,ShowDailyK_ChartFlow,FinMind_API_TaiwanStockPrice_6561,True,2026-09-29T21:24:23,2026-09-29T21:24:23,2026-09-29T21:24:23
6561,是方,2024-02-16,326.5,4.5,1.40%,,,,,,,,,ShowDailyK_ChartFlow,FinMind_API_TaiwanStockPrice_6561,True,2026-09-29T21:24:23,2026-09-29T21:24:23,2026-09-29T21:24:23
6561,是方,2024-02-19,337.5,11.0,3.37%,,,,,,,,,ShowDailyK_ChartFlow,FinMind_API_TaiwanStockPrice_6561,True,2026-09-29T21:24:23,2026-09-29T21:24:23,2026-09-29T21:24:23
6561,是方,2024-02-20,338.0,0.5,0.15%,,,,,,,,,ShowDailyK_ChartFlow,FinMind_API_TaiwanStockPrice_6561,True,2026-09-29T21:24:23,2026-09-29T21:24:23,2026-09-29T21:24:23
6561,是方,2024-02-21,345.5,7.5,2.22%,,,,,,,,,ShowDailyK_ChartFlow,FinMind_API_TaiwanStockPrice_6561,True,2026-09-29T21:24:23,2026-09-29T21:24:23,2026-09-29T21:24:23
6561,是方,2024-02-22,341.5,-4.0,-1.16%,,,,,,,,,ShowDailyK_ChartFlow,FinMind_API_TaiwanStockPrice_6561,True,2026-09-29T21:24:23,2026-09-29T21:24:23,2026-09-29T21:24:23
6561,是方,2024-02-23,348.0,6.5,1.90%,,,,,,,,,ShowDailyK_ChartFlow,FinMind_API_TaiwanStockPrice_6561,True,2026-09-29T21:24:23,2026-09-29T21:24:23,2026-09-29T21:24:23
6561,是方,2024-02-26,353.0,5.0,1.44%,,,,,,,,,ShowDailyK_ChartFlow,FinMind_API_TaiwanStockPrice_6561,True,2026-09-29T21:24:23,2026-09-29T21:24:23,2026-09-29T21:24:23
6561,是方,2024-02-27,356.0,3.0,0.85%,,,,,,,,,ShowDailyK_ChartFlow,FinMind_API_TaiwanStockPrice_6561,True,2026-09-29T21:24:23,2026-09-29T21:24:23,2026-09-29T21:24:23
6561,是方,2024-02-29,362.5,6.5,1.83%,,,,,,,,,ShowDailyK_ChartFlow,FinMind_API_TaiwanStockPrice_6561,True,2026-09-29T21:24:23,2026-09-29T21:24:23,2026-09-29T21:24:23
6561,是方,2024-03-01,364.0,1.5,0.41%,,,,,,,,,ShowDailyK_ChartFlow,FinMind_API_TaiwanStockPrice_6561,True,2026-09-29T21:24:23,2026-09-29T21:24:23,2026-09-29T21:24:23
6561,是方,2024-03-04,365.0,1.0,0.27%,,,,,,,,,ShowDailyK_ChartFlow,FinMind_API_TaiwanStockPrice_6561,True,2026-09-29T21:24:23,2026-09-29T21:24:23,2026-09-29T21:24:23
6561,是方,2024-03-05,373.0,8.0,2.19%,,,,,,,,,ShowDailyK_ChartFlow,FinMind_API_TaiwanStockPrice_6561,True,2026-09-29T21:24:23,2026-09-29T21:24:23,2026-09-29T21:24:23
6561,是方,2024-03-06,372.0,-1.0,-0.27%,,,,,,,,,ShowDailyK_ChartFlow,FinMind_API_TaiwanStockPrice_6561,True,2026-09-29T21:24:23,2026-09-29T21:24:23,2026-09-29T21:24:23
6561,是方,2024-03-07,375.0,3.0,0.81%,,,,,,,,,ShowDailyK_ChartFlow,FinMind_API_TaiwanStockPrice_6561,True,2026-09-29T21:24:23,2026-09-29T21:24:23,2026-09-29T21:24:23
6561,是方,2024-03-08,362.0,-13.0,-3.47%,,,,,,,,,ShowDailyK_ChartFlow,FinMind_API_TaiwanStockPrice_6561,True,2026-09-29T21:24:23,2026-09-29T21:24:23,2026-09-29T21:24:23
6561,是方,2024-03-11,370.0,8.0,2.21%,,,,,,,,,ShowDailyK_ChartFlow,FinMind_API_TaiwanStockPrice_6561,True,2026-09-29T21:24:23,2026-09-29T21:24:23,2026-09-29T21:24:23
6561,是方,2024-03-12,365.5,-4.5,-1.22%,,,,,,,,,ShowDailyK_ChartFlow,FinMind_API_TaiwanStockPrice_6561,True,2026-09-29T21:24:23,2026-09-29T21:24:23,2026-09-29T21:24:23
6561,是方,2024-03-13,371.0,5.5,1.50%,,,,,,,,,ShowDailyK_ChartFlow,FinMind_API_TaiwanStockPrice_6561,True,2026-09-29T21:24:23,2026-09-29T21:24:23,2026-09-29T21:24:23
6561,是方,2024-03-14,375.0,4.0,1.08%,,,,,,,,,ShowDailyK_ChartFlow,FinMind_API_TaiwanStockPrice_6561,True,2026-09-29T21:24:23,2026-09-29T21:24:23,2026-09-29T21:24:23
6561,是方,2024-03-15,367.0,-8.0,-2.13%,,,,,,,,,ShowDailyK_ChartFlow,FinMind_API_TaiwanStockPrice_6561,True,2026-09-29T21:24:23,2026-09-29T21:24:23,2026-09-29T21:24:23
6561,是方,2024-03-18,370.0,3.0,0.82%,,,,,,,,,ShowDailyK_ChartFlow,FinMind_API_TaiwanStockPrice_6561,True,2026-09-29T21:24:23,2026-09-29T21:24:23,2026-09-29T21:24:23
6561,是方,2024-03-19,372.0,2.0,0.54%,,,,,,,,,ShowDailyK_ChartFlow,FinMind_API_TaiwanStockPrice_6561,True,2026-09-29T21:24:23,2026-09-29T21:24:23,2026-09-29T21:24:23
6561,是方,2024-03-20,377.0,5.0,1.34%,,,,,,,,,ShowDailyK_ChartFlow,FinMind_API_TaiwanStockPrice_6561,True,2026-09-29T21:24:23,2026-09-29T21:24:23,2026-09-29T21:24:23
6561,是方,2024-03-21,371.5,-5.5,-1.46%,,,,,,,,,ShowDailyK_ChartFlow,FinMind_API_TaiwanStockPrice_6561,True,2026-09-29T21:24:23,2026-09-29T21:24:23,2026-09-29T21:24:23
6561,是方,2024-03-22,374.5,3.0,0.81%,,,,,,,,,ShowDailyK_ChartFlow,FinMind_API_TaiwanStockPrice_6561,True,2026-09-29T21:24:23,2026-09-29T21:24:23,2026-09-29T21:24:23
6561,是方,2024-03-25,380.0,5.5,1.47%,,,,,,,,,ShowDailyK_ChartFlow,FinMind_API_TaiwanStockPrice_6561,True,2026-09-29T21:24:23,2026-09-29T21:24:23,2026-09-29T21:24:23
6561,是方,2024-03-26,379.0,-1.0,-0.26%,,,,,,,,,ShowDailyK_ChartFlow,FinMind_API_TaiwanStockPrice_6561,True,2026-09-29T21:24:23,2026-09-29T21:24:23,2026-09-29T21:24:23
6561,是方,2024-03-27,384.0,5.0,1.32%,,,,,,,,,ShowDailyK_ChartFlow,FinMind_API_TaiwanStockPrice_6561,True,2026-09-29T21:24:23,2026-09-29T21:24:23,2026-09-29T21:24:23
6561,是方,2024-03-28,379.5,-4.5,-1.17%,,,,,,,,,ShowDailyK_ChartFlow,FinMind_API_TaiwanStockPrice_6561,True,2026-09-29T21:24:23,2026-09-29T21:24:23,2026-09-29T21:24:23
6561,是方,2024-03-29,379.0,-0.5,-0.13%,,,,,,,,,ShowDailyK_ChartFlow,FinMind_API_TaiwanStockPrice_6561,True,2026-09-29T21:24:23,2026-09-29T21:24:23,2026-09-29T21:24:23
6561,是方,2024-04-01,372.5,-6.5,-1.72%,,,,,,,,,ShowDailyK_ChartFlow,FinMind_API_TaiwanStockPrice_6561,True,2026-09-29T21:24:23,2026-09-29T21:24:23,2026-09-29T21:24:23
6561,是方,2024-04-02,376.0,3.5,0.94%,,,,,,,,,ShowDailyK_ChartFlow,FinMind_API_TaiwanStockPrice_6561,True,2026-09-29T21:24:23,2026-09-29T21:24:23,2026-09-29T21:24:23
6561,是方,2024-04-03,370.5,-5.5,-1.46%,,,,,,,,,ShowDailyK_ChartFlow,FinMind_API_TaiwanStockPrice_6561,True,2026-09-29T21:24:23,2026-09-29T21:24:23,2026-09-29T21:24:23
6561,是方,2024-04-08,373.5,3.0,0.81%,,,,,,,,,ShowDailyK_ChartFlow,FinMind_API_TaiwanStockPrice_6561,True,2026-09-29T21:24:23,2026-09-29T21:24:23,2026-09-29T21:24:23
6561,是方,2024-04-09,377.0,3.5,0.94%,,,,,,,,,ShowDailyK_ChartFlow,FinMind_API_TaiwanStockPrice_6561,True,2026-09-29T21:24:23,2026-09-29T21:24:23,2026-09-29T21:24:23
6561,是方,2024-04-10,380.0,3.0,0.80%,,,,,,,,,ShowDailyK_ChartFlow,FinMind_API_TaiwanStockPrice_6561,True,2026-09-29T21:24:23,2026-09-29T21:24:23,2026-09-29T21:24:23
6561,是方,2024-04-11,384.5,4.5,1.18%,,,,,,,,,ShowDailyK_ChartFlow,FinMind_API_TaiwanStockPrice_6561,True,2026-09-29T21:24:23,2026-09-29T21:24:23,2026-09-29T21:24:23
6561,是方,2024-04-12,380.0,-4.5,-1.17%,,,,,,,,,ShowDailyK_ChartFlow,FinMind_API_TaiwanStockPrice_6561,True,2026-09-29T21:24:23,2026-09-29T21:24:23,2026-09-29T21:24:23
6561,是方,2024-04-15,376.5,-3.5,-0.92%,,,,,,,,,ShowDailyK_ChartFlow,FinMind_API_TaiwanStockPrice_6561,True,2026-09-29T21:24:23,2026-09-29T21:24:23,2026-09-29T21:24:23
6561,是方,2024-04-16,370.0,-6.5,-1.73%,,,,,,,,,ShowDailyK_ChartFlow,FinMind_API_TaiwanStockPrice_6561,True,2026-09-29T21:24:23,2026-09-29T21:24:23,2026-09-29T21:24:23
6561,是方,2024-04-17,373.5,3.5,0.95%,,,,,,,,,ShowDailyK_ChartFlow,FinMind_API_TaiwanStockPrice_6561,True,2026-09-29T21:24:23,2026-09-29T21:24:23,2026-09-29T21:24:23
6561,是方,2024-04-18,375.5,2.0,0.54%,,,,,,,,,ShowDailyK_ChartFlow,FinMind_API_TaiwanStockPrice_6561,True,2026-09-29T21:24:23,2026-09-29T21:24:23,2026-09-29T21:24:23
6561,是方,2024-04-19,368.0,-7.5,-2.00%,,,,,,,,,ShowDailyK_ChartFlow,FinMind_API_TaiwanStockPrice_6561,True,2026-09-29T21:24:23,2026-09-29T21:24:23,2026-09-29T21:24:23
6561,是方,2024-04-22,357.5,-10.5,-2.85%,,,,,,,,,ShowDailyK_ChartFlow,FinMind_API_TaiwanStockPrice_6561,True,2026-09-29T21:24:23,2026-09-29T21:24:23,2026-09-29T21:24:23
6561,是方,2024-04-23,363.5,6.0,1.68%,,,,,,,,,ShowDailyK_ChartFlow,FinMind_API_TaiwanStockPrice_6561,True,2026-09-29T21:24:23,2026-09-29T21:24:23,2026-09-29T21:24:23
6561,是方,2024-04-24,366.0,2.5,0.69%,,,,,,,,,ShowDailyK_ChartFlow,FinMind_API_TaiwanStockPrice_6561,True,2026-09-29T21:24:23,2026-09-29T21:24:23,2026-09-29T21:24:23
6561,是方,2024-04-25,362.5,-3.5,-0.96%,,,,,,,,,ShowDailyK_ChartFlow,FinMind_API_TaiwanStockPrice_6561,True,2026-09-29T21:24:23,2026-09-29T21:24:23,2026-09-29T21:24:23
6561,是方,2024-04-26,361.5,-1.0,-0.28%,,,,,,,,,ShowDailyK_ChartFlow,FinMind_API_TaiwanStockPrice_6561,True,2026-09-29T21:24:23,2026-09-29T21:24:23,2026-09-29T21:24:23
6561,是方,2024-04-29,374.5,13.0,3.60%,,,,,,,,,ShowDailyK_ChartFlow,FinMind_API_TaiwanStockPrice_6561,True,2026-09-29T21:24:23,2026-09-29T21:24:23,2026-09-29T21:24:23
6561,是方,2024-04-30,363.0,-11.5,-3.07%,,,,,,,,,ShowDailyK_ChartFlow,FinMind_API_TaiwanStockPrice_6561,True,2026-09-29T21:24:23,2026-09-29T21:24:23,2026-09-29T21:24:23
6561,是方,2024-05-02,356.5,-6.5,-1.79%,,,,,,,,,ShowDailyK_ChartFlow,FinMind_API_TaiwanStockPrice_6561,True,2026-09-29T21:24:23,2026-09-29T21:24:23,2026-09-29T21:24:23
6561,是方,2024-05-03,358.5,2.0,0.56%,,,,,,,,,ShowDailyK_ChartFlow,FinMind_API_TaiwanStockPrice_6561,True,2026-09-29T21:24:23,2026-09-29T21:24:23,2026-09-29T21:24:23
6561,是方,2024-05-06,360.0,1.5,0.42%,,,,,,,,,ShowDailyK_ChartFlow,FinMind_API_TaiwanStockPrice_6561,True,2026-09-29T21:24:23,2026-09-29T21:24:23,2026-09-29T21:24:23
6561,是方,2024-05-07,360.0,0.0,0.00%,,,,,,,,,ShowDailyK_ChartFlow,FinMind_API_TaiwanStockPrice_6561,True,2026-09-29T21:24:23,2026-09-29T21:24:23,2026-09-29T21:24:23
6561,是方,2024-05-08,359.5,-0.5,-0.14%,,,,,,,,,ShowDailyK_ChartFlow,FinMind_API_TaiwanStockPrice_6561,True,2026-09-29T21:24:23,2026-09-29T21:24:23,2026-09-29T21:24:23
6561,是方,2024-05-09,356.0,-3.5,-0.97%,,,,,,,,,ShowDailyK_ChartFlow,FinMind_API_TaiwanStockPrice_6561,True,2026-09-29T21:24:23,2026-09-29T21:24:23,2026-09-29T21:24:23
6561,是方,2024-05-10,346.5,-9.5,-2.67%,,,,,,,,,ShowDailyK_ChartFlow,FinMind_API_TaiwanStockPrice_6561,True,2026-09-29T21:24:23,2026-09-29T21:24:23,2026-09-29T21:24:23
6561,是方,2024-05-13,350.0,3.5,1.01%,,,,,,,,,ShowDailyK_ChartFlow,FinMind_API_TaiwanStockPrice_6561,True,2026-09-29T21:24:23,2026-09-29T21:24:23,2026-09-29T21:24:23
6561,是方,2024-05-14,347.0,-3.0,-0.86%,,,,,,,,,ShowDailyK_ChartFlow,FinMind_API_TaiwanStockPrice_6561,True,2026-09-29T21:24:23,2026-09-29T21:24:23,2026-09-29T21:24:23
6561,是方,2024-05-15,345.5,-1.5,-0.43%,,,,,,,,,ShowDailyK_ChartFlow,FinMind_API_TaiwanStockPrice_6561,True,2026-09-29T21:24:23,2026-09-29T21:24:23,2026-09-29T21:24:23
6561,是方,2024-05-16,346.0,0.5,0.14%,,,,,,,,,ShowDailyK_ChartFlow,FinMind_API_TaiwanStockPrice_6561,True,2026-09-29T21:24:23,2026-09-29T21:24:23,2026-09-29T21:24:23
6561,是方,2024-05-17,347.0,1.0,0.29%,,,,,,,,,ShowDailyK_ChartFlow,FinMind_API_TaiwanStockPrice_6561,True,2026-09-29T21:24:23,2026-09-29T21:24:23,2026-09-29T21:24:23
6561,是方,2024-05-20,347.5,0.5,0.14%,,,,,,,,,ShowDailyK_ChartFlow,FinMind_API_TaiwanStockPrice_6561,True,2026-09-29T21:24:23,2026-09-29T21:24:23,2026-09-29T21:24:23
6561,是方,2024-05-21,344.5,-3.0,-0.86%,,,,,,,,,ShowDailyK_ChartFlow,FinMind_API_TaiwanStockPrice_6561,True,2026-09-29T21:24:23,2026-09-29T21:24:23,2026-09-29T21:24:23
6561,是方,2024-05-22,346.0,1.5,0.44%,,,,,,,,,ShowDailyK_ChartFlow,FinMind_API_TaiwanStockPrice_6561,True,2026-09-29T21:24:23,2026-09-29T21:24:23,2026-09-29T21:24:23
6561,是方,2024-05-23,347.0,1.0,0.29%,,,,,,,,,ShowDailyK_ChartFlow,FinMind_API_TaiwanStockPrice_6561,True,2026-09-29T21:24:23,2026-09-29T21:24:23,2026-09-29T21:24:23
6561,是方,2024-05-24,345.5,-1.5,-0.43%,,,,,,,,,ShowDailyK_ChartFlow,FinMind_API_TaiwanStockPrice_6561,True,2026-09-29T21:24:23,2026-09-29T21:24:23,2026-09-29T21:24:23
6561,是方,2024-05-27,351.5,6.0,1.74%,,,,,,,,,ShowDailyK_ChartFlow,FinMind_API_TaiwanStockPrice_6561,True,2026-09-29T21:24:23,2026-09-29T21:24:23,2026-09-29T21:24:23
6561,是方,2024-05-28,348.5,-3.0,-0.85%,,,,,,,,,ShowDailyK_ChartFlow,FinMind_API_TaiwanStockPrice_6561,True,2026-09-29T21:24:23,2026-09-29T21:24:23,2026-09-29T21:24:23
6561,是方,2024-05-29,353.5,5.0,1.43%,,,,,,,,,ShowDailyK_ChartFlow,FinMind_API_TaiwanStockPrice_6561,True,2026-09-29T21:24:23,2026-09-29T21:24:23,2026-09-29T21:24:23
6561,是方,2024-05-30,348.0,-5.5,-1.56%,,,,,,,,,ShowDailyK_ChartFlow,FinMind_API_TaiwanStockPrice_6561,True,2026-09-29T21:24:23,2026-09-29T21:24:23,2026-09-29T21:24:23
6561,是方,2024-05-31,346.0,-2.0,-0.57%,,,,,,,,,ShowDailyK_ChartFlow,FinMind_API_TaiwanStockPrice_6561,True,2026-09-29T21:24:23,2026-09-29T21:24:23,2026-09-29T21:24:23
6561,是方,2024-06-03,345.5,-0.5,-0.14%,,,,,,,,,ShowDailyK_ChartFlow,FinMind_API_TaiwanStockPrice_6561,True,2026-09-29T21:24:23,2026-09-29T21:24:23,2026-09-29T21:24:23
6561,是方,2024-06-04,351.5,6.0,1.74%,,,,,,,,,ShowDailyK_ChartFlow,FinMind_API_TaiwanStockPrice_6561,True,2026-09-29T21:24:23,2026-09-29T21:24:23,2026-09-29T21:24:23
6561,是方,2024-06-05,351.0,-0.5,-0.14%,,,,,,,,,ShowDailyK_ChartFlow,FinMind_API_TaiwanStockPrice_6561,True,2026-09-29T21:24:23,2026-09-29T21:24:23,2026-09-29T21:24:23
6561,是方,2024-06-06,352.0,1.0,0.28%,,,,,,,,,ShowDailyK_ChartFlow,FinMind_API_TaiwanStockPrice_6561,True,2026-09-29T21:24:23,2026-09-29T21:24:23,2026-09-29T21:24:23
6561,是方,2024-06-07,360.0,8.0,2.27%,,,,,,,,,ShowDailyK_ChartFlow,FinMind_API_TaiwanStockPrice_6561,True,2026-09-29T21:24:23,2026-09-29T21:24:23,2026-09-29T21:24:23
6561,是方,2024-06-11,357.0,-3.0,-0.83%,,,,,,,,,ShowDailyK_ChartFlow,FinMind_API_TaiwanStockPrice_6561,True,2026-09-29T21:24:23,2026-09-29T21:24:23,2026-09-29T21:24:23
6561,是方,2024-06-12,359.0,2.0,0.56%,,,,,,,,,ShowDailyK_ChartFlow,FinMind_API_TaiwanStockPrice_6561,True,2026-09-29T21:24:23,2026-09-29T21:24:23,2026-09-29T21:24:23
6561,是方,2024-06-13,357.0,-2.0,-0.56%,,,,,,,,,ShowDailyK_ChartFlow,FinMind_API_TaiwanStockPrice_6561,True,2026-09-29T21:24:23,2026-09-29T21:24:23,2026-09-29T21:24:23
6561,是方,2024-06-14,356.0,-1.0,-0.28%,,,,,,,,,ShowDailyK_ChartFlow,FinMind_API_TaiwanStockPrice_6561,True,2026-09-29T21:24:23,2026-09-29T21:24:23,2026-09-29T21:24:23
6561,是方,2024-06-17,355.0,-1.0,-0.28%,,,,,,,,,ShowDailyK_ChartFlow,FinMind_API_TaiwanStockPrice_6561,True,2026-09-29T21:24:23,2026-09-29T21:24:23,2026-09-29T21:24:23
6561,是方,2024-06-18,356.5,1.5,0.42%,,,,,,,,,ShowDailyK_ChartFlow,FinMind_API_TaiwanStockPrice_6561,True,2026-09-29T21:24:23,2026-09-29T21:24:23,2026-09-29T21:24:23
6561,是方,2024-06-19,356.5,0.0,0.00%,,,,,,,,,ShowDailyK_ChartFlow,FinMind_API_TaiwanStockPrice_6561,True,2026-09-29T21:24:23,2026-09-29T21:24:23,2026-09-29T21:24:23
6561,是方,2024-06-20,360.0,3.5,0.98%,,,,,,,,,ShowDailyK_ChartFlow,FinMind_API_TaiwanStockPrice_6561,True,2026-09-29T21:24:23,2026-09-29T21:24:23,2026-09-29T21:24:23
6561,是方,2024-06-21,355.5,-4.5,-1.25%,,,,,,,,,ShowDailyK_ChartFlow,FinMind_API_TaiwanStockPrice_6561,True,2026-09-29T21:24:23,2026-09-29T21:24:23,2026-09-29T21:24:23
6561,是方,2024-06-24,355.5,0.0,0.00%,,,,,,,,,ShowDailyK_ChartFlow,FinMind_API_TaiwanStockPrice_6561,True,2026-09-29T21:24:23,2026-09-29T21:24:23,2026-09-29T21:24:23
6561,是方,2024-06-25,359.5,4.0,1.13%,,,,,,,,,ShowDailyK_ChartFlow,FinMind_API_TaiwanStockPrice_6561,True,2026-09-29T21:24:23,2026-09-29T21:24:23,2026-09-29T21:24:23
6561,是方,2024-06-26,360.0,0.5,0.14%,,,,,,,,,ShowDailyK_ChartFlow,FinMind_API_TaiwanStockPrice_6561,True,2026-09-29T21:24:23,2026-09-29T21:24:23,2026-09-29T21:24:23
6561,是方,2024-06-27,361.5,1.5,0.42%,,,,,,,,,ShowDailyK_ChartFlow,FinMind_API_TaiwanStockPrice_6561,True,2026-09-29T21:24:23,2026-09-29T21:24:23,2026-09-29T21:24:23
6561,是方,2024-06-28,361.0,-0.5,-0.14%,,,,,,,,,ShowDailyK_ChartFlow,FinMind_API_TaiwanStockPrice_6561,True,2026-09-29T21:24:23,2026-09-29T21:24:23,2026-09-29T21:24:23
6561,是方,2024-07-01,355.0,-6.0,-1.66%,,,,,,,,,ShowDailyK_ChartFlow,FinMind_API_TaiwanStockPrice_6561,True,2026-09-29T21:24:23,2026-09-29T21:24:23,2026-09-29T21:24:23
6561,是方,2024-07-02,356.0,1.0,0.28%,,,,,,,,,ShowDailyK_ChartFlow,FinMind_API_TaiwanStockPrice_6561,True,2026-09-29T21:24:23,2026-09-29T21:24:23,2026-09-29T21:24:23
6561,是方,2024-07-03,354.0,-2.0,-0.56%,,,,,,,,,ShowDailyK_ChartFlow,FinMind_API_TaiwanStockPrice_6561,True,2026-09-29T21:24:23,2026-09-29T21:24:23,2026-09-29T21:24:23
6561,是方,2024-07-04,358.5,4.5,1.27%,,,,,,,,,ShowDailyK_ChartFlow,FinMind_API_TaiwanStockPrice_6561,True,2026-09-29T21:24:23,2026-09-29T21:24:23,2026-09-29T21:24:23
6561,是方,2024-07-05,360.5,2.0,0.56%,,,,,,,,,ShowDailyK_ChartFlow,FinMind_API_TaiwanStockPrice_6561,True,2026-09-29T21:24:23,2026-09-29T21:24:23,2026-09-29T21:24:23
6561,是方,2024-07-08,372.5,12.0,3.33%,,,,,,,,,ShowDailyK_ChartFlow,FinMind_API_TaiwanStockPrice_6561,True,2026-09-29T21:24:23,2026-09-29T21:24:23,2026-09-29T21:24:23
6561,是方,2024-07-09,392.0,19.5,5.23%,,,,,,,,,ShowDailyK_ChartFlow,FinMind_API_TaiwanStockPrice_6561,True,2026-09-29T21:24:23,2026-09-29T21:24:23,2026-09-29T21:24:23
6561,是方,2024-07-10,407.5,15.5,3.95%,,,,,,,,,ShowDailyK_ChartFlow,FinMind_API_TaiwanStockPrice_6561,True,2026-09-29T21:24:23,2026-09-29T21:24:23,2026-09-29T21:24:23
6561,是方,2024-07-11,425.0,17.5,4.29%,,,,,,,,,ShowDailyK_ChartFlow,FinMind_API_TaiwanStockPrice_6561,True,2026-09-29T21:24:23,2026-09-29T21:24:23,2026-09-29T21:24:23
6561,是方,2024-07-12,430.0,5.0,1.18%,,,,,,,,,ShowDailyK_ChartFlow,FinMind_API_TaiwanStockPrice_6561,True,2026-09-29T21:24:23,2026-09-29T21:24:23,2026-09-29T21:24:23
6561,是方,2024-07-15,417.0,-13.0,-3.02%,,,,,,,,,ShowDailyK_ChartFlow,FinMind_API_TaiwanStockPrice_6561,True,2026-09-29T21:24:23,2026-09-29T21:24:23,2026-09-29T21:24:23
6561,是方,2024-07-16,423.0,6.0,1.44%,,,,,,,,,ShowDailyK_ChartFlow,FinMind_API_TaiwanStockPrice_6561,True,2026-09-29T21:24:23,2026-09-29T21:24:23,2026-09-29T21:24:23
6561,是方,2024-07-17,406.0,-17.0,-4.02%,,,,,,,,,ShowDailyK_ChartFlow,FinMind_API_TaiwanStockPrice_6561,True,2026-09-29T21:24:23,2026-09-29T21:24:23,2026-09-29T21:24:23
6561,是方,2024-07-18,415.0,9.0,2.22%,,,,,,,,,ShowDailyK_ChartFlow,FinMind_API_TaiwanStockPrice_6561,True,2026-09-29T21:24:23,2026-09-29T21:24:23,2026-09-29T21:24:23
6561,是方,2024-07-19,418.0,3.0,0.72%,,,,,,,,,ShowDailyK_ChartFlow,FinMind_API_TaiwanStockPrice_6561,True,2026-09-29T21:24:23,2026-09-29T21:24:23,2026-09-29T21:24:23
6561,是方,2024-07-22,411.0,-7.0,-1.67%,,,,,,,,,ShowDailyK_ChartFlow,FinMind_API_TaiwanStockPrice_6561,True,2026-09-29T21:24:23,2026-09-29T21:24:23,2026-09-29T21:24:23
6561,是方,2024-07-23,420.0,9.0,2.19%,,,,,,,,,ShowDailyK_ChartFlow,FinMind_API_TaiwanStockPrice_6561,True,2026-09-29T21:24:23,2026-09-29T21:24:23,2026-09-29T21:24:23
6561,是方,2024-07-26,431.0,11.0,2.62%,,,,,,,,,ShowDailyK_ChartFlow,FinMind_API_TaiwanStockPrice_6561,True,2026-09-29T21:24:23,2026-09-29T21:24:23,2026-09-29T21:24:23
6561,是方,2024-07-29,420.0,-11.0,-2.55%,,,,,,,,,ShowDailyK_ChartFlow,FinMind_API_TaiwanStockPrice_6561,True,2026-09-29T21:24:23,2026-09-29T21:24:23,2026-09-29T21:24:23
6561,是方,2024-07-30,412.0,-8.0,-1.90%,,,,,,,,,ShowDailyK_ChartFlow,FinMind_API_TaiwanStockPrice_6561,True,2026-09-29T21:24:23,2026-09-29T21:24:23,2026-09-29T21:24:23
6561,是方,2024-07-31,428.5,16.5,4.00%,,,,,,,,,ShowDailyK_ChartFlow,FinMind_API_TaiwanStockPrice_6561,True,2026-09-29T21:24:23,2026-09-29T21:24:23,2026-09-29T21:24:23
6561,是方,2024-08-01,432.0,3.5,0.82%,,,,,,,,,ShowDailyK_ChartFlow,FinMind_API_TaiwanStockPrice_6561,True,2026-09-29T21:24:23,2026-09-29T21:24:23,2026-09-29T21:24:23
6561,是方,2024-08-02,431.0,-1.0,-0.23%,,,,,,,,,ShowDailyK_ChartFlow,FinMind_API_TaiwanStockPrice_6561,True,2026-09-29T21:24:23,2026-09-29T21:24:23,2026-09-29T21:24:23
6561,是方,2024-08-05,414.0,-17.0,-3.94%,,,,,,,,,ShowDailyK_ChartFlow,FinMind_API_TaiwanStockPrice_6561,True,2026-09-29T21:24:23,2026-09-29T21:24:23,2026-09-29T21:24:23
6561,是方,2024-08-06,454.5,40.5,9.78%,,,,,,,,,ShowDailyK_ChartFlow,FinMind_API_TaiwanStockPrice_6561,True,2026-09-29T21:24:23,2026-09-29T21:24:23,2026-09-29T21:24:23
6561,是方,2024-08-07,493.5,39.0,8.58%,,,,,,,,,ShowDailyK_ChartFlow,FinMind_API_TaiwanStockPrice_6561,True,2026-09-29T21:24:23,2026-09-29T21:24:23,2026-09-29T21:24:23
6561,是方,2024-08-08,482.0,-11.5,-2.33%,,,,,,,,,ShowDailyK_ChartFlow,FinMind_API_TaiwanStockPrice_6561,True,2026-09-29T21:24:23,2026-09-29T21:24:23,2026-09-29T21:24:23
6561,是方,2024-08-09,488.5,6.5,1.35%,,,,,,,,,ShowDailyK_ChartFlow,FinMind_API_TaiwanStockPrice_6561,True,2026-09-29T21:24:23,2026-09-29T21:24:23,2026-09-29T21:24:23
6561,是方,2024-08-12,485.0,-3.5,-0.72%,,,,,,,,,ShowDailyK_ChartFlow,FinMind_API_TaiwanStockPrice_6561,True,2026-09-29T21:24:23,2026-09-29T21:24:23,2026-09-29T21:24:23
6561,是方,2024-08-13,505.0,20.0,4.12%,,,,,,,,,ShowDailyK_ChartFlow,FinMind_API_TaiwanStockPrice_6561,True,2026-09-29T21:24:23,2026-09-29T21:24:23,2026-09-29T21:24:23
6561,是方,2024-08-14,497.5,-7.5,-1.49%,,,,,,,,,ShowDailyK_ChartFlow,FinMind_API_TaiwanStockPrice_6561,True,2026-09-29T21:24:23,2026-09-29T21:24:23,2026-09-29T21:24:23
6561,是方,2024-08-15,491.0,-6.5,-1.31%,,,,,,,,,ShowDailyK_ChartFlow,FinMind_API_TaiwanStockPrice_6561,True,2026-09-29T21:24:23,2026-09-29T21:24:23,2026-09-29T21:24:23
6561,是方,2024-08-16,500.0,9.0,1.83%,,,,,,,,,ShowDailyK_ChartFlow,FinMind_API_TaiwanStockPrice_6561,True,2026-09-29T21:24:23,2026-09-29T21:24:23,2026-09-29T21:24:23
6561,是方,2024-08-19,498.0,-2.0,-0.40%,,,,,,,,,ShowDailyK_ChartFlow,FinMind_API_TaiwanStockPrice_6561,True,2026-09-29T21:24:23,2026-09-29T21:24:23,2026-09-29T21:24:23
6561,是方,2024-08-20,491.0,-7.0,-1.41%,,,,,,,,,ShowDailyK_ChartFlow,FinMind_API_TaiwanStockPrice_6561,True,2026-09-29T21:24:23,2026-09-29T21:24:23,2026-09-29T21:24:23
6561,是方,2024-08-21,505.0,14.0,2.85%,,,,,,,,,ShowDailyK_ChartFlow,FinMind_API_TaiwanStockPrice_6561,True,2026-09-29T21:24:23,2026-09-29T21:24:23,2026-09-29T21:24:23
6561,是方,2024-08-22,517.0,12.0,2.38%,,,,,,,,,ShowDailyK_ChartFlow,FinMind_API_TaiwanStockPrice_6561,True,2026-09-29T21:24:23,2026-09-29T21:24:23,2026-09-29T21:24:23
6561,是方,2024-08-23,503.0,-14.0,-2.71%,,,,,,,,,ShowDailyK_ChartFlow,FinMind_API_TaiwanStockPrice_6561,True,2026-09-29T21:24:23,2026-09-29T21:24:23,2026-09-29T21:24:23
6561,是方,2024-08-26,490.5,-12.5,-2.49%,,,,,,,,,ShowDailyK_ChartFlow,FinMind_API_TaiwanStockPrice_6561,True,2026-09-29T21:24:23,2026-09-29T21:24:23,2026-09-29T21:24:23
6561,是方,2024-08-27,493.0,2.5,0.51%,,,,,,,,,ShowDailyK_ChartFlow,FinMind_API_TaiwanStockPrice_6561,True,2026-09-29T21:24:23,2026-09-29T21:24:23,2026-09-29T21:24:23
6561,是方,2024-08-28,495.0,2.0,0.41%,,,,,,,,,ShowDailyK_ChartFlow,FinMind_API_TaiwanStockPrice_6561,True,2026-09-29T21:24:23,2026-09-29T21:24:23,2026-09-29T21:24:23
6561,是方,2024-08-29,491.5,-3.5,-0.71%,,,,,,,,,ShowDailyK_ChartFlow,FinMind_API_TaiwanStockPrice_6561,True,2026-09-29T21:24:23,2026-09-29T21:24:23,2026-09-29T21:24:23
6561,是方,2024-08-30,538.0,46.5,9.46%,,,,,,,,,ShowDailyK_ChartFlow,FinMind_API_TaiwanStockPrice_6561,True,2026-09-29T21:24:23,2026-09-29T21:24:23,2026-09-29T21:24:23
6561,是方,2024-09-02,525.0,-13.0,-2.42%,,,,,,,,,ShowDailyK_ChartFlow,FinMind_API_TaiwanStockPrice_6561,True,2026-09-29T21:24:23,2026-09-29T21:24:23,2026-09-29T21:24:23
6561,是方,2024-09-03,522.0,-3.0,-0.57%,,,,,,,,,ShowDailyK_ChartFlow,FinMind_API_TaiwanStockPrice_6561,True,2026-09-29T21:24:23,2026-09-29T21:24:23,2026-09-29T21:24:23
6561,是方,2024-09-04,520.0,-2.0,-0.38%,,,,,,,,,ShowDailyK_ChartFlow,FinMind_API_TaiwanStockPrice_6561,True,2026-09-29T21:24:23,2026-09-29T21:24:23,2026-09-29T21:24:23
6561,是方,2024-09-05,499.5,-20.5,-3.94%,,,,,,,,,ShowDailyK_ChartFlow,FinMind_API_TaiwanStockPrice_6561,True,2026-09-29T21:24:23,2026-09-29T21:24:23,2026-09-29T21:24:23
6561,是方,2024-09-06,477.0,-22.5,-4.50%,,,,,,,,,ShowDailyK_ChartFlow,FinMind_API_TaiwanStockPrice_6561,True,2026-09-29T21:24:23,2026-09-29T21:24:23,2026-09-29T21:24:23
6561,是方,2024-09-09,477.5,0.5,0.10%,,,,,,,,,ShowDailyK_ChartFlow,FinMind_API_TaiwanStockPrice_6561,True,2026-09-29T21:24:23,2026-09-29T21:24:23,2026-09-29T21:24:23
6561,是方,2024-09-10,480.0,2.5,0.52%,,,,,,,,,ShowDailyK_ChartFlow,FinMind_API_TaiwanStockPrice_6561,True,2026-09-29T21:24:23,2026-09-29T21:24:23,2026-09-29T21:24:23
6561,是方,2024-09-11,468.5,-11.5,-2.40%,,,,,,,,,ShowDailyK_ChartFlow,FinMind_API_TaiwanStockPrice_6561,True,2026-09-29T21:24:23,2026-09-29T21:24:23,2026-09-29T21:24:23
6561,是方,2024-09-12,472.5,4.0,0.85%,,,,,,,,,ShowDailyK_ChartFlow,FinMind_API_TaiwanStockPrice_6561,True,2026-09-29T21:24:23,2026-09-29T21:24:23,2026-09-29T21:24:23
6561,是方,2024-09-13,481.0,8.5,1.80%,,,,,,,,,ShowDailyK_ChartFlow,FinMind_API_TaiwanStockPrice_6561,True,2026-09-29T21:24:23,2026-09-29T21:24:23,2026-09-29T21:24:23
6561,是方,2024-09-16,478.0,-3.0,-0.62%,,,,,,,,,ShowDailyK_ChartFlow,FinMind_API_TaiwanStockPrice_6561,True,2026-09-29T21:24:23,2026-09-29T21:24:23,2026-09-29T21:24:23
6561,是方,2024-09-18,470.0,-8.0,-1.67%,,,,,,,,,ShowDailyK_ChartFlow,FinMind_API_TaiwanStockPrice_6561,True,2026-09-29T21:24:23,2026-09-29T21:24:23,2026-09-29T21:24:23
6561,是方,2024-09-19,476.5,6.5,1.38%,,,,,,,,,ShowDailyK_ChartFlow,FinMind_API_TaiwanStockPrice_6561,True,2026-09-29T21:24:23,2026-09-29T21:24:23,2026-09-29T21:24:23
6561,是方,2024-09-20,474.5,-2.0,-0.42%,,,,,,,,,ShowDailyK_ChartFlow,FinMind_API_TaiwanStockPrice_6561,True,2026-09-29T21:24:23,2026-09-29T21:24:23,2026-09-29T21:24:23
6561,是方,2024-09-23,476.0,1.5,0.32%,,,,,,,,,ShowDailyK_ChartFlow,FinMind_API_TaiwanStockPrice_6561,True,2026-09-29T21:24:23,2026-09-29T21:24:23,2026-09-29T21:24:23
6561,是方,2024-09-24,480.5,4.5,0.95%,,,,,,,,,ShowDailyK_ChartFlow,FinMind_API_TaiwanStockPrice_6561,True,2026-09-29T21:24:23,2026-09-29T21:24:23,2026-09-29T21:24:23
6561,是方,2024-09-25,479.0,-1.5,-0.31%,,,,,,,,,ShowDailyK_ChartFlow,FinMind_API_TaiwanStockPrice_6561,True,2026-09-29T21:24:23,2026-09-29T21:24:23,2026-09-29T21:24:23
6561,是方,2024-09-26,478.5,-0.5,-0.10%,,,,,,,,,ShowDailyK_ChartFlow,FinMind_API_TaiwanStockPrice_6561,True,2026-09-29T21:24:23,2026-09-29T21:24:23,2026-09-29T21:24:23
6561,是方,2024-09-27,476.0,-2.5,-0.52%,,,,,,,,,ShowDailyK_ChartFlow,FinMind_API_TaiwanStockPrice_6561,True,2026-09-29T21:24:23,2026-09-29T21:24:23,2026-09-29T21:24:23
6561,是方,2024-09-30,477.0,1.0,0.21%,,,,,,,,,ShowDailyK_ChartFlow,FinMind_API_TaiwanStockPrice_6561,True,2026-09-29T21:24:23,2026-09-29T21:24:23,2026-09-29T21:24:23
6561,是方,2024-10-01,466.5,-10.5,-2.20%,,,,,,,,,ShowDailyK_ChartFlow,FinMind_API_TaiwanStockPrice_6561,True,2026-09-29T21:24:23,2026-09-29T21:24:23,2026-09-29T21:24:23
6561,是方,2024-10-04,456.0,-10.5,-2.25%,,,,,,,,,ShowDailyK_ChartFlow,FinMind_API_TaiwanStockPrice_6561,True,2026-09-29T21:24:23,2026-09-29T21:24:23,2026-09-29T21:24:23
6561,是方,2024-10-07,475.0,19.0,4.17%,,,,,,,,,ShowDailyK_ChartFlow,FinMind_API_TaiwanStockPrice_6561,True,2026-09-29T21:24:23,2026-09-29T21:24:23,2026-09-29T21:24:23
6561,是方,2024-10-08,475.0,0.0,0.00%,,,,,,,,,ShowDailyK_ChartFlow,FinMind_API_TaiwanStockPrice_6561,True,2026-09-29T21:24:23,2026-09-29T21:24:23,2026-09-29T21:24:23
6561,是方,2024-10-09,478.0,3.0,0.63%,,,,,,,,,ShowDailyK_ChartFlow,FinMind_API_TaiwanStockPrice_6561,True,2026-09-29T21:24:23,2026-09-29T21:24:23,2026-09-29T21:24:23
6561,是方,2024-10-11,467.5,-10.5,-2.20%,,,,,,,,,ShowDailyK_ChartFlow,FinMind_API_TaiwanStockPrice_6561,True,2026-09-29T21:24:23,2026-09-29T21:24:23,2026-09-29T21:24:23
6561,是方,2024-10-14,471.5,4.0,0.86%,,,,,,,,,ShowDailyK_ChartFlow,FinMind_API_TaiwanStockPrice_6561,True,2026-09-29T21:24:23,2026-09-29T21:24:23,2026-09-29T21:24:23
6561,是方,2024-10-15,470.0,-1.5,-0.32%,,,,,,,,,ShowDailyK_ChartFlow,FinMind_API_TaiwanStockPrice_6561,True,2026-09-29T21:24:23,2026-09-29T21:24:23,2026-09-29T21:24:23
6561,是方,2024-10-16,469.0,-1.0,-0.21%,,,,,,,,,ShowDailyK_ChartFlow,FinMind_API_TaiwanStockPrice_6561,True,2026-09-29T21:24:23,2026-09-29T21:24:23,2026-09-29T21:24:23
6561,是方,2024-10-17,479.5,10.5,2.24%,,,,,,,,,ShowDailyK_ChartFlow,FinMind_API_TaiwanStockPrice_6561,True,2026-09-29T21:24:23,2026-09-29T21:24:23,2026-09-29T21:24:23
6561,是方,2024-10-18,473.0,-6.5,-1.36%,,,,,,,,,ShowDailyK_ChartFlow,FinMind_API_TaiwanStockPrice_6561,True,2026-09-29T21:24:23,2026-09-29T21:24:23,2026-09-29T21:24:23
6561,是方,2024-10-21,480.5,7.5,1.59%,,,,,,,,,ShowDailyK_ChartFlow,FinMind_API_TaiwanStockPrice_6561,True,2026-09-29T21:24:23,2026-09-29T21:24:23,2026-09-29T21:24:23
6561,是方,2024-10-22,482.0,1.5,0.31%,,,,,,,,,ShowDailyK_ChartFlow,FinMind_API_TaiwanStockPrice_6561,True,2026-09-29T21:24:23,2026-09-29T21:24:23,2026-09-29T21:24:23
6561,是方,2024-10-23,482.0,0.0,0.00%,,,,,,,,,ShowDailyK_ChartFlow,FinMind_API_TaiwanStockPrice_6561,True,2026-09-29T21:24:23,2026-09-29T21:24:23,2026-09-29T21:24:23
6561,是方,2024-10-24,474.5,-7.5,-1.56%,,,,,,,,,ShowDailyK_ChartFlow,FinMind_API_TaiwanStockPrice_6561,True,2026-09-29T21:24:23,2026-09-29T21:24:23,2026-09-29T21:24:23
6561,是方,2024-10-25,480.0,5.5,1.16%,,,,,,,,,ShowDailyK_ChartFlow,FinMind_API_TaiwanStockPrice_6561,True,2026-09-29T21:24:23,2026-09-29T21:24:23,2026-09-29T21:24:23
6561,是方,2024-10-28,468.0,-12.0,-2.50%,,,,,,,,,ShowDailyK_ChartFlow,FinMind_API_TaiwanStockPrice_6561,True,2026-09-29T21:24:23,2026-09-29T21:24:23,2026-09-29T21:24:23
6561,是方,2024-10-29,464.0,-4.0,-0.85%,,,,,,,,,ShowDailyK_ChartFlow,FinMind_API_TaiwanStockPrice_6561,True,2026-09-29T21:24:23,2026-09-29T21:24:23,2026-09-29T21:24:23
6561,是方,2024-10-30,470.0,6.0,1.29%,,,,,,,,,ShowDailyK_ChartFlow,FinMind_API_TaiwanStockPrice_6561,True,2026-09-29T21:24:23,2026-09-29T21:24:23,2026-09-29T21:24:23
6561,是方,2024-11-01,480.5,10.5,2.23%,,,,,,,,,ShowDailyK_ChartFlow,FinMind_API_TaiwanStockPrice_6561,True,2026-09-29T21:24:23,2026-09-29T21:24:23,2026-09-29T21:24:23
6561,是方,2024-11-04,485.5,5.0,1.04%,,,,,,,,,ShowDailyK_ChartFlow,FinMind_API_TaiwanStockPrice_6561,True,2026-09-29T21:24:23,2026-09-29T21:24:23,2026-09-29T21:24:23
6561,是方,2024-11-05,482.0,-3.5,-0.72%,,,,,,,,,ShowDailyK_ChartFlow,FinMind_API_TaiwanStockPrice_6561,True,2026-09-29T21:24:23,2026-09-29T21:24:23,2026-09-29T21:24:23
6561,是方,2024-11-06,530.0,48.0,9.96%,,,,,,,,,ShowDailyK_ChartFlow,FinMind_API_TaiwanStockPrice_6561,True,2026-09-29T21:24:23,2026-09-29T21:24:23,2026-09-29T21:24:23
6561,是方,2024-11-07,535.0,5.0,0.94%,,,,,,,,,ShowDailyK_ChartFlow,FinMind_API_TaiwanStockPrice_6561,True,2026-09-29T21:24:23,2026-09-29T21:24:23,2026-09-29T21:24:23
6561,是方,2024-11-08,523.0,-12.0,-2.24%,,,,,,,,,ShowDailyK_ChartFlow,FinMind_API_TaiwanStockPrice_6561,True,2026-09-29T21:24:23,2026-09-29T21:24:23,2026-09-29T21:24:23
6561,是方,2024-11-11,519.0,-4.0,-0.76%,,,,,,,,,ShowDailyK_ChartFlow,FinMind_API_TaiwanStockPrice_6561,True,2026-09-29T21:24:23,2026-09-29T21:24:23,2026-09-29T21:24:23
6561,是方,2024-11-12,496.0,-23.0,-4.43%,,,,,,,,,ShowDailyK_ChartFlow,FinMind_API_TaiwanStockPrice_6561,True,2026-09-29T21:24:23,2026-09-29T21:24:23,2026-09-29T21:24:23
6561,是方,2024-11-13,514.0,18.0,3.63%,,,,,,,,,ShowDailyK_ChartFlow,FinMind_API_TaiwanStockPrice_6561,True,2026-09-29T21:24:23,2026-09-29T21:24:23,2026-09-29T21:24:23
6561,是方,2024-11-14,508.0,-6.0,-1.17%,,,,,,,,,ShowDailyK_ChartFlow,FinMind_API_TaiwanStockPrice_6561,True,2026-09-29T21:24:23,2026-09-29T21:24:23,2026-09-29T21:24:23
6561,是方,2024-11-15,513.0,5.0,0.98%,,,,,,,,,ShowDailyK_ChartFlow,FinMind_API_TaiwanStockPrice_6561,True,2026-09-29T21:24:23,2026-09-29T21:24:23,2026-09-29T21:24:23
6561,是方,2024-11-18,516.0,3.0,0.58%,,,,,,,,,ShowDailyK_ChartFlow,FinMind_API_TaiwanStockPrice_6561,True,2026-09-29T21:24:23,2026-09-29T21:24:23,2026-09-29T21:24:23
6561,是方,2024-11-19,516.0,0.0,0.00%,,,,,,,,,ShowDailyK_ChartFlow,FinMind_API_TaiwanStockPrice_6561,True,2026-09-29T21:24:23,2026-09-29T21:24:23,2026-09-29T21:24:23
6561,是方,2024-11-20,516.0,0.0,0.00%,,,,,,,,,ShowDailyK_ChartFlow,FinMind_API_TaiwanStockPrice_6561,True,2026-09-29T21:24:23,2026-09-29T21:24:23,2026-09-29T21:24:23
6561,是方,2024-11-21,503.0,-13.0,-2.52%,,,,,,,,,ShowDailyK_ChartFlow,FinMind_API_TaiwanStockPrice_6561,True,2026-09-29T21:24:23,2026-09-29T21:24:23,2026-09-29T21:24:23
6561,是方,2024-11-22,507.0,4.0,0.80%,,,,,,,,,ShowDailyK_ChartFlow,FinMind_API_TaiwanStockPrice_6561,True,2026-09-29T21:24:23,2026-09-29T21:24:23,2026-09-29T21:24:23
6561,是方,2024-11-25,514.0,7.0,1.38%,,,,,,,,,ShowDailyK_ChartFlow,FinMind_API_TaiwanStockPrice_6561,True,2026-09-29T21:24:23,2026-09-29T21:24:23,2026-09-29T21:24:23
6561,是方,2024-11-26,510.0,-4.0,-0.78%,,,,,,,,,ShowDailyK_ChartFlow,FinMind_API_TaiwanStockPrice_6561,True,2026-09-29T21:24:23,2026-09-29T21:24:23,2026-09-29T21:24:23
6561,是方,2024-11-27,513.0,3.0,0.59%,,,,,,,,,ShowDailyK_ChartFlow,FinMind_API_TaiwanStockPrice_6561,True,2026-09-29T21:24:23,2026-09-29T21:24:23,2026-09-29T21:24:23
6561,是方,2024-11-28,504.0,-9.0,-1.75%,,,,,,,,,ShowDailyK_ChartFlow,FinMind_API_TaiwanStockPrice_6561,True,2026-09-29T21:24:23,2026-09-29T21:24:23,2026-09-29T21:24:23
6561,是方,2024-11-29,515.0,11.0,2.18%,,,,,,,,,ShowDailyK_ChartFlow,FinMind_API_TaiwanStockPrice_6561,True,2026-09-29T21:24:23,2026-09-29T21:24:23,2026-09-29T21:24:23
6561,是方,2024-12-02,512.0,-3.0,-0.58%,,,,,,,,,ShowDailyK_ChartFlow,FinMind_API_TaiwanStockPrice_6561,True,2026-09-29T21:24:23,2026-09-29T21:24:23,2026-09-29T21:24:23
6561,是方,2024-12-03,504.0,-8.0,-1.56%,,,,,,,,,ShowDailyK_ChartFlow,FinMind_API_TaiwanStockPrice_6561,True,2026-09-29T21:24:23,2026-09-29T21:24:23,2026-09-29T21:24:23
6561,是方,2024-12-04,516.0,12.0,2.38%,,,,,,,,,ShowDailyK_ChartFlow,FinMind_API_TaiwanStockPrice_6561,True,2026-09-29T21:24:23,2026-09-29T21:24:23,2026-09-29T21:24:23
6561,是方,2024-12-05,520.0,4.0,0.78%,,,,,,,,,ShowDailyK_ChartFlow,FinMind_API_TaiwanStockPrice_6561,True,2026-09-29T21:24:23,2026-09-29T21:24:23,2026-09-29T21:24:23
6561,是方,2024-12-06,503.0,-17.0,-3.27%,,,,,,,,,ShowDailyK_ChartFlow,FinMind_API_TaiwanStockPrice_6561,True,2026-09-29T21:24:23,2026-09-29T21:24:23,2026-09-29T21:24:23
6561,是方,2024-12-09,501.0,-2.0,-0.40%,,,,,,,,,ShowDailyK_ChartFlow,FinMind_API_TaiwanStockPrice_6561,True,2026-09-29T21:24:23,2026-09-29T21:24:23,2026-09-29T21:24:23
6561,是方,2024-12-10,499.0,-2.0,-0.40%,,,,,,,,,ShowDailyK_ChartFlow,FinMind_API_TaiwanStockPrice_6561,True,2026-09-29T21:24:23,2026-09-29T21:24:23,2026-09-29T21:24:23
6561,是方,2024-12-11,480.5,-18.5,-3.71%,,,,,,,,,ShowDailyK_ChartFlow,FinMind_API_TaiwanStockPrice_6561,True,2026-09-29T21:24:23,2026-09-29T21:24:23,2026-09-29T21:24:23
6561,是方,2024-12-12,474.0,-6.5,-1.35%,,,,,,,,,ShowDailyK_ChartFlow,FinMind_API_TaiwanStockPrice_6561,True,2026-09-29T21:24:23,2026-09-29T21:24:23,2026-09-29T21:24:23
6561,是方,2024-12-13,470.5,-3.5,-0.74%,,,,,,,,,ShowDailyK_ChartFlow,FinMind_API_TaiwanStockPrice_6561,True,2026-09-29T21:24:23,2026-09-29T21:24:23,2026-09-29T21:24:23
6561,是方,2024-12-16,470.5,0.0,0.00%,,,,,,,,,ShowDailyK_ChartFlow,FinMind_API_TaiwanStockPrice_6561,True,2026-09-29T21:24:23,2026-09-29T21:24:23,2026-09-29T21:24:23
6561,是方,2024-12-17,475.0,4.5,0.96%,,,,,,,,,ShowDailyK_ChartFlow,FinMind_API_TaiwanStockPrice_6561,True,2026-09-29T21:24:23,2026-09-29T21:24:23,2026-09-29T21:24:23
6561,是方,2024-12-18,473.0,-2.0,-0.42%,,,,,,,,,ShowDailyK_ChartFlow,FinMind_API_TaiwanStockPrice_6561,True,2026-09-29T21:24:23,2026-09-29T21:24:23,2026-09-29T21:24:23
6561,是方,2024-12-19,482.0,9.0,1.90%,,,,,,,,,ShowDailyK_ChartFlow,FinMind_API_TaiwanStockPrice_6561,True,2026-09-29T21:24:23,2026-09-29T21:24:23,2026-09-29T21:24:23
6561,是方,2024-12-20,476.0,-6.0,-1.24%,,,,,,,,,ShowDailyK_ChartFlow,FinMind_API_TaiwanStockPrice_6561,True,2026-09-29T21:24:23,2026-09-29T21:24:23,2026-09-29T21:24:23
6561,是方,2024-12-23,475.0,-1.0,-0.21%,,,,,,,,,ShowDailyK_ChartFlow,FinMind_API_TaiwanStockPrice_6561,True,2026-09-29T21:24:23,2026-09-29T21:24:23,2026-09-29T21:24:23
6561,是方,2024-12-24,474.0,-1.0,-0.21%,,,,,,,,,ShowDailyK_ChartFlow,FinMind_API_TaiwanStockPrice_6561,True,2026-09-29T21:24:23,2026-09-29T21:24:23,2026-09-29T21:24:23
6561,是方,2024-12-25,471.5,-2.5,-0.53%,,,,,,,,,ShowDailyK_ChartFlow,FinMind_API_TaiwanStockPrice_6561,True,2026-09-29T21:24:23,2026-09-29T21:24:23,2026-09-29T21:24:23
6561,是方,2024-12-26,472.0,0.5,0.11%,,,,,,,,,ShowDailyK_ChartFlow,FinMind_API_TaiwanStockPrice_6561,True,2026-09-29T21:24:23,2026-09-29T21:24:23,2026-09-29T21:24:23
6561,是方,2024-12-27,469.5,-2.5,-0.53%,,,,,,,,,ShowDailyK_ChartFlow,FinMind_API_TaiwanStockPrice_6561,True,2026-09-29T21:24:23,2026-09-29T21:24:23,2026-09-29T21:24:23
6561,是方,2024-12-30,473.5,4.0,0.85%,,,,,,,,,ShowDailyK_ChartFlow,FinMind_API_TaiwanStockPrice_6561,True,2026-09-29T21:24:23,2026-09-29T21:24:23,2026-09-29T21:24:23
6561,是方,2024-12-31,479.0,5.5,1.16%,,,,,,,,,ShowDailyK_ChartFlow,FinMind_API_TaiwanStockPrice_6561,True,2026-09-29T21:24:23,2026-09-29T21:24:23,2026-09-29T21:24:23
6561,是方,2025-01-02,467.0,-12.0,-2.51%,,,,,,,,,ShowDailyK_ChartFlow,FinMind_API_TaiwanStockPrice_6561,True,2026-09-29T21:24:23,2026-09-29T21:24:23,2026-09-29T21:24:23
6561,是方,2025-01-03,465.0,-2.0,-0.43%,,,,,,,,,ShowDailyK_ChartFlow,FinMind_API_TaiwanStockPrice_6561,True,2026-09-29T21:24:23,2026-09-29T21:24:23,2026-09-29T21:24:23
6561,是方,2025-01-06,466.5,1.5,0.32%,,,,,,,,,ShowDailyK_ChartFlow,FinMind_API_TaiwanStockPrice_6561,True,2026-09-29T21:24:23,2026-09-29T21:24:23,2026-09-29T21:24:23
6561,是方,2025-01-07,463.5,-3.0,-0.64%,,,,,,,,,ShowDailyK_ChartFlow,FinMind_API_TaiwanStockPrice_6561,True,2026-09-29T21:24:23,2026-09-29T21:24:23,2026-09-29T21:24:23
6561,是方,2025-01-08,460.0,-3.5,-0.76%,,,,,,,,,ShowDailyK_ChartFlow,FinMind_API_TaiwanStockPrice_6561,True,2026-09-29T21:24:23,2026-09-29T21:24:23,2026-09-29T21:24:23
6561,是方,2025-01-09,452.5,-7.5,-1.63%,,,,,,,,,ShowDailyK_ChartFlow,FinMind_API_TaiwanStockPrice_6561,True,2026-09-29T21:24:23,2026-09-29T21:24:23,2026-09-29T21:24:23
6561,是方,2025-01-10,451.0,-1.5,-0.33%,,,,,,,,,ShowDailyK_ChartFlow,FinMind_API_TaiwanStockPrice_6561,True,2026-09-29T21:24:23,2026-09-29T21:24:23,2026-09-29T21:24:23
6561,是方,2025-01-13,425.0,-26.0,-5.76%,,,,,,,,,ShowDailyK_ChartFlow,FinMind_API_TaiwanStockPrice_6561,True,2026-09-29T21:24:23,2026-09-29T21:24:23,2026-09-29T21:24:23
6561,是方,2025-01-14,432.5,7.5,1.76%,,,,,,,,,ShowDailyK_ChartFlow,FinMind_API_TaiwanStockPrice_6561,True,2026-09-29T21:24:23,2026-09-29T21:24:23,2026-09-29T21:24:23
6561,是方,2025-01-15,427.5,-5.0,-1.16%,,,,,,,,,ShowDailyK_ChartFlow,FinMind_API_TaiwanStockPrice_6561,True,2026-09-29T21:24:23,2026-09-29T21:24:23,2026-09-29T21:24:23
6561,是方,2025-01-16,450.0,22.5,5.26%,,,,,,,,,ShowDailyK_ChartFlow,FinMind_API_TaiwanStockPrice_6561,True,2026-09-29T21:24:23,2026-09-29T21:24:23,2026-09-29T21:24:23
6561,是方,2025-01-17,439.0,-11.0,-2.44%,,,,,,,,,ShowDailyK_ChartFlow,FinMind_API_TaiwanStockPrice_6561,True,2026-09-29T21:24:23,2026-09-29T21:24:23,2026-09-29T21:24:23
6561,是方,2025-01-20,439.0,0.0,0.00%,,,,,,,,,ShowDailyK_ChartFlow,FinMind_API_TaiwanStockPrice_6561,True,2026-09-29T21:24:23,2026-09-29T21:24:23,2026-09-29T21:24:23
6561,是方,2025-01-21,430.5,-8.5,-1.94%,,,,,,,,,ShowDailyK_ChartFlow,FinMind_API_TaiwanStockPrice_6561,True,2026-09-29T21:24:23,2026-09-29T21:24:23,2026-09-29T21:24:23
6561,是方,2025-01-22,442.5,12.0,2.79%,,,,,,,,,ShowDailyK_ChartFlow,FinMind_API_TaiwanStockPrice_6561,True,2026-09-29T21:24:23,2026-09-29T21:24:23,2026-09-29T21:24:23
6561,是方,2025-02-03,424.0,-18.5,-4.18%,,,,,,,,,ShowDailyK_ChartFlow,FinMind_API_TaiwanStockPrice_6561,True,2026-09-29T21:24:23,2026-09-29T21:24:23,2026-09-29T21:24:23
6561,是方,2025-02-04,425.5,1.5,0.35%,,,,,,,,,ShowDailyK_ChartFlow,FinMind_API_TaiwanStockPrice_6561,True,2026-09-29T21:24:23,2026-09-29T21:24:23,2026-09-29T21:24:23
6561,是方,2025-02-05,433.0,7.5,1.76%,,,,,,,,,ShowDailyK_ChartFlow,FinMind_API_TaiwanStockPrice_6561,True,2026-09-29T21:24:23,2026-09-29T21:24:23,2026-09-29T21:24:23
6561,是方,2025-02-06,434.0,1.0,0.23%,,,,,,,,,ShowDailyK_ChartFlow,FinMind_API_TaiwanStockPrice_6561,True,2026-09-29T21:24:23,2026-09-29T21:24:23,2026-09-29T21:24:23
6561,是方,2025-02-07,451.0,17.0,3.92%,,,,,,,,,ShowDailyK_ChartFlow,FinMind_API_TaiwanStockPrice_6561,True,2026-09-29T21:24:23,2026-09-29T21:24:23,2026-09-29T21:24:23
6561,是方,2025-02-10,450.0,-1.0,-0.22%,,,,,,,,,ShowDailyK_ChartFlow,FinMind_API_TaiwanStockPrice_6561,True,2026-09-29T21:24:23,2026-09-29T21:24:23,2026-09-29T21:24:23
6561,是方,2025-02-11,446.0,-4.0,-0.89%,,,,,,,,,ShowDailyK_ChartFlow,FinMind_API_TaiwanStockPrice_6561,True,2026-09-29T21:24:23,2026-09-29T21:24:23,2026-09-29T21:24:23
6561,是方,2025-02-12,444.5,-1.5,-0.34%,,,,,,,,,ShowDailyK_ChartFlow,FinMind_API_TaiwanStockPrice_6561,True,2026-09-29T21:24:23,2026-09-29T21:24:23,2026-09-29T21:24:23
6561,是方,2025-02-13,444.5,0.0,0.00%,,,,,,,,,ShowDailyK_ChartFlow,FinMind_API_TaiwanStockPrice_6561,True,2026-09-29T21:24:23,2026-09-29T21:24:23,2026-09-29T21:24:23
6561,是方,2025-02-14,441.0,-3.5,-0.79%,,,,,,,,,ShowDailyK_ChartFlow,FinMind_API_TaiwanStockPrice_6561,True,2026-09-29T21:24:23,2026-09-29T21:24:23,2026-09-29T21:24:23
6561,是方,2025-02-17,449.0,8.0,1.81%,,,,,,,,,ShowDailyK_ChartFlow,FinMind_API_TaiwanStockPrice_6561,True,2026-09-29T21:24:23,2026-09-29T21:24:23,2026-09-29T21:24:23
6561,是方,2025-02-18,452.0,3.0,0.67%,,,,,,,,,ShowDailyK_ChartFlow,FinMind_API_TaiwanStockPrice_6561,True,2026-09-29T21:24:23,2026-09-29T21:24:23,2026-09-29T21:24:23
6561,是方,2025-02-19,448.0,-4.0,-0.88%,,,,,,,,,ShowDailyK_ChartFlow,FinMind_API_TaiwanStockPrice_6561,True,2026-09-29T21:24:23,2026-09-29T21:24:23,2026-09-29T21:24:23
6561,是方,2025-02-20,448.0,0.0,0.00%,,,,,,,,,ShowDailyK_ChartFlow,FinMind_API_TaiwanStockPrice_6561,True,2026-09-29T21:24:23,2026-09-29T21:24:23,2026-09-29T21:24:23
6561,是方,2025-02-21,458.0,10.0,2.23%,,,,,,,,,ShowDailyK_ChartFlow,FinMind_API_TaiwanStockPrice_6561,True,2026-09-29T21:24:23,2026-09-29T21:24:23,2026-09-29T21:24:23
6561,是方,2025-02-24,455.0,-3.0,-0.66%,,,,,,,,,ShowDailyK_ChartFlow,FinMind_API_TaiwanStockPrice_6561,True,2026-09-29T21:24:23,2026-09-29T21:24:23,2026-09-29T21:24:23
6561,是方,2025-02-25,456.0,1.0,0.22%,,,,,,,,,ShowDailyK_ChartFlow,FinMind_API_TaiwanStockPrice_6561,True,2026-09-29T21:24:23,2026-09-29T21:24:23,2026-09-29T21:24:23
6561,是方,2025-02-26,453.0,-3.0,-0.66%,,,,,,,,,ShowDailyK_ChartFlow,FinMind_API_TaiwanStockPrice_6561,True,2026-09-29T21:24:23,2026-09-29T21:24:23,2026-09-29T21:24:23
6561,是方,2025-02-27,454.5,1.5,0.33%,,,,,,,,,ShowDailyK_ChartFlow,FinMind_API_TaiwanStockPrice_6561,True,2026-09-29T21:24:23,2026-09-29T21:24:23,2026-09-29T21:24:23
6561,是方,2025-03-03,455.0,0.5,0.11%,,,,,,,,,ShowDailyK_ChartFlow,FinMind_API_TaiwanStockPrice_6561,True,2026-09-29T21:24:23,2026-09-29T21:24:23,2026-09-29T21:24:23
6561,是方,2025-03-04,449.5,-5.5,-1.21%,,,,,,,,,ShowDailyK_ChartFlow,FinMind_API_TaiwanStockPrice_6561,True,2026-09-29T21:24:23,2026-09-29T21:24:23,2026-09-29T21:24:23
6561,是方,2025-03-05,451.0,1.5,0.33%,,,,,,,,,ShowDailyK_ChartFlow,FinMind_API_TaiwanStockPrice_6561,True,2026-09-29T21:24:23,2026-09-29T21:24:23,2026-09-29T21:24:23
6561,是方,2025-03-06,455.5,4.5,1.00%,,,,,,,,,ShowDailyK_ChartFlow,FinMind_API_TaiwanStockPrice_6561,True,2026-09-29T21:24:23,2026-09-29T21:24:23,2026-09-29T21:24:23
6561,是方,2025-03-07,453.0,-2.5,-0.55%,,,,,,,,,ShowDailyK_ChartFlow,FinMind_API_TaiwanStockPrice_6561,True,2026-09-29T21:24:23,2026-09-29T21:24:23,2026-09-29T21:24:23
6561,是方,2025-03-10,451.5,-1.5,-0.33%,,,,,,,,,ShowDailyK_ChartFlow,FinMind_API_TaiwanStockPrice_6561,True,2026-09-29T21:24:23,2026-09-29T21:24:23,2026-09-29T21:24:23
6561,是方,2025-03-11,445.5,-6.0,-1.33%,,,,,,,,,ShowDailyK_ChartFlow,FinMind_API_TaiwanStockPrice_6561,True,2026-09-29T21:24:23,2026-09-29T21:24:23,2026-09-29T21:24:23
6561,是方,2025-03-12,449.0,3.5,0.79%,,,,,,,,,ShowDailyK_ChartFlow,FinMind_API_TaiwanStockPrice_6561,True,2026-09-29T21:24:23,2026-09-29T21:24:23,2026-09-29T21:24:23
6561,是方,2025-03-13,448.0,-1.0,-0.22%,,,,,,,,,ShowDailyK_ChartFlow,FinMind_API_TaiwanStockPrice_6561,True,2026-09-29T21:24:23,2026-09-29T21:24:23,2026-09-29T21:24:23
6561,是方,2025-03-14,439.0,-9.0,-2.01%,,,,,,,,,ShowDailyK_ChartFlow,FinMind_API_TaiwanStockPrice_6561,True,2026-09-29T21:24:23,2026-09-29T21:24:23,2026-09-29T21:24:23
6561,是方,2025-03-17,434.5,-4.5,-1.03%,,,,,,,,,ShowDailyK_ChartFlow,FinMind_API_TaiwanStockPrice_6561,True,2026-09-29T21:24:23,2026-09-29T21:24:23,2026-09-29T21:24:23
6561,是方,2025-03-18,436.0,1.5,0.35%,,,,,,,,,ShowDailyK_ChartFlow,FinMind_API_TaiwanStockPrice_6561,True,2026-09-29T21:24:23,2026-09-29T21:24:23,2026-09-29T21:24:23
6561,是方,2025-03-19,428.0,-8.0,-1.83%,,,,,,,,,ShowDailyK_ChartFlow,FinMind_API_TaiwanStockPrice_6561,True,2026-09-29T21:24:23,2026-09-29T21:24:23,2026-09-29T21:24:23
6561,是方,2025-03-20,435.0,7.0,1.64%,,,,,,,,,ShowDailyK_ChartFlow,FinMind_API_TaiwanStockPrice_6561,True,2026-09-29T21:24:23,2026-09-29T21:24:23,2026-09-29T21:24:23
6561,是方,2025-03-21,433.5,-1.5,-0.34%,,,,,,,,,ShowDailyK_ChartFlow,FinMind_API_TaiwanStockPrice_6561,True,2026-09-29T21:24:23,2026-09-29T21:24:23,2026-09-29T21:24:23
6561,是方,2025-03-24,434.5,1.0,0.23%,,,,,,,,,ShowDailyK_ChartFlow,FinMind_API_TaiwanStockPrice_6561,True,2026-09-29T21:24:23,2026-09-29T21:24:23,2026-09-29T21:24:23
6561,是方,2025-03-25,435.5,1.0,0.23%,,,,,,,,,ShowDailyK_ChartFlow,FinMind_API_TaiwanStockPrice_6561,True,2026-09-29T21:24:23,2026-09-29T21:24:23,2026-09-29T21:24:23
6561,是方,2025-03-26,435.5,0.0,0.00%,,,,,,,,,ShowDailyK_ChartFlow,FinMind_API_TaiwanStockPrice_6561,True,2026-09-29T21:24:23,2026-09-29T21:24:23,2026-09-29T21:24:23
6561,是方,2025-03-27,439.0,3.5,0.80%,,,,,,,,,ShowDailyK_ChartFlow,FinMind_API_TaiwanStockPrice_6561,True,2026-09-29T21:24:23,2026-09-29T21:24:23,2026-09-29T21:24:23
6561,是方,2025-03-28,437.5,-1.5,-0.34%,,,,,,,,,ShowDailyK_ChartFlow,FinMind_API_TaiwanStockPrice_6561,True,2026-09-29T21:24:23,2026-09-29T21:24:23,2026-09-29T21:24:23
6561,是方,2025-03-31,429.0,-8.5,-1.94%,,,,,,,,,ShowDailyK_ChartFlow,FinMind_API_TaiwanStockPrice_6561,True,2026-09-29T21:24:23,2026-09-29T21:24:23,2026-09-29T21:24:23
6561,是方,2025-04-01,436.0,7.0,1.63%,,,,,,,,,ShowDailyK_ChartFlow,FinMind_API_TaiwanStockPrice_6561,True,2026-09-29T21:24:23,2026-09-29T21:24:23,2026-09-29T21:24:23
6561,是方,2025-04-02,438.5,2.5,0.57%,,,,,,,,,ShowDailyK_ChartFlow,FinMind_API_TaiwanStockPrice_6561,True,2026-09-29T21:24:23,2026-09-29T21:24:23,2026-09-29T21:24:23
6561,是方,2025-04-07,395.0,-43.5,-9.92%,,,,,,,,,ShowDailyK_ChartFlow,FinMind_API_TaiwanStockPrice_6561,True,2026-09-29T21:24:23,2026-09-29T21:24:23,2026-09-29T21:24:23
6561,是方,2025-04-08,383.0,-12.0,-3.04%,,,,,,,,,ShowDailyK_ChartFlow,FinMind_API_TaiwanStockPrice_6561,True,2026-09-29T21:24:23,2026-09-29T21:24:23,2026-09-29T21:24:23
6561,是方,2025-04-09,356.0,-27.0,-7.05%,,,,,,,,,ShowDailyK_ChartFlow,FinMind_API_TaiwanStockPrice_6561,True,2026-09-29T21:24:23,2026-09-29T21:24:23,2026-09-29T21:24:23
6561,是方,2025-04-10,391.5,35.5,9.97%,,,,,,,,,ShowDailyK_ChartFlow,FinMind_API_TaiwanStockPrice_6561,True,2026-09-29T21:24:23,2026-09-29T21:24:23,2026-09-29T21:24:23
6561,是方,2025-04-11,396.0,4.5,1.15%,,,,,,,,,ShowDailyK_ChartFlow,FinMind_API_TaiwanStockPrice_6561,True,2026-09-29T21:24:23,2026-09-29T21:24:23,2026-09-29T21:24:23
6561,是方,2025-04-14,390.5,-5.5,-1.39%,,,,,,,,,ShowDailyK_ChartFlow,FinMind_API_TaiwanStockPrice_6561,True,2026-09-29T21:24:23,2026-09-29T21:24:23,2026-09-29T21:24:23
6561,是方,2025-04-15,402.5,12.0,3.07%,,,,,,,,,ShowDailyK_ChartFlow,FinMind_API_TaiwanStockPrice_6561,True,2026-09-29T21:24:23,2026-09-29T21:24:23,2026-09-29T21:24:23
6561,是方,2025-04-16,402.0,-0.5,-0.12%,,,,,,,,,ShowDailyK_ChartFlow,FinMind_API_TaiwanStockPrice_6561,True,2026-09-29T21:24:23,2026-09-29T21:24:23,2026-09-29T21:24:23
6561,是方,2025-04-17,403.5,1.5,0.37%,,,,,,,,,ShowDailyK_ChartFlow,FinMind_API_TaiwanStockPrice_6561,True,2026-09-29T21:24:23,2026-09-29T21:24:23,2026-09-29T21:24:23
6561,是方,2025-04-18,400.5,-3.0,-0.74%,,,,,,,,,ShowDailyK_ChartFlow,FinMind_API_TaiwanStockPrice_6561,True,2026-09-29T21:24:23,2026-09-29T21:24:23,2026-09-29T21:24:23
6561,是方,2025-04-21,396.0,-4.5,-1.12%,,,,,,,,,ShowDailyK_ChartFlow,FinMind_API_TaiwanStockPrice_6561,True,2026-09-29T21:24:23,2026-09-29T21:24:23,2026-09-29T21:24:23
6561,是方,2025-04-22,395.0,-1.0,-0.25%,,,,,,,,,ShowDailyK_ChartFlow,FinMind_API_TaiwanStockPrice_6561,True,2026-09-29T21:24:23,2026-09-29T21:24:23,2026-09-29T21:24:23
6561,是方,2025-04-23,401.0,6.0,1.52%,,,,,,,,,ShowDailyK_ChartFlow,FinMind_API_TaiwanStockPrice_6561,True,2026-09-29T21:24:23,2026-09-29T21:24:23,2026-09-29T21:24:23
6561,是方,2025-04-24,401.5,0.5,0.12%,,,,,,,,,ShowDailyK_ChartFlow,FinMind_API_TaiwanStockPrice_6561,True,2026-09-29T21:24:23,2026-09-29T21:24:23,2026-09-29T21:24:23
6561,是方,2025-04-25,407.5,6.0,1.49%,,,,,,,,,ShowDailyK_ChartFlow,FinMind_API_TaiwanStockPrice_6561,True,2026-09-29T21:24:23,2026-09-29T21:24:23,2026-09-29T21:24:23
6561,是方,2025-04-28,421.0,13.5,3.31%,,,,,,,,,ShowDailyK_ChartFlow,FinMind_API_TaiwanStockPrice_6561,True,2026-09-29T21:24:23,2026-09-29T21:24:23,2026-09-29T21:24:23
6561,是方,2025-04-29,441.0,20.0,4.75%,,,,,,,,,ShowDailyK_ChartFlow,FinMind_API_TaiwanStockPrice_6561,True,2026-09-29T21:24:23,2026-09-29T21:24:23,2026-09-29T21:24:23
6561,是方,2025-04-30,432.0,-9.0,-2.04%,,,,,,,,,ShowDailyK_ChartFlow,FinMind_API_TaiwanStockPrice_6561,True,2026-09-29T21:24:23,2026-09-29T21:24:23,2026-09-29T21:24:23
6561,是方,2025-05-02,423.0,-9.0,-2.08%,,,,,,,,,ShowDailyK_ChartFlow,FinMind_API_TaiwanStockPrice_6561,True,2026-09-29T21:24:23,2026-09-29T21:24:23,2026-09-29T21:24:23
6561,是方,2025-05-05,423.5,0.5,0.12%,,,,,,,,,ShowDailyK_ChartFlow,FinMind_API_TaiwanStockPrice_6561,True,2026-09-29T21:24:23,2026-09-29T21:24:23,2026-09-29T21:24:23
6561,是方,2025-05-06,418.0,-5.5,-1.30%,,,,,,,,,ShowDailyK_ChartFlow,FinMind_API_TaiwanStockPrice_6561,True,2026-09-29T21:24:23,2026-09-29T21:24:23,2026-09-29T21:24:23
6561,是方,2025-05-07,412.5,-5.5,-1.32%,,,,,,,,,ShowDailyK_ChartFlow,FinMind_API_TaiwanStockPrice_6561,True,2026-09-29T21:24:23,2026-09-29T21:24:23,2026-09-29T21:24:23
6561,是方,2025-05-08,416.5,4.0,0.97%,,,,,,,,,ShowDailyK_ChartFlow,FinMind_API_TaiwanStockPrice_6561,True,2026-09-29T21:24:23,2026-09-29T21:24:23,2026-09-29T21:24:23
6561,是方,2025-05-09,418.5,2.0,0.48%,,,,,,,,,ShowDailyK_ChartFlow,FinMind_API_TaiwanStockPrice_6561,True,2026-09-29T21:24:23,2026-09-29T21:24:23,2026-09-29T21:24:23
6561,是方,2025-05-12,418.0,-0.5,-0.12%,,,,,,,,,ShowDailyK_ChartFlow,FinMind_API_TaiwanStockPrice_6561,True,2026-09-29T21:24:23,2026-09-29T21:24:23,2026-09-29T21:24:23
6561,是方,2025-05-13,422.0,4.0,0.96%,,,,,,,,,ShowDailyK_ChartFlow,FinMind_API_TaiwanStockPrice_6561,True,2026-09-29T21:24:23,2026-09-29T21:24:23,2026-09-29T21:24:23
6561,是方,2025-05-14,421.0,-1.0,-0.24%,,,,,,,,,ShowDailyK_ChartFlow,FinMind_API_TaiwanStockPrice_6561,True,2026-09-29T21:24:23,2026-09-29T21:24:23,2026-09-29T21:24:23
6561,是方,2025-05-15,418.0,-3.0,-0.71%,,,,,,,,,ShowDailyK_ChartFlow,FinMind_API_TaiwanStockPrice_6561,True,2026-09-29T21:24:23,2026-09-29T21:24:23,2026-09-29T21:24:23
6561,是方,2025-05-16,416.0,-2.0,-0.48%,,,,,,,,,ShowDailyK_ChartFlow,FinMind_API_TaiwanStockPrice_6561,True,2026-09-29T21:24:23,2026-09-29T21:24:23,2026-09-29T21:24:23
6561,是方,2025-05-19,414.0,-2.0,-0.48%,,,,,,,,,ShowDailyK_ChartFlow,FinMind_API_TaiwanStockPrice_6561,True,2026-09-29T21:24:23,2026-09-29T21:24:23,2026-09-29T21:24:23
6561,是方,2025-05-20,412.0,-2.0,-0.48%,,,,,,,,,ShowDailyK_ChartFlow,FinMind_API_TaiwanStockPrice_6561,True,2026-09-29T21:24:23,2026-09-29T21:24:23,2026-09-29T21:24:23
6561,是方,2025-05-21,411.0,-1.0,-0.24%,,,,,,,,,ShowDailyK_ChartFlow,FinMind_API_TaiwanStockPrice_6561,True,2026-09-29T21:24:23,2026-09-29T21:24:23,2026-09-29T21:24:23
6561,是方,2025-05-22,413.0,2.0,0.49%,,,,,,,,,ShowDailyK_ChartFlow,FinMind_API_TaiwanStockPrice_6561,True,2026-09-29T21:24:23,2026-09-29T21:24:23,2026-09-29T21:24:23
6561,是方,2025-05-23,410.5,-2.5,-0.61%,,,,,,,,,ShowDailyK_ChartFlow,FinMind_API_TaiwanStockPrice_6561,True,2026-09-29T21:24:23,2026-09-29T21:24:23,2026-09-29T21:24:23
6561,是方,2025-05-26,407.0,-3.5,-0.85%,,,,,,,,,ShowDailyK_ChartFlow,FinMind_API_TaiwanStockPrice_6561,True,2026-09-29T21:24:23,2026-09-29T21:24:23,2026-09-29T21:24:23
6561,是方,2025-05-27,407.5,0.5,0.12%,,,,,,,,,ShowDailyK_ChartFlow,FinMind_API_TaiwanStockPrice_6561,True,2026-09-29T21:24:23,2026-09-29T21:24:23,2026-09-29T21:24:23
6561,是方,2025-05-28,410.5,3.0,0.74%,,,,,,,,,ShowDailyK_ChartFlow,FinMind_API_TaiwanStockPrice_6561,True,2026-09-29T21:24:23,2026-09-29T21:24:23,2026-09-29T21:24:23
6561,是方,2025-05-29,417.5,7.0,1.71%,,,,,,,,,ShowDailyK_ChartFlow,FinMind_API_TaiwanStockPrice_6561,True,2026-09-29T21:24:23,2026-09-29T21:24:23,2026-09-29T21:24:23
6561,是方,2025-06-02,413.0,-4.5,-1.08%,,,,,,,,,ShowDailyK_ChartFlow,FinMind_API_TaiwanStockPrice_6561,True,2026-09-29T21:24:23,2026-09-29T21:24:23,2026-09-29T21:24:23
6561,是方,2025-06-03,418.0,5.0,1.21%,,,,,,,,,ShowDailyK_ChartFlow,FinMind_API_TaiwanStockPrice_6561,True,2026-09-29T21:24:23,2026-09-29T21:24:23,2026-09-29T21:24:23
6561,是方,2025-06-04,417.5,-0.5,-0.12%,,,,,,,,,ShowDailyK_ChartFlow,FinMind_API_TaiwanStockPrice_6561,True,2026-09-29T21:24:23,2026-09-29T21:24:23,2026-09-29T21:24:23
6561,是方,2025-06-05,420.5,3.0,0.72%,,,,,,,,,ShowDailyK_ChartFlow,FinMind_API_TaiwanStockPrice_6561,True,2026-09-29T21:24:23,2026-09-29T21:24:23,2026-09-29T21:24:23
6561,是方,2025-06-06,425.5,5.0,1.19%,,,,,,,,,ShowDailyK_ChartFlow,FinMind_API_TaiwanStockPrice_6561,True,2026-09-29T21:24:23,2026-09-29T21:24:23,2026-09-29T21:24:23
6561,是方,2025-06-09,424.0,-1.5,-0.35%,,,,,,,,,ShowDailyK_ChartFlow,FinMind_API_TaiwanStockPrice_6561,True,2026-09-29T21:24:23,2026-09-29T21:24:23,2026-09-29T21:24:23
6561,是方,2025-06-10,425.5,1.5,0.35%,,,,,,,,,ShowDailyK_ChartFlow,FinMind_API_TaiwanStockPrice_6561,True,2026-09-29T21:24:23,2026-09-29T21:24:23,2026-09-29T21:24:23
6561,是方,2025-06-11,429.0,3.5,0.82%,,,,,,,,,ShowDailyK_ChartFlow,FinMind_API_TaiwanStockPrice_6561,True,2026-09-29T21:24:23,2026-09-29T21:24:23,2026-09-29T21:24:23
6561,是方,2025-06-12,445.0,16.0,3.73%,,,,,,,,,ShowDailyK_ChartFlow,FinMind_API_TaiwanStockPrice_6561,True,2026-09-29T21:24:23,2026-09-29T21:24:23,2026-09-29T21:24:23
6561,是方,2025-06-13,439.5,-5.5,-1.24%,,,,,,,,,ShowDailyK_ChartFlow,FinMind_API_TaiwanStockPrice_6561,True,2026-09-29T21:24:23,2026-09-29T21:24:23,2026-09-29T21:24:23
6561,是方,2025-06-16,434.5,-5.0,-1.14%,,,,,,,,,ShowDailyK_ChartFlow,FinMind_API_TaiwanStockPrice_6561,True,2026-09-29T21:24:23,2026-09-29T21:24:23,2026-09-29T21:24:23
6561,是方,2025-06-17,422.5,-12.0,-2.76%,,,,,,,,,ShowDailyK_ChartFlow,FinMind_API_TaiwanStockPrice_6561,True,2026-09-29T21:24:23,2026-09-29T21:24:23,2026-09-29T21:24:23
6561,是方,2025-06-18,411.5,-11.0,-2.60%,,,,,,,,,ShowDailyK_ChartFlow,FinMind_API_TaiwanStockPrice_6561,True,2026-09-29T21:24:23,2026-09-29T21:24:23,2026-09-29T21:24:23
6561,是方,2025-06-19,411.0,-0.5,-0.12%,,,,,,,,,ShowDailyK_ChartFlow,FinMind_API_TaiwanStockPrice_6561,True,2026-09-29T21:24:23,2026-09-29T21:24:23,2026-09-29T21:24:23
6561,是方,2025-06-20,405.0,-6.0,-1.46%,,,,,,,,,ShowDailyK_ChartFlow,FinMind_API_TaiwanStockPrice_6561,True,2026-09-29T21:24:23,2026-09-29T21:24:23,2026-09-29T21:24:23
6561,是方,2025-06-23,401.0,-4.0,-0.99%,,,,,,,,,ShowDailyK_ChartFlow,FinMind_API_TaiwanStockPrice_6561,True,2026-09-29T21:24:23,2026-09-29T21:24:23,2026-09-29T21:24:23
6561,是方,2025-06-24,407.0,6.0,1.50%,,,,,,,,,ShowDailyK_ChartFlow,FinMind_API_TaiwanStockPrice_6561,True,2026-09-29T21:24:23,2026-09-29T21:24:23,2026-09-29T21:24:23
6561,是方,2025-06-25,414.5,7.5,1.84%,,,,,,,,,ShowDailyK_ChartFlow,FinMind_API_TaiwanStockPrice_6561,True,2026-09-29T21:24:23,2026-09-29T21:24:23,2026-09-29T21:24:23
6561,是方,2025-06-26,407.0,-7.5,-1.81%,,,,,,,,,ShowDailyK_ChartFlow,FinMind_API_TaiwanStockPrice_6561,True,2026-09-29T21:24:23,2026-09-29T21:24:23,2026-09-29T21:24:23
6561,是方,2025-06-27,405.0,-2.0,-0.49%,,,,,,,,,ShowDailyK_ChartFlow,FinMind_API_TaiwanStockPrice_6561,True,2026-09-29T21:24:23,2026-09-29T21:24:23,2026-09-29T21:24:23
6561,是方,2025-06-30,404.5,-0.5,-0.12%,,,,,,,,,ShowDailyK_ChartFlow,FinMind_API_TaiwanStockPrice_6561,True,2026-09-29T21:24:23,2026-09-29T21:24:23,2026-09-29T21:24:23
6561,是方,2025-07-01,404.0,-0.5,-0.12%,,,,,,,,,ShowDailyK_ChartFlow,FinMind_API_TaiwanStockPrice_6561,True,2026-09-29T21:24:23,2026-09-29T21:24:23,2026-09-29T21:24:23
6561,是方,2025-07-02,403.5,-0.5,-0.12%,,,,,,,,,ShowDailyK_ChartFlow,FinMind_API_TaiwanStockPrice_6561,True,2026-09-29T21:24:23,2026-09-29T21:24:23,2026-09-29T21:24:23
6561,是方,2025-07-03,401.0,-2.5,-0.62%,,,,,,,,,ShowDailyK_ChartFlow,FinMind_API_TaiwanStockPrice_6561,True,2026-09-29T21:24:23,2026-09-29T21:24:23,2026-09-29T21:24:23
6561,是方,2025-07-04,398.0,-3.0,-0.75%,,,,,,,,,ShowDailyK_ChartFlow,FinMind_API_TaiwanStockPrice_6561,True,2026-09-29T21:24:23,2026-09-29T21:24:23,2026-09-29T21:24:23
6561,是方,2025-07-07,400.0,2.0,0.50%,,,,,,,,,ShowDailyK_ChartFlow,FinMind_API_TaiwanStockPrice_6561,True,2026-09-29T21:24:23,2026-09-29T21:24:23,2026-09-29T21:24:23
6561,是方,2025-07-08,394.0,-6.0,-1.50%,,,,,,,,,ShowDailyK_ChartFlow,FinMind_API_TaiwanStockPrice_6561,True,2026-09-29T21:24:23,2026-09-29T21:24:23,2026-09-29T21:24:23
6561,是方,2025-07-09,394.0,0.0,0.00%,,,,,,,,,ShowDailyK_ChartFlow,FinMind_API_TaiwanStockPrice_6561,True,2026-09-29T21:24:23,2026-09-29T21:24:23,2026-09-29T21:24:23
6561,是方,2025-07-10,397.0,3.0,0.76%,,,,,,,,,ShowDailyK_ChartFlow,FinMind_API_TaiwanStockPrice_6561,True,2026-09-29T21:24:23,2026-09-29T21:24:23,2026-09-29T21:24:23
6561,是方,2025-07-11,401.5,4.5,1.13%,,,,,,,,,ShowDailyK_ChartFlow,FinMind_API_TaiwanStockPrice_6561,True,2026-09-29T21:24:23,2026-09-29T21:24:23,2026-09-29T21:24:23
6561,是方,2025-07-14,393.0,-8.5,-2.12%,,,,,,,,,ShowDailyK_ChartFlow,FinMind_API_TaiwanStockPrice_6561,True,2026-09-29T21:24:23,2026-09-29T21:24:23,2026-09-29T21:24:23
6561,是方,2025-07-15,393.5,0.5,0.13%,,,,,,,,,ShowDailyK_ChartFlow,FinMind_API_TaiwanStockPrice_6561,True,2026-09-29T21:24:23,2026-09-29T21:24:23,2026-09-29T21:24:23
6561,是方,2025-07-16,395.5,2.0,0.51%,,,,,,,,,ShowDailyK_ChartFlow,FinMind_API_TaiwanStockPrice_6561,True,2026-09-29T21:24:23,2026-09-29T21:24:23,2026-09-29T21:24:23
6561,是方,2025-07-17,401.5,6.0,1.52%,,,,,,,,,ShowDailyK_ChartFlow,FinMind_API_TaiwanStockPrice_6561,True,2026-09-29T21:24:23,2026-09-29T21:24:23,2026-09-29T21:24:23
6561,是方,2025-07-18,403.5,2.0,0.50%,,,,,,,,,ShowDailyK_ChartFlow,FinMind_API_TaiwanStockPrice_6561,True,2026-09-29T21:24:23,2026-09-29T21:24:23,2026-09-29T21:24:23
6561,是方,2025-07-21,395.5,-8.0,-1.98%,,,,,,,,,ShowDailyK_ChartFlow,FinMind_API_TaiwanStockPrice_6561,True,2026-09-29T21:24:23,2026-09-29T21:24:23,2026-09-29T21:24:23
6561,是方,2025-07-22,394.5,-1.0,-0.25%,,,,,,,,,ShowDailyK_ChartFlow,FinMind_API_TaiwanStockPrice_6561,True,2026-09-29T21:24:23,2026-09-29T21:24:23,2026-09-29T21:24:23
6561,是方,2025-07-23,395.0,0.5,0.13%,,,,,,,,,ShowDailyK_ChartFlow,FinMind_API_TaiwanStockPrice_6561,True,2026-09-29T21:24:23,2026-09-29T21:24:23,2026-09-29T21:24:23
6561,是方,2025-07-24,398.0,3.0,0.76%,,,,,,,,,ShowDailyK_ChartFlow,FinMind_API_TaiwanStockPrice_6561,True,2026-09-29T21:24:23,2026-09-29T21:24:23,2026-09-29T21:24:23
6561,是方,2025-07-25,400.5,2.5,0.63%,,,,,,,,,ShowDailyK_ChartFlow,FinMind_API_TaiwanStockPrice_6561,True,2026-09-29T21:24:23,2026-09-29T21:24:23,2026-09-29T21:24:23
6561,是方,2025-07-28,403.5,3.0,0.75%,,,,,,,,,ShowDailyK_ChartFlow,FinMind_API_TaiwanStockPrice_6561,True,2026-09-29T21:24:23,2026-09-29T21:24:23,2026-09-29T21:24:23
6561,是方,2025-07-29,399.0,-4.5,-1.12%,,,,,,,,,ShowDailyK_ChartFlow,FinMind_API_TaiwanStockPrice_6561,True,2026-09-29T21:24:23,2026-09-29T21:24:23,2026-09-29T21:24:23
6561,是方,2025-07-30,435.5,36.5,9.15%,,,,,,,,,ShowDailyK_ChartFlow,FinMind_API_TaiwanStockPrice_6561,True,2026-09-29T21:24:23,2026-09-29T21:24:23,2026-09-29T21:24:23
6561,是方,2025-07-31,436.5,1.0,0.23%,,,,,,,,,ShowDailyK_ChartFlow,FinMind_API_TaiwanStockPrice_6561,True,2026-09-29T21:24:23,2026-09-29T21:24:23,2026-09-29T21:24:23
6561,是方,2025-08-01,445.5,9.0,2.06%,,,,,,,,,ShowDailyK_ChartFlow,FinMind_API_TaiwanStockPrice_6561,True,2026-09-29T21:24:23,2026-09-29T21:24:23,2026-09-29T21:24:23
6561,是方,2025-08-04,445.0,-0.5,-0.11%,,,,,,,,,ShowDailyK_ChartFlow,FinMind_API_TaiwanStockPrice_6561,True,2026-09-29T21:24:23,2026-09-29T21:24:23,2026-09-29T21:24:23
6561,是方,2025-08-05,449.0,4.0,0.90%,,,,,,,,,ShowDailyK_ChartFlow,FinMind_API_TaiwanStockPrice_6561,True,2026-09-29T21:24:23,2026-09-29T21:24:23,2026-09-29T21:24:23
6561,是方,2025-08-06,439.5,-9.5,-2.12%,,,,,,,,,ShowDailyK_ChartFlow,FinMind_API_TaiwanStockPrice_6561,True,2026-09-29T21:24:23,2026-09-29T21:24:23,2026-09-29T21:24:23
6561,是方,2025-08-07,445.5,6.0,1.37%,,,,,,,,,ShowDailyK_ChartFlow,FinMind_API_TaiwanStockPrice_6561,True,2026-09-29T21:24:23,2026-09-29T21:24:23,2026-09-29T21:24:23
6561,是方,2025-08-08,454.0,8.5,1.91%,,,,,,,,,ShowDailyK_ChartFlow,FinMind_API_TaiwanStockPrice_6561,True,2026-09-29T21:24:23,2026-09-29T21:24:23,2026-09-29T21:24:23
6561,是方,2025-08-11,447.5,-6.5,-1.43%,,,,,,,,,ShowDailyK_ChartFlow,FinMind_API_TaiwanStockPrice_6561,True,2026-09-29T21:24:23,2026-09-29T21:24:23,2026-09-29T21:24:23
6561,是方,2025-08-12,441.0,-6.5,-1.45%,,,,,,,,,ShowDailyK_ChartFlow,FinMind_API_TaiwanStockPrice_6561,True,2026-09-29T21:24:23,2026-09-29T21:24:23,2026-09-29T21:24:23
6561,是方,2025-08-13,446.5,5.5,1.25%,,,,,,,,,ShowDailyK_ChartFlow,FinMind_API_TaiwanStockPrice_6561,True,2026-09-29T21:24:23,2026-09-29T21:24:23,2026-09-29T21:24:23
6561,是方,2025-08-14,449.0,2.5,0.56%,,,,,,,,,ShowDailyK_ChartFlow,FinMind_API_TaiwanStockPrice_6561,True,2026-09-29T21:24:23,2026-09-29T21:24:23,2026-09-29T21:24:23
6561,是方,2025-08-15,450.0,1.0,0.22%,,,,,,,,,ShowDailyK_ChartFlow,FinMind_API_TaiwanStockPrice_6561,True,2026-09-29T21:24:23,2026-09-29T21:24:23,2026-09-29T21:24:23
6561,是方,2025-08-18,449.5,-0.5,-0.11%,,,,,,,,,ShowDailyK_ChartFlow,FinMind_API_TaiwanStockPrice_6561,True,2026-09-29T21:24:23,2026-09-29T21:24:23,2026-09-29T21:24:23
6561,是方,2025-08-19,456.5,7.0,1.56%,,,,,,,,,ShowDailyK_ChartFlow,FinMind_API_TaiwanStockPrice_6561,True,2026-09-29T21:24:23,2026-09-29T21:24:23,2026-09-29T21:24:23
6561,是方,2025-08-20,447.5,-9.0,-1.97%,,,,,,,,,ShowDailyK_ChartFlow,FinMind_API_TaiwanStockPrice_6561,True,2026-09-29T21:24:23,2026-09-29T21:24:23,2026-09-29T21:24:23
6561,是方,2025-08-21,451.5,4.0,0.89%,,,,,,,,,ShowDailyK_ChartFlow,FinMind_API_TaiwanStockPrice_6561,True,2026-09-29T21:24:23,2026-09-29T21:24:23,2026-09-29T21:24:23
6561,是方,2025-08-22,442.0,-9.5,-2.10%,,,,,,,,,ShowDailyK_ChartFlow,FinMind_API_TaiwanStockPrice_6561,True,2026-09-29T21:24:23,2026-09-29T21:24:23,2026-09-29T21:24:23
6561,是方,2025-08-25,442.5,0.5,0.11%,,,,,,,,,ShowDailyK_ChartFlow,FinMind_API_TaiwanStockPrice_6561,True,2026-09-29T21:24:23,2026-09-29T21:24:23,2026-09-29T21:24:23
6561,是方,2025-08-26,438.0,-4.5,-1.02%,,,,,,,,,ShowDailyK_ChartFlow,FinMind_API_TaiwanStockPrice_6561,True,2026-09-29T21:24:23,2026-09-29T21:24:23,2026-09-29T21:24:23
6561,是方,2025-08-27,432.0,-6.0,-1.37%,,,,,,,,,ShowDailyK_ChartFlow,FinMind_API_TaiwanStockPrice_6561,True,2026-09-29T21:24:23,2026-09-29T21:24:23,2026-09-29T21:24:23
6561,是方,2025-08-28,431.0,-1.0,-0.23%,,,,,,,,,ShowDailyK_ChartFlow,FinMind_API_TaiwanStockPrice_6561,True,2026-09-29T21:24:23,2026-09-29T21:24:23,2026-09-29T21:24:23
6561,是方,2025-08-29,428.0,-3.0,-0.70%,,,,,,,,,ShowDailyK_ChartFlow,FinMind_API_TaiwanStockPrice_6561,True,2026-09-29T21:24:23,2026-09-29T21:24:23,2026-09-29T21:24:23
6561,是方,2025-09-01,427.5,-0.5,-0.12%,,,,,,,,,ShowDailyK_ChartFlow,FinMind_API_TaiwanStockPrice_6561,True,2026-09-29T21:24:23,2026-09-29T21:24:23,2026-09-29T21:24:23
6561,是方,2025-09-02,428.0,0.5,0.12%,,,,,,,,,ShowDailyK_ChartFlow,FinMind_API_TaiwanStockPrice_6561,True,2026-09-29T21:24:23,2026-09-29T21:24:23,2026-09-29T21:24:23
6561,是方,2025-09-03,430.0,2.0,0.47%,,,,,,,,,ShowDailyK_ChartFlow,FinMind_API_TaiwanStockPrice_6561,True,2026-09-29T21:24:23,2026-09-29T21:24:23,2026-09-29T21:24:23
6561,是方,2025-09-04,434.0,4.0,0.93%,,,,,,,,,ShowDailyK_ChartFlow,FinMind_API_TaiwanStockPrice_6561,True,2026-09-29T21:24:23,2026-09-29T21:24:23,2026-09-29T21:24:23
6561,是方,2025-09-05,440.0,6.0,1.38%,,,,,,,,,ShowDailyK_ChartFlow,FinMind_API_TaiwanStockPrice_6561,True,2026-09-29T21:24:23,2026-09-29T21:24:23,2026-09-29T21:24:23
6561,是方,2025-09-08,440.0,0.0,0.00%,,,,,,,,,ShowDailyK_ChartFlow,FinMind_API_TaiwanStockPrice_6561,True,2026-09-29T21:24:23,2026-09-29T21:24:23,2026-09-29T21:24:23
6561,是方,2025-09-09,437.5,-2.5,-0.57%,,,,,,,,,ShowDailyK_ChartFlow,FinMind_API_TaiwanStockPrice_6561,True,2026-09-29T21:24:23,2026-09-29T21:24:23,2026-09-29T21:24:23
6561,是方,2025-09-10,438.0,0.5,0.11%,,,,,,,,,ShowDailyK_ChartFlow,FinMind_API_TaiwanStockPrice_6561,True,2026-09-29T21:24:23,2026-09-29T21:24:23,2026-09-29T21:24:23
6561,是方,2025-09-11,438.5,0.5,0.11%,,,,,,,,,ShowDailyK_ChartFlow,FinMind_API_TaiwanStockPrice_6561,True,2026-09-29T21:24:23,2026-09-29T21:24:23,2026-09-29T21:24:23
6561,是方,2025-09-12,434.0,-4.5,-1.03%,,,,,,,,,ShowDailyK_ChartFlow,FinMind_API_TaiwanStockPrice_6561,True,2026-09-29T21:24:23,2026-09-29T21:24:23,2026-09-29T21:24:23
6561,是方,2025-09-15,429.0,-5.0,-1.15%,,,,,,,,,ShowDailyK_ChartFlow,FinMind_API_TaiwanStockPrice_6561,True,2026-09-29T21:24:23,2026-09-29T21:24:23,2026-09-29T21:24:23
6561,是方,2025-09-16,425.0,-4.0,-0.93%,,,,,,,,,ShowDailyK_ChartFlow,FinMind_API_TaiwanStockPrice_6561,True,2026-09-29T21:24:23,2026-09-29T21:24:23,2026-09-29T21:24:23
6561,是方,2025-09-17,422.5,-2.5,-0.59%,,,,,,,,,ShowDailyK_ChartFlow,FinMind_API_TaiwanStockPrice_6561,True,2026-09-29T21:24:23,2026-09-29T21:24:23,2026-09-29T21:24:23
6561,是方,2025-09-18,425.0,2.5,0.59%,,,,,,,,,ShowDailyK_ChartFlow,FinMind_API_TaiwanStockPrice_6561,True,2026-09-29T21:24:23,2026-09-29T21:24:23,2026-09-29T21:24:23
6561,是方,2025-09-19,430.0,5.0,1.18%,,,,,,,,,ShowDailyK_ChartFlow,FinMind_API_TaiwanStockPrice_6561,True,2026-09-29T21:24:23,2026-09-29T21:24:23,2026-09-29T21:24:23
6561,是方,2025-09-22,423.5,-6.5,-1.51%,,,,,,,,,ShowDailyK_ChartFlow,FinMind_API_TaiwanStockPrice_6561,True,2026-09-29T21:24:23,2026-09-29T21:24:23,2026-09-29T21:24:23
6561,是方,2025-09-23,421.0,-2.5,-0.59%,,,,,,,,,ShowDailyK_ChartFlow,FinMind_API_TaiwanStockPrice_6561,True,2026-09-29T21:24:23,2026-09-29T21:24:23,2026-09-29T21:24:23
6561,是方,2025-09-24,420.0,-1.0,-0.24%,,,,,,,,,ShowDailyK_ChartFlow,FinMind_API_TaiwanStockPrice_6561,True,2026-09-29T21:24:23,2026-09-29T21:24:23,2026-09-29T21:24:23
6561,是方,2025-09-25,418.5,-1.5,-0.36%,,,,,,,,,ShowDailyK_ChartFlow,FinMind_API_TaiwanStockPrice_6561,True,2026-09-29T21:24:23,2026-09-29T21:24:23,2026-09-29T21:24:23
6561,是方,2025-09-26,404.5,-14.0,-3.35%,,,,,,,,,ShowDailyK_ChartFlow,FinMind_API_TaiwanStockPrice_6561,True,2026-09-29T21:24:23,2026-09-29T21:24:23,2026-09-29T21:24:23
6561,是方,2025-09-30,410.5,6.0,1.48%,,,,,,,,,ShowDailyK_ChartFlow,FinMind_API_TaiwanStockPrice_6561,True,2026-09-29T21:24:23,2026-09-29T21:24:23,2026-09-29T21:24:23
6561,是方,2025-10-01,409.0,-1.5,-0.37%,,,,,,,,,ShowDailyK_ChartFlow,FinMind_API_TaiwanStockPrice_6561,True,2026-09-29T21:24:23,2026-09-29T21:24:23,2026-09-29T21:24:23
6561,是方,2025-10-02,407.5,-1.5,-0.37%,,,,,,,,,ShowDailyK_ChartFlow,FinMind_API_TaiwanStockPrice_6561,True,2026-09-29T21:24:23,2026-09-29T21:24:23,2026-09-29T21:24:23
6561,是方,2025-10-03,404.0,-3.5,-0.86%,,,,,,,,,ShowDailyK_ChartFlow,FinMind_API_TaiwanStockPrice_6561,True,2026-09-29T21:24:23,2026-09-29T21:24:23,2026-09-29T21:24:23
6561,是方,2025-10-07,401.5,-2.5,-0.62%,,,,,,,,,ShowDailyK_ChartFlow,FinMind_API_TaiwanStockPrice_6561,True,2026-09-29T21:24:23,2026-09-29T21:24:23,2026-09-29T21:24:23
6561,是方,2025-10-08,400.5,-1.0,-0.25%,,,,,,,,,ShowDailyK_ChartFlow,FinMind_API_TaiwanStockPrice_6561,True,2026-09-29T21:24:23,2026-09-29T21:24:23,2026-09-29T21:24:23
6561,是方,2025-10-09,398.5,-2.0,-0.50%,,,,,,,,,ShowDailyK_ChartFlow,FinMind_API_TaiwanStockPrice_6561,True,2026-09-29T21:24:23,2026-09-29T21:24:23,2026-09-29T21:24:23
6561,是方,2025-10-13,393.0,-5.5,-1.38%,,,,,,,,,ShowDailyK_ChartFlow,FinMind_API_TaiwanStockPrice_6561,True,2026-09-29T21:24:23,2026-09-29T21:24:23,2026-09-29T21:24:23
6561,是方,2025-10-14,389.5,-3.5,-0.89%,,,,,,,,,ShowDailyK_ChartFlow,FinMind_API_TaiwanStockPrice_6561,True,2026-09-29T21:24:23,2026-09-29T21:24:23,2026-09-29T21:24:23
6561,是方,2025-10-15,389.5,0.0,0.00%,,,,,,,,,ShowDailyK_ChartFlow,FinMind_API_TaiwanStockPrice_6561,True,2026-09-29T21:24:23,2026-09-29T21:24:23,2026-09-29T21:24:23
6561,是方,2025-10-16,386.0,-3.5,-0.90%,,,,,,,,,ShowDailyK_ChartFlow,FinMind_API_TaiwanStockPrice_6561,True,2026-09-29T21:24:23,2026-09-29T21:24:23,2026-09-29T21:24:23
6561,是方,2025-10-17,387.5,1.5,0.39%,,,,,,,,,ShowDailyK_ChartFlow,FinMind_API_TaiwanStockPrice_6561,True,2026-09-29T21:24:23,2026-09-29T21:24:23,2026-09-29T21:24:23
6561,是方,2025-10-20,384.0,-3.5,-0.90%,,,,,,,,,ShowDailyK_ChartFlow,FinMind_API_TaiwanStockPrice_6561,True,2026-09-29T21:24:23,2026-09-29T21:24:23,2026-09-29T21:24:23
6561,是方,2025-10-21,384.0,0.0,0.00%,,,,,,,,,ShowDailyK_ChartFlow,FinMind_API_TaiwanStockPrice_6561,True,2026-09-29T21:24:23,2026-09-29T21:24:23,2026-09-29T21:24:23
6561,是方,2025-10-22,377.0,-7.0,-1.82%,,,,,,,,,ShowDailyK_ChartFlow,FinMind_API_TaiwanStockPrice_6561,True,2026-09-29T21:24:23,2026-09-29T21:24:23,2026-09-29T21:24:23
6561,是方,2025-10-23,378.0,1.0,0.27%,,,,,,,,,ShowDailyK_ChartFlow,FinMind_API_TaiwanStockPrice_6561,True,2026-09-29T21:24:23,2026-09-29T21:24:23,2026-09-29T21:24:23
6561,是方,2025-10-27,372.5,-5.5,-1.46%,,,,,,,,,ShowDailyK_ChartFlow,FinMind_API_TaiwanStockPrice_6561,True,2026-09-29T21:24:23,2026-09-29T21:24:23,2026-09-29T21:24:23
6561,是方,2025-10-28,372.0,-0.5,-0.13%,,,,,,,,,ShowDailyK_ChartFlow,FinMind_API_TaiwanStockPrice_6561,True,2026-09-29T21:24:23,2026-09-29T21:24:23,2026-09-29T21:24:23
6561,是方,2025-10-29,380.5,8.5,2.28%,,,,,,,,,ShowDailyK_ChartFlow,FinMind_API_TaiwanStockPrice_6561,True,2026-09-29T21:24:23,2026-09-29T21:24:23,2026-09-29T21:24:23
6561,是方,2025-10-30,364.0,-16.5,-4.34%,,,,,,,,,ShowDailyK_ChartFlow,FinMind_API_TaiwanStockPrice_6561,True,2026-09-29T21:24:23,2026-09-29T21:24:23,2026-09-29T21:24:23
6561,是方,2025-10-31,361.0,-3.0,-0.82%,,,,,,,,,ShowDailyK_ChartFlow,FinMind_API_TaiwanStockPrice_6561,True,2026-09-29T21:24:23,2026-09-29T21:24:23,2026-09-29T21:24:23
6561,是方,2025-11-03,365.5,4.5,1.25%,,,,,,,,,ShowDailyK_ChartFlow,FinMind_API_TaiwanStockPrice_6561,True,2026-09-29T21:24:23,2026-09-29T21:24:23,2026-09-29T21:24:23
6561,是方,2025-11-04,355.0,-10.5,-2.87%,,,,,,,,,ShowDailyK_ChartFlow,FinMind_API_TaiwanStockPrice_6561,True,2026-09-29T21:24:23,2026-09-29T21:24:23,2026-09-29T21:24:23
6561,是方,2025-11-05,355.5,0.5,0.14%,,,,,,,,,ShowDailyK_ChartFlow,FinMind_API_TaiwanStockPrice_6561,True,2026-09-29T21:24:23,2026-09-29T21:24:23,2026-09-29T21:24:23
6561,是方,2025-11-06,356.0,0.5,0.14%,,,,,,,,,ShowDailyK_ChartFlow,FinMind_API_TaiwanStockPrice_6561,True,2026-09-29T21:24:23,2026-09-29T21:24:23,2026-09-29T21:24:23
6561,是方,2025-11-07,363.0,7.0,1.97%,,,,,,,,,ShowDailyK_ChartFlow,FinMind_API_TaiwanStockPrice_6561,True,2026-09-29T21:24:23,2026-09-29T21:24:23,2026-09-29T21:24:23
6561,是方,2025-11-10,359.0,-4.0,-1.10%,,,,,,,,,ShowDailyK_ChartFlow,FinMind_API_TaiwanStockPrice_6561,True,2026-09-29T21:24:23,2026-09-29T21:24:23,2026-09-29T21:24:23
6561,是方,2025-11-11,367.0,8.0,2.23%,,,,,,,,,ShowDailyK_ChartFlow,FinMind_API_TaiwanStockPrice_6561,True,2026-09-29T21:24:23,2026-09-29T21:24:23,2026-09-29T21:24:23
6561,是方,2025-11-12,372.5,5.5,1.50%,,,,,,,,,ShowDailyK_ChartFlow,FinMind_API_TaiwanStockPrice_6561,True,2026-09-29T21:24:23,2026-09-29T21:24:23,2026-09-29T21:24:23
6561,是方,2025-11-13,370.5,-2.0,-0.54%,,,,,,,,,ShowDailyK_ChartFlow,FinMind_API_TaiwanStockPrice_6561,True,2026-09-29T21:24:23,2026-09-29T21:24:23,2026-09-29T21:24:23
6561,是方,2025-11-14,374.5,4.0,1.08%,,,,,,,,,ShowDailyK_ChartFlow,FinMind_API_TaiwanStockPrice_6561,True,2026-09-29T21:24:23,2026-09-29T21:24:23,2026-09-29T21:24:23
6561,是方,2025-11-17,367.0,-7.5,-2.00%,,,,,,,,,ShowDailyK_ChartFlow,FinMind_API_TaiwanStockPrice_6561,True,2026-09-29T21:24:23,2026-09-29T21:24:23,2026-09-29T21:24:23
6561,是方,2025-11-18,358.0,-9.0,-2.45%,,,,,,,,,ShowDailyK_ChartFlow,FinMind_API_TaiwanStockPrice_6561,True,2026-09-29T21:24:23,2026-09-29T21:24:23,2026-09-29T21:24:23
6561,是方,2025-11-19,354.5,-3.5,-0.98%,,,,,,,,,ShowDailyK_ChartFlow,FinMind_API_TaiwanStockPrice_6561,True,2026-09-29T21:24:23,2026-09-29T21:24:23,2026-09-29T21:24:23
6561,是方,2025-11-20,353.0,-1.5,-0.42%,,,,,,,,,ShowDailyK_ChartFlow,FinMind_API_TaiwanStockPrice_6561,True,2026-09-29T21:24:23,2026-09-29T21:24:23,2026-09-29T21:24:23
6561,是方,2025-11-21,350.5,-2.5,-0.71%,,,,,,,,,ShowDailyK_ChartFlow,FinMind_API_TaiwanStockPrice_6561,True,2026-09-29T21:24:23,2026-09-29T21:24:23,2026-09-29T21:24:23
6561,是方,2025-11-24,359.5,9.0,2.57%,,,,,,,,,ShowDailyK_ChartFlow,FinMind_API_TaiwanStockPrice_6561,True,2026-09-29T21:24:23,2026-09-29T21:24:23,2026-09-29T21:24:23
6561,是方,2025-11-25,357.5,-2.0,-0.56%,,,,,,,,,ShowDailyK_ChartFlow,FinMind_API_TaiwanStockPrice_6561,True,2026-09-29T21:24:23,2026-09-29T21:24:23,2026-09-29T21:24:23
6561,是方,2025-11-26,360.0,2.5,0.70%,,,,,,,,,ShowDailyK_ChartFlow,FinMind_API_TaiwanStockPrice_6561,True,2026-09-29T21:24:23,2026-09-29T21:24:23,2026-09-29T21:24:23
6561,是方,2025-11-27,358.5,-1.5,-0.42%,,,,,,,,,ShowDailyK_ChartFlow,FinMind_API_TaiwanStockPrice_6561,True,2026-09-29T21:24:23,2026-09-29T21:24:23,2026-09-29T21:24:23
6561,是方,2025-11-28,364.0,5.5,1.53%,,,,,,,,,ShowDailyK_ChartFlow,FinMind_API_TaiwanStockPrice_6561,True,2026-09-29T21:24:23,2026-09-29T21:24:23,2026-09-29T21:24:23
6561,是方,2025-12-01,364.0,0.0,0.00%,,,,,,,,,ShowDailyK_ChartFlow,FinMind_API_TaiwanStockPrice_6561,True,2026-09-29T21:24:23,2026-09-29T21:24:23,2026-09-29T21:24:23
6561,是方,2025-12-02,365.5,1.5,0.41%,,,,,,,,,ShowDailyK_ChartFlow,FinMind_API_TaiwanStockPrice_6561,True,2026-09-29T21:24:23,2026-09-29T21:24:23,2026-09-29T21:24:23
6561,是方,2025-12-03,360.5,-5.0,-1.37%,,,,,,,,,ShowDailyK_ChartFlow,FinMind_API_TaiwanStockPrice_6561,True,2026-09-29T21:24:23,2026-09-29T21:24:23,2026-09-29T21:24:23
6561,是方,2025-12-04,357.0,-3.5,-0.97%,,,,,,,,,ShowDailyK_ChartFlow,FinMind_API_TaiwanStockPrice_6561,True,2026-09-29T21:24:23,2026-09-29T21:24:23,2026-09-29T21:24:23
6561,是方,2025-12-05,357.5,0.5,0.14%,,,,,,,,,ShowDailyK_ChartFlow,FinMind_API_TaiwanStockPrice_6561,True,2026-09-29T21:24:23,2026-09-29T21:24:23,2026-09-29T21:24:23
6561,是方,2025-12-08,356.5,-1.0,-0.28%,,,,,,,,,ShowDailyK_ChartFlow,FinMind_API_TaiwanStockPrice_6561,True,2026-09-29T21:24:23,2026-09-29T21:24:23,2026-09-29T21:24:23
6561,是方,2025-12-09,362.0,5.5,1.54%,,,,,,,,,ShowDailyK_ChartFlow,FinMind_API_TaiwanStockPrice_6561,True,2026-09-29T21:24:23,2026-09-29T21:24:23,2026-09-29T21:24:23
6561,是方,2025-12-10,364.0,2.0,0.55%,,,,,,,,,ShowDailyK_ChartFlow,FinMind_API_TaiwanStockPrice_6561,True,2026-09-29T21:24:23,2026-09-29T21:24:23,2026-09-29T21:24:23
6561,是方,2025-12-11,355.0,-9.0,-2.47%,,,,,,,,,ShowDailyK_ChartFlow,FinMind_API_TaiwanStockPrice_6561,True,2026-09-29T21:24:23,2026-09-29T21:24:23,2026-09-29T21:24:23
6561,是方,2025-12-12,358.0,3.0,0.85%,,,,,,,,,ShowDailyK_ChartFlow,FinMind_API_TaiwanStockPrice_6561,True,2026-09-29T21:24:23,2026-09-29T21:24:23,2026-09-29T21:24:23
6561,是方,2025-12-15,354.5,-3.5,-0.98%,,,,,,,,,ShowDailyK_ChartFlow,FinMind_API_TaiwanStockPrice_6561,True,2026-09-29T21:24:23,2026-09-29T21:24:23,2026-09-29T21:24:23
6561,是方,2025-12-16,348.0,-6.5,-1.83%,,,,,,,,,ShowDailyK_ChartFlow,FinMind_API_TaiwanStockPrice_6561,True,2026-09-29T21:24:23,2026-09-29T21:24:23,2026-09-29T21:24:23
6561,是方,2025-12-17,346.5,-1.5,-0.43%,,,,,,,,,ShowDailyK_ChartFlow,FinMind_API_TaiwanStockPrice_6561,True,2026-09-29T21:24:23,2026-09-29T21:24:23,2026-09-29T21:24:23
6561,是方,2025-12-18,344.0,-2.5,-0.72%,,,,,,,,,ShowDailyK_ChartFlow,FinMind_API_TaiwanStockPrice_6561,True,2026-09-29T21:24:23,2026-09-29T21:24:23,2026-09-29T21:24:23
6561,是方,2025-12-19,346.0,2.0,0.58%,,,,,,,,,ShowDailyK_ChartFlow,FinMind_API_TaiwanStockPrice_6561,True,2026-09-29T21:24:23,2026-09-29T21:24:23,2026-09-29T21:24:23
6561,是方,2025-12-22,351.0,5.0,1.45%,,,,,,,,,ShowDailyK_ChartFlow,FinMind_API_TaiwanStockPrice_6561,True,2026-09-29T21:24:23,2026-09-29T21:24:23,2026-09-29T21:24:23
6561,是方,2025-12-23,354.0,3.0,0.85%,,,,,,,,,ShowDailyK_ChartFlow,FinMind_API_TaiwanStockPrice_6561,True,2026-09-29T21:24:23,2026-09-29T21:24:23,2026-09-29T21:24:23
6561,是方,2025-12-24,353.5,-0.5,-0.14%,,,,,,,,,ShowDailyK_ChartFlow,FinMind_API_TaiwanStockPrice_6561,True,2026-09-29T21:24:23,2026-09-29T21:24:23,2026-09-29T21:24:23
6561,是方,2025-12-26,360.0,6.5,1.84%,,,,,,,,,ShowDailyK_ChartFlow,FinMind_API_TaiwanStockPrice_6561,True,2026-09-29T21:24:23,2026-09-29T21:24:23,2026-09-29T21:24:23
6561,是方,2025-12-29,380.5,20.5,5.69%,,,,,,,,,ShowDailyK_ChartFlow,FinMind_API_TaiwanStockPrice_6561,True,2026-09-29T21:24:23,2026-09-29T21:24:23,2026-09-29T21:24:23
6561,是方,2025-12-30,392.5,12.0,3.15%,,,,,,,,,ShowDailyK_ChartFlow,FinMind_API_TaiwanStockPrice_6561,True,2026-09-29T21:24:23,2026-09-29T21:24:23,2026-09-29T21:24:23
6561,是方,2025-12-31,375.0,-17.5,-4.46%,,,,,,,,,ShowDailyK_ChartFlow,FinMind_API_TaiwanStockPrice_6561,True,2026-09-29T21:24:23,2026-09-29T21:24:23,2026-09-29T21:24:23
6561,是方,2026-01-02,367.5,-7.5,-2.00%,,,,,,,,,ShowDailyK_ChartFlow,FinMind_API_TaiwanStockPrice_6561,True,2026-09-29T21:24:23,2026-09-29T21:24:23,2026-09-29T21:24:23
6561,是方,2026-01-05,359.0,-8.5,-2.31%,,,,,,,,,ShowDailyK_ChartFlow,FinMind_API_TaiwanStockPrice_6561,True,2026-09-29T21:24:23,2026-09-29T21:24:23,2026-09-29T21:24:23
6561,是方,2026-01-06,361.5,2.5,0.70%,,,,,,,,,ShowDailyK_ChartFlow,FinMind_API_TaiwanStockPrice_6561,True,2026-09-29T21:24:23,2026-09-29T21:24:23,2026-09-29T21:24:23
6561,是方,2026-01-07,365.0,3.5,0.97%,,,,,,,,,ShowDailyK_ChartFlow,FinMind_API_TaiwanStockPrice_6561,True,2026-09-29T21:24:23,2026-09-29T21:24:23,2026-09-29T21:24:23
6561,是方,2026-01-08,359.0,-6.0,-1.64%,,,,,,,,,ShowDailyK_ChartFlow,FinMind_API_TaiwanStockPrice_6561,True,2026-09-29T21:24:23,2026-09-29T21:24:23,2026-09-29T21:24:23
6561,是方,2026-01-09,356.0,-3.0,-0.84%,,,,,,,,,ShowDailyK_ChartFlow,FinMind_API_TaiwanStockPrice_6561,True,2026-09-29T21:24:23,2026-09-29T21:24:23,2026-09-29T21:24:23
6561,是方,2026-01-12,353.0,-3.0,-0.84%,,,,,,,,,ShowDailyK_ChartFlow,FinMind_API_TaiwanStockPrice_6561,True,2026-09-29T21:24:23,2026-09-29T21:24:23,2026-09-29T21:24:23
6561,是方,2026-01-13,351.5,-1.5,-0.42%,,,,,,,,,ShowDailyK_ChartFlow,FinMind_API_TaiwanStockPrice_6561,True,2026-09-29T21:24:23,2026-09-29T21:24:23,2026-09-29T21:24:23
6561,是方,2026-01-14,351.0,-0.5,-0.14%,,,,,,,,,ShowDailyK_ChartFlow,FinMind_API_TaiwanStockPrice_6561,True,2026-09-29T21:24:23,2026-09-29T21:24:23,2026-09-29T21:24:23
6561,是方,2026-01-15,353.5,2.5,0.71%,,,,,,,,,ShowDailyK_ChartFlow,FinMind_API_TaiwanStockPrice_6561,True,2026-09-29T21:24:23,2026-09-29T21:24:23,2026-09-29T21:24:23
6561,是方,2026-01-16,348.5,-5.0,-1.41%,,,,,,,,,ShowDailyK_ChartFlow,FinMind_API_TaiwanStockPrice_6561,True,2026-09-29T21:24:23,2026-09-29T21:24:23,2026-09-29T21:24:23
6561,是方,2026-01-19,355.5,7.0,2.01%,,,,,,,,,ShowDailyK_ChartFlow,FinMind_API_TaiwanStockPrice_6561,True,2026-09-29T21:24:23,2026-09-29T21:24:23,2026-09-29T21:24:23
6561,是方,2026-01-20,348.0,-7.5,-2.11%,,,,,,,,,ShowDailyK_ChartFlow,FinMind_API_TaiwanStockPrice_6561,True,2026-09-29T21:24:23,2026-09-29T21:24:23,2026-09-29T21:24:23
6561,是方,2026-01-21,344.5,-3.5,-1.01%,,,,,,,,,ShowDailyK_ChartFlow,FinMind_API_TaiwanStockPrice_6561,True,2026-09-29T21:24:23,2026-09-29T21:24:23,2026-09-29T21:24:23
6561,是方,2026-01-22,348.0,3.5,1.02%,,,,,,,,,ShowDailyK_ChartFlow,FinMind_API_TaiwanStockPrice_6561,True,2026-09-29T21:24:23,2026-09-29T21:24:23,2026-09-29T21:24:23
6561,是方,2026-01-23,344.0,-4.0,-1.15%,,,,,,,,,ShowDailyK_ChartFlow,FinMind_API_TaiwanStockPrice_6561,True,2026-09-29T21:24:23,2026-09-29T21:24:23,2026-09-29T21:24:23
6561,是方,2026-01-26,338.0,-6.0,-1.74%,,,,,,,,,ShowDailyK_ChartFlow,FinMind_API_TaiwanStockPrice_6561,True,2026-09-29T21:24:23,2026-09-29T21:24:23,2026-09-29T21:24:23
6561,是方,2026-01-27,337.0,-1.0,-0.30%,,,,,,,,,ShowDailyK_ChartFlow,FinMind_API_TaiwanStockPrice_6561,True,2026-09-29T21:24:23,2026-09-29T21:24:23,2026-09-29T21:24:23
6561,是方,2026-01-28,332.5,-4.5,-1.34%,,,,,,,,,ShowDailyK_ChartFlow,FinMind_API_TaiwanStockPrice_6561,True,2026-09-29T21:24:23,2026-09-29T21:24:23,2026-09-29T21:24:23
6561,是方,2026-01-29,331.5,-1.0,-0.30%,,,,,,,,,ShowDailyK_ChartFlow,FinMind_API_TaiwanStockPrice_6561,True,2026-09-29T21:24:23,2026-09-29T21:24:23,2026-09-29T21:24:23
6561,是方,2026-01-30,320.5,-11.0,-3.32%,,,,,,,,,ShowDailyK_ChartFlow,FinMind_API_TaiwanStockPrice_6561,True,2026-09-29T21:24:23,2026-09-29T21:24:23,2026-09-29T21:24:23
6561,是方,2026-02-02,316.0,-4.5,-1.40%,,,,,,,,,ShowDailyK_ChartFlow,FinMind_API_TaiwanStockPrice_6561,True,2026-09-29T21:24:23,2026-09-29T21:24:23,2026-09-29T21:24:23
6561,是方,2026-02-03,320.0,4.0,1.27%,,,,,,,,,ShowDailyK_ChartFlow,FinMind_API_TaiwanStockPrice_6561,True,2026-09-29T21:24:23,2026-09-29T21:24:23,2026-09-29T21:24:23
6561,是方,2026-02-04,318.5,-1.5,-0.47%,,,,,,,,,ShowDailyK_ChartFlow,FinMind_API_TaiwanStockPrice_6561,True,2026-09-29T21:24:23,2026-09-29T21:24:23,2026-09-29T21:24:23
6561,是方,2026-02-05,319.5,1.0,0.31%,,,,,,,,,ShowDailyK_ChartFlow,FinMind_API_TaiwanStockPrice_6561,True,2026-09-29T21:24:23,2026-09-29T21:24:23,2026-09-29T21:24:23
6561,是方,2026-02-06,318.0,-1.5,-0.47%,,,,,,,,,ShowDailyK_ChartFlow,FinMind_API_TaiwanStockPrice_6561,True,2026-09-29T21:24:23,2026-09-29T21:24:23,2026-09-29T21:24:23
6561,是方,2026-02-09,314.0,-4.0,-1.26%,,,,,,,,,ShowDailyK_ChartFlow,FinMind_API_TaiwanStockPrice_6561,True,2026-09-29T21:24:23,2026-09-29T21:24:23,2026-09-29T21:24:23
6561,是方,2026-02-10,315.5,1.5,0.48%,,,,,,,,,ShowDailyK_ChartFlow,FinMind_API_TaiwanStockPrice_6561,True,2026-09-29T21:24:23,2026-09-29T21:24:23,2026-09-29T21:24:23
6561,是方,2026-02-11,328.0,12.5,3.96%,,,,,,,,,ShowDailyK_ChartFlow,FinMind_API_TaiwanStockPrice_6561,True,2026-09-29T21:24:23,2026-09-29T21:24:23,2026-09-29T21:24:23
6561,是方,2026-02-23,336.5,8.5,2.59%,,,,,,,,,ShowDailyK_ChartFlow,FinMind_API_TaiwanStockPrice_6561,True,2026-09-29T21:24:23,2026-09-29T21:24:23,2026-09-29T21:24:23
6561,是方,2026-02-24,348.0,11.5,3.42%,,,,,,,,,ShowDailyK_ChartFlow,FinMind_API_TaiwanStockPrice_6561,True,2026-09-29T21:24:23,2026-09-29T21:24:23,2026-09-29T21:24:23
6561,是方,2026-02-25,358.5,10.5,3.02%,,,,,,,,,ShowDailyK_ChartFlow,FinMind_API_TaiwanStockPrice_6561,True,2026-09-29T21:24:23,2026-09-29T21:24:23,2026-09-29T21:24:23
6561,是方,2026-02-26,374.5,16.0,4.46%,,,,,,,,,ShowDailyK_ChartFlow,FinMind_API_TaiwanStockPrice_6561,True,2026-09-29T21:24:23,2026-09-29T21:24:23,2026-09-29T21:24:23
6561,是方,2026-03-02,364.5,-10.0,-2.67%,,,,,,,,,ShowDailyK_ChartFlow,FinMind_API_TaiwanStockPrice_6561,True,2026-09-29T21:24:23,2026-09-29T21:24:23,2026-09-29T21:24:23
6561,是方,2026-03-03,358.0,-6.5,-1.78%,,,,,,,,,ShowDailyK_ChartFlow,FinMind_API_TaiwanStockPrice_6561,True,2026-09-29T21:24:23,2026-09-29T21:24:23,2026-09-29T21:24:23
6561,是方,2026-03-04,360.0,2.0,0.56%,,,,,,,,,ShowDailyK_ChartFlow,FinMind_API_TaiwanStockPrice_6561,True,2026-09-29T21:24:23,2026-09-29T21:24:23,2026-09-29T21:24:23
6561,是方,2026-03-05,362.0,2.0,0.56%,,,,,,,,,ShowDailyK_ChartFlow,FinMind_API_TaiwanStockPrice_6561,True,2026-09-29T21:24:23,2026-09-29T21:24:23,2026-09-29T21:24:23
6561,是方,2026-03-06,368.0,6.0,1.66%,,,,,,,,,ShowDailyK_ChartFlow,FinMind_API_TaiwanStockPrice_6561,True,2026-09-29T21:24:23,2026-09-29T21:24:23,2026-09-29T21:24:23
6561,是方,2026-03-09,350.5,-17.5,-4.76%,,,,,,,,,ShowDailyK_ChartFlow,FinMind_API_TaiwanStockPrice_6561,True,2026-09-29T21:24:23,2026-09-29T21:24:23,2026-09-29T21:24:23
6561,是方,2026-03-10,358.5,8.0,2.28%,,,,,,,,,ShowDailyK_ChartFlow,FinMind_API_TaiwanStockPrice_6561,True,2026-09-29T21:24:23,2026-09-29T21:24:23,2026-09-29T21:24:23
6561,是方,2026-03-11,360.5,2.0,0.56%,,,,,,,,,ShowDailyK_ChartFlow,FinMind_API_TaiwanStockPrice_6561,True,2026-09-29T21:24:23,2026-09-29T21:24:23,2026-09-29T21:24:23
6561,是方,2026-03-12,352.5,-8.0,-2.22%,,,,,,,,,ShowDailyK_ChartFlow,FinMind_API_TaiwanStockPrice_6561,True,2026-09-29T21:24:23,2026-09-29T21:24:23,2026-09-29T21:24:23
6561,是方,2026-03-13,354.5,2.0,0.57%,,,,,,,,,ShowDailyK_ChartFlow,FinMind_API_TaiwanStockPrice_6561,True,2026-09-29T21:24:23,2026-09-29T21:24:23,2026-09-29T21:24:23
6561,是方,2026-03-16,350.5,-4.0,-1.13%,,,,,,,,,ShowDailyK_ChartFlow,FinMind_API_TaiwanStockPrice_6561,True,2026-09-29T21:24:23,2026-09-29T21:24:23,2026-09-29T21:24:23
6561,是方,2026-03-17,353.5,3.0,0.86%,,,,,,,,,ShowDailyK_ChartFlow,FinMind_API_TaiwanStockPrice_6561,True,2026-09-29T21:24:23,2026-09-29T21:24:23,2026-09-29T21:24:23
6561,是方,2026-03-18,357.0,3.5,0.99%,,,,,,,,,ShowDailyK_ChartFlow,FinMind_API_TaiwanStockPrice_6561,True,2026-09-29T21:24:23,2026-09-29T21:24:23,2026-09-29T21:24:23
6561,是方,2026-03-19,350.0,-7.0,-1.96%,,,,,,,,,ShowDailyK_ChartFlow,FinMind_API_TaiwanStockPrice_6561,True,2026-09-29T21:24:23,2026-09-29T21:24:23,2026-09-29T21:24:23
6561,是方,2026-03-20,351.5,1.5,0.43%,,,,,,,,,ShowDailyK_ChartFlow,FinMind_API_TaiwanStockPrice_6561,True,2026-09-29T21:24:23,2026-09-29T21:24:23,2026-09-29T21:24:23
6561,是方,2026-03-23,351.0,-0.5,-0.14%,,,,,,,,,ShowDailyK_ChartFlow,FinMind_API_TaiwanStockPrice_6561,True,2026-09-29T21:24:23,2026-09-29T21:24:23,2026-09-29T21:24:23
6561,是方,2026-03-24,353.0,2.0,0.57%,,,,,,,,,ShowDailyK_ChartFlow,FinMind_API_TaiwanStockPrice_6561,True,2026-09-29T21:24:23,2026-09-29T21:24:23,2026-09-29T21:24:23
6561,是方,2026-03-25,363.0,10.0,2.83%,,,,,,,,,ShowDailyK_ChartFlow,FinMind_API_TaiwanStockPrice_6561,True,2026-09-29T21:24:23,2026-09-29T21:24:23,2026-09-29T21:24:23
6561,是方,2026-03-26,362.5,-0.5,-0.14%,,,,,,,,,ShowDailyK_ChartFlow,FinMind_API_TaiwanStockPrice_6561,True,2026-09-29T21:24:23,2026-09-29T21:24:23,2026-09-29T21:24:23
6561,是方,2026-03-27,362.0,-0.5,-0.14%,,,,,,,,,ShowDailyK_ChartFlow,FinMind_API_TaiwanStockPrice_6561,True,2026-09-29T21:24:23,2026-09-29T21:24:23,2026-09-29T21:24:23
6561,是方,2026-03-30,355.0,-7.0,-1.93%,,,,,,,,,ShowDailyK_ChartFlow,FinMind_API_TaiwanStockPrice_6561,True,2026-09-29T21:24:23,2026-09-29T21:24:23,2026-09-29T21:24:23
6561,是方,2026-03-31,348.0,-7.0,-1.97%,,,,,,,,,ShowDailyK_ChartFlow,FinMind_API_TaiwanStockPrice_6561,True,2026-09-29T21:24:23,2026-09-29T21:24:23,2026-09-29T21:24:23
6561,是方,2026-04-01,354.0,6.0,1.72%,,,,,,,,,ShowDailyK_ChartFlow,FinMind_API_TaiwanStockPrice_6561,True,2026-09-29T21:24:23,2026-09-29T21:24:23,2026-09-29T21:24:23
6561,是方,2026-04-02,350.5,-3.5,-0.99%,,,,,,,,,ShowDailyK_ChartFlow,FinMind_API_TaiwanStockPrice_6561,True,2026-09-29T21:24:23,2026-09-29T21:24:23,2026-09-29T21:24:23
6561,是方,2026-04-07,350.0,-0.5,-0.14%,,,,,,,,,ShowDailyK_ChartFlow,FinMind_API_TaiwanStockPrice_6561,True,2026-09-29T21:24:23,2026-09-29T21:24:23,2026-09-29T21:24:23
6561,是方,2026-04-08,365.0,15.0,4.29%,,,,,,,,,ShowDailyK_ChartFlow,FinMind_API_TaiwanStockPrice_6561,True,2026-09-29T21:24:23,2026-09-29T21:24:23,2026-09-29T21:24:23
6561,是方,2026-04-09,362.5,-2.5,-0.68%,,,,,,,,,ShowDailyK_ChartFlow,FinMind_API_TaiwanStockPrice_6561,True,2026-09-29T21:24:23,2026-09-29T21:24:23,2026-09-29T21:24:23
6561,是方,2026-04-10,359.0,-3.5,-0.97%,,,,,,,,,ShowDailyK_ChartFlow,FinMind_API_TaiwanStockPrice_6561,True,2026-09-29T21:24:23,2026-09-29T21:24:23,2026-09-29T21:24:23
6561,是方,2026-04-13,361.5,2.5,0.70%,,,,,,,,,ShowDailyK_ChartFlow,FinMind_API_TaiwanStockPrice_6561,True,2026-09-29T21:24:23,2026-09-29T21:24:23,2026-09-29T21:24:23
6561,是方,2026-04-14,359.0,-2.5,-0.69%,,,,,,,,,ShowDailyK_ChartFlow,FinMind_API_TaiwanStockPrice_6561,True,2026-09-29T21:24:23,2026-09-29T21:24:23,2026-09-29T21:24:23
6561,是方,2026-04-15,372.5,13.5,3.76%,,,,,,,,,ShowDailyK_ChartFlow,FinMind_API_TaiwanStockPrice_6561,True,2026-09-29T21:24:23,2026-09-29T21:24:23,2026-09-29T21:24:23
6561,是方,2026-04-16,373.5,1.0,0.27%,,,,,,,,,ShowDailyK_ChartFlow,FinMind_API_TaiwanStockPrice_6561,True,2026-09-29T21:24:23,2026-09-29T21:24:23,2026-09-29T21:24:23
6561,是方,2026-04-17,373.0,-0.5,-0.13%,,,,,,,,,ShowDailyK_ChartFlow,FinMind_API_TaiwanStockPrice_6561,True,2026-09-29T21:24:23,2026-09-29T21:24:23,2026-09-29T21:24:23
6561,是方,2026-04-20,373.0,0.0,0.00%,,,,,,,,,ShowDailyK_ChartFlow,FinMind_API_TaiwanStockPrice_6561,True,2026-09-29T21:24:23,2026-09-29T21:24:23,2026-09-29T21:24:23
6561,是方,2026-04-21,368.0,-5.0,-1.34%,,,,,,,,,ShowDailyK_ChartFlow,FinMind_API_TaiwanStockPrice_6561,True,2026-09-29T21:24:23,2026-09-29T21:24:23,2026-09-29T21:24:23
6561,是方,2026-04-22,372.0,4.0,1.09%,,,,,,,,,ShowDailyK_ChartFlow,FinMind_API_TaiwanStockPrice_6561,True,2026-09-29T21:24:23,2026-09-29T21:24:23,2026-09-29T21:24:23
6561,是方,2026-04-23,365.0,-7.0,-1.88%,,,,,,,,,ShowDailyK_ChartFlow,FinMind_API_TaiwanStockPrice_6561,True,2026-09-29T21:24:23,2026-09-29T21:24:23,2026-09-29T21:24:23
6561,是方,2026-04-24,363.0,-2.0,-0.55%,,,,,,,,,ShowDailyK_ChartFlow,FinMind_API_TaiwanStockPrice_6561,True,2026-09-29T21:24:23,2026-09-29T21:24:23,2026-09-29T21:24:23
6561,是方,2026-04-27,355.5,-7.5,-2.07%,,,,,,,,,ShowDailyK_ChartFlow,FinMind_API_TaiwanStockPrice_6561,True,2026-09-29T21:24:23,2026-09-29T21:24:23,2026-09-29T21:24:23
6561,是方,2026-04-28,358.0,2.5,0.70%,,,,,,,,,ShowDailyK_ChartFlow,FinMind_API_TaiwanStockPrice_6561,True,2026-09-29T21:24:23,2026-09-29T21:24:23,2026-09-29T21:24:23
6561,是方,2026-04-29,348.5,-9.5,-2.65%,,,,,,,,,ShowDailyK_ChartFlow,FinMind_API_TaiwanStockPrice_6561,True,2026-09-29T21:24:23,2026-09-29T21:24:23,2026-09-29T21:24:23
6561,是方,2026-04-30,340.5,-8.0,-2.30%,,,,,,,,,ShowDailyK_ChartFlow,FinMind_API_TaiwanStockPrice_6561,True,2026-09-29T21:24:23,2026-09-29T21:24:23,2026-09-29T21:24:23
6561,是方,2026-05-04,330.5,-10.0,-2.94%,,,,,,,,,ShowDailyK_ChartFlow,FinMind_API_TaiwanStockPrice_6561,True,2026-09-29T21:24:23,2026-09-29T21:24:23,2026-09-29T21:24:23
6561,是方,2026-05-05,332.5,2.0,0.61%,,,,,,,,,ShowDailyK_ChartFlow,FinMind_API_TaiwanStockPrice_6561,True,2026-09-29T21:24:23,2026-09-29T21:24:23,2026-09-29T21:24:23
6561,是方,2026-05-06,333.0,0.5,0.15%,,,,,,,,,ShowDailyK_ChartFlow,FinMind_API_TaiwanStockPrice_6561,True,2026-09-29T21:24:23,2026-09-29T21:24:23,2026-09-29T21:24:23
6561,是方,2026-05-07,334.5,1.5,0.45%,,,,,,,,,ShowDailyK_ChartFlow,FinMind_API_TaiwanStockPrice_6561,True,2026-09-29T21:24:23,2026-09-29T21:24:23,2026-09-29T21:24:23
6561,是方,2026-05-08,345.0,10.5,3.14%,,,,,,,,,ShowDailyK_ChartFlow,FinMind_API_TaiwanStockPrice_6561,True,2026-09-29T21:24:23,2026-09-29T21:24:23,2026-09-29T21:24:23
6561,是方,2026-05-11,353.0,8.0,2.32%,,,,,,,,,ShowDailyK_ChartFlow,FinMind_API_TaiwanStockPrice_6561,True,2026-09-29T21:24:23,2026-09-29T21:24:23,2026-09-29T21:24:23
6561,是方,2026-05-12,344.5,-8.5,-2.41%,,,,,,,,,ShowDailyK_ChartFlow,FinMind_API_TaiwanStockPrice_6561,True,2026-09-29T21:24:23,2026-09-29T21:24:23,2026-09-29T21:24:23
6561,是方,2026-05-13,345.5,1.0,0.29%,,,,,,,,,ShowDailyK_ChartFlow,FinMind_API_TaiwanStockPrice_6561,True,2026-09-29T21:24:23,2026-09-29T21:24:23,2026-09-29T21:24:23
6561,是方,2026-05-14,346.0,0.5,0.14%,,,,,,,,,ShowDailyK_ChartFlow,FinMind_API_TaiwanStockPrice_6561,True,2026-09-29T21:24:23,2026-09-29T21:24:23,2026-09-29T21:24:23
6561,是方,2026-05-15,338.5,-7.5,-2.17%,,,,,,,,,ShowDailyK_ChartFlow,FinMind_API_TaiwanStockPrice_6561,True,2026-09-29T21:24:23,2026-09-29T21:24:23,2026-09-29T21:24:23
6561,是方,2026-05-18,338.0,-0.5,-0.15%,,,,,,,,,ShowDailyK_ChartFlow,FinMind_API_TaiwanStockPrice_6561,True,2026-09-29T21:24:23,2026-09-29T21:24:23,2026-09-29T21:24:23
6561,是方,2026-05-19,343.5,5.5,1.63%,,,,,,,,,ShowDailyK_ChartFlow,FinMind_API_TaiwanStockPrice_6561,True,2026-09-29T21:24:23,2026-09-29T21:24:23,2026-09-29T21:24:23
6561,是方,2026-05-20,355.0,11.5,3.35%,,,,,,,,,ShowDailyK_ChartFlow,FinMind_API_TaiwanStockPrice_6561,True,2026-09-29T21:24:23,2026-09-29T21:24:23,2026-09-29T21:24:23
6561,是方,2026-05-21,355.0,0.0,0.00%,,,,,,,,,ShowDailyK_ChartFlow,FinMind_API_TaiwanStockPrice_6561,True,2026-09-29T21:24:23,2026-09-29T21:24:23,2026-09-29T21:24:23
6561,是方,2026-05-22,361.5,6.5,1.83%,,,,,,,,,ShowDailyK_ChartFlow,FinMind_API_TaiwanStockPrice_6561,True,2026-09-29T21:24:23,2026-09-29T21:24:23,2026-09-29T21:24:23
6561,是方,2026-05-25,359.5,-2.0,-0.55%,,,,,,,,,ShowDailyK_ChartFlow,FinMind_API_TaiwanStockPrice_6561,True,2026-09-29T21:24:23,2026-09-29T21:24:23,2026-09-29T21:24:23
6561,是方,2026-05-26,353.5,-6.0,-1.67%,,,,,,,,,ShowDailyK_ChartFlow,FinMind_API_TaiwanStockPrice_6561,True,2026-09-29T21:24:23,2026-09-29T21:24:23,2026-09-29T21:24:23
6561,是方,2026-05-27,351.5,-2.0,-0.57%,,,,,,,,,ShowDailyK_ChartFlow,FinMind_API_TaiwanStockPrice_6561,True,2026-09-29T21:24:23,2026-09-29T21:24:23,2026-09-29T21:24:23
6561,是方,2026-05-28,350.0,-1.5,-0.43%,,,,,,,,,ShowDailyK_ChartFlow,FinMind_API_TaiwanStockPrice_6561,True,2026-09-29T21:24:23,2026-09-29T21:24:23,2026-09-29T21:24:23
6561,是方,2026-05-29,359.5,9.5,2.71%,,,,,,,,,ShowDailyK_ChartFlow,FinMind_API_TaiwanStockPrice_6561,True,2026-09-29T21:24:23,2026-09-29T21:24:23,2026-09-29T21:24:23
6561,是方,2026-06-01,361.0,1.5,0.42%,,,,,,,,,ShowDailyK_ChartFlow,FinMind_API_TaiwanStockPrice_6561,True,2026-09-29T21:24:23,2026-09-29T21:24:23,2026-09-29T21:24:23
6561,是方,2026-06-02,366.0,5.0,1.39%,,,,,,,,,ShowDailyK_ChartFlow,FinMind_API_TaiwanStockPrice_6561,True,2026-09-29T21:24:23,2026-09-29T21:24:23,2026-09-29T21:24:23
6561,是方,2026-06-03,378.0,12.0,3.28%,,,,,,,,,ShowDailyK_ChartFlow,FinMind_API_TaiwanStockPrice_6561,True,2026-09-29T21:24:23,2026-09-29T21:24:23,2026-09-29T21:24:23
6561,是方,2026-06-04,370.5,-7.5,-1.98%,,,,,,,,,ShowDailyK_ChartFlow,FinMind_API_TaiwanStockPrice_6561,True,2026-09-29T21:24:23,2026-09-29T21:24:23,2026-09-29T21:24:23
6561,是方,2026-06-05,358.5,-12.0,-3.24%,,,,,,,,,ShowDailyK_ChartFlow,FinMind_API_TaiwanStockPrice_6561,True,2026-09-29T21:24:23,2026-09-29T21:24:23,2026-09-29T21:24:23
6561,是方,2026-06-08,354.5,-4.0,-1.12%,,,,,,,,,ShowDailyK_ChartFlow,FinMind_API_TaiwanStockPrice_6561,True,2026-09-29T21:24:23,2026-09-29T21:24:23,2026-09-29T21:24:23
6561,是方,2026-06-09,354.0,-0.5,-0.14%,,,,,,,,,ShowDailyK_ChartFlow,FinMind_API_TaiwanStockPrice_6561,True,2026-09-29T21:24:23,2026-09-29T21:24:23,2026-09-29T21:24:23
6561,是方,2026-06-10,348.0,-6.0,-1.69%,,,,,,,,,ShowDailyK_ChartFlow,FinMind_API_TaiwanStockPrice_6561,True,2026-09-29T21:24:23,2026-09-29T21:24:23,2026-09-29T21:24:23
6561,是方,2026-06-11,338.0,-10.0,-2.87%,,,,,,,,,ShowDailyK_ChartFlow,FinMind_API_TaiwanStockPrice_6561,True,2026-09-29T21:24:23,2026-09-29T21:24:23,2026-09-29T21:24:23
6561,是方,2026-06-12,339.0,1.0,0.30%,,,,,,,,,ShowDailyK_ChartFlow,FinMind_API_TaiwanStockPrice_6561,True,2026-09-29T21:24:23,2026-09-29T21:24:23,2026-09-29T21:24:23
6561,是方,2026-06-15,342.5,3.5,1.03%,,,,,,,,,ShowDailyK_ChartFlow,FinMind_API_TaiwanStockPrice_6561,True,2026-09-29T21:24:23,2026-09-29T21:24:23,2026-09-29T21:24:23
6561,是方,2026-06-16,339.0,-3.5,-1.02%,,,,,,,,,ShowDailyK_ChartFlow,FinMind_API_TaiwanStockPrice_6561,True,2026-09-29T21:24:23,2026-09-29T21:24:23,2026-09-29T21:24:23
6561,是方,2026-06-17,339.0,0.0,0.00%,,,,,,,,,ShowDailyK_ChartFlow,FinMind_API_TaiwanStockPrice_6561,True,2026-09-29T21:24:23,2026-09-29T21:24:23,2026-09-29T21:24:23
6561,是方,2026-06-18,338.0,-1.0,-0.29%,,,,,,,,,ShowDailyK_ChartFlow,FinMind_API_TaiwanStockPrice_6561,True,2026-09-29T21:24:23,2026-09-29T21:24:23,2026-09-29T21:24:23
6561,是方,2026-06-22,342.0,4.0,1.18%,,,,,,,,,ShowDailyK_ChartFlow,FinMind_API_TaiwanStockPrice_6561,True,2026-09-29T21:24:23,2026-09-29T21:24:23,2026-09-29T21:24:23
6561,是方,2026-06-23,340.0,-2.0,-0.58%,,,,,,,,,ShowDailyK_ChartFlow,FinMind_API_TaiwanStockPrice_6561,True,2026-09-29T21:24:23,2026-09-29T21:24:23,2026-09-29T21:24:23
6561,是方,2026-06-24,336.0,-4.0,-1.18%,,,,,,,,,ShowDailyK_ChartFlow,FinMind_API_TaiwanStockPrice_6561,True,2026-09-29T21:24:23,2026-09-29T21:24:23,2026-09-29T21:24:23
6561,是方,2026-06-25,337.0,1.0,0.30%,,,,,,,,,ShowDailyK_ChartFlow,FinMind_API_TaiwanStockPrice_6561,True,2026-09-29T21:24:23,2026-09-29T21:24:23,2026-09-29T21:24:23
6561,是方,2026-06-26,333.0,-4.0,-1.19%,,,,,,,,,ShowDailyK_ChartFlow,FinMind_API_TaiwanStockPrice_6561,True,2026-09-29T21:24:23,2026-09-29T21:24:23,2026-09-29T21:24:23
6561,是方,2026-06-29,337.0,4.0,1.20%,,,,,,,,,ShowDailyK_ChartFlow,FinMind_API_TaiwanStockPrice_6561,True,2026-09-29T21:24:23,2026-09-29T21:24:23,2026-09-29T21:24:23
6561,是方,2026-06-30,332.0,-5.0,-1.48%,,,,,,,,,ShowDailyK_ChartFlow,FinMind_API_TaiwanStockPrice_6561,True,2026-09-29T21:24:23,2026-09-29T21:24:23,2026-09-29T21:24:23
6561,是方,2026-07-01,339.0,7.0,2.11%,,,,,,,,,ShowDailyK_ChartFlow,FinMind_API_TaiwanStockPrice_6561,True,2026-09-29T21:24:23,2026-09-29T21:24:23,2026-09-29T21:24:23
6561,是方,2026-07-02,336.5,-2.5,-0.74%,,,,,,,,,ShowDailyK_ChartFlow,FinMind_API_TaiwanStockPrice_6561,True,2026-09-29T21:24:23,2026-09-29T21:24:23,2026-09-29T21:24:23
6561,是方,2026-07-03,339.5,3.0,0.89%,,,,,,,,,ShowDailyK_ChartFlow,FinMind_API_TaiwanStockPrice_6561,True,2026-09-29T21:24:23,2026-09-29T21:24:23,2026-09-29T21:24:23
6561,是方,2026-07-06,338.0,-1.5,-0.44%,,,,,,,,,ShowDailyK_ChartFlow,FinMind_API_TaiwanStockPrice_6561,True,2026-09-29T21:24:23,2026-09-29T21:24:23,2026-09-29T21:24:23
6561,是方,2026-07-07,337.0,-1.0,-0.30%,,,,,,,,,ShowDailyK_ChartFlow,FinMind_API_TaiwanStockPrice_6561,True,2026-09-29T21:24:23,2026-09-29T21:24:23,2026-09-29T21:24:23
6561,是方,2026-07-08,331.5,-5.5,-1.63%,,,,,,,,,ShowDailyK_ChartFlow,FinMind_API_TaiwanStockPrice_6561,True,2026-09-29T21:24:23,2026-09-29T21:24:23,2026-09-29T21:24:23
6561,是方,2026-07-09,330.5,-1.0,-0.30%,,,,,,,,,ShowDailyK_ChartFlow,FinMind_API_TaiwanStockPrice_6561,True,2026-09-29T21:24:23,2026-09-29T21:24:23,2026-09-29T21:24:23
6561,是方,2026-07-13,326.5,-4.0,-1.21%,,,,,,,,,ShowDailyK_ChartFlow,FinMind_API_TaiwanStockPrice_6561,True,2026-09-29T21:24:23,2026-09-29T21:24:23,2026-09-29T21:24:23
6561,是方,2026-07-14,322.0,-4.5,-1.38%,,,,,,,,,ShowDailyK_ChartFlow,FinMind_API_TaiwanStockPrice_6561,True,2026-09-29T21:24:23,2026-09-29T21:24:23,2026-09-29T21:24:23
6561,是方,2026-07-15,325.0,3.0,0.93%,,,,,,,,,ShowDailyK_ChartFlow,FinMind_API_TaiwanStockPrice_6561,True,2026-09-29T21:24:23,2026-09-29T21:24:23,2026-09-29T21:24:23
6561,是方,2026-07-16,323.5,-1.5,-0.46%,,,,,,,,,ShowDailyK_ChartFlow,FinMind_API_TaiwanStockPrice_6561,True,2026-09-29T21:24:23,2026-09-29T21:24:23,2026-09-29T21:24:23
6561,是方,2026-07-17,318.0,-5.5,-1.70%,,,,,,,,,ShowDailyK_ChartFlow,FinMind_API_TaiwanStockPrice_6561,True,2026-09-29T21:24:23,2026-09-29T21:24:23,2026-09-29T21:24:23
6561,是方,2026-07-20,316.0,-2.0,-0.63%,,,,,,,,,ShowDailyK_ChartFlow,FinMind_API_TaiwanStockPrice_6561,True,2026-09-29T21:24:23,2026-09-29T21:24:23,2026-09-29T21:24:23
6561,是方,2026-07-21,325.0,9.0,2.85%,,,,,,,,,ShowDailyK_ChartFlow,FinMind_API_TaiwanStockPrice_6561,True,2026-09-29T21:24:23,2026-09-29T21:24:23,2026-09-29T21:24:23
6561,是方,2026-07-22,328.0,3.0,0.92%,,,,,,,,,ShowDailyK_ChartFlow,FinMind_API_TaiwanStockPrice_6561,True,2026-09-29T21:24:23,2026-09-29T21:24:23,2026-09-29T21:24:23
6561,是方,2026-07-23,328.0,0.0,0.00%,,,,,,,,,ShowDailyK_ChartFlow,FinMind_API_TaiwanStockPrice_6561,True,2026-09-29T21:24:23,2026-09-29T21:24:23,2026-09-29T21:24:23
6561,是方,2026-07-24,325.5,-2.5,-0.76%,,,,,,,,,ShowDailyK_ChartFlow,FinMind_API_TaiwanStockPrice_6561,True,2026-09-29T21:24:23,2026-09-29T21:24:23,2026-09-29T21:24:23
6561,是方,2026-07-27,322.0,-3.5,-1.08%,,,,,,,,,ShowDailyK_ChartFlow,FinMind_API_TaiwanStockPrice_6561,True,2026-09-29T21:24:23,2026-09-29T21:24:23,2026-09-29T21:24:23
6561,是方,2026-07-28,321.5,-0.5,-0.16%,,,,,,,,,ShowDailyK_ChartFlow,FinMind_API_TaiwanStockPrice_6561,True,2026-09-29T21:24:23,2026-09-29T21:24:23,2026-09-29T21:24:23
6561,是方,2026-07-29,324.0,2.5,0.78%,,,,,,,,,ShowDailyK_ChartFlow,FinMind_API_TaiwanStockPrice_6561,True,2026-09-29T21:24:23,2026-09-29T21:24:23,2026-09-29T21:24:23
6561,是方,2026-07-30,327.5,3.5,1.08%,,,,,,,,,ShowDailyK_ChartFlow,FinMind_API_TaiwanStockPrice_6561,True,2026-09-29T21:24:23,2026-09-29T21:24:23,2026-09-29T21:24:23
6561,是方,2026-07-31,330.5,3.0,0.92%,,,,,,,,,ShowDailyK_ChartFlow,FinMind_API_TaiwanStockPrice_6561,True,2026-09-29T21:24:23,2026-09-29T21:24:23,2026-09-29T21:24:23
6561,是方,2026-08-03,320.0,-10.5,-3.18%,,,,,,,,,ShowDailyK_ChartFlow,FinMind_API_TaiwanStockPrice_6561,True,2026-09-29T21:24:23,2026-09-29T21:24:23,2026-09-29T21:24:23
6561,是方,2026-08-04,320.0,0.0,0.00%,,,,,,,,,ShowDailyK_ChartFlow,FinMind_API_TaiwanStockPrice_6561,True,2026-09-29T21:24:23,2026-09-29T21:24:23,2026-09-29T21:24:23
6561,是方,2026-08-05,325.5,5.5,1.72%,,,,,,,,,ShowDailyK_ChartFlow,FinMind_API_TaiwanStockPrice_6561,True,2026-09-29T21:24:23,2026-09-29T21:24:23,2026-09-29T21:24:23
6561,是方,2026-08-06,327.5,2.0,0.61%,,,,,,,,,ShowDailyK_ChartFlow,FinMind_API_TaiwanStockPrice_6561,True,2026-09-29T21:24:23,2026-09-29T21:24:23,2026-09-29T21:24:23
6561,是方,2026-08-07,328.5,1.0,0.31%,,,,,,,,,ShowDailyK_ChartFlow,FinMind_API_TaiwanStockPrice_6561,True,2026-09-29T21:24:23,2026-09-29T21:24:23,2026-09-29T21:24:23
6561,是方,2026-08-10,327.5,-1.0,-0.30%,,,,,,,,,ShowDailyK_ChartFlow,FinMind_API_TaiwanStockPrice_6561,True,2026-09-29T21:24:23,2026-09-29T21:24:23,2026-09-29T21:24:23
6561,是方,2026-08-11,324.5,-3.0,-0.92%,,,,,,,,,ShowDailyK_ChartFlow,FinMind_API_TaiwanStockPrice_6561,True,2026-09-29T21:24:23,2026-09-29T21:24:23,2026-09-29T21:24:23
6561,是方,2026-08-12,329.0,4.5,1.39%,,,,,,,,,ShowDailyK_ChartFlow,FinMind_API_TaiwanStockPrice_6561,True,2026-09-29T21:24:23,2026-09-29T21:24:23,2026-09-29T21:24:23
6561,是方,2026-08-13,325.5,-3.5,-1.06%,,,,,,,,,ShowDailyK_ChartFlow,FinMind_API_TaiwanStockPrice_6561,True,2026-09-29T21:24:23,2026-09-29T21:24:23,2026-09-29T21:24:23
6561,是方,2026-08-14,320.0,-5.5,-1.69%,,,,,,,,,ShowDailyK_ChartFlow,FinMind_API_TaiwanStockPrice_6561,True,2026-09-29T21:24:23,2026-09-29T21:24:23,2026-09-29T21:24:23
6561,是方,2026-08-17,321.5,1.5,0.47%,,,,,,,,,ShowDailyK_ChartFlow,FinMind_API_TaiwanStockPrice_6561,True,2026-09-29T21:24:23,2026-09-29T21:24:23,2026-09-29T21:24:23
6561,是方,2026-08-18,318.5,-3.0,-0.93%,,,,,,,,,ShowDailyK_ChartFlow,FinMind_API_TaiwanStockPrice_6561,True,2026-09-29T21:24:23,2026-09-29T21:24:23,2026-09-29T21:24:23
6561,是方,2026-08-19,320.0,1.5,0.47%,,,,,,,,,ShowDailyK_ChartFlow,FinMind_API_TaiwanStockPrice_6561,True,2026-09-29T21:24:23,2026-09-29T21:24:23,2026-09-29T21:24:23
6561,是方,2026-08-20,323.0,3.0,0.94%,,,,,,,,,ShowDailyK_ChartFlow,FinMind_API_TaiwanStockPrice_6561,True,2026-09-29T21:24:23,2026-09-29T21:24:23,2026-09-29T21:24:23
6561,是方,2026-08-21,324.5,1.5,0.46%,,,,,,,,,ShowDailyK_ChartFlow,FinMind_API_TaiwanStockPrice_6561,True,2026-09-29T21:24:23,2026-09-29T21:24:23,2026-09-29T21:24:23
6561,是方,2026-08-24,321.0,-3.5,-1.08%,,,,,,,,,ShowDailyK_ChartFlow,FinMind_API_TaiwanStockPrice_6561,True,2026-09-29T21:24:23,2026-09-29T21:24:23,2026-09-29T21:24:23
6561,是方,2026-08-25,322.0,1.0,0.31%,,,,,,,,,ShowDailyK_ChartFlow,FinMind_API_TaiwanStockPrice_6561,True,2026-09-29T21:24:23,2026-09-29T21:24:23,2026-09-29T21:24:23
6561,是方,2026-08-26,320.0,-2.0,-0.62%,,,,,,,,,ShowDailyK_ChartFlow,FinMind_API_TaiwanStockPrice_6561,True,2026-09-29T21:24:23,2026-09-29T21:24:23,2026-09-29T21:24:23
6561,是方,2026-08-27,322.0,2.0,0.62%,,,,,,,,,ShowDailyK_ChartFlow,FinMind_API_TaiwanStockPrice_6561,True,2026-09-29T21:24:23,2026-09-29T21:24:23,2026-09-29T21:24:23
6561,是方,2026-08-28,322.5,0.5,0.16%,,,,,,,,,ShowDailyK_ChartFlow,FinMind_API_TaiwanStockPrice_6561,True,2026-09-29T21:24:23,2026-09-29T21:24:23,2026-09-29T21:24:23
6561,是方,2026-08-31,321.0,-1.5,-0.47%,,,,,,,,,ShowDailyK_ChartFlow,FinMind_API_TaiwanStockPrice_6561,True,2026-09-29T21:24:23,2026-09-29T21:24:23,2026-09-29T21:24:23
6561,是方,2026-09-01,322.5,1.5,0.47%,,,,,,,,,ShowDailyK_ChartFlow,FinMind_API_TaiwanStockPrice_6561,True,2026-09-29T21:24:23,2026-09-29T21:24:23,2026-09-29T21:24:23
6561,是方,2026-09-02,325.0,2.5,0.78%,,,,,,,,,ShowDailyK_ChartFlow,FinMind_API_TaiwanStockPrice_6561,True,2026-09-29T21:24:23,2026-09-29T21:24:23,2026-09-29T21:24:23
6561,是方,2026-09-03,322.5,-2.5,-0.77%,,,,,,,,,ShowDailyK_ChartFlow,FinMind_API_TaiwanStockPrice_6561,True,2026-09-29T21:24:23,2026-09-29T21:24:23,2026-09-29T21:24:23
6561,是方,2026-09-04,322.0,-0.5,-0.16%,,,,,,,,,ShowDailyK_ChartFlow,FinMind_API_TaiwanStockPrice_6561,True,2026-09-29T21:24:23,2026-09-29T21:24:23,2026-09-29T21:24:23
6561,是方,2026-09-07,322.0,0.0,0.00%,,,,,,,,,ShowDailyK_ChartFlow,FinMind_API_TaiwanStockPrice_6561,True,2026-09-29T21:24:23,2026-09-29T21:24:23,2026-09-29T21:24:23
6561,是方,2026-09-08,320.0,-2.0,-0.62%,,,,,,,,,ShowDailyK_ChartFlow,FinMind_API_TaiwanStockPrice_6561,True,2026-09-29T21:24:23,2026-09-29T21:24:23,2026-09-29T21:24:23
6561,是方,2026-09-09,317.5,-2.5,-0.78%,,,,,,,,,ShowDailyK_ChartFlow,FinMind_API_TaiwanStockPrice_6561,True,2026-09-29T21:24:23,2026-09-29T21:24:23,2026-09-29T21:24:23
6561,是方,2026-09-10,317.5,0.0,0.00%,,,,,,,,,ShowDailyK_ChartFlow,FinMind_API_TaiwanStockPrice_6561,True,2026-09-29T21:24:23,2026-09-29T21:24:23,2026-09-29T21:24:23
6561,是方,2026-09-11,315.0,-2.5,-0.79%,,,,,,,,,ShowDailyK_ChartFlow,FinMind_API_TaiwanStockPrice_6561,True,2026-09-29T21:24:23,2026-09-29T21:24:23,2026-09-29T21:24:23
6561,是方,2026-09-14,313.5,-1.5,-0.48%,,,,,,,,,ShowDailyK_ChartFlow,FinMind_API_TaiwanStockPrice_6561,True,2026-09-29T21:24:23,2026-09-29T21:24:23,2026-09-29T21:24:23
6561,是方,2026-09-15,308.0,-5.5,-1.75%,,,,,,,,,ShowDailyK_ChartFlow,FinMind_API_TaiwanStockPrice_6561,True,2026-09-29T21:24:23,2026-09-29T21:24:23,2026-09-29T21:24:23
6561,是方,2026-09-16,313.0,5.0,1.62%,,,,,,,,,ShowDailyK_ChartFlow,FinMind_API_TaiwanStockPrice_6561,True,2026-09-29T21:24:23,2026-09-29T21:24:23,2026-09-29T21:24:23
6561,是方,2026-09-17,316.5,3.5,1.12%,,,,,,,,,ShowDailyK_ChartFlow,FinMind_API_TaiwanStockPrice_6561,True,2026-09-29T21:24:23,2026-09-29T21:24:23,2026-09-29T21:24:23
6561,是方,2026-09-18,317.0,0.5,0.16%,,,,,,,,,ShowDailyK_ChartFlow,FinMind_API_TaiwanStockPrice_6561,True,2026-09-29T21:24:23,2026-09-29T21:24:23,2026-09-29T21:24:23
6561,是方,2026-09-21,315.5,-1.5,-0.47%,,,,,,,,,ShowDailyK_ChartFlow,FinMind_API_TaiwanStockPrice_6561,True,2026-09-29T21:24:23,2026-09-29T21:24:23,2026-09-29T21:24:23
6561,是方,2026-09-22,312.5,-3.0,-0.95%,,,,,,,,,ShowDailyK_ChartFlow,FinMind_API_TaiwanStockPrice_6561,True,2026-09-29T21:24:23,2026-09-29T21:24:23,2026-09-29T21:24:23
6561,是方,2026-09-23,310.0,-2.5,-0.80%,,,,,,,,,ShowDailyK_ChartFlow,FinMind_API_TaiwanStockPrice_6561,True,2026-09-29T21:24:23,2026-09-29T21:24:23,2026-09-29T21:24:23
6561,是方,2026-09-24,308.0,-2.0,-0.65%,,,,,,,,,ShowDailyK_ChartFlow,FinMind_API_TaiwanStockPrice_6561,True,2026-09-29T21:24:23,2026-09-29T21:24:23,2026-09-29T21:24:23
6561,是方,2026-09-29,308.5,0.5,0.16%,,,,,,,,,ShowDailyK_ChartFlow,FinMind_API_TaiwanStockPrice_6561,True,2026-09-29T21:24:23,2026-09-29T21:24:23,2026-09-29T21:24:23
