stock_code,company_name,交易_日期,收盤價_元,漲跌價_元,漲跌幅_pct,河流圖_eps_元,目前_per_倍,本益比試算價格_15x_元,本益比試算價格_18x_元,本益比試算價格_21x_元,本益比試算價格_24x_元,本益比試算價格_27x_元,本益比試算價格_30x_元,file_type,source_file,download_success,download_timestamp,process_timestamp,stage1_process_timestamp
2395,研華,2021-01-04,349.0,,,,37.21,,,,,,,ShowDailyK_ChartFlow,FinMind_API_TaiwanStockPrice_2395,True,2026-09-29T21:21:36,2026-09-29T21:21:36,2026-09-29T21:21:36
2395,研華,2021-01-05,343.5,-5.5,-1.58%,,36.62,,,,,,,ShowDailyK_ChartFlow,FinMind_API_TaiwanStockPrice_2395,True,2026-09-29T21:21:36,2026-09-29T21:21:36,2026-09-29T21:21:36
2395,研華,2021-01-06,339.0,-4.5,-1.31%,,36.14,,,,,,,ShowDailyK_ChartFlow,FinMind_API_TaiwanStockPrice_2395,True,2026-09-29T21:21:36,2026-09-29T21:21:36,2026-09-29T21:21:36
2395,研華,2021-01-07,344.5,5.5,1.62%,,36.73,,,,,,,ShowDailyK_ChartFlow,FinMind_API_TaiwanStockPrice_2395,True,2026-09-29T21:21:36,2026-09-29T21:21:36,2026-09-29T21:21:36
2395,研華,2021-01-08,340.0,-4.5,-1.31%,,36.25,,,,,,,ShowDailyK_ChartFlow,FinMind_API_TaiwanStockPrice_2395,True,2026-09-29T21:21:36,2026-09-29T21:21:36,2026-09-29T21:21:36
2395,研華,2021-01-11,352.5,12.5,3.68%,,37.58,,,,,,,ShowDailyK_ChartFlow,FinMind_API_TaiwanStockPrice_2395,True,2026-09-29T21:21:36,2026-09-29T21:21:36,2026-09-29T21:21:36
2395,研華,2021-01-12,363.5,11.0,3.12%,,38.75,,,,,,,ShowDailyK_ChartFlow,FinMind_API_TaiwanStockPrice_2395,True,2026-09-29T21:21:36,2026-09-29T21:21:36,2026-09-29T21:21:36
2395,研華,2021-01-13,368.5,5.0,1.38%,,39.29,,,,,,,ShowDailyK_ChartFlow,FinMind_API_TaiwanStockPrice_2395,True,2026-09-29T21:21:36,2026-09-29T21:21:36,2026-09-29T21:21:36
2395,研華,2021-01-14,367.0,-1.5,-0.41%,,39.13,,,,,,,ShowDailyK_ChartFlow,FinMind_API_TaiwanStockPrice_2395,True,2026-09-29T21:21:36,2026-09-29T21:21:36,2026-09-29T21:21:36
2395,研華,2021-01-15,361.5,-5.5,-1.50%,,38.54,,,,,,,ShowDailyK_ChartFlow,FinMind_API_TaiwanStockPrice_2395,True,2026-09-29T21:21:36,2026-09-29T21:21:36,2026-09-29T21:21:36
2395,研華,2021-01-18,369.5,8.0,2.21%,,39.39,,,,,,,ShowDailyK_ChartFlow,FinMind_API_TaiwanStockPrice_2395,True,2026-09-29T21:21:36,2026-09-29T21:21:36,2026-09-29T21:21:36
2395,研華,2021-01-19,393.0,23.5,6.36%,,41.9,,,,,,,ShowDailyK_ChartFlow,FinMind_API_TaiwanStockPrice_2395,True,2026-09-29T21:21:36,2026-09-29T21:21:36,2026-09-29T21:21:36
2395,研華,2021-01-20,374.0,-19.0,-4.83%,,39.87,,,,,,,ShowDailyK_ChartFlow,FinMind_API_TaiwanStockPrice_2395,True,2026-09-29T21:21:36,2026-09-29T21:21:36,2026-09-29T21:21:36
2395,研華,2021-01-21,370.0,-4.0,-1.07%,,39.45,,,,,,,ShowDailyK_ChartFlow,FinMind_API_TaiwanStockPrice_2395,True,2026-09-29T21:21:36,2026-09-29T21:21:36,2026-09-29T21:21:36
2395,研華,2021-01-22,346.0,-24.0,-6.49%,,36.89,,,,,,,ShowDailyK_ChartFlow,FinMind_API_TaiwanStockPrice_2395,True,2026-09-29T21:21:36,2026-09-29T21:21:36,2026-09-29T21:21:36
2395,研華,2021-01-25,350.0,4.0,1.16%,,37.31,,,,,,,ShowDailyK_ChartFlow,FinMind_API_TaiwanStockPrice_2395,True,2026-09-29T21:21:36,2026-09-29T21:21:36,2026-09-29T21:21:36
2395,研華,2021-01-26,348.5,-1.5,-0.43%,,37.15,,,,,,,ShowDailyK_ChartFlow,FinMind_API_TaiwanStockPrice_2395,True,2026-09-29T21:21:36,2026-09-29T21:21:36,2026-09-29T21:21:36
2395,研華,2021-01-27,354.5,6.0,1.72%,,37.79,,,,,,,ShowDailyK_ChartFlow,FinMind_API_TaiwanStockPrice_2395,True,2026-09-29T21:21:36,2026-09-29T21:21:36,2026-09-29T21:21:36
2395,研華,2021-01-28,350.5,-4.0,-1.13%,,37.37,,,,,,,ShowDailyK_ChartFlow,FinMind_API_TaiwanStockPrice_2395,True,2026-09-29T21:21:36,2026-09-29T21:21:36,2026-09-29T21:21:36
2395,研華,2021-01-29,346.0,-4.5,-1.28%,,36.89,,,,,,,ShowDailyK_ChartFlow,FinMind_API_TaiwanStockPrice_2395,True,2026-09-29T21:21:36,2026-09-29T21:21:36,2026-09-29T21:21:36
2395,研華,2021-02-01,346.0,0.0,0.00%,,36.89,,,,,,,ShowDailyK_ChartFlow,FinMind_API_TaiwanStockPrice_2395,True,2026-09-29T21:21:36,2026-09-29T21:21:36,2026-09-29T21:21:36
2395,研華,2021-02-02,352.0,6.0,1.73%,,37.53,,,,,,,ShowDailyK_ChartFlow,FinMind_API_TaiwanStockPrice_2395,True,2026-09-29T21:21:36,2026-09-29T21:21:36,2026-09-29T21:21:36
2395,研華,2021-02-03,354.0,2.0,0.57%,,37.74,,,,,,,ShowDailyK_ChartFlow,FinMind_API_TaiwanStockPrice_2395,True,2026-09-29T21:21:36,2026-09-29T21:21:36,2026-09-29T21:21:36
2395,研華,2021-02-04,354.5,0.5,0.14%,,37.79,,,,,,,ShowDailyK_ChartFlow,FinMind_API_TaiwanStockPrice_2395,True,2026-09-29T21:21:36,2026-09-29T21:21:36,2026-09-29T21:21:36
2395,研華,2021-02-05,349.5,-5.0,-1.41%,,37.26,,,,,,,ShowDailyK_ChartFlow,FinMind_API_TaiwanStockPrice_2395,True,2026-09-29T21:21:36,2026-09-29T21:21:36,2026-09-29T21:21:36
2395,研華,2021-02-17,371.0,21.5,6.15%,,39.55,,,,,,,ShowDailyK_ChartFlow,FinMind_API_TaiwanStockPrice_2395,True,2026-09-29T21:21:36,2026-09-29T21:21:36,2026-09-29T21:21:36
2395,研華,2021-02-18,370.0,-1.0,-0.27%,,39.45,,,,,,,ShowDailyK_ChartFlow,FinMind_API_TaiwanStockPrice_2395,True,2026-09-29T21:21:36,2026-09-29T21:21:36,2026-09-29T21:21:36
2395,研華,2021-02-19,368.5,-1.5,-0.41%,,39.29,,,,,,,ShowDailyK_ChartFlow,FinMind_API_TaiwanStockPrice_2395,True,2026-09-29T21:21:36,2026-09-29T21:21:36,2026-09-29T21:21:36
2395,研華,2021-02-22,370.0,1.5,0.41%,,39.45,,,,,,,ShowDailyK_ChartFlow,FinMind_API_TaiwanStockPrice_2395,True,2026-09-29T21:21:36,2026-09-29T21:21:36,2026-09-29T21:21:36
2395,研華,2021-02-23,372.0,2.0,0.54%,,39.66,,,,,,,ShowDailyK_ChartFlow,FinMind_API_TaiwanStockPrice_2395,True,2026-09-29T21:21:36,2026-09-29T21:21:36,2026-09-29T21:21:36
2395,研華,2021-02-24,368.5,-3.5,-0.94%,,39.29,,,,,,,ShowDailyK_ChartFlow,FinMind_API_TaiwanStockPrice_2395,True,2026-09-29T21:21:36,2026-09-29T21:21:36,2026-09-29T21:21:36
2395,研華,2021-02-25,373.5,5.0,1.36%,,39.82,,,,,,,ShowDailyK_ChartFlow,FinMind_API_TaiwanStockPrice_2395,True,2026-09-29T21:21:36,2026-09-29T21:21:36,2026-09-29T21:21:36
2395,研華,2021-02-26,362.5,-11.0,-2.95%,,38.65,,,,,,,ShowDailyK_ChartFlow,FinMind_API_TaiwanStockPrice_2395,True,2026-09-29T21:21:36,2026-09-29T21:21:36,2026-09-29T21:21:36
2395,研華,2021-03-02,367.0,4.5,1.24%,,39.13,,,,,,,ShowDailyK_ChartFlow,FinMind_API_TaiwanStockPrice_2395,True,2026-09-29T21:21:36,2026-09-29T21:21:36,2026-09-29T21:21:36
2395,研華,2021-03-03,376.5,9.5,2.59%,,40.14,,,,,,,ShowDailyK_ChartFlow,FinMind_API_TaiwanStockPrice_2395,True,2026-09-29T21:21:36,2026-09-29T21:21:36,2026-09-29T21:21:36
2395,研華,2021-03-04,367.0,-9.5,-2.52%,,39.13,,,,,,,ShowDailyK_ChartFlow,FinMind_API_TaiwanStockPrice_2395,True,2026-09-29T21:21:36,2026-09-29T21:21:36,2026-09-29T21:21:36
2395,研華,2021-03-05,365.5,-1.5,-0.41%,,38.92,,,,,,,ShowDailyK_ChartFlow,FinMind_API_TaiwanStockPrice_2395,True,2026-09-29T21:21:36,2026-09-29T21:21:36,2026-09-29T21:21:36
2395,研華,2021-03-08,362.5,-3.0,-0.82%,,38.6,,,,,,,ShowDailyK_ChartFlow,FinMind_API_TaiwanStockPrice_2395,True,2026-09-29T21:21:36,2026-09-29T21:21:36,2026-09-29T21:21:36
2395,研華,2021-03-09,369.0,6.5,1.79%,,39.3,,,,,,,ShowDailyK_ChartFlow,FinMind_API_TaiwanStockPrice_2395,True,2026-09-29T21:21:36,2026-09-29T21:21:36,2026-09-29T21:21:36
2395,研華,2021-03-10,366.0,-3.0,-0.81%,,38.98,,,,,,,ShowDailyK_ChartFlow,FinMind_API_TaiwanStockPrice_2395,True,2026-09-29T21:21:36,2026-09-29T21:21:36,2026-09-29T21:21:36
2395,研華,2021-03-11,354.0,-12.0,-3.28%,,37.7,,,,,,,ShowDailyK_ChartFlow,FinMind_API_TaiwanStockPrice_2395,True,2026-09-29T21:21:36,2026-09-29T21:21:36,2026-09-29T21:21:36
2395,研華,2021-03-12,350.5,-3.5,-0.99%,,37.33,,,,,,,ShowDailyK_ChartFlow,FinMind_API_TaiwanStockPrice_2395,True,2026-09-29T21:21:36,2026-09-29T21:21:36,2026-09-29T21:21:36
2395,研華,2021-03-15,354.0,3.5,1.00%,,37.7,,,,,,,ShowDailyK_ChartFlow,FinMind_API_TaiwanStockPrice_2395,True,2026-09-29T21:21:36,2026-09-29T21:21:36,2026-09-29T21:21:36
2395,研華,2021-03-16,356.5,2.5,0.71%,,37.97,,,,,,,ShowDailyK_ChartFlow,FinMind_API_TaiwanStockPrice_2395,True,2026-09-29T21:21:36,2026-09-29T21:21:36,2026-09-29T21:21:36
2395,研華,2021-03-17,354.0,-2.5,-0.70%,,37.7,,,,,,,ShowDailyK_ChartFlow,FinMind_API_TaiwanStockPrice_2395,True,2026-09-29T21:21:36,2026-09-29T21:21:36,2026-09-29T21:21:36
2395,研華,2021-03-18,357.5,3.5,0.99%,,38.07,,,,,,,ShowDailyK_ChartFlow,FinMind_API_TaiwanStockPrice_2395,True,2026-09-29T21:21:36,2026-09-29T21:21:36,2026-09-29T21:21:36
2395,研華,2021-03-19,352.5,-5.0,-1.40%,,37.54,,,,,,,ShowDailyK_ChartFlow,FinMind_API_TaiwanStockPrice_2395,True,2026-09-29T21:21:36,2026-09-29T21:21:36,2026-09-29T21:21:36
2395,研華,2021-03-22,354.0,1.5,0.43%,,37.7,,,,,,,ShowDailyK_ChartFlow,FinMind_API_TaiwanStockPrice_2395,True,2026-09-29T21:21:36,2026-09-29T21:21:36,2026-09-29T21:21:36
2395,研華,2021-03-23,352.0,-2.0,-0.56%,,37.49,,,,,,,ShowDailyK_ChartFlow,FinMind_API_TaiwanStockPrice_2395,True,2026-09-29T21:21:36,2026-09-29T21:21:36,2026-09-29T21:21:36
2395,研華,2021-03-24,353.0,1.0,0.28%,,37.59,,,,,,,ShowDailyK_ChartFlow,FinMind_API_TaiwanStockPrice_2395,True,2026-09-29T21:21:36,2026-09-29T21:21:36,2026-09-29T21:21:36
2395,研華,2021-03-25,354.5,1.5,0.42%,,37.75,,,,,,,ShowDailyK_ChartFlow,FinMind_API_TaiwanStockPrice_2395,True,2026-09-29T21:21:36,2026-09-29T21:21:36,2026-09-29T21:21:36
2395,研華,2021-03-26,354.5,0.0,0.00%,,37.75,,,,,,,ShowDailyK_ChartFlow,FinMind_API_TaiwanStockPrice_2395,True,2026-09-29T21:21:36,2026-09-29T21:21:36,2026-09-29T21:21:36
2395,研華,2021-03-29,356.5,2.0,0.56%,,37.97,,,,,,,ShowDailyK_ChartFlow,FinMind_API_TaiwanStockPrice_2395,True,2026-09-29T21:21:36,2026-09-29T21:21:36,2026-09-29T21:21:36
2395,研華,2021-03-30,359.5,3.0,0.84%,,38.29,,,,,,,ShowDailyK_ChartFlow,FinMind_API_TaiwanStockPrice_2395,True,2026-09-29T21:21:36,2026-09-29T21:21:36,2026-09-29T21:21:36
2395,研華,2021-03-31,354.0,-5.5,-1.53%,,37.7,,,,,,,ShowDailyK_ChartFlow,FinMind_API_TaiwanStockPrice_2395,True,2026-09-29T21:21:36,2026-09-29T21:21:36,2026-09-29T21:21:36
2395,研華,2021-04-01,353.5,-0.5,-0.14%,,37.65,,,,,,,ShowDailyK_ChartFlow,FinMind_API_TaiwanStockPrice_2395,True,2026-09-29T21:21:36,2026-09-29T21:21:36,2026-09-29T21:21:36
2395,研華,2021-04-06,362.5,9.0,2.55%,,38.6,,,,,,,ShowDailyK_ChartFlow,FinMind_API_TaiwanStockPrice_2395,True,2026-09-29T21:21:36,2026-09-29T21:21:36,2026-09-29T21:21:36
2395,研華,2021-04-07,356.0,-6.5,-1.79%,,37.91,,,,,,,ShowDailyK_ChartFlow,FinMind_API_TaiwanStockPrice_2395,True,2026-09-29T21:21:36,2026-09-29T21:21:36,2026-09-29T21:21:36
2395,研華,2021-04-08,355.5,-0.5,-0.14%,,37.86,,,,,,,ShowDailyK_ChartFlow,FinMind_API_TaiwanStockPrice_2395,True,2026-09-29T21:21:36,2026-09-29T21:21:36,2026-09-29T21:21:36
2395,研華,2021-04-09,361.0,5.5,1.55%,,38.45,,,,,,,ShowDailyK_ChartFlow,FinMind_API_TaiwanStockPrice_2395,True,2026-09-29T21:21:36,2026-09-29T21:21:36,2026-09-29T21:21:36
2395,研華,2021-04-12,354.5,-6.5,-1.80%,,37.75,,,,,,,ShowDailyK_ChartFlow,FinMind_API_TaiwanStockPrice_2395,True,2026-09-29T21:21:36,2026-09-29T21:21:36,2026-09-29T21:21:36
2395,研華,2021-04-13,353.5,-1.0,-0.28%,,37.65,,,,,,,ShowDailyK_ChartFlow,FinMind_API_TaiwanStockPrice_2395,True,2026-09-29T21:21:36,2026-09-29T21:21:36,2026-09-29T21:21:36
2395,研華,2021-04-14,353.0,-0.5,-0.14%,,37.59,,,,,,,ShowDailyK_ChartFlow,FinMind_API_TaiwanStockPrice_2395,True,2026-09-29T21:21:36,2026-09-29T21:21:36,2026-09-29T21:21:36
2395,研華,2021-04-15,353.5,0.5,0.14%,,37.65,,,,,,,ShowDailyK_ChartFlow,FinMind_API_TaiwanStockPrice_2395,True,2026-09-29T21:21:36,2026-09-29T21:21:36,2026-09-29T21:21:36
2395,研華,2021-04-16,355.0,1.5,0.42%,,37.81,,,,,,,ShowDailyK_ChartFlow,FinMind_API_TaiwanStockPrice_2395,True,2026-09-29T21:21:36,2026-09-29T21:21:36,2026-09-29T21:21:36
2395,研華,2021-04-19,357.5,2.5,0.70%,,38.07,,,,,,,ShowDailyK_ChartFlow,FinMind_API_TaiwanStockPrice_2395,True,2026-09-29T21:21:36,2026-09-29T21:21:36,2026-09-29T21:21:36
2395,研華,2021-04-20,360.0,2.5,0.70%,,38.34,,,,,,,ShowDailyK_ChartFlow,FinMind_API_TaiwanStockPrice_2395,True,2026-09-29T21:21:36,2026-09-29T21:21:36,2026-09-29T21:21:36
2395,研華,2021-04-21,352.5,-7.5,-2.08%,,37.54,,,,,,,ShowDailyK_ChartFlow,FinMind_API_TaiwanStockPrice_2395,True,2026-09-29T21:21:36,2026-09-29T21:21:36,2026-09-29T21:21:36
2395,研華,2021-04-22,351.0,-1.5,-0.43%,,37.38,,,,,,,ShowDailyK_ChartFlow,FinMind_API_TaiwanStockPrice_2395,True,2026-09-29T21:21:36,2026-09-29T21:21:36,2026-09-29T21:21:36
2395,研華,2021-04-23,351.0,0.0,0.00%,,37.38,,,,,,,ShowDailyK_ChartFlow,FinMind_API_TaiwanStockPrice_2395,True,2026-09-29T21:21:36,2026-09-29T21:21:36,2026-09-29T21:21:36
2395,研華,2021-04-26,352.0,1.0,0.28%,,37.49,,,,,,,ShowDailyK_ChartFlow,FinMind_API_TaiwanStockPrice_2395,True,2026-09-29T21:21:36,2026-09-29T21:21:36,2026-09-29T21:21:36
2395,研華,2021-04-27,354.0,2.0,0.57%,,37.7,,,,,,,ShowDailyK_ChartFlow,FinMind_API_TaiwanStockPrice_2395,True,2026-09-29T21:21:36,2026-09-29T21:21:36,2026-09-29T21:21:36
2395,研華,2021-04-28,354.0,0.0,0.00%,,37.7,,,,,,,ShowDailyK_ChartFlow,FinMind_API_TaiwanStockPrice_2395,True,2026-09-29T21:21:36,2026-09-29T21:21:36,2026-09-29T21:21:36
2395,研華,2021-04-29,356.0,2.0,0.56%,,34.97,,,,,,,ShowDailyK_ChartFlow,FinMind_API_TaiwanStockPrice_2395,True,2026-09-29T21:21:36,2026-09-29T21:21:36,2026-09-29T21:21:36
2395,研華,2021-05-03,358.5,2.5,0.70%,,35.22,,,,,,,ShowDailyK_ChartFlow,FinMind_API_TaiwanStockPrice_2395,True,2026-09-29T21:21:36,2026-09-29T21:21:36,2026-09-29T21:21:36
2395,研華,2021-05-04,348.0,-10.5,-2.93%,,34.18,,,,,,,ShowDailyK_ChartFlow,FinMind_API_TaiwanStockPrice_2395,True,2026-09-29T21:21:36,2026-09-29T21:21:36,2026-09-29T21:21:36
2395,研華,2021-05-05,343.0,-5.0,-1.44%,,33.69,,,,,,,ShowDailyK_ChartFlow,FinMind_API_TaiwanStockPrice_2395,True,2026-09-29T21:21:36,2026-09-29T21:21:36,2026-09-29T21:21:36
2395,研華,2021-05-06,344.0,1.0,0.29%,,33.79,,,,,,,ShowDailyK_ChartFlow,FinMind_API_TaiwanStockPrice_2395,True,2026-09-29T21:21:36,2026-09-29T21:21:36,2026-09-29T21:21:36
2395,研華,2021-05-07,348.0,4.0,1.16%,,34.18,,,,,,,ShowDailyK_ChartFlow,FinMind_API_TaiwanStockPrice_2395,True,2026-09-29T21:21:36,2026-09-29T21:21:36,2026-09-29T21:21:36
2395,研華,2021-05-10,346.5,-1.5,-0.43%,,34.04,,,,,,,ShowDailyK_ChartFlow,FinMind_API_TaiwanStockPrice_2395,True,2026-09-29T21:21:36,2026-09-29T21:21:36,2026-09-29T21:21:36
2395,研華,2021-05-11,326.5,-20.0,-5.77%,,32.07,,,,,,,ShowDailyK_ChartFlow,FinMind_API_TaiwanStockPrice_2395,True,2026-09-29T21:21:36,2026-09-29T21:21:36,2026-09-29T21:21:36
2395,研華,2021-05-12,318.5,-8.0,-2.45%,,31.29,,,,,,,ShowDailyK_ChartFlow,FinMind_API_TaiwanStockPrice_2395,True,2026-09-29T21:21:36,2026-09-29T21:21:36,2026-09-29T21:21:36
2395,研華,2021-05-13,312.0,-6.5,-2.04%,,30.65,,,,,,,ShowDailyK_ChartFlow,FinMind_API_TaiwanStockPrice_2395,True,2026-09-29T21:21:36,2026-09-29T21:21:36,2026-09-29T21:21:36
2395,研華,2021-05-14,324.5,12.5,4.01%,,31.88,,,,,,,ShowDailyK_ChartFlow,FinMind_API_TaiwanStockPrice_2395,True,2026-09-29T21:21:36,2026-09-29T21:21:36,2026-09-29T21:21:36
2395,研華,2021-05-17,322.5,-2.0,-0.62%,,31.68,,,,,,,ShowDailyK_ChartFlow,FinMind_API_TaiwanStockPrice_2395,True,2026-09-29T21:21:36,2026-09-29T21:21:36,2026-09-29T21:21:36
2395,研華,2021-05-18,327.5,5.0,1.55%,,32.17,,,,,,,ShowDailyK_ChartFlow,FinMind_API_TaiwanStockPrice_2395,True,2026-09-29T21:21:36,2026-09-29T21:21:36,2026-09-29T21:21:36
2395,研華,2021-05-19,322.5,-5.0,-1.53%,,31.68,,,,,,,ShowDailyK_ChartFlow,FinMind_API_TaiwanStockPrice_2395,True,2026-09-29T21:21:36,2026-09-29T21:21:36,2026-09-29T21:21:36
2395,研華,2021-05-20,322.5,0.0,0.00%,,31.68,,,,,,,ShowDailyK_ChartFlow,FinMind_API_TaiwanStockPrice_2395,True,2026-09-29T21:21:36,2026-09-29T21:21:36,2026-09-29T21:21:36
2395,研華,2021-05-21,319.0,-3.5,-1.09%,,31.34,,,,,,,ShowDailyK_ChartFlow,FinMind_API_TaiwanStockPrice_2395,True,2026-09-29T21:21:36,2026-09-29T21:21:36,2026-09-29T21:21:36
2395,研華,2021-05-24,320.0,1.0,0.31%,,31.43,,,,,,,ShowDailyK_ChartFlow,FinMind_API_TaiwanStockPrice_2395,True,2026-09-29T21:21:36,2026-09-29T21:21:36,2026-09-29T21:21:36
2395,研華,2021-05-25,323.0,3.0,0.94%,,31.73,,,,,,,ShowDailyK_ChartFlow,FinMind_API_TaiwanStockPrice_2395,True,2026-09-29T21:21:36,2026-09-29T21:21:36,2026-09-29T21:21:36
2395,研華,2021-05-26,325.5,2.5,0.77%,,31.97,,,,,,,ShowDailyK_ChartFlow,FinMind_API_TaiwanStockPrice_2395,True,2026-09-29T21:21:36,2026-09-29T21:21:36,2026-09-29T21:21:36
2395,研華,2021-05-27,325.0,-0.5,-0.15%,,31.93,,,,,,,ShowDailyK_ChartFlow,FinMind_API_TaiwanStockPrice_2395,True,2026-09-29T21:21:36,2026-09-29T21:21:36,2026-09-29T21:21:36
2395,研華,2021-05-28,326.5,1.5,0.46%,,32.07,,,,,,,ShowDailyK_ChartFlow,FinMind_API_TaiwanStockPrice_2395,True,2026-09-29T21:21:36,2026-09-29T21:21:36,2026-09-29T21:21:36
2395,研華,2021-05-31,329.5,3.0,0.92%,,32.37,,,,,,,ShowDailyK_ChartFlow,FinMind_API_TaiwanStockPrice_2395,True,2026-09-29T21:21:36,2026-09-29T21:21:36,2026-09-29T21:21:36
2395,研華,2021-06-01,323.0,-6.5,-1.97%,,31.73,,,,,,,ShowDailyK_ChartFlow,FinMind_API_TaiwanStockPrice_2395,True,2026-09-29T21:21:36,2026-09-29T21:21:36,2026-09-29T21:21:36
2395,研華,2021-06-02,324.0,1.0,0.31%,,31.83,,,,,,,ShowDailyK_ChartFlow,FinMind_API_TaiwanStockPrice_2395,True,2026-09-29T21:21:36,2026-09-29T21:21:36,2026-09-29T21:21:36
2395,研華,2021-06-03,320.0,-4.0,-1.23%,,31.43,,,,,,,ShowDailyK_ChartFlow,FinMind_API_TaiwanStockPrice_2395,True,2026-09-29T21:21:36,2026-09-29T21:21:36,2026-09-29T21:21:36
2395,研華,2021-06-04,324.5,4.5,1.41%,,31.88,,,,,,,ShowDailyK_ChartFlow,FinMind_API_TaiwanStockPrice_2395,True,2026-09-29T21:21:36,2026-09-29T21:21:36,2026-09-29T21:21:36
2395,研華,2021-06-07,324.5,0.0,0.00%,,31.88,,,,,,,ShowDailyK_ChartFlow,FinMind_API_TaiwanStockPrice_2395,True,2026-09-29T21:21:36,2026-09-29T21:21:36,2026-09-29T21:21:36
2395,研華,2021-06-08,326.5,2.0,0.62%,,32.07,,,,,,,ShowDailyK_ChartFlow,FinMind_API_TaiwanStockPrice_2395,True,2026-09-29T21:21:36,2026-09-29T21:21:36,2026-09-29T21:21:36
2395,研華,2021-06-09,326.5,0.0,0.00%,,32.07,,,,,,,ShowDailyK_ChartFlow,FinMind_API_TaiwanStockPrice_2395,True,2026-09-29T21:21:36,2026-09-29T21:21:36,2026-09-29T21:21:36
2395,研華,2021-06-10,325.5,-1.0,-0.31%,,31.97,,,,,,,ShowDailyK_ChartFlow,FinMind_API_TaiwanStockPrice_2395,True,2026-09-29T21:21:36,2026-09-29T21:21:36,2026-09-29T21:21:36
2395,研華,2021-06-11,325.5,0.0,0.00%,,31.97,,,,,,,ShowDailyK_ChartFlow,FinMind_API_TaiwanStockPrice_2395,True,2026-09-29T21:21:36,2026-09-29T21:21:36,2026-09-29T21:21:36
2395,研華,2021-06-15,326.0,0.5,0.15%,,32.02,,,,,,,ShowDailyK_ChartFlow,FinMind_API_TaiwanStockPrice_2395,True,2026-09-29T21:21:36,2026-09-29T21:21:36,2026-09-29T21:21:36
2395,研華,2021-06-16,329.0,3.0,0.92%,,32.32,,,,,,,ShowDailyK_ChartFlow,FinMind_API_TaiwanStockPrice_2395,True,2026-09-29T21:21:36,2026-09-29T21:21:36,2026-09-29T21:21:36
2395,研華,2021-06-17,334.5,5.5,1.67%,,32.86,,,,,,,ShowDailyK_ChartFlow,FinMind_API_TaiwanStockPrice_2395,True,2026-09-29T21:21:36,2026-09-29T21:21:36,2026-09-29T21:21:36
2395,研華,2021-06-18,338.5,4.0,1.20%,,33.25,,,,,,,ShowDailyK_ChartFlow,FinMind_API_TaiwanStockPrice_2395,True,2026-09-29T21:21:36,2026-09-29T21:21:36,2026-09-29T21:21:36
2395,研華,2021-06-21,332.0,-6.5,-1.92%,,32.61,,,,,,,ShowDailyK_ChartFlow,FinMind_API_TaiwanStockPrice_2395,True,2026-09-29T21:21:36,2026-09-29T21:21:36,2026-09-29T21:21:36
2395,研華,2021-06-22,327.5,-4.5,-1.36%,,32.17,,,,,,,ShowDailyK_ChartFlow,FinMind_API_TaiwanStockPrice_2395,True,2026-09-29T21:21:36,2026-09-29T21:21:36,2026-09-29T21:21:36
2395,研華,2021-06-23,341.5,14.0,4.27%,,33.55,,,,,,,ShowDailyK_ChartFlow,FinMind_API_TaiwanStockPrice_2395,True,2026-09-29T21:21:36,2026-09-29T21:21:36,2026-09-29T21:21:36
2395,研華,2021-06-24,343.0,1.5,0.44%,,33.69,,,,,,,ShowDailyK_ChartFlow,FinMind_API_TaiwanStockPrice_2395,True,2026-09-29T21:21:36,2026-09-29T21:21:36,2026-09-29T21:21:36
2395,研華,2021-06-25,338.5,-4.5,-1.31%,,33.25,,,,,,,ShowDailyK_ChartFlow,FinMind_API_TaiwanStockPrice_2395,True,2026-09-29T21:21:36,2026-09-29T21:21:36,2026-09-29T21:21:36
2395,研華,2021-06-28,338.0,-0.5,-0.15%,,33.2,,,,,,,ShowDailyK_ChartFlow,FinMind_API_TaiwanStockPrice_2395,True,2026-09-29T21:21:36,2026-09-29T21:21:36,2026-09-29T21:21:36
2395,研華,2021-06-29,344.5,6.5,1.92%,,33.84,,,,,,,ShowDailyK_ChartFlow,FinMind_API_TaiwanStockPrice_2395,True,2026-09-29T21:21:36,2026-09-29T21:21:36,2026-09-29T21:21:36
2395,研華,2021-06-30,345.0,0.5,0.15%,,33.89,,,,,,,ShowDailyK_ChartFlow,FinMind_API_TaiwanStockPrice_2395,True,2026-09-29T21:21:36,2026-09-29T21:21:36,2026-09-29T21:21:36
2395,研華,2021-07-01,334.0,-11.0,-3.19%,,32.81,,,,,,,ShowDailyK_ChartFlow,FinMind_API_TaiwanStockPrice_2395,True,2026-09-29T21:21:36,2026-09-29T21:21:36,2026-09-29T21:21:36
2395,研華,2021-07-02,328.0,-6.0,-1.80%,,32.22,,,,,,,ShowDailyK_ChartFlow,FinMind_API_TaiwanStockPrice_2395,True,2026-09-29T21:21:36,2026-09-29T21:21:36,2026-09-29T21:21:36
2395,研華,2021-07-05,341.0,13.0,3.96%,,33.5,,,,,,,ShowDailyK_ChartFlow,FinMind_API_TaiwanStockPrice_2395,True,2026-09-29T21:21:36,2026-09-29T21:21:36,2026-09-29T21:21:36
2395,研華,2021-07-06,343.0,2.0,0.59%,,33.69,,,,,,,ShowDailyK_ChartFlow,FinMind_API_TaiwanStockPrice_2395,True,2026-09-29T21:21:36,2026-09-29T21:21:36,2026-09-29T21:21:36
2395,研華,2021-07-07,347.0,4.0,1.17%,,34.09,,,,,,,ShowDailyK_ChartFlow,FinMind_API_TaiwanStockPrice_2395,True,2026-09-29T21:21:36,2026-09-29T21:21:36,2026-09-29T21:21:36
2395,研華,2021-07-08,344.5,-2.5,-0.72%,,33.84,,,,,,,ShowDailyK_ChartFlow,FinMind_API_TaiwanStockPrice_2395,True,2026-09-29T21:21:36,2026-09-29T21:21:36,2026-09-29T21:21:36
2395,研華,2021-07-09,348.0,3.5,1.02%,,34.18,,,,,,,ShowDailyK_ChartFlow,FinMind_API_TaiwanStockPrice_2395,True,2026-09-29T21:21:36,2026-09-29T21:21:36,2026-09-29T21:21:36
2395,研華,2021-07-12,349.5,1.5,0.43%,,34.33,,,,,,,ShowDailyK_ChartFlow,FinMind_API_TaiwanStockPrice_2395,True,2026-09-29T21:21:36,2026-09-29T21:21:36,2026-09-29T21:21:36
2395,研華,2021-07-13,370.0,20.5,5.87%,,36.35,,,,,,,ShowDailyK_ChartFlow,FinMind_API_TaiwanStockPrice_2395,True,2026-09-29T21:21:36,2026-09-29T21:21:36,2026-09-29T21:21:36
2395,研華,2021-07-14,366.5,-3.5,-0.95%,,36.0,,,,,,,ShowDailyK_ChartFlow,FinMind_API_TaiwanStockPrice_2395,True,2026-09-29T21:21:36,2026-09-29T21:21:36,2026-09-29T21:21:36
2395,研華,2021-07-15,360.0,-6.5,-1.77%,,35.36,,,,,,,ShowDailyK_ChartFlow,FinMind_API_TaiwanStockPrice_2395,True,2026-09-29T21:21:36,2026-09-29T21:21:36,2026-09-29T21:21:36
2395,研華,2021-07-16,365.0,5.0,1.39%,,35.85,,,,,,,ShowDailyK_ChartFlow,FinMind_API_TaiwanStockPrice_2395,True,2026-09-29T21:21:36,2026-09-29T21:21:36,2026-09-29T21:21:36
2395,研華,2021-07-19,364.0,-1.0,-0.27%,,35.76,,,,,,,ShowDailyK_ChartFlow,FinMind_API_TaiwanStockPrice_2395,True,2026-09-29T21:21:36,2026-09-29T21:21:36,2026-09-29T21:21:36
2395,研華,2021-07-20,357.0,-7.0,-1.92%,,35.07,,,,,,,ShowDailyK_ChartFlow,FinMind_API_TaiwanStockPrice_2395,True,2026-09-29T21:21:36,2026-09-29T21:21:36,2026-09-29T21:21:36
2395,研華,2021-07-21,369.0,12.0,3.36%,,36.25,,,,,,,ShowDailyK_ChartFlow,FinMind_API_TaiwanStockPrice_2395,True,2026-09-29T21:21:36,2026-09-29T21:21:36,2026-09-29T21:21:36
2395,研華,2021-07-22,370.0,1.0,0.27%,,36.35,,,,,,,ShowDailyK_ChartFlow,FinMind_API_TaiwanStockPrice_2395,True,2026-09-29T21:21:36,2026-09-29T21:21:36,2026-09-29T21:21:36
2395,研華,2021-07-23,367.0,-3.0,-0.81%,,36.05,,,,,,,ShowDailyK_ChartFlow,FinMind_API_TaiwanStockPrice_2395,True,2026-09-29T21:21:36,2026-09-29T21:21:36,2026-09-29T21:21:36
2395,研華,2021-07-26,374.5,7.5,2.04%,,36.79,,,,,,,ShowDailyK_ChartFlow,FinMind_API_TaiwanStockPrice_2395,True,2026-09-29T21:21:36,2026-09-29T21:21:36,2026-09-29T21:21:36
2395,研華,2021-07-27,370.5,-4.0,-1.07%,,36.39,,,,,,,ShowDailyK_ChartFlow,FinMind_API_TaiwanStockPrice_2395,True,2026-09-29T21:21:36,2026-09-29T21:21:36,2026-09-29T21:21:36
2395,研華,2021-07-28,360.0,-10.5,-2.83%,,35.36,,,,,,,ShowDailyK_ChartFlow,FinMind_API_TaiwanStockPrice_2395,True,2026-09-29T21:21:36,2026-09-29T21:21:36,2026-09-29T21:21:36
2395,研華,2021-07-29,363.5,3.5,0.97%,,35.71,,,,,,,ShowDailyK_ChartFlow,FinMind_API_TaiwanStockPrice_2395,True,2026-09-29T21:21:36,2026-09-29T21:21:36,2026-09-29T21:21:36
2395,研華,2021-07-30,364.0,0.5,0.14%,,38.28,,,,,,,ShowDailyK_ChartFlow,FinMind_API_TaiwanStockPrice_2395,True,2026-09-29T21:21:36,2026-09-29T21:21:36,2026-09-29T21:21:36
2395,研華,2021-08-02,362.0,-2.0,-0.55%,,38.07,,,,,,,ShowDailyK_ChartFlow,FinMind_API_TaiwanStockPrice_2395,True,2026-09-29T21:21:36,2026-09-29T21:21:36,2026-09-29T21:21:36
2395,研華,2021-08-03,359.5,-2.5,-0.69%,,37.8,,,,,,,ShowDailyK_ChartFlow,FinMind_API_TaiwanStockPrice_2395,True,2026-09-29T21:21:36,2026-09-29T21:21:36,2026-09-29T21:21:36
2395,研華,2021-08-04,363.0,3.5,0.97%,,38.17,,,,,,,ShowDailyK_ChartFlow,FinMind_API_TaiwanStockPrice_2395,True,2026-09-29T21:21:36,2026-09-29T21:21:36,2026-09-29T21:21:36
2395,研華,2021-08-05,366.0,3.0,0.83%,,38.49,,,,,,,ShowDailyK_ChartFlow,FinMind_API_TaiwanStockPrice_2395,True,2026-09-29T21:21:36,2026-09-29T21:21:36,2026-09-29T21:21:36
2395,研華,2021-08-06,365.5,-0.5,-0.14%,,38.43,,,,,,,ShowDailyK_ChartFlow,FinMind_API_TaiwanStockPrice_2395,True,2026-09-29T21:21:36,2026-09-29T21:21:36,2026-09-29T21:21:36
2395,研華,2021-08-09,370.0,4.5,1.23%,,38.91,,,,,,,ShowDailyK_ChartFlow,FinMind_API_TaiwanStockPrice_2395,True,2026-09-29T21:21:36,2026-09-29T21:21:36,2026-09-29T21:21:36
2395,研華,2021-08-10,357.5,-12.5,-3.38%,,37.59,,,,,,,ShowDailyK_ChartFlow,FinMind_API_TaiwanStockPrice_2395,True,2026-09-29T21:21:36,2026-09-29T21:21:36,2026-09-29T21:21:36
2395,研華,2021-08-11,362.5,5.0,1.40%,,38.12,,,,,,,ShowDailyK_ChartFlow,FinMind_API_TaiwanStockPrice_2395,True,2026-09-29T21:21:36,2026-09-29T21:21:36,2026-09-29T21:21:36
2395,研華,2021-08-12,357.0,-5.5,-1.52%,,37.54,,,,,,,ShowDailyK_ChartFlow,FinMind_API_TaiwanStockPrice_2395,True,2026-09-29T21:21:36,2026-09-29T21:21:36,2026-09-29T21:21:36
2395,研華,2021-08-13,356.0,-1.0,-0.28%,,37.43,,,,,,,ShowDailyK_ChartFlow,FinMind_API_TaiwanStockPrice_2395,True,2026-09-29T21:21:36,2026-09-29T21:21:36,2026-09-29T21:21:36
2395,研華,2021-08-16,350.0,-6.0,-1.69%,,36.8,,,,,,,ShowDailyK_ChartFlow,FinMind_API_TaiwanStockPrice_2395,True,2026-09-29T21:21:36,2026-09-29T21:21:36,2026-09-29T21:21:36
2395,研華,2021-08-17,355.5,5.5,1.57%,,37.38,,,,,,,ShowDailyK_ChartFlow,FinMind_API_TaiwanStockPrice_2395,True,2026-09-29T21:21:36,2026-09-29T21:21:36,2026-09-29T21:21:36
2395,研華,2021-08-18,364.5,9.0,2.53%,,38.33,,,,,,,ShowDailyK_ChartFlow,FinMind_API_TaiwanStockPrice_2395,True,2026-09-29T21:21:36,2026-09-29T21:21:36,2026-09-29T21:21:36
2395,研華,2021-08-19,362.0,-2.5,-0.69%,,38.07,,,,,,,ShowDailyK_ChartFlow,FinMind_API_TaiwanStockPrice_2395,True,2026-09-29T21:21:36,2026-09-29T21:21:36,2026-09-29T21:21:36
2395,研華,2021-08-20,365.0,3.0,0.83%,,38.38,,,,,,,ShowDailyK_ChartFlow,FinMind_API_TaiwanStockPrice_2395,True,2026-09-29T21:21:36,2026-09-29T21:21:36,2026-09-29T21:21:36
2395,研華,2021-08-23,370.0,5.0,1.37%,,38.91,,,,,,,ShowDailyK_ChartFlow,FinMind_API_TaiwanStockPrice_2395,True,2026-09-29T21:21:36,2026-09-29T21:21:36,2026-09-29T21:21:36
2395,研華,2021-08-24,372.0,2.0,0.54%,,39.12,,,,,,,ShowDailyK_ChartFlow,FinMind_API_TaiwanStockPrice_2395,True,2026-09-29T21:21:36,2026-09-29T21:21:36,2026-09-29T21:21:36
2395,研華,2021-08-25,374.5,2.5,0.67%,,39.38,,,,,,,ShowDailyK_ChartFlow,FinMind_API_TaiwanStockPrice_2395,True,2026-09-29T21:21:36,2026-09-29T21:21:36,2026-09-29T21:21:36
2395,研華,2021-08-26,370.0,-4.5,-1.20%,,38.91,,,,,,,ShowDailyK_ChartFlow,FinMind_API_TaiwanStockPrice_2395,True,2026-09-29T21:21:36,2026-09-29T21:21:36,2026-09-29T21:21:36
2395,研華,2021-08-27,375.0,5.0,1.35%,,39.43,,,,,,,ShowDailyK_ChartFlow,FinMind_API_TaiwanStockPrice_2395,True,2026-09-29T21:21:36,2026-09-29T21:21:36,2026-09-29T21:21:36
2395,研華,2021-08-30,385.0,10.0,2.67%,,40.48,,,,,,,ShowDailyK_ChartFlow,FinMind_API_TaiwanStockPrice_2395,True,2026-09-29T21:21:36,2026-09-29T21:21:36,2026-09-29T21:21:36
2395,研華,2021-08-31,386.0,1.0,0.26%,,40.59,,,,,,,ShowDailyK_ChartFlow,FinMind_API_TaiwanStockPrice_2395,True,2026-09-29T21:21:36,2026-09-29T21:21:36,2026-09-29T21:21:36
2395,研華,2021-09-01,384.0,-2.0,-0.52%,,40.38,,,,,,,ShowDailyK_ChartFlow,FinMind_API_TaiwanStockPrice_2395,True,2026-09-29T21:21:36,2026-09-29T21:21:36,2026-09-29T21:21:36
2395,研華,2021-09-02,385.0,1.0,0.26%,,40.48,,,,,,,ShowDailyK_ChartFlow,FinMind_API_TaiwanStockPrice_2395,True,2026-09-29T21:21:36,2026-09-29T21:21:36,2026-09-29T21:21:36
2395,研華,2021-09-03,386.0,1.0,0.26%,,40.59,,,,,,,ShowDailyK_ChartFlow,FinMind_API_TaiwanStockPrice_2395,True,2026-09-29T21:21:36,2026-09-29T21:21:36,2026-09-29T21:21:36
2395,研華,2021-09-06,385.0,-1.0,-0.26%,,40.48,,,,,,,ShowDailyK_ChartFlow,FinMind_API_TaiwanStockPrice_2395,True,2026-09-29T21:21:36,2026-09-29T21:21:36,2026-09-29T21:21:36
2395,研華,2021-09-07,390.0,5.0,1.30%,,41.01,,,,,,,ShowDailyK_ChartFlow,FinMind_API_TaiwanStockPrice_2395,True,2026-09-29T21:21:36,2026-09-29T21:21:36,2026-09-29T21:21:36
2395,研華,2021-09-08,390.0,0.0,0.00%,,41.01,,,,,,,ShowDailyK_ChartFlow,FinMind_API_TaiwanStockPrice_2395,True,2026-09-29T21:21:36,2026-09-29T21:21:36,2026-09-29T21:21:36
2395,研華,2021-09-09,392.0,2.0,0.51%,,41.22,,,,,,,ShowDailyK_ChartFlow,FinMind_API_TaiwanStockPrice_2395,True,2026-09-29T21:21:36,2026-09-29T21:21:36,2026-09-29T21:21:36
2395,研華,2021-09-10,394.0,2.0,0.51%,,41.43,,,,,,,ShowDailyK_ChartFlow,FinMind_API_TaiwanStockPrice_2395,True,2026-09-29T21:21:36,2026-09-29T21:21:36,2026-09-29T21:21:36
2395,研華,2021-09-13,375.0,-19.0,-4.82%,,39.43,,,,,,,ShowDailyK_ChartFlow,FinMind_API_TaiwanStockPrice_2395,True,2026-09-29T21:21:36,2026-09-29T21:21:36,2026-09-29T21:21:36
2395,研華,2021-09-14,372.0,-3.0,-0.80%,,39.12,,,,,,,ShowDailyK_ChartFlow,FinMind_API_TaiwanStockPrice_2395,True,2026-09-29T21:21:36,2026-09-29T21:21:36,2026-09-29T21:21:36
2395,研華,2021-09-15,366.5,-5.5,-1.48%,,38.54,,,,,,,ShowDailyK_ChartFlow,FinMind_API_TaiwanStockPrice_2395,True,2026-09-29T21:21:36,2026-09-29T21:21:36,2026-09-29T21:21:36
2395,研華,2021-09-16,371.0,4.5,1.23%,,39.01,,,,,,,ShowDailyK_ChartFlow,FinMind_API_TaiwanStockPrice_2395,True,2026-09-29T21:21:36,2026-09-29T21:21:36,2026-09-29T21:21:36
2395,研華,2021-09-17,367.5,-3.5,-0.94%,,38.64,,,,,,,ShowDailyK_ChartFlow,FinMind_API_TaiwanStockPrice_2395,True,2026-09-29T21:21:36,2026-09-29T21:21:36,2026-09-29T21:21:36
2395,研華,2021-09-22,365.0,-2.5,-0.68%,,38.38,,,,,,,ShowDailyK_ChartFlow,FinMind_API_TaiwanStockPrice_2395,True,2026-09-29T21:21:36,2026-09-29T21:21:36,2026-09-29T21:21:36
2395,研華,2021-09-23,371.5,6.5,1.78%,,39.06,,,,,,,ShowDailyK_ChartFlow,FinMind_API_TaiwanStockPrice_2395,True,2026-09-29T21:21:36,2026-09-29T21:21:36,2026-09-29T21:21:36
2395,研華,2021-09-24,369.5,-2.0,-0.54%,,38.85,,,,,,,ShowDailyK_ChartFlow,FinMind_API_TaiwanStockPrice_2395,True,2026-09-29T21:21:36,2026-09-29T21:21:36,2026-09-29T21:21:36
2395,研華,2021-09-27,367.5,-2.0,-0.54%,,38.64,,,,,,,ShowDailyK_ChartFlow,FinMind_API_TaiwanStockPrice_2395,True,2026-09-29T21:21:36,2026-09-29T21:21:36,2026-09-29T21:21:36
2395,研華,2021-09-28,364.0,-3.5,-0.95%,,38.28,,,,,,,ShowDailyK_ChartFlow,FinMind_API_TaiwanStockPrice_2395,True,2026-09-29T21:21:36,2026-09-29T21:21:36,2026-09-29T21:21:36
2395,研華,2021-09-29,358.0,-6.0,-1.65%,,37.64,,,,,,,ShowDailyK_ChartFlow,FinMind_API_TaiwanStockPrice_2395,True,2026-09-29T21:21:36,2026-09-29T21:21:36,2026-09-29T21:21:36
2395,研華,2021-09-30,365.0,7.0,1.96%,,38.38,,,,,,,ShowDailyK_ChartFlow,FinMind_API_TaiwanStockPrice_2395,True,2026-09-29T21:21:36,2026-09-29T21:21:36,2026-09-29T21:21:36
2395,研華,2021-10-01,352.5,-12.5,-3.42%,,37.07,,,,,,,ShowDailyK_ChartFlow,FinMind_API_TaiwanStockPrice_2395,True,2026-09-29T21:21:36,2026-09-29T21:21:36,2026-09-29T21:21:36
2395,研華,2021-10-04,353.5,1.0,0.28%,,37.17,,,,,,,ShowDailyK_ChartFlow,FinMind_API_TaiwanStockPrice_2395,True,2026-09-29T21:21:36,2026-09-29T21:21:36,2026-09-29T21:21:36
2395,研華,2021-10-05,341.5,-12.0,-3.39%,,35.91,,,,,,,ShowDailyK_ChartFlow,FinMind_API_TaiwanStockPrice_2395,True,2026-09-29T21:21:36,2026-09-29T21:21:36,2026-09-29T21:21:36
2395,研華,2021-10-06,340.5,-1.0,-0.29%,,35.8,,,,,,,ShowDailyK_ChartFlow,FinMind_API_TaiwanStockPrice_2395,True,2026-09-29T21:21:36,2026-09-29T21:21:36,2026-09-29T21:21:36
2395,研華,2021-10-07,345.0,4.5,1.32%,,36.28,,,,,,,ShowDailyK_ChartFlow,FinMind_API_TaiwanStockPrice_2395,True,2026-09-29T21:21:36,2026-09-29T21:21:36,2026-09-29T21:21:36
2395,研華,2021-10-08,350.5,5.5,1.59%,,36.86,,,,,,,ShowDailyK_ChartFlow,FinMind_API_TaiwanStockPrice_2395,True,2026-09-29T21:21:36,2026-09-29T21:21:36,2026-09-29T21:21:36
2395,研華,2021-10-12,348.5,-2.0,-0.57%,,36.65,,,,,,,ShowDailyK_ChartFlow,FinMind_API_TaiwanStockPrice_2395,True,2026-09-29T21:21:36,2026-09-29T21:21:36,2026-09-29T21:21:36
2395,研華,2021-10-13,341.0,-7.5,-2.15%,,35.86,,,,,,,ShowDailyK_ChartFlow,FinMind_API_TaiwanStockPrice_2395,True,2026-09-29T21:21:36,2026-09-29T21:21:36,2026-09-29T21:21:36
2395,研華,2021-10-14,345.5,4.5,1.32%,,36.33,,,,,,,ShowDailyK_ChartFlow,FinMind_API_TaiwanStockPrice_2395,True,2026-09-29T21:21:36,2026-09-29T21:21:36,2026-09-29T21:21:36
2395,研華,2021-10-15,352.0,6.5,1.88%,,37.01,,,,,,,ShowDailyK_ChartFlow,FinMind_API_TaiwanStockPrice_2395,True,2026-09-29T21:21:36,2026-09-29T21:21:36,2026-09-29T21:21:36
2395,研華,2021-10-18,342.0,-10.0,-2.84%,,35.96,,,,,,,ShowDailyK_ChartFlow,FinMind_API_TaiwanStockPrice_2395,True,2026-09-29T21:21:36,2026-09-29T21:21:36,2026-09-29T21:21:36
2395,研華,2021-10-19,348.0,6.0,1.75%,,36.59,,,,,,,ShowDailyK_ChartFlow,FinMind_API_TaiwanStockPrice_2395,True,2026-09-29T21:21:36,2026-09-29T21:21:36,2026-09-29T21:21:36
2395,研華,2021-10-20,350.0,2.0,0.57%,,36.8,,,,,,,ShowDailyK_ChartFlow,FinMind_API_TaiwanStockPrice_2395,True,2026-09-29T21:21:36,2026-09-29T21:21:36,2026-09-29T21:21:36
2395,研華,2021-10-21,348.0,-2.0,-0.57%,,36.59,,,,,,,ShowDailyK_ChartFlow,FinMind_API_TaiwanStockPrice_2395,True,2026-09-29T21:21:36,2026-09-29T21:21:36,2026-09-29T21:21:36
2395,研華,2021-10-22,347.5,-0.5,-0.14%,,36.54,,,,,,,ShowDailyK_ChartFlow,FinMind_API_TaiwanStockPrice_2395,True,2026-09-29T21:21:36,2026-09-29T21:21:36,2026-09-29T21:21:36
2395,研華,2021-10-25,351.0,3.5,1.01%,,36.91,,,,,,,ShowDailyK_ChartFlow,FinMind_API_TaiwanStockPrice_2395,True,2026-09-29T21:21:36,2026-09-29T21:21:36,2026-09-29T21:21:36
2395,研華,2021-10-26,361.0,10.0,2.85%,,37.96,,,,,,,ShowDailyK_ChartFlow,FinMind_API_TaiwanStockPrice_2395,True,2026-09-29T21:21:36,2026-09-29T21:21:36,2026-09-29T21:21:36
2395,研華,2021-10-27,357.5,-3.5,-0.97%,,37.59,,,,,,,ShowDailyK_ChartFlow,FinMind_API_TaiwanStockPrice_2395,True,2026-09-29T21:21:36,2026-09-29T21:21:36,2026-09-29T21:21:36
2395,研華,2021-10-28,364.5,7.0,1.96%,,38.33,,,,,,,ShowDailyK_ChartFlow,FinMind_API_TaiwanStockPrice_2395,True,2026-09-29T21:21:36,2026-09-29T21:21:36,2026-09-29T21:21:36
2395,研華,2021-10-29,363.0,-1.5,-0.41%,,36.56,,,,,,,ShowDailyK_ChartFlow,FinMind_API_TaiwanStockPrice_2395,True,2026-09-29T21:21:36,2026-09-29T21:21:36,2026-09-29T21:21:36
2395,研華,2021-11-01,366.5,3.5,0.96%,,36.91,,,,,,,ShowDailyK_ChartFlow,FinMind_API_TaiwanStockPrice_2395,True,2026-09-29T21:21:36,2026-09-29T21:21:36,2026-09-29T21:21:36
2395,研華,2021-11-02,364.5,-2.0,-0.55%,,36.71,,,,,,,ShowDailyK_ChartFlow,FinMind_API_TaiwanStockPrice_2395,True,2026-09-29T21:21:36,2026-09-29T21:21:36,2026-09-29T21:21:36
2395,研華,2021-11-03,361.5,-3.0,-0.82%,,36.4,,,,,,,ShowDailyK_ChartFlow,FinMind_API_TaiwanStockPrice_2395,True,2026-09-29T21:21:36,2026-09-29T21:21:36,2026-09-29T21:21:36
2395,研華,2021-11-04,369.5,8.0,2.21%,,37.21,,,,,,,ShowDailyK_ChartFlow,FinMind_API_TaiwanStockPrice_2395,True,2026-09-29T21:21:36,2026-09-29T21:21:36,2026-09-29T21:21:36
2395,研華,2021-11-05,374.0,4.5,1.22%,,37.66,,,,,,,ShowDailyK_ChartFlow,FinMind_API_TaiwanStockPrice_2395,True,2026-09-29T21:21:36,2026-09-29T21:21:36,2026-09-29T21:21:36
2395,研華,2021-11-08,376.5,2.5,0.67%,,37.92,,,,,,,ShowDailyK_ChartFlow,FinMind_API_TaiwanStockPrice_2395,True,2026-09-29T21:21:36,2026-09-29T21:21:36,2026-09-29T21:21:36
2395,研華,2021-11-09,389.0,12.5,3.32%,,39.17,,,,,,,ShowDailyK_ChartFlow,FinMind_API_TaiwanStockPrice_2395,True,2026-09-29T21:21:36,2026-09-29T21:21:36,2026-09-29T21:21:36
2395,研華,2021-11-10,383.0,-6.0,-1.54%,,38.57,,,,,,,ShowDailyK_ChartFlow,FinMind_API_TaiwanStockPrice_2395,True,2026-09-29T21:21:36,2026-09-29T21:21:36,2026-09-29T21:21:36
2395,研華,2021-11-11,388.5,5.5,1.44%,,39.12,,,,,,,ShowDailyK_ChartFlow,FinMind_API_TaiwanStockPrice_2395,True,2026-09-29T21:21:36,2026-09-29T21:21:36,2026-09-29T21:21:36
2395,研華,2021-11-12,387.5,-1.0,-0.26%,,39.02,,,,,,,ShowDailyK_ChartFlow,FinMind_API_TaiwanStockPrice_2395,True,2026-09-29T21:21:36,2026-09-29T21:21:36,2026-09-29T21:21:36
2395,研華,2021-11-15,392.0,4.5,1.16%,,39.48,,,,,,,ShowDailyK_ChartFlow,FinMind_API_TaiwanStockPrice_2395,True,2026-09-29T21:21:36,2026-09-29T21:21:36,2026-09-29T21:21:36
2395,研華,2021-11-16,392.0,0.0,0.00%,,39.48,,,,,,,ShowDailyK_ChartFlow,FinMind_API_TaiwanStockPrice_2395,True,2026-09-29T21:21:36,2026-09-29T21:21:36,2026-09-29T21:21:36
2395,研華,2021-11-17,386.5,-5.5,-1.40%,,38.92,,,,,,,ShowDailyK_ChartFlow,FinMind_API_TaiwanStockPrice_2395,True,2026-09-29T21:21:36,2026-09-29T21:21:36,2026-09-29T21:21:36
2395,研華,2021-11-18,385.0,-1.5,-0.39%,,38.77,,,,,,,ShowDailyK_ChartFlow,FinMind_API_TaiwanStockPrice_2395,True,2026-09-29T21:21:36,2026-09-29T21:21:36,2026-09-29T21:21:36
2395,研華,2021-11-19,382.5,-2.5,-0.65%,,38.52,,,,,,,ShowDailyK_ChartFlow,FinMind_API_TaiwanStockPrice_2395,True,2026-09-29T21:21:36,2026-09-29T21:21:36,2026-09-29T21:21:36
2395,研華,2021-11-22,389.0,6.5,1.70%,,39.17,,,,,,,ShowDailyK_ChartFlow,FinMind_API_TaiwanStockPrice_2395,True,2026-09-29T21:21:36,2026-09-29T21:21:36,2026-09-29T21:21:36
2395,研華,2021-11-23,387.0,-2.0,-0.51%,,38.97,,,,,,,ShowDailyK_ChartFlow,FinMind_API_TaiwanStockPrice_2395,True,2026-09-29T21:21:36,2026-09-29T21:21:36,2026-09-29T21:21:36
2395,研華,2021-11-24,386.0,-1.0,-0.26%,,38.87,,,,,,,ShowDailyK_ChartFlow,FinMind_API_TaiwanStockPrice_2395,True,2026-09-29T21:21:36,2026-09-29T21:21:36,2026-09-29T21:21:36
2395,研華,2021-11-25,389.5,3.5,0.91%,,39.22,,,,,,,ShowDailyK_ChartFlow,FinMind_API_TaiwanStockPrice_2395,True,2026-09-29T21:21:36,2026-09-29T21:21:36,2026-09-29T21:21:36
2395,研華,2021-11-26,376.0,-13.5,-3.47%,,37.87,,,,,,,ShowDailyK_ChartFlow,FinMind_API_TaiwanStockPrice_2395,True,2026-09-29T21:21:36,2026-09-29T21:21:36,2026-09-29T21:21:36
2395,研華,2021-11-29,376.0,0.0,0.00%,,37.87,,,,,,,ShowDailyK_ChartFlow,FinMind_API_TaiwanStockPrice_2395,True,2026-09-29T21:21:36,2026-09-29T21:21:36,2026-09-29T21:21:36
2395,研華,2021-11-30,382.0,6.0,1.60%,,38.47,,,,,,,ShowDailyK_ChartFlow,FinMind_API_TaiwanStockPrice_2395,True,2026-09-29T21:21:36,2026-09-29T21:21:36,2026-09-29T21:21:36
2395,研華,2021-12-01,370.5,-11.5,-3.01%,,37.31,,,,,,,ShowDailyK_ChartFlow,FinMind_API_TaiwanStockPrice_2395,True,2026-09-29T21:21:36,2026-09-29T21:21:36,2026-09-29T21:21:36
2395,研華,2021-12-02,379.5,9.0,2.43%,,38.22,,,,,,,ShowDailyK_ChartFlow,FinMind_API_TaiwanStockPrice_2395,True,2026-09-29T21:21:36,2026-09-29T21:21:36,2026-09-29T21:21:36
2395,研華,2021-12-03,374.0,-5.5,-1.45%,,37.66,,,,,,,ShowDailyK_ChartFlow,FinMind_API_TaiwanStockPrice_2395,True,2026-09-29T21:21:36,2026-09-29T21:21:36,2026-09-29T21:21:36
2395,研華,2021-12-06,377.5,3.5,0.94%,,38.02,,,,,,,ShowDailyK_ChartFlow,FinMind_API_TaiwanStockPrice_2395,True,2026-09-29T21:21:36,2026-09-29T21:21:36,2026-09-29T21:21:36
2395,研華,2021-12-07,373.5,-4.0,-1.06%,,37.61,,,,,,,ShowDailyK_ChartFlow,FinMind_API_TaiwanStockPrice_2395,True,2026-09-29T21:21:36,2026-09-29T21:21:36,2026-09-29T21:21:36
2395,研華,2021-12-08,386.0,12.5,3.35%,,38.87,,,,,,,ShowDailyK_ChartFlow,FinMind_API_TaiwanStockPrice_2395,True,2026-09-29T21:21:36,2026-09-29T21:21:36,2026-09-29T21:21:36
2395,研華,2021-12-09,392.0,6.0,1.55%,,39.48,,,,,,,ShowDailyK_ChartFlow,FinMind_API_TaiwanStockPrice_2395,True,2026-09-29T21:21:36,2026-09-29T21:21:36,2026-09-29T21:21:36
2395,研華,2021-12-10,380.5,-11.5,-2.93%,,38.32,,,,,,,ShowDailyK_ChartFlow,FinMind_API_TaiwanStockPrice_2395,True,2026-09-29T21:21:36,2026-09-29T21:21:36,2026-09-29T21:21:36
2395,研華,2021-12-13,381.0,0.5,0.13%,,38.37,,,,,,,ShowDailyK_ChartFlow,FinMind_API_TaiwanStockPrice_2395,True,2026-09-29T21:21:36,2026-09-29T21:21:36,2026-09-29T21:21:36
2395,研華,2021-12-14,382.0,1.0,0.26%,,38.47,,,,,,,ShowDailyK_ChartFlow,FinMind_API_TaiwanStockPrice_2395,True,2026-09-29T21:21:36,2026-09-29T21:21:36,2026-09-29T21:21:36
2395,研華,2021-12-15,380.5,-1.5,-0.39%,,38.32,,,,,,,ShowDailyK_ChartFlow,FinMind_API_TaiwanStockPrice_2395,True,2026-09-29T21:21:36,2026-09-29T21:21:36,2026-09-29T21:21:36
2395,研華,2021-12-16,397.0,16.5,4.34%,,39.98,,,,,,,ShowDailyK_ChartFlow,FinMind_API_TaiwanStockPrice_2395,True,2026-09-29T21:21:36,2026-09-29T21:21:36,2026-09-29T21:21:36
2395,研華,2021-12-17,399.0,2.0,0.50%,,40.18,,,,,,,ShowDailyK_ChartFlow,FinMind_API_TaiwanStockPrice_2395,True,2026-09-29T21:21:36,2026-09-29T21:21:36,2026-09-29T21:21:36
2395,研華,2021-12-20,389.0,-10.0,-2.51%,,39.17,,,,,,,ShowDailyK_ChartFlow,FinMind_API_TaiwanStockPrice_2395,True,2026-09-29T21:21:36,2026-09-29T21:21:36,2026-09-29T21:21:36
2395,研華,2021-12-21,387.0,-2.0,-0.51%,,38.97,,,,,,,ShowDailyK_ChartFlow,FinMind_API_TaiwanStockPrice_2395,True,2026-09-29T21:21:36,2026-09-29T21:21:36,2026-09-29T21:21:36
2395,研華,2021-12-22,386.5,-0.5,-0.13%,,38.92,,,,,,,ShowDailyK_ChartFlow,FinMind_API_TaiwanStockPrice_2395,True,2026-09-29T21:21:36,2026-09-29T21:21:36,2026-09-29T21:21:36
2395,研華,2021-12-23,394.5,8.0,2.07%,,39.73,,,,,,,ShowDailyK_ChartFlow,FinMind_API_TaiwanStockPrice_2395,True,2026-09-29T21:21:36,2026-09-29T21:21:36,2026-09-29T21:21:36
2395,研華,2021-12-24,397.0,2.5,0.63%,,39.98,,,,,,,ShowDailyK_ChartFlow,FinMind_API_TaiwanStockPrice_2395,True,2026-09-29T21:21:36,2026-09-29T21:21:36,2026-09-29T21:21:36
2395,研華,2021-12-27,398.0,1.0,0.25%,,40.08,,,,,,,ShowDailyK_ChartFlow,FinMind_API_TaiwanStockPrice_2395,True,2026-09-29T21:21:36,2026-09-29T21:21:36,2026-09-29T21:21:36
2395,研華,2021-12-28,400.0,2.0,0.50%,,40.28,,,,,,,ShowDailyK_ChartFlow,FinMind_API_TaiwanStockPrice_2395,True,2026-09-29T21:21:36,2026-09-29T21:21:36,2026-09-29T21:21:36
2395,研華,2021-12-29,400.5,0.5,0.12%,,40.33,,,,,,,ShowDailyK_ChartFlow,FinMind_API_TaiwanStockPrice_2395,True,2026-09-29T21:21:36,2026-09-29T21:21:36,2026-09-29T21:21:36
2395,研華,2021-12-30,396.5,-4.0,-1.00%,,39.93,,,,,,,ShowDailyK_ChartFlow,FinMind_API_TaiwanStockPrice_2395,True,2026-09-29T21:21:36,2026-09-29T21:21:36,2026-09-29T21:21:36
2395,研華,2022-01-03,397.0,0.5,0.13%,,39.98,,,,,,,ShowDailyK_ChartFlow,FinMind_API_TaiwanStockPrice_2395,True,2026-09-29T21:21:36,2026-09-29T21:21:36,2026-09-29T21:21:36
2395,研華,2022-01-04,397.0,0.0,0.00%,,39.98,,,,,,,ShowDailyK_ChartFlow,FinMind_API_TaiwanStockPrice_2395,True,2026-09-29T21:21:36,2026-09-29T21:21:36,2026-09-29T21:21:36
2395,研華,2022-01-05,400.0,3.0,0.76%,,40.28,,,,,,,ShowDailyK_ChartFlow,FinMind_API_TaiwanStockPrice_2395,True,2026-09-29T21:21:36,2026-09-29T21:21:36,2026-09-29T21:21:36
2395,研華,2022-01-06,394.5,-5.5,-1.38%,,39.73,,,,,,,ShowDailyK_ChartFlow,FinMind_API_TaiwanStockPrice_2395,True,2026-09-29T21:21:36,2026-09-29T21:21:36,2026-09-29T21:21:36
2395,研華,2022-01-07,386.5,-8.0,-2.03%,,38.92,,,,,,,ShowDailyK_ChartFlow,FinMind_API_TaiwanStockPrice_2395,True,2026-09-29T21:21:36,2026-09-29T21:21:36,2026-09-29T21:21:36
2395,研華,2022-01-10,394.0,7.5,1.94%,,39.68,,,,,,,ShowDailyK_ChartFlow,FinMind_API_TaiwanStockPrice_2395,True,2026-09-29T21:21:36,2026-09-29T21:21:36,2026-09-29T21:21:36
2395,研華,2022-01-11,391.5,-2.5,-0.63%,,39.43,,,,,,,ShowDailyK_ChartFlow,FinMind_API_TaiwanStockPrice_2395,True,2026-09-29T21:21:36,2026-09-29T21:21:36,2026-09-29T21:21:36
2395,研華,2022-01-12,394.0,2.5,0.64%,,39.68,,,,,,,ShowDailyK_ChartFlow,FinMind_API_TaiwanStockPrice_2395,True,2026-09-29T21:21:36,2026-09-29T21:21:36,2026-09-29T21:21:36
2395,研華,2022-01-13,385.5,-8.5,-2.16%,,38.82,,,,,,,ShowDailyK_ChartFlow,FinMind_API_TaiwanStockPrice_2395,True,2026-09-29T21:21:36,2026-09-29T21:21:36,2026-09-29T21:21:36
2395,研華,2022-01-14,383.0,-2.5,-0.65%,,38.57,,,,,,,ShowDailyK_ChartFlow,FinMind_API_TaiwanStockPrice_2395,True,2026-09-29T21:21:36,2026-09-29T21:21:36,2026-09-29T21:21:36
2395,研華,2022-01-17,382.5,-0.5,-0.13%,,38.52,,,,,,,ShowDailyK_ChartFlow,FinMind_API_TaiwanStockPrice_2395,True,2026-09-29T21:21:36,2026-09-29T21:21:36,2026-09-29T21:21:36
2395,研華,2022-01-18,390.5,8.0,2.09%,,39.33,,,,,,,ShowDailyK_ChartFlow,FinMind_API_TaiwanStockPrice_2395,True,2026-09-29T21:21:36,2026-09-29T21:21:36,2026-09-29T21:21:36
2395,研華,2022-01-19,389.5,-1.0,-0.26%,,39.22,,,,,,,ShowDailyK_ChartFlow,FinMind_API_TaiwanStockPrice_2395,True,2026-09-29T21:21:36,2026-09-29T21:21:36,2026-09-29T21:21:36
2395,研華,2022-01-20,397.5,8.0,2.05%,,40.03,,,,,,,ShowDailyK_ChartFlow,FinMind_API_TaiwanStockPrice_2395,True,2026-09-29T21:21:36,2026-09-29T21:21:36,2026-09-29T21:21:36
2395,研華,2022-01-21,383.0,-14.5,-3.65%,,38.57,,,,,,,ShowDailyK_ChartFlow,FinMind_API_TaiwanStockPrice_2395,True,2026-09-29T21:21:36,2026-09-29T21:21:36,2026-09-29T21:21:36
2395,研華,2022-01-24,388.0,5.0,1.31%,,39.07,,,,,,,ShowDailyK_ChartFlow,FinMind_API_TaiwanStockPrice_2395,True,2026-09-29T21:21:36,2026-09-29T21:21:36,2026-09-29T21:21:36
2395,研華,2022-01-25,382.0,-6.0,-1.55%,,38.47,,,,,,,ShowDailyK_ChartFlow,FinMind_API_TaiwanStockPrice_2395,True,2026-09-29T21:21:36,2026-09-29T21:21:36,2026-09-29T21:21:36
2395,研華,2022-01-26,380.5,-1.5,-0.39%,,38.32,,,,,,,ShowDailyK_ChartFlow,FinMind_API_TaiwanStockPrice_2395,True,2026-09-29T21:21:36,2026-09-29T21:21:36,2026-09-29T21:21:36
2395,研華,2022-02-07,380.0,-0.5,-0.13%,,38.27,,,,,,,ShowDailyK_ChartFlow,FinMind_API_TaiwanStockPrice_2395,True,2026-09-29T21:21:36,2026-09-29T21:21:36,2026-09-29T21:21:36
2395,研華,2022-02-08,390.0,10.0,2.63%,,39.27,,,,,,,ShowDailyK_ChartFlow,FinMind_API_TaiwanStockPrice_2395,True,2026-09-29T21:21:36,2026-09-29T21:21:36,2026-09-29T21:21:36
2395,研華,2022-02-09,386.0,-4.0,-1.03%,,38.87,,,,,,,ShowDailyK_ChartFlow,FinMind_API_TaiwanStockPrice_2395,True,2026-09-29T21:21:36,2026-09-29T21:21:36,2026-09-29T21:21:36
2395,研華,2022-02-10,390.0,4.0,1.04%,,39.27,,,,,,,ShowDailyK_ChartFlow,FinMind_API_TaiwanStockPrice_2395,True,2026-09-29T21:21:36,2026-09-29T21:21:36,2026-09-29T21:21:36
2395,研華,2022-02-11,392.0,2.0,0.51%,,39.48,,,,,,,ShowDailyK_ChartFlow,FinMind_API_TaiwanStockPrice_2395,True,2026-09-29T21:21:36,2026-09-29T21:21:36,2026-09-29T21:21:36
2395,研華,2022-02-14,379.0,-13.0,-3.32%,,38.17,,,,,,,ShowDailyK_ChartFlow,FinMind_API_TaiwanStockPrice_2395,True,2026-09-29T21:21:36,2026-09-29T21:21:36,2026-09-29T21:21:36
2395,研華,2022-02-15,381.5,2.5,0.66%,,38.42,,,,,,,ShowDailyK_ChartFlow,FinMind_API_TaiwanStockPrice_2395,True,2026-09-29T21:21:36,2026-09-29T21:21:36,2026-09-29T21:21:36
2395,研華,2022-02-16,392.0,10.5,2.75%,,39.48,,,,,,,ShowDailyK_ChartFlow,FinMind_API_TaiwanStockPrice_2395,True,2026-09-29T21:21:36,2026-09-29T21:21:36,2026-09-29T21:21:36
2395,研華,2022-02-17,392.5,0.5,0.13%,,39.53,,,,,,,ShowDailyK_ChartFlow,FinMind_API_TaiwanStockPrice_2395,True,2026-09-29T21:21:36,2026-09-29T21:21:36,2026-09-29T21:21:36
2395,研華,2022-02-18,386.5,-6.0,-1.53%,,38.92,,,,,,,ShowDailyK_ChartFlow,FinMind_API_TaiwanStockPrice_2395,True,2026-09-29T21:21:36,2026-09-29T21:21:36,2026-09-29T21:21:36
2395,研華,2022-02-21,389.0,2.5,0.65%,,39.17,,,,,,,ShowDailyK_ChartFlow,FinMind_API_TaiwanStockPrice_2395,True,2026-09-29T21:21:36,2026-09-29T21:21:36,2026-09-29T21:21:36
2395,研華,2022-02-22,375.5,-13.5,-3.47%,,37.81,,,,,,,ShowDailyK_ChartFlow,FinMind_API_TaiwanStockPrice_2395,True,2026-09-29T21:21:36,2026-09-29T21:21:36,2026-09-29T21:21:36
2395,研華,2022-02-23,377.0,1.5,0.40%,,37.97,,,,,,,ShowDailyK_ChartFlow,FinMind_API_TaiwanStockPrice_2395,True,2026-09-29T21:21:36,2026-09-29T21:21:36,2026-09-29T21:21:36
2395,研華,2022-02-24,369.5,-7.5,-1.99%,,37.21,,,,,,,ShowDailyK_ChartFlow,FinMind_API_TaiwanStockPrice_2395,True,2026-09-29T21:21:36,2026-09-29T21:21:36,2026-09-29T21:21:36
2395,研華,2022-02-25,366.5,-3.0,-0.81%,,34.41,,,,,,,ShowDailyK_ChartFlow,FinMind_API_TaiwanStockPrice_2395,True,2026-09-29T21:21:36,2026-09-29T21:21:36,2026-09-29T21:21:36
2395,研華,2022-03-01,371.0,4.5,1.23%,,34.84,,,,,,,ShowDailyK_ChartFlow,FinMind_API_TaiwanStockPrice_2395,True,2026-09-29T21:21:36,2026-09-29T21:21:36,2026-09-29T21:21:36
2395,研華,2022-03-02,372.0,1.0,0.27%,,34.93,,,,,,,ShowDailyK_ChartFlow,FinMind_API_TaiwanStockPrice_2395,True,2026-09-29T21:21:36,2026-09-29T21:21:36,2026-09-29T21:21:36
2395,研華,2022-03-03,372.5,0.5,0.13%,,34.98,,,,,,,ShowDailyK_ChartFlow,FinMind_API_TaiwanStockPrice_2395,True,2026-09-29T21:21:36,2026-09-29T21:21:36,2026-09-29T21:21:36
2395,研華,2022-03-04,364.5,-8.0,-2.15%,,34.23,,,,,,,ShowDailyK_ChartFlow,FinMind_API_TaiwanStockPrice_2395,True,2026-09-29T21:21:36,2026-09-29T21:21:36,2026-09-29T21:21:36
2395,研華,2022-03-07,349.5,-15.0,-4.12%,,32.82,,,,,,,ShowDailyK_ChartFlow,FinMind_API_TaiwanStockPrice_2395,True,2026-09-29T21:21:36,2026-09-29T21:21:36,2026-09-29T21:21:36
2395,研華,2022-03-08,350.5,1.0,0.29%,,32.91,,,,,,,ShowDailyK_ChartFlow,FinMind_API_TaiwanStockPrice_2395,True,2026-09-29T21:21:36,2026-09-29T21:21:36,2026-09-29T21:21:36
2395,研華,2022-03-09,356.0,5.5,1.57%,,33.43,,,,,,,ShowDailyK_ChartFlow,FinMind_API_TaiwanStockPrice_2395,True,2026-09-29T21:21:36,2026-09-29T21:21:36,2026-09-29T21:21:36
2395,研華,2022-03-10,362.5,6.5,1.83%,,34.04,,,,,,,ShowDailyK_ChartFlow,FinMind_API_TaiwanStockPrice_2395,True,2026-09-29T21:21:36,2026-09-29T21:21:36,2026-09-29T21:21:36
2395,研華,2022-03-11,364.0,1.5,0.41%,,34.18,,,,,,,ShowDailyK_ChartFlow,FinMind_API_TaiwanStockPrice_2395,True,2026-09-29T21:21:36,2026-09-29T21:21:36,2026-09-29T21:21:36
2395,研華,2022-03-14,356.5,-7.5,-2.06%,,33.47,,,,,,,ShowDailyK_ChartFlow,FinMind_API_TaiwanStockPrice_2395,True,2026-09-29T21:21:36,2026-09-29T21:21:36,2026-09-29T21:21:36
2395,研華,2022-03-15,367.0,10.5,2.95%,,34.46,,,,,,,ShowDailyK_ChartFlow,FinMind_API_TaiwanStockPrice_2395,True,2026-09-29T21:21:36,2026-09-29T21:21:36,2026-09-29T21:21:36
2395,研華,2022-03-16,366.0,-1.0,-0.27%,,34.37,,,,,,,ShowDailyK_ChartFlow,FinMind_API_TaiwanStockPrice_2395,True,2026-09-29T21:21:36,2026-09-29T21:21:36,2026-09-29T21:21:36
2395,研華,2022-03-17,379.5,13.5,3.69%,,35.63,,,,,,,ShowDailyK_ChartFlow,FinMind_API_TaiwanStockPrice_2395,True,2026-09-29T21:21:36,2026-09-29T21:21:36,2026-09-29T21:21:36
2395,研華,2022-03-18,362.5,-17.0,-4.48%,,34.04,,,,,,,ShowDailyK_ChartFlow,FinMind_API_TaiwanStockPrice_2395,True,2026-09-29T21:21:36,2026-09-29T21:21:36,2026-09-29T21:21:36
2395,研華,2022-03-21,363.0,0.5,0.14%,,34.08,,,,,,,ShowDailyK_ChartFlow,FinMind_API_TaiwanStockPrice_2395,True,2026-09-29T21:21:36,2026-09-29T21:21:36,2026-09-29T21:21:36
2395,研華,2022-03-22,369.0,6.0,1.65%,,34.65,,,,,,,ShowDailyK_ChartFlow,FinMind_API_TaiwanStockPrice_2395,True,2026-09-29T21:21:36,2026-09-29T21:21:36,2026-09-29T21:21:36
2395,研華,2022-03-23,374.5,5.5,1.49%,,35.16,,,,,,,ShowDailyK_ChartFlow,FinMind_API_TaiwanStockPrice_2395,True,2026-09-29T21:21:36,2026-09-29T21:21:36,2026-09-29T21:21:36
2395,研華,2022-03-24,370.5,-4.0,-1.07%,,34.79,,,,,,,ShowDailyK_ChartFlow,FinMind_API_TaiwanStockPrice_2395,True,2026-09-29T21:21:36,2026-09-29T21:21:36,2026-09-29T21:21:36
2395,研華,2022-03-25,362.0,-8.5,-2.29%,,33.99,,,,,,,ShowDailyK_ChartFlow,FinMind_API_TaiwanStockPrice_2395,True,2026-09-29T21:21:36,2026-09-29T21:21:36,2026-09-29T21:21:36
2395,研華,2022-03-28,359.5,-2.5,-0.69%,,33.76,,,,,,,ShowDailyK_ChartFlow,FinMind_API_TaiwanStockPrice_2395,True,2026-09-29T21:21:36,2026-09-29T21:21:36,2026-09-29T21:21:36
2395,研華,2022-03-29,360.0,0.5,0.14%,,33.8,,,,,,,ShowDailyK_ChartFlow,FinMind_API_TaiwanStockPrice_2395,True,2026-09-29T21:21:36,2026-09-29T21:21:36,2026-09-29T21:21:36
2395,研華,2022-03-30,362.0,2.0,0.56%,,33.99,,,,,,,ShowDailyK_ChartFlow,FinMind_API_TaiwanStockPrice_2395,True,2026-09-29T21:21:36,2026-09-29T21:21:36,2026-09-29T21:21:36
2395,研華,2022-03-31,369.5,7.5,2.07%,,34.69,,,,,,,ShowDailyK_ChartFlow,FinMind_API_TaiwanStockPrice_2395,True,2026-09-29T21:21:36,2026-09-29T21:21:36,2026-09-29T21:21:36
2395,研華,2022-04-01,374.5,5.0,1.35%,,35.16,,,,,,,ShowDailyK_ChartFlow,FinMind_API_TaiwanStockPrice_2395,True,2026-09-29T21:21:36,2026-09-29T21:21:36,2026-09-29T21:21:36
2395,研華,2022-04-06,370.0,-4.5,-1.20%,,34.74,,,,,,,ShowDailyK_ChartFlow,FinMind_API_TaiwanStockPrice_2395,True,2026-09-29T21:21:36,2026-09-29T21:21:36,2026-09-29T21:21:36
2395,研華,2022-04-07,361.0,-9.0,-2.43%,,33.9,,,,,,,ShowDailyK_ChartFlow,FinMind_API_TaiwanStockPrice_2395,True,2026-09-29T21:21:36,2026-09-29T21:21:36,2026-09-29T21:21:36
2395,研華,2022-04-08,363.0,2.0,0.55%,,34.08,,,,,,,ShowDailyK_ChartFlow,FinMind_API_TaiwanStockPrice_2395,True,2026-09-29T21:21:36,2026-09-29T21:21:36,2026-09-29T21:21:36
2395,研華,2022-04-11,362.5,-0.5,-0.14%,,34.04,,,,,,,ShowDailyK_ChartFlow,FinMind_API_TaiwanStockPrice_2395,True,2026-09-29T21:21:36,2026-09-29T21:21:36,2026-09-29T21:21:36
2395,研華,2022-04-12,366.0,3.5,0.97%,,34.37,,,,,,,ShowDailyK_ChartFlow,FinMind_API_TaiwanStockPrice_2395,True,2026-09-29T21:21:36,2026-09-29T21:21:36,2026-09-29T21:21:36
2395,研華,2022-04-13,371.0,5.0,1.37%,,34.84,,,,,,,ShowDailyK_ChartFlow,FinMind_API_TaiwanStockPrice_2395,True,2026-09-29T21:21:36,2026-09-29T21:21:36,2026-09-29T21:21:36
2395,研華,2022-04-14,380.0,9.0,2.43%,,35.68,,,,,,,ShowDailyK_ChartFlow,FinMind_API_TaiwanStockPrice_2395,True,2026-09-29T21:21:36,2026-09-29T21:21:36,2026-09-29T21:21:36
2395,研華,2022-04-15,366.5,-13.5,-3.55%,,34.41,,,,,,,ShowDailyK_ChartFlow,FinMind_API_TaiwanStockPrice_2395,True,2026-09-29T21:21:36,2026-09-29T21:21:36,2026-09-29T21:21:36
2395,研華,2022-04-18,366.5,0.0,0.00%,,34.41,,,,,,,ShowDailyK_ChartFlow,FinMind_API_TaiwanStockPrice_2395,True,2026-09-29T21:21:36,2026-09-29T21:21:36,2026-09-29T21:21:36
2395,研華,2022-04-19,370.5,4.0,1.09%,,34.79,,,,,,,ShowDailyK_ChartFlow,FinMind_API_TaiwanStockPrice_2395,True,2026-09-29T21:21:36,2026-09-29T21:21:36,2026-09-29T21:21:36
2395,研華,2022-04-20,366.0,-4.5,-1.21%,,34.37,,,,,,,ShowDailyK_ChartFlow,FinMind_API_TaiwanStockPrice_2395,True,2026-09-29T21:21:36,2026-09-29T21:21:36,2026-09-29T21:21:36
2395,研華,2022-04-21,377.0,11.0,3.01%,,35.4,,,,,,,ShowDailyK_ChartFlow,FinMind_API_TaiwanStockPrice_2395,True,2026-09-29T21:21:36,2026-09-29T21:21:36,2026-09-29T21:21:36
2395,研華,2022-04-22,376.0,-1.0,-0.27%,,35.31,,,,,,,ShowDailyK_ChartFlow,FinMind_API_TaiwanStockPrice_2395,True,2026-09-29T21:21:36,2026-09-29T21:21:36,2026-09-29T21:21:36
2395,研華,2022-04-25,374.0,-2.0,-0.53%,,35.12,,,,,,,ShowDailyK_ChartFlow,FinMind_API_TaiwanStockPrice_2395,True,2026-09-29T21:21:36,2026-09-29T21:21:36,2026-09-29T21:21:36
2395,研華,2022-04-26,370.5,-3.5,-0.94%,,34.79,,,,,,,ShowDailyK_ChartFlow,FinMind_API_TaiwanStockPrice_2395,True,2026-09-29T21:21:36,2026-09-29T21:21:36,2026-09-29T21:21:36
2395,研華,2022-04-27,365.0,-5.5,-1.48%,,34.27,,,,,,,ShowDailyK_ChartFlow,FinMind_API_TaiwanStockPrice_2395,True,2026-09-29T21:21:36,2026-09-29T21:21:36,2026-09-29T21:21:36
2395,研華,2022-04-28,368.5,3.5,0.96%,,34.6,,,,,,,ShowDailyK_ChartFlow,FinMind_API_TaiwanStockPrice_2395,True,2026-09-29T21:21:36,2026-09-29T21:21:36,2026-09-29T21:21:36
2395,研華,2022-04-29,369.5,1.0,0.27%,,32.19,,,,,,,ShowDailyK_ChartFlow,FinMind_API_TaiwanStockPrice_2395,True,2026-09-29T21:21:36,2026-09-29T21:21:36,2026-09-29T21:21:36
2395,研華,2022-05-03,368.5,-1.0,-0.27%,,32.1,,,,,,,ShowDailyK_ChartFlow,FinMind_API_TaiwanStockPrice_2395,True,2026-09-29T21:21:36,2026-09-29T21:21:36,2026-09-29T21:21:36
2395,研華,2022-05-04,376.0,7.5,2.04%,,32.75,,,,,,,ShowDailyK_ChartFlow,FinMind_API_TaiwanStockPrice_2395,True,2026-09-29T21:21:36,2026-09-29T21:21:36,2026-09-29T21:21:36
2395,研華,2022-05-05,344.5,-31.5,-8.38%,,30.01,,,,,,,ShowDailyK_ChartFlow,FinMind_API_TaiwanStockPrice_2395,True,2026-09-29T21:21:36,2026-09-29T21:21:36,2026-09-29T21:21:36
2395,研華,2022-05-06,343.0,-1.5,-0.44%,,29.88,,,,,,,ShowDailyK_ChartFlow,FinMind_API_TaiwanStockPrice_2395,True,2026-09-29T21:21:36,2026-09-29T21:21:36,2026-09-29T21:21:36
2395,研華,2022-05-09,341.0,-2.0,-0.58%,,29.7,,,,,,,ShowDailyK_ChartFlow,FinMind_API_TaiwanStockPrice_2395,True,2026-09-29T21:21:36,2026-09-29T21:21:36,2026-09-29T21:21:36
2395,研華,2022-05-10,332.0,-9.0,-2.64%,,28.92,,,,,,,ShowDailyK_ChartFlow,FinMind_API_TaiwanStockPrice_2395,True,2026-09-29T21:21:36,2026-09-29T21:21:36,2026-09-29T21:21:36
2395,研華,2022-05-11,330.0,-2.0,-0.60%,,28.75,,,,,,,ShowDailyK_ChartFlow,FinMind_API_TaiwanStockPrice_2395,True,2026-09-29T21:21:36,2026-09-29T21:21:36,2026-09-29T21:21:36
2395,研華,2022-05-12,325.5,-4.5,-1.36%,,28.35,,,,,,,ShowDailyK_ChartFlow,FinMind_API_TaiwanStockPrice_2395,True,2026-09-29T21:21:36,2026-09-29T21:21:36,2026-09-29T21:21:36
2395,研華,2022-05-13,339.5,14.0,4.30%,,29.57,,,,,,,ShowDailyK_ChartFlow,FinMind_API_TaiwanStockPrice_2395,True,2026-09-29T21:21:36,2026-09-29T21:21:36,2026-09-29T21:21:36
2395,研華,2022-05-16,351.5,12.0,3.53%,,30.62,,,,,,,ShowDailyK_ChartFlow,FinMind_API_TaiwanStockPrice_2395,True,2026-09-29T21:21:36,2026-09-29T21:21:36,2026-09-29T21:21:36
2395,研華,2022-05-17,351.0,-0.5,-0.14%,,30.57,,,,,,,ShowDailyK_ChartFlow,FinMind_API_TaiwanStockPrice_2395,True,2026-09-29T21:21:36,2026-09-29T21:21:36,2026-09-29T21:21:36
2395,研華,2022-05-18,358.5,7.5,2.14%,,31.23,,,,,,,ShowDailyK_ChartFlow,FinMind_API_TaiwanStockPrice_2395,True,2026-09-29T21:21:36,2026-09-29T21:21:36,2026-09-29T21:21:36
2395,研華,2022-05-19,365.0,6.5,1.81%,,31.79,,,,,,,ShowDailyK_ChartFlow,FinMind_API_TaiwanStockPrice_2395,True,2026-09-29T21:21:36,2026-09-29T21:21:36,2026-09-29T21:21:36
2395,研華,2022-05-20,364.0,-1.0,-0.27%,,31.71,,,,,,,ShowDailyK_ChartFlow,FinMind_API_TaiwanStockPrice_2395,True,2026-09-29T21:21:36,2026-09-29T21:21:36,2026-09-29T21:21:36
2395,研華,2022-05-23,358.5,-5.5,-1.51%,,31.23,,,,,,,ShowDailyK_ChartFlow,FinMind_API_TaiwanStockPrice_2395,True,2026-09-29T21:21:36,2026-09-29T21:21:36,2026-09-29T21:21:36
2395,研華,2022-05-24,349.0,-9.5,-2.65%,,30.4,,,,,,,ShowDailyK_ChartFlow,FinMind_API_TaiwanStockPrice_2395,True,2026-09-29T21:21:36,2026-09-29T21:21:36,2026-09-29T21:21:36
2395,研華,2022-05-25,353.0,4.0,1.15%,,30.75,,,,,,,ShowDailyK_ChartFlow,FinMind_API_TaiwanStockPrice_2395,True,2026-09-29T21:21:36,2026-09-29T21:21:36,2026-09-29T21:21:36
2395,研華,2022-05-26,351.0,-2.0,-0.57%,,30.57,,,,,,,ShowDailyK_ChartFlow,FinMind_API_TaiwanStockPrice_2395,True,2026-09-29T21:21:36,2026-09-29T21:21:36,2026-09-29T21:21:36
2395,研華,2022-05-27,363.5,12.5,3.56%,,31.66,,,,,,,ShowDailyK_ChartFlow,FinMind_API_TaiwanStockPrice_2395,True,2026-09-29T21:21:36,2026-09-29T21:21:36,2026-09-29T21:21:36
2395,研華,2022-05-30,367.0,3.5,0.96%,,31.97,,,,,,,ShowDailyK_ChartFlow,FinMind_API_TaiwanStockPrice_2395,True,2026-09-29T21:21:36,2026-09-29T21:21:36,2026-09-29T21:21:36
2395,研華,2022-05-31,361.0,-6.0,-1.63%,,31.45,,,,,,,ShowDailyK_ChartFlow,FinMind_API_TaiwanStockPrice_2395,True,2026-09-29T21:21:36,2026-09-29T21:21:36,2026-09-29T21:21:36
2395,研華,2022-06-01,358.0,-3.0,-0.83%,,31.18,,,,,,,ShowDailyK_ChartFlow,FinMind_API_TaiwanStockPrice_2395,True,2026-09-29T21:21:36,2026-09-29T21:21:36,2026-09-29T21:21:36
2395,研華,2022-06-02,348.5,-9.5,-2.65%,,30.36,,,,,,,ShowDailyK_ChartFlow,FinMind_API_TaiwanStockPrice_2395,True,2026-09-29T21:21:36,2026-09-29T21:21:36,2026-09-29T21:21:36
2395,研華,2022-06-06,358.0,9.5,2.73%,,31.18,,,,,,,ShowDailyK_ChartFlow,FinMind_API_TaiwanStockPrice_2395,True,2026-09-29T21:21:36,2026-09-29T21:21:36,2026-09-29T21:21:36
2395,研華,2022-06-07,348.0,-10.0,-2.79%,,30.31,,,,,,,ShowDailyK_ChartFlow,FinMind_API_TaiwanStockPrice_2395,True,2026-09-29T21:21:36,2026-09-29T21:21:36,2026-09-29T21:21:36
2395,研華,2022-06-08,349.0,1.0,0.29%,,30.4,,,,,,,ShowDailyK_ChartFlow,FinMind_API_TaiwanStockPrice_2395,True,2026-09-29T21:21:36,2026-09-29T21:21:36,2026-09-29T21:21:36
2395,研華,2022-06-09,353.0,4.0,1.15%,,30.75,,,,,,,ShowDailyK_ChartFlow,FinMind_API_TaiwanStockPrice_2395,True,2026-09-29T21:21:36,2026-09-29T21:21:36,2026-09-29T21:21:36
2395,研華,2022-06-10,346.5,-6.5,-1.84%,,30.18,,,,,,,ShowDailyK_ChartFlow,FinMind_API_TaiwanStockPrice_2395,True,2026-09-29T21:21:36,2026-09-29T21:21:36,2026-09-29T21:21:36
2395,研華,2022-06-13,334.5,-12.0,-3.46%,,29.14,,,,,,,ShowDailyK_ChartFlow,FinMind_API_TaiwanStockPrice_2395,True,2026-09-29T21:21:36,2026-09-29T21:21:36,2026-09-29T21:21:36
2395,研華,2022-06-14,336.0,1.5,0.45%,,29.27,,,,,,,ShowDailyK_ChartFlow,FinMind_API_TaiwanStockPrice_2395,True,2026-09-29T21:21:36,2026-09-29T21:21:36,2026-09-29T21:21:36
2395,研華,2022-06-15,336.0,0.0,0.00%,,29.27,,,,,,,ShowDailyK_ChartFlow,FinMind_API_TaiwanStockPrice_2395,True,2026-09-29T21:21:36,2026-09-29T21:21:36,2026-09-29T21:21:36
2395,研華,2022-06-16,336.0,0.0,0.00%,,29.27,,,,,,,ShowDailyK_ChartFlow,FinMind_API_TaiwanStockPrice_2395,True,2026-09-29T21:21:36,2026-09-29T21:21:36,2026-09-29T21:21:36
2395,研華,2022-06-17,329.5,-6.5,-1.93%,,28.7,,,,,,,ShowDailyK_ChartFlow,FinMind_API_TaiwanStockPrice_2395,True,2026-09-29T21:21:36,2026-09-29T21:21:36,2026-09-29T21:21:36
2395,研華,2022-06-20,330.0,0.5,0.15%,,28.75,,,,,,,ShowDailyK_ChartFlow,FinMind_API_TaiwanStockPrice_2395,True,2026-09-29T21:21:36,2026-09-29T21:21:36,2026-09-29T21:21:36
2395,研華,2022-06-21,338.0,8.0,2.42%,,29.44,,,,,,,ShowDailyK_ChartFlow,FinMind_API_TaiwanStockPrice_2395,True,2026-09-29T21:21:36,2026-09-29T21:21:36,2026-09-29T21:21:36
2395,研華,2022-06-22,341.0,3.0,0.89%,,29.7,,,,,,,ShowDailyK_ChartFlow,FinMind_API_TaiwanStockPrice_2395,True,2026-09-29T21:21:36,2026-09-29T21:21:36,2026-09-29T21:21:36
2395,研華,2022-06-23,338.5,-2.5,-0.73%,,29.49,,,,,,,ShowDailyK_ChartFlow,FinMind_API_TaiwanStockPrice_2395,True,2026-09-29T21:21:36,2026-09-29T21:21:36,2026-09-29T21:21:36
2395,研華,2022-06-24,346.0,7.5,2.22%,,30.14,,,,,,,ShowDailyK_ChartFlow,FinMind_API_TaiwanStockPrice_2395,True,2026-09-29T21:21:36,2026-09-29T21:21:36,2026-09-29T21:21:36
2395,研華,2022-06-27,354.0,8.0,2.31%,,30.84,,,,,,,ShowDailyK_ChartFlow,FinMind_API_TaiwanStockPrice_2395,True,2026-09-29T21:21:36,2026-09-29T21:21:36,2026-09-29T21:21:36
2395,研華,2022-06-28,347.5,-6.5,-1.84%,,30.27,,,,,,,ShowDailyK_ChartFlow,FinMind_API_TaiwanStockPrice_2395,True,2026-09-29T21:21:36,2026-09-29T21:21:36,2026-09-29T21:21:36
2395,研華,2022-06-29,350.0,2.5,0.72%,,30.49,,,,,,,ShowDailyK_ChartFlow,FinMind_API_TaiwanStockPrice_2395,True,2026-09-29T21:21:36,2026-09-29T21:21:36,2026-09-29T21:21:36
2395,研華,2022-06-30,346.0,-4.0,-1.14%,,30.14,,,,,,,ShowDailyK_ChartFlow,FinMind_API_TaiwanStockPrice_2395,True,2026-09-29T21:21:36,2026-09-29T21:21:36,2026-09-29T21:21:36
2395,研華,2022-07-01,346.5,0.5,0.14%,,30.18,,,,,,,ShowDailyK_ChartFlow,FinMind_API_TaiwanStockPrice_2395,True,2026-09-29T21:21:36,2026-09-29T21:21:36,2026-09-29T21:21:36
2395,研華,2022-07-04,339.0,-7.5,-2.16%,,29.53,,,,,,,ShowDailyK_ChartFlow,FinMind_API_TaiwanStockPrice_2395,True,2026-09-29T21:21:36,2026-09-29T21:21:36,2026-09-29T21:21:36
2395,研華,2022-07-05,338.0,-1.0,-0.29%,,29.44,,,,,,,ShowDailyK_ChartFlow,FinMind_API_TaiwanStockPrice_2395,True,2026-09-29T21:21:36,2026-09-29T21:21:36,2026-09-29T21:21:36
2395,研華,2022-07-06,328.5,-9.5,-2.81%,,28.61,,,,,,,ShowDailyK_ChartFlow,FinMind_API_TaiwanStockPrice_2395,True,2026-09-29T21:21:36,2026-09-29T21:21:36,2026-09-29T21:21:36
2395,研華,2022-07-07,327.5,-1.0,-0.30%,,28.53,,,,,,,ShowDailyK_ChartFlow,FinMind_API_TaiwanStockPrice_2395,True,2026-09-29T21:21:36,2026-09-29T21:21:36,2026-09-29T21:21:36
2395,研華,2022-07-08,331.0,3.5,1.07%,,28.83,,,,,,,ShowDailyK_ChartFlow,FinMind_API_TaiwanStockPrice_2395,True,2026-09-29T21:21:36,2026-09-29T21:21:36,2026-09-29T21:21:36
2395,研華,2022-07-11,331.0,0.0,0.00%,,28.83,,,,,,,ShowDailyK_ChartFlow,FinMind_API_TaiwanStockPrice_2395,True,2026-09-29T21:21:36,2026-09-29T21:21:36,2026-09-29T21:21:36
2395,研華,2022-07-12,317.0,-14.0,-4.23%,,27.61,,,,,,,ShowDailyK_ChartFlow,FinMind_API_TaiwanStockPrice_2395,True,2026-09-29T21:21:36,2026-09-29T21:21:36,2026-09-29T21:21:36
2395,研華,2022-07-13,320.5,3.5,1.10%,,27.92,,,,,,,ShowDailyK_ChartFlow,FinMind_API_TaiwanStockPrice_2395,True,2026-09-29T21:21:36,2026-09-29T21:21:36,2026-09-29T21:21:36
2395,研華,2022-07-14,327.0,6.5,2.03%,,28.48,,,,,,,ShowDailyK_ChartFlow,FinMind_API_TaiwanStockPrice_2395,True,2026-09-29T21:21:36,2026-09-29T21:21:36,2026-09-29T21:21:36
2395,研華,2022-07-15,337.5,10.5,3.21%,,29.4,,,,,,,ShowDailyK_ChartFlow,FinMind_API_TaiwanStockPrice_2395,True,2026-09-29T21:21:36,2026-09-29T21:21:36,2026-09-29T21:21:36
2395,研華,2022-07-18,338.5,1.0,0.30%,,29.49,,,,,,,ShowDailyK_ChartFlow,FinMind_API_TaiwanStockPrice_2395,True,2026-09-29T21:21:36,2026-09-29T21:21:36,2026-09-29T21:21:36
2395,研華,2022-07-19,335.0,-3.5,-1.03%,,29.18,,,,,,,ShowDailyK_ChartFlow,FinMind_API_TaiwanStockPrice_2395,True,2026-09-29T21:21:36,2026-09-29T21:21:36,2026-09-29T21:21:36
2395,研華,2022-07-20,336.0,1.0,0.30%,,29.27,,,,,,,ShowDailyK_ChartFlow,FinMind_API_TaiwanStockPrice_2395,True,2026-09-29T21:21:36,2026-09-29T21:21:36,2026-09-29T21:21:36
2395,研華,2022-07-21,340.5,4.5,1.34%,,29.66,,,,,,,ShowDailyK_ChartFlow,FinMind_API_TaiwanStockPrice_2395,True,2026-09-29T21:21:36,2026-09-29T21:21:36,2026-09-29T21:21:36
2395,研華,2022-07-22,337.5,-3.0,-0.88%,,29.4,,,,,,,ShowDailyK_ChartFlow,FinMind_API_TaiwanStockPrice_2395,True,2026-09-29T21:21:36,2026-09-29T21:21:36,2026-09-29T21:21:36
2395,研華,2022-07-25,341.0,3.5,1.04%,,29.7,,,,,,,ShowDailyK_ChartFlow,FinMind_API_TaiwanStockPrice_2395,True,2026-09-29T21:21:36,2026-09-29T21:21:36,2026-09-29T21:21:36
2395,研華,2022-07-26,330.5,-10.5,-3.08%,,28.79,,,,,,,ShowDailyK_ChartFlow,FinMind_API_TaiwanStockPrice_2395,True,2026-09-29T21:21:36,2026-09-29T21:21:36,2026-09-29T21:21:36
2395,研華,2022-07-27,338.0,7.5,2.27%,,29.44,,,,,,,ShowDailyK_ChartFlow,FinMind_API_TaiwanStockPrice_2395,True,2026-09-29T21:21:36,2026-09-29T21:21:36,2026-09-29T21:21:36
2395,研華,2022-07-28,339.5,1.5,0.44%,,29.57,,,,,,,ShowDailyK_ChartFlow,FinMind_API_TaiwanStockPrice_2395,True,2026-09-29T21:21:36,2026-09-29T21:21:36,2026-09-29T21:21:36
2395,研華,2022-07-29,342.5,3.0,0.88%,,27.76,,,,,,,ShowDailyK_ChartFlow,FinMind_API_TaiwanStockPrice_2395,True,2026-09-29T21:21:36,2026-09-29T21:21:36,2026-09-29T21:21:36
2395,研華,2022-08-01,349.0,6.5,1.90%,,28.28,,,,,,,ShowDailyK_ChartFlow,FinMind_API_TaiwanStockPrice_2395,True,2026-09-29T21:21:36,2026-09-29T21:21:36,2026-09-29T21:21:36
2395,研華,2022-08-02,349.0,0.0,0.00%,,28.28,,,,,,,ShowDailyK_ChartFlow,FinMind_API_TaiwanStockPrice_2395,True,2026-09-29T21:21:36,2026-09-29T21:21:36,2026-09-29T21:21:36
2395,研華,2022-08-03,348.5,-0.5,-0.14%,,28.24,,,,,,,ShowDailyK_ChartFlow,FinMind_API_TaiwanStockPrice_2395,True,2026-09-29T21:21:36,2026-09-29T21:21:36,2026-09-29T21:21:36
2395,研華,2022-08-04,342.0,-6.5,-1.87%,,27.71,,,,,,,ShowDailyK_ChartFlow,FinMind_API_TaiwanStockPrice_2395,True,2026-09-29T21:21:36,2026-09-29T21:21:36,2026-09-29T21:21:36
2395,研華,2022-08-05,354.5,12.5,3.65%,,28.73,,,,,,,ShowDailyK_ChartFlow,FinMind_API_TaiwanStockPrice_2395,True,2026-09-29T21:21:36,2026-09-29T21:21:36,2026-09-29T21:21:36
2395,研華,2022-08-08,346.5,-8.0,-2.26%,,28.08,,,,,,,ShowDailyK_ChartFlow,FinMind_API_TaiwanStockPrice_2395,True,2026-09-29T21:21:36,2026-09-29T21:21:36,2026-09-29T21:21:36
2395,研華,2022-08-09,349.5,3.0,0.87%,,28.32,,,,,,,ShowDailyK_ChartFlow,FinMind_API_TaiwanStockPrice_2395,True,2026-09-29T21:21:36,2026-09-29T21:21:36,2026-09-29T21:21:36
2395,研華,2022-08-10,340.0,-9.5,-2.72%,,27.55,,,,,,,ShowDailyK_ChartFlow,FinMind_API_TaiwanStockPrice_2395,True,2026-09-29T21:21:36,2026-09-29T21:21:36,2026-09-29T21:21:36
2395,研華,2022-08-11,340.0,0.0,0.00%,,27.55,,,,,,,ShowDailyK_ChartFlow,FinMind_API_TaiwanStockPrice_2395,True,2026-09-29T21:21:36,2026-09-29T21:21:36,2026-09-29T21:21:36
2395,研華,2022-08-12,338.0,-2.0,-0.59%,,27.39,,,,,,,ShowDailyK_ChartFlow,FinMind_API_TaiwanStockPrice_2395,True,2026-09-29T21:21:36,2026-09-29T21:21:36,2026-09-29T21:21:36
2395,研華,2022-08-15,341.0,3.0,0.89%,,27.63,,,,,,,ShowDailyK_ChartFlow,FinMind_API_TaiwanStockPrice_2395,True,2026-09-29T21:21:36,2026-09-29T21:21:36,2026-09-29T21:21:36
2395,研華,2022-08-16,342.5,1.5,0.44%,,27.76,,,,,,,ShowDailyK_ChartFlow,FinMind_API_TaiwanStockPrice_2395,True,2026-09-29T21:21:36,2026-09-29T21:21:36,2026-09-29T21:21:36
2395,研華,2022-08-17,342.0,-0.5,-0.15%,,27.71,,,,,,,ShowDailyK_ChartFlow,FinMind_API_TaiwanStockPrice_2395,True,2026-09-29T21:21:36,2026-09-29T21:21:36,2026-09-29T21:21:36
2395,研華,2022-08-18,340.5,-1.5,-0.44%,,27.59,,,,,,,ShowDailyK_ChartFlow,FinMind_API_TaiwanStockPrice_2395,True,2026-09-29T21:21:36,2026-09-29T21:21:36,2026-09-29T21:21:36
2395,研華,2022-08-19,347.0,6.5,1.91%,,28.12,,,,,,,ShowDailyK_ChartFlow,FinMind_API_TaiwanStockPrice_2395,True,2026-09-29T21:21:36,2026-09-29T21:21:36,2026-09-29T21:21:36
2395,研華,2022-08-22,343.0,-4.0,-1.15%,,27.8,,,,,,,ShowDailyK_ChartFlow,FinMind_API_TaiwanStockPrice_2395,True,2026-09-29T21:21:36,2026-09-29T21:21:36,2026-09-29T21:21:36
2395,研華,2022-08-23,334.0,-9.0,-2.62%,,27.07,,,,,,,ShowDailyK_ChartFlow,FinMind_API_TaiwanStockPrice_2395,True,2026-09-29T21:21:36,2026-09-29T21:21:36,2026-09-29T21:21:36
2395,研華,2022-08-24,322.0,-12.0,-3.59%,,26.09,,,,,,,ShowDailyK_ChartFlow,FinMind_API_TaiwanStockPrice_2395,True,2026-09-29T21:21:36,2026-09-29T21:21:36,2026-09-29T21:21:36
2395,研華,2022-08-25,328.5,6.5,2.02%,,26.62,,,,,,,ShowDailyK_ChartFlow,FinMind_API_TaiwanStockPrice_2395,True,2026-09-29T21:21:36,2026-09-29T21:21:36,2026-09-29T21:21:36
2395,研華,2022-08-26,328.0,-0.5,-0.15%,,26.58,,,,,,,ShowDailyK_ChartFlow,FinMind_API_TaiwanStockPrice_2395,True,2026-09-29T21:21:36,2026-09-29T21:21:36,2026-09-29T21:21:36
2395,研華,2022-08-29,319.5,-8.5,-2.59%,,25.89,,,,,,,ShowDailyK_ChartFlow,FinMind_API_TaiwanStockPrice_2395,True,2026-09-29T21:21:36,2026-09-29T21:21:36,2026-09-29T21:21:36
2395,研華,2022-08-30,325.0,5.5,1.72%,,26.34,,,,,,,ShowDailyK_ChartFlow,FinMind_API_TaiwanStockPrice_2395,True,2026-09-29T21:21:36,2026-09-29T21:21:36,2026-09-29T21:21:36
2395,研華,2022-08-31,327.5,2.5,0.77%,,26.54,,,,,,,ShowDailyK_ChartFlow,FinMind_API_TaiwanStockPrice_2395,True,2026-09-29T21:21:36,2026-09-29T21:21:36,2026-09-29T21:21:36
2395,研華,2022-09-01,318.5,-9.0,-2.75%,,25.81,,,,,,,ShowDailyK_ChartFlow,FinMind_API_TaiwanStockPrice_2395,True,2026-09-29T21:21:36,2026-09-29T21:21:36,2026-09-29T21:21:36
2395,研華,2022-09-02,312.0,-6.5,-2.04%,,25.28,,,,,,,ShowDailyK_ChartFlow,FinMind_API_TaiwanStockPrice_2395,True,2026-09-29T21:21:36,2026-09-29T21:21:36,2026-09-29T21:21:36
2395,研華,2022-09-05,310.5,-1.5,-0.48%,,25.16,,,,,,,ShowDailyK_ChartFlow,FinMind_API_TaiwanStockPrice_2395,True,2026-09-29T21:21:36,2026-09-29T21:21:36,2026-09-29T21:21:36
2395,研華,2022-09-06,314.0,3.5,1.13%,,25.45,,,,,,,ShowDailyK_ChartFlow,FinMind_API_TaiwanStockPrice_2395,True,2026-09-29T21:21:36,2026-09-29T21:21:36,2026-09-29T21:21:36
2395,研華,2022-09-07,311.5,-2.5,-0.80%,,25.24,,,,,,,ShowDailyK_ChartFlow,FinMind_API_TaiwanStockPrice_2395,True,2026-09-29T21:21:36,2026-09-29T21:21:36,2026-09-29T21:21:36
2395,研華,2022-09-08,313.5,2.0,0.64%,,25.41,,,,,,,ShowDailyK_ChartFlow,FinMind_API_TaiwanStockPrice_2395,True,2026-09-29T21:21:36,2026-09-29T21:21:36,2026-09-29T21:21:36
2395,研華,2022-09-12,324.0,10.5,3.35%,,26.26,,,,,,,ShowDailyK_ChartFlow,FinMind_API_TaiwanStockPrice_2395,True,2026-09-29T21:21:36,2026-09-29T21:21:36,2026-09-29T21:21:36
2395,研華,2022-09-13,324.0,0.0,0.00%,,26.26,,,,,,,ShowDailyK_ChartFlow,FinMind_API_TaiwanStockPrice_2395,True,2026-09-29T21:21:36,2026-09-29T21:21:36,2026-09-29T21:21:36
2395,研華,2022-09-14,321.5,-2.5,-0.77%,,26.05,,,,,,,ShowDailyK_ChartFlow,FinMind_API_TaiwanStockPrice_2395,True,2026-09-29T21:21:36,2026-09-29T21:21:36,2026-09-29T21:21:36
2395,研華,2022-09-15,322.5,1.0,0.31%,,26.13,,,,,,,ShowDailyK_ChartFlow,FinMind_API_TaiwanStockPrice_2395,True,2026-09-29T21:21:36,2026-09-29T21:21:36,2026-09-29T21:21:36
2395,研華,2022-09-16,320.0,-2.5,-0.78%,,25.93,,,,,,,ShowDailyK_ChartFlow,FinMind_API_TaiwanStockPrice_2395,True,2026-09-29T21:21:36,2026-09-29T21:21:36,2026-09-29T21:21:36
2395,研華,2022-09-19,321.0,1.0,0.31%,,26.01,,,,,,,ShowDailyK_ChartFlow,FinMind_API_TaiwanStockPrice_2395,True,2026-09-29T21:21:36,2026-09-29T21:21:36,2026-09-29T21:21:36
2395,研華,2022-09-20,320.5,-0.5,-0.16%,,25.97,,,,,,,ShowDailyK_ChartFlow,FinMind_API_TaiwanStockPrice_2395,True,2026-09-29T21:21:36,2026-09-29T21:21:36,2026-09-29T21:21:36
2395,研華,2022-09-21,317.0,-3.5,-1.09%,,25.69,,,,,,,ShowDailyK_ChartFlow,FinMind_API_TaiwanStockPrice_2395,True,2026-09-29T21:21:36,2026-09-29T21:21:36,2026-09-29T21:21:36
2395,研華,2022-09-22,315.5,-1.5,-0.47%,,25.57,,,,,,,ShowDailyK_ChartFlow,FinMind_API_TaiwanStockPrice_2395,True,2026-09-29T21:21:36,2026-09-29T21:21:36,2026-09-29T21:21:36
2395,研華,2022-09-23,306.5,-9.0,-2.85%,,24.84,,,,,,,ShowDailyK_ChartFlow,FinMind_API_TaiwanStockPrice_2395,True,2026-09-29T21:21:36,2026-09-29T21:21:36,2026-09-29T21:21:36
2395,研華,2022-09-26,299.5,-7.0,-2.28%,,24.27,,,,,,,ShowDailyK_ChartFlow,FinMind_API_TaiwanStockPrice_2395,True,2026-09-29T21:21:36,2026-09-29T21:21:36,2026-09-29T21:21:36
2395,研華,2022-09-27,300.0,0.5,0.17%,,24.31,,,,,,,ShowDailyK_ChartFlow,FinMind_API_TaiwanStockPrice_2395,True,2026-09-29T21:21:36,2026-09-29T21:21:36,2026-09-29T21:21:36
2395,研華,2022-09-28,301.0,1.0,0.33%,,24.39,,,,,,,ShowDailyK_ChartFlow,FinMind_API_TaiwanStockPrice_2395,True,2026-09-29T21:21:36,2026-09-29T21:21:36,2026-09-29T21:21:36
2395,研華,2022-09-29,297.0,-4.0,-1.33%,,24.07,,,,,,,ShowDailyK_ChartFlow,FinMind_API_TaiwanStockPrice_2395,True,2026-09-29T21:21:36,2026-09-29T21:21:36,2026-09-29T21:21:36
2395,研華,2022-09-30,293.5,-3.5,-1.18%,,23.78,,,,,,,ShowDailyK_ChartFlow,FinMind_API_TaiwanStockPrice_2395,True,2026-09-29T21:21:36,2026-09-29T21:21:36,2026-09-29T21:21:36
2395,研華,2022-10-03,297.0,3.5,1.19%,,24.07,,,,,,,ShowDailyK_ChartFlow,FinMind_API_TaiwanStockPrice_2395,True,2026-09-29T21:21:36,2026-09-29T21:21:36,2026-09-29T21:21:36
2395,研華,2022-10-04,299.5,2.5,0.84%,,24.27,,,,,,,ShowDailyK_ChartFlow,FinMind_API_TaiwanStockPrice_2395,True,2026-09-29T21:21:36,2026-09-29T21:21:36,2026-09-29T21:21:36
2395,研華,2022-10-05,302.5,3.0,1.00%,,24.51,,,,,,,ShowDailyK_ChartFlow,FinMind_API_TaiwanStockPrice_2395,True,2026-09-29T21:21:36,2026-09-29T21:21:36,2026-09-29T21:21:36
2395,研華,2022-10-06,302.5,0.0,0.00%,,24.51,,,,,,,ShowDailyK_ChartFlow,FinMind_API_TaiwanStockPrice_2395,True,2026-09-29T21:21:36,2026-09-29T21:21:36,2026-09-29T21:21:36
2395,研華,2022-10-07,301.5,-1.0,-0.33%,,24.43,,,,,,,ShowDailyK_ChartFlow,FinMind_API_TaiwanStockPrice_2395,True,2026-09-29T21:21:36,2026-09-29T21:21:36,2026-09-29T21:21:36
2395,研華,2022-10-11,292.5,-9.0,-2.99%,,23.7,,,,,,,ShowDailyK_ChartFlow,FinMind_API_TaiwanStockPrice_2395,True,2026-09-29T21:21:36,2026-09-29T21:21:36,2026-09-29T21:21:36
2395,研華,2022-10-12,296.5,4.0,1.37%,,24.03,,,,,,,ShowDailyK_ChartFlow,FinMind_API_TaiwanStockPrice_2395,True,2026-09-29T21:21:36,2026-09-29T21:21:36,2026-09-29T21:21:36
2395,研華,2022-10-13,290.5,-6.0,-2.02%,,23.54,,,,,,,ShowDailyK_ChartFlow,FinMind_API_TaiwanStockPrice_2395,True,2026-09-29T21:21:36,2026-09-29T21:21:36,2026-09-29T21:21:36
2395,研華,2022-10-14,292.5,2.0,0.69%,,23.7,,,,,,,ShowDailyK_ChartFlow,FinMind_API_TaiwanStockPrice_2395,True,2026-09-29T21:21:36,2026-09-29T21:21:36,2026-09-29T21:21:36
2395,研華,2022-10-17,295.0,2.5,0.85%,,23.91,,,,,,,ShowDailyK_ChartFlow,FinMind_API_TaiwanStockPrice_2395,True,2026-09-29T21:21:36,2026-09-29T21:21:36,2026-09-29T21:21:36
2395,研華,2022-10-18,301.5,6.5,2.20%,,24.43,,,,,,,ShowDailyK_ChartFlow,FinMind_API_TaiwanStockPrice_2395,True,2026-09-29T21:21:36,2026-09-29T21:21:36,2026-09-29T21:21:36
2395,研華,2022-10-19,297.5,-4.0,-1.33%,,24.11,,,,,,,ShowDailyK_ChartFlow,FinMind_API_TaiwanStockPrice_2395,True,2026-09-29T21:21:36,2026-09-29T21:21:36,2026-09-29T21:21:36
2395,研華,2022-10-20,311.0,13.5,4.54%,,25.2,,,,,,,ShowDailyK_ChartFlow,FinMind_API_TaiwanStockPrice_2395,True,2026-09-29T21:21:36,2026-09-29T21:21:36,2026-09-29T21:21:36
2395,研華,2022-10-21,298.0,-13.0,-4.18%,,24.15,,,,,,,ShowDailyK_ChartFlow,FinMind_API_TaiwanStockPrice_2395,True,2026-09-29T21:21:36,2026-09-29T21:21:36,2026-09-29T21:21:36
2395,研華,2022-10-24,293.0,-5.0,-1.68%,,23.74,,,,,,,ShowDailyK_ChartFlow,FinMind_API_TaiwanStockPrice_2395,True,2026-09-29T21:21:36,2026-09-29T21:21:36,2026-09-29T21:21:36
2395,研華,2022-10-25,294.0,1.0,0.34%,,23.82,,,,,,,ShowDailyK_ChartFlow,FinMind_API_TaiwanStockPrice_2395,True,2026-09-29T21:21:36,2026-09-29T21:21:36,2026-09-29T21:21:36
2395,研華,2022-10-26,297.0,3.0,1.02%,,24.07,,,,,,,ShowDailyK_ChartFlow,FinMind_API_TaiwanStockPrice_2395,True,2026-09-29T21:21:36,2026-09-29T21:21:36,2026-09-29T21:21:36
2395,研華,2022-10-27,299.0,2.0,0.67%,,24.23,,,,,,,ShowDailyK_ChartFlow,FinMind_API_TaiwanStockPrice_2395,True,2026-09-29T21:21:36,2026-09-29T21:21:36,2026-09-29T21:21:36
2395,研華,2022-10-28,293.5,-5.5,-1.84%,,21.77,,,,,,,ShowDailyK_ChartFlow,FinMind_API_TaiwanStockPrice_2395,True,2026-09-29T21:21:36,2026-09-29T21:21:36,2026-09-29T21:21:36
2395,研華,2022-10-31,293.0,-0.5,-0.17%,,21.74,,,,,,,ShowDailyK_ChartFlow,FinMind_API_TaiwanStockPrice_2395,True,2026-09-29T21:21:36,2026-09-29T21:21:36,2026-09-29T21:21:36
2395,研華,2022-11-01,297.0,4.0,1.37%,,22.03,,,,,,,ShowDailyK_ChartFlow,FinMind_API_TaiwanStockPrice_2395,True,2026-09-29T21:21:36,2026-09-29T21:21:36,2026-09-29T21:21:36
2395,研華,2022-11-02,298.0,1.0,0.34%,,22.11,,,,,,,ShowDailyK_ChartFlow,FinMind_API_TaiwanStockPrice_2395,True,2026-09-29T21:21:36,2026-09-29T21:21:36,2026-09-29T21:21:36
2395,研華,2022-11-03,281.0,-17.0,-5.70%,,20.85,,,,,,,ShowDailyK_ChartFlow,FinMind_API_TaiwanStockPrice_2395,True,2026-09-29T21:21:36,2026-09-29T21:21:36,2026-09-29T21:21:36
2395,研華,2022-11-04,277.0,-4.0,-1.42%,,20.55,,,,,,,ShowDailyK_ChartFlow,FinMind_API_TaiwanStockPrice_2395,True,2026-09-29T21:21:36,2026-09-29T21:21:36,2026-09-29T21:21:36
2395,研華,2022-11-07,292.0,15.0,5.42%,,21.66,,,,,,,ShowDailyK_ChartFlow,FinMind_API_TaiwanStockPrice_2395,True,2026-09-29T21:21:36,2026-09-29T21:21:36,2026-09-29T21:21:36
2395,研華,2022-11-08,299.5,7.5,2.57%,,22.22,,,,,,,ShowDailyK_ChartFlow,FinMind_API_TaiwanStockPrice_2395,True,2026-09-29T21:21:36,2026-09-29T21:21:36,2026-09-29T21:21:36
2395,研華,2022-11-09,308.0,8.5,2.84%,,22.85,,,,,,,ShowDailyK_ChartFlow,FinMind_API_TaiwanStockPrice_2395,True,2026-09-29T21:21:36,2026-09-29T21:21:36,2026-09-29T21:21:36
2395,研華,2022-11-10,300.5,-7.5,-2.44%,,22.29,,,,,,,ShowDailyK_ChartFlow,FinMind_API_TaiwanStockPrice_2395,True,2026-09-29T21:21:36,2026-09-29T21:21:36,2026-09-29T21:21:36
2395,研華,2022-11-11,315.0,14.5,4.83%,,23.37,,,,,,,ShowDailyK_ChartFlow,FinMind_API_TaiwanStockPrice_2395,True,2026-09-29T21:21:36,2026-09-29T21:21:36,2026-09-29T21:21:36
2395,研華,2022-11-14,319.0,4.0,1.27%,,23.66,,,,,,,ShowDailyK_ChartFlow,FinMind_API_TaiwanStockPrice_2395,True,2026-09-29T21:21:36,2026-09-29T21:21:36,2026-09-29T21:21:36
2395,研華,2022-11-15,323.5,4.5,1.41%,,24.0,,,,,,,ShowDailyK_ChartFlow,FinMind_API_TaiwanStockPrice_2395,True,2026-09-29T21:21:36,2026-09-29T21:21:36,2026-09-29T21:21:36
2395,研華,2022-11-16,323.0,-0.5,-0.15%,,23.96,,,,,,,ShowDailyK_ChartFlow,FinMind_API_TaiwanStockPrice_2395,True,2026-09-29T21:21:36,2026-09-29T21:21:36,2026-09-29T21:21:36
2395,研華,2022-11-17,316.5,-6.5,-2.01%,,23.48,,,,,,,ShowDailyK_ChartFlow,FinMind_API_TaiwanStockPrice_2395,True,2026-09-29T21:21:36,2026-09-29T21:21:36,2026-09-29T21:21:36
2395,研華,2022-11-18,312.5,-4.0,-1.26%,,23.18,,,,,,,ShowDailyK_ChartFlow,FinMind_API_TaiwanStockPrice_2395,True,2026-09-29T21:21:36,2026-09-29T21:21:36,2026-09-29T21:21:36
2395,研華,2022-11-21,311.0,-1.5,-0.48%,,23.07,,,,,,,ShowDailyK_ChartFlow,FinMind_API_TaiwanStockPrice_2395,True,2026-09-29T21:21:36,2026-09-29T21:21:36,2026-09-29T21:21:36
2395,研華,2022-11-22,313.0,2.0,0.64%,,23.22,,,,,,,ShowDailyK_ChartFlow,FinMind_API_TaiwanStockPrice_2395,True,2026-09-29T21:21:36,2026-09-29T21:21:36,2026-09-29T21:21:36
2395,研華,2022-11-23,318.5,5.5,1.76%,,23.63,,,,,,,ShowDailyK_ChartFlow,FinMind_API_TaiwanStockPrice_2395,True,2026-09-29T21:21:36,2026-09-29T21:21:36,2026-09-29T21:21:36
2395,研華,2022-11-24,321.0,2.5,0.78%,,23.81,,,,,,,ShowDailyK_ChartFlow,FinMind_API_TaiwanStockPrice_2395,True,2026-09-29T21:21:36,2026-09-29T21:21:36,2026-09-29T21:21:36
2395,研華,2022-11-25,317.5,-3.5,-1.09%,,23.55,,,,,,,ShowDailyK_ChartFlow,FinMind_API_TaiwanStockPrice_2395,True,2026-09-29T21:21:36,2026-09-29T21:21:36,2026-09-29T21:21:36
2395,研華,2022-11-28,317.0,-0.5,-0.16%,,23.52,,,,,,,ShowDailyK_ChartFlow,FinMind_API_TaiwanStockPrice_2395,True,2026-09-29T21:21:36,2026-09-29T21:21:36,2026-09-29T21:21:36
2395,研華,2022-11-29,319.5,2.5,0.79%,,23.7,,,,,,,ShowDailyK_ChartFlow,FinMind_API_TaiwanStockPrice_2395,True,2026-09-29T21:21:36,2026-09-29T21:21:36,2026-09-29T21:21:36
2395,研華,2022-11-30,333.0,13.5,4.23%,,24.7,,,,,,,ShowDailyK_ChartFlow,FinMind_API_TaiwanStockPrice_2395,True,2026-09-29T21:21:36,2026-09-29T21:21:36,2026-09-29T21:21:36
2395,研華,2022-12-01,325.5,-7.5,-2.25%,,24.15,,,,,,,ShowDailyK_ChartFlow,FinMind_API_TaiwanStockPrice_2395,True,2026-09-29T21:21:36,2026-09-29T21:21:36,2026-09-29T21:21:36
2395,研華,2022-12-02,323.0,-2.5,-0.77%,,23.96,,,,,,,ShowDailyK_ChartFlow,FinMind_API_TaiwanStockPrice_2395,True,2026-09-29T21:21:36,2026-09-29T21:21:36,2026-09-29T21:21:36
2395,研華,2022-12-05,330.0,7.0,2.17%,,24.48,,,,,,,ShowDailyK_ChartFlow,FinMind_API_TaiwanStockPrice_2395,True,2026-09-29T21:21:36,2026-09-29T21:21:36,2026-09-29T21:21:36
2395,研華,2022-12-06,327.0,-3.0,-0.91%,,24.26,,,,,,,ShowDailyK_ChartFlow,FinMind_API_TaiwanStockPrice_2395,True,2026-09-29T21:21:36,2026-09-29T21:21:36,2026-09-29T21:21:36
2395,研華,2022-12-07,331.5,4.5,1.38%,,24.59,,,,,,,ShowDailyK_ChartFlow,FinMind_API_TaiwanStockPrice_2395,True,2026-09-29T21:21:36,2026-09-29T21:21:36,2026-09-29T21:21:36
2395,研華,2022-12-08,329.5,-2.0,-0.60%,,24.44,,,,,,,ShowDailyK_ChartFlow,FinMind_API_TaiwanStockPrice_2395,True,2026-09-29T21:21:36,2026-09-29T21:21:36,2026-09-29T21:21:36
2395,研華,2022-12-09,334.5,5.0,1.52%,,24.81,,,,,,,ShowDailyK_ChartFlow,FinMind_API_TaiwanStockPrice_2395,True,2026-09-29T21:21:36,2026-09-29T21:21:36,2026-09-29T21:21:36
2395,研華,2022-12-12,323.5,-11.0,-3.29%,,24.0,,,,,,,ShowDailyK_ChartFlow,FinMind_API_TaiwanStockPrice_2395,True,2026-09-29T21:21:36,2026-09-29T21:21:36,2026-09-29T21:21:36
2395,研華,2022-12-13,325.5,2.0,0.62%,,24.15,,,,,,,ShowDailyK_ChartFlow,FinMind_API_TaiwanStockPrice_2395,True,2026-09-29T21:21:36,2026-09-29T21:21:36,2026-09-29T21:21:36
2395,研華,2022-12-14,340.0,14.5,4.45%,,25.22,,,,,,,ShowDailyK_ChartFlow,FinMind_API_TaiwanStockPrice_2395,True,2026-09-29T21:21:36,2026-09-29T21:21:36,2026-09-29T21:21:36
2395,研華,2022-12-15,344.5,4.5,1.32%,,25.56,,,,,,,ShowDailyK_ChartFlow,FinMind_API_TaiwanStockPrice_2395,True,2026-09-29T21:21:36,2026-09-29T21:21:36,2026-09-29T21:21:36
2395,研華,2022-12-16,337.0,-7.5,-2.18%,,25.0,,,,,,,ShowDailyK_ChartFlow,FinMind_API_TaiwanStockPrice_2395,True,2026-09-29T21:21:36,2026-09-29T21:21:36,2026-09-29T21:21:36
2395,研華,2022-12-19,339.0,2.0,0.59%,,25.15,,,,,,,ShowDailyK_ChartFlow,FinMind_API_TaiwanStockPrice_2395,True,2026-09-29T21:21:36,2026-09-29T21:21:36,2026-09-29T21:21:36
2395,研華,2022-12-20,325.0,-14.0,-4.13%,,24.11,,,,,,,ShowDailyK_ChartFlow,FinMind_API_TaiwanStockPrice_2395,True,2026-09-29T21:21:36,2026-09-29T21:21:36,2026-09-29T21:21:36
2395,研華,2022-12-21,332.5,7.5,2.31%,,24.67,,,,,,,ShowDailyK_ChartFlow,FinMind_API_TaiwanStockPrice_2395,True,2026-09-29T21:21:36,2026-09-29T21:21:36,2026-09-29T21:21:36
2395,研華,2022-12-22,338.0,5.5,1.65%,,25.07,,,,,,,ShowDailyK_ChartFlow,FinMind_API_TaiwanStockPrice_2395,True,2026-09-29T21:21:36,2026-09-29T21:21:36,2026-09-29T21:21:36
2395,研華,2022-12-23,333.0,-5.0,-1.48%,,24.7,,,,,,,ShowDailyK_ChartFlow,FinMind_API_TaiwanStockPrice_2395,True,2026-09-29T21:21:36,2026-09-29T21:21:36,2026-09-29T21:21:36
2395,研華,2022-12-26,337.0,4.0,1.20%,,25.0,,,,,,,ShowDailyK_ChartFlow,FinMind_API_TaiwanStockPrice_2395,True,2026-09-29T21:21:36,2026-09-29T21:21:36,2026-09-29T21:21:36
2395,研華,2022-12-27,335.5,-1.5,-0.45%,,24.89,,,,,,,ShowDailyK_ChartFlow,FinMind_API_TaiwanStockPrice_2395,True,2026-09-29T21:21:36,2026-09-29T21:21:36,2026-09-29T21:21:36
2395,研華,2022-12-28,330.5,-5.0,-1.49%,,24.52,,,,,,,ShowDailyK_ChartFlow,FinMind_API_TaiwanStockPrice_2395,True,2026-09-29T21:21:36,2026-09-29T21:21:36,2026-09-29T21:21:36
2395,研華,2022-12-29,330.0,-0.5,-0.15%,,24.48,,,,,,,ShowDailyK_ChartFlow,FinMind_API_TaiwanStockPrice_2395,True,2026-09-29T21:21:36,2026-09-29T21:21:36,2026-09-29T21:21:36
2395,研華,2022-12-30,331.0,1.0,0.30%,,24.55,,,,,,,ShowDailyK_ChartFlow,FinMind_API_TaiwanStockPrice_2395,True,2026-09-29T21:21:36,2026-09-29T21:21:36,2026-09-29T21:21:36
2395,研華,2023-01-03,334.0,3.0,0.91%,,24.78,,,,,,,ShowDailyK_ChartFlow,FinMind_API_TaiwanStockPrice_2395,True,2026-09-29T21:21:36,2026-09-29T21:21:36,2026-09-29T21:21:36
2395,研華,2023-01-04,336.5,2.5,0.75%,,24.96,,,,,,,ShowDailyK_ChartFlow,FinMind_API_TaiwanStockPrice_2395,True,2026-09-29T21:21:36,2026-09-29T21:21:36,2026-09-29T21:21:36
2395,研華,2023-01-05,341.0,4.5,1.34%,,25.3,,,,,,,ShowDailyK_ChartFlow,FinMind_API_TaiwanStockPrice_2395,True,2026-09-29T21:21:36,2026-09-29T21:21:36,2026-09-29T21:21:36
2395,研華,2023-01-06,338.0,-3.0,-0.88%,,25.07,,,,,,,ShowDailyK_ChartFlow,FinMind_API_TaiwanStockPrice_2395,True,2026-09-29T21:21:36,2026-09-29T21:21:36,2026-09-29T21:21:36
2395,研華,2023-01-09,346.5,8.5,2.51%,,25.7,,,,,,,ShowDailyK_ChartFlow,FinMind_API_TaiwanStockPrice_2395,True,2026-09-29T21:21:36,2026-09-29T21:21:36,2026-09-29T21:21:36
2395,研華,2023-01-10,346.0,-0.5,-0.14%,,25.67,,,,,,,ShowDailyK_ChartFlow,FinMind_API_TaiwanStockPrice_2395,True,2026-09-29T21:21:36,2026-09-29T21:21:36,2026-09-29T21:21:36
2395,研華,2023-01-11,335.0,-11.0,-3.18%,,24.85,,,,,,,ShowDailyK_ChartFlow,FinMind_API_TaiwanStockPrice_2395,True,2026-09-29T21:21:36,2026-09-29T21:21:36,2026-09-29T21:21:36
2395,研華,2023-01-12,329.0,-6.0,-1.79%,,24.41,,,,,,,ShowDailyK_ChartFlow,FinMind_API_TaiwanStockPrice_2395,True,2026-09-29T21:21:36,2026-09-29T21:21:36,2026-09-29T21:21:36
2395,研華,2023-01-13,334.5,5.5,1.67%,,24.81,,,,,,,ShowDailyK_ChartFlow,FinMind_API_TaiwanStockPrice_2395,True,2026-09-29T21:21:36,2026-09-29T21:21:36,2026-09-29T21:21:36
2395,研華,2023-01-16,346.5,12.0,3.59%,,25.7,,,,,,,ShowDailyK_ChartFlow,FinMind_API_TaiwanStockPrice_2395,True,2026-09-29T21:21:36,2026-09-29T21:21:36,2026-09-29T21:21:36
2395,研華,2023-01-17,338.0,-8.5,-2.45%,,25.07,,,,,,,ShowDailyK_ChartFlow,FinMind_API_TaiwanStockPrice_2395,True,2026-09-29T21:21:36,2026-09-29T21:21:36,2026-09-29T21:21:36
2395,研華,2023-01-30,351.5,13.5,3.99%,,26.08,,,,,,,ShowDailyK_ChartFlow,FinMind_API_TaiwanStockPrice_2395,True,2026-09-29T21:21:36,2026-09-29T21:21:36,2026-09-29T21:21:36
2395,研華,2023-01-31,341.0,-10.5,-2.99%,,25.3,,,,,,,ShowDailyK_ChartFlow,FinMind_API_TaiwanStockPrice_2395,True,2026-09-29T21:21:36,2026-09-29T21:21:36,2026-09-29T21:21:36
2395,研華,2023-02-01,346.0,5.0,1.47%,,25.67,,,,,,,ShowDailyK_ChartFlow,FinMind_API_TaiwanStockPrice_2395,True,2026-09-29T21:21:36,2026-09-29T21:21:36,2026-09-29T21:21:36
2395,研華,2023-02-02,352.5,6.5,1.88%,,26.15,,,,,,,ShowDailyK_ChartFlow,FinMind_API_TaiwanStockPrice_2395,True,2026-09-29T21:21:36,2026-09-29T21:21:36,2026-09-29T21:21:36
2395,研華,2023-02-03,360.0,7.5,2.13%,,26.71,,,,,,,ShowDailyK_ChartFlow,FinMind_API_TaiwanStockPrice_2395,True,2026-09-29T21:21:36,2026-09-29T21:21:36,2026-09-29T21:21:36
2395,研華,2023-02-06,359.5,-0.5,-0.14%,,26.67,,,,,,,ShowDailyK_ChartFlow,FinMind_API_TaiwanStockPrice_2395,True,2026-09-29T21:21:36,2026-09-29T21:21:36,2026-09-29T21:21:36
2395,研華,2023-02-07,362.5,3.0,0.83%,,26.89,,,,,,,ShowDailyK_ChartFlow,FinMind_API_TaiwanStockPrice_2395,True,2026-09-29T21:21:36,2026-09-29T21:21:36,2026-09-29T21:21:36
2395,研華,2023-02-08,364.5,2.0,0.55%,,27.04,,,,,,,ShowDailyK_ChartFlow,FinMind_API_TaiwanStockPrice_2395,True,2026-09-29T21:21:36,2026-09-29T21:21:36,2026-09-29T21:21:36
2395,研華,2023-02-09,359.5,-5.0,-1.37%,,26.67,,,,,,,ShowDailyK_ChartFlow,FinMind_API_TaiwanStockPrice_2395,True,2026-09-29T21:21:36,2026-09-29T21:21:36,2026-09-29T21:21:36
2395,研華,2023-02-10,358.0,-1.5,-0.42%,,26.56,,,,,,,ShowDailyK_ChartFlow,FinMind_API_TaiwanStockPrice_2395,True,2026-09-29T21:21:36,2026-09-29T21:21:36,2026-09-29T21:21:36
2395,研華,2023-02-13,364.5,6.5,1.82%,,27.04,,,,,,,ShowDailyK_ChartFlow,FinMind_API_TaiwanStockPrice_2395,True,2026-09-29T21:21:36,2026-09-29T21:21:36,2026-09-29T21:21:36
2395,研華,2023-02-14,369.0,4.5,1.23%,,27.37,,,,,,,ShowDailyK_ChartFlow,FinMind_API_TaiwanStockPrice_2395,True,2026-09-29T21:21:36,2026-09-29T21:21:36,2026-09-29T21:21:36
2395,研華,2023-02-15,357.5,-11.5,-3.12%,,26.52,,,,,,,ShowDailyK_ChartFlow,FinMind_API_TaiwanStockPrice_2395,True,2026-09-29T21:21:36,2026-09-29T21:21:36,2026-09-29T21:21:36
2395,研華,2023-02-16,362.0,4.5,1.26%,,26.85,,,,,,,ShowDailyK_ChartFlow,FinMind_API_TaiwanStockPrice_2395,True,2026-09-29T21:21:36,2026-09-29T21:21:36,2026-09-29T21:21:36
2395,研華,2023-02-17,356.0,-6.0,-1.66%,,26.41,,,,,,,ShowDailyK_ChartFlow,FinMind_API_TaiwanStockPrice_2395,True,2026-09-29T21:21:36,2026-09-29T21:21:36,2026-09-29T21:21:36
2395,研華,2023-02-20,359.0,3.0,0.84%,,26.63,,,,,,,ShowDailyK_ChartFlow,FinMind_API_TaiwanStockPrice_2395,True,2026-09-29T21:21:36,2026-09-29T21:21:36,2026-09-29T21:21:36
2395,研華,2023-02-21,357.0,-2.0,-0.56%,,26.48,,,,,,,ShowDailyK_ChartFlow,FinMind_API_TaiwanStockPrice_2395,True,2026-09-29T21:21:36,2026-09-29T21:21:36,2026-09-29T21:21:36
2395,研華,2023-02-22,358.0,1.0,0.28%,,26.56,,,,,,,ShowDailyK_ChartFlow,FinMind_API_TaiwanStockPrice_2395,True,2026-09-29T21:21:36,2026-09-29T21:21:36,2026-09-29T21:21:36
2395,研華,2023-02-23,360.0,2.0,0.56%,,26.71,,,,,,,ShowDailyK_ChartFlow,FinMind_API_TaiwanStockPrice_2395,True,2026-09-29T21:21:36,2026-09-29T21:21:36,2026-09-29T21:21:36
2395,研華,2023-02-24,357.0,-3.0,-0.83%,,25.81,,,,,,,ShowDailyK_ChartFlow,FinMind_API_TaiwanStockPrice_2395,True,2026-09-29T21:21:36,2026-09-29T21:21:36,2026-09-29T21:21:36
2395,研華,2023-03-01,356.5,-0.5,-0.14%,,25.78,,,,,,,ShowDailyK_ChartFlow,FinMind_API_TaiwanStockPrice_2395,True,2026-09-29T21:21:36,2026-09-29T21:21:36,2026-09-29T21:21:36
2395,研華,2023-03-02,349.0,-7.5,-2.10%,,25.23,,,,,,,ShowDailyK_ChartFlow,FinMind_API_TaiwanStockPrice_2395,True,2026-09-29T21:21:36,2026-09-29T21:21:36,2026-09-29T21:21:36
2395,研華,2023-03-03,358.5,9.5,2.72%,,25.92,,,,,,,ShowDailyK_ChartFlow,FinMind_API_TaiwanStockPrice_2395,True,2026-09-29T21:21:36,2026-09-29T21:21:36,2026-09-29T21:21:36
2395,研華,2023-03-06,354.5,-4.0,-1.12%,,25.63,,,,,,,ShowDailyK_ChartFlow,FinMind_API_TaiwanStockPrice_2395,True,2026-09-29T21:21:36,2026-09-29T21:21:36,2026-09-29T21:21:36
2395,研華,2023-03-07,361.0,6.5,1.83%,,26.1,,,,,,,ShowDailyK_ChartFlow,FinMind_API_TaiwanStockPrice_2395,True,2026-09-29T21:21:36,2026-09-29T21:21:36,2026-09-29T21:21:36
2395,研華,2023-03-08,355.0,-6.0,-1.66%,,25.67,,,,,,,ShowDailyK_ChartFlow,FinMind_API_TaiwanStockPrice_2395,True,2026-09-29T21:21:36,2026-09-29T21:21:36,2026-09-29T21:21:36
2395,研華,2023-03-09,355.0,0.0,0.00%,,25.67,,,,,,,ShowDailyK_ChartFlow,FinMind_API_TaiwanStockPrice_2395,True,2026-09-29T21:21:36,2026-09-29T21:21:36,2026-09-29T21:21:36
2395,研華,2023-03-10,353.0,-2.0,-0.56%,,25.52,,,,,,,ShowDailyK_ChartFlow,FinMind_API_TaiwanStockPrice_2395,True,2026-09-29T21:21:36,2026-09-29T21:21:36,2026-09-29T21:21:36
2395,研華,2023-03-13,354.0,1.0,0.28%,,25.6,,,,,,,ShowDailyK_ChartFlow,FinMind_API_TaiwanStockPrice_2395,True,2026-09-29T21:21:36,2026-09-29T21:21:36,2026-09-29T21:21:36
2395,研華,2023-03-14,348.5,-5.5,-1.55%,,25.2,,,,,,,ShowDailyK_ChartFlow,FinMind_API_TaiwanStockPrice_2395,True,2026-09-29T21:21:36,2026-09-29T21:21:36,2026-09-29T21:21:36
2395,研華,2023-03-15,355.0,6.5,1.87%,,25.67,,,,,,,ShowDailyK_ChartFlow,FinMind_API_TaiwanStockPrice_2395,True,2026-09-29T21:21:36,2026-09-29T21:21:36,2026-09-29T21:21:36
2395,研華,2023-03-16,359.0,4.0,1.13%,,25.96,,,,,,,ShowDailyK_ChartFlow,FinMind_API_TaiwanStockPrice_2395,True,2026-09-29T21:21:36,2026-09-29T21:21:36,2026-09-29T21:21:36
2395,研華,2023-03-17,363.0,4.0,1.11%,,26.25,,,,,,,ShowDailyK_ChartFlow,FinMind_API_TaiwanStockPrice_2395,True,2026-09-29T21:21:36,2026-09-29T21:21:36,2026-09-29T21:21:36
2395,研華,2023-03-20,358.0,-5.0,-1.38%,,25.89,,,,,,,ShowDailyK_ChartFlow,FinMind_API_TaiwanStockPrice_2395,True,2026-09-29T21:21:36,2026-09-29T21:21:36,2026-09-29T21:21:36
2395,研華,2023-03-21,361.0,3.0,0.84%,,26.1,,,,,,,ShowDailyK_ChartFlow,FinMind_API_TaiwanStockPrice_2395,True,2026-09-29T21:21:36,2026-09-29T21:21:36,2026-09-29T21:21:36
2395,研華,2023-03-22,368.5,7.5,2.08%,,26.64,,,,,,,ShowDailyK_ChartFlow,FinMind_API_TaiwanStockPrice_2395,True,2026-09-29T21:21:36,2026-09-29T21:21:36,2026-09-29T21:21:36
2395,研華,2023-03-23,379.0,10.5,2.85%,,27.4,,,,,,,ShowDailyK_ChartFlow,FinMind_API_TaiwanStockPrice_2395,True,2026-09-29T21:21:36,2026-09-29T21:21:36,2026-09-29T21:21:36
2395,研華,2023-03-24,380.0,1.0,0.26%,,27.48,,,,,,,ShowDailyK_ChartFlow,FinMind_API_TaiwanStockPrice_2395,True,2026-09-29T21:21:36,2026-09-29T21:21:36,2026-09-29T21:21:36
2395,研華,2023-03-27,378.0,-2.0,-0.53%,,27.33,,,,,,,ShowDailyK_ChartFlow,FinMind_API_TaiwanStockPrice_2395,True,2026-09-29T21:21:36,2026-09-29T21:21:36,2026-09-29T21:21:36
2395,研華,2023-03-28,375.0,-3.0,-0.79%,,27.11,,,,,,,ShowDailyK_ChartFlow,FinMind_API_TaiwanStockPrice_2395,True,2026-09-29T21:21:36,2026-09-29T21:21:36,2026-09-29T21:21:36
2395,研華,2023-03-29,375.0,0.0,0.00%,,27.11,,,,,,,ShowDailyK_ChartFlow,FinMind_API_TaiwanStockPrice_2395,True,2026-09-29T21:21:36,2026-09-29T21:21:36,2026-09-29T21:21:36
2395,研華,2023-03-30,372.0,-3.0,-0.80%,,26.9,,,,,,,ShowDailyK_ChartFlow,FinMind_API_TaiwanStockPrice_2395,True,2026-09-29T21:21:36,2026-09-29T21:21:36,2026-09-29T21:21:36
2395,研華,2023-03-31,371.0,-1.0,-0.27%,,26.83,,,,,,,ShowDailyK_ChartFlow,FinMind_API_TaiwanStockPrice_2395,True,2026-09-29T21:21:36,2026-09-29T21:21:36,2026-09-29T21:21:36
2395,研華,2023-04-06,358.5,-12.5,-3.37%,,25.92,,,,,,,ShowDailyK_ChartFlow,FinMind_API_TaiwanStockPrice_2395,True,2026-09-29T21:21:36,2026-09-29T21:21:36,2026-09-29T21:21:36
2395,研華,2023-04-07,353.0,-5.5,-1.53%,,25.52,,,,,,,ShowDailyK_ChartFlow,FinMind_API_TaiwanStockPrice_2395,True,2026-09-29T21:21:36,2026-09-29T21:21:36,2026-09-29T21:21:36
2395,研華,2023-04-10,358.0,5.0,1.42%,,25.89,,,,,,,ShowDailyK_ChartFlow,FinMind_API_TaiwanStockPrice_2395,True,2026-09-29T21:21:36,2026-09-29T21:21:36,2026-09-29T21:21:36
2395,研華,2023-04-11,364.5,6.5,1.82%,,26.36,,,,,,,ShowDailyK_ChartFlow,FinMind_API_TaiwanStockPrice_2395,True,2026-09-29T21:21:36,2026-09-29T21:21:36,2026-09-29T21:21:36
2395,研華,2023-04-12,372.0,7.5,2.06%,,26.9,,,,,,,ShowDailyK_ChartFlow,FinMind_API_TaiwanStockPrice_2395,True,2026-09-29T21:21:36,2026-09-29T21:21:36,2026-09-29T21:21:36
2395,研華,2023-04-13,371.0,-1.0,-0.27%,,26.83,,,,,,,ShowDailyK_ChartFlow,FinMind_API_TaiwanStockPrice_2395,True,2026-09-29T21:21:36,2026-09-29T21:21:36,2026-09-29T21:21:36
2395,研華,2023-04-14,372.5,1.5,0.40%,,26.93,,,,,,,ShowDailyK_ChartFlow,FinMind_API_TaiwanStockPrice_2395,True,2026-09-29T21:21:36,2026-09-29T21:21:36,2026-09-29T21:21:36
2395,研華,2023-04-17,376.0,3.5,0.94%,,27.19,,,,,,,ShowDailyK_ChartFlow,FinMind_API_TaiwanStockPrice_2395,True,2026-09-29T21:21:36,2026-09-29T21:21:36,2026-09-29T21:21:36
2395,研華,2023-04-18,371.0,-5.0,-1.33%,,26.83,,,,,,,ShowDailyK_ChartFlow,FinMind_API_TaiwanStockPrice_2395,True,2026-09-29T21:21:36,2026-09-29T21:21:36,2026-09-29T21:21:36
2395,研華,2023-04-19,374.0,3.0,0.81%,,27.04,,,,,,,ShowDailyK_ChartFlow,FinMind_API_TaiwanStockPrice_2395,True,2026-09-29T21:21:36,2026-09-29T21:21:36,2026-09-29T21:21:36
2395,研華,2023-04-20,367.0,-7.0,-1.87%,,26.54,,,,,,,ShowDailyK_ChartFlow,FinMind_API_TaiwanStockPrice_2395,True,2026-09-29T21:21:36,2026-09-29T21:21:36,2026-09-29T21:21:36
2395,研華,2023-04-21,358.0,-9.0,-2.45%,,25.89,,,,,,,ShowDailyK_ChartFlow,FinMind_API_TaiwanStockPrice_2395,True,2026-09-29T21:21:36,2026-09-29T21:21:36,2026-09-29T21:21:36
2395,研華,2023-04-24,367.0,9.0,2.51%,,26.54,,,,,,,ShowDailyK_ChartFlow,FinMind_API_TaiwanStockPrice_2395,True,2026-09-29T21:21:36,2026-09-29T21:21:36,2026-09-29T21:21:36
2395,研華,2023-04-25,358.0,-9.0,-2.45%,,25.89,,,,,,,ShowDailyK_ChartFlow,FinMind_API_TaiwanStockPrice_2395,True,2026-09-29T21:21:36,2026-09-29T21:21:36,2026-09-29T21:21:36
2395,研華,2023-04-26,363.0,5.0,1.40%,,26.25,,,,,,,ShowDailyK_ChartFlow,FinMind_API_TaiwanStockPrice_2395,True,2026-09-29T21:21:36,2026-09-29T21:21:36,2026-09-29T21:21:36
2395,研華,2023-04-27,366.5,3.5,0.96%,,26.5,,,,,,,ShowDailyK_ChartFlow,FinMind_API_TaiwanStockPrice_2395,True,2026-09-29T21:21:36,2026-09-29T21:21:36,2026-09-29T21:21:36
2395,研華,2023-04-28,371.0,4.5,1.23%,,25.93,,,,,,,ShowDailyK_ChartFlow,FinMind_API_TaiwanStockPrice_2395,True,2026-09-29T21:21:36,2026-09-29T21:21:36,2026-09-29T21:21:36
2395,研華,2023-05-02,370.0,-1.0,-0.27%,,25.86,,,,,,,ShowDailyK_ChartFlow,FinMind_API_TaiwanStockPrice_2395,True,2026-09-29T21:21:36,2026-09-29T21:21:36,2026-09-29T21:21:36
2395,研華,2023-05-03,372.0,2.0,0.54%,,26.0,,,,,,,ShowDailyK_ChartFlow,FinMind_API_TaiwanStockPrice_2395,True,2026-09-29T21:21:36,2026-09-29T21:21:36,2026-09-29T21:21:36
2395,研華,2023-05-04,380.0,8.0,2.15%,,26.55,,,,,,,ShowDailyK_ChartFlow,FinMind_API_TaiwanStockPrice_2395,True,2026-09-29T21:21:36,2026-09-29T21:21:36,2026-09-29T21:21:36
2395,研華,2023-05-05,380.0,0.0,0.00%,,26.55,,,,,,,ShowDailyK_ChartFlow,FinMind_API_TaiwanStockPrice_2395,True,2026-09-29T21:21:36,2026-09-29T21:21:36,2026-09-29T21:21:36
2395,研華,2023-05-08,381.5,1.5,0.39%,,26.66,,,,,,,ShowDailyK_ChartFlow,FinMind_API_TaiwanStockPrice_2395,True,2026-09-29T21:21:36,2026-09-29T21:21:36,2026-09-29T21:21:36
2395,研華,2023-05-09,385.0,3.5,0.92%,,26.9,,,,,,,ShowDailyK_ChartFlow,FinMind_API_TaiwanStockPrice_2395,True,2026-09-29T21:21:36,2026-09-29T21:21:36,2026-09-29T21:21:36
2395,研華,2023-05-10,384.0,-1.0,-0.26%,,26.83,,,,,,,ShowDailyK_ChartFlow,FinMind_API_TaiwanStockPrice_2395,True,2026-09-29T21:21:36,2026-09-29T21:21:36,2026-09-29T21:21:36
2395,研華,2023-05-11,384.5,0.5,0.13%,,26.87,,,,,,,ShowDailyK_ChartFlow,FinMind_API_TaiwanStockPrice_2395,True,2026-09-29T21:21:36,2026-09-29T21:21:36,2026-09-29T21:21:36
2395,研華,2023-05-12,389.5,5.0,1.30%,,27.22,,,,,,,ShowDailyK_ChartFlow,FinMind_API_TaiwanStockPrice_2395,True,2026-09-29T21:21:36,2026-09-29T21:21:36,2026-09-29T21:21:36
2395,研華,2023-05-15,386.0,-3.5,-0.90%,,26.97,,,,,,,ShowDailyK_ChartFlow,FinMind_API_TaiwanStockPrice_2395,True,2026-09-29T21:21:36,2026-09-29T21:21:36,2026-09-29T21:21:36
2395,研華,2023-05-16,395.0,9.0,2.33%,,27.6,,,,,,,ShowDailyK_ChartFlow,FinMind_API_TaiwanStockPrice_2395,True,2026-09-29T21:21:36,2026-09-29T21:21:36,2026-09-29T21:21:36
2395,研華,2023-05-17,406.0,11.0,2.78%,,28.37,,,,,,,ShowDailyK_ChartFlow,FinMind_API_TaiwanStockPrice_2395,True,2026-09-29T21:21:36,2026-09-29T21:21:36,2026-09-29T21:21:36
2395,研華,2023-05-18,393.5,-12.5,-3.08%,,27.5,,,,,,,ShowDailyK_ChartFlow,FinMind_API_TaiwanStockPrice_2395,True,2026-09-29T21:21:36,2026-09-29T21:21:36,2026-09-29T21:21:36
2395,研華,2023-05-19,396.0,2.5,0.64%,,27.67,,,,,,,ShowDailyK_ChartFlow,FinMind_API_TaiwanStockPrice_2395,True,2026-09-29T21:21:36,2026-09-29T21:21:36,2026-09-29T21:21:36
2395,研華,2023-05-22,401.5,5.5,1.39%,,28.06,,,,,,,ShowDailyK_ChartFlow,FinMind_API_TaiwanStockPrice_2395,True,2026-09-29T21:21:36,2026-09-29T21:21:36,2026-09-29T21:21:36
2395,研華,2023-05-23,398.0,-3.5,-0.87%,,27.81,,,,,,,ShowDailyK_ChartFlow,FinMind_API_TaiwanStockPrice_2395,True,2026-09-29T21:21:36,2026-09-29T21:21:36,2026-09-29T21:21:36
2395,研華,2023-05-24,400.0,2.0,0.50%,,27.95,,,,,,,ShowDailyK_ChartFlow,FinMind_API_TaiwanStockPrice_2395,True,2026-09-29T21:21:36,2026-09-29T21:21:36,2026-09-29T21:21:36
2395,研華,2023-05-25,402.0,2.0,0.50%,,28.09,,,,,,,ShowDailyK_ChartFlow,FinMind_API_TaiwanStockPrice_2395,True,2026-09-29T21:21:36,2026-09-29T21:21:36,2026-09-29T21:21:36
2395,研華,2023-05-26,400.0,-2.0,-0.50%,,27.95,,,,,,,ShowDailyK_ChartFlow,FinMind_API_TaiwanStockPrice_2395,True,2026-09-29T21:21:36,2026-09-29T21:21:36,2026-09-29T21:21:36
2395,研華,2023-05-29,402.5,2.5,0.62%,,28.13,,,,,,,ShowDailyK_ChartFlow,FinMind_API_TaiwanStockPrice_2395,True,2026-09-29T21:21:36,2026-09-29T21:21:36,2026-09-29T21:21:36
2395,研華,2023-05-30,401.0,-1.5,-0.37%,,28.02,,,,,,,ShowDailyK_ChartFlow,FinMind_API_TaiwanStockPrice_2395,True,2026-09-29T21:21:36,2026-09-29T21:21:36,2026-09-29T21:21:36
2395,研華,2023-05-31,407.0,6.0,1.50%,,28.44,,,,,,,ShowDailyK_ChartFlow,FinMind_API_TaiwanStockPrice_2395,True,2026-09-29T21:21:36,2026-09-29T21:21:36,2026-09-29T21:21:36
2395,研華,2023-06-01,396.5,-10.5,-2.58%,,27.71,,,,,,,ShowDailyK_ChartFlow,FinMind_API_TaiwanStockPrice_2395,True,2026-09-29T21:21:36,2026-09-29T21:21:36,2026-09-29T21:21:36
2395,研華,2023-06-02,396.0,-0.5,-0.13%,,27.67,,,,,,,ShowDailyK_ChartFlow,FinMind_API_TaiwanStockPrice_2395,True,2026-09-29T21:21:36,2026-09-29T21:21:36,2026-09-29T21:21:36
2395,研華,2023-06-05,394.0,-2.0,-0.51%,,27.53,,,,,,,ShowDailyK_ChartFlow,FinMind_API_TaiwanStockPrice_2395,True,2026-09-29T21:21:36,2026-09-29T21:21:36,2026-09-29T21:21:36
2395,研華,2023-06-06,397.0,3.0,0.76%,,27.74,,,,,,,ShowDailyK_ChartFlow,FinMind_API_TaiwanStockPrice_2395,True,2026-09-29T21:21:36,2026-09-29T21:21:36,2026-09-29T21:21:36
2395,研華,2023-06-07,400.5,3.5,0.88%,,27.99,,,,,,,ShowDailyK_ChartFlow,FinMind_API_TaiwanStockPrice_2395,True,2026-09-29T21:21:36,2026-09-29T21:21:36,2026-09-29T21:21:36
2395,研華,2023-06-08,395.0,-5.5,-1.37%,,27.6,,,,,,,ShowDailyK_ChartFlow,FinMind_API_TaiwanStockPrice_2395,True,2026-09-29T21:21:36,2026-09-29T21:21:36,2026-09-29T21:21:36
2395,研華,2023-06-09,405.0,10.0,2.53%,,28.3,,,,,,,ShowDailyK_ChartFlow,FinMind_API_TaiwanStockPrice_2395,True,2026-09-29T21:21:36,2026-09-29T21:21:36,2026-09-29T21:21:36
2395,研華,2023-06-12,399.5,-5.5,-1.36%,,27.92,,,,,,,ShowDailyK_ChartFlow,FinMind_API_TaiwanStockPrice_2395,True,2026-09-29T21:21:36,2026-09-29T21:21:36,2026-09-29T21:21:36
2395,研華,2023-06-13,409.5,10.0,2.50%,,28.62,,,,,,,ShowDailyK_ChartFlow,FinMind_API_TaiwanStockPrice_2395,True,2026-09-29T21:21:36,2026-09-29T21:21:36,2026-09-29T21:21:36
2395,研華,2023-06-14,409.0,-0.5,-0.12%,,28.58,,,,,,,ShowDailyK_ChartFlow,FinMind_API_TaiwanStockPrice_2395,True,2026-09-29T21:21:36,2026-09-29T21:21:36,2026-09-29T21:21:36
2395,研華,2023-06-15,414.0,5.0,1.22%,,28.93,,,,,,,ShowDailyK_ChartFlow,FinMind_API_TaiwanStockPrice_2395,True,2026-09-29T21:21:36,2026-09-29T21:21:36,2026-09-29T21:21:36
2395,研華,2023-06-16,416.5,2.5,0.60%,,29.11,,,,,,,ShowDailyK_ChartFlow,FinMind_API_TaiwanStockPrice_2395,True,2026-09-29T21:21:36,2026-09-29T21:21:36,2026-09-29T21:21:36
2395,研華,2023-06-19,419.5,3.0,0.72%,,29.32,,,,,,,ShowDailyK_ChartFlow,FinMind_API_TaiwanStockPrice_2395,True,2026-09-29T21:21:36,2026-09-29T21:21:36,2026-09-29T21:21:36
2395,研華,2023-06-20,408.0,-11.5,-2.74%,,28.51,,,,,,,ShowDailyK_ChartFlow,FinMind_API_TaiwanStockPrice_2395,True,2026-09-29T21:21:36,2026-09-29T21:21:36,2026-09-29T21:21:36
2395,研華,2023-06-21,418.0,10.0,2.45%,,29.21,,,,,,,ShowDailyK_ChartFlow,FinMind_API_TaiwanStockPrice_2395,True,2026-09-29T21:21:36,2026-09-29T21:21:36,2026-09-29T21:21:36
2395,研華,2023-06-26,404.5,-13.5,-3.23%,,28.27,,,,,,,ShowDailyK_ChartFlow,FinMind_API_TaiwanStockPrice_2395,True,2026-09-29T21:21:36,2026-09-29T21:21:36,2026-09-29T21:21:36
2395,研華,2023-06-27,404.5,0.0,0.00%,,28.27,,,,,,,ShowDailyK_ChartFlow,FinMind_API_TaiwanStockPrice_2395,True,2026-09-29T21:21:36,2026-09-29T21:21:36,2026-09-29T21:21:36
2395,研華,2023-06-28,406.5,2.0,0.49%,,28.41,,,,,,,ShowDailyK_ChartFlow,FinMind_API_TaiwanStockPrice_2395,True,2026-09-29T21:21:36,2026-09-29T21:21:36,2026-09-29T21:21:36
2395,研華,2023-06-29,401.0,-5.5,-1.35%,,28.02,,,,,,,ShowDailyK_ChartFlow,FinMind_API_TaiwanStockPrice_2395,True,2026-09-29T21:21:36,2026-09-29T21:21:36,2026-09-29T21:21:36
2395,研華,2023-06-30,409.5,8.5,2.12%,,28.62,,,,,,,ShowDailyK_ChartFlow,FinMind_API_TaiwanStockPrice_2395,True,2026-09-29T21:21:36,2026-09-29T21:21:36,2026-09-29T21:21:36
2395,研華,2023-07-03,430.0,20.5,5.01%,,30.05,,,,,,,ShowDailyK_ChartFlow,FinMind_API_TaiwanStockPrice_2395,True,2026-09-29T21:21:36,2026-09-29T21:21:36,2026-09-29T21:21:36
2395,研華,2023-07-04,387.5,-42.5,-9.88%,,27.08,,,,,,,ShowDailyK_ChartFlow,FinMind_API_TaiwanStockPrice_2395,True,2026-09-29T21:21:36,2026-09-29T21:21:36,2026-09-29T21:21:36
2395,研華,2023-07-05,387.5,0.0,0.00%,,27.08,,,,,,,ShowDailyK_ChartFlow,FinMind_API_TaiwanStockPrice_2395,True,2026-09-29T21:21:36,2026-09-29T21:21:36,2026-09-29T21:21:36
2395,研華,2023-07-06,382.0,-5.5,-1.42%,,26.69,,,,,,,ShowDailyK_ChartFlow,FinMind_API_TaiwanStockPrice_2395,True,2026-09-29T21:21:36,2026-09-29T21:21:36,2026-09-29T21:21:36
2395,研華,2023-07-07,374.5,-7.5,-1.96%,,26.17,,,,,,,ShowDailyK_ChartFlow,FinMind_API_TaiwanStockPrice_2395,True,2026-09-29T21:21:36,2026-09-29T21:21:36,2026-09-29T21:21:36
2395,研華,2023-07-10,370.5,-4.0,-1.07%,,25.89,,,,,,,ShowDailyK_ChartFlow,FinMind_API_TaiwanStockPrice_2395,True,2026-09-29T21:21:36,2026-09-29T21:21:36,2026-09-29T21:21:36
2395,研華,2023-07-11,379.0,8.5,2.29%,,26.48,,,,,,,ShowDailyK_ChartFlow,FinMind_API_TaiwanStockPrice_2395,True,2026-09-29T21:21:36,2026-09-29T21:21:36,2026-09-29T21:21:36
2395,研華,2023-07-12,383.0,4.0,1.06%,,26.76,,,,,,,ShowDailyK_ChartFlow,FinMind_API_TaiwanStockPrice_2395,True,2026-09-29T21:21:36,2026-09-29T21:21:36,2026-09-29T21:21:36
2395,研華,2023-07-13,390.0,7.0,1.83%,,27.25,,,,,,,ShowDailyK_ChartFlow,FinMind_API_TaiwanStockPrice_2395,True,2026-09-29T21:21:36,2026-09-29T21:21:36,2026-09-29T21:21:36
2395,研華,2023-07-14,400.0,10.0,2.56%,,27.95,,,,,,,ShowDailyK_ChartFlow,FinMind_API_TaiwanStockPrice_2395,True,2026-09-29T21:21:36,2026-09-29T21:21:36,2026-09-29T21:21:36
2395,研華,2023-07-17,403.0,3.0,0.75%,,28.16,,,,,,,ShowDailyK_ChartFlow,FinMind_API_TaiwanStockPrice_2395,True,2026-09-29T21:21:36,2026-09-29T21:21:36,2026-09-29T21:21:36
2395,研華,2023-07-18,400.5,-2.5,-0.62%,,27.99,,,,,,,ShowDailyK_ChartFlow,FinMind_API_TaiwanStockPrice_2395,True,2026-09-29T21:21:36,2026-09-29T21:21:36,2026-09-29T21:21:36
2395,研華,2023-07-19,400.0,-0.5,-0.12%,,27.95,,,,,,,ShowDailyK_ChartFlow,FinMind_API_TaiwanStockPrice_2395,True,2026-09-29T21:21:36,2026-09-29T21:21:36,2026-09-29T21:21:36
2395,研華,2023-07-20,396.5,-3.5,-0.88%,,27.71,,,,,,,ShowDailyK_ChartFlow,FinMind_API_TaiwanStockPrice_2395,True,2026-09-29T21:21:36,2026-09-29T21:21:36,2026-09-29T21:21:36
2395,研華,2023-07-21,402.5,6.0,1.51%,,28.13,,,,,,,ShowDailyK_ChartFlow,FinMind_API_TaiwanStockPrice_2395,True,2026-09-29T21:21:36,2026-09-29T21:21:36,2026-09-29T21:21:36
2395,研華,2023-07-24,400.0,-2.5,-0.62%,,27.95,,,,,,,ShowDailyK_ChartFlow,FinMind_API_TaiwanStockPrice_2395,True,2026-09-29T21:21:36,2026-09-29T21:21:36,2026-09-29T21:21:36
2395,研華,2023-07-25,407.0,7.0,1.75%,,28.44,,,,,,,ShowDailyK_ChartFlow,FinMind_API_TaiwanStockPrice_2395,True,2026-09-29T21:21:36,2026-09-29T21:21:36,2026-09-29T21:21:36
2395,研華,2023-07-26,400.0,-7.0,-1.72%,,27.95,,,,,,,ShowDailyK_ChartFlow,FinMind_API_TaiwanStockPrice_2395,True,2026-09-29T21:21:36,2026-09-29T21:21:36,2026-09-29T21:21:36
2395,研華,2023-07-27,395.0,-5.0,-1.25%,,27.6,,,,,,,ShowDailyK_ChartFlow,FinMind_API_TaiwanStockPrice_2395,True,2026-09-29T21:21:36,2026-09-29T21:21:36,2026-09-29T21:21:36
2395,研華,2023-07-28,402.0,7.0,1.77%,,28.09,,,,,,,ShowDailyK_ChartFlow,FinMind_API_TaiwanStockPrice_2395,True,2026-09-29T21:21:36,2026-09-29T21:21:36,2026-09-29T21:21:36
2395,研華,2023-07-31,391.5,-10.5,-2.61%,,27.36,,,,,,,ShowDailyK_ChartFlow,FinMind_API_TaiwanStockPrice_2395,True,2026-09-29T21:21:36,2026-09-29T21:21:36,2026-09-29T21:21:36
2395,研華,2023-08-01,396.0,4.5,1.15%,,26.38,,,,,,,ShowDailyK_ChartFlow,FinMind_API_TaiwanStockPrice_2395,True,2026-09-29T21:21:36,2026-09-29T21:21:36,2026-09-29T21:21:36
2395,研華,2023-08-02,382.0,-14.0,-3.54%,,25.45,,,,,,,ShowDailyK_ChartFlow,FinMind_API_TaiwanStockPrice_2395,True,2026-09-29T21:21:36,2026-09-29T21:21:36,2026-09-29T21:21:36
2395,研華,2023-08-04,353.0,-29.0,-7.59%,,23.52,,,,,,,ShowDailyK_ChartFlow,FinMind_API_TaiwanStockPrice_2395,True,2026-09-29T21:21:36,2026-09-29T21:21:36,2026-09-29T21:21:36
2395,研華,2023-08-07,357.5,4.5,1.27%,,23.82,,,,,,,ShowDailyK_ChartFlow,FinMind_API_TaiwanStockPrice_2395,True,2026-09-29T21:21:36,2026-09-29T21:21:36,2026-09-29T21:21:36
2395,研華,2023-08-08,354.5,-3.0,-0.84%,,23.62,,,,,,,ShowDailyK_ChartFlow,FinMind_API_TaiwanStockPrice_2395,True,2026-09-29T21:21:36,2026-09-29T21:21:36,2026-09-29T21:21:36
2395,研華,2023-08-09,352.0,-2.5,-0.71%,,23.45,,,,,,,ShowDailyK_ChartFlow,FinMind_API_TaiwanStockPrice_2395,True,2026-09-29T21:21:36,2026-09-29T21:21:36,2026-09-29T21:21:36
2395,研華,2023-08-10,347.0,-5.0,-1.42%,,23.12,,,,,,,ShowDailyK_ChartFlow,FinMind_API_TaiwanStockPrice_2395,True,2026-09-29T21:21:36,2026-09-29T21:21:36,2026-09-29T21:21:36
2395,研華,2023-08-11,348.0,1.0,0.29%,,23.18,,,,,,,ShowDailyK_ChartFlow,FinMind_API_TaiwanStockPrice_2395,True,2026-09-29T21:21:36,2026-09-29T21:21:36,2026-09-29T21:21:36
2395,研華,2023-08-14,347.5,-0.5,-0.14%,,23.15,,,,,,,ShowDailyK_ChartFlow,FinMind_API_TaiwanStockPrice_2395,True,2026-09-29T21:21:36,2026-09-29T21:21:36,2026-09-29T21:21:36
2395,研華,2023-08-15,345.0,-2.5,-0.72%,,22.98,,,,,,,ShowDailyK_ChartFlow,FinMind_API_TaiwanStockPrice_2395,True,2026-09-29T21:21:36,2026-09-29T21:21:36,2026-09-29T21:21:36
2395,研華,2023-08-16,349.0,4.0,1.16%,,23.25,,,,,,,ShowDailyK_ChartFlow,FinMind_API_TaiwanStockPrice_2395,True,2026-09-29T21:21:36,2026-09-29T21:21:36,2026-09-29T21:21:36
2395,研華,2023-08-17,349.0,0.0,0.00%,,23.25,,,,,,,ShowDailyK_ChartFlow,FinMind_API_TaiwanStockPrice_2395,True,2026-09-29T21:21:36,2026-09-29T21:21:36,2026-09-29T21:21:36
2395,研華,2023-08-18,345.5,-3.5,-1.00%,,23.02,,,,,,,ShowDailyK_ChartFlow,FinMind_API_TaiwanStockPrice_2395,True,2026-09-29T21:21:36,2026-09-29T21:21:36,2026-09-29T21:21:36
2395,研華,2023-08-21,346.0,0.5,0.14%,,23.05,,,,,,,ShowDailyK_ChartFlow,FinMind_API_TaiwanStockPrice_2395,True,2026-09-29T21:21:36,2026-09-29T21:21:36,2026-09-29T21:21:36
2395,研華,2023-08-22,347.5,1.5,0.43%,,23.15,,,,,,,ShowDailyK_ChartFlow,FinMind_API_TaiwanStockPrice_2395,True,2026-09-29T21:21:36,2026-09-29T21:21:36,2026-09-29T21:21:36
2395,研華,2023-08-23,347.5,0.0,0.00%,,23.15,,,,,,,ShowDailyK_ChartFlow,FinMind_API_TaiwanStockPrice_2395,True,2026-09-29T21:21:36,2026-09-29T21:21:36,2026-09-29T21:21:36
2395,研華,2023-08-24,349.5,2.0,0.58%,,23.28,,,,,,,ShowDailyK_ChartFlow,FinMind_API_TaiwanStockPrice_2395,True,2026-09-29T21:21:36,2026-09-29T21:21:36,2026-09-29T21:21:36
2395,研華,2023-08-25,345.0,-4.5,-1.29%,,22.98,,,,,,,ShowDailyK_ChartFlow,FinMind_API_TaiwanStockPrice_2395,True,2026-09-29T21:21:36,2026-09-29T21:21:36,2026-09-29T21:21:36
2395,研華,2023-08-28,345.0,0.0,0.00%,,22.98,,,,,,,ShowDailyK_ChartFlow,FinMind_API_TaiwanStockPrice_2395,True,2026-09-29T21:21:36,2026-09-29T21:21:36,2026-09-29T21:21:36
2395,研華,2023-08-29,346.5,1.5,0.43%,,23.08,,,,,,,ShowDailyK_ChartFlow,FinMind_API_TaiwanStockPrice_2395,True,2026-09-29T21:21:36,2026-09-29T21:21:36,2026-09-29T21:21:36
2395,研華,2023-08-30,349.5,3.0,0.87%,,23.28,,,,,,,ShowDailyK_ChartFlow,FinMind_API_TaiwanStockPrice_2395,True,2026-09-29T21:21:36,2026-09-29T21:21:36,2026-09-29T21:21:36
2395,研華,2023-08-31,344.0,-5.5,-1.57%,,22.92,,,,,,,ShowDailyK_ChartFlow,FinMind_API_TaiwanStockPrice_2395,True,2026-09-29T21:21:36,2026-09-29T21:21:36,2026-09-29T21:21:36
2395,研華,2023-09-01,344.5,0.5,0.15%,,22.95,,,,,,,ShowDailyK_ChartFlow,FinMind_API_TaiwanStockPrice_2395,True,2026-09-29T21:21:36,2026-09-29T21:21:36,2026-09-29T21:21:36
2395,研華,2023-09-04,346.0,1.5,0.44%,,23.05,,,,,,,ShowDailyK_ChartFlow,FinMind_API_TaiwanStockPrice_2395,True,2026-09-29T21:21:36,2026-09-29T21:21:36,2026-09-29T21:21:36
2395,研華,2023-09-05,346.0,0.0,0.00%,,23.05,,,,,,,ShowDailyK_ChartFlow,FinMind_API_TaiwanStockPrice_2395,True,2026-09-29T21:21:36,2026-09-29T21:21:36,2026-09-29T21:21:36
2395,研華,2023-09-06,344.0,-2.0,-0.58%,,22.92,,,,,,,ShowDailyK_ChartFlow,FinMind_API_TaiwanStockPrice_2395,True,2026-09-29T21:21:36,2026-09-29T21:21:36,2026-09-29T21:21:36
2395,研華,2023-09-07,344.0,0.0,0.00%,,22.92,,,,,,,ShowDailyK_ChartFlow,FinMind_API_TaiwanStockPrice_2395,True,2026-09-29T21:21:36,2026-09-29T21:21:36,2026-09-29T21:21:36
2395,研華,2023-09-08,345.0,1.0,0.29%,,22.98,,,,,,,ShowDailyK_ChartFlow,FinMind_API_TaiwanStockPrice_2395,True,2026-09-29T21:21:36,2026-09-29T21:21:36,2026-09-29T21:21:36
2395,研華,2023-09-11,339.0,-6.0,-1.74%,,22.58,,,,,,,ShowDailyK_ChartFlow,FinMind_API_TaiwanStockPrice_2395,True,2026-09-29T21:21:36,2026-09-29T21:21:36,2026-09-29T21:21:36
2395,研華,2023-09-12,346.0,7.0,2.06%,,23.05,,,,,,,ShowDailyK_ChartFlow,FinMind_API_TaiwanStockPrice_2395,True,2026-09-29T21:21:36,2026-09-29T21:21:36,2026-09-29T21:21:36
2395,研華,2023-09-13,347.0,1.0,0.29%,,23.12,,,,,,,ShowDailyK_ChartFlow,FinMind_API_TaiwanStockPrice_2395,True,2026-09-29T21:21:36,2026-09-29T21:21:36,2026-09-29T21:21:36
2395,研華,2023-09-14,352.5,5.5,1.59%,,23.48,,,,,,,ShowDailyK_ChartFlow,FinMind_API_TaiwanStockPrice_2395,True,2026-09-29T21:21:36,2026-09-29T21:21:36,2026-09-29T21:21:36
2395,研華,2023-09-15,351.0,-1.5,-0.43%,,23.38,,,,,,,ShowDailyK_ChartFlow,FinMind_API_TaiwanStockPrice_2395,True,2026-09-29T21:21:36,2026-09-29T21:21:36,2026-09-29T21:21:36
2395,研華,2023-09-18,345.0,-6.0,-1.71%,,22.98,,,,,,,ShowDailyK_ChartFlow,FinMind_API_TaiwanStockPrice_2395,True,2026-09-29T21:21:36,2026-09-29T21:21:36,2026-09-29T21:21:36
2395,研華,2023-09-19,345.0,0.0,0.00%,,22.98,,,,,,,ShowDailyK_ChartFlow,FinMind_API_TaiwanStockPrice_2395,True,2026-09-29T21:21:36,2026-09-29T21:21:36,2026-09-29T21:21:36
2395,研華,2023-09-20,342.5,-2.5,-0.72%,,22.82,,,,,,,ShowDailyK_ChartFlow,FinMind_API_TaiwanStockPrice_2395,True,2026-09-29T21:21:36,2026-09-29T21:21:36,2026-09-29T21:21:36
2395,研華,2023-09-21,336.5,-6.0,-1.75%,,22.42,,,,,,,ShowDailyK_ChartFlow,FinMind_API_TaiwanStockPrice_2395,True,2026-09-29T21:21:36,2026-09-29T21:21:36,2026-09-29T21:21:36
2395,研華,2023-09-22,347.0,10.5,3.12%,,23.12,,,,,,,ShowDailyK_ChartFlow,FinMind_API_TaiwanStockPrice_2395,True,2026-09-29T21:21:36,2026-09-29T21:21:36,2026-09-29T21:21:36
2395,研華,2023-09-25,349.5,2.5,0.72%,,23.28,,,,,,,ShowDailyK_ChartFlow,FinMind_API_TaiwanStockPrice_2395,True,2026-09-29T21:21:36,2026-09-29T21:21:36,2026-09-29T21:21:36
2395,研華,2023-09-26,346.0,-3.5,-1.00%,,23.05,,,,,,,ShowDailyK_ChartFlow,FinMind_API_TaiwanStockPrice_2395,True,2026-09-29T21:21:36,2026-09-29T21:21:36,2026-09-29T21:21:36
2395,研華,2023-09-27,346.5,0.5,0.14%,,23.08,,,,,,,ShowDailyK_ChartFlow,FinMind_API_TaiwanStockPrice_2395,True,2026-09-29T21:21:36,2026-09-29T21:21:36,2026-09-29T21:21:36
2395,研華,2023-09-28,345.0,-1.5,-0.43%,,22.98,,,,,,,ShowDailyK_ChartFlow,FinMind_API_TaiwanStockPrice_2395,True,2026-09-29T21:21:36,2026-09-29T21:21:36,2026-09-29T21:21:36
2395,研華,2023-10-02,344.5,-0.5,-0.14%,,22.95,,,,,,,ShowDailyK_ChartFlow,FinMind_API_TaiwanStockPrice_2395,True,2026-09-29T21:21:36,2026-09-29T21:21:36,2026-09-29T21:21:36
2395,研華,2023-10-03,343.5,-1.0,-0.29%,,22.88,,,,,,,ShowDailyK_ChartFlow,FinMind_API_TaiwanStockPrice_2395,True,2026-09-29T21:21:36,2026-09-29T21:21:36,2026-09-29T21:21:36
2395,研華,2023-10-04,343.5,0.0,0.00%,,22.88,,,,,,,ShowDailyK_ChartFlow,FinMind_API_TaiwanStockPrice_2395,True,2026-09-29T21:21:36,2026-09-29T21:21:36,2026-09-29T21:21:36
2395,研華,2023-10-05,346.0,2.5,0.73%,,23.05,,,,,,,ShowDailyK_ChartFlow,FinMind_API_TaiwanStockPrice_2395,True,2026-09-29T21:21:36,2026-09-29T21:21:36,2026-09-29T21:21:36
2395,研華,2023-10-06,345.5,-0.5,-0.14%,,23.02,,,,,,,ShowDailyK_ChartFlow,FinMind_API_TaiwanStockPrice_2395,True,2026-09-29T21:21:36,2026-09-29T21:21:36,2026-09-29T21:21:36
2395,研華,2023-10-11,343.5,-2.0,-0.58%,,22.88,,,,,,,ShowDailyK_ChartFlow,FinMind_API_TaiwanStockPrice_2395,True,2026-09-29T21:21:36,2026-09-29T21:21:36,2026-09-29T21:21:36
2395,研華,2023-10-12,353.0,9.5,2.77%,,23.52,,,,,,,ShowDailyK_ChartFlow,FinMind_API_TaiwanStockPrice_2395,True,2026-09-29T21:21:36,2026-09-29T21:21:36,2026-09-29T21:21:36
2395,研華,2023-10-13,345.0,-8.0,-2.27%,,22.98,,,,,,,ShowDailyK_ChartFlow,FinMind_API_TaiwanStockPrice_2395,True,2026-09-29T21:21:36,2026-09-29T21:21:36,2026-09-29T21:21:36
2395,研華,2023-10-16,344.5,-0.5,-0.14%,,22.95,,,,,,,ShowDailyK_ChartFlow,FinMind_API_TaiwanStockPrice_2395,True,2026-09-29T21:21:36,2026-09-29T21:21:36,2026-09-29T21:21:36
2395,研華,2023-10-17,343.0,-1.5,-0.44%,,22.85,,,,,,,ShowDailyK_ChartFlow,FinMind_API_TaiwanStockPrice_2395,True,2026-09-29T21:21:36,2026-09-29T21:21:36,2026-09-29T21:21:36
2395,研華,2023-10-18,343.0,0.0,0.00%,,22.85,,,,,,,ShowDailyK_ChartFlow,FinMind_API_TaiwanStockPrice_2395,True,2026-09-29T21:21:36,2026-09-29T21:21:36,2026-09-29T21:21:36
2395,研華,2023-10-19,339.0,-4.0,-1.17%,,22.58,,,,,,,ShowDailyK_ChartFlow,FinMind_API_TaiwanStockPrice_2395,True,2026-09-29T21:21:36,2026-09-29T21:21:36,2026-09-29T21:21:36
2395,研華,2023-10-20,333.0,-6.0,-1.77%,,22.19,,,,,,,ShowDailyK_ChartFlow,FinMind_API_TaiwanStockPrice_2395,True,2026-09-29T21:21:36,2026-09-29T21:21:36,2026-09-29T21:21:36
2395,研華,2023-10-23,333.0,0.0,0.00%,,22.19,,,,,,,ShowDailyK_ChartFlow,FinMind_API_TaiwanStockPrice_2395,True,2026-09-29T21:21:36,2026-09-29T21:21:36,2026-09-29T21:21:36
2395,研華,2023-10-24,336.0,3.0,0.90%,,22.39,,,,,,,ShowDailyK_ChartFlow,FinMind_API_TaiwanStockPrice_2395,True,2026-09-29T21:21:36,2026-09-29T21:21:36,2026-09-29T21:21:36
2395,研華,2023-10-25,336.0,0.0,0.00%,,22.39,,,,,,,ShowDailyK_ChartFlow,FinMind_API_TaiwanStockPrice_2395,True,2026-09-29T21:21:36,2026-09-29T21:21:36,2026-09-29T21:21:36
2395,研華,2023-10-26,330.5,-5.5,-1.64%,,22.02,,,,,,,ShowDailyK_ChartFlow,FinMind_API_TaiwanStockPrice_2395,True,2026-09-29T21:21:36,2026-09-29T21:21:36,2026-09-29T21:21:36
2395,研華,2023-10-27,333.5,3.0,0.91%,,22.22,,,,,,,ShowDailyK_ChartFlow,FinMind_API_TaiwanStockPrice_2395,True,2026-09-29T21:21:36,2026-09-29T21:21:36,2026-09-29T21:21:36
2395,研華,2023-10-30,332.5,-1.0,-0.30%,,25.72,,,,,,,ShowDailyK_ChartFlow,FinMind_API_TaiwanStockPrice_2395,True,2026-09-29T21:21:36,2026-09-29T21:21:36,2026-09-29T21:21:36
2395,研華,2023-10-31,331.5,-1.0,-0.30%,,25.64,,,,,,,ShowDailyK_ChartFlow,FinMind_API_TaiwanStockPrice_2395,True,2026-09-29T21:21:36,2026-09-29T21:21:36,2026-09-29T21:21:36
2395,研華,2023-11-01,331.5,0.0,0.00%,,25.64,,,,,,,ShowDailyK_ChartFlow,FinMind_API_TaiwanStockPrice_2395,True,2026-09-29T21:21:36,2026-09-29T21:21:36,2026-09-29T21:21:36
2395,研華,2023-11-02,331.5,0.0,0.00%,,25.64,,,,,,,ShowDailyK_ChartFlow,FinMind_API_TaiwanStockPrice_2395,True,2026-09-29T21:21:36,2026-09-29T21:21:36,2026-09-29T21:21:36
2395,研華,2023-11-03,338.5,7.0,2.11%,,26.18,,,,,,,ShowDailyK_ChartFlow,FinMind_API_TaiwanStockPrice_2395,True,2026-09-29T21:21:36,2026-09-29T21:21:36,2026-09-29T21:21:36
2395,研華,2023-11-06,345.0,6.5,1.92%,,26.68,,,,,,,ShowDailyK_ChartFlow,FinMind_API_TaiwanStockPrice_2395,True,2026-09-29T21:21:36,2026-09-29T21:21:36,2026-09-29T21:21:36
2395,研華,2023-11-07,344.5,-0.5,-0.14%,,26.64,,,,,,,ShowDailyK_ChartFlow,FinMind_API_TaiwanStockPrice_2395,True,2026-09-29T21:21:36,2026-09-29T21:21:36,2026-09-29T21:21:36
2395,研華,2023-11-08,345.0,0.5,0.15%,,26.68,,,,,,,ShowDailyK_ChartFlow,FinMind_API_TaiwanStockPrice_2395,True,2026-09-29T21:21:36,2026-09-29T21:21:36,2026-09-29T21:21:36
2395,研華,2023-11-09,341.5,-3.5,-1.01%,,26.41,,,,,,,ShowDailyK_ChartFlow,FinMind_API_TaiwanStockPrice_2395,True,2026-09-29T21:21:36,2026-09-29T21:21:36,2026-09-29T21:21:36
2395,研華,2023-11-10,340.0,-1.5,-0.44%,,26.3,,,,,,,ShowDailyK_ChartFlow,FinMind_API_TaiwanStockPrice_2395,True,2026-09-29T21:21:36,2026-09-29T21:21:36,2026-09-29T21:21:36
2395,研華,2023-11-13,342.5,2.5,0.74%,,26.49,,,,,,,ShowDailyK_ChartFlow,FinMind_API_TaiwanStockPrice_2395,True,2026-09-29T21:21:36,2026-09-29T21:21:36,2026-09-29T21:21:36
2395,研華,2023-11-14,342.5,0.0,0.00%,,26.49,,,,,,,ShowDailyK_ChartFlow,FinMind_API_TaiwanStockPrice_2395,True,2026-09-29T21:21:36,2026-09-29T21:21:36,2026-09-29T21:21:36
2395,研華,2023-11-15,353.0,10.5,3.07%,,27.3,,,,,,,ShowDailyK_ChartFlow,FinMind_API_TaiwanStockPrice_2395,True,2026-09-29T21:21:36,2026-09-29T21:21:36,2026-09-29T21:21:36
2395,研華,2023-11-16,346.5,-6.5,-1.84%,,26.8,,,,,,,ShowDailyK_ChartFlow,FinMind_API_TaiwanStockPrice_2395,True,2026-09-29T21:21:36,2026-09-29T21:21:36,2026-09-29T21:21:36
2395,研華,2023-11-17,348.0,1.5,0.43%,,26.91,,,,,,,ShowDailyK_ChartFlow,FinMind_API_TaiwanStockPrice_2395,True,2026-09-29T21:21:36,2026-09-29T21:21:36,2026-09-29T21:21:36
2395,研華,2023-11-20,344.5,-3.5,-1.01%,,26.64,,,,,,,ShowDailyK_ChartFlow,FinMind_API_TaiwanStockPrice_2395,True,2026-09-29T21:21:36,2026-09-29T21:21:36,2026-09-29T21:21:36
2395,研華,2023-11-21,352.5,8.0,2.32%,,27.26,,,,,,,ShowDailyK_ChartFlow,FinMind_API_TaiwanStockPrice_2395,True,2026-09-29T21:21:36,2026-09-29T21:21:36,2026-09-29T21:21:36
2395,研華,2023-11-22,345.0,-7.5,-2.13%,,26.68,,,,,,,ShowDailyK_ChartFlow,FinMind_API_TaiwanStockPrice_2395,True,2026-09-29T21:21:36,2026-09-29T21:21:36,2026-09-29T21:21:36
2395,研華,2023-11-23,346.0,1.0,0.29%,,26.76,,,,,,,ShowDailyK_ChartFlow,FinMind_API_TaiwanStockPrice_2395,True,2026-09-29T21:21:36,2026-09-29T21:21:36,2026-09-29T21:21:36
2395,研華,2023-11-24,348.0,2.0,0.58%,,26.91,,,,,,,ShowDailyK_ChartFlow,FinMind_API_TaiwanStockPrice_2395,True,2026-09-29T21:21:36,2026-09-29T21:21:36,2026-09-29T21:21:36
2395,研華,2023-11-27,345.5,-2.5,-0.72%,,26.72,,,,,,,ShowDailyK_ChartFlow,FinMind_API_TaiwanStockPrice_2395,True,2026-09-29T21:21:36,2026-09-29T21:21:36,2026-09-29T21:21:36
2395,研華,2023-11-28,349.5,4.0,1.16%,,27.03,,,,,,,ShowDailyK_ChartFlow,FinMind_API_TaiwanStockPrice_2395,True,2026-09-29T21:21:36,2026-09-29T21:21:36,2026-09-29T21:21:36
2395,研華,2023-11-29,354.0,4.5,1.29%,,27.38,,,,,,,ShowDailyK_ChartFlow,FinMind_API_TaiwanStockPrice_2395,True,2026-09-29T21:21:36,2026-09-29T21:21:36,2026-09-29T21:21:36
2395,研華,2023-11-30,353.5,-0.5,-0.14%,,27.34,,,,,,,ShowDailyK_ChartFlow,FinMind_API_TaiwanStockPrice_2395,True,2026-09-29T21:21:36,2026-09-29T21:21:36,2026-09-29T21:21:36
2395,研華,2023-12-01,354.5,1.0,0.28%,,27.42,,,,,,,ShowDailyK_ChartFlow,FinMind_API_TaiwanStockPrice_2395,True,2026-09-29T21:21:36,2026-09-29T21:21:36,2026-09-29T21:21:36
2395,研華,2023-12-04,356.5,2.0,0.56%,,27.57,,,,,,,ShowDailyK_ChartFlow,FinMind_API_TaiwanStockPrice_2395,True,2026-09-29T21:21:36,2026-09-29T21:21:36,2026-09-29T21:21:36
2395,研華,2023-12-05,351.0,-5.5,-1.54%,,27.15,,,,,,,ShowDailyK_ChartFlow,FinMind_API_TaiwanStockPrice_2395,True,2026-09-29T21:21:36,2026-09-29T21:21:36,2026-09-29T21:21:36
2395,研華,2023-12-06,350.0,-1.0,-0.28%,,27.07,,,,,,,ShowDailyK_ChartFlow,FinMind_API_TaiwanStockPrice_2395,True,2026-09-29T21:21:36,2026-09-29T21:21:36,2026-09-29T21:21:36
2395,研華,2023-12-07,351.5,1.5,0.43%,,27.18,,,,,,,ShowDailyK_ChartFlow,FinMind_API_TaiwanStockPrice_2395,True,2026-09-29T21:21:36,2026-09-29T21:21:36,2026-09-29T21:21:36
2395,研華,2023-12-08,352.0,0.5,0.14%,,27.22,,,,,,,ShowDailyK_ChartFlow,FinMind_API_TaiwanStockPrice_2395,True,2026-09-29T21:21:36,2026-09-29T21:21:36,2026-09-29T21:21:36
2395,研華,2023-12-11,363.5,11.5,3.27%,,28.11,,,,,,,ShowDailyK_ChartFlow,FinMind_API_TaiwanStockPrice_2395,True,2026-09-29T21:21:36,2026-09-29T21:21:36,2026-09-29T21:21:36
2395,研華,2023-12-12,364.5,1.0,0.28%,,28.19,,,,,,,ShowDailyK_ChartFlow,FinMind_API_TaiwanStockPrice_2395,True,2026-09-29T21:21:36,2026-09-29T21:21:36,2026-09-29T21:21:36
2395,研華,2023-12-13,366.0,1.5,0.41%,,28.31,,,,,,,ShowDailyK_ChartFlow,FinMind_API_TaiwanStockPrice_2395,True,2026-09-29T21:21:36,2026-09-29T21:21:36,2026-09-29T21:21:36
2395,研華,2023-12-14,367.5,1.5,0.41%,,28.42,,,,,,,ShowDailyK_ChartFlow,FinMind_API_TaiwanStockPrice_2395,True,2026-09-29T21:21:36,2026-09-29T21:21:36,2026-09-29T21:21:36
2395,研華,2023-12-15,365.0,-2.5,-0.68%,,28.23,,,,,,,ShowDailyK_ChartFlow,FinMind_API_TaiwanStockPrice_2395,True,2026-09-29T21:21:36,2026-09-29T21:21:36,2026-09-29T21:21:36
2395,研華,2023-12-18,362.0,-3.0,-0.82%,,28.0,,,,,,,ShowDailyK_ChartFlow,FinMind_API_TaiwanStockPrice_2395,True,2026-09-29T21:21:36,2026-09-29T21:21:36,2026-09-29T21:21:36
2395,研華,2023-12-19,360.5,-1.5,-0.41%,,27.88,,,,,,,ShowDailyK_ChartFlow,FinMind_API_TaiwanStockPrice_2395,True,2026-09-29T21:21:36,2026-09-29T21:21:36,2026-09-29T21:21:36
2395,研華,2023-12-20,358.0,-2.5,-0.69%,,27.69,,,,,,,ShowDailyK_ChartFlow,FinMind_API_TaiwanStockPrice_2395,True,2026-09-29T21:21:36,2026-09-29T21:21:36,2026-09-29T21:21:36
2395,研華,2023-12-21,359.5,1.5,0.42%,,27.8,,,,,,,ShowDailyK_ChartFlow,FinMind_API_TaiwanStockPrice_2395,True,2026-09-29T21:21:36,2026-09-29T21:21:36,2026-09-29T21:21:36
2395,研華,2023-12-22,359.5,0.0,0.00%,,27.8,,,,,,,ShowDailyK_ChartFlow,FinMind_API_TaiwanStockPrice_2395,True,2026-09-29T21:21:36,2026-09-29T21:21:36,2026-09-29T21:21:36
2395,研華,2023-12-25,364.0,4.5,1.25%,,28.15,,,,,,,ShowDailyK_ChartFlow,FinMind_API_TaiwanStockPrice_2395,True,2026-09-29T21:21:36,2026-09-29T21:21:36,2026-09-29T21:21:36
2395,研華,2023-12-26,362.0,-2.0,-0.55%,,28.0,,,,,,,ShowDailyK_ChartFlow,FinMind_API_TaiwanStockPrice_2395,True,2026-09-29T21:21:36,2026-09-29T21:21:36,2026-09-29T21:21:36
2395,研華,2023-12-27,367.5,5.5,1.52%,,28.42,,,,,,,ShowDailyK_ChartFlow,FinMind_API_TaiwanStockPrice_2395,True,2026-09-29T21:21:36,2026-09-29T21:21:36,2026-09-29T21:21:36
2395,研華,2023-12-28,369.0,1.5,0.41%,,28.54,,,,,,,ShowDailyK_ChartFlow,FinMind_API_TaiwanStockPrice_2395,True,2026-09-29T21:21:36,2026-09-29T21:21:36,2026-09-29T21:21:36
2395,研華,2023-12-29,372.0,3.0,0.81%,,28.77,,,,,,,ShowDailyK_ChartFlow,FinMind_API_TaiwanStockPrice_2395,True,2026-09-29T21:21:36,2026-09-29T21:21:36,2026-09-29T21:21:36
2395,研華,2024-01-02,369.5,-2.5,-0.67%,,28.58,,,,,,,ShowDailyK_ChartFlow,FinMind_API_TaiwanStockPrice_2395,True,2026-09-29T21:21:36,2026-09-29T21:21:36,2026-09-29T21:21:36
2395,研華,2024-01-03,360.0,-9.5,-2.57%,,27.84,,,,,,,ShowDailyK_ChartFlow,FinMind_API_TaiwanStockPrice_2395,True,2026-09-29T21:21:36,2026-09-29T21:21:36,2026-09-29T21:21:36
2395,研華,2024-01-04,360.0,0.0,0.00%,,27.84,,,,,,,ShowDailyK_ChartFlow,FinMind_API_TaiwanStockPrice_2395,True,2026-09-29T21:21:36,2026-09-29T21:21:36,2026-09-29T21:21:36
2395,研華,2024-01-05,358.5,-1.5,-0.42%,,27.73,,,,,,,ShowDailyK_ChartFlow,FinMind_API_TaiwanStockPrice_2395,True,2026-09-29T21:21:36,2026-09-29T21:21:36,2026-09-29T21:21:36
2395,研華,2024-01-08,361.0,2.5,0.70%,,27.92,,,,,,,ShowDailyK_ChartFlow,FinMind_API_TaiwanStockPrice_2395,True,2026-09-29T21:21:36,2026-09-29T21:21:36,2026-09-29T21:21:36
2395,研華,2024-01-09,360.0,-1.0,-0.28%,,27.84,,,,,,,ShowDailyK_ChartFlow,FinMind_API_TaiwanStockPrice_2395,True,2026-09-29T21:21:36,2026-09-29T21:21:36,2026-09-29T21:21:36
2395,研華,2024-01-10,360.0,0.0,0.00%,,27.84,,,,,,,ShowDailyK_ChartFlow,FinMind_API_TaiwanStockPrice_2395,True,2026-09-29T21:21:36,2026-09-29T21:21:36,2026-09-29T21:21:36
2395,研華,2024-01-11,359.0,-1.0,-0.28%,,27.76,,,,,,,ShowDailyK_ChartFlow,FinMind_API_TaiwanStockPrice_2395,True,2026-09-29T21:21:36,2026-09-29T21:21:36,2026-09-29T21:21:36
2395,研華,2024-01-12,354.5,-4.5,-1.25%,,27.42,,,,,,,ShowDailyK_ChartFlow,FinMind_API_TaiwanStockPrice_2395,True,2026-09-29T21:21:36,2026-09-29T21:21:36,2026-09-29T21:21:36
2395,研華,2024-01-15,354.0,-0.5,-0.14%,,27.38,,,,,,,ShowDailyK_ChartFlow,FinMind_API_TaiwanStockPrice_2395,True,2026-09-29T21:21:36,2026-09-29T21:21:36,2026-09-29T21:21:36
2395,研華,2024-01-16,340.5,-13.5,-3.81%,,26.33,,,,,,,ShowDailyK_ChartFlow,FinMind_API_TaiwanStockPrice_2395,True,2026-09-29T21:21:36,2026-09-29T21:21:36,2026-09-29T21:21:36
2395,研華,2024-01-17,331.5,-9.0,-2.64%,,25.64,,,,,,,ShowDailyK_ChartFlow,FinMind_API_TaiwanStockPrice_2395,True,2026-09-29T21:21:36,2026-09-29T21:21:36,2026-09-29T21:21:36
2395,研華,2024-01-18,331.5,0.0,0.00%,,25.64,,,,,,,ShowDailyK_ChartFlow,FinMind_API_TaiwanStockPrice_2395,True,2026-09-29T21:21:36,2026-09-29T21:21:36,2026-09-29T21:21:36
2395,研華,2024-01-19,334.5,3.0,0.90%,,25.87,,,,,,,ShowDailyK_ChartFlow,FinMind_API_TaiwanStockPrice_2395,True,2026-09-29T21:21:36,2026-09-29T21:21:36,2026-09-29T21:21:36
2395,研華,2024-01-22,337.5,3.0,0.90%,,26.1,,,,,,,ShowDailyK_ChartFlow,FinMind_API_TaiwanStockPrice_2395,True,2026-09-29T21:21:36,2026-09-29T21:21:36,2026-09-29T21:21:36
2395,研華,2024-01-23,340.5,3.0,0.89%,,26.33,,,,,,,ShowDailyK_ChartFlow,FinMind_API_TaiwanStockPrice_2395,True,2026-09-29T21:21:36,2026-09-29T21:21:36,2026-09-29T21:21:36
2395,研華,2024-01-24,338.5,-2.0,-0.59%,,26.18,,,,,,,ShowDailyK_ChartFlow,FinMind_API_TaiwanStockPrice_2395,True,2026-09-29T21:21:36,2026-09-29T21:21:36,2026-09-29T21:21:36
2395,研華,2024-01-25,336.0,-2.5,-0.74%,,25.99,,,,,,,ShowDailyK_ChartFlow,FinMind_API_TaiwanStockPrice_2395,True,2026-09-29T21:21:36,2026-09-29T21:21:36,2026-09-29T21:21:36
2395,研華,2024-01-26,337.0,1.0,0.30%,,26.06,,,,,,,ShowDailyK_ChartFlow,FinMind_API_TaiwanStockPrice_2395,True,2026-09-29T21:21:36,2026-09-29T21:21:36,2026-09-29T21:21:36
2395,研華,2024-01-29,338.0,1.0,0.30%,,26.14,,,,,,,ShowDailyK_ChartFlow,FinMind_API_TaiwanStockPrice_2395,True,2026-09-29T21:21:36,2026-09-29T21:21:36,2026-09-29T21:21:36
2395,研華,2024-01-30,337.5,-0.5,-0.15%,,26.1,,,,,,,ShowDailyK_ChartFlow,FinMind_API_TaiwanStockPrice_2395,True,2026-09-29T21:21:36,2026-09-29T21:21:36,2026-09-29T21:21:36
2395,研華,2024-01-31,337.5,0.0,0.00%,,26.1,,,,,,,ShowDailyK_ChartFlow,FinMind_API_TaiwanStockPrice_2395,True,2026-09-29T21:21:36,2026-09-29T21:21:36,2026-09-29T21:21:36
2395,研華,2024-02-01,350.5,13.0,3.85%,,27.11,,,,,,,ShowDailyK_ChartFlow,FinMind_API_TaiwanStockPrice_2395,True,2026-09-29T21:21:36,2026-09-29T21:21:36,2026-09-29T21:21:36
2395,研華,2024-02-02,365.0,14.5,4.14%,,28.23,,,,,,,ShowDailyK_ChartFlow,FinMind_API_TaiwanStockPrice_2395,True,2026-09-29T21:21:36,2026-09-29T21:21:36,2026-09-29T21:21:36
2395,研華,2024-02-05,370.5,5.5,1.51%,,28.65,,,,,,,ShowDailyK_ChartFlow,FinMind_API_TaiwanStockPrice_2395,True,2026-09-29T21:21:36,2026-09-29T21:21:36,2026-09-29T21:21:36
2395,研華,2024-02-15,383.5,13.0,3.51%,,29.66,,,,,,,ShowDailyK_ChartFlow,FinMind_API_TaiwanStockPrice_2395,True,2026-09-29T21:21:36,2026-09-29T21:21:36,2026-09-29T21:21:36
2395,研華,2024-02-16,380.5,-3.0,-0.78%,,29.43,,,,,,,ShowDailyK_ChartFlow,FinMind_API_TaiwanStockPrice_2395,True,2026-09-29T21:21:36,2026-09-29T21:21:36,2026-09-29T21:21:36
2395,研華,2024-02-19,390.0,9.5,2.50%,,30.16,,,,,,,ShowDailyK_ChartFlow,FinMind_API_TaiwanStockPrice_2395,True,2026-09-29T21:21:36,2026-09-29T21:21:36,2026-09-29T21:21:36
2395,研華,2024-02-20,391.0,1.0,0.26%,,30.24,,,,,,,ShowDailyK_ChartFlow,FinMind_API_TaiwanStockPrice_2395,True,2026-09-29T21:21:36,2026-09-29T21:21:36,2026-09-29T21:21:36
2395,研華,2024-02-21,392.0,1.0,0.26%,,30.32,,,,,,,ShowDailyK_ChartFlow,FinMind_API_TaiwanStockPrice_2395,True,2026-09-29T21:21:36,2026-09-29T21:21:36,2026-09-29T21:21:36
2395,研華,2024-02-22,387.0,-5.0,-1.28%,,29.93,,,,,,,ShowDailyK_ChartFlow,FinMind_API_TaiwanStockPrice_2395,True,2026-09-29T21:21:36,2026-09-29T21:21:36,2026-09-29T21:21:36
2395,研華,2024-02-23,380.0,-7.0,-1.81%,,29.39,,,,,,,ShowDailyK_ChartFlow,FinMind_API_TaiwanStockPrice_2395,True,2026-09-29T21:21:36,2026-09-29T21:21:36,2026-09-29T21:21:36
2395,研華,2024-02-26,381.5,1.5,0.39%,,29.51,,,,,,,ShowDailyK_ChartFlow,FinMind_API_TaiwanStockPrice_2395,True,2026-09-29T21:21:36,2026-09-29T21:21:36,2026-09-29T21:21:36
2395,研華,2024-02-27,378.5,-3.0,-0.79%,,29.99,,,,,,,ShowDailyK_ChartFlow,FinMind_API_TaiwanStockPrice_2395,True,2026-09-29T21:21:36,2026-09-29T21:21:36,2026-09-29T21:21:36
2395,研華,2024-02-29,390.0,11.5,3.04%,,30.9,,,,,,,ShowDailyK_ChartFlow,FinMind_API_TaiwanStockPrice_2395,True,2026-09-29T21:21:36,2026-09-29T21:21:36,2026-09-29T21:21:36
2395,研華,2024-03-01,392.0,2.0,0.51%,,31.06,,,,,,,ShowDailyK_ChartFlow,FinMind_API_TaiwanStockPrice_2395,True,2026-09-29T21:21:36,2026-09-29T21:21:36,2026-09-29T21:21:36
2395,研華,2024-03-04,387.0,-5.0,-1.28%,,30.67,,,,,,,ShowDailyK_ChartFlow,FinMind_API_TaiwanStockPrice_2395,True,2026-09-29T21:21:36,2026-09-29T21:21:36,2026-09-29T21:21:36
2395,研華,2024-03-05,389.5,2.5,0.65%,,30.86,,,,,,,ShowDailyK_ChartFlow,FinMind_API_TaiwanStockPrice_2395,True,2026-09-29T21:21:36,2026-09-29T21:21:36,2026-09-29T21:21:36
2395,研華,2024-03-06,390.5,1.0,0.26%,,30.94,,,,,,,ShowDailyK_ChartFlow,FinMind_API_TaiwanStockPrice_2395,True,2026-09-29T21:21:36,2026-09-29T21:21:36,2026-09-29T21:21:36
2395,研華,2024-03-07,397.0,6.5,1.66%,,31.46,,,,,,,ShowDailyK_ChartFlow,FinMind_API_TaiwanStockPrice_2395,True,2026-09-29T21:21:36,2026-09-29T21:21:36,2026-09-29T21:21:36
2395,研華,2024-03-08,393.0,-4.0,-1.01%,,31.14,,,,,,,ShowDailyK_ChartFlow,FinMind_API_TaiwanStockPrice_2395,True,2026-09-29T21:21:36,2026-09-29T21:21:36,2026-09-29T21:21:36
2395,研華,2024-03-11,406.5,13.5,3.44%,,32.21,,,,,,,ShowDailyK_ChartFlow,FinMind_API_TaiwanStockPrice_2395,True,2026-09-29T21:21:36,2026-09-29T21:21:36,2026-09-29T21:21:36
2395,研華,2024-03-12,404.0,-2.5,-0.62%,,32.01,,,,,,,ShowDailyK_ChartFlow,FinMind_API_TaiwanStockPrice_2395,True,2026-09-29T21:21:36,2026-09-29T21:21:36,2026-09-29T21:21:36
2395,研華,2024-03-13,395.0,-9.0,-2.23%,,31.3,,,,,,,ShowDailyK_ChartFlow,FinMind_API_TaiwanStockPrice_2395,True,2026-09-29T21:21:36,2026-09-29T21:21:36,2026-09-29T21:21:36
2395,研華,2024-03-14,393.0,-2.0,-0.51%,,31.14,,,,,,,ShowDailyK_ChartFlow,FinMind_API_TaiwanStockPrice_2395,True,2026-09-29T21:21:36,2026-09-29T21:21:36,2026-09-29T21:21:36
2395,研華,2024-03-15,392.0,-1.0,-0.25%,,31.06,,,,,,,ShowDailyK_ChartFlow,FinMind_API_TaiwanStockPrice_2395,True,2026-09-29T21:21:36,2026-09-29T21:21:36,2026-09-29T21:21:36
2395,研華,2024-03-18,389.5,-2.5,-0.64%,,30.86,,,,,,,ShowDailyK_ChartFlow,FinMind_API_TaiwanStockPrice_2395,True,2026-09-29T21:21:36,2026-09-29T21:21:36,2026-09-29T21:21:36
2395,研華,2024-03-19,392.5,3.0,0.77%,,31.1,,,,,,,ShowDailyK_ChartFlow,FinMind_API_TaiwanStockPrice_2395,True,2026-09-29T21:21:36,2026-09-29T21:21:36,2026-09-29T21:21:36
2395,研華,2024-03-20,395.0,2.5,0.64%,,31.3,,,,,,,ShowDailyK_ChartFlow,FinMind_API_TaiwanStockPrice_2395,True,2026-09-29T21:21:36,2026-09-29T21:21:36,2026-09-29T21:21:36
2395,研華,2024-03-21,400.0,5.0,1.27%,,31.7,,,,,,,ShowDailyK_ChartFlow,FinMind_API_TaiwanStockPrice_2395,True,2026-09-29T21:21:36,2026-09-29T21:21:36,2026-09-29T21:21:36
2395,研華,2024-03-22,400.0,0.0,0.00%,,31.7,,,,,,,ShowDailyK_ChartFlow,FinMind_API_TaiwanStockPrice_2395,True,2026-09-29T21:21:36,2026-09-29T21:21:36,2026-09-29T21:21:36
2395,研華,2024-03-25,400.5,0.5,0.12%,,31.74,,,,,,,ShowDailyK_ChartFlow,FinMind_API_TaiwanStockPrice_2395,True,2026-09-29T21:21:36,2026-09-29T21:21:36,2026-09-29T21:21:36
2395,研華,2024-03-26,404.5,4.0,1.00%,,32.05,,,,,,,ShowDailyK_ChartFlow,FinMind_API_TaiwanStockPrice_2395,True,2026-09-29T21:21:36,2026-09-29T21:21:36,2026-09-29T21:21:36
2395,研華,2024-03-27,406.0,1.5,0.37%,,32.17,,,,,,,ShowDailyK_ChartFlow,FinMind_API_TaiwanStockPrice_2395,True,2026-09-29T21:21:36,2026-09-29T21:21:36,2026-09-29T21:21:36
2395,研華,2024-03-28,407.0,1.0,0.25%,,32.25,,,,,,,ShowDailyK_ChartFlow,FinMind_API_TaiwanStockPrice_2395,True,2026-09-29T21:21:36,2026-09-29T21:21:36,2026-09-29T21:21:36
2395,研華,2024-03-29,404.0,-3.0,-0.74%,,32.01,,,,,,,ShowDailyK_ChartFlow,FinMind_API_TaiwanStockPrice_2395,True,2026-09-29T21:21:36,2026-09-29T21:21:36,2026-09-29T21:21:36
2395,研華,2024-04-01,400.0,-4.0,-0.99%,,31.7,,,,,,,ShowDailyK_ChartFlow,FinMind_API_TaiwanStockPrice_2395,True,2026-09-29T21:21:36,2026-09-29T21:21:36,2026-09-29T21:21:36
2395,研華,2024-04-02,395.5,-4.5,-1.12%,,31.34,,,,,,,ShowDailyK_ChartFlow,FinMind_API_TaiwanStockPrice_2395,True,2026-09-29T21:21:36,2026-09-29T21:21:36,2026-09-29T21:21:36
2395,研華,2024-04-03,390.5,-5.0,-1.26%,,30.94,,,,,,,ShowDailyK_ChartFlow,FinMind_API_TaiwanStockPrice_2395,True,2026-09-29T21:21:36,2026-09-29T21:21:36,2026-09-29T21:21:36
2395,研華,2024-04-08,389.0,-1.5,-0.38%,,30.82,,,,,,,ShowDailyK_ChartFlow,FinMind_API_TaiwanStockPrice_2395,True,2026-09-29T21:21:36,2026-09-29T21:21:36,2026-09-29T21:21:36
2395,研華,2024-04-09,394.5,5.5,1.41%,,31.26,,,,,,,ShowDailyK_ChartFlow,FinMind_API_TaiwanStockPrice_2395,True,2026-09-29T21:21:36,2026-09-29T21:21:36,2026-09-29T21:21:36
2395,研華,2024-04-10,384.0,-10.5,-2.66%,,30.43,,,,,,,ShowDailyK_ChartFlow,FinMind_API_TaiwanStockPrice_2395,True,2026-09-29T21:21:36,2026-09-29T21:21:36,2026-09-29T21:21:36
2395,研華,2024-04-11,386.0,2.0,0.52%,,30.59,,,,,,,ShowDailyK_ChartFlow,FinMind_API_TaiwanStockPrice_2395,True,2026-09-29T21:21:36,2026-09-29T21:21:36,2026-09-29T21:21:36
2395,研華,2024-04-12,378.5,-7.5,-1.94%,,29.99,,,,,,,ShowDailyK_ChartFlow,FinMind_API_TaiwanStockPrice_2395,True,2026-09-29T21:21:36,2026-09-29T21:21:36,2026-09-29T21:21:36
2395,研華,2024-04-15,374.5,-4.0,-1.06%,,29.68,,,,,,,ShowDailyK_ChartFlow,FinMind_API_TaiwanStockPrice_2395,True,2026-09-29T21:21:36,2026-09-29T21:21:36,2026-09-29T21:21:36
2395,研華,2024-04-16,365.0,-9.5,-2.54%,,28.92,,,,,,,ShowDailyK_ChartFlow,FinMind_API_TaiwanStockPrice_2395,True,2026-09-29T21:21:36,2026-09-29T21:21:36,2026-09-29T21:21:36
2395,研華,2024-04-17,371.0,6.0,1.64%,,29.4,,,,,,,ShowDailyK_ChartFlow,FinMind_API_TaiwanStockPrice_2395,True,2026-09-29T21:21:36,2026-09-29T21:21:36,2026-09-29T21:21:36
2395,研華,2024-04-18,372.0,1.0,0.27%,,29.48,,,,,,,ShowDailyK_ChartFlow,FinMind_API_TaiwanStockPrice_2395,True,2026-09-29T21:21:36,2026-09-29T21:21:36,2026-09-29T21:21:36
2395,研華,2024-04-19,365.0,-7.0,-1.88%,,28.92,,,,,,,ShowDailyK_ChartFlow,FinMind_API_TaiwanStockPrice_2395,True,2026-09-29T21:21:36,2026-09-29T21:21:36,2026-09-29T21:21:36
2395,研華,2024-04-22,368.5,3.5,0.96%,,29.2,,,,,,,ShowDailyK_ChartFlow,FinMind_API_TaiwanStockPrice_2395,True,2026-09-29T21:21:36,2026-09-29T21:21:36,2026-09-29T21:21:36
2395,研華,2024-04-23,366.5,-2.0,-0.54%,,29.04,,,,,,,ShowDailyK_ChartFlow,FinMind_API_TaiwanStockPrice_2395,True,2026-09-29T21:21:36,2026-09-29T21:21:36,2026-09-29T21:21:36
2395,研華,2024-04-24,373.5,7.0,1.91%,,29.6,,,,,,,ShowDailyK_ChartFlow,FinMind_API_TaiwanStockPrice_2395,True,2026-09-29T21:21:36,2026-09-29T21:21:36,2026-09-29T21:21:36
2395,研華,2024-04-25,365.0,-8.5,-2.28%,,28.92,,,,,,,ShowDailyK_ChartFlow,FinMind_API_TaiwanStockPrice_2395,True,2026-09-29T21:21:36,2026-09-29T21:21:36,2026-09-29T21:21:36
2395,研華,2024-04-26,368.0,3.0,0.82%,,29.16,,,,,,,ShowDailyK_ChartFlow,FinMind_API_TaiwanStockPrice_2395,True,2026-09-29T21:21:36,2026-09-29T21:21:36,2026-09-29T21:21:36
2395,研華,2024-04-29,380.0,12.0,3.26%,,33.13,,,,,,,ShowDailyK_ChartFlow,FinMind_API_TaiwanStockPrice_2395,True,2026-09-29T21:21:36,2026-09-29T21:21:36,2026-09-29T21:21:36
2395,研華,2024-04-30,380.0,0.0,0.00%,,33.13,,,,,,,ShowDailyK_ChartFlow,FinMind_API_TaiwanStockPrice_2395,True,2026-09-29T21:21:36,2026-09-29T21:21:36,2026-09-29T21:21:36
2395,研華,2024-05-02,357.5,-22.5,-5.92%,,31.17,,,,,,,ShowDailyK_ChartFlow,FinMind_API_TaiwanStockPrice_2395,True,2026-09-29T21:21:36,2026-09-29T21:21:36,2026-09-29T21:21:36
2395,研華,2024-05-03,357.0,-0.5,-0.14%,,31.12,,,,,,,ShowDailyK_ChartFlow,FinMind_API_TaiwanStockPrice_2395,True,2026-09-29T21:21:36,2026-09-29T21:21:36,2026-09-29T21:21:36
2395,研華,2024-05-06,350.0,-7.0,-1.96%,,30.51,,,,,,,ShowDailyK_ChartFlow,FinMind_API_TaiwanStockPrice_2395,True,2026-09-29T21:21:36,2026-09-29T21:21:36,2026-09-29T21:21:36
2395,研華,2024-05-07,353.0,3.0,0.86%,,30.78,,,,,,,ShowDailyK_ChartFlow,FinMind_API_TaiwanStockPrice_2395,True,2026-09-29T21:21:36,2026-09-29T21:21:36,2026-09-29T21:21:36
2395,研華,2024-05-08,356.5,3.5,0.99%,,31.08,,,,,,,ShowDailyK_ChartFlow,FinMind_API_TaiwanStockPrice_2395,True,2026-09-29T21:21:36,2026-09-29T21:21:36,2026-09-29T21:21:36
2395,研華,2024-05-09,355.5,-1.0,-0.28%,,30.99,,,,,,,ShowDailyK_ChartFlow,FinMind_API_TaiwanStockPrice_2395,True,2026-09-29T21:21:36,2026-09-29T21:21:36,2026-09-29T21:21:36
2395,研華,2024-05-10,352.0,-3.5,-0.98%,,30.69,,,,,,,ShowDailyK_ChartFlow,FinMind_API_TaiwanStockPrice_2395,True,2026-09-29T21:21:36,2026-09-29T21:21:36,2026-09-29T21:21:36
2395,研華,2024-05-13,352.0,0.0,0.00%,,30.69,,,,,,,ShowDailyK_ChartFlow,FinMind_API_TaiwanStockPrice_2395,True,2026-09-29T21:21:36,2026-09-29T21:21:36,2026-09-29T21:21:36
2395,研華,2024-05-14,349.5,-2.5,-0.71%,,30.47,,,,,,,ShowDailyK_ChartFlow,FinMind_API_TaiwanStockPrice_2395,True,2026-09-29T21:21:36,2026-09-29T21:21:36,2026-09-29T21:21:36
2395,研華,2024-05-15,355.0,5.5,1.57%,,30.95,,,,,,,ShowDailyK_ChartFlow,FinMind_API_TaiwanStockPrice_2395,True,2026-09-29T21:21:36,2026-09-29T21:21:36,2026-09-29T21:21:36
2395,研華,2024-05-16,357.5,2.5,0.70%,,31.17,,,,,,,ShowDailyK_ChartFlow,FinMind_API_TaiwanStockPrice_2395,True,2026-09-29T21:21:36,2026-09-29T21:21:36,2026-09-29T21:21:36
2395,研華,2024-05-17,351.0,-6.5,-1.82%,,30.6,,,,,,,ShowDailyK_ChartFlow,FinMind_API_TaiwanStockPrice_2395,True,2026-09-29T21:21:36,2026-09-29T21:21:36,2026-09-29T21:21:36
2395,研華,2024-05-20,352.5,1.5,0.43%,,30.73,,,,,,,ShowDailyK_ChartFlow,FinMind_API_TaiwanStockPrice_2395,True,2026-09-29T21:21:36,2026-09-29T21:21:36,2026-09-29T21:21:36
2395,研華,2024-05-21,350.0,-2.5,-0.71%,,30.51,,,,,,,ShowDailyK_ChartFlow,FinMind_API_TaiwanStockPrice_2395,True,2026-09-29T21:21:36,2026-09-29T21:21:36,2026-09-29T21:21:36
2395,研華,2024-05-22,358.0,8.0,2.29%,,31.21,,,,,,,ShowDailyK_ChartFlow,FinMind_API_TaiwanStockPrice_2395,True,2026-09-29T21:21:36,2026-09-29T21:21:36,2026-09-29T21:21:36
2395,研華,2024-05-23,361.5,3.5,0.98%,,31.52,,,,,,,ShowDailyK_ChartFlow,FinMind_API_TaiwanStockPrice_2395,True,2026-09-29T21:21:36,2026-09-29T21:21:36,2026-09-29T21:21:36
2395,研華,2024-05-24,356.0,-5.5,-1.52%,,31.04,,,,,,,ShowDailyK_ChartFlow,FinMind_API_TaiwanStockPrice_2395,True,2026-09-29T21:21:36,2026-09-29T21:21:36,2026-09-29T21:21:36
2395,研華,2024-05-27,359.0,3.0,0.84%,,31.3,,,,,,,ShowDailyK_ChartFlow,FinMind_API_TaiwanStockPrice_2395,True,2026-09-29T21:21:36,2026-09-29T21:21:36,2026-09-29T21:21:36
2395,研華,2024-05-28,364.0,5.0,1.39%,,31.73,,,,,,,ShowDailyK_ChartFlow,FinMind_API_TaiwanStockPrice_2395,True,2026-09-29T21:21:36,2026-09-29T21:21:36,2026-09-29T21:21:36
2395,研華,2024-05-29,359.0,-5.0,-1.37%,,31.3,,,,,,,ShowDailyK_ChartFlow,FinMind_API_TaiwanStockPrice_2395,True,2026-09-29T21:21:36,2026-09-29T21:21:36,2026-09-29T21:21:36
2395,研華,2024-05-30,351.5,-7.5,-2.09%,,30.65,,,,,,,ShowDailyK_ChartFlow,FinMind_API_TaiwanStockPrice_2395,True,2026-09-29T21:21:36,2026-09-29T21:21:36,2026-09-29T21:21:36
2395,研華,2024-05-31,353.0,1.5,0.43%,,30.78,,,,,,,ShowDailyK_ChartFlow,FinMind_API_TaiwanStockPrice_2395,True,2026-09-29T21:21:36,2026-09-29T21:21:36,2026-09-29T21:21:36
2395,研華,2024-06-03,362.0,9.0,2.55%,,31.56,,,,,,,ShowDailyK_ChartFlow,FinMind_API_TaiwanStockPrice_2395,True,2026-09-29T21:21:36,2026-09-29T21:21:36,2026-09-29T21:21:36
2395,研華,2024-06-04,362.0,0.0,0.00%,,31.56,,,,,,,ShowDailyK_ChartFlow,FinMind_API_TaiwanStockPrice_2395,True,2026-09-29T21:21:36,2026-09-29T21:21:36,2026-09-29T21:21:36
2395,研華,2024-06-05,361.0,-1.0,-0.28%,,31.47,,,,,,,ShowDailyK_ChartFlow,FinMind_API_TaiwanStockPrice_2395,True,2026-09-29T21:21:36,2026-09-29T21:21:36,2026-09-29T21:21:36
2395,研華,2024-06-06,360.0,-1.0,-0.28%,,31.39,,,,,,,ShowDailyK_ChartFlow,FinMind_API_TaiwanStockPrice_2395,True,2026-09-29T21:21:36,2026-09-29T21:21:36,2026-09-29T21:21:36
2395,研華,2024-06-07,359.5,-0.5,-0.14%,,31.34,,,,,,,ShowDailyK_ChartFlow,FinMind_API_TaiwanStockPrice_2395,True,2026-09-29T21:21:36,2026-09-29T21:21:36,2026-09-29T21:21:36
2395,研華,2024-06-11,350.5,-9.0,-2.50%,,30.56,,,,,,,ShowDailyK_ChartFlow,FinMind_API_TaiwanStockPrice_2395,True,2026-09-29T21:21:36,2026-09-29T21:21:36,2026-09-29T21:21:36
2395,研華,2024-06-12,349.5,-1.0,-0.29%,,30.47,,,,,,,ShowDailyK_ChartFlow,FinMind_API_TaiwanStockPrice_2395,True,2026-09-29T21:21:36,2026-09-29T21:21:36,2026-09-29T21:21:36
2395,研華,2024-06-13,358.0,8.5,2.43%,,31.21,,,,,,,ShowDailyK_ChartFlow,FinMind_API_TaiwanStockPrice_2395,True,2026-09-29T21:21:36,2026-09-29T21:21:36,2026-09-29T21:21:36
2395,研華,2024-06-14,361.5,3.5,0.98%,,31.52,,,,,,,ShowDailyK_ChartFlow,FinMind_API_TaiwanStockPrice_2395,True,2026-09-29T21:21:36,2026-09-29T21:21:36,2026-09-29T21:21:36
2395,研華,2024-06-17,367.5,6.0,1.66%,,32.04,,,,,,,ShowDailyK_ChartFlow,FinMind_API_TaiwanStockPrice_2395,True,2026-09-29T21:21:36,2026-09-29T21:21:36,2026-09-29T21:21:36
2395,研華,2024-06-18,370.0,2.5,0.68%,,32.26,,,,,,,ShowDailyK_ChartFlow,FinMind_API_TaiwanStockPrice_2395,True,2026-09-29T21:21:36,2026-09-29T21:21:36,2026-09-29T21:21:36
2395,研華,2024-06-19,370.0,0.0,0.00%,,32.26,,,,,,,ShowDailyK_ChartFlow,FinMind_API_TaiwanStockPrice_2395,True,2026-09-29T21:21:36,2026-09-29T21:21:36,2026-09-29T21:21:36
2395,研華,2024-06-20,375.0,5.0,1.35%,,32.69,,,,,,,ShowDailyK_ChartFlow,FinMind_API_TaiwanStockPrice_2395,True,2026-09-29T21:21:36,2026-09-29T21:21:36,2026-09-29T21:21:36
2395,研華,2024-06-21,372.5,-2.5,-0.67%,,32.48,,,,,,,ShowDailyK_ChartFlow,FinMind_API_TaiwanStockPrice_2395,True,2026-09-29T21:21:36,2026-09-29T21:21:36,2026-09-29T21:21:36
2395,研華,2024-06-24,375.0,2.5,0.67%,,32.69,,,,,,,ShowDailyK_ChartFlow,FinMind_API_TaiwanStockPrice_2395,True,2026-09-29T21:21:36,2026-09-29T21:21:36,2026-09-29T21:21:36
2395,研華,2024-06-25,372.0,-3.0,-0.80%,,32.43,,,,,,,ShowDailyK_ChartFlow,FinMind_API_TaiwanStockPrice_2395,True,2026-09-29T21:21:36,2026-09-29T21:21:36,2026-09-29T21:21:36
2395,研華,2024-06-26,370.5,-1.5,-0.40%,,32.3,,,,,,,ShowDailyK_ChartFlow,FinMind_API_TaiwanStockPrice_2395,True,2026-09-29T21:21:36,2026-09-29T21:21:36,2026-09-29T21:21:36
2395,研華,2024-06-27,370.0,-0.5,-0.13%,,32.26,,,,,,,ShowDailyK_ChartFlow,FinMind_API_TaiwanStockPrice_2395,True,2026-09-29T21:21:36,2026-09-29T21:21:36,2026-09-29T21:21:36
2395,研華,2024-06-28,370.0,0.0,0.00%,,32.26,,,,,,,ShowDailyK_ChartFlow,FinMind_API_TaiwanStockPrice_2395,True,2026-09-29T21:21:36,2026-09-29T21:21:36,2026-09-29T21:21:36
2395,研華,2024-07-01,368.0,-2.0,-0.54%,,32.08,,,,,,,ShowDailyK_ChartFlow,FinMind_API_TaiwanStockPrice_2395,True,2026-09-29T21:21:36,2026-09-29T21:21:36,2026-09-29T21:21:36
2395,研華,2024-07-02,365.5,-2.5,-0.68%,,31.87,,,,,,,ShowDailyK_ChartFlow,FinMind_API_TaiwanStockPrice_2395,True,2026-09-29T21:21:36,2026-09-29T21:21:36,2026-09-29T21:21:36
2395,研華,2024-07-03,369.0,3.5,0.96%,,32.17,,,,,,,ShowDailyK_ChartFlow,FinMind_API_TaiwanStockPrice_2395,True,2026-09-29T21:21:36,2026-09-29T21:21:36,2026-09-29T21:21:36
2395,研華,2024-07-04,371.0,2.0,0.54%,,32.35,,,,,,,ShowDailyK_ChartFlow,FinMind_API_TaiwanStockPrice_2395,True,2026-09-29T21:21:36,2026-09-29T21:21:36,2026-09-29T21:21:36
2395,研華,2024-07-05,374.0,3.0,0.81%,,32.61,,,,,,,ShowDailyK_ChartFlow,FinMind_API_TaiwanStockPrice_2395,True,2026-09-29T21:21:36,2026-09-29T21:21:36,2026-09-29T21:21:36
2395,研華,2024-07-08,375.0,1.0,0.27%,,32.69,,,,,,,ShowDailyK_ChartFlow,FinMind_API_TaiwanStockPrice_2395,True,2026-09-29T21:21:36,2026-09-29T21:21:36,2026-09-29T21:21:36
2395,研華,2024-07-09,373.5,-1.5,-0.40%,,32.56,,,,,,,ShowDailyK_ChartFlow,FinMind_API_TaiwanStockPrice_2395,True,2026-09-29T21:21:36,2026-09-29T21:21:36,2026-09-29T21:21:36
2395,研華,2024-07-10,372.5,-1.0,-0.27%,,32.48,,,,,,,ShowDailyK_ChartFlow,FinMind_API_TaiwanStockPrice_2395,True,2026-09-29T21:21:36,2026-09-29T21:21:36,2026-09-29T21:21:36
2395,研華,2024-07-11,378.5,6.0,1.61%,,33.0,,,,,,,ShowDailyK_ChartFlow,FinMind_API_TaiwanStockPrice_2395,True,2026-09-29T21:21:36,2026-09-29T21:21:36,2026-09-29T21:21:36
2395,研華,2024-07-12,376.0,-2.5,-0.66%,,32.78,,,,,,,ShowDailyK_ChartFlow,FinMind_API_TaiwanStockPrice_2395,True,2026-09-29T21:21:36,2026-09-29T21:21:36,2026-09-29T21:21:36
2395,研華,2024-07-15,374.5,-1.5,-0.40%,,32.65,,,,,,,ShowDailyK_ChartFlow,FinMind_API_TaiwanStockPrice_2395,True,2026-09-29T21:21:36,2026-09-29T21:21:36,2026-09-29T21:21:36
2395,研華,2024-07-16,380.0,5.5,1.47%,,33.13,,,,,,,ShowDailyK_ChartFlow,FinMind_API_TaiwanStockPrice_2395,True,2026-09-29T21:21:36,2026-09-29T21:21:36,2026-09-29T21:21:36
2395,研華,2024-07-17,374.5,-5.5,-1.45%,,32.65,,,,,,,ShowDailyK_ChartFlow,FinMind_API_TaiwanStockPrice_2395,True,2026-09-29T21:21:36,2026-09-29T21:21:36,2026-09-29T21:21:36
2395,研華,2024-07-18,370.5,-4.0,-1.07%,,32.3,,,,,,,ShowDailyK_ChartFlow,FinMind_API_TaiwanStockPrice_2395,True,2026-09-29T21:21:36,2026-09-29T21:21:36,2026-09-29T21:21:36
2395,研華,2024-07-19,367.5,-3.0,-0.81%,,32.04,,,,,,,ShowDailyK_ChartFlow,FinMind_API_TaiwanStockPrice_2395,True,2026-09-29T21:21:36,2026-09-29T21:21:36,2026-09-29T21:21:36
2395,研華,2024-07-22,373.0,5.5,1.50%,,32.52,,,,,,,ShowDailyK_ChartFlow,FinMind_API_TaiwanStockPrice_2395,True,2026-09-29T21:21:36,2026-09-29T21:21:36,2026-09-29T21:21:36
2395,研華,2024-07-23,371.0,-2.0,-0.54%,,32.35,,,,,,,ShowDailyK_ChartFlow,FinMind_API_TaiwanStockPrice_2395,True,2026-09-29T21:21:36,2026-09-29T21:21:36,2026-09-29T21:21:36
2395,研華,2024-07-26,350.0,-21.0,-5.66%,,30.51,,,,,,,ShowDailyK_ChartFlow,FinMind_API_TaiwanStockPrice_2395,True,2026-09-29T21:21:36,2026-09-29T21:21:36,2026-09-29T21:21:36
2395,研華,2024-07-29,354.0,4.0,1.14%,,34.04,,,,,,,ShowDailyK_ChartFlow,FinMind_API_TaiwanStockPrice_2395,True,2026-09-29T21:21:36,2026-09-29T21:21:36,2026-09-29T21:21:36
2395,研華,2024-07-30,344.5,-9.5,-2.68%,,33.13,,,,,,,ShowDailyK_ChartFlow,FinMind_API_TaiwanStockPrice_2395,True,2026-09-29T21:21:36,2026-09-29T21:21:36,2026-09-29T21:21:36
2395,研華,2024-07-31,346.5,2.0,0.58%,,33.32,,,,,,,ShowDailyK_ChartFlow,FinMind_API_TaiwanStockPrice_2395,True,2026-09-29T21:21:36,2026-09-29T21:21:36,2026-09-29T21:21:36
2395,研華,2024-08-01,352.0,5.5,1.59%,,33.85,,,,,,,ShowDailyK_ChartFlow,FinMind_API_TaiwanStockPrice_2395,True,2026-09-29T21:21:36,2026-09-29T21:21:36,2026-09-29T21:21:36
2395,研華,2024-08-02,347.0,-5.0,-1.42%,,33.37,,,,,,,ShowDailyK_ChartFlow,FinMind_API_TaiwanStockPrice_2395,True,2026-09-29T21:21:36,2026-09-29T21:21:36,2026-09-29T21:21:36
2395,研華,2024-08-05,327.0,-20.0,-5.76%,,31.44,,,,,,,ShowDailyK_ChartFlow,FinMind_API_TaiwanStockPrice_2395,True,2026-09-29T21:21:36,2026-09-29T21:21:36,2026-09-29T21:21:36
2395,研華,2024-08-06,324.0,-3.0,-0.92%,,31.15,,,,,,,ShowDailyK_ChartFlow,FinMind_API_TaiwanStockPrice_2395,True,2026-09-29T21:21:36,2026-09-29T21:21:36,2026-09-29T21:21:36
2395,研華,2024-08-07,339.5,15.5,4.78%,,32.64,,,,,,,ShowDailyK_ChartFlow,FinMind_API_TaiwanStockPrice_2395,True,2026-09-29T21:21:36,2026-09-29T21:21:36,2026-09-29T21:21:36
2395,研華,2024-08-08,336.0,-3.5,-1.03%,,32.31,,,,,,,ShowDailyK_ChartFlow,FinMind_API_TaiwanStockPrice_2395,True,2026-09-29T21:21:36,2026-09-29T21:21:36,2026-09-29T21:21:36
2395,研華,2024-08-09,339.5,3.5,1.04%,,32.64,,,,,,,ShowDailyK_ChartFlow,FinMind_API_TaiwanStockPrice_2395,True,2026-09-29T21:21:36,2026-09-29T21:21:36,2026-09-29T21:21:36
2395,研華,2024-08-12,345.5,6.0,1.77%,,33.22,,,,,,,ShowDailyK_ChartFlow,FinMind_API_TaiwanStockPrice_2395,True,2026-09-29T21:21:36,2026-09-29T21:21:36,2026-09-29T21:21:36
2395,研華,2024-08-13,346.5,1.0,0.29%,,33.32,,,,,,,ShowDailyK_ChartFlow,FinMind_API_TaiwanStockPrice_2395,True,2026-09-29T21:21:36,2026-09-29T21:21:36,2026-09-29T21:21:36
2395,研華,2024-08-14,348.5,2.0,0.58%,,33.51,,,,,,,ShowDailyK_ChartFlow,FinMind_API_TaiwanStockPrice_2395,True,2026-09-29T21:21:36,2026-09-29T21:21:36,2026-09-29T21:21:36
2395,研華,2024-08-15,347.5,-1.0,-0.29%,,33.41,,,,,,,ShowDailyK_ChartFlow,FinMind_API_TaiwanStockPrice_2395,True,2026-09-29T21:21:36,2026-09-29T21:21:36,2026-09-29T21:21:36
2395,研華,2024-08-16,351.0,3.5,1.01%,,33.75,,,,,,,ShowDailyK_ChartFlow,FinMind_API_TaiwanStockPrice_2395,True,2026-09-29T21:21:36,2026-09-29T21:21:36,2026-09-29T21:21:36
2395,研華,2024-08-19,348.0,-3.0,-0.85%,,33.46,,,,,,,ShowDailyK_ChartFlow,FinMind_API_TaiwanStockPrice_2395,True,2026-09-29T21:21:36,2026-09-29T21:21:36,2026-09-29T21:21:36
2395,研華,2024-08-20,348.5,0.5,0.14%,,33.51,,,,,,,ShowDailyK_ChartFlow,FinMind_API_TaiwanStockPrice_2395,True,2026-09-29T21:21:36,2026-09-29T21:21:36,2026-09-29T21:21:36
2395,研華,2024-08-21,347.0,-1.5,-0.43%,,33.37,,,,,,,ShowDailyK_ChartFlow,FinMind_API_TaiwanStockPrice_2395,True,2026-09-29T21:21:36,2026-09-29T21:21:36,2026-09-29T21:21:36
2395,研華,2024-08-22,346.5,-0.5,-0.14%,,33.32,,,,,,,ShowDailyK_ChartFlow,FinMind_API_TaiwanStockPrice_2395,True,2026-09-29T21:21:36,2026-09-29T21:21:36,2026-09-29T21:21:36
2395,研華,2024-08-23,346.5,0.0,0.00%,,33.32,,,,,,,ShowDailyK_ChartFlow,FinMind_API_TaiwanStockPrice_2395,True,2026-09-29T21:21:36,2026-09-29T21:21:36,2026-09-29T21:21:36
2395,研華,2024-08-26,352.0,5.5,1.59%,,33.85,,,,,,,ShowDailyK_ChartFlow,FinMind_API_TaiwanStockPrice_2395,True,2026-09-29T21:21:36,2026-09-29T21:21:36,2026-09-29T21:21:36
2395,研華,2024-08-27,345.5,-6.5,-1.85%,,33.22,,,,,,,ShowDailyK_ChartFlow,FinMind_API_TaiwanStockPrice_2395,True,2026-09-29T21:21:36,2026-09-29T21:21:36,2026-09-29T21:21:36
2395,研華,2024-08-28,347.5,2.0,0.58%,,33.41,,,,,,,ShowDailyK_ChartFlow,FinMind_API_TaiwanStockPrice_2395,True,2026-09-29T21:21:36,2026-09-29T21:21:36,2026-09-29T21:21:36
2395,研華,2024-08-29,350.0,2.5,0.72%,,33.65,,,,,,,ShowDailyK_ChartFlow,FinMind_API_TaiwanStockPrice_2395,True,2026-09-29T21:21:36,2026-09-29T21:21:36,2026-09-29T21:21:36
2395,研華,2024-08-30,349.0,-1.0,-0.29%,,33.56,,,,,,,ShowDailyK_ChartFlow,FinMind_API_TaiwanStockPrice_2395,True,2026-09-29T21:21:36,2026-09-29T21:21:36,2026-09-29T21:21:36
2395,研華,2024-09-02,348.0,-1.0,-0.29%,,33.46,,,,,,,ShowDailyK_ChartFlow,FinMind_API_TaiwanStockPrice_2395,True,2026-09-29T21:21:36,2026-09-29T21:21:36,2026-09-29T21:21:36
2395,研華,2024-09-03,348.0,0.0,0.00%,,33.46,,,,,,,ShowDailyK_ChartFlow,FinMind_API_TaiwanStockPrice_2395,True,2026-09-29T21:21:36,2026-09-29T21:21:36,2026-09-29T21:21:36
2395,研華,2024-09-04,324.0,-24.0,-6.90%,,31.15,,,,,,,ShowDailyK_ChartFlow,FinMind_API_TaiwanStockPrice_2395,True,2026-09-29T21:21:36,2026-09-29T21:21:36,2026-09-29T21:21:36
2395,研華,2024-09-05,323.5,-0.5,-0.15%,,31.11,,,,,,,ShowDailyK_ChartFlow,FinMind_API_TaiwanStockPrice_2395,True,2026-09-29T21:21:36,2026-09-29T21:21:36,2026-09-29T21:21:36
2395,研華,2024-09-06,327.0,3.5,1.08%,,31.44,,,,,,,ShowDailyK_ChartFlow,FinMind_API_TaiwanStockPrice_2395,True,2026-09-29T21:21:36,2026-09-29T21:21:36,2026-09-29T21:21:36
2395,研華,2024-09-09,321.5,-5.5,-1.68%,,30.91,,,,,,,ShowDailyK_ChartFlow,FinMind_API_TaiwanStockPrice_2395,True,2026-09-29T21:21:36,2026-09-29T21:21:36,2026-09-29T21:21:36
2395,研華,2024-09-10,319.5,-2.0,-0.62%,,30.72,,,,,,,ShowDailyK_ChartFlow,FinMind_API_TaiwanStockPrice_2395,True,2026-09-29T21:21:36,2026-09-29T21:21:36,2026-09-29T21:21:36
2395,研華,2024-09-11,320.0,0.5,0.16%,,30.77,,,,,,,ShowDailyK_ChartFlow,FinMind_API_TaiwanStockPrice_2395,True,2026-09-29T21:21:36,2026-09-29T21:21:36,2026-09-29T21:21:36
2395,研華,2024-09-12,323.5,3.5,1.09%,,31.11,,,,,,,ShowDailyK_ChartFlow,FinMind_API_TaiwanStockPrice_2395,True,2026-09-29T21:21:36,2026-09-29T21:21:36,2026-09-29T21:21:36
2395,研華,2024-09-13,325.5,2.0,0.62%,,31.3,,,,,,,ShowDailyK_ChartFlow,FinMind_API_TaiwanStockPrice_2395,True,2026-09-29T21:21:36,2026-09-29T21:21:36,2026-09-29T21:21:36
2395,研華,2024-09-16,325.5,0.0,0.00%,,31.3,,,,,,,ShowDailyK_ChartFlow,FinMind_API_TaiwanStockPrice_2395,True,2026-09-29T21:21:36,2026-09-29T21:21:36,2026-09-29T21:21:36
2395,研華,2024-09-18,320.0,-5.5,-1.69%,,30.77,,,,,,,ShowDailyK_ChartFlow,FinMind_API_TaiwanStockPrice_2395,True,2026-09-29T21:21:36,2026-09-29T21:21:36,2026-09-29T21:21:36
2395,研華,2024-09-19,322.5,2.5,0.78%,,31.01,,,,,,,ShowDailyK_ChartFlow,FinMind_API_TaiwanStockPrice_2395,True,2026-09-29T21:21:36,2026-09-29T21:21:36,2026-09-29T21:21:36
2395,研華,2024-09-20,332.5,10.0,3.10%,,31.97,,,,,,,ShowDailyK_ChartFlow,FinMind_API_TaiwanStockPrice_2395,True,2026-09-29T21:21:36,2026-09-29T21:21:36,2026-09-29T21:21:36
2395,研華,2024-09-23,336.0,3.5,1.05%,,32.31,,,,,,,ShowDailyK_ChartFlow,FinMind_API_TaiwanStockPrice_2395,True,2026-09-29T21:21:36,2026-09-29T21:21:36,2026-09-29T21:21:36
2395,研華,2024-09-24,332.0,-4.0,-1.19%,,31.92,,,,,,,ShowDailyK_ChartFlow,FinMind_API_TaiwanStockPrice_2395,True,2026-09-29T21:21:36,2026-09-29T21:21:36,2026-09-29T21:21:36
2395,研華,2024-09-25,336.5,4.5,1.36%,,32.36,,,,,,,ShowDailyK_ChartFlow,FinMind_API_TaiwanStockPrice_2395,True,2026-09-29T21:21:36,2026-09-29T21:21:36,2026-09-29T21:21:36
2395,研華,2024-09-26,338.5,2.0,0.59%,,32.55,,,,,,,ShowDailyK_ChartFlow,FinMind_API_TaiwanStockPrice_2395,True,2026-09-29T21:21:36,2026-09-29T21:21:36,2026-09-29T21:21:36
2395,研華,2024-09-27,338.0,-0.5,-0.15%,,32.5,,,,,,,ShowDailyK_ChartFlow,FinMind_API_TaiwanStockPrice_2395,True,2026-09-29T21:21:36,2026-09-29T21:21:36,2026-09-29T21:21:36
2395,研華,2024-09-30,321.5,-16.5,-4.88%,,30.91,,,,,,,ShowDailyK_ChartFlow,FinMind_API_TaiwanStockPrice_2395,True,2026-09-29T21:21:36,2026-09-29T21:21:36,2026-09-29T21:21:36
2395,研華,2024-10-01,319.0,-2.5,-0.78%,,30.67,,,,,,,ShowDailyK_ChartFlow,FinMind_API_TaiwanStockPrice_2395,True,2026-09-29T21:21:36,2026-09-29T21:21:36,2026-09-29T21:21:36
2395,研華,2024-10-04,319.0,0.0,0.00%,,30.67,,,,,,,ShowDailyK_ChartFlow,FinMind_API_TaiwanStockPrice_2395,True,2026-09-29T21:21:36,2026-09-29T21:21:36,2026-09-29T21:21:36
2395,研華,2024-10-07,316.0,-3.0,-0.94%,,30.38,,,,,,,ShowDailyK_ChartFlow,FinMind_API_TaiwanStockPrice_2395,True,2026-09-29T21:21:36,2026-09-29T21:21:36,2026-09-29T21:21:36
2395,研華,2024-10-08,314.0,-2.0,-0.63%,,30.19,,,,,,,ShowDailyK_ChartFlow,FinMind_API_TaiwanStockPrice_2395,True,2026-09-29T21:21:36,2026-09-29T21:21:36,2026-09-29T21:21:36
2395,研華,2024-10-09,318.5,4.5,1.43%,,30.63,,,,,,,ShowDailyK_ChartFlow,FinMind_API_TaiwanStockPrice_2395,True,2026-09-29T21:21:36,2026-09-29T21:21:36,2026-09-29T21:21:36
2395,研華,2024-10-11,317.5,-1.0,-0.31%,,30.53,,,,,,,ShowDailyK_ChartFlow,FinMind_API_TaiwanStockPrice_2395,True,2026-09-29T21:21:36,2026-09-29T21:21:36,2026-09-29T21:21:36
2395,研華,2024-10-14,323.5,6.0,1.89%,,31.11,,,,,,,ShowDailyK_ChartFlow,FinMind_API_TaiwanStockPrice_2395,True,2026-09-29T21:21:36,2026-09-29T21:21:36,2026-09-29T21:21:36
2395,研華,2024-10-15,327.0,3.5,1.08%,,31.44,,,,,,,ShowDailyK_ChartFlow,FinMind_API_TaiwanStockPrice_2395,True,2026-09-29T21:21:36,2026-09-29T21:21:36,2026-09-29T21:21:36
2395,研華,2024-10-16,321.5,-5.5,-1.68%,,30.91,,,,,,,ShowDailyK_ChartFlow,FinMind_API_TaiwanStockPrice_2395,True,2026-09-29T21:21:36,2026-09-29T21:21:36,2026-09-29T21:21:36
2395,研華,2024-10-17,325.0,3.5,1.09%,,31.25,,,,,,,ShowDailyK_ChartFlow,FinMind_API_TaiwanStockPrice_2395,True,2026-09-29T21:21:36,2026-09-29T21:21:36,2026-09-29T21:21:36
2395,研華,2024-10-18,324.5,-0.5,-0.15%,,31.2,,,,,,,ShowDailyK_ChartFlow,FinMind_API_TaiwanStockPrice_2395,True,2026-09-29T21:21:36,2026-09-29T21:21:36,2026-09-29T21:21:36
2395,研華,2024-10-21,328.0,3.5,1.08%,,31.54,,,,,,,ShowDailyK_ChartFlow,FinMind_API_TaiwanStockPrice_2395,True,2026-09-29T21:21:36,2026-09-29T21:21:36,2026-09-29T21:21:36
2395,研華,2024-10-22,321.5,-6.5,-1.98%,,30.91,,,,,,,ShowDailyK_ChartFlow,FinMind_API_TaiwanStockPrice_2395,True,2026-09-29T21:21:36,2026-09-29T21:21:36,2026-09-29T21:21:36
2395,研華,2024-10-23,316.0,-5.5,-1.71%,,30.38,,,,,,,ShowDailyK_ChartFlow,FinMind_API_TaiwanStockPrice_2395,True,2026-09-29T21:21:36,2026-09-29T21:21:36,2026-09-29T21:21:36
2395,研華,2024-10-24,318.0,2.0,0.63%,,30.58,,,,,,,ShowDailyK_ChartFlow,FinMind_API_TaiwanStockPrice_2395,True,2026-09-29T21:21:36,2026-09-29T21:21:36,2026-09-29T21:21:36
2395,研華,2024-10-25,318.0,0.0,0.00%,,30.58,,,,,,,ShowDailyK_ChartFlow,FinMind_API_TaiwanStockPrice_2395,True,2026-09-29T21:21:36,2026-09-29T21:21:36,2026-09-29T21:21:36
2395,研華,2024-10-28,320.0,2.0,0.63%,,30.77,,,,,,,ShowDailyK_ChartFlow,FinMind_API_TaiwanStockPrice_2395,True,2026-09-29T21:21:36,2026-09-29T21:21:36,2026-09-29T21:21:36
2395,研華,2024-10-29,316.0,-4.0,-1.25%,,30.38,,,,,,,ShowDailyK_ChartFlow,FinMind_API_TaiwanStockPrice_2395,True,2026-09-29T21:21:36,2026-09-29T21:21:36,2026-09-29T21:21:36
2395,研華,2024-10-30,320.0,4.0,1.27%,,30.77,,,,,,,ShowDailyK_ChartFlow,FinMind_API_TaiwanStockPrice_2395,True,2026-09-29T21:21:36,2026-09-29T21:21:36,2026-09-29T21:21:36
2395,研華,2024-11-01,313.5,-6.5,-2.03%,,31.29,,,,,,,ShowDailyK_ChartFlow,FinMind_API_TaiwanStockPrice_2395,True,2026-09-29T21:21:36,2026-09-29T21:21:36,2026-09-29T21:21:36
2395,研華,2024-11-04,322.0,8.5,2.71%,,32.14,,,,,,,ShowDailyK_ChartFlow,FinMind_API_TaiwanStockPrice_2395,True,2026-09-29T21:21:36,2026-09-29T21:21:36,2026-09-29T21:21:36
2395,研華,2024-11-05,325.0,3.0,0.93%,,32.44,,,,,,,ShowDailyK_ChartFlow,FinMind_API_TaiwanStockPrice_2395,True,2026-09-29T21:21:36,2026-09-29T21:21:36,2026-09-29T21:21:36
2395,研華,2024-11-06,327.0,2.0,0.62%,,32.63,,,,,,,ShowDailyK_ChartFlow,FinMind_API_TaiwanStockPrice_2395,True,2026-09-29T21:21:36,2026-09-29T21:21:36,2026-09-29T21:21:36
2395,研華,2024-11-07,336.5,9.5,2.91%,,33.58,,,,,,,ShowDailyK_ChartFlow,FinMind_API_TaiwanStockPrice_2395,True,2026-09-29T21:21:36,2026-09-29T21:21:36,2026-09-29T21:21:36
2395,研華,2024-11-08,333.5,-3.0,-0.89%,,33.28,,,,,,,ShowDailyK_ChartFlow,FinMind_API_TaiwanStockPrice_2395,True,2026-09-29T21:21:36,2026-09-29T21:21:36,2026-09-29T21:21:36
2395,研華,2024-11-11,324.0,-9.5,-2.85%,,32.34,,,,,,,ShowDailyK_ChartFlow,FinMind_API_TaiwanStockPrice_2395,True,2026-09-29T21:21:36,2026-09-29T21:21:36,2026-09-29T21:21:36
2395,研華,2024-11-12,321.5,-2.5,-0.77%,,32.09,,,,,,,ShowDailyK_ChartFlow,FinMind_API_TaiwanStockPrice_2395,True,2026-09-29T21:21:36,2026-09-29T21:21:36,2026-09-29T21:21:36
2395,研華,2024-11-13,325.0,3.5,1.09%,,32.44,,,,,,,ShowDailyK_ChartFlow,FinMind_API_TaiwanStockPrice_2395,True,2026-09-29T21:21:36,2026-09-29T21:21:36,2026-09-29T21:21:36
2395,研華,2024-11-14,328.0,3.0,0.92%,,32.73,,,,,,,ShowDailyK_ChartFlow,FinMind_API_TaiwanStockPrice_2395,True,2026-09-29T21:21:36,2026-09-29T21:21:36,2026-09-29T21:21:36
2395,研華,2024-11-15,327.0,-1.0,-0.30%,,32.63,,,,,,,ShowDailyK_ChartFlow,FinMind_API_TaiwanStockPrice_2395,True,2026-09-29T21:21:36,2026-09-29T21:21:36,2026-09-29T21:21:36
2395,研華,2024-11-18,327.0,0.0,0.00%,,32.63,,,,,,,ShowDailyK_ChartFlow,FinMind_API_TaiwanStockPrice_2395,True,2026-09-29T21:21:36,2026-09-29T21:21:36,2026-09-29T21:21:36
2395,研華,2024-11-19,331.5,4.5,1.38%,,33.08,,,,,,,ShowDailyK_ChartFlow,FinMind_API_TaiwanStockPrice_2395,True,2026-09-29T21:21:36,2026-09-29T21:21:36,2026-09-29T21:21:36
2395,研華,2024-11-20,340.0,8.5,2.56%,,33.93,,,,,,,ShowDailyK_ChartFlow,FinMind_API_TaiwanStockPrice_2395,True,2026-09-29T21:21:36,2026-09-29T21:21:36,2026-09-29T21:21:36
2395,研華,2024-11-21,342.0,2.0,0.59%,,34.13,,,,,,,ShowDailyK_ChartFlow,FinMind_API_TaiwanStockPrice_2395,True,2026-09-29T21:21:36,2026-09-29T21:21:36,2026-09-29T21:21:36
2395,研華,2024-11-22,349.0,7.0,2.05%,,34.83,,,,,,,ShowDailyK_ChartFlow,FinMind_API_TaiwanStockPrice_2395,True,2026-09-29T21:21:36,2026-09-29T21:21:36,2026-09-29T21:21:36
2395,研華,2024-11-25,349.5,0.5,0.14%,,34.88,,,,,,,ShowDailyK_ChartFlow,FinMind_API_TaiwanStockPrice_2395,True,2026-09-29T21:21:36,2026-09-29T21:21:36,2026-09-29T21:21:36
2395,研華,2024-11-26,347.5,-2.0,-0.57%,,34.68,,,,,,,ShowDailyK_ChartFlow,FinMind_API_TaiwanStockPrice_2395,True,2026-09-29T21:21:36,2026-09-29T21:21:36,2026-09-29T21:21:36
2395,研華,2024-11-27,346.5,-1.0,-0.29%,,34.58,,,,,,,ShowDailyK_ChartFlow,FinMind_API_TaiwanStockPrice_2395,True,2026-09-29T21:21:36,2026-09-29T21:21:36,2026-09-29T21:21:36
2395,研華,2024-11-28,342.5,-4.0,-1.15%,,34.18,,,,,,,ShowDailyK_ChartFlow,FinMind_API_TaiwanStockPrice_2395,True,2026-09-29T21:21:36,2026-09-29T21:21:36,2026-09-29T21:21:36
2395,研華,2024-11-29,335.5,-7.0,-2.04%,,33.48,,,,,,,ShowDailyK_ChartFlow,FinMind_API_TaiwanStockPrice_2395,True,2026-09-29T21:21:36,2026-09-29T21:21:36,2026-09-29T21:21:36
2395,研華,2024-12-02,347.0,11.5,3.43%,,34.63,,,,,,,ShowDailyK_ChartFlow,FinMind_API_TaiwanStockPrice_2395,True,2026-09-29T21:21:36,2026-09-29T21:21:36,2026-09-29T21:21:36
2395,研華,2024-12-03,362.0,15.0,4.32%,,36.13,,,,,,,ShowDailyK_ChartFlow,FinMind_API_TaiwanStockPrice_2395,True,2026-09-29T21:21:36,2026-09-29T21:21:36,2026-09-29T21:21:36
2395,研華,2024-12-04,360.0,-2.0,-0.55%,,35.93,,,,,,,ShowDailyK_ChartFlow,FinMind_API_TaiwanStockPrice_2395,True,2026-09-29T21:21:36,2026-09-29T21:21:36,2026-09-29T21:21:36
2395,研華,2024-12-05,360.0,0.0,0.00%,,35.93,,,,,,,ShowDailyK_ChartFlow,FinMind_API_TaiwanStockPrice_2395,True,2026-09-29T21:21:36,2026-09-29T21:21:36,2026-09-29T21:21:36
2395,研華,2024-12-06,357.0,-3.0,-0.83%,,35.63,,,,,,,ShowDailyK_ChartFlow,FinMind_API_TaiwanStockPrice_2395,True,2026-09-29T21:21:36,2026-09-29T21:21:36,2026-09-29T21:21:36
2395,研華,2024-12-09,355.5,-1.5,-0.42%,,35.48,,,,,,,ShowDailyK_ChartFlow,FinMind_API_TaiwanStockPrice_2395,True,2026-09-29T21:21:36,2026-09-29T21:21:36,2026-09-29T21:21:36
2395,研華,2024-12-10,353.5,-2.0,-0.56%,,35.28,,,,,,,ShowDailyK_ChartFlow,FinMind_API_TaiwanStockPrice_2395,True,2026-09-29T21:21:36,2026-09-29T21:21:36,2026-09-29T21:21:36
2395,研華,2024-12-11,355.0,1.5,0.42%,,35.43,,,,,,,ShowDailyK_ChartFlow,FinMind_API_TaiwanStockPrice_2395,True,2026-09-29T21:21:36,2026-09-29T21:21:36,2026-09-29T21:21:36
2395,研華,2024-12-12,352.0,-3.0,-0.85%,,35.13,,,,,,,ShowDailyK_ChartFlow,FinMind_API_TaiwanStockPrice_2395,True,2026-09-29T21:21:36,2026-09-29T21:21:36,2026-09-29T21:21:36
2395,研華,2024-12-13,352.5,0.5,0.14%,,35.18,,,,,,,ShowDailyK_ChartFlow,FinMind_API_TaiwanStockPrice_2395,True,2026-09-29T21:21:36,2026-09-29T21:21:36,2026-09-29T21:21:36
2395,研華,2024-12-16,351.0,-1.5,-0.43%,,35.03,,,,,,,ShowDailyK_ChartFlow,FinMind_API_TaiwanStockPrice_2395,True,2026-09-29T21:21:36,2026-09-29T21:21:36,2026-09-29T21:21:36
2395,研華,2024-12-17,351.5,0.5,0.14%,,35.08,,,,,,,ShowDailyK_ChartFlow,FinMind_API_TaiwanStockPrice_2395,True,2026-09-29T21:21:36,2026-09-29T21:21:36,2026-09-29T21:21:36
2395,研華,2024-12-18,359.0,7.5,2.13%,,35.83,,,,,,,ShowDailyK_ChartFlow,FinMind_API_TaiwanStockPrice_2395,True,2026-09-29T21:21:36,2026-09-29T21:21:36,2026-09-29T21:21:36
2395,研華,2024-12-19,352.5,-6.5,-1.81%,,35.18,,,,,,,ShowDailyK_ChartFlow,FinMind_API_TaiwanStockPrice_2395,True,2026-09-29T21:21:36,2026-09-29T21:21:36,2026-09-29T21:21:36
2395,研華,2024-12-20,339.0,-13.5,-3.83%,,33.83,,,,,,,ShowDailyK_ChartFlow,FinMind_API_TaiwanStockPrice_2395,True,2026-09-29T21:21:36,2026-09-29T21:21:36,2026-09-29T21:21:36
2395,研華,2024-12-23,351.5,12.5,3.69%,,35.08,,,,,,,ShowDailyK_ChartFlow,FinMind_API_TaiwanStockPrice_2395,True,2026-09-29T21:21:36,2026-09-29T21:21:36,2026-09-29T21:21:36
2395,研華,2024-12-24,348.5,-3.0,-0.85%,,34.78,,,,,,,ShowDailyK_ChartFlow,FinMind_API_TaiwanStockPrice_2395,True,2026-09-29T21:21:36,2026-09-29T21:21:36,2026-09-29T21:21:36
2395,研華,2024-12-25,351.5,3.0,0.86%,,35.08,,,,,,,ShowDailyK_ChartFlow,FinMind_API_TaiwanStockPrice_2395,True,2026-09-29T21:21:36,2026-09-29T21:21:36,2026-09-29T21:21:36
2395,研華,2024-12-26,348.0,-3.5,-1.00%,,34.73,,,,,,,ShowDailyK_ChartFlow,FinMind_API_TaiwanStockPrice_2395,True,2026-09-29T21:21:36,2026-09-29T21:21:36,2026-09-29T21:21:36
2395,研華,2024-12-27,351.0,3.0,0.86%,,35.03,,,,,,,ShowDailyK_ChartFlow,FinMind_API_TaiwanStockPrice_2395,True,2026-09-29T21:21:36,2026-09-29T21:21:36,2026-09-29T21:21:36
2395,研華,2024-12-30,345.5,-5.5,-1.57%,,34.48,,,,,,,ShowDailyK_ChartFlow,FinMind_API_TaiwanStockPrice_2395,True,2026-09-29T21:21:36,2026-09-29T21:21:36,2026-09-29T21:21:36
2395,研華,2024-12-31,346.5,1.0,0.29%,,34.58,,,,,,,ShowDailyK_ChartFlow,FinMind_API_TaiwanStockPrice_2395,True,2026-09-29T21:21:36,2026-09-29T21:21:36,2026-09-29T21:21:36
2395,研華,2025-01-02,344.0,-2.5,-0.72%,,34.33,,,,,,,ShowDailyK_ChartFlow,FinMind_API_TaiwanStockPrice_2395,True,2026-09-29T21:21:36,2026-09-29T21:21:36,2026-09-29T21:21:36
2395,研華,2025-01-03,345.0,1.0,0.29%,,34.43,,,,,,,ShowDailyK_ChartFlow,FinMind_API_TaiwanStockPrice_2395,True,2026-09-29T21:21:36,2026-09-29T21:21:36,2026-09-29T21:21:36
2395,研華,2025-01-06,354.0,9.0,2.61%,,35.33,,,,,,,ShowDailyK_ChartFlow,FinMind_API_TaiwanStockPrice_2395,True,2026-09-29T21:21:36,2026-09-29T21:21:36,2026-09-29T21:21:36
2395,研華,2025-01-07,360.0,6.0,1.69%,,35.93,,,,,,,ShowDailyK_ChartFlow,FinMind_API_TaiwanStockPrice_2395,True,2026-09-29T21:21:36,2026-09-29T21:21:36,2026-09-29T21:21:36
2395,研華,2025-01-08,378.0,18.0,5.00%,,37.72,,,,,,,ShowDailyK_ChartFlow,FinMind_API_TaiwanStockPrice_2395,True,2026-09-29T21:21:36,2026-09-29T21:21:36,2026-09-29T21:21:36
2395,研華,2025-01-09,360.0,-18.0,-4.76%,,35.93,,,,,,,ShowDailyK_ChartFlow,FinMind_API_TaiwanStockPrice_2395,True,2026-09-29T21:21:36,2026-09-29T21:21:36,2026-09-29T21:21:36
2395,研華,2025-01-10,363.0,3.0,0.83%,,36.23,,,,,,,ShowDailyK_ChartFlow,FinMind_API_TaiwanStockPrice_2395,True,2026-09-29T21:21:36,2026-09-29T21:21:36,2026-09-29T21:21:36
2395,研華,2025-01-13,357.5,-5.5,-1.52%,,35.68,,,,,,,ShowDailyK_ChartFlow,FinMind_API_TaiwanStockPrice_2395,True,2026-09-29T21:21:36,2026-09-29T21:21:36,2026-09-29T21:21:36
2395,研華,2025-01-14,357.0,-0.5,-0.14%,,35.63,,,,,,,ShowDailyK_ChartFlow,FinMind_API_TaiwanStockPrice_2395,True,2026-09-29T21:21:36,2026-09-29T21:21:36,2026-09-29T21:21:36
2395,研華,2025-01-15,353.0,-4.0,-1.12%,,35.23,,,,,,,ShowDailyK_ChartFlow,FinMind_API_TaiwanStockPrice_2395,True,2026-09-29T21:21:36,2026-09-29T21:21:36,2026-09-29T21:21:36
2395,研華,2025-01-16,364.5,11.5,3.26%,,36.38,,,,,,,ShowDailyK_ChartFlow,FinMind_API_TaiwanStockPrice_2395,True,2026-09-29T21:21:36,2026-09-29T21:21:36,2026-09-29T21:21:36
2395,研華,2025-01-17,365.0,0.5,0.14%,,36.43,,,,,,,ShowDailyK_ChartFlow,FinMind_API_TaiwanStockPrice_2395,True,2026-09-29T21:21:36,2026-09-29T21:21:36,2026-09-29T21:21:36
2395,研華,2025-01-20,365.5,0.5,0.14%,,36.48,,,,,,,ShowDailyK_ChartFlow,FinMind_API_TaiwanStockPrice_2395,True,2026-09-29T21:21:36,2026-09-29T21:21:36,2026-09-29T21:21:36
2395,研華,2025-01-21,367.0,1.5,0.41%,,36.63,,,,,,,ShowDailyK_ChartFlow,FinMind_API_TaiwanStockPrice_2395,True,2026-09-29T21:21:36,2026-09-29T21:21:36,2026-09-29T21:21:36
2395,研華,2025-01-22,379.0,12.0,3.27%,,37.82,,,,,,,ShowDailyK_ChartFlow,FinMind_API_TaiwanStockPrice_2395,True,2026-09-29T21:21:36,2026-09-29T21:21:36,2026-09-29T21:21:36
2395,研華,2025-02-03,374.5,-4.5,-1.19%,,37.38,,,,,,,ShowDailyK_ChartFlow,FinMind_API_TaiwanStockPrice_2395,True,2026-09-29T21:21:36,2026-09-29T21:21:36,2026-09-29T21:21:36
2395,研華,2025-02-04,375.0,0.5,0.13%,,37.43,,,,,,,ShowDailyK_ChartFlow,FinMind_API_TaiwanStockPrice_2395,True,2026-09-29T21:21:36,2026-09-29T21:21:36,2026-09-29T21:21:36
2395,研華,2025-02-05,412.5,37.5,10.00%,,41.17,,,,,,,ShowDailyK_ChartFlow,FinMind_API_TaiwanStockPrice_2395,True,2026-09-29T21:21:36,2026-09-29T21:21:36,2026-09-29T21:21:36
2395,研華,2025-02-06,410.5,-2.0,-0.48%,,40.97,,,,,,,ShowDailyK_ChartFlow,FinMind_API_TaiwanStockPrice_2395,True,2026-09-29T21:21:36,2026-09-29T21:21:36,2026-09-29T21:21:36
2395,研華,2025-02-07,411.5,1.0,0.24%,,41.07,,,,,,,ShowDailyK_ChartFlow,FinMind_API_TaiwanStockPrice_2395,True,2026-09-29T21:21:36,2026-09-29T21:21:36,2026-09-29T21:21:36
2395,研華,2025-02-10,409.0,-2.5,-0.61%,,40.82,,,,,,,ShowDailyK_ChartFlow,FinMind_API_TaiwanStockPrice_2395,True,2026-09-29T21:21:36,2026-09-29T21:21:36,2026-09-29T21:21:36
2395,研華,2025-02-11,409.0,0.0,0.00%,,40.82,,,,,,,ShowDailyK_ChartFlow,FinMind_API_TaiwanStockPrice_2395,True,2026-09-29T21:21:36,2026-09-29T21:21:36,2026-09-29T21:21:36
2395,研華,2025-02-12,408.0,-1.0,-0.24%,,40.72,,,,,,,ShowDailyK_ChartFlow,FinMind_API_TaiwanStockPrice_2395,True,2026-09-29T21:21:36,2026-09-29T21:21:36,2026-09-29T21:21:36
2395,研華,2025-02-13,402.5,-5.5,-1.35%,,40.17,,,,,,,ShowDailyK_ChartFlow,FinMind_API_TaiwanStockPrice_2395,True,2026-09-29T21:21:36,2026-09-29T21:21:36,2026-09-29T21:21:36
2395,研華,2025-02-14,400.0,-2.5,-0.62%,,39.92,,,,,,,ShowDailyK_ChartFlow,FinMind_API_TaiwanStockPrice_2395,True,2026-09-29T21:21:36,2026-09-29T21:21:36,2026-09-29T21:21:36
2395,研華,2025-02-17,401.5,1.5,0.38%,,40.07,,,,,,,ShowDailyK_ChartFlow,FinMind_API_TaiwanStockPrice_2395,True,2026-09-29T21:21:36,2026-09-29T21:21:36,2026-09-29T21:21:36
2395,研華,2025-02-18,407.5,6.0,1.49%,,40.67,,,,,,,ShowDailyK_ChartFlow,FinMind_API_TaiwanStockPrice_2395,True,2026-09-29T21:21:36,2026-09-29T21:21:36,2026-09-29T21:21:36
2395,研華,2025-02-19,406.5,-1.0,-0.25%,,40.57,,,,,,,ShowDailyK_ChartFlow,FinMind_API_TaiwanStockPrice_2395,True,2026-09-29T21:21:36,2026-09-29T21:21:36,2026-09-29T21:21:36
2395,研華,2025-02-20,415.0,8.5,2.09%,,41.42,,,,,,,ShowDailyK_ChartFlow,FinMind_API_TaiwanStockPrice_2395,True,2026-09-29T21:21:36,2026-09-29T21:21:36,2026-09-29T21:21:36
2395,研華,2025-02-21,418.0,3.0,0.72%,,41.72,,,,,,,ShowDailyK_ChartFlow,FinMind_API_TaiwanStockPrice_2395,True,2026-09-29T21:21:36,2026-09-29T21:21:36,2026-09-29T21:21:36
2395,研華,2025-02-24,415.0,-3.0,-0.72%,,41.42,,,,,,,ShowDailyK_ChartFlow,FinMind_API_TaiwanStockPrice_2395,True,2026-09-29T21:21:36,2026-09-29T21:21:36,2026-09-29T21:21:36
2395,研華,2025-02-25,406.0,-9.0,-2.17%,,40.52,,,,,,,ShowDailyK_ChartFlow,FinMind_API_TaiwanStockPrice_2395,True,2026-09-29T21:21:36,2026-09-29T21:21:36,2026-09-29T21:21:36
2395,研華,2025-02-26,409.5,3.5,0.86%,,40.87,,,,,,,ShowDailyK_ChartFlow,FinMind_API_TaiwanStockPrice_2395,True,2026-09-29T21:21:36,2026-09-29T21:21:36,2026-09-29T21:21:36
2395,研華,2025-02-27,406.0,-3.5,-0.85%,,38.93,,,,,,,ShowDailyK_ChartFlow,FinMind_API_TaiwanStockPrice_2395,True,2026-09-29T21:21:36,2026-09-29T21:21:36,2026-09-29T21:21:36
2395,研華,2025-03-03,400.5,-5.5,-1.35%,,38.4,,,,,,,ShowDailyK_ChartFlow,FinMind_API_TaiwanStockPrice_2395,True,2026-09-29T21:21:36,2026-09-29T21:21:36,2026-09-29T21:21:36
2395,研華,2025-03-04,395.5,-5.0,-1.25%,,37.92,,,,,,,ShowDailyK_ChartFlow,FinMind_API_TaiwanStockPrice_2395,True,2026-09-29T21:21:36,2026-09-29T21:21:36,2026-09-29T21:21:36
2395,研華,2025-03-05,390.0,-5.5,-1.39%,,37.39,,,,,,,ShowDailyK_ChartFlow,FinMind_API_TaiwanStockPrice_2395,True,2026-09-29T21:21:36,2026-09-29T21:21:36,2026-09-29T21:21:36
2395,研華,2025-03-06,409.0,19.0,4.87%,,39.21,,,,,,,ShowDailyK_ChartFlow,FinMind_API_TaiwanStockPrice_2395,True,2026-09-29T21:21:36,2026-09-29T21:21:36,2026-09-29T21:21:36
2395,研華,2025-03-07,395.0,-14.0,-3.42%,,37.87,,,,,,,ShowDailyK_ChartFlow,FinMind_API_TaiwanStockPrice_2395,True,2026-09-29T21:21:36,2026-09-29T21:21:36,2026-09-29T21:21:36
2395,研華,2025-03-10,394.5,-0.5,-0.13%,,37.82,,,,,,,ShowDailyK_ChartFlow,FinMind_API_TaiwanStockPrice_2395,True,2026-09-29T21:21:36,2026-09-29T21:21:36,2026-09-29T21:21:36
2395,研華,2025-03-11,395.0,0.5,0.13%,,37.87,,,,,,,ShowDailyK_ChartFlow,FinMind_API_TaiwanStockPrice_2395,True,2026-09-29T21:21:36,2026-09-29T21:21:36,2026-09-29T21:21:36
2395,研華,2025-03-12,390.5,-4.5,-1.14%,,37.44,,,,,,,ShowDailyK_ChartFlow,FinMind_API_TaiwanStockPrice_2395,True,2026-09-29T21:21:36,2026-09-29T21:21:36,2026-09-29T21:21:36
2395,研華,2025-03-13,391.5,1.0,0.26%,,37.54,,,,,,,ShowDailyK_ChartFlow,FinMind_API_TaiwanStockPrice_2395,True,2026-09-29T21:21:36,2026-09-29T21:21:36,2026-09-29T21:21:36
2395,研華,2025-03-14,382.0,-9.5,-2.43%,,36.63,,,,,,,ShowDailyK_ChartFlow,FinMind_API_TaiwanStockPrice_2395,True,2026-09-29T21:21:36,2026-09-29T21:21:36,2026-09-29T21:21:36
2395,研華,2025-03-17,383.5,1.5,0.39%,,36.77,,,,,,,ShowDailyK_ChartFlow,FinMind_API_TaiwanStockPrice_2395,True,2026-09-29T21:21:36,2026-09-29T21:21:36,2026-09-29T21:21:36
2395,研華,2025-03-18,390.0,6.5,1.69%,,37.39,,,,,,,ShowDailyK_ChartFlow,FinMind_API_TaiwanStockPrice_2395,True,2026-09-29T21:21:36,2026-09-29T21:21:36,2026-09-29T21:21:36
2395,研華,2025-03-19,387.0,-3.0,-0.77%,,37.1,,,,,,,ShowDailyK_ChartFlow,FinMind_API_TaiwanStockPrice_2395,True,2026-09-29T21:21:36,2026-09-29T21:21:36,2026-09-29T21:21:36
2395,研華,2025-03-20,394.0,7.0,1.81%,,37.78,,,,,,,ShowDailyK_ChartFlow,FinMind_API_TaiwanStockPrice_2395,True,2026-09-29T21:21:36,2026-09-29T21:21:36,2026-09-29T21:21:36
2395,研華,2025-03-21,391.0,-3.0,-0.76%,,37.49,,,,,,,ShowDailyK_ChartFlow,FinMind_API_TaiwanStockPrice_2395,True,2026-09-29T21:21:36,2026-09-29T21:21:36,2026-09-29T21:21:36
2395,研華,2025-03-24,390.5,-0.5,-0.13%,,37.44,,,,,,,ShowDailyK_ChartFlow,FinMind_API_TaiwanStockPrice_2395,True,2026-09-29T21:21:36,2026-09-29T21:21:36,2026-09-29T21:21:36
2395,研華,2025-03-25,394.0,3.5,0.90%,,37.78,,,,,,,ShowDailyK_ChartFlow,FinMind_API_TaiwanStockPrice_2395,True,2026-09-29T21:21:36,2026-09-29T21:21:36,2026-09-29T21:21:36
2395,研華,2025-03-26,398.5,4.5,1.14%,,38.21,,,,,,,ShowDailyK_ChartFlow,FinMind_API_TaiwanStockPrice_2395,True,2026-09-29T21:21:36,2026-09-29T21:21:36,2026-09-29T21:21:36
2395,研華,2025-03-27,396.0,-2.5,-0.63%,,37.97,,,,,,,ShowDailyK_ChartFlow,FinMind_API_TaiwanStockPrice_2395,True,2026-09-29T21:21:36,2026-09-29T21:21:36,2026-09-29T21:21:36
2395,研華,2025-03-28,388.0,-8.0,-2.02%,,37.2,,,,,,,ShowDailyK_ChartFlow,FinMind_API_TaiwanStockPrice_2395,True,2026-09-29T21:21:36,2026-09-29T21:21:36,2026-09-29T21:21:36
2395,研華,2025-03-31,375.0,-13.0,-3.35%,,35.95,,,,,,,ShowDailyK_ChartFlow,FinMind_API_TaiwanStockPrice_2395,True,2026-09-29T21:21:36,2026-09-29T21:21:36,2026-09-29T21:21:36
2395,研華,2025-04-01,384.0,9.0,2.40%,,36.82,,,,,,,ShowDailyK_ChartFlow,FinMind_API_TaiwanStockPrice_2395,True,2026-09-29T21:21:36,2026-09-29T21:21:36,2026-09-29T21:21:36
2395,研華,2025-04-02,390.0,6.0,1.56%,,37.39,,,,,,,ShowDailyK_ChartFlow,FinMind_API_TaiwanStockPrice_2395,True,2026-09-29T21:21:36,2026-09-29T21:21:36,2026-09-29T21:21:36
2395,研華,2025-04-07,351.0,-39.0,-10.00%,,33.65,,,,,,,ShowDailyK_ChartFlow,FinMind_API_TaiwanStockPrice_2395,True,2026-09-29T21:21:36,2026-09-29T21:21:36,2026-09-29T21:21:36
2395,研華,2025-04-08,332.0,-19.0,-5.41%,,31.83,,,,,,,ShowDailyK_ChartFlow,FinMind_API_TaiwanStockPrice_2395,True,2026-09-29T21:21:36,2026-09-29T21:21:36,2026-09-29T21:21:36
2395,研華,2025-04-09,305.5,-26.5,-7.98%,,29.29,,,,,,,ShowDailyK_ChartFlow,FinMind_API_TaiwanStockPrice_2395,True,2026-09-29T21:21:36,2026-09-29T21:21:36,2026-09-29T21:21:36
2395,研華,2025-04-10,336.0,30.5,9.98%,,32.21,,,,,,,ShowDailyK_ChartFlow,FinMind_API_TaiwanStockPrice_2395,True,2026-09-29T21:21:36,2026-09-29T21:21:36,2026-09-29T21:21:36
2395,研華,2025-04-11,333.0,-3.0,-0.89%,,31.93,,,,,,,ShowDailyK_ChartFlow,FinMind_API_TaiwanStockPrice_2395,True,2026-09-29T21:21:36,2026-09-29T21:21:36,2026-09-29T21:21:36
2395,研華,2025-04-14,338.5,5.5,1.65%,,32.45,,,,,,,ShowDailyK_ChartFlow,FinMind_API_TaiwanStockPrice_2395,True,2026-09-29T21:21:36,2026-09-29T21:21:36,2026-09-29T21:21:36
2395,研華,2025-04-15,346.5,8.0,2.36%,,33.22,,,,,,,ShowDailyK_ChartFlow,FinMind_API_TaiwanStockPrice_2395,True,2026-09-29T21:21:36,2026-09-29T21:21:36,2026-09-29T21:21:36
2395,研華,2025-04-16,341.0,-5.5,-1.59%,,32.69,,,,,,,ShowDailyK_ChartFlow,FinMind_API_TaiwanStockPrice_2395,True,2026-09-29T21:21:36,2026-09-29T21:21:36,2026-09-29T21:21:36
2395,研華,2025-04-17,324.0,-17.0,-4.99%,,31.06,,,,,,,ShowDailyK_ChartFlow,FinMind_API_TaiwanStockPrice_2395,True,2026-09-29T21:21:36,2026-09-29T21:21:36,2026-09-29T21:21:36
2395,研華,2025-04-18,330.5,6.5,2.01%,,31.69,,,,,,,ShowDailyK_ChartFlow,FinMind_API_TaiwanStockPrice_2395,True,2026-09-29T21:21:36,2026-09-29T21:21:36,2026-09-29T21:21:36
2395,研華,2025-04-21,325.0,-5.5,-1.66%,,31.16,,,,,,,ShowDailyK_ChartFlow,FinMind_API_TaiwanStockPrice_2395,True,2026-09-29T21:21:36,2026-09-29T21:21:36,2026-09-29T21:21:36
2395,研華,2025-04-22,320.5,-4.5,-1.38%,,30.73,,,,,,,ShowDailyK_ChartFlow,FinMind_API_TaiwanStockPrice_2395,True,2026-09-29T21:21:36,2026-09-29T21:21:36,2026-09-29T21:21:36
2395,研華,2025-04-23,331.5,11.0,3.43%,,31.78,,,,,,,ShowDailyK_ChartFlow,FinMind_API_TaiwanStockPrice_2395,True,2026-09-29T21:21:36,2026-09-29T21:21:36,2026-09-29T21:21:36
2395,研華,2025-04-24,327.5,-4.0,-1.21%,,29.03,,,,,,,ShowDailyK_ChartFlow,FinMind_API_TaiwanStockPrice_2395,True,2026-09-29T21:21:36,2026-09-29T21:21:36,2026-09-29T21:21:36
2395,研華,2025-04-25,333.0,5.5,1.68%,,29.52,,,,,,,ShowDailyK_ChartFlow,FinMind_API_TaiwanStockPrice_2395,True,2026-09-29T21:21:36,2026-09-29T21:21:36,2026-09-29T21:21:36
2395,研華,2025-04-28,341.0,8.0,2.40%,,30.23,,,,,,,ShowDailyK_ChartFlow,FinMind_API_TaiwanStockPrice_2395,True,2026-09-29T21:21:36,2026-09-29T21:21:36,2026-09-29T21:21:36
2395,研華,2025-04-29,345.0,4.0,1.17%,,30.59,,,,,,,ShowDailyK_ChartFlow,FinMind_API_TaiwanStockPrice_2395,True,2026-09-29T21:21:36,2026-09-29T21:21:36,2026-09-29T21:21:36
2395,研華,2025-04-30,337.0,-8.0,-2.32%,,29.88,,,,,,,ShowDailyK_ChartFlow,FinMind_API_TaiwanStockPrice_2395,True,2026-09-29T21:21:36,2026-09-29T21:21:36,2026-09-29T21:21:36
2395,研華,2025-05-02,339.5,2.5,0.74%,,30.1,,,,,,,ShowDailyK_ChartFlow,FinMind_API_TaiwanStockPrice_2395,True,2026-09-29T21:21:36,2026-09-29T21:21:36,2026-09-29T21:21:36
2395,研華,2025-05-05,339.0,-0.5,-0.15%,,30.05,,,,,,,ShowDailyK_ChartFlow,FinMind_API_TaiwanStockPrice_2395,True,2026-09-29T21:21:36,2026-09-29T21:21:36,2026-09-29T21:21:36
2395,研華,2025-05-06,345.0,6.0,1.77%,,30.59,,,,,,,ShowDailyK_ChartFlow,FinMind_API_TaiwanStockPrice_2395,True,2026-09-29T21:21:36,2026-09-29T21:21:36,2026-09-29T21:21:36
2395,研華,2025-05-07,340.5,-4.5,-1.30%,,30.19,,,,,,,ShowDailyK_ChartFlow,FinMind_API_TaiwanStockPrice_2395,True,2026-09-29T21:21:36,2026-09-29T21:21:36,2026-09-29T21:21:36
2395,研華,2025-05-08,342.5,2.0,0.59%,,30.36,,,,,,,ShowDailyK_ChartFlow,FinMind_API_TaiwanStockPrice_2395,True,2026-09-29T21:21:36,2026-09-29T21:21:36,2026-09-29T21:21:36
2395,研華,2025-05-09,341.5,-1.0,-0.29%,,30.27,,,,,,,ShowDailyK_ChartFlow,FinMind_API_TaiwanStockPrice_2395,True,2026-09-29T21:21:36,2026-09-29T21:21:36,2026-09-29T21:21:36
2395,研華,2025-05-12,347.5,6.0,1.76%,,30.81,,,,,,,ShowDailyK_ChartFlow,FinMind_API_TaiwanStockPrice_2395,True,2026-09-29T21:21:36,2026-09-29T21:21:36,2026-09-29T21:21:36
2395,研華,2025-05-13,347.0,-0.5,-0.14%,,30.76,,,,,,,ShowDailyK_ChartFlow,FinMind_API_TaiwanStockPrice_2395,True,2026-09-29T21:21:36,2026-09-29T21:21:36,2026-09-29T21:21:36
2395,研華,2025-05-14,347.0,0.0,0.00%,,30.76,,,,,,,ShowDailyK_ChartFlow,FinMind_API_TaiwanStockPrice_2395,True,2026-09-29T21:21:36,2026-09-29T21:21:36,2026-09-29T21:21:36
2395,研華,2025-05-15,344.0,-3.0,-0.86%,,30.5,,,,,,,ShowDailyK_ChartFlow,FinMind_API_TaiwanStockPrice_2395,True,2026-09-29T21:21:36,2026-09-29T21:21:36,2026-09-29T21:21:36
2395,研華,2025-05-16,345.5,1.5,0.44%,,30.63,,,,,,,ShowDailyK_ChartFlow,FinMind_API_TaiwanStockPrice_2395,True,2026-09-29T21:21:36,2026-09-29T21:21:36,2026-09-29T21:21:36
2395,研華,2025-05-19,344.0,-1.5,-0.43%,,30.5,,,,,,,ShowDailyK_ChartFlow,FinMind_API_TaiwanStockPrice_2395,True,2026-09-29T21:21:36,2026-09-29T21:21:36,2026-09-29T21:21:36
2395,研華,2025-05-20,345.0,1.0,0.29%,,30.59,,,,,,,ShowDailyK_ChartFlow,FinMind_API_TaiwanStockPrice_2395,True,2026-09-29T21:21:36,2026-09-29T21:21:36,2026-09-29T21:21:36
2395,研華,2025-05-21,349.5,4.5,1.30%,,30.98,,,,,,,ShowDailyK_ChartFlow,FinMind_API_TaiwanStockPrice_2395,True,2026-09-29T21:21:36,2026-09-29T21:21:36,2026-09-29T21:21:36
2395,研華,2025-05-22,343.5,-6.0,-1.72%,,30.45,,,,,,,ShowDailyK_ChartFlow,FinMind_API_TaiwanStockPrice_2395,True,2026-09-29T21:21:36,2026-09-29T21:21:36,2026-09-29T21:21:36
2395,研華,2025-05-23,342.5,-1.0,-0.29%,,30.36,,,,,,,ShowDailyK_ChartFlow,FinMind_API_TaiwanStockPrice_2395,True,2026-09-29T21:21:36,2026-09-29T21:21:36,2026-09-29T21:21:36
2395,研華,2025-05-26,349.0,6.5,1.90%,,30.94,,,,,,,ShowDailyK_ChartFlow,FinMind_API_TaiwanStockPrice_2395,True,2026-09-29T21:21:36,2026-09-29T21:21:36,2026-09-29T21:21:36
2395,研華,2025-05-27,343.0,-6.0,-1.72%,,30.41,,,,,,,ShowDailyK_ChartFlow,FinMind_API_TaiwanStockPrice_2395,True,2026-09-29T21:21:36,2026-09-29T21:21:36,2026-09-29T21:21:36
2395,研華,2025-05-28,345.5,2.5,0.73%,,30.63,,,,,,,ShowDailyK_ChartFlow,FinMind_API_TaiwanStockPrice_2395,True,2026-09-29T21:21:36,2026-09-29T21:21:36,2026-09-29T21:21:36
2395,研華,2025-05-29,342.0,-3.5,-1.01%,,30.32,,,,,,,ShowDailyK_ChartFlow,FinMind_API_TaiwanStockPrice_2395,True,2026-09-29T21:21:36,2026-09-29T21:21:36,2026-09-29T21:21:36
2395,研華,2025-06-02,340.0,-2.0,-0.58%,,30.14,,,,,,,ShowDailyK_ChartFlow,FinMind_API_TaiwanStockPrice_2395,True,2026-09-29T21:21:36,2026-09-29T21:21:36,2026-09-29T21:21:36
2395,研華,2025-06-03,343.0,3.0,0.88%,,30.41,,,,,,,ShowDailyK_ChartFlow,FinMind_API_TaiwanStockPrice_2395,True,2026-09-29T21:21:36,2026-09-29T21:21:36,2026-09-29T21:21:36
2395,研華,2025-06-04,345.5,2.5,0.73%,,30.63,,,,,,,ShowDailyK_ChartFlow,FinMind_API_TaiwanStockPrice_2395,True,2026-09-29T21:21:36,2026-09-29T21:21:36,2026-09-29T21:21:36
2395,研華,2025-06-05,349.0,3.5,1.01%,,30.94,,,,,,,ShowDailyK_ChartFlow,FinMind_API_TaiwanStockPrice_2395,True,2026-09-29T21:21:36,2026-09-29T21:21:36,2026-09-29T21:21:36
2395,研華,2025-06-06,339.5,-9.5,-2.72%,,30.1,,,,,,,ShowDailyK_ChartFlow,FinMind_API_TaiwanStockPrice_2395,True,2026-09-29T21:21:36,2026-09-29T21:21:36,2026-09-29T21:21:36
2395,研華,2025-06-09,344.5,5.0,1.47%,,30.54,,,,,,,ShowDailyK_ChartFlow,FinMind_API_TaiwanStockPrice_2395,True,2026-09-29T21:21:36,2026-09-29T21:21:36,2026-09-29T21:21:36
2395,研華,2025-06-10,346.0,1.5,0.44%,,30.67,,,,,,,ShowDailyK_ChartFlow,FinMind_API_TaiwanStockPrice_2395,True,2026-09-29T21:21:36,2026-09-29T21:21:36,2026-09-29T21:21:36
2395,研華,2025-06-11,351.5,5.5,1.59%,,31.16,,,,,,,ShowDailyK_ChartFlow,FinMind_API_TaiwanStockPrice_2395,True,2026-09-29T21:21:36,2026-09-29T21:21:36,2026-09-29T21:21:36
2395,研華,2025-06-12,348.0,-3.5,-1.00%,,30.85,,,,,,,ShowDailyK_ChartFlow,FinMind_API_TaiwanStockPrice_2395,True,2026-09-29T21:21:36,2026-09-29T21:21:36,2026-09-29T21:21:36
2395,研華,2025-06-13,345.0,-3.0,-0.86%,,30.59,,,,,,,ShowDailyK_ChartFlow,FinMind_API_TaiwanStockPrice_2395,True,2026-09-29T21:21:36,2026-09-29T21:21:36,2026-09-29T21:21:36
2395,研華,2025-06-16,339.0,-6.0,-1.74%,,30.05,,,,,,,ShowDailyK_ChartFlow,FinMind_API_TaiwanStockPrice_2395,True,2026-09-29T21:21:36,2026-09-29T21:21:36,2026-09-29T21:21:36
2395,研華,2025-06-17,337.0,-2.0,-0.59%,,29.88,,,,,,,ShowDailyK_ChartFlow,FinMind_API_TaiwanStockPrice_2395,True,2026-09-29T21:21:36,2026-09-29T21:21:36,2026-09-29T21:21:36
2395,研華,2025-06-18,340.0,3.0,0.89%,,30.14,,,,,,,ShowDailyK_ChartFlow,FinMind_API_TaiwanStockPrice_2395,True,2026-09-29T21:21:36,2026-09-29T21:21:36,2026-09-29T21:21:36
2395,研華,2025-06-19,332.5,-7.5,-2.21%,,29.48,,,,,,,ShowDailyK_ChartFlow,FinMind_API_TaiwanStockPrice_2395,True,2026-09-29T21:21:36,2026-09-29T21:21:36,2026-09-29T21:21:36
2395,研華,2025-06-20,329.5,-3.0,-0.90%,,29.21,,,,,,,ShowDailyK_ChartFlow,FinMind_API_TaiwanStockPrice_2395,True,2026-09-29T21:21:36,2026-09-29T21:21:36,2026-09-29T21:21:36
2395,研華,2025-06-23,327.5,-2.0,-0.61%,,29.03,,,,,,,ShowDailyK_ChartFlow,FinMind_API_TaiwanStockPrice_2395,True,2026-09-29T21:21:36,2026-09-29T21:21:36,2026-09-29T21:21:36
2395,研華,2025-06-24,333.5,6.0,1.83%,,29.57,,,,,,,ShowDailyK_ChartFlow,FinMind_API_TaiwanStockPrice_2395,True,2026-09-29T21:21:36,2026-09-29T21:21:36,2026-09-29T21:21:36
2395,研華,2025-06-25,334.5,1.0,0.30%,,29.65,,,,,,,ShowDailyK_ChartFlow,FinMind_API_TaiwanStockPrice_2395,True,2026-09-29T21:21:36,2026-09-29T21:21:36,2026-09-29T21:21:36
2395,研華,2025-06-26,336.5,2.0,0.60%,,29.83,,,,,,,ShowDailyK_ChartFlow,FinMind_API_TaiwanStockPrice_2395,True,2026-09-29T21:21:36,2026-09-29T21:21:36,2026-09-29T21:21:36
2395,研華,2025-06-27,339.5,3.0,0.89%,,30.1,,,,,,,ShowDailyK_ChartFlow,FinMind_API_TaiwanStockPrice_2395,True,2026-09-29T21:21:36,2026-09-29T21:21:36,2026-09-29T21:21:36
2395,研華,2025-06-30,340.0,0.5,0.15%,,30.14,,,,,,,ShowDailyK_ChartFlow,FinMind_API_TaiwanStockPrice_2395,True,2026-09-29T21:21:36,2026-09-29T21:21:36,2026-09-29T21:21:36
2395,研華,2025-07-01,340.0,0.0,0.00%,,30.14,,,,,,,ShowDailyK_ChartFlow,FinMind_API_TaiwanStockPrice_2395,True,2026-09-29T21:21:36,2026-09-29T21:21:36,2026-09-29T21:21:36
2395,研華,2025-07-02,338.0,-2.0,-0.59%,,29.96,,,,,,,ShowDailyK_ChartFlow,FinMind_API_TaiwanStockPrice_2395,True,2026-09-29T21:21:36,2026-09-29T21:21:36,2026-09-29T21:21:36
2395,研華,2025-07-03,343.0,5.0,1.48%,,30.41,,,,,,,ShowDailyK_ChartFlow,FinMind_API_TaiwanStockPrice_2395,True,2026-09-29T21:21:36,2026-09-29T21:21:36,2026-09-29T21:21:36
2395,研華,2025-07-04,344.0,1.0,0.29%,,30.5,,,,,,,ShowDailyK_ChartFlow,FinMind_API_TaiwanStockPrice_2395,True,2026-09-29T21:21:36,2026-09-29T21:21:36,2026-09-29T21:21:36
2395,研華,2025-07-07,339.5,-4.5,-1.31%,,30.1,,,,,,,ShowDailyK_ChartFlow,FinMind_API_TaiwanStockPrice_2395,True,2026-09-29T21:21:36,2026-09-29T21:21:36,2026-09-29T21:21:36
2395,研華,2025-07-08,340.5,1.0,0.29%,,30.19,,,,,,,ShowDailyK_ChartFlow,FinMind_API_TaiwanStockPrice_2395,True,2026-09-29T21:21:36,2026-09-29T21:21:36,2026-09-29T21:21:36
2395,研華,2025-07-09,342.0,1.5,0.44%,,30.32,,,,,,,ShowDailyK_ChartFlow,FinMind_API_TaiwanStockPrice_2395,True,2026-09-29T21:21:36,2026-09-29T21:21:36,2026-09-29T21:21:36
2395,研華,2025-07-10,345.5,3.5,1.02%,,30.63,,,,,,,ShowDailyK_ChartFlow,FinMind_API_TaiwanStockPrice_2395,True,2026-09-29T21:21:36,2026-09-29T21:21:36,2026-09-29T21:21:36
2395,研華,2025-07-11,348.5,3.0,0.87%,,30.9,,,,,,,ShowDailyK_ChartFlow,FinMind_API_TaiwanStockPrice_2395,True,2026-09-29T21:21:36,2026-09-29T21:21:36,2026-09-29T21:21:36
2395,研華,2025-07-14,342.0,-6.5,-1.87%,,30.32,,,,,,,ShowDailyK_ChartFlow,FinMind_API_TaiwanStockPrice_2395,True,2026-09-29T21:21:36,2026-09-29T21:21:36,2026-09-29T21:21:36
2395,研華,2025-07-15,337.5,-4.5,-1.32%,,29.92,,,,,,,ShowDailyK_ChartFlow,FinMind_API_TaiwanStockPrice_2395,True,2026-09-29T21:21:36,2026-09-29T21:21:36,2026-09-29T21:21:36
2395,研華,2025-07-16,337.5,0.0,0.00%,,29.92,,,,,,,ShowDailyK_ChartFlow,FinMind_API_TaiwanStockPrice_2395,True,2026-09-29T21:21:36,2026-09-29T21:21:36,2026-09-29T21:21:36
2395,研華,2025-07-17,331.0,-6.5,-1.93%,,29.34,,,,,,,ShowDailyK_ChartFlow,FinMind_API_TaiwanStockPrice_2395,True,2026-09-29T21:21:36,2026-09-29T21:21:36,2026-09-29T21:21:36
2395,研華,2025-07-18,334.0,3.0,0.91%,,29.61,,,,,,,ShowDailyK_ChartFlow,FinMind_API_TaiwanStockPrice_2395,True,2026-09-29T21:21:36,2026-09-29T21:21:36,2026-09-29T21:21:36
2395,研華,2025-07-21,340.5,6.5,1.95%,,30.19,,,,,,,ShowDailyK_ChartFlow,FinMind_API_TaiwanStockPrice_2395,True,2026-09-29T21:21:36,2026-09-29T21:21:36,2026-09-29T21:21:36
2395,研華,2025-07-22,334.5,-6.0,-1.76%,,29.65,,,,,,,ShowDailyK_ChartFlow,FinMind_API_TaiwanStockPrice_2395,True,2026-09-29T21:21:36,2026-09-29T21:21:36,2026-09-29T21:21:36
2395,研華,2025-07-23,339.0,4.5,1.35%,,30.05,,,,,,,ShowDailyK_ChartFlow,FinMind_API_TaiwanStockPrice_2395,True,2026-09-29T21:21:36,2026-09-29T21:21:36,2026-09-29T21:21:36
2395,研華,2025-07-24,338.0,-1.0,-0.29%,,29.96,,,,,,,ShowDailyK_ChartFlow,FinMind_API_TaiwanStockPrice_2395,True,2026-09-29T21:21:36,2026-09-29T21:21:36,2026-09-29T21:21:36
2395,研華,2025-07-25,341.0,3.0,0.89%,,30.23,,,,,,,ShowDailyK_ChartFlow,FinMind_API_TaiwanStockPrice_2395,True,2026-09-29T21:21:36,2026-09-29T21:21:36,2026-09-29T21:21:36
2395,研華,2025-07-28,340.0,-1.0,-0.29%,,30.14,,,,,,,ShowDailyK_ChartFlow,FinMind_API_TaiwanStockPrice_2395,True,2026-09-29T21:21:36,2026-09-29T21:21:36,2026-09-29T21:21:36
2395,研華,2025-07-29,333.0,-7.0,-2.06%,,29.52,,,,,,,ShowDailyK_ChartFlow,FinMind_API_TaiwanStockPrice_2395,True,2026-09-29T21:21:36,2026-09-29T21:21:36,2026-09-29T21:21:36
2395,研華,2025-07-30,339.0,6.0,1.80%,,30.05,,,,,,,ShowDailyK_ChartFlow,FinMind_API_TaiwanStockPrice_2395,True,2026-09-29T21:21:36,2026-09-29T21:21:36,2026-09-29T21:21:36
2395,研華,2025-07-31,335.5,-3.5,-1.03%,,30.14,,,,,,,ShowDailyK_ChartFlow,FinMind_API_TaiwanStockPrice_2395,True,2026-09-29T21:21:36,2026-09-29T21:21:36,2026-09-29T21:21:36
2395,研華,2025-08-01,317.5,-18.0,-5.37%,,28.53,,,,,,,ShowDailyK_ChartFlow,FinMind_API_TaiwanStockPrice_2395,True,2026-09-29T21:21:36,2026-09-29T21:21:36,2026-09-29T21:21:36
2395,研華,2025-08-04,323.0,5.5,1.73%,,29.02,,,,,,,ShowDailyK_ChartFlow,FinMind_API_TaiwanStockPrice_2395,True,2026-09-29T21:21:36,2026-09-29T21:21:36,2026-09-29T21:21:36
2395,研華,2025-08-05,328.0,5.0,1.55%,,29.47,,,,,,,ShowDailyK_ChartFlow,FinMind_API_TaiwanStockPrice_2395,True,2026-09-29T21:21:36,2026-09-29T21:21:36,2026-09-29T21:21:36
2395,研華,2025-08-06,325.5,-2.5,-0.76%,,29.25,,,,,,,ShowDailyK_ChartFlow,FinMind_API_TaiwanStockPrice_2395,True,2026-09-29T21:21:36,2026-09-29T21:21:36,2026-09-29T21:21:36
2395,研華,2025-08-07,329.0,3.5,1.08%,,29.56,,,,,,,ShowDailyK_ChartFlow,FinMind_API_TaiwanStockPrice_2395,True,2026-09-29T21:21:36,2026-09-29T21:21:36,2026-09-29T21:21:36
2395,研華,2025-08-08,322.0,-7.0,-2.13%,,28.93,,,,,,,ShowDailyK_ChartFlow,FinMind_API_TaiwanStockPrice_2395,True,2026-09-29T21:21:36,2026-09-29T21:21:36,2026-09-29T21:21:36
2395,研華,2025-08-11,319.0,-3.0,-0.93%,,28.66,,,,,,,ShowDailyK_ChartFlow,FinMind_API_TaiwanStockPrice_2395,True,2026-09-29T21:21:36,2026-09-29T21:21:36,2026-09-29T21:21:36
2395,研華,2025-08-12,319.0,0.0,0.00%,,28.66,,,,,,,ShowDailyK_ChartFlow,FinMind_API_TaiwanStockPrice_2395,True,2026-09-29T21:21:36,2026-09-29T21:21:36,2026-09-29T21:21:36
2395,研華,2025-08-13,315.5,-3.5,-1.10%,,28.35,,,,,,,ShowDailyK_ChartFlow,FinMind_API_TaiwanStockPrice_2395,True,2026-09-29T21:21:36,2026-09-29T21:21:36,2026-09-29T21:21:36
2395,研華,2025-08-14,315.0,-0.5,-0.16%,,28.3,,,,,,,ShowDailyK_ChartFlow,FinMind_API_TaiwanStockPrice_2395,True,2026-09-29T21:21:36,2026-09-29T21:21:36,2026-09-29T21:21:36
2395,研華,2025-08-15,318.0,3.0,0.95%,,28.57,,,,,,,ShowDailyK_ChartFlow,FinMind_API_TaiwanStockPrice_2395,True,2026-09-29T21:21:36,2026-09-29T21:21:36,2026-09-29T21:21:36
2395,研華,2025-08-18,315.0,-3.0,-0.94%,,28.3,,,,,,,ShowDailyK_ChartFlow,FinMind_API_TaiwanStockPrice_2395,True,2026-09-29T21:21:36,2026-09-29T21:21:36,2026-09-29T21:21:36
2395,研華,2025-08-19,315.5,0.5,0.16%,,28.35,,,,,,,ShowDailyK_ChartFlow,FinMind_API_TaiwanStockPrice_2395,True,2026-09-29T21:21:36,2026-09-29T21:21:36,2026-09-29T21:21:36
2395,研華,2025-08-20,310.0,-5.5,-1.74%,,27.85,,,,,,,ShowDailyK_ChartFlow,FinMind_API_TaiwanStockPrice_2395,True,2026-09-29T21:21:36,2026-09-29T21:21:36,2026-09-29T21:21:36
2395,研華,2025-08-21,315.0,5.0,1.61%,,28.3,,,,,,,ShowDailyK_ChartFlow,FinMind_API_TaiwanStockPrice_2395,True,2026-09-29T21:21:36,2026-09-29T21:21:36,2026-09-29T21:21:36
2395,研華,2025-08-22,315.0,0.0,0.00%,,28.3,,,,,,,ShowDailyK_ChartFlow,FinMind_API_TaiwanStockPrice_2395,True,2026-09-29T21:21:36,2026-09-29T21:21:36,2026-09-29T21:21:36
2395,研華,2025-08-25,319.0,4.0,1.27%,,28.66,,,,,,,ShowDailyK_ChartFlow,FinMind_API_TaiwanStockPrice_2395,True,2026-09-29T21:21:36,2026-09-29T21:21:36,2026-09-29T21:21:36
2395,研華,2025-08-26,322.0,3.0,0.94%,,28.93,,,,,,,ShowDailyK_ChartFlow,FinMind_API_TaiwanStockPrice_2395,True,2026-09-29T21:21:36,2026-09-29T21:21:36,2026-09-29T21:21:36
2395,研華,2025-08-27,354.0,32.0,9.94%,,31.81,,,,,,,ShowDailyK_ChartFlow,FinMind_API_TaiwanStockPrice_2395,True,2026-09-29T21:21:36,2026-09-29T21:21:36,2026-09-29T21:21:36
2395,研華,2025-08-28,354.5,0.5,0.14%,,31.85,,,,,,,ShowDailyK_ChartFlow,FinMind_API_TaiwanStockPrice_2395,True,2026-09-29T21:21:36,2026-09-29T21:21:36,2026-09-29T21:21:36
2395,研華,2025-08-29,344.0,-10.5,-2.96%,,30.91,,,,,,,ShowDailyK_ChartFlow,FinMind_API_TaiwanStockPrice_2395,True,2026-09-29T21:21:36,2026-09-29T21:21:36,2026-09-29T21:21:36
2395,研華,2025-09-01,344.0,0.0,0.00%,,30.91,,,,,,,ShowDailyK_ChartFlow,FinMind_API_TaiwanStockPrice_2395,True,2026-09-29T21:21:36,2026-09-29T21:21:36,2026-09-29T21:21:36
2395,研華,2025-09-02,337.5,-6.5,-1.89%,,30.32,,,,,,,ShowDailyK_ChartFlow,FinMind_API_TaiwanStockPrice_2395,True,2026-09-29T21:21:36,2026-09-29T21:21:36,2026-09-29T21:21:36
2395,研華,2025-09-03,336.5,-1.0,-0.30%,,30.23,,,,,,,ShowDailyK_ChartFlow,FinMind_API_TaiwanStockPrice_2395,True,2026-09-29T21:21:36,2026-09-29T21:21:36,2026-09-29T21:21:36
2395,研華,2025-09-04,333.5,-3.0,-0.89%,,29.96,,,,,,,ShowDailyK_ChartFlow,FinMind_API_TaiwanStockPrice_2395,True,2026-09-29T21:21:36,2026-09-29T21:21:36,2026-09-29T21:21:36
2395,研華,2025-09-05,341.0,7.5,2.25%,,30.64,,,,,,,ShowDailyK_ChartFlow,FinMind_API_TaiwanStockPrice_2395,True,2026-09-29T21:21:36,2026-09-29T21:21:36,2026-09-29T21:21:36
2395,研華,2025-09-08,338.0,-3.0,-0.88%,,30.37,,,,,,,ShowDailyK_ChartFlow,FinMind_API_TaiwanStockPrice_2395,True,2026-09-29T21:21:36,2026-09-29T21:21:36,2026-09-29T21:21:36
2395,研華,2025-09-09,340.5,2.5,0.74%,,30.59,,,,,,,ShowDailyK_ChartFlow,FinMind_API_TaiwanStockPrice_2395,True,2026-09-29T21:21:36,2026-09-29T21:21:36,2026-09-29T21:21:36
2395,研華,2025-09-10,351.0,10.5,3.08%,,31.54,,,,,,,ShowDailyK_ChartFlow,FinMind_API_TaiwanStockPrice_2395,True,2026-09-29T21:21:36,2026-09-29T21:21:36,2026-09-29T21:21:36
2395,研華,2025-09-11,344.0,-7.0,-1.99%,,30.91,,,,,,,ShowDailyK_ChartFlow,FinMind_API_TaiwanStockPrice_2395,True,2026-09-29T21:21:36,2026-09-29T21:21:36,2026-09-29T21:21:36
2395,研華,2025-09-12,344.0,0.0,0.00%,,30.91,,,,,,,ShowDailyK_ChartFlow,FinMind_API_TaiwanStockPrice_2395,True,2026-09-29T21:21:36,2026-09-29T21:21:36,2026-09-29T21:21:36
2395,研華,2025-09-15,337.0,-7.0,-2.03%,,30.28,,,,,,,ShowDailyK_ChartFlow,FinMind_API_TaiwanStockPrice_2395,True,2026-09-29T21:21:36,2026-09-29T21:21:36,2026-09-29T21:21:36
2395,研華,2025-09-16,335.0,-2.0,-0.59%,,30.1,,,,,,,ShowDailyK_ChartFlow,FinMind_API_TaiwanStockPrice_2395,True,2026-09-29T21:21:36,2026-09-29T21:21:36,2026-09-29T21:21:36
2395,研華,2025-09-17,324.0,-11.0,-3.28%,,29.11,,,,,,,ShowDailyK_ChartFlow,FinMind_API_TaiwanStockPrice_2395,True,2026-09-29T21:21:36,2026-09-29T21:21:36,2026-09-29T21:21:36
2395,研華,2025-09-18,326.0,2.0,0.62%,,29.29,,,,,,,ShowDailyK_ChartFlow,FinMind_API_TaiwanStockPrice_2395,True,2026-09-29T21:21:36,2026-09-29T21:21:36,2026-09-29T21:21:36
2395,研華,2025-09-19,324.0,-2.0,-0.61%,,29.11,,,,,,,ShowDailyK_ChartFlow,FinMind_API_TaiwanStockPrice_2395,True,2026-09-29T21:21:36,2026-09-29T21:21:36,2026-09-29T21:21:36
2395,研華,2025-09-22,325.0,1.0,0.31%,,29.2,,,,,,,ShowDailyK_ChartFlow,FinMind_API_TaiwanStockPrice_2395,True,2026-09-29T21:21:36,2026-09-29T21:21:36,2026-09-29T21:21:36
2395,研華,2025-09-23,327.5,2.5,0.77%,,29.42,,,,,,,ShowDailyK_ChartFlow,FinMind_API_TaiwanStockPrice_2395,True,2026-09-29T21:21:36,2026-09-29T21:21:36,2026-09-29T21:21:36
2395,研華,2025-09-24,327.0,-0.5,-0.15%,,29.38,,,,,,,ShowDailyK_ChartFlow,FinMind_API_TaiwanStockPrice_2395,True,2026-09-29T21:21:36,2026-09-29T21:21:36,2026-09-29T21:21:36
2395,研華,2025-09-25,321.0,-6.0,-1.83%,,28.84,,,,,,,ShowDailyK_ChartFlow,FinMind_API_TaiwanStockPrice_2395,True,2026-09-29T21:21:36,2026-09-29T21:21:36,2026-09-29T21:21:36
2395,研華,2025-09-26,316.5,-4.5,-1.40%,,28.44,,,,,,,ShowDailyK_ChartFlow,FinMind_API_TaiwanStockPrice_2395,True,2026-09-29T21:21:36,2026-09-29T21:21:36,2026-09-29T21:21:36
2395,研華,2025-09-30,319.0,2.5,0.79%,,28.66,,,,,,,ShowDailyK_ChartFlow,FinMind_API_TaiwanStockPrice_2395,True,2026-09-29T21:21:36,2026-09-29T21:21:36,2026-09-29T21:21:36
2395,研華,2025-10-01,318.0,-1.0,-0.31%,,28.57,,,,,,,ShowDailyK_ChartFlow,FinMind_API_TaiwanStockPrice_2395,True,2026-09-29T21:21:36,2026-09-29T21:21:36,2026-09-29T21:21:36
2395,研華,2025-10-02,317.0,-1.0,-0.31%,,28.48,,,,,,,ShowDailyK_ChartFlow,FinMind_API_TaiwanStockPrice_2395,True,2026-09-29T21:21:36,2026-09-29T21:21:36,2026-09-29T21:21:36
2395,研華,2025-10-03,319.0,2.0,0.63%,,28.66,,,,,,,ShowDailyK_ChartFlow,FinMind_API_TaiwanStockPrice_2395,True,2026-09-29T21:21:36,2026-09-29T21:21:36,2026-09-29T21:21:36
2395,研華,2025-10-07,323.0,4.0,1.25%,,29.02,,,,,,,ShowDailyK_ChartFlow,FinMind_API_TaiwanStockPrice_2395,True,2026-09-29T21:21:36,2026-09-29T21:21:36,2026-09-29T21:21:36
2395,研華,2025-10-08,326.0,3.0,0.93%,,29.29,,,,,,,ShowDailyK_ChartFlow,FinMind_API_TaiwanStockPrice_2395,True,2026-09-29T21:21:36,2026-09-29T21:21:36,2026-09-29T21:21:36
2395,研華,2025-10-09,326.5,0.5,0.15%,,29.34,,,,,,,ShowDailyK_ChartFlow,FinMind_API_TaiwanStockPrice_2395,True,2026-09-29T21:21:36,2026-09-29T21:21:36,2026-09-29T21:21:36
2395,研華,2025-10-13,320.5,-6.0,-1.84%,,28.8,,,,,,,ShowDailyK_ChartFlow,FinMind_API_TaiwanStockPrice_2395,True,2026-09-29T21:21:36,2026-09-29T21:21:36,2026-09-29T21:21:36
2395,研華,2025-10-14,318.5,-2.0,-0.62%,,28.62,,,,,,,ShowDailyK_ChartFlow,FinMind_API_TaiwanStockPrice_2395,True,2026-09-29T21:21:36,2026-09-29T21:21:36,2026-09-29T21:21:36
2395,研華,2025-10-15,323.5,5.0,1.57%,,29.07,,,,,,,ShowDailyK_ChartFlow,FinMind_API_TaiwanStockPrice_2395,True,2026-09-29T21:21:36,2026-09-29T21:21:36,2026-09-29T21:21:36
2395,研華,2025-10-16,326.5,3.0,0.93%,,29.34,,,,,,,ShowDailyK_ChartFlow,FinMind_API_TaiwanStockPrice_2395,True,2026-09-29T21:21:36,2026-09-29T21:21:36,2026-09-29T21:21:36
2395,研華,2025-10-17,325.0,-1.5,-0.46%,,29.2,,,,,,,ShowDailyK_ChartFlow,FinMind_API_TaiwanStockPrice_2395,True,2026-09-29T21:21:36,2026-09-29T21:21:36,2026-09-29T21:21:36
2395,研華,2025-10-20,322.0,-3.0,-0.92%,,28.93,,,,,,,ShowDailyK_ChartFlow,FinMind_API_TaiwanStockPrice_2395,True,2026-09-29T21:21:36,2026-09-29T21:21:36,2026-09-29T21:21:36
2395,研華,2025-10-21,325.0,3.0,0.93%,,29.2,,,,,,,ShowDailyK_ChartFlow,FinMind_API_TaiwanStockPrice_2395,True,2026-09-29T21:21:36,2026-09-29T21:21:36,2026-09-29T21:21:36
2395,研華,2025-10-22,326.5,1.5,0.46%,,29.34,,,,,,,ShowDailyK_ChartFlow,FinMind_API_TaiwanStockPrice_2395,True,2026-09-29T21:21:36,2026-09-29T21:21:36,2026-09-29T21:21:36
2395,研華,2025-10-23,323.5,-3.0,-0.92%,,29.07,,,,,,,ShowDailyK_ChartFlow,FinMind_API_TaiwanStockPrice_2395,True,2026-09-29T21:21:36,2026-09-29T21:21:36,2026-09-29T21:21:36
2395,研華,2025-10-27,325.0,1.5,0.46%,,29.2,,,,,,,ShowDailyK_ChartFlow,FinMind_API_TaiwanStockPrice_2395,True,2026-09-29T21:21:36,2026-09-29T21:21:36,2026-09-29T21:21:36
2395,研華,2025-10-28,328.5,3.5,1.08%,,29.51,,,,,,,ShowDailyK_ChartFlow,FinMind_API_TaiwanStockPrice_2395,True,2026-09-29T21:21:36,2026-09-29T21:21:36,2026-09-29T21:21:36
2395,研華,2025-10-29,330.5,2.0,0.61%,,29.69,,,,,,,ShowDailyK_ChartFlow,FinMind_API_TaiwanStockPrice_2395,True,2026-09-29T21:21:36,2026-09-29T21:21:36,2026-09-29T21:21:36
2395,研華,2025-10-30,325.0,-5.5,-1.66%,,27.75,,,,,,,ShowDailyK_ChartFlow,FinMind_API_TaiwanStockPrice_2395,True,2026-09-29T21:21:36,2026-09-29T21:21:36,2026-09-29T21:21:36
2395,研華,2025-10-31,313.5,-11.5,-3.54%,,26.77,,,,,,,ShowDailyK_ChartFlow,FinMind_API_TaiwanStockPrice_2395,True,2026-09-29T21:21:36,2026-09-29T21:21:36,2026-09-29T21:21:36
2395,研華,2025-11-03,316.5,3.0,0.96%,,27.03,,,,,,,ShowDailyK_ChartFlow,FinMind_API_TaiwanStockPrice_2395,True,2026-09-29T21:21:36,2026-09-29T21:21:36,2026-09-29T21:21:36
2395,研華,2025-11-04,309.0,-7.5,-2.37%,,26.39,,,,,,,ShowDailyK_ChartFlow,FinMind_API_TaiwanStockPrice_2395,True,2026-09-29T21:21:36,2026-09-29T21:21:36,2026-09-29T21:21:36
2395,研華,2025-11-05,308.0,-1.0,-0.32%,,26.3,,,,,,,ShowDailyK_ChartFlow,FinMind_API_TaiwanStockPrice_2395,True,2026-09-29T21:21:36,2026-09-29T21:21:36,2026-09-29T21:21:36
2395,研華,2025-11-06,312.5,4.5,1.46%,,26.69,,,,,,,ShowDailyK_ChartFlow,FinMind_API_TaiwanStockPrice_2395,True,2026-09-29T21:21:36,2026-09-29T21:21:36,2026-09-29T21:21:36
2395,研華,2025-11-07,303.5,-9.0,-2.88%,,25.92,,,,,,,ShowDailyK_ChartFlow,FinMind_API_TaiwanStockPrice_2395,True,2026-09-29T21:21:36,2026-09-29T21:21:36,2026-09-29T21:21:36
2395,研華,2025-11-10,300.0,-3.5,-1.15%,,25.62,,,,,,,ShowDailyK_ChartFlow,FinMind_API_TaiwanStockPrice_2395,True,2026-09-29T21:21:36,2026-09-29T21:21:36,2026-09-29T21:21:36
2395,研華,2025-11-11,298.0,-2.0,-0.67%,,25.45,,,,,,,ShowDailyK_ChartFlow,FinMind_API_TaiwanStockPrice_2395,True,2026-09-29T21:21:36,2026-09-29T21:21:36,2026-09-29T21:21:36
2395,研華,2025-11-12,298.0,0.0,0.00%,,25.45,,,,,,,ShowDailyK_ChartFlow,FinMind_API_TaiwanStockPrice_2395,True,2026-09-29T21:21:36,2026-09-29T21:21:36,2026-09-29T21:21:36
2395,研華,2025-11-13,295.0,-3.0,-1.01%,,25.19,,,,,,,ShowDailyK_ChartFlow,FinMind_API_TaiwanStockPrice_2395,True,2026-09-29T21:21:36,2026-09-29T21:21:36,2026-09-29T21:21:36
2395,研華,2025-11-14,290.5,-4.5,-1.53%,,24.81,,,,,,,ShowDailyK_ChartFlow,FinMind_API_TaiwanStockPrice_2395,True,2026-09-29T21:21:36,2026-09-29T21:21:36,2026-09-29T21:21:36
2395,研華,2025-11-17,293.0,2.5,0.86%,,25.02,,,,,,,ShowDailyK_ChartFlow,FinMind_API_TaiwanStockPrice_2395,True,2026-09-29T21:21:36,2026-09-29T21:21:36,2026-09-29T21:21:36
2395,研華,2025-11-18,281.0,-12.0,-4.10%,,24.0,,,,,,,ShowDailyK_ChartFlow,FinMind_API_TaiwanStockPrice_2395,True,2026-09-29T21:21:36,2026-09-29T21:21:36,2026-09-29T21:21:36
2395,研華,2025-11-19,276.5,-4.5,-1.60%,,23.61,,,,,,,ShowDailyK_ChartFlow,FinMind_API_TaiwanStockPrice_2395,True,2026-09-29T21:21:36,2026-09-29T21:21:36,2026-09-29T21:21:36
2395,研華,2025-11-20,280.0,3.5,1.27%,,23.91,,,,,,,ShowDailyK_ChartFlow,FinMind_API_TaiwanStockPrice_2395,True,2026-09-29T21:21:36,2026-09-29T21:21:36,2026-09-29T21:21:36
2395,研華,2025-11-21,281.5,1.5,0.54%,,24.04,,,,,,,ShowDailyK_ChartFlow,FinMind_API_TaiwanStockPrice_2395,True,2026-09-29T21:21:36,2026-09-29T21:21:36,2026-09-29T21:21:36
2395,研華,2025-11-24,287.0,5.5,1.95%,,24.51,,,,,,,ShowDailyK_ChartFlow,FinMind_API_TaiwanStockPrice_2395,True,2026-09-29T21:21:36,2026-09-29T21:21:36,2026-09-29T21:21:36
2395,研華,2025-11-25,285.0,-2.0,-0.70%,,24.34,,,,,,,ShowDailyK_ChartFlow,FinMind_API_TaiwanStockPrice_2395,True,2026-09-29T21:21:36,2026-09-29T21:21:36,2026-09-29T21:21:36
2395,研華,2025-11-26,289.5,4.5,1.58%,,24.72,,,,,,,ShowDailyK_ChartFlow,FinMind_API_TaiwanStockPrice_2395,True,2026-09-29T21:21:36,2026-09-29T21:21:36,2026-09-29T21:21:36
2395,研華,2025-11-27,288.0,-1.5,-0.52%,,24.59,,,,,,,ShowDailyK_ChartFlow,FinMind_API_TaiwanStockPrice_2395,True,2026-09-29T21:21:36,2026-09-29T21:21:36,2026-09-29T21:21:36
2395,研華,2025-11-28,288.0,0.0,0.00%,,24.59,,,,,,,ShowDailyK_ChartFlow,FinMind_API_TaiwanStockPrice_2395,True,2026-09-29T21:21:36,2026-09-29T21:21:36,2026-09-29T21:21:36
2395,研華,2025-12-01,288.0,0.0,0.00%,,24.59,,,,,,,ShowDailyK_ChartFlow,FinMind_API_TaiwanStockPrice_2395,True,2026-09-29T21:21:36,2026-09-29T21:21:36,2026-09-29T21:21:36
2395,研華,2025-12-02,287.0,-1.0,-0.35%,,24.51,,,,,,,ShowDailyK_ChartFlow,FinMind_API_TaiwanStockPrice_2395,True,2026-09-29T21:21:36,2026-09-29T21:21:36,2026-09-29T21:21:36
2395,研華,2025-12-03,287.5,0.5,0.17%,,24.55,,,,,,,ShowDailyK_ChartFlow,FinMind_API_TaiwanStockPrice_2395,True,2026-09-29T21:21:36,2026-09-29T21:21:36,2026-09-29T21:21:36
2395,研華,2025-12-04,290.0,2.5,0.87%,,24.77,,,,,,,ShowDailyK_ChartFlow,FinMind_API_TaiwanStockPrice_2395,True,2026-09-29T21:21:36,2026-09-29T21:21:36,2026-09-29T21:21:36
2395,研華,2025-12-05,287.0,-3.0,-1.03%,,24.51,,,,,,,ShowDailyK_ChartFlow,FinMind_API_TaiwanStockPrice_2395,True,2026-09-29T21:21:36,2026-09-29T21:21:36,2026-09-29T21:21:36
2395,研華,2025-12-08,286.0,-1.0,-0.35%,,24.42,,,,,,,ShowDailyK_ChartFlow,FinMind_API_TaiwanStockPrice_2395,True,2026-09-29T21:21:36,2026-09-29T21:21:36,2026-09-29T21:21:36
2395,研華,2025-12-09,284.5,-1.5,-0.52%,,24.3,,,,,,,ShowDailyK_ChartFlow,FinMind_API_TaiwanStockPrice_2395,True,2026-09-29T21:21:36,2026-09-29T21:21:36,2026-09-29T21:21:36
2395,研華,2025-12-10,282.5,-2.0,-0.70%,,24.12,,,,,,,ShowDailyK_ChartFlow,FinMind_API_TaiwanStockPrice_2395,True,2026-09-29T21:21:36,2026-09-29T21:21:36,2026-09-29T21:21:36
2395,研華,2025-12-11,281.5,-1.0,-0.35%,,24.04,,,,,,,ShowDailyK_ChartFlow,FinMind_API_TaiwanStockPrice_2395,True,2026-09-29T21:21:36,2026-09-29T21:21:36,2026-09-29T21:21:36
2395,研華,2025-12-12,280.0,-1.5,-0.53%,,23.91,,,,,,,ShowDailyK_ChartFlow,FinMind_API_TaiwanStockPrice_2395,True,2026-09-29T21:21:36,2026-09-29T21:21:36,2026-09-29T21:21:36
2395,研華,2025-12-15,276.5,-3.5,-1.25%,,23.61,,,,,,,ShowDailyK_ChartFlow,FinMind_API_TaiwanStockPrice_2395,True,2026-09-29T21:21:36,2026-09-29T21:21:36,2026-09-29T21:21:36
2395,研華,2025-12-16,274.0,-2.5,-0.90%,,23.4,,,,,,,ShowDailyK_ChartFlow,FinMind_API_TaiwanStockPrice_2395,True,2026-09-29T21:21:36,2026-09-29T21:21:36,2026-09-29T21:21:36
2395,研華,2025-12-17,273.5,-0.5,-0.18%,,23.36,,,,,,,ShowDailyK_ChartFlow,FinMind_API_TaiwanStockPrice_2395,True,2026-09-29T21:21:36,2026-09-29T21:21:36,2026-09-29T21:21:36
2395,研華,2025-12-18,275.0,1.5,0.55%,,23.48,,,,,,,ShowDailyK_ChartFlow,FinMind_API_TaiwanStockPrice_2395,True,2026-09-29T21:21:36,2026-09-29T21:21:36,2026-09-29T21:21:36
2395,研華,2025-12-19,282.5,7.5,2.73%,,24.12,,,,,,,ShowDailyK_ChartFlow,FinMind_API_TaiwanStockPrice_2395,True,2026-09-29T21:21:36,2026-09-29T21:21:36,2026-09-29T21:21:36
2395,研華,2025-12-22,283.0,0.5,0.18%,,24.17,,,,,,,ShowDailyK_ChartFlow,FinMind_API_TaiwanStockPrice_2395,True,2026-09-29T21:21:36,2026-09-29T21:21:36,2026-09-29T21:21:36
2395,研華,2025-12-23,284.5,1.5,0.53%,,24.3,,,,,,,ShowDailyK_ChartFlow,FinMind_API_TaiwanStockPrice_2395,True,2026-09-29T21:21:36,2026-09-29T21:21:36,2026-09-29T21:21:36
2395,研華,2025-12-24,286.0,1.5,0.53%,,24.42,,,,,,,ShowDailyK_ChartFlow,FinMind_API_TaiwanStockPrice_2395,True,2026-09-29T21:21:36,2026-09-29T21:21:36,2026-09-29T21:21:36
2395,研華,2025-12-26,284.5,-1.5,-0.52%,,24.3,,,,,,,ShowDailyK_ChartFlow,FinMind_API_TaiwanStockPrice_2395,True,2026-09-29T21:21:36,2026-09-29T21:21:36,2026-09-29T21:21:36
2395,研華,2025-12-29,286.5,2.0,0.70%,,24.47,,,,,,,ShowDailyK_ChartFlow,FinMind_API_TaiwanStockPrice_2395,True,2026-09-29T21:21:36,2026-09-29T21:21:36,2026-09-29T21:21:36
2395,研華,2025-12-30,287.0,0.5,0.17%,,24.51,,,,,,,ShowDailyK_ChartFlow,FinMind_API_TaiwanStockPrice_2395,True,2026-09-29T21:21:36,2026-09-29T21:21:36,2026-09-29T21:21:36
2395,研華,2025-12-31,288.0,1.0,0.35%,,24.59,,,,,,,ShowDailyK_ChartFlow,FinMind_API_TaiwanStockPrice_2395,True,2026-09-29T21:21:36,2026-09-29T21:21:36,2026-09-29T21:21:36
2395,研華,2026-01-02,286.5,-1.5,-0.52%,,24.47,,,,,,,ShowDailyK_ChartFlow,FinMind_API_TaiwanStockPrice_2395,True,2026-09-29T21:21:36,2026-09-29T21:21:36,2026-09-29T21:21:36
2395,研華,2026-01-05,289.5,3.0,1.05%,,24.72,,,,,,,ShowDailyK_ChartFlow,FinMind_API_TaiwanStockPrice_2395,True,2026-09-29T21:21:36,2026-09-29T21:21:36,2026-09-29T21:21:36
2395,研華,2026-01-06,288.0,-1.5,-0.52%,,24.59,,,,,,,ShowDailyK_ChartFlow,FinMind_API_TaiwanStockPrice_2395,True,2026-09-29T21:21:36,2026-09-29T21:21:36,2026-09-29T21:21:36
2395,研華,2026-01-07,288.5,0.5,0.17%,,24.64,,,,,,,ShowDailyK_ChartFlow,FinMind_API_TaiwanStockPrice_2395,True,2026-09-29T21:21:36,2026-09-29T21:21:36,2026-09-29T21:21:36
2395,研華,2026-01-08,285.5,-3.0,-1.04%,,24.38,,,,,,,ShowDailyK_ChartFlow,FinMind_API_TaiwanStockPrice_2395,True,2026-09-29T21:21:36,2026-09-29T21:21:36,2026-09-29T21:21:36
2395,研華,2026-01-09,288.5,3.0,1.05%,,24.64,,,,,,,ShowDailyK_ChartFlow,FinMind_API_TaiwanStockPrice_2395,True,2026-09-29T21:21:36,2026-09-29T21:21:36,2026-09-29T21:21:36
2395,研華,2026-01-12,288.0,-0.5,-0.17%,,24.59,,,,,,,ShowDailyK_ChartFlow,FinMind_API_TaiwanStockPrice_2395,True,2026-09-29T21:21:36,2026-09-29T21:21:36,2026-09-29T21:21:36
2395,研華,2026-01-13,287.0,-1.0,-0.35%,,24.51,,,,,,,ShowDailyK_ChartFlow,FinMind_API_TaiwanStockPrice_2395,True,2026-09-29T21:21:36,2026-09-29T21:21:36,2026-09-29T21:21:36
2395,研華,2026-01-14,292.5,5.5,1.92%,,24.98,,,,,,,ShowDailyK_ChartFlow,FinMind_API_TaiwanStockPrice_2395,True,2026-09-29T21:21:36,2026-09-29T21:21:36,2026-09-29T21:21:36
2395,研華,2026-01-15,287.5,-5.0,-1.71%,,24.55,,,,,,,ShowDailyK_ChartFlow,FinMind_API_TaiwanStockPrice_2395,True,2026-09-29T21:21:36,2026-09-29T21:21:36,2026-09-29T21:21:36
2395,研華,2026-01-16,287.5,0.0,0.00%,,24.55,,,,,,,ShowDailyK_ChartFlow,FinMind_API_TaiwanStockPrice_2395,True,2026-09-29T21:21:36,2026-09-29T21:21:36,2026-09-29T21:21:36
2395,研華,2026-01-19,287.0,-0.5,-0.17%,,24.51,,,,,,,ShowDailyK_ChartFlow,FinMind_API_TaiwanStockPrice_2395,True,2026-09-29T21:21:36,2026-09-29T21:21:36,2026-09-29T21:21:36
2395,研華,2026-01-20,280.0,-7.0,-2.44%,,23.91,,,,,,,ShowDailyK_ChartFlow,FinMind_API_TaiwanStockPrice_2395,True,2026-09-29T21:21:36,2026-09-29T21:21:36,2026-09-29T21:21:36
2395,研華,2026-01-21,275.0,-5.0,-1.79%,,23.48,,,,,,,ShowDailyK_ChartFlow,FinMind_API_TaiwanStockPrice_2395,True,2026-09-29T21:21:36,2026-09-29T21:21:36,2026-09-29T21:21:36
2395,研華,2026-01-22,285.5,10.5,3.82%,,24.38,,,,,,,ShowDailyK_ChartFlow,FinMind_API_TaiwanStockPrice_2395,True,2026-09-29T21:21:36,2026-09-29T21:21:36,2026-09-29T21:21:36
2395,研華,2026-01-23,288.0,2.5,0.88%,,24.59,,,,,,,ShowDailyK_ChartFlow,FinMind_API_TaiwanStockPrice_2395,True,2026-09-29T21:21:36,2026-09-29T21:21:36,2026-09-29T21:21:36
2395,研華,2026-01-26,288.5,0.5,0.17%,,24.64,,,,,,,ShowDailyK_ChartFlow,FinMind_API_TaiwanStockPrice_2395,True,2026-09-29T21:21:36,2026-09-29T21:21:36,2026-09-29T21:21:36
2395,研華,2026-01-27,290.5,2.0,0.69%,,24.81,,,,,,,ShowDailyK_ChartFlow,FinMind_API_TaiwanStockPrice_2395,True,2026-09-29T21:21:36,2026-09-29T21:21:36,2026-09-29T21:21:36
2395,研華,2026-01-28,298.5,8.0,2.75%,,25.49,,,,,,,ShowDailyK_ChartFlow,FinMind_API_TaiwanStockPrice_2395,True,2026-09-29T21:21:36,2026-09-29T21:21:36,2026-09-29T21:21:36
2395,研華,2026-01-29,305.0,6.5,2.18%,,26.05,,,,,,,ShowDailyK_ChartFlow,FinMind_API_TaiwanStockPrice_2395,True,2026-09-29T21:21:36,2026-09-29T21:21:36,2026-09-29T21:21:36
2395,研華,2026-01-30,299.5,-5.5,-1.80%,,25.58,,,,,,,ShowDailyK_ChartFlow,FinMind_API_TaiwanStockPrice_2395,True,2026-09-29T21:21:36,2026-09-29T21:21:36,2026-09-29T21:21:36
2395,研華,2026-02-02,291.5,-8.0,-2.67%,,24.89,,,,,,,ShowDailyK_ChartFlow,FinMind_API_TaiwanStockPrice_2395,True,2026-09-29T21:21:36,2026-09-29T21:21:36,2026-09-29T21:21:36
2395,研華,2026-02-03,290.0,-1.5,-0.51%,,24.77,,,,,,,ShowDailyK_ChartFlow,FinMind_API_TaiwanStockPrice_2395,True,2026-09-29T21:21:36,2026-09-29T21:21:36,2026-09-29T21:21:36
2395,研華,2026-02-04,287.5,-2.5,-0.86%,,24.55,,,,,,,ShowDailyK_ChartFlow,FinMind_API_TaiwanStockPrice_2395,True,2026-09-29T21:21:36,2026-09-29T21:21:36,2026-09-29T21:21:36
2395,研華,2026-02-05,287.5,0.0,0.00%,,24.55,,,,,,,ShowDailyK_ChartFlow,FinMind_API_TaiwanStockPrice_2395,True,2026-09-29T21:21:36,2026-09-29T21:21:36,2026-09-29T21:21:36
2395,研華,2026-02-06,287.5,0.0,0.00%,,24.55,,,,,,,ShowDailyK_ChartFlow,FinMind_API_TaiwanStockPrice_2395,True,2026-09-29T21:21:36,2026-09-29T21:21:36,2026-09-29T21:21:36
2395,研華,2026-02-09,291.0,3.5,1.22%,,24.85,,,,,,,ShowDailyK_ChartFlow,FinMind_API_TaiwanStockPrice_2395,True,2026-09-29T21:21:36,2026-09-29T21:21:36,2026-09-29T21:21:36
2395,研華,2026-02-10,297.5,6.5,2.23%,,25.41,,,,,,,ShowDailyK_ChartFlow,FinMind_API_TaiwanStockPrice_2395,True,2026-09-29T21:21:36,2026-09-29T21:21:36,2026-09-29T21:21:36
2395,研華,2026-02-11,305.0,7.5,2.52%,,26.05,,,,,,,ShowDailyK_ChartFlow,FinMind_API_TaiwanStockPrice_2395,True,2026-09-29T21:21:36,2026-09-29T21:21:36,2026-09-29T21:21:36
2395,研華,2026-02-23,315.0,10.0,3.28%,,26.9,,,,,,,ShowDailyK_ChartFlow,FinMind_API_TaiwanStockPrice_2395,True,2026-09-29T21:21:36,2026-09-29T21:21:36,2026-09-29T21:21:36
2395,研華,2026-02-24,324.0,9.0,2.86%,,27.67,,,,,,,ShowDailyK_ChartFlow,FinMind_API_TaiwanStockPrice_2395,True,2026-09-29T21:21:36,2026-09-29T21:21:36,2026-09-29T21:21:36
2395,研華,2026-02-25,333.0,9.0,2.78%,,28.44,,,,,,,ShowDailyK_ChartFlow,FinMind_API_TaiwanStockPrice_2395,True,2026-09-29T21:21:36,2026-09-29T21:21:36,2026-09-29T21:21:36
2395,研華,2026-02-26,336.5,3.5,1.05%,,27.51,,,,,,,ShowDailyK_ChartFlow,FinMind_API_TaiwanStockPrice_2395,True,2026-09-29T21:21:36,2026-09-29T21:21:36,2026-09-29T21:21:36
2395,研華,2026-03-02,336.5,0.0,0.00%,,27.51,,,,,,,ShowDailyK_ChartFlow,FinMind_API_TaiwanStockPrice_2395,True,2026-09-29T21:21:36,2026-09-29T21:21:36,2026-09-29T21:21:36
2395,研華,2026-03-03,330.0,-6.5,-1.93%,,26.98,,,,,,,ShowDailyK_ChartFlow,FinMind_API_TaiwanStockPrice_2395,True,2026-09-29T21:21:36,2026-09-29T21:21:36,2026-09-29T21:21:36
2395,研華,2026-03-04,311.5,-18.5,-5.61%,,25.47,,,,,,,ShowDailyK_ChartFlow,FinMind_API_TaiwanStockPrice_2395,True,2026-09-29T21:21:36,2026-09-29T21:21:36,2026-09-29T21:21:36
2395,研華,2026-03-05,342.5,31.0,9.95%,,28.0,,,,,,,ShowDailyK_ChartFlow,FinMind_API_TaiwanStockPrice_2395,True,2026-09-29T21:21:36,2026-09-29T21:21:36,2026-09-29T21:21:36
2395,研華,2026-03-06,375.0,32.5,9.49%,,30.66,,,,,,,ShowDailyK_ChartFlow,FinMind_API_TaiwanStockPrice_2395,True,2026-09-29T21:21:36,2026-09-29T21:21:36,2026-09-29T21:21:36
2395,研華,2026-03-09,347.0,-28.0,-7.47%,,28.37,,,,,,,ShowDailyK_ChartFlow,FinMind_API_TaiwanStockPrice_2395,True,2026-09-29T21:21:36,2026-09-29T21:21:36,2026-09-29T21:21:36
2395,研華,2026-03-10,345.5,-1.5,-0.43%,,28.25,,,,,,,ShowDailyK_ChartFlow,FinMind_API_TaiwanStockPrice_2395,True,2026-09-29T21:21:36,2026-09-29T21:21:36,2026-09-29T21:21:36
2395,研華,2026-03-11,346.0,0.5,0.14%,,28.29,,,,,,,ShowDailyK_ChartFlow,FinMind_API_TaiwanStockPrice_2395,True,2026-09-29T21:21:36,2026-09-29T21:21:36,2026-09-29T21:21:36
2395,研華,2026-03-12,345.0,-1.0,-0.29%,,28.21,,,,,,,ShowDailyK_ChartFlow,FinMind_API_TaiwanStockPrice_2395,True,2026-09-29T21:21:36,2026-09-29T21:21:36,2026-09-29T21:21:36
2395,研華,2026-03-13,342.5,-2.5,-0.72%,,28.0,,,,,,,ShowDailyK_ChartFlow,FinMind_API_TaiwanStockPrice_2395,True,2026-09-29T21:21:36,2026-09-29T21:21:36,2026-09-29T21:21:36
2395,研華,2026-03-16,340.0,-2.5,-0.73%,,27.8,,,,,,,ShowDailyK_ChartFlow,FinMind_API_TaiwanStockPrice_2395,True,2026-09-29T21:21:36,2026-09-29T21:21:36,2026-09-29T21:21:36
2395,研華,2026-03-17,348.0,8.0,2.35%,,28.45,,,,,,,ShowDailyK_ChartFlow,FinMind_API_TaiwanStockPrice_2395,True,2026-09-29T21:21:36,2026-09-29T21:21:36,2026-09-29T21:21:36
2395,研華,2026-03-18,349.0,1.0,0.29%,,28.54,,,,,,,ShowDailyK_ChartFlow,FinMind_API_TaiwanStockPrice_2395,True,2026-09-29T21:21:36,2026-09-29T21:21:36,2026-09-29T21:21:36
2395,研華,2026-03-19,342.0,-7.0,-2.01%,,27.96,,,,,,,ShowDailyK_ChartFlow,FinMind_API_TaiwanStockPrice_2395,True,2026-09-29T21:21:36,2026-09-29T21:21:36,2026-09-29T21:21:36
2395,研華,2026-03-20,344.0,2.0,0.58%,,28.13,,,,,,,ShowDailyK_ChartFlow,FinMind_API_TaiwanStockPrice_2395,True,2026-09-29T21:21:36,2026-09-29T21:21:36,2026-09-29T21:21:36
2395,研華,2026-03-23,330.0,-14.0,-4.07%,,26.98,,,,,,,ShowDailyK_ChartFlow,FinMind_API_TaiwanStockPrice_2395,True,2026-09-29T21:21:36,2026-09-29T21:21:36,2026-09-29T21:21:36
2395,研華,2026-03-24,330.0,0.0,0.00%,,26.98,,,,,,,ShowDailyK_ChartFlow,FinMind_API_TaiwanStockPrice_2395,True,2026-09-29T21:21:36,2026-09-29T21:21:36,2026-09-29T21:21:36
2395,研華,2026-03-25,333.5,3.5,1.06%,,27.27,,,,,,,ShowDailyK_ChartFlow,FinMind_API_TaiwanStockPrice_2395,True,2026-09-29T21:21:36,2026-09-29T21:21:36,2026-09-29T21:21:36
2395,研華,2026-03-26,339.0,5.5,1.65%,,27.72,,,,,,,ShowDailyK_ChartFlow,FinMind_API_TaiwanStockPrice_2395,True,2026-09-29T21:21:36,2026-09-29T21:21:36,2026-09-29T21:21:36
2395,研華,2026-03-27,332.5,-6.5,-1.92%,,27.19,,,,,,,ShowDailyK_ChartFlow,FinMind_API_TaiwanStockPrice_2395,True,2026-09-29T21:21:36,2026-09-29T21:21:36,2026-09-29T21:21:36
2395,研華,2026-03-30,321.5,-11.0,-3.31%,,26.29,,,,,,,ShowDailyK_ChartFlow,FinMind_API_TaiwanStockPrice_2395,True,2026-09-29T21:21:36,2026-09-29T21:21:36,2026-09-29T21:21:36
2395,研華,2026-03-31,318.5,-3.0,-0.93%,,26.04,,,,,,,ShowDailyK_ChartFlow,FinMind_API_TaiwanStockPrice_2395,True,2026-09-29T21:21:36,2026-09-29T21:21:36,2026-09-29T21:21:36
2395,研華,2026-04-01,331.0,12.5,3.92%,,27.06,,,,,,,ShowDailyK_ChartFlow,FinMind_API_TaiwanStockPrice_2395,True,2026-09-29T21:21:36,2026-09-29T21:21:36,2026-09-29T21:21:36
2395,研華,2026-04-02,323.5,-7.5,-2.27%,,26.45,,,,,,,ShowDailyK_ChartFlow,FinMind_API_TaiwanStockPrice_2395,True,2026-09-29T21:21:36,2026-09-29T21:21:36,2026-09-29T21:21:36
2395,研華,2026-04-07,322.5,-1.0,-0.31%,,26.37,,,,,,,ShowDailyK_ChartFlow,FinMind_API_TaiwanStockPrice_2395,True,2026-09-29T21:21:36,2026-09-29T21:21:36,2026-09-29T21:21:36
2395,研華,2026-04-08,348.5,26.0,8.06%,,28.5,,,,,,,ShowDailyK_ChartFlow,FinMind_API_TaiwanStockPrice_2395,True,2026-09-29T21:21:36,2026-09-29T21:21:36,2026-09-29T21:21:36
2395,研華,2026-04-09,348.0,-0.5,-0.14%,,28.45,,,,,,,ShowDailyK_ChartFlow,FinMind_API_TaiwanStockPrice_2395,True,2026-09-29T21:21:36,2026-09-29T21:21:36,2026-09-29T21:21:36
2395,研華,2026-04-10,346.0,-2.0,-0.57%,,28.29,,,,,,,ShowDailyK_ChartFlow,FinMind_API_TaiwanStockPrice_2395,True,2026-09-29T21:21:36,2026-09-29T21:21:36,2026-09-29T21:21:36
2395,研華,2026-04-13,342.5,-3.5,-1.01%,,28.0,,,,,,,ShowDailyK_ChartFlow,FinMind_API_TaiwanStockPrice_2395,True,2026-09-29T21:21:36,2026-09-29T21:21:36,2026-09-29T21:21:36
2395,研華,2026-04-14,344.0,1.5,0.44%,,28.13,,,,,,,ShowDailyK_ChartFlow,FinMind_API_TaiwanStockPrice_2395,True,2026-09-29T21:21:36,2026-09-29T21:21:36,2026-09-29T21:21:36
2395,研華,2026-04-15,348.0,4.0,1.16%,,28.45,,,,,,,ShowDailyK_ChartFlow,FinMind_API_TaiwanStockPrice_2395,True,2026-09-29T21:21:36,2026-09-29T21:21:36,2026-09-29T21:21:36
2395,研華,2026-04-16,355.0,7.0,2.01%,,29.03,,,,,,,ShowDailyK_ChartFlow,FinMind_API_TaiwanStockPrice_2395,True,2026-09-29T21:21:36,2026-09-29T21:21:36,2026-09-29T21:21:36
2395,研華,2026-04-17,366.0,11.0,3.10%,,29.93,,,,,,,ShowDailyK_ChartFlow,FinMind_API_TaiwanStockPrice_2395,True,2026-09-29T21:21:36,2026-09-29T21:21:36,2026-09-29T21:21:36
2395,研華,2026-04-20,363.5,-2.5,-0.68%,,29.72,,,,,,,ShowDailyK_ChartFlow,FinMind_API_TaiwanStockPrice_2395,True,2026-09-29T21:21:36,2026-09-29T21:21:36,2026-09-29T21:21:36
2395,研華,2026-04-21,364.5,1.0,0.28%,,29.8,,,,,,,ShowDailyK_ChartFlow,FinMind_API_TaiwanStockPrice_2395,True,2026-09-29T21:21:36,2026-09-29T21:21:36,2026-09-29T21:21:36
2395,研華,2026-04-22,361.0,-3.5,-0.96%,,29.52,,,,,,,ShowDailyK_ChartFlow,FinMind_API_TaiwanStockPrice_2395,True,2026-09-29T21:21:36,2026-09-29T21:21:36,2026-09-29T21:21:36
2395,研華,2026-04-23,356.5,-4.5,-1.25%,,29.15,,,,,,,ShowDailyK_ChartFlow,FinMind_API_TaiwanStockPrice_2395,True,2026-09-29T21:21:36,2026-09-29T21:21:36,2026-09-29T21:21:36
2395,研華,2026-04-24,354.0,-2.5,-0.70%,,28.95,,,,,,,ShowDailyK_ChartFlow,FinMind_API_TaiwanStockPrice_2395,True,2026-09-29T21:21:36,2026-09-29T21:21:36,2026-09-29T21:21:36
2395,研華,2026-04-27,363.0,9.0,2.54%,,29.68,,,,,,,ShowDailyK_ChartFlow,FinMind_API_TaiwanStockPrice_2395,True,2026-09-29T21:21:36,2026-09-29T21:21:36,2026-09-29T21:21:36
2395,研華,2026-04-28,367.0,4.0,1.10%,,30.01,,,,,,,ShowDailyK_ChartFlow,FinMind_API_TaiwanStockPrice_2395,True,2026-09-29T21:21:36,2026-09-29T21:21:36,2026-09-29T21:21:36
2395,研華,2026-04-29,366.0,-1.0,-0.27%,,29.93,,,,,,,ShowDailyK_ChartFlow,FinMind_API_TaiwanStockPrice_2395,True,2026-09-29T21:21:36,2026-09-29T21:21:36,2026-09-29T21:21:36
2395,研華,2026-04-30,359.5,-6.5,-1.78%,,29.39,,,,,,,ShowDailyK_ChartFlow,FinMind_API_TaiwanStockPrice_2395,True,2026-09-29T21:21:36,2026-09-29T21:21:36,2026-09-29T21:21:36
2395,研華,2026-05-04,395.0,35.5,9.87%,,30.64,,,,,,,ShowDailyK_ChartFlow,FinMind_API_TaiwanStockPrice_2395,True,2026-09-29T21:21:36,2026-09-29T21:21:36,2026-09-29T21:21:36
2395,研華,2026-05-05,396.5,1.5,0.38%,,30.76,,,,,,,ShowDailyK_ChartFlow,FinMind_API_TaiwanStockPrice_2395,True,2026-09-29T21:21:36,2026-09-29T21:21:36,2026-09-29T21:21:36
2395,研華,2026-05-06,409.5,13.0,3.28%,,31.77,,,,,,,ShowDailyK_ChartFlow,FinMind_API_TaiwanStockPrice_2395,True,2026-09-29T21:21:36,2026-09-29T21:21:36,2026-09-29T21:21:36
2395,研華,2026-05-07,444.0,34.5,8.42%,,34.45,,,,,,,ShowDailyK_ChartFlow,FinMind_API_TaiwanStockPrice_2395,True,2026-09-29T21:21:36,2026-09-29T21:21:36,2026-09-29T21:21:36
2395,研華,2026-05-08,476.5,32.5,7.32%,,36.97,,,,,,,ShowDailyK_ChartFlow,FinMind_API_TaiwanStockPrice_2395,True,2026-09-29T21:21:36,2026-09-29T21:21:36,2026-09-29T21:21:36
2395,研華,2026-05-11,478.5,2.0,0.42%,,37.12,,,,,,,ShowDailyK_ChartFlow,FinMind_API_TaiwanStockPrice_2395,True,2026-09-29T21:21:36,2026-09-29T21:21:36,2026-09-29T21:21:36
2395,研華,2026-05-12,494.5,16.0,3.34%,,38.36,,,,,,,ShowDailyK_ChartFlow,FinMind_API_TaiwanStockPrice_2395,True,2026-09-29T21:21:36,2026-09-29T21:21:36,2026-09-29T21:21:36
2395,研華,2026-05-13,464.5,-30.0,-6.07%,,36.04,,,,,,,ShowDailyK_ChartFlow,FinMind_API_TaiwanStockPrice_2395,True,2026-09-29T21:21:36,2026-09-29T21:21:36,2026-09-29T21:21:36
2395,研華,2026-05-14,465.0,0.5,0.11%,,36.07,,,,,,,ShowDailyK_ChartFlow,FinMind_API_TaiwanStockPrice_2395,True,2026-09-29T21:21:36,2026-09-29T21:21:36,2026-09-29T21:21:36
2395,研華,2026-05-15,459.5,-5.5,-1.18%,,35.65,,,,,,,ShowDailyK_ChartFlow,FinMind_API_TaiwanStockPrice_2395,True,2026-09-29T21:21:36,2026-09-29T21:21:36,2026-09-29T21:21:36
2395,研華,2026-05-18,457.5,-2.0,-0.44%,,35.49,,,,,,,ShowDailyK_ChartFlow,FinMind_API_TaiwanStockPrice_2395,True,2026-09-29T21:21:36,2026-09-29T21:21:36,2026-09-29T21:21:36
2395,研華,2026-05-19,461.5,4.0,0.87%,,35.8,,,,,,,ShowDailyK_ChartFlow,FinMind_API_TaiwanStockPrice_2395,True,2026-09-29T21:21:36,2026-09-29T21:21:36,2026-09-29T21:21:36
2395,研華,2026-05-20,465.0,3.5,0.76%,,36.07,,,,,,,ShowDailyK_ChartFlow,FinMind_API_TaiwanStockPrice_2395,True,2026-09-29T21:21:36,2026-09-29T21:21:36,2026-09-29T21:21:36
2395,研華,2026-05-21,463.5,-1.5,-0.32%,,35.96,,,,,,,ShowDailyK_ChartFlow,FinMind_API_TaiwanStockPrice_2395,True,2026-09-29T21:21:36,2026-09-29T21:21:36,2026-09-29T21:21:36
2395,研華,2026-05-22,469.0,5.5,1.19%,,36.38,,,,,,,ShowDailyK_ChartFlow,FinMind_API_TaiwanStockPrice_2395,True,2026-09-29T21:21:36,2026-09-29T21:21:36,2026-09-29T21:21:36
2395,研華,2026-05-25,498.5,29.5,6.29%,,38.67,,,,,,,ShowDailyK_ChartFlow,FinMind_API_TaiwanStockPrice_2395,True,2026-09-29T21:21:36,2026-09-29T21:21:36,2026-09-29T21:21:36
2395,研華,2026-05-26,510.0,11.5,2.31%,,39.57,,,,,,,ShowDailyK_ChartFlow,FinMind_API_TaiwanStockPrice_2395,True,2026-09-29T21:21:36,2026-09-29T21:21:36,2026-09-29T21:21:36
2395,研華,2026-05-27,509.0,-1.0,-0.20%,,39.49,,,,,,,ShowDailyK_ChartFlow,FinMind_API_TaiwanStockPrice_2395,True,2026-09-29T21:21:36,2026-09-29T21:21:36,2026-09-29T21:21:36
2395,研華,2026-05-28,490.5,-18.5,-3.63%,,38.05,,,,,,,ShowDailyK_ChartFlow,FinMind_API_TaiwanStockPrice_2395,True,2026-09-29T21:21:36,2026-09-29T21:21:36,2026-09-29T21:21:36
2395,研華,2026-05-29,495.0,4.5,0.92%,,38.4,,,,,,,ShowDailyK_ChartFlow,FinMind_API_TaiwanStockPrice_2395,True,2026-09-29T21:21:36,2026-09-29T21:21:36,2026-09-29T21:21:36
2395,研華,2026-06-01,517.0,22.0,4.44%,,40.11,,,,,,,ShowDailyK_ChartFlow,FinMind_API_TaiwanStockPrice_2395,True,2026-09-29T21:21:36,2026-09-29T21:21:36,2026-09-29T21:21:36
2395,研華,2026-06-02,515.0,-2.0,-0.39%,,39.95,,,,,,,ShowDailyK_ChartFlow,FinMind_API_TaiwanStockPrice_2395,True,2026-09-29T21:21:36,2026-09-29T21:21:36,2026-09-29T21:21:36
2395,研華,2026-06-03,513.0,-2.0,-0.39%,,39.8,,,,,,,ShowDailyK_ChartFlow,FinMind_API_TaiwanStockPrice_2395,True,2026-09-29T21:21:36,2026-09-29T21:21:36,2026-09-29T21:21:36
2395,研華,2026-06-04,522.0,9.0,1.75%,,40.5,,,,,,,ShowDailyK_ChartFlow,FinMind_API_TaiwanStockPrice_2395,True,2026-09-29T21:21:36,2026-09-29T21:21:36,2026-09-29T21:21:36
2395,研華,2026-06-05,496.0,-26.0,-4.98%,,38.48,,,,,,,ShowDailyK_ChartFlow,FinMind_API_TaiwanStockPrice_2395,True,2026-09-29T21:21:36,2026-09-29T21:21:36,2026-09-29T21:21:36
2395,研華,2026-06-08,471.0,-25.0,-5.04%,,36.54,,,,,,,ShowDailyK_ChartFlow,FinMind_API_TaiwanStockPrice_2395,True,2026-09-29T21:21:36,2026-09-29T21:21:36,2026-09-29T21:21:36
2395,研華,2026-06-09,489.5,18.5,3.93%,,37.98,,,,,,,ShowDailyK_ChartFlow,FinMind_API_TaiwanStockPrice_2395,True,2026-09-29T21:21:36,2026-09-29T21:21:36,2026-09-29T21:21:36
2395,研華,2026-06-10,465.5,-24.0,-4.90%,,36.11,,,,,,,ShowDailyK_ChartFlow,FinMind_API_TaiwanStockPrice_2395,True,2026-09-29T21:21:36,2026-09-29T21:21:36,2026-09-29T21:21:36
2395,研華,2026-06-11,464.0,-1.5,-0.32%,,36.0,,,,,,,ShowDailyK_ChartFlow,FinMind_API_TaiwanStockPrice_2395,True,2026-09-29T21:21:36,2026-09-29T21:21:36,2026-09-29T21:21:36
2395,研華,2026-06-12,473.0,9.0,1.94%,,36.7,,,,,,,ShowDailyK_ChartFlow,FinMind_API_TaiwanStockPrice_2395,True,2026-09-29T21:21:36,2026-09-29T21:21:36,2026-09-29T21:21:36
2395,研華,2026-06-15,485.0,12.0,2.54%,,37.63,,,,,,,ShowDailyK_ChartFlow,FinMind_API_TaiwanStockPrice_2395,True,2026-09-29T21:21:36,2026-09-29T21:21:36,2026-09-29T21:21:36
2395,研華,2026-06-16,480.0,-5.0,-1.03%,,37.24,,,,,,,ShowDailyK_ChartFlow,FinMind_API_TaiwanStockPrice_2395,True,2026-09-29T21:21:36,2026-09-29T21:21:36,2026-09-29T21:21:36
2395,研華,2026-06-17,488.5,8.5,1.77%,,37.9,,,,,,,ShowDailyK_ChartFlow,FinMind_API_TaiwanStockPrice_2395,True,2026-09-29T21:21:36,2026-09-29T21:21:36,2026-09-29T21:21:36
2395,研華,2026-06-18,494.0,5.5,1.13%,,38.32,,,,,,,ShowDailyK_ChartFlow,FinMind_API_TaiwanStockPrice_2395,True,2026-09-29T21:21:36,2026-09-29T21:21:36,2026-09-29T21:21:36
2395,研華,2026-06-22,499.5,5.5,1.11%,,38.75,,,,,,,ShowDailyK_ChartFlow,FinMind_API_TaiwanStockPrice_2395,True,2026-09-29T21:21:36,2026-09-29T21:21:36,2026-09-29T21:21:36
2395,研華,2026-06-23,487.5,-12.0,-2.40%,,37.82,,,,,,,ShowDailyK_ChartFlow,FinMind_API_TaiwanStockPrice_2395,True,2026-09-29T21:21:36,2026-09-29T21:21:36,2026-09-29T21:21:36
2395,研華,2026-06-24,473.5,-14.0,-2.87%,,36.73,,,,,,,ShowDailyK_ChartFlow,FinMind_API_TaiwanStockPrice_2395,True,2026-09-29T21:21:36,2026-09-29T21:21:36,2026-09-29T21:21:36
2395,研華,2026-06-25,480.0,6.5,1.37%,,37.24,,,,,,,ShowDailyK_ChartFlow,FinMind_API_TaiwanStockPrice_2395,True,2026-09-29T21:21:36,2026-09-29T21:21:36,2026-09-29T21:21:36
2395,研華,2026-06-26,455.5,-24.5,-5.10%,,35.34,,,,,,,ShowDailyK_ChartFlow,FinMind_API_TaiwanStockPrice_2395,True,2026-09-29T21:21:36,2026-09-29T21:21:36,2026-09-29T21:21:36
2395,研華,2026-06-29,472.5,17.0,3.73%,,36.66,,,,,,,ShowDailyK_ChartFlow,FinMind_API_TaiwanStockPrice_2395,True,2026-09-29T21:21:36,2026-09-29T21:21:36,2026-09-29T21:21:36
2395,研華,2026-06-30,492.0,19.5,4.13%,,38.17,,,,,,,ShowDailyK_ChartFlow,FinMind_API_TaiwanStockPrice_2395,True,2026-09-29T21:21:36,2026-09-29T21:21:36,2026-09-29T21:21:36
2395,研華,2026-07-01,503.0,11.0,2.24%,,39.02,,,,,,,ShowDailyK_ChartFlow,FinMind_API_TaiwanStockPrice_2395,True,2026-09-29T21:21:36,2026-09-29T21:21:36,2026-09-29T21:21:36
2395,研華,2026-07-02,510.0,7.0,1.39%,,39.57,,,,,,,ShowDailyK_ChartFlow,FinMind_API_TaiwanStockPrice_2395,True,2026-09-29T21:21:36,2026-09-29T21:21:36,2026-09-29T21:21:36
2395,研華,2026-07-03,521.0,11.0,2.16%,,40.42,,,,,,,ShowDailyK_ChartFlow,FinMind_API_TaiwanStockPrice_2395,True,2026-09-29T21:21:36,2026-09-29T21:21:36,2026-09-29T21:21:36
2395,研華,2026-07-06,515.0,-6.0,-1.15%,,39.95,,,,,,,ShowDailyK_ChartFlow,FinMind_API_TaiwanStockPrice_2395,True,2026-09-29T21:21:36,2026-09-29T21:21:36,2026-09-29T21:21:36
2395,研華,2026-07-07,496.5,-18.5,-3.59%,,38.52,,,,,,,ShowDailyK_ChartFlow,FinMind_API_TaiwanStockPrice_2395,True,2026-09-29T21:21:36,2026-09-29T21:21:36,2026-09-29T21:21:36
2395,研華,2026-07-08,546.0,49.5,9.97%,,42.36,,,,,,,ShowDailyK_ChartFlow,FinMind_API_TaiwanStockPrice_2395,True,2026-09-29T21:21:36,2026-09-29T21:21:36,2026-09-29T21:21:36
2395,研華,2026-07-09,540.0,-6.0,-1.10%,,41.89,,,,,,,ShowDailyK_ChartFlow,FinMind_API_TaiwanStockPrice_2395,True,2026-09-29T21:21:36,2026-09-29T21:21:36,2026-09-29T21:21:36
2395,研華,2026-07-13,536.0,-4.0,-0.74%,,41.58,,,,,,,ShowDailyK_ChartFlow,FinMind_API_TaiwanStockPrice_2395,True,2026-09-29T21:21:36,2026-09-29T21:21:36,2026-09-29T21:21:36
2395,研華,2026-07-14,529.0,-7.0,-1.31%,,41.04,,,,,,,ShowDailyK_ChartFlow,FinMind_API_TaiwanStockPrice_2395,True,2026-09-29T21:21:36,2026-09-29T21:21:36,2026-09-29T21:21:36
2395,研華,2026-07-15,533.0,4.0,0.76%,,41.35,,,,,,,ShowDailyK_ChartFlow,FinMind_API_TaiwanStockPrice_2395,True,2026-09-29T21:21:36,2026-09-29T21:21:36,2026-09-29T21:21:36
2395,研華,2026-07-16,530.0,-3.0,-0.56%,,41.12,,,,,,,ShowDailyK_ChartFlow,FinMind_API_TaiwanStockPrice_2395,True,2026-09-29T21:21:36,2026-09-29T21:21:36,2026-09-29T21:21:36
2395,研華,2026-07-17,513.0,-17.0,-3.21%,,39.8,,,,,,,ShowDailyK_ChartFlow,FinMind_API_TaiwanStockPrice_2395,True,2026-09-29T21:21:36,2026-09-29T21:21:36,2026-09-29T21:21:36
2395,研華,2026-07-20,516.0,3.0,0.58%,,40.03,,,,,,,ShowDailyK_ChartFlow,FinMind_API_TaiwanStockPrice_2395,True,2026-09-29T21:21:36,2026-09-29T21:21:36,2026-09-29T21:21:36
2395,研華,2026-07-21,567.0,51.0,9.88%,,43.99,,,,,,,ShowDailyK_ChartFlow,FinMind_API_TaiwanStockPrice_2395,True,2026-09-29T21:21:36,2026-09-29T21:21:36,2026-09-29T21:21:36
2395,研華,2026-07-22,596.0,29.0,5.11%,,46.24,,,,,,,ShowDailyK_ChartFlow,FinMind_API_TaiwanStockPrice_2395,True,2026-09-29T21:21:36,2026-09-29T21:21:36,2026-09-29T21:21:36
2395,研華,2026-07-23,600.0,4.0,0.67%,,46.55,,,,,,,ShowDailyK_ChartFlow,FinMind_API_TaiwanStockPrice_2395,True,2026-09-29T21:21:36,2026-09-29T21:21:36,2026-09-29T21:21:36
2395,研華,2026-07-24,581.0,-19.0,-3.17%,,45.07,,,,,,,ShowDailyK_ChartFlow,FinMind_API_TaiwanStockPrice_2395,True,2026-09-29T21:21:36,2026-09-29T21:21:36,2026-09-29T21:21:36
2395,研華,2026-07-27,577.0,-4.0,-0.69%,,44.76,,,,,,,ShowDailyK_ChartFlow,FinMind_API_TaiwanStockPrice_2395,True,2026-09-29T21:21:36,2026-09-29T21:21:36,2026-09-29T21:21:36
2395,研華,2026-07-28,556.0,-21.0,-3.64%,,43.13,,,,,,,ShowDailyK_ChartFlow,FinMind_API_TaiwanStockPrice_2395,True,2026-09-29T21:21:36,2026-09-29T21:21:36,2026-09-29T21:21:36
2395,研華,2026-07-29,550.0,-6.0,-1.08%,,42.67,,,,,,,ShowDailyK_ChartFlow,FinMind_API_TaiwanStockPrice_2395,True,2026-09-29T21:21:36,2026-09-29T21:21:36,2026-09-29T21:21:36
2395,研華,2026-07-30,547.0,-3.0,-0.55%,,42.44,,,,,,,ShowDailyK_ChartFlow,FinMind_API_TaiwanStockPrice_2395,True,2026-09-29T21:21:36,2026-09-29T21:21:36,2026-09-29T21:21:36
2395,研華,2026-07-31,563.0,16.0,2.93%,,43.68,,,,,,,ShowDailyK_ChartFlow,FinMind_API_TaiwanStockPrice_2395,True,2026-09-29T21:21:36,2026-09-29T21:21:36,2026-09-29T21:21:36
2395,研華,2026-08-03,576.0,13.0,2.31%,,36.48,,,,,,,ShowDailyK_ChartFlow,FinMind_API_TaiwanStockPrice_2395,True,2026-09-29T21:21:36,2026-09-29T21:21:36,2026-09-29T21:21:36
2395,研華,2026-08-04,576.0,0.0,0.00%,,36.48,,,,,,,ShowDailyK_ChartFlow,FinMind_API_TaiwanStockPrice_2395,True,2026-09-29T21:21:36,2026-09-29T21:21:36,2026-09-29T21:21:36
2395,研華,2026-08-05,633.0,57.0,9.90%,,40.09,,,,,,,ShowDailyK_ChartFlow,FinMind_API_TaiwanStockPrice_2395,True,2026-09-29T21:21:36,2026-09-29T21:21:36,2026-09-29T21:21:36
2395,研華,2026-08-06,622.0,-11.0,-1.74%,,39.39,,,,,,,ShowDailyK_ChartFlow,FinMind_API_TaiwanStockPrice_2395,True,2026-09-29T21:21:36,2026-09-29T21:21:36,2026-09-29T21:21:36
2395,研華,2026-08-07,634.0,12.0,1.93%,,40.15,,,,,,,ShowDailyK_ChartFlow,FinMind_API_TaiwanStockPrice_2395,True,2026-09-29T21:21:36,2026-09-29T21:21:36,2026-09-29T21:21:36
2395,研華,2026-08-10,667.0,33.0,5.21%,,42.24,,,,,,,ShowDailyK_ChartFlow,FinMind_API_TaiwanStockPrice_2395,True,2026-09-29T21:21:36,2026-09-29T21:21:36,2026-09-29T21:21:36
2395,研華,2026-08-11,661.0,-6.0,-0.90%,,41.86,,,,,,,ShowDailyK_ChartFlow,FinMind_API_TaiwanStockPrice_2395,True,2026-09-29T21:21:36,2026-09-29T21:21:36,2026-09-29T21:21:36
2395,研華,2026-08-12,686.0,25.0,3.78%,,43.45,,,,,,,ShowDailyK_ChartFlow,FinMind_API_TaiwanStockPrice_2395,True,2026-09-29T21:21:36,2026-09-29T21:21:36,2026-09-29T21:21:36
2395,研華,2026-08-13,698.0,12.0,1.75%,,44.21,,,,,,,ShowDailyK_ChartFlow,FinMind_API_TaiwanStockPrice_2395,True,2026-09-29T21:21:36,2026-09-29T21:21:36,2026-09-29T21:21:36
2395,研華,2026-08-14,683.0,-15.0,-2.15%,,43.26,,,,,,,ShowDailyK_ChartFlow,FinMind_API_TaiwanStockPrice_2395,True,2026-09-29T21:21:36,2026-09-29T21:21:36,2026-09-29T21:21:36
2395,研華,2026-08-17,674.0,-9.0,-1.32%,,42.69,,,,,,,ShowDailyK_ChartFlow,FinMind_API_TaiwanStockPrice_2395,True,2026-09-29T21:21:36,2026-09-29T21:21:36,2026-09-29T21:21:36
2395,研華,2026-08-18,679.0,5.0,0.74%,,43.0,,,,,,,ShowDailyK_ChartFlow,FinMind_API_TaiwanStockPrice_2395,True,2026-09-29T21:21:36,2026-09-29T21:21:36,2026-09-29T21:21:36
2395,研華,2026-08-19,694.0,15.0,2.21%,,43.95,,,,,,,ShowDailyK_ChartFlow,FinMind_API_TaiwanStockPrice_2395,True,2026-09-29T21:21:36,2026-09-29T21:21:36,2026-09-29T21:21:36
2395,研華,2026-08-20,673.0,-21.0,-3.03%,,42.62,,,,,,,ShowDailyK_ChartFlow,FinMind_API_TaiwanStockPrice_2395,True,2026-09-29T21:21:36,2026-09-29T21:21:36,2026-09-29T21:21:36
2395,研華,2026-08-21,649.0,-24.0,-3.57%,,41.1,,,,,,,ShowDailyK_ChartFlow,FinMind_API_TaiwanStockPrice_2395,True,2026-09-29T21:21:36,2026-09-29T21:21:36,2026-09-29T21:21:36
2395,研華,2026-08-24,658.0,9.0,1.39%,,41.67,,,,,,,ShowDailyK_ChartFlow,FinMind_API_TaiwanStockPrice_2395,True,2026-09-29T21:21:36,2026-09-29T21:21:36,2026-09-29T21:21:36
2395,研華,2026-08-25,670.0,12.0,1.82%,,42.43,,,,,,,ShowDailyK_ChartFlow,FinMind_API_TaiwanStockPrice_2395,True,2026-09-29T21:21:36,2026-09-29T21:21:36,2026-09-29T21:21:36
2395,研華,2026-08-26,688.0,18.0,2.69%,,43.57,,,,,,,ShowDailyK_ChartFlow,FinMind_API_TaiwanStockPrice_2395,True,2026-09-29T21:21:36,2026-09-29T21:21:36,2026-09-29T21:21:36
2395,研華,2026-08-27,675.0,-13.0,-1.89%,,42.75,,,,,,,ShowDailyK_ChartFlow,FinMind_API_TaiwanStockPrice_2395,True,2026-09-29T21:21:36,2026-09-29T21:21:36,2026-09-29T21:21:36
2395,研華,2026-08-28,669.0,-6.0,-0.89%,,42.37,,,,,,,ShowDailyK_ChartFlow,FinMind_API_TaiwanStockPrice_2395,True,2026-09-29T21:21:36,2026-09-29T21:21:36,2026-09-29T21:21:36
2395,研華,2026-08-31,677.0,8.0,1.20%,,42.88,,,,,,,ShowDailyK_ChartFlow,FinMind_API_TaiwanStockPrice_2395,True,2026-09-29T21:21:36,2026-09-29T21:21:36,2026-09-29T21:21:36
2395,研華,2026-09-01,711.0,34.0,5.02%,,45.03,,,,,,,ShowDailyK_ChartFlow,FinMind_API_TaiwanStockPrice_2395,True,2026-09-29T21:21:36,2026-09-29T21:21:36,2026-09-29T21:21:36
2395,研華,2026-09-02,692.0,-19.0,-2.67%,,43.83,,,,,,,ShowDailyK_ChartFlow,FinMind_API_TaiwanStockPrice_2395,True,2026-09-29T21:21:36,2026-09-29T21:21:36,2026-09-29T21:21:36
2395,研華,2026-09-03,674.0,-18.0,-2.60%,,42.69,,,,,,,ShowDailyK_ChartFlow,FinMind_API_TaiwanStockPrice_2395,True,2026-09-29T21:21:36,2026-09-29T21:21:36,2026-09-29T21:21:36
2395,研華,2026-09-04,711.0,37.0,5.49%,,45.03,,,,,,,ShowDailyK_ChartFlow,FinMind_API_TaiwanStockPrice_2395,True,2026-09-29T21:21:36,2026-09-29T21:21:36,2026-09-29T21:21:36
2395,研華,2026-09-07,680.0,-31.0,-4.36%,,43.07,,,,,,,ShowDailyK_ChartFlow,FinMind_API_TaiwanStockPrice_2395,True,2026-09-29T21:21:36,2026-09-29T21:21:36,2026-09-29T21:21:36
2395,研華,2026-09-08,657.0,-23.0,-3.38%,,41.61,,,,,,,ShowDailyK_ChartFlow,FinMind_API_TaiwanStockPrice_2395,True,2026-09-29T21:21:36,2026-09-29T21:21:36,2026-09-29T21:21:36
2395,研華,2026-09-09,653.0,-4.0,-0.61%,,41.36,,,,,,,ShowDailyK_ChartFlow,FinMind_API_TaiwanStockPrice_2395,True,2026-09-29T21:21:36,2026-09-29T21:21:36,2026-09-29T21:21:36
2395,研華,2026-09-10,659.0,6.0,0.92%,,41.74,,,,,,,ShowDailyK_ChartFlow,FinMind_API_TaiwanStockPrice_2395,True,2026-09-29T21:21:36,2026-09-29T21:21:36,2026-09-29T21:21:36
2395,研華,2026-09-11,674.0,15.0,2.28%,,42.69,,,,,,,ShowDailyK_ChartFlow,FinMind_API_TaiwanStockPrice_2395,True,2026-09-29T21:21:36,2026-09-29T21:21:36,2026-09-29T21:21:36
2395,研華,2026-09-14,670.0,-4.0,-0.59%,,42.43,,,,,,,ShowDailyK_ChartFlow,FinMind_API_TaiwanStockPrice_2395,True,2026-09-29T21:21:36,2026-09-29T21:21:36,2026-09-29T21:21:36
2395,研華,2026-09-15,685.0,15.0,2.24%,,43.38,,,,,,,ShowDailyK_ChartFlow,FinMind_API_TaiwanStockPrice_2395,True,2026-09-29T21:21:36,2026-09-29T21:21:36,2026-09-29T21:21:36
2395,研華,2026-09-16,695.0,10.0,1.46%,,44.02,,,,,,,ShowDailyK_ChartFlow,FinMind_API_TaiwanStockPrice_2395,True,2026-09-29T21:21:36,2026-09-29T21:21:36,2026-09-29T21:21:36
2395,研華,2026-09-17,686.0,-9.0,-1.29%,,43.45,,,,,,,ShowDailyK_ChartFlow,FinMind_API_TaiwanStockPrice_2395,True,2026-09-29T21:21:36,2026-09-29T21:21:36,2026-09-29T21:21:36
2395,研華,2026-09-18,690.0,4.0,0.58%,,43.7,,,,,,,ShowDailyK_ChartFlow,FinMind_API_TaiwanStockPrice_2395,True,2026-09-29T21:21:36,2026-09-29T21:21:36,2026-09-29T21:21:36
2395,研華,2026-09-21,706.0,16.0,2.32%,,44.71,,,,,,,ShowDailyK_ChartFlow,FinMind_API_TaiwanStockPrice_2395,True,2026-09-29T21:21:36,2026-09-29T21:21:36,2026-09-29T21:21:36
2395,研華,2026-09-22,703.0,-3.0,-0.42%,,44.52,,,,,,,ShowDailyK_ChartFlow,FinMind_API_TaiwanStockPrice_2395,True,2026-09-29T21:21:36,2026-09-29T21:21:36,2026-09-29T21:21:36
2395,研華,2026-09-23,701.0,-2.0,-0.28%,,44.4,,,,,,,ShowDailyK_ChartFlow,FinMind_API_TaiwanStockPrice_2395,True,2026-09-29T21:21:36,2026-09-29T21:21:36,2026-09-29T21:21:36
2395,研華,2026-09-24,722.0,21.0,3.00%,,45.73,,,,,,,ShowDailyK_ChartFlow,FinMind_API_TaiwanStockPrice_2395,True,2026-09-29T21:21:36,2026-09-29T21:21:36,2026-09-29T21:21:36
2395,研華,2026-09-29,730.0,8.0,1.11%,,46.23,,,,,,,ShowDailyK_ChartFlow,FinMind_API_TaiwanStockPrice_2395,True,2026-09-29T21:21:36,2026-09-29T21:21:36,2026-09-29T21:21:36
