stock_code,company_name,交易_日期,收盤價_元,漲跌價_元,漲跌幅_pct,河流圖_eps_元,目前_per_倍,本益比試算價格_15x_元,本益比試算價格_18x_元,本益比試算價格_21x_元,本益比試算價格_24x_元,本益比試算價格_27x_元,本益比試算價格_30x_元,file_type,source_file,download_success,download_timestamp,process_timestamp,stage1_process_timestamp
6245,立端,2021-01-04,72.5,,,,,,,,,,,ShowDailyK_ChartFlow,FinMind_API_TaiwanStockPrice_6245,True,2026-10-05T23:45:36,2026-10-05T23:45:36,2026-10-05T23:45:36
6245,立端,2021-01-05,74.6,2.0999999999999943,2.90%,,,,,,,,,ShowDailyK_ChartFlow,FinMind_API_TaiwanStockPrice_6245,True,2026-10-05T23:45:36,2026-10-05T23:45:36,2026-10-05T23:45:36
6245,立端,2021-01-06,72.6,-2.0,-2.68%,,,,,,,,,ShowDailyK_ChartFlow,FinMind_API_TaiwanStockPrice_6245,True,2026-10-05T23:45:36,2026-10-05T23:45:36,2026-10-05T23:45:36
6245,立端,2021-01-07,73.0,0.4000000000000057,0.55%,,,,,,,,,ShowDailyK_ChartFlow,FinMind_API_TaiwanStockPrice_6245,True,2026-10-05T23:45:36,2026-10-05T23:45:36,2026-10-05T23:45:36
6245,立端,2021-01-08,71.8,-1.2000000000000028,-1.64%,,,,,,,,,ShowDailyK_ChartFlow,FinMind_API_TaiwanStockPrice_6245,True,2026-10-05T23:45:36,2026-10-05T23:45:36,2026-10-05T23:45:36
6245,立端,2021-01-11,70.7,-1.0999999999999943,-1.53%,,,,,,,,,ShowDailyK_ChartFlow,FinMind_API_TaiwanStockPrice_6245,True,2026-10-05T23:45:36,2026-10-05T23:45:36,2026-10-05T23:45:36
6245,立端,2021-01-12,69.3,-1.4000000000000057,-1.98%,,,,,,,,,ShowDailyK_ChartFlow,FinMind_API_TaiwanStockPrice_6245,True,2026-10-05T23:45:36,2026-10-05T23:45:36,2026-10-05T23:45:36
6245,立端,2021-01-13,70.2,0.9000000000000057,1.30%,,,,,,,,,ShowDailyK_ChartFlow,FinMind_API_TaiwanStockPrice_6245,True,2026-10-05T23:45:36,2026-10-05T23:45:36,2026-10-05T23:45:36
6245,立端,2021-01-14,70.4,0.20000000000000284,0.28%,,,,,,,,,ShowDailyK_ChartFlow,FinMind_API_TaiwanStockPrice_6245,True,2026-10-05T23:45:36,2026-10-05T23:45:36,2026-10-05T23:45:36
6245,立端,2021-01-15,69.5,-0.9000000000000057,-1.28%,,,,,,,,,ShowDailyK_ChartFlow,FinMind_API_TaiwanStockPrice_6245,True,2026-10-05T23:45:36,2026-10-05T23:45:36,2026-10-05T23:45:36
6245,立端,2021-01-18,68.2,-1.2999999999999972,-1.87%,,,,,,,,,ShowDailyK_ChartFlow,FinMind_API_TaiwanStockPrice_6245,True,2026-10-05T23:45:36,2026-10-05T23:45:36,2026-10-05T23:45:36
6245,立端,2021-01-19,67.9,-0.29999999999999716,-0.44%,,,,,,,,,ShowDailyK_ChartFlow,FinMind_API_TaiwanStockPrice_6245,True,2026-10-05T23:45:36,2026-10-05T23:45:36,2026-10-05T23:45:36
6245,立端,2021-01-20,65.2,-2.700000000000003,-3.98%,,,,,,,,,ShowDailyK_ChartFlow,FinMind_API_TaiwanStockPrice_6245,True,2026-10-05T23:45:36,2026-10-05T23:45:36,2026-10-05T23:45:36
6245,立端,2021-01-21,64.7,-0.5,-0.77%,,,,,,,,,ShowDailyK_ChartFlow,FinMind_API_TaiwanStockPrice_6245,True,2026-10-05T23:45:36,2026-10-05T23:45:36,2026-10-05T23:45:36
6245,立端,2021-01-22,65.7,1.0,1.55%,,,,,,,,,ShowDailyK_ChartFlow,FinMind_API_TaiwanStockPrice_6245,True,2026-10-05T23:45:36,2026-10-05T23:45:36,2026-10-05T23:45:36
6245,立端,2021-01-25,65.5,-0.20000000000000284,-0.30%,,,,,,,,,ShowDailyK_ChartFlow,FinMind_API_TaiwanStockPrice_6245,True,2026-10-05T23:45:36,2026-10-05T23:45:36,2026-10-05T23:45:36
6245,立端,2021-01-26,66.0,0.5,0.76%,,,,,,,,,ShowDailyK_ChartFlow,FinMind_API_TaiwanStockPrice_6245,True,2026-10-05T23:45:36,2026-10-05T23:45:36,2026-10-05T23:45:36
6245,立端,2021-01-27,67.9,1.9000000000000057,2.88%,,,,,,,,,ShowDailyK_ChartFlow,FinMind_API_TaiwanStockPrice_6245,True,2026-10-05T23:45:36,2026-10-05T23:45:36,2026-10-05T23:45:36
6245,立端,2021-01-28,67.2,-0.7000000000000028,-1.03%,,,,,,,,,ShowDailyK_ChartFlow,FinMind_API_TaiwanStockPrice_6245,True,2026-10-05T23:45:36,2026-10-05T23:45:36,2026-10-05T23:45:36
6245,立端,2021-01-29,67.0,-0.20000000000000284,-0.30%,,,,,,,,,ShowDailyK_ChartFlow,FinMind_API_TaiwanStockPrice_6245,True,2026-10-05T23:45:36,2026-10-05T23:45:36,2026-10-05T23:45:36
6245,立端,2021-02-01,65.5,-1.5,-2.24%,,,,,,,,,ShowDailyK_ChartFlow,FinMind_API_TaiwanStockPrice_6245,True,2026-10-05T23:45:36,2026-10-05T23:45:36,2026-10-05T23:45:36
6245,立端,2021-02-02,65.5,0.0,0.00%,,,,,,,,,ShowDailyK_ChartFlow,FinMind_API_TaiwanStockPrice_6245,True,2026-10-05T23:45:36,2026-10-05T23:45:36,2026-10-05T23:45:36
6245,立端,2021-02-03,65.4,-0.09999999999999432,-0.15%,,,,,,,,,ShowDailyK_ChartFlow,FinMind_API_TaiwanStockPrice_6245,True,2026-10-05T23:45:36,2026-10-05T23:45:36,2026-10-05T23:45:36
6245,立端,2021-02-04,65.0,-0.4000000000000057,-0.61%,,,,,,,,,ShowDailyK_ChartFlow,FinMind_API_TaiwanStockPrice_6245,True,2026-10-05T23:45:36,2026-10-05T23:45:36,2026-10-05T23:45:36
6245,立端,2021-02-05,65.0,0.0,0.00%,,,,,,,,,ShowDailyK_ChartFlow,FinMind_API_TaiwanStockPrice_6245,True,2026-10-05T23:45:36,2026-10-05T23:45:36,2026-10-05T23:45:36
6245,立端,2021-02-17,66.3,1.2999999999999972,2.00%,,,,,,,,,ShowDailyK_ChartFlow,FinMind_API_TaiwanStockPrice_6245,True,2026-10-05T23:45:36,2026-10-05T23:45:36,2026-10-05T23:45:36
6245,立端,2021-02-18,68.4,2.1000000000000085,3.17%,,,,,,,,,ShowDailyK_ChartFlow,FinMind_API_TaiwanStockPrice_6245,True,2026-10-05T23:45:36,2026-10-05T23:45:36,2026-10-05T23:45:36
6245,立端,2021-02-19,67.3,-1.1000000000000085,-1.61%,,,,,,,,,ShowDailyK_ChartFlow,FinMind_API_TaiwanStockPrice_6245,True,2026-10-05T23:45:36,2026-10-05T23:45:36,2026-10-05T23:45:36
6245,立端,2021-02-22,67.5,0.20000000000000284,0.30%,,,,,,,,,ShowDailyK_ChartFlow,FinMind_API_TaiwanStockPrice_6245,True,2026-10-05T23:45:36,2026-10-05T23:45:36,2026-10-05T23:45:36
6245,立端,2021-02-23,66.2,-1.2999999999999972,-1.93%,,,,,,,,,ShowDailyK_ChartFlow,FinMind_API_TaiwanStockPrice_6245,True,2026-10-05T23:45:36,2026-10-05T23:45:36,2026-10-05T23:45:36
6245,立端,2021-02-24,66.7,0.5,0.76%,,,,,,,,,ShowDailyK_ChartFlow,FinMind_API_TaiwanStockPrice_6245,True,2026-10-05T23:45:36,2026-10-05T23:45:36,2026-10-05T23:45:36
6245,立端,2021-02-25,66.1,-0.6000000000000085,-0.90%,,,,,,,,,ShowDailyK_ChartFlow,FinMind_API_TaiwanStockPrice_6245,True,2026-10-05T23:45:36,2026-10-05T23:45:36,2026-10-05T23:45:36
6245,立端,2021-02-26,66.4,0.30000000000001137,0.45%,,,,,,,,,ShowDailyK_ChartFlow,FinMind_API_TaiwanStockPrice_6245,True,2026-10-05T23:45:36,2026-10-05T23:45:36,2026-10-05T23:45:36
6245,立端,2021-03-02,65.4,-1.0,-1.51%,,,,,,,,,ShowDailyK_ChartFlow,FinMind_API_TaiwanStockPrice_6245,True,2026-10-05T23:45:36,2026-10-05T23:45:36,2026-10-05T23:45:36
6245,立端,2021-03-03,65.3,-0.10000000000000853,-0.15%,,,,,,,,,ShowDailyK_ChartFlow,FinMind_API_TaiwanStockPrice_6245,True,2026-10-05T23:45:36,2026-10-05T23:45:36,2026-10-05T23:45:36
6245,立端,2021-03-04,65.3,0.0,0.00%,,,,,,,,,ShowDailyK_ChartFlow,FinMind_API_TaiwanStockPrice_6245,True,2026-10-05T23:45:36,2026-10-05T23:45:36,2026-10-05T23:45:36
6245,立端,2021-03-05,65.3,0.0,0.00%,,,,,,,,,ShowDailyK_ChartFlow,FinMind_API_TaiwanStockPrice_6245,True,2026-10-05T23:45:36,2026-10-05T23:45:36,2026-10-05T23:45:36
6245,立端,2021-03-08,64.8,-0.5,-0.77%,,,,,,,,,ShowDailyK_ChartFlow,FinMind_API_TaiwanStockPrice_6245,True,2026-10-05T23:45:36,2026-10-05T23:45:36,2026-10-05T23:45:36
6245,立端,2021-03-09,64.5,-0.29999999999999716,-0.46%,,,,,,,,,ShowDailyK_ChartFlow,FinMind_API_TaiwanStockPrice_6245,True,2026-10-05T23:45:36,2026-10-05T23:45:36,2026-10-05T23:45:36
6245,立端,2021-03-10,65.6,1.0999999999999943,1.71%,,,,,,,,,ShowDailyK_ChartFlow,FinMind_API_TaiwanStockPrice_6245,True,2026-10-05T23:45:36,2026-10-05T23:45:36,2026-10-05T23:45:36
6245,立端,2021-03-11,66.1,0.5,0.76%,,,,,,,,,ShowDailyK_ChartFlow,FinMind_API_TaiwanStockPrice_6245,True,2026-10-05T23:45:36,2026-10-05T23:45:36,2026-10-05T23:45:36
6245,立端,2021-03-12,66.4,0.30000000000001137,0.45%,,,,,,,,,ShowDailyK_ChartFlow,FinMind_API_TaiwanStockPrice_6245,True,2026-10-05T23:45:36,2026-10-05T23:45:36,2026-10-05T23:45:36
6245,立端,2021-03-15,66.3,-0.10000000000000853,-0.15%,,,,,,,,,ShowDailyK_ChartFlow,FinMind_API_TaiwanStockPrice_6245,True,2026-10-05T23:45:36,2026-10-05T23:45:36,2026-10-05T23:45:36
6245,立端,2021-03-16,66.1,-0.20000000000000284,-0.30%,,,,,,,,,ShowDailyK_ChartFlow,FinMind_API_TaiwanStockPrice_6245,True,2026-10-05T23:45:36,2026-10-05T23:45:36,2026-10-05T23:45:36
6245,立端,2021-03-17,65.9,-0.19999999999998863,-0.30%,,,,,,,,,ShowDailyK_ChartFlow,FinMind_API_TaiwanStockPrice_6245,True,2026-10-05T23:45:36,2026-10-05T23:45:36,2026-10-05T23:45:36
6245,立端,2021-03-18,66.0,0.09999999999999432,0.15%,,,,,,,,,ShowDailyK_ChartFlow,FinMind_API_TaiwanStockPrice_6245,True,2026-10-05T23:45:36,2026-10-05T23:45:36,2026-10-05T23:45:36
6245,立端,2021-03-19,65.8,-0.20000000000000284,-0.30%,,,,,,,,,ShowDailyK_ChartFlow,FinMind_API_TaiwanStockPrice_6245,True,2026-10-05T23:45:36,2026-10-05T23:45:36,2026-10-05T23:45:36
6245,立端,2021-03-22,67.1,1.2999999999999972,1.98%,,,,,,,,,ShowDailyK_ChartFlow,FinMind_API_TaiwanStockPrice_6245,True,2026-10-05T23:45:36,2026-10-05T23:45:36,2026-10-05T23:45:36
6245,立端,2021-03-23,66.5,-0.5999999999999943,-0.89%,,,,,,,,,ShowDailyK_ChartFlow,FinMind_API_TaiwanStockPrice_6245,True,2026-10-05T23:45:36,2026-10-05T23:45:36,2026-10-05T23:45:36
6245,立端,2021-03-24,67.5,1.0,1.50%,,,,,,,,,ShowDailyK_ChartFlow,FinMind_API_TaiwanStockPrice_6245,True,2026-10-05T23:45:36,2026-10-05T23:45:36,2026-10-05T23:45:36
6245,立端,2021-03-25,67.7,0.20000000000000284,0.30%,,,,,,,,,ShowDailyK_ChartFlow,FinMind_API_TaiwanStockPrice_6245,True,2026-10-05T23:45:36,2026-10-05T23:45:36,2026-10-05T23:45:36
6245,立端,2021-03-26,67.9,0.20000000000000284,0.30%,,,,,,,,,ShowDailyK_ChartFlow,FinMind_API_TaiwanStockPrice_6245,True,2026-10-05T23:45:36,2026-10-05T23:45:36,2026-10-05T23:45:36
6245,立端,2021-03-29,69.0,1.0999999999999943,1.62%,,,,,,,,,ShowDailyK_ChartFlow,FinMind_API_TaiwanStockPrice_6245,True,2026-10-05T23:45:36,2026-10-05T23:45:36,2026-10-05T23:45:36
6245,立端,2021-03-30,68.3,-0.7000000000000028,-1.01%,,,,,,,,,ShowDailyK_ChartFlow,FinMind_API_TaiwanStockPrice_6245,True,2026-10-05T23:45:36,2026-10-05T23:45:36,2026-10-05T23:45:36
6245,立端,2021-03-31,67.8,-0.5,-0.73%,,,,,,,,,ShowDailyK_ChartFlow,FinMind_API_TaiwanStockPrice_6245,True,2026-10-05T23:45:36,2026-10-05T23:45:36,2026-10-05T23:45:36
6245,立端,2021-04-01,68.6,0.7999999999999972,1.18%,,,,,,,,,ShowDailyK_ChartFlow,FinMind_API_TaiwanStockPrice_6245,True,2026-10-05T23:45:36,2026-10-05T23:45:36,2026-10-05T23:45:36
6245,立端,2021-04-06,69.8,1.2000000000000028,1.75%,,,,,,,,,ShowDailyK_ChartFlow,FinMind_API_TaiwanStockPrice_6245,True,2026-10-05T23:45:36,2026-10-05T23:45:36,2026-10-05T23:45:36
6245,立端,2021-04-07,68.9,-0.8999999999999915,-1.29%,,,,,,,,,ShowDailyK_ChartFlow,FinMind_API_TaiwanStockPrice_6245,True,2026-10-05T23:45:36,2026-10-05T23:45:36,2026-10-05T23:45:36
6245,立端,2021-04-08,68.8,-0.10000000000000853,-0.15%,,,,,,,,,ShowDailyK_ChartFlow,FinMind_API_TaiwanStockPrice_6245,True,2026-10-05T23:45:36,2026-10-05T23:45:36,2026-10-05T23:45:36
6245,立端,2021-04-09,68.4,-0.3999999999999915,-0.58%,,,,,,,,,ShowDailyK_ChartFlow,FinMind_API_TaiwanStockPrice_6245,True,2026-10-05T23:45:36,2026-10-05T23:45:36,2026-10-05T23:45:36
6245,立端,2021-04-12,68.5,0.09999999999999432,0.15%,,,,,,,,,ShowDailyK_ChartFlow,FinMind_API_TaiwanStockPrice_6245,True,2026-10-05T23:45:36,2026-10-05T23:45:36,2026-10-05T23:45:36
6245,立端,2021-04-13,68.5,0.0,0.00%,,,,,,,,,ShowDailyK_ChartFlow,FinMind_API_TaiwanStockPrice_6245,True,2026-10-05T23:45:36,2026-10-05T23:45:36,2026-10-05T23:45:36
6245,立端,2021-04-14,67.1,-1.4000000000000057,-2.04%,,,,,,,,,ShowDailyK_ChartFlow,FinMind_API_TaiwanStockPrice_6245,True,2026-10-05T23:45:36,2026-10-05T23:45:36,2026-10-05T23:45:36
6245,立端,2021-04-15,67.0,-0.09999999999999432,-0.15%,,,,,,,,,ShowDailyK_ChartFlow,FinMind_API_TaiwanStockPrice_6245,True,2026-10-05T23:45:36,2026-10-05T23:45:36,2026-10-05T23:45:36
6245,立端,2021-04-16,67.4,0.4000000000000057,0.60%,,,,,,,,,ShowDailyK_ChartFlow,FinMind_API_TaiwanStockPrice_6245,True,2026-10-05T23:45:36,2026-10-05T23:45:36,2026-10-05T23:45:36
6245,立端,2021-04-19,66.9,-0.5,-0.74%,,,,,,,,,ShowDailyK_ChartFlow,FinMind_API_TaiwanStockPrice_6245,True,2026-10-05T23:45:36,2026-10-05T23:45:36,2026-10-05T23:45:36
6245,立端,2021-04-20,67.9,1.0,1.49%,,,,,,,,,ShowDailyK_ChartFlow,FinMind_API_TaiwanStockPrice_6245,True,2026-10-05T23:45:36,2026-10-05T23:45:36,2026-10-05T23:45:36
6245,立端,2021-04-21,67.3,-0.6000000000000085,-0.88%,,,,,,,,,ShowDailyK_ChartFlow,FinMind_API_TaiwanStockPrice_6245,True,2026-10-05T23:45:36,2026-10-05T23:45:36,2026-10-05T23:45:36
6245,立端,2021-04-22,66.0,-1.2999999999999972,-1.93%,,,,,,,,,ShowDailyK_ChartFlow,FinMind_API_TaiwanStockPrice_6245,True,2026-10-05T23:45:36,2026-10-05T23:45:36,2026-10-05T23:45:36
6245,立端,2021-04-23,65.9,-0.09999999999999432,-0.15%,,,,,,,,,ShowDailyK_ChartFlow,FinMind_API_TaiwanStockPrice_6245,True,2026-10-05T23:45:36,2026-10-05T23:45:36,2026-10-05T23:45:36
6245,立端,2021-04-26,65.8,-0.10000000000000853,-0.15%,,,,,,,,,ShowDailyK_ChartFlow,FinMind_API_TaiwanStockPrice_6245,True,2026-10-05T23:45:36,2026-10-05T23:45:36,2026-10-05T23:45:36
6245,立端,2021-04-27,66.4,0.6000000000000085,0.91%,,,,,,,,,ShowDailyK_ChartFlow,FinMind_API_TaiwanStockPrice_6245,True,2026-10-05T23:45:36,2026-10-05T23:45:36,2026-10-05T23:45:36
6245,立端,2021-04-28,66.6,0.19999999999998863,0.30%,,,,,,,,,ShowDailyK_ChartFlow,FinMind_API_TaiwanStockPrice_6245,True,2026-10-05T23:45:36,2026-10-05T23:45:36,2026-10-05T23:45:36
6245,立端,2021-04-29,66.3,-0.29999999999999716,-0.45%,,,,,,,,,ShowDailyK_ChartFlow,FinMind_API_TaiwanStockPrice_6245,True,2026-10-05T23:45:36,2026-10-05T23:45:36,2026-10-05T23:45:36
6245,立端,2021-05-03,64.8,-1.5,-2.26%,,,,,,,,,ShowDailyK_ChartFlow,FinMind_API_TaiwanStockPrice_6245,True,2026-10-05T23:45:36,2026-10-05T23:45:36,2026-10-05T23:45:36
6245,立端,2021-05-04,63.1,-1.6999999999999957,-2.62%,,,,,,,,,ShowDailyK_ChartFlow,FinMind_API_TaiwanStockPrice_6245,True,2026-10-05T23:45:36,2026-10-05T23:45:36,2026-10-05T23:45:36
6245,立端,2021-05-05,63.4,0.29999999999999716,0.48%,,,,,,,,,ShowDailyK_ChartFlow,FinMind_API_TaiwanStockPrice_6245,True,2026-10-05T23:45:36,2026-10-05T23:45:36,2026-10-05T23:45:36
6245,立端,2021-05-06,63.3,-0.10000000000000142,-0.16%,,,,,,,,,ShowDailyK_ChartFlow,FinMind_API_TaiwanStockPrice_6245,True,2026-10-05T23:45:36,2026-10-05T23:45:36,2026-10-05T23:45:36
6245,立端,2021-05-07,64.5,1.2000000000000028,1.90%,,,,,,,,,ShowDailyK_ChartFlow,FinMind_API_TaiwanStockPrice_6245,True,2026-10-05T23:45:36,2026-10-05T23:45:36,2026-10-05T23:45:36
6245,立端,2021-05-10,63.5,-1.0,-1.55%,,,,,,,,,ShowDailyK_ChartFlow,FinMind_API_TaiwanStockPrice_6245,True,2026-10-05T23:45:36,2026-10-05T23:45:36,2026-10-05T23:45:36
6245,立端,2021-05-11,62.0,-1.5,-2.36%,,,,,,,,,ShowDailyK_ChartFlow,FinMind_API_TaiwanStockPrice_6245,True,2026-10-05T23:45:36,2026-10-05T23:45:36,2026-10-05T23:45:36
6245,立端,2021-05-12,59.2,-2.799999999999997,-4.52%,,,,,,,,,ShowDailyK_ChartFlow,FinMind_API_TaiwanStockPrice_6245,True,2026-10-05T23:45:36,2026-10-05T23:45:36,2026-10-05T23:45:36
6245,立端,2021-05-13,57.7,-1.5,-2.53%,,,,,,,,,ShowDailyK_ChartFlow,FinMind_API_TaiwanStockPrice_6245,True,2026-10-05T23:45:36,2026-10-05T23:45:36,2026-10-05T23:45:36
6245,立端,2021-05-14,56.2,-1.5,-2.60%,,,,,,,,,ShowDailyK_ChartFlow,FinMind_API_TaiwanStockPrice_6245,True,2026-10-05T23:45:36,2026-10-05T23:45:36,2026-10-05T23:45:36
6245,立端,2021-05-17,52.1,-4.100000000000001,-7.30%,,,,,,,,,ShowDailyK_ChartFlow,FinMind_API_TaiwanStockPrice_6245,True,2026-10-05T23:45:36,2026-10-05T23:45:36,2026-10-05T23:45:36
6245,立端,2021-05-18,54.7,2.6000000000000014,4.99%,,,,,,,,,ShowDailyK_ChartFlow,FinMind_API_TaiwanStockPrice_6245,True,2026-10-05T23:45:36,2026-10-05T23:45:36,2026-10-05T23:45:36
6245,立端,2021-05-19,55.5,0.7999999999999972,1.46%,,,,,,,,,ShowDailyK_ChartFlow,FinMind_API_TaiwanStockPrice_6245,True,2026-10-05T23:45:36,2026-10-05T23:45:36,2026-10-05T23:45:36
6245,立端,2021-05-20,55.0,-0.5,-0.90%,,,,,,,,,ShowDailyK_ChartFlow,FinMind_API_TaiwanStockPrice_6245,True,2026-10-05T23:45:36,2026-10-05T23:45:36,2026-10-05T23:45:36
6245,立端,2021-05-21,55.7,0.7000000000000028,1.27%,,,,,,,,,ShowDailyK_ChartFlow,FinMind_API_TaiwanStockPrice_6245,True,2026-10-05T23:45:36,2026-10-05T23:45:36,2026-10-05T23:45:36
6245,立端,2021-05-24,55.9,0.19999999999999574,0.36%,,,,,,,,,ShowDailyK_ChartFlow,FinMind_API_TaiwanStockPrice_6245,True,2026-10-05T23:45:36,2026-10-05T23:45:36,2026-10-05T23:45:36
6245,立端,2021-05-25,57.2,1.3000000000000043,2.33%,,,,,,,,,ShowDailyK_ChartFlow,FinMind_API_TaiwanStockPrice_6245,True,2026-10-05T23:45:36,2026-10-05T23:45:36,2026-10-05T23:45:36
6245,立端,2021-05-26,58.7,1.5,2.62%,,,,,,,,,ShowDailyK_ChartFlow,FinMind_API_TaiwanStockPrice_6245,True,2026-10-05T23:45:36,2026-10-05T23:45:36,2026-10-05T23:45:36
6245,立端,2021-05-27,59.0,0.29999999999999716,0.51%,,,,,,,,,ShowDailyK_ChartFlow,FinMind_API_TaiwanStockPrice_6245,True,2026-10-05T23:45:36,2026-10-05T23:45:36,2026-10-05T23:45:36
6245,立端,2021-05-28,59.2,0.20000000000000284,0.34%,,,,,,,,,ShowDailyK_ChartFlow,FinMind_API_TaiwanStockPrice_6245,True,2026-10-05T23:45:36,2026-10-05T23:45:36,2026-10-05T23:45:36
6245,立端,2021-05-31,59.1,-0.10000000000000142,-0.17%,,,,,,,,,ShowDailyK_ChartFlow,FinMind_API_TaiwanStockPrice_6245,True,2026-10-05T23:45:36,2026-10-05T23:45:36,2026-10-05T23:45:36
6245,立端,2021-06-01,60.3,1.1999999999999957,2.03%,,,,,,,,,ShowDailyK_ChartFlow,FinMind_API_TaiwanStockPrice_6245,True,2026-10-05T23:45:36,2026-10-05T23:45:36,2026-10-05T23:45:36
6245,立端,2021-06-02,60.0,-0.29999999999999716,-0.50%,,,,,,,,,ShowDailyK_ChartFlow,FinMind_API_TaiwanStockPrice_6245,True,2026-10-05T23:45:36,2026-10-05T23:45:36,2026-10-05T23:45:36
6245,立端,2021-06-03,60.5,0.5,0.83%,,,,,,,,,ShowDailyK_ChartFlow,FinMind_API_TaiwanStockPrice_6245,True,2026-10-05T23:45:36,2026-10-05T23:45:36,2026-10-05T23:45:36
6245,立端,2021-06-04,59.8,-0.7000000000000028,-1.16%,,,,,,,,,ShowDailyK_ChartFlow,FinMind_API_TaiwanStockPrice_6245,True,2026-10-05T23:45:36,2026-10-05T23:45:36,2026-10-05T23:45:36
6245,立端,2021-06-07,59.9,0.10000000000000142,0.17%,,,,,,,,,ShowDailyK_ChartFlow,FinMind_API_TaiwanStockPrice_6245,True,2026-10-05T23:45:36,2026-10-05T23:45:36,2026-10-05T23:45:36
6245,立端,2021-06-08,60.6,0.7000000000000028,1.17%,,,,,,,,,ShowDailyK_ChartFlow,FinMind_API_TaiwanStockPrice_6245,True,2026-10-05T23:45:36,2026-10-05T23:45:36,2026-10-05T23:45:36
6245,立端,2021-06-09,60.5,-0.10000000000000142,-0.17%,,,,,,,,,ShowDailyK_ChartFlow,FinMind_API_TaiwanStockPrice_6245,True,2026-10-05T23:45:36,2026-10-05T23:45:36,2026-10-05T23:45:36
6245,立端,2021-06-10,60.7,0.20000000000000284,0.33%,,,,,,,,,ShowDailyK_ChartFlow,FinMind_API_TaiwanStockPrice_6245,True,2026-10-05T23:45:36,2026-10-05T23:45:36,2026-10-05T23:45:36
6245,立端,2021-06-11,60.2,-0.5,-0.82%,,,,,,,,,ShowDailyK_ChartFlow,FinMind_API_TaiwanStockPrice_6245,True,2026-10-05T23:45:36,2026-10-05T23:45:36,2026-10-05T23:45:36
6245,立端,2021-06-15,59.7,-0.5,-0.83%,,,,,,,,,ShowDailyK_ChartFlow,FinMind_API_TaiwanStockPrice_6245,True,2026-10-05T23:45:36,2026-10-05T23:45:36,2026-10-05T23:45:36
6245,立端,2021-06-16,59.9,0.19999999999999574,0.34%,,,,,,,,,ShowDailyK_ChartFlow,FinMind_API_TaiwanStockPrice_6245,True,2026-10-05T23:45:36,2026-10-05T23:45:36,2026-10-05T23:45:36
6245,立端,2021-06-17,60.0,0.10000000000000142,0.17%,,,,,,,,,ShowDailyK_ChartFlow,FinMind_API_TaiwanStockPrice_6245,True,2026-10-05T23:45:36,2026-10-05T23:45:36,2026-10-05T23:45:36
6245,立端,2021-06-18,59.9,-0.10000000000000142,-0.17%,,,,,,,,,ShowDailyK_ChartFlow,FinMind_API_TaiwanStockPrice_6245,True,2026-10-05T23:45:36,2026-10-05T23:45:36,2026-10-05T23:45:36
6245,立端,2021-06-21,59.0,-0.8999999999999986,-1.50%,,,,,,,,,ShowDailyK_ChartFlow,FinMind_API_TaiwanStockPrice_6245,True,2026-10-05T23:45:36,2026-10-05T23:45:36,2026-10-05T23:45:36
6245,立端,2021-06-22,58.9,-0.10000000000000142,-0.17%,,,,,,,,,ShowDailyK_ChartFlow,FinMind_API_TaiwanStockPrice_6245,True,2026-10-05T23:45:36,2026-10-05T23:45:36,2026-10-05T23:45:36
6245,立端,2021-06-23,58.5,-0.3999999999999986,-0.68%,,,,,,,,,ShowDailyK_ChartFlow,FinMind_API_TaiwanStockPrice_6245,True,2026-10-05T23:45:36,2026-10-05T23:45:36,2026-10-05T23:45:36
6245,立端,2021-06-24,60.5,2.0,3.42%,,,,,,,,,ShowDailyK_ChartFlow,FinMind_API_TaiwanStockPrice_6245,True,2026-10-05T23:45:36,2026-10-05T23:45:36,2026-10-05T23:45:36
6245,立端,2021-06-25,59.6,-0.8999999999999986,-1.49%,,,,,,,,,ShowDailyK_ChartFlow,FinMind_API_TaiwanStockPrice_6245,True,2026-10-05T23:45:36,2026-10-05T23:45:36,2026-10-05T23:45:36
6245,立端,2021-06-28,59.8,0.19999999999999574,0.34%,,,,,,,,,ShowDailyK_ChartFlow,FinMind_API_TaiwanStockPrice_6245,True,2026-10-05T23:45:36,2026-10-05T23:45:36,2026-10-05T23:45:36
6245,立端,2021-06-29,59.5,-0.29999999999999716,-0.50%,,,,,,,,,ShowDailyK_ChartFlow,FinMind_API_TaiwanStockPrice_6245,True,2026-10-05T23:45:36,2026-10-05T23:45:36,2026-10-05T23:45:36
6245,立端,2021-06-30,59.1,-0.3999999999999986,-0.67%,,,,,,,,,ShowDailyK_ChartFlow,FinMind_API_TaiwanStockPrice_6245,True,2026-10-05T23:45:36,2026-10-05T23:45:36,2026-10-05T23:45:36
6245,立端,2021-07-01,58.8,-0.30000000000000426,-0.51%,,,,,,,,,ShowDailyK_ChartFlow,FinMind_API_TaiwanStockPrice_6245,True,2026-10-05T23:45:36,2026-10-05T23:45:36,2026-10-05T23:45:36
6245,立端,2021-07-02,58.5,-0.29999999999999716,-0.51%,,,,,,,,,ShowDailyK_ChartFlow,FinMind_API_TaiwanStockPrice_6245,True,2026-10-05T23:45:36,2026-10-05T23:45:36,2026-10-05T23:45:36
6245,立端,2021-07-05,59.6,1.1000000000000014,1.88%,,,,,,,,,ShowDailyK_ChartFlow,FinMind_API_TaiwanStockPrice_6245,True,2026-10-05T23:45:36,2026-10-05T23:45:36,2026-10-05T23:45:36
6245,立端,2021-07-06,59.0,-0.6000000000000014,-1.01%,,,,,,,,,ShowDailyK_ChartFlow,FinMind_API_TaiwanStockPrice_6245,True,2026-10-05T23:45:36,2026-10-05T23:45:36,2026-10-05T23:45:36
6245,立端,2021-07-07,59.1,0.10000000000000142,0.17%,,,,,,,,,ShowDailyK_ChartFlow,FinMind_API_TaiwanStockPrice_6245,True,2026-10-05T23:45:36,2026-10-05T23:45:36,2026-10-05T23:45:36
6245,立端,2021-07-08,59.0,-0.10000000000000142,-0.17%,,,,,,,,,ShowDailyK_ChartFlow,FinMind_API_TaiwanStockPrice_6245,True,2026-10-05T23:45:36,2026-10-05T23:45:36,2026-10-05T23:45:36
6245,立端,2021-07-09,58.7,-0.29999999999999716,-0.51%,,,,,,,,,ShowDailyK_ChartFlow,FinMind_API_TaiwanStockPrice_6245,True,2026-10-05T23:45:36,2026-10-05T23:45:36,2026-10-05T23:45:36
6245,立端,2021-07-12,58.2,-0.5,-0.85%,,,,,,,,,ShowDailyK_ChartFlow,FinMind_API_TaiwanStockPrice_6245,True,2026-10-05T23:45:36,2026-10-05T23:45:36,2026-10-05T23:45:36
6245,立端,2021-07-13,58.4,0.19999999999999574,0.34%,,,,,,,,,ShowDailyK_ChartFlow,FinMind_API_TaiwanStockPrice_6245,True,2026-10-05T23:45:36,2026-10-05T23:45:36,2026-10-05T23:45:36
6245,立端,2021-07-14,58.1,-0.29999999999999716,-0.51%,,,,,,,,,ShowDailyK_ChartFlow,FinMind_API_TaiwanStockPrice_6245,True,2026-10-05T23:45:36,2026-10-05T23:45:36,2026-10-05T23:45:36
6245,立端,2021-07-15,58.4,0.29999999999999716,0.52%,,,,,,,,,ShowDailyK_ChartFlow,FinMind_API_TaiwanStockPrice_6245,True,2026-10-05T23:45:36,2026-10-05T23:45:36,2026-10-05T23:45:36
6245,立端,2021-07-16,58.0,-0.3999999999999986,-0.68%,,,,,,,,,ShowDailyK_ChartFlow,FinMind_API_TaiwanStockPrice_6245,True,2026-10-05T23:45:36,2026-10-05T23:45:36,2026-10-05T23:45:36
6245,立端,2021-07-19,58.6,0.6000000000000014,1.03%,,,,,,,,,ShowDailyK_ChartFlow,FinMind_API_TaiwanStockPrice_6245,True,2026-10-05T23:45:36,2026-10-05T23:45:36,2026-10-05T23:45:36
6245,立端,2021-07-20,58.7,0.10000000000000142,0.17%,,,,,,,,,ShowDailyK_ChartFlow,FinMind_API_TaiwanStockPrice_6245,True,2026-10-05T23:45:36,2026-10-05T23:45:36,2026-10-05T23:45:36
6245,立端,2021-07-21,57.8,-0.9000000000000057,-1.53%,,,,,,,,,ShowDailyK_ChartFlow,FinMind_API_TaiwanStockPrice_6245,True,2026-10-05T23:45:36,2026-10-05T23:45:36,2026-10-05T23:45:36
6245,立端,2021-07-22,58.2,0.4000000000000057,0.69%,,,,,,,,,ShowDailyK_ChartFlow,FinMind_API_TaiwanStockPrice_6245,True,2026-10-05T23:45:36,2026-10-05T23:45:36,2026-10-05T23:45:36
6245,立端,2021-07-23,58.3,0.09999999999999432,0.17%,,,,,,,,,ShowDailyK_ChartFlow,FinMind_API_TaiwanStockPrice_6245,True,2026-10-05T23:45:36,2026-10-05T23:45:36,2026-10-05T23:45:36
6245,立端,2021-07-26,58.4,0.10000000000000142,0.17%,,,,,,,,,ShowDailyK_ChartFlow,FinMind_API_TaiwanStockPrice_6245,True,2026-10-05T23:45:36,2026-10-05T23:45:36,2026-10-05T23:45:36
6245,立端,2021-07-27,59.5,1.1000000000000014,1.88%,,,,,,,,,ShowDailyK_ChartFlow,FinMind_API_TaiwanStockPrice_6245,True,2026-10-05T23:45:36,2026-10-05T23:45:36,2026-10-05T23:45:36
6245,立端,2021-07-28,58.4,-1.1000000000000014,-1.85%,,,,,,,,,ShowDailyK_ChartFlow,FinMind_API_TaiwanStockPrice_6245,True,2026-10-05T23:45:36,2026-10-05T23:45:36,2026-10-05T23:45:36
6245,立端,2021-07-29,58.9,0.5,0.86%,,,,,,,,,ShowDailyK_ChartFlow,FinMind_API_TaiwanStockPrice_6245,True,2026-10-05T23:45:36,2026-10-05T23:45:36,2026-10-05T23:45:36
6245,立端,2021-07-30,58.7,-0.19999999999999574,-0.34%,,,,,,,,,ShowDailyK_ChartFlow,FinMind_API_TaiwanStockPrice_6245,True,2026-10-05T23:45:36,2026-10-05T23:45:36,2026-10-05T23:45:36
6245,立端,2021-08-02,58.9,0.19999999999999574,0.34%,,,,,,,,,ShowDailyK_ChartFlow,FinMind_API_TaiwanStockPrice_6245,True,2026-10-05T23:45:36,2026-10-05T23:45:36,2026-10-05T23:45:36
6245,立端,2021-08-03,58.3,-0.6000000000000014,-1.02%,,,,,,,,,ShowDailyK_ChartFlow,FinMind_API_TaiwanStockPrice_6245,True,2026-10-05T23:45:36,2026-10-05T23:45:36,2026-10-05T23:45:36
6245,立端,2021-08-04,58.5,0.20000000000000284,0.34%,,,,,,,,,ShowDailyK_ChartFlow,FinMind_API_TaiwanStockPrice_6245,True,2026-10-05T23:45:36,2026-10-05T23:45:36,2026-10-05T23:45:36
6245,立端,2021-08-05,58.4,-0.10000000000000142,-0.17%,,,,,,,,,ShowDailyK_ChartFlow,FinMind_API_TaiwanStockPrice_6245,True,2026-10-05T23:45:36,2026-10-05T23:45:36,2026-10-05T23:45:36
6245,立端,2021-08-06,58.4,0.0,0.00%,,,,,,,,,ShowDailyK_ChartFlow,FinMind_API_TaiwanStockPrice_6245,True,2026-10-05T23:45:36,2026-10-05T23:45:36,2026-10-05T23:45:36
6245,立端,2021-08-09,57.5,-0.8999999999999986,-1.54%,,,,,,,,,ShowDailyK_ChartFlow,FinMind_API_TaiwanStockPrice_6245,True,2026-10-05T23:45:36,2026-10-05T23:45:36,2026-10-05T23:45:36
6245,立端,2021-08-10,57.3,-0.20000000000000284,-0.35%,,,,,,,,,ShowDailyK_ChartFlow,FinMind_API_TaiwanStockPrice_6245,True,2026-10-05T23:45:36,2026-10-05T23:45:36,2026-10-05T23:45:36
6245,立端,2021-08-11,55.6,-1.6999999999999957,-2.97%,,,,,,,,,ShowDailyK_ChartFlow,FinMind_API_TaiwanStockPrice_6245,True,2026-10-05T23:45:36,2026-10-05T23:45:36,2026-10-05T23:45:36
6245,立端,2021-08-12,55.3,-0.30000000000000426,-0.54%,,,,,,,,,ShowDailyK_ChartFlow,FinMind_API_TaiwanStockPrice_6245,True,2026-10-05T23:45:36,2026-10-05T23:45:36,2026-10-05T23:45:36
6245,立端,2021-08-13,53.7,-1.5999999999999943,-2.89%,,,,,,,,,ShowDailyK_ChartFlow,FinMind_API_TaiwanStockPrice_6245,True,2026-10-05T23:45:36,2026-10-05T23:45:36,2026-10-05T23:45:36
6245,立端,2021-08-16,53.4,-0.30000000000000426,-0.56%,,,,,,,,,ShowDailyK_ChartFlow,FinMind_API_TaiwanStockPrice_6245,True,2026-10-05T23:45:36,2026-10-05T23:45:36,2026-10-05T23:45:36
6245,立端,2021-08-17,53.0,-0.3999999999999986,-0.75%,,,,,,,,,ShowDailyK_ChartFlow,FinMind_API_TaiwanStockPrice_6245,True,2026-10-05T23:45:36,2026-10-05T23:45:36,2026-10-05T23:45:36
6245,立端,2021-08-18,53.5,0.5,0.94%,,,,,,,,,ShowDailyK_ChartFlow,FinMind_API_TaiwanStockPrice_6245,True,2026-10-05T23:45:36,2026-10-05T23:45:36,2026-10-05T23:45:36
6245,立端,2021-08-19,53.2,-0.29999999999999716,-0.56%,,,,,,,,,ShowDailyK_ChartFlow,FinMind_API_TaiwanStockPrice_6245,True,2026-10-05T23:45:36,2026-10-05T23:45:36,2026-10-05T23:45:36
6245,立端,2021-08-20,52.9,-0.30000000000000426,-0.56%,,,,,,,,,ShowDailyK_ChartFlow,FinMind_API_TaiwanStockPrice_6245,True,2026-10-05T23:45:36,2026-10-05T23:45:36,2026-10-05T23:45:36
6245,立端,2021-08-23,53.1,0.20000000000000284,0.38%,,,,,,,,,ShowDailyK_ChartFlow,FinMind_API_TaiwanStockPrice_6245,True,2026-10-05T23:45:36,2026-10-05T23:45:36,2026-10-05T23:45:36
6245,立端,2021-08-24,53.1,0.0,0.00%,,,,,,,,,ShowDailyK_ChartFlow,FinMind_API_TaiwanStockPrice_6245,True,2026-10-05T23:45:36,2026-10-05T23:45:36,2026-10-05T23:45:36
6245,立端,2021-08-25,51.0,-2.1000000000000014,-3.95%,,,,,,,,,ShowDailyK_ChartFlow,FinMind_API_TaiwanStockPrice_6245,True,2026-10-05T23:45:36,2026-10-05T23:45:36,2026-10-05T23:45:36
6245,立端,2021-08-26,51.2,0.20000000000000284,0.39%,,,,,,,,,ShowDailyK_ChartFlow,FinMind_API_TaiwanStockPrice_6245,True,2026-10-05T23:45:36,2026-10-05T23:45:36,2026-10-05T23:45:36
6245,立端,2021-08-27,50.7,-0.5,-0.98%,,,,,,,,,ShowDailyK_ChartFlow,FinMind_API_TaiwanStockPrice_6245,True,2026-10-05T23:45:36,2026-10-05T23:45:36,2026-10-05T23:45:36
6245,立端,2021-08-30,50.5,-0.20000000000000284,-0.39%,,,,,,,,,ShowDailyK_ChartFlow,FinMind_API_TaiwanStockPrice_6245,True,2026-10-05T23:45:36,2026-10-05T23:45:36,2026-10-05T23:45:36
6245,立端,2021-08-31,50.8,0.29999999999999716,0.59%,,,,,,,,,ShowDailyK_ChartFlow,FinMind_API_TaiwanStockPrice_6245,True,2026-10-05T23:45:36,2026-10-05T23:45:36,2026-10-05T23:45:36
6245,立端,2021-09-01,50.0,-0.7999999999999972,-1.57%,,,,,,,,,ShowDailyK_ChartFlow,FinMind_API_TaiwanStockPrice_6245,True,2026-10-05T23:45:36,2026-10-05T23:45:36,2026-10-05T23:45:36
6245,立端,2021-09-02,49.25,-0.75,-1.50%,,,,,,,,,ShowDailyK_ChartFlow,FinMind_API_TaiwanStockPrice_6245,True,2026-10-05T23:45:36,2026-10-05T23:45:36,2026-10-05T23:45:36
6245,立端,2021-09-03,49.6,0.3500000000000014,0.71%,,,,,,,,,ShowDailyK_ChartFlow,FinMind_API_TaiwanStockPrice_6245,True,2026-10-05T23:45:36,2026-10-05T23:45:36,2026-10-05T23:45:36
6245,立端,2021-09-06,49.45,-0.14999999999999858,-0.30%,,,,,,,,,ShowDailyK_ChartFlow,FinMind_API_TaiwanStockPrice_6245,True,2026-10-05T23:45:36,2026-10-05T23:45:36,2026-10-05T23:45:36
6245,立端,2021-09-07,48.95,-0.5,-1.01%,,,,,,,,,ShowDailyK_ChartFlow,FinMind_API_TaiwanStockPrice_6245,True,2026-10-05T23:45:36,2026-10-05T23:45:36,2026-10-05T23:45:36
6245,立端,2021-09-08,48.65,-0.30000000000000426,-0.61%,,,,,,,,,ShowDailyK_ChartFlow,FinMind_API_TaiwanStockPrice_6245,True,2026-10-05T23:45:36,2026-10-05T23:45:36,2026-10-05T23:45:36
6245,立端,2021-09-09,49.7,1.0500000000000043,2.16%,,,,,,,,,ShowDailyK_ChartFlow,FinMind_API_TaiwanStockPrice_6245,True,2026-10-05T23:45:36,2026-10-05T23:45:36,2026-10-05T23:45:36
6245,立端,2021-09-10,49.2,-0.5,-1.01%,,,,,,,,,ShowDailyK_ChartFlow,FinMind_API_TaiwanStockPrice_6245,True,2026-10-05T23:45:36,2026-10-05T23:45:36,2026-10-05T23:45:36
6245,立端,2021-09-13,49.5,0.29999999999999716,0.61%,,,,,,,,,ShowDailyK_ChartFlow,FinMind_API_TaiwanStockPrice_6245,True,2026-10-05T23:45:36,2026-10-05T23:45:36,2026-10-05T23:45:36
6245,立端,2021-09-14,49.3,-0.20000000000000284,-0.40%,,,,,,,,,ShowDailyK_ChartFlow,FinMind_API_TaiwanStockPrice_6245,True,2026-10-05T23:45:36,2026-10-05T23:45:36,2026-10-05T23:45:36
6245,立端,2021-09-15,48.8,-0.5,-1.01%,,,,,,,,,ShowDailyK_ChartFlow,FinMind_API_TaiwanStockPrice_6245,True,2026-10-05T23:45:36,2026-10-05T23:45:36,2026-10-05T23:45:36
6245,立端,2021-09-16,48.7,-0.09999999999999432,-0.20%,,,,,,,,,ShowDailyK_ChartFlow,FinMind_API_TaiwanStockPrice_6245,True,2026-10-05T23:45:36,2026-10-05T23:45:36,2026-10-05T23:45:36
6245,立端,2021-09-17,47.9,-0.8000000000000043,-1.64%,,,,,,,,,ShowDailyK_ChartFlow,FinMind_API_TaiwanStockPrice_6245,True,2026-10-05T23:45:36,2026-10-05T23:45:36,2026-10-05T23:45:36
6245,立端,2021-09-22,46.85,-1.0499999999999972,-2.19%,,,,,,,,,ShowDailyK_ChartFlow,FinMind_API_TaiwanStockPrice_6245,True,2026-10-05T23:45:36,2026-10-05T23:45:36,2026-10-05T23:45:36
6245,立端,2021-09-23,46.7,-0.14999999999999858,-0.32%,,,,,,,,,ShowDailyK_ChartFlow,FinMind_API_TaiwanStockPrice_6245,True,2026-10-05T23:45:36,2026-10-05T23:45:36,2026-10-05T23:45:36
6245,立端,2021-09-24,47.7,1.0,2.14%,,,,,,,,,ShowDailyK_ChartFlow,FinMind_API_TaiwanStockPrice_6245,True,2026-10-05T23:45:36,2026-10-05T23:45:36,2026-10-05T23:45:36
6245,立端,2021-09-27,47.95,0.25,0.52%,,,,,,,,,ShowDailyK_ChartFlow,FinMind_API_TaiwanStockPrice_6245,True,2026-10-05T23:45:36,2026-10-05T23:45:36,2026-10-05T23:45:36
6245,立端,2021-09-28,47.8,-0.15000000000000568,-0.31%,,,,,,,,,ShowDailyK_ChartFlow,FinMind_API_TaiwanStockPrice_6245,True,2026-10-05T23:45:36,2026-10-05T23:45:36,2026-10-05T23:45:36
6245,立端,2021-09-29,46.75,-1.0499999999999972,-2.20%,,,,,,,,,ShowDailyK_ChartFlow,FinMind_API_TaiwanStockPrice_6245,True,2026-10-05T23:45:36,2026-10-05T23:45:36,2026-10-05T23:45:36
6245,立端,2021-09-30,46.8,0.04999999999999716,0.11%,,,,,,,,,ShowDailyK_ChartFlow,FinMind_API_TaiwanStockPrice_6245,True,2026-10-05T23:45:36,2026-10-05T23:45:36,2026-10-05T23:45:36
6245,立端,2021-10-01,45.95,-0.8499999999999943,-1.82%,,,,,,,,,ShowDailyK_ChartFlow,FinMind_API_TaiwanStockPrice_6245,True,2026-10-05T23:45:36,2026-10-05T23:45:36,2026-10-05T23:45:36
6245,立端,2021-10-04,44.45,-1.5,-3.26%,,,,,,,,,ShowDailyK_ChartFlow,FinMind_API_TaiwanStockPrice_6245,True,2026-10-05T23:45:36,2026-10-05T23:45:36,2026-10-05T23:45:36
6245,立端,2021-10-05,45.5,1.0499999999999972,2.36%,,,,,,,,,ShowDailyK_ChartFlow,FinMind_API_TaiwanStockPrice_6245,True,2026-10-05T23:45:36,2026-10-05T23:45:36,2026-10-05T23:45:36
6245,立端,2021-10-06,45.8,0.29999999999999716,0.66%,,,,,,,,,ShowDailyK_ChartFlow,FinMind_API_TaiwanStockPrice_6245,True,2026-10-05T23:45:36,2026-10-05T23:45:36,2026-10-05T23:45:36
6245,立端,2021-10-07,46.35,0.5500000000000043,1.20%,,,,,,,,,ShowDailyK_ChartFlow,FinMind_API_TaiwanStockPrice_6245,True,2026-10-05T23:45:36,2026-10-05T23:45:36,2026-10-05T23:45:36
6245,立端,2021-10-08,47.1,0.75,1.62%,,,,,,,,,ShowDailyK_ChartFlow,FinMind_API_TaiwanStockPrice_6245,True,2026-10-05T23:45:36,2026-10-05T23:45:36,2026-10-05T23:45:36
6245,立端,2021-10-12,48.65,1.5499999999999972,3.29%,,,,,,,,,ShowDailyK_ChartFlow,FinMind_API_TaiwanStockPrice_6245,True,2026-10-05T23:45:36,2026-10-05T23:45:36,2026-10-05T23:45:36
6245,立端,2021-10-13,47.65,-1.0,-2.06%,,,,,,,,,ShowDailyK_ChartFlow,FinMind_API_TaiwanStockPrice_6245,True,2026-10-05T23:45:36,2026-10-05T23:45:36,2026-10-05T23:45:36
6245,立端,2021-10-14,48.05,0.3999999999999986,0.84%,,,,,,,,,ShowDailyK_ChartFlow,FinMind_API_TaiwanStockPrice_6245,True,2026-10-05T23:45:36,2026-10-05T23:45:36,2026-10-05T23:45:36
6245,立端,2021-10-15,48.45,0.4000000000000057,0.83%,,,,,,,,,ShowDailyK_ChartFlow,FinMind_API_TaiwanStockPrice_6245,True,2026-10-05T23:45:36,2026-10-05T23:45:36,2026-10-05T23:45:36
6245,立端,2021-10-18,48.5,0.04999999999999716,0.10%,,,,,,,,,ShowDailyK_ChartFlow,FinMind_API_TaiwanStockPrice_6245,True,2026-10-05T23:45:36,2026-10-05T23:45:36,2026-10-05T23:45:36
6245,立端,2021-10-19,49.6,1.1000000000000014,2.27%,,,,,,,,,ShowDailyK_ChartFlow,FinMind_API_TaiwanStockPrice_6245,True,2026-10-05T23:45:36,2026-10-05T23:45:36,2026-10-05T23:45:36
6245,立端,2021-10-20,49.7,0.10000000000000142,0.20%,,,,,,,,,ShowDailyK_ChartFlow,FinMind_API_TaiwanStockPrice_6245,True,2026-10-05T23:45:36,2026-10-05T23:45:36,2026-10-05T23:45:36
6245,立端,2021-10-21,49.0,-0.7000000000000028,-1.41%,,,,,,,,,ShowDailyK_ChartFlow,FinMind_API_TaiwanStockPrice_6245,True,2026-10-05T23:45:36,2026-10-05T23:45:36,2026-10-05T23:45:36
6245,立端,2021-10-22,49.45,0.45000000000000284,0.92%,,,,,,,,,ShowDailyK_ChartFlow,FinMind_API_TaiwanStockPrice_6245,True,2026-10-05T23:45:36,2026-10-05T23:45:36,2026-10-05T23:45:36
6245,立端,2021-10-25,49.9,0.44999999999999574,0.91%,,,,,,,,,ShowDailyK_ChartFlow,FinMind_API_TaiwanStockPrice_6245,True,2026-10-05T23:45:36,2026-10-05T23:45:36,2026-10-05T23:45:36
6245,立端,2021-10-26,49.75,-0.14999999999999858,-0.30%,,,,,,,,,ShowDailyK_ChartFlow,FinMind_API_TaiwanStockPrice_6245,True,2026-10-05T23:45:36,2026-10-05T23:45:36,2026-10-05T23:45:36
6245,立端,2021-10-27,50.0,0.25,0.50%,,,,,,,,,ShowDailyK_ChartFlow,FinMind_API_TaiwanStockPrice_6245,True,2026-10-05T23:45:36,2026-10-05T23:45:36,2026-10-05T23:45:36
6245,立端,2021-10-28,49.4,-0.6000000000000014,-1.20%,,,,,,,,,ShowDailyK_ChartFlow,FinMind_API_TaiwanStockPrice_6245,True,2026-10-05T23:45:36,2026-10-05T23:45:36,2026-10-05T23:45:36
6245,立端,2021-10-29,49.7,0.30000000000000426,0.61%,,,,,,,,,ShowDailyK_ChartFlow,FinMind_API_TaiwanStockPrice_6245,True,2026-10-05T23:45:36,2026-10-05T23:45:36,2026-10-05T23:45:36
6245,立端,2021-11-01,49.7,0.0,0.00%,,,,,,,,,ShowDailyK_ChartFlow,FinMind_API_TaiwanStockPrice_6245,True,2026-10-05T23:45:36,2026-10-05T23:45:36,2026-10-05T23:45:36
6245,立端,2021-11-02,49.0,-0.7000000000000028,-1.41%,,,,,,,,,ShowDailyK_ChartFlow,FinMind_API_TaiwanStockPrice_6245,True,2026-10-05T23:45:36,2026-10-05T23:45:36,2026-10-05T23:45:36
6245,立端,2021-11-03,49.4,0.3999999999999986,0.82%,,,,,,,,,ShowDailyK_ChartFlow,FinMind_API_TaiwanStockPrice_6245,True,2026-10-05T23:45:36,2026-10-05T23:45:36,2026-10-05T23:45:36
6245,立端,2021-11-04,49.6,0.20000000000000284,0.40%,,,,,,,,,ShowDailyK_ChartFlow,FinMind_API_TaiwanStockPrice_6245,True,2026-10-05T23:45:36,2026-10-05T23:45:36,2026-10-05T23:45:36
6245,立端,2021-11-05,49.0,-0.6000000000000014,-1.21%,,,,,,,,,ShowDailyK_ChartFlow,FinMind_API_TaiwanStockPrice_6245,True,2026-10-05T23:45:36,2026-10-05T23:45:36,2026-10-05T23:45:36
6245,立端,2021-11-08,51.4,2.3999999999999986,4.90%,,,,,,,,,ShowDailyK_ChartFlow,FinMind_API_TaiwanStockPrice_6245,True,2026-10-05T23:45:36,2026-10-05T23:45:36,2026-10-05T23:45:36
6245,立端,2021-11-09,51.2,-0.19999999999999574,-0.39%,,,,,,,,,ShowDailyK_ChartFlow,FinMind_API_TaiwanStockPrice_6245,True,2026-10-05T23:45:36,2026-10-05T23:45:36,2026-10-05T23:45:36
6245,立端,2021-11-10,51.5,0.29999999999999716,0.59%,,,,,,,,,ShowDailyK_ChartFlow,FinMind_API_TaiwanStockPrice_6245,True,2026-10-05T23:45:36,2026-10-05T23:45:36,2026-10-05T23:45:36
6245,立端,2021-11-11,51.2,-0.29999999999999716,-0.58%,,,,,,,,,ShowDailyK_ChartFlow,FinMind_API_TaiwanStockPrice_6245,True,2026-10-05T23:45:36,2026-10-05T23:45:36,2026-10-05T23:45:36
6245,立端,2021-11-12,50.4,-0.8000000000000043,-1.56%,,,,,,,,,ShowDailyK_ChartFlow,FinMind_API_TaiwanStockPrice_6245,True,2026-10-05T23:45:36,2026-10-05T23:45:36,2026-10-05T23:45:36
6245,立端,2021-11-15,49.85,-0.5499999999999972,-1.09%,,,,,,,,,ShowDailyK_ChartFlow,FinMind_API_TaiwanStockPrice_6245,True,2026-10-05T23:45:36,2026-10-05T23:45:36,2026-10-05T23:45:36
6245,立端,2021-11-16,50.0,0.14999999999999858,0.30%,,,,,,,,,ShowDailyK_ChartFlow,FinMind_API_TaiwanStockPrice_6245,True,2026-10-05T23:45:36,2026-10-05T23:45:36,2026-10-05T23:45:36
6245,立端,2021-11-17,50.9,0.8999999999999986,1.80%,,,,,,,,,ShowDailyK_ChartFlow,FinMind_API_TaiwanStockPrice_6245,True,2026-10-05T23:45:36,2026-10-05T23:45:36,2026-10-05T23:45:36
6245,立端,2021-11-18,50.8,-0.10000000000000142,-0.20%,,,,,,,,,ShowDailyK_ChartFlow,FinMind_API_TaiwanStockPrice_6245,True,2026-10-05T23:45:36,2026-10-05T23:45:36,2026-10-05T23:45:36
6245,立端,2021-11-19,50.8,0.0,0.00%,,,,,,,,,ShowDailyK_ChartFlow,FinMind_API_TaiwanStockPrice_6245,True,2026-10-05T23:45:36,2026-10-05T23:45:36,2026-10-05T23:45:36
6245,立端,2021-11-22,51.2,0.4000000000000057,0.79%,,,,,,,,,ShowDailyK_ChartFlow,FinMind_API_TaiwanStockPrice_6245,True,2026-10-05T23:45:36,2026-10-05T23:45:36,2026-10-05T23:45:36
6245,立端,2021-11-23,50.9,-0.30000000000000426,-0.59%,,,,,,,,,ShowDailyK_ChartFlow,FinMind_API_TaiwanStockPrice_6245,True,2026-10-05T23:45:36,2026-10-05T23:45:36,2026-10-05T23:45:36
6245,立端,2021-11-24,50.5,-0.3999999999999986,-0.79%,,,,,,,,,ShowDailyK_ChartFlow,FinMind_API_TaiwanStockPrice_6245,True,2026-10-05T23:45:36,2026-10-05T23:45:36,2026-10-05T23:45:36
6245,立端,2021-11-25,50.8,0.29999999999999716,0.59%,,,,,,,,,ShowDailyK_ChartFlow,FinMind_API_TaiwanStockPrice_6245,True,2026-10-05T23:45:36,2026-10-05T23:45:36,2026-10-05T23:45:36
6245,立端,2021-11-26,50.8,0.0,0.00%,,,,,,,,,ShowDailyK_ChartFlow,FinMind_API_TaiwanStockPrice_6245,True,2026-10-05T23:45:36,2026-10-05T23:45:36,2026-10-05T23:45:36
6245,立端,2021-11-29,50.5,-0.29999999999999716,-0.59%,,,,,,,,,ShowDailyK_ChartFlow,FinMind_API_TaiwanStockPrice_6245,True,2026-10-05T23:45:36,2026-10-05T23:45:36,2026-10-05T23:45:36
6245,立端,2021-11-30,50.2,-0.29999999999999716,-0.59%,,,,,,,,,ShowDailyK_ChartFlow,FinMind_API_TaiwanStockPrice_6245,True,2026-10-05T23:45:36,2026-10-05T23:45:36,2026-10-05T23:45:36
6245,立端,2021-12-01,50.0,-0.20000000000000284,-0.40%,,,,,,,,,ShowDailyK_ChartFlow,FinMind_API_TaiwanStockPrice_6245,True,2026-10-05T23:45:36,2026-10-05T23:45:36,2026-10-05T23:45:36
6245,立端,2021-12-02,50.1,0.10000000000000142,0.20%,,,,,,,,,ShowDailyK_ChartFlow,FinMind_API_TaiwanStockPrice_6245,True,2026-10-05T23:45:36,2026-10-05T23:45:36,2026-10-05T23:45:36
6245,立端,2021-12-03,49.8,-0.30000000000000426,-0.60%,,,,,,,,,ShowDailyK_ChartFlow,FinMind_API_TaiwanStockPrice_6245,True,2026-10-05T23:45:36,2026-10-05T23:45:36,2026-10-05T23:45:36
6245,立端,2021-12-06,52.2,2.4000000000000057,4.82%,,,,,,,,,ShowDailyK_ChartFlow,FinMind_API_TaiwanStockPrice_6245,True,2026-10-05T23:45:36,2026-10-05T23:45:36,2026-10-05T23:45:36
6245,立端,2021-12-07,51.1,-1.1000000000000014,-2.11%,,,,,,,,,ShowDailyK_ChartFlow,FinMind_API_TaiwanStockPrice_6245,True,2026-10-05T23:45:36,2026-10-05T23:45:36,2026-10-05T23:45:36
6245,立端,2021-12-08,51.0,-0.10000000000000142,-0.20%,,,,,,,,,ShowDailyK_ChartFlow,FinMind_API_TaiwanStockPrice_6245,True,2026-10-05T23:45:36,2026-10-05T23:45:36,2026-10-05T23:45:36
6245,立端,2021-12-09,52.0,1.0,1.96%,,,,,,,,,ShowDailyK_ChartFlow,FinMind_API_TaiwanStockPrice_6245,True,2026-10-05T23:45:36,2026-10-05T23:45:36,2026-10-05T23:45:36
6245,立端,2021-12-10,51.9,-0.10000000000000142,-0.19%,,,,,,,,,ShowDailyK_ChartFlow,FinMind_API_TaiwanStockPrice_6245,True,2026-10-05T23:45:36,2026-10-05T23:45:36,2026-10-05T23:45:36
6245,立端,2021-12-13,54.2,2.3000000000000043,4.43%,,,,,,,,,ShowDailyK_ChartFlow,FinMind_API_TaiwanStockPrice_6245,True,2026-10-05T23:45:36,2026-10-05T23:45:36,2026-10-05T23:45:36
6245,立端,2021-12-14,53.4,-0.8000000000000043,-1.48%,,,,,,,,,ShowDailyK_ChartFlow,FinMind_API_TaiwanStockPrice_6245,True,2026-10-05T23:45:36,2026-10-05T23:45:36,2026-10-05T23:45:36
6245,立端,2021-12-15,53.7,0.30000000000000426,0.56%,,,,,,,,,ShowDailyK_ChartFlow,FinMind_API_TaiwanStockPrice_6245,True,2026-10-05T23:45:36,2026-10-05T23:45:36,2026-10-05T23:45:36
6245,立端,2021-12-16,53.6,-0.10000000000000142,-0.19%,,,,,,,,,ShowDailyK_ChartFlow,FinMind_API_TaiwanStockPrice_6245,True,2026-10-05T23:45:36,2026-10-05T23:45:36,2026-10-05T23:45:36
6245,立端,2021-12-17,52.7,-0.8999999999999986,-1.68%,,,,,,,,,ShowDailyK_ChartFlow,FinMind_API_TaiwanStockPrice_6245,True,2026-10-05T23:45:36,2026-10-05T23:45:36,2026-10-05T23:45:36
6245,立端,2021-12-20,53.0,0.29999999999999716,0.57%,,,,,,,,,ShowDailyK_ChartFlow,FinMind_API_TaiwanStockPrice_6245,True,2026-10-05T23:45:36,2026-10-05T23:45:36,2026-10-05T23:45:36
6245,立端,2021-12-21,53.9,0.8999999999999986,1.70%,,,,,,,,,ShowDailyK_ChartFlow,FinMind_API_TaiwanStockPrice_6245,True,2026-10-05T23:45:36,2026-10-05T23:45:36,2026-10-05T23:45:36
6245,立端,2021-12-22,54.1,0.20000000000000284,0.37%,,,,,,,,,ShowDailyK_ChartFlow,FinMind_API_TaiwanStockPrice_6245,True,2026-10-05T23:45:36,2026-10-05T23:45:36,2026-10-05T23:45:36
6245,立端,2021-12-23,54.2,0.10000000000000142,0.18%,,,,,,,,,ShowDailyK_ChartFlow,FinMind_API_TaiwanStockPrice_6245,True,2026-10-05T23:45:36,2026-10-05T23:45:36,2026-10-05T23:45:36
6245,立端,2021-12-24,55.5,1.2999999999999972,2.40%,,,,,,,,,ShowDailyK_ChartFlow,FinMind_API_TaiwanStockPrice_6245,True,2026-10-05T23:45:36,2026-10-05T23:45:36,2026-10-05T23:45:36
6245,立端,2021-12-27,55.1,-0.3999999999999986,-0.72%,,,,,,,,,ShowDailyK_ChartFlow,FinMind_API_TaiwanStockPrice_6245,True,2026-10-05T23:45:36,2026-10-05T23:45:36,2026-10-05T23:45:36
6245,立端,2021-12-28,54.4,-0.7000000000000028,-1.27%,,,,,,,,,ShowDailyK_ChartFlow,FinMind_API_TaiwanStockPrice_6245,True,2026-10-05T23:45:36,2026-10-05T23:45:36,2026-10-05T23:45:36
6245,立端,2021-12-29,55.1,0.7000000000000028,1.29%,,,,,,,,,ShowDailyK_ChartFlow,FinMind_API_TaiwanStockPrice_6245,True,2026-10-05T23:45:36,2026-10-05T23:45:36,2026-10-05T23:45:36
6245,立端,2021-12-30,55.7,0.6000000000000014,1.09%,,,,,,,,,ShowDailyK_ChartFlow,FinMind_API_TaiwanStockPrice_6245,True,2026-10-05T23:45:36,2026-10-05T23:45:36,2026-10-05T23:45:36
6245,立端,2022-01-03,57.0,1.2999999999999972,2.33%,,,,,,,,,ShowDailyK_ChartFlow,FinMind_API_TaiwanStockPrice_6245,True,2026-10-05T23:45:36,2026-10-05T23:45:36,2026-10-05T23:45:36
6245,立端,2022-01-04,56.5,-0.5,-0.88%,,,,,,,,,ShowDailyK_ChartFlow,FinMind_API_TaiwanStockPrice_6245,True,2026-10-05T23:45:36,2026-10-05T23:45:36,2026-10-05T23:45:36
6245,立端,2022-01-05,56.3,-0.20000000000000284,-0.35%,,,,,,,,,ShowDailyK_ChartFlow,FinMind_API_TaiwanStockPrice_6245,True,2026-10-05T23:45:36,2026-10-05T23:45:36,2026-10-05T23:45:36
6245,立端,2022-01-06,56.2,-0.09999999999999432,-0.18%,,,,,,,,,ShowDailyK_ChartFlow,FinMind_API_TaiwanStockPrice_6245,True,2026-10-05T23:45:36,2026-10-05T23:45:36,2026-10-05T23:45:36
6245,立端,2022-01-07,54.6,-1.6000000000000014,-2.85%,,,,,,,,,ShowDailyK_ChartFlow,FinMind_API_TaiwanStockPrice_6245,True,2026-10-05T23:45:36,2026-10-05T23:45:36,2026-10-05T23:45:36
6245,立端,2022-01-10,54.9,0.29999999999999716,0.55%,,,,,,,,,ShowDailyK_ChartFlow,FinMind_API_TaiwanStockPrice_6245,True,2026-10-05T23:45:36,2026-10-05T23:45:36,2026-10-05T23:45:36
6245,立端,2022-01-11,54.8,-0.10000000000000142,-0.18%,,,,,,,,,ShowDailyK_ChartFlow,FinMind_API_TaiwanStockPrice_6245,True,2026-10-05T23:45:36,2026-10-05T23:45:36,2026-10-05T23:45:36
6245,立端,2022-01-12,54.7,-0.09999999999999432,-0.18%,,,,,,,,,ShowDailyK_ChartFlow,FinMind_API_TaiwanStockPrice_6245,True,2026-10-05T23:45:36,2026-10-05T23:45:36,2026-10-05T23:45:36
6245,立端,2022-01-13,54.1,-0.6000000000000014,-1.10%,,,,,,,,,ShowDailyK_ChartFlow,FinMind_API_TaiwanStockPrice_6245,True,2026-10-05T23:45:36,2026-10-05T23:45:36,2026-10-05T23:45:36
6245,立端,2022-01-14,53.9,-0.20000000000000284,-0.37%,,,,,,,,,ShowDailyK_ChartFlow,FinMind_API_TaiwanStockPrice_6245,True,2026-10-05T23:45:36,2026-10-05T23:45:36,2026-10-05T23:45:36
6245,立端,2022-01-17,54.4,0.5,0.93%,,,,,,,,,ShowDailyK_ChartFlow,FinMind_API_TaiwanStockPrice_6245,True,2026-10-05T23:45:36,2026-10-05T23:45:36,2026-10-05T23:45:36
6245,立端,2022-01-18,54.1,-0.29999999999999716,-0.55%,,,,,,,,,ShowDailyK_ChartFlow,FinMind_API_TaiwanStockPrice_6245,True,2026-10-05T23:45:36,2026-10-05T23:45:36,2026-10-05T23:45:36
6245,立端,2022-01-19,53.4,-0.7000000000000028,-1.29%,,,,,,,,,ShowDailyK_ChartFlow,FinMind_API_TaiwanStockPrice_6245,True,2026-10-05T23:45:36,2026-10-05T23:45:36,2026-10-05T23:45:36
6245,立端,2022-01-20,53.9,0.5,0.94%,,,,,,,,,ShowDailyK_ChartFlow,FinMind_API_TaiwanStockPrice_6245,True,2026-10-05T23:45:36,2026-10-05T23:45:36,2026-10-05T23:45:36
6245,立端,2022-01-21,53.6,-0.29999999999999716,-0.56%,,,,,,,,,ShowDailyK_ChartFlow,FinMind_API_TaiwanStockPrice_6245,True,2026-10-05T23:45:36,2026-10-05T23:45:36,2026-10-05T23:45:36
6245,立端,2022-01-24,53.2,-0.3999999999999986,-0.75%,,,,,,,,,ShowDailyK_ChartFlow,FinMind_API_TaiwanStockPrice_6245,True,2026-10-05T23:45:36,2026-10-05T23:45:36,2026-10-05T23:45:36
6245,立端,2022-01-25,52.8,-0.4000000000000057,-0.75%,,,,,,,,,ShowDailyK_ChartFlow,FinMind_API_TaiwanStockPrice_6245,True,2026-10-05T23:45:36,2026-10-05T23:45:36,2026-10-05T23:45:36
6245,立端,2022-01-26,52.7,-0.09999999999999432,-0.19%,,,,,,,,,ShowDailyK_ChartFlow,FinMind_API_TaiwanStockPrice_6245,True,2026-10-05T23:45:36,2026-10-05T23:45:36,2026-10-05T23:45:36
6245,立端,2022-02-07,53.6,0.8999999999999986,1.71%,,,,,,,,,ShowDailyK_ChartFlow,FinMind_API_TaiwanStockPrice_6245,True,2026-10-05T23:45:36,2026-10-05T23:45:36,2026-10-05T23:45:36
6245,立端,2022-02-08,54.2,0.6000000000000014,1.12%,,,,,,,,,ShowDailyK_ChartFlow,FinMind_API_TaiwanStockPrice_6245,True,2026-10-05T23:45:36,2026-10-05T23:45:36,2026-10-05T23:45:36
6245,立端,2022-02-09,54.5,0.29999999999999716,0.55%,,,,,,,,,ShowDailyK_ChartFlow,FinMind_API_TaiwanStockPrice_6245,True,2026-10-05T23:45:36,2026-10-05T23:45:36,2026-10-05T23:45:36
6245,立端,2022-02-10,54.5,0.0,0.00%,,,,,,,,,ShowDailyK_ChartFlow,FinMind_API_TaiwanStockPrice_6245,True,2026-10-05T23:45:36,2026-10-05T23:45:36,2026-10-05T23:45:36
6245,立端,2022-02-11,53.8,-0.7000000000000028,-1.28%,,,,,,,,,ShowDailyK_ChartFlow,FinMind_API_TaiwanStockPrice_6245,True,2026-10-05T23:45:36,2026-10-05T23:45:36,2026-10-05T23:45:36
6245,立端,2022-02-14,53.0,-0.7999999999999972,-1.49%,,,,,,,,,ShowDailyK_ChartFlow,FinMind_API_TaiwanStockPrice_6245,True,2026-10-05T23:45:36,2026-10-05T23:45:36,2026-10-05T23:45:36
6245,立端,2022-02-15,53.0,0.0,0.00%,,,,,,,,,ShowDailyK_ChartFlow,FinMind_API_TaiwanStockPrice_6245,True,2026-10-05T23:45:36,2026-10-05T23:45:36,2026-10-05T23:45:36
6245,立端,2022-02-16,53.2,0.20000000000000284,0.38%,,,,,,,,,ShowDailyK_ChartFlow,FinMind_API_TaiwanStockPrice_6245,True,2026-10-05T23:45:36,2026-10-05T23:45:36,2026-10-05T23:45:36
6245,立端,2022-02-17,54.5,1.2999999999999972,2.44%,,,,,,,,,ShowDailyK_ChartFlow,FinMind_API_TaiwanStockPrice_6245,True,2026-10-05T23:45:36,2026-10-05T23:45:36,2026-10-05T23:45:36
6245,立端,2022-02-18,54.2,-0.29999999999999716,-0.55%,,,,,,,,,ShowDailyK_ChartFlow,FinMind_API_TaiwanStockPrice_6245,True,2026-10-05T23:45:36,2026-10-05T23:45:36,2026-10-05T23:45:36
6245,立端,2022-02-21,53.9,-0.30000000000000426,-0.55%,,,,,,,,,ShowDailyK_ChartFlow,FinMind_API_TaiwanStockPrice_6245,True,2026-10-05T23:45:36,2026-10-05T23:45:36,2026-10-05T23:45:36
6245,立端,2022-02-22,53.5,-0.3999999999999986,-0.74%,,,,,,,,,ShowDailyK_ChartFlow,FinMind_API_TaiwanStockPrice_6245,True,2026-10-05T23:45:36,2026-10-05T23:45:36,2026-10-05T23:45:36
6245,立端,2022-02-23,53.6,0.10000000000000142,0.19%,,,,,,,,,ShowDailyK_ChartFlow,FinMind_API_TaiwanStockPrice_6245,True,2026-10-05T23:45:36,2026-10-05T23:45:36,2026-10-05T23:45:36
6245,立端,2022-02-24,52.8,-0.8000000000000043,-1.49%,,,,,,,,,ShowDailyK_ChartFlow,FinMind_API_TaiwanStockPrice_6245,True,2026-10-05T23:45:36,2026-10-05T23:45:36,2026-10-05T23:45:36
6245,立端,2022-02-25,52.5,-0.29999999999999716,-0.57%,,,,,,,,,ShowDailyK_ChartFlow,FinMind_API_TaiwanStockPrice_6245,True,2026-10-05T23:45:36,2026-10-05T23:45:36,2026-10-05T23:45:36
6245,立端,2022-03-01,52.8,0.29999999999999716,0.57%,,,,,,,,,ShowDailyK_ChartFlow,FinMind_API_TaiwanStockPrice_6245,True,2026-10-05T23:45:36,2026-10-05T23:45:36,2026-10-05T23:45:36
6245,立端,2022-03-02,53.2,0.4000000000000057,0.76%,,,,,,,,,ShowDailyK_ChartFlow,FinMind_API_TaiwanStockPrice_6245,True,2026-10-05T23:45:36,2026-10-05T23:45:36,2026-10-05T23:45:36
6245,立端,2022-03-03,53.5,0.29999999999999716,0.56%,,,,,,,,,ShowDailyK_ChartFlow,FinMind_API_TaiwanStockPrice_6245,True,2026-10-05T23:45:36,2026-10-05T23:45:36,2026-10-05T23:45:36
6245,立端,2022-03-04,53.6,0.10000000000000142,0.19%,,,,,,,,,ShowDailyK_ChartFlow,FinMind_API_TaiwanStockPrice_6245,True,2026-10-05T23:45:36,2026-10-05T23:45:36,2026-10-05T23:45:36
6245,立端,2022-03-07,52.8,-0.8000000000000043,-1.49%,,,,,,,,,ShowDailyK_ChartFlow,FinMind_API_TaiwanStockPrice_6245,True,2026-10-05T23:45:36,2026-10-05T23:45:36,2026-10-05T23:45:36
6245,立端,2022-03-08,52.7,-0.09999999999999432,-0.19%,,,,,,,,,ShowDailyK_ChartFlow,FinMind_API_TaiwanStockPrice_6245,True,2026-10-05T23:45:36,2026-10-05T23:45:36,2026-10-05T23:45:36
6245,立端,2022-03-09,53.3,0.5999999999999943,1.14%,,,,,,,,,ShowDailyK_ChartFlow,FinMind_API_TaiwanStockPrice_6245,True,2026-10-05T23:45:36,2026-10-05T23:45:36,2026-10-05T23:45:36
6245,立端,2022-03-10,54.3,1.0,1.88%,,,,,,,,,ShowDailyK_ChartFlow,FinMind_API_TaiwanStockPrice_6245,True,2026-10-05T23:45:36,2026-10-05T23:45:36,2026-10-05T23:45:36
6245,立端,2022-03-11,54.2,-0.09999999999999432,-0.18%,,,,,,,,,ShowDailyK_ChartFlow,FinMind_API_TaiwanStockPrice_6245,True,2026-10-05T23:45:36,2026-10-05T23:45:36,2026-10-05T23:45:36
6245,立端,2022-03-14,54.0,-0.20000000000000284,-0.37%,,,,,,,,,ShowDailyK_ChartFlow,FinMind_API_TaiwanStockPrice_6245,True,2026-10-05T23:45:36,2026-10-05T23:45:36,2026-10-05T23:45:36
6245,立端,2022-03-15,53.6,-0.3999999999999986,-0.74%,,,,,,,,,ShowDailyK_ChartFlow,FinMind_API_TaiwanStockPrice_6245,True,2026-10-05T23:45:36,2026-10-05T23:45:36,2026-10-05T23:45:36
6245,立端,2022-03-16,54.0,0.3999999999999986,0.75%,,,,,,,,,ShowDailyK_ChartFlow,FinMind_API_TaiwanStockPrice_6245,True,2026-10-05T23:45:36,2026-10-05T23:45:36,2026-10-05T23:45:36
6245,立端,2022-03-17,54.1,0.10000000000000142,0.19%,,,,,,,,,ShowDailyK_ChartFlow,FinMind_API_TaiwanStockPrice_6245,True,2026-10-05T23:45:36,2026-10-05T23:45:36,2026-10-05T23:45:36
6245,立端,2022-03-18,54.8,0.6999999999999957,1.29%,,,,,,,,,ShowDailyK_ChartFlow,FinMind_API_TaiwanStockPrice_6245,True,2026-10-05T23:45:36,2026-10-05T23:45:36,2026-10-05T23:45:36
6245,立端,2022-03-21,53.6,-1.1999999999999957,-2.19%,,,,,,,,,ShowDailyK_ChartFlow,FinMind_API_TaiwanStockPrice_6245,True,2026-10-05T23:45:36,2026-10-05T23:45:36,2026-10-05T23:45:36
6245,立端,2022-03-22,54.2,0.6000000000000014,1.12%,,,,,,,,,ShowDailyK_ChartFlow,FinMind_API_TaiwanStockPrice_6245,True,2026-10-05T23:45:36,2026-10-05T23:45:36,2026-10-05T23:45:36
6245,立端,2022-03-23,55.4,1.1999999999999957,2.21%,,,,,,,,,ShowDailyK_ChartFlow,FinMind_API_TaiwanStockPrice_6245,True,2026-10-05T23:45:36,2026-10-05T23:45:36,2026-10-05T23:45:36
6245,立端,2022-03-24,55.6,0.20000000000000284,0.36%,,,,,,,,,ShowDailyK_ChartFlow,FinMind_API_TaiwanStockPrice_6245,True,2026-10-05T23:45:36,2026-10-05T23:45:36,2026-10-05T23:45:36
6245,立端,2022-03-25,55.6,0.0,0.00%,,,,,,,,,ShowDailyK_ChartFlow,FinMind_API_TaiwanStockPrice_6245,True,2026-10-05T23:45:36,2026-10-05T23:45:36,2026-10-05T23:45:36
6245,立端,2022-03-28,55.1,-0.5,-0.90%,,,,,,,,,ShowDailyK_ChartFlow,FinMind_API_TaiwanStockPrice_6245,True,2026-10-05T23:45:36,2026-10-05T23:45:36,2026-10-05T23:45:36
6245,立端,2022-03-29,54.8,-0.30000000000000426,-0.54%,,,,,,,,,ShowDailyK_ChartFlow,FinMind_API_TaiwanStockPrice_6245,True,2026-10-05T23:45:36,2026-10-05T23:45:36,2026-10-05T23:45:36
6245,立端,2022-03-30,55.3,0.5,0.91%,,,,,,,,,ShowDailyK_ChartFlow,FinMind_API_TaiwanStockPrice_6245,True,2026-10-05T23:45:36,2026-10-05T23:45:36,2026-10-05T23:45:36
6245,立端,2022-03-31,55.4,0.10000000000000142,0.18%,,,,,,,,,ShowDailyK_ChartFlow,FinMind_API_TaiwanStockPrice_6245,True,2026-10-05T23:45:36,2026-10-05T23:45:36,2026-10-05T23:45:36
6245,立端,2022-04-01,56.5,1.1000000000000014,1.99%,,,,,,,,,ShowDailyK_ChartFlow,FinMind_API_TaiwanStockPrice_6245,True,2026-10-05T23:45:36,2026-10-05T23:45:36,2026-10-05T23:45:36
6245,立端,2022-04-06,56.7,0.20000000000000284,0.35%,,,,,,,,,ShowDailyK_ChartFlow,FinMind_API_TaiwanStockPrice_6245,True,2026-10-05T23:45:36,2026-10-05T23:45:36,2026-10-05T23:45:36
6245,立端,2022-04-07,55.8,-0.9000000000000057,-1.59%,,,,,,,,,ShowDailyK_ChartFlow,FinMind_API_TaiwanStockPrice_6245,True,2026-10-05T23:45:36,2026-10-05T23:45:36,2026-10-05T23:45:36
6245,立端,2022-04-08,55.8,0.0,0.00%,,,,,,,,,ShowDailyK_ChartFlow,FinMind_API_TaiwanStockPrice_6245,True,2026-10-05T23:45:36,2026-10-05T23:45:36,2026-10-05T23:45:36
6245,立端,2022-04-11,56.3,0.5,0.90%,,,,,,,,,ShowDailyK_ChartFlow,FinMind_API_TaiwanStockPrice_6245,True,2026-10-05T23:45:36,2026-10-05T23:45:36,2026-10-05T23:45:36
6245,立端,2022-04-12,56.2,-0.09999999999999432,-0.18%,,,,,,,,,ShowDailyK_ChartFlow,FinMind_API_TaiwanStockPrice_6245,True,2026-10-05T23:45:36,2026-10-05T23:45:36,2026-10-05T23:45:36
6245,立端,2022-04-13,56.7,0.5,0.89%,,,,,,,,,ShowDailyK_ChartFlow,FinMind_API_TaiwanStockPrice_6245,True,2026-10-05T23:45:36,2026-10-05T23:45:36,2026-10-05T23:45:36
6245,立端,2022-04-14,59.6,2.8999999999999986,5.11%,,,,,,,,,ShowDailyK_ChartFlow,FinMind_API_TaiwanStockPrice_6245,True,2026-10-05T23:45:36,2026-10-05T23:45:36,2026-10-05T23:45:36
6245,立端,2022-04-15,60.0,0.3999999999999986,0.67%,,,,,,,,,ShowDailyK_ChartFlow,FinMind_API_TaiwanStockPrice_6245,True,2026-10-05T23:45:36,2026-10-05T23:45:36,2026-10-05T23:45:36
6245,立端,2022-04-18,59.1,-0.8999999999999986,-1.50%,,,,,,,,,ShowDailyK_ChartFlow,FinMind_API_TaiwanStockPrice_6245,True,2026-10-05T23:45:36,2026-10-05T23:45:36,2026-10-05T23:45:36
6245,立端,2022-04-19,59.9,0.7999999999999972,1.35%,,,,,,,,,ShowDailyK_ChartFlow,FinMind_API_TaiwanStockPrice_6245,True,2026-10-05T23:45:36,2026-10-05T23:45:36,2026-10-05T23:45:36
6245,立端,2022-04-20,60.9,1.0,1.67%,,,,,,,,,ShowDailyK_ChartFlow,FinMind_API_TaiwanStockPrice_6245,True,2026-10-05T23:45:36,2026-10-05T23:45:36,2026-10-05T23:45:36
6245,立端,2022-04-21,61.5,0.6000000000000014,0.99%,,,,,,,,,ShowDailyK_ChartFlow,FinMind_API_TaiwanStockPrice_6245,True,2026-10-05T23:45:36,2026-10-05T23:45:36,2026-10-05T23:45:36
6245,立端,2022-04-22,60.6,-0.8999999999999986,-1.46%,,,,,,,,,ShowDailyK_ChartFlow,FinMind_API_TaiwanStockPrice_6245,True,2026-10-05T23:45:36,2026-10-05T23:45:36,2026-10-05T23:45:36
6245,立端,2022-04-25,58.0,-2.6000000000000014,-4.29%,,,,,,,,,ShowDailyK_ChartFlow,FinMind_API_TaiwanStockPrice_6245,True,2026-10-05T23:45:36,2026-10-05T23:45:36,2026-10-05T23:45:36
6245,立端,2022-04-26,57.5,-0.5,-0.86%,,,,,,,,,ShowDailyK_ChartFlow,FinMind_API_TaiwanStockPrice_6245,True,2026-10-05T23:45:36,2026-10-05T23:45:36,2026-10-05T23:45:36
6245,立端,2022-04-27,57.0,-0.5,-0.87%,,,,,,,,,ShowDailyK_ChartFlow,FinMind_API_TaiwanStockPrice_6245,True,2026-10-05T23:45:36,2026-10-05T23:45:36,2026-10-05T23:45:36
6245,立端,2022-04-28,58.0,1.0,1.75%,,,,,,,,,ShowDailyK_ChartFlow,FinMind_API_TaiwanStockPrice_6245,True,2026-10-05T23:45:36,2026-10-05T23:45:36,2026-10-05T23:45:36
6245,立端,2022-04-29,59.0,1.0,1.72%,,,,,,,,,ShowDailyK_ChartFlow,FinMind_API_TaiwanStockPrice_6245,True,2026-10-05T23:45:36,2026-10-05T23:45:36,2026-10-05T23:45:36
6245,立端,2022-05-03,58.5,-0.5,-0.85%,,,,,,,,,ShowDailyK_ChartFlow,FinMind_API_TaiwanStockPrice_6245,True,2026-10-05T23:45:36,2026-10-05T23:45:36,2026-10-05T23:45:36
6245,立端,2022-05-04,57.8,-0.7000000000000028,-1.20%,,,,,,,,,ShowDailyK_ChartFlow,FinMind_API_TaiwanStockPrice_6245,True,2026-10-05T23:45:36,2026-10-05T23:45:36,2026-10-05T23:45:36
6245,立端,2022-05-05,58.2,0.4000000000000057,0.69%,,,,,,,,,ShowDailyK_ChartFlow,FinMind_API_TaiwanStockPrice_6245,True,2026-10-05T23:45:36,2026-10-05T23:45:36,2026-10-05T23:45:36
6245,立端,2022-05-06,57.5,-0.7000000000000028,-1.20%,,,,,,,,,ShowDailyK_ChartFlow,FinMind_API_TaiwanStockPrice_6245,True,2026-10-05T23:45:36,2026-10-05T23:45:36,2026-10-05T23:45:36
6245,立端,2022-05-09,54.8,-2.700000000000003,-4.70%,,,,,,,,,ShowDailyK_ChartFlow,FinMind_API_TaiwanStockPrice_6245,True,2026-10-05T23:45:36,2026-10-05T23:45:36,2026-10-05T23:45:36
6245,立端,2022-05-10,53.9,-0.8999999999999986,-1.64%,,,,,,,,,ShowDailyK_ChartFlow,FinMind_API_TaiwanStockPrice_6245,True,2026-10-05T23:45:36,2026-10-05T23:45:36,2026-10-05T23:45:36
6245,立端,2022-05-11,51.7,-2.1999999999999957,-4.08%,,,,,,,,,ShowDailyK_ChartFlow,FinMind_API_TaiwanStockPrice_6245,True,2026-10-05T23:45:36,2026-10-05T23:45:36,2026-10-05T23:45:36
6245,立端,2022-05-12,50.9,-0.8000000000000043,-1.55%,,,,,,,,,ShowDailyK_ChartFlow,FinMind_API_TaiwanStockPrice_6245,True,2026-10-05T23:45:36,2026-10-05T23:45:36,2026-10-05T23:45:36
6245,立端,2022-05-13,51.8,0.8999999999999986,1.77%,,,,,,,,,ShowDailyK_ChartFlow,FinMind_API_TaiwanStockPrice_6245,True,2026-10-05T23:45:36,2026-10-05T23:45:36,2026-10-05T23:45:36
6245,立端,2022-05-16,51.1,-0.6999999999999957,-1.35%,,,,,,,,,ShowDailyK_ChartFlow,FinMind_API_TaiwanStockPrice_6245,True,2026-10-05T23:45:36,2026-10-05T23:45:36,2026-10-05T23:45:36
6245,立端,2022-05-17,51.0,-0.10000000000000142,-0.20%,,,,,,,,,ShowDailyK_ChartFlow,FinMind_API_TaiwanStockPrice_6245,True,2026-10-05T23:45:36,2026-10-05T23:45:36,2026-10-05T23:45:36
6245,立端,2022-05-18,51.8,0.7999999999999972,1.57%,,,,,,,,,ShowDailyK_ChartFlow,FinMind_API_TaiwanStockPrice_6245,True,2026-10-05T23:45:36,2026-10-05T23:45:36,2026-10-05T23:45:36
6245,立端,2022-05-19,52.8,1.0,1.93%,,,,,,,,,ShowDailyK_ChartFlow,FinMind_API_TaiwanStockPrice_6245,True,2026-10-05T23:45:36,2026-10-05T23:45:36,2026-10-05T23:45:36
6245,立端,2022-05-20,52.0,-0.7999999999999972,-1.52%,,,,,,,,,ShowDailyK_ChartFlow,FinMind_API_TaiwanStockPrice_6245,True,2026-10-05T23:45:36,2026-10-05T23:45:36,2026-10-05T23:45:36
6245,立端,2022-05-23,52.2,0.20000000000000284,0.38%,,,,,,,,,ShowDailyK_ChartFlow,FinMind_API_TaiwanStockPrice_6245,True,2026-10-05T23:45:36,2026-10-05T23:45:36,2026-10-05T23:45:36
6245,立端,2022-05-24,51.7,-0.5,-0.96%,,,,,,,,,ShowDailyK_ChartFlow,FinMind_API_TaiwanStockPrice_6245,True,2026-10-05T23:45:36,2026-10-05T23:45:36,2026-10-05T23:45:36
6245,立端,2022-05-25,51.8,0.09999999999999432,0.19%,,,,,,,,,ShowDailyK_ChartFlow,FinMind_API_TaiwanStockPrice_6245,True,2026-10-05T23:45:36,2026-10-05T23:45:36,2026-10-05T23:45:36
6245,立端,2022-05-26,51.9,0.10000000000000142,0.19%,,,,,,,,,ShowDailyK_ChartFlow,FinMind_API_TaiwanStockPrice_6245,True,2026-10-05T23:45:36,2026-10-05T23:45:36,2026-10-05T23:45:36
6245,立端,2022-05-27,51.8,-0.10000000000000142,-0.19%,,,,,,,,,ShowDailyK_ChartFlow,FinMind_API_TaiwanStockPrice_6245,True,2026-10-05T23:45:36,2026-10-05T23:45:36,2026-10-05T23:45:36
6245,立端,2022-05-30,52.5,0.7000000000000028,1.35%,,,,,,,,,ShowDailyK_ChartFlow,FinMind_API_TaiwanStockPrice_6245,True,2026-10-05T23:45:36,2026-10-05T23:45:36,2026-10-05T23:45:36
6245,立端,2022-05-31,56.4,3.8999999999999986,7.43%,,,,,,,,,ShowDailyK_ChartFlow,FinMind_API_TaiwanStockPrice_6245,True,2026-10-05T23:45:36,2026-10-05T23:45:36,2026-10-05T23:45:36
6245,立端,2022-06-01,55.4,-1.0,-1.77%,,,,,,,,,ShowDailyK_ChartFlow,FinMind_API_TaiwanStockPrice_6245,True,2026-10-05T23:45:36,2026-10-05T23:45:36,2026-10-05T23:45:36
6245,立端,2022-06-02,55.2,-0.19999999999999574,-0.36%,,,,,,,,,ShowDailyK_ChartFlow,FinMind_API_TaiwanStockPrice_6245,True,2026-10-05T23:45:36,2026-10-05T23:45:36,2026-10-05T23:45:36
6245,立端,2022-06-06,55.8,0.5999999999999943,1.09%,,,,,,,,,ShowDailyK_ChartFlow,FinMind_API_TaiwanStockPrice_6245,True,2026-10-05T23:45:36,2026-10-05T23:45:36,2026-10-05T23:45:36
6245,立端,2022-06-07,56.2,0.4000000000000057,0.72%,,,,,,,,,ShowDailyK_ChartFlow,FinMind_API_TaiwanStockPrice_6245,True,2026-10-05T23:45:36,2026-10-05T23:45:36,2026-10-05T23:45:36
6245,立端,2022-06-08,56.5,0.29999999999999716,0.53%,,,,,,,,,ShowDailyK_ChartFlow,FinMind_API_TaiwanStockPrice_6245,True,2026-10-05T23:45:36,2026-10-05T23:45:36,2026-10-05T23:45:36
6245,立端,2022-06-09,57.9,1.3999999999999986,2.48%,,,,,,,,,ShowDailyK_ChartFlow,FinMind_API_TaiwanStockPrice_6245,True,2026-10-05T23:45:36,2026-10-05T23:45:36,2026-10-05T23:45:36
6245,立端,2022-06-10,63.6,5.700000000000003,9.84%,,,,,,,,,ShowDailyK_ChartFlow,FinMind_API_TaiwanStockPrice_6245,True,2026-10-05T23:45:36,2026-10-05T23:45:36,2026-10-05T23:45:36
6245,立端,2022-06-13,65.6,1.999999999999993,3.14%,,,,,,,,,ShowDailyK_ChartFlow,FinMind_API_TaiwanStockPrice_6245,True,2026-10-05T23:45:36,2026-10-05T23:45:36,2026-10-05T23:45:36
6245,立端,2022-06-14,65.0,-0.5999999999999943,-0.91%,,,,,,,,,ShowDailyK_ChartFlow,FinMind_API_TaiwanStockPrice_6245,True,2026-10-05T23:45:36,2026-10-05T23:45:36,2026-10-05T23:45:36
6245,立端,2022-06-15,64.0,-1.0,-1.54%,,,,,,,,,ShowDailyK_ChartFlow,FinMind_API_TaiwanStockPrice_6245,True,2026-10-05T23:45:36,2026-10-05T23:45:36,2026-10-05T23:45:36
6245,立端,2022-06-16,60.9,-3.1000000000000014,-4.84%,,,,,,,,,ShowDailyK_ChartFlow,FinMind_API_TaiwanStockPrice_6245,True,2026-10-05T23:45:36,2026-10-05T23:45:36,2026-10-05T23:45:36
6245,立端,2022-06-17,60.2,-0.6999999999999957,-1.15%,,,,,,,,,ShowDailyK_ChartFlow,FinMind_API_TaiwanStockPrice_6245,True,2026-10-05T23:45:36,2026-10-05T23:45:36,2026-10-05T23:45:36
6245,立端,2022-06-20,56.8,-3.4000000000000057,-5.65%,,,,,,,,,ShowDailyK_ChartFlow,FinMind_API_TaiwanStockPrice_6245,True,2026-10-05T23:45:36,2026-10-05T23:45:36,2026-10-05T23:45:36
6245,立端,2022-06-21,59.1,2.3000000000000043,4.05%,,,,,,,,,ShowDailyK_ChartFlow,FinMind_API_TaiwanStockPrice_6245,True,2026-10-05T23:45:36,2026-10-05T23:45:36,2026-10-05T23:45:36
6245,立端,2022-06-22,56.7,-2.3999999999999986,-4.06%,,,,,,,,,ShowDailyK_ChartFlow,FinMind_API_TaiwanStockPrice_6245,True,2026-10-05T23:45:36,2026-10-05T23:45:36,2026-10-05T23:45:36
6245,立端,2022-06-23,57.9,1.1999999999999957,2.12%,,,,,,,,,ShowDailyK_ChartFlow,FinMind_API_TaiwanStockPrice_6245,True,2026-10-05T23:45:36,2026-10-05T23:45:36,2026-10-05T23:45:36
6245,立端,2022-06-24,59.6,1.7000000000000028,2.94%,,,,,,,,,ShowDailyK_ChartFlow,FinMind_API_TaiwanStockPrice_6245,True,2026-10-05T23:45:36,2026-10-05T23:45:36,2026-10-05T23:45:36
6245,立端,2022-06-27,63.2,3.6000000000000014,6.04%,,,,,,,,,ShowDailyK_ChartFlow,FinMind_API_TaiwanStockPrice_6245,True,2026-10-05T23:45:36,2026-10-05T23:45:36,2026-10-05T23:45:36
6245,立端,2022-06-28,66.5,3.299999999999997,5.22%,,,,,,,,,ShowDailyK_ChartFlow,FinMind_API_TaiwanStockPrice_6245,True,2026-10-05T23:45:36,2026-10-05T23:45:36,2026-10-05T23:45:36
6245,立端,2022-06-29,69.6,3.0999999999999943,4.66%,,,,,,,,,ShowDailyK_ChartFlow,FinMind_API_TaiwanStockPrice_6245,True,2026-10-05T23:45:36,2026-10-05T23:45:36,2026-10-05T23:45:36
6245,立端,2022-06-30,69.0,-0.5999999999999943,-0.86%,,,,,,,,,ShowDailyK_ChartFlow,FinMind_API_TaiwanStockPrice_6245,True,2026-10-05T23:45:36,2026-10-05T23:45:36,2026-10-05T23:45:36
6245,立端,2022-07-01,62.1,-6.899999999999999,-10.00%,,,,,,,,,ShowDailyK_ChartFlow,FinMind_API_TaiwanStockPrice_6245,True,2026-10-05T23:45:36,2026-10-05T23:45:36,2026-10-05T23:45:36
6245,立端,2022-07-04,61.4,-0.7000000000000028,-1.13%,,,,,,,,,ShowDailyK_ChartFlow,FinMind_API_TaiwanStockPrice_6245,True,2026-10-05T23:45:36,2026-10-05T23:45:36,2026-10-05T23:45:36
6245,立端,2022-07-05,65.3,3.8999999999999986,6.35%,,,,,,,,,ShowDailyK_ChartFlow,FinMind_API_TaiwanStockPrice_6245,True,2026-10-05T23:45:36,2026-10-05T23:45:36,2026-10-05T23:45:36
6245,立端,2022-07-06,60.2,-5.099999999999994,-7.81%,,,,,,,,,ShowDailyK_ChartFlow,FinMind_API_TaiwanStockPrice_6245,True,2026-10-05T23:45:36,2026-10-05T23:45:36,2026-10-05T23:45:36
6245,立端,2022-07-07,63.2,3.0,4.98%,,,,,,,,,ShowDailyK_ChartFlow,FinMind_API_TaiwanStockPrice_6245,True,2026-10-05T23:45:36,2026-10-05T23:45:36,2026-10-05T23:45:36
6245,立端,2022-07-08,63.6,0.3999999999999986,0.63%,,,,,,,,,ShowDailyK_ChartFlow,FinMind_API_TaiwanStockPrice_6245,True,2026-10-05T23:45:36,2026-10-05T23:45:36,2026-10-05T23:45:36
6245,立端,2022-07-11,64.2,0.6000000000000014,0.94%,,,,,,,,,ShowDailyK_ChartFlow,FinMind_API_TaiwanStockPrice_6245,True,2026-10-05T23:45:36,2026-10-05T23:45:36,2026-10-05T23:45:36
6245,立端,2022-07-12,63.5,-0.7000000000000028,-1.09%,,,,,,,,,ShowDailyK_ChartFlow,FinMind_API_TaiwanStockPrice_6245,True,2026-10-05T23:45:36,2026-10-05T23:45:36,2026-10-05T23:45:36
6245,立端,2022-07-13,64.0,0.5,0.79%,,,,,,,,,ShowDailyK_ChartFlow,FinMind_API_TaiwanStockPrice_6245,True,2026-10-05T23:45:36,2026-10-05T23:45:36,2026-10-05T23:45:36
6245,立端,2022-07-14,67.3,3.299999999999997,5.16%,,,,,,,,,ShowDailyK_ChartFlow,FinMind_API_TaiwanStockPrice_6245,True,2026-10-05T23:45:36,2026-10-05T23:45:36,2026-10-05T23:45:36
6245,立端,2022-07-15,67.1,-0.20000000000000284,-0.30%,,,,,,,,,ShowDailyK_ChartFlow,FinMind_API_TaiwanStockPrice_6245,True,2026-10-05T23:45:36,2026-10-05T23:45:36,2026-10-05T23:45:36
6245,立端,2022-07-18,67.1,0.0,0.00%,,,,,,,,,ShowDailyK_ChartFlow,FinMind_API_TaiwanStockPrice_6245,True,2026-10-05T23:45:36,2026-10-05T23:45:36,2026-10-05T23:45:36
6245,立端,2022-07-19,66.7,-0.3999999999999915,-0.60%,,,,,,,,,ShowDailyK_ChartFlow,FinMind_API_TaiwanStockPrice_6245,True,2026-10-05T23:45:36,2026-10-05T23:45:36,2026-10-05T23:45:36
6245,立端,2022-07-20,65.4,-1.2999999999999972,-1.95%,,,,,,,,,ShowDailyK_ChartFlow,FinMind_API_TaiwanStockPrice_6245,True,2026-10-05T23:45:36,2026-10-05T23:45:36,2026-10-05T23:45:36
6245,立端,2022-07-21,65.8,0.3999999999999915,0.61%,,,,,,,,,ShowDailyK_ChartFlow,FinMind_API_TaiwanStockPrice_6245,True,2026-10-05T23:45:36,2026-10-05T23:45:36,2026-10-05T23:45:36
6245,立端,2022-07-22,66.5,0.7000000000000028,1.06%,,,,,,,,,ShowDailyK_ChartFlow,FinMind_API_TaiwanStockPrice_6245,True,2026-10-05T23:45:36,2026-10-05T23:45:36,2026-10-05T23:45:36
6245,立端,2022-07-25,67.4,0.9000000000000057,1.35%,,,,,,,,,ShowDailyK_ChartFlow,FinMind_API_TaiwanStockPrice_6245,True,2026-10-05T23:45:36,2026-10-05T23:45:36,2026-10-05T23:45:36
6245,立端,2022-07-26,65.0,-2.4000000000000057,-3.56%,,,,,,,,,ShowDailyK_ChartFlow,FinMind_API_TaiwanStockPrice_6245,True,2026-10-05T23:45:36,2026-10-05T23:45:36,2026-10-05T23:45:36
6245,立端,2022-07-27,66.3,1.2999999999999972,2.00%,,,,,,,,,ShowDailyK_ChartFlow,FinMind_API_TaiwanStockPrice_6245,True,2026-10-05T23:45:36,2026-10-05T23:45:36,2026-10-05T23:45:36
6245,立端,2022-07-28,66.2,-0.09999999999999432,-0.15%,,,,,,,,,ShowDailyK_ChartFlow,FinMind_API_TaiwanStockPrice_6245,True,2026-10-05T23:45:36,2026-10-05T23:45:36,2026-10-05T23:45:36
6245,立端,2022-07-29,68.3,2.0999999999999943,3.17%,,,,,,,,,ShowDailyK_ChartFlow,FinMind_API_TaiwanStockPrice_6245,True,2026-10-05T23:45:36,2026-10-05T23:45:36,2026-10-05T23:45:36
6245,立端,2022-08-01,70.4,2.1000000000000085,3.07%,,,,,,,,,ShowDailyK_ChartFlow,FinMind_API_TaiwanStockPrice_6245,True,2026-10-05T23:45:36,2026-10-05T23:45:36,2026-10-05T23:45:36
6245,立端,2022-08-02,72.0,1.5999999999999943,2.27%,,,,,,,,,ShowDailyK_ChartFlow,FinMind_API_TaiwanStockPrice_6245,True,2026-10-05T23:45:36,2026-10-05T23:45:36,2026-10-05T23:45:36
6245,立端,2022-08-03,69.9,-2.0999999999999943,-2.92%,,,,,,,,,ShowDailyK_ChartFlow,FinMind_API_TaiwanStockPrice_6245,True,2026-10-05T23:45:36,2026-10-05T23:45:36,2026-10-05T23:45:36
6245,立端,2022-08-04,70.4,0.5,0.72%,,,,,,,,,ShowDailyK_ChartFlow,FinMind_API_TaiwanStockPrice_6245,True,2026-10-05T23:45:36,2026-10-05T23:45:36,2026-10-05T23:45:36
6245,立端,2022-08-05,70.5,0.09999999999999432,0.14%,,,,,,,,,ShowDailyK_ChartFlow,FinMind_API_TaiwanStockPrice_6245,True,2026-10-05T23:45:36,2026-10-05T23:45:36,2026-10-05T23:45:36
6245,立端,2022-08-08,70.1,-0.4000000000000057,-0.57%,,,,,,,,,ShowDailyK_ChartFlow,FinMind_API_TaiwanStockPrice_6245,True,2026-10-05T23:45:36,2026-10-05T23:45:36,2026-10-05T23:45:36
6245,立端,2022-08-09,71.3,1.2000000000000028,1.71%,,,,,,,,,ShowDailyK_ChartFlow,FinMind_API_TaiwanStockPrice_6245,True,2026-10-05T23:45:36,2026-10-05T23:45:36,2026-10-05T23:45:36
6245,立端,2022-08-10,70.3,-1.0,-1.40%,,,,,,,,,ShowDailyK_ChartFlow,FinMind_API_TaiwanStockPrice_6245,True,2026-10-05T23:45:36,2026-10-05T23:45:36,2026-10-05T23:45:36
6245,立端,2022-08-11,72.7,2.4000000000000057,3.41%,,,,,,,,,ShowDailyK_ChartFlow,FinMind_API_TaiwanStockPrice_6245,True,2026-10-05T23:45:36,2026-10-05T23:45:36,2026-10-05T23:45:36
6245,立端,2022-08-12,70.2,-2.5,-3.44%,,,,,,,,,ShowDailyK_ChartFlow,FinMind_API_TaiwanStockPrice_6245,True,2026-10-05T23:45:36,2026-10-05T23:45:36,2026-10-05T23:45:36
6245,立端,2022-08-15,68.2,-2.0,-2.85%,,,,,,,,,ShowDailyK_ChartFlow,FinMind_API_TaiwanStockPrice_6245,True,2026-10-05T23:45:36,2026-10-05T23:45:36,2026-10-05T23:45:36
6245,立端,2022-08-16,70.5,2.299999999999997,3.37%,,,,,,,,,ShowDailyK_ChartFlow,FinMind_API_TaiwanStockPrice_6245,True,2026-10-05T23:45:36,2026-10-05T23:45:36,2026-10-05T23:45:36
6245,立端,2022-08-17,71.3,0.7999999999999972,1.13%,,,,,,,,,ShowDailyK_ChartFlow,FinMind_API_TaiwanStockPrice_6245,True,2026-10-05T23:45:36,2026-10-05T23:45:36,2026-10-05T23:45:36
6245,立端,2022-08-18,71.7,0.4000000000000057,0.56%,,,,,,,,,ShowDailyK_ChartFlow,FinMind_API_TaiwanStockPrice_6245,True,2026-10-05T23:45:36,2026-10-05T23:45:36,2026-10-05T23:45:36
6245,立端,2022-08-19,71.7,0.0,0.00%,,,,,,,,,ShowDailyK_ChartFlow,FinMind_API_TaiwanStockPrice_6245,True,2026-10-05T23:45:36,2026-10-05T23:45:36,2026-10-05T23:45:36
6245,立端,2022-08-22,70.6,-1.1000000000000085,-1.53%,,,,,,,,,ShowDailyK_ChartFlow,FinMind_API_TaiwanStockPrice_6245,True,2026-10-05T23:45:36,2026-10-05T23:45:36,2026-10-05T23:45:36
6245,立端,2022-08-23,69.7,-0.8999999999999915,-1.27%,,,,,,,,,ShowDailyK_ChartFlow,FinMind_API_TaiwanStockPrice_6245,True,2026-10-05T23:45:36,2026-10-05T23:45:36,2026-10-05T23:45:36
6245,立端,2022-08-24,68.2,-1.5,-2.15%,,,,,,,,,ShowDailyK_ChartFlow,FinMind_API_TaiwanStockPrice_6245,True,2026-10-05T23:45:36,2026-10-05T23:45:36,2026-10-05T23:45:36
6245,立端,2022-08-25,70.7,2.5,3.67%,,,,,,,,,ShowDailyK_ChartFlow,FinMind_API_TaiwanStockPrice_6245,True,2026-10-05T23:45:36,2026-10-05T23:45:36,2026-10-05T23:45:36
6245,立端,2022-08-26,71.3,0.5999999999999943,0.85%,,,,,,,,,ShowDailyK_ChartFlow,FinMind_API_TaiwanStockPrice_6245,True,2026-10-05T23:45:36,2026-10-05T23:45:36,2026-10-05T23:45:36
6245,立端,2022-08-29,66.7,-4.599999999999994,-6.45%,,,,,,,,,ShowDailyK_ChartFlow,FinMind_API_TaiwanStockPrice_6245,True,2026-10-05T23:45:36,2026-10-05T23:45:36,2026-10-05T23:45:36
6245,立端,2022-08-30,68.6,1.8999999999999915,2.85%,,,,,,,,,ShowDailyK_ChartFlow,FinMind_API_TaiwanStockPrice_6245,True,2026-10-05T23:45:36,2026-10-05T23:45:36,2026-10-05T23:45:36
6245,立端,2022-08-31,69.0,0.4000000000000057,0.58%,,,,,,,,,ShowDailyK_ChartFlow,FinMind_API_TaiwanStockPrice_6245,True,2026-10-05T23:45:36,2026-10-05T23:45:36,2026-10-05T23:45:36
6245,立端,2022-09-01,68.5,-0.5,-0.72%,,,,,,,,,ShowDailyK_ChartFlow,FinMind_API_TaiwanStockPrice_6245,True,2026-10-05T23:45:36,2026-10-05T23:45:36,2026-10-05T23:45:36
6245,立端,2022-09-02,68.6,0.09999999999999432,0.15%,,,,,,,,,ShowDailyK_ChartFlow,FinMind_API_TaiwanStockPrice_6245,True,2026-10-05T23:45:36,2026-10-05T23:45:36,2026-10-05T23:45:36
6245,立端,2022-09-05,66.8,-1.7999999999999972,-2.62%,,,,,,,,,ShowDailyK_ChartFlow,FinMind_API_TaiwanStockPrice_6245,True,2026-10-05T23:45:36,2026-10-05T23:45:36,2026-10-05T23:45:36
6245,立端,2022-09-06,64.2,-2.5999999999999943,-3.89%,,,,,,,,,ShowDailyK_ChartFlow,FinMind_API_TaiwanStockPrice_6245,True,2026-10-05T23:45:36,2026-10-05T23:45:36,2026-10-05T23:45:36
6245,立端,2022-09-07,62.7,-1.5,-2.34%,,,,,,,,,ShowDailyK_ChartFlow,FinMind_API_TaiwanStockPrice_6245,True,2026-10-05T23:45:36,2026-10-05T23:45:36,2026-10-05T23:45:36
6245,立端,2022-09-08,63.2,0.5,0.80%,,,,,,,,,ShowDailyK_ChartFlow,FinMind_API_TaiwanStockPrice_6245,True,2026-10-05T23:45:36,2026-10-05T23:45:36,2026-10-05T23:45:36
6245,立端,2022-09-12,66.1,2.8999999999999915,4.59%,,,,,,,,,ShowDailyK_ChartFlow,FinMind_API_TaiwanStockPrice_6245,True,2026-10-05T23:45:36,2026-10-05T23:45:36,2026-10-05T23:45:36
6245,立端,2022-09-13,71.4,5.300000000000011,8.02%,,,,,,,,,ShowDailyK_ChartFlow,FinMind_API_TaiwanStockPrice_6245,True,2026-10-05T23:45:36,2026-10-05T23:45:36,2026-10-05T23:45:36
6245,立端,2022-09-14,78.3,6.8999999999999915,9.66%,,,,,,,,,ShowDailyK_ChartFlow,FinMind_API_TaiwanStockPrice_6245,True,2026-10-05T23:45:36,2026-10-05T23:45:36,2026-10-05T23:45:36
6245,立端,2022-09-15,78.3,0.0,0.00%,,,,,,,,,ShowDailyK_ChartFlow,FinMind_API_TaiwanStockPrice_6245,True,2026-10-05T23:45:36,2026-10-05T23:45:36,2026-10-05T23:45:36
6245,立端,2022-09-16,75.1,-3.200000000000003,-4.09%,,,,,,,,,ShowDailyK_ChartFlow,FinMind_API_TaiwanStockPrice_6245,True,2026-10-05T23:45:36,2026-10-05T23:45:36,2026-10-05T23:45:36
6245,立端,2022-09-19,71.7,-3.3999999999999915,-4.53%,,,,,,,,,ShowDailyK_ChartFlow,FinMind_API_TaiwanStockPrice_6245,True,2026-10-05T23:45:36,2026-10-05T23:45:36,2026-10-05T23:45:36
6245,立端,2022-09-20,72.0,0.29999999999999716,0.42%,,,,,,,,,ShowDailyK_ChartFlow,FinMind_API_TaiwanStockPrice_6245,True,2026-10-05T23:45:36,2026-10-05T23:45:36,2026-10-05T23:45:36
6245,立端,2022-09-21,70.8,-1.2000000000000028,-1.67%,,,,,,,,,ShowDailyK_ChartFlow,FinMind_API_TaiwanStockPrice_6245,True,2026-10-05T23:45:36,2026-10-05T23:45:36,2026-10-05T23:45:36
6245,立端,2022-09-22,71.2,0.4000000000000057,0.56%,,,,,,,,,ShowDailyK_ChartFlow,FinMind_API_TaiwanStockPrice_6245,True,2026-10-05T23:45:36,2026-10-05T23:45:36,2026-10-05T23:45:36
6245,立端,2022-09-23,65.6,-5.6000000000000085,-7.87%,,,,,,,,,ShowDailyK_ChartFlow,FinMind_API_TaiwanStockPrice_6245,True,2026-10-05T23:45:36,2026-10-05T23:45:36,2026-10-05T23:45:36
6245,立端,2022-09-26,61.5,-4.099999999999994,-6.25%,,,,,,,,,ShowDailyK_ChartFlow,FinMind_API_TaiwanStockPrice_6245,True,2026-10-05T23:45:36,2026-10-05T23:45:36,2026-10-05T23:45:36
6245,立端,2022-09-27,62.1,0.6000000000000014,0.98%,,,,,,,,,ShowDailyK_ChartFlow,FinMind_API_TaiwanStockPrice_6245,True,2026-10-05T23:45:36,2026-10-05T23:45:36,2026-10-05T23:45:36
6245,立端,2022-09-28,57.3,-4.800000000000004,-7.73%,,,,,,,,,ShowDailyK_ChartFlow,FinMind_API_TaiwanStockPrice_6245,True,2026-10-05T23:45:36,2026-10-05T23:45:36,2026-10-05T23:45:36
6245,立端,2022-09-29,57.6,0.30000000000000426,0.52%,,,,,,,,,ShowDailyK_ChartFlow,FinMind_API_TaiwanStockPrice_6245,True,2026-10-05T23:45:36,2026-10-05T23:45:36,2026-10-05T23:45:36
6245,立端,2022-09-30,58.6,1.0,1.74%,,,,,,,,,ShowDailyK_ChartFlow,FinMind_API_TaiwanStockPrice_6245,True,2026-10-05T23:45:36,2026-10-05T23:45:36,2026-10-05T23:45:36
6245,立端,2022-10-03,59.6,1.0,1.71%,,,,,,,,,ShowDailyK_ChartFlow,FinMind_API_TaiwanStockPrice_6245,True,2026-10-05T23:45:36,2026-10-05T23:45:36,2026-10-05T23:45:36
6245,立端,2022-10-04,63.0,3.3999999999999986,5.70%,,,,,,,,,ShowDailyK_ChartFlow,FinMind_API_TaiwanStockPrice_6245,True,2026-10-05T23:45:36,2026-10-05T23:45:36,2026-10-05T23:45:36
6245,立端,2022-10-05,60.8,-2.200000000000003,-3.49%,,,,,,,,,ShowDailyK_ChartFlow,FinMind_API_TaiwanStockPrice_6245,True,2026-10-05T23:45:36,2026-10-05T23:45:36,2026-10-05T23:45:36
6245,立端,2022-10-06,61.1,0.30000000000000426,0.49%,,,,,,,,,ShowDailyK_ChartFlow,FinMind_API_TaiwanStockPrice_6245,True,2026-10-05T23:45:36,2026-10-05T23:45:36,2026-10-05T23:45:36
6245,立端,2022-10-07,60.8,-0.30000000000000426,-0.49%,,,,,,,,,ShowDailyK_ChartFlow,FinMind_API_TaiwanStockPrice_6245,True,2026-10-05T23:45:36,2026-10-05T23:45:36,2026-10-05T23:45:36
6245,立端,2022-10-11,58.5,-2.299999999999997,-3.78%,,,,,,,,,ShowDailyK_ChartFlow,FinMind_API_TaiwanStockPrice_6245,True,2026-10-05T23:45:36,2026-10-05T23:45:36,2026-10-05T23:45:36
6245,立端,2022-10-12,59.7,1.2000000000000028,2.05%,,,,,,,,,ShowDailyK_ChartFlow,FinMind_API_TaiwanStockPrice_6245,True,2026-10-05T23:45:36,2026-10-05T23:45:36,2026-10-05T23:45:36
6245,立端,2022-10-13,54.9,-4.800000000000004,-8.04%,,,,,,,,,ShowDailyK_ChartFlow,FinMind_API_TaiwanStockPrice_6245,True,2026-10-05T23:45:36,2026-10-05T23:45:36,2026-10-05T23:45:36
6245,立端,2022-10-14,57.6,2.700000000000003,4.92%,,,,,,,,,ShowDailyK_ChartFlow,FinMind_API_TaiwanStockPrice_6245,True,2026-10-05T23:45:36,2026-10-05T23:45:36,2026-10-05T23:45:36
6245,立端,2022-10-17,58.2,0.6000000000000014,1.04%,,,,,,,,,ShowDailyK_ChartFlow,FinMind_API_TaiwanStockPrice_6245,True,2026-10-05T23:45:36,2026-10-05T23:45:36,2026-10-05T23:45:36
6245,立端,2022-10-18,59.9,1.6999999999999957,2.92%,,,,,,,,,ShowDailyK_ChartFlow,FinMind_API_TaiwanStockPrice_6245,True,2026-10-05T23:45:36,2026-10-05T23:45:36,2026-10-05T23:45:36
6245,立端,2022-10-19,62.1,2.200000000000003,3.67%,,,,,,,,,ShowDailyK_ChartFlow,FinMind_API_TaiwanStockPrice_6245,True,2026-10-05T23:45:36,2026-10-05T23:45:36,2026-10-05T23:45:36
6245,立端,2022-10-20,59.1,-3.0,-4.83%,,,,,,,,,ShowDailyK_ChartFlow,FinMind_API_TaiwanStockPrice_6245,True,2026-10-05T23:45:36,2026-10-05T23:45:36,2026-10-05T23:45:36
6245,立端,2022-10-21,59.1,0.0,0.00%,,,,,,,,,ShowDailyK_ChartFlow,FinMind_API_TaiwanStockPrice_6245,True,2026-10-05T23:45:36,2026-10-05T23:45:36,2026-10-05T23:45:36
6245,立端,2022-10-24,59.4,0.29999999999999716,0.51%,,,,,,,,,ShowDailyK_ChartFlow,FinMind_API_TaiwanStockPrice_6245,True,2026-10-05T23:45:36,2026-10-05T23:45:36,2026-10-05T23:45:36
6245,立端,2022-10-25,59.6,0.20000000000000284,0.34%,,,,,,,,,ShowDailyK_ChartFlow,FinMind_API_TaiwanStockPrice_6245,True,2026-10-05T23:45:36,2026-10-05T23:45:36,2026-10-05T23:45:36
6245,立端,2022-10-26,59.4,-0.20000000000000284,-0.34%,,,,,,,,,ShowDailyK_ChartFlow,FinMind_API_TaiwanStockPrice_6245,True,2026-10-05T23:45:36,2026-10-05T23:45:36,2026-10-05T23:45:36
6245,立端,2022-10-27,61.9,2.5,4.21%,,,,,,,,,ShowDailyK_ChartFlow,FinMind_API_TaiwanStockPrice_6245,True,2026-10-05T23:45:36,2026-10-05T23:45:36,2026-10-05T23:45:36
6245,立端,2022-10-28,61.5,-0.3999999999999986,-0.65%,,,,,,,,,ShowDailyK_ChartFlow,FinMind_API_TaiwanStockPrice_6245,True,2026-10-05T23:45:36,2026-10-05T23:45:36,2026-10-05T23:45:36
6245,立端,2022-10-31,64.4,2.9000000000000057,4.72%,,,,,,,,,ShowDailyK_ChartFlow,FinMind_API_TaiwanStockPrice_6245,True,2026-10-05T23:45:36,2026-10-05T23:45:36,2026-10-05T23:45:36
6245,立端,2022-11-01,64.9,0.5,0.78%,,,,,,,,,ShowDailyK_ChartFlow,FinMind_API_TaiwanStockPrice_6245,True,2026-10-05T23:45:36,2026-10-05T23:45:36,2026-10-05T23:45:36
6245,立端,2022-11-02,67.1,2.1999999999999886,3.39%,,,,,,,,,ShowDailyK_ChartFlow,FinMind_API_TaiwanStockPrice_6245,True,2026-10-05T23:45:36,2026-10-05T23:45:36,2026-10-05T23:45:36
6245,立端,2022-11-03,67.5,0.4000000000000057,0.60%,,,,,,,,,ShowDailyK_ChartFlow,FinMind_API_TaiwanStockPrice_6245,True,2026-10-05T23:45:36,2026-10-05T23:45:36,2026-10-05T23:45:36
6245,立端,2022-11-04,67.5,0.0,0.00%,,,,,,,,,ShowDailyK_ChartFlow,FinMind_API_TaiwanStockPrice_6245,True,2026-10-05T23:45:36,2026-10-05T23:45:36,2026-10-05T23:45:36
6245,立端,2022-11-07,66.4,-1.0999999999999943,-1.63%,,,,,,,,,ShowDailyK_ChartFlow,FinMind_API_TaiwanStockPrice_6245,True,2026-10-05T23:45:36,2026-10-05T23:45:36,2026-10-05T23:45:36
6245,立端,2022-11-08,67.5,1.0999999999999943,1.66%,,,,,,,,,ShowDailyK_ChartFlow,FinMind_API_TaiwanStockPrice_6245,True,2026-10-05T23:45:36,2026-10-05T23:45:36,2026-10-05T23:45:36
6245,立端,2022-11-09,68.8,1.2999999999999972,1.93%,,,,,,,,,ShowDailyK_ChartFlow,FinMind_API_TaiwanStockPrice_6245,True,2026-10-05T23:45:36,2026-10-05T23:45:36,2026-10-05T23:45:36
6245,立端,2022-11-10,69.3,0.5,0.73%,,,,,,,,,ShowDailyK_ChartFlow,FinMind_API_TaiwanStockPrice_6245,True,2026-10-05T23:45:36,2026-10-05T23:45:36,2026-10-05T23:45:36
6245,立端,2022-11-11,70.9,1.6000000000000085,2.31%,,,,,,,,,ShowDailyK_ChartFlow,FinMind_API_TaiwanStockPrice_6245,True,2026-10-05T23:45:36,2026-10-05T23:45:36,2026-10-05T23:45:36
6245,立端,2022-11-14,71.1,0.19999999999998863,0.28%,,,,,,,,,ShowDailyK_ChartFlow,FinMind_API_TaiwanStockPrice_6245,True,2026-10-05T23:45:36,2026-10-05T23:45:36,2026-10-05T23:45:36
6245,立端,2022-11-15,71.0,-0.09999999999999432,-0.14%,,,,,,,,,ShowDailyK_ChartFlow,FinMind_API_TaiwanStockPrice_6245,True,2026-10-05T23:45:36,2026-10-05T23:45:36,2026-10-05T23:45:36
6245,立端,2022-11-16,71.2,0.20000000000000284,0.28%,,,,,,,,,ShowDailyK_ChartFlow,FinMind_API_TaiwanStockPrice_6245,True,2026-10-05T23:45:36,2026-10-05T23:45:36,2026-10-05T23:45:36
6245,立端,2022-11-17,76.3,5.099999999999994,7.16%,,,,,,,,,ShowDailyK_ChartFlow,FinMind_API_TaiwanStockPrice_6245,True,2026-10-05T23:45:36,2026-10-05T23:45:36,2026-10-05T23:45:36
6245,立端,2022-11-18,82.8,6.5,8.52%,,,,,,,,,ShowDailyK_ChartFlow,FinMind_API_TaiwanStockPrice_6245,True,2026-10-05T23:45:36,2026-10-05T23:45:36,2026-10-05T23:45:36
6245,立端,2022-11-21,87.9,5.1000000000000085,6.16%,,,,,,,,,ShowDailyK_ChartFlow,FinMind_API_TaiwanStockPrice_6245,True,2026-10-05T23:45:36,2026-10-05T23:45:36,2026-10-05T23:45:36
6245,立端,2022-11-22,87.5,-0.4000000000000057,-0.46%,,,,,,,,,ShowDailyK_ChartFlow,FinMind_API_TaiwanStockPrice_6245,True,2026-10-05T23:45:36,2026-10-05T23:45:36,2026-10-05T23:45:36
6245,立端,2022-11-23,87.9,0.4000000000000057,0.46%,,,,,,,,,ShowDailyK_ChartFlow,FinMind_API_TaiwanStockPrice_6245,True,2026-10-05T23:45:36,2026-10-05T23:45:36,2026-10-05T23:45:36
6245,立端,2022-11-24,87.3,-0.6000000000000085,-0.68%,,,,,,,,,ShowDailyK_ChartFlow,FinMind_API_TaiwanStockPrice_6245,True,2026-10-05T23:45:36,2026-10-05T23:45:36,2026-10-05T23:45:36
6245,立端,2022-11-25,87.1,-0.20000000000000284,-0.23%,,,,,,,,,ShowDailyK_ChartFlow,FinMind_API_TaiwanStockPrice_6245,True,2026-10-05T23:45:36,2026-10-05T23:45:36,2026-10-05T23:45:36
6245,立端,2022-11-28,88.0,0.9000000000000057,1.03%,,,,,,,,,ShowDailyK_ChartFlow,FinMind_API_TaiwanStockPrice_6245,True,2026-10-05T23:45:36,2026-10-05T23:45:36,2026-10-05T23:45:36
6245,立端,2022-11-29,88.8,0.7999999999999972,0.91%,,,,,,,,,ShowDailyK_ChartFlow,FinMind_API_TaiwanStockPrice_6245,True,2026-10-05T23:45:36,2026-10-05T23:45:36,2026-10-05T23:45:36
6245,立端,2022-11-30,95.5,6.700000000000003,7.55%,,,,,,,,,ShowDailyK_ChartFlow,FinMind_API_TaiwanStockPrice_6245,True,2026-10-05T23:45:36,2026-10-05T23:45:36,2026-10-05T23:45:36
6245,立端,2022-12-01,96.6,1.0999999999999943,1.15%,,,,,,,,,ShowDailyK_ChartFlow,FinMind_API_TaiwanStockPrice_6245,True,2026-10-05T23:45:36,2026-10-05T23:45:36,2026-10-05T23:45:36
6245,立端,2022-12-02,104.0,7.400000000000006,7.66%,,,,,,,,,ShowDailyK_ChartFlow,FinMind_API_TaiwanStockPrice_6245,True,2026-10-05T23:45:36,2026-10-05T23:45:36,2026-10-05T23:45:36
6245,立端,2022-12-05,105.5,1.5,1.44%,,,,,,,,,ShowDailyK_ChartFlow,FinMind_API_TaiwanStockPrice_6245,True,2026-10-05T23:45:36,2026-10-05T23:45:36,2026-10-05T23:45:36
6245,立端,2022-12-06,108.0,2.5,2.37%,,,,,,,,,ShowDailyK_ChartFlow,FinMind_API_TaiwanStockPrice_6245,True,2026-10-05T23:45:36,2026-10-05T23:45:36,2026-10-05T23:45:36
6245,立端,2022-12-07,104.0,-4.0,-3.70%,,,,,,,,,ShowDailyK_ChartFlow,FinMind_API_TaiwanStockPrice_6245,True,2026-10-05T23:45:36,2026-10-05T23:45:36,2026-10-05T23:45:36
6245,立端,2022-12-08,107.5,3.5,3.37%,,,,,,,,,ShowDailyK_ChartFlow,FinMind_API_TaiwanStockPrice_6245,True,2026-10-05T23:45:36,2026-10-05T23:45:36,2026-10-05T23:45:36
6245,立端,2022-12-09,108.0,0.5,0.47%,,,,,,,,,ShowDailyK_ChartFlow,FinMind_API_TaiwanStockPrice_6245,True,2026-10-05T23:45:36,2026-10-05T23:45:36,2026-10-05T23:45:36
6245,立端,2022-12-12,99.5,-8.5,-7.87%,,,,,,,,,ShowDailyK_ChartFlow,FinMind_API_TaiwanStockPrice_6245,True,2026-10-05T23:45:36,2026-10-05T23:45:36,2026-10-05T23:45:36
6245,立端,2022-12-13,97.0,-2.5,-2.51%,,,,,,,,,ShowDailyK_ChartFlow,FinMind_API_TaiwanStockPrice_6245,True,2026-10-05T23:45:36,2026-10-05T23:45:36,2026-10-05T23:45:36
6245,立端,2022-12-14,102.0,5.0,5.15%,,,,,,,,,ShowDailyK_ChartFlow,FinMind_API_TaiwanStockPrice_6245,True,2026-10-05T23:45:36,2026-10-05T23:45:36,2026-10-05T23:45:36
6245,立端,2022-12-15,103.5,1.5,1.47%,,,,,,,,,ShowDailyK_ChartFlow,FinMind_API_TaiwanStockPrice_6245,True,2026-10-05T23:45:36,2026-10-05T23:45:36,2026-10-05T23:45:36
6245,立端,2022-12-16,100.5,-3.0,-2.90%,,,,,,,,,ShowDailyK_ChartFlow,FinMind_API_TaiwanStockPrice_6245,True,2026-10-05T23:45:36,2026-10-05T23:45:36,2026-10-05T23:45:36
6245,立端,2022-12-19,103.0,2.5,2.49%,,,,,,,,,ShowDailyK_ChartFlow,FinMind_API_TaiwanStockPrice_6245,True,2026-10-05T23:45:36,2026-10-05T23:45:36,2026-10-05T23:45:36
6245,立端,2022-12-20,98.9,-4.099999999999994,-3.98%,,,,,,,,,ShowDailyK_ChartFlow,FinMind_API_TaiwanStockPrice_6245,True,2026-10-05T23:45:36,2026-10-05T23:45:36,2026-10-05T23:45:36
6245,立端,2022-12-21,102.5,3.5999999999999943,3.64%,,,,,,,,,ShowDailyK_ChartFlow,FinMind_API_TaiwanStockPrice_6245,True,2026-10-05T23:45:36,2026-10-05T23:45:36,2026-10-05T23:45:36
6245,立端,2022-12-22,98.8,-3.700000000000003,-3.61%,,,,,,,,,ShowDailyK_ChartFlow,FinMind_API_TaiwanStockPrice_6245,True,2026-10-05T23:45:36,2026-10-05T23:45:36,2026-10-05T23:45:36
6245,立端,2022-12-23,91.8,-7.0,-7.09%,,,,,,,,,ShowDailyK_ChartFlow,FinMind_API_TaiwanStockPrice_6245,True,2026-10-05T23:45:36,2026-10-05T23:45:36,2026-10-05T23:45:36
6245,立端,2022-12-26,92.2,0.4000000000000057,0.44%,,,,,,,,,ShowDailyK_ChartFlow,FinMind_API_TaiwanStockPrice_6245,True,2026-10-05T23:45:36,2026-10-05T23:45:36,2026-10-05T23:45:36
6245,立端,2022-12-27,94.7,2.5,2.71%,,,,,,,,,ShowDailyK_ChartFlow,FinMind_API_TaiwanStockPrice_6245,True,2026-10-05T23:45:36,2026-10-05T23:45:36,2026-10-05T23:45:36
6245,立端,2022-12-28,91.0,-3.700000000000003,-3.91%,,,,,,,,,ShowDailyK_ChartFlow,FinMind_API_TaiwanStockPrice_6245,True,2026-10-05T23:45:36,2026-10-05T23:45:36,2026-10-05T23:45:36
6245,立端,2022-12-29,92.0,1.0,1.10%,,,,,,,,,ShowDailyK_ChartFlow,FinMind_API_TaiwanStockPrice_6245,True,2026-10-05T23:45:36,2026-10-05T23:45:36,2026-10-05T23:45:36
6245,立端,2022-12-30,92.0,0.0,0.00%,,,,,,,,,ShowDailyK_ChartFlow,FinMind_API_TaiwanStockPrice_6245,True,2026-10-05T23:45:36,2026-10-05T23:45:36,2026-10-05T23:45:36
6245,立端,2023-01-03,93.8,1.7999999999999972,1.96%,,,,,,,,,ShowDailyK_ChartFlow,FinMind_API_TaiwanStockPrice_6245,True,2026-10-05T23:45:36,2026-10-05T23:45:36,2026-10-05T23:45:36
6245,立端,2023-01-04,91.1,-2.700000000000003,-2.88%,,,,,,,,,ShowDailyK_ChartFlow,FinMind_API_TaiwanStockPrice_6245,True,2026-10-05T23:45:36,2026-10-05T23:45:36,2026-10-05T23:45:36
6245,立端,2023-01-05,92.6,1.5,1.65%,,,,,,,,,ShowDailyK_ChartFlow,FinMind_API_TaiwanStockPrice_6245,True,2026-10-05T23:45:36,2026-10-05T23:45:36,2026-10-05T23:45:36
6245,立端,2023-01-06,88.6,-4.0,-4.32%,,,,,,,,,ShowDailyK_ChartFlow,FinMind_API_TaiwanStockPrice_6245,True,2026-10-05T23:45:36,2026-10-05T23:45:36,2026-10-05T23:45:36
6245,立端,2023-01-09,90.0,1.4000000000000057,1.58%,,,,,,,,,ShowDailyK_ChartFlow,FinMind_API_TaiwanStockPrice_6245,True,2026-10-05T23:45:36,2026-10-05T23:45:36,2026-10-05T23:45:36
6245,立端,2023-01-10,90.4,0.4000000000000057,0.44%,,,,,,,,,ShowDailyK_ChartFlow,FinMind_API_TaiwanStockPrice_6245,True,2026-10-05T23:45:36,2026-10-05T23:45:36,2026-10-05T23:45:36
6245,立端,2023-01-11,99.4,9.0,9.96%,,,,,,,,,ShowDailyK_ChartFlow,FinMind_API_TaiwanStockPrice_6245,True,2026-10-05T23:45:36,2026-10-05T23:45:36,2026-10-05T23:45:36
6245,立端,2023-01-12,102.0,2.5999999999999943,2.62%,,,,,,,,,ShowDailyK_ChartFlow,FinMind_API_TaiwanStockPrice_6245,True,2026-10-05T23:45:36,2026-10-05T23:45:36,2026-10-05T23:45:36
6245,立端,2023-01-13,94.6,-7.400000000000006,-7.25%,,,,,,,,,ShowDailyK_ChartFlow,FinMind_API_TaiwanStockPrice_6245,True,2026-10-05T23:45:36,2026-10-05T23:45:36,2026-10-05T23:45:36
6245,立端,2023-01-16,95.0,0.4000000000000057,0.42%,,,,,,,,,ShowDailyK_ChartFlow,FinMind_API_TaiwanStockPrice_6245,True,2026-10-05T23:45:36,2026-10-05T23:45:36,2026-10-05T23:45:36
6245,立端,2023-01-17,95.5,0.5,0.53%,,,,,,,,,ShowDailyK_ChartFlow,FinMind_API_TaiwanStockPrice_6245,True,2026-10-05T23:45:36,2026-10-05T23:45:36,2026-10-05T23:45:36
6245,立端,2023-01-30,94.0,-1.5,-1.57%,,,,,,,,,ShowDailyK_ChartFlow,FinMind_API_TaiwanStockPrice_6245,True,2026-10-05T23:45:36,2026-10-05T23:45:36,2026-10-05T23:45:36
6245,立端,2023-01-31,91.8,-2.200000000000003,-2.34%,,,,,,,,,ShowDailyK_ChartFlow,FinMind_API_TaiwanStockPrice_6245,True,2026-10-05T23:45:36,2026-10-05T23:45:36,2026-10-05T23:45:36
6245,立端,2023-02-01,93.0,1.2000000000000028,1.31%,,,,,,,,,ShowDailyK_ChartFlow,FinMind_API_TaiwanStockPrice_6245,True,2026-10-05T23:45:36,2026-10-05T23:45:36,2026-10-05T23:45:36
6245,立端,2023-02-02,94.1,1.0999999999999943,1.18%,,,,,,,,,ShowDailyK_ChartFlow,FinMind_API_TaiwanStockPrice_6245,True,2026-10-05T23:45:36,2026-10-05T23:45:36,2026-10-05T23:45:36
6245,立端,2023-02-03,101.0,6.900000000000006,7.33%,,,,,,,,,ShowDailyK_ChartFlow,FinMind_API_TaiwanStockPrice_6245,True,2026-10-05T23:45:36,2026-10-05T23:45:36,2026-10-05T23:45:36
6245,立端,2023-02-06,95.2,-5.799999999999997,-5.74%,,,,,,,,,ShowDailyK_ChartFlow,FinMind_API_TaiwanStockPrice_6245,True,2026-10-05T23:45:36,2026-10-05T23:45:36,2026-10-05T23:45:36
6245,立端,2023-02-07,99.5,4.299999999999997,4.52%,,,,,,,,,ShowDailyK_ChartFlow,FinMind_API_TaiwanStockPrice_6245,True,2026-10-05T23:45:36,2026-10-05T23:45:36,2026-10-05T23:45:36
6245,立端,2023-02-08,101.0,1.5,1.51%,,,,,,,,,ShowDailyK_ChartFlow,FinMind_API_TaiwanStockPrice_6245,True,2026-10-05T23:45:36,2026-10-05T23:45:36,2026-10-05T23:45:36
6245,立端,2023-02-09,105.0,4.0,3.96%,,,,,,,,,ShowDailyK_ChartFlow,FinMind_API_TaiwanStockPrice_6245,True,2026-10-05T23:45:36,2026-10-05T23:45:36,2026-10-05T23:45:36
6245,立端,2023-02-10,102.5,-2.5,-2.38%,,,,,,,,,ShowDailyK_ChartFlow,FinMind_API_TaiwanStockPrice_6245,True,2026-10-05T23:45:36,2026-10-05T23:45:36,2026-10-05T23:45:36
6245,立端,2023-02-13,106.0,3.5,3.41%,,,,,,,,,ShowDailyK_ChartFlow,FinMind_API_TaiwanStockPrice_6245,True,2026-10-05T23:45:36,2026-10-05T23:45:36,2026-10-05T23:45:36
6245,立端,2023-02-14,103.0,-3.0,-2.83%,,,,,,,,,ShowDailyK_ChartFlow,FinMind_API_TaiwanStockPrice_6245,True,2026-10-05T23:45:36,2026-10-05T23:45:36,2026-10-05T23:45:36
6245,立端,2023-02-15,104.5,1.5,1.46%,,,,,,,,,ShowDailyK_ChartFlow,FinMind_API_TaiwanStockPrice_6245,True,2026-10-05T23:45:36,2026-10-05T23:45:36,2026-10-05T23:45:36
6245,立端,2023-02-16,105.5,1.0,0.96%,,,,,,,,,ShowDailyK_ChartFlow,FinMind_API_TaiwanStockPrice_6245,True,2026-10-05T23:45:36,2026-10-05T23:45:36,2026-10-05T23:45:36
6245,立端,2023-02-17,114.5,9.0,8.53%,,,,,,,,,ShowDailyK_ChartFlow,FinMind_API_TaiwanStockPrice_6245,True,2026-10-05T23:45:36,2026-10-05T23:45:36,2026-10-05T23:45:36
6245,立端,2023-02-20,116.5,2.0,1.75%,,,,,,,,,ShowDailyK_ChartFlow,FinMind_API_TaiwanStockPrice_6245,True,2026-10-05T23:45:36,2026-10-05T23:45:36,2026-10-05T23:45:36
6245,立端,2023-02-21,116.5,0.0,0.00%,,,,,,,,,ShowDailyK_ChartFlow,FinMind_API_TaiwanStockPrice_6245,True,2026-10-05T23:45:36,2026-10-05T23:45:36,2026-10-05T23:45:36
6245,立端,2023-02-22,111.5,-5.0,-4.29%,,,,,,,,,ShowDailyK_ChartFlow,FinMind_API_TaiwanStockPrice_6245,True,2026-10-05T23:45:36,2026-10-05T23:45:36,2026-10-05T23:45:36
6245,立端,2023-02-23,114.5,3.0,2.69%,,,,,,,,,ShowDailyK_ChartFlow,FinMind_API_TaiwanStockPrice_6245,True,2026-10-05T23:45:36,2026-10-05T23:45:36,2026-10-05T23:45:36
6245,立端,2023-02-24,109.5,-5.0,-4.37%,,,,,,,,,ShowDailyK_ChartFlow,FinMind_API_TaiwanStockPrice_6245,True,2026-10-05T23:45:36,2026-10-05T23:45:36,2026-10-05T23:45:36
6245,立端,2023-03-01,113.0,3.5,3.20%,,,,,,,,,ShowDailyK_ChartFlow,FinMind_API_TaiwanStockPrice_6245,True,2026-10-05T23:45:36,2026-10-05T23:45:36,2026-10-05T23:45:36
6245,立端,2023-03-02,116.5,3.5,3.10%,,,,,,,,,ShowDailyK_ChartFlow,FinMind_API_TaiwanStockPrice_6245,True,2026-10-05T23:45:36,2026-10-05T23:45:36,2026-10-05T23:45:36
6245,立端,2023-03-03,123.0,6.5,5.58%,,,,,,,,,ShowDailyK_ChartFlow,FinMind_API_TaiwanStockPrice_6245,True,2026-10-05T23:45:36,2026-10-05T23:45:36,2026-10-05T23:45:36
6245,立端,2023-03-06,119.5,-3.5,-2.85%,,,,,,,,,ShowDailyK_ChartFlow,FinMind_API_TaiwanStockPrice_6245,True,2026-10-05T23:45:36,2026-10-05T23:45:36,2026-10-05T23:45:36
6245,立端,2023-03-07,121.0,1.5,1.26%,,,,,,,,,ShowDailyK_ChartFlow,FinMind_API_TaiwanStockPrice_6245,True,2026-10-05T23:45:36,2026-10-05T23:45:36,2026-10-05T23:45:36
6245,立端,2023-03-08,119.0,-2.0,-1.65%,,,,,,,,,ShowDailyK_ChartFlow,FinMind_API_TaiwanStockPrice_6245,True,2026-10-05T23:45:36,2026-10-05T23:45:36,2026-10-05T23:45:36
6245,立端,2023-03-09,120.0,1.0,0.84%,,,,,,,,,ShowDailyK_ChartFlow,FinMind_API_TaiwanStockPrice_6245,True,2026-10-05T23:45:36,2026-10-05T23:45:36,2026-10-05T23:45:36
6245,立端,2023-03-10,114.5,-5.5,-4.58%,,,,,,,,,ShowDailyK_ChartFlow,FinMind_API_TaiwanStockPrice_6245,True,2026-10-05T23:45:36,2026-10-05T23:45:36,2026-10-05T23:45:36
6245,立端,2023-03-13,108.5,-6.0,-5.24%,,,,,,,,,ShowDailyK_ChartFlow,FinMind_API_TaiwanStockPrice_6245,True,2026-10-05T23:45:36,2026-10-05T23:45:36,2026-10-05T23:45:36
6245,立端,2023-03-14,110.0,1.5,1.38%,,,,,,,,,ShowDailyK_ChartFlow,FinMind_API_TaiwanStockPrice_6245,True,2026-10-05T23:45:36,2026-10-05T23:45:36,2026-10-05T23:45:36
6245,立端,2023-03-15,111.5,1.5,1.36%,,,,,,,,,ShowDailyK_ChartFlow,FinMind_API_TaiwanStockPrice_6245,True,2026-10-05T23:45:36,2026-10-05T23:45:36,2026-10-05T23:45:36
6245,立端,2023-03-16,107.5,-4.0,-3.59%,,,,,,,,,ShowDailyK_ChartFlow,FinMind_API_TaiwanStockPrice_6245,True,2026-10-05T23:45:36,2026-10-05T23:45:36,2026-10-05T23:45:36
6245,立端,2023-03-17,111.5,4.0,3.72%,,,,,,,,,ShowDailyK_ChartFlow,FinMind_API_TaiwanStockPrice_6245,True,2026-10-05T23:45:36,2026-10-05T23:45:36,2026-10-05T23:45:36
6245,立端,2023-03-20,113.5,2.0,1.79%,,,,,,,,,ShowDailyK_ChartFlow,FinMind_API_TaiwanStockPrice_6245,True,2026-10-05T23:45:36,2026-10-05T23:45:36,2026-10-05T23:45:36
6245,立端,2023-03-21,111.5,-2.0,-1.76%,,,,,,,,,ShowDailyK_ChartFlow,FinMind_API_TaiwanStockPrice_6245,True,2026-10-05T23:45:36,2026-10-05T23:45:36,2026-10-05T23:45:36
6245,立端,2023-03-22,115.5,4.0,3.59%,,,,,,,,,ShowDailyK_ChartFlow,FinMind_API_TaiwanStockPrice_6245,True,2026-10-05T23:45:36,2026-10-05T23:45:36,2026-10-05T23:45:36
6245,立端,2023-03-23,127.0,11.5,9.96%,,,,,,,,,ShowDailyK_ChartFlow,FinMind_API_TaiwanStockPrice_6245,True,2026-10-05T23:45:36,2026-10-05T23:45:36,2026-10-05T23:45:36
6245,立端,2023-03-24,123.5,-3.5,-2.76%,,,,,,,,,ShowDailyK_ChartFlow,FinMind_API_TaiwanStockPrice_6245,True,2026-10-05T23:45:36,2026-10-05T23:45:36,2026-10-05T23:45:36
6245,立端,2023-03-27,121.5,-2.0,-1.62%,,,,,,,,,ShowDailyK_ChartFlow,FinMind_API_TaiwanStockPrice_6245,True,2026-10-05T23:45:36,2026-10-05T23:45:36,2026-10-05T23:45:36
6245,立端,2023-03-28,118.0,-3.5,-2.88%,,,,,,,,,ShowDailyK_ChartFlow,FinMind_API_TaiwanStockPrice_6245,True,2026-10-05T23:45:36,2026-10-05T23:45:36,2026-10-05T23:45:36
6245,立端,2023-03-29,119.0,1.0,0.85%,,,,,,,,,ShowDailyK_ChartFlow,FinMind_API_TaiwanStockPrice_6245,True,2026-10-05T23:45:36,2026-10-05T23:45:36,2026-10-05T23:45:36
6245,立端,2023-03-30,121.5,2.5,2.10%,,,,,,,,,ShowDailyK_ChartFlow,FinMind_API_TaiwanStockPrice_6245,True,2026-10-05T23:45:36,2026-10-05T23:45:36,2026-10-05T23:45:36
6245,立端,2023-03-31,121.5,0.0,0.00%,,,,,,,,,ShowDailyK_ChartFlow,FinMind_API_TaiwanStockPrice_6245,True,2026-10-05T23:45:36,2026-10-05T23:45:36,2026-10-05T23:45:36
6245,立端,2023-04-06,121.5,0.0,0.00%,,,,,,,,,ShowDailyK_ChartFlow,FinMind_API_TaiwanStockPrice_6245,True,2026-10-05T23:45:36,2026-10-05T23:45:36,2026-10-05T23:45:36
6245,立端,2023-04-07,122.0,0.5,0.41%,,,,,,,,,ShowDailyK_ChartFlow,FinMind_API_TaiwanStockPrice_6245,True,2026-10-05T23:45:36,2026-10-05T23:45:36,2026-10-05T23:45:36
6245,立端,2023-04-10,121.5,-0.5,-0.41%,,,,,,,,,ShowDailyK_ChartFlow,FinMind_API_TaiwanStockPrice_6245,True,2026-10-05T23:45:36,2026-10-05T23:45:36,2026-10-05T23:45:36
6245,立端,2023-04-11,109.5,-12.0,-9.88%,,,,,,,,,ShowDailyK_ChartFlow,FinMind_API_TaiwanStockPrice_6245,True,2026-10-05T23:45:36,2026-10-05T23:45:36,2026-10-05T23:45:36
6245,立端,2023-04-12,111.0,1.5,1.37%,,,,,,,,,ShowDailyK_ChartFlow,FinMind_API_TaiwanStockPrice_6245,True,2026-10-05T23:45:36,2026-10-05T23:45:36,2026-10-05T23:45:36
6245,立端,2023-04-13,109.5,-1.5,-1.35%,,,,,,,,,ShowDailyK_ChartFlow,FinMind_API_TaiwanStockPrice_6245,True,2026-10-05T23:45:36,2026-10-05T23:45:36,2026-10-05T23:45:36
6245,立端,2023-04-14,111.5,2.0,1.83%,,,,,,,,,ShowDailyK_ChartFlow,FinMind_API_TaiwanStockPrice_6245,True,2026-10-05T23:45:36,2026-10-05T23:45:36,2026-10-05T23:45:36
6245,立端,2023-04-17,110.0,-1.5,-1.35%,,,,,,,,,ShowDailyK_ChartFlow,FinMind_API_TaiwanStockPrice_6245,True,2026-10-05T23:45:36,2026-10-05T23:45:36,2026-10-05T23:45:36
6245,立端,2023-04-18,108.5,-1.5,-1.36%,,,,,,,,,ShowDailyK_ChartFlow,FinMind_API_TaiwanStockPrice_6245,True,2026-10-05T23:45:36,2026-10-05T23:45:36,2026-10-05T23:45:36
6245,立端,2023-04-19,108.0,-0.5,-0.46%,,,,,,,,,ShowDailyK_ChartFlow,FinMind_API_TaiwanStockPrice_6245,True,2026-10-05T23:45:36,2026-10-05T23:45:36,2026-10-05T23:45:36
6245,立端,2023-04-20,103.0,-5.0,-4.63%,,,,,,,,,ShowDailyK_ChartFlow,FinMind_API_TaiwanStockPrice_6245,True,2026-10-05T23:45:36,2026-10-05T23:45:36,2026-10-05T23:45:36
6245,立端,2023-04-21,100.5,-2.5,-2.43%,,,,,,,,,ShowDailyK_ChartFlow,FinMind_API_TaiwanStockPrice_6245,True,2026-10-05T23:45:36,2026-10-05T23:45:36,2026-10-05T23:45:36
6245,立端,2023-04-24,102.0,1.5,1.49%,,,,,,,,,ShowDailyK_ChartFlow,FinMind_API_TaiwanStockPrice_6245,True,2026-10-05T23:45:36,2026-10-05T23:45:36,2026-10-05T23:45:36
6245,立端,2023-04-25,98.3,-3.700000000000003,-3.63%,,,,,,,,,ShowDailyK_ChartFlow,FinMind_API_TaiwanStockPrice_6245,True,2026-10-05T23:45:36,2026-10-05T23:45:36,2026-10-05T23:45:36
6245,立端,2023-04-26,100.0,1.7000000000000028,1.73%,,,,,,,,,ShowDailyK_ChartFlow,FinMind_API_TaiwanStockPrice_6245,True,2026-10-05T23:45:36,2026-10-05T23:45:36,2026-10-05T23:45:36
6245,立端,2023-04-27,100.5,0.5,0.50%,,,,,,,,,ShowDailyK_ChartFlow,FinMind_API_TaiwanStockPrice_6245,True,2026-10-05T23:45:36,2026-10-05T23:45:36,2026-10-05T23:45:36
6245,立端,2023-04-28,102.5,2.0,1.99%,,,,,,,,,ShowDailyK_ChartFlow,FinMind_API_TaiwanStockPrice_6245,True,2026-10-05T23:45:36,2026-10-05T23:45:36,2026-10-05T23:45:36
6245,立端,2023-05-02,105.5,3.0,2.93%,,,,,,,,,ShowDailyK_ChartFlow,FinMind_API_TaiwanStockPrice_6245,True,2026-10-05T23:45:36,2026-10-05T23:45:36,2026-10-05T23:45:36
6245,立端,2023-05-03,104.5,-1.0,-0.95%,,,,,,,,,ShowDailyK_ChartFlow,FinMind_API_TaiwanStockPrice_6245,True,2026-10-05T23:45:36,2026-10-05T23:45:36,2026-10-05T23:45:36
6245,立端,2023-05-04,107.0,2.5,2.39%,,,,,,,,,ShowDailyK_ChartFlow,FinMind_API_TaiwanStockPrice_6245,True,2026-10-05T23:45:36,2026-10-05T23:45:36,2026-10-05T23:45:36
6245,立端,2023-05-05,115.5,8.5,7.94%,,,,,,,,,ShowDailyK_ChartFlow,FinMind_API_TaiwanStockPrice_6245,True,2026-10-05T23:45:36,2026-10-05T23:45:36,2026-10-05T23:45:36
6245,立端,2023-05-08,117.0,1.5,1.30%,,,,,,,,,ShowDailyK_ChartFlow,FinMind_API_TaiwanStockPrice_6245,True,2026-10-05T23:45:36,2026-10-05T23:45:36,2026-10-05T23:45:36
6245,立端,2023-05-09,114.0,-3.0,-2.56%,,,,,,,,,ShowDailyK_ChartFlow,FinMind_API_TaiwanStockPrice_6245,True,2026-10-05T23:45:36,2026-10-05T23:45:36,2026-10-05T23:45:36
6245,立端,2023-05-10,116.0,2.0,1.75%,,,,,,,,,ShowDailyK_ChartFlow,FinMind_API_TaiwanStockPrice_6245,True,2026-10-05T23:45:36,2026-10-05T23:45:36,2026-10-05T23:45:36
6245,立端,2023-05-11,116.0,0.0,0.00%,,,,,,,,,ShowDailyK_ChartFlow,FinMind_API_TaiwanStockPrice_6245,True,2026-10-05T23:45:36,2026-10-05T23:45:36,2026-10-05T23:45:36
6245,立端,2023-05-12,120.5,4.5,3.88%,,,,,,,,,ShowDailyK_ChartFlow,FinMind_API_TaiwanStockPrice_6245,True,2026-10-05T23:45:36,2026-10-05T23:45:36,2026-10-05T23:45:36
6245,立端,2023-05-15,118.0,-2.5,-2.07%,,,,,,,,,ShowDailyK_ChartFlow,FinMind_API_TaiwanStockPrice_6245,True,2026-10-05T23:45:36,2026-10-05T23:45:36,2026-10-05T23:45:36
6245,立端,2023-05-16,119.5,1.5,1.27%,,,,,,,,,ShowDailyK_ChartFlow,FinMind_API_TaiwanStockPrice_6245,True,2026-10-05T23:45:36,2026-10-05T23:45:36,2026-10-05T23:45:36
6245,立端,2023-05-17,121.0,1.5,1.26%,,,,,,,,,ShowDailyK_ChartFlow,FinMind_API_TaiwanStockPrice_6245,True,2026-10-05T23:45:36,2026-10-05T23:45:36,2026-10-05T23:45:36
6245,立端,2023-05-18,124.0,3.0,2.48%,,,,,,,,,ShowDailyK_ChartFlow,FinMind_API_TaiwanStockPrice_6245,True,2026-10-05T23:45:36,2026-10-05T23:45:36,2026-10-05T23:45:36
6245,立端,2023-05-19,125.0,1.0,0.81%,,,,,,,,,ShowDailyK_ChartFlow,FinMind_API_TaiwanStockPrice_6245,True,2026-10-05T23:45:36,2026-10-05T23:45:36,2026-10-05T23:45:36
6245,立端,2023-05-22,128.5,3.5,2.80%,,,,,,,,,ShowDailyK_ChartFlow,FinMind_API_TaiwanStockPrice_6245,True,2026-10-05T23:45:36,2026-10-05T23:45:36,2026-10-05T23:45:36
6245,立端,2023-05-23,140.5,12.0,9.34%,,,,,,,,,ShowDailyK_ChartFlow,FinMind_API_TaiwanStockPrice_6245,True,2026-10-05T23:45:36,2026-10-05T23:45:36,2026-10-05T23:45:36
6245,立端,2023-05-24,135.0,-5.5,-3.91%,,,,,,,,,ShowDailyK_ChartFlow,FinMind_API_TaiwanStockPrice_6245,True,2026-10-05T23:45:36,2026-10-05T23:45:36,2026-10-05T23:45:36
6245,立端,2023-05-25,129.0,-6.0,-4.44%,,,,,,,,,ShowDailyK_ChartFlow,FinMind_API_TaiwanStockPrice_6245,True,2026-10-05T23:45:36,2026-10-05T23:45:36,2026-10-05T23:45:36
6245,立端,2023-05-26,128.0,-1.0,-0.78%,,,,,,,,,ShowDailyK_ChartFlow,FinMind_API_TaiwanStockPrice_6245,True,2026-10-05T23:45:36,2026-10-05T23:45:36,2026-10-05T23:45:36
6245,立端,2023-05-29,135.5,7.5,5.86%,,,,,,,,,ShowDailyK_ChartFlow,FinMind_API_TaiwanStockPrice_6245,True,2026-10-05T23:45:36,2026-10-05T23:45:36,2026-10-05T23:45:36
6245,立端,2023-05-30,136.0,0.5,0.37%,,,,,,,,,ShowDailyK_ChartFlow,FinMind_API_TaiwanStockPrice_6245,True,2026-10-05T23:45:36,2026-10-05T23:45:36,2026-10-05T23:45:36
6245,立端,2023-05-31,136.5,0.5,0.37%,,,,,,,,,ShowDailyK_ChartFlow,FinMind_API_TaiwanStockPrice_6245,True,2026-10-05T23:45:36,2026-10-05T23:45:36,2026-10-05T23:45:36
6245,立端,2023-06-01,134.5,-2.0,-1.47%,,,,,,,,,ShowDailyK_ChartFlow,FinMind_API_TaiwanStockPrice_6245,True,2026-10-05T23:45:36,2026-10-05T23:45:36,2026-10-05T23:45:36
6245,立端,2023-06-02,134.5,0.0,0.00%,,,,,,,,,ShowDailyK_ChartFlow,FinMind_API_TaiwanStockPrice_6245,True,2026-10-05T23:45:36,2026-10-05T23:45:36,2026-10-05T23:45:36
6245,立端,2023-06-05,135.5,1.0,0.74%,,,,,,,,,ShowDailyK_ChartFlow,FinMind_API_TaiwanStockPrice_6245,True,2026-10-05T23:45:36,2026-10-05T23:45:36,2026-10-05T23:45:36
6245,立端,2023-06-06,130.5,-5.0,-3.69%,,,,,,,,,ShowDailyK_ChartFlow,FinMind_API_TaiwanStockPrice_6245,True,2026-10-05T23:45:36,2026-10-05T23:45:36,2026-10-05T23:45:36
6245,立端,2023-06-07,131.0,0.5,0.38%,,,,,,,,,ShowDailyK_ChartFlow,FinMind_API_TaiwanStockPrice_6245,True,2026-10-05T23:45:36,2026-10-05T23:45:36,2026-10-05T23:45:36
6245,立端,2023-06-08,125.0,-6.0,-4.58%,,,,,,,,,ShowDailyK_ChartFlow,FinMind_API_TaiwanStockPrice_6245,True,2026-10-05T23:45:36,2026-10-05T23:45:36,2026-10-05T23:45:36
6245,立端,2023-06-09,127.5,2.5,2.00%,,,,,,,,,ShowDailyK_ChartFlow,FinMind_API_TaiwanStockPrice_6245,True,2026-10-05T23:45:36,2026-10-05T23:45:36,2026-10-05T23:45:36
6245,立端,2023-06-12,115.0,-12.5,-9.80%,,,,,,,,,ShowDailyK_ChartFlow,FinMind_API_TaiwanStockPrice_6245,True,2026-10-05T23:45:36,2026-10-05T23:45:36,2026-10-05T23:45:36
6245,立端,2023-06-13,113.5,-1.5,-1.30%,,,,,,,,,ShowDailyK_ChartFlow,FinMind_API_TaiwanStockPrice_6245,True,2026-10-05T23:45:36,2026-10-05T23:45:36,2026-10-05T23:45:36
6245,立端,2023-06-14,111.5,-2.0,-1.76%,,,,,,,,,ShowDailyK_ChartFlow,FinMind_API_TaiwanStockPrice_6245,True,2026-10-05T23:45:36,2026-10-05T23:45:36,2026-10-05T23:45:36
6245,立端,2023-06-15,113.0,1.5,1.35%,,,,,,,,,ShowDailyK_ChartFlow,FinMind_API_TaiwanStockPrice_6245,True,2026-10-05T23:45:36,2026-10-05T23:45:36,2026-10-05T23:45:36
6245,立端,2023-06-16,110.5,-2.5,-2.21%,,,,,,,,,ShowDailyK_ChartFlow,FinMind_API_TaiwanStockPrice_6245,True,2026-10-05T23:45:36,2026-10-05T23:45:36,2026-10-05T23:45:36
6245,立端,2023-06-19,112.0,1.5,1.36%,,,,,,,,,ShowDailyK_ChartFlow,FinMind_API_TaiwanStockPrice_6245,True,2026-10-05T23:45:36,2026-10-05T23:45:36,2026-10-05T23:45:36
6245,立端,2023-06-20,111.0,-1.0,-0.89%,,,,,,,,,ShowDailyK_ChartFlow,FinMind_API_TaiwanStockPrice_6245,True,2026-10-05T23:45:36,2026-10-05T23:45:36,2026-10-05T23:45:36
6245,立端,2023-06-21,111.0,0.0,0.00%,,,,,,,,,ShowDailyK_ChartFlow,FinMind_API_TaiwanStockPrice_6245,True,2026-10-05T23:45:36,2026-10-05T23:45:36,2026-10-05T23:45:36
6245,立端,2023-06-26,108.5,-2.5,-2.25%,,,,,,,,,ShowDailyK_ChartFlow,FinMind_API_TaiwanStockPrice_6245,True,2026-10-05T23:45:36,2026-10-05T23:45:36,2026-10-05T23:45:36
6245,立端,2023-06-27,107.0,-1.5,-1.38%,,,,,,,,,ShowDailyK_ChartFlow,FinMind_API_TaiwanStockPrice_6245,True,2026-10-05T23:45:36,2026-10-05T23:45:36,2026-10-05T23:45:36
6245,立端,2023-06-28,106.0,-1.0,-0.93%,,,,,,,,,ShowDailyK_ChartFlow,FinMind_API_TaiwanStockPrice_6245,True,2026-10-05T23:45:36,2026-10-05T23:45:36,2026-10-05T23:45:36
6245,立端,2023-06-29,109.0,3.0,2.83%,,,,,,,,,ShowDailyK_ChartFlow,FinMind_API_TaiwanStockPrice_6245,True,2026-10-05T23:45:36,2026-10-05T23:45:36,2026-10-05T23:45:36
6245,立端,2023-06-30,112.0,3.0,2.75%,,,,,,,,,ShowDailyK_ChartFlow,FinMind_API_TaiwanStockPrice_6245,True,2026-10-05T23:45:36,2026-10-05T23:45:36,2026-10-05T23:45:36
6245,立端,2023-07-03,111.0,-1.0,-0.89%,,,,,,,,,ShowDailyK_ChartFlow,FinMind_API_TaiwanStockPrice_6245,True,2026-10-05T23:45:36,2026-10-05T23:45:36,2026-10-05T23:45:36
6245,立端,2023-07-04,111.5,0.5,0.45%,,,,,,,,,ShowDailyK_ChartFlow,FinMind_API_TaiwanStockPrice_6245,True,2026-10-05T23:45:36,2026-10-05T23:45:36,2026-10-05T23:45:36
6245,立端,2023-07-05,112.0,0.5,0.45%,,,,,,,,,ShowDailyK_ChartFlow,FinMind_API_TaiwanStockPrice_6245,True,2026-10-05T23:45:36,2026-10-05T23:45:36,2026-10-05T23:45:36
6245,立端,2023-07-06,111.0,-1.0,-0.89%,,,,,,,,,ShowDailyK_ChartFlow,FinMind_API_TaiwanStockPrice_6245,True,2026-10-05T23:45:36,2026-10-05T23:45:36,2026-10-05T23:45:36
6245,立端,2023-07-07,109.0,-2.0,-1.80%,,,,,,,,,ShowDailyK_ChartFlow,FinMind_API_TaiwanStockPrice_6245,True,2026-10-05T23:45:36,2026-10-05T23:45:36,2026-10-05T23:45:36
6245,立端,2023-07-10,110.0,1.0,0.92%,,,,,,,,,ShowDailyK_ChartFlow,FinMind_API_TaiwanStockPrice_6245,True,2026-10-05T23:45:36,2026-10-05T23:45:36,2026-10-05T23:45:36
6245,立端,2023-07-11,111.0,1.0,0.91%,,,,,,,,,ShowDailyK_ChartFlow,FinMind_API_TaiwanStockPrice_6245,True,2026-10-05T23:45:36,2026-10-05T23:45:36,2026-10-05T23:45:36
6245,立端,2023-07-12,111.0,0.0,0.00%,,,,,,,,,ShowDailyK_ChartFlow,FinMind_API_TaiwanStockPrice_6245,True,2026-10-05T23:45:36,2026-10-05T23:45:36,2026-10-05T23:45:36
6245,立端,2023-07-13,117.5,6.5,5.86%,,,,,,,,,ShowDailyK_ChartFlow,FinMind_API_TaiwanStockPrice_6245,True,2026-10-05T23:45:36,2026-10-05T23:45:36,2026-10-05T23:45:36
6245,立端,2023-07-14,116.0,-1.5,-1.28%,,,,,,,,,ShowDailyK_ChartFlow,FinMind_API_TaiwanStockPrice_6245,True,2026-10-05T23:45:36,2026-10-05T23:45:36,2026-10-05T23:45:36
6245,立端,2023-07-17,115.5,-0.5,-0.43%,,,,,,,,,ShowDailyK_ChartFlow,FinMind_API_TaiwanStockPrice_6245,True,2026-10-05T23:45:36,2026-10-05T23:45:36,2026-10-05T23:45:36
6245,立端,2023-07-18,113.5,-2.0,-1.73%,,,,,,,,,ShowDailyK_ChartFlow,FinMind_API_TaiwanStockPrice_6245,True,2026-10-05T23:45:36,2026-10-05T23:45:36,2026-10-05T23:45:36
6245,立端,2023-07-19,113.5,0.0,0.00%,,,,,,,,,ShowDailyK_ChartFlow,FinMind_API_TaiwanStockPrice_6245,True,2026-10-05T23:45:36,2026-10-05T23:45:36,2026-10-05T23:45:36
6245,立端,2023-07-20,116.5,3.0,2.64%,,,,,,,,,ShowDailyK_ChartFlow,FinMind_API_TaiwanStockPrice_6245,True,2026-10-05T23:45:36,2026-10-05T23:45:36,2026-10-05T23:45:36
6245,立端,2023-07-21,114.5,-2.0,-1.72%,,,,,,,,,ShowDailyK_ChartFlow,FinMind_API_TaiwanStockPrice_6245,True,2026-10-05T23:45:36,2026-10-05T23:45:36,2026-10-05T23:45:36
6245,立端,2023-07-24,116.5,2.0,1.75%,,,,,,,,,ShowDailyK_ChartFlow,FinMind_API_TaiwanStockPrice_6245,True,2026-10-05T23:45:36,2026-10-05T23:45:36,2026-10-05T23:45:36
6245,立端,2023-07-25,117.0,0.5,0.43%,,,,,,,,,ShowDailyK_ChartFlow,FinMind_API_TaiwanStockPrice_6245,True,2026-10-05T23:45:36,2026-10-05T23:45:36,2026-10-05T23:45:36
6245,立端,2023-07-26,118.0,1.0,0.85%,,,,,,,,,ShowDailyK_ChartFlow,FinMind_API_TaiwanStockPrice_6245,True,2026-10-05T23:45:36,2026-10-05T23:45:36,2026-10-05T23:45:36
6245,立端,2023-07-27,118.0,0.0,0.00%,,,,,,,,,ShowDailyK_ChartFlow,FinMind_API_TaiwanStockPrice_6245,True,2026-10-05T23:45:36,2026-10-05T23:45:36,2026-10-05T23:45:36
6245,立端,2023-07-28,115.0,-3.0,-2.54%,,,,,,,,,ShowDailyK_ChartFlow,FinMind_API_TaiwanStockPrice_6245,True,2026-10-05T23:45:36,2026-10-05T23:45:36,2026-10-05T23:45:36
6245,立端,2023-07-31,116.0,1.0,0.87%,,,,,,,,,ShowDailyK_ChartFlow,FinMind_API_TaiwanStockPrice_6245,True,2026-10-05T23:45:36,2026-10-05T23:45:36,2026-10-05T23:45:36
6245,立端,2023-08-01,114.0,-2.0,-1.72%,,,,,,,,,ShowDailyK_ChartFlow,FinMind_API_TaiwanStockPrice_6245,True,2026-10-05T23:45:36,2026-10-05T23:45:36,2026-10-05T23:45:36
6245,立端,2023-08-02,110.0,-4.0,-3.51%,,,,,,,,,ShowDailyK_ChartFlow,FinMind_API_TaiwanStockPrice_6245,True,2026-10-05T23:45:36,2026-10-05T23:45:36,2026-10-05T23:45:36
6245,立端,2023-08-04,113.0,3.0,2.73%,,,,,,,,,ShowDailyK_ChartFlow,FinMind_API_TaiwanStockPrice_6245,True,2026-10-05T23:45:36,2026-10-05T23:45:36,2026-10-05T23:45:36
6245,立端,2023-08-07,112.5,-0.5,-0.44%,,,,,,,,,ShowDailyK_ChartFlow,FinMind_API_TaiwanStockPrice_6245,True,2026-10-05T23:45:36,2026-10-05T23:45:36,2026-10-05T23:45:36
6245,立端,2023-08-08,110.5,-2.0,-1.78%,,,,,,,,,ShowDailyK_ChartFlow,FinMind_API_TaiwanStockPrice_6245,True,2026-10-05T23:45:36,2026-10-05T23:45:36,2026-10-05T23:45:36
6245,立端,2023-08-09,109.5,-1.0,-0.90%,,,,,,,,,ShowDailyK_ChartFlow,FinMind_API_TaiwanStockPrice_6245,True,2026-10-05T23:45:36,2026-10-05T23:45:36,2026-10-05T23:45:36
6245,立端,2023-08-10,109.0,-0.5,-0.46%,,,,,,,,,ShowDailyK_ChartFlow,FinMind_API_TaiwanStockPrice_6245,True,2026-10-05T23:45:36,2026-10-05T23:45:36,2026-10-05T23:45:36
6245,立端,2023-08-11,105.5,-3.5,-3.21%,,,,,,,,,ShowDailyK_ChartFlow,FinMind_API_TaiwanStockPrice_6245,True,2026-10-05T23:45:36,2026-10-05T23:45:36,2026-10-05T23:45:36
6245,立端,2023-08-14,100.0,-5.5,-5.21%,,,,,,,,,ShowDailyK_ChartFlow,FinMind_API_TaiwanStockPrice_6245,True,2026-10-05T23:45:36,2026-10-05T23:45:36,2026-10-05T23:45:36
6245,立端,2023-08-15,105.0,5.0,5.00%,,,,,,,,,ShowDailyK_ChartFlow,FinMind_API_TaiwanStockPrice_6245,True,2026-10-05T23:45:36,2026-10-05T23:45:36,2026-10-05T23:45:36
6245,立端,2023-08-16,104.0,-1.0,-0.95%,,,,,,,,,ShowDailyK_ChartFlow,FinMind_API_TaiwanStockPrice_6245,True,2026-10-05T23:45:36,2026-10-05T23:45:36,2026-10-05T23:45:36
6245,立端,2023-08-17,107.0,3.0,2.88%,,,,,,,,,ShowDailyK_ChartFlow,FinMind_API_TaiwanStockPrice_6245,True,2026-10-05T23:45:36,2026-10-05T23:45:36,2026-10-05T23:45:36
6245,立端,2023-08-18,105.0,-2.0,-1.87%,,,,,,,,,ShowDailyK_ChartFlow,FinMind_API_TaiwanStockPrice_6245,True,2026-10-05T23:45:36,2026-10-05T23:45:36,2026-10-05T23:45:36
6245,立端,2023-08-21,106.0,1.0,0.95%,,,,,,,,,ShowDailyK_ChartFlow,FinMind_API_TaiwanStockPrice_6245,True,2026-10-05T23:45:36,2026-10-05T23:45:36,2026-10-05T23:45:36
6245,立端,2023-08-22,105.0,-1.0,-0.94%,,,,,,,,,ShowDailyK_ChartFlow,FinMind_API_TaiwanStockPrice_6245,True,2026-10-05T23:45:36,2026-10-05T23:45:36,2026-10-05T23:45:36
6245,立端,2023-08-23,105.5,0.5,0.48%,,,,,,,,,ShowDailyK_ChartFlow,FinMind_API_TaiwanStockPrice_6245,True,2026-10-05T23:45:36,2026-10-05T23:45:36,2026-10-05T23:45:36
6245,立端,2023-08-24,104.5,-1.0,-0.95%,,,,,,,,,ShowDailyK_ChartFlow,FinMind_API_TaiwanStockPrice_6245,True,2026-10-05T23:45:36,2026-10-05T23:45:36,2026-10-05T23:45:36
6245,立端,2023-08-25,104.5,0.0,0.00%,,,,,,,,,ShowDailyK_ChartFlow,FinMind_API_TaiwanStockPrice_6245,True,2026-10-05T23:45:36,2026-10-05T23:45:36,2026-10-05T23:45:36
6245,立端,2023-08-28,102.0,-2.5,-2.39%,,,,,,,,,ShowDailyK_ChartFlow,FinMind_API_TaiwanStockPrice_6245,True,2026-10-05T23:45:36,2026-10-05T23:45:36,2026-10-05T23:45:36
6245,立端,2023-08-29,103.5,1.5,1.47%,,,,,,,,,ShowDailyK_ChartFlow,FinMind_API_TaiwanStockPrice_6245,True,2026-10-05T23:45:36,2026-10-05T23:45:36,2026-10-05T23:45:36
6245,立端,2023-08-30,104.0,0.5,0.48%,,,,,,,,,ShowDailyK_ChartFlow,FinMind_API_TaiwanStockPrice_6245,True,2026-10-05T23:45:36,2026-10-05T23:45:36,2026-10-05T23:45:36
6245,立端,2023-08-31,106.0,2.0,1.92%,,,,,,,,,ShowDailyK_ChartFlow,FinMind_API_TaiwanStockPrice_6245,True,2026-10-05T23:45:36,2026-10-05T23:45:36,2026-10-05T23:45:36
6245,立端,2023-09-01,107.0,1.0,0.94%,,,,,,,,,ShowDailyK_ChartFlow,FinMind_API_TaiwanStockPrice_6245,True,2026-10-05T23:45:36,2026-10-05T23:45:36,2026-10-05T23:45:36
6245,立端,2023-09-04,107.5,0.5,0.47%,,,,,,,,,ShowDailyK_ChartFlow,FinMind_API_TaiwanStockPrice_6245,True,2026-10-05T23:45:36,2026-10-05T23:45:36,2026-10-05T23:45:36
6245,立端,2023-09-05,109.0,1.5,1.40%,,,,,,,,,ShowDailyK_ChartFlow,FinMind_API_TaiwanStockPrice_6245,True,2026-10-05T23:45:36,2026-10-05T23:45:36,2026-10-05T23:45:36
6245,立端,2023-09-06,109.5,0.5,0.46%,,,,,,,,,ShowDailyK_ChartFlow,FinMind_API_TaiwanStockPrice_6245,True,2026-10-05T23:45:36,2026-10-05T23:45:36,2026-10-05T23:45:36
6245,立端,2023-09-07,102.5,-7.0,-6.39%,,,,,,,,,ShowDailyK_ChartFlow,FinMind_API_TaiwanStockPrice_6245,True,2026-10-05T23:45:36,2026-10-05T23:45:36,2026-10-05T23:45:36
6245,立端,2023-09-08,102.0,-0.5,-0.49%,,,,,,,,,ShowDailyK_ChartFlow,FinMind_API_TaiwanStockPrice_6245,True,2026-10-05T23:45:36,2026-10-05T23:45:36,2026-10-05T23:45:36
6245,立端,2023-09-11,95.6,-6.400000000000006,-6.27%,,,,,,,,,ShowDailyK_ChartFlow,FinMind_API_TaiwanStockPrice_6245,True,2026-10-05T23:45:36,2026-10-05T23:45:36,2026-10-05T23:45:36
6245,立端,2023-09-12,92.9,-2.6999999999999886,-2.82%,,,,,,,,,ShowDailyK_ChartFlow,FinMind_API_TaiwanStockPrice_6245,True,2026-10-05T23:45:36,2026-10-05T23:45:36,2026-10-05T23:45:36
6245,立端,2023-09-13,93.8,0.8999999999999915,0.97%,,,,,,,,,ShowDailyK_ChartFlow,FinMind_API_TaiwanStockPrice_6245,True,2026-10-05T23:45:36,2026-10-05T23:45:36,2026-10-05T23:45:36
6245,立端,2023-09-14,100.0,6.200000000000003,6.61%,,,,,,,,,ShowDailyK_ChartFlow,FinMind_API_TaiwanStockPrice_6245,True,2026-10-05T23:45:36,2026-10-05T23:45:36,2026-10-05T23:45:36
6245,立端,2023-09-15,97.7,-2.299999999999997,-2.30%,,,,,,,,,ShowDailyK_ChartFlow,FinMind_API_TaiwanStockPrice_6245,True,2026-10-05T23:45:36,2026-10-05T23:45:36,2026-10-05T23:45:36
6245,立端,2023-09-18,97.5,-0.20000000000000284,-0.20%,,,,,,,,,ShowDailyK_ChartFlow,FinMind_API_TaiwanStockPrice_6245,True,2026-10-05T23:45:36,2026-10-05T23:45:36,2026-10-05T23:45:36
6245,立端,2023-09-19,96.9,-0.5999999999999943,-0.62%,,,,,,,,,ShowDailyK_ChartFlow,FinMind_API_TaiwanStockPrice_6245,True,2026-10-05T23:45:36,2026-10-05T23:45:36,2026-10-05T23:45:36
6245,立端,2023-09-20,94.6,-2.3000000000000114,-2.37%,,,,,,,,,ShowDailyK_ChartFlow,FinMind_API_TaiwanStockPrice_6245,True,2026-10-05T23:45:36,2026-10-05T23:45:36,2026-10-05T23:45:36
6245,立端,2023-09-21,93.0,-1.5999999999999943,-1.69%,,,,,,,,,ShowDailyK_ChartFlow,FinMind_API_TaiwanStockPrice_6245,True,2026-10-05T23:45:36,2026-10-05T23:45:36,2026-10-05T23:45:36
6245,立端,2023-09-22,93.3,0.29999999999999716,0.32%,,,,,,,,,ShowDailyK_ChartFlow,FinMind_API_TaiwanStockPrice_6245,True,2026-10-05T23:45:36,2026-10-05T23:45:36,2026-10-05T23:45:36
6245,立端,2023-09-25,92.6,-0.7000000000000028,-0.75%,,,,,,,,,ShowDailyK_ChartFlow,FinMind_API_TaiwanStockPrice_6245,True,2026-10-05T23:45:36,2026-10-05T23:45:36,2026-10-05T23:45:36
6245,立端,2023-09-26,90.8,-1.7999999999999972,-1.94%,,,,,,,,,ShowDailyK_ChartFlow,FinMind_API_TaiwanStockPrice_6245,True,2026-10-05T23:45:36,2026-10-05T23:45:36,2026-10-05T23:45:36
6245,立端,2023-09-27,90.7,-0.09999999999999432,-0.11%,,,,,,,,,ShowDailyK_ChartFlow,FinMind_API_TaiwanStockPrice_6245,True,2026-10-05T23:45:36,2026-10-05T23:45:36,2026-10-05T23:45:36
6245,立端,2023-09-28,91.6,0.8999999999999915,0.99%,,,,,,,,,ShowDailyK_ChartFlow,FinMind_API_TaiwanStockPrice_6245,True,2026-10-05T23:45:36,2026-10-05T23:45:36,2026-10-05T23:45:36
6245,立端,2023-10-02,94.6,3.0,3.28%,,,,,,,,,ShowDailyK_ChartFlow,FinMind_API_TaiwanStockPrice_6245,True,2026-10-05T23:45:36,2026-10-05T23:45:36,2026-10-05T23:45:36
6245,立端,2023-10-03,92.3,-2.299999999999997,-2.43%,,,,,,,,,ShowDailyK_ChartFlow,FinMind_API_TaiwanStockPrice_6245,True,2026-10-05T23:45:36,2026-10-05T23:45:36,2026-10-05T23:45:36
6245,立端,2023-10-04,93.6,1.2999999999999972,1.41%,,,,,,,,,ShowDailyK_ChartFlow,FinMind_API_TaiwanStockPrice_6245,True,2026-10-05T23:45:36,2026-10-05T23:45:36,2026-10-05T23:45:36
6245,立端,2023-10-05,96.4,2.8000000000000114,2.99%,,,,,,,,,ShowDailyK_ChartFlow,FinMind_API_TaiwanStockPrice_6245,True,2026-10-05T23:45:36,2026-10-05T23:45:36,2026-10-05T23:45:36
6245,立端,2023-10-06,96.2,-0.20000000000000284,-0.21%,,,,,,,,,ShowDailyK_ChartFlow,FinMind_API_TaiwanStockPrice_6245,True,2026-10-05T23:45:36,2026-10-05T23:45:36,2026-10-05T23:45:36
6245,立端,2023-10-11,94.5,-1.7000000000000028,-1.77%,,,,,,,,,ShowDailyK_ChartFlow,FinMind_API_TaiwanStockPrice_6245,True,2026-10-05T23:45:36,2026-10-05T23:45:36,2026-10-05T23:45:36
6245,立端,2023-10-12,91.6,-2.9000000000000057,-3.07%,,,,,,,,,ShowDailyK_ChartFlow,FinMind_API_TaiwanStockPrice_6245,True,2026-10-05T23:45:36,2026-10-05T23:45:36,2026-10-05T23:45:36
6245,立端,2023-10-13,92.0,0.4000000000000057,0.44%,,,,,,,,,ShowDailyK_ChartFlow,FinMind_API_TaiwanStockPrice_6245,True,2026-10-05T23:45:36,2026-10-05T23:45:36,2026-10-05T23:45:36
6245,立端,2023-10-16,91.3,-0.7000000000000028,-0.76%,,,,,,,,,ShowDailyK_ChartFlow,FinMind_API_TaiwanStockPrice_6245,True,2026-10-05T23:45:36,2026-10-05T23:45:36,2026-10-05T23:45:36
6245,立端,2023-10-17,90.4,-0.8999999999999915,-0.99%,,,,,,,,,ShowDailyK_ChartFlow,FinMind_API_TaiwanStockPrice_6245,True,2026-10-05T23:45:36,2026-10-05T23:45:36,2026-10-05T23:45:36
6245,立端,2023-10-18,91.1,0.6999999999999886,0.77%,,,,,,,,,ShowDailyK_ChartFlow,FinMind_API_TaiwanStockPrice_6245,True,2026-10-05T23:45:36,2026-10-05T23:45:36,2026-10-05T23:45:36
6245,立端,2023-10-19,91.5,0.4000000000000057,0.44%,,,,,,,,,ShowDailyK_ChartFlow,FinMind_API_TaiwanStockPrice_6245,True,2026-10-05T23:45:36,2026-10-05T23:45:36,2026-10-05T23:45:36
6245,立端,2023-10-20,91.2,-0.29999999999999716,-0.33%,,,,,,,,,ShowDailyK_ChartFlow,FinMind_API_TaiwanStockPrice_6245,True,2026-10-05T23:45:36,2026-10-05T23:45:36,2026-10-05T23:45:36
6245,立端,2023-10-23,90.0,-1.2000000000000028,-1.32%,,,,,,,,,ShowDailyK_ChartFlow,FinMind_API_TaiwanStockPrice_6245,True,2026-10-05T23:45:36,2026-10-05T23:45:36,2026-10-05T23:45:36
6245,立端,2023-10-24,90.4,0.4000000000000057,0.44%,,,,,,,,,ShowDailyK_ChartFlow,FinMind_API_TaiwanStockPrice_6245,True,2026-10-05T23:45:36,2026-10-05T23:45:36,2026-10-05T23:45:36
6245,立端,2023-10-25,90.5,0.09999999999999432,0.11%,,,,,,,,,ShowDailyK_ChartFlow,FinMind_API_TaiwanStockPrice_6245,True,2026-10-05T23:45:36,2026-10-05T23:45:36,2026-10-05T23:45:36
6245,立端,2023-10-26,90.1,-0.4000000000000057,-0.44%,,,,,,,,,ShowDailyK_ChartFlow,FinMind_API_TaiwanStockPrice_6245,True,2026-10-05T23:45:36,2026-10-05T23:45:36,2026-10-05T23:45:36
6245,立端,2023-10-27,91.3,1.2000000000000028,1.33%,,,,,,,,,ShowDailyK_ChartFlow,FinMind_API_TaiwanStockPrice_6245,True,2026-10-05T23:45:36,2026-10-05T23:45:36,2026-10-05T23:45:36
6245,立端,2023-10-30,90.5,-0.7999999999999972,-0.88%,,,,,,,,,ShowDailyK_ChartFlow,FinMind_API_TaiwanStockPrice_6245,True,2026-10-05T23:45:36,2026-10-05T23:45:36,2026-10-05T23:45:36
6245,立端,2023-10-31,89.0,-1.5,-1.66%,,,,,,,,,ShowDailyK_ChartFlow,FinMind_API_TaiwanStockPrice_6245,True,2026-10-05T23:45:36,2026-10-05T23:45:36,2026-10-05T23:45:36
6245,立端,2023-11-01,90.2,1.2000000000000028,1.35%,,,,,,,,,ShowDailyK_ChartFlow,FinMind_API_TaiwanStockPrice_6245,True,2026-10-05T23:45:36,2026-10-05T23:45:36,2026-10-05T23:45:36
6245,立端,2023-11-02,90.5,0.29999999999999716,0.33%,,,,,,,,,ShowDailyK_ChartFlow,FinMind_API_TaiwanStockPrice_6245,True,2026-10-05T23:45:36,2026-10-05T23:45:36,2026-10-05T23:45:36
6245,立端,2023-11-03,90.8,0.29999999999999716,0.33%,,,,,,,,,ShowDailyK_ChartFlow,FinMind_API_TaiwanStockPrice_6245,True,2026-10-05T23:45:36,2026-10-05T23:45:36,2026-10-05T23:45:36
6245,立端,2023-11-06,94.2,3.4000000000000057,3.74%,,,,,,,,,ShowDailyK_ChartFlow,FinMind_API_TaiwanStockPrice_6245,True,2026-10-05T23:45:36,2026-10-05T23:45:36,2026-10-05T23:45:36
6245,立端,2023-11-07,93.6,-0.6000000000000085,-0.64%,,,,,,,,,ShowDailyK_ChartFlow,FinMind_API_TaiwanStockPrice_6245,True,2026-10-05T23:45:36,2026-10-05T23:45:36,2026-10-05T23:45:36
6245,立端,2023-11-08,94.4,0.8000000000000114,0.85%,,,,,,,,,ShowDailyK_ChartFlow,FinMind_API_TaiwanStockPrice_6245,True,2026-10-05T23:45:36,2026-10-05T23:45:36,2026-10-05T23:45:36
6245,立端,2023-11-09,94.0,-0.4000000000000057,-0.42%,,,,,,,,,ShowDailyK_ChartFlow,FinMind_API_TaiwanStockPrice_6245,True,2026-10-05T23:45:36,2026-10-05T23:45:36,2026-10-05T23:45:36
6245,立端,2023-11-10,94.8,0.7999999999999972,0.85%,,,,,,,,,ShowDailyK_ChartFlow,FinMind_API_TaiwanStockPrice_6245,True,2026-10-05T23:45:36,2026-10-05T23:45:36,2026-10-05T23:45:36
6245,立端,2023-11-13,92.6,-2.200000000000003,-2.32%,,,,,,,,,ShowDailyK_ChartFlow,FinMind_API_TaiwanStockPrice_6245,True,2026-10-05T23:45:36,2026-10-05T23:45:36,2026-10-05T23:45:36
6245,立端,2023-11-14,91.8,-0.7999999999999972,-0.86%,,,,,,,,,ShowDailyK_ChartFlow,FinMind_API_TaiwanStockPrice_6245,True,2026-10-05T23:45:36,2026-10-05T23:45:36,2026-10-05T23:45:36
6245,立端,2023-11-15,94.3,2.5,2.72%,,,,,,,,,ShowDailyK_ChartFlow,FinMind_API_TaiwanStockPrice_6245,True,2026-10-05T23:45:36,2026-10-05T23:45:36,2026-10-05T23:45:36
6245,立端,2023-11-16,97.9,3.6000000000000085,3.82%,,,,,,,,,ShowDailyK_ChartFlow,FinMind_API_TaiwanStockPrice_6245,True,2026-10-05T23:45:36,2026-10-05T23:45:36,2026-10-05T23:45:36
6245,立端,2023-11-17,97.2,-0.7000000000000028,-0.72%,,,,,,,,,ShowDailyK_ChartFlow,FinMind_API_TaiwanStockPrice_6245,True,2026-10-05T23:45:36,2026-10-05T23:45:36,2026-10-05T23:45:36
6245,立端,2023-11-20,98.0,0.7999999999999972,0.82%,,,,,,,,,ShowDailyK_ChartFlow,FinMind_API_TaiwanStockPrice_6245,True,2026-10-05T23:45:36,2026-10-05T23:45:36,2026-10-05T23:45:36
6245,立端,2023-11-21,99.0,1.0,1.02%,,,,,,,,,ShowDailyK_ChartFlow,FinMind_API_TaiwanStockPrice_6245,True,2026-10-05T23:45:36,2026-10-05T23:45:36,2026-10-05T23:45:36
6245,立端,2023-11-22,108.5,9.5,9.60%,,,,,,,,,ShowDailyK_ChartFlow,FinMind_API_TaiwanStockPrice_6245,True,2026-10-05T23:45:36,2026-10-05T23:45:36,2026-10-05T23:45:36
6245,立端,2023-11-23,113.0,4.5,4.15%,,,,,,,,,ShowDailyK_ChartFlow,FinMind_API_TaiwanStockPrice_6245,True,2026-10-05T23:45:36,2026-10-05T23:45:36,2026-10-05T23:45:36
6245,立端,2023-11-24,115.5,2.5,2.21%,,,,,,,,,ShowDailyK_ChartFlow,FinMind_API_TaiwanStockPrice_6245,True,2026-10-05T23:45:36,2026-10-05T23:45:36,2026-10-05T23:45:36
6245,立端,2023-11-27,107.0,-8.5,-7.36%,,,,,,,,,ShowDailyK_ChartFlow,FinMind_API_TaiwanStockPrice_6245,True,2026-10-05T23:45:36,2026-10-05T23:45:36,2026-10-05T23:45:36
6245,立端,2023-11-28,115.5,8.5,7.94%,,,,,,,,,ShowDailyK_ChartFlow,FinMind_API_TaiwanStockPrice_6245,True,2026-10-05T23:45:36,2026-10-05T23:45:36,2026-10-05T23:45:36
6245,立端,2023-11-29,115.5,0.0,0.00%,,,,,,,,,ShowDailyK_ChartFlow,FinMind_API_TaiwanStockPrice_6245,True,2026-10-05T23:45:36,2026-10-05T23:45:36,2026-10-05T23:45:36
6245,立端,2023-11-30,115.0,-0.5,-0.43%,,,,,,,,,ShowDailyK_ChartFlow,FinMind_API_TaiwanStockPrice_6245,True,2026-10-05T23:45:36,2026-10-05T23:45:36,2026-10-05T23:45:36
6245,立端,2023-12-01,122.5,7.5,6.52%,,,,,,,,,ShowDailyK_ChartFlow,FinMind_API_TaiwanStockPrice_6245,True,2026-10-05T23:45:36,2026-10-05T23:45:36,2026-10-05T23:45:36
6245,立端,2023-12-04,117.0,-5.5,-4.49%,,,,,,,,,ShowDailyK_ChartFlow,FinMind_API_TaiwanStockPrice_6245,True,2026-10-05T23:45:36,2026-10-05T23:45:36,2026-10-05T23:45:36
6245,立端,2023-12-05,115.0,-2.0,-1.71%,,,,,,,,,ShowDailyK_ChartFlow,FinMind_API_TaiwanStockPrice_6245,True,2026-10-05T23:45:36,2026-10-05T23:45:36,2026-10-05T23:45:36
6245,立端,2023-12-06,116.0,1.0,0.87%,,,,,,,,,ShowDailyK_ChartFlow,FinMind_API_TaiwanStockPrice_6245,True,2026-10-05T23:45:36,2026-10-05T23:45:36,2026-10-05T23:45:36
6245,立端,2023-12-07,112.5,-3.5,-3.02%,,,,,,,,,ShowDailyK_ChartFlow,FinMind_API_TaiwanStockPrice_6245,True,2026-10-05T23:45:36,2026-10-05T23:45:36,2026-10-05T23:45:36
6245,立端,2023-12-08,117.0,4.5,4.00%,,,,,,,,,ShowDailyK_ChartFlow,FinMind_API_TaiwanStockPrice_6245,True,2026-10-05T23:45:36,2026-10-05T23:45:36,2026-10-05T23:45:36
6245,立端,2023-12-11,113.5,-3.5,-2.99%,,,,,,,,,ShowDailyK_ChartFlow,FinMind_API_TaiwanStockPrice_6245,True,2026-10-05T23:45:36,2026-10-05T23:45:36,2026-10-05T23:45:36
6245,立端,2023-12-12,113.5,0.0,0.00%,,,,,,,,,ShowDailyK_ChartFlow,FinMind_API_TaiwanStockPrice_6245,True,2026-10-05T23:45:36,2026-10-05T23:45:36,2026-10-05T23:45:36
6245,立端,2023-12-13,113.5,0.0,0.00%,,,,,,,,,ShowDailyK_ChartFlow,FinMind_API_TaiwanStockPrice_6245,True,2026-10-05T23:45:36,2026-10-05T23:45:36,2026-10-05T23:45:36
6245,立端,2023-12-14,113.5,0.0,0.00%,,,,,,,,,ShowDailyK_ChartFlow,FinMind_API_TaiwanStockPrice_6245,True,2026-10-05T23:45:36,2026-10-05T23:45:36,2026-10-05T23:45:36
6245,立端,2023-12-15,109.5,-4.0,-3.52%,,,,,,,,,ShowDailyK_ChartFlow,FinMind_API_TaiwanStockPrice_6245,True,2026-10-05T23:45:36,2026-10-05T23:45:36,2026-10-05T23:45:36
6245,立端,2023-12-18,109.5,0.0,0.00%,,,,,,,,,ShowDailyK_ChartFlow,FinMind_API_TaiwanStockPrice_6245,True,2026-10-05T23:45:36,2026-10-05T23:45:36,2026-10-05T23:45:36
6245,立端,2023-12-19,110.5,1.0,0.91%,,,,,,,,,ShowDailyK_ChartFlow,FinMind_API_TaiwanStockPrice_6245,True,2026-10-05T23:45:36,2026-10-05T23:45:36,2026-10-05T23:45:36
6245,立端,2023-12-20,115.5,5.0,4.52%,,,,,,,,,ShowDailyK_ChartFlow,FinMind_API_TaiwanStockPrice_6245,True,2026-10-05T23:45:36,2026-10-05T23:45:36,2026-10-05T23:45:36
6245,立端,2023-12-21,111.5,-4.0,-3.46%,,,,,,,,,ShowDailyK_ChartFlow,FinMind_API_TaiwanStockPrice_6245,True,2026-10-05T23:45:36,2026-10-05T23:45:36,2026-10-05T23:45:36
6245,立端,2023-12-22,113.0,1.5,1.35%,,,,,,,,,ShowDailyK_ChartFlow,FinMind_API_TaiwanStockPrice_6245,True,2026-10-05T23:45:36,2026-10-05T23:45:36,2026-10-05T23:45:36
6245,立端,2023-12-25,113.5,0.5,0.44%,,,,,,,,,ShowDailyK_ChartFlow,FinMind_API_TaiwanStockPrice_6245,True,2026-10-05T23:45:36,2026-10-05T23:45:36,2026-10-05T23:45:36
6245,立端,2023-12-26,114.0,0.5,0.44%,,,,,,,,,ShowDailyK_ChartFlow,FinMind_API_TaiwanStockPrice_6245,True,2026-10-05T23:45:36,2026-10-05T23:45:36,2026-10-05T23:45:36
6245,立端,2023-12-27,113.0,-1.0,-0.88%,,,,,,,,,ShowDailyK_ChartFlow,FinMind_API_TaiwanStockPrice_6245,True,2026-10-05T23:45:36,2026-10-05T23:45:36,2026-10-05T23:45:36
6245,立端,2023-12-28,112.0,-1.0,-0.88%,,,,,,,,,ShowDailyK_ChartFlow,FinMind_API_TaiwanStockPrice_6245,True,2026-10-05T23:45:36,2026-10-05T23:45:36,2026-10-05T23:45:36
6245,立端,2023-12-29,112.5,0.5,0.45%,,,,,,,,,ShowDailyK_ChartFlow,FinMind_API_TaiwanStockPrice_6245,True,2026-10-05T23:45:36,2026-10-05T23:45:36,2026-10-05T23:45:36
6245,立端,2024-01-02,110.5,-2.0,-1.78%,,,,,,,,,ShowDailyK_ChartFlow,FinMind_API_TaiwanStockPrice_6245,True,2026-10-05T23:45:36,2026-10-05T23:45:36,2026-10-05T23:45:36
6245,立端,2024-01-03,110.5,0.0,0.00%,,,,,,,,,ShowDailyK_ChartFlow,FinMind_API_TaiwanStockPrice_6245,True,2026-10-05T23:45:36,2026-10-05T23:45:36,2026-10-05T23:45:36
6245,立端,2024-01-04,109.0,-1.5,-1.36%,,,,,,,,,ShowDailyK_ChartFlow,FinMind_API_TaiwanStockPrice_6245,True,2026-10-05T23:45:36,2026-10-05T23:45:36,2026-10-05T23:45:36
6245,立端,2024-01-05,111.0,2.0,1.83%,,,,,,,,,ShowDailyK_ChartFlow,FinMind_API_TaiwanStockPrice_6245,True,2026-10-05T23:45:36,2026-10-05T23:45:36,2026-10-05T23:45:36
6245,立端,2024-01-08,109.5,-1.5,-1.35%,,,,,,,,,ShowDailyK_ChartFlow,FinMind_API_TaiwanStockPrice_6245,True,2026-10-05T23:45:36,2026-10-05T23:45:36,2026-10-05T23:45:36
6245,立端,2024-01-09,108.0,-1.5,-1.37%,,,,,,,,,ShowDailyK_ChartFlow,FinMind_API_TaiwanStockPrice_6245,True,2026-10-05T23:45:36,2026-10-05T23:45:36,2026-10-05T23:45:36
6245,立端,2024-01-10,108.5,0.5,0.46%,,,,,,,,,ShowDailyK_ChartFlow,FinMind_API_TaiwanStockPrice_6245,True,2026-10-05T23:45:36,2026-10-05T23:45:36,2026-10-05T23:45:36
6245,立端,2024-01-11,113.5,5.0,4.61%,,,,,,,,,ShowDailyK_ChartFlow,FinMind_API_TaiwanStockPrice_6245,True,2026-10-05T23:45:36,2026-10-05T23:45:36,2026-10-05T23:45:36
6245,立端,2024-01-12,111.5,-2.0,-1.76%,,,,,,,,,ShowDailyK_ChartFlow,FinMind_API_TaiwanStockPrice_6245,True,2026-10-05T23:45:36,2026-10-05T23:45:36,2026-10-05T23:45:36
6245,立端,2024-01-15,117.5,6.0,5.38%,,,,,,,,,ShowDailyK_ChartFlow,FinMind_API_TaiwanStockPrice_6245,True,2026-10-05T23:45:36,2026-10-05T23:45:36,2026-10-05T23:45:36
6245,立端,2024-01-16,116.0,-1.5,-1.28%,,,,,,,,,ShowDailyK_ChartFlow,FinMind_API_TaiwanStockPrice_6245,True,2026-10-05T23:45:36,2026-10-05T23:45:36,2026-10-05T23:45:36
6245,立端,2024-01-17,117.0,1.0,0.86%,,,,,,,,,ShowDailyK_ChartFlow,FinMind_API_TaiwanStockPrice_6245,True,2026-10-05T23:45:36,2026-10-05T23:45:36,2026-10-05T23:45:36
6245,立端,2024-01-18,112.5,-4.5,-3.85%,,,,,,,,,ShowDailyK_ChartFlow,FinMind_API_TaiwanStockPrice_6245,True,2026-10-05T23:45:36,2026-10-05T23:45:36,2026-10-05T23:45:36
6245,立端,2024-01-19,114.0,1.5,1.33%,,,,,,,,,ShowDailyK_ChartFlow,FinMind_API_TaiwanStockPrice_6245,True,2026-10-05T23:45:36,2026-10-05T23:45:36,2026-10-05T23:45:36
6245,立端,2024-01-22,117.0,3.0,2.63%,,,,,,,,,ShowDailyK_ChartFlow,FinMind_API_TaiwanStockPrice_6245,True,2026-10-05T23:45:36,2026-10-05T23:45:36,2026-10-05T23:45:36
6245,立端,2024-01-23,117.5,0.5,0.43%,,,,,,,,,ShowDailyK_ChartFlow,FinMind_API_TaiwanStockPrice_6245,True,2026-10-05T23:45:36,2026-10-05T23:45:36,2026-10-05T23:45:36
6245,立端,2024-01-24,115.5,-2.0,-1.70%,,,,,,,,,ShowDailyK_ChartFlow,FinMind_API_TaiwanStockPrice_6245,True,2026-10-05T23:45:36,2026-10-05T23:45:36,2026-10-05T23:45:36
6245,立端,2024-01-25,113.5,-2.0,-1.73%,,,,,,,,,ShowDailyK_ChartFlow,FinMind_API_TaiwanStockPrice_6245,True,2026-10-05T23:45:36,2026-10-05T23:45:36,2026-10-05T23:45:36
6245,立端,2024-01-26,113.5,0.0,0.00%,,,,,,,,,ShowDailyK_ChartFlow,FinMind_API_TaiwanStockPrice_6245,True,2026-10-05T23:45:36,2026-10-05T23:45:36,2026-10-05T23:45:36
6245,立端,2024-01-29,115.5,2.0,1.76%,,,,,,,,,ShowDailyK_ChartFlow,FinMind_API_TaiwanStockPrice_6245,True,2026-10-05T23:45:36,2026-10-05T23:45:36,2026-10-05T23:45:36
6245,立端,2024-01-30,113.5,-2.0,-1.73%,,,,,,,,,ShowDailyK_ChartFlow,FinMind_API_TaiwanStockPrice_6245,True,2026-10-05T23:45:36,2026-10-05T23:45:36,2026-10-05T23:45:36
6245,立端,2024-01-31,115.0,1.5,1.32%,,,,,,,,,ShowDailyK_ChartFlow,FinMind_API_TaiwanStockPrice_6245,True,2026-10-05T23:45:36,2026-10-05T23:45:36,2026-10-05T23:45:36
6245,立端,2024-02-01,116.5,1.5,1.30%,,,,,,,,,ShowDailyK_ChartFlow,FinMind_API_TaiwanStockPrice_6245,True,2026-10-05T23:45:36,2026-10-05T23:45:36,2026-10-05T23:45:36
6245,立端,2024-02-02,116.0,-0.5,-0.43%,,,,,,,,,ShowDailyK_ChartFlow,FinMind_API_TaiwanStockPrice_6245,True,2026-10-05T23:45:36,2026-10-05T23:45:36,2026-10-05T23:45:36
6245,立端,2024-02-05,114.5,-1.5,-1.29%,,,,,,,,,ShowDailyK_ChartFlow,FinMind_API_TaiwanStockPrice_6245,True,2026-10-05T23:45:36,2026-10-05T23:45:36,2026-10-05T23:45:36
6245,立端,2024-02-15,104.0,-10.5,-9.17%,,,,,,,,,ShowDailyK_ChartFlow,FinMind_API_TaiwanStockPrice_6245,True,2026-10-05T23:45:36,2026-10-05T23:45:36,2026-10-05T23:45:36
6245,立端,2024-02-16,104.5,0.5,0.48%,,,,,,,,,ShowDailyK_ChartFlow,FinMind_API_TaiwanStockPrice_6245,True,2026-10-05T23:45:36,2026-10-05T23:45:36,2026-10-05T23:45:36
6245,立端,2024-02-19,103.0,-1.5,-1.44%,,,,,,,,,ShowDailyK_ChartFlow,FinMind_API_TaiwanStockPrice_6245,True,2026-10-05T23:45:36,2026-10-05T23:45:36,2026-10-05T23:45:36
6245,立端,2024-02-20,105.0,2.0,1.94%,,,,,,,,,ShowDailyK_ChartFlow,FinMind_API_TaiwanStockPrice_6245,True,2026-10-05T23:45:36,2026-10-05T23:45:36,2026-10-05T23:45:36
6245,立端,2024-02-21,105.5,0.5,0.48%,,,,,,,,,ShowDailyK_ChartFlow,FinMind_API_TaiwanStockPrice_6245,True,2026-10-05T23:45:36,2026-10-05T23:45:36,2026-10-05T23:45:36
6245,立端,2024-02-22,106.0,0.5,0.47%,,,,,,,,,ShowDailyK_ChartFlow,FinMind_API_TaiwanStockPrice_6245,True,2026-10-05T23:45:36,2026-10-05T23:45:36,2026-10-05T23:45:36
6245,立端,2024-02-23,105.5,-0.5,-0.47%,,,,,,,,,ShowDailyK_ChartFlow,FinMind_API_TaiwanStockPrice_6245,True,2026-10-05T23:45:36,2026-10-05T23:45:36,2026-10-05T23:45:36
6245,立端,2024-02-26,105.5,0.0,0.00%,,,,,,,,,ShowDailyK_ChartFlow,FinMind_API_TaiwanStockPrice_6245,True,2026-10-05T23:45:36,2026-10-05T23:45:36,2026-10-05T23:45:36
6245,立端,2024-02-27,105.0,-0.5,-0.47%,,,,,,,,,ShowDailyK_ChartFlow,FinMind_API_TaiwanStockPrice_6245,True,2026-10-05T23:45:36,2026-10-05T23:45:36,2026-10-05T23:45:36
6245,立端,2024-02-29,105.0,0.0,0.00%,,,,,,,,,ShowDailyK_ChartFlow,FinMind_API_TaiwanStockPrice_6245,True,2026-10-05T23:45:36,2026-10-05T23:45:36,2026-10-05T23:45:36
6245,立端,2024-03-01,106.0,1.0,0.95%,,,,,,,,,ShowDailyK_ChartFlow,FinMind_API_TaiwanStockPrice_6245,True,2026-10-05T23:45:36,2026-10-05T23:45:36,2026-10-05T23:45:36
6245,立端,2024-03-04,107.5,1.5,1.42%,,,,,,,,,ShowDailyK_ChartFlow,FinMind_API_TaiwanStockPrice_6245,True,2026-10-05T23:45:36,2026-10-05T23:45:36,2026-10-05T23:45:36
6245,立端,2024-03-05,107.5,0.0,0.00%,,,,,,,,,ShowDailyK_ChartFlow,FinMind_API_TaiwanStockPrice_6245,True,2026-10-05T23:45:36,2026-10-05T23:45:36,2026-10-05T23:45:36
6245,立端,2024-03-06,104.0,-3.5,-3.26%,,,,,,,,,ShowDailyK_ChartFlow,FinMind_API_TaiwanStockPrice_6245,True,2026-10-05T23:45:36,2026-10-05T23:45:36,2026-10-05T23:45:36
6245,立端,2024-03-07,100.0,-4.0,-3.85%,,,,,,,,,ShowDailyK_ChartFlow,FinMind_API_TaiwanStockPrice_6245,True,2026-10-05T23:45:36,2026-10-05T23:45:36,2026-10-05T23:45:36
6245,立端,2024-03-08,98.8,-1.2000000000000028,-1.20%,,,,,,,,,ShowDailyK_ChartFlow,FinMind_API_TaiwanStockPrice_6245,True,2026-10-05T23:45:36,2026-10-05T23:45:36,2026-10-05T23:45:36
6245,立端,2024-03-11,100.0,1.2000000000000028,1.21%,,,,,,,,,ShowDailyK_ChartFlow,FinMind_API_TaiwanStockPrice_6245,True,2026-10-05T23:45:36,2026-10-05T23:45:36,2026-10-05T23:45:36
6245,立端,2024-03-12,102.0,2.0,2.00%,,,,,,,,,ShowDailyK_ChartFlow,FinMind_API_TaiwanStockPrice_6245,True,2026-10-05T23:45:36,2026-10-05T23:45:36,2026-10-05T23:45:36
6245,立端,2024-03-13,100.5,-1.5,-1.47%,,,,,,,,,ShowDailyK_ChartFlow,FinMind_API_TaiwanStockPrice_6245,True,2026-10-05T23:45:36,2026-10-05T23:45:36,2026-10-05T23:45:36
6245,立端,2024-03-14,101.0,0.5,0.50%,,,,,,,,,ShowDailyK_ChartFlow,FinMind_API_TaiwanStockPrice_6245,True,2026-10-05T23:45:36,2026-10-05T23:45:36,2026-10-05T23:45:36
6245,立端,2024-03-15,101.0,0.0,0.00%,,,,,,,,,ShowDailyK_ChartFlow,FinMind_API_TaiwanStockPrice_6245,True,2026-10-05T23:45:36,2026-10-05T23:45:36,2026-10-05T23:45:36
6245,立端,2024-03-18,100.5,-0.5,-0.50%,,,,,,,,,ShowDailyK_ChartFlow,FinMind_API_TaiwanStockPrice_6245,True,2026-10-05T23:45:36,2026-10-05T23:45:36,2026-10-05T23:45:36
6245,立端,2024-03-19,102.0,1.5,1.49%,,,,,,,,,ShowDailyK_ChartFlow,FinMind_API_TaiwanStockPrice_6245,True,2026-10-05T23:45:36,2026-10-05T23:45:36,2026-10-05T23:45:36
6245,立端,2024-03-20,102.0,0.0,0.00%,,,,,,,,,ShowDailyK_ChartFlow,FinMind_API_TaiwanStockPrice_6245,True,2026-10-05T23:45:36,2026-10-05T23:45:36,2026-10-05T23:45:36
6245,立端,2024-03-21,102.5,0.5,0.49%,,,,,,,,,ShowDailyK_ChartFlow,FinMind_API_TaiwanStockPrice_6245,True,2026-10-05T23:45:36,2026-10-05T23:45:36,2026-10-05T23:45:36
6245,立端,2024-03-22,101.5,-1.0,-0.98%,,,,,,,,,ShowDailyK_ChartFlow,FinMind_API_TaiwanStockPrice_6245,True,2026-10-05T23:45:36,2026-10-05T23:45:36,2026-10-05T23:45:36
6245,立端,2024-03-25,104.0,2.5,2.46%,,,,,,,,,ShowDailyK_ChartFlow,FinMind_API_TaiwanStockPrice_6245,True,2026-10-05T23:45:36,2026-10-05T23:45:36,2026-10-05T23:45:36
6245,立端,2024-03-26,101.0,-3.0,-2.88%,,,,,,,,,ShowDailyK_ChartFlow,FinMind_API_TaiwanStockPrice_6245,True,2026-10-05T23:45:36,2026-10-05T23:45:36,2026-10-05T23:45:36
6245,立端,2024-03-27,101.0,0.0,0.00%,,,,,,,,,ShowDailyK_ChartFlow,FinMind_API_TaiwanStockPrice_6245,True,2026-10-05T23:45:36,2026-10-05T23:45:36,2026-10-05T23:45:36
6245,立端,2024-03-28,100.0,-1.0,-0.99%,,,,,,,,,ShowDailyK_ChartFlow,FinMind_API_TaiwanStockPrice_6245,True,2026-10-05T23:45:36,2026-10-05T23:45:36,2026-10-05T23:45:36
6245,立端,2024-03-29,100.5,0.5,0.50%,,,,,,,,,ShowDailyK_ChartFlow,FinMind_API_TaiwanStockPrice_6245,True,2026-10-05T23:45:36,2026-10-05T23:45:36,2026-10-05T23:45:36
6245,立端,2024-04-01,101.5,1.0,1.00%,,,,,,,,,ShowDailyK_ChartFlow,FinMind_API_TaiwanStockPrice_6245,True,2026-10-05T23:45:36,2026-10-05T23:45:36,2026-10-05T23:45:36
6245,立端,2024-04-02,100.5,-1.0,-0.99%,,,,,,,,,ShowDailyK_ChartFlow,FinMind_API_TaiwanStockPrice_6245,True,2026-10-05T23:45:36,2026-10-05T23:45:36,2026-10-05T23:45:36
6245,立端,2024-04-03,99.8,-0.7000000000000028,-0.70%,,,,,,,,,ShowDailyK_ChartFlow,FinMind_API_TaiwanStockPrice_6245,True,2026-10-05T23:45:36,2026-10-05T23:45:36,2026-10-05T23:45:36
6245,立端,2024-04-08,99.5,-0.29999999999999716,-0.30%,,,,,,,,,ShowDailyK_ChartFlow,FinMind_API_TaiwanStockPrice_6245,True,2026-10-05T23:45:36,2026-10-05T23:45:36,2026-10-05T23:45:36
6245,立端,2024-04-09,98.0,-1.5,-1.51%,,,,,,,,,ShowDailyK_ChartFlow,FinMind_API_TaiwanStockPrice_6245,True,2026-10-05T23:45:36,2026-10-05T23:45:36,2026-10-05T23:45:36
6245,立端,2024-04-10,102.5,4.5,4.59%,,,,,,,,,ShowDailyK_ChartFlow,FinMind_API_TaiwanStockPrice_6245,True,2026-10-05T23:45:36,2026-10-05T23:45:36,2026-10-05T23:45:36
6245,立端,2024-04-11,99.8,-2.700000000000003,-2.63%,,,,,,,,,ShowDailyK_ChartFlow,FinMind_API_TaiwanStockPrice_6245,True,2026-10-05T23:45:36,2026-10-05T23:45:36,2026-10-05T23:45:36
6245,立端,2024-04-12,99.7,-0.09999999999999432,-0.10%,,,,,,,,,ShowDailyK_ChartFlow,FinMind_API_TaiwanStockPrice_6245,True,2026-10-05T23:45:36,2026-10-05T23:45:36,2026-10-05T23:45:36
6245,立端,2024-04-15,98.2,-1.5,-1.50%,,,,,,,,,ShowDailyK_ChartFlow,FinMind_API_TaiwanStockPrice_6245,True,2026-10-05T23:45:36,2026-10-05T23:45:36,2026-10-05T23:45:36
6245,立端,2024-04-16,92.9,-5.299999999999997,-5.40%,,,,,,,,,ShowDailyK_ChartFlow,FinMind_API_TaiwanStockPrice_6245,True,2026-10-05T23:45:36,2026-10-05T23:45:36,2026-10-05T23:45:36
6245,立端,2024-04-17,94.3,1.3999999999999915,1.51%,,,,,,,,,ShowDailyK_ChartFlow,FinMind_API_TaiwanStockPrice_6245,True,2026-10-05T23:45:36,2026-10-05T23:45:36,2026-10-05T23:45:36
6245,立端,2024-04-18,95.3,1.0,1.06%,,,,,,,,,ShowDailyK_ChartFlow,FinMind_API_TaiwanStockPrice_6245,True,2026-10-05T23:45:36,2026-10-05T23:45:36,2026-10-05T23:45:36
6245,立端,2024-04-19,92.5,-2.799999999999997,-2.94%,,,,,,,,,ShowDailyK_ChartFlow,FinMind_API_TaiwanStockPrice_6245,True,2026-10-05T23:45:36,2026-10-05T23:45:36,2026-10-05T23:45:36
6245,立端,2024-04-22,92.0,-0.5,-0.54%,,,,,,,,,ShowDailyK_ChartFlow,FinMind_API_TaiwanStockPrice_6245,True,2026-10-05T23:45:36,2026-10-05T23:45:36,2026-10-05T23:45:36
6245,立端,2024-04-23,92.0,0.0,0.00%,,,,,,,,,ShowDailyK_ChartFlow,FinMind_API_TaiwanStockPrice_6245,True,2026-10-05T23:45:36,2026-10-05T23:45:36,2026-10-05T23:45:36
6245,立端,2024-04-24,94.4,2.4000000000000057,2.61%,,,,,,,,,ShowDailyK_ChartFlow,FinMind_API_TaiwanStockPrice_6245,True,2026-10-05T23:45:36,2026-10-05T23:45:36,2026-10-05T23:45:36
6245,立端,2024-04-25,93.8,-0.6000000000000085,-0.64%,,,,,,,,,ShowDailyK_ChartFlow,FinMind_API_TaiwanStockPrice_6245,True,2026-10-05T23:45:36,2026-10-05T23:45:36,2026-10-05T23:45:36
6245,立端,2024-04-26,93.8,0.0,0.00%,,,,,,,,,ShowDailyK_ChartFlow,FinMind_API_TaiwanStockPrice_6245,True,2026-10-05T23:45:36,2026-10-05T23:45:36,2026-10-05T23:45:36
6245,立端,2024-04-29,96.0,2.200000000000003,2.35%,,,,,,,,,ShowDailyK_ChartFlow,FinMind_API_TaiwanStockPrice_6245,True,2026-10-05T23:45:36,2026-10-05T23:45:36,2026-10-05T23:45:36
6245,立端,2024-04-30,95.4,-0.5999999999999943,-0.62%,,,,,,,,,ShowDailyK_ChartFlow,FinMind_API_TaiwanStockPrice_6245,True,2026-10-05T23:45:36,2026-10-05T23:45:36,2026-10-05T23:45:36
6245,立端,2024-05-02,95.7,0.29999999999999716,0.31%,,,,,,,,,ShowDailyK_ChartFlow,FinMind_API_TaiwanStockPrice_6245,True,2026-10-05T23:45:36,2026-10-05T23:45:36,2026-10-05T23:45:36
6245,立端,2024-05-03,96.1,0.3999999999999915,0.42%,,,,,,,,,ShowDailyK_ChartFlow,FinMind_API_TaiwanStockPrice_6245,True,2026-10-05T23:45:36,2026-10-05T23:45:36,2026-10-05T23:45:36
6245,立端,2024-05-06,95.2,-0.8999999999999915,-0.94%,,,,,,,,,ShowDailyK_ChartFlow,FinMind_API_TaiwanStockPrice_6245,True,2026-10-05T23:45:36,2026-10-05T23:45:36,2026-10-05T23:45:36
6245,立端,2024-05-07,95.7,0.5,0.53%,,,,,,,,,ShowDailyK_ChartFlow,FinMind_API_TaiwanStockPrice_6245,True,2026-10-05T23:45:36,2026-10-05T23:45:36,2026-10-05T23:45:36
6245,立端,2024-05-08,96.0,0.29999999999999716,0.31%,,,,,,,,,ShowDailyK_ChartFlow,FinMind_API_TaiwanStockPrice_6245,True,2026-10-05T23:45:36,2026-10-05T23:45:36,2026-10-05T23:45:36
6245,立端,2024-05-09,95.3,-0.7000000000000028,-0.73%,,,,,,,,,ShowDailyK_ChartFlow,FinMind_API_TaiwanStockPrice_6245,True,2026-10-05T23:45:36,2026-10-05T23:45:36,2026-10-05T23:45:36
6245,立端,2024-05-10,94.2,-1.0999999999999943,-1.15%,,,,,,,,,ShowDailyK_ChartFlow,FinMind_API_TaiwanStockPrice_6245,True,2026-10-05T23:45:36,2026-10-05T23:45:36,2026-10-05T23:45:36
6245,立端,2024-05-13,90.8,-3.4000000000000057,-3.61%,,,,,,,,,ShowDailyK_ChartFlow,FinMind_API_TaiwanStockPrice_6245,True,2026-10-05T23:45:36,2026-10-05T23:45:36,2026-10-05T23:45:36
6245,立端,2024-05-14,92.5,1.7000000000000028,1.87%,,,,,,,,,ShowDailyK_ChartFlow,FinMind_API_TaiwanStockPrice_6245,True,2026-10-05T23:45:36,2026-10-05T23:45:36,2026-10-05T23:45:36
6245,立端,2024-05-15,91.9,-0.5999999999999943,-0.65%,,,,,,,,,ShowDailyK_ChartFlow,FinMind_API_TaiwanStockPrice_6245,True,2026-10-05T23:45:36,2026-10-05T23:45:36,2026-10-05T23:45:36
6245,立端,2024-05-16,92.3,0.3999999999999915,0.44%,,,,,,,,,ShowDailyK_ChartFlow,FinMind_API_TaiwanStockPrice_6245,True,2026-10-05T23:45:36,2026-10-05T23:45:36,2026-10-05T23:45:36
6245,立端,2024-05-17,92.2,-0.09999999999999432,-0.11%,,,,,,,,,ShowDailyK_ChartFlow,FinMind_API_TaiwanStockPrice_6245,True,2026-10-05T23:45:36,2026-10-05T23:45:36,2026-10-05T23:45:36
6245,立端,2024-05-20,92.0,-0.20000000000000284,-0.22%,,,,,,,,,ShowDailyK_ChartFlow,FinMind_API_TaiwanStockPrice_6245,True,2026-10-05T23:45:36,2026-10-05T23:45:36,2026-10-05T23:45:36
6245,立端,2024-05-21,92.8,0.7999999999999972,0.87%,,,,,,,,,ShowDailyK_ChartFlow,FinMind_API_TaiwanStockPrice_6245,True,2026-10-05T23:45:36,2026-10-05T23:45:36,2026-10-05T23:45:36
6245,立端,2024-05-22,93.6,0.7999999999999972,0.86%,,,,,,,,,ShowDailyK_ChartFlow,FinMind_API_TaiwanStockPrice_6245,True,2026-10-05T23:45:36,2026-10-05T23:45:36,2026-10-05T23:45:36
6245,立端,2024-05-23,94.3,0.7000000000000028,0.75%,,,,,,,,,ShowDailyK_ChartFlow,FinMind_API_TaiwanStockPrice_6245,True,2026-10-05T23:45:36,2026-10-05T23:45:36,2026-10-05T23:45:36
6245,立端,2024-05-24,93.8,-0.5,-0.53%,,,,,,,,,ShowDailyK_ChartFlow,FinMind_API_TaiwanStockPrice_6245,True,2026-10-05T23:45:36,2026-10-05T23:45:36,2026-10-05T23:45:36
6245,立端,2024-05-27,94.0,0.20000000000000284,0.21%,,,,,,,,,ShowDailyK_ChartFlow,FinMind_API_TaiwanStockPrice_6245,True,2026-10-05T23:45:36,2026-10-05T23:45:36,2026-10-05T23:45:36
6245,立端,2024-05-28,96.5,2.5,2.66%,,,,,,,,,ShowDailyK_ChartFlow,FinMind_API_TaiwanStockPrice_6245,True,2026-10-05T23:45:36,2026-10-05T23:45:36,2026-10-05T23:45:36
6245,立端,2024-05-29,95.4,-1.0999999999999943,-1.14%,,,,,,,,,ShowDailyK_ChartFlow,FinMind_API_TaiwanStockPrice_6245,True,2026-10-05T23:45:36,2026-10-05T23:45:36,2026-10-05T23:45:36
6245,立端,2024-05-30,94.1,-1.3000000000000114,-1.36%,,,,,,,,,ShowDailyK_ChartFlow,FinMind_API_TaiwanStockPrice_6245,True,2026-10-05T23:45:36,2026-10-05T23:45:36,2026-10-05T23:45:36
6245,立端,2024-05-31,93.6,-0.5,-0.53%,,,,,,,,,ShowDailyK_ChartFlow,FinMind_API_TaiwanStockPrice_6245,True,2026-10-05T23:45:36,2026-10-05T23:45:36,2026-10-05T23:45:36
6245,立端,2024-06-03,102.5,8.900000000000006,9.51%,,,,,,,,,ShowDailyK_ChartFlow,FinMind_API_TaiwanStockPrice_6245,True,2026-10-05T23:45:36,2026-10-05T23:45:36,2026-10-05T23:45:36
6245,立端,2024-06-04,100.0,-2.5,-2.44%,,,,,,,,,ShowDailyK_ChartFlow,FinMind_API_TaiwanStockPrice_6245,True,2026-10-05T23:45:36,2026-10-05T23:45:36,2026-10-05T23:45:36
6245,立端,2024-06-05,97.3,-2.700000000000003,-2.70%,,,,,,,,,ShowDailyK_ChartFlow,FinMind_API_TaiwanStockPrice_6245,True,2026-10-05T23:45:36,2026-10-05T23:45:36,2026-10-05T23:45:36
6245,立端,2024-06-06,96.2,-1.0999999999999943,-1.13%,,,,,,,,,ShowDailyK_ChartFlow,FinMind_API_TaiwanStockPrice_6245,True,2026-10-05T23:45:36,2026-10-05T23:45:36,2026-10-05T23:45:36
6245,立端,2024-06-07,97.9,1.7000000000000028,1.77%,,,,,,,,,ShowDailyK_ChartFlow,FinMind_API_TaiwanStockPrice_6245,True,2026-10-05T23:45:36,2026-10-05T23:45:36,2026-10-05T23:45:36
6245,立端,2024-06-11,95.0,-2.9000000000000057,-2.96%,,,,,,,,,ShowDailyK_ChartFlow,FinMind_API_TaiwanStockPrice_6245,True,2026-10-05T23:45:36,2026-10-05T23:45:36,2026-10-05T23:45:36
6245,立端,2024-06-12,95.5,0.5,0.53%,,,,,,,,,ShowDailyK_ChartFlow,FinMind_API_TaiwanStockPrice_6245,True,2026-10-05T23:45:36,2026-10-05T23:45:36,2026-10-05T23:45:36
6245,立端,2024-06-13,98.0,2.5,2.62%,,,,,,,,,ShowDailyK_ChartFlow,FinMind_API_TaiwanStockPrice_6245,True,2026-10-05T23:45:36,2026-10-05T23:45:36,2026-10-05T23:45:36
6245,立端,2024-06-14,97.5,-0.5,-0.51%,,,,,,,,,ShowDailyK_ChartFlow,FinMind_API_TaiwanStockPrice_6245,True,2026-10-05T23:45:36,2026-10-05T23:45:36,2026-10-05T23:45:36
6245,立端,2024-06-17,98.9,1.4000000000000057,1.44%,,,,,,,,,ShowDailyK_ChartFlow,FinMind_API_TaiwanStockPrice_6245,True,2026-10-05T23:45:36,2026-10-05T23:45:36,2026-10-05T23:45:36
6245,立端,2024-06-18,98.1,-0.8000000000000114,-0.81%,,,,,,,,,ShowDailyK_ChartFlow,FinMind_API_TaiwanStockPrice_6245,True,2026-10-05T23:45:36,2026-10-05T23:45:36,2026-10-05T23:45:36
6245,立端,2024-06-19,98.3,0.20000000000000284,0.20%,,,,,,,,,ShowDailyK_ChartFlow,FinMind_API_TaiwanStockPrice_6245,True,2026-10-05T23:45:36,2026-10-05T23:45:36,2026-10-05T23:45:36
6245,立端,2024-06-20,97.9,-0.3999999999999915,-0.41%,,,,,,,,,ShowDailyK_ChartFlow,FinMind_API_TaiwanStockPrice_6245,True,2026-10-05T23:45:36,2026-10-05T23:45:36,2026-10-05T23:45:36
6245,立端,2024-06-21,97.9,0.0,0.00%,,,,,,,,,ShowDailyK_ChartFlow,FinMind_API_TaiwanStockPrice_6245,True,2026-10-05T23:45:36,2026-10-05T23:45:36,2026-10-05T23:45:36
6245,立端,2024-06-24,96.7,-1.2000000000000028,-1.23%,,,,,,,,,ShowDailyK_ChartFlow,FinMind_API_TaiwanStockPrice_6245,True,2026-10-05T23:45:36,2026-10-05T23:45:36,2026-10-05T23:45:36
6245,立端,2024-06-25,95.5,-1.2000000000000028,-1.24%,,,,,,,,,ShowDailyK_ChartFlow,FinMind_API_TaiwanStockPrice_6245,True,2026-10-05T23:45:36,2026-10-05T23:45:36,2026-10-05T23:45:36
6245,立端,2024-06-26,95.2,-0.29999999999999716,-0.31%,,,,,,,,,ShowDailyK_ChartFlow,FinMind_API_TaiwanStockPrice_6245,True,2026-10-05T23:45:36,2026-10-05T23:45:36,2026-10-05T23:45:36
6245,立端,2024-06-27,94.8,-0.4000000000000057,-0.42%,,,,,,,,,ShowDailyK_ChartFlow,FinMind_API_TaiwanStockPrice_6245,True,2026-10-05T23:45:36,2026-10-05T23:45:36,2026-10-05T23:45:36
6245,立端,2024-06-28,95.3,0.5,0.53%,,,,,,,,,ShowDailyK_ChartFlow,FinMind_API_TaiwanStockPrice_6245,True,2026-10-05T23:45:36,2026-10-05T23:45:36,2026-10-05T23:45:36
6245,立端,2024-07-01,96.3,1.0,1.05%,,,,,,,,,ShowDailyK_ChartFlow,FinMind_API_TaiwanStockPrice_6245,True,2026-10-05T23:45:36,2026-10-05T23:45:36,2026-10-05T23:45:36
6245,立端,2024-07-02,96.5,0.20000000000000284,0.21%,,,,,,,,,ShowDailyK_ChartFlow,FinMind_API_TaiwanStockPrice_6245,True,2026-10-05T23:45:36,2026-10-05T23:45:36,2026-10-05T23:45:36
6245,立端,2024-07-03,97.2,0.7000000000000028,0.73%,,,,,,,,,ShowDailyK_ChartFlow,FinMind_API_TaiwanStockPrice_6245,True,2026-10-05T23:45:36,2026-10-05T23:45:36,2026-10-05T23:45:36
6245,立端,2024-07-04,98.5,1.2999999999999972,1.34%,,,,,,,,,ShowDailyK_ChartFlow,FinMind_API_TaiwanStockPrice_6245,True,2026-10-05T23:45:36,2026-10-05T23:45:36,2026-10-05T23:45:36
6245,立端,2024-07-05,98.7,0.20000000000000284,0.20%,,,,,,,,,ShowDailyK_ChartFlow,FinMind_API_TaiwanStockPrice_6245,True,2026-10-05T23:45:36,2026-10-05T23:45:36,2026-10-05T23:45:36
6245,立端,2024-07-08,97.2,-1.5,-1.52%,,,,,,,,,ShowDailyK_ChartFlow,FinMind_API_TaiwanStockPrice_6245,True,2026-10-05T23:45:36,2026-10-05T23:45:36,2026-10-05T23:45:36
6245,立端,2024-07-09,96.7,-0.5,-0.51%,,,,,,,,,ShowDailyK_ChartFlow,FinMind_API_TaiwanStockPrice_6245,True,2026-10-05T23:45:36,2026-10-05T23:45:36,2026-10-05T23:45:36
6245,立端,2024-07-10,98.3,1.5999999999999943,1.65%,,,,,,,,,ShowDailyK_ChartFlow,FinMind_API_TaiwanStockPrice_6245,True,2026-10-05T23:45:36,2026-10-05T23:45:36,2026-10-05T23:45:36
6245,立端,2024-07-11,101.5,3.200000000000003,3.26%,,,,,,,,,ShowDailyK_ChartFlow,FinMind_API_TaiwanStockPrice_6245,True,2026-10-05T23:45:36,2026-10-05T23:45:36,2026-10-05T23:45:36
6245,立端,2024-07-12,102.0,0.5,0.49%,,,,,,,,,ShowDailyK_ChartFlow,FinMind_API_TaiwanStockPrice_6245,True,2026-10-05T23:45:36,2026-10-05T23:45:36,2026-10-05T23:45:36
6245,立端,2024-07-15,100.5,-1.5,-1.47%,,,,,,,,,ShowDailyK_ChartFlow,FinMind_API_TaiwanStockPrice_6245,True,2026-10-05T23:45:36,2026-10-05T23:45:36,2026-10-05T23:45:36
6245,立端,2024-07-16,100.0,-0.5,-0.50%,,,,,,,,,ShowDailyK_ChartFlow,FinMind_API_TaiwanStockPrice_6245,True,2026-10-05T23:45:36,2026-10-05T23:45:36,2026-10-05T23:45:36
6245,立端,2024-07-17,99.5,-0.5,-0.50%,,,,,,,,,ShowDailyK_ChartFlow,FinMind_API_TaiwanStockPrice_6245,True,2026-10-05T23:45:36,2026-10-05T23:45:36,2026-10-05T23:45:36
6245,立端,2024-07-18,98.9,-0.5999999999999943,-0.60%,,,,,,,,,ShowDailyK_ChartFlow,FinMind_API_TaiwanStockPrice_6245,True,2026-10-05T23:45:36,2026-10-05T23:45:36,2026-10-05T23:45:36
6245,立端,2024-07-19,99.3,0.3999999999999915,0.40%,,,,,,,,,ShowDailyK_ChartFlow,FinMind_API_TaiwanStockPrice_6245,True,2026-10-05T23:45:36,2026-10-05T23:45:36,2026-10-05T23:45:36
6245,立端,2024-07-22,96.2,-3.0999999999999943,-3.12%,,,,,,,,,ShowDailyK_ChartFlow,FinMind_API_TaiwanStockPrice_6245,True,2026-10-05T23:45:36,2026-10-05T23:45:36,2026-10-05T23:45:36
6245,立端,2024-07-23,96.5,0.29999999999999716,0.31%,,,,,,,,,ShowDailyK_ChartFlow,FinMind_API_TaiwanStockPrice_6245,True,2026-10-05T23:45:36,2026-10-05T23:45:36,2026-10-05T23:45:36
6245,立端,2024-07-26,95.0,-1.5,-1.55%,,,,,,,,,ShowDailyK_ChartFlow,FinMind_API_TaiwanStockPrice_6245,True,2026-10-05T23:45:36,2026-10-05T23:45:36,2026-10-05T23:45:36
6245,立端,2024-07-29,92.1,-2.9000000000000057,-3.05%,,,,,,,,,ShowDailyK_ChartFlow,FinMind_API_TaiwanStockPrice_6245,True,2026-10-05T23:45:36,2026-10-05T23:45:36,2026-10-05T23:45:36
6245,立端,2024-07-30,93.3,1.2000000000000028,1.30%,,,,,,,,,ShowDailyK_ChartFlow,FinMind_API_TaiwanStockPrice_6245,True,2026-10-05T23:45:36,2026-10-05T23:45:36,2026-10-05T23:45:36
6245,立端,2024-07-31,93.8,0.5,0.54%,,,,,,,,,ShowDailyK_ChartFlow,FinMind_API_TaiwanStockPrice_6245,True,2026-10-05T23:45:36,2026-10-05T23:45:36,2026-10-05T23:45:36
6245,立端,2024-08-01,96.3,2.5,2.67%,,,,,,,,,ShowDailyK_ChartFlow,FinMind_API_TaiwanStockPrice_6245,True,2026-10-05T23:45:36,2026-10-05T23:45:36,2026-10-05T23:45:36
6245,立端,2024-08-02,93.7,-2.5999999999999943,-2.70%,,,,,,,,,ShowDailyK_ChartFlow,FinMind_API_TaiwanStockPrice_6245,True,2026-10-05T23:45:36,2026-10-05T23:45:36,2026-10-05T23:45:36
6245,立端,2024-08-05,84.5,-9.200000000000003,-9.82%,,,,,,,,,ShowDailyK_ChartFlow,FinMind_API_TaiwanStockPrice_6245,True,2026-10-05T23:45:36,2026-10-05T23:45:36,2026-10-05T23:45:36
6245,立端,2024-08-06,84.8,0.29999999999999716,0.36%,,,,,,,,,ShowDailyK_ChartFlow,FinMind_API_TaiwanStockPrice_6245,True,2026-10-05T23:45:36,2026-10-05T23:45:36,2026-10-05T23:45:36
6245,立端,2024-08-07,89.4,4.6000000000000085,5.42%,,,,,,,,,ShowDailyK_ChartFlow,FinMind_API_TaiwanStockPrice_6245,True,2026-10-05T23:45:36,2026-10-05T23:45:36,2026-10-05T23:45:36
6245,立端,2024-08-08,87.7,-1.7000000000000028,-1.90%,,,,,,,,,ShowDailyK_ChartFlow,FinMind_API_TaiwanStockPrice_6245,True,2026-10-05T23:45:36,2026-10-05T23:45:36,2026-10-05T23:45:36
6245,立端,2024-08-09,88.8,1.0999999999999943,1.25%,,,,,,,,,ShowDailyK_ChartFlow,FinMind_API_TaiwanStockPrice_6245,True,2026-10-05T23:45:36,2026-10-05T23:45:36,2026-10-05T23:45:36
6245,立端,2024-08-12,89.7,0.9000000000000057,1.01%,,,,,,,,,ShowDailyK_ChartFlow,FinMind_API_TaiwanStockPrice_6245,True,2026-10-05T23:45:36,2026-10-05T23:45:36,2026-10-05T23:45:36
6245,立端,2024-08-13,94.3,4.599999999999994,5.13%,,,,,,,,,ShowDailyK_ChartFlow,FinMind_API_TaiwanStockPrice_6245,True,2026-10-05T23:45:36,2026-10-05T23:45:36,2026-10-05T23:45:36
6245,立端,2024-08-14,94.1,-0.20000000000000284,-0.21%,,,,,,,,,ShowDailyK_ChartFlow,FinMind_API_TaiwanStockPrice_6245,True,2026-10-05T23:45:36,2026-10-05T23:45:36,2026-10-05T23:45:36
6245,立端,2024-08-15,94.4,0.30000000000001137,0.32%,,,,,,,,,ShowDailyK_ChartFlow,FinMind_API_TaiwanStockPrice_6245,True,2026-10-05T23:45:36,2026-10-05T23:45:36,2026-10-05T23:45:36
6245,立端,2024-08-16,94.9,0.5,0.53%,,,,,,,,,ShowDailyK_ChartFlow,FinMind_API_TaiwanStockPrice_6245,True,2026-10-05T23:45:36,2026-10-05T23:45:36,2026-10-05T23:45:36
6245,立端,2024-08-19,97.1,2.1999999999999886,2.32%,,,,,,,,,ShowDailyK_ChartFlow,FinMind_API_TaiwanStockPrice_6245,True,2026-10-05T23:45:36,2026-10-05T23:45:36,2026-10-05T23:45:36
6245,立端,2024-08-20,98.0,0.9000000000000057,0.93%,,,,,,,,,ShowDailyK_ChartFlow,FinMind_API_TaiwanStockPrice_6245,True,2026-10-05T23:45:36,2026-10-05T23:45:36,2026-10-05T23:45:36
6245,立端,2024-08-21,98.0,0.0,0.00%,,,,,,,,,ShowDailyK_ChartFlow,FinMind_API_TaiwanStockPrice_6245,True,2026-10-05T23:45:36,2026-10-05T23:45:36,2026-10-05T23:45:36
6245,立端,2024-08-22,97.2,-0.7999999999999972,-0.82%,,,,,,,,,ShowDailyK_ChartFlow,FinMind_API_TaiwanStockPrice_6245,True,2026-10-05T23:45:36,2026-10-05T23:45:36,2026-10-05T23:45:36
6245,立端,2024-08-23,97.2,0.0,0.00%,,,,,,,,,ShowDailyK_ChartFlow,FinMind_API_TaiwanStockPrice_6245,True,2026-10-05T23:45:36,2026-10-05T23:45:36,2026-10-05T23:45:36
6245,立端,2024-08-26,96.9,-0.29999999999999716,-0.31%,,,,,,,,,ShowDailyK_ChartFlow,FinMind_API_TaiwanStockPrice_6245,True,2026-10-05T23:45:36,2026-10-05T23:45:36,2026-10-05T23:45:36
6245,立端,2024-08-27,96.9,0.0,0.00%,,,,,,,,,ShowDailyK_ChartFlow,FinMind_API_TaiwanStockPrice_6245,True,2026-10-05T23:45:36,2026-10-05T23:45:36,2026-10-05T23:45:36
6245,立端,2024-08-28,97.9,1.0,1.03%,,,,,,,,,ShowDailyK_ChartFlow,FinMind_API_TaiwanStockPrice_6245,True,2026-10-05T23:45:36,2026-10-05T23:45:36,2026-10-05T23:45:36
6245,立端,2024-08-29,95.2,-2.700000000000003,-2.76%,,,,,,,,,ShowDailyK_ChartFlow,FinMind_API_TaiwanStockPrice_6245,True,2026-10-05T23:45:36,2026-10-05T23:45:36,2026-10-05T23:45:36
6245,立端,2024-08-30,95.5,0.29999999999999716,0.32%,,,,,,,,,ShowDailyK_ChartFlow,FinMind_API_TaiwanStockPrice_6245,True,2026-10-05T23:45:36,2026-10-05T23:45:36,2026-10-05T23:45:36
6245,立端,2024-09-02,94.9,-0.5999999999999943,-0.63%,,,,,,,,,ShowDailyK_ChartFlow,FinMind_API_TaiwanStockPrice_6245,True,2026-10-05T23:45:36,2026-10-05T23:45:36,2026-10-05T23:45:36
6245,立端,2024-09-03,94.3,-0.6000000000000085,-0.63%,,,,,,,,,ShowDailyK_ChartFlow,FinMind_API_TaiwanStockPrice_6245,True,2026-10-05T23:45:36,2026-10-05T23:45:36,2026-10-05T23:45:36
6245,立端,2024-09-04,92.8,-1.5,-1.59%,,,,,,,,,ShowDailyK_ChartFlow,FinMind_API_TaiwanStockPrice_6245,True,2026-10-05T23:45:36,2026-10-05T23:45:36,2026-10-05T23:45:36
6245,立端,2024-09-05,92.0,-0.7999999999999972,-0.86%,,,,,,,,,ShowDailyK_ChartFlow,FinMind_API_TaiwanStockPrice_6245,True,2026-10-05T23:45:36,2026-10-05T23:45:36,2026-10-05T23:45:36
6245,立端,2024-09-06,92.4,0.4000000000000057,0.43%,,,,,,,,,ShowDailyK_ChartFlow,FinMind_API_TaiwanStockPrice_6245,True,2026-10-05T23:45:36,2026-10-05T23:45:36,2026-10-05T23:45:36
6245,立端,2024-09-09,92.4,0.0,0.00%,,,,,,,,,ShowDailyK_ChartFlow,FinMind_API_TaiwanStockPrice_6245,True,2026-10-05T23:45:36,2026-10-05T23:45:36,2026-10-05T23:45:36
6245,立端,2024-09-10,87.3,-5.1000000000000085,-5.52%,,,,,,,,,ShowDailyK_ChartFlow,FinMind_API_TaiwanStockPrice_6245,True,2026-10-05T23:45:36,2026-10-05T23:45:36,2026-10-05T23:45:36
6245,立端,2024-09-11,87.4,0.10000000000000853,0.11%,,,,,,,,,ShowDailyK_ChartFlow,FinMind_API_TaiwanStockPrice_6245,True,2026-10-05T23:45:36,2026-10-05T23:45:36,2026-10-05T23:45:36
6245,立端,2024-09-12,90.1,2.6999999999999886,3.09%,,,,,,,,,ShowDailyK_ChartFlow,FinMind_API_TaiwanStockPrice_6245,True,2026-10-05T23:45:36,2026-10-05T23:45:36,2026-10-05T23:45:36
6245,立端,2024-09-13,90.0,-0.09999999999999432,-0.11%,,,,,,,,,ShowDailyK_ChartFlow,FinMind_API_TaiwanStockPrice_6245,True,2026-10-05T23:45:36,2026-10-05T23:45:36,2026-10-05T23:45:36
6245,立端,2024-09-16,90.6,0.5999999999999943,0.67%,,,,,,,,,ShowDailyK_ChartFlow,FinMind_API_TaiwanStockPrice_6245,True,2026-10-05T23:45:36,2026-10-05T23:45:36,2026-10-05T23:45:36
6245,立端,2024-09-18,89.5,-1.0999999999999943,-1.21%,,,,,,,,,ShowDailyK_ChartFlow,FinMind_API_TaiwanStockPrice_6245,True,2026-10-05T23:45:36,2026-10-05T23:45:36,2026-10-05T23:45:36
6245,立端,2024-09-19,90.2,0.7000000000000028,0.78%,,,,,,,,,ShowDailyK_ChartFlow,FinMind_API_TaiwanStockPrice_6245,True,2026-10-05T23:45:36,2026-10-05T23:45:36,2026-10-05T23:45:36
6245,立端,2024-09-20,90.5,0.29999999999999716,0.33%,,,,,,,,,ShowDailyK_ChartFlow,FinMind_API_TaiwanStockPrice_6245,True,2026-10-05T23:45:36,2026-10-05T23:45:36,2026-10-05T23:45:36
6245,立端,2024-09-23,91.0,0.5,0.55%,,,,,,,,,ShowDailyK_ChartFlow,FinMind_API_TaiwanStockPrice_6245,True,2026-10-05T23:45:36,2026-10-05T23:45:36,2026-10-05T23:45:36
6245,立端,2024-09-24,90.4,-0.5999999999999943,-0.66%,,,,,,,,,ShowDailyK_ChartFlow,FinMind_API_TaiwanStockPrice_6245,True,2026-10-05T23:45:36,2026-10-05T23:45:36,2026-10-05T23:45:36
6245,立端,2024-09-25,91.1,0.6999999999999886,0.77%,,,,,,,,,ShowDailyK_ChartFlow,FinMind_API_TaiwanStockPrice_6245,True,2026-10-05T23:45:36,2026-10-05T23:45:36,2026-10-05T23:45:36
6245,立端,2024-09-26,90.4,-0.6999999999999886,-0.77%,,,,,,,,,ShowDailyK_ChartFlow,FinMind_API_TaiwanStockPrice_6245,True,2026-10-05T23:45:36,2026-10-05T23:45:36,2026-10-05T23:45:36
6245,立端,2024-09-27,90.7,0.29999999999999716,0.33%,,,,,,,,,ShowDailyK_ChartFlow,FinMind_API_TaiwanStockPrice_6245,True,2026-10-05T23:45:36,2026-10-05T23:45:36,2026-10-05T23:45:36
6245,立端,2024-09-30,89.1,-1.6000000000000085,-1.76%,,,,,,,,,ShowDailyK_ChartFlow,FinMind_API_TaiwanStockPrice_6245,True,2026-10-05T23:45:36,2026-10-05T23:45:36,2026-10-05T23:45:36
6245,立端,2024-10-01,89.1,0.0,0.00%,,,,,,,,,ShowDailyK_ChartFlow,FinMind_API_TaiwanStockPrice_6245,True,2026-10-05T23:45:36,2026-10-05T23:45:36,2026-10-05T23:45:36
6245,立端,2024-10-04,88.6,-0.5,-0.56%,,,,,,,,,ShowDailyK_ChartFlow,FinMind_API_TaiwanStockPrice_6245,True,2026-10-05T23:45:36,2026-10-05T23:45:36,2026-10-05T23:45:36
6245,立端,2024-10-07,89.1,0.5,0.56%,,,,,,,,,ShowDailyK_ChartFlow,FinMind_API_TaiwanStockPrice_6245,True,2026-10-05T23:45:36,2026-10-05T23:45:36,2026-10-05T23:45:36
6245,立端,2024-10-08,88.3,-0.7999999999999972,-0.90%,,,,,,,,,ShowDailyK_ChartFlow,FinMind_API_TaiwanStockPrice_6245,True,2026-10-05T23:45:36,2026-10-05T23:45:36,2026-10-05T23:45:36
6245,立端,2024-10-09,87.7,-0.5999999999999943,-0.68%,,,,,,,,,ShowDailyK_ChartFlow,FinMind_API_TaiwanStockPrice_6245,True,2026-10-05T23:45:36,2026-10-05T23:45:36,2026-10-05T23:45:36
6245,立端,2024-10-11,87.8,0.09999999999999432,0.11%,,,,,,,,,ShowDailyK_ChartFlow,FinMind_API_TaiwanStockPrice_6245,True,2026-10-05T23:45:36,2026-10-05T23:45:36,2026-10-05T23:45:36
6245,立端,2024-10-14,91.5,3.700000000000003,4.21%,,,,,,,,,ShowDailyK_ChartFlow,FinMind_API_TaiwanStockPrice_6245,True,2026-10-05T23:45:36,2026-10-05T23:45:36,2026-10-05T23:45:36
6245,立端,2024-10-15,91.8,0.29999999999999716,0.33%,,,,,,,,,ShowDailyK_ChartFlow,FinMind_API_TaiwanStockPrice_6245,True,2026-10-05T23:45:36,2026-10-05T23:45:36,2026-10-05T23:45:36
6245,立端,2024-10-16,92.4,0.6000000000000085,0.65%,,,,,,,,,ShowDailyK_ChartFlow,FinMind_API_TaiwanStockPrice_6245,True,2026-10-05T23:45:36,2026-10-05T23:45:36,2026-10-05T23:45:36
6245,立端,2024-10-17,92.4,0.0,0.00%,,,,,,,,,ShowDailyK_ChartFlow,FinMind_API_TaiwanStockPrice_6245,True,2026-10-05T23:45:36,2026-10-05T23:45:36,2026-10-05T23:45:36
6245,立端,2024-10-18,91.4,-1.0,-1.08%,,,,,,,,,ShowDailyK_ChartFlow,FinMind_API_TaiwanStockPrice_6245,True,2026-10-05T23:45:36,2026-10-05T23:45:36,2026-10-05T23:45:36
6245,立端,2024-10-21,92.3,0.8999999999999915,0.98%,,,,,,,,,ShowDailyK_ChartFlow,FinMind_API_TaiwanStockPrice_6245,True,2026-10-05T23:45:36,2026-10-05T23:45:36,2026-10-05T23:45:36
6245,立端,2024-10-22,92.7,0.4000000000000057,0.43%,,,,,,,,,ShowDailyK_ChartFlow,FinMind_API_TaiwanStockPrice_6245,True,2026-10-05T23:45:36,2026-10-05T23:45:36,2026-10-05T23:45:36
6245,立端,2024-10-23,92.7,0.0,0.00%,,,,,,,,,ShowDailyK_ChartFlow,FinMind_API_TaiwanStockPrice_6245,True,2026-10-05T23:45:36,2026-10-05T23:45:36,2026-10-05T23:45:36
6245,立端,2024-10-24,91.7,-1.0,-1.08%,,,,,,,,,ShowDailyK_ChartFlow,FinMind_API_TaiwanStockPrice_6245,True,2026-10-05T23:45:36,2026-10-05T23:45:36,2026-10-05T23:45:36
6245,立端,2024-10-25,91.8,0.09999999999999432,0.11%,,,,,,,,,ShowDailyK_ChartFlow,FinMind_API_TaiwanStockPrice_6245,True,2026-10-05T23:45:36,2026-10-05T23:45:36,2026-10-05T23:45:36
6245,立端,2024-10-28,91.4,-0.3999999999999915,-0.44%,,,,,,,,,ShowDailyK_ChartFlow,FinMind_API_TaiwanStockPrice_6245,True,2026-10-05T23:45:36,2026-10-05T23:45:36,2026-10-05T23:45:36
6245,立端,2024-10-29,90.7,-0.7000000000000028,-0.77%,,,,,,,,,ShowDailyK_ChartFlow,FinMind_API_TaiwanStockPrice_6245,True,2026-10-05T23:45:36,2026-10-05T23:45:36,2026-10-05T23:45:36
6245,立端,2024-10-30,89.5,-1.2000000000000028,-1.32%,,,,,,,,,ShowDailyK_ChartFlow,FinMind_API_TaiwanStockPrice_6245,True,2026-10-05T23:45:36,2026-10-05T23:45:36,2026-10-05T23:45:36
6245,立端,2024-11-01,89.8,0.29999999999999716,0.34%,,,,,,,,,ShowDailyK_ChartFlow,FinMind_API_TaiwanStockPrice_6245,True,2026-10-05T23:45:36,2026-10-05T23:45:36,2026-10-05T23:45:36
6245,立端,2024-11-04,89.3,-0.5,-0.56%,,,,,,,,,ShowDailyK_ChartFlow,FinMind_API_TaiwanStockPrice_6245,True,2026-10-05T23:45:36,2026-10-05T23:45:36,2026-10-05T23:45:36
6245,立端,2024-11-05,88.6,-0.7000000000000028,-0.78%,,,,,,,,,ShowDailyK_ChartFlow,FinMind_API_TaiwanStockPrice_6245,True,2026-10-05T23:45:36,2026-10-05T23:45:36,2026-10-05T23:45:36
6245,立端,2024-11-06,89.5,0.9000000000000057,1.02%,,,,,,,,,ShowDailyK_ChartFlow,FinMind_API_TaiwanStockPrice_6245,True,2026-10-05T23:45:36,2026-10-05T23:45:36,2026-10-05T23:45:36
6245,立端,2024-11-07,92.2,2.700000000000003,3.02%,,,,,,,,,ShowDailyK_ChartFlow,FinMind_API_TaiwanStockPrice_6245,True,2026-10-05T23:45:36,2026-10-05T23:45:36,2026-10-05T23:45:36
6245,立端,2024-11-08,91.0,-1.2000000000000028,-1.30%,,,,,,,,,ShowDailyK_ChartFlow,FinMind_API_TaiwanStockPrice_6245,True,2026-10-05T23:45:36,2026-10-05T23:45:36,2026-10-05T23:45:36
6245,立端,2024-11-11,91.7,0.7000000000000028,0.77%,,,,,,,,,ShowDailyK_ChartFlow,FinMind_API_TaiwanStockPrice_6245,True,2026-10-05T23:45:36,2026-10-05T23:45:36,2026-10-05T23:45:36
6245,立端,2024-11-12,89.6,-2.1000000000000085,-2.29%,,,,,,,,,ShowDailyK_ChartFlow,FinMind_API_TaiwanStockPrice_6245,True,2026-10-05T23:45:36,2026-10-05T23:45:36,2026-10-05T23:45:36
6245,立端,2024-11-13,89.4,-0.19999999999998863,-0.22%,,,,,,,,,ShowDailyK_ChartFlow,FinMind_API_TaiwanStockPrice_6245,True,2026-10-05T23:45:36,2026-10-05T23:45:36,2026-10-05T23:45:36
6245,立端,2024-11-14,88.0,-1.4000000000000057,-1.57%,,,,,,,,,ShowDailyK_ChartFlow,FinMind_API_TaiwanStockPrice_6245,True,2026-10-05T23:45:36,2026-10-05T23:45:36,2026-10-05T23:45:36
6245,立端,2024-11-15,88.3,0.29999999999999716,0.34%,,,,,,,,,ShowDailyK_ChartFlow,FinMind_API_TaiwanStockPrice_6245,True,2026-10-05T23:45:36,2026-10-05T23:45:36,2026-10-05T23:45:36
6245,立端,2024-11-18,87.2,-1.0999999999999943,-1.25%,,,,,,,,,ShowDailyK_ChartFlow,FinMind_API_TaiwanStockPrice_6245,True,2026-10-05T23:45:36,2026-10-05T23:45:36,2026-10-05T23:45:36
6245,立端,2024-11-19,89.6,2.3999999999999915,2.75%,,,,,,,,,ShowDailyK_ChartFlow,FinMind_API_TaiwanStockPrice_6245,True,2026-10-05T23:45:36,2026-10-05T23:45:36,2026-10-05T23:45:36
6245,立端,2024-11-20,89.5,-0.09999999999999432,-0.11%,,,,,,,,,ShowDailyK_ChartFlow,FinMind_API_TaiwanStockPrice_6245,True,2026-10-05T23:45:36,2026-10-05T23:45:36,2026-10-05T23:45:36
6245,立端,2024-11-21,90.3,0.7999999999999972,0.89%,,,,,,,,,ShowDailyK_ChartFlow,FinMind_API_TaiwanStockPrice_6245,True,2026-10-05T23:45:36,2026-10-05T23:45:36,2026-10-05T23:45:36
6245,立端,2024-11-22,91.6,1.2999999999999972,1.44%,,,,,,,,,ShowDailyK_ChartFlow,FinMind_API_TaiwanStockPrice_6245,True,2026-10-05T23:45:36,2026-10-05T23:45:36,2026-10-05T23:45:36
6245,立端,2024-11-25,92.6,1.0,1.09%,,,,,,,,,ShowDailyK_ChartFlow,FinMind_API_TaiwanStockPrice_6245,True,2026-10-05T23:45:36,2026-10-05T23:45:36,2026-10-05T23:45:36
6245,立端,2024-11-26,92.8,0.20000000000000284,0.22%,,,,,,,,,ShowDailyK_ChartFlow,FinMind_API_TaiwanStockPrice_6245,True,2026-10-05T23:45:36,2026-10-05T23:45:36,2026-10-05T23:45:36
6245,立端,2024-11-27,91.8,-1.0,-1.08%,,,,,,,,,ShowDailyK_ChartFlow,FinMind_API_TaiwanStockPrice_6245,True,2026-10-05T23:45:36,2026-10-05T23:45:36,2026-10-05T23:45:36
6245,立端,2024-11-28,89.9,-1.8999999999999915,-2.07%,,,,,,,,,ShowDailyK_ChartFlow,FinMind_API_TaiwanStockPrice_6245,True,2026-10-05T23:45:36,2026-10-05T23:45:36,2026-10-05T23:45:36
6245,立端,2024-11-29,90.0,0.09999999999999432,0.11%,,,,,,,,,ShowDailyK_ChartFlow,FinMind_API_TaiwanStockPrice_6245,True,2026-10-05T23:45:36,2026-10-05T23:45:36,2026-10-05T23:45:36
6245,立端,2024-12-02,90.9,0.9000000000000057,1.00%,,,,,,,,,ShowDailyK_ChartFlow,FinMind_API_TaiwanStockPrice_6245,True,2026-10-05T23:45:36,2026-10-05T23:45:36,2026-10-05T23:45:36
6245,立端,2024-12-03,91.6,0.6999999999999886,0.77%,,,,,,,,,ShowDailyK_ChartFlow,FinMind_API_TaiwanStockPrice_6245,True,2026-10-05T23:45:36,2026-10-05T23:45:36,2026-10-05T23:45:36
6245,立端,2024-12-04,93.5,1.9000000000000057,2.07%,,,,,,,,,ShowDailyK_ChartFlow,FinMind_API_TaiwanStockPrice_6245,True,2026-10-05T23:45:36,2026-10-05T23:45:36,2026-10-05T23:45:36
6245,立端,2024-12-05,93.7,0.20000000000000284,0.21%,,,,,,,,,ShowDailyK_ChartFlow,FinMind_API_TaiwanStockPrice_6245,True,2026-10-05T23:45:36,2026-10-05T23:45:36,2026-10-05T23:45:36
6245,立端,2024-12-06,95.7,2.0,2.13%,,,,,,,,,ShowDailyK_ChartFlow,FinMind_API_TaiwanStockPrice_6245,True,2026-10-05T23:45:36,2026-10-05T23:45:36,2026-10-05T23:45:36
6245,立端,2024-12-09,93.5,-2.200000000000003,-2.30%,,,,,,,,,ShowDailyK_ChartFlow,FinMind_API_TaiwanStockPrice_6245,True,2026-10-05T23:45:36,2026-10-05T23:45:36,2026-10-05T23:45:36
6245,立端,2024-12-10,92.5,-1.0,-1.07%,,,,,,,,,ShowDailyK_ChartFlow,FinMind_API_TaiwanStockPrice_6245,True,2026-10-05T23:45:36,2026-10-05T23:45:36,2026-10-05T23:45:36
6245,立端,2024-12-11,90.9,-1.5999999999999943,-1.73%,,,,,,,,,ShowDailyK_ChartFlow,FinMind_API_TaiwanStockPrice_6245,True,2026-10-05T23:45:36,2026-10-05T23:45:36,2026-10-05T23:45:36
6245,立端,2024-12-12,90.8,-0.10000000000000853,-0.11%,,,,,,,,,ShowDailyK_ChartFlow,FinMind_API_TaiwanStockPrice_6245,True,2026-10-05T23:45:36,2026-10-05T23:45:36,2026-10-05T23:45:36
6245,立端,2024-12-13,89.5,-1.2999999999999972,-1.43%,,,,,,,,,ShowDailyK_ChartFlow,FinMind_API_TaiwanStockPrice_6245,True,2026-10-05T23:45:36,2026-10-05T23:45:36,2026-10-05T23:45:36
6245,立端,2024-12-16,88.2,-1.2999999999999972,-1.45%,,,,,,,,,ShowDailyK_ChartFlow,FinMind_API_TaiwanStockPrice_6245,True,2026-10-05T23:45:36,2026-10-05T23:45:36,2026-10-05T23:45:36
6245,立端,2024-12-17,88.8,0.5999999999999943,0.68%,,,,,,,,,ShowDailyK_ChartFlow,FinMind_API_TaiwanStockPrice_6245,True,2026-10-05T23:45:36,2026-10-05T23:45:36,2026-10-05T23:45:36
6245,立端,2024-12-18,88.1,-0.7000000000000028,-0.79%,,,,,,,,,ShowDailyK_ChartFlow,FinMind_API_TaiwanStockPrice_6245,True,2026-10-05T23:45:36,2026-10-05T23:45:36,2026-10-05T23:45:36
6245,立端,2024-12-19,88.1,0.0,0.00%,,,,,,,,,ShowDailyK_ChartFlow,FinMind_API_TaiwanStockPrice_6245,True,2026-10-05T23:45:36,2026-10-05T23:45:36,2026-10-05T23:45:36
6245,立端,2024-12-20,89.1,1.0,1.14%,,,,,,,,,ShowDailyK_ChartFlow,FinMind_API_TaiwanStockPrice_6245,True,2026-10-05T23:45:36,2026-10-05T23:45:36,2026-10-05T23:45:36
6245,立端,2024-12-23,89.4,0.30000000000001137,0.34%,,,,,,,,,ShowDailyK_ChartFlow,FinMind_API_TaiwanStockPrice_6245,True,2026-10-05T23:45:36,2026-10-05T23:45:36,2026-10-05T23:45:36
6245,立端,2024-12-24,89.8,0.3999999999999915,0.45%,,,,,,,,,ShowDailyK_ChartFlow,FinMind_API_TaiwanStockPrice_6245,True,2026-10-05T23:45:36,2026-10-05T23:45:36,2026-10-05T23:45:36
6245,立端,2024-12-25,92.5,2.700000000000003,3.01%,,,,,,,,,ShowDailyK_ChartFlow,FinMind_API_TaiwanStockPrice_6245,True,2026-10-05T23:45:36,2026-10-05T23:45:36,2026-10-05T23:45:36
6245,立端,2024-12-26,94.0,1.5,1.62%,,,,,,,,,ShowDailyK_ChartFlow,FinMind_API_TaiwanStockPrice_6245,True,2026-10-05T23:45:36,2026-10-05T23:45:36,2026-10-05T23:45:36
6245,立端,2024-12-27,93.3,-0.7000000000000028,-0.74%,,,,,,,,,ShowDailyK_ChartFlow,FinMind_API_TaiwanStockPrice_6245,True,2026-10-05T23:45:36,2026-10-05T23:45:36,2026-10-05T23:45:36
6245,立端,2024-12-30,92.0,-1.2999999999999972,-1.39%,,,,,,,,,ShowDailyK_ChartFlow,FinMind_API_TaiwanStockPrice_6245,True,2026-10-05T23:45:36,2026-10-05T23:45:36,2026-10-05T23:45:36
6245,立端,2024-12-31,94.2,2.200000000000003,2.39%,,,,,,,,,ShowDailyK_ChartFlow,FinMind_API_TaiwanStockPrice_6245,True,2026-10-05T23:45:36,2026-10-05T23:45:36,2026-10-05T23:45:36
6245,立端,2025-01-02,103.5,9.299999999999997,9.87%,,,,,,,,,ShowDailyK_ChartFlow,FinMind_API_TaiwanStockPrice_6245,True,2026-10-05T23:45:36,2026-10-05T23:45:36,2026-10-05T23:45:36
6245,立端,2025-01-03,98.7,-4.799999999999997,-4.64%,,,,,,,,,ShowDailyK_ChartFlow,FinMind_API_TaiwanStockPrice_6245,True,2026-10-05T23:45:36,2026-10-05T23:45:36,2026-10-05T23:45:36
6245,立端,2025-01-06,102.0,3.299999999999997,3.34%,,,,,,,,,ShowDailyK_ChartFlow,FinMind_API_TaiwanStockPrice_6245,True,2026-10-05T23:45:36,2026-10-05T23:45:36,2026-10-05T23:45:36
6245,立端,2025-01-07,100.0,-2.0,-1.96%,,,,,,,,,ShowDailyK_ChartFlow,FinMind_API_TaiwanStockPrice_6245,True,2026-10-05T23:45:36,2026-10-05T23:45:36,2026-10-05T23:45:36
6245,立端,2025-01-08,97.2,-2.799999999999997,-2.80%,,,,,,,,,ShowDailyK_ChartFlow,FinMind_API_TaiwanStockPrice_6245,True,2026-10-05T23:45:36,2026-10-05T23:45:36,2026-10-05T23:45:36
6245,立端,2025-01-09,96.0,-1.2000000000000028,-1.23%,,,,,,,,,ShowDailyK_ChartFlow,FinMind_API_TaiwanStockPrice_6245,True,2026-10-05T23:45:36,2026-10-05T23:45:36,2026-10-05T23:45:36
6245,立端,2025-01-10,98.5,2.5,2.60%,,,,,,,,,ShowDailyK_ChartFlow,FinMind_API_TaiwanStockPrice_6245,True,2026-10-05T23:45:36,2026-10-05T23:45:36,2026-10-05T23:45:36
6245,立端,2025-01-13,91.2,-7.299999999999997,-7.41%,,,,,,,,,ShowDailyK_ChartFlow,FinMind_API_TaiwanStockPrice_6245,True,2026-10-05T23:45:36,2026-10-05T23:45:36,2026-10-05T23:45:36
6245,立端,2025-01-14,94.4,3.200000000000003,3.51%,,,,,,,,,ShowDailyK_ChartFlow,FinMind_API_TaiwanStockPrice_6245,True,2026-10-05T23:45:36,2026-10-05T23:45:36,2026-10-05T23:45:36
6245,立端,2025-01-15,93.6,-0.8000000000000114,-0.85%,,,,,,,,,ShowDailyK_ChartFlow,FinMind_API_TaiwanStockPrice_6245,True,2026-10-05T23:45:36,2026-10-05T23:45:36,2026-10-05T23:45:36
6245,立端,2025-01-16,95.6,2.0,2.14%,,,,,,,,,ShowDailyK_ChartFlow,FinMind_API_TaiwanStockPrice_6245,True,2026-10-05T23:45:36,2026-10-05T23:45:36,2026-10-05T23:45:36
6245,立端,2025-01-17,95.8,0.20000000000000284,0.21%,,,,,,,,,ShowDailyK_ChartFlow,FinMind_API_TaiwanStockPrice_6245,True,2026-10-05T23:45:36,2026-10-05T23:45:36,2026-10-05T23:45:36
6245,立端,2025-01-20,96.1,0.29999999999999716,0.31%,,,,,,,,,ShowDailyK_ChartFlow,FinMind_API_TaiwanStockPrice_6245,True,2026-10-05T23:45:36,2026-10-05T23:45:36,2026-10-05T23:45:36
6245,立端,2025-01-21,96.8,0.7000000000000028,0.73%,,,,,,,,,ShowDailyK_ChartFlow,FinMind_API_TaiwanStockPrice_6245,True,2026-10-05T23:45:36,2026-10-05T23:45:36,2026-10-05T23:45:36
6245,立端,2025-01-22,97.3,0.5,0.52%,,,,,,,,,ShowDailyK_ChartFlow,FinMind_API_TaiwanStockPrice_6245,True,2026-10-05T23:45:36,2026-10-05T23:45:36,2026-10-05T23:45:36
6245,立端,2025-02-03,97.4,0.10000000000000853,0.10%,,,,,,,,,ShowDailyK_ChartFlow,FinMind_API_TaiwanStockPrice_6245,True,2026-10-05T23:45:36,2026-10-05T23:45:36,2026-10-05T23:45:36
6245,立端,2025-02-04,106.0,8.599999999999994,8.83%,,,,,,,,,ShowDailyK_ChartFlow,FinMind_API_TaiwanStockPrice_6245,True,2026-10-05T23:45:36,2026-10-05T23:45:36,2026-10-05T23:45:36
6245,立端,2025-02-05,111.0,5.0,4.72%,,,,,,,,,ShowDailyK_ChartFlow,FinMind_API_TaiwanStockPrice_6245,True,2026-10-05T23:45:36,2026-10-05T23:45:36,2026-10-05T23:45:36
6245,立端,2025-02-06,110.5,-0.5,-0.45%,,,,,,,,,ShowDailyK_ChartFlow,FinMind_API_TaiwanStockPrice_6245,True,2026-10-05T23:45:36,2026-10-05T23:45:36,2026-10-05T23:45:36
6245,立端,2025-02-07,114.5,4.0,3.62%,,,,,,,,,ShowDailyK_ChartFlow,FinMind_API_TaiwanStockPrice_6245,True,2026-10-05T23:45:36,2026-10-05T23:45:36,2026-10-05T23:45:36
6245,立端,2025-02-10,113.5,-1.0,-0.87%,,,,,,,,,ShowDailyK_ChartFlow,FinMind_API_TaiwanStockPrice_6245,True,2026-10-05T23:45:36,2026-10-05T23:45:36,2026-10-05T23:45:36
6245,立端,2025-02-11,111.5,-2.0,-1.76%,,,,,,,,,ShowDailyK_ChartFlow,FinMind_API_TaiwanStockPrice_6245,True,2026-10-05T23:45:36,2026-10-05T23:45:36,2026-10-05T23:45:36
6245,立端,2025-02-12,112.5,1.0,0.90%,,,,,,,,,ShowDailyK_ChartFlow,FinMind_API_TaiwanStockPrice_6245,True,2026-10-05T23:45:36,2026-10-05T23:45:36,2026-10-05T23:45:36
6245,立端,2025-02-13,112.5,0.0,0.00%,,,,,,,,,ShowDailyK_ChartFlow,FinMind_API_TaiwanStockPrice_6245,True,2026-10-05T23:45:36,2026-10-05T23:45:36,2026-10-05T23:45:36
6245,立端,2025-02-14,110.5,-2.0,-1.78%,,,,,,,,,ShowDailyK_ChartFlow,FinMind_API_TaiwanStockPrice_6245,True,2026-10-05T23:45:36,2026-10-05T23:45:36,2026-10-05T23:45:36
6245,立端,2025-02-17,109.0,-1.5,-1.36%,,,,,,,,,ShowDailyK_ChartFlow,FinMind_API_TaiwanStockPrice_6245,True,2026-10-05T23:45:36,2026-10-05T23:45:36,2026-10-05T23:45:36
6245,立端,2025-02-18,116.5,7.5,6.88%,,,,,,,,,ShowDailyK_ChartFlow,FinMind_API_TaiwanStockPrice_6245,True,2026-10-05T23:45:36,2026-10-05T23:45:36,2026-10-05T23:45:36
6245,立端,2025-02-19,117.5,1.0,0.86%,,,,,,,,,ShowDailyK_ChartFlow,FinMind_API_TaiwanStockPrice_6245,True,2026-10-05T23:45:36,2026-10-05T23:45:36,2026-10-05T23:45:36
6245,立端,2025-02-20,118.5,1.0,0.85%,,,,,,,,,ShowDailyK_ChartFlow,FinMind_API_TaiwanStockPrice_6245,True,2026-10-05T23:45:36,2026-10-05T23:45:36,2026-10-05T23:45:36
6245,立端,2025-02-21,117.0,-1.5,-1.27%,,,,,,,,,ShowDailyK_ChartFlow,FinMind_API_TaiwanStockPrice_6245,True,2026-10-05T23:45:36,2026-10-05T23:45:36,2026-10-05T23:45:36
6245,立端,2025-02-24,117.5,0.5,0.43%,,,,,,,,,ShowDailyK_ChartFlow,FinMind_API_TaiwanStockPrice_6245,True,2026-10-05T23:45:36,2026-10-05T23:45:36,2026-10-05T23:45:36
6245,立端,2025-02-25,114.0,-3.5,-2.98%,,,,,,,,,ShowDailyK_ChartFlow,FinMind_API_TaiwanStockPrice_6245,True,2026-10-05T23:45:36,2026-10-05T23:45:36,2026-10-05T23:45:36
6245,立端,2025-02-26,115.5,1.5,1.32%,,,,,,,,,ShowDailyK_ChartFlow,FinMind_API_TaiwanStockPrice_6245,True,2026-10-05T23:45:36,2026-10-05T23:45:36,2026-10-05T23:45:36
6245,立端,2025-02-27,112.5,-3.0,-2.60%,,,,,,,,,ShowDailyK_ChartFlow,FinMind_API_TaiwanStockPrice_6245,True,2026-10-05T23:45:36,2026-10-05T23:45:36,2026-10-05T23:45:36
6245,立端,2025-03-03,110.5,-2.0,-1.78%,,,,,,,,,ShowDailyK_ChartFlow,FinMind_API_TaiwanStockPrice_6245,True,2026-10-05T23:45:36,2026-10-05T23:45:36,2026-10-05T23:45:36
6245,立端,2025-03-04,116.0,5.5,4.98%,,,,,,,,,ShowDailyK_ChartFlow,FinMind_API_TaiwanStockPrice_6245,True,2026-10-05T23:45:36,2026-10-05T23:45:36,2026-10-05T23:45:36
6245,立端,2025-03-05,114.0,-2.0,-1.72%,,,,,,,,,ShowDailyK_ChartFlow,FinMind_API_TaiwanStockPrice_6245,True,2026-10-05T23:45:36,2026-10-05T23:45:36,2026-10-05T23:45:36
6245,立端,2025-03-06,111.5,-2.5,-2.19%,,,,,,,,,ShowDailyK_ChartFlow,FinMind_API_TaiwanStockPrice_6245,True,2026-10-05T23:45:36,2026-10-05T23:45:36,2026-10-05T23:45:36
6245,立端,2025-03-07,107.5,-4.0,-3.59%,,,,,,,,,ShowDailyK_ChartFlow,FinMind_API_TaiwanStockPrice_6245,True,2026-10-05T23:45:36,2026-10-05T23:45:36,2026-10-05T23:45:36
6245,立端,2025-03-10,106.5,-1.0,-0.93%,,,,,,,,,ShowDailyK_ChartFlow,FinMind_API_TaiwanStockPrice_6245,True,2026-10-05T23:45:36,2026-10-05T23:45:36,2026-10-05T23:45:36
6245,立端,2025-03-11,104.0,-2.5,-2.35%,,,,,,,,,ShowDailyK_ChartFlow,FinMind_API_TaiwanStockPrice_6245,True,2026-10-05T23:45:36,2026-10-05T23:45:36,2026-10-05T23:45:36
6245,立端,2025-03-12,104.5,0.5,0.48%,,,,,,,,,ShowDailyK_ChartFlow,FinMind_API_TaiwanStockPrice_6245,True,2026-10-05T23:45:36,2026-10-05T23:45:36,2026-10-05T23:45:36
6245,立端,2025-03-13,101.0,-3.5,-3.35%,,,,,,,,,ShowDailyK_ChartFlow,FinMind_API_TaiwanStockPrice_6245,True,2026-10-05T23:45:36,2026-10-05T23:45:36,2026-10-05T23:45:36
6245,立端,2025-03-14,103.0,2.0,1.98%,,,,,,,,,ShowDailyK_ChartFlow,FinMind_API_TaiwanStockPrice_6245,True,2026-10-05T23:45:36,2026-10-05T23:45:36,2026-10-05T23:45:36
6245,立端,2025-03-17,103.5,0.5,0.49%,,,,,,,,,ShowDailyK_ChartFlow,FinMind_API_TaiwanStockPrice_6245,True,2026-10-05T23:45:36,2026-10-05T23:45:36,2026-10-05T23:45:36
6245,立端,2025-03-18,104.5,1.0,0.97%,,,,,,,,,ShowDailyK_ChartFlow,FinMind_API_TaiwanStockPrice_6245,True,2026-10-05T23:45:36,2026-10-05T23:45:36,2026-10-05T23:45:36
6245,立端,2025-03-19,103.0,-1.5,-1.44%,,,,,,,,,ShowDailyK_ChartFlow,FinMind_API_TaiwanStockPrice_6245,True,2026-10-05T23:45:36,2026-10-05T23:45:36,2026-10-05T23:45:36
6245,立端,2025-03-20,109.0,6.0,5.83%,,,,,,,,,ShowDailyK_ChartFlow,FinMind_API_TaiwanStockPrice_6245,True,2026-10-05T23:45:36,2026-10-05T23:45:36,2026-10-05T23:45:36
6245,立端,2025-03-21,107.5,-1.5,-1.38%,,,,,,,,,ShowDailyK_ChartFlow,FinMind_API_TaiwanStockPrice_6245,True,2026-10-05T23:45:36,2026-10-05T23:45:36,2026-10-05T23:45:36
6245,立端,2025-03-24,103.5,-4.0,-3.72%,,,,,,,,,ShowDailyK_ChartFlow,FinMind_API_TaiwanStockPrice_6245,True,2026-10-05T23:45:36,2026-10-05T23:45:36,2026-10-05T23:45:36
6245,立端,2025-03-25,103.5,0.0,0.00%,,,,,,,,,ShowDailyK_ChartFlow,FinMind_API_TaiwanStockPrice_6245,True,2026-10-05T23:45:36,2026-10-05T23:45:36,2026-10-05T23:45:36
6245,立端,2025-03-26,105.0,1.5,1.45%,,,,,,,,,ShowDailyK_ChartFlow,FinMind_API_TaiwanStockPrice_6245,True,2026-10-05T23:45:36,2026-10-05T23:45:36,2026-10-05T23:45:36
6245,立端,2025-03-27,102.0,-3.0,-2.86%,,,,,,,,,ShowDailyK_ChartFlow,FinMind_API_TaiwanStockPrice_6245,True,2026-10-05T23:45:36,2026-10-05T23:45:36,2026-10-05T23:45:36
6245,立端,2025-03-28,99.5,-2.5,-2.45%,,,,,,,,,ShowDailyK_ChartFlow,FinMind_API_TaiwanStockPrice_6245,True,2026-10-05T23:45:36,2026-10-05T23:45:36,2026-10-05T23:45:36
6245,立端,2025-03-31,94.8,-4.700000000000003,-4.72%,,,,,,,,,ShowDailyK_ChartFlow,FinMind_API_TaiwanStockPrice_6245,True,2026-10-05T23:45:36,2026-10-05T23:45:36,2026-10-05T23:45:36
6245,立端,2025-04-01,96.9,2.1000000000000085,2.22%,,,,,,,,,ShowDailyK_ChartFlow,FinMind_API_TaiwanStockPrice_6245,True,2026-10-05T23:45:36,2026-10-05T23:45:36,2026-10-05T23:45:36
6245,立端,2025-04-02,96.9,0.0,0.00%,,,,,,,,,ShowDailyK_ChartFlow,FinMind_API_TaiwanStockPrice_6245,True,2026-10-05T23:45:36,2026-10-05T23:45:36,2026-10-05T23:45:36
6245,立端,2025-04-07,87.3,-9.600000000000009,-9.91%,,,,,,,,,ShowDailyK_ChartFlow,FinMind_API_TaiwanStockPrice_6245,True,2026-10-05T23:45:36,2026-10-05T23:45:36,2026-10-05T23:45:36
6245,立端,2025-04-08,78.6,-8.700000000000003,-9.97%,,,,,,,,,ShowDailyK_ChartFlow,FinMind_API_TaiwanStockPrice_6245,True,2026-10-05T23:45:36,2026-10-05T23:45:36,2026-10-05T23:45:36
6245,立端,2025-04-09,70.8,-7.799999999999997,-9.92%,,,,,,,,,ShowDailyK_ChartFlow,FinMind_API_TaiwanStockPrice_6245,True,2026-10-05T23:45:36,2026-10-05T23:45:36,2026-10-05T23:45:36
6245,立端,2025-04-10,77.8,7.0,9.89%,,,,,,,,,ShowDailyK_ChartFlow,FinMind_API_TaiwanStockPrice_6245,True,2026-10-05T23:45:36,2026-10-05T23:45:36,2026-10-05T23:45:36
6245,立端,2025-04-11,78.6,0.7999999999999972,1.03%,,,,,,,,,ShowDailyK_ChartFlow,FinMind_API_TaiwanStockPrice_6245,True,2026-10-05T23:45:36,2026-10-05T23:45:36,2026-10-05T23:45:36
6245,立端,2025-04-14,81.2,2.6000000000000085,3.31%,,,,,,,,,ShowDailyK_ChartFlow,FinMind_API_TaiwanStockPrice_6245,True,2026-10-05T23:45:36,2026-10-05T23:45:36,2026-10-05T23:45:36
6245,立端,2025-04-15,85.2,4.0,4.93%,,,,,,,,,ShowDailyK_ChartFlow,FinMind_API_TaiwanStockPrice_6245,True,2026-10-05T23:45:36,2026-10-05T23:45:36,2026-10-05T23:45:36
6245,立端,2025-04-16,83.3,-1.9000000000000057,-2.23%,,,,,,,,,ShowDailyK_ChartFlow,FinMind_API_TaiwanStockPrice_6245,True,2026-10-05T23:45:36,2026-10-05T23:45:36,2026-10-05T23:45:36
6245,立端,2025-04-17,83.2,-0.09999999999999432,-0.12%,,,,,,,,,ShowDailyK_ChartFlow,FinMind_API_TaiwanStockPrice_6245,True,2026-10-05T23:45:36,2026-10-05T23:45:36,2026-10-05T23:45:36
6245,立端,2025-04-18,83.3,0.09999999999999432,0.12%,,,,,,,,,ShowDailyK_ChartFlow,FinMind_API_TaiwanStockPrice_6245,True,2026-10-05T23:45:36,2026-10-05T23:45:36,2026-10-05T23:45:36
6245,立端,2025-04-21,80.0,-3.299999999999997,-3.96%,,,,,,,,,ShowDailyK_ChartFlow,FinMind_API_TaiwanStockPrice_6245,True,2026-10-05T23:45:36,2026-10-05T23:45:36,2026-10-05T23:45:36
6245,立端,2025-04-22,80.9,0.9000000000000057,1.13%,,,,,,,,,ShowDailyK_ChartFlow,FinMind_API_TaiwanStockPrice_6245,True,2026-10-05T23:45:36,2026-10-05T23:45:36,2026-10-05T23:45:36
6245,立端,2025-04-23,83.4,2.5,3.09%,,,,,,,,,ShowDailyK_ChartFlow,FinMind_API_TaiwanStockPrice_6245,True,2026-10-05T23:45:36,2026-10-05T23:45:36,2026-10-05T23:45:36
6245,立端,2025-04-24,83.4,0.0,0.00%,,,,,,,,,ShowDailyK_ChartFlow,FinMind_API_TaiwanStockPrice_6245,True,2026-10-05T23:45:36,2026-10-05T23:45:36,2026-10-05T23:45:36
6245,立端,2025-04-25,84.5,1.0999999999999943,1.32%,,,,,,,,,ShowDailyK_ChartFlow,FinMind_API_TaiwanStockPrice_6245,True,2026-10-05T23:45:36,2026-10-05T23:45:36,2026-10-05T23:45:36
6245,立端,2025-04-28,87.1,2.5999999999999943,3.08%,,,,,,,,,ShowDailyK_ChartFlow,FinMind_API_TaiwanStockPrice_6245,True,2026-10-05T23:45:36,2026-10-05T23:45:36,2026-10-05T23:45:36
6245,立端,2025-04-29,88.3,1.2000000000000028,1.38%,,,,,,,,,ShowDailyK_ChartFlow,FinMind_API_TaiwanStockPrice_6245,True,2026-10-05T23:45:36,2026-10-05T23:45:36,2026-10-05T23:45:36
6245,立端,2025-04-30,87.0,-1.2999999999999972,-1.47%,,,,,,,,,ShowDailyK_ChartFlow,FinMind_API_TaiwanStockPrice_6245,True,2026-10-05T23:45:36,2026-10-05T23:45:36,2026-10-05T23:45:36
6245,立端,2025-05-02,87.4,0.4000000000000057,0.46%,,,,,,,,,ShowDailyK_ChartFlow,FinMind_API_TaiwanStockPrice_6245,True,2026-10-05T23:45:36,2026-10-05T23:45:36,2026-10-05T23:45:36
6245,立端,2025-05-05,82.1,-5.300000000000011,-6.06%,,,,,,,,,ShowDailyK_ChartFlow,FinMind_API_TaiwanStockPrice_6245,True,2026-10-05T23:45:36,2026-10-05T23:45:36,2026-10-05T23:45:36
6245,立端,2025-05-06,81.8,-0.29999999999999716,-0.37%,,,,,,,,,ShowDailyK_ChartFlow,FinMind_API_TaiwanStockPrice_6245,True,2026-10-05T23:45:36,2026-10-05T23:45:36,2026-10-05T23:45:36
6245,立端,2025-05-07,80.9,-0.8999999999999915,-1.10%,,,,,,,,,ShowDailyK_ChartFlow,FinMind_API_TaiwanStockPrice_6245,True,2026-10-05T23:45:36,2026-10-05T23:45:36,2026-10-05T23:45:36
6245,立端,2025-05-08,82.4,1.5,1.85%,,,,,,,,,ShowDailyK_ChartFlow,FinMind_API_TaiwanStockPrice_6245,True,2026-10-05T23:45:36,2026-10-05T23:45:36,2026-10-05T23:45:36
6245,立端,2025-05-09,80.8,-1.6000000000000085,-1.94%,,,,,,,,,ShowDailyK_ChartFlow,FinMind_API_TaiwanStockPrice_6245,True,2026-10-05T23:45:36,2026-10-05T23:45:36,2026-10-05T23:45:36
6245,立端,2025-05-12,82.0,1.2000000000000028,1.49%,,,,,,,,,ShowDailyK_ChartFlow,FinMind_API_TaiwanStockPrice_6245,True,2026-10-05T23:45:36,2026-10-05T23:45:36,2026-10-05T23:45:36
6245,立端,2025-05-13,83.1,1.0999999999999943,1.34%,,,,,,,,,ShowDailyK_ChartFlow,FinMind_API_TaiwanStockPrice_6245,True,2026-10-05T23:45:36,2026-10-05T23:45:36,2026-10-05T23:45:36
6245,立端,2025-05-14,84.5,1.4000000000000057,1.68%,,,,,,,,,ShowDailyK_ChartFlow,FinMind_API_TaiwanStockPrice_6245,True,2026-10-05T23:45:36,2026-10-05T23:45:36,2026-10-05T23:45:36
6245,立端,2025-05-15,83.3,-1.2000000000000028,-1.42%,,,,,,,,,ShowDailyK_ChartFlow,FinMind_API_TaiwanStockPrice_6245,True,2026-10-05T23:45:36,2026-10-05T23:45:36,2026-10-05T23:45:36
6245,立端,2025-05-16,81.5,-1.7999999999999972,-2.16%,,,,,,,,,ShowDailyK_ChartFlow,FinMind_API_TaiwanStockPrice_6245,True,2026-10-05T23:45:36,2026-10-05T23:45:36,2026-10-05T23:45:36
6245,立端,2025-05-19,80.8,-0.7000000000000028,-0.86%,,,,,,,,,ShowDailyK_ChartFlow,FinMind_API_TaiwanStockPrice_6245,True,2026-10-05T23:45:36,2026-10-05T23:45:36,2026-10-05T23:45:36
6245,立端,2025-05-20,80.2,-0.5999999999999943,-0.74%,,,,,,,,,ShowDailyK_ChartFlow,FinMind_API_TaiwanStockPrice_6245,True,2026-10-05T23:45:36,2026-10-05T23:45:36,2026-10-05T23:45:36
6245,立端,2025-05-21,80.9,0.7000000000000028,0.87%,,,,,,,,,ShowDailyK_ChartFlow,FinMind_API_TaiwanStockPrice_6245,True,2026-10-05T23:45:36,2026-10-05T23:45:36,2026-10-05T23:45:36
6245,立端,2025-05-22,80.5,-0.4000000000000057,-0.49%,,,,,,,,,ShowDailyK_ChartFlow,FinMind_API_TaiwanStockPrice_6245,True,2026-10-05T23:45:36,2026-10-05T23:45:36,2026-10-05T23:45:36
6245,立端,2025-05-23,79.7,-0.7999999999999972,-0.99%,,,,,,,,,ShowDailyK_ChartFlow,FinMind_API_TaiwanStockPrice_6245,True,2026-10-05T23:45:36,2026-10-05T23:45:36,2026-10-05T23:45:36
6245,立端,2025-05-26,79.8,0.09999999999999432,0.13%,,,,,,,,,ShowDailyK_ChartFlow,FinMind_API_TaiwanStockPrice_6245,True,2026-10-05T23:45:36,2026-10-05T23:45:36,2026-10-05T23:45:36
6245,立端,2025-05-27,78.4,-1.3999999999999915,-1.75%,,,,,,,,,ShowDailyK_ChartFlow,FinMind_API_TaiwanStockPrice_6245,True,2026-10-05T23:45:36,2026-10-05T23:45:36,2026-10-05T23:45:36
6245,立端,2025-05-28,77.6,-0.8000000000000114,-1.02%,,,,,,,,,ShowDailyK_ChartFlow,FinMind_API_TaiwanStockPrice_6245,True,2026-10-05T23:45:36,2026-10-05T23:45:36,2026-10-05T23:45:36
6245,立端,2025-05-29,80.3,2.700000000000003,3.48%,,,,,,,,,ShowDailyK_ChartFlow,FinMind_API_TaiwanStockPrice_6245,True,2026-10-05T23:45:36,2026-10-05T23:45:36,2026-10-05T23:45:36
6245,立端,2025-06-02,78.6,-1.7000000000000028,-2.12%,,,,,,,,,ShowDailyK_ChartFlow,FinMind_API_TaiwanStockPrice_6245,True,2026-10-05T23:45:36,2026-10-05T23:45:36,2026-10-05T23:45:36
6245,立端,2025-06-03,79.2,0.6000000000000085,0.76%,,,,,,,,,ShowDailyK_ChartFlow,FinMind_API_TaiwanStockPrice_6245,True,2026-10-05T23:45:36,2026-10-05T23:45:36,2026-10-05T23:45:36
6245,立端,2025-06-04,80.6,1.3999999999999915,1.77%,,,,,,,,,ShowDailyK_ChartFlow,FinMind_API_TaiwanStockPrice_6245,True,2026-10-05T23:45:36,2026-10-05T23:45:36,2026-10-05T23:45:36
6245,立端,2025-06-05,80.1,-0.5,-0.62%,,,,,,,,,ShowDailyK_ChartFlow,FinMind_API_TaiwanStockPrice_6245,True,2026-10-05T23:45:36,2026-10-05T23:45:36,2026-10-05T23:45:36
6245,立端,2025-06-06,79.1,-1.0,-1.25%,,,,,,,,,ShowDailyK_ChartFlow,FinMind_API_TaiwanStockPrice_6245,True,2026-10-05T23:45:36,2026-10-05T23:45:36,2026-10-05T23:45:36
6245,立端,2025-06-09,79.1,0.0,0.00%,,,,,,,,,ShowDailyK_ChartFlow,FinMind_API_TaiwanStockPrice_6245,True,2026-10-05T23:45:36,2026-10-05T23:45:36,2026-10-05T23:45:36
6245,立端,2025-06-10,78.9,-0.19999999999998863,-0.25%,,,,,,,,,ShowDailyK_ChartFlow,FinMind_API_TaiwanStockPrice_6245,True,2026-10-05T23:45:36,2026-10-05T23:45:36,2026-10-05T23:45:36
6245,立端,2025-06-11,79.6,0.6999999999999886,0.89%,,,,,,,,,ShowDailyK_ChartFlow,FinMind_API_TaiwanStockPrice_6245,True,2026-10-05T23:45:36,2026-10-05T23:45:36,2026-10-05T23:45:36
6245,立端,2025-06-12,79.7,0.10000000000000853,0.13%,,,,,,,,,ShowDailyK_ChartFlow,FinMind_API_TaiwanStockPrice_6245,True,2026-10-05T23:45:36,2026-10-05T23:45:36,2026-10-05T23:45:36
6245,立端,2025-06-13,76.6,-3.1000000000000085,-3.89%,,,,,,,,,ShowDailyK_ChartFlow,FinMind_API_TaiwanStockPrice_6245,True,2026-10-05T23:45:36,2026-10-05T23:45:36,2026-10-05T23:45:36
6245,立端,2025-06-16,76.4,-0.19999999999998863,-0.26%,,,,,,,,,ShowDailyK_ChartFlow,FinMind_API_TaiwanStockPrice_6245,True,2026-10-05T23:45:36,2026-10-05T23:45:36,2026-10-05T23:45:36
6245,立端,2025-06-17,75.5,-0.9000000000000057,-1.18%,,,,,,,,,ShowDailyK_ChartFlow,FinMind_API_TaiwanStockPrice_6245,True,2026-10-05T23:45:36,2026-10-05T23:45:36,2026-10-05T23:45:36
6245,立端,2025-06-18,75.9,0.4000000000000057,0.53%,,,,,,,,,ShowDailyK_ChartFlow,FinMind_API_TaiwanStockPrice_6245,True,2026-10-05T23:45:36,2026-10-05T23:45:36,2026-10-05T23:45:36
6245,立端,2025-06-19,74.1,-1.8000000000000114,-2.37%,,,,,,,,,ShowDailyK_ChartFlow,FinMind_API_TaiwanStockPrice_6245,True,2026-10-05T23:45:36,2026-10-05T23:45:36,2026-10-05T23:45:36
6245,立端,2025-06-20,73.5,-0.5999999999999943,-0.81%,,,,,,,,,ShowDailyK_ChartFlow,FinMind_API_TaiwanStockPrice_6245,True,2026-10-05T23:45:36,2026-10-05T23:45:36,2026-10-05T23:45:36
6245,立端,2025-06-23,73.4,-0.09999999999999432,-0.14%,,,,,,,,,ShowDailyK_ChartFlow,FinMind_API_TaiwanStockPrice_6245,True,2026-10-05T23:45:36,2026-10-05T23:45:36,2026-10-05T23:45:36
6245,立端,2025-06-24,75.0,1.5999999999999943,2.18%,,,,,,,,,ShowDailyK_ChartFlow,FinMind_API_TaiwanStockPrice_6245,True,2026-10-05T23:45:36,2026-10-05T23:45:36,2026-10-05T23:45:36
6245,立端,2025-06-25,76.0,1.0,1.33%,,,,,,,,,ShowDailyK_ChartFlow,FinMind_API_TaiwanStockPrice_6245,True,2026-10-05T23:45:36,2026-10-05T23:45:36,2026-10-05T23:45:36
6245,立端,2025-06-26,75.5,-0.5,-0.66%,,,,,,,,,ShowDailyK_ChartFlow,FinMind_API_TaiwanStockPrice_6245,True,2026-10-05T23:45:36,2026-10-05T23:45:36,2026-10-05T23:45:36
6245,立端,2025-06-27,76.0,0.5,0.66%,,,,,,,,,ShowDailyK_ChartFlow,FinMind_API_TaiwanStockPrice_6245,True,2026-10-05T23:45:36,2026-10-05T23:45:36,2026-10-05T23:45:36
6245,立端,2025-06-30,76.0,0.0,0.00%,,,,,,,,,ShowDailyK_ChartFlow,FinMind_API_TaiwanStockPrice_6245,True,2026-10-05T23:45:36,2026-10-05T23:45:36,2026-10-05T23:45:36
6245,立端,2025-07-01,76.3,0.29999999999999716,0.39%,,,,,,,,,ShowDailyK_ChartFlow,FinMind_API_TaiwanStockPrice_6245,True,2026-10-05T23:45:36,2026-10-05T23:45:36,2026-10-05T23:45:36
6245,立端,2025-07-02,76.6,0.29999999999999716,0.39%,,,,,,,,,ShowDailyK_ChartFlow,FinMind_API_TaiwanStockPrice_6245,True,2026-10-05T23:45:36,2026-10-05T23:45:36,2026-10-05T23:45:36
6245,立端,2025-07-03,77.8,1.2000000000000028,1.57%,,,,,,,,,ShowDailyK_ChartFlow,FinMind_API_TaiwanStockPrice_6245,True,2026-10-05T23:45:36,2026-10-05T23:45:36,2026-10-05T23:45:36
6245,立端,2025-07-04,75.3,-2.5,-3.21%,,,,,,,,,ShowDailyK_ChartFlow,FinMind_API_TaiwanStockPrice_6245,True,2026-10-05T23:45:36,2026-10-05T23:45:36,2026-10-05T23:45:36
6245,立端,2025-07-07,74.3,-1.0,-1.33%,,,,,,,,,ShowDailyK_ChartFlow,FinMind_API_TaiwanStockPrice_6245,True,2026-10-05T23:45:36,2026-10-05T23:45:36,2026-10-05T23:45:36
6245,立端,2025-07-08,73.2,-1.0999999999999943,-1.48%,,,,,,,,,ShowDailyK_ChartFlow,FinMind_API_TaiwanStockPrice_6245,True,2026-10-05T23:45:36,2026-10-05T23:45:36,2026-10-05T23:45:36
6245,立端,2025-07-09,74.6,1.3999999999999915,1.91%,,,,,,,,,ShowDailyK_ChartFlow,FinMind_API_TaiwanStockPrice_6245,True,2026-10-05T23:45:36,2026-10-05T23:45:36,2026-10-05T23:45:36
6245,立端,2025-07-10,74.6,0.0,0.00%,,,,,,,,,ShowDailyK_ChartFlow,FinMind_API_TaiwanStockPrice_6245,True,2026-10-05T23:45:36,2026-10-05T23:45:36,2026-10-05T23:45:36
6245,立端,2025-07-11,76.9,2.3000000000000114,3.08%,,,,,,,,,ShowDailyK_ChartFlow,FinMind_API_TaiwanStockPrice_6245,True,2026-10-05T23:45:36,2026-10-05T23:45:36,2026-10-05T23:45:36
6245,立端,2025-07-14,75.8,-1.1000000000000085,-1.43%,,,,,,,,,ShowDailyK_ChartFlow,FinMind_API_TaiwanStockPrice_6245,True,2026-10-05T23:45:36,2026-10-05T23:45:36,2026-10-05T23:45:36
6245,立端,2025-07-15,76.6,0.7999999999999972,1.06%,,,,,,,,,ShowDailyK_ChartFlow,FinMind_API_TaiwanStockPrice_6245,True,2026-10-05T23:45:36,2026-10-05T23:45:36,2026-10-05T23:45:36
6245,立端,2025-07-16,76.7,0.10000000000000853,0.13%,,,,,,,,,ShowDailyK_ChartFlow,FinMind_API_TaiwanStockPrice_6245,True,2026-10-05T23:45:36,2026-10-05T23:45:36,2026-10-05T23:45:36
6245,立端,2025-07-17,78.1,1.3999999999999915,1.83%,,,,,,,,,ShowDailyK_ChartFlow,FinMind_API_TaiwanStockPrice_6245,True,2026-10-05T23:45:36,2026-10-05T23:45:36,2026-10-05T23:45:36
6245,立端,2025-07-18,77.8,-0.29999999999999716,-0.38%,,,,,,,,,ShowDailyK_ChartFlow,FinMind_API_TaiwanStockPrice_6245,True,2026-10-05T23:45:36,2026-10-05T23:45:36,2026-10-05T23:45:36
6245,立端,2025-07-21,80.4,2.6000000000000085,3.34%,,,,,,,,,ShowDailyK_ChartFlow,FinMind_API_TaiwanStockPrice_6245,True,2026-10-05T23:45:36,2026-10-05T23:45:36,2026-10-05T23:45:36
6245,立端,2025-07-22,78.5,-1.9000000000000057,-2.36%,,,,,,,,,ShowDailyK_ChartFlow,FinMind_API_TaiwanStockPrice_6245,True,2026-10-05T23:45:36,2026-10-05T23:45:36,2026-10-05T23:45:36
6245,立端,2025-07-23,79.7,1.2000000000000028,1.53%,,,,,,,,,ShowDailyK_ChartFlow,FinMind_API_TaiwanStockPrice_6245,True,2026-10-05T23:45:36,2026-10-05T23:45:36,2026-10-05T23:45:36
6245,立端,2025-07-24,79.1,-0.6000000000000085,-0.75%,,,,,,,,,ShowDailyK_ChartFlow,FinMind_API_TaiwanStockPrice_6245,True,2026-10-05T23:45:36,2026-10-05T23:45:36,2026-10-05T23:45:36
6245,立端,2025-07-25,78.5,-0.5999999999999943,-0.76%,,,,,,,,,ShowDailyK_ChartFlow,FinMind_API_TaiwanStockPrice_6245,True,2026-10-05T23:45:36,2026-10-05T23:45:36,2026-10-05T23:45:36
6245,立端,2025-07-28,79.3,0.7999999999999972,1.02%,,,,,,,,,ShowDailyK_ChartFlow,FinMind_API_TaiwanStockPrice_6245,True,2026-10-05T23:45:36,2026-10-05T23:45:36,2026-10-05T23:45:36
6245,立端,2025-07-29,78.4,-0.8999999999999915,-1.13%,,,,,,,,,ShowDailyK_ChartFlow,FinMind_API_TaiwanStockPrice_6245,True,2026-10-05T23:45:36,2026-10-05T23:45:36,2026-10-05T23:45:36
6245,立端,2025-07-30,79.4,1.0,1.28%,,,,,,,,,ShowDailyK_ChartFlow,FinMind_API_TaiwanStockPrice_6245,True,2026-10-05T23:45:36,2026-10-05T23:45:36,2026-10-05T23:45:36
6245,立端,2025-07-31,80.1,0.6999999999999886,0.88%,,,,,,,,,ShowDailyK_ChartFlow,FinMind_API_TaiwanStockPrice_6245,True,2026-10-05T23:45:36,2026-10-05T23:45:36,2026-10-05T23:45:36
6245,立端,2025-08-01,80.6,0.5,0.62%,,,,,,,,,ShowDailyK_ChartFlow,FinMind_API_TaiwanStockPrice_6245,True,2026-10-05T23:45:36,2026-10-05T23:45:36,2026-10-05T23:45:36
6245,立端,2025-08-04,81.2,0.6000000000000085,0.74%,,,,,,,,,ShowDailyK_ChartFlow,FinMind_API_TaiwanStockPrice_6245,True,2026-10-05T23:45:36,2026-10-05T23:45:36,2026-10-05T23:45:36
6245,立端,2025-08-05,82.1,0.8999999999999915,1.11%,,,,,,,,,ShowDailyK_ChartFlow,FinMind_API_TaiwanStockPrice_6245,True,2026-10-05T23:45:36,2026-10-05T23:45:36,2026-10-05T23:45:36
6245,立端,2025-08-06,81.5,-0.5999999999999943,-0.73%,,,,,,,,,ShowDailyK_ChartFlow,FinMind_API_TaiwanStockPrice_6245,True,2026-10-05T23:45:36,2026-10-05T23:45:36,2026-10-05T23:45:36
6245,立端,2025-08-07,81.1,-0.4000000000000057,-0.49%,,,,,,,,,ShowDailyK_ChartFlow,FinMind_API_TaiwanStockPrice_6245,True,2026-10-05T23:45:36,2026-10-05T23:45:36,2026-10-05T23:45:36
6245,立端,2025-08-08,81.9,0.8000000000000114,0.99%,,,,,,,,,ShowDailyK_ChartFlow,FinMind_API_TaiwanStockPrice_6245,True,2026-10-05T23:45:36,2026-10-05T23:45:36,2026-10-05T23:45:36
6245,立端,2025-08-11,80.2,-1.7000000000000028,-2.08%,,,,,,,,,ShowDailyK_ChartFlow,FinMind_API_TaiwanStockPrice_6245,True,2026-10-05T23:45:36,2026-10-05T23:45:36,2026-10-05T23:45:36
6245,立端,2025-08-12,79.1,-1.1000000000000085,-1.37%,,,,,,,,,ShowDailyK_ChartFlow,FinMind_API_TaiwanStockPrice_6245,True,2026-10-05T23:45:36,2026-10-05T23:45:36,2026-10-05T23:45:36
6245,立端,2025-08-13,79.3,0.20000000000000284,0.25%,,,,,,,,,ShowDailyK_ChartFlow,FinMind_API_TaiwanStockPrice_6245,True,2026-10-05T23:45:36,2026-10-05T23:45:36,2026-10-05T23:45:36
6245,立端,2025-08-14,80.8,1.5,1.89%,,,,,,,,,ShowDailyK_ChartFlow,FinMind_API_TaiwanStockPrice_6245,True,2026-10-05T23:45:36,2026-10-05T23:45:36,2026-10-05T23:45:36
6245,立端,2025-08-15,80.7,-0.09999999999999432,-0.12%,,,,,,,,,ShowDailyK_ChartFlow,FinMind_API_TaiwanStockPrice_6245,True,2026-10-05T23:45:36,2026-10-05T23:45:36,2026-10-05T23:45:36
6245,立端,2025-08-18,81.2,0.5,0.62%,,,,,,,,,ShowDailyK_ChartFlow,FinMind_API_TaiwanStockPrice_6245,True,2026-10-05T23:45:36,2026-10-05T23:45:36,2026-10-05T23:45:36
6245,立端,2025-08-19,80.2,-1.0,-1.23%,,,,,,,,,ShowDailyK_ChartFlow,FinMind_API_TaiwanStockPrice_6245,True,2026-10-05T23:45:36,2026-10-05T23:45:36,2026-10-05T23:45:36
6245,立端,2025-08-20,78.0,-2.200000000000003,-2.74%,,,,,,,,,ShowDailyK_ChartFlow,FinMind_API_TaiwanStockPrice_6245,True,2026-10-05T23:45:36,2026-10-05T23:45:36,2026-10-05T23:45:36
6245,立端,2025-08-21,79.4,1.4000000000000057,1.79%,,,,,,,,,ShowDailyK_ChartFlow,FinMind_API_TaiwanStockPrice_6245,True,2026-10-05T23:45:36,2026-10-05T23:45:36,2026-10-05T23:45:36
6245,立端,2025-08-22,80.0,0.5999999999999943,0.76%,,,,,,,,,ShowDailyK_ChartFlow,FinMind_API_TaiwanStockPrice_6245,True,2026-10-05T23:45:36,2026-10-05T23:45:36,2026-10-05T23:45:36
6245,立端,2025-08-25,81.5,1.5,1.88%,,,,,,,,,ShowDailyK_ChartFlow,FinMind_API_TaiwanStockPrice_6245,True,2026-10-05T23:45:36,2026-10-05T23:45:36,2026-10-05T23:45:36
6245,立端,2025-08-26,86.9,5.400000000000006,6.63%,,,,,,,,,ShowDailyK_ChartFlow,FinMind_API_TaiwanStockPrice_6245,True,2026-10-05T23:45:36,2026-10-05T23:45:36,2026-10-05T23:45:36
6245,立端,2025-08-27,89.8,2.8999999999999915,3.34%,,,,,,,,,ShowDailyK_ChartFlow,FinMind_API_TaiwanStockPrice_6245,True,2026-10-05T23:45:36,2026-10-05T23:45:36,2026-10-05T23:45:36
6245,立端,2025-08-28,87.1,-2.700000000000003,-3.01%,,,,,,,,,ShowDailyK_ChartFlow,FinMind_API_TaiwanStockPrice_6245,True,2026-10-05T23:45:36,2026-10-05T23:45:36,2026-10-05T23:45:36
6245,立端,2025-08-29,88.0,0.9000000000000057,1.03%,,,,,,,,,ShowDailyK_ChartFlow,FinMind_API_TaiwanStockPrice_6245,True,2026-10-05T23:45:36,2026-10-05T23:45:36,2026-10-05T23:45:36
6245,立端,2025-09-01,86.0,-2.0,-2.27%,,,,,,,,,ShowDailyK_ChartFlow,FinMind_API_TaiwanStockPrice_6245,True,2026-10-05T23:45:36,2026-10-05T23:45:36,2026-10-05T23:45:36
6245,立端,2025-09-02,79.0,-7.0,-8.14%,,,,,,,,,ShowDailyK_ChartFlow,FinMind_API_TaiwanStockPrice_6245,True,2026-10-05T23:45:36,2026-10-05T23:45:36,2026-10-05T23:45:36
6245,立端,2025-09-03,83.6,4.599999999999994,5.82%,,,,,,,,,ShowDailyK_ChartFlow,FinMind_API_TaiwanStockPrice_6245,True,2026-10-05T23:45:36,2026-10-05T23:45:36,2026-10-05T23:45:36
6245,立端,2025-09-04,82.7,-0.8999999999999915,-1.08%,,,,,,,,,ShowDailyK_ChartFlow,FinMind_API_TaiwanStockPrice_6245,True,2026-10-05T23:45:36,2026-10-05T23:45:36,2026-10-05T23:45:36
6245,立端,2025-09-05,81.6,-1.1000000000000085,-1.33%,,,,,,,,,ShowDailyK_ChartFlow,FinMind_API_TaiwanStockPrice_6245,True,2026-10-05T23:45:36,2026-10-05T23:45:36,2026-10-05T23:45:36
6245,立端,2025-09-08,85.6,4.0,4.90%,,,,,,,,,ShowDailyK_ChartFlow,FinMind_API_TaiwanStockPrice_6245,True,2026-10-05T23:45:36,2026-10-05T23:45:36,2026-10-05T23:45:36
6245,立端,2025-09-09,83.6,-2.0,-2.34%,,,,,,,,,ShowDailyK_ChartFlow,FinMind_API_TaiwanStockPrice_6245,True,2026-10-05T23:45:36,2026-10-05T23:45:36,2026-10-05T23:45:36
6245,立端,2025-09-10,83.5,-0.09999999999999432,-0.12%,,,,,,,,,ShowDailyK_ChartFlow,FinMind_API_TaiwanStockPrice_6245,True,2026-10-05T23:45:36,2026-10-05T23:45:36,2026-10-05T23:45:36
6245,立端,2025-09-11,82.8,-0.7000000000000028,-0.84%,,,,,,,,,ShowDailyK_ChartFlow,FinMind_API_TaiwanStockPrice_6245,True,2026-10-05T23:45:36,2026-10-05T23:45:36,2026-10-05T23:45:36
6245,立端,2025-09-12,82.8,0.0,0.00%,,,,,,,,,ShowDailyK_ChartFlow,FinMind_API_TaiwanStockPrice_6245,True,2026-10-05T23:45:36,2026-10-05T23:45:36,2026-10-05T23:45:36
6245,立端,2025-09-15,80.8,-2.0,-2.42%,,,,,,,,,ShowDailyK_ChartFlow,FinMind_API_TaiwanStockPrice_6245,True,2026-10-05T23:45:36,2026-10-05T23:45:36,2026-10-05T23:45:36
6245,立端,2025-09-16,81.0,0.20000000000000284,0.25%,,,,,,,,,ShowDailyK_ChartFlow,FinMind_API_TaiwanStockPrice_6245,True,2026-10-05T23:45:36,2026-10-05T23:45:36,2026-10-05T23:45:36
6245,立端,2025-09-17,81.0,0.0,0.00%,,,,,,,,,ShowDailyK_ChartFlow,FinMind_API_TaiwanStockPrice_6245,True,2026-10-05T23:45:36,2026-10-05T23:45:36,2026-10-05T23:45:36
6245,立端,2025-09-18,82.7,1.7000000000000028,2.10%,,,,,,,,,ShowDailyK_ChartFlow,FinMind_API_TaiwanStockPrice_6245,True,2026-10-05T23:45:36,2026-10-05T23:45:36,2026-10-05T23:45:36
6245,立端,2025-09-19,82.9,0.20000000000000284,0.24%,,,,,,,,,ShowDailyK_ChartFlow,FinMind_API_TaiwanStockPrice_6245,True,2026-10-05T23:45:36,2026-10-05T23:45:36,2026-10-05T23:45:36
6245,立端,2025-09-22,83.9,1.0,1.21%,,,,,,,,,ShowDailyK_ChartFlow,FinMind_API_TaiwanStockPrice_6245,True,2026-10-05T23:45:36,2026-10-05T23:45:36,2026-10-05T23:45:36
6245,立端,2025-09-23,82.5,-1.4000000000000057,-1.67%,,,,,,,,,ShowDailyK_ChartFlow,FinMind_API_TaiwanStockPrice_6245,True,2026-10-05T23:45:36,2026-10-05T23:45:36,2026-10-05T23:45:36
6245,立端,2025-09-24,81.8,-0.7000000000000028,-0.85%,,,,,,,,,ShowDailyK_ChartFlow,FinMind_API_TaiwanStockPrice_6245,True,2026-10-05T23:45:36,2026-10-05T23:45:36,2026-10-05T23:45:36
6245,立端,2025-09-25,81.8,0.0,0.00%,,,,,,,,,ShowDailyK_ChartFlow,FinMind_API_TaiwanStockPrice_6245,True,2026-10-05T23:45:36,2026-10-05T23:45:36,2026-10-05T23:45:36
6245,立端,2025-09-26,78.7,-3.0999999999999943,-3.79%,,,,,,,,,ShowDailyK_ChartFlow,FinMind_API_TaiwanStockPrice_6245,True,2026-10-05T23:45:36,2026-10-05T23:45:36,2026-10-05T23:45:36
6245,立端,2025-09-30,80.0,1.2999999999999972,1.65%,,,,,,,,,ShowDailyK_ChartFlow,FinMind_API_TaiwanStockPrice_6245,True,2026-10-05T23:45:36,2026-10-05T23:45:36,2026-10-05T23:45:36
6245,立端,2025-10-01,79.2,-0.7999999999999972,-1.00%,,,,,,,,,ShowDailyK_ChartFlow,FinMind_API_TaiwanStockPrice_6245,True,2026-10-05T23:45:36,2026-10-05T23:45:36,2026-10-05T23:45:36
6245,立端,2025-10-02,78.8,-0.4000000000000057,-0.51%,,,,,,,,,ShowDailyK_ChartFlow,FinMind_API_TaiwanStockPrice_6245,True,2026-10-05T23:45:36,2026-10-05T23:45:36,2026-10-05T23:45:36
6245,立端,2025-10-03,77.9,-0.8999999999999915,-1.14%,,,,,,,,,ShowDailyK_ChartFlow,FinMind_API_TaiwanStockPrice_6245,True,2026-10-05T23:45:36,2026-10-05T23:45:36,2026-10-05T23:45:36
6245,立端,2025-10-07,78.1,0.19999999999998863,0.26%,,,,,,,,,ShowDailyK_ChartFlow,FinMind_API_TaiwanStockPrice_6245,True,2026-10-05T23:45:36,2026-10-05T23:45:36,2026-10-05T23:45:36
6245,立端,2025-10-08,78.1,0.0,0.00%,,,,,,,,,ShowDailyK_ChartFlow,FinMind_API_TaiwanStockPrice_6245,True,2026-10-05T23:45:36,2026-10-05T23:45:36,2026-10-05T23:45:36
6245,立端,2025-10-09,78.4,0.30000000000001137,0.38%,,,,,,,,,ShowDailyK_ChartFlow,FinMind_API_TaiwanStockPrice_6245,True,2026-10-05T23:45:36,2026-10-05T23:45:36,2026-10-05T23:45:36
6245,立端,2025-10-13,77.2,-1.2000000000000028,-1.53%,,,,,,,,,ShowDailyK_ChartFlow,FinMind_API_TaiwanStockPrice_6245,True,2026-10-05T23:45:36,2026-10-05T23:45:36,2026-10-05T23:45:36
6245,立端,2025-10-14,77.7,0.5,0.65%,,,,,,,,,ShowDailyK_ChartFlow,FinMind_API_TaiwanStockPrice_6245,True,2026-10-05T23:45:36,2026-10-05T23:45:36,2026-10-05T23:45:36
6245,立端,2025-10-15,79.0,1.2999999999999972,1.67%,,,,,,,,,ShowDailyK_ChartFlow,FinMind_API_TaiwanStockPrice_6245,True,2026-10-05T23:45:36,2026-10-05T23:45:36,2026-10-05T23:45:36
6245,立端,2025-10-16,80.0,1.0,1.27%,,,,,,,,,ShowDailyK_ChartFlow,FinMind_API_TaiwanStockPrice_6245,True,2026-10-05T23:45:36,2026-10-05T23:45:36,2026-10-05T23:45:36
6245,立端,2025-10-17,79.4,-0.5999999999999943,-0.75%,,,,,,,,,ShowDailyK_ChartFlow,FinMind_API_TaiwanStockPrice_6245,True,2026-10-05T23:45:36,2026-10-05T23:45:36,2026-10-05T23:45:36
6245,立端,2025-10-20,79.9,0.5,0.63%,,,,,,,,,ShowDailyK_ChartFlow,FinMind_API_TaiwanStockPrice_6245,True,2026-10-05T23:45:36,2026-10-05T23:45:36,2026-10-05T23:45:36
6245,立端,2025-10-21,80.9,1.0,1.25%,,,,,,,,,ShowDailyK_ChartFlow,FinMind_API_TaiwanStockPrice_6245,True,2026-10-05T23:45:36,2026-10-05T23:45:36,2026-10-05T23:45:36
6245,立端,2025-10-22,80.8,-0.10000000000000853,-0.12%,,,,,,,,,ShowDailyK_ChartFlow,FinMind_API_TaiwanStockPrice_6245,True,2026-10-05T23:45:36,2026-10-05T23:45:36,2026-10-05T23:45:36
6245,立端,2025-10-23,80.4,-0.3999999999999915,-0.50%,,,,,,,,,ShowDailyK_ChartFlow,FinMind_API_TaiwanStockPrice_6245,True,2026-10-05T23:45:36,2026-10-05T23:45:36,2026-10-05T23:45:36
6245,立端,2025-10-27,79.8,-0.6000000000000085,-0.75%,,,,,,,,,ShowDailyK_ChartFlow,FinMind_API_TaiwanStockPrice_6245,True,2026-10-05T23:45:36,2026-10-05T23:45:36,2026-10-05T23:45:36
6245,立端,2025-10-28,79.2,-0.5999999999999943,-0.75%,,,,,,,,,ShowDailyK_ChartFlow,FinMind_API_TaiwanStockPrice_6245,True,2026-10-05T23:45:36,2026-10-05T23:45:36,2026-10-05T23:45:36
6245,立端,2025-10-29,80.1,0.8999999999999915,1.14%,,,,,,,,,ShowDailyK_ChartFlow,FinMind_API_TaiwanStockPrice_6245,True,2026-10-05T23:45:36,2026-10-05T23:45:36,2026-10-05T23:45:36
6245,立端,2025-10-30,82.2,2.1000000000000085,2.62%,,,,,,,,,ShowDailyK_ChartFlow,FinMind_API_TaiwanStockPrice_6245,True,2026-10-05T23:45:36,2026-10-05T23:45:36,2026-10-05T23:45:36
6245,立端,2025-10-31,80.7,-1.5,-1.82%,,,,,,,,,ShowDailyK_ChartFlow,FinMind_API_TaiwanStockPrice_6245,True,2026-10-05T23:45:36,2026-10-05T23:45:36,2026-10-05T23:45:36
6245,立端,2025-11-03,79.4,-1.2999999999999972,-1.61%,,,,,,,,,ShowDailyK_ChartFlow,FinMind_API_TaiwanStockPrice_6245,True,2026-10-05T23:45:36,2026-10-05T23:45:36,2026-10-05T23:45:36
6245,立端,2025-11-04,77.4,-2.0,-2.52%,,,,,,,,,ShowDailyK_ChartFlow,FinMind_API_TaiwanStockPrice_6245,True,2026-10-05T23:45:36,2026-10-05T23:45:36,2026-10-05T23:45:36
6245,立端,2025-11-05,76.3,-1.1000000000000085,-1.42%,,,,,,,,,ShowDailyK_ChartFlow,FinMind_API_TaiwanStockPrice_6245,True,2026-10-05T23:45:36,2026-10-05T23:45:36,2026-10-05T23:45:36
6245,立端,2025-11-06,76.2,-0.09999999999999432,-0.13%,,,,,,,,,ShowDailyK_ChartFlow,FinMind_API_TaiwanStockPrice_6245,True,2026-10-05T23:45:36,2026-10-05T23:45:36,2026-10-05T23:45:36
6245,立端,2025-11-07,74.9,-1.2999999999999972,-1.71%,,,,,,,,,ShowDailyK_ChartFlow,FinMind_API_TaiwanStockPrice_6245,True,2026-10-05T23:45:36,2026-10-05T23:45:36,2026-10-05T23:45:36
6245,立端,2025-11-10,74.5,-0.4000000000000057,-0.53%,,,,,,,,,ShowDailyK_ChartFlow,FinMind_API_TaiwanStockPrice_6245,True,2026-10-05T23:45:36,2026-10-05T23:45:36,2026-10-05T23:45:36
6245,立端,2025-11-11,73.8,-0.7000000000000028,-0.94%,,,,,,,,,ShowDailyK_ChartFlow,FinMind_API_TaiwanStockPrice_6245,True,2026-10-05T23:45:36,2026-10-05T23:45:36,2026-10-05T23:45:36
6245,立端,2025-11-12,74.1,0.29999999999999716,0.41%,,,,,,,,,ShowDailyK_ChartFlow,FinMind_API_TaiwanStockPrice_6245,True,2026-10-05T23:45:36,2026-10-05T23:45:36,2026-10-05T23:45:36
6245,立端,2025-11-13,73.6,-0.5,-0.67%,,,,,,,,,ShowDailyK_ChartFlow,FinMind_API_TaiwanStockPrice_6245,True,2026-10-05T23:45:36,2026-10-05T23:45:36,2026-10-05T23:45:36
6245,立端,2025-11-14,71.3,-2.299999999999997,-3.12%,,,,,,,,,ShowDailyK_ChartFlow,FinMind_API_TaiwanStockPrice_6245,True,2026-10-05T23:45:36,2026-10-05T23:45:36,2026-10-05T23:45:36
6245,立端,2025-11-17,71.4,0.10000000000000853,0.14%,,,,,,,,,ShowDailyK_ChartFlow,FinMind_API_TaiwanStockPrice_6245,True,2026-10-05T23:45:36,2026-10-05T23:45:36,2026-10-05T23:45:36
6245,立端,2025-11-18,70.3,-1.1000000000000085,-1.54%,,,,,,,,,ShowDailyK_ChartFlow,FinMind_API_TaiwanStockPrice_6245,True,2026-10-05T23:45:36,2026-10-05T23:45:36,2026-10-05T23:45:36
6245,立端,2025-11-19,69.4,-0.8999999999999915,-1.28%,,,,,,,,,ShowDailyK_ChartFlow,FinMind_API_TaiwanStockPrice_6245,True,2026-10-05T23:45:36,2026-10-05T23:45:36,2026-10-05T23:45:36
6245,立端,2025-11-20,71.1,1.6999999999999886,2.45%,,,,,,,,,ShowDailyK_ChartFlow,FinMind_API_TaiwanStockPrice_6245,True,2026-10-05T23:45:36,2026-10-05T23:45:36,2026-10-05T23:45:36
6245,立端,2025-11-21,69.7,-1.3999999999999915,-1.97%,,,,,,,,,ShowDailyK_ChartFlow,FinMind_API_TaiwanStockPrice_6245,True,2026-10-05T23:45:36,2026-10-05T23:45:36,2026-10-05T23:45:36
6245,立端,2025-11-24,70.0,0.29999999999999716,0.43%,,,,,,,,,ShowDailyK_ChartFlow,FinMind_API_TaiwanStockPrice_6245,True,2026-10-05T23:45:36,2026-10-05T23:45:36,2026-10-05T23:45:36
6245,立端,2025-11-25,70.6,0.5999999999999943,0.86%,,,,,,,,,ShowDailyK_ChartFlow,FinMind_API_TaiwanStockPrice_6245,True,2026-10-05T23:45:36,2026-10-05T23:45:36,2026-10-05T23:45:36
6245,立端,2025-11-26,75.3,4.700000000000003,6.66%,,,,,,,,,ShowDailyK_ChartFlow,FinMind_API_TaiwanStockPrice_6245,True,2026-10-05T23:45:36,2026-10-05T23:45:36,2026-10-05T23:45:36
6245,立端,2025-11-27,73.6,-1.7000000000000028,-2.26%,,,,,,,,,ShowDailyK_ChartFlow,FinMind_API_TaiwanStockPrice_6245,True,2026-10-05T23:45:36,2026-10-05T23:45:36,2026-10-05T23:45:36
6245,立端,2025-11-28,73.2,-0.3999999999999915,-0.54%,,,,,,,,,ShowDailyK_ChartFlow,FinMind_API_TaiwanStockPrice_6245,True,2026-10-05T23:45:36,2026-10-05T23:45:36,2026-10-05T23:45:36
6245,立端,2025-12-01,71.6,-1.6000000000000085,-2.19%,,,,,,,,,ShowDailyK_ChartFlow,FinMind_API_TaiwanStockPrice_6245,True,2026-10-05T23:45:36,2026-10-05T23:45:36,2026-10-05T23:45:36
6245,立端,2025-12-02,71.5,-0.09999999999999432,-0.14%,,,,,,,,,ShowDailyK_ChartFlow,FinMind_API_TaiwanStockPrice_6245,True,2026-10-05T23:45:36,2026-10-05T23:45:36,2026-10-05T23:45:36
6245,立端,2025-12-03,72.7,1.2000000000000028,1.68%,,,,,,,,,ShowDailyK_ChartFlow,FinMind_API_TaiwanStockPrice_6245,True,2026-10-05T23:45:36,2026-10-05T23:45:36,2026-10-05T23:45:36
6245,立端,2025-12-04,72.3,-0.4000000000000057,-0.55%,,,,,,,,,ShowDailyK_ChartFlow,FinMind_API_TaiwanStockPrice_6245,True,2026-10-05T23:45:36,2026-10-05T23:45:36,2026-10-05T23:45:36
6245,立端,2025-12-05,72.1,-0.20000000000000284,-0.28%,,,,,,,,,ShowDailyK_ChartFlow,FinMind_API_TaiwanStockPrice_6245,True,2026-10-05T23:45:36,2026-10-05T23:45:36,2026-10-05T23:45:36
6245,立端,2025-12-08,72.6,0.5,0.69%,,,,,,,,,ShowDailyK_ChartFlow,FinMind_API_TaiwanStockPrice_6245,True,2026-10-05T23:45:36,2026-10-05T23:45:36,2026-10-05T23:45:36
6245,立端,2025-12-09,71.6,-1.0,-1.38%,,,,,,,,,ShowDailyK_ChartFlow,FinMind_API_TaiwanStockPrice_6245,True,2026-10-05T23:45:36,2026-10-05T23:45:36,2026-10-05T23:45:36
6245,立端,2025-12-10,72.1,0.5,0.70%,,,,,,,,,ShowDailyK_ChartFlow,FinMind_API_TaiwanStockPrice_6245,True,2026-10-05T23:45:36,2026-10-05T23:45:36,2026-10-05T23:45:36
6245,立端,2025-12-11,68.5,-3.5999999999999943,-4.99%,,,,,,,,,ShowDailyK_ChartFlow,FinMind_API_TaiwanStockPrice_6245,True,2026-10-05T23:45:36,2026-10-05T23:45:36,2026-10-05T23:45:36
6245,立端,2025-12-12,68.4,-0.09999999999999432,-0.15%,,,,,,,,,ShowDailyK_ChartFlow,FinMind_API_TaiwanStockPrice_6245,True,2026-10-05T23:45:36,2026-10-05T23:45:36,2026-10-05T23:45:36
6245,立端,2025-12-15,68.8,0.3999999999999915,0.58%,,,,,,,,,ShowDailyK_ChartFlow,FinMind_API_TaiwanStockPrice_6245,True,2026-10-05T23:45:36,2026-10-05T23:45:36,2026-10-05T23:45:36
6245,立端,2025-12-16,68.1,-0.7000000000000028,-1.02%,,,,,,,,,ShowDailyK_ChartFlow,FinMind_API_TaiwanStockPrice_6245,True,2026-10-05T23:45:36,2026-10-05T23:45:36,2026-10-05T23:45:36
6245,立端,2025-12-17,68.3,0.20000000000000284,0.29%,,,,,,,,,ShowDailyK_ChartFlow,FinMind_API_TaiwanStockPrice_6245,True,2026-10-05T23:45:36,2026-10-05T23:45:36,2026-10-05T23:45:36
6245,立端,2025-12-18,67.9,-0.3999999999999915,-0.59%,,,,,,,,,ShowDailyK_ChartFlow,FinMind_API_TaiwanStockPrice_6245,True,2026-10-05T23:45:36,2026-10-05T23:45:36,2026-10-05T23:45:36
6245,立端,2025-12-19,68.8,0.8999999999999915,1.33%,,,,,,,,,ShowDailyK_ChartFlow,FinMind_API_TaiwanStockPrice_6245,True,2026-10-05T23:45:36,2026-10-05T23:45:36,2026-10-05T23:45:36
6245,立端,2025-12-22,69.4,0.6000000000000085,0.87%,,,,,,,,,ShowDailyK_ChartFlow,FinMind_API_TaiwanStockPrice_6245,True,2026-10-05T23:45:36,2026-10-05T23:45:36,2026-10-05T23:45:36
6245,立端,2025-12-23,69.1,-0.30000000000001137,-0.43%,,,,,,,,,ShowDailyK_ChartFlow,FinMind_API_TaiwanStockPrice_6245,True,2026-10-05T23:45:36,2026-10-05T23:45:36,2026-10-05T23:45:36
6245,立端,2025-12-24,69.0,-0.09999999999999432,-0.14%,,,,,,,,,ShowDailyK_ChartFlow,FinMind_API_TaiwanStockPrice_6245,True,2026-10-05T23:45:36,2026-10-05T23:45:36,2026-10-05T23:45:36
6245,立端,2025-12-26,68.0,-1.0,-1.45%,,,,,,,,,ShowDailyK_ChartFlow,FinMind_API_TaiwanStockPrice_6245,True,2026-10-05T23:45:36,2026-10-05T23:45:36,2026-10-05T23:45:36
6245,立端,2025-12-29,70.1,2.0999999999999943,3.09%,,,,,,,,,ShowDailyK_ChartFlow,FinMind_API_TaiwanStockPrice_6245,True,2026-10-05T23:45:36,2026-10-05T23:45:36,2026-10-05T23:45:36
6245,立端,2025-12-30,68.9,-1.1999999999999886,-1.71%,,,,,,,,,ShowDailyK_ChartFlow,FinMind_API_TaiwanStockPrice_6245,True,2026-10-05T23:45:36,2026-10-05T23:45:36,2026-10-05T23:45:36
6245,立端,2025-12-31,68.5,-0.4000000000000057,-0.58%,,,,,,,,,ShowDailyK_ChartFlow,FinMind_API_TaiwanStockPrice_6245,True,2026-10-05T23:45:36,2026-10-05T23:45:36,2026-10-05T23:45:36
6245,立端,2026-01-02,68.3,-0.20000000000000284,-0.29%,,,,,,,,,ShowDailyK_ChartFlow,FinMind_API_TaiwanStockPrice_6245,True,2026-10-05T23:45:36,2026-10-05T23:45:36,2026-10-05T23:45:36
6245,立端,2026-01-05,66.5,-1.7999999999999972,-2.64%,,,,,,,,,ShowDailyK_ChartFlow,FinMind_API_TaiwanStockPrice_6245,True,2026-10-05T23:45:36,2026-10-05T23:45:36,2026-10-05T23:45:36
6245,立端,2026-01-06,66.7,0.20000000000000284,0.30%,,,,,,,,,ShowDailyK_ChartFlow,FinMind_API_TaiwanStockPrice_6245,True,2026-10-05T23:45:36,2026-10-05T23:45:36,2026-10-05T23:45:36
6245,立端,2026-01-07,67.3,0.5999999999999943,0.90%,,,,,,,,,ShowDailyK_ChartFlow,FinMind_API_TaiwanStockPrice_6245,True,2026-10-05T23:45:36,2026-10-05T23:45:36,2026-10-05T23:45:36
6245,立端,2026-01-08,66.8,-0.5,-0.74%,,,,,,,,,ShowDailyK_ChartFlow,FinMind_API_TaiwanStockPrice_6245,True,2026-10-05T23:45:36,2026-10-05T23:45:36,2026-10-05T23:45:36
6245,立端,2026-01-09,67.0,0.20000000000000284,0.30%,,,,,,,,,ShowDailyK_ChartFlow,FinMind_API_TaiwanStockPrice_6245,True,2026-10-05T23:45:36,2026-10-05T23:45:36,2026-10-05T23:45:36
6245,立端,2026-01-12,68.0,1.0,1.49%,,,,,,,,,ShowDailyK_ChartFlow,FinMind_API_TaiwanStockPrice_6245,True,2026-10-05T23:45:36,2026-10-05T23:45:36,2026-10-05T23:45:36
6245,立端,2026-01-13,67.0,-1.0,-1.47%,,,,,,,,,ShowDailyK_ChartFlow,FinMind_API_TaiwanStockPrice_6245,True,2026-10-05T23:45:36,2026-10-05T23:45:36,2026-10-05T23:45:36
6245,立端,2026-01-14,69.0,2.0,2.99%,,,,,,,,,ShowDailyK_ChartFlow,FinMind_API_TaiwanStockPrice_6245,True,2026-10-05T23:45:36,2026-10-05T23:45:36,2026-10-05T23:45:36
6245,立端,2026-01-15,68.6,-0.4000000000000057,-0.58%,,,,,,,,,ShowDailyK_ChartFlow,FinMind_API_TaiwanStockPrice_6245,True,2026-10-05T23:45:36,2026-10-05T23:45:36,2026-10-05T23:45:36
6245,立端,2026-01-16,68.7,0.10000000000000853,0.15%,,,,,,,,,ShowDailyK_ChartFlow,FinMind_API_TaiwanStockPrice_6245,True,2026-10-05T23:45:36,2026-10-05T23:45:36,2026-10-05T23:45:36
6245,立端,2026-01-19,69.1,0.3999999999999915,0.58%,,,,,,,,,ShowDailyK_ChartFlow,FinMind_API_TaiwanStockPrice_6245,True,2026-10-05T23:45:36,2026-10-05T23:45:36,2026-10-05T23:45:36
6245,立端,2026-01-20,69.9,0.8000000000000114,1.16%,,,,,,,,,ShowDailyK_ChartFlow,FinMind_API_TaiwanStockPrice_6245,True,2026-10-05T23:45:36,2026-10-05T23:45:36,2026-10-05T23:45:36
6245,立端,2026-01-21,68.2,-1.7000000000000028,-2.43%,,,,,,,,,ShowDailyK_ChartFlow,FinMind_API_TaiwanStockPrice_6245,True,2026-10-05T23:45:36,2026-10-05T23:45:36,2026-10-05T23:45:36
6245,立端,2026-01-22,69.3,1.0999999999999943,1.61%,,,,,,,,,ShowDailyK_ChartFlow,FinMind_API_TaiwanStockPrice_6245,True,2026-10-05T23:45:36,2026-10-05T23:45:36,2026-10-05T23:45:36
6245,立端,2026-01-23,70.5,1.2000000000000028,1.73%,,,,,,,,,ShowDailyK_ChartFlow,FinMind_API_TaiwanStockPrice_6245,True,2026-10-05T23:45:36,2026-10-05T23:45:36,2026-10-05T23:45:36
6245,立端,2026-01-26,70.0,-0.5,-0.71%,,,,,,,,,ShowDailyK_ChartFlow,FinMind_API_TaiwanStockPrice_6245,True,2026-10-05T23:45:36,2026-10-05T23:45:36,2026-10-05T23:45:36
6245,立端,2026-01-27,69.1,-0.9000000000000057,-1.29%,,,,,,,,,ShowDailyK_ChartFlow,FinMind_API_TaiwanStockPrice_6245,True,2026-10-05T23:45:36,2026-10-05T23:45:36,2026-10-05T23:45:36
6245,立端,2026-01-28,70.0,0.9000000000000057,1.30%,,,,,,,,,ShowDailyK_ChartFlow,FinMind_API_TaiwanStockPrice_6245,True,2026-10-05T23:45:36,2026-10-05T23:45:36,2026-10-05T23:45:36
6245,立端,2026-01-29,69.0,-1.0,-1.43%,,,,,,,,,ShowDailyK_ChartFlow,FinMind_API_TaiwanStockPrice_6245,True,2026-10-05T23:45:36,2026-10-05T23:45:36,2026-10-05T23:45:36
6245,立端,2026-01-30,67.6,-1.4000000000000057,-2.03%,,,,,,,,,ShowDailyK_ChartFlow,FinMind_API_TaiwanStockPrice_6245,True,2026-10-05T23:45:36,2026-10-05T23:45:36,2026-10-05T23:45:36
6245,立端,2026-02-02,67.6,0.0,0.00%,,,,,,,,,ShowDailyK_ChartFlow,FinMind_API_TaiwanStockPrice_6245,True,2026-10-05T23:45:36,2026-10-05T23:45:36,2026-10-05T23:45:36
6245,立端,2026-02-03,67.8,0.20000000000000284,0.30%,,,,,,,,,ShowDailyK_ChartFlow,FinMind_API_TaiwanStockPrice_6245,True,2026-10-05T23:45:36,2026-10-05T23:45:36,2026-10-05T23:45:36
6245,立端,2026-02-04,69.7,1.9000000000000057,2.80%,,,,,,,,,ShowDailyK_ChartFlow,FinMind_API_TaiwanStockPrice_6245,True,2026-10-05T23:45:36,2026-10-05T23:45:36,2026-10-05T23:45:36
6245,立端,2026-02-05,68.6,-1.1000000000000085,-1.58%,,,,,,,,,ShowDailyK_ChartFlow,FinMind_API_TaiwanStockPrice_6245,True,2026-10-05T23:45:36,2026-10-05T23:45:36,2026-10-05T23:45:36
6245,立端,2026-02-06,67.2,-1.3999999999999915,-2.04%,,,,,,,,,ShowDailyK_ChartFlow,FinMind_API_TaiwanStockPrice_6245,True,2026-10-05T23:45:36,2026-10-05T23:45:36,2026-10-05T23:45:36
6245,立端,2026-02-09,66.4,-0.7999999999999972,-1.19%,,,,,,,,,ShowDailyK_ChartFlow,FinMind_API_TaiwanStockPrice_6245,True,2026-10-05T23:45:36,2026-10-05T23:45:36,2026-10-05T23:45:36
6245,立端,2026-02-10,65.6,-0.8000000000000114,-1.20%,,,,,,,,,ShowDailyK_ChartFlow,FinMind_API_TaiwanStockPrice_6245,True,2026-10-05T23:45:36,2026-10-05T23:45:36,2026-10-05T23:45:36
6245,立端,2026-02-11,63.0,-2.5999999999999943,-3.96%,,,,,,,,,ShowDailyK_ChartFlow,FinMind_API_TaiwanStockPrice_6245,True,2026-10-05T23:45:36,2026-10-05T23:45:36,2026-10-05T23:45:36
6245,立端,2026-02-23,62.5,-0.5,-0.79%,,,,,,,,,ShowDailyK_ChartFlow,FinMind_API_TaiwanStockPrice_6245,True,2026-10-05T23:45:36,2026-10-05T23:45:36,2026-10-05T23:45:36
6245,立端,2026-02-24,61.7,-0.7999999999999972,-1.28%,,,,,,,,,ShowDailyK_ChartFlow,FinMind_API_TaiwanStockPrice_6245,True,2026-10-05T23:45:36,2026-10-05T23:45:36,2026-10-05T23:45:36
6245,立端,2026-02-25,61.0,-0.7000000000000028,-1.13%,,,,,,,,,ShowDailyK_ChartFlow,FinMind_API_TaiwanStockPrice_6245,True,2026-10-05T23:45:36,2026-10-05T23:45:36,2026-10-05T23:45:36
6245,立端,2026-02-26,61.7,0.7000000000000028,1.15%,,,,,,,,,ShowDailyK_ChartFlow,FinMind_API_TaiwanStockPrice_6245,True,2026-10-05T23:45:36,2026-10-05T23:45:36,2026-10-05T23:45:36
6245,立端,2026-03-02,61.5,-0.20000000000000284,-0.32%,,,,,,,,,ShowDailyK_ChartFlow,FinMind_API_TaiwanStockPrice_6245,True,2026-10-05T23:45:36,2026-10-05T23:45:36,2026-10-05T23:45:36
6245,立端,2026-03-03,63.1,1.6000000000000014,2.60%,,,,,,,,,ShowDailyK_ChartFlow,FinMind_API_TaiwanStockPrice_6245,True,2026-10-05T23:45:36,2026-10-05T23:45:36,2026-10-05T23:45:36
6245,立端,2026-03-04,60.6,-2.5,-3.96%,,,,,,,,,ShowDailyK_ChartFlow,FinMind_API_TaiwanStockPrice_6245,True,2026-10-05T23:45:36,2026-10-05T23:45:36,2026-10-05T23:45:36
6245,立端,2026-03-05,62.8,2.1999999999999957,3.63%,,,,,,,,,ShowDailyK_ChartFlow,FinMind_API_TaiwanStockPrice_6245,True,2026-10-05T23:45:36,2026-10-05T23:45:36,2026-10-05T23:45:36
6245,立端,2026-03-06,64.0,1.2000000000000028,1.91%,,,,,,,,,ShowDailyK_ChartFlow,FinMind_API_TaiwanStockPrice_6245,True,2026-10-05T23:45:36,2026-10-05T23:45:36,2026-10-05T23:45:36
6245,立端,2026-03-09,61.4,-2.6000000000000014,-4.06%,,,,,,,,,ShowDailyK_ChartFlow,FinMind_API_TaiwanStockPrice_6245,True,2026-10-05T23:45:36,2026-10-05T23:45:36,2026-10-05T23:45:36
6245,立端,2026-03-10,61.5,0.10000000000000142,0.16%,,,,,,,,,ShowDailyK_ChartFlow,FinMind_API_TaiwanStockPrice_6245,True,2026-10-05T23:45:36,2026-10-05T23:45:36,2026-10-05T23:45:36
6245,立端,2026-03-11,65.0,3.5,5.69%,,,,,,,,,ShowDailyK_ChartFlow,FinMind_API_TaiwanStockPrice_6245,True,2026-10-05T23:45:36,2026-10-05T23:45:36,2026-10-05T23:45:36
6245,立端,2026-03-12,64.2,-0.7999999999999972,-1.23%,,,,,,,,,ShowDailyK_ChartFlow,FinMind_API_TaiwanStockPrice_6245,True,2026-10-05T23:45:36,2026-10-05T23:45:36,2026-10-05T23:45:36
6245,立端,2026-03-13,66.0,1.7999999999999972,2.80%,,,,,,,,,ShowDailyK_ChartFlow,FinMind_API_TaiwanStockPrice_6245,True,2026-10-05T23:45:36,2026-10-05T23:45:36,2026-10-05T23:45:36
6245,立端,2026-03-16,65.0,-1.0,-1.52%,,,,,,,,,ShowDailyK_ChartFlow,FinMind_API_TaiwanStockPrice_6245,True,2026-10-05T23:45:36,2026-10-05T23:45:36,2026-10-05T23:45:36
6245,立端,2026-03-17,66.1,1.0999999999999943,1.69%,,,,,,,,,ShowDailyK_ChartFlow,FinMind_API_TaiwanStockPrice_6245,True,2026-10-05T23:45:36,2026-10-05T23:45:36,2026-10-05T23:45:36
6245,立端,2026-03-18,66.3,0.20000000000000284,0.30%,,,,,,,,,ShowDailyK_ChartFlow,FinMind_API_TaiwanStockPrice_6245,True,2026-10-05T23:45:36,2026-10-05T23:45:36,2026-10-05T23:45:36
6245,立端,2026-03-19,65.9,-0.3999999999999915,-0.60%,,,,,,,,,ShowDailyK_ChartFlow,FinMind_API_TaiwanStockPrice_6245,True,2026-10-05T23:45:36,2026-10-05T23:45:36,2026-10-05T23:45:36
6245,立端,2026-03-20,68.0,2.0999999999999943,3.19%,,,,,,,,,ShowDailyK_ChartFlow,FinMind_API_TaiwanStockPrice_6245,True,2026-10-05T23:45:36,2026-10-05T23:45:36,2026-10-05T23:45:36
6245,立端,2026-03-23,68.3,0.29999999999999716,0.44%,,,,,,,,,ShowDailyK_ChartFlow,FinMind_API_TaiwanStockPrice_6245,True,2026-10-05T23:45:36,2026-10-05T23:45:36,2026-10-05T23:45:36
6245,立端,2026-03-24,67.9,-0.3999999999999915,-0.59%,,,,,,,,,ShowDailyK_ChartFlow,FinMind_API_TaiwanStockPrice_6245,True,2026-10-05T23:45:36,2026-10-05T23:45:36,2026-10-05T23:45:36
6245,立端,2026-03-25,67.9,0.0,0.00%,,,,,,,,,ShowDailyK_ChartFlow,FinMind_API_TaiwanStockPrice_6245,True,2026-10-05T23:45:36,2026-10-05T23:45:36,2026-10-05T23:45:36
6245,立端,2026-03-26,67.0,-0.9000000000000057,-1.33%,,,,,,,,,ShowDailyK_ChartFlow,FinMind_API_TaiwanStockPrice_6245,True,2026-10-05T23:45:36,2026-10-05T23:45:36,2026-10-05T23:45:36
6245,立端,2026-03-27,68.6,1.5999999999999943,2.39%,,,,,,,,,ShowDailyK_ChartFlow,FinMind_API_TaiwanStockPrice_6245,True,2026-10-05T23:45:36,2026-10-05T23:45:36,2026-10-05T23:45:36
6245,立端,2026-03-30,69.4,0.8000000000000114,1.17%,,,,,,,,,ShowDailyK_ChartFlow,FinMind_API_TaiwanStockPrice_6245,True,2026-10-05T23:45:36,2026-10-05T23:45:36,2026-10-05T23:45:36
6245,立端,2026-03-31,66.8,-2.6000000000000085,-3.75%,,,,,,,,,ShowDailyK_ChartFlow,FinMind_API_TaiwanStockPrice_6245,True,2026-10-05T23:45:36,2026-10-05T23:45:36,2026-10-05T23:45:36
6245,立端,2026-04-01,69.6,2.799999999999997,4.19%,,,,,,,,,ShowDailyK_ChartFlow,FinMind_API_TaiwanStockPrice_6245,True,2026-10-05T23:45:36,2026-10-05T23:45:36,2026-10-05T23:45:36
6245,立端,2026-04-02,69.5,-0.09999999999999432,-0.14%,,,,,,,,,ShowDailyK_ChartFlow,FinMind_API_TaiwanStockPrice_6245,True,2026-10-05T23:45:36,2026-10-05T23:45:36,2026-10-05T23:45:36
6245,立端,2026-04-07,70.5,1.0,1.44%,,,,,,,,,ShowDailyK_ChartFlow,FinMind_API_TaiwanStockPrice_6245,True,2026-10-05T23:45:36,2026-10-05T23:45:36,2026-10-05T23:45:36
6245,立端,2026-04-08,73.0,2.5,3.55%,,,,,,,,,ShowDailyK_ChartFlow,FinMind_API_TaiwanStockPrice_6245,True,2026-10-05T23:45:36,2026-10-05T23:45:36,2026-10-05T23:45:36
6245,立端,2026-04-09,71.9,-1.0999999999999943,-1.51%,,,,,,,,,ShowDailyK_ChartFlow,FinMind_API_TaiwanStockPrice_6245,True,2026-10-05T23:45:36,2026-10-05T23:45:36,2026-10-05T23:45:36
6245,立端,2026-04-10,74.5,2.5999999999999943,3.62%,,,,,,,,,ShowDailyK_ChartFlow,FinMind_API_TaiwanStockPrice_6245,True,2026-10-05T23:45:36,2026-10-05T23:45:36,2026-10-05T23:45:36
6245,立端,2026-04-13,75.8,1.2999999999999972,1.74%,,,,,,,,,ShowDailyK_ChartFlow,FinMind_API_TaiwanStockPrice_6245,True,2026-10-05T23:45:36,2026-10-05T23:45:36,2026-10-05T23:45:36
6245,立端,2026-04-14,76.1,0.29999999999999716,0.40%,,,,,,,,,ShowDailyK_ChartFlow,FinMind_API_TaiwanStockPrice_6245,True,2026-10-05T23:45:36,2026-10-05T23:45:36,2026-10-05T23:45:36
6245,立端,2026-04-15,77.3,1.2000000000000028,1.58%,,,,,,,,,ShowDailyK_ChartFlow,FinMind_API_TaiwanStockPrice_6245,True,2026-10-05T23:45:36,2026-10-05T23:45:36,2026-10-05T23:45:36
6245,立端,2026-04-16,78.9,1.6000000000000085,2.07%,,,,,,,,,ShowDailyK_ChartFlow,FinMind_API_TaiwanStockPrice_6245,True,2026-10-05T23:45:36,2026-10-05T23:45:36,2026-10-05T23:45:36
6245,立端,2026-04-17,82.8,3.8999999999999915,4.94%,,,,,,,,,ShowDailyK_ChartFlow,FinMind_API_TaiwanStockPrice_6245,True,2026-10-05T23:45:36,2026-10-05T23:45:36,2026-10-05T23:45:36
6245,立端,2026-04-20,83.9,1.1000000000000085,1.33%,,,,,,,,,ShowDailyK_ChartFlow,FinMind_API_TaiwanStockPrice_6245,True,2026-10-05T23:45:36,2026-10-05T23:45:36,2026-10-05T23:45:36
6245,立端,2026-04-21,85.5,1.5999999999999943,1.91%,,,,,,,,,ShowDailyK_ChartFlow,FinMind_API_TaiwanStockPrice_6245,True,2026-10-05T23:45:36,2026-10-05T23:45:36,2026-10-05T23:45:36
6245,立端,2026-04-22,87.0,1.5,1.75%,,,,,,,,,ShowDailyK_ChartFlow,FinMind_API_TaiwanStockPrice_6245,True,2026-10-05T23:45:36,2026-10-05T23:45:36,2026-10-05T23:45:36
6245,立端,2026-04-23,82.7,-4.299999999999997,-4.94%,,,,,,,,,ShowDailyK_ChartFlow,FinMind_API_TaiwanStockPrice_6245,True,2026-10-05T23:45:36,2026-10-05T23:45:36,2026-10-05T23:45:36
6245,立端,2026-04-24,81.1,-1.6000000000000085,-1.93%,,,,,,,,,ShowDailyK_ChartFlow,FinMind_API_TaiwanStockPrice_6245,True,2026-10-05T23:45:36,2026-10-05T23:45:36,2026-10-05T23:45:36
6245,立端,2026-04-27,79.9,-1.1999999999999886,-1.48%,,,,,,,,,ShowDailyK_ChartFlow,FinMind_API_TaiwanStockPrice_6245,True,2026-10-05T23:45:36,2026-10-05T23:45:36,2026-10-05T23:45:36
6245,立端,2026-04-28,79.8,-0.10000000000000853,-0.13%,,,,,,,,,ShowDailyK_ChartFlow,FinMind_API_TaiwanStockPrice_6245,True,2026-10-05T23:45:36,2026-10-05T23:45:36,2026-10-05T23:45:36
6245,立端,2026-04-29,78.9,-0.8999999999999915,-1.13%,,,,,,,,,ShowDailyK_ChartFlow,FinMind_API_TaiwanStockPrice_6245,True,2026-10-05T23:45:36,2026-10-05T23:45:36,2026-10-05T23:45:36
6245,立端,2026-04-30,80.1,1.1999999999999886,1.52%,,,,,,,,,ShowDailyK_ChartFlow,FinMind_API_TaiwanStockPrice_6245,True,2026-10-05T23:45:36,2026-10-05T23:45:36,2026-10-05T23:45:36
6245,立端,2026-05-04,80.5,0.4000000000000057,0.50%,,,,,,,,,ShowDailyK_ChartFlow,FinMind_API_TaiwanStockPrice_6245,True,2026-10-05T23:45:36,2026-10-05T23:45:36,2026-10-05T23:45:36
6245,立端,2026-05-05,82.3,1.7999999999999972,2.24%,,,,,,,,,ShowDailyK_ChartFlow,FinMind_API_TaiwanStockPrice_6245,True,2026-10-05T23:45:36,2026-10-05T23:45:36,2026-10-05T23:45:36
6245,立端,2026-05-06,82.1,-0.20000000000000284,-0.24%,,,,,,,,,ShowDailyK_ChartFlow,FinMind_API_TaiwanStockPrice_6245,True,2026-10-05T23:45:36,2026-10-05T23:45:36,2026-10-05T23:45:36
6245,立端,2026-05-07,82.5,0.4000000000000057,0.49%,,,,,,,,,ShowDailyK_ChartFlow,FinMind_API_TaiwanStockPrice_6245,True,2026-10-05T23:45:36,2026-10-05T23:45:36,2026-10-05T23:45:36
6245,立端,2026-05-08,80.1,-2.4000000000000057,-2.91%,,,,,,,,,ShowDailyK_ChartFlow,FinMind_API_TaiwanStockPrice_6245,True,2026-10-05T23:45:36,2026-10-05T23:45:36,2026-10-05T23:45:36
6245,立端,2026-05-11,81.3,1.2000000000000028,1.50%,,,,,,,,,ShowDailyK_ChartFlow,FinMind_API_TaiwanStockPrice_6245,True,2026-10-05T23:45:36,2026-10-05T23:45:36,2026-10-05T23:45:36
6245,立端,2026-05-12,82.8,1.5,1.85%,,,,,,,,,ShowDailyK_ChartFlow,FinMind_API_TaiwanStockPrice_6245,True,2026-10-05T23:45:36,2026-10-05T23:45:36,2026-10-05T23:45:36
6245,立端,2026-05-13,82.8,0.0,0.00%,,,,,,,,,ShowDailyK_ChartFlow,FinMind_API_TaiwanStockPrice_6245,True,2026-10-05T23:45:36,2026-10-05T23:45:36,2026-10-05T23:45:36
6245,立端,2026-05-14,81.5,-1.2999999999999972,-1.57%,,,,,,,,,ShowDailyK_ChartFlow,FinMind_API_TaiwanStockPrice_6245,True,2026-10-05T23:45:36,2026-10-05T23:45:36,2026-10-05T23:45:36
6245,立端,2026-05-15,82.5,1.0,1.23%,,,,,,,,,ShowDailyK_ChartFlow,FinMind_API_TaiwanStockPrice_6245,True,2026-10-05T23:45:36,2026-10-05T23:45:36,2026-10-05T23:45:36
6245,立端,2026-05-18,82.3,-0.20000000000000284,-0.24%,,,,,,,,,ShowDailyK_ChartFlow,FinMind_API_TaiwanStockPrice_6245,True,2026-10-05T23:45:36,2026-10-05T23:45:36,2026-10-05T23:45:36
6245,立端,2026-05-19,80.9,-1.3999999999999915,-1.70%,,,,,,,,,ShowDailyK_ChartFlow,FinMind_API_TaiwanStockPrice_6245,True,2026-10-05T23:45:36,2026-10-05T23:45:36,2026-10-05T23:45:36
6245,立端,2026-05-20,82.6,1.6999999999999886,2.10%,,,,,,,,,ShowDailyK_ChartFlow,FinMind_API_TaiwanStockPrice_6245,True,2026-10-05T23:45:36,2026-10-05T23:45:36,2026-10-05T23:45:36
6245,立端,2026-05-21,85.1,2.5,3.03%,,,,,,,,,ShowDailyK_ChartFlow,FinMind_API_TaiwanStockPrice_6245,True,2026-10-05T23:45:36,2026-10-05T23:45:36,2026-10-05T23:45:36
6245,立端,2026-05-22,88.0,2.9000000000000057,3.41%,,,,,,,,,ShowDailyK_ChartFlow,FinMind_API_TaiwanStockPrice_6245,True,2026-10-05T23:45:36,2026-10-05T23:45:36,2026-10-05T23:45:36
6245,立端,2026-05-25,89.8,1.7999999999999972,2.05%,,,,,,,,,ShowDailyK_ChartFlow,FinMind_API_TaiwanStockPrice_6245,True,2026-10-05T23:45:36,2026-10-05T23:45:36,2026-10-05T23:45:36
6245,立端,2026-05-26,90.9,1.1000000000000085,1.22%,,,,,,,,,ShowDailyK_ChartFlow,FinMind_API_TaiwanStockPrice_6245,True,2026-10-05T23:45:36,2026-10-05T23:45:36,2026-10-05T23:45:36
6245,立端,2026-05-27,90.6,-0.30000000000001137,-0.33%,,,,,,,,,ShowDailyK_ChartFlow,FinMind_API_TaiwanStockPrice_6245,True,2026-10-05T23:45:36,2026-10-05T23:45:36,2026-10-05T23:45:36
6245,立端,2026-05-28,86.1,-4.5,-4.97%,,,,,,,,,ShowDailyK_ChartFlow,FinMind_API_TaiwanStockPrice_6245,True,2026-10-05T23:45:36,2026-10-05T23:45:36,2026-10-05T23:45:36
6245,立端,2026-05-29,87.2,1.1000000000000085,1.28%,,,,,,,,,ShowDailyK_ChartFlow,FinMind_API_TaiwanStockPrice_6245,True,2026-10-05T23:45:36,2026-10-05T23:45:36,2026-10-05T23:45:36
6245,立端,2026-06-01,89.8,2.5999999999999943,2.98%,,,,,,,,,ShowDailyK_ChartFlow,FinMind_API_TaiwanStockPrice_6245,True,2026-10-05T23:45:36,2026-10-05T23:45:36,2026-10-05T23:45:36
6245,立端,2026-06-02,91.4,1.6000000000000085,1.78%,,,,,,,,,ShowDailyK_ChartFlow,FinMind_API_TaiwanStockPrice_6245,True,2026-10-05T23:45:36,2026-10-05T23:45:36,2026-10-05T23:45:36
6245,立端,2026-06-03,89.9,-1.5,-1.64%,,,,,,,,,ShowDailyK_ChartFlow,FinMind_API_TaiwanStockPrice_6245,True,2026-10-05T23:45:36,2026-10-05T23:45:36,2026-10-05T23:45:36
6245,立端,2026-06-04,86.3,-3.6000000000000085,-4.00%,,,,,,,,,ShowDailyK_ChartFlow,FinMind_API_TaiwanStockPrice_6245,True,2026-10-05T23:45:36,2026-10-05T23:45:36,2026-10-05T23:45:36
6245,立端,2026-06-05,87.2,0.9000000000000057,1.04%,,,,,,,,,ShowDailyK_ChartFlow,FinMind_API_TaiwanStockPrice_6245,True,2026-10-05T23:45:36,2026-10-05T23:45:36,2026-10-05T23:45:36
6245,立端,2026-06-08,84.7,-2.5,-2.87%,,,,,,,,,ShowDailyK_ChartFlow,FinMind_API_TaiwanStockPrice_6245,True,2026-10-05T23:45:36,2026-10-05T23:45:36,2026-10-05T23:45:36
6245,立端,2026-06-09,86.7,2.0,2.36%,,,,,,,,,ShowDailyK_ChartFlow,FinMind_API_TaiwanStockPrice_6245,True,2026-10-05T23:45:36,2026-10-05T23:45:36,2026-10-05T23:45:36
6245,立端,2026-06-10,85.0,-1.7000000000000028,-1.96%,,,,,,,,,ShowDailyK_ChartFlow,FinMind_API_TaiwanStockPrice_6245,True,2026-10-05T23:45:36,2026-10-05T23:45:36,2026-10-05T23:45:36
6245,立端,2026-06-11,82.4,-2.5999999999999943,-3.06%,,,,,,,,,ShowDailyK_ChartFlow,FinMind_API_TaiwanStockPrice_6245,True,2026-10-05T23:45:36,2026-10-05T23:45:36,2026-10-05T23:45:36
6245,立端,2026-06-12,81.0,-1.4000000000000057,-1.70%,,,,,,,,,ShowDailyK_ChartFlow,FinMind_API_TaiwanStockPrice_6245,True,2026-10-05T23:45:36,2026-10-05T23:45:36,2026-10-05T23:45:36
6245,立端,2026-06-15,81.6,0.5999999999999943,0.74%,,,,,,,,,ShowDailyK_ChartFlow,FinMind_API_TaiwanStockPrice_6245,True,2026-10-05T23:45:36,2026-10-05T23:45:36,2026-10-05T23:45:36
6245,立端,2026-06-16,81.3,-0.29999999999999716,-0.37%,,,,,,,,,ShowDailyK_ChartFlow,FinMind_API_TaiwanStockPrice_6245,True,2026-10-05T23:45:36,2026-10-05T23:45:36,2026-10-05T23:45:36
6245,立端,2026-06-17,81.7,0.4000000000000057,0.49%,,,,,,,,,ShowDailyK_ChartFlow,FinMind_API_TaiwanStockPrice_6245,True,2026-10-05T23:45:36,2026-10-05T23:45:36,2026-10-05T23:45:36
6245,立端,2026-06-18,81.5,-0.20000000000000284,-0.24%,,,,,,,,,ShowDailyK_ChartFlow,FinMind_API_TaiwanStockPrice_6245,True,2026-10-05T23:45:36,2026-10-05T23:45:36,2026-10-05T23:45:36
6245,立端,2026-06-22,82.1,0.5999999999999943,0.74%,,,,,,,,,ShowDailyK_ChartFlow,FinMind_API_TaiwanStockPrice_6245,True,2026-10-05T23:45:36,2026-10-05T23:45:36,2026-10-05T23:45:36
6245,立端,2026-06-23,80.6,-1.5,-1.83%,,,,,,,,,ShowDailyK_ChartFlow,FinMind_API_TaiwanStockPrice_6245,True,2026-10-05T23:45:36,2026-10-05T23:45:36,2026-10-05T23:45:36
6245,立端,2026-06-24,80.4,-0.19999999999998863,-0.25%,,,,,,,,,ShowDailyK_ChartFlow,FinMind_API_TaiwanStockPrice_6245,True,2026-10-05T23:45:36,2026-10-05T23:45:36,2026-10-05T23:45:36
6245,立端,2026-06-25,79.7,-0.7000000000000028,-0.87%,,,,,,,,,ShowDailyK_ChartFlow,FinMind_API_TaiwanStockPrice_6245,True,2026-10-05T23:45:36,2026-10-05T23:45:36,2026-10-05T23:45:36
6245,立端,2026-06-26,76.4,-3.299999999999997,-4.14%,,,,,,,,,ShowDailyK_ChartFlow,FinMind_API_TaiwanStockPrice_6245,True,2026-10-05T23:45:36,2026-10-05T23:45:36,2026-10-05T23:45:36
6245,立端,2026-06-29,79.0,2.5999999999999943,3.40%,,,,,,,,,ShowDailyK_ChartFlow,FinMind_API_TaiwanStockPrice_6245,True,2026-10-05T23:45:36,2026-10-05T23:45:36,2026-10-05T23:45:36
6245,立端,2026-06-30,82.2,3.200000000000003,4.05%,,,,,,,,,ShowDailyK_ChartFlow,FinMind_API_TaiwanStockPrice_6245,True,2026-10-05T23:45:36,2026-10-05T23:45:36,2026-10-05T23:45:36
6245,立端,2026-07-01,79.9,-2.299999999999997,-2.80%,,,,,,,,,ShowDailyK_ChartFlow,FinMind_API_TaiwanStockPrice_6245,True,2026-10-05T23:45:36,2026-10-05T23:45:36,2026-10-05T23:45:36
6245,立端,2026-07-02,80.2,0.29999999999999716,0.38%,,,,,,,,,ShowDailyK_ChartFlow,FinMind_API_TaiwanStockPrice_6245,True,2026-10-05T23:45:36,2026-10-05T23:45:36,2026-10-05T23:45:36
6245,立端,2026-07-03,81.8,1.5999999999999943,2.00%,,,,,,,,,ShowDailyK_ChartFlow,FinMind_API_TaiwanStockPrice_6245,True,2026-10-05T23:45:36,2026-10-05T23:45:36,2026-10-05T23:45:36
6245,立端,2026-07-06,81.9,0.10000000000000853,0.12%,,,,,,,,,ShowDailyK_ChartFlow,FinMind_API_TaiwanStockPrice_6245,True,2026-10-05T23:45:36,2026-10-05T23:45:36,2026-10-05T23:45:36
6245,立端,2026-07-07,79.9,-2.0,-2.44%,,,,,,,,,ShowDailyK_ChartFlow,FinMind_API_TaiwanStockPrice_6245,True,2026-10-05T23:45:36,2026-10-05T23:45:36,2026-10-05T23:45:36
6245,立端,2026-07-08,80.6,0.6999999999999886,0.88%,,,,,,,,,ShowDailyK_ChartFlow,FinMind_API_TaiwanStockPrice_6245,True,2026-10-05T23:45:36,2026-10-05T23:45:36,2026-10-05T23:45:36
6245,立端,2026-07-09,80.8,0.20000000000000284,0.25%,,,,,,,,,ShowDailyK_ChartFlow,FinMind_API_TaiwanStockPrice_6245,True,2026-10-05T23:45:36,2026-10-05T23:45:36,2026-10-05T23:45:36
6245,立端,2026-07-13,80.7,-0.09999999999999432,-0.12%,,,,,,,,,ShowDailyK_ChartFlow,FinMind_API_TaiwanStockPrice_6245,True,2026-10-05T23:45:36,2026-10-05T23:45:36,2026-10-05T23:45:36
6245,立端,2026-07-14,79.9,-0.7999999999999972,-0.99%,,,,,,,,,ShowDailyK_ChartFlow,FinMind_API_TaiwanStockPrice_6245,True,2026-10-05T23:45:36,2026-10-05T23:45:36,2026-10-05T23:45:36
6245,立端,2026-07-15,82.8,2.8999999999999915,3.63%,,,,,,,,,ShowDailyK_ChartFlow,FinMind_API_TaiwanStockPrice_6245,True,2026-10-05T23:45:36,2026-10-05T23:45:36,2026-10-05T23:45:36
6245,立端,2026-07-16,80.6,-2.200000000000003,-2.66%,,,,,,,,,ShowDailyK_ChartFlow,FinMind_API_TaiwanStockPrice_6245,True,2026-10-05T23:45:36,2026-10-05T23:45:36,2026-10-05T23:45:36
6245,立端,2026-07-17,75.9,-4.699999999999989,-5.83%,,,,,,,,,ShowDailyK_ChartFlow,FinMind_API_TaiwanStockPrice_6245,True,2026-10-05T23:45:36,2026-10-05T23:45:36,2026-10-05T23:45:36
6245,立端,2026-07-20,76.5,0.5999999999999943,0.79%,,,,,,,,,ShowDailyK_ChartFlow,FinMind_API_TaiwanStockPrice_6245,True,2026-10-05T23:45:36,2026-10-05T23:45:36,2026-10-05T23:45:36
6245,立端,2026-07-21,79.5,3.0,3.92%,,,,,,,,,ShowDailyK_ChartFlow,FinMind_API_TaiwanStockPrice_6245,True,2026-10-05T23:45:36,2026-10-05T23:45:36,2026-10-05T23:45:36
6245,立端,2026-07-22,81.4,1.9000000000000057,2.39%,,,,,,,,,ShowDailyK_ChartFlow,FinMind_API_TaiwanStockPrice_6245,True,2026-10-05T23:45:36,2026-10-05T23:45:36,2026-10-05T23:45:36
6245,立端,2026-07-23,84.9,3.5,4.30%,,,,,,,,,ShowDailyK_ChartFlow,FinMind_API_TaiwanStockPrice_6245,True,2026-10-05T23:45:36,2026-10-05T23:45:36,2026-10-05T23:45:36
6245,立端,2026-07-24,84.0,-0.9000000000000057,-1.06%,,,,,,,,,ShowDailyK_ChartFlow,FinMind_API_TaiwanStockPrice_6245,True,2026-10-05T23:45:36,2026-10-05T23:45:36,2026-10-05T23:45:36
6245,立端,2026-07-27,83.0,-1.0,-1.19%,,,,,,,,,ShowDailyK_ChartFlow,FinMind_API_TaiwanStockPrice_6245,True,2026-10-05T23:45:36,2026-10-05T23:45:36,2026-10-05T23:45:36
6245,立端,2026-07-28,80.0,-3.0,-3.61%,,,,,,,,,ShowDailyK_ChartFlow,FinMind_API_TaiwanStockPrice_6245,True,2026-10-05T23:45:36,2026-10-05T23:45:36,2026-10-05T23:45:36
6245,立端,2026-07-29,77.4,-2.5999999999999943,-3.25%,,,,,,,,,ShowDailyK_ChartFlow,FinMind_API_TaiwanStockPrice_6245,True,2026-10-05T23:45:36,2026-10-05T23:45:36,2026-10-05T23:45:36
6245,立端,2026-07-30,73.7,-3.700000000000003,-4.78%,,,,,,,,,ShowDailyK_ChartFlow,FinMind_API_TaiwanStockPrice_6245,True,2026-10-05T23:45:36,2026-10-05T23:45:36,2026-10-05T23:45:36
6245,立端,2026-07-31,75.7,2.0,2.71%,,,,,,,,,ShowDailyK_ChartFlow,FinMind_API_TaiwanStockPrice_6245,True,2026-10-05T23:45:36,2026-10-05T23:45:36,2026-10-05T23:45:36
6245,立端,2026-08-03,77.3,1.5999999999999943,2.11%,,,,,,,,,ShowDailyK_ChartFlow,FinMind_API_TaiwanStockPrice_6245,True,2026-10-05T23:45:36,2026-10-05T23:45:36,2026-10-05T23:45:36
6245,立端,2026-08-04,78.2,0.9000000000000057,1.16%,,,,,,,,,ShowDailyK_ChartFlow,FinMind_API_TaiwanStockPrice_6245,True,2026-10-05T23:45:36,2026-10-05T23:45:36,2026-10-05T23:45:36
6245,立端,2026-08-05,81.0,2.799999999999997,3.58%,,,,,,,,,ShowDailyK_ChartFlow,FinMind_API_TaiwanStockPrice_6245,True,2026-10-05T23:45:36,2026-10-05T23:45:36,2026-10-05T23:45:36
6245,立端,2026-08-06,82.4,1.4000000000000057,1.73%,,,,,,,,,ShowDailyK_ChartFlow,FinMind_API_TaiwanStockPrice_6245,True,2026-10-05T23:45:36,2026-10-05T23:45:36,2026-10-05T23:45:36
6245,立端,2026-08-07,84.4,2.0,2.43%,,,,,,,,,ShowDailyK_ChartFlow,FinMind_API_TaiwanStockPrice_6245,True,2026-10-05T23:45:36,2026-10-05T23:45:36,2026-10-05T23:45:36
6245,立端,2026-08-10,88.6,4.199999999999989,4.98%,,,,,,,,,ShowDailyK_ChartFlow,FinMind_API_TaiwanStockPrice_6245,True,2026-10-05T23:45:36,2026-10-05T23:45:36,2026-10-05T23:45:36
6245,立端,2026-08-11,87.9,-0.6999999999999886,-0.79%,,,,,,,,,ShowDailyK_ChartFlow,FinMind_API_TaiwanStockPrice_6245,True,2026-10-05T23:45:36,2026-10-05T23:45:36,2026-10-05T23:45:36
6245,立端,2026-08-12,88.0,0.09999999999999432,0.11%,,,,,,,,,ShowDailyK_ChartFlow,FinMind_API_TaiwanStockPrice_6245,True,2026-10-05T23:45:36,2026-10-05T23:45:36,2026-10-05T23:45:36
6245,立端,2026-08-13,87.1,-0.9000000000000057,-1.02%,,,,,,,,,ShowDailyK_ChartFlow,FinMind_API_TaiwanStockPrice_6245,True,2026-10-05T23:45:36,2026-10-05T23:45:36,2026-10-05T23:45:36
6245,立端,2026-08-14,84.5,-2.5999999999999943,-2.99%,,,,,,,,,ShowDailyK_ChartFlow,FinMind_API_TaiwanStockPrice_6245,True,2026-10-05T23:45:36,2026-10-05T23:45:36,2026-10-05T23:45:36
6245,立端,2026-08-17,85.0,0.5,0.59%,,,,,,,,,ShowDailyK_ChartFlow,FinMind_API_TaiwanStockPrice_6245,True,2026-10-05T23:45:36,2026-10-05T23:45:36,2026-10-05T23:45:36
6245,立端,2026-08-18,81.2,-3.799999999999997,-4.47%,,,,,,,,,ShowDailyK_ChartFlow,FinMind_API_TaiwanStockPrice_6245,True,2026-10-05T23:45:36,2026-10-05T23:45:36,2026-10-05T23:45:36
6245,立端,2026-08-19,83.4,2.200000000000003,2.71%,,,,,,,,,ShowDailyK_ChartFlow,FinMind_API_TaiwanStockPrice_6245,True,2026-10-05T23:45:36,2026-10-05T23:45:36,2026-10-05T23:45:36
6245,立端,2026-08-20,82.4,-1.0,-1.20%,,,,,,,,,ShowDailyK_ChartFlow,FinMind_API_TaiwanStockPrice_6245,True,2026-10-05T23:45:36,2026-10-05T23:45:36,2026-10-05T23:45:36
6245,立端,2026-08-21,81.4,-1.0,-1.21%,,,,,,,,,ShowDailyK_ChartFlow,FinMind_API_TaiwanStockPrice_6245,True,2026-10-05T23:45:36,2026-10-05T23:45:36,2026-10-05T23:45:36
6245,立端,2026-08-24,81.6,0.19999999999998863,0.25%,,,,,,,,,ShowDailyK_ChartFlow,FinMind_API_TaiwanStockPrice_6245,True,2026-10-05T23:45:36,2026-10-05T23:45:36,2026-10-05T23:45:36
6245,立端,2026-08-25,81.2,-0.3999999999999915,-0.49%,,,,,,,,,ShowDailyK_ChartFlow,FinMind_API_TaiwanStockPrice_6245,True,2026-10-05T23:45:36,2026-10-05T23:45:36,2026-10-05T23:45:36
6245,立端,2026-08-26,83.7,2.5,3.08%,,,,,,,,,ShowDailyK_ChartFlow,FinMind_API_TaiwanStockPrice_6245,True,2026-10-05T23:45:36,2026-10-05T23:45:36,2026-10-05T23:45:36
6245,立端,2026-08-27,83.7,0.0,0.00%,,,,,,,,,ShowDailyK_ChartFlow,FinMind_API_TaiwanStockPrice_6245,True,2026-10-05T23:45:36,2026-10-05T23:45:36,2026-10-05T23:45:36
6245,立端,2026-08-28,83.2,-0.5,-0.60%,,,,,,,,,ShowDailyK_ChartFlow,FinMind_API_TaiwanStockPrice_6245,True,2026-10-05T23:45:36,2026-10-05T23:45:36,2026-10-05T23:45:36
6245,立端,2026-08-31,81.8,-1.4000000000000057,-1.68%,,,,,,,,,ShowDailyK_ChartFlow,FinMind_API_TaiwanStockPrice_6245,True,2026-10-05T23:45:36,2026-10-05T23:45:36,2026-10-05T23:45:36
6245,立端,2026-09-01,78.8,-3.0,-3.67%,,,,,,,,,ShowDailyK_ChartFlow,FinMind_API_TaiwanStockPrice_6245,True,2026-10-05T23:45:36,2026-10-05T23:45:36,2026-10-05T23:45:36
6245,立端,2026-09-02,78.2,-0.5999999999999943,-0.76%,,,,,,,,,ShowDailyK_ChartFlow,FinMind_API_TaiwanStockPrice_6245,True,2026-10-05T23:45:36,2026-10-05T23:45:36,2026-10-05T23:45:36
6245,立端,2026-09-03,76.1,-2.1000000000000085,-2.69%,,,,,,,,,ShowDailyK_ChartFlow,FinMind_API_TaiwanStockPrice_6245,True,2026-10-05T23:45:36,2026-10-05T23:45:36,2026-10-05T23:45:36
6245,立端,2026-09-04,78.2,2.1000000000000085,2.76%,,,,,,,,,ShowDailyK_ChartFlow,FinMind_API_TaiwanStockPrice_6245,True,2026-10-05T23:45:36,2026-10-05T23:45:36,2026-10-05T23:45:36
6245,立端,2026-09-07,79.3,1.0999999999999943,1.41%,,,,,,,,,ShowDailyK_ChartFlow,FinMind_API_TaiwanStockPrice_6245,True,2026-10-05T23:45:36,2026-10-05T23:45:36,2026-10-05T23:45:36
6245,立端,2026-09-08,79.3,0.0,0.00%,,,,,,,,,ShowDailyK_ChartFlow,FinMind_API_TaiwanStockPrice_6245,True,2026-10-05T23:45:36,2026-10-05T23:45:36,2026-10-05T23:45:36
6245,立端,2026-09-09,81.5,2.200000000000003,2.77%,,,,,,,,,ShowDailyK_ChartFlow,FinMind_API_TaiwanStockPrice_6245,True,2026-10-05T23:45:36,2026-10-05T23:45:36,2026-10-05T23:45:36
6245,立端,2026-09-10,83.3,1.7999999999999972,2.21%,,,,,,,,,ShowDailyK_ChartFlow,FinMind_API_TaiwanStockPrice_6245,True,2026-10-05T23:45:36,2026-10-05T23:45:36,2026-10-05T23:45:36
6245,立端,2026-09-11,81.3,-2.0,-2.40%,,,,,,,,,ShowDailyK_ChartFlow,FinMind_API_TaiwanStockPrice_6245,True,2026-10-05T23:45:36,2026-10-05T23:45:36,2026-10-05T23:45:36
6245,立端,2026-09-14,85.5,4.200000000000003,5.17%,,,,,,,,,ShowDailyK_ChartFlow,FinMind_API_TaiwanStockPrice_6245,True,2026-10-05T23:45:36,2026-10-05T23:45:36,2026-10-05T23:45:36
6245,立端,2026-09-15,83.7,-1.7999999999999972,-2.11%,,,,,,,,,ShowDailyK_ChartFlow,FinMind_API_TaiwanStockPrice_6245,True,2026-10-05T23:45:36,2026-10-05T23:45:36,2026-10-05T23:45:36
6245,立端,2026-09-16,83.4,-0.29999999999999716,-0.36%,,,,,,,,,ShowDailyK_ChartFlow,FinMind_API_TaiwanStockPrice_6245,True,2026-10-05T23:45:36,2026-10-05T23:45:36,2026-10-05T23:45:36
6245,立端,2026-09-17,84.4,1.0,1.20%,,,,,,,,,ShowDailyK_ChartFlow,FinMind_API_TaiwanStockPrice_6245,True,2026-10-05T23:45:36,2026-10-05T23:45:36,2026-10-05T23:45:36
6245,立端,2026-09-18,85.6,1.1999999999999886,1.42%,,,,,,,,,ShowDailyK_ChartFlow,FinMind_API_TaiwanStockPrice_6245,True,2026-10-05T23:45:36,2026-10-05T23:45:36,2026-10-05T23:45:36
6245,立端,2026-09-21,88.4,2.8000000000000114,3.27%,,,,,,,,,ShowDailyK_ChartFlow,FinMind_API_TaiwanStockPrice_6245,True,2026-10-05T23:45:36,2026-10-05T23:45:36,2026-10-05T23:45:36
6245,立端,2026-09-22,85.7,-2.700000000000003,-3.05%,,,,,,,,,ShowDailyK_ChartFlow,FinMind_API_TaiwanStockPrice_6245,True,2026-10-05T23:45:36,2026-10-05T23:45:36,2026-10-05T23:45:36
6245,立端,2026-09-23,84.6,-1.1000000000000085,-1.28%,,,,,,,,,ShowDailyK_ChartFlow,FinMind_API_TaiwanStockPrice_6245,True,2026-10-05T23:45:36,2026-10-05T23:45:36,2026-10-05T23:45:36
6245,立端,2026-09-24,85.7,1.1000000000000085,1.30%,,,,,,,,,ShowDailyK_ChartFlow,FinMind_API_TaiwanStockPrice_6245,True,2026-10-05T23:45:36,2026-10-05T23:45:36,2026-10-05T23:45:36
6245,立端,2026-09-29,88.7,3.0,3.50%,,,,,,,,,ShowDailyK_ChartFlow,FinMind_API_TaiwanStockPrice_6245,True,2026-10-05T23:45:36,2026-10-05T23:45:36,2026-10-05T23:45:36
6245,立端,2026-09-30,87.8,-0.9000000000000057,-1.01%,,,,,,,,,ShowDailyK_ChartFlow,FinMind_API_TaiwanStockPrice_6245,True,2026-10-05T23:45:36,2026-10-05T23:45:36,2026-10-05T23:45:36
6245,立端,2026-10-01,88.3,0.5,0.57%,,,,,,,,,ShowDailyK_ChartFlow,FinMind_API_TaiwanStockPrice_6245,True,2026-10-05T23:45:36,2026-10-05T23:45:36,2026-10-05T23:45:36
6245,立端,2026-10-02,88.2,-0.09999999999999432,-0.11%,,,,,,,,,ShowDailyK_ChartFlow,FinMind_API_TaiwanStockPrice_6245,True,2026-10-05T23:45:36,2026-10-05T23:45:36,2026-10-05T23:45:36
6245,立端,2026-10-05,89.1,0.8999999999999915,1.02%,,,,,,,,,ShowDailyK_ChartFlow,FinMind_API_TaiwanStockPrice_6245,True,2026-10-05T23:45:36,2026-10-05T23:45:36,2026-10-05T23:45:36
