stock_code,company_name,交易_日期,收盤價_元,漲跌價_元,漲跌幅_pct,河流圖_eps_元,目前_per_倍,本益比試算價格_15x_元,本益比試算價格_18x_元,本益比試算價格_21x_元,本益比試算價格_24x_元,本益比試算價格_27x_元,本益比試算價格_30x_元,file_type,source_file,download_success,download_timestamp,process_timestamp,stage1_process_timestamp
6669,緯穎,2021-01-04,695.0,,,,15.53,,,,,,,ShowDailyK_ChartFlow,FinMind_API_TaiwanStockPrice_6669,True,2026-09-28T22:40:47,2026-09-28T22:40:47,2026-09-28T22:40:47
6669,緯穎,2021-01-05,694.0,-1.0,-0.14%,,15.5,,,,,,,ShowDailyK_ChartFlow,FinMind_API_TaiwanStockPrice_6669,True,2026-09-28T22:40:47,2026-09-28T22:40:47,2026-09-28T22:40:47
6669,緯穎,2021-01-06,689.0,-5.0,-0.72%,,15.39,,,,,,,ShowDailyK_ChartFlow,FinMind_API_TaiwanStockPrice_6669,True,2026-09-28T22:40:47,2026-09-28T22:40:47,2026-09-28T22:40:47
6669,緯穎,2021-01-07,683.0,-6.0,-0.87%,,15.26,,,,,,,ShowDailyK_ChartFlow,FinMind_API_TaiwanStockPrice_6669,True,2026-09-28T22:40:47,2026-09-28T22:40:47,2026-09-28T22:40:47
6669,緯穎,2021-01-08,735.0,52.0,7.61%,,16.42,,,,,,,ShowDailyK_ChartFlow,FinMind_API_TaiwanStockPrice_6669,True,2026-09-28T22:40:47,2026-09-28T22:40:47,2026-09-28T22:40:47
6669,緯穎,2021-01-11,707.0,-28.0,-3.81%,,15.8,,,,,,,ShowDailyK_ChartFlow,FinMind_API_TaiwanStockPrice_6669,True,2026-09-28T22:40:47,2026-09-28T22:40:47,2026-09-28T22:40:47
6669,緯穎,2021-01-12,712.0,5.0,0.71%,,15.91,,,,,,,ShowDailyK_ChartFlow,FinMind_API_TaiwanStockPrice_6669,True,2026-09-28T22:40:47,2026-09-28T22:40:47,2026-09-28T22:40:47
6669,緯穎,2021-01-13,763.0,51.0,7.16%,,17.05,,,,,,,ShowDailyK_ChartFlow,FinMind_API_TaiwanStockPrice_6669,True,2026-09-28T22:40:47,2026-09-28T22:40:47,2026-09-28T22:40:47
6669,緯穎,2021-01-14,767.0,4.0,0.52%,,17.14,,,,,,,ShowDailyK_ChartFlow,FinMind_API_TaiwanStockPrice_6669,True,2026-09-28T22:40:47,2026-09-28T22:40:47,2026-09-28T22:40:47
6669,緯穎,2021-01-15,767.0,0.0,0.00%,,17.14,,,,,,,ShowDailyK_ChartFlow,FinMind_API_TaiwanStockPrice_6669,True,2026-09-28T22:40:47,2026-09-28T22:40:47,2026-09-28T22:40:47
6669,緯穎,2021-01-18,789.0,22.0,2.87%,,17.63,,,,,,,ShowDailyK_ChartFlow,FinMind_API_TaiwanStockPrice_6669,True,2026-09-28T22:40:47,2026-09-28T22:40:47,2026-09-28T22:40:47
6669,緯穎,2021-01-19,802.0,13.0,1.65%,,17.92,,,,,,,ShowDailyK_ChartFlow,FinMind_API_TaiwanStockPrice_6669,True,2026-09-28T22:40:47,2026-09-28T22:40:47,2026-09-28T22:40:47
6669,緯穎,2021-01-20,833.0,31.0,3.87%,,18.61,,,,,,,ShowDailyK_ChartFlow,FinMind_API_TaiwanStockPrice_6669,True,2026-09-28T22:40:47,2026-09-28T22:40:47,2026-09-28T22:40:47
6669,緯穎,2021-01-21,894.0,61.0,7.32%,,19.97,,,,,,,ShowDailyK_ChartFlow,FinMind_API_TaiwanStockPrice_6669,True,2026-09-28T22:40:47,2026-09-28T22:40:47,2026-09-28T22:40:47
6669,緯穎,2021-01-22,868.0,-26.0,-2.91%,,19.39,,,,,,,ShowDailyK_ChartFlow,FinMind_API_TaiwanStockPrice_6669,True,2026-09-28T22:40:47,2026-09-28T22:40:47,2026-09-28T22:40:47
6669,緯穎,2021-01-25,851.0,-17.0,-1.96%,,19.01,,,,,,,ShowDailyK_ChartFlow,FinMind_API_TaiwanStockPrice_6669,True,2026-09-28T22:40:47,2026-09-28T22:40:47,2026-09-28T22:40:47
6669,緯穎,2021-01-26,836.0,-15.0,-1.76%,,18.68,,,,,,,ShowDailyK_ChartFlow,FinMind_API_TaiwanStockPrice_6669,True,2026-09-28T22:40:47,2026-09-28T22:40:47,2026-09-28T22:40:47
6669,緯穎,2021-01-27,842.0,6.0,0.72%,,18.81,,,,,,,ShowDailyK_ChartFlow,FinMind_API_TaiwanStockPrice_6669,True,2026-09-28T22:40:47,2026-09-28T22:40:47,2026-09-28T22:40:47
6669,緯穎,2021-01-28,836.0,-6.0,-0.71%,,18.68,,,,,,,ShowDailyK_ChartFlow,FinMind_API_TaiwanStockPrice_6669,True,2026-09-28T22:40:47,2026-09-28T22:40:47,2026-09-28T22:40:47
6669,緯穎,2021-01-29,826.0,-10.0,-1.20%,,18.45,,,,,,,ShowDailyK_ChartFlow,FinMind_API_TaiwanStockPrice_6669,True,2026-09-28T22:40:47,2026-09-28T22:40:47,2026-09-28T22:40:47
6669,緯穎,2021-02-01,829.0,3.0,0.36%,,18.52,,,,,,,ShowDailyK_ChartFlow,FinMind_API_TaiwanStockPrice_6669,True,2026-09-28T22:40:47,2026-09-28T22:40:47,2026-09-28T22:40:47
6669,緯穎,2021-02-02,828.0,-1.0,-0.12%,,18.5,,,,,,,ShowDailyK_ChartFlow,FinMind_API_TaiwanStockPrice_6669,True,2026-09-28T22:40:47,2026-09-28T22:40:47,2026-09-28T22:40:47
6669,緯穎,2021-02-03,843.0,15.0,1.81%,,18.83,,,,,,,ShowDailyK_ChartFlow,FinMind_API_TaiwanStockPrice_6669,True,2026-09-28T22:40:47,2026-09-28T22:40:47,2026-09-28T22:40:47
6669,緯穎,2021-02-04,865.0,22.0,2.61%,,19.33,,,,,,,ShowDailyK_ChartFlow,FinMind_API_TaiwanStockPrice_6669,True,2026-09-28T22:40:47,2026-09-28T22:40:47,2026-09-28T22:40:47
6669,緯穎,2021-02-05,872.0,7.0,0.81%,,19.48,,,,,,,ShowDailyK_ChartFlow,FinMind_API_TaiwanStockPrice_6669,True,2026-09-28T22:40:47,2026-09-28T22:40:47,2026-09-28T22:40:47
6669,緯穎,2021-02-17,892.0,20.0,2.29%,,19.93,,,,,,,ShowDailyK_ChartFlow,FinMind_API_TaiwanStockPrice_6669,True,2026-09-28T22:40:47,2026-09-28T22:40:47,2026-09-28T22:40:47
6669,緯穎,2021-02-18,876.0,-16.0,-1.79%,,19.57,,,,,,,ShowDailyK_ChartFlow,FinMind_API_TaiwanStockPrice_6669,True,2026-09-28T22:40:47,2026-09-28T22:40:47,2026-09-28T22:40:47
6669,緯穎,2021-02-19,851.0,-25.0,-2.85%,,19.01,,,,,,,ShowDailyK_ChartFlow,FinMind_API_TaiwanStockPrice_6669,True,2026-09-28T22:40:47,2026-09-28T22:40:47,2026-09-28T22:40:47
6669,緯穎,2021-02-22,843.0,-8.0,-0.94%,,18.83,,,,,,,ShowDailyK_ChartFlow,FinMind_API_TaiwanStockPrice_6669,True,2026-09-28T22:40:47,2026-09-28T22:40:47,2026-09-28T22:40:47
6669,緯穎,2021-02-23,850.0,7.0,0.83%,,18.99,,,,,,,ShowDailyK_ChartFlow,FinMind_API_TaiwanStockPrice_6669,True,2026-09-28T22:40:47,2026-09-28T22:40:47,2026-09-28T22:40:47
6669,緯穎,2021-02-24,827.0,-23.0,-2.71%,,18.48,,,,,,,ShowDailyK_ChartFlow,FinMind_API_TaiwanStockPrice_6669,True,2026-09-28T22:40:47,2026-09-28T22:40:47,2026-09-28T22:40:47
6669,緯穎,2021-02-25,837.0,10.0,1.21%,,18.7,,,,,,,ShowDailyK_ChartFlow,FinMind_API_TaiwanStockPrice_6669,True,2026-09-28T22:40:47,2026-09-28T22:40:47,2026-09-28T22:40:47
6669,緯穎,2021-02-26,804.0,-33.0,-3.94%,,17.96,,,,,,,ShowDailyK_ChartFlow,FinMind_API_TaiwanStockPrice_6669,True,2026-09-28T22:40:47,2026-09-28T22:40:47,2026-09-28T22:40:47
6669,緯穎,2021-03-02,828.0,24.0,2.99%,,18.5,,,,,,,ShowDailyK_ChartFlow,FinMind_API_TaiwanStockPrice_6669,True,2026-09-28T22:40:47,2026-09-28T22:40:47,2026-09-28T22:40:47
6669,緯穎,2021-03-03,852.0,24.0,2.90%,,19.03,,,,,,,ShowDailyK_ChartFlow,FinMind_API_TaiwanStockPrice_6669,True,2026-09-28T22:40:47,2026-09-28T22:40:47,2026-09-28T22:40:47
6669,緯穎,2021-03-04,850.0,-2.0,-0.23%,,18.99,,,,,,,ShowDailyK_ChartFlow,FinMind_API_TaiwanStockPrice_6669,True,2026-09-28T22:40:47,2026-09-28T22:40:47,2026-09-28T22:40:47
6669,緯穎,2021-03-05,832.0,-18.0,-2.12%,,18.59,,,,,,,ShowDailyK_ChartFlow,FinMind_API_TaiwanStockPrice_6669,True,2026-09-28T22:40:47,2026-09-28T22:40:47,2026-09-28T22:40:47
6669,緯穎,2021-03-08,837.0,5.0,0.60%,,18.7,,,,,,,ShowDailyK_ChartFlow,FinMind_API_TaiwanStockPrice_6669,True,2026-09-28T22:40:47,2026-09-28T22:40:47,2026-09-28T22:40:47
6669,緯穎,2021-03-09,810.0,-27.0,-3.23%,,16.45,,,,,,,ShowDailyK_ChartFlow,FinMind_API_TaiwanStockPrice_6669,True,2026-09-28T22:40:47,2026-09-28T22:40:47,2026-09-28T22:40:47
6669,緯穎,2021-03-10,832.0,22.0,2.72%,,16.9,,,,,,,ShowDailyK_ChartFlow,FinMind_API_TaiwanStockPrice_6669,True,2026-09-28T22:40:47,2026-09-28T22:40:47,2026-09-28T22:40:47
6669,緯穎,2021-03-11,883.0,51.0,6.13%,,17.93,,,,,,,ShowDailyK_ChartFlow,FinMind_API_TaiwanStockPrice_6669,True,2026-09-28T22:40:47,2026-09-28T22:40:47,2026-09-28T22:40:47
6669,緯穎,2021-03-12,883.0,0.0,0.00%,,17.93,,,,,,,ShowDailyK_ChartFlow,FinMind_API_TaiwanStockPrice_6669,True,2026-09-28T22:40:47,2026-09-28T22:40:47,2026-09-28T22:40:47
6669,緯穎,2021-03-15,890.0,7.0,0.79%,,18.07,,,,,,,ShowDailyK_ChartFlow,FinMind_API_TaiwanStockPrice_6669,True,2026-09-28T22:40:47,2026-09-28T22:40:47,2026-09-28T22:40:47
6669,緯穎,2021-03-16,882.0,-8.0,-0.90%,,17.91,,,,,,,ShowDailyK_ChartFlow,FinMind_API_TaiwanStockPrice_6669,True,2026-09-28T22:40:47,2026-09-28T22:40:47,2026-09-28T22:40:47
6669,緯穎,2021-03-17,851.0,-31.0,-3.51%,,17.28,,,,,,,ShowDailyK_ChartFlow,FinMind_API_TaiwanStockPrice_6669,True,2026-09-28T22:40:47,2026-09-28T22:40:47,2026-09-28T22:40:47
6669,緯穎,2021-03-18,854.0,3.0,0.35%,,17.34,,,,,,,ShowDailyK_ChartFlow,FinMind_API_TaiwanStockPrice_6669,True,2026-09-28T22:40:47,2026-09-28T22:40:47,2026-09-28T22:40:47
6669,緯穎,2021-03-19,835.0,-19.0,-2.22%,,16.96,,,,,,,ShowDailyK_ChartFlow,FinMind_API_TaiwanStockPrice_6669,True,2026-09-28T22:40:47,2026-09-28T22:40:47,2026-09-28T22:40:47
6669,緯穎,2021-03-22,831.0,-4.0,-0.48%,,16.88,,,,,,,ShowDailyK_ChartFlow,FinMind_API_TaiwanStockPrice_6669,True,2026-09-28T22:40:47,2026-09-28T22:40:47,2026-09-28T22:40:47
6669,緯穎,2021-03-23,838.0,7.0,0.84%,,17.02,,,,,,,ShowDailyK_ChartFlow,FinMind_API_TaiwanStockPrice_6669,True,2026-09-28T22:40:47,2026-09-28T22:40:47,2026-09-28T22:40:47
6669,緯穎,2021-03-24,829.0,-9.0,-1.07%,,16.84,,,,,,,ShowDailyK_ChartFlow,FinMind_API_TaiwanStockPrice_6669,True,2026-09-28T22:40:47,2026-09-28T22:40:47,2026-09-28T22:40:47
6669,緯穎,2021-03-25,837.0,8.0,0.97%,,17.0,,,,,,,ShowDailyK_ChartFlow,FinMind_API_TaiwanStockPrice_6669,True,2026-09-28T22:40:47,2026-09-28T22:40:47,2026-09-28T22:40:47
6669,緯穎,2021-03-26,837.0,0.0,0.00%,,17.0,,,,,,,ShowDailyK_ChartFlow,FinMind_API_TaiwanStockPrice_6669,True,2026-09-28T22:40:47,2026-09-28T22:40:47,2026-09-28T22:40:47
6669,緯穎,2021-03-29,852.0,15.0,1.79%,,17.3,,,,,,,ShowDailyK_ChartFlow,FinMind_API_TaiwanStockPrice_6669,True,2026-09-28T22:40:47,2026-09-28T22:40:47,2026-09-28T22:40:47
6669,緯穎,2021-03-30,850.0,-2.0,-0.23%,,17.26,,,,,,,ShowDailyK_ChartFlow,FinMind_API_TaiwanStockPrice_6669,True,2026-09-28T22:40:47,2026-09-28T22:40:47,2026-09-28T22:40:47
6669,緯穎,2021-03-31,843.0,-7.0,-0.82%,,17.12,,,,,,,ShowDailyK_ChartFlow,FinMind_API_TaiwanStockPrice_6669,True,2026-09-28T22:40:47,2026-09-28T22:40:47,2026-09-28T22:40:47
6669,緯穎,2021-04-01,845.0,2.0,0.24%,,17.16,,,,,,,ShowDailyK_ChartFlow,FinMind_API_TaiwanStockPrice_6669,True,2026-09-28T22:40:47,2026-09-28T22:40:47,2026-09-28T22:40:47
6669,緯穎,2021-04-06,849.0,4.0,0.47%,,17.24,,,,,,,ShowDailyK_ChartFlow,FinMind_API_TaiwanStockPrice_6669,True,2026-09-28T22:40:47,2026-09-28T22:40:47,2026-09-28T22:40:47
6669,緯穎,2021-04-07,835.0,-14.0,-1.65%,,16.96,,,,,,,ShowDailyK_ChartFlow,FinMind_API_TaiwanStockPrice_6669,True,2026-09-28T22:40:47,2026-09-28T22:40:47,2026-09-28T22:40:47
6669,緯穎,2021-04-08,858.0,23.0,2.75%,,17.42,,,,,,,ShowDailyK_ChartFlow,FinMind_API_TaiwanStockPrice_6669,True,2026-09-28T22:40:47,2026-09-28T22:40:47,2026-09-28T22:40:47
6669,緯穎,2021-04-09,830.0,-28.0,-3.26%,,16.86,,,,,,,ShowDailyK_ChartFlow,FinMind_API_TaiwanStockPrice_6669,True,2026-09-28T22:40:47,2026-09-28T22:40:47,2026-09-28T22:40:47
6669,緯穎,2021-04-12,822.0,-8.0,-0.96%,,16.69,,,,,,,ShowDailyK_ChartFlow,FinMind_API_TaiwanStockPrice_6669,True,2026-09-28T22:40:47,2026-09-28T22:40:47,2026-09-28T22:40:47
6669,緯穎,2021-04-13,821.0,-1.0,-0.12%,,16.67,,,,,,,ShowDailyK_ChartFlow,FinMind_API_TaiwanStockPrice_6669,True,2026-09-28T22:40:47,2026-09-28T22:40:47,2026-09-28T22:40:47
6669,緯穎,2021-04-14,826.0,5.0,0.61%,,16.77,,,,,,,ShowDailyK_ChartFlow,FinMind_API_TaiwanStockPrice_6669,True,2026-09-28T22:40:47,2026-09-28T22:40:47,2026-09-28T22:40:47
6669,緯穎,2021-04-15,842.0,16.0,1.94%,,17.1,,,,,,,ShowDailyK_ChartFlow,FinMind_API_TaiwanStockPrice_6669,True,2026-09-28T22:40:47,2026-09-28T22:40:47,2026-09-28T22:40:47
6669,緯穎,2021-04-16,878.0,36.0,4.28%,,17.83,,,,,,,ShowDailyK_ChartFlow,FinMind_API_TaiwanStockPrice_6669,True,2026-09-28T22:40:47,2026-09-28T22:40:47,2026-09-28T22:40:47
6669,緯穎,2021-04-19,868.0,-10.0,-1.14%,,17.63,,,,,,,ShowDailyK_ChartFlow,FinMind_API_TaiwanStockPrice_6669,True,2026-09-28T22:40:47,2026-09-28T22:40:47,2026-09-28T22:40:47
6669,緯穎,2021-04-20,866.0,-2.0,-0.23%,,17.59,,,,,,,ShowDailyK_ChartFlow,FinMind_API_TaiwanStockPrice_6669,True,2026-09-28T22:40:47,2026-09-28T22:40:47,2026-09-28T22:40:47
6669,緯穎,2021-04-21,858.0,-8.0,-0.92%,,17.42,,,,,,,ShowDailyK_ChartFlow,FinMind_API_TaiwanStockPrice_6669,True,2026-09-28T22:40:47,2026-09-28T22:40:47,2026-09-28T22:40:47
6669,緯穎,2021-04-22,854.0,-4.0,-0.47%,,17.34,,,,,,,ShowDailyK_ChartFlow,FinMind_API_TaiwanStockPrice_6669,True,2026-09-28T22:40:47,2026-09-28T22:40:47,2026-09-28T22:40:47
6669,緯穎,2021-04-23,890.0,36.0,4.22%,,18.07,,,,,,,ShowDailyK_ChartFlow,FinMind_API_TaiwanStockPrice_6669,True,2026-09-28T22:40:47,2026-09-28T22:40:47,2026-09-28T22:40:47
6669,緯穎,2021-04-26,882.0,-8.0,-0.90%,,17.91,,,,,,,ShowDailyK_ChartFlow,FinMind_API_TaiwanStockPrice_6669,True,2026-09-28T22:40:47,2026-09-28T22:40:47,2026-09-28T22:40:47
6669,緯穎,2021-04-27,884.0,2.0,0.23%,,17.95,,,,,,,ShowDailyK_ChartFlow,FinMind_API_TaiwanStockPrice_6669,True,2026-09-28T22:40:47,2026-09-28T22:40:47,2026-09-28T22:40:47
6669,緯穎,2021-04-28,861.0,-23.0,-2.60%,,17.49,,,,,,,ShowDailyK_ChartFlow,FinMind_API_TaiwanStockPrice_6669,True,2026-09-28T22:40:47,2026-09-28T22:40:47,2026-09-28T22:40:47
6669,緯穎,2021-04-29,914.0,53.0,6.16%,,18.56,,,,,,,ShowDailyK_ChartFlow,FinMind_API_TaiwanStockPrice_6669,True,2026-09-28T22:40:47,2026-09-28T22:40:47,2026-09-28T22:40:47
6669,緯穎,2021-05-03,906.0,-8.0,-0.88%,,18.4,,,,,,,ShowDailyK_ChartFlow,FinMind_API_TaiwanStockPrice_6669,True,2026-09-28T22:40:47,2026-09-28T22:40:47,2026-09-28T22:40:47
6669,緯穎,2021-05-04,929.0,23.0,2.54%,,18.87,,,,,,,ShowDailyK_ChartFlow,FinMind_API_TaiwanStockPrice_6669,True,2026-09-28T22:40:47,2026-09-28T22:40:47,2026-09-28T22:40:47
6669,緯穎,2021-05-05,931.0,2.0,0.22%,,18.91,,,,,,,ShowDailyK_ChartFlow,FinMind_API_TaiwanStockPrice_6669,True,2026-09-28T22:40:47,2026-09-28T22:40:47,2026-09-28T22:40:47
6669,緯穎,2021-05-06,905.0,-26.0,-2.79%,,18.38,,,,,,,ShowDailyK_ChartFlow,FinMind_API_TaiwanStockPrice_6669,True,2026-09-28T22:40:47,2026-09-28T22:40:47,2026-09-28T22:40:47
6669,緯穎,2021-05-07,944.0,39.0,4.31%,,18.66,,,,,,,ShowDailyK_ChartFlow,FinMind_API_TaiwanStockPrice_6669,True,2026-09-28T22:40:47,2026-09-28T22:40:47,2026-09-28T22:40:47
6669,緯穎,2021-05-10,913.0,-31.0,-3.28%,,18.05,,,,,,,ShowDailyK_ChartFlow,FinMind_API_TaiwanStockPrice_6669,True,2026-09-28T22:40:47,2026-09-28T22:40:47,2026-09-28T22:40:47
6669,緯穎,2021-05-11,872.0,-41.0,-4.49%,,17.24,,,,,,,ShowDailyK_ChartFlow,FinMind_API_TaiwanStockPrice_6669,True,2026-09-28T22:40:47,2026-09-28T22:40:47,2026-09-28T22:40:47
6669,緯穎,2021-05-12,852.0,-20.0,-2.29%,,16.84,,,,,,,ShowDailyK_ChartFlow,FinMind_API_TaiwanStockPrice_6669,True,2026-09-28T22:40:47,2026-09-28T22:40:47,2026-09-28T22:40:47
6669,緯穎,2021-05-13,823.0,-29.0,-3.40%,,16.27,,,,,,,ShowDailyK_ChartFlow,FinMind_API_TaiwanStockPrice_6669,True,2026-09-28T22:40:47,2026-09-28T22:40:47,2026-09-28T22:40:47
6669,緯穎,2021-05-14,808.0,-15.0,-1.82%,,15.97,,,,,,,ShowDailyK_ChartFlow,FinMind_API_TaiwanStockPrice_6669,True,2026-09-28T22:40:47,2026-09-28T22:40:47,2026-09-28T22:40:47
6669,緯穎,2021-05-17,783.0,-25.0,-3.09%,,15.48,,,,,,,ShowDailyK_ChartFlow,FinMind_API_TaiwanStockPrice_6669,True,2026-09-28T22:40:47,2026-09-28T22:40:47,2026-09-28T22:40:47
6669,緯穎,2021-05-18,814.0,31.0,3.96%,,16.09,,,,,,,ShowDailyK_ChartFlow,FinMind_API_TaiwanStockPrice_6669,True,2026-09-28T22:40:47,2026-09-28T22:40:47,2026-09-28T22:40:47
6669,緯穎,2021-05-19,796.0,-18.0,-2.21%,,15.73,,,,,,,ShowDailyK_ChartFlow,FinMind_API_TaiwanStockPrice_6669,True,2026-09-28T22:40:47,2026-09-28T22:40:47,2026-09-28T22:40:47
6669,緯穎,2021-05-20,827.0,31.0,3.89%,,16.35,,,,,,,ShowDailyK_ChartFlow,FinMind_API_TaiwanStockPrice_6669,True,2026-09-28T22:40:47,2026-09-28T22:40:47,2026-09-28T22:40:47
6669,緯穎,2021-05-21,835.0,8.0,0.97%,,16.51,,,,,,,ShowDailyK_ChartFlow,FinMind_API_TaiwanStockPrice_6669,True,2026-09-28T22:40:47,2026-09-28T22:40:47,2026-09-28T22:40:47
6669,緯穎,2021-05-24,848.0,13.0,1.56%,,16.76,,,,,,,ShowDailyK_ChartFlow,FinMind_API_TaiwanStockPrice_6669,True,2026-09-28T22:40:47,2026-09-28T22:40:47,2026-09-28T22:40:47
6669,緯穎,2021-05-25,893.0,45.0,5.31%,,17.65,,,,,,,ShowDailyK_ChartFlow,FinMind_API_TaiwanStockPrice_6669,True,2026-09-28T22:40:47,2026-09-28T22:40:47,2026-09-28T22:40:47
6669,緯穎,2021-05-26,889.0,-4.0,-0.45%,,17.57,,,,,,,ShowDailyK_ChartFlow,FinMind_API_TaiwanStockPrice_6669,True,2026-09-28T22:40:47,2026-09-28T22:40:47,2026-09-28T22:40:47
6669,緯穎,2021-05-27,915.0,26.0,2.92%,,18.09,,,,,,,ShowDailyK_ChartFlow,FinMind_API_TaiwanStockPrice_6669,True,2026-09-28T22:40:47,2026-09-28T22:40:47,2026-09-28T22:40:47
6669,緯穎,2021-05-28,909.0,-6.0,-0.66%,,17.97,,,,,,,ShowDailyK_ChartFlow,FinMind_API_TaiwanStockPrice_6669,True,2026-09-28T22:40:47,2026-09-28T22:40:47,2026-09-28T22:40:47
6669,緯穎,2021-05-31,931.0,22.0,2.42%,,18.4,,,,,,,ShowDailyK_ChartFlow,FinMind_API_TaiwanStockPrice_6669,True,2026-09-28T22:40:47,2026-09-28T22:40:47,2026-09-28T22:40:47
6669,緯穎,2021-06-01,912.0,-19.0,-2.04%,,18.03,,,,,,,ShowDailyK_ChartFlow,FinMind_API_TaiwanStockPrice_6669,True,2026-09-28T22:40:47,2026-09-28T22:40:47,2026-09-28T22:40:47
6669,緯穎,2021-06-02,906.0,-6.0,-0.66%,,17.91,,,,,,,ShowDailyK_ChartFlow,FinMind_API_TaiwanStockPrice_6669,True,2026-09-28T22:40:47,2026-09-28T22:40:47,2026-09-28T22:40:47
6669,緯穎,2021-06-03,906.0,0.0,0.00%,,17.91,,,,,,,ShowDailyK_ChartFlow,FinMind_API_TaiwanStockPrice_6669,True,2026-09-28T22:40:47,2026-09-28T22:40:47,2026-09-28T22:40:47
6669,緯穎,2021-06-04,892.0,-14.0,-1.55%,,17.63,,,,,,,ShowDailyK_ChartFlow,FinMind_API_TaiwanStockPrice_6669,True,2026-09-28T22:40:47,2026-09-28T22:40:47,2026-09-28T22:40:47
6669,緯穎,2021-06-07,898.0,6.0,0.67%,,17.75,,,,,,,ShowDailyK_ChartFlow,FinMind_API_TaiwanStockPrice_6669,True,2026-09-28T22:40:47,2026-09-28T22:40:47,2026-09-28T22:40:47
6669,緯穎,2021-06-08,893.0,-5.0,-0.56%,,17.65,,,,,,,ShowDailyK_ChartFlow,FinMind_API_TaiwanStockPrice_6669,True,2026-09-28T22:40:47,2026-09-28T22:40:47,2026-09-28T22:40:47
6669,緯穎,2021-06-09,926.0,33.0,3.70%,,18.3,,,,,,,ShowDailyK_ChartFlow,FinMind_API_TaiwanStockPrice_6669,True,2026-09-28T22:40:47,2026-09-28T22:40:47,2026-09-28T22:40:47
6669,緯穎,2021-06-10,928.0,2.0,0.22%,,18.34,,,,,,,ShowDailyK_ChartFlow,FinMind_API_TaiwanStockPrice_6669,True,2026-09-28T22:40:47,2026-09-28T22:40:47,2026-09-28T22:40:47
6669,緯穎,2021-06-11,955.0,27.0,2.91%,,18.88,,,,,,,ShowDailyK_ChartFlow,FinMind_API_TaiwanStockPrice_6669,True,2026-09-28T22:40:47,2026-09-28T22:40:47,2026-09-28T22:40:47
6669,緯穎,2021-06-15,992.0,37.0,3.87%,,19.61,,,,,,,ShowDailyK_ChartFlow,FinMind_API_TaiwanStockPrice_6669,True,2026-09-28T22:40:47,2026-09-28T22:40:47,2026-09-28T22:40:47
6669,緯穎,2021-06-16,1020.0,28.0,2.82%,,20.16,,,,,,,ShowDailyK_ChartFlow,FinMind_API_TaiwanStockPrice_6669,True,2026-09-28T22:40:47,2026-09-28T22:40:47,2026-09-28T22:40:47
6669,緯穎,2021-06-17,976.0,-44.0,-4.31%,,19.29,,,,,,,ShowDailyK_ChartFlow,FinMind_API_TaiwanStockPrice_6669,True,2026-09-28T22:40:47,2026-09-28T22:40:47,2026-09-28T22:40:47
6669,緯穎,2021-06-18,961.0,-15.0,-1.54%,,19.0,,,,,,,ShowDailyK_ChartFlow,FinMind_API_TaiwanStockPrice_6669,True,2026-09-28T22:40:47,2026-09-28T22:40:47,2026-09-28T22:40:47
6669,緯穎,2021-06-21,978.0,17.0,1.77%,,19.33,,,,,,,ShowDailyK_ChartFlow,FinMind_API_TaiwanStockPrice_6669,True,2026-09-28T22:40:47,2026-09-28T22:40:47,2026-09-28T22:40:47
6669,緯穎,2021-06-22,956.0,-22.0,-2.25%,,18.9,,,,,,,ShowDailyK_ChartFlow,FinMind_API_TaiwanStockPrice_6669,True,2026-09-28T22:40:47,2026-09-28T22:40:47,2026-09-28T22:40:47
6669,緯穎,2021-06-23,970.0,14.0,1.46%,,19.17,,,,,,,ShowDailyK_ChartFlow,FinMind_API_TaiwanStockPrice_6669,True,2026-09-28T22:40:47,2026-09-28T22:40:47,2026-09-28T22:40:47
6669,緯穎,2021-06-24,995.0,25.0,2.58%,,19.67,,,,,,,ShowDailyK_ChartFlow,FinMind_API_TaiwanStockPrice_6669,True,2026-09-28T22:40:47,2026-09-28T22:40:47,2026-09-28T22:40:47
6669,緯穎,2021-06-25,990.0,-5.0,-0.50%,,19.57,,,,,,,ShowDailyK_ChartFlow,FinMind_API_TaiwanStockPrice_6669,True,2026-09-28T22:40:47,2026-09-28T22:40:47,2026-09-28T22:40:47
6669,緯穎,2021-06-28,983.0,-7.0,-0.71%,,19.43,,,,,,,ShowDailyK_ChartFlow,FinMind_API_TaiwanStockPrice_6669,True,2026-09-28T22:40:47,2026-09-28T22:40:47,2026-09-28T22:40:47
6669,緯穎,2021-06-29,991.0,8.0,0.81%,,19.59,,,,,,,ShowDailyK_ChartFlow,FinMind_API_TaiwanStockPrice_6669,True,2026-09-28T22:40:47,2026-09-28T22:40:47,2026-09-28T22:40:47
6669,緯穎,2021-06-30,997.0,6.0,0.61%,,19.71,,,,,,,ShowDailyK_ChartFlow,FinMind_API_TaiwanStockPrice_6669,True,2026-09-28T22:40:47,2026-09-28T22:40:47,2026-09-28T22:40:47
6669,緯穎,2021-07-01,976.0,-21.0,-2.11%,,19.29,,,,,,,ShowDailyK_ChartFlow,FinMind_API_TaiwanStockPrice_6669,True,2026-09-28T22:40:47,2026-09-28T22:40:47,2026-09-28T22:40:47
6669,緯穎,2021-07-02,1005.0,29.0,2.97%,,19.87,,,,,,,ShowDailyK_ChartFlow,FinMind_API_TaiwanStockPrice_6669,True,2026-09-28T22:40:47,2026-09-28T22:40:47,2026-09-28T22:40:47
6669,緯穎,2021-07-05,1040.0,35.0,3.48%,,20.56,,,,,,,ShowDailyK_ChartFlow,FinMind_API_TaiwanStockPrice_6669,True,2026-09-28T22:40:47,2026-09-28T22:40:47,2026-09-28T22:40:47
6669,緯穎,2021-07-06,1030.0,-10.0,-0.96%,,20.36,,,,,,,ShowDailyK_ChartFlow,FinMind_API_TaiwanStockPrice_6669,True,2026-09-28T22:40:47,2026-09-28T22:40:47,2026-09-28T22:40:47
6669,緯穎,2021-07-07,1050.0,20.0,1.94%,,20.76,,,,,,,ShowDailyK_ChartFlow,FinMind_API_TaiwanStockPrice_6669,True,2026-09-28T22:40:47,2026-09-28T22:40:47,2026-09-28T22:40:47
6669,緯穎,2021-07-08,1055.0,5.0,0.48%,,20.85,,,,,,,ShowDailyK_ChartFlow,FinMind_API_TaiwanStockPrice_6669,True,2026-09-28T22:40:47,2026-09-28T22:40:47,2026-09-28T22:40:47
6669,緯穎,2021-07-09,1045.0,-10.0,-0.95%,,20.66,,,,,,,ShowDailyK_ChartFlow,FinMind_API_TaiwanStockPrice_6669,True,2026-09-28T22:40:47,2026-09-28T22:40:47,2026-09-28T22:40:47
6669,緯穎,2021-07-12,1065.0,20.0,1.91%,,21.05,,,,,,,ShowDailyK_ChartFlow,FinMind_API_TaiwanStockPrice_6669,True,2026-09-28T22:40:47,2026-09-28T22:40:47,2026-09-28T22:40:47
6669,緯穎,2021-07-13,1105.0,40.0,3.76%,,21.84,,,,,,,ShowDailyK_ChartFlow,FinMind_API_TaiwanStockPrice_6669,True,2026-09-28T22:40:47,2026-09-28T22:40:47,2026-09-28T22:40:47
6669,緯穎,2021-07-14,1110.0,5.0,0.45%,,21.94,,,,,,,ShowDailyK_ChartFlow,FinMind_API_TaiwanStockPrice_6669,True,2026-09-28T22:40:47,2026-09-28T22:40:47,2026-09-28T22:40:47
6669,緯穎,2021-07-15,1015.0,-95.0,-8.56%,,20.06,,,,,,,ShowDailyK_ChartFlow,FinMind_API_TaiwanStockPrice_6669,True,2026-09-28T22:40:47,2026-09-28T22:40:47,2026-09-28T22:40:47
6669,緯穎,2021-07-16,1025.0,10.0,0.99%,,20.26,,,,,,,ShowDailyK_ChartFlow,FinMind_API_TaiwanStockPrice_6669,True,2026-09-28T22:40:47,2026-09-28T22:40:47,2026-09-28T22:40:47
6669,緯穎,2021-07-19,1015.0,-10.0,-0.98%,,20.06,,,,,,,ShowDailyK_ChartFlow,FinMind_API_TaiwanStockPrice_6669,True,2026-09-28T22:40:47,2026-09-28T22:40:47,2026-09-28T22:40:47
6669,緯穎,2021-07-20,981.0,-34.0,-3.35%,,19.39,,,,,,,ShowDailyK_ChartFlow,FinMind_API_TaiwanStockPrice_6669,True,2026-09-28T22:40:47,2026-09-28T22:40:47,2026-09-28T22:40:47
6669,緯穎,2021-07-21,985.0,4.0,0.41%,,19.47,,,,,,,ShowDailyK_ChartFlow,FinMind_API_TaiwanStockPrice_6669,True,2026-09-28T22:40:47,2026-09-28T22:40:47,2026-09-28T22:40:47
6669,緯穎,2021-07-22,976.0,-9.0,-0.91%,,19.29,,,,,,,ShowDailyK_ChartFlow,FinMind_API_TaiwanStockPrice_6669,True,2026-09-28T22:40:47,2026-09-28T22:40:47,2026-09-28T22:40:47
6669,緯穎,2021-07-23,945.0,-31.0,-3.18%,,18.68,,,,,,,ShowDailyK_ChartFlow,FinMind_API_TaiwanStockPrice_6669,True,2026-09-28T22:40:47,2026-09-28T22:40:47,2026-09-28T22:40:47
6669,緯穎,2021-07-26,936.0,-9.0,-0.95%,,18.5,,,,,,,ShowDailyK_ChartFlow,FinMind_API_TaiwanStockPrice_6669,True,2026-09-28T22:40:47,2026-09-28T22:40:47,2026-09-28T22:40:47
6669,緯穎,2021-07-27,933.0,-3.0,-0.32%,,18.44,,,,,,,ShowDailyK_ChartFlow,FinMind_API_TaiwanStockPrice_6669,True,2026-09-28T22:40:47,2026-09-28T22:40:47,2026-09-28T22:40:47
6669,緯穎,2021-07-28,901.0,-32.0,-3.43%,,17.81,,,,,,,ShowDailyK_ChartFlow,FinMind_API_TaiwanStockPrice_6669,True,2026-09-28T22:40:47,2026-09-28T22:40:47,2026-09-28T22:40:47
6669,緯穎,2021-07-29,940.0,39.0,4.33%,,18.58,,,,,,,ShowDailyK_ChartFlow,FinMind_API_TaiwanStockPrice_6669,True,2026-09-28T22:40:47,2026-09-28T22:40:47,2026-09-28T22:40:47
6669,緯穎,2021-07-30,937.0,-3.0,-0.32%,,18.52,,,,,,,ShowDailyK_ChartFlow,FinMind_API_TaiwanStockPrice_6669,True,2026-09-28T22:40:47,2026-09-28T22:40:47,2026-09-28T22:40:47
6669,緯穎,2021-08-02,930.0,-7.0,-0.75%,,18.38,,,,,,,ShowDailyK_ChartFlow,FinMind_API_TaiwanStockPrice_6669,True,2026-09-28T22:40:47,2026-09-28T22:40:47,2026-09-28T22:40:47
6669,緯穎,2021-08-03,943.0,13.0,1.40%,,18.35,,,,,,,ShowDailyK_ChartFlow,FinMind_API_TaiwanStockPrice_6669,True,2026-09-28T22:40:47,2026-09-28T22:40:47,2026-09-28T22:40:47
6669,緯穎,2021-08-04,930.0,-13.0,-1.38%,,18.1,,,,,,,ShowDailyK_ChartFlow,FinMind_API_TaiwanStockPrice_6669,True,2026-09-28T22:40:47,2026-09-28T22:40:47,2026-09-28T22:40:47
6669,緯穎,2021-08-05,916.0,-14.0,-1.51%,,17.82,,,,,,,ShowDailyK_ChartFlow,FinMind_API_TaiwanStockPrice_6669,True,2026-09-28T22:40:47,2026-09-28T22:40:47,2026-09-28T22:40:47
6669,緯穎,2021-08-06,916.0,0.0,0.00%,,17.82,,,,,,,ShowDailyK_ChartFlow,FinMind_API_TaiwanStockPrice_6669,True,2026-09-28T22:40:47,2026-09-28T22:40:47,2026-09-28T22:40:47
6669,緯穎,2021-08-09,910.0,-6.0,-0.66%,,17.71,,,,,,,ShowDailyK_ChartFlow,FinMind_API_TaiwanStockPrice_6669,True,2026-09-28T22:40:47,2026-09-28T22:40:47,2026-09-28T22:40:47
6669,緯穎,2021-08-10,908.0,-2.0,-0.22%,,17.67,,,,,,,ShowDailyK_ChartFlow,FinMind_API_TaiwanStockPrice_6669,True,2026-09-28T22:40:47,2026-09-28T22:40:47,2026-09-28T22:40:47
6669,緯穎,2021-08-11,895.0,-13.0,-1.43%,,17.42,,,,,,,ShowDailyK_ChartFlow,FinMind_API_TaiwanStockPrice_6669,True,2026-09-28T22:40:47,2026-09-28T22:40:47,2026-09-28T22:40:47
6669,緯穎,2021-08-12,880.0,-15.0,-1.68%,,17.12,,,,,,,ShowDailyK_ChartFlow,FinMind_API_TaiwanStockPrice_6669,True,2026-09-28T22:40:47,2026-09-28T22:40:47,2026-09-28T22:40:47
6669,緯穎,2021-08-13,859.0,-21.0,-2.39%,,16.72,,,,,,,ShowDailyK_ChartFlow,FinMind_API_TaiwanStockPrice_6669,True,2026-09-28T22:40:47,2026-09-28T22:40:47,2026-09-28T22:40:47
6669,緯穎,2021-08-16,859.0,0.0,0.00%,,16.72,,,,,,,ShowDailyK_ChartFlow,FinMind_API_TaiwanStockPrice_6669,True,2026-09-28T22:40:47,2026-09-28T22:40:47,2026-09-28T22:40:47
6669,緯穎,2021-08-17,837.0,-22.0,-2.56%,,16.29,,,,,,,ShowDailyK_ChartFlow,FinMind_API_TaiwanStockPrice_6669,True,2026-09-28T22:40:47,2026-09-28T22:40:47,2026-09-28T22:40:47
6669,緯穎,2021-08-18,866.0,29.0,3.46%,,16.85,,,,,,,ShowDailyK_ChartFlow,FinMind_API_TaiwanStockPrice_6669,True,2026-09-28T22:40:47,2026-09-28T22:40:47,2026-09-28T22:40:47
6669,緯穎,2021-08-19,889.0,23.0,2.66%,,17.3,,,,,,,ShowDailyK_ChartFlow,FinMind_API_TaiwanStockPrice_6669,True,2026-09-28T22:40:47,2026-09-28T22:40:47,2026-09-28T22:40:47
6669,緯穎,2021-08-20,917.0,28.0,3.15%,,17.84,,,,,,,ShowDailyK_ChartFlow,FinMind_API_TaiwanStockPrice_6669,True,2026-09-28T22:40:47,2026-09-28T22:40:47,2026-09-28T22:40:47
6669,緯穎,2021-08-23,943.0,26.0,2.84%,,18.35,,,,,,,ShowDailyK_ChartFlow,FinMind_API_TaiwanStockPrice_6669,True,2026-09-28T22:40:47,2026-09-28T22:40:47,2026-09-28T22:40:47
6669,緯穎,2021-08-24,949.0,6.0,0.64%,,18.47,,,,,,,ShowDailyK_ChartFlow,FinMind_API_TaiwanStockPrice_6669,True,2026-09-28T22:40:47,2026-09-28T22:40:47,2026-09-28T22:40:47
6669,緯穎,2021-08-25,960.0,11.0,1.16%,,18.68,,,,,,,ShowDailyK_ChartFlow,FinMind_API_TaiwanStockPrice_6669,True,2026-09-28T22:40:47,2026-09-28T22:40:47,2026-09-28T22:40:47
6669,緯穎,2021-08-26,943.0,-17.0,-1.77%,,18.35,,,,,,,ShowDailyK_ChartFlow,FinMind_API_TaiwanStockPrice_6669,True,2026-09-28T22:40:47,2026-09-28T22:40:47,2026-09-28T22:40:47
6669,緯穎,2021-08-27,953.0,10.0,1.06%,,18.54,,,,,,,ShowDailyK_ChartFlow,FinMind_API_TaiwanStockPrice_6669,True,2026-09-28T22:40:47,2026-09-28T22:40:47,2026-09-28T22:40:47
6669,緯穎,2021-08-30,983.0,30.0,3.15%,,19.13,,,,,,,ShowDailyK_ChartFlow,FinMind_API_TaiwanStockPrice_6669,True,2026-09-28T22:40:47,2026-09-28T22:40:47,2026-09-28T22:40:47
6669,緯穎,2021-08-31,970.0,-13.0,-1.32%,,18.88,,,,,,,ShowDailyK_ChartFlow,FinMind_API_TaiwanStockPrice_6669,True,2026-09-28T22:40:47,2026-09-28T22:40:47,2026-09-28T22:40:47
6669,緯穎,2021-09-01,968.0,-2.0,-0.21%,,18.84,,,,,,,ShowDailyK_ChartFlow,FinMind_API_TaiwanStockPrice_6669,True,2026-09-28T22:40:47,2026-09-28T22:40:47,2026-09-28T22:40:47
6669,緯穎,2021-09-02,984.0,16.0,1.65%,,19.15,,,,,,,ShowDailyK_ChartFlow,FinMind_API_TaiwanStockPrice_6669,True,2026-09-28T22:40:47,2026-09-28T22:40:47,2026-09-28T22:40:47
6669,緯穎,2021-09-03,974.0,-10.0,-1.02%,,18.95,,,,,,,ShowDailyK_ChartFlow,FinMind_API_TaiwanStockPrice_6669,True,2026-09-28T22:40:47,2026-09-28T22:40:47,2026-09-28T22:40:47
6669,緯穎,2021-09-06,963.0,-11.0,-1.13%,,18.74,,,,,,,ShowDailyK_ChartFlow,FinMind_API_TaiwanStockPrice_6669,True,2026-09-28T22:40:47,2026-09-28T22:40:47,2026-09-28T22:40:47
6669,緯穎,2021-09-07,954.0,-9.0,-0.93%,,18.56,,,,,,,ShowDailyK_ChartFlow,FinMind_API_TaiwanStockPrice_6669,True,2026-09-28T22:40:47,2026-09-28T22:40:47,2026-09-28T22:40:47
6669,緯穎,2021-09-08,935.0,-19.0,-1.99%,,18.19,,,,,,,ShowDailyK_ChartFlow,FinMind_API_TaiwanStockPrice_6669,True,2026-09-28T22:40:47,2026-09-28T22:40:47,2026-09-28T22:40:47
6669,緯穎,2021-09-09,908.0,-27.0,-2.89%,,17.67,,,,,,,ShowDailyK_ChartFlow,FinMind_API_TaiwanStockPrice_6669,True,2026-09-28T22:40:47,2026-09-28T22:40:47,2026-09-28T22:40:47
6669,緯穎,2021-09-10,898.0,-10.0,-1.10%,,17.47,,,,,,,ShowDailyK_ChartFlow,FinMind_API_TaiwanStockPrice_6669,True,2026-09-28T22:40:47,2026-09-28T22:40:47,2026-09-28T22:40:47
6669,緯穎,2021-09-13,890.0,-8.0,-0.89%,,17.32,,,,,,,ShowDailyK_ChartFlow,FinMind_API_TaiwanStockPrice_6669,True,2026-09-28T22:40:47,2026-09-28T22:40:47,2026-09-28T22:40:47
6669,緯穎,2021-09-14,892.0,2.0,0.22%,,17.36,,,,,,,ShowDailyK_ChartFlow,FinMind_API_TaiwanStockPrice_6669,True,2026-09-28T22:40:47,2026-09-28T22:40:47,2026-09-28T22:40:47
6669,緯穎,2021-09-15,901.0,9.0,1.01%,,17.53,,,,,,,ShowDailyK_ChartFlow,FinMind_API_TaiwanStockPrice_6669,True,2026-09-28T22:40:47,2026-09-28T22:40:47,2026-09-28T22:40:47
6669,緯穎,2021-09-16,907.0,6.0,0.67%,,17.65,,,,,,,ShowDailyK_ChartFlow,FinMind_API_TaiwanStockPrice_6669,True,2026-09-28T22:40:47,2026-09-28T22:40:47,2026-09-28T22:40:47
6669,緯穎,2021-09-17,930.0,23.0,2.54%,,18.1,,,,,,,ShowDailyK_ChartFlow,FinMind_API_TaiwanStockPrice_6669,True,2026-09-28T22:40:47,2026-09-28T22:40:47,2026-09-28T22:40:47
6669,緯穎,2021-09-22,914.0,-16.0,-1.72%,,17.79,,,,,,,ShowDailyK_ChartFlow,FinMind_API_TaiwanStockPrice_6669,True,2026-09-28T22:40:47,2026-09-28T22:40:47,2026-09-28T22:40:47
6669,緯穎,2021-09-23,955.0,41.0,4.49%,,18.58,,,,,,,ShowDailyK_ChartFlow,FinMind_API_TaiwanStockPrice_6669,True,2026-09-28T22:40:47,2026-09-28T22:40:47,2026-09-28T22:40:47
6669,緯穎,2021-09-24,969.0,14.0,1.47%,,18.86,,,,,,,ShowDailyK_ChartFlow,FinMind_API_TaiwanStockPrice_6669,True,2026-09-28T22:40:47,2026-09-28T22:40:47,2026-09-28T22:40:47
6669,緯穎,2021-09-27,950.0,-19.0,-1.96%,,18.49,,,,,,,ShowDailyK_ChartFlow,FinMind_API_TaiwanStockPrice_6669,True,2026-09-28T22:40:47,2026-09-28T22:40:47,2026-09-28T22:40:47
6669,緯穎,2021-09-28,938.0,-12.0,-1.26%,,18.25,,,,,,,ShowDailyK_ChartFlow,FinMind_API_TaiwanStockPrice_6669,True,2026-09-28T22:40:47,2026-09-28T22:40:47,2026-09-28T22:40:47
6669,緯穎,2021-09-29,906.0,-32.0,-3.41%,,17.63,,,,,,,ShowDailyK_ChartFlow,FinMind_API_TaiwanStockPrice_6669,True,2026-09-28T22:40:47,2026-09-28T22:40:47,2026-09-28T22:40:47
6669,緯穎,2021-09-30,870.0,-36.0,-3.97%,,16.93,,,,,,,ShowDailyK_ChartFlow,FinMind_API_TaiwanStockPrice_6669,True,2026-09-28T22:40:47,2026-09-28T22:40:47,2026-09-28T22:40:47
6669,緯穎,2021-10-01,855.0,-15.0,-1.72%,,16.64,,,,,,,ShowDailyK_ChartFlow,FinMind_API_TaiwanStockPrice_6669,True,2026-09-28T22:40:47,2026-09-28T22:40:47,2026-09-28T22:40:47
6669,緯穎,2021-10-04,828.0,-27.0,-3.16%,,16.11,,,,,,,ShowDailyK_ChartFlow,FinMind_API_TaiwanStockPrice_6669,True,2026-09-28T22:40:47,2026-09-28T22:40:47,2026-09-28T22:40:47
6669,緯穎,2021-10-05,833.0,5.0,0.60%,,16.21,,,,,,,ShowDailyK_ChartFlow,FinMind_API_TaiwanStockPrice_6669,True,2026-09-28T22:40:47,2026-09-28T22:40:47,2026-09-28T22:40:47
6669,緯穎,2021-10-06,795.0,-38.0,-4.56%,,15.47,,,,,,,ShowDailyK_ChartFlow,FinMind_API_TaiwanStockPrice_6669,True,2026-09-28T22:40:47,2026-09-28T22:40:47,2026-09-28T22:40:47
6669,緯穎,2021-10-07,815.0,20.0,2.52%,,15.86,,,,,,,ShowDailyK_ChartFlow,FinMind_API_TaiwanStockPrice_6669,True,2026-09-28T22:40:47,2026-09-28T22:40:47,2026-09-28T22:40:47
6669,緯穎,2021-10-08,827.0,12.0,1.47%,,16.09,,,,,,,ShowDailyK_ChartFlow,FinMind_API_TaiwanStockPrice_6669,True,2026-09-28T22:40:47,2026-09-28T22:40:47,2026-09-28T22:40:47
6669,緯穎,2021-10-12,823.0,-4.0,-0.48%,,16.01,,,,,,,ShowDailyK_ChartFlow,FinMind_API_TaiwanStockPrice_6669,True,2026-09-28T22:40:47,2026-09-28T22:40:47,2026-09-28T22:40:47
6669,緯穎,2021-10-13,801.0,-22.0,-2.67%,,15.59,,,,,,,ShowDailyK_ChartFlow,FinMind_API_TaiwanStockPrice_6669,True,2026-09-28T22:40:47,2026-09-28T22:40:47,2026-09-28T22:40:47
6669,緯穎,2021-10-14,808.0,7.0,0.87%,,15.72,,,,,,,ShowDailyK_ChartFlow,FinMind_API_TaiwanStockPrice_6669,True,2026-09-28T22:40:47,2026-09-28T22:40:47,2026-09-28T22:40:47
6669,緯穎,2021-10-15,781.0,-27.0,-3.34%,,15.2,,,,,,,ShowDailyK_ChartFlow,FinMind_API_TaiwanStockPrice_6669,True,2026-09-28T22:40:47,2026-09-28T22:40:47,2026-09-28T22:40:47
6669,緯穎,2021-10-18,784.0,3.0,0.38%,,15.26,,,,,,,ShowDailyK_ChartFlow,FinMind_API_TaiwanStockPrice_6669,True,2026-09-28T22:40:47,2026-09-28T22:40:47,2026-09-28T22:40:47
6669,緯穎,2021-10-19,808.0,24.0,3.06%,,15.72,,,,,,,ShowDailyK_ChartFlow,FinMind_API_TaiwanStockPrice_6669,True,2026-09-28T22:40:47,2026-09-28T22:40:47,2026-09-28T22:40:47
6669,緯穎,2021-10-20,810.0,2.0,0.25%,,15.76,,,,,,,ShowDailyK_ChartFlow,FinMind_API_TaiwanStockPrice_6669,True,2026-09-28T22:40:47,2026-09-28T22:40:47,2026-09-28T22:40:47
6669,緯穎,2021-10-21,806.0,-4.0,-0.49%,,15.68,,,,,,,ShowDailyK_ChartFlow,FinMind_API_TaiwanStockPrice_6669,True,2026-09-28T22:40:47,2026-09-28T22:40:47,2026-09-28T22:40:47
6669,緯穎,2021-10-22,810.0,4.0,0.50%,,15.76,,,,,,,ShowDailyK_ChartFlow,FinMind_API_TaiwanStockPrice_6669,True,2026-09-28T22:40:47,2026-09-28T22:40:47,2026-09-28T22:40:47
6669,緯穎,2021-10-25,812.0,2.0,0.25%,,15.8,,,,,,,ShowDailyK_ChartFlow,FinMind_API_TaiwanStockPrice_6669,True,2026-09-28T22:40:47,2026-09-28T22:40:47,2026-09-28T22:40:47
6669,緯穎,2021-10-26,864.0,52.0,6.40%,,16.81,,,,,,,ShowDailyK_ChartFlow,FinMind_API_TaiwanStockPrice_6669,True,2026-09-28T22:40:47,2026-09-28T22:40:47,2026-09-28T22:40:47
6669,緯穎,2021-10-27,850.0,-14.0,-1.62%,,16.54,,,,,,,ShowDailyK_ChartFlow,FinMind_API_TaiwanStockPrice_6669,True,2026-09-28T22:40:47,2026-09-28T22:40:47,2026-09-28T22:40:47
6669,緯穎,2021-10-28,868.0,18.0,2.12%,,16.89,,,,,,,ShowDailyK_ChartFlow,FinMind_API_TaiwanStockPrice_6669,True,2026-09-28T22:40:47,2026-09-28T22:40:47,2026-09-28T22:40:47
6669,緯穎,2021-10-29,889.0,21.0,2.42%,,17.3,,,,,,,ShowDailyK_ChartFlow,FinMind_API_TaiwanStockPrice_6669,True,2026-09-28T22:40:47,2026-09-28T22:40:47,2026-09-28T22:40:47
6669,緯穎,2021-11-01,928.0,39.0,4.39%,,18.06,,,,,,,ShowDailyK_ChartFlow,FinMind_API_TaiwanStockPrice_6669,True,2026-09-28T22:40:47,2026-09-28T22:40:47,2026-09-28T22:40:47
6669,緯穎,2021-11-02,886.0,-42.0,-4.53%,,17.24,,,,,,,ShowDailyK_ChartFlow,FinMind_API_TaiwanStockPrice_6669,True,2026-09-28T22:40:47,2026-09-28T22:40:47,2026-09-28T22:40:47
6669,緯穎,2021-11-03,867.0,-19.0,-2.14%,,17.29,,,,,,,ShowDailyK_ChartFlow,FinMind_API_TaiwanStockPrice_6669,True,2026-09-28T22:40:47,2026-09-28T22:40:47,2026-09-28T22:40:47
6669,緯穎,2021-11-04,905.0,38.0,4.38%,,18.05,,,,,,,ShowDailyK_ChartFlow,FinMind_API_TaiwanStockPrice_6669,True,2026-09-28T22:40:47,2026-09-28T22:40:47,2026-09-28T22:40:47
6669,緯穎,2021-11-05,939.0,34.0,3.76%,,18.73,,,,,,,ShowDailyK_ChartFlow,FinMind_API_TaiwanStockPrice_6669,True,2026-09-28T22:40:47,2026-09-28T22:40:47,2026-09-28T22:40:47
6669,緯穎,2021-11-08,910.0,-29.0,-3.09%,,18.15,,,,,,,ShowDailyK_ChartFlow,FinMind_API_TaiwanStockPrice_6669,True,2026-09-28T22:40:47,2026-09-28T22:40:47,2026-09-28T22:40:47
6669,緯穎,2021-11-09,941.0,31.0,3.41%,,18.77,,,,,,,ShowDailyK_ChartFlow,FinMind_API_TaiwanStockPrice_6669,True,2026-09-28T22:40:47,2026-09-28T22:40:47,2026-09-28T22:40:47
6669,緯穎,2021-11-10,944.0,3.0,0.32%,,18.83,,,,,,,ShowDailyK_ChartFlow,FinMind_API_TaiwanStockPrice_6669,True,2026-09-28T22:40:47,2026-09-28T22:40:47,2026-09-28T22:40:47
6669,緯穎,2021-11-11,950.0,6.0,0.64%,,18.95,,,,,,,ShowDailyK_ChartFlow,FinMind_API_TaiwanStockPrice_6669,True,2026-09-28T22:40:47,2026-09-28T22:40:47,2026-09-28T22:40:47
6669,緯穎,2021-11-12,960.0,10.0,1.05%,,19.15,,,,,,,ShowDailyK_ChartFlow,FinMind_API_TaiwanStockPrice_6669,True,2026-09-28T22:40:47,2026-09-28T22:40:47,2026-09-28T22:40:47
6669,緯穎,2021-11-15,971.0,11.0,1.15%,,19.37,,,,,,,ShowDailyK_ChartFlow,FinMind_API_TaiwanStockPrice_6669,True,2026-09-28T22:40:47,2026-09-28T22:40:47,2026-09-28T22:40:47
6669,緯穎,2021-11-16,977.0,6.0,0.62%,,19.49,,,,,,,ShowDailyK_ChartFlow,FinMind_API_TaiwanStockPrice_6669,True,2026-09-28T22:40:47,2026-09-28T22:40:47,2026-09-28T22:40:47
6669,緯穎,2021-11-17,1010.0,33.0,3.38%,,20.14,,,,,,,ShowDailyK_ChartFlow,FinMind_API_TaiwanStockPrice_6669,True,2026-09-28T22:40:47,2026-09-28T22:40:47,2026-09-28T22:40:47
6669,緯穎,2021-11-18,984.0,-26.0,-2.57%,,19.63,,,,,,,ShowDailyK_ChartFlow,FinMind_API_TaiwanStockPrice_6669,True,2026-09-28T22:40:47,2026-09-28T22:40:47,2026-09-28T22:40:47
6669,緯穎,2021-11-19,1010.0,26.0,2.64%,,20.14,,,,,,,ShowDailyK_ChartFlow,FinMind_API_TaiwanStockPrice_6669,True,2026-09-28T22:40:47,2026-09-28T22:40:47,2026-09-28T22:40:47
6669,緯穎,2021-11-22,1030.0,20.0,1.98%,,20.54,,,,,,,ShowDailyK_ChartFlow,FinMind_API_TaiwanStockPrice_6669,True,2026-09-28T22:40:47,2026-09-28T22:40:47,2026-09-28T22:40:47
6669,緯穎,2021-11-23,993.0,-37.0,-3.59%,,19.8,,,,,,,ShowDailyK_ChartFlow,FinMind_API_TaiwanStockPrice_6669,True,2026-09-28T22:40:47,2026-09-28T22:40:47,2026-09-28T22:40:47
6669,緯穎,2021-11-24,990.0,-3.0,-0.30%,,19.74,,,,,,,ShowDailyK_ChartFlow,FinMind_API_TaiwanStockPrice_6669,True,2026-09-28T22:40:47,2026-09-28T22:40:47,2026-09-28T22:40:47
6669,緯穎,2021-11-25,982.0,-8.0,-0.81%,,19.59,,,,,,,ShowDailyK_ChartFlow,FinMind_API_TaiwanStockPrice_6669,True,2026-09-28T22:40:47,2026-09-28T22:40:47,2026-09-28T22:40:47
6669,緯穎,2021-11-26,989.0,7.0,0.71%,,19.72,,,,,,,ShowDailyK_ChartFlow,FinMind_API_TaiwanStockPrice_6669,True,2026-09-28T22:40:47,2026-09-28T22:40:47,2026-09-28T22:40:47
6669,緯穎,2021-11-29,1020.0,31.0,3.13%,,20.34,,,,,,,ShowDailyK_ChartFlow,FinMind_API_TaiwanStockPrice_6669,True,2026-09-28T22:40:47,2026-09-28T22:40:47,2026-09-28T22:40:47
6669,緯穎,2021-11-30,1050.0,30.0,2.94%,,20.94,,,,,,,ShowDailyK_ChartFlow,FinMind_API_TaiwanStockPrice_6669,True,2026-09-28T22:40:47,2026-09-28T22:40:47,2026-09-28T22:40:47
6669,緯穎,2021-12-01,1020.0,-30.0,-2.86%,,20.34,,,,,,,ShowDailyK_ChartFlow,FinMind_API_TaiwanStockPrice_6669,True,2026-09-28T22:40:47,2026-09-28T22:40:47,2026-09-28T22:40:47
6669,緯穎,2021-12-02,1020.0,0.0,0.00%,,20.34,,,,,,,ShowDailyK_ChartFlow,FinMind_API_TaiwanStockPrice_6669,True,2026-09-28T22:40:47,2026-09-28T22:40:47,2026-09-28T22:40:47
6669,緯穎,2021-12-03,998.0,-22.0,-2.16%,,19.9,,,,,,,ShowDailyK_ChartFlow,FinMind_API_TaiwanStockPrice_6669,True,2026-09-28T22:40:47,2026-09-28T22:40:47,2026-09-28T22:40:47
6669,緯穎,2021-12-06,995.0,-3.0,-0.30%,,19.84,,,,,,,ShowDailyK_ChartFlow,FinMind_API_TaiwanStockPrice_6669,True,2026-09-28T22:40:47,2026-09-28T22:40:47,2026-09-28T22:40:47
6669,緯穎,2021-12-07,1010.0,15.0,1.51%,,20.14,,,,,,,ShowDailyK_ChartFlow,FinMind_API_TaiwanStockPrice_6669,True,2026-09-28T22:40:47,2026-09-28T22:40:47,2026-09-28T22:40:47
6669,緯穎,2021-12-08,1050.0,40.0,3.96%,,20.94,,,,,,,ShowDailyK_ChartFlow,FinMind_API_TaiwanStockPrice_6669,True,2026-09-28T22:40:47,2026-09-28T22:40:47,2026-09-28T22:40:47
6669,緯穎,2021-12-09,1080.0,30.0,2.86%,,21.54,,,,,,,ShowDailyK_ChartFlow,FinMind_API_TaiwanStockPrice_6669,True,2026-09-28T22:40:47,2026-09-28T22:40:47,2026-09-28T22:40:47
6669,緯穎,2021-12-10,1065.0,-15.0,-1.39%,,21.24,,,,,,,ShowDailyK_ChartFlow,FinMind_API_TaiwanStockPrice_6669,True,2026-09-28T22:40:47,2026-09-28T22:40:47,2026-09-28T22:40:47
6669,緯穎,2021-12-13,1080.0,15.0,1.41%,,21.54,,,,,,,ShowDailyK_ChartFlow,FinMind_API_TaiwanStockPrice_6669,True,2026-09-28T22:40:47,2026-09-28T22:40:47,2026-09-28T22:40:47
6669,緯穎,2021-12-14,1070.0,-10.0,-0.93%,,21.34,,,,,,,ShowDailyK_ChartFlow,FinMind_API_TaiwanStockPrice_6669,True,2026-09-28T22:40:47,2026-09-28T22:40:47,2026-09-28T22:40:47
6669,緯穎,2021-12-15,1055.0,-15.0,-1.40%,,21.04,,,,,,,ShowDailyK_ChartFlow,FinMind_API_TaiwanStockPrice_6669,True,2026-09-28T22:40:47,2026-09-28T22:40:47,2026-09-28T22:40:47
6669,緯穎,2021-12-16,1055.0,0.0,0.00%,,21.04,,,,,,,ShowDailyK_ChartFlow,FinMind_API_TaiwanStockPrice_6669,True,2026-09-28T22:40:47,2026-09-28T22:40:47,2026-09-28T22:40:47
6669,緯穎,2021-12-17,1065.0,10.0,0.95%,,21.24,,,,,,,ShowDailyK_ChartFlow,FinMind_API_TaiwanStockPrice_6669,True,2026-09-28T22:40:47,2026-09-28T22:40:47,2026-09-28T22:40:47
6669,緯穎,2021-12-20,1025.0,-40.0,-3.76%,,20.44,,,,,,,ShowDailyK_ChartFlow,FinMind_API_TaiwanStockPrice_6669,True,2026-09-28T22:40:47,2026-09-28T22:40:47,2026-09-28T22:40:47
6669,緯穎,2021-12-21,1075.0,50.0,4.88%,,21.44,,,,,,,ShowDailyK_ChartFlow,FinMind_API_TaiwanStockPrice_6669,True,2026-09-28T22:40:47,2026-09-28T22:40:47,2026-09-28T22:40:47
6669,緯穎,2021-12-22,1110.0,35.0,3.26%,,22.14,,,,,,,ShowDailyK_ChartFlow,FinMind_API_TaiwanStockPrice_6669,True,2026-09-28T22:40:47,2026-09-28T22:40:47,2026-09-28T22:40:47
6669,緯穎,2021-12-23,1115.0,5.0,0.45%,,22.24,,,,,,,ShowDailyK_ChartFlow,FinMind_API_TaiwanStockPrice_6669,True,2026-09-28T22:40:47,2026-09-28T22:40:47,2026-09-28T22:40:47
6669,緯穎,2021-12-24,1110.0,-5.0,-0.45%,,22.14,,,,,,,ShowDailyK_ChartFlow,FinMind_API_TaiwanStockPrice_6669,True,2026-09-28T22:40:47,2026-09-28T22:40:47,2026-09-28T22:40:47
6669,緯穎,2021-12-27,1125.0,15.0,1.35%,,22.44,,,,,,,ShowDailyK_ChartFlow,FinMind_API_TaiwanStockPrice_6669,True,2026-09-28T22:40:47,2026-09-28T22:40:47,2026-09-28T22:40:47
6669,緯穎,2021-12-28,1110.0,-15.0,-1.33%,,22.14,,,,,,,ShowDailyK_ChartFlow,FinMind_API_TaiwanStockPrice_6669,True,2026-09-28T22:40:47,2026-09-28T22:40:47,2026-09-28T22:40:47
6669,緯穎,2021-12-29,1110.0,0.0,0.00%,,22.14,,,,,,,ShowDailyK_ChartFlow,FinMind_API_TaiwanStockPrice_6669,True,2026-09-28T22:40:47,2026-09-28T22:40:47,2026-09-28T22:40:47
6669,緯穎,2021-12-30,1115.0,5.0,0.45%,,22.24,,,,,,,ShowDailyK_ChartFlow,FinMind_API_TaiwanStockPrice_6669,True,2026-09-28T22:40:47,2026-09-28T22:40:47,2026-09-28T22:40:47
6669,緯穎,2022-01-03,1090.0,-25.0,-2.24%,,21.74,,,,,,,ShowDailyK_ChartFlow,FinMind_API_TaiwanStockPrice_6669,True,2026-09-28T22:40:47,2026-09-28T22:40:47,2026-09-28T22:40:47
6669,緯穎,2022-01-04,1135.0,45.0,4.13%,,22.64,,,,,,,ShowDailyK_ChartFlow,FinMind_API_TaiwanStockPrice_6669,True,2026-09-28T22:40:47,2026-09-28T22:40:47,2026-09-28T22:40:47
6669,緯穎,2022-01-05,1115.0,-20.0,-1.76%,,22.24,,,,,,,ShowDailyK_ChartFlow,FinMind_API_TaiwanStockPrice_6669,True,2026-09-28T22:40:47,2026-09-28T22:40:47,2026-09-28T22:40:47
6669,緯穎,2022-01-06,1040.0,-75.0,-6.73%,,20.74,,,,,,,ShowDailyK_ChartFlow,FinMind_API_TaiwanStockPrice_6669,True,2026-09-28T22:40:47,2026-09-28T22:40:47,2026-09-28T22:40:47
6669,緯穎,2022-01-07,1065.0,25.0,2.40%,,21.24,,,,,,,ShowDailyK_ChartFlow,FinMind_API_TaiwanStockPrice_6669,True,2026-09-28T22:40:47,2026-09-28T22:40:47,2026-09-28T22:40:47
6669,緯穎,2022-01-10,1110.0,45.0,4.23%,,22.14,,,,,,,ShowDailyK_ChartFlow,FinMind_API_TaiwanStockPrice_6669,True,2026-09-28T22:40:47,2026-09-28T22:40:47,2026-09-28T22:40:47
6669,緯穎,2022-01-11,1120.0,10.0,0.90%,,22.34,,,,,,,ShowDailyK_ChartFlow,FinMind_API_TaiwanStockPrice_6669,True,2026-09-28T22:40:47,2026-09-28T22:40:47,2026-09-28T22:40:47
6669,緯穎,2022-01-12,1100.0,-20.0,-1.79%,,21.94,,,,,,,ShowDailyK_ChartFlow,FinMind_API_TaiwanStockPrice_6669,True,2026-09-28T22:40:47,2026-09-28T22:40:47,2026-09-28T22:40:47
6669,緯穎,2022-01-13,1085.0,-15.0,-1.36%,,21.64,,,,,,,ShowDailyK_ChartFlow,FinMind_API_TaiwanStockPrice_6669,True,2026-09-28T22:40:47,2026-09-28T22:40:47,2026-09-28T22:40:47
6669,緯穎,2022-01-14,1060.0,-25.0,-2.30%,,21.14,,,,,,,ShowDailyK_ChartFlow,FinMind_API_TaiwanStockPrice_6669,True,2026-09-28T22:40:47,2026-09-28T22:40:47,2026-09-28T22:40:47
6669,緯穎,2022-01-17,1075.0,15.0,1.42%,,21.44,,,,,,,ShowDailyK_ChartFlow,FinMind_API_TaiwanStockPrice_6669,True,2026-09-28T22:40:47,2026-09-28T22:40:47,2026-09-28T22:40:47
6669,緯穎,2022-01-18,1085.0,10.0,0.93%,,21.64,,,,,,,ShowDailyK_ChartFlow,FinMind_API_TaiwanStockPrice_6669,True,2026-09-28T22:40:47,2026-09-28T22:40:47,2026-09-28T22:40:47
6669,緯穎,2022-01-19,1085.0,0.0,0.00%,,21.64,,,,,,,ShowDailyK_ChartFlow,FinMind_API_TaiwanStockPrice_6669,True,2026-09-28T22:40:47,2026-09-28T22:40:47,2026-09-28T22:40:47
6669,緯穎,2022-01-20,1010.0,-75.0,-6.91%,,20.14,,,,,,,ShowDailyK_ChartFlow,FinMind_API_TaiwanStockPrice_6669,True,2026-09-28T22:40:47,2026-09-28T22:40:47,2026-09-28T22:40:47
6669,緯穎,2022-01-21,1015.0,5.0,0.50%,,20.24,,,,,,,ShowDailyK_ChartFlow,FinMind_API_TaiwanStockPrice_6669,True,2026-09-28T22:40:47,2026-09-28T22:40:47,2026-09-28T22:40:47
6669,緯穎,2022-01-24,1020.0,5.0,0.49%,,20.34,,,,,,,ShowDailyK_ChartFlow,FinMind_API_TaiwanStockPrice_6669,True,2026-09-28T22:40:47,2026-09-28T22:40:47,2026-09-28T22:40:47
6669,緯穎,2022-01-25,985.0,-35.0,-3.43%,,19.64,,,,,,,ShowDailyK_ChartFlow,FinMind_API_TaiwanStockPrice_6669,True,2026-09-28T22:40:47,2026-09-28T22:40:47,2026-09-28T22:40:47
6669,緯穎,2022-01-26,996.0,11.0,1.12%,,19.86,,,,,,,ShowDailyK_ChartFlow,FinMind_API_TaiwanStockPrice_6669,True,2026-09-28T22:40:47,2026-09-28T22:40:47,2026-09-28T22:40:47
6669,緯穎,2022-02-07,978.0,-18.0,-1.81%,,19.51,,,,,,,ShowDailyK_ChartFlow,FinMind_API_TaiwanStockPrice_6669,True,2026-09-28T22:40:47,2026-09-28T22:40:47,2026-09-28T22:40:47
6669,緯穎,2022-02-08,985.0,7.0,0.72%,,19.64,,,,,,,ShowDailyK_ChartFlow,FinMind_API_TaiwanStockPrice_6669,True,2026-09-28T22:40:47,2026-09-28T22:40:47,2026-09-28T22:40:47
6669,緯穎,2022-02-09,987.0,2.0,0.20%,,19.68,,,,,,,ShowDailyK_ChartFlow,FinMind_API_TaiwanStockPrice_6669,True,2026-09-28T22:40:47,2026-09-28T22:40:47,2026-09-28T22:40:47
6669,緯穎,2022-02-10,997.0,10.0,1.01%,,19.88,,,,,,,ShowDailyK_ChartFlow,FinMind_API_TaiwanStockPrice_6669,True,2026-09-28T22:40:47,2026-09-28T22:40:47,2026-09-28T22:40:47
6669,緯穎,2022-02-11,1005.0,8.0,0.80%,,20.04,,,,,,,ShowDailyK_ChartFlow,FinMind_API_TaiwanStockPrice_6669,True,2026-09-28T22:40:47,2026-09-28T22:40:47,2026-09-28T22:40:47
6669,緯穎,2022-02-14,989.0,-16.0,-1.59%,,19.72,,,,,,,ShowDailyK_ChartFlow,FinMind_API_TaiwanStockPrice_6669,True,2026-09-28T22:40:47,2026-09-28T22:40:47,2026-09-28T22:40:47
6669,緯穎,2022-02-15,1020.0,31.0,3.13%,,20.34,,,,,,,ShowDailyK_ChartFlow,FinMind_API_TaiwanStockPrice_6669,True,2026-09-28T22:40:47,2026-09-28T22:40:47,2026-09-28T22:40:47
6669,緯穎,2022-02-16,1045.0,25.0,2.45%,,20.84,,,,,,,ShowDailyK_ChartFlow,FinMind_API_TaiwanStockPrice_6669,True,2026-09-28T22:40:47,2026-09-28T22:40:47,2026-09-28T22:40:47
6669,緯穎,2022-02-17,1045.0,0.0,0.00%,,20.84,,,,,,,ShowDailyK_ChartFlow,FinMind_API_TaiwanStockPrice_6669,True,2026-09-28T22:40:47,2026-09-28T22:40:47,2026-09-28T22:40:47
6669,緯穎,2022-02-18,1045.0,0.0,0.00%,,20.84,,,,,,,ShowDailyK_ChartFlow,FinMind_API_TaiwanStockPrice_6669,True,2026-09-28T22:40:47,2026-09-28T22:40:47,2026-09-28T22:40:47
6669,緯穎,2022-02-21,1005.0,-40.0,-3.83%,,20.04,,,,,,,ShowDailyK_ChartFlow,FinMind_API_TaiwanStockPrice_6669,True,2026-09-28T22:40:47,2026-09-28T22:40:47,2026-09-28T22:40:47
6669,緯穎,2022-02-22,1000.0,-5.0,-0.50%,,19.94,,,,,,,ShowDailyK_ChartFlow,FinMind_API_TaiwanStockPrice_6669,True,2026-09-28T22:40:47,2026-09-28T22:40:47,2026-09-28T22:40:47
6669,緯穎,2022-02-23,995.0,-5.0,-0.50%,,19.84,,,,,,,ShowDailyK_ChartFlow,FinMind_API_TaiwanStockPrice_6669,True,2026-09-28T22:40:47,2026-09-28T22:40:47,2026-09-28T22:40:47
6669,緯穎,2022-02-24,977.0,-18.0,-1.81%,,19.49,,,,,,,ShowDailyK_ChartFlow,FinMind_API_TaiwanStockPrice_6669,True,2026-09-28T22:40:47,2026-09-28T22:40:47,2026-09-28T22:40:47
6669,緯穎,2022-02-25,987.0,10.0,1.02%,,19.68,,,,,,,ShowDailyK_ChartFlow,FinMind_API_TaiwanStockPrice_6669,True,2026-09-28T22:40:47,2026-09-28T22:40:47,2026-09-28T22:40:47
6669,緯穎,2022-03-01,969.0,-18.0,-1.82%,,19.59,,,,,,,ShowDailyK_ChartFlow,FinMind_API_TaiwanStockPrice_6669,True,2026-09-28T22:40:47,2026-09-28T22:40:47,2026-09-28T22:40:47
6669,緯穎,2022-03-02,964.0,-5.0,-0.52%,,19.49,,,,,,,ShowDailyK_ChartFlow,FinMind_API_TaiwanStockPrice_6669,True,2026-09-28T22:40:47,2026-09-28T22:40:47,2026-09-28T22:40:47
6669,緯穎,2022-03-03,933.0,-31.0,-3.22%,,18.86,,,,,,,ShowDailyK_ChartFlow,FinMind_API_TaiwanStockPrice_6669,True,2026-09-28T22:40:47,2026-09-28T22:40:47,2026-09-28T22:40:47
6669,緯穎,2022-03-04,924.0,-9.0,-0.96%,,18.68,,,,,,,ShowDailyK_ChartFlow,FinMind_API_TaiwanStockPrice_6669,True,2026-09-28T22:40:47,2026-09-28T22:40:47,2026-09-28T22:40:47
6669,緯穎,2022-03-07,909.0,-15.0,-1.62%,,18.38,,,,,,,ShowDailyK_ChartFlow,FinMind_API_TaiwanStockPrice_6669,True,2026-09-28T22:40:47,2026-09-28T22:40:47,2026-09-28T22:40:47
6669,緯穎,2022-03-08,897.0,-12.0,-1.32%,,18.14,,,,,,,ShowDailyK_ChartFlow,FinMind_API_TaiwanStockPrice_6669,True,2026-09-28T22:40:47,2026-09-28T22:40:47,2026-09-28T22:40:47
6669,緯穎,2022-03-09,951.0,54.0,6.02%,,19.23,,,,,,,ShowDailyK_ChartFlow,FinMind_API_TaiwanStockPrice_6669,True,2026-09-28T22:40:47,2026-09-28T22:40:47,2026-09-28T22:40:47
6669,緯穎,2022-03-10,954.0,3.0,0.32%,,19.29,,,,,,,ShowDailyK_ChartFlow,FinMind_API_TaiwanStockPrice_6669,True,2026-09-28T22:40:47,2026-09-28T22:40:47,2026-09-28T22:40:47
6669,緯穎,2022-03-11,964.0,10.0,1.05%,,19.49,,,,,,,ShowDailyK_ChartFlow,FinMind_API_TaiwanStockPrice_6669,True,2026-09-28T22:40:47,2026-09-28T22:40:47,2026-09-28T22:40:47
6669,緯穎,2022-03-14,1030.0,66.0,6.85%,,20.82,,,,,,,ShowDailyK_ChartFlow,FinMind_API_TaiwanStockPrice_6669,True,2026-09-28T22:40:47,2026-09-28T22:40:47,2026-09-28T22:40:47
6669,緯穎,2022-03-15,945.0,-85.0,-8.25%,,19.11,,,,,,,ShowDailyK_ChartFlow,FinMind_API_TaiwanStockPrice_6669,True,2026-09-28T22:40:47,2026-09-28T22:40:47,2026-09-28T22:40:47
6669,緯穎,2022-03-16,956.0,11.0,1.16%,,19.33,,,,,,,ShowDailyK_ChartFlow,FinMind_API_TaiwanStockPrice_6669,True,2026-09-28T22:40:47,2026-09-28T22:40:47,2026-09-28T22:40:47
6669,緯穎,2022-03-17,1010.0,54.0,5.65%,,20.42,,,,,,,ShowDailyK_ChartFlow,FinMind_API_TaiwanStockPrice_6669,True,2026-09-28T22:40:47,2026-09-28T22:40:47,2026-09-28T22:40:47
6669,緯穎,2022-03-18,1005.0,-5.0,-0.50%,,20.32,,,,,,,ShowDailyK_ChartFlow,FinMind_API_TaiwanStockPrice_6669,True,2026-09-28T22:40:47,2026-09-28T22:40:47,2026-09-28T22:40:47
6669,緯穎,2022-03-21,937.0,-68.0,-6.77%,,18.94,,,,,,,ShowDailyK_ChartFlow,FinMind_API_TaiwanStockPrice_6669,True,2026-09-28T22:40:47,2026-09-28T22:40:47,2026-09-28T22:40:47
6669,緯穎,2022-03-22,921.0,-16.0,-1.71%,,18.62,,,,,,,ShowDailyK_ChartFlow,FinMind_API_TaiwanStockPrice_6669,True,2026-09-28T22:40:47,2026-09-28T22:40:47,2026-09-28T22:40:47
6669,緯穎,2022-03-23,958.0,37.0,4.02%,,19.37,,,,,,,ShowDailyK_ChartFlow,FinMind_API_TaiwanStockPrice_6669,True,2026-09-28T22:40:47,2026-09-28T22:40:47,2026-09-28T22:40:47
6669,緯穎,2022-03-24,942.0,-16.0,-1.67%,,19.05,,,,,,,ShowDailyK_ChartFlow,FinMind_API_TaiwanStockPrice_6669,True,2026-09-28T22:40:47,2026-09-28T22:40:47,2026-09-28T22:40:47
6669,緯穎,2022-03-25,948.0,6.0,0.64%,,19.17,,,,,,,ShowDailyK_ChartFlow,FinMind_API_TaiwanStockPrice_6669,True,2026-09-28T22:40:47,2026-09-28T22:40:47,2026-09-28T22:40:47
6669,緯穎,2022-03-28,920.0,-28.0,-2.95%,,18.6,,,,,,,ShowDailyK_ChartFlow,FinMind_API_TaiwanStockPrice_6669,True,2026-09-28T22:40:47,2026-09-28T22:40:47,2026-09-28T22:40:47
6669,緯穎,2022-03-29,944.0,24.0,2.61%,,19.09,,,,,,,ShowDailyK_ChartFlow,FinMind_API_TaiwanStockPrice_6669,True,2026-09-28T22:40:47,2026-09-28T22:40:47,2026-09-28T22:40:47
6669,緯穎,2022-03-30,1005.0,61.0,6.46%,,20.32,,,,,,,ShowDailyK_ChartFlow,FinMind_API_TaiwanStockPrice_6669,True,2026-09-28T22:40:47,2026-09-28T22:40:47,2026-09-28T22:40:47
6669,緯穎,2022-03-31,1020.0,15.0,1.49%,,20.62,,,,,,,ShowDailyK_ChartFlow,FinMind_API_TaiwanStockPrice_6669,True,2026-09-28T22:40:47,2026-09-28T22:40:47,2026-09-28T22:40:47
6669,緯穎,2022-04-01,990.0,-30.0,-2.94%,,20.02,,,,,,,ShowDailyK_ChartFlow,FinMind_API_TaiwanStockPrice_6669,True,2026-09-28T22:40:47,2026-09-28T22:40:47,2026-09-28T22:40:47
6669,緯穎,2022-04-06,992.0,2.0,0.20%,,20.06,,,,,,,ShowDailyK_ChartFlow,FinMind_API_TaiwanStockPrice_6669,True,2026-09-28T22:40:47,2026-09-28T22:40:47,2026-09-28T22:40:47
6669,緯穎,2022-04-07,988.0,-4.0,-0.40%,,19.98,,,,,,,ShowDailyK_ChartFlow,FinMind_API_TaiwanStockPrice_6669,True,2026-09-28T22:40:47,2026-09-28T22:40:47,2026-09-28T22:40:47
6669,緯穎,2022-04-08,972.0,-16.0,-1.62%,,19.65,,,,,,,ShowDailyK_ChartFlow,FinMind_API_TaiwanStockPrice_6669,True,2026-09-28T22:40:47,2026-09-28T22:40:47,2026-09-28T22:40:47
6669,緯穎,2022-04-11,960.0,-12.0,-1.23%,,19.41,,,,,,,ShowDailyK_ChartFlow,FinMind_API_TaiwanStockPrice_6669,True,2026-09-28T22:40:47,2026-09-28T22:40:47,2026-09-28T22:40:47
6669,緯穎,2022-04-12,973.0,13.0,1.35%,,19.67,,,,,,,ShowDailyK_ChartFlow,FinMind_API_TaiwanStockPrice_6669,True,2026-09-28T22:40:47,2026-09-28T22:40:47,2026-09-28T22:40:47
6669,緯穎,2022-04-13,983.0,10.0,1.03%,,19.87,,,,,,,ShowDailyK_ChartFlow,FinMind_API_TaiwanStockPrice_6669,True,2026-09-28T22:40:47,2026-09-28T22:40:47,2026-09-28T22:40:47
6669,緯穎,2022-04-14,996.0,13.0,1.32%,,20.14,,,,,,,ShowDailyK_ChartFlow,FinMind_API_TaiwanStockPrice_6669,True,2026-09-28T22:40:47,2026-09-28T22:40:47,2026-09-28T22:40:47
6669,緯穎,2022-04-15,962.0,-34.0,-3.41%,,19.45,,,,,,,ShowDailyK_ChartFlow,FinMind_API_TaiwanStockPrice_6669,True,2026-09-28T22:40:47,2026-09-28T22:40:47,2026-09-28T22:40:47
6669,緯穎,2022-04-18,974.0,12.0,1.25%,,19.69,,,,,,,ShowDailyK_ChartFlow,FinMind_API_TaiwanStockPrice_6669,True,2026-09-28T22:40:47,2026-09-28T22:40:47,2026-09-28T22:40:47
6669,緯穎,2022-04-19,996.0,22.0,2.26%,,20.14,,,,,,,ShowDailyK_ChartFlow,FinMind_API_TaiwanStockPrice_6669,True,2026-09-28T22:40:47,2026-09-28T22:40:47,2026-09-28T22:40:47
6669,緯穎,2022-04-20,1030.0,34.0,3.41%,,20.82,,,,,,,ShowDailyK_ChartFlow,FinMind_API_TaiwanStockPrice_6669,True,2026-09-28T22:40:47,2026-09-28T22:40:47,2026-09-28T22:40:47
6669,緯穎,2022-04-21,1015.0,-15.0,-1.46%,,20.52,,,,,,,ShowDailyK_ChartFlow,FinMind_API_TaiwanStockPrice_6669,True,2026-09-28T22:40:47,2026-09-28T22:40:47,2026-09-28T22:40:47
6669,緯穎,2022-04-22,980.0,-35.0,-3.45%,,19.81,,,,,,,ShowDailyK_ChartFlow,FinMind_API_TaiwanStockPrice_6669,True,2026-09-28T22:40:47,2026-09-28T22:40:47,2026-09-28T22:40:47
6669,緯穎,2022-04-25,967.0,-13.0,-1.33%,,19.55,,,,,,,ShowDailyK_ChartFlow,FinMind_API_TaiwanStockPrice_6669,True,2026-09-28T22:40:47,2026-09-28T22:40:47,2026-09-28T22:40:47
6669,緯穎,2022-04-26,998.0,31.0,3.21%,,20.18,,,,,,,ShowDailyK_ChartFlow,FinMind_API_TaiwanStockPrice_6669,True,2026-09-28T22:40:47,2026-09-28T22:40:47,2026-09-28T22:40:47
6669,緯穎,2022-04-27,975.0,-23.0,-2.30%,,19.71,,,,,,,ShowDailyK_ChartFlow,FinMind_API_TaiwanStockPrice_6669,True,2026-09-28T22:40:47,2026-09-28T22:40:47,2026-09-28T22:40:47
6669,緯穎,2022-04-28,1005.0,30.0,3.08%,,20.32,,,,,,,ShowDailyK_ChartFlow,FinMind_API_TaiwanStockPrice_6669,True,2026-09-28T22:40:47,2026-09-28T22:40:47,2026-09-28T22:40:47
6669,緯穎,2022-04-29,1020.0,15.0,1.49%,,20.62,,,,,,,ShowDailyK_ChartFlow,FinMind_API_TaiwanStockPrice_6669,True,2026-09-28T22:40:47,2026-09-28T22:40:47,2026-09-28T22:40:47
6669,緯穎,2022-05-03,1035.0,15.0,1.47%,,19.47,,,,,,,ShowDailyK_ChartFlow,FinMind_API_TaiwanStockPrice_6669,True,2026-09-28T22:40:47,2026-09-28T22:40:47,2026-09-28T22:40:47
6669,緯穎,2022-05-04,1010.0,-25.0,-2.42%,,19.0,,,,,,,ShowDailyK_ChartFlow,FinMind_API_TaiwanStockPrice_6669,True,2026-09-28T22:40:47,2026-09-28T22:40:47,2026-09-28T22:40:47
6669,緯穎,2022-05-05,1030.0,20.0,1.98%,,19.38,,,,,,,ShowDailyK_ChartFlow,FinMind_API_TaiwanStockPrice_6669,True,2026-09-28T22:40:47,2026-09-28T22:40:47,2026-09-28T22:40:47
6669,緯穎,2022-05-06,995.0,-35.0,-3.40%,,18.72,,,,,,,ShowDailyK_ChartFlow,FinMind_API_TaiwanStockPrice_6669,True,2026-09-28T22:40:47,2026-09-28T22:40:47,2026-09-28T22:40:47
6669,緯穎,2022-05-09,963.0,-32.0,-3.22%,,18.12,,,,,,,ShowDailyK_ChartFlow,FinMind_API_TaiwanStockPrice_6669,True,2026-09-28T22:40:47,2026-09-28T22:40:47,2026-09-28T22:40:47
6669,緯穎,2022-05-10,946.0,-17.0,-1.77%,,17.8,,,,,,,ShowDailyK_ChartFlow,FinMind_API_TaiwanStockPrice_6669,True,2026-09-28T22:40:47,2026-09-28T22:40:47,2026-09-28T22:40:47
6669,緯穎,2022-05-11,922.0,-24.0,-2.54%,,17.34,,,,,,,ShowDailyK_ChartFlow,FinMind_API_TaiwanStockPrice_6669,True,2026-09-28T22:40:47,2026-09-28T22:40:47,2026-09-28T22:40:47
6669,緯穎,2022-05-12,923.0,1.0,0.11%,,17.36,,,,,,,ShowDailyK_ChartFlow,FinMind_API_TaiwanStockPrice_6669,True,2026-09-28T22:40:47,2026-09-28T22:40:47,2026-09-28T22:40:47
6669,緯穎,2022-05-13,940.0,17.0,1.84%,,17.68,,,,,,,ShowDailyK_ChartFlow,FinMind_API_TaiwanStockPrice_6669,True,2026-09-28T22:40:47,2026-09-28T22:40:47,2026-09-28T22:40:47
6669,緯穎,2022-05-16,969.0,29.0,3.09%,,18.23,,,,,,,ShowDailyK_ChartFlow,FinMind_API_TaiwanStockPrice_6669,True,2026-09-28T22:40:47,2026-09-28T22:40:47,2026-09-28T22:40:47
6669,緯穎,2022-05-17,969.0,0.0,0.00%,,18.23,,,,,,,ShowDailyK_ChartFlow,FinMind_API_TaiwanStockPrice_6669,True,2026-09-28T22:40:47,2026-09-28T22:40:47,2026-09-28T22:40:47
6669,緯穎,2022-05-18,956.0,-13.0,-1.34%,,17.98,,,,,,,ShowDailyK_ChartFlow,FinMind_API_TaiwanStockPrice_6669,True,2026-09-28T22:40:47,2026-09-28T22:40:47,2026-09-28T22:40:47
6669,緯穎,2022-05-19,938.0,-18.0,-1.88%,,17.64,,,,,,,ShowDailyK_ChartFlow,FinMind_API_TaiwanStockPrice_6669,True,2026-09-28T22:40:47,2026-09-28T22:40:47,2026-09-28T22:40:47
6669,緯穎,2022-05-20,935.0,-3.0,-0.32%,,17.59,,,,,,,ShowDailyK_ChartFlow,FinMind_API_TaiwanStockPrice_6669,True,2026-09-28T22:40:47,2026-09-28T22:40:47,2026-09-28T22:40:47
6669,緯穎,2022-05-23,930.0,-5.0,-0.53%,,17.49,,,,,,,ShowDailyK_ChartFlow,FinMind_API_TaiwanStockPrice_6669,True,2026-09-28T22:40:47,2026-09-28T22:40:47,2026-09-28T22:40:47
6669,緯穎,2022-05-24,883.0,-47.0,-5.05%,,16.61,,,,,,,ShowDailyK_ChartFlow,FinMind_API_TaiwanStockPrice_6669,True,2026-09-28T22:40:47,2026-09-28T22:40:47,2026-09-28T22:40:47
6669,緯穎,2022-05-25,878.0,-5.0,-0.57%,,16.52,,,,,,,ShowDailyK_ChartFlow,FinMind_API_TaiwanStockPrice_6669,True,2026-09-28T22:40:47,2026-09-28T22:40:47,2026-09-28T22:40:47
6669,緯穎,2022-05-26,791.0,-87.0,-9.91%,,14.88,,,,,,,ShowDailyK_ChartFlow,FinMind_API_TaiwanStockPrice_6669,True,2026-09-28T22:40:47,2026-09-28T22:40:47,2026-09-28T22:40:47
6669,緯穎,2022-05-27,808.0,17.0,2.15%,,15.2,,,,,,,ShowDailyK_ChartFlow,FinMind_API_TaiwanStockPrice_6669,True,2026-09-28T22:40:47,2026-09-28T22:40:47,2026-09-28T22:40:47
6669,緯穎,2022-05-30,857.0,49.0,6.06%,,16.12,,,,,,,ShowDailyK_ChartFlow,FinMind_API_TaiwanStockPrice_6669,True,2026-09-28T22:40:47,2026-09-28T22:40:47,2026-09-28T22:40:47
6669,緯穎,2022-05-31,923.0,66.0,7.70%,,17.36,,,,,,,ShowDailyK_ChartFlow,FinMind_API_TaiwanStockPrice_6669,True,2026-09-28T22:40:47,2026-09-28T22:40:47,2026-09-28T22:40:47
6669,緯穎,2022-06-01,884.0,-39.0,-4.23%,,16.63,,,,,,,ShowDailyK_ChartFlow,FinMind_API_TaiwanStockPrice_6669,True,2026-09-28T22:40:47,2026-09-28T22:40:47,2026-09-28T22:40:47
6669,緯穎,2022-06-02,871.0,-13.0,-1.47%,,16.38,,,,,,,ShowDailyK_ChartFlow,FinMind_API_TaiwanStockPrice_6669,True,2026-09-28T22:40:47,2026-09-28T22:40:47,2026-09-28T22:40:47
6669,緯穎,2022-06-06,886.0,15.0,1.72%,,16.67,,,,,,,ShowDailyK_ChartFlow,FinMind_API_TaiwanStockPrice_6669,True,2026-09-28T22:40:47,2026-09-28T22:40:47,2026-09-28T22:40:47
6669,緯穎,2022-06-07,889.0,3.0,0.34%,,16.72,,,,,,,ShowDailyK_ChartFlow,FinMind_API_TaiwanStockPrice_6669,True,2026-09-28T22:40:47,2026-09-28T22:40:47,2026-09-28T22:40:47
6669,緯穎,2022-06-08,887.0,-2.0,-0.22%,,16.69,,,,,,,ShowDailyK_ChartFlow,FinMind_API_TaiwanStockPrice_6669,True,2026-09-28T22:40:47,2026-09-28T22:40:47,2026-09-28T22:40:47
6669,緯穎,2022-06-09,900.0,13.0,1.47%,,16.93,,,,,,,ShowDailyK_ChartFlow,FinMind_API_TaiwanStockPrice_6669,True,2026-09-28T22:40:47,2026-09-28T22:40:47,2026-09-28T22:40:47
6669,緯穎,2022-06-10,900.0,0.0,0.00%,,16.93,,,,,,,ShowDailyK_ChartFlow,FinMind_API_TaiwanStockPrice_6669,True,2026-09-28T22:40:47,2026-09-28T22:40:47,2026-09-28T22:40:47
6669,緯穎,2022-06-13,866.0,-34.0,-3.78%,,16.29,,,,,,,ShowDailyK_ChartFlow,FinMind_API_TaiwanStockPrice_6669,True,2026-09-28T22:40:47,2026-09-28T22:40:47,2026-09-28T22:40:47
6669,緯穎,2022-06-14,841.0,-25.0,-2.89%,,15.82,,,,,,,ShowDailyK_ChartFlow,FinMind_API_TaiwanStockPrice_6669,True,2026-09-28T22:40:47,2026-09-28T22:40:47,2026-09-28T22:40:47
6669,緯穎,2022-06-15,825.0,-16.0,-1.90%,,15.52,,,,,,,ShowDailyK_ChartFlow,FinMind_API_TaiwanStockPrice_6669,True,2026-09-28T22:40:47,2026-09-28T22:40:47,2026-09-28T22:40:47
6669,緯穎,2022-06-16,806.0,-19.0,-2.30%,,15.16,,,,,,,ShowDailyK_ChartFlow,FinMind_API_TaiwanStockPrice_6669,True,2026-09-28T22:40:47,2026-09-28T22:40:47,2026-09-28T22:40:47
6669,緯穎,2022-06-17,755.0,-51.0,-6.33%,,14.2,,,,,,,ShowDailyK_ChartFlow,FinMind_API_TaiwanStockPrice_6669,True,2026-09-28T22:40:47,2026-09-28T22:40:47,2026-09-28T22:40:47
6669,緯穎,2022-06-20,730.0,-25.0,-3.31%,,13.73,,,,,,,ShowDailyK_ChartFlow,FinMind_API_TaiwanStockPrice_6669,True,2026-09-28T22:40:47,2026-09-28T22:40:47,2026-09-28T22:40:47
6669,緯穎,2022-06-21,761.0,31.0,4.25%,,14.32,,,,,,,ShowDailyK_ChartFlow,FinMind_API_TaiwanStockPrice_6669,True,2026-09-28T22:40:47,2026-09-28T22:40:47,2026-09-28T22:40:47
6669,緯穎,2022-06-22,746.0,-15.0,-1.97%,,14.03,,,,,,,ShowDailyK_ChartFlow,FinMind_API_TaiwanStockPrice_6669,True,2026-09-28T22:40:47,2026-09-28T22:40:47,2026-09-28T22:40:47
6669,緯穎,2022-06-23,734.0,-12.0,-1.61%,,13.81,,,,,,,ShowDailyK_ChartFlow,FinMind_API_TaiwanStockPrice_6669,True,2026-09-28T22:40:47,2026-09-28T22:40:47,2026-09-28T22:40:47
6669,緯穎,2022-06-24,752.0,18.0,2.45%,,14.15,,,,,,,ShowDailyK_ChartFlow,FinMind_API_TaiwanStockPrice_6669,True,2026-09-28T22:40:47,2026-09-28T22:40:47,2026-09-28T22:40:47
6669,緯穎,2022-06-27,765.0,13.0,1.73%,,14.39,,,,,,,ShowDailyK_ChartFlow,FinMind_API_TaiwanStockPrice_6669,True,2026-09-28T22:40:47,2026-09-28T22:40:47,2026-09-28T22:40:47
6669,緯穎,2022-06-28,751.0,-14.0,-1.83%,,14.13,,,,,,,ShowDailyK_ChartFlow,FinMind_API_TaiwanStockPrice_6669,True,2026-09-28T22:40:47,2026-09-28T22:40:47,2026-09-28T22:40:47
6669,緯穎,2022-06-29,720.0,-31.0,-4.13%,,13.54,,,,,,,ShowDailyK_ChartFlow,FinMind_API_TaiwanStockPrice_6669,True,2026-09-28T22:40:47,2026-09-28T22:40:47,2026-09-28T22:40:47
6669,緯穎,2022-06-30,697.0,-23.0,-3.19%,,13.11,,,,,,,ShowDailyK_ChartFlow,FinMind_API_TaiwanStockPrice_6669,True,2026-09-28T22:40:47,2026-09-28T22:40:47,2026-09-28T22:40:47
6669,緯穎,2022-07-01,663.0,-34.0,-4.88%,,12.47,,,,,,,ShowDailyK_ChartFlow,FinMind_API_TaiwanStockPrice_6669,True,2026-09-28T22:40:47,2026-09-28T22:40:47,2026-09-28T22:40:47
6669,緯穎,2022-07-04,650.0,-13.0,-1.96%,,12.23,,,,,,,ShowDailyK_ChartFlow,FinMind_API_TaiwanStockPrice_6669,True,2026-09-28T22:40:47,2026-09-28T22:40:47,2026-09-28T22:40:47
6669,緯穎,2022-07-05,645.0,-5.0,-0.77%,,12.13,,,,,,,ShowDailyK_ChartFlow,FinMind_API_TaiwanStockPrice_6669,True,2026-09-28T22:40:47,2026-09-28T22:40:47,2026-09-28T22:40:47
6669,緯穎,2022-07-06,617.0,-28.0,-4.34%,,11.61,,,,,,,ShowDailyK_ChartFlow,FinMind_API_TaiwanStockPrice_6669,True,2026-09-28T22:40:47,2026-09-28T22:40:47,2026-09-28T22:40:47
6669,緯穎,2022-07-07,651.0,34.0,5.51%,,12.25,,,,,,,ShowDailyK_ChartFlow,FinMind_API_TaiwanStockPrice_6669,True,2026-09-28T22:40:47,2026-09-28T22:40:47,2026-09-28T22:40:47
6669,緯穎,2022-07-08,669.0,18.0,2.76%,,12.58,,,,,,,ShowDailyK_ChartFlow,FinMind_API_TaiwanStockPrice_6669,True,2026-09-28T22:40:47,2026-09-28T22:40:47,2026-09-28T22:40:47
6669,緯穎,2022-07-11,672.0,3.0,0.45%,,12.64,,,,,,,ShowDailyK_ChartFlow,FinMind_API_TaiwanStockPrice_6669,True,2026-09-28T22:40:47,2026-09-28T22:40:47,2026-09-28T22:40:47
6669,緯穎,2022-07-12,670.0,-2.0,-0.30%,,12.6,,,,,,,ShowDailyK_ChartFlow,FinMind_API_TaiwanStockPrice_6669,True,2026-09-28T22:40:47,2026-09-28T22:40:47,2026-09-28T22:40:47
6669,緯穎,2022-07-13,674.0,4.0,0.60%,,12.68,,,,,,,ShowDailyK_ChartFlow,FinMind_API_TaiwanStockPrice_6669,True,2026-09-28T22:40:47,2026-09-28T22:40:47,2026-09-28T22:40:47
6669,緯穎,2022-07-14,702.0,28.0,4.15%,,13.21,,,,,,,ShowDailyK_ChartFlow,FinMind_API_TaiwanStockPrice_6669,True,2026-09-28T22:40:47,2026-09-28T22:40:47,2026-09-28T22:40:47
6669,緯穎,2022-07-15,715.0,13.0,1.85%,,13.45,,,,,,,ShowDailyK_ChartFlow,FinMind_API_TaiwanStockPrice_6669,True,2026-09-28T22:40:47,2026-09-28T22:40:47,2026-09-28T22:40:47
6669,緯穎,2022-07-18,720.0,5.0,0.70%,,13.54,,,,,,,ShowDailyK_ChartFlow,FinMind_API_TaiwanStockPrice_6669,True,2026-09-28T22:40:47,2026-09-28T22:40:47,2026-09-28T22:40:47
6669,緯穎,2022-07-19,696.0,-24.0,-3.33%,,13.09,,,,,,,ShowDailyK_ChartFlow,FinMind_API_TaiwanStockPrice_6669,True,2026-09-28T22:40:47,2026-09-28T22:40:47,2026-09-28T22:40:47
6669,緯穎,2022-07-20,725.0,29.0,4.17%,,13.64,,,,,,,ShowDailyK_ChartFlow,FinMind_API_TaiwanStockPrice_6669,True,2026-09-28T22:40:47,2026-09-28T22:40:47,2026-09-28T22:40:47
6669,緯穎,2022-07-21,741.0,16.0,2.21%,,13.94,,,,,,,ShowDailyK_ChartFlow,FinMind_API_TaiwanStockPrice_6669,True,2026-09-28T22:40:47,2026-09-28T22:40:47,2026-09-28T22:40:47
6669,緯穎,2022-07-22,730.0,-11.0,-1.48%,,13.73,,,,,,,ShowDailyK_ChartFlow,FinMind_API_TaiwanStockPrice_6669,True,2026-09-28T22:40:47,2026-09-28T22:40:47,2026-09-28T22:40:47
6669,緯穎,2022-07-25,725.0,-5.0,-0.68%,,13.64,,,,,,,ShowDailyK_ChartFlow,FinMind_API_TaiwanStockPrice_6669,True,2026-09-28T22:40:47,2026-09-28T22:40:47,2026-09-28T22:40:47
6669,緯穎,2022-07-26,705.0,-20.0,-2.76%,,13.26,,,,,,,ShowDailyK_ChartFlow,FinMind_API_TaiwanStockPrice_6669,True,2026-09-28T22:40:47,2026-09-28T22:40:47,2026-09-28T22:40:47
6669,緯穎,2022-07-27,709.0,4.0,0.57%,,13.34,,,,,,,ShowDailyK_ChartFlow,FinMind_API_TaiwanStockPrice_6669,True,2026-09-28T22:40:47,2026-09-28T22:40:47,2026-09-28T22:40:47
6669,緯穎,2022-07-28,735.0,26.0,3.67%,,13.83,,,,,,,ShowDailyK_ChartFlow,FinMind_API_TaiwanStockPrice_6669,True,2026-09-28T22:40:47,2026-09-28T22:40:47,2026-09-28T22:40:47
6669,緯穎,2022-07-29,736.0,1.0,0.14%,,13.84,,,,,,,ShowDailyK_ChartFlow,FinMind_API_TaiwanStockPrice_6669,True,2026-09-28T22:40:47,2026-09-28T22:40:47,2026-09-28T22:40:47
6669,緯穎,2022-08-01,734.0,-2.0,-0.27%,,13.81,,,,,,,ShowDailyK_ChartFlow,FinMind_API_TaiwanStockPrice_6669,True,2026-09-28T22:40:47,2026-09-28T22:40:47,2026-09-28T22:40:47
6669,緯穎,2022-08-02,739.0,5.0,0.68%,,13.9,,,,,,,ShowDailyK_ChartFlow,FinMind_API_TaiwanStockPrice_6669,True,2026-09-28T22:40:47,2026-09-28T22:40:47,2026-09-28T22:40:47
6669,緯穎,2022-08-03,699.0,-40.0,-5.41%,,11.59,,,,,,,ShowDailyK_ChartFlow,FinMind_API_TaiwanStockPrice_6669,True,2026-09-28T22:40:47,2026-09-28T22:40:47,2026-09-28T22:40:47
6669,緯穎,2022-08-04,666.0,-33.0,-4.72%,,11.04,,,,,,,ShowDailyK_ChartFlow,FinMind_API_TaiwanStockPrice_6669,True,2026-09-28T22:40:47,2026-09-28T22:40:47,2026-09-28T22:40:47
6669,緯穎,2022-08-05,707.0,41.0,6.16%,,11.72,,,,,,,ShowDailyK_ChartFlow,FinMind_API_TaiwanStockPrice_6669,True,2026-09-28T22:40:47,2026-09-28T22:40:47,2026-09-28T22:40:47
6669,緯穎,2022-08-08,711.0,4.0,0.57%,,11.79,,,,,,,ShowDailyK_ChartFlow,FinMind_API_TaiwanStockPrice_6669,True,2026-09-28T22:40:47,2026-09-28T22:40:47,2026-09-28T22:40:47
6669,緯穎,2022-08-09,725.0,14.0,1.97%,,12.02,,,,,,,ShowDailyK_ChartFlow,FinMind_API_TaiwanStockPrice_6669,True,2026-09-28T22:40:47,2026-09-28T22:40:47,2026-09-28T22:40:47
6669,緯穎,2022-08-10,715.0,-10.0,-1.38%,,11.85,,,,,,,ShowDailyK_ChartFlow,FinMind_API_TaiwanStockPrice_6669,True,2026-09-28T22:40:47,2026-09-28T22:40:47,2026-09-28T22:40:47
6669,緯穎,2022-08-11,732.0,17.0,2.38%,,12.13,,,,,,,ShowDailyK_ChartFlow,FinMind_API_TaiwanStockPrice_6669,True,2026-09-28T22:40:47,2026-09-28T22:40:47,2026-09-28T22:40:47
6669,緯穎,2022-08-12,725.0,-7.0,-0.96%,,12.02,,,,,,,ShowDailyK_ChartFlow,FinMind_API_TaiwanStockPrice_6669,True,2026-09-28T22:40:47,2026-09-28T22:40:47,2026-09-28T22:40:47
6669,緯穎,2022-08-15,760.0,35.0,4.83%,,12.6,,,,,,,ShowDailyK_ChartFlow,FinMind_API_TaiwanStockPrice_6669,True,2026-09-28T22:40:47,2026-09-28T22:40:47,2026-09-28T22:40:47
6669,緯穎,2022-08-16,760.0,0.0,0.00%,,12.6,,,,,,,ShowDailyK_ChartFlow,FinMind_API_TaiwanStockPrice_6669,True,2026-09-28T22:40:47,2026-09-28T22:40:47,2026-09-28T22:40:47
6669,緯穎,2022-08-17,750.0,-10.0,-1.32%,,12.43,,,,,,,ShowDailyK_ChartFlow,FinMind_API_TaiwanStockPrice_6669,True,2026-09-28T22:40:47,2026-09-28T22:40:47,2026-09-28T22:40:47
6669,緯穎,2022-08-18,750.0,0.0,0.00%,,12.43,,,,,,,ShowDailyK_ChartFlow,FinMind_API_TaiwanStockPrice_6669,True,2026-09-28T22:40:47,2026-09-28T22:40:47,2026-09-28T22:40:47
6669,緯穎,2022-08-19,760.0,10.0,1.33%,,12.6,,,,,,,ShowDailyK_ChartFlow,FinMind_API_TaiwanStockPrice_6669,True,2026-09-28T22:40:47,2026-09-28T22:40:47,2026-09-28T22:40:47
6669,緯穎,2022-08-22,755.0,-5.0,-0.66%,,12.51,,,,,,,ShowDailyK_ChartFlow,FinMind_API_TaiwanStockPrice_6669,True,2026-09-28T22:40:47,2026-09-28T22:40:47,2026-09-28T22:40:47
6669,緯穎,2022-08-23,755.0,0.0,0.00%,,12.51,,,,,,,ShowDailyK_ChartFlow,FinMind_API_TaiwanStockPrice_6669,True,2026-09-28T22:40:47,2026-09-28T22:40:47,2026-09-28T22:40:47
6669,緯穎,2022-08-24,787.0,32.0,4.24%,,13.04,,,,,,,ShowDailyK_ChartFlow,FinMind_API_TaiwanStockPrice_6669,True,2026-09-28T22:40:47,2026-09-28T22:40:47,2026-09-28T22:40:47
6669,緯穎,2022-08-25,788.0,1.0,0.13%,,13.06,,,,,,,ShowDailyK_ChartFlow,FinMind_API_TaiwanStockPrice_6669,True,2026-09-28T22:40:47,2026-09-28T22:40:47,2026-09-28T22:40:47
6669,緯穎,2022-08-26,776.0,-12.0,-1.52%,,12.86,,,,,,,ShowDailyK_ChartFlow,FinMind_API_TaiwanStockPrice_6669,True,2026-09-28T22:40:47,2026-09-28T22:40:47,2026-09-28T22:40:47
6669,緯穎,2022-08-29,763.0,-13.0,-1.68%,,12.65,,,,,,,ShowDailyK_ChartFlow,FinMind_API_TaiwanStockPrice_6669,True,2026-09-28T22:40:47,2026-09-28T22:40:47,2026-09-28T22:40:47
6669,緯穎,2022-08-30,760.0,-3.0,-0.39%,,12.6,,,,,,,ShowDailyK_ChartFlow,FinMind_API_TaiwanStockPrice_6669,True,2026-09-28T22:40:47,2026-09-28T22:40:47,2026-09-28T22:40:47
6669,緯穎,2022-08-31,770.0,10.0,1.32%,,12.76,,,,,,,ShowDailyK_ChartFlow,FinMind_API_TaiwanStockPrice_6669,True,2026-09-28T22:40:47,2026-09-28T22:40:47,2026-09-28T22:40:47
6669,緯穎,2022-09-01,751.0,-19.0,-2.47%,,12.45,,,,,,,ShowDailyK_ChartFlow,FinMind_API_TaiwanStockPrice_6669,True,2026-09-28T22:40:47,2026-09-28T22:40:47,2026-09-28T22:40:47
6669,緯穎,2022-09-02,742.0,-9.0,-1.20%,,12.3,,,,,,,ShowDailyK_ChartFlow,FinMind_API_TaiwanStockPrice_6669,True,2026-09-28T22:40:47,2026-09-28T22:40:47,2026-09-28T22:40:47
6669,緯穎,2022-09-05,728.0,-14.0,-1.89%,,12.07,,,,,,,ShowDailyK_ChartFlow,FinMind_API_TaiwanStockPrice_6669,True,2026-09-28T22:40:47,2026-09-28T22:40:47,2026-09-28T22:40:47
6669,緯穎,2022-09-06,736.0,8.0,1.10%,,12.2,,,,,,,ShowDailyK_ChartFlow,FinMind_API_TaiwanStockPrice_6669,True,2026-09-28T22:40:47,2026-09-28T22:40:47,2026-09-28T22:40:47
6669,緯穎,2022-09-07,734.0,-2.0,-0.27%,,12.17,,,,,,,ShowDailyK_ChartFlow,FinMind_API_TaiwanStockPrice_6669,True,2026-09-28T22:40:47,2026-09-28T22:40:47,2026-09-28T22:40:47
6669,緯穎,2022-09-08,765.0,31.0,4.22%,,12.68,,,,,,,ShowDailyK_ChartFlow,FinMind_API_TaiwanStockPrice_6669,True,2026-09-28T22:40:47,2026-09-28T22:40:47,2026-09-28T22:40:47
6669,緯穎,2022-09-12,795.0,30.0,3.92%,,13.18,,,,,,,ShowDailyK_ChartFlow,FinMind_API_TaiwanStockPrice_6669,True,2026-09-28T22:40:47,2026-09-28T22:40:47,2026-09-28T22:40:47
6669,緯穎,2022-09-13,798.0,3.0,0.38%,,13.23,,,,,,,ShowDailyK_ChartFlow,FinMind_API_TaiwanStockPrice_6669,True,2026-09-28T22:40:47,2026-09-28T22:40:47,2026-09-28T22:40:47
6669,緯穎,2022-09-14,786.0,-12.0,-1.50%,,13.03,,,,,,,ShowDailyK_ChartFlow,FinMind_API_TaiwanStockPrice_6669,True,2026-09-28T22:40:47,2026-09-28T22:40:47,2026-09-28T22:40:47
6669,緯穎,2022-09-15,780.0,-6.0,-0.76%,,12.93,,,,,,,ShowDailyK_ChartFlow,FinMind_API_TaiwanStockPrice_6669,True,2026-09-28T22:40:47,2026-09-28T22:40:47,2026-09-28T22:40:47
6669,緯穎,2022-09-16,780.0,0.0,0.00%,,12.93,,,,,,,ShowDailyK_ChartFlow,FinMind_API_TaiwanStockPrice_6669,True,2026-09-28T22:40:47,2026-09-28T22:40:47,2026-09-28T22:40:47
6669,緯穎,2022-09-19,780.0,0.0,0.00%,,12.93,,,,,,,ShowDailyK_ChartFlow,FinMind_API_TaiwanStockPrice_6669,True,2026-09-28T22:40:47,2026-09-28T22:40:47,2026-09-28T22:40:47
6669,緯穎,2022-09-20,793.0,13.0,1.67%,,13.14,,,,,,,ShowDailyK_ChartFlow,FinMind_API_TaiwanStockPrice_6669,True,2026-09-28T22:40:47,2026-09-28T22:40:47,2026-09-28T22:40:47
6669,緯穎,2022-09-21,780.0,-13.0,-1.64%,,12.93,,,,,,,ShowDailyK_ChartFlow,FinMind_API_TaiwanStockPrice_6669,True,2026-09-28T22:40:47,2026-09-28T22:40:47,2026-09-28T22:40:47
6669,緯穎,2022-09-22,780.0,0.0,0.00%,,12.93,,,,,,,ShowDailyK_ChartFlow,FinMind_API_TaiwanStockPrice_6669,True,2026-09-28T22:40:47,2026-09-28T22:40:47,2026-09-28T22:40:47
6669,緯穎,2022-09-23,765.0,-15.0,-1.92%,,12.68,,,,,,,ShowDailyK_ChartFlow,FinMind_API_TaiwanStockPrice_6669,True,2026-09-28T22:40:47,2026-09-28T22:40:47,2026-09-28T22:40:47
6669,緯穎,2022-09-26,767.0,2.0,0.26%,,12.71,,,,,,,ShowDailyK_ChartFlow,FinMind_API_TaiwanStockPrice_6669,True,2026-09-28T22:40:47,2026-09-28T22:40:47,2026-09-28T22:40:47
6669,緯穎,2022-09-27,786.0,19.0,2.48%,,13.03,,,,,,,ShowDailyK_ChartFlow,FinMind_API_TaiwanStockPrice_6669,True,2026-09-28T22:40:47,2026-09-28T22:40:47,2026-09-28T22:40:47
6669,緯穎,2022-09-28,767.0,-19.0,-2.42%,,12.71,,,,,,,ShowDailyK_ChartFlow,FinMind_API_TaiwanStockPrice_6669,True,2026-09-28T22:40:47,2026-09-28T22:40:47,2026-09-28T22:40:47
6669,緯穎,2022-09-29,783.0,16.0,2.09%,,12.98,,,,,,,ShowDailyK_ChartFlow,FinMind_API_TaiwanStockPrice_6669,True,2026-09-28T22:40:47,2026-09-28T22:40:47,2026-09-28T22:40:47
6669,緯穎,2022-09-30,808.0,25.0,3.19%,,13.39,,,,,,,ShowDailyK_ChartFlow,FinMind_API_TaiwanStockPrice_6669,True,2026-09-28T22:40:47,2026-09-28T22:40:47,2026-09-28T22:40:47
6669,緯穎,2022-10-03,805.0,-3.0,-0.37%,,13.34,,,,,,,ShowDailyK_ChartFlow,FinMind_API_TaiwanStockPrice_6669,True,2026-09-28T22:40:47,2026-09-28T22:40:47,2026-09-28T22:40:47
6669,緯穎,2022-10-04,804.0,-1.0,-0.12%,,13.33,,,,,,,ShowDailyK_ChartFlow,FinMind_API_TaiwanStockPrice_6669,True,2026-09-28T22:40:47,2026-09-28T22:40:47,2026-09-28T22:40:47
6669,緯穎,2022-10-05,824.0,20.0,2.49%,,13.66,,,,,,,ShowDailyK_ChartFlow,FinMind_API_TaiwanStockPrice_6669,True,2026-09-28T22:40:47,2026-09-28T22:40:47,2026-09-28T22:40:47
6669,緯穎,2022-10-06,823.0,-1.0,-0.12%,,13.64,,,,,,,ShowDailyK_ChartFlow,FinMind_API_TaiwanStockPrice_6669,True,2026-09-28T22:40:47,2026-09-28T22:40:47,2026-09-28T22:40:47
6669,緯穎,2022-10-07,811.0,-12.0,-1.46%,,13.44,,,,,,,ShowDailyK_ChartFlow,FinMind_API_TaiwanStockPrice_6669,True,2026-09-28T22:40:47,2026-09-28T22:40:47,2026-09-28T22:40:47
6669,緯穎,2022-10-11,792.0,-19.0,-2.34%,,13.13,,,,,,,ShowDailyK_ChartFlow,FinMind_API_TaiwanStockPrice_6669,True,2026-09-28T22:40:47,2026-09-28T22:40:47,2026-09-28T22:40:47
6669,緯穎,2022-10-12,790.0,-2.0,-0.25%,,13.09,,,,,,,ShowDailyK_ChartFlow,FinMind_API_TaiwanStockPrice_6669,True,2026-09-28T22:40:47,2026-09-28T22:40:47,2026-09-28T22:40:47
6669,緯穎,2022-10-13,779.0,-11.0,-1.39%,,12.91,,,,,,,ShowDailyK_ChartFlow,FinMind_API_TaiwanStockPrice_6669,True,2026-09-28T22:40:47,2026-09-28T22:40:47,2026-09-28T22:40:47
6669,緯穎,2022-10-14,747.0,-32.0,-4.11%,,12.38,,,,,,,ShowDailyK_ChartFlow,FinMind_API_TaiwanStockPrice_6669,True,2026-09-28T22:40:47,2026-09-28T22:40:47,2026-09-28T22:40:47
6669,緯穎,2022-10-17,685.0,-62.0,-8.30%,,11.35,,,,,,,ShowDailyK_ChartFlow,FinMind_API_TaiwanStockPrice_6669,True,2026-09-28T22:40:47,2026-09-28T22:40:47,2026-09-28T22:40:47
6669,緯穎,2022-10-18,678.0,-7.0,-1.02%,,11.24,,,,,,,ShowDailyK_ChartFlow,FinMind_API_TaiwanStockPrice_6669,True,2026-09-28T22:40:47,2026-09-28T22:40:47,2026-09-28T22:40:47
6669,緯穎,2022-10-19,672.0,-6.0,-0.88%,,11.14,,,,,,,ShowDailyK_ChartFlow,FinMind_API_TaiwanStockPrice_6669,True,2026-09-28T22:40:47,2026-09-28T22:40:47,2026-09-28T22:40:47
6669,緯穎,2022-10-20,649.0,-23.0,-3.42%,,10.76,,,,,,,ShowDailyK_ChartFlow,FinMind_API_TaiwanStockPrice_6669,True,2026-09-28T22:40:47,2026-09-28T22:40:47,2026-09-28T22:40:47
6669,緯穎,2022-10-21,617.0,-32.0,-4.93%,,10.23,,,,,,,ShowDailyK_ChartFlow,FinMind_API_TaiwanStockPrice_6669,True,2026-09-28T22:40:47,2026-09-28T22:40:47,2026-09-28T22:40:47
6669,緯穎,2022-10-24,640.0,23.0,3.73%,,10.61,,,,,,,ShowDailyK_ChartFlow,FinMind_API_TaiwanStockPrice_6669,True,2026-09-28T22:40:47,2026-09-28T22:40:47,2026-09-28T22:40:47
6669,緯穎,2022-10-25,638.0,-2.0,-0.31%,,10.58,,,,,,,ShowDailyK_ChartFlow,FinMind_API_TaiwanStockPrice_6669,True,2026-09-28T22:40:47,2026-09-28T22:40:47,2026-09-28T22:40:47
6669,緯穎,2022-10-26,627.0,-11.0,-1.72%,,10.39,,,,,,,ShowDailyK_ChartFlow,FinMind_API_TaiwanStockPrice_6669,True,2026-09-28T22:40:47,2026-09-28T22:40:47,2026-09-28T22:40:47
6669,緯穎,2022-10-27,689.0,62.0,9.89%,,11.42,,,,,,,ShowDailyK_ChartFlow,FinMind_API_TaiwanStockPrice_6669,True,2026-09-28T22:40:47,2026-09-28T22:40:47,2026-09-28T22:40:47
6669,緯穎,2022-10-28,734.0,45.0,6.53%,,12.17,,,,,,,ShowDailyK_ChartFlow,FinMind_API_TaiwanStockPrice_6669,True,2026-09-28T22:40:47,2026-09-28T22:40:47,2026-09-28T22:40:47
6669,緯穎,2022-10-31,724.0,-10.0,-1.36%,,12.0,,,,,,,ShowDailyK_ChartFlow,FinMind_API_TaiwanStockPrice_6669,True,2026-09-28T22:40:47,2026-09-28T22:40:47,2026-09-28T22:40:47
6669,緯穎,2022-11-01,735.0,11.0,1.52%,,12.18,,,,,,,ShowDailyK_ChartFlow,FinMind_API_TaiwanStockPrice_6669,True,2026-09-28T22:40:47,2026-09-28T22:40:47,2026-09-28T22:40:47
6669,緯穎,2022-11-02,785.0,50.0,6.80%,,10.69,,,,,,,ShowDailyK_ChartFlow,FinMind_API_TaiwanStockPrice_6669,True,2026-09-28T22:40:47,2026-09-28T22:40:47,2026-09-28T22:40:47
6669,緯穎,2022-11-03,828.0,43.0,5.48%,,11.28,,,,,,,ShowDailyK_ChartFlow,FinMind_API_TaiwanStockPrice_6669,True,2026-09-28T22:40:47,2026-09-28T22:40:47,2026-09-28T22:40:47
6669,緯穎,2022-11-04,856.0,28.0,3.38%,,11.66,,,,,,,ShowDailyK_ChartFlow,FinMind_API_TaiwanStockPrice_6669,True,2026-09-28T22:40:47,2026-09-28T22:40:47,2026-09-28T22:40:47
6669,緯穎,2022-11-07,841.0,-15.0,-1.75%,,11.45,,,,,,,ShowDailyK_ChartFlow,FinMind_API_TaiwanStockPrice_6669,True,2026-09-28T22:40:47,2026-09-28T22:40:47,2026-09-28T22:40:47
6669,緯穎,2022-11-08,840.0,-1.0,-0.12%,,11.44,,,,,,,ShowDailyK_ChartFlow,FinMind_API_TaiwanStockPrice_6669,True,2026-09-28T22:40:47,2026-09-28T22:40:47,2026-09-28T22:40:47
6669,緯穎,2022-11-09,875.0,35.0,4.17%,,11.92,,,,,,,ShowDailyK_ChartFlow,FinMind_API_TaiwanStockPrice_6669,True,2026-09-28T22:40:47,2026-09-28T22:40:47,2026-09-28T22:40:47
6669,緯穎,2022-11-10,824.0,-51.0,-5.83%,,11.22,,,,,,,ShowDailyK_ChartFlow,FinMind_API_TaiwanStockPrice_6669,True,2026-09-28T22:40:47,2026-09-28T22:40:47,2026-09-28T22:40:47
6669,緯穎,2022-11-11,822.0,-2.0,-0.24%,,11.19,,,,,,,ShowDailyK_ChartFlow,FinMind_API_TaiwanStockPrice_6669,True,2026-09-28T22:40:47,2026-09-28T22:40:47,2026-09-28T22:40:47
6669,緯穎,2022-11-14,850.0,28.0,3.41%,,11.58,,,,,,,ShowDailyK_ChartFlow,FinMind_API_TaiwanStockPrice_6669,True,2026-09-28T22:40:47,2026-09-28T22:40:47,2026-09-28T22:40:47
6669,緯穎,2022-11-15,841.0,-9.0,-1.06%,,11.45,,,,,,,ShowDailyK_ChartFlow,FinMind_API_TaiwanStockPrice_6669,True,2026-09-28T22:40:47,2026-09-28T22:40:47,2026-09-28T22:40:47
6669,緯穎,2022-11-16,858.0,17.0,2.02%,,11.68,,,,,,,ShowDailyK_ChartFlow,FinMind_API_TaiwanStockPrice_6669,True,2026-09-28T22:40:47,2026-09-28T22:40:47,2026-09-28T22:40:47
6669,緯穎,2022-11-17,868.0,10.0,1.17%,,11.82,,,,,,,ShowDailyK_ChartFlow,FinMind_API_TaiwanStockPrice_6669,True,2026-09-28T22:40:47,2026-09-28T22:40:47,2026-09-28T22:40:47
6669,緯穎,2022-11-18,852.0,-16.0,-1.84%,,11.6,,,,,,,ShowDailyK_ChartFlow,FinMind_API_TaiwanStockPrice_6669,True,2026-09-28T22:40:47,2026-09-28T22:40:47,2026-09-28T22:40:47
6669,緯穎,2022-11-21,858.0,6.0,0.70%,,11.68,,,,,,,ShowDailyK_ChartFlow,FinMind_API_TaiwanStockPrice_6669,True,2026-09-28T22:40:47,2026-09-28T22:40:47,2026-09-28T22:40:47
6669,緯穎,2022-11-22,869.0,11.0,1.28%,,11.83,,,,,,,ShowDailyK_ChartFlow,FinMind_API_TaiwanStockPrice_6669,True,2026-09-28T22:40:47,2026-09-28T22:40:47,2026-09-28T22:40:47
6669,緯穎,2022-11-23,858.0,-11.0,-1.27%,,11.68,,,,,,,ShowDailyK_ChartFlow,FinMind_API_TaiwanStockPrice_6669,True,2026-09-28T22:40:47,2026-09-28T22:40:47,2026-09-28T22:40:47
6669,緯穎,2022-11-24,865.0,7.0,0.82%,,11.78,,,,,,,ShowDailyK_ChartFlow,FinMind_API_TaiwanStockPrice_6669,True,2026-09-28T22:40:47,2026-09-28T22:40:47,2026-09-28T22:40:47
6669,緯穎,2022-11-25,855.0,-10.0,-1.16%,,11.64,,,,,,,ShowDailyK_ChartFlow,FinMind_API_TaiwanStockPrice_6669,True,2026-09-28T22:40:47,2026-09-28T22:40:47,2026-09-28T22:40:47
6669,緯穎,2022-11-28,860.0,5.0,0.58%,,11.71,,,,,,,ShowDailyK_ChartFlow,FinMind_API_TaiwanStockPrice_6669,True,2026-09-28T22:40:47,2026-09-28T22:40:47,2026-09-28T22:40:47
6669,緯穎,2022-11-29,868.0,8.0,0.93%,,11.82,,,,,,,ShowDailyK_ChartFlow,FinMind_API_TaiwanStockPrice_6669,True,2026-09-28T22:40:47,2026-09-28T22:40:47,2026-09-28T22:40:47
6669,緯穎,2022-11-30,880.0,12.0,1.38%,,11.98,,,,,,,ShowDailyK_ChartFlow,FinMind_API_TaiwanStockPrice_6669,True,2026-09-28T22:40:47,2026-09-28T22:40:47,2026-09-28T22:40:47
6669,緯穎,2022-12-01,887.0,7.0,0.80%,,12.08,,,,,,,ShowDailyK_ChartFlow,FinMind_API_TaiwanStockPrice_6669,True,2026-09-28T22:40:47,2026-09-28T22:40:47,2026-09-28T22:40:47
6669,緯穎,2022-12-02,918.0,31.0,3.49%,,12.5,,,,,,,ShowDailyK_ChartFlow,FinMind_API_TaiwanStockPrice_6669,True,2026-09-28T22:40:47,2026-09-28T22:40:47,2026-09-28T22:40:47
6669,緯穎,2022-12-05,905.0,-13.0,-1.42%,,12.32,,,,,,,ShowDailyK_ChartFlow,FinMind_API_TaiwanStockPrice_6669,True,2026-09-28T22:40:47,2026-09-28T22:40:47,2026-09-28T22:40:47
6669,緯穎,2022-12-06,891.0,-14.0,-1.55%,,12.13,,,,,,,ShowDailyK_ChartFlow,FinMind_API_TaiwanStockPrice_6669,True,2026-09-28T22:40:47,2026-09-28T22:40:47,2026-09-28T22:40:47
6669,緯穎,2022-12-07,899.0,8.0,0.90%,,12.24,,,,,,,ShowDailyK_ChartFlow,FinMind_API_TaiwanStockPrice_6669,True,2026-09-28T22:40:47,2026-09-28T22:40:47,2026-09-28T22:40:47
6669,緯穎,2022-12-08,902.0,3.0,0.33%,,12.28,,,,,,,ShowDailyK_ChartFlow,FinMind_API_TaiwanStockPrice_6669,True,2026-09-28T22:40:47,2026-09-28T22:40:47,2026-09-28T22:40:47
6669,緯穎,2022-12-09,906.0,4.0,0.44%,,12.34,,,,,,,ShowDailyK_ChartFlow,FinMind_API_TaiwanStockPrice_6669,True,2026-09-28T22:40:47,2026-09-28T22:40:47,2026-09-28T22:40:47
6669,緯穎,2022-12-12,911.0,5.0,0.55%,,12.41,,,,,,,ShowDailyK_ChartFlow,FinMind_API_TaiwanStockPrice_6669,True,2026-09-28T22:40:47,2026-09-28T22:40:47,2026-09-28T22:40:47
6669,緯穎,2022-12-13,909.0,-2.0,-0.22%,,12.38,,,,,,,ShowDailyK_ChartFlow,FinMind_API_TaiwanStockPrice_6669,True,2026-09-28T22:40:47,2026-09-28T22:40:47,2026-09-28T22:40:47
6669,緯穎,2022-12-14,939.0,30.0,3.30%,,12.79,,,,,,,ShowDailyK_ChartFlow,FinMind_API_TaiwanStockPrice_6669,True,2026-09-28T22:40:47,2026-09-28T22:40:47,2026-09-28T22:40:47
6669,緯穎,2022-12-15,936.0,-3.0,-0.32%,,12.75,,,,,,,ShowDailyK_ChartFlow,FinMind_API_TaiwanStockPrice_6669,True,2026-09-28T22:40:47,2026-09-28T22:40:47,2026-09-28T22:40:47
6669,緯穎,2022-12-16,919.0,-17.0,-1.82%,,12.52,,,,,,,ShowDailyK_ChartFlow,FinMind_API_TaiwanStockPrice_6669,True,2026-09-28T22:40:47,2026-09-28T22:40:47,2026-09-28T22:40:47
6669,緯穎,2022-12-19,853.0,-66.0,-7.18%,,11.62,,,,,,,ShowDailyK_ChartFlow,FinMind_API_TaiwanStockPrice_6669,True,2026-09-28T22:40:47,2026-09-28T22:40:47,2026-09-28T22:40:47
6669,緯穎,2022-12-20,843.0,-10.0,-1.17%,,11.48,,,,,,,ShowDailyK_ChartFlow,FinMind_API_TaiwanStockPrice_6669,True,2026-09-28T22:40:47,2026-09-28T22:40:47,2026-09-28T22:40:47
6669,緯穎,2022-12-21,857.0,14.0,1.66%,,11.67,,,,,,,ShowDailyK_ChartFlow,FinMind_API_TaiwanStockPrice_6669,True,2026-09-28T22:40:47,2026-09-28T22:40:47,2026-09-28T22:40:47
6669,緯穎,2022-12-22,830.0,-27.0,-3.15%,,11.3,,,,,,,ShowDailyK_ChartFlow,FinMind_API_TaiwanStockPrice_6669,True,2026-09-28T22:40:47,2026-09-28T22:40:47,2026-09-28T22:40:47
6669,緯穎,2022-12-23,819.0,-11.0,-1.33%,,11.15,,,,,,,ShowDailyK_ChartFlow,FinMind_API_TaiwanStockPrice_6669,True,2026-09-28T22:40:47,2026-09-28T22:40:47,2026-09-28T22:40:47
6669,緯穎,2022-12-26,812.0,-7.0,-0.85%,,11.06,,,,,,,ShowDailyK_ChartFlow,FinMind_API_TaiwanStockPrice_6669,True,2026-09-28T22:40:47,2026-09-28T22:40:47,2026-09-28T22:40:47
6669,緯穎,2022-12-27,815.0,3.0,0.37%,,11.1,,,,,,,ShowDailyK_ChartFlow,FinMind_API_TaiwanStockPrice_6669,True,2026-09-28T22:40:47,2026-09-28T22:40:47,2026-09-28T22:40:47
6669,緯穎,2022-12-28,802.0,-13.0,-1.60%,,10.92,,,,,,,ShowDailyK_ChartFlow,FinMind_API_TaiwanStockPrice_6669,True,2026-09-28T22:40:47,2026-09-28T22:40:47,2026-09-28T22:40:47
6669,緯穎,2022-12-29,801.0,-1.0,-0.12%,,10.91,,,,,,,ShowDailyK_ChartFlow,FinMind_API_TaiwanStockPrice_6669,True,2026-09-28T22:40:47,2026-09-28T22:40:47,2026-09-28T22:40:47
6669,緯穎,2022-12-30,797.0,-4.0,-0.50%,,10.85,,,,,,,ShowDailyK_ChartFlow,FinMind_API_TaiwanStockPrice_6669,True,2026-09-28T22:40:47,2026-09-28T22:40:47,2026-09-28T22:40:47
6669,緯穎,2023-01-03,810.0,13.0,1.63%,,11.03,,,,,,,ShowDailyK_ChartFlow,FinMind_API_TaiwanStockPrice_6669,True,2026-09-28T22:40:47,2026-09-28T22:40:47,2026-09-28T22:40:47
6669,緯穎,2023-01-04,801.0,-9.0,-1.11%,,10.91,,,,,,,ShowDailyK_ChartFlow,FinMind_API_TaiwanStockPrice_6669,True,2026-09-28T22:40:47,2026-09-28T22:40:47,2026-09-28T22:40:47
6669,緯穎,2023-01-05,723.0,-78.0,-9.74%,,9.85,,,,,,,ShowDailyK_ChartFlow,FinMind_API_TaiwanStockPrice_6669,True,2026-09-28T22:40:47,2026-09-28T22:40:47,2026-09-28T22:40:47
6669,緯穎,2023-01-06,742.0,19.0,2.63%,,10.1,,,,,,,ShowDailyK_ChartFlow,FinMind_API_TaiwanStockPrice_6669,True,2026-09-28T22:40:47,2026-09-28T22:40:47,2026-09-28T22:40:47
6669,緯穎,2023-01-09,767.0,25.0,3.37%,,10.45,,,,,,,ShowDailyK_ChartFlow,FinMind_API_TaiwanStockPrice_6669,True,2026-09-28T22:40:47,2026-09-28T22:40:47,2026-09-28T22:40:47
6669,緯穎,2023-01-10,776.0,9.0,1.17%,,10.57,,,,,,,ShowDailyK_ChartFlow,FinMind_API_TaiwanStockPrice_6669,True,2026-09-28T22:40:47,2026-09-28T22:40:47,2026-09-28T22:40:47
6669,緯穎,2023-01-11,752.0,-24.0,-3.09%,,10.24,,,,,,,ShowDailyK_ChartFlow,FinMind_API_TaiwanStockPrice_6669,True,2026-09-28T22:40:47,2026-09-28T22:40:47,2026-09-28T22:40:47
6669,緯穎,2023-01-12,770.0,18.0,2.39%,,10.49,,,,,,,ShowDailyK_ChartFlow,FinMind_API_TaiwanStockPrice_6669,True,2026-09-28T22:40:47,2026-09-28T22:40:47,2026-09-28T22:40:47
6669,緯穎,2023-01-13,774.0,4.0,0.52%,,10.54,,,,,,,ShowDailyK_ChartFlow,FinMind_API_TaiwanStockPrice_6669,True,2026-09-28T22:40:47,2026-09-28T22:40:47,2026-09-28T22:40:47
6669,緯穎,2023-01-16,787.0,13.0,1.68%,,10.72,,,,,,,ShowDailyK_ChartFlow,FinMind_API_TaiwanStockPrice_6669,True,2026-09-28T22:40:47,2026-09-28T22:40:47,2026-09-28T22:40:47
6669,緯穎,2023-01-17,785.0,-2.0,-0.25%,,10.69,,,,,,,ShowDailyK_ChartFlow,FinMind_API_TaiwanStockPrice_6669,True,2026-09-28T22:40:47,2026-09-28T22:40:47,2026-09-28T22:40:47
6669,緯穎,2023-01-30,772.0,-13.0,-1.66%,,10.51,,,,,,,ShowDailyK_ChartFlow,FinMind_API_TaiwanStockPrice_6669,True,2026-09-28T22:40:47,2026-09-28T22:40:47,2026-09-28T22:40:47
6669,緯穎,2023-01-31,750.0,-22.0,-2.85%,,10.21,,,,,,,ShowDailyK_ChartFlow,FinMind_API_TaiwanStockPrice_6669,True,2026-09-28T22:40:47,2026-09-28T22:40:47,2026-09-28T22:40:47
6669,緯穎,2023-02-01,767.0,17.0,2.27%,,10.45,,,,,,,ShowDailyK_ChartFlow,FinMind_API_TaiwanStockPrice_6669,True,2026-09-28T22:40:47,2026-09-28T22:40:47,2026-09-28T22:40:47
6669,緯穎,2023-02-02,823.0,56.0,7.30%,,11.21,,,,,,,ShowDailyK_ChartFlow,FinMind_API_TaiwanStockPrice_6669,True,2026-09-28T22:40:47,2026-09-28T22:40:47,2026-09-28T22:40:47
6669,緯穎,2023-02-03,841.0,18.0,2.19%,,11.45,,,,,,,ShowDailyK_ChartFlow,FinMind_API_TaiwanStockPrice_6669,True,2026-09-28T22:40:47,2026-09-28T22:40:47,2026-09-28T22:40:47
6669,緯穎,2023-02-06,855.0,14.0,1.66%,,11.64,,,,,,,ShowDailyK_ChartFlow,FinMind_API_TaiwanStockPrice_6669,True,2026-09-28T22:40:47,2026-09-28T22:40:47,2026-09-28T22:40:47
6669,緯穎,2023-02-07,843.0,-12.0,-1.40%,,11.48,,,,,,,ShowDailyK_ChartFlow,FinMind_API_TaiwanStockPrice_6669,True,2026-09-28T22:40:47,2026-09-28T22:40:47,2026-09-28T22:40:47
6669,緯穎,2023-02-08,850.0,7.0,0.83%,,11.58,,,,,,,ShowDailyK_ChartFlow,FinMind_API_TaiwanStockPrice_6669,True,2026-09-28T22:40:47,2026-09-28T22:40:47,2026-09-28T22:40:47
6669,緯穎,2023-02-09,858.0,8.0,0.94%,,11.68,,,,,,,ShowDailyK_ChartFlow,FinMind_API_TaiwanStockPrice_6669,True,2026-09-28T22:40:47,2026-09-28T22:40:47,2026-09-28T22:40:47
6669,緯穎,2023-02-10,841.0,-17.0,-1.98%,,11.45,,,,,,,ShowDailyK_ChartFlow,FinMind_API_TaiwanStockPrice_6669,True,2026-09-28T22:40:47,2026-09-28T22:40:47,2026-09-28T22:40:47
6669,緯穎,2023-02-13,814.0,-27.0,-3.21%,,11.09,,,,,,,ShowDailyK_ChartFlow,FinMind_API_TaiwanStockPrice_6669,True,2026-09-28T22:40:47,2026-09-28T22:40:47,2026-09-28T22:40:47
6669,緯穎,2023-02-14,827.0,13.0,1.60%,,11.26,,,,,,,ShowDailyK_ChartFlow,FinMind_API_TaiwanStockPrice_6669,True,2026-09-28T22:40:47,2026-09-28T22:40:47,2026-09-28T22:40:47
6669,緯穎,2023-02-15,822.0,-5.0,-0.60%,,11.19,,,,,,,ShowDailyK_ChartFlow,FinMind_API_TaiwanStockPrice_6669,True,2026-09-28T22:40:47,2026-09-28T22:40:47,2026-09-28T22:40:47
6669,緯穎,2023-02-16,838.0,16.0,1.95%,,11.41,,,,,,,ShowDailyK_ChartFlow,FinMind_API_TaiwanStockPrice_6669,True,2026-09-28T22:40:47,2026-09-28T22:40:47,2026-09-28T22:40:47
6669,緯穎,2023-02-17,836.0,-2.0,-0.24%,,11.38,,,,,,,ShowDailyK_ChartFlow,FinMind_API_TaiwanStockPrice_6669,True,2026-09-28T22:40:47,2026-09-28T22:40:47,2026-09-28T22:40:47
6669,緯穎,2023-02-20,831.0,-5.0,-0.60%,,11.32,,,,,,,ShowDailyK_ChartFlow,FinMind_API_TaiwanStockPrice_6669,True,2026-09-28T22:40:47,2026-09-28T22:40:47,2026-09-28T22:40:47
6669,緯穎,2023-02-21,859.0,28.0,3.37%,,11.7,,,,,,,ShowDailyK_ChartFlow,FinMind_API_TaiwanStockPrice_6669,True,2026-09-28T22:40:47,2026-09-28T22:40:47,2026-09-28T22:40:47
6669,緯穎,2023-02-22,826.0,-33.0,-3.84%,,11.25,,,,,,,ShowDailyK_ChartFlow,FinMind_API_TaiwanStockPrice_6669,True,2026-09-28T22:40:47,2026-09-28T22:40:47,2026-09-28T22:40:47
6669,緯穎,2023-02-23,908.0,82.0,9.93%,,11.2,,,,,,,ShowDailyK_ChartFlow,FinMind_API_TaiwanStockPrice_6669,True,2026-09-28T22:40:47,2026-09-28T22:40:47,2026-09-28T22:40:47
6669,緯穎,2023-02-24,969.0,61.0,6.72%,,11.95,,,,,,,ShowDailyK_ChartFlow,FinMind_API_TaiwanStockPrice_6669,True,2026-09-28T22:40:47,2026-09-28T22:40:47,2026-09-28T22:40:47
6669,緯穎,2023-03-01,940.0,-29.0,-2.99%,,11.59,,,,,,,ShowDailyK_ChartFlow,FinMind_API_TaiwanStockPrice_6669,True,2026-09-28T22:40:47,2026-09-28T22:40:47,2026-09-28T22:40:47
6669,緯穎,2023-03-02,935.0,-5.0,-0.53%,,11.53,,,,,,,ShowDailyK_ChartFlow,FinMind_API_TaiwanStockPrice_6669,True,2026-09-28T22:40:47,2026-09-28T22:40:47,2026-09-28T22:40:47
6669,緯穎,2023-03-03,917.0,-18.0,-1.93%,,11.31,,,,,,,ShowDailyK_ChartFlow,FinMind_API_TaiwanStockPrice_6669,True,2026-09-28T22:40:47,2026-09-28T22:40:47,2026-09-28T22:40:47
6669,緯穎,2023-03-06,942.0,25.0,2.73%,,11.62,,,,,,,ShowDailyK_ChartFlow,FinMind_API_TaiwanStockPrice_6669,True,2026-09-28T22:40:47,2026-09-28T22:40:47,2026-09-28T22:40:47
6669,緯穎,2023-03-07,935.0,-7.0,-0.74%,,11.53,,,,,,,ShowDailyK_ChartFlow,FinMind_API_TaiwanStockPrice_6669,True,2026-09-28T22:40:47,2026-09-28T22:40:47,2026-09-28T22:40:47
6669,緯穎,2023-03-08,947.0,12.0,1.28%,,11.68,,,,,,,ShowDailyK_ChartFlow,FinMind_API_TaiwanStockPrice_6669,True,2026-09-28T22:40:47,2026-09-28T22:40:47,2026-09-28T22:40:47
6669,緯穎,2023-03-09,950.0,3.0,0.32%,,11.72,,,,,,,ShowDailyK_ChartFlow,FinMind_API_TaiwanStockPrice_6669,True,2026-09-28T22:40:47,2026-09-28T22:40:47,2026-09-28T22:40:47
6669,緯穎,2023-03-10,935.0,-15.0,-1.58%,,11.53,,,,,,,ShowDailyK_ChartFlow,FinMind_API_TaiwanStockPrice_6669,True,2026-09-28T22:40:47,2026-09-28T22:40:47,2026-09-28T22:40:47
6669,緯穎,2023-03-13,915.0,-20.0,-2.14%,,11.29,,,,,,,ShowDailyK_ChartFlow,FinMind_API_TaiwanStockPrice_6669,True,2026-09-28T22:40:47,2026-09-28T22:40:47,2026-09-28T22:40:47
6669,緯穎,2023-03-14,914.0,-1.0,-0.11%,,11.27,,,,,,,ShowDailyK_ChartFlow,FinMind_API_TaiwanStockPrice_6669,True,2026-09-28T22:40:47,2026-09-28T22:40:47,2026-09-28T22:40:47
6669,緯穎,2023-03-15,912.0,-2.0,-0.22%,,11.25,,,,,,,ShowDailyK_ChartFlow,FinMind_API_TaiwanStockPrice_6669,True,2026-09-28T22:40:47,2026-09-28T22:40:47,2026-09-28T22:40:47
6669,緯穎,2023-03-16,916.0,4.0,0.44%,,11.3,,,,,,,ShowDailyK_ChartFlow,FinMind_API_TaiwanStockPrice_6669,True,2026-09-28T22:40:47,2026-09-28T22:40:47,2026-09-28T22:40:47
6669,緯穎,2023-03-17,948.0,32.0,3.49%,,11.69,,,,,,,ShowDailyK_ChartFlow,FinMind_API_TaiwanStockPrice_6669,True,2026-09-28T22:40:47,2026-09-28T22:40:47,2026-09-28T22:40:47
6669,緯穎,2023-03-20,963.0,15.0,1.58%,,11.88,,,,,,,ShowDailyK_ChartFlow,FinMind_API_TaiwanStockPrice_6669,True,2026-09-28T22:40:47,2026-09-28T22:40:47,2026-09-28T22:40:47
6669,緯穎,2023-03-21,990.0,27.0,2.80%,,12.21,,,,,,,ShowDailyK_ChartFlow,FinMind_API_TaiwanStockPrice_6669,True,2026-09-28T22:40:47,2026-09-28T22:40:47,2026-09-28T22:40:47
6669,緯穎,2023-03-22,1085.0,95.0,9.60%,,13.38,,,,,,,ShowDailyK_ChartFlow,FinMind_API_TaiwanStockPrice_6669,True,2026-09-28T22:40:47,2026-09-28T22:40:47,2026-09-28T22:40:47
6669,緯穎,2023-03-23,1075.0,-10.0,-0.92%,,13.26,,,,,,,ShowDailyK_ChartFlow,FinMind_API_TaiwanStockPrice_6669,True,2026-09-28T22:40:47,2026-09-28T22:40:47,2026-09-28T22:40:47
6669,緯穎,2023-03-24,1105.0,30.0,2.79%,,13.63,,,,,,,ShowDailyK_ChartFlow,FinMind_API_TaiwanStockPrice_6669,True,2026-09-28T22:40:47,2026-09-28T22:40:47,2026-09-28T22:40:47
6669,緯穎,2023-03-27,1100.0,-5.0,-0.45%,,13.57,,,,,,,ShowDailyK_ChartFlow,FinMind_API_TaiwanStockPrice_6669,True,2026-09-28T22:40:47,2026-09-28T22:40:47,2026-09-28T22:40:47
6669,緯穎,2023-03-28,1090.0,-10.0,-0.91%,,13.45,,,,,,,ShowDailyK_ChartFlow,FinMind_API_TaiwanStockPrice_6669,True,2026-09-28T22:40:47,2026-09-28T22:40:47,2026-09-28T22:40:47
6669,緯穎,2023-03-29,1085.0,-5.0,-0.46%,,13.38,,,,,,,ShowDailyK_ChartFlow,FinMind_API_TaiwanStockPrice_6669,True,2026-09-28T22:40:47,2026-09-28T22:40:47,2026-09-28T22:40:47
6669,緯穎,2023-03-30,1130.0,45.0,4.15%,,13.94,,,,,,,ShowDailyK_ChartFlow,FinMind_API_TaiwanStockPrice_6669,True,2026-09-28T22:40:47,2026-09-28T22:40:47,2026-09-28T22:40:47
6669,緯穎,2023-03-31,1125.0,-5.0,-0.44%,,13.88,,,,,,,ShowDailyK_ChartFlow,FinMind_API_TaiwanStockPrice_6669,True,2026-09-28T22:40:47,2026-09-28T22:40:47,2026-09-28T22:40:47
6669,緯穎,2023-04-06,1125.0,0.0,0.00%,,13.88,,,,,,,ShowDailyK_ChartFlow,FinMind_API_TaiwanStockPrice_6669,True,2026-09-28T22:40:47,2026-09-28T22:40:47,2026-09-28T22:40:47
6669,緯穎,2023-04-07,1130.0,5.0,0.44%,,13.94,,,,,,,ShowDailyK_ChartFlow,FinMind_API_TaiwanStockPrice_6669,True,2026-09-28T22:40:47,2026-09-28T22:40:47,2026-09-28T22:40:47
6669,緯穎,2023-04-10,1240.0,110.0,9.73%,,15.3,,,,,,,ShowDailyK_ChartFlow,FinMind_API_TaiwanStockPrice_6669,True,2026-09-28T22:40:47,2026-09-28T22:40:47,2026-09-28T22:40:47
6669,緯穎,2023-04-11,1235.0,-5.0,-0.40%,,15.23,,,,,,,ShowDailyK_ChartFlow,FinMind_API_TaiwanStockPrice_6669,True,2026-09-28T22:40:47,2026-09-28T22:40:47,2026-09-28T22:40:47
6669,緯穎,2023-04-12,1235.0,0.0,0.00%,,15.23,,,,,,,ShowDailyK_ChartFlow,FinMind_API_TaiwanStockPrice_6669,True,2026-09-28T22:40:47,2026-09-28T22:40:47,2026-09-28T22:40:47
6669,緯穎,2023-04-13,1175.0,-60.0,-4.86%,,14.49,,,,,,,ShowDailyK_ChartFlow,FinMind_API_TaiwanStockPrice_6669,True,2026-09-28T22:40:47,2026-09-28T22:40:47,2026-09-28T22:40:47
6669,緯穎,2023-04-14,1180.0,5.0,0.43%,,14.56,,,,,,,ShowDailyK_ChartFlow,FinMind_API_TaiwanStockPrice_6669,True,2026-09-28T22:40:47,2026-09-28T22:40:47,2026-09-28T22:40:47
6669,緯穎,2023-04-17,1175.0,-5.0,-0.42%,,14.49,,,,,,,ShowDailyK_ChartFlow,FinMind_API_TaiwanStockPrice_6669,True,2026-09-28T22:40:47,2026-09-28T22:40:47,2026-09-28T22:40:47
6669,緯穎,2023-04-18,1160.0,-15.0,-1.28%,,14.31,,,,,,,ShowDailyK_ChartFlow,FinMind_API_TaiwanStockPrice_6669,True,2026-09-28T22:40:47,2026-09-28T22:40:47,2026-09-28T22:40:47
6669,緯穎,2023-04-19,1155.0,-5.0,-0.43%,,14.25,,,,,,,ShowDailyK_ChartFlow,FinMind_API_TaiwanStockPrice_6669,True,2026-09-28T22:40:47,2026-09-28T22:40:47,2026-09-28T22:40:47
6669,緯穎,2023-04-20,1130.0,-25.0,-2.16%,,13.94,,,,,,,ShowDailyK_ChartFlow,FinMind_API_TaiwanStockPrice_6669,True,2026-09-28T22:40:47,2026-09-28T22:40:47,2026-09-28T22:40:47
6669,緯穎,2023-04-21,1095.0,-35.0,-3.10%,,13.51,,,,,,,ShowDailyK_ChartFlow,FinMind_API_TaiwanStockPrice_6669,True,2026-09-28T22:40:47,2026-09-28T22:40:47,2026-09-28T22:40:47
6669,緯穎,2023-04-24,1135.0,40.0,3.65%,,14.0,,,,,,,ShowDailyK_ChartFlow,FinMind_API_TaiwanStockPrice_6669,True,2026-09-28T22:40:47,2026-09-28T22:40:47,2026-09-28T22:40:47
6669,緯穎,2023-04-25,1085.0,-50.0,-4.41%,,13.38,,,,,,,ShowDailyK_ChartFlow,FinMind_API_TaiwanStockPrice_6669,True,2026-09-28T22:40:47,2026-09-28T22:40:47,2026-09-28T22:40:47
6669,緯穎,2023-04-26,1135.0,50.0,4.61%,,14.0,,,,,,,ShowDailyK_ChartFlow,FinMind_API_TaiwanStockPrice_6669,True,2026-09-28T22:40:47,2026-09-28T22:40:47,2026-09-28T22:40:47
6669,緯穎,2023-04-27,1165.0,30.0,2.64%,,14.37,,,,,,,ShowDailyK_ChartFlow,FinMind_API_TaiwanStockPrice_6669,True,2026-09-28T22:40:47,2026-09-28T22:40:47,2026-09-28T22:40:47
6669,緯穎,2023-04-28,1165.0,0.0,0.00%,,14.37,,,,,,,ShowDailyK_ChartFlow,FinMind_API_TaiwanStockPrice_6669,True,2026-09-28T22:40:47,2026-09-28T22:40:47,2026-09-28T22:40:47
6669,緯穎,2023-05-02,1210.0,45.0,3.86%,,14.93,,,,,,,ShowDailyK_ChartFlow,FinMind_API_TaiwanStockPrice_6669,True,2026-09-28T22:40:47,2026-09-28T22:40:47,2026-09-28T22:40:47
6669,緯穎,2023-05-03,1180.0,-30.0,-2.48%,,14.56,,,,,,,ShowDailyK_ChartFlow,FinMind_API_TaiwanStockPrice_6669,True,2026-09-28T22:40:47,2026-09-28T22:40:47,2026-09-28T22:40:47
6669,緯穎,2023-05-04,1175.0,-5.0,-0.42%,,14.49,,,,,,,ShowDailyK_ChartFlow,FinMind_API_TaiwanStockPrice_6669,True,2026-09-28T22:40:47,2026-09-28T22:40:47,2026-09-28T22:40:47
6669,緯穎,2023-05-05,1130.0,-45.0,-3.83%,,13.94,,,,,,,ShowDailyK_ChartFlow,FinMind_API_TaiwanStockPrice_6669,True,2026-09-28T22:40:47,2026-09-28T22:40:47,2026-09-28T22:40:47
6669,緯穎,2023-05-08,1125.0,-5.0,-0.44%,,13.88,,,,,,,ShowDailyK_ChartFlow,FinMind_API_TaiwanStockPrice_6669,True,2026-09-28T22:40:47,2026-09-28T22:40:47,2026-09-28T22:40:47
6669,緯穎,2023-05-09,1115.0,-10.0,-0.89%,,12.89,,,,,,,ShowDailyK_ChartFlow,FinMind_API_TaiwanStockPrice_6669,True,2026-09-28T22:40:47,2026-09-28T22:40:47,2026-09-28T22:40:47
6669,緯穎,2023-05-10,1005.0,-110.0,-9.87%,,11.62,,,,,,,ShowDailyK_ChartFlow,FinMind_API_TaiwanStockPrice_6669,True,2026-09-28T22:40:47,2026-09-28T22:40:47,2026-09-28T22:40:47
6669,緯穎,2023-05-11,1020.0,15.0,1.49%,,11.79,,,,,,,ShowDailyK_ChartFlow,FinMind_API_TaiwanStockPrice_6669,True,2026-09-28T22:40:47,2026-09-28T22:40:47,2026-09-28T22:40:47
6669,緯穎,2023-05-12,1035.0,15.0,1.47%,,11.96,,,,,,,ShowDailyK_ChartFlow,FinMind_API_TaiwanStockPrice_6669,True,2026-09-28T22:40:47,2026-09-28T22:40:47,2026-09-28T22:40:47
6669,緯穎,2023-05-15,1015.0,-20.0,-1.93%,,11.73,,,,,,,ShowDailyK_ChartFlow,FinMind_API_TaiwanStockPrice_6669,True,2026-09-28T22:40:47,2026-09-28T22:40:47,2026-09-28T22:40:47
6669,緯穎,2023-05-16,1045.0,30.0,2.96%,,12.08,,,,,,,ShowDailyK_ChartFlow,FinMind_API_TaiwanStockPrice_6669,True,2026-09-28T22:40:47,2026-09-28T22:40:47,2026-09-28T22:40:47
6669,緯穎,2023-05-17,1065.0,20.0,1.91%,,12.31,,,,,,,ShowDailyK_ChartFlow,FinMind_API_TaiwanStockPrice_6669,True,2026-09-28T22:40:47,2026-09-28T22:40:47,2026-09-28T22:40:47
6669,緯穎,2023-05-18,1065.0,0.0,0.00%,,12.31,,,,,,,ShowDailyK_ChartFlow,FinMind_API_TaiwanStockPrice_6669,True,2026-09-28T22:40:47,2026-09-28T22:40:47,2026-09-28T22:40:47
6669,緯穎,2023-05-19,1080.0,15.0,1.41%,,12.48,,,,,,,ShowDailyK_ChartFlow,FinMind_API_TaiwanStockPrice_6669,True,2026-09-28T22:40:47,2026-09-28T22:40:47,2026-09-28T22:40:47
6669,緯穎,2023-05-22,1060.0,-20.0,-1.85%,,12.25,,,,,,,ShowDailyK_ChartFlow,FinMind_API_TaiwanStockPrice_6669,True,2026-09-28T22:40:47,2026-09-28T22:40:47,2026-09-28T22:40:47
6669,緯穎,2023-05-23,1125.0,65.0,6.13%,,13.0,,,,,,,ShowDailyK_ChartFlow,FinMind_API_TaiwanStockPrice_6669,True,2026-09-28T22:40:47,2026-09-28T22:40:47,2026-09-28T22:40:47
6669,緯穎,2023-05-24,1100.0,-25.0,-2.22%,,12.71,,,,,,,ShowDailyK_ChartFlow,FinMind_API_TaiwanStockPrice_6669,True,2026-09-28T22:40:47,2026-09-28T22:40:47,2026-09-28T22:40:47
6669,緯穎,2023-05-25,1145.0,45.0,4.09%,,13.23,,,,,,,ShowDailyK_ChartFlow,FinMind_API_TaiwanStockPrice_6669,True,2026-09-28T22:40:47,2026-09-28T22:40:47,2026-09-28T22:40:47
6669,緯穎,2023-05-26,1170.0,25.0,2.18%,,13.52,,,,,,,ShowDailyK_ChartFlow,FinMind_API_TaiwanStockPrice_6669,True,2026-09-28T22:40:47,2026-09-28T22:40:47,2026-09-28T22:40:47
6669,緯穎,2023-05-29,1205.0,35.0,2.99%,,13.93,,,,,,,ShowDailyK_ChartFlow,FinMind_API_TaiwanStockPrice_6669,True,2026-09-28T22:40:47,2026-09-28T22:40:47,2026-09-28T22:40:47
6669,緯穎,2023-05-30,1195.0,-10.0,-0.83%,,13.81,,,,,,,ShowDailyK_ChartFlow,FinMind_API_TaiwanStockPrice_6669,True,2026-09-28T22:40:47,2026-09-28T22:40:47,2026-09-28T22:40:47
6669,緯穎,2023-05-31,1160.0,-35.0,-2.93%,,13.41,,,,,,,ShowDailyK_ChartFlow,FinMind_API_TaiwanStockPrice_6669,True,2026-09-28T22:40:47,2026-09-28T22:40:47,2026-09-28T22:40:47
6669,緯穎,2023-06-01,1165.0,5.0,0.43%,,13.47,,,,,,,ShowDailyK_ChartFlow,FinMind_API_TaiwanStockPrice_6669,True,2026-09-28T22:40:47,2026-09-28T22:40:47,2026-09-28T22:40:47
6669,緯穎,2023-06-02,1205.0,40.0,3.43%,,13.93,,,,,,,ShowDailyK_ChartFlow,FinMind_API_TaiwanStockPrice_6669,True,2026-09-28T22:40:47,2026-09-28T22:40:47,2026-09-28T22:40:47
6669,緯穎,2023-06-05,1200.0,-5.0,-0.41%,,13.87,,,,,,,ShowDailyK_ChartFlow,FinMind_API_TaiwanStockPrice_6669,True,2026-09-28T22:40:47,2026-09-28T22:40:47,2026-09-28T22:40:47
6669,緯穎,2023-06-06,1205.0,5.0,0.42%,,13.93,,,,,,,ShowDailyK_ChartFlow,FinMind_API_TaiwanStockPrice_6669,True,2026-09-28T22:40:47,2026-09-28T22:40:47,2026-09-28T22:40:47
6669,緯穎,2023-06-07,1200.0,-5.0,-0.41%,,13.87,,,,,,,ShowDailyK_ChartFlow,FinMind_API_TaiwanStockPrice_6669,True,2026-09-28T22:40:47,2026-09-28T22:40:47,2026-09-28T22:40:47
6669,緯穎,2023-06-08,1140.0,-60.0,-5.00%,,13.18,,,,,,,ShowDailyK_ChartFlow,FinMind_API_TaiwanStockPrice_6669,True,2026-09-28T22:40:47,2026-09-28T22:40:47,2026-09-28T22:40:47
6669,緯穎,2023-06-09,1160.0,20.0,1.75%,,13.41,,,,,,,ShowDailyK_ChartFlow,FinMind_API_TaiwanStockPrice_6669,True,2026-09-28T22:40:47,2026-09-28T22:40:47,2026-09-28T22:40:47
6669,緯穎,2023-06-12,1140.0,-20.0,-1.72%,,13.18,,,,,,,ShowDailyK_ChartFlow,FinMind_API_TaiwanStockPrice_6669,True,2026-09-28T22:40:47,2026-09-28T22:40:47,2026-09-28T22:40:47
6669,緯穎,2023-06-13,1170.0,30.0,2.63%,,13.52,,,,,,,ShowDailyK_ChartFlow,FinMind_API_TaiwanStockPrice_6669,True,2026-09-28T22:40:47,2026-09-28T22:40:47,2026-09-28T22:40:47
6669,緯穎,2023-06-14,1175.0,5.0,0.43%,,13.58,,,,,,,ShowDailyK_ChartFlow,FinMind_API_TaiwanStockPrice_6669,True,2026-09-28T22:40:47,2026-09-28T22:40:47,2026-09-28T22:40:47
6669,緯穎,2023-06-15,1200.0,25.0,2.13%,,13.87,,,,,,,ShowDailyK_ChartFlow,FinMind_API_TaiwanStockPrice_6669,True,2026-09-28T22:40:47,2026-09-28T22:40:47,2026-09-28T22:40:47
6669,緯穎,2023-06-16,1190.0,-10.0,-0.83%,,13.75,,,,,,,ShowDailyK_ChartFlow,FinMind_API_TaiwanStockPrice_6669,True,2026-09-28T22:40:47,2026-09-28T22:40:47,2026-09-28T22:40:47
6669,緯穎,2023-06-19,1215.0,25.0,2.10%,,14.04,,,,,,,ShowDailyK_ChartFlow,FinMind_API_TaiwanStockPrice_6669,True,2026-09-28T22:40:47,2026-09-28T22:40:47,2026-09-28T22:40:47
6669,緯穎,2023-06-20,1200.0,-15.0,-1.23%,,13.87,,,,,,,ShowDailyK_ChartFlow,FinMind_API_TaiwanStockPrice_6669,True,2026-09-28T22:40:47,2026-09-28T22:40:47,2026-09-28T22:40:47
6669,緯穎,2023-06-21,1215.0,15.0,1.25%,,14.04,,,,,,,ShowDailyK_ChartFlow,FinMind_API_TaiwanStockPrice_6669,True,2026-09-28T22:40:47,2026-09-28T22:40:47,2026-09-28T22:40:47
6669,緯穎,2023-06-26,1225.0,10.0,0.82%,,14.16,,,,,,,ShowDailyK_ChartFlow,FinMind_API_TaiwanStockPrice_6669,True,2026-09-28T22:40:47,2026-09-28T22:40:47,2026-09-28T22:40:47
6669,緯穎,2023-06-27,1145.0,-80.0,-6.53%,,13.23,,,,,,,ShowDailyK_ChartFlow,FinMind_API_TaiwanStockPrice_6669,True,2026-09-28T22:40:47,2026-09-28T22:40:47,2026-09-28T22:40:47
6669,緯穎,2023-06-28,1180.0,35.0,3.06%,,13.64,,,,,,,ShowDailyK_ChartFlow,FinMind_API_TaiwanStockPrice_6669,True,2026-09-28T22:40:47,2026-09-28T22:40:47,2026-09-28T22:40:47
6669,緯穎,2023-06-29,1295.0,115.0,9.75%,,14.97,,,,,,,ShowDailyK_ChartFlow,FinMind_API_TaiwanStockPrice_6669,True,2026-09-28T22:40:47,2026-09-28T22:40:47,2026-09-28T22:40:47
6669,緯穎,2023-06-30,1420.0,125.0,9.65%,,16.41,,,,,,,ShowDailyK_ChartFlow,FinMind_API_TaiwanStockPrice_6669,True,2026-09-28T22:40:47,2026-09-28T22:40:47,2026-09-28T22:40:47
6669,緯穎,2023-07-03,1495.0,75.0,5.28%,,17.28,,,,,,,ShowDailyK_ChartFlow,FinMind_API_TaiwanStockPrice_6669,True,2026-09-28T22:40:47,2026-09-28T22:40:47,2026-09-28T22:40:47
6669,緯穎,2023-07-04,1515.0,20.0,1.34%,,17.51,,,,,,,ShowDailyK_ChartFlow,FinMind_API_TaiwanStockPrice_6669,True,2026-09-28T22:40:47,2026-09-28T22:40:47,2026-09-28T22:40:47
6669,緯穎,2023-07-05,1495.0,-20.0,-1.32%,,17.28,,,,,,,ShowDailyK_ChartFlow,FinMind_API_TaiwanStockPrice_6669,True,2026-09-28T22:40:47,2026-09-28T22:40:47,2026-09-28T22:40:47
6669,緯穎,2023-07-06,1440.0,-55.0,-3.68%,,16.64,,,,,,,ShowDailyK_ChartFlow,FinMind_API_TaiwanStockPrice_6669,True,2026-09-28T22:40:47,2026-09-28T22:40:47,2026-09-28T22:40:47
6669,緯穎,2023-07-07,1505.0,65.0,4.51%,,17.39,,,,,,,ShowDailyK_ChartFlow,FinMind_API_TaiwanStockPrice_6669,True,2026-09-28T22:40:47,2026-09-28T22:40:47,2026-09-28T22:40:47
6669,緯穎,2023-07-10,1545.0,40.0,2.66%,,17.86,,,,,,,ShowDailyK_ChartFlow,FinMind_API_TaiwanStockPrice_6669,True,2026-09-28T22:40:47,2026-09-28T22:40:47,2026-09-28T22:40:47
6669,緯穎,2023-07-11,1650.0,105.0,6.80%,,19.07,,,,,,,ShowDailyK_ChartFlow,FinMind_API_TaiwanStockPrice_6669,True,2026-09-28T22:40:47,2026-09-28T22:40:47,2026-09-28T22:40:47
6669,緯穎,2023-07-12,1735.0,85.0,5.15%,,20.05,,,,,,,ShowDailyK_ChartFlow,FinMind_API_TaiwanStockPrice_6669,True,2026-09-28T22:40:47,2026-09-28T22:40:47,2026-09-28T22:40:47
6669,緯穎,2023-07-13,1870.0,135.0,7.78%,,21.61,,,,,,,ShowDailyK_ChartFlow,FinMind_API_TaiwanStockPrice_6669,True,2026-09-28T22:40:47,2026-09-28T22:40:47,2026-09-28T22:40:47
6669,緯穎,2023-07-14,1945.0,75.0,4.01%,,22.48,,,,,,,ShowDailyK_ChartFlow,FinMind_API_TaiwanStockPrice_6669,True,2026-09-28T22:40:47,2026-09-28T22:40:47,2026-09-28T22:40:47
6669,緯穎,2023-07-17,1870.0,-75.0,-3.86%,,21.61,,,,,,,ShowDailyK_ChartFlow,FinMind_API_TaiwanStockPrice_6669,True,2026-09-28T22:40:47,2026-09-28T22:40:47,2026-09-28T22:40:47
6669,緯穎,2023-07-18,1845.0,-25.0,-1.34%,,21.32,,,,,,,ShowDailyK_ChartFlow,FinMind_API_TaiwanStockPrice_6669,True,2026-09-28T22:40:47,2026-09-28T22:40:47,2026-09-28T22:40:47
6669,緯穎,2023-07-19,1800.0,-45.0,-2.44%,,20.8,,,,,,,ShowDailyK_ChartFlow,FinMind_API_TaiwanStockPrice_6669,True,2026-09-28T22:40:47,2026-09-28T22:40:47,2026-09-28T22:40:47
6669,緯穎,2023-07-20,1900.0,100.0,5.56%,,21.96,,,,,,,ShowDailyK_ChartFlow,FinMind_API_TaiwanStockPrice_6669,True,2026-09-28T22:40:47,2026-09-28T22:40:47,2026-09-28T22:40:47
6669,緯穎,2023-07-21,2075.0,175.0,9.21%,,23.98,,,,,,,ShowDailyK_ChartFlow,FinMind_API_TaiwanStockPrice_6669,True,2026-09-28T22:40:47,2026-09-28T22:40:47,2026-09-28T22:40:47
6669,緯穎,2023-07-24,2115.0,40.0,1.93%,,24.45,,,,,,,ShowDailyK_ChartFlow,FinMind_API_TaiwanStockPrice_6669,True,2026-09-28T22:40:47,2026-09-28T22:40:47,2026-09-28T22:40:47
6669,緯穎,2023-07-25,2045.0,-70.0,-3.31%,,23.64,,,,,,,ShowDailyK_ChartFlow,FinMind_API_TaiwanStockPrice_6669,True,2026-09-28T22:40:47,2026-09-28T22:40:47,2026-09-28T22:40:47
6669,緯穎,2023-07-26,2030.0,-15.0,-0.73%,,23.46,,,,,,,ShowDailyK_ChartFlow,FinMind_API_TaiwanStockPrice_6669,True,2026-09-28T22:40:47,2026-09-28T22:40:47,2026-09-28T22:40:47
6669,緯穎,2023-07-27,1955.0,-75.0,-3.69%,,22.6,,,,,,,ShowDailyK_ChartFlow,FinMind_API_TaiwanStockPrice_6669,True,2026-09-28T22:40:47,2026-09-28T22:40:47,2026-09-28T22:40:47
6669,緯穎,2023-07-28,1895.0,-60.0,-3.07%,,21.9,,,,,,,ShowDailyK_ChartFlow,FinMind_API_TaiwanStockPrice_6669,True,2026-09-28T22:40:47,2026-09-28T22:40:47,2026-09-28T22:40:47
6669,緯穎,2023-07-31,1780.0,-115.0,-6.07%,,20.57,,,,,,,ShowDailyK_ChartFlow,FinMind_API_TaiwanStockPrice_6669,True,2026-09-28T22:40:47,2026-09-28T22:40:47,2026-09-28T22:40:47
6669,緯穎,2023-08-01,1725.0,-55.0,-3.09%,,19.94,,,,,,,ShowDailyK_ChartFlow,FinMind_API_TaiwanStockPrice_6669,True,2026-09-28T22:40:47,2026-09-28T22:40:47,2026-09-28T22:40:47
6669,緯穎,2023-08-02,1555.0,-170.0,-9.86%,,17.97,,,,,,,ShowDailyK_ChartFlow,FinMind_API_TaiwanStockPrice_6669,True,2026-09-28T22:40:47,2026-09-28T22:40:47,2026-09-28T22:40:47
6669,緯穎,2023-08-04,1555.0,0.0,0.00%,,17.97,,,,,,,ShowDailyK_ChartFlow,FinMind_API_TaiwanStockPrice_6669,True,2026-09-28T22:40:47,2026-09-28T22:40:47,2026-09-28T22:40:47
6669,緯穎,2023-08-07,1665.0,110.0,7.07%,,19.24,,,,,,,ShowDailyK_ChartFlow,FinMind_API_TaiwanStockPrice_6669,True,2026-09-28T22:40:47,2026-09-28T22:40:47,2026-09-28T22:40:47
6669,緯穎,2023-08-08,1755.0,90.0,5.41%,,21.64,,,,,,,ShowDailyK_ChartFlow,FinMind_API_TaiwanStockPrice_6669,True,2026-09-28T22:40:47,2026-09-28T22:40:47,2026-09-28T22:40:47
6669,緯穎,2023-08-09,1690.0,-65.0,-3.70%,,20.84,,,,,,,ShowDailyK_ChartFlow,FinMind_API_TaiwanStockPrice_6669,True,2026-09-28T22:40:47,2026-09-28T22:40:47,2026-09-28T22:40:47
6669,緯穎,2023-08-10,1565.0,-125.0,-7.40%,,19.3,,,,,,,ShowDailyK_ChartFlow,FinMind_API_TaiwanStockPrice_6669,True,2026-09-28T22:40:47,2026-09-28T22:40:47,2026-09-28T22:40:47
6669,緯穎,2023-08-11,1575.0,10.0,0.64%,,19.42,,,,,,,ShowDailyK_ChartFlow,FinMind_API_TaiwanStockPrice_6669,True,2026-09-28T22:40:47,2026-09-28T22:40:47,2026-09-28T22:40:47
6669,緯穎,2023-08-14,1570.0,-5.0,-0.32%,,19.36,,,,,,,ShowDailyK_ChartFlow,FinMind_API_TaiwanStockPrice_6669,True,2026-09-28T22:40:47,2026-09-28T22:40:47,2026-09-28T22:40:47
6669,緯穎,2023-08-15,1635.0,65.0,4.14%,,20.16,,,,,,,ShowDailyK_ChartFlow,FinMind_API_TaiwanStockPrice_6669,True,2026-09-28T22:40:47,2026-09-28T22:40:47,2026-09-28T22:40:47
6669,緯穎,2023-08-16,1710.0,75.0,4.59%,,21.09,,,,,,,ShowDailyK_ChartFlow,FinMind_API_TaiwanStockPrice_6669,True,2026-09-28T22:40:47,2026-09-28T22:40:47,2026-09-28T22:40:47
6669,緯穎,2023-08-17,1700.0,-10.0,-0.58%,,20.96,,,,,,,ShowDailyK_ChartFlow,FinMind_API_TaiwanStockPrice_6669,True,2026-09-28T22:40:47,2026-09-28T22:40:47,2026-09-28T22:40:47
6669,緯穎,2023-08-18,1645.0,-55.0,-3.24%,,20.28,,,,,,,ShowDailyK_ChartFlow,FinMind_API_TaiwanStockPrice_6669,True,2026-09-28T22:40:47,2026-09-28T22:40:47,2026-09-28T22:40:47
6669,緯穎,2023-08-21,1660.0,15.0,0.91%,,20.47,,,,,,,ShowDailyK_ChartFlow,FinMind_API_TaiwanStockPrice_6669,True,2026-09-28T22:40:47,2026-09-28T22:40:47,2026-09-28T22:40:47
6669,緯穎,2023-08-22,1715.0,55.0,3.31%,,21.15,,,,,,,ShowDailyK_ChartFlow,FinMind_API_TaiwanStockPrice_6669,True,2026-09-28T22:40:47,2026-09-28T22:40:47,2026-09-28T22:40:47
6669,緯穎,2023-08-23,1770.0,55.0,3.21%,,21.82,,,,,,,ShowDailyK_ChartFlow,FinMind_API_TaiwanStockPrice_6669,True,2026-09-28T22:40:47,2026-09-28T22:40:47,2026-09-28T22:40:47
6669,緯穎,2023-08-24,1750.0,-20.0,-1.13%,,21.58,,,,,,,ShowDailyK_ChartFlow,FinMind_API_TaiwanStockPrice_6669,True,2026-09-28T22:40:47,2026-09-28T22:40:47,2026-09-28T22:40:47
6669,緯穎,2023-08-25,1610.0,-140.0,-8.00%,,19.85,,,,,,,ShowDailyK_ChartFlow,FinMind_API_TaiwanStockPrice_6669,True,2026-09-28T22:40:47,2026-09-28T22:40:47,2026-09-28T22:40:47
6669,緯穎,2023-08-28,1600.0,-10.0,-0.62%,,19.73,,,,,,,ShowDailyK_ChartFlow,FinMind_API_TaiwanStockPrice_6669,True,2026-09-28T22:40:47,2026-09-28T22:40:47,2026-09-28T22:40:47
6669,緯穎,2023-08-29,1640.0,40.0,2.50%,,20.22,,,,,,,ShowDailyK_ChartFlow,FinMind_API_TaiwanStockPrice_6669,True,2026-09-28T22:40:47,2026-09-28T22:40:47,2026-09-28T22:40:47
6669,緯穎,2023-08-30,1700.0,60.0,3.66%,,20.96,,,,,,,ShowDailyK_ChartFlow,FinMind_API_TaiwanStockPrice_6669,True,2026-09-28T22:40:47,2026-09-28T22:40:47,2026-09-28T22:40:47
6669,緯穎,2023-08-31,1560.0,-140.0,-8.24%,,19.24,,,,,,,ShowDailyK_ChartFlow,FinMind_API_TaiwanStockPrice_6669,True,2026-09-28T22:40:47,2026-09-28T22:40:47,2026-09-28T22:40:47
6669,緯穎,2023-09-01,1510.0,-50.0,-3.21%,,18.62,,,,,,,ShowDailyK_ChartFlow,FinMind_API_TaiwanStockPrice_6669,True,2026-09-28T22:40:47,2026-09-28T22:40:47,2026-09-28T22:40:47
6669,緯穎,2023-09-04,1555.0,45.0,2.98%,,19.17,,,,,,,ShowDailyK_ChartFlow,FinMind_API_TaiwanStockPrice_6669,True,2026-09-28T22:40:47,2026-09-28T22:40:47,2026-09-28T22:40:47
6669,緯穎,2023-09-05,1560.0,5.0,0.32%,,19.24,,,,,,,ShowDailyK_ChartFlow,FinMind_API_TaiwanStockPrice_6669,True,2026-09-28T22:40:47,2026-09-28T22:40:47,2026-09-28T22:40:47
6669,緯穎,2023-09-06,1580.0,20.0,1.28%,,19.48,,,,,,,ShowDailyK_ChartFlow,FinMind_API_TaiwanStockPrice_6669,True,2026-09-28T22:40:47,2026-09-28T22:40:47,2026-09-28T22:40:47
6669,緯穎,2023-09-07,1550.0,-30.0,-1.90%,,19.11,,,,,,,ShowDailyK_ChartFlow,FinMind_API_TaiwanStockPrice_6669,True,2026-09-28T22:40:47,2026-09-28T22:40:47,2026-09-28T22:40:47
6669,緯穎,2023-09-08,1555.0,5.0,0.32%,,19.17,,,,,,,ShowDailyK_ChartFlow,FinMind_API_TaiwanStockPrice_6669,True,2026-09-28T22:40:47,2026-09-28T22:40:47,2026-09-28T22:40:47
6669,緯穎,2023-09-11,1490.0,-65.0,-4.18%,,18.37,,,,,,,ShowDailyK_ChartFlow,FinMind_API_TaiwanStockPrice_6669,True,2026-09-28T22:40:47,2026-09-28T22:40:47,2026-09-28T22:40:47
6669,緯穎,2023-09-12,1450.0,-40.0,-2.68%,,17.88,,,,,,,ShowDailyK_ChartFlow,FinMind_API_TaiwanStockPrice_6669,True,2026-09-28T22:40:47,2026-09-28T22:40:47,2026-09-28T22:40:47
6669,緯穎,2023-09-13,1465.0,15.0,1.03%,,18.06,,,,,,,ShowDailyK_ChartFlow,FinMind_API_TaiwanStockPrice_6669,True,2026-09-28T22:40:47,2026-09-28T22:40:47,2026-09-28T22:40:47
6669,緯穎,2023-09-14,1480.0,15.0,1.02%,,18.25,,,,,,,ShowDailyK_ChartFlow,FinMind_API_TaiwanStockPrice_6669,True,2026-09-28T22:40:47,2026-09-28T22:40:47,2026-09-28T22:40:47
6669,緯穎,2023-09-15,1520.0,40.0,2.70%,,18.74,,,,,,,ShowDailyK_ChartFlow,FinMind_API_TaiwanStockPrice_6669,True,2026-09-28T22:40:47,2026-09-28T22:40:47,2026-09-28T22:40:47
6669,緯穎,2023-09-18,1410.0,-110.0,-7.24%,,17.39,,,,,,,ShowDailyK_ChartFlow,FinMind_API_TaiwanStockPrice_6669,True,2026-09-28T22:40:47,2026-09-28T22:40:47,2026-09-28T22:40:47
6669,緯穎,2023-09-19,1375.0,-35.0,-2.48%,,16.95,,,,,,,ShowDailyK_ChartFlow,FinMind_API_TaiwanStockPrice_6669,True,2026-09-28T22:40:47,2026-09-28T22:40:47,2026-09-28T22:40:47
6669,緯穎,2023-09-20,1365.0,-10.0,-0.73%,,16.83,,,,,,,ShowDailyK_ChartFlow,FinMind_API_TaiwanStockPrice_6669,True,2026-09-28T22:40:47,2026-09-28T22:40:47,2026-09-28T22:40:47
6669,緯穎,2023-09-21,1380.0,15.0,1.10%,,17.02,,,,,,,ShowDailyK_ChartFlow,FinMind_API_TaiwanStockPrice_6669,True,2026-09-28T22:40:47,2026-09-28T22:40:47,2026-09-28T22:40:47
6669,緯穎,2023-09-22,1440.0,60.0,4.35%,,17.76,,,,,,,ShowDailyK_ChartFlow,FinMind_API_TaiwanStockPrice_6669,True,2026-09-28T22:40:47,2026-09-28T22:40:47,2026-09-28T22:40:47
6669,緯穎,2023-09-25,1450.0,10.0,0.69%,,17.88,,,,,,,ShowDailyK_ChartFlow,FinMind_API_TaiwanStockPrice_6669,True,2026-09-28T22:40:47,2026-09-28T22:40:47,2026-09-28T22:40:47
6669,緯穎,2023-09-26,1435.0,-15.0,-1.03%,,17.69,,,,,,,ShowDailyK_ChartFlow,FinMind_API_TaiwanStockPrice_6669,True,2026-09-28T22:40:47,2026-09-28T22:40:47,2026-09-28T22:40:47
6669,緯穎,2023-09-27,1470.0,35.0,2.44%,,18.13,,,,,,,ShowDailyK_ChartFlow,FinMind_API_TaiwanStockPrice_6669,True,2026-09-28T22:40:47,2026-09-28T22:40:47,2026-09-28T22:40:47
6669,緯穎,2023-09-28,1495.0,25.0,1.70%,,18.43,,,,,,,ShowDailyK_ChartFlow,FinMind_API_TaiwanStockPrice_6669,True,2026-09-28T22:40:47,2026-09-28T22:40:47,2026-09-28T22:40:47
6669,緯穎,2023-10-02,1640.0,145.0,9.70%,,20.22,,,,,,,ShowDailyK_ChartFlow,FinMind_API_TaiwanStockPrice_6669,True,2026-09-28T22:40:47,2026-09-28T22:40:47,2026-09-28T22:40:47
6669,緯穎,2023-10-03,1595.0,-45.0,-2.74%,,19.67,,,,,,,ShowDailyK_ChartFlow,FinMind_API_TaiwanStockPrice_6669,True,2026-09-28T22:40:47,2026-09-28T22:40:47,2026-09-28T22:40:47
6669,緯穎,2023-10-04,1590.0,-5.0,-0.31%,,19.61,,,,,,,ShowDailyK_ChartFlow,FinMind_API_TaiwanStockPrice_6669,True,2026-09-28T22:40:47,2026-09-28T22:40:47,2026-09-28T22:40:47
6669,緯穎,2023-10-05,1620.0,30.0,1.89%,,19.98,,,,,,,ShowDailyK_ChartFlow,FinMind_API_TaiwanStockPrice_6669,True,2026-09-28T22:40:47,2026-09-28T22:40:47,2026-09-28T22:40:47
6669,緯穎,2023-10-06,1660.0,40.0,2.47%,,20.47,,,,,,,ShowDailyK_ChartFlow,FinMind_API_TaiwanStockPrice_6669,True,2026-09-28T22:40:47,2026-09-28T22:40:47,2026-09-28T22:40:47
6669,緯穎,2023-10-11,1625.0,-35.0,-2.11%,,20.04,,,,,,,ShowDailyK_ChartFlow,FinMind_API_TaiwanStockPrice_6669,True,2026-09-28T22:40:47,2026-09-28T22:40:47,2026-09-28T22:40:47
6669,緯穎,2023-10-12,1670.0,45.0,2.77%,,20.59,,,,,,,ShowDailyK_ChartFlow,FinMind_API_TaiwanStockPrice_6669,True,2026-09-28T22:40:47,2026-09-28T22:40:47,2026-09-28T22:40:47
6669,緯穎,2023-10-13,1645.0,-25.0,-1.50%,,20.28,,,,,,,ShowDailyK_ChartFlow,FinMind_API_TaiwanStockPrice_6669,True,2026-09-28T22:40:47,2026-09-28T22:40:47,2026-09-28T22:40:47
6669,緯穎,2023-10-16,1590.0,-55.0,-3.34%,,19.61,,,,,,,ShowDailyK_ChartFlow,FinMind_API_TaiwanStockPrice_6669,True,2026-09-28T22:40:47,2026-09-28T22:40:47,2026-09-28T22:40:47
6669,緯穎,2023-10-17,1495.0,-95.0,-5.97%,,18.43,,,,,,,ShowDailyK_ChartFlow,FinMind_API_TaiwanStockPrice_6669,True,2026-09-28T22:40:47,2026-09-28T22:40:47,2026-09-28T22:40:47
6669,緯穎,2023-10-18,1445.0,-50.0,-3.34%,,17.82,,,,,,,ShowDailyK_ChartFlow,FinMind_API_TaiwanStockPrice_6669,True,2026-09-28T22:40:47,2026-09-28T22:40:47,2026-09-28T22:40:47
6669,緯穎,2023-10-19,1465.0,20.0,1.38%,,18.06,,,,,,,ShowDailyK_ChartFlow,FinMind_API_TaiwanStockPrice_6669,True,2026-09-28T22:40:47,2026-09-28T22:40:47,2026-09-28T22:40:47
6669,緯穎,2023-10-20,1515.0,50.0,3.41%,,18.68,,,,,,,ShowDailyK_ChartFlow,FinMind_API_TaiwanStockPrice_6669,True,2026-09-28T22:40:47,2026-09-28T22:40:47,2026-09-28T22:40:47
6669,緯穎,2023-10-23,1515.0,0.0,0.00%,,18.68,,,,,,,ShowDailyK_ChartFlow,FinMind_API_TaiwanStockPrice_6669,True,2026-09-28T22:40:47,2026-09-28T22:40:47,2026-09-28T22:40:47
6669,緯穎,2023-10-24,1665.0,150.0,9.90%,,20.53,,,,,,,ShowDailyK_ChartFlow,FinMind_API_TaiwanStockPrice_6669,True,2026-09-28T22:40:47,2026-09-28T22:40:47,2026-09-28T22:40:47
6669,緯穎,2023-10-25,1655.0,-10.0,-0.60%,,20.41,,,,,,,ShowDailyK_ChartFlow,FinMind_API_TaiwanStockPrice_6669,True,2026-09-28T22:40:47,2026-09-28T22:40:47,2026-09-28T22:40:47
6669,緯穎,2023-10-26,1585.0,-70.0,-4.23%,,19.54,,,,,,,ShowDailyK_ChartFlow,FinMind_API_TaiwanStockPrice_6669,True,2026-09-28T22:40:47,2026-09-28T22:40:47,2026-09-28T22:40:47
6669,緯穎,2023-10-27,1645.0,60.0,3.79%,,20.28,,,,,,,ShowDailyK_ChartFlow,FinMind_API_TaiwanStockPrice_6669,True,2026-09-28T22:40:47,2026-09-28T22:40:47,2026-09-28T22:40:47
6669,緯穎,2023-10-30,1620.0,-25.0,-1.52%,,19.98,,,,,,,ShowDailyK_ChartFlow,FinMind_API_TaiwanStockPrice_6669,True,2026-09-28T22:40:47,2026-09-28T22:40:47,2026-09-28T22:40:47
6669,緯穎,2023-10-31,1520.0,-100.0,-6.17%,,18.74,,,,,,,ShowDailyK_ChartFlow,FinMind_API_TaiwanStockPrice_6669,True,2026-09-28T22:40:47,2026-09-28T22:40:47,2026-09-28T22:40:47
6669,緯穎,2023-11-01,1515.0,-5.0,-0.33%,,18.68,,,,,,,ShowDailyK_ChartFlow,FinMind_API_TaiwanStockPrice_6669,True,2026-09-28T22:40:47,2026-09-28T22:40:47,2026-09-28T22:40:47
6669,緯穎,2023-11-02,1580.0,65.0,4.29%,,19.48,,,,,,,ShowDailyK_ChartFlow,FinMind_API_TaiwanStockPrice_6669,True,2026-09-28T22:40:47,2026-09-28T22:40:47,2026-09-28T22:40:47
6669,緯穎,2023-11-03,1690.0,110.0,6.96%,,20.84,,,,,,,ShowDailyK_ChartFlow,FinMind_API_TaiwanStockPrice_6669,True,2026-09-28T22:40:47,2026-09-28T22:40:47,2026-09-28T22:40:47
6669,緯穎,2023-11-06,1760.0,70.0,4.14%,,21.7,,,,,,,ShowDailyK_ChartFlow,FinMind_API_TaiwanStockPrice_6669,True,2026-09-28T22:40:47,2026-09-28T22:40:47,2026-09-28T22:40:47
6669,緯穎,2023-11-07,1770.0,10.0,0.57%,,24.8,,,,,,,ShowDailyK_ChartFlow,FinMind_API_TaiwanStockPrice_6669,True,2026-09-28T22:40:47,2026-09-28T22:40:47,2026-09-28T22:40:47
6669,緯穎,2023-11-08,1805.0,35.0,1.98%,,25.29,,,,,,,ShowDailyK_ChartFlow,FinMind_API_TaiwanStockPrice_6669,True,2026-09-28T22:40:47,2026-09-28T22:40:47,2026-09-28T22:40:47
6669,緯穎,2023-11-09,1785.0,-20.0,-1.11%,,25.01,,,,,,,ShowDailyK_ChartFlow,FinMind_API_TaiwanStockPrice_6669,True,2026-09-28T22:40:47,2026-09-28T22:40:47,2026-09-28T22:40:47
6669,緯穎,2023-11-10,1810.0,25.0,1.40%,,25.36,,,,,,,ShowDailyK_ChartFlow,FinMind_API_TaiwanStockPrice_6669,True,2026-09-28T22:40:47,2026-09-28T22:40:47,2026-09-28T22:40:47
6669,緯穎,2023-11-13,1940.0,130.0,7.18%,,27.18,,,,,,,ShowDailyK_ChartFlow,FinMind_API_TaiwanStockPrice_6669,True,2026-09-28T22:40:47,2026-09-28T22:40:47,2026-09-28T22:40:47
6669,緯穎,2023-11-14,1890.0,-50.0,-2.58%,,26.48,,,,,,,ShowDailyK_ChartFlow,FinMind_API_TaiwanStockPrice_6669,True,2026-09-28T22:40:47,2026-09-28T22:40:47,2026-09-28T22:40:47
6669,緯穎,2023-11-15,1870.0,-20.0,-1.06%,,26.2,,,,,,,ShowDailyK_ChartFlow,FinMind_API_TaiwanStockPrice_6669,True,2026-09-28T22:40:47,2026-09-28T22:40:47,2026-09-28T22:40:47
6669,緯穎,2023-11-16,1835.0,-35.0,-1.87%,,25.71,,,,,,,ShowDailyK_ChartFlow,FinMind_API_TaiwanStockPrice_6669,True,2026-09-28T22:40:47,2026-09-28T22:40:47,2026-09-28T22:40:47
6669,緯穎,2023-11-17,1830.0,-5.0,-0.27%,,25.64,,,,,,,ShowDailyK_ChartFlow,FinMind_API_TaiwanStockPrice_6669,True,2026-09-28T22:40:47,2026-09-28T22:40:47,2026-09-28T22:40:47
6669,緯穎,2023-11-20,1845.0,15.0,0.82%,,25.85,,,,,,,ShowDailyK_ChartFlow,FinMind_API_TaiwanStockPrice_6669,True,2026-09-28T22:40:47,2026-09-28T22:40:47,2026-09-28T22:40:47
6669,緯穎,2023-11-21,1870.0,25.0,1.36%,,26.2,,,,,,,ShowDailyK_ChartFlow,FinMind_API_TaiwanStockPrice_6669,True,2026-09-28T22:40:47,2026-09-28T22:40:47,2026-09-28T22:40:47
6669,緯穎,2023-11-22,1825.0,-45.0,-2.41%,,25.57,,,,,,,ShowDailyK_ChartFlow,FinMind_API_TaiwanStockPrice_6669,True,2026-09-28T22:40:47,2026-09-28T22:40:47,2026-09-28T22:40:47
6669,緯穎,2023-11-23,1785.0,-40.0,-2.19%,,25.01,,,,,,,ShowDailyK_ChartFlow,FinMind_API_TaiwanStockPrice_6669,True,2026-09-28T22:40:47,2026-09-28T22:40:47,2026-09-28T22:40:47
6669,緯穎,2023-11-24,1750.0,-35.0,-1.96%,,24.52,,,,,,,ShowDailyK_ChartFlow,FinMind_API_TaiwanStockPrice_6669,True,2026-09-28T22:40:47,2026-09-28T22:40:47,2026-09-28T22:40:47
6669,緯穎,2023-11-27,1690.0,-60.0,-3.43%,,23.68,,,,,,,ShowDailyK_ChartFlow,FinMind_API_TaiwanStockPrice_6669,True,2026-09-28T22:40:47,2026-09-28T22:40:47,2026-09-28T22:40:47
6669,緯穎,2023-11-28,1730.0,40.0,2.37%,,24.24,,,,,,,ShowDailyK_ChartFlow,FinMind_API_TaiwanStockPrice_6669,True,2026-09-28T22:40:47,2026-09-28T22:40:47,2026-09-28T22:40:47
6669,緯穎,2023-11-29,1780.0,50.0,2.89%,,24.94,,,,,,,ShowDailyK_ChartFlow,FinMind_API_TaiwanStockPrice_6669,True,2026-09-28T22:40:47,2026-09-28T22:40:47,2026-09-28T22:40:47
6669,緯穎,2023-11-30,1760.0,-20.0,-1.12%,,24.66,,,,,,,ShowDailyK_ChartFlow,FinMind_API_TaiwanStockPrice_6669,True,2026-09-28T22:40:47,2026-09-28T22:40:47,2026-09-28T22:40:47
6669,緯穎,2023-12-01,1805.0,45.0,2.56%,,25.29,,,,,,,ShowDailyK_ChartFlow,FinMind_API_TaiwanStockPrice_6669,True,2026-09-28T22:40:47,2026-09-28T22:40:47,2026-09-28T22:40:47
6669,緯穎,2023-12-04,1710.0,-95.0,-5.26%,,23.96,,,,,,,ShowDailyK_ChartFlow,FinMind_API_TaiwanStockPrice_6669,True,2026-09-28T22:40:47,2026-09-28T22:40:47,2026-09-28T22:40:47
6669,緯穎,2023-12-05,1680.0,-30.0,-1.75%,,23.54,,,,,,,ShowDailyK_ChartFlow,FinMind_API_TaiwanStockPrice_6669,True,2026-09-28T22:40:47,2026-09-28T22:40:47,2026-09-28T22:40:47
6669,緯穎,2023-12-06,1725.0,45.0,2.68%,,24.17,,,,,,,ShowDailyK_ChartFlow,FinMind_API_TaiwanStockPrice_6669,True,2026-09-28T22:40:47,2026-09-28T22:40:47,2026-09-28T22:40:47
6669,緯穎,2023-12-07,1730.0,5.0,0.29%,,24.24,,,,,,,ShowDailyK_ChartFlow,FinMind_API_TaiwanStockPrice_6669,True,2026-09-28T22:40:47,2026-09-28T22:40:47,2026-09-28T22:40:47
6669,緯穎,2023-12-08,1750.0,20.0,1.16%,,24.52,,,,,,,ShowDailyK_ChartFlow,FinMind_API_TaiwanStockPrice_6669,True,2026-09-28T22:40:47,2026-09-28T22:40:47,2026-09-28T22:40:47
6669,緯穎,2023-12-11,1750.0,0.0,0.00%,,24.52,,,,,,,ShowDailyK_ChartFlow,FinMind_API_TaiwanStockPrice_6669,True,2026-09-28T22:40:47,2026-09-28T22:40:47,2026-09-28T22:40:47
6669,緯穎,2023-12-12,1755.0,5.0,0.29%,,24.59,,,,,,,ShowDailyK_ChartFlow,FinMind_API_TaiwanStockPrice_6669,True,2026-09-28T22:40:47,2026-09-28T22:40:47,2026-09-28T22:40:47
6669,緯穎,2023-12-13,1735.0,-20.0,-1.14%,,24.31,,,,,,,ShowDailyK_ChartFlow,FinMind_API_TaiwanStockPrice_6669,True,2026-09-28T22:40:47,2026-09-28T22:40:47,2026-09-28T22:40:47
6669,緯穎,2023-12-14,1725.0,-10.0,-0.58%,,24.17,,,,,,,ShowDailyK_ChartFlow,FinMind_API_TaiwanStockPrice_6669,True,2026-09-28T22:40:47,2026-09-28T22:40:47,2026-09-28T22:40:47
6669,緯穎,2023-12-15,1740.0,15.0,0.87%,,24.38,,,,,,,ShowDailyK_ChartFlow,FinMind_API_TaiwanStockPrice_6669,True,2026-09-28T22:40:47,2026-09-28T22:40:47,2026-09-28T22:40:47
6669,緯穎,2023-12-18,1735.0,-5.0,-0.29%,,24.31,,,,,,,ShowDailyK_ChartFlow,FinMind_API_TaiwanStockPrice_6669,True,2026-09-28T22:40:47,2026-09-28T22:40:47,2026-09-28T22:40:47
6669,緯穎,2023-12-19,1690.0,-45.0,-2.59%,,23.68,,,,,,,ShowDailyK_ChartFlow,FinMind_API_TaiwanStockPrice_6669,True,2026-09-28T22:40:47,2026-09-28T22:40:47,2026-09-28T22:40:47
6669,緯穎,2023-12-20,1735.0,45.0,2.66%,,24.31,,,,,,,ShowDailyK_ChartFlow,FinMind_API_TaiwanStockPrice_6669,True,2026-09-28T22:40:47,2026-09-28T22:40:47,2026-09-28T22:40:47
6669,緯穎,2023-12-21,1825.0,90.0,5.19%,,25.57,,,,,,,ShowDailyK_ChartFlow,FinMind_API_TaiwanStockPrice_6669,True,2026-09-28T22:40:47,2026-09-28T22:40:47,2026-09-28T22:40:47
6669,緯穎,2023-12-22,1840.0,15.0,0.82%,,25.78,,,,,,,ShowDailyK_ChartFlow,FinMind_API_TaiwanStockPrice_6669,True,2026-09-28T22:40:47,2026-09-28T22:40:47,2026-09-28T22:40:47
6669,緯穎,2023-12-25,1825.0,-15.0,-0.82%,,25.57,,,,,,,ShowDailyK_ChartFlow,FinMind_API_TaiwanStockPrice_6669,True,2026-09-28T22:40:47,2026-09-28T22:40:47,2026-09-28T22:40:47
6669,緯穎,2023-12-26,1835.0,10.0,0.55%,,25.71,,,,,,,ShowDailyK_ChartFlow,FinMind_API_TaiwanStockPrice_6669,True,2026-09-28T22:40:47,2026-09-28T22:40:47,2026-09-28T22:40:47
6669,緯穎,2023-12-27,1825.0,-10.0,-0.54%,,25.57,,,,,,,ShowDailyK_ChartFlow,FinMind_API_TaiwanStockPrice_6669,True,2026-09-28T22:40:47,2026-09-28T22:40:47,2026-09-28T22:40:47
6669,緯穎,2023-12-28,1820.0,-5.0,-0.27%,,25.5,,,,,,,ShowDailyK_ChartFlow,FinMind_API_TaiwanStockPrice_6669,True,2026-09-28T22:40:47,2026-09-28T22:40:47,2026-09-28T22:40:47
6669,緯穎,2023-12-29,1825.0,5.0,0.27%,,25.57,,,,,,,ShowDailyK_ChartFlow,FinMind_API_TaiwanStockPrice_6669,True,2026-09-28T22:40:47,2026-09-28T22:40:47,2026-09-28T22:40:47
6669,緯穎,2024-01-02,1760.0,-65.0,-3.56%,,24.66,,,,,,,ShowDailyK_ChartFlow,FinMind_API_TaiwanStockPrice_6669,True,2026-09-28T22:40:47,2026-09-28T22:40:47,2026-09-28T22:40:47
6669,緯穎,2024-01-03,1695.0,-65.0,-3.69%,,23.75,,,,,,,ShowDailyK_ChartFlow,FinMind_API_TaiwanStockPrice_6669,True,2026-09-28T22:40:47,2026-09-28T22:40:47,2026-09-28T22:40:47
6669,緯穎,2024-01-04,1665.0,-30.0,-1.77%,,23.33,,,,,,,ShowDailyK_ChartFlow,FinMind_API_TaiwanStockPrice_6669,True,2026-09-28T22:40:47,2026-09-28T22:40:47,2026-09-28T22:40:47
6669,緯穎,2024-01-05,1710.0,45.0,2.70%,,23.96,,,,,,,ShowDailyK_ChartFlow,FinMind_API_TaiwanStockPrice_6669,True,2026-09-28T22:40:47,2026-09-28T22:40:47,2026-09-28T22:40:47
6669,緯穎,2024-01-08,1690.0,-20.0,-1.17%,,23.68,,,,,,,ShowDailyK_ChartFlow,FinMind_API_TaiwanStockPrice_6669,True,2026-09-28T22:40:47,2026-09-28T22:40:47,2026-09-28T22:40:47
6669,緯穎,2024-01-09,1715.0,25.0,1.48%,,24.03,,,,,,,ShowDailyK_ChartFlow,FinMind_API_TaiwanStockPrice_6669,True,2026-09-28T22:40:47,2026-09-28T22:40:47,2026-09-28T22:40:47
6669,緯穎,2024-01-10,1770.0,55.0,3.21%,,24.8,,,,,,,ShowDailyK_ChartFlow,FinMind_API_TaiwanStockPrice_6669,True,2026-09-28T22:40:47,2026-09-28T22:40:47,2026-09-28T22:40:47
6669,緯穎,2024-01-11,1910.0,140.0,7.91%,,26.76,,,,,,,ShowDailyK_ChartFlow,FinMind_API_TaiwanStockPrice_6669,True,2026-09-28T22:40:47,2026-09-28T22:40:47,2026-09-28T22:40:47
6669,緯穎,2024-01-12,1905.0,-5.0,-0.26%,,26.69,,,,,,,ShowDailyK_ChartFlow,FinMind_API_TaiwanStockPrice_6669,True,2026-09-28T22:40:47,2026-09-28T22:40:47,2026-09-28T22:40:47
6669,緯穎,2024-01-15,1865.0,-40.0,-2.10%,,26.13,,,,,,,ShowDailyK_ChartFlow,FinMind_API_TaiwanStockPrice_6669,True,2026-09-28T22:40:47,2026-09-28T22:40:47,2026-09-28T22:40:47
6669,緯穎,2024-01-16,1910.0,45.0,2.41%,,26.76,,,,,,,ShowDailyK_ChartFlow,FinMind_API_TaiwanStockPrice_6669,True,2026-09-28T22:40:47,2026-09-28T22:40:47,2026-09-28T22:40:47
6669,緯穎,2024-01-17,1885.0,-25.0,-1.31%,,26.41,,,,,,,ShowDailyK_ChartFlow,FinMind_API_TaiwanStockPrice_6669,True,2026-09-28T22:40:47,2026-09-28T22:40:47,2026-09-28T22:40:47
6669,緯穎,2024-01-18,1880.0,-5.0,-0.27%,,26.34,,,,,,,ShowDailyK_ChartFlow,FinMind_API_TaiwanStockPrice_6669,True,2026-09-28T22:40:47,2026-09-28T22:40:47,2026-09-28T22:40:47
6669,緯穎,2024-01-19,1990.0,110.0,5.85%,,27.88,,,,,,,ShowDailyK_ChartFlow,FinMind_API_TaiwanStockPrice_6669,True,2026-09-28T22:40:47,2026-09-28T22:40:47,2026-09-28T22:40:47
6669,緯穎,2024-01-22,2185.0,195.0,9.80%,,30.61,,,,,,,ShowDailyK_ChartFlow,FinMind_API_TaiwanStockPrice_6669,True,2026-09-28T22:40:47,2026-09-28T22:40:47,2026-09-28T22:40:47
6669,緯穎,2024-01-23,2220.0,35.0,1.60%,,31.1,,,,,,,ShowDailyK_ChartFlow,FinMind_API_TaiwanStockPrice_6669,True,2026-09-28T22:40:47,2026-09-28T22:40:47,2026-09-28T22:40:47
6669,緯穎,2024-01-24,2125.0,-95.0,-4.28%,,29.77,,,,,,,ShowDailyK_ChartFlow,FinMind_API_TaiwanStockPrice_6669,True,2026-09-28T22:40:47,2026-09-28T22:40:47,2026-09-28T22:40:47
6669,緯穎,2024-01-25,2095.0,-30.0,-1.41%,,29.35,,,,,,,ShowDailyK_ChartFlow,FinMind_API_TaiwanStockPrice_6669,True,2026-09-28T22:40:47,2026-09-28T22:40:47,2026-09-28T22:40:47
6669,緯穎,2024-01-26,2080.0,-15.0,-0.72%,,29.14,,,,,,,ShowDailyK_ChartFlow,FinMind_API_TaiwanStockPrice_6669,True,2026-09-28T22:40:47,2026-09-28T22:40:47,2026-09-28T22:40:47
6669,緯穎,2024-01-29,2190.0,110.0,5.29%,,30.68,,,,,,,ShowDailyK_ChartFlow,FinMind_API_TaiwanStockPrice_6669,True,2026-09-28T22:40:47,2026-09-28T22:40:47,2026-09-28T22:40:47
6669,緯穎,2024-01-30,2235.0,45.0,2.05%,,31.31,,,,,,,ShowDailyK_ChartFlow,FinMind_API_TaiwanStockPrice_6669,True,2026-09-28T22:40:47,2026-09-28T22:40:47,2026-09-28T22:40:47
6669,緯穎,2024-01-31,2200.0,-35.0,-1.57%,,30.82,,,,,,,ShowDailyK_ChartFlow,FinMind_API_TaiwanStockPrice_6669,True,2026-09-28T22:40:47,2026-09-28T22:40:47,2026-09-28T22:40:47
6669,緯穎,2024-02-01,2170.0,-30.0,-1.36%,,30.4,,,,,,,ShowDailyK_ChartFlow,FinMind_API_TaiwanStockPrice_6669,True,2026-09-28T22:40:47,2026-09-28T22:40:47,2026-09-28T22:40:47
6669,緯穎,2024-02-02,2310.0,140.0,6.45%,,32.36,,,,,,,ShowDailyK_ChartFlow,FinMind_API_TaiwanStockPrice_6669,True,2026-09-28T22:40:47,2026-09-28T22:40:47,2026-09-28T22:40:47
6669,緯穎,2024-02-05,2265.0,-45.0,-1.95%,,31.73,,,,,,,ShowDailyK_ChartFlow,FinMind_API_TaiwanStockPrice_6669,True,2026-09-28T22:40:47,2026-09-28T22:40:47,2026-09-28T22:40:47
6669,緯穎,2024-02-15,2345.0,80.0,3.53%,,32.85,,,,,,,ShowDailyK_ChartFlow,FinMind_API_TaiwanStockPrice_6669,True,2026-09-28T22:40:47,2026-09-28T22:40:47,2026-09-28T22:40:47
6669,緯穎,2024-02-16,2285.0,-60.0,-2.56%,,32.01,,,,,,,ShowDailyK_ChartFlow,FinMind_API_TaiwanStockPrice_6669,True,2026-09-28T22:40:47,2026-09-28T22:40:47,2026-09-28T22:40:47
6669,緯穎,2024-02-19,2250.0,-35.0,-1.53%,,31.52,,,,,,,ShowDailyK_ChartFlow,FinMind_API_TaiwanStockPrice_6669,True,2026-09-28T22:40:47,2026-09-28T22:40:47,2026-09-28T22:40:47
6669,緯穎,2024-02-20,2205.0,-45.0,-2.00%,,30.89,,,,,,,ShowDailyK_ChartFlow,FinMind_API_TaiwanStockPrice_6669,True,2026-09-28T22:40:47,2026-09-28T22:40:47,2026-09-28T22:40:47
6669,緯穎,2024-02-21,2155.0,-50.0,-2.27%,,30.19,,,,,,,ShowDailyK_ChartFlow,FinMind_API_TaiwanStockPrice_6669,True,2026-09-28T22:40:47,2026-09-28T22:40:47,2026-09-28T22:40:47
6669,緯穎,2024-02-22,2115.0,-40.0,-1.86%,,29.63,,,,,,,ShowDailyK_ChartFlow,FinMind_API_TaiwanStockPrice_6669,True,2026-09-28T22:40:47,2026-09-28T22:40:47,2026-09-28T22:40:47
6669,緯穎,2024-02-23,2170.0,55.0,2.60%,,30.4,,,,,,,ShowDailyK_ChartFlow,FinMind_API_TaiwanStockPrice_6669,True,2026-09-28T22:40:47,2026-09-28T22:40:47,2026-09-28T22:40:47
6669,緯穎,2024-02-26,2220.0,50.0,2.30%,,31.1,,,,,,,ShowDailyK_ChartFlow,FinMind_API_TaiwanStockPrice_6669,True,2026-09-28T22:40:47,2026-09-28T22:40:47,2026-09-28T22:40:47
6669,緯穎,2024-02-27,2120.0,-100.0,-4.50%,,30.78,,,,,,,ShowDailyK_ChartFlow,FinMind_API_TaiwanStockPrice_6669,True,2026-09-28T22:40:47,2026-09-28T22:40:47,2026-09-28T22:40:47
6669,緯穎,2024-02-29,2330.0,210.0,9.91%,,33.83,,,,,,,ShowDailyK_ChartFlow,FinMind_API_TaiwanStockPrice_6669,True,2026-09-28T22:40:47,2026-09-28T22:40:47,2026-09-28T22:40:47
6669,緯穎,2024-03-01,2500.0,170.0,7.30%,,36.3,,,,,,,ShowDailyK_ChartFlow,FinMind_API_TaiwanStockPrice_6669,True,2026-09-28T22:40:47,2026-09-28T22:40:47,2026-09-28T22:40:47
6669,緯穎,2024-03-04,2445.0,-55.0,-2.20%,,35.5,,,,,,,ShowDailyK_ChartFlow,FinMind_API_TaiwanStockPrice_6669,True,2026-09-28T22:40:47,2026-09-28T22:40:47,2026-09-28T22:40:47
6669,緯穎,2024-03-05,2560.0,115.0,4.70%,,37.17,,,,,,,ShowDailyK_ChartFlow,FinMind_API_TaiwanStockPrice_6669,True,2026-09-28T22:40:47,2026-09-28T22:40:47,2026-09-28T22:40:47
6669,緯穎,2024-03-06,2560.0,0.0,0.00%,,37.17,,,,,,,ShowDailyK_ChartFlow,FinMind_API_TaiwanStockPrice_6669,True,2026-09-28T22:40:47,2026-09-28T22:40:47,2026-09-28T22:40:47
6669,緯穎,2024-03-07,2510.0,-50.0,-1.95%,,36.44,,,,,,,ShowDailyK_ChartFlow,FinMind_API_TaiwanStockPrice_6669,True,2026-09-28T22:40:47,2026-09-28T22:40:47,2026-09-28T22:40:47
6669,緯穎,2024-03-08,2445.0,-65.0,-2.59%,,35.5,,,,,,,ShowDailyK_ChartFlow,FinMind_API_TaiwanStockPrice_6669,True,2026-09-28T22:40:47,2026-09-28T22:40:47,2026-09-28T22:40:47
6669,緯穎,2024-03-11,2430.0,-15.0,-0.61%,,35.28,,,,,,,ShowDailyK_ChartFlow,FinMind_API_TaiwanStockPrice_6669,True,2026-09-28T22:40:47,2026-09-28T22:40:47,2026-09-28T22:40:47
6669,緯穎,2024-03-12,2435.0,5.0,0.21%,,35.35,,,,,,,ShowDailyK_ChartFlow,FinMind_API_TaiwanStockPrice_6669,True,2026-09-28T22:40:47,2026-09-28T22:40:47,2026-09-28T22:40:47
6669,緯穎,2024-03-13,2330.0,-105.0,-4.31%,,33.83,,,,,,,ShowDailyK_ChartFlow,FinMind_API_TaiwanStockPrice_6669,True,2026-09-28T22:40:47,2026-09-28T22:40:47,2026-09-28T22:40:47
6669,緯穎,2024-03-14,2260.0,-70.0,-3.00%,,32.81,,,,,,,ShowDailyK_ChartFlow,FinMind_API_TaiwanStockPrice_6669,True,2026-09-28T22:40:47,2026-09-28T22:40:47,2026-09-28T22:40:47
6669,緯穎,2024-03-15,2200.0,-60.0,-2.65%,,31.94,,,,,,,ShowDailyK_ChartFlow,FinMind_API_TaiwanStockPrice_6669,True,2026-09-28T22:40:47,2026-09-28T22:40:47,2026-09-28T22:40:47
6669,緯穎,2024-03-18,2195.0,-5.0,-0.23%,,31.87,,,,,,,ShowDailyK_ChartFlow,FinMind_API_TaiwanStockPrice_6669,True,2026-09-28T22:40:47,2026-09-28T22:40:47,2026-09-28T22:40:47
6669,緯穎,2024-03-19,2175.0,-20.0,-0.91%,,31.58,,,,,,,ShowDailyK_ChartFlow,FinMind_API_TaiwanStockPrice_6669,True,2026-09-28T22:40:47,2026-09-28T22:40:47,2026-09-28T22:40:47
6669,緯穎,2024-03-20,2195.0,20.0,0.92%,,31.87,,,,,,,ShowDailyK_ChartFlow,FinMind_API_TaiwanStockPrice_6669,True,2026-09-28T22:40:47,2026-09-28T22:40:47,2026-09-28T22:40:47
6669,緯穎,2024-03-21,2225.0,30.0,1.37%,,32.3,,,,,,,ShowDailyK_ChartFlow,FinMind_API_TaiwanStockPrice_6669,True,2026-09-28T22:40:47,2026-09-28T22:40:47,2026-09-28T22:40:47
6669,緯穎,2024-03-22,2295.0,70.0,3.15%,,33.32,,,,,,,ShowDailyK_ChartFlow,FinMind_API_TaiwanStockPrice_6669,True,2026-09-28T22:40:47,2026-09-28T22:40:47,2026-09-28T22:40:47
6669,緯穎,2024-03-25,2265.0,-30.0,-1.31%,,32.88,,,,,,,ShowDailyK_ChartFlow,FinMind_API_TaiwanStockPrice_6669,True,2026-09-28T22:40:47,2026-09-28T22:40:47,2026-09-28T22:40:47
6669,緯穎,2024-03-26,2225.0,-40.0,-1.77%,,32.3,,,,,,,ShowDailyK_ChartFlow,FinMind_API_TaiwanStockPrice_6669,True,2026-09-28T22:40:47,2026-09-28T22:40:47,2026-09-28T22:40:47
6669,緯穎,2024-03-27,2185.0,-40.0,-1.80%,,31.72,,,,,,,ShowDailyK_ChartFlow,FinMind_API_TaiwanStockPrice_6669,True,2026-09-28T22:40:47,2026-09-28T22:40:47,2026-09-28T22:40:47
6669,緯穎,2024-03-28,2190.0,5.0,0.23%,,31.79,,,,,,,ShowDailyK_ChartFlow,FinMind_API_TaiwanStockPrice_6669,True,2026-09-28T22:40:47,2026-09-28T22:40:47,2026-09-28T22:40:47
6669,緯穎,2024-03-29,2270.0,80.0,3.65%,,32.96,,,,,,,ShowDailyK_ChartFlow,FinMind_API_TaiwanStockPrice_6669,True,2026-09-28T22:40:47,2026-09-28T22:40:47,2026-09-28T22:40:47
6669,緯穎,2024-04-01,2295.0,25.0,1.10%,,33.32,,,,,,,ShowDailyK_ChartFlow,FinMind_API_TaiwanStockPrice_6669,True,2026-09-28T22:40:47,2026-09-28T22:40:47,2026-09-28T22:40:47
6669,緯穎,2024-04-02,2240.0,-55.0,-2.40%,,32.52,,,,,,,ShowDailyK_ChartFlow,FinMind_API_TaiwanStockPrice_6669,True,2026-09-28T22:40:47,2026-09-28T22:40:47,2026-09-28T22:40:47
6669,緯穎,2024-04-03,2460.0,220.0,9.82%,,35.71,,,,,,,ShowDailyK_ChartFlow,FinMind_API_TaiwanStockPrice_6669,True,2026-09-28T22:40:47,2026-09-28T22:40:47,2026-09-28T22:40:47
6669,緯穎,2024-04-08,2475.0,15.0,0.61%,,35.93,,,,,,,ShowDailyK_ChartFlow,FinMind_API_TaiwanStockPrice_6669,True,2026-09-28T22:40:47,2026-09-28T22:40:47,2026-09-28T22:40:47
6669,緯穎,2024-04-09,2475.0,0.0,0.00%,,35.93,,,,,,,ShowDailyK_ChartFlow,FinMind_API_TaiwanStockPrice_6669,True,2026-09-28T22:40:47,2026-09-28T22:40:47,2026-09-28T22:40:47
6669,緯穎,2024-04-10,2355.0,-120.0,-4.85%,,34.19,,,,,,,ShowDailyK_ChartFlow,FinMind_API_TaiwanStockPrice_6669,True,2026-09-28T22:40:47,2026-09-28T22:40:47,2026-09-28T22:40:47
6669,緯穎,2024-04-11,2325.0,-30.0,-1.27%,,33.75,,,,,,,ShowDailyK_ChartFlow,FinMind_API_TaiwanStockPrice_6669,True,2026-09-28T22:40:47,2026-09-28T22:40:47,2026-09-28T22:40:47
6669,緯穎,2024-04-12,2405.0,80.0,3.44%,,34.92,,,,,,,ShowDailyK_ChartFlow,FinMind_API_TaiwanStockPrice_6669,True,2026-09-28T22:40:47,2026-09-28T22:40:47,2026-09-28T22:40:47
6669,緯穎,2024-04-15,2420.0,15.0,0.62%,,35.13,,,,,,,ShowDailyK_ChartFlow,FinMind_API_TaiwanStockPrice_6669,True,2026-09-28T22:40:47,2026-09-28T22:40:47,2026-09-28T22:40:47
6669,緯穎,2024-04-16,2305.0,-115.0,-4.75%,,33.46,,,,,,,ShowDailyK_ChartFlow,FinMind_API_TaiwanStockPrice_6669,True,2026-09-28T22:40:47,2026-09-28T22:40:47,2026-09-28T22:40:47
6669,緯穎,2024-04-17,2390.0,85.0,3.69%,,34.7,,,,,,,ShowDailyK_ChartFlow,FinMind_API_TaiwanStockPrice_6669,True,2026-09-28T22:40:47,2026-09-28T22:40:47,2026-09-28T22:40:47
6669,緯穎,2024-04-18,2500.0,110.0,4.60%,,36.3,,,,,,,ShowDailyK_ChartFlow,FinMind_API_TaiwanStockPrice_6669,True,2026-09-28T22:40:47,2026-09-28T22:40:47,2026-09-28T22:40:47
6669,緯穎,2024-04-19,2315.0,-185.0,-7.40%,,33.61,,,,,,,ShowDailyK_ChartFlow,FinMind_API_TaiwanStockPrice_6669,True,2026-09-28T22:40:47,2026-09-28T22:40:47,2026-09-28T22:40:47
6669,緯穎,2024-04-22,2160.0,-155.0,-6.70%,,31.36,,,,,,,ShowDailyK_ChartFlow,FinMind_API_TaiwanStockPrice_6669,True,2026-09-28T22:40:47,2026-09-28T22:40:47,2026-09-28T22:40:47
6669,緯穎,2024-04-23,2130.0,-30.0,-1.39%,,30.92,,,,,,,ShowDailyK_ChartFlow,FinMind_API_TaiwanStockPrice_6669,True,2026-09-28T22:40:47,2026-09-28T22:40:47,2026-09-28T22:40:47
6669,緯穎,2024-04-24,2290.0,160.0,7.51%,,33.25,,,,,,,ShowDailyK_ChartFlow,FinMind_API_TaiwanStockPrice_6669,True,2026-09-28T22:40:47,2026-09-28T22:40:47,2026-09-28T22:40:47
6669,緯穎,2024-04-25,2250.0,-40.0,-1.75%,,32.67,,,,,,,ShowDailyK_ChartFlow,FinMind_API_TaiwanStockPrice_6669,True,2026-09-28T22:40:47,2026-09-28T22:40:47,2026-09-28T22:40:47
6669,緯穎,2024-04-26,2325.0,75.0,3.33%,,33.75,,,,,,,ShowDailyK_ChartFlow,FinMind_API_TaiwanStockPrice_6669,True,2026-09-28T22:40:47,2026-09-28T22:40:47,2026-09-28T22:40:47
6669,緯穎,2024-04-29,2360.0,35.0,1.51%,,34.26,,,,,,,ShowDailyK_ChartFlow,FinMind_API_TaiwanStockPrice_6669,True,2026-09-28T22:40:47,2026-09-28T22:40:47,2026-09-28T22:40:47
6669,緯穎,2024-04-30,2360.0,0.0,0.00%,,34.26,,,,,,,ShowDailyK_ChartFlow,FinMind_API_TaiwanStockPrice_6669,True,2026-09-28T22:40:47,2026-09-28T22:40:47,2026-09-28T22:40:47
6669,緯穎,2024-05-02,2275.0,-85.0,-3.60%,,33.03,,,,,,,ShowDailyK_ChartFlow,FinMind_API_TaiwanStockPrice_6669,True,2026-09-28T22:40:47,2026-09-28T22:40:47,2026-09-28T22:40:47
6669,緯穎,2024-05-03,2225.0,-50.0,-2.20%,,32.3,,,,,,,ShowDailyK_ChartFlow,FinMind_API_TaiwanStockPrice_6669,True,2026-09-28T22:40:47,2026-09-28T22:40:47,2026-09-28T22:40:47
6669,緯穎,2024-05-06,2285.0,60.0,2.70%,,33.17,,,,,,,ShowDailyK_ChartFlow,FinMind_API_TaiwanStockPrice_6669,True,2026-09-28T22:40:47,2026-09-28T22:40:47,2026-09-28T22:40:47
6669,緯穎,2024-05-07,2345.0,60.0,2.63%,,34.04,,,,,,,ShowDailyK_ChartFlow,FinMind_API_TaiwanStockPrice_6669,True,2026-09-28T22:40:47,2026-09-28T22:40:47,2026-09-28T22:40:47
6669,緯穎,2024-05-08,2395.0,50.0,2.13%,,31.13,,,,,,,ShowDailyK_ChartFlow,FinMind_API_TaiwanStockPrice_6669,True,2026-09-28T22:40:47,2026-09-28T22:40:47,2026-09-28T22:40:47
6669,緯穎,2024-05-09,2450.0,55.0,2.30%,,31.84,,,,,,,ShowDailyK_ChartFlow,FinMind_API_TaiwanStockPrice_6669,True,2026-09-28T22:40:47,2026-09-28T22:40:47,2026-09-28T22:40:47
6669,緯穎,2024-05-10,2405.0,-45.0,-1.84%,,31.26,,,,,,,ShowDailyK_ChartFlow,FinMind_API_TaiwanStockPrice_6669,True,2026-09-28T22:40:47,2026-09-28T22:40:47,2026-09-28T22:40:47
6669,緯穎,2024-05-13,2385.0,-20.0,-0.83%,,31.0,,,,,,,ShowDailyK_ChartFlow,FinMind_API_TaiwanStockPrice_6669,True,2026-09-28T22:40:47,2026-09-28T22:40:47,2026-09-28T22:40:47
6669,緯穎,2024-05-14,2470.0,85.0,3.56%,,32.1,,,,,,,ShowDailyK_ChartFlow,FinMind_API_TaiwanStockPrice_6669,True,2026-09-28T22:40:47,2026-09-28T22:40:47,2026-09-28T22:40:47
6669,緯穎,2024-05-15,2595.0,125.0,5.06%,,33.73,,,,,,,ShowDailyK_ChartFlow,FinMind_API_TaiwanStockPrice_6669,True,2026-09-28T22:40:47,2026-09-28T22:40:47,2026-09-28T22:40:47
6669,緯穎,2024-05-16,2665.0,70.0,2.70%,,34.64,,,,,,,ShowDailyK_ChartFlow,FinMind_API_TaiwanStockPrice_6669,True,2026-09-28T22:40:47,2026-09-28T22:40:47,2026-09-28T22:40:47
6669,緯穎,2024-05-17,2635.0,-30.0,-1.13%,,34.25,,,,,,,ShowDailyK_ChartFlow,FinMind_API_TaiwanStockPrice_6669,True,2026-09-28T22:40:47,2026-09-28T22:40:47,2026-09-28T22:40:47
6669,緯穎,2024-05-20,2595.0,-40.0,-1.52%,,33.73,,,,,,,ShowDailyK_ChartFlow,FinMind_API_TaiwanStockPrice_6669,True,2026-09-28T22:40:47,2026-09-28T22:40:47,2026-09-28T22:40:47
6669,緯穎,2024-05-21,2565.0,-30.0,-1.16%,,33.34,,,,,,,ShowDailyK_ChartFlow,FinMind_API_TaiwanStockPrice_6669,True,2026-09-28T22:40:47,2026-09-28T22:40:47,2026-09-28T22:40:47
6669,緯穎,2024-05-22,2595.0,30.0,1.17%,,33.73,,,,,,,ShowDailyK_ChartFlow,FinMind_API_TaiwanStockPrice_6669,True,2026-09-28T22:40:47,2026-09-28T22:40:47,2026-09-28T22:40:47
6669,緯穎,2024-05-23,2740.0,145.0,5.59%,,35.61,,,,,,,ShowDailyK_ChartFlow,FinMind_API_TaiwanStockPrice_6669,True,2026-09-28T22:40:47,2026-09-28T22:40:47,2026-09-28T22:40:47
6669,緯穎,2024-05-24,2740.0,0.0,0.00%,,35.61,,,,,,,ShowDailyK_ChartFlow,FinMind_API_TaiwanStockPrice_6669,True,2026-09-28T22:40:47,2026-09-28T22:40:47,2026-09-28T22:40:47
6669,緯穎,2024-05-27,2710.0,-30.0,-1.09%,,35.22,,,,,,,ShowDailyK_ChartFlow,FinMind_API_TaiwanStockPrice_6669,True,2026-09-28T22:40:47,2026-09-28T22:40:47,2026-09-28T22:40:47
6669,緯穎,2024-05-28,2685.0,-25.0,-0.92%,,34.9,,,,,,,ShowDailyK_ChartFlow,FinMind_API_TaiwanStockPrice_6669,True,2026-09-28T22:40:47,2026-09-28T22:40:47,2026-09-28T22:40:47
6669,緯穎,2024-05-29,2640.0,-45.0,-1.68%,,34.31,,,,,,,ShowDailyK_ChartFlow,FinMind_API_TaiwanStockPrice_6669,True,2026-09-28T22:40:47,2026-09-28T22:40:47,2026-09-28T22:40:47
6669,緯穎,2024-05-30,2645.0,5.0,0.19%,,34.38,,,,,,,ShowDailyK_ChartFlow,FinMind_API_TaiwanStockPrice_6669,True,2026-09-28T22:40:47,2026-09-28T22:40:47,2026-09-28T22:40:47
6669,緯穎,2024-05-31,2470.0,-175.0,-6.62%,,32.1,,,,,,,ShowDailyK_ChartFlow,FinMind_API_TaiwanStockPrice_6669,True,2026-09-28T22:40:47,2026-09-28T22:40:47,2026-09-28T22:40:47
6669,緯穎,2024-06-03,2565.0,95.0,3.85%,,33.34,,,,,,,ShowDailyK_ChartFlow,FinMind_API_TaiwanStockPrice_6669,True,2026-09-28T22:40:47,2026-09-28T22:40:47,2026-09-28T22:40:47
6669,緯穎,2024-06-04,2535.0,-30.0,-1.17%,,32.95,,,,,,,ShowDailyK_ChartFlow,FinMind_API_TaiwanStockPrice_6669,True,2026-09-28T22:40:47,2026-09-28T22:40:47,2026-09-28T22:40:47
6669,緯穎,2024-06-05,2525.0,-10.0,-0.39%,,32.82,,,,,,,ShowDailyK_ChartFlow,FinMind_API_TaiwanStockPrice_6669,True,2026-09-28T22:40:47,2026-09-28T22:40:47,2026-09-28T22:40:47
6669,緯穎,2024-06-06,2620.0,95.0,3.76%,,34.05,,,,,,,ShowDailyK_ChartFlow,FinMind_API_TaiwanStockPrice_6669,True,2026-09-28T22:40:47,2026-09-28T22:40:47,2026-09-28T22:40:47
6669,緯穎,2024-06-07,2630.0,10.0,0.38%,,34.18,,,,,,,ShowDailyK_ChartFlow,FinMind_API_TaiwanStockPrice_6669,True,2026-09-28T22:40:47,2026-09-28T22:40:47,2026-09-28T22:40:47
6669,緯穎,2024-06-11,2610.0,-20.0,-0.76%,,33.92,,,,,,,ShowDailyK_ChartFlow,FinMind_API_TaiwanStockPrice_6669,True,2026-09-28T22:40:47,2026-09-28T22:40:47,2026-09-28T22:40:47
6669,緯穎,2024-06-12,2610.0,0.0,0.00%,,33.92,,,,,,,ShowDailyK_ChartFlow,FinMind_API_TaiwanStockPrice_6669,True,2026-09-28T22:40:47,2026-09-28T22:40:47,2026-09-28T22:40:47
6669,緯穎,2024-06-13,2715.0,105.0,4.02%,,35.29,,,,,,,ShowDailyK_ChartFlow,FinMind_API_TaiwanStockPrice_6669,True,2026-09-28T22:40:47,2026-09-28T22:40:47,2026-09-28T22:40:47
6669,緯穎,2024-06-14,2765.0,50.0,1.84%,,35.94,,,,,,,ShowDailyK_ChartFlow,FinMind_API_TaiwanStockPrice_6669,True,2026-09-28T22:40:47,2026-09-28T22:40:47,2026-09-28T22:40:47
6669,緯穎,2024-06-17,2660.0,-105.0,-3.80%,,34.57,,,,,,,ShowDailyK_ChartFlow,FinMind_API_TaiwanStockPrice_6669,True,2026-09-28T22:40:47,2026-09-28T22:40:47,2026-09-28T22:40:47
6669,緯穎,2024-06-18,2710.0,50.0,1.88%,,35.22,,,,,,,ShowDailyK_ChartFlow,FinMind_API_TaiwanStockPrice_6669,True,2026-09-28T22:40:47,2026-09-28T22:40:47,2026-09-28T22:40:47
6669,緯穎,2024-06-19,2965.0,255.0,9.41%,,38.54,,,,,,,ShowDailyK_ChartFlow,FinMind_API_TaiwanStockPrice_6669,True,2026-09-28T22:40:47,2026-09-28T22:40:47,2026-09-28T22:40:47
6669,緯穎,2024-06-20,2955.0,-10.0,-0.34%,,38.41,,,,,,,ShowDailyK_ChartFlow,FinMind_API_TaiwanStockPrice_6669,True,2026-09-28T22:40:47,2026-09-28T22:40:47,2026-09-28T22:40:47
6669,緯穎,2024-06-21,2800.0,-155.0,-5.25%,,36.39,,,,,,,ShowDailyK_ChartFlow,FinMind_API_TaiwanStockPrice_6669,True,2026-09-28T22:40:47,2026-09-28T22:40:47,2026-09-28T22:40:47
6669,緯穎,2024-06-24,2665.0,-135.0,-4.82%,,34.64,,,,,,,ShowDailyK_ChartFlow,FinMind_API_TaiwanStockPrice_6669,True,2026-09-28T22:40:47,2026-09-28T22:40:47,2026-09-28T22:40:47
6669,緯穎,2024-06-25,2605.0,-60.0,-2.25%,,33.86,,,,,,,ShowDailyK_ChartFlow,FinMind_API_TaiwanStockPrice_6669,True,2026-09-28T22:40:47,2026-09-28T22:40:47,2026-09-28T22:40:47
6669,緯穎,2024-06-26,2590.0,-15.0,-0.58%,,33.66,,,,,,,ShowDailyK_ChartFlow,FinMind_API_TaiwanStockPrice_6669,True,2026-09-28T22:40:47,2026-09-28T22:40:47,2026-09-28T22:40:47
6669,緯穎,2024-06-27,2555.0,-35.0,-1.35%,,33.21,,,,,,,ShowDailyK_ChartFlow,FinMind_API_TaiwanStockPrice_6669,True,2026-09-28T22:40:47,2026-09-28T22:40:47,2026-09-28T22:40:47
6669,緯穎,2024-06-28,2645.0,90.0,3.52%,,34.38,,,,,,,ShowDailyK_ChartFlow,FinMind_API_TaiwanStockPrice_6669,True,2026-09-28T22:40:47,2026-09-28T22:40:47,2026-09-28T22:40:47
6669,緯穎,2024-07-01,2605.0,-40.0,-1.51%,,33.86,,,,,,,ShowDailyK_ChartFlow,FinMind_API_TaiwanStockPrice_6669,True,2026-09-28T22:40:47,2026-09-28T22:40:47,2026-09-28T22:40:47
6669,緯穎,2024-07-02,2615.0,10.0,0.38%,,33.99,,,,,,,ShowDailyK_ChartFlow,FinMind_API_TaiwanStockPrice_6669,True,2026-09-28T22:40:47,2026-09-28T22:40:47,2026-09-28T22:40:47
6669,緯穎,2024-07-03,2620.0,5.0,0.19%,,34.05,,,,,,,ShowDailyK_ChartFlow,FinMind_API_TaiwanStockPrice_6669,True,2026-09-28T22:40:47,2026-09-28T22:40:47,2026-09-28T22:40:47
6669,緯穎,2024-07-04,2730.0,110.0,4.20%,,35.48,,,,,,,ShowDailyK_ChartFlow,FinMind_API_TaiwanStockPrice_6669,True,2026-09-28T22:40:47,2026-09-28T22:40:47,2026-09-28T22:40:47
6669,緯穎,2024-07-05,2725.0,-5.0,-0.18%,,35.42,,,,,,,ShowDailyK_ChartFlow,FinMind_API_TaiwanStockPrice_6669,True,2026-09-28T22:40:47,2026-09-28T22:40:47,2026-09-28T22:40:47
6669,緯穎,2024-07-08,2770.0,45.0,1.65%,,36.0,,,,,,,ShowDailyK_ChartFlow,FinMind_API_TaiwanStockPrice_6669,True,2026-09-28T22:40:47,2026-09-28T22:40:47,2026-09-28T22:40:47
6669,緯穎,2024-07-09,2670.0,-100.0,-3.61%,,34.7,,,,,,,ShowDailyK_ChartFlow,FinMind_API_TaiwanStockPrice_6669,True,2026-09-28T22:40:47,2026-09-28T22:40:47,2026-09-28T22:40:47
6669,緯穎,2024-07-10,2620.0,-50.0,-1.87%,,34.05,,,,,,,ShowDailyK_ChartFlow,FinMind_API_TaiwanStockPrice_6669,True,2026-09-28T22:40:47,2026-09-28T22:40:47,2026-09-28T22:40:47
6669,緯穎,2024-07-11,2525.0,-95.0,-3.63%,,32.82,,,,,,,ShowDailyK_ChartFlow,FinMind_API_TaiwanStockPrice_6669,True,2026-09-28T22:40:47,2026-09-28T22:40:47,2026-09-28T22:40:47
6669,緯穎,2024-07-12,2440.0,-85.0,-3.37%,,31.71,,,,,,,ShowDailyK_ChartFlow,FinMind_API_TaiwanStockPrice_6669,True,2026-09-28T22:40:47,2026-09-28T22:40:47,2026-09-28T22:40:47
6669,緯穎,2024-07-15,2375.0,-65.0,-2.66%,,30.87,,,,,,,ShowDailyK_ChartFlow,FinMind_API_TaiwanStockPrice_6669,True,2026-09-28T22:40:47,2026-09-28T22:40:47,2026-09-28T22:40:47
6669,緯穎,2024-07-16,2460.0,85.0,3.58%,,31.97,,,,,,,ShowDailyK_ChartFlow,FinMind_API_TaiwanStockPrice_6669,True,2026-09-28T22:40:47,2026-09-28T22:40:47,2026-09-28T22:40:47
6669,緯穎,2024-07-17,2380.0,-80.0,-3.25%,,30.93,,,,,,,ShowDailyK_ChartFlow,FinMind_API_TaiwanStockPrice_6669,True,2026-09-28T22:40:47,2026-09-28T22:40:47,2026-09-28T22:40:47
6669,緯穎,2024-07-18,2275.0,-105.0,-4.41%,,29.57,,,,,,,ShowDailyK_ChartFlow,FinMind_API_TaiwanStockPrice_6669,True,2026-09-28T22:40:47,2026-09-28T22:40:47,2026-09-28T22:40:47
6669,緯穎,2024-07-19,2205.0,-70.0,-3.08%,,28.66,,,,,,,ShowDailyK_ChartFlow,FinMind_API_TaiwanStockPrice_6669,True,2026-09-28T22:40:47,2026-09-28T22:40:47,2026-09-28T22:40:47
6669,緯穎,2024-07-22,2160.0,-45.0,-2.04%,,28.07,,,,,,,ShowDailyK_ChartFlow,FinMind_API_TaiwanStockPrice_6669,True,2026-09-28T22:40:47,2026-09-28T22:40:47,2026-09-28T22:40:47
6669,緯穎,2024-07-23,2170.0,10.0,0.46%,,28.2,,,,,,,ShowDailyK_ChartFlow,FinMind_API_TaiwanStockPrice_6669,True,2026-09-28T22:40:47,2026-09-28T22:40:47,2026-09-28T22:40:47
6669,緯穎,2024-07-26,1975.0,-195.0,-8.99%,,25.67,,,,,,,ShowDailyK_ChartFlow,FinMind_API_TaiwanStockPrice_6669,True,2026-09-28T22:40:47,2026-09-28T22:40:47,2026-09-28T22:40:47
6669,緯穎,2024-07-29,1900.0,-75.0,-3.80%,,24.69,,,,,,,ShowDailyK_ChartFlow,FinMind_API_TaiwanStockPrice_6669,True,2026-09-28T22:40:47,2026-09-28T22:40:47,2026-09-28T22:40:47
6669,緯穎,2024-07-30,1990.0,90.0,4.74%,,25.86,,,,,,,ShowDailyK_ChartFlow,FinMind_API_TaiwanStockPrice_6669,True,2026-09-28T22:40:47,2026-09-28T22:40:47,2026-09-28T22:40:47
6669,緯穎,2024-07-31,2030.0,40.0,2.01%,,26.38,,,,,,,ShowDailyK_ChartFlow,FinMind_API_TaiwanStockPrice_6669,True,2026-09-28T22:40:47,2026-09-28T22:40:47,2026-09-28T22:40:47
6669,緯穎,2024-08-01,2135.0,105.0,5.17%,,27.75,,,,,,,ShowDailyK_ChartFlow,FinMind_API_TaiwanStockPrice_6669,True,2026-09-28T22:40:47,2026-09-28T22:40:47,2026-09-28T22:40:47
6669,緯穎,2024-08-02,1985.0,-150.0,-7.03%,,25.8,,,,,,,ShowDailyK_ChartFlow,FinMind_API_TaiwanStockPrice_6669,True,2026-09-28T22:40:47,2026-09-28T22:40:47,2026-09-28T22:40:47
6669,緯穎,2024-08-05,1790.0,-195.0,-9.82%,,23.26,,,,,,,ShowDailyK_ChartFlow,FinMind_API_TaiwanStockPrice_6669,True,2026-09-28T22:40:47,2026-09-28T22:40:47,2026-09-28T22:40:47
6669,緯穎,2024-08-06,1775.0,-15.0,-0.84%,,23.07,,,,,,,ShowDailyK_ChartFlow,FinMind_API_TaiwanStockPrice_6669,True,2026-09-28T22:40:47,2026-09-28T22:40:47,2026-09-28T22:40:47
6669,緯穎,2024-08-07,1950.0,175.0,9.86%,,25.34,,,,,,,ShowDailyK_ChartFlow,FinMind_API_TaiwanStockPrice_6669,True,2026-09-28T22:40:47,2026-09-28T22:40:47,2026-09-28T22:40:47
6669,緯穎,2024-08-08,1905.0,-45.0,-2.31%,,24.76,,,,,,,ShowDailyK_ChartFlow,FinMind_API_TaiwanStockPrice_6669,True,2026-09-28T22:40:47,2026-09-28T22:40:47,2026-09-28T22:40:47
6669,緯穎,2024-08-09,1875.0,-30.0,-1.57%,,21.11,,,,,,,ShowDailyK_ChartFlow,FinMind_API_TaiwanStockPrice_6669,True,2026-09-28T22:40:47,2026-09-28T22:40:47,2026-09-28T22:40:47
6669,緯穎,2024-08-12,1965.0,90.0,4.80%,,22.12,,,,,,,ShowDailyK_ChartFlow,FinMind_API_TaiwanStockPrice_6669,True,2026-09-28T22:40:47,2026-09-28T22:40:47,2026-09-28T22:40:47
6669,緯穎,2024-08-13,1950.0,-15.0,-0.76%,,21.95,,,,,,,ShowDailyK_ChartFlow,FinMind_API_TaiwanStockPrice_6669,True,2026-09-28T22:40:47,2026-09-28T22:40:47,2026-09-28T22:40:47
6669,緯穎,2024-08-14,1960.0,10.0,0.51%,,22.06,,,,,,,ShowDailyK_ChartFlow,FinMind_API_TaiwanStockPrice_6669,True,2026-09-28T22:40:47,2026-09-28T22:40:47,2026-09-28T22:40:47
6669,緯穎,2024-08-15,1925.0,-35.0,-1.79%,,21.67,,,,,,,ShowDailyK_ChartFlow,FinMind_API_TaiwanStockPrice_6669,True,2026-09-28T22:40:47,2026-09-28T22:40:47,2026-09-28T22:40:47
6669,緯穎,2024-08-16,2025.0,100.0,5.19%,,22.8,,,,,,,ShowDailyK_ChartFlow,FinMind_API_TaiwanStockPrice_6669,True,2026-09-28T22:40:47,2026-09-28T22:40:47,2026-09-28T22:40:47
6669,緯穎,2024-08-19,1930.0,-95.0,-4.69%,,21.73,,,,,,,ShowDailyK_ChartFlow,FinMind_API_TaiwanStockPrice_6669,True,2026-09-28T22:40:47,2026-09-28T22:40:47,2026-09-28T22:40:47
6669,緯穎,2024-08-20,1940.0,10.0,0.52%,,21.84,,,,,,,ShowDailyK_ChartFlow,FinMind_API_TaiwanStockPrice_6669,True,2026-09-28T22:40:47,2026-09-28T22:40:47,2026-09-28T22:40:47
6669,緯穎,2024-08-21,1890.0,-50.0,-2.58%,,21.28,,,,,,,ShowDailyK_ChartFlow,FinMind_API_TaiwanStockPrice_6669,True,2026-09-28T22:40:47,2026-09-28T22:40:47,2026-09-28T22:40:47
6669,緯穎,2024-08-22,1865.0,-25.0,-1.32%,,21.0,,,,,,,ShowDailyK_ChartFlow,FinMind_API_TaiwanStockPrice_6669,True,2026-09-28T22:40:47,2026-09-28T22:40:47,2026-09-28T22:40:47
6669,緯穎,2024-08-23,1915.0,50.0,2.68%,,21.56,,,,,,,ShowDailyK_ChartFlow,FinMind_API_TaiwanStockPrice_6669,True,2026-09-28T22:40:47,2026-09-28T22:40:47,2026-09-28T22:40:47
6669,緯穎,2024-08-26,1910.0,-5.0,-0.26%,,21.5,,,,,,,ShowDailyK_ChartFlow,FinMind_API_TaiwanStockPrice_6669,True,2026-09-28T22:40:47,2026-09-28T22:40:47,2026-09-28T22:40:47
6669,緯穎,2024-08-27,1905.0,-5.0,-0.26%,,21.45,,,,,,,ShowDailyK_ChartFlow,FinMind_API_TaiwanStockPrice_6669,True,2026-09-28T22:40:47,2026-09-28T22:40:47,2026-09-28T22:40:47
6669,緯穎,2024-08-28,1925.0,20.0,1.05%,,21.67,,,,,,,ShowDailyK_ChartFlow,FinMind_API_TaiwanStockPrice_6669,True,2026-09-28T22:40:47,2026-09-28T22:40:47,2026-09-28T22:40:47
6669,緯穎,2024-08-29,1905.0,-20.0,-1.04%,,21.45,,,,,,,ShowDailyK_ChartFlow,FinMind_API_TaiwanStockPrice_6669,True,2026-09-28T22:40:47,2026-09-28T22:40:47,2026-09-28T22:40:47
6669,緯穎,2024-08-30,1900.0,-5.0,-0.26%,,21.39,,,,,,,ShowDailyK_ChartFlow,FinMind_API_TaiwanStockPrice_6669,True,2026-09-28T22:40:47,2026-09-28T22:40:47,2026-09-28T22:40:47
6669,緯穎,2024-09-02,1855.0,-45.0,-2.37%,,20.88,,,,,,,ShowDailyK_ChartFlow,FinMind_API_TaiwanStockPrice_6669,True,2026-09-28T22:40:47,2026-09-28T22:40:47,2026-09-28T22:40:47
6669,緯穎,2024-09-03,1840.0,-15.0,-0.81%,,20.71,,,,,,,ShowDailyK_ChartFlow,FinMind_API_TaiwanStockPrice_6669,True,2026-09-28T22:40:47,2026-09-28T22:40:47,2026-09-28T22:40:47
6669,緯穎,2024-09-04,1675.0,-165.0,-8.97%,,18.86,,,,,,,ShowDailyK_ChartFlow,FinMind_API_TaiwanStockPrice_6669,True,2026-09-28T22:40:47,2026-09-28T22:40:47,2026-09-28T22:40:47
6669,緯穎,2024-09-05,1660.0,-15.0,-0.90%,,18.69,,,,,,,ShowDailyK_ChartFlow,FinMind_API_TaiwanStockPrice_6669,True,2026-09-28T22:40:47,2026-09-28T22:40:47,2026-09-28T22:40:47
6669,緯穎,2024-09-06,1715.0,55.0,3.31%,,19.31,,,,,,,ShowDailyK_ChartFlow,FinMind_API_TaiwanStockPrice_6669,True,2026-09-28T22:40:47,2026-09-28T22:40:47,2026-09-28T22:40:47
6669,緯穎,2024-09-09,1715.0,0.0,0.00%,,19.31,,,,,,,ShowDailyK_ChartFlow,FinMind_API_TaiwanStockPrice_6669,True,2026-09-28T22:40:47,2026-09-28T22:40:47,2026-09-28T22:40:47
6669,緯穎,2024-09-10,1675.0,-40.0,-2.33%,,18.86,,,,,,,ShowDailyK_ChartFlow,FinMind_API_TaiwanStockPrice_6669,True,2026-09-28T22:40:47,2026-09-28T22:40:47,2026-09-28T22:40:47
6669,緯穎,2024-09-11,1650.0,-25.0,-1.49%,,18.57,,,,,,,ShowDailyK_ChartFlow,FinMind_API_TaiwanStockPrice_6669,True,2026-09-28T22:40:47,2026-09-28T22:40:47,2026-09-28T22:40:47
6669,緯穎,2024-09-12,1815.0,165.0,10.00%,,20.43,,,,,,,ShowDailyK_ChartFlow,FinMind_API_TaiwanStockPrice_6669,True,2026-09-28T22:40:47,2026-09-28T22:40:47,2026-09-28T22:40:47
6669,緯穎,2024-09-13,1780.0,-35.0,-1.93%,,20.04,,,,,,,ShowDailyK_ChartFlow,FinMind_API_TaiwanStockPrice_6669,True,2026-09-28T22:40:47,2026-09-28T22:40:47,2026-09-28T22:40:47
6669,緯穎,2024-09-16,1820.0,40.0,2.25%,,20.49,,,,,,,ShowDailyK_ChartFlow,FinMind_API_TaiwanStockPrice_6669,True,2026-09-28T22:40:47,2026-09-28T22:40:47,2026-09-28T22:40:47
6669,緯穎,2024-09-18,1715.0,-105.0,-5.77%,,19.31,,,,,,,ShowDailyK_ChartFlow,FinMind_API_TaiwanStockPrice_6669,True,2026-09-28T22:40:47,2026-09-28T22:40:47,2026-09-28T22:40:47
6669,緯穎,2024-09-19,1820.0,105.0,6.12%,,20.49,,,,,,,ShowDailyK_ChartFlow,FinMind_API_TaiwanStockPrice_6669,True,2026-09-28T22:40:47,2026-09-28T22:40:47,2026-09-28T22:40:47
6669,緯穎,2024-09-20,1770.0,-50.0,-2.75%,,19.93,,,,,,,ShowDailyK_ChartFlow,FinMind_API_TaiwanStockPrice_6669,True,2026-09-28T22:40:47,2026-09-28T22:40:47,2026-09-28T22:40:47
6669,緯穎,2024-09-23,1775.0,5.0,0.28%,,19.98,,,,,,,ShowDailyK_ChartFlow,FinMind_API_TaiwanStockPrice_6669,True,2026-09-28T22:40:47,2026-09-28T22:40:47,2026-09-28T22:40:47
6669,緯穎,2024-09-24,1795.0,20.0,1.13%,,20.21,,,,,,,ShowDailyK_ChartFlow,FinMind_API_TaiwanStockPrice_6669,True,2026-09-28T22:40:47,2026-09-28T22:40:47,2026-09-28T22:40:47
6669,緯穎,2024-09-25,1825.0,30.0,1.67%,,20.54,,,,,,,ShowDailyK_ChartFlow,FinMind_API_TaiwanStockPrice_6669,True,2026-09-28T22:40:47,2026-09-28T22:40:47,2026-09-28T22:40:47
6669,緯穎,2024-09-26,1825.0,0.0,0.00%,,20.54,,,,,,,ShowDailyK_ChartFlow,FinMind_API_TaiwanStockPrice_6669,True,2026-09-28T22:40:47,2026-09-28T22:40:47,2026-09-28T22:40:47
6669,緯穎,2024-09-27,1825.0,0.0,0.00%,,20.54,,,,,,,ShowDailyK_ChartFlow,FinMind_API_TaiwanStockPrice_6669,True,2026-09-28T22:40:47,2026-09-28T22:40:47,2026-09-28T22:40:47
6669,緯穎,2024-09-30,1715.0,-110.0,-6.03%,,19.31,,,,,,,ShowDailyK_ChartFlow,FinMind_API_TaiwanStockPrice_6669,True,2026-09-28T22:40:47,2026-09-28T22:40:47,2026-09-28T22:40:47
6669,緯穎,2024-10-01,1755.0,40.0,2.33%,,19.76,,,,,,,ShowDailyK_ChartFlow,FinMind_API_TaiwanStockPrice_6669,True,2026-09-28T22:40:47,2026-09-28T22:40:47,2026-09-28T22:40:47
6669,緯穎,2024-10-04,1730.0,-25.0,-1.42%,,19.48,,,,,,,ShowDailyK_ChartFlow,FinMind_API_TaiwanStockPrice_6669,True,2026-09-28T22:40:47,2026-09-28T22:40:47,2026-09-28T22:40:47
6669,緯穎,2024-10-07,1705.0,-25.0,-1.45%,,19.19,,,,,,,ShowDailyK_ChartFlow,FinMind_API_TaiwanStockPrice_6669,True,2026-09-28T22:40:47,2026-09-28T22:40:47,2026-09-28T22:40:47
6669,緯穎,2024-10-08,1745.0,40.0,2.35%,,19.64,,,,,,,ShowDailyK_ChartFlow,FinMind_API_TaiwanStockPrice_6669,True,2026-09-28T22:40:47,2026-09-28T22:40:47,2026-09-28T22:40:47
6669,緯穎,2024-10-09,1805.0,60.0,3.44%,,20.32,,,,,,,ShowDailyK_ChartFlow,FinMind_API_TaiwanStockPrice_6669,True,2026-09-28T22:40:47,2026-09-28T22:40:47,2026-09-28T22:40:47
6669,緯穎,2024-10-11,1895.0,90.0,4.99%,,21.33,,,,,,,ShowDailyK_ChartFlow,FinMind_API_TaiwanStockPrice_6669,True,2026-09-28T22:40:47,2026-09-28T22:40:47,2026-09-28T22:40:47
6669,緯穎,2024-10-14,1990.0,95.0,5.01%,,22.4,,,,,,,ShowDailyK_ChartFlow,FinMind_API_TaiwanStockPrice_6669,True,2026-09-28T22:40:47,2026-09-28T22:40:47,2026-09-28T22:40:47
6669,緯穎,2024-10-15,1965.0,-25.0,-1.26%,,22.12,,,,,,,ShowDailyK_ChartFlow,FinMind_API_TaiwanStockPrice_6669,True,2026-09-28T22:40:47,2026-09-28T22:40:47,2026-09-28T22:40:47
6669,緯穎,2024-10-16,1930.0,-35.0,-1.78%,,21.73,,,,,,,ShowDailyK_ChartFlow,FinMind_API_TaiwanStockPrice_6669,True,2026-09-28T22:40:47,2026-09-28T22:40:47,2026-09-28T22:40:47
6669,緯穎,2024-10-17,1950.0,20.0,1.04%,,21.95,,,,,,,ShowDailyK_ChartFlow,FinMind_API_TaiwanStockPrice_6669,True,2026-09-28T22:40:47,2026-09-28T22:40:47,2026-09-28T22:40:47
6669,緯穎,2024-10-18,1935.0,-15.0,-0.77%,,21.78,,,,,,,ShowDailyK_ChartFlow,FinMind_API_TaiwanStockPrice_6669,True,2026-09-28T22:40:47,2026-09-28T22:40:47,2026-09-28T22:40:47
6669,緯穎,2024-10-21,1975.0,40.0,2.07%,,22.23,,,,,,,ShowDailyK_ChartFlow,FinMind_API_TaiwanStockPrice_6669,True,2026-09-28T22:40:47,2026-09-28T22:40:47,2026-09-28T22:40:47
6669,緯穎,2024-10-22,2025.0,50.0,2.53%,,22.8,,,,,,,ShowDailyK_ChartFlow,FinMind_API_TaiwanStockPrice_6669,True,2026-09-28T22:40:47,2026-09-28T22:40:47,2026-09-28T22:40:47
6669,緯穎,2024-10-23,2045.0,20.0,0.99%,,23.02,,,,,,,ShowDailyK_ChartFlow,FinMind_API_TaiwanStockPrice_6669,True,2026-09-28T22:40:47,2026-09-28T22:40:47,2026-09-28T22:40:47
6669,緯穎,2024-10-24,1985.0,-60.0,-2.93%,,22.35,,,,,,,ShowDailyK_ChartFlow,FinMind_API_TaiwanStockPrice_6669,True,2026-09-28T22:40:47,2026-09-28T22:40:47,2026-09-28T22:40:47
6669,緯穎,2024-10-25,1980.0,-5.0,-0.25%,,22.29,,,,,,,ShowDailyK_ChartFlow,FinMind_API_TaiwanStockPrice_6669,True,2026-09-28T22:40:47,2026-09-28T22:40:47,2026-09-28T22:40:47
6669,緯穎,2024-10-28,1970.0,-10.0,-0.51%,,22.18,,,,,,,ShowDailyK_ChartFlow,FinMind_API_TaiwanStockPrice_6669,True,2026-09-28T22:40:47,2026-09-28T22:40:47,2026-09-28T22:40:47
6669,緯穎,2024-10-29,1920.0,-50.0,-2.54%,,21.61,,,,,,,ShowDailyK_ChartFlow,FinMind_API_TaiwanStockPrice_6669,True,2026-09-28T22:40:47,2026-09-28T22:40:47,2026-09-28T22:40:47
6669,緯穎,2024-10-30,1905.0,-15.0,-0.78%,,21.45,,,,,,,ShowDailyK_ChartFlow,FinMind_API_TaiwanStockPrice_6669,True,2026-09-28T22:40:47,2026-09-28T22:40:47,2026-09-28T22:40:47
6669,緯穎,2024-11-01,1865.0,-40.0,-2.10%,,21.0,,,,,,,ShowDailyK_ChartFlow,FinMind_API_TaiwanStockPrice_6669,True,2026-09-28T22:40:47,2026-09-28T22:40:47,2026-09-28T22:40:47
6669,緯穎,2024-11-04,1960.0,95.0,5.09%,,22.06,,,,,,,ShowDailyK_ChartFlow,FinMind_API_TaiwanStockPrice_6669,True,2026-09-28T22:40:47,2026-09-28T22:40:47,2026-09-28T22:40:47
6669,緯穎,2024-11-05,1930.0,-30.0,-1.53%,,21.73,,,,,,,ShowDailyK_ChartFlow,FinMind_API_TaiwanStockPrice_6669,True,2026-09-28T22:40:47,2026-09-28T22:40:47,2026-09-28T22:40:47
6669,緯穎,2024-11-06,1990.0,60.0,3.11%,,22.4,,,,,,,ShowDailyK_ChartFlow,FinMind_API_TaiwanStockPrice_6669,True,2026-09-28T22:40:47,2026-09-28T22:40:47,2026-09-28T22:40:47
6669,緯穎,2024-11-07,2000.0,10.0,0.50%,,22.51,,,,,,,ShowDailyK_ChartFlow,FinMind_API_TaiwanStockPrice_6669,True,2026-09-28T22:40:47,2026-09-28T22:40:47,2026-09-28T22:40:47
6669,緯穎,2024-11-08,2060.0,60.0,3.00%,,23.19,,,,,,,ShowDailyK_ChartFlow,FinMind_API_TaiwanStockPrice_6669,True,2026-09-28T22:40:47,2026-09-28T22:40:47,2026-09-28T22:40:47
6669,緯穎,2024-11-11,2085.0,25.0,1.21%,,23.47,,,,,,,ShowDailyK_ChartFlow,FinMind_API_TaiwanStockPrice_6669,True,2026-09-28T22:40:47,2026-09-28T22:40:47,2026-09-28T22:40:47
6669,緯穎,2024-11-12,2100.0,15.0,0.72%,,23.64,,,,,,,ShowDailyK_ChartFlow,FinMind_API_TaiwanStockPrice_6669,True,2026-09-28T22:40:47,2026-09-28T22:40:47,2026-09-28T22:40:47
6669,緯穎,2024-11-13,2140.0,40.0,1.90%,,24.09,,,,,,,ShowDailyK_ChartFlow,FinMind_API_TaiwanStockPrice_6669,True,2026-09-28T22:40:47,2026-09-28T22:40:47,2026-09-28T22:40:47
6669,緯穎,2024-11-14,2260.0,120.0,5.61%,,21.83,,,,,,,ShowDailyK_ChartFlow,FinMind_API_TaiwanStockPrice_6669,True,2026-09-28T22:40:47,2026-09-28T22:40:47,2026-09-28T22:40:47
6669,緯穎,2024-11-15,2160.0,-100.0,-4.42%,,20.86,,,,,,,ShowDailyK_ChartFlow,FinMind_API_TaiwanStockPrice_6669,True,2026-09-28T22:40:47,2026-09-28T22:40:47,2026-09-28T22:40:47
6669,緯穎,2024-11-18,2065.0,-95.0,-4.40%,,19.94,,,,,,,ShowDailyK_ChartFlow,FinMind_API_TaiwanStockPrice_6669,True,2026-09-28T22:40:47,2026-09-28T22:40:47,2026-09-28T22:40:47
6669,緯穎,2024-11-19,2085.0,20.0,0.97%,,20.14,,,,,,,ShowDailyK_ChartFlow,FinMind_API_TaiwanStockPrice_6669,True,2026-09-28T22:40:47,2026-09-28T22:40:47,2026-09-28T22:40:47
6669,緯穎,2024-11-20,2080.0,-5.0,-0.24%,,20.09,,,,,,,ShowDailyK_ChartFlow,FinMind_API_TaiwanStockPrice_6669,True,2026-09-28T22:40:47,2026-09-28T22:40:47,2026-09-28T22:40:47
6669,緯穎,2024-11-21,2035.0,-45.0,-2.16%,,19.65,,,,,,,ShowDailyK_ChartFlow,FinMind_API_TaiwanStockPrice_6669,True,2026-09-28T22:40:47,2026-09-28T22:40:47,2026-09-28T22:40:47
6669,緯穎,2024-11-22,2130.0,95.0,4.67%,,20.57,,,,,,,ShowDailyK_ChartFlow,FinMind_API_TaiwanStockPrice_6669,True,2026-09-28T22:40:47,2026-09-28T22:40:47,2026-09-28T22:40:47
6669,緯穎,2024-11-25,2200.0,70.0,3.29%,,21.25,,,,,,,ShowDailyK_ChartFlow,FinMind_API_TaiwanStockPrice_6669,True,2026-09-28T22:40:47,2026-09-28T22:40:47,2026-09-28T22:40:47
6669,緯穎,2024-11-26,2115.0,-85.0,-3.86%,,20.42,,,,,,,ShowDailyK_ChartFlow,FinMind_API_TaiwanStockPrice_6669,True,2026-09-28T22:40:47,2026-09-28T22:40:47,2026-09-28T22:40:47
6669,緯穎,2024-11-27,1910.0,-205.0,-9.69%,,18.45,,,,,,,ShowDailyK_ChartFlow,FinMind_API_TaiwanStockPrice_6669,True,2026-09-28T22:40:47,2026-09-28T22:40:47,2026-09-28T22:40:47
6669,緯穎,2024-11-28,1980.0,70.0,3.66%,,19.12,,,,,,,ShowDailyK_ChartFlow,FinMind_API_TaiwanStockPrice_6669,True,2026-09-28T22:40:47,2026-09-28T22:40:47,2026-09-28T22:40:47
6669,緯穎,2024-11-29,1935.0,-45.0,-2.27%,,18.69,,,,,,,ShowDailyK_ChartFlow,FinMind_API_TaiwanStockPrice_6669,True,2026-09-28T22:40:47,2026-09-28T22:40:47,2026-09-28T22:40:47
6669,緯穎,2024-12-02,1955.0,20.0,1.03%,,18.88,,,,,,,ShowDailyK_ChartFlow,FinMind_API_TaiwanStockPrice_6669,True,2026-09-28T22:40:47,2026-09-28T22:40:47,2026-09-28T22:40:47
6669,緯穎,2024-12-03,2020.0,65.0,3.32%,,19.51,,,,,,,ShowDailyK_ChartFlow,FinMind_API_TaiwanStockPrice_6669,True,2026-09-28T22:40:47,2026-09-28T22:40:47,2026-09-28T22:40:47
6669,緯穎,2024-12-04,2190.0,170.0,8.42%,,21.15,,,,,,,ShowDailyK_ChartFlow,FinMind_API_TaiwanStockPrice_6669,True,2026-09-28T22:40:47,2026-09-28T22:40:47,2026-09-28T22:40:47
6669,緯穎,2024-12-05,2325.0,135.0,6.16%,,22.45,,,,,,,ShowDailyK_ChartFlow,FinMind_API_TaiwanStockPrice_6669,True,2026-09-28T22:40:47,2026-09-28T22:40:47,2026-09-28T22:40:47
6669,緯穎,2024-12-06,2410.0,85.0,3.66%,,23.27,,,,,,,ShowDailyK_ChartFlow,FinMind_API_TaiwanStockPrice_6669,True,2026-09-28T22:40:47,2026-09-28T22:40:47,2026-09-28T22:40:47
6669,緯穎,2024-12-09,2485.0,75.0,3.11%,,24.0,,,,,,,ShowDailyK_ChartFlow,FinMind_API_TaiwanStockPrice_6669,True,2026-09-28T22:40:47,2026-09-28T22:40:47,2026-09-28T22:40:47
6669,緯穎,2024-12-10,2435.0,-50.0,-2.01%,,23.52,,,,,,,ShowDailyK_ChartFlow,FinMind_API_TaiwanStockPrice_6669,True,2026-09-28T22:40:47,2026-09-28T22:40:47,2026-09-28T22:40:47
6669,緯穎,2024-12-11,2480.0,45.0,1.85%,,23.95,,,,,,,ShowDailyK_ChartFlow,FinMind_API_TaiwanStockPrice_6669,True,2026-09-28T22:40:47,2026-09-28T22:40:47,2026-09-28T22:40:47
6669,緯穎,2024-12-12,2465.0,-15.0,-0.60%,,23.8,,,,,,,ShowDailyK_ChartFlow,FinMind_API_TaiwanStockPrice_6669,True,2026-09-28T22:40:47,2026-09-28T22:40:47,2026-09-28T22:40:47
6669,緯穎,2024-12-13,2515.0,50.0,2.03%,,24.29,,,,,,,ShowDailyK_ChartFlow,FinMind_API_TaiwanStockPrice_6669,True,2026-09-28T22:40:47,2026-09-28T22:40:47,2026-09-28T22:40:47
6669,緯穎,2024-12-16,2500.0,-15.0,-0.60%,,24.14,,,,,,,ShowDailyK_ChartFlow,FinMind_API_TaiwanStockPrice_6669,True,2026-09-28T22:40:47,2026-09-28T22:40:47,2026-09-28T22:40:47
6669,緯穎,2024-12-17,2605.0,105.0,4.20%,,25.16,,,,,,,ShowDailyK_ChartFlow,FinMind_API_TaiwanStockPrice_6669,True,2026-09-28T22:40:47,2026-09-28T22:40:47,2026-09-28T22:40:47
6669,緯穎,2024-12-18,2565.0,-40.0,-1.54%,,24.77,,,,,,,ShowDailyK_ChartFlow,FinMind_API_TaiwanStockPrice_6669,True,2026-09-28T22:40:47,2026-09-28T22:40:47,2026-09-28T22:40:47
6669,緯穎,2024-12-19,2670.0,105.0,4.09%,,25.78,,,,,,,ShowDailyK_ChartFlow,FinMind_API_TaiwanStockPrice_6669,True,2026-09-28T22:40:47,2026-09-28T22:40:47,2026-09-28T22:40:47
6669,緯穎,2024-12-20,2640.0,-30.0,-1.12%,,25.49,,,,,,,ShowDailyK_ChartFlow,FinMind_API_TaiwanStockPrice_6669,True,2026-09-28T22:40:47,2026-09-28T22:40:47,2026-09-28T22:40:47
6669,緯穎,2024-12-23,2650.0,10.0,0.38%,,25.59,,,,,,,ShowDailyK_ChartFlow,FinMind_API_TaiwanStockPrice_6669,True,2026-09-28T22:40:47,2026-09-28T22:40:47,2026-09-28T22:40:47
6669,緯穎,2024-12-24,2535.0,-115.0,-4.34%,,24.48,,,,,,,ShowDailyK_ChartFlow,FinMind_API_TaiwanStockPrice_6669,True,2026-09-28T22:40:47,2026-09-28T22:40:47,2026-09-28T22:40:47
6669,緯穎,2024-12-25,2585.0,50.0,1.97%,,24.96,,,,,,,ShowDailyK_ChartFlow,FinMind_API_TaiwanStockPrice_6669,True,2026-09-28T22:40:47,2026-09-28T22:40:47,2026-09-28T22:40:47
6669,緯穎,2024-12-26,2570.0,-15.0,-0.58%,,24.82,,,,,,,ShowDailyK_ChartFlow,FinMind_API_TaiwanStockPrice_6669,True,2026-09-28T22:40:47,2026-09-28T22:40:47,2026-09-28T22:40:47
6669,緯穎,2024-12-27,2595.0,25.0,0.97%,,25.06,,,,,,,ShowDailyK_ChartFlow,FinMind_API_TaiwanStockPrice_6669,True,2026-09-28T22:40:47,2026-09-28T22:40:47,2026-09-28T22:40:47
6669,緯穎,2024-12-30,2550.0,-45.0,-1.73%,,24.63,,,,,,,ShowDailyK_ChartFlow,FinMind_API_TaiwanStockPrice_6669,True,2026-09-28T22:40:47,2026-09-28T22:40:47,2026-09-28T22:40:47
6669,緯穎,2024-12-31,2620.0,70.0,2.75%,,25.3,,,,,,,ShowDailyK_ChartFlow,FinMind_API_TaiwanStockPrice_6669,True,2026-09-28T22:40:47,2026-09-28T22:40:47,2026-09-28T22:40:47
6669,緯穎,2025-01-02,2550.0,-70.0,-2.67%,,24.63,,,,,,,ShowDailyK_ChartFlow,FinMind_API_TaiwanStockPrice_6669,True,2026-09-28T22:40:47,2026-09-28T22:40:47,2026-09-28T22:40:47
6669,緯穎,2025-01-03,2610.0,60.0,2.35%,,25.21,,,,,,,ShowDailyK_ChartFlow,FinMind_API_TaiwanStockPrice_6669,True,2026-09-28T22:40:47,2026-09-28T22:40:47,2026-09-28T22:40:47
6669,緯穎,2025-01-06,2700.0,90.0,3.45%,,26.07,,,,,,,ShowDailyK_ChartFlow,FinMind_API_TaiwanStockPrice_6669,True,2026-09-28T22:40:47,2026-09-28T22:40:47,2026-09-28T22:40:47
6669,緯穎,2025-01-07,2770.0,70.0,2.59%,,26.75,,,,,,,ShowDailyK_ChartFlow,FinMind_API_TaiwanStockPrice_6669,True,2026-09-28T22:40:47,2026-09-28T22:40:47,2026-09-28T22:40:47
6669,緯穎,2025-01-08,2755.0,-15.0,-0.54%,,26.61,,,,,,,ShowDailyK_ChartFlow,FinMind_API_TaiwanStockPrice_6669,True,2026-09-28T22:40:47,2026-09-28T22:40:47,2026-09-28T22:40:47
6669,緯穎,2025-01-09,2615.0,-140.0,-5.08%,,25.25,,,,,,,ShowDailyK_ChartFlow,FinMind_API_TaiwanStockPrice_6669,True,2026-09-28T22:40:47,2026-09-28T22:40:47,2026-09-28T22:40:47
6669,緯穎,2025-01-10,2535.0,-80.0,-3.06%,,24.48,,,,,,,ShowDailyK_ChartFlow,FinMind_API_TaiwanStockPrice_6669,True,2026-09-28T22:40:47,2026-09-28T22:40:47,2026-09-28T22:40:47
6669,緯穎,2025-01-13,2425.0,-110.0,-4.34%,,23.42,,,,,,,ShowDailyK_ChartFlow,FinMind_API_TaiwanStockPrice_6669,True,2026-09-28T22:40:47,2026-09-28T22:40:47,2026-09-28T22:40:47
6669,緯穎,2025-01-14,2440.0,15.0,0.62%,,23.56,,,,,,,ShowDailyK_ChartFlow,FinMind_API_TaiwanStockPrice_6669,True,2026-09-28T22:40:47,2026-09-28T22:40:47,2026-09-28T22:40:47
6669,緯穎,2025-01-15,2330.0,-110.0,-4.51%,,22.5,,,,,,,ShowDailyK_ChartFlow,FinMind_API_TaiwanStockPrice_6669,True,2026-09-28T22:40:47,2026-09-28T22:40:47,2026-09-28T22:40:47
6669,緯穎,2025-01-16,2395.0,65.0,2.79%,,23.13,,,,,,,ShowDailyK_ChartFlow,FinMind_API_TaiwanStockPrice_6669,True,2026-09-28T22:40:47,2026-09-28T22:40:47,2026-09-28T22:40:47
6669,緯穎,2025-01-17,2415.0,20.0,0.84%,,23.32,,,,,,,ShowDailyK_ChartFlow,FinMind_API_TaiwanStockPrice_6669,True,2026-09-28T22:40:47,2026-09-28T22:40:47,2026-09-28T22:40:47
6669,緯穎,2025-01-20,2450.0,35.0,1.45%,,23.66,,,,,,,ShowDailyK_ChartFlow,FinMind_API_TaiwanStockPrice_6669,True,2026-09-28T22:40:47,2026-09-28T22:40:47,2026-09-28T22:40:47
6669,緯穎,2025-01-21,2365.0,-85.0,-3.47%,,22.84,,,,,,,ShowDailyK_ChartFlow,FinMind_API_TaiwanStockPrice_6669,True,2026-09-28T22:40:47,2026-09-28T22:40:47,2026-09-28T22:40:47
6669,緯穎,2025-01-22,2240.0,-125.0,-5.29%,,21.63,,,,,,,ShowDailyK_ChartFlow,FinMind_API_TaiwanStockPrice_6669,True,2026-09-28T22:40:47,2026-09-28T22:40:47,2026-09-28T22:40:47
6669,緯穎,2025-02-03,2020.0,-220.0,-9.82%,,19.51,,,,,,,ShowDailyK_ChartFlow,FinMind_API_TaiwanStockPrice_6669,True,2026-09-28T22:40:47,2026-09-28T22:40:47,2026-09-28T22:40:47
6669,緯穎,2025-02-04,2010.0,-10.0,-0.50%,,19.41,,,,,,,ShowDailyK_ChartFlow,FinMind_API_TaiwanStockPrice_6669,True,2026-09-28T22:40:47,2026-09-28T22:40:47,2026-09-28T22:40:47
6669,緯穎,2025-02-05,2095.0,85.0,4.23%,,20.23,,,,,,,ShowDailyK_ChartFlow,FinMind_API_TaiwanStockPrice_6669,True,2026-09-28T22:40:47,2026-09-28T22:40:47,2026-09-28T22:40:47
6669,緯穎,2025-02-06,2120.0,25.0,1.19%,,20.47,,,,,,,ShowDailyK_ChartFlow,FinMind_API_TaiwanStockPrice_6669,True,2026-09-28T22:40:47,2026-09-28T22:40:47,2026-09-28T22:40:47
6669,緯穎,2025-02-07,2190.0,70.0,3.30%,,21.15,,,,,,,ShowDailyK_ChartFlow,FinMind_API_TaiwanStockPrice_6669,True,2026-09-28T22:40:47,2026-09-28T22:40:47,2026-09-28T22:40:47
6669,緯穎,2025-02-10,2175.0,-15.0,-0.68%,,21.0,,,,,,,ShowDailyK_ChartFlow,FinMind_API_TaiwanStockPrice_6669,True,2026-09-28T22:40:47,2026-09-28T22:40:47,2026-09-28T22:40:47
6669,緯穎,2025-02-11,2225.0,50.0,2.30%,,21.49,,,,,,,ShowDailyK_ChartFlow,FinMind_API_TaiwanStockPrice_6669,True,2026-09-28T22:40:47,2026-09-28T22:40:47,2026-09-28T22:40:47
6669,緯穎,2025-02-12,2220.0,-5.0,-0.22%,,21.44,,,,,,,ShowDailyK_ChartFlow,FinMind_API_TaiwanStockPrice_6669,True,2026-09-28T22:40:47,2026-09-28T22:40:47,2026-09-28T22:40:47
6669,緯穎,2025-02-13,2120.0,-100.0,-4.50%,,20.47,,,,,,,ShowDailyK_ChartFlow,FinMind_API_TaiwanStockPrice_6669,True,2026-09-28T22:40:47,2026-09-28T22:40:47,2026-09-28T22:40:47
6669,緯穎,2025-02-14,2045.0,-75.0,-3.54%,,19.75,,,,,,,ShowDailyK_ChartFlow,FinMind_API_TaiwanStockPrice_6669,True,2026-09-28T22:40:47,2026-09-28T22:40:47,2026-09-28T22:40:47
6669,緯穎,2025-02-17,2090.0,45.0,2.20%,,20.18,,,,,,,ShowDailyK_ChartFlow,FinMind_API_TaiwanStockPrice_6669,True,2026-09-28T22:40:47,2026-09-28T22:40:47,2026-09-28T22:40:47
6669,緯穎,2025-02-18,2180.0,90.0,4.31%,,21.05,,,,,,,ShowDailyK_ChartFlow,FinMind_API_TaiwanStockPrice_6669,True,2026-09-28T22:40:47,2026-09-28T22:40:47,2026-09-28T22:40:47
6669,緯穎,2025-02-19,2115.0,-65.0,-2.98%,,20.42,,,,,,,ShowDailyK_ChartFlow,FinMind_API_TaiwanStockPrice_6669,True,2026-09-28T22:40:47,2026-09-28T22:40:47,2026-09-28T22:40:47
6669,緯穎,2025-02-20,2080.0,-35.0,-1.65%,,20.09,,,,,,,ShowDailyK_ChartFlow,FinMind_API_TaiwanStockPrice_6669,True,2026-09-28T22:40:47,2026-09-28T22:40:47,2026-09-28T22:40:47
6669,緯穎,2025-02-21,2080.0,0.0,0.00%,,20.09,,,,,,,ShowDailyK_ChartFlow,FinMind_API_TaiwanStockPrice_6669,True,2026-09-28T22:40:47,2026-09-28T22:40:47,2026-09-28T22:40:47
6669,緯穎,2025-02-24,2040.0,-40.0,-1.92%,,19.7,,,,,,,ShowDailyK_ChartFlow,FinMind_API_TaiwanStockPrice_6669,True,2026-09-28T22:40:47,2026-09-28T22:40:47,2026-09-28T22:40:47
6669,緯穎,2025-02-25,1935.0,-105.0,-5.15%,,18.69,,,,,,,ShowDailyK_ChartFlow,FinMind_API_TaiwanStockPrice_6669,True,2026-09-28T22:40:47,2026-09-28T22:40:47,2026-09-28T22:40:47
6669,緯穎,2025-02-26,2025.0,90.0,4.65%,,19.56,,,,,,,ShowDailyK_ChartFlow,FinMind_API_TaiwanStockPrice_6669,True,2026-09-28T22:40:47,2026-09-28T22:40:47,2026-09-28T22:40:47
6669,緯穎,2025-02-27,1965.0,-60.0,-2.96%,,18.98,,,,,,,ShowDailyK_ChartFlow,FinMind_API_TaiwanStockPrice_6669,True,2026-09-28T22:40:47,2026-09-28T22:40:47,2026-09-28T22:40:47
6669,緯穎,2025-03-03,1920.0,-45.0,-2.29%,,15.67,,,,,,,ShowDailyK_ChartFlow,FinMind_API_TaiwanStockPrice_6669,True,2026-09-28T22:40:47,2026-09-28T22:40:47,2026-09-28T22:40:47
6669,緯穎,2025-03-04,1935.0,15.0,0.78%,,15.79,,,,,,,ShowDailyK_ChartFlow,FinMind_API_TaiwanStockPrice_6669,True,2026-09-28T22:40:47,2026-09-28T22:40:47,2026-09-28T22:40:47
6669,緯穎,2025-03-05,2050.0,115.0,5.94%,,16.73,,,,,,,ShowDailyK_ChartFlow,FinMind_API_TaiwanStockPrice_6669,True,2026-09-28T22:40:47,2026-09-28T22:40:47,2026-09-28T22:40:47
6669,緯穎,2025-03-06,2060.0,10.0,0.49%,,16.81,,,,,,,ShowDailyK_ChartFlow,FinMind_API_TaiwanStockPrice_6669,True,2026-09-28T22:40:47,2026-09-28T22:40:47,2026-09-28T22:40:47
6669,緯穎,2025-03-07,2030.0,-30.0,-1.46%,,16.56,,,,,,,ShowDailyK_ChartFlow,FinMind_API_TaiwanStockPrice_6669,True,2026-09-28T22:40:47,2026-09-28T22:40:47,2026-09-28T22:40:47
6669,緯穎,2025-03-10,2000.0,-30.0,-1.48%,,16.32,,,,,,,ShowDailyK_ChartFlow,FinMind_API_TaiwanStockPrice_6669,True,2026-09-28T22:40:47,2026-09-28T22:40:47,2026-09-28T22:40:47
6669,緯穎,2025-03-11,1960.0,-40.0,-2.00%,,15.99,,,,,,,ShowDailyK_ChartFlow,FinMind_API_TaiwanStockPrice_6669,True,2026-09-28T22:40:47,2026-09-28T22:40:47,2026-09-28T22:40:47
6669,緯穎,2025-03-12,1945.0,-15.0,-0.77%,,15.87,,,,,,,ShowDailyK_ChartFlow,FinMind_API_TaiwanStockPrice_6669,True,2026-09-28T22:40:47,2026-09-28T22:40:47,2026-09-28T22:40:47
6669,緯穎,2025-03-13,1955.0,10.0,0.51%,,15.95,,,,,,,ShowDailyK_ChartFlow,FinMind_API_TaiwanStockPrice_6669,True,2026-09-28T22:40:47,2026-09-28T22:40:47,2026-09-28T22:40:47
6669,緯穎,2025-03-14,1920.0,-35.0,-1.79%,,15.67,,,,,,,ShowDailyK_ChartFlow,FinMind_API_TaiwanStockPrice_6669,True,2026-09-28T22:40:47,2026-09-28T22:40:47,2026-09-28T22:40:47
6669,緯穎,2025-03-17,1910.0,-10.0,-0.52%,,15.58,,,,,,,ShowDailyK_ChartFlow,FinMind_API_TaiwanStockPrice_6669,True,2026-09-28T22:40:47,2026-09-28T22:40:47,2026-09-28T22:40:47
6669,緯穎,2025-03-18,1985.0,75.0,3.93%,,16.2,,,,,,,ShowDailyK_ChartFlow,FinMind_API_TaiwanStockPrice_6669,True,2026-09-28T22:40:47,2026-09-28T22:40:47,2026-09-28T22:40:47
6669,緯穎,2025-03-19,1945.0,-40.0,-2.02%,,15.87,,,,,,,ShowDailyK_ChartFlow,FinMind_API_TaiwanStockPrice_6669,True,2026-09-28T22:40:47,2026-09-28T22:40:47,2026-09-28T22:40:47
6669,緯穎,2025-03-20,2015.0,70.0,3.60%,,16.44,,,,,,,ShowDailyK_ChartFlow,FinMind_API_TaiwanStockPrice_6669,True,2026-09-28T22:40:47,2026-09-28T22:40:47,2026-09-28T22:40:47
6669,緯穎,2025-03-21,1950.0,-65.0,-3.23%,,15.91,,,,,,,ShowDailyK_ChartFlow,FinMind_API_TaiwanStockPrice_6669,True,2026-09-28T22:40:47,2026-09-28T22:40:47,2026-09-28T22:40:47
6669,緯穎,2025-03-24,1895.0,-55.0,-2.82%,,15.46,,,,,,,ShowDailyK_ChartFlow,FinMind_API_TaiwanStockPrice_6669,True,2026-09-28T22:40:47,2026-09-28T22:40:47,2026-09-28T22:40:47
6669,緯穎,2025-03-25,1915.0,20.0,1.06%,,15.63,,,,,,,ShowDailyK_ChartFlow,FinMind_API_TaiwanStockPrice_6669,True,2026-09-28T22:40:47,2026-09-28T22:40:47,2026-09-28T22:40:47
6669,緯穎,2025-03-26,1920.0,5.0,0.26%,,15.67,,,,,,,ShowDailyK_ChartFlow,FinMind_API_TaiwanStockPrice_6669,True,2026-09-28T22:40:47,2026-09-28T22:40:47,2026-09-28T22:40:47
6669,緯穎,2025-03-27,1845.0,-75.0,-3.91%,,15.05,,,,,,,ShowDailyK_ChartFlow,FinMind_API_TaiwanStockPrice_6669,True,2026-09-28T22:40:47,2026-09-28T22:40:47,2026-09-28T22:40:47
6669,緯穎,2025-03-28,1755.0,-90.0,-4.88%,,14.32,,,,,,,ShowDailyK_ChartFlow,FinMind_API_TaiwanStockPrice_6669,True,2026-09-28T22:40:47,2026-09-28T22:40:47,2026-09-28T22:40:47
6669,緯穎,2025-03-31,1635.0,-120.0,-6.84%,,13.34,,,,,,,ShowDailyK_ChartFlow,FinMind_API_TaiwanStockPrice_6669,True,2026-09-28T22:40:47,2026-09-28T22:40:47,2026-09-28T22:40:47
6669,緯穎,2025-04-01,1725.0,90.0,5.50%,,14.07,,,,,,,ShowDailyK_ChartFlow,FinMind_API_TaiwanStockPrice_6669,True,2026-09-28T22:40:47,2026-09-28T22:40:47,2026-09-28T22:40:47
6669,緯穎,2025-04-02,1740.0,15.0,0.87%,,14.2,,,,,,,ShowDailyK_ChartFlow,FinMind_API_TaiwanStockPrice_6669,True,2026-09-28T22:40:47,2026-09-28T22:40:47,2026-09-28T22:40:47
6669,緯穎,2025-04-07,1570.0,-170.0,-9.77%,,12.81,,,,,,,ShowDailyK_ChartFlow,FinMind_API_TaiwanStockPrice_6669,True,2026-09-28T22:40:47,2026-09-28T22:40:47,2026-09-28T22:40:47
6669,緯穎,2025-04-08,1640.0,70.0,4.46%,,13.38,,,,,,,ShowDailyK_ChartFlow,FinMind_API_TaiwanStockPrice_6669,True,2026-09-28T22:40:47,2026-09-28T22:40:47,2026-09-28T22:40:47
6669,緯穎,2025-04-09,1605.0,-35.0,-2.13%,,13.1,,,,,,,ShowDailyK_ChartFlow,FinMind_API_TaiwanStockPrice_6669,True,2026-09-28T22:40:47,2026-09-28T22:40:47,2026-09-28T22:40:47
6669,緯穎,2025-04-10,1765.0,160.0,9.97%,,14.4,,,,,,,ShowDailyK_ChartFlow,FinMind_API_TaiwanStockPrice_6669,True,2026-09-28T22:40:47,2026-09-28T22:40:47,2026-09-28T22:40:47
6669,緯穎,2025-04-11,1900.0,135.0,7.65%,,15.5,,,,,,,ShowDailyK_ChartFlow,FinMind_API_TaiwanStockPrice_6669,True,2026-09-28T22:40:47,2026-09-28T22:40:47,2026-09-28T22:40:47
6669,緯穎,2025-04-14,1910.0,10.0,0.53%,,15.58,,,,,,,ShowDailyK_ChartFlow,FinMind_API_TaiwanStockPrice_6669,True,2026-09-28T22:40:47,2026-09-28T22:40:47,2026-09-28T22:40:47
6669,緯穎,2025-04-15,1860.0,-50.0,-2.62%,,15.18,,,,,,,ShowDailyK_ChartFlow,FinMind_API_TaiwanStockPrice_6669,True,2026-09-28T22:40:47,2026-09-28T22:40:47,2026-09-28T22:40:47
6669,緯穎,2025-04-16,1840.0,-20.0,-1.08%,,15.01,,,,,,,ShowDailyK_ChartFlow,FinMind_API_TaiwanStockPrice_6669,True,2026-09-28T22:40:47,2026-09-28T22:40:47,2026-09-28T22:40:47
6669,緯穎,2025-04-17,1880.0,40.0,2.17%,,15.34,,,,,,,ShowDailyK_ChartFlow,FinMind_API_TaiwanStockPrice_6669,True,2026-09-28T22:40:47,2026-09-28T22:40:47,2026-09-28T22:40:47
6669,緯穎,2025-04-18,1885.0,5.0,0.27%,,15.38,,,,,,,ShowDailyK_ChartFlow,FinMind_API_TaiwanStockPrice_6669,True,2026-09-28T22:40:47,2026-09-28T22:40:47,2026-09-28T22:40:47
6669,緯穎,2025-04-21,1840.0,-45.0,-2.39%,,15.01,,,,,,,ShowDailyK_ChartFlow,FinMind_API_TaiwanStockPrice_6669,True,2026-09-28T22:40:47,2026-09-28T22:40:47,2026-09-28T22:40:47
6669,緯穎,2025-04-22,1770.0,-70.0,-3.80%,,14.44,,,,,,,ShowDailyK_ChartFlow,FinMind_API_TaiwanStockPrice_6669,True,2026-09-28T22:40:47,2026-09-28T22:40:47,2026-09-28T22:40:47
6669,緯穎,2025-04-23,1900.0,130.0,7.34%,,15.5,,,,,,,ShowDailyK_ChartFlow,FinMind_API_TaiwanStockPrice_6669,True,2026-09-28T22:40:47,2026-09-28T22:40:47,2026-09-28T22:40:47
6669,緯穎,2025-04-24,1865.0,-35.0,-1.84%,,15.22,,,,,,,ShowDailyK_ChartFlow,FinMind_API_TaiwanStockPrice_6669,True,2026-09-28T22:40:47,2026-09-28T22:40:47,2026-09-28T22:40:47
6669,緯穎,2025-04-25,1905.0,40.0,2.14%,,15.54,,,,,,,ShowDailyK_ChartFlow,FinMind_API_TaiwanStockPrice_6669,True,2026-09-28T22:40:47,2026-09-28T22:40:47,2026-09-28T22:40:47
6669,緯穎,2025-04-28,1900.0,-5.0,-0.26%,,15.5,,,,,,,ShowDailyK_ChartFlow,FinMind_API_TaiwanStockPrice_6669,True,2026-09-28T22:40:47,2026-09-28T22:40:47,2026-09-28T22:40:47
6669,緯穎,2025-04-29,1930.0,30.0,1.58%,,15.75,,,,,,,ShowDailyK_ChartFlow,FinMind_API_TaiwanStockPrice_6669,True,2026-09-28T22:40:47,2026-09-28T22:40:47,2026-09-28T22:40:47
6669,緯穎,2025-04-30,1910.0,-20.0,-1.04%,,15.58,,,,,,,ShowDailyK_ChartFlow,FinMind_API_TaiwanStockPrice_6669,True,2026-09-28T22:40:47,2026-09-28T22:40:47,2026-09-28T22:40:47
6669,緯穎,2025-05-02,2065.0,155.0,8.12%,,16.85,,,,,,,ShowDailyK_ChartFlow,FinMind_API_TaiwanStockPrice_6669,True,2026-09-28T22:40:47,2026-09-28T22:40:47,2026-09-28T22:40:47
6669,緯穎,2025-05-05,2040.0,-25.0,-1.21%,,16.64,,,,,,,ShowDailyK_ChartFlow,FinMind_API_TaiwanStockPrice_6669,True,2026-09-28T22:40:47,2026-09-28T22:40:47,2026-09-28T22:40:47
6669,緯穎,2025-05-06,2125.0,85.0,4.17%,,17.34,,,,,,,ShowDailyK_ChartFlow,FinMind_API_TaiwanStockPrice_6669,True,2026-09-28T22:40:47,2026-09-28T22:40:47,2026-09-28T22:40:47
6669,緯穎,2025-05-07,2090.0,-35.0,-1.65%,,17.05,,,,,,,ShowDailyK_ChartFlow,FinMind_API_TaiwanStockPrice_6669,True,2026-09-28T22:40:47,2026-09-28T22:40:47,2026-09-28T22:40:47
6669,緯穎,2025-05-08,2150.0,60.0,2.87%,,17.54,,,,,,,ShowDailyK_ChartFlow,FinMind_API_TaiwanStockPrice_6669,True,2026-09-28T22:40:47,2026-09-28T22:40:47,2026-09-28T22:40:47
6669,緯穎,2025-05-09,2200.0,50.0,2.33%,,14.67,,,,,,,ShowDailyK_ChartFlow,FinMind_API_TaiwanStockPrice_6669,True,2026-09-28T22:40:47,2026-09-28T22:40:47,2026-09-28T22:40:47
6669,緯穎,2025-05-12,2255.0,55.0,2.50%,,15.04,,,,,,,ShowDailyK_ChartFlow,FinMind_API_TaiwanStockPrice_6669,True,2026-09-28T22:40:47,2026-09-28T22:40:47,2026-09-28T22:40:47
6669,緯穎,2025-05-13,2225.0,-30.0,-1.33%,,14.84,,,,,,,ShowDailyK_ChartFlow,FinMind_API_TaiwanStockPrice_6669,True,2026-09-28T22:40:47,2026-09-28T22:40:47,2026-09-28T22:40:47
6669,緯穎,2025-05-14,2345.0,120.0,5.39%,,15.64,,,,,,,ShowDailyK_ChartFlow,FinMind_API_TaiwanStockPrice_6669,True,2026-09-28T22:40:47,2026-09-28T22:40:47,2026-09-28T22:40:47
6669,緯穎,2025-05-15,2380.0,35.0,1.49%,,15.87,,,,,,,ShowDailyK_ChartFlow,FinMind_API_TaiwanStockPrice_6669,True,2026-09-28T22:40:47,2026-09-28T22:40:47,2026-09-28T22:40:47
6669,緯穎,2025-05-16,2380.0,0.0,0.00%,,15.87,,,,,,,ShowDailyK_ChartFlow,FinMind_API_TaiwanStockPrice_6669,True,2026-09-28T22:40:47,2026-09-28T22:40:47,2026-09-28T22:40:47
6669,緯穎,2025-05-19,2260.0,-120.0,-5.04%,,15.07,,,,,,,ShowDailyK_ChartFlow,FinMind_API_TaiwanStockPrice_6669,True,2026-09-28T22:40:47,2026-09-28T22:40:47,2026-09-28T22:40:47
6669,緯穎,2025-05-20,2300.0,40.0,1.77%,,15.34,,,,,,,ShowDailyK_ChartFlow,FinMind_API_TaiwanStockPrice_6669,True,2026-09-28T22:40:47,2026-09-28T22:40:47,2026-09-28T22:40:47
6669,緯穎,2025-05-21,2345.0,45.0,1.96%,,15.64,,,,,,,ShowDailyK_ChartFlow,FinMind_API_TaiwanStockPrice_6669,True,2026-09-28T22:40:47,2026-09-28T22:40:47,2026-09-28T22:40:47
6669,緯穎,2025-05-22,2340.0,-5.0,-0.21%,,15.61,,,,,,,ShowDailyK_ChartFlow,FinMind_API_TaiwanStockPrice_6669,True,2026-09-28T22:40:47,2026-09-28T22:40:47,2026-09-28T22:40:47
6669,緯穎,2025-05-23,2280.0,-60.0,-2.56%,,15.21,,,,,,,ShowDailyK_ChartFlow,FinMind_API_TaiwanStockPrice_6669,True,2026-09-28T22:40:47,2026-09-28T22:40:47,2026-09-28T22:40:47
6669,緯穎,2025-05-26,2370.0,90.0,3.95%,,15.81,,,,,,,ShowDailyK_ChartFlow,FinMind_API_TaiwanStockPrice_6669,True,2026-09-28T22:40:47,2026-09-28T22:40:47,2026-09-28T22:40:47
6669,緯穎,2025-05-27,2325.0,-45.0,-1.90%,,15.51,,,,,,,ShowDailyK_ChartFlow,FinMind_API_TaiwanStockPrice_6669,True,2026-09-28T22:40:47,2026-09-28T22:40:47,2026-09-28T22:40:47
6669,緯穎,2025-05-28,2380.0,55.0,2.37%,,15.87,,,,,,,ShowDailyK_ChartFlow,FinMind_API_TaiwanStockPrice_6669,True,2026-09-28T22:40:47,2026-09-28T22:40:47,2026-09-28T22:40:47
6669,緯穎,2025-05-29,2420.0,40.0,1.68%,,16.14,,,,,,,ShowDailyK_ChartFlow,FinMind_API_TaiwanStockPrice_6669,True,2026-09-28T22:40:47,2026-09-28T22:40:47,2026-09-28T22:40:47
6669,緯穎,2025-06-02,2410.0,-10.0,-0.41%,,16.07,,,,,,,ShowDailyK_ChartFlow,FinMind_API_TaiwanStockPrice_6669,True,2026-09-28T22:40:47,2026-09-28T22:40:47,2026-09-28T22:40:47
6669,緯穎,2025-06-03,2480.0,70.0,2.90%,,16.54,,,,,,,ShowDailyK_ChartFlow,FinMind_API_TaiwanStockPrice_6669,True,2026-09-28T22:40:47,2026-09-28T22:40:47,2026-09-28T22:40:47
6669,緯穎,2025-06-04,2535.0,55.0,2.22%,,16.91,,,,,,,ShowDailyK_ChartFlow,FinMind_API_TaiwanStockPrice_6669,True,2026-09-28T22:40:47,2026-09-28T22:40:47,2026-09-28T22:40:47
6669,緯穎,2025-06-05,2485.0,-50.0,-1.97%,,16.57,,,,,,,ShowDailyK_ChartFlow,FinMind_API_TaiwanStockPrice_6669,True,2026-09-28T22:40:47,2026-09-28T22:40:47,2026-09-28T22:40:47
6669,緯穎,2025-06-06,2465.0,-20.0,-0.80%,,16.44,,,,,,,ShowDailyK_ChartFlow,FinMind_API_TaiwanStockPrice_6669,True,2026-09-28T22:40:47,2026-09-28T22:40:47,2026-09-28T22:40:47
6669,緯穎,2025-06-09,2465.0,0.0,0.00%,,16.44,,,,,,,ShowDailyK_ChartFlow,FinMind_API_TaiwanStockPrice_6669,True,2026-09-28T22:40:47,2026-09-28T22:40:47,2026-09-28T22:40:47
6669,緯穎,2025-06-10,2485.0,20.0,0.81%,,16.57,,,,,,,ShowDailyK_ChartFlow,FinMind_API_TaiwanStockPrice_6669,True,2026-09-28T22:40:47,2026-09-28T22:40:47,2026-09-28T22:40:47
6669,緯穎,2025-06-11,2525.0,40.0,1.61%,,16.84,,,,,,,ShowDailyK_ChartFlow,FinMind_API_TaiwanStockPrice_6669,True,2026-09-28T22:40:47,2026-09-28T22:40:47,2026-09-28T22:40:47
6669,緯穎,2025-06-12,2535.0,10.0,0.40%,,16.91,,,,,,,ShowDailyK_ChartFlow,FinMind_API_TaiwanStockPrice_6669,True,2026-09-28T22:40:47,2026-09-28T22:40:47,2026-09-28T22:40:47
6669,緯穎,2025-06-13,2565.0,30.0,1.18%,,17.11,,,,,,,ShowDailyK_ChartFlow,FinMind_API_TaiwanStockPrice_6669,True,2026-09-28T22:40:47,2026-09-28T22:40:47,2026-09-28T22:40:47
6669,緯穎,2025-06-16,2525.0,-40.0,-1.56%,,16.84,,,,,,,ShowDailyK_ChartFlow,FinMind_API_TaiwanStockPrice_6669,True,2026-09-28T22:40:47,2026-09-28T22:40:47,2026-09-28T22:40:47
6669,緯穎,2025-06-17,2550.0,25.0,0.99%,,17.01,,,,,,,ShowDailyK_ChartFlow,FinMind_API_TaiwanStockPrice_6669,True,2026-09-28T22:40:47,2026-09-28T22:40:47,2026-09-28T22:40:47
6669,緯穎,2025-06-18,2560.0,10.0,0.39%,,17.07,,,,,,,ShowDailyK_ChartFlow,FinMind_API_TaiwanStockPrice_6669,True,2026-09-28T22:40:47,2026-09-28T22:40:47,2026-09-28T22:40:47
6669,緯穎,2025-06-19,2530.0,-30.0,-1.17%,,16.87,,,,,,,ShowDailyK_ChartFlow,FinMind_API_TaiwanStockPrice_6669,True,2026-09-28T22:40:47,2026-09-28T22:40:47,2026-09-28T22:40:47
6669,緯穎,2025-06-20,2535.0,5.0,0.20%,,16.91,,,,,,,ShowDailyK_ChartFlow,FinMind_API_TaiwanStockPrice_6669,True,2026-09-28T22:40:47,2026-09-28T22:40:47,2026-09-28T22:40:47
6669,緯穎,2025-06-23,2550.0,15.0,0.59%,,17.01,,,,,,,ShowDailyK_ChartFlow,FinMind_API_TaiwanStockPrice_6669,True,2026-09-28T22:40:47,2026-09-28T22:40:47,2026-09-28T22:40:47
6669,緯穎,2025-06-24,2515.0,-35.0,-1.37%,,16.77,,,,,,,ShowDailyK_ChartFlow,FinMind_API_TaiwanStockPrice_6669,True,2026-09-28T22:40:47,2026-09-28T22:40:47,2026-09-28T22:40:47
6669,緯穎,2025-06-25,2710.0,195.0,7.75%,,18.08,,,,,,,ShowDailyK_ChartFlow,FinMind_API_TaiwanStockPrice_6669,True,2026-09-28T22:40:47,2026-09-28T22:40:47,2026-09-28T22:40:47
6669,緯穎,2025-06-26,2620.0,-90.0,-3.32%,,17.47,,,,,,,ShowDailyK_ChartFlow,FinMind_API_TaiwanStockPrice_6669,True,2026-09-28T22:40:47,2026-09-28T22:40:47,2026-09-28T22:40:47
6669,緯穎,2025-06-27,2530.0,-90.0,-3.44%,,16.87,,,,,,,ShowDailyK_ChartFlow,FinMind_API_TaiwanStockPrice_6669,True,2026-09-28T22:40:47,2026-09-28T22:40:47,2026-09-28T22:40:47
6669,緯穎,2025-06-30,2530.0,0.0,0.00%,,16.87,,,,,,,ShowDailyK_ChartFlow,FinMind_API_TaiwanStockPrice_6669,True,2026-09-28T22:40:47,2026-09-28T22:40:47,2026-09-28T22:40:47
6669,緯穎,2025-07-01,2450.0,-80.0,-3.16%,,16.34,,,,,,,ShowDailyK_ChartFlow,FinMind_API_TaiwanStockPrice_6669,True,2026-09-28T22:40:47,2026-09-28T22:40:47,2026-09-28T22:40:47
6669,緯穎,2025-07-02,2490.0,40.0,1.63%,,16.61,,,,,,,ShowDailyK_ChartFlow,FinMind_API_TaiwanStockPrice_6669,True,2026-09-28T22:40:47,2026-09-28T22:40:47,2026-09-28T22:40:47
6669,緯穎,2025-07-03,2470.0,-20.0,-0.80%,,16.47,,,,,,,ShowDailyK_ChartFlow,FinMind_API_TaiwanStockPrice_6669,True,2026-09-28T22:40:47,2026-09-28T22:40:47,2026-09-28T22:40:47
6669,緯穎,2025-07-04,2455.0,-15.0,-0.61%,,16.37,,,,,,,ShowDailyK_ChartFlow,FinMind_API_TaiwanStockPrice_6669,True,2026-09-28T22:40:47,2026-09-28T22:40:47,2026-09-28T22:40:47
6669,緯穎,2025-07-07,2455.0,0.0,0.00%,,16.37,,,,,,,ShowDailyK_ChartFlow,FinMind_API_TaiwanStockPrice_6669,True,2026-09-28T22:40:47,2026-09-28T22:40:47,2026-09-28T22:40:47
6669,緯穎,2025-07-08,2420.0,-35.0,-1.43%,,16.14,,,,,,,ShowDailyK_ChartFlow,FinMind_API_TaiwanStockPrice_6669,True,2026-09-28T22:40:47,2026-09-28T22:40:47,2026-09-28T22:40:47
6669,緯穎,2025-07-09,2560.0,140.0,5.79%,,17.07,,,,,,,ShowDailyK_ChartFlow,FinMind_API_TaiwanStockPrice_6669,True,2026-09-28T22:40:47,2026-09-28T22:40:47,2026-09-28T22:40:47
6669,緯穎,2025-07-10,2595.0,35.0,1.37%,,17.31,,,,,,,ShowDailyK_ChartFlow,FinMind_API_TaiwanStockPrice_6669,True,2026-09-28T22:40:47,2026-09-28T22:40:47,2026-09-28T22:40:47
6669,緯穎,2025-07-11,2605.0,10.0,0.39%,,17.37,,,,,,,ShowDailyK_ChartFlow,FinMind_API_TaiwanStockPrice_6669,True,2026-09-28T22:40:47,2026-09-28T22:40:47,2026-09-28T22:40:47
6669,緯穎,2025-07-14,2465.0,-140.0,-5.37%,,16.44,,,,,,,ShowDailyK_ChartFlow,FinMind_API_TaiwanStockPrice_6669,True,2026-09-28T22:40:47,2026-09-28T22:40:47,2026-09-28T22:40:47
6669,緯穎,2025-07-15,2520.0,55.0,2.23%,,16.81,,,,,,,ShowDailyK_ChartFlow,FinMind_API_TaiwanStockPrice_6669,True,2026-09-28T22:40:47,2026-09-28T22:40:47,2026-09-28T22:40:47
6669,緯穎,2025-07-16,2505.0,-15.0,-0.60%,,16.71,,,,,,,ShowDailyK_ChartFlow,FinMind_API_TaiwanStockPrice_6669,True,2026-09-28T22:40:47,2026-09-28T22:40:47,2026-09-28T22:40:47
6669,緯穎,2025-07-17,2455.0,-50.0,-2.00%,,16.37,,,,,,,ShowDailyK_ChartFlow,FinMind_API_TaiwanStockPrice_6669,True,2026-09-28T22:40:47,2026-09-28T22:40:47,2026-09-28T22:40:47
6669,緯穎,2025-07-18,2590.0,135.0,5.50%,,17.27,,,,,,,ShowDailyK_ChartFlow,FinMind_API_TaiwanStockPrice_6669,True,2026-09-28T22:40:47,2026-09-28T22:40:47,2026-09-28T22:40:47
6669,緯穎,2025-07-21,2525.0,-65.0,-2.51%,,16.84,,,,,,,ShowDailyK_ChartFlow,FinMind_API_TaiwanStockPrice_6669,True,2026-09-28T22:40:47,2026-09-28T22:40:47,2026-09-28T22:40:47
6669,緯穎,2025-07-22,2470.0,-55.0,-2.18%,,16.47,,,,,,,ShowDailyK_ChartFlow,FinMind_API_TaiwanStockPrice_6669,True,2026-09-28T22:40:47,2026-09-28T22:40:47,2026-09-28T22:40:47
6669,緯穎,2025-07-23,2445.0,-25.0,-1.01%,,16.31,,,,,,,ShowDailyK_ChartFlow,FinMind_API_TaiwanStockPrice_6669,True,2026-09-28T22:40:47,2026-09-28T22:40:47,2026-09-28T22:40:47
6669,緯穎,2025-07-24,2510.0,65.0,2.66%,,16.74,,,,,,,ShowDailyK_ChartFlow,FinMind_API_TaiwanStockPrice_6669,True,2026-09-28T22:40:47,2026-09-28T22:40:47,2026-09-28T22:40:47
6669,緯穎,2025-07-25,2515.0,5.0,0.20%,,16.77,,,,,,,ShowDailyK_ChartFlow,FinMind_API_TaiwanStockPrice_6669,True,2026-09-28T22:40:47,2026-09-28T22:40:47,2026-09-28T22:40:47
6669,緯穎,2025-07-28,2600.0,85.0,3.38%,,17.34,,,,,,,ShowDailyK_ChartFlow,FinMind_API_TaiwanStockPrice_6669,True,2026-09-28T22:40:47,2026-09-28T22:40:47,2026-09-28T22:40:47
6669,緯穎,2025-07-29,2630.0,30.0,1.15%,,17.54,,,,,,,ShowDailyK_ChartFlow,FinMind_API_TaiwanStockPrice_6669,True,2026-09-28T22:40:47,2026-09-28T22:40:47,2026-09-28T22:40:47
6669,緯穎,2025-07-30,2650.0,20.0,0.76%,,17.67,,,,,,,ShowDailyK_ChartFlow,FinMind_API_TaiwanStockPrice_6669,True,2026-09-28T22:40:47,2026-09-28T22:40:47,2026-09-28T22:40:47
6669,緯穎,2025-07-31,2765.0,115.0,4.34%,,18.44,,,,,,,ShowDailyK_ChartFlow,FinMind_API_TaiwanStockPrice_6669,True,2026-09-28T22:40:47,2026-09-28T22:40:47,2026-09-28T22:40:47
6669,緯穎,2025-08-01,2735.0,-30.0,-1.08%,,18.24,,,,,,,ShowDailyK_ChartFlow,FinMind_API_TaiwanStockPrice_6669,True,2026-09-28T22:40:47,2026-09-28T22:40:47,2026-09-28T22:40:47
6669,緯穎,2025-08-04,2645.0,-90.0,-3.29%,,17.64,,,,,,,ShowDailyK_ChartFlow,FinMind_API_TaiwanStockPrice_6669,True,2026-09-28T22:40:47,2026-09-28T22:40:47,2026-09-28T22:40:47
6669,緯穎,2025-08-05,2755.0,110.0,4.16%,,18.38,,,,,,,ShowDailyK_ChartFlow,FinMind_API_TaiwanStockPrice_6669,True,2026-09-28T22:40:47,2026-09-28T22:40:47,2026-09-28T22:40:47
6669,緯穎,2025-08-06,2775.0,20.0,0.73%,,18.51,,,,,,,ShowDailyK_ChartFlow,FinMind_API_TaiwanStockPrice_6669,True,2026-09-28T22:40:47,2026-09-28T22:40:47,2026-09-28T22:40:47
6669,緯穎,2025-08-07,2810.0,35.0,1.26%,,18.74,,,,,,,ShowDailyK_ChartFlow,FinMind_API_TaiwanStockPrice_6669,True,2026-09-28T22:40:47,2026-09-28T22:40:47,2026-09-28T22:40:47
6669,緯穎,2025-08-08,2890.0,80.0,2.85%,,19.28,,,,,,,ShowDailyK_ChartFlow,FinMind_API_TaiwanStockPrice_6669,True,2026-09-28T22:40:47,2026-09-28T22:40:47,2026-09-28T22:40:47
6669,緯穎,2025-08-11,3175.0,285.0,9.86%,,16.72,,,,,,,ShowDailyK_ChartFlow,FinMind_API_TaiwanStockPrice_6669,True,2026-09-28T22:40:47,2026-09-28T22:40:47,2026-09-28T22:40:47
6669,緯穎,2025-08-12,3270.0,95.0,2.99%,,17.22,,,,,,,ShowDailyK_ChartFlow,FinMind_API_TaiwanStockPrice_6669,True,2026-09-28T22:40:47,2026-09-28T22:40:47,2026-09-28T22:40:47
6669,緯穎,2025-08-13,3385.0,115.0,3.52%,,17.83,,,,,,,ShowDailyK_ChartFlow,FinMind_API_TaiwanStockPrice_6669,True,2026-09-28T22:40:47,2026-09-28T22:40:47,2026-09-28T22:40:47
6669,緯穎,2025-08-14,3395.0,10.0,0.30%,,17.88,,,,,,,ShowDailyK_ChartFlow,FinMind_API_TaiwanStockPrice_6669,True,2026-09-28T22:40:47,2026-09-28T22:40:47,2026-09-28T22:40:47
6669,緯穎,2025-08-15,3345.0,-50.0,-1.47%,,17.61,,,,,,,ShowDailyK_ChartFlow,FinMind_API_TaiwanStockPrice_6669,True,2026-09-28T22:40:47,2026-09-28T22:40:47,2026-09-28T22:40:47
6669,緯穎,2025-08-18,3425.0,80.0,2.39%,,18.04,,,,,,,ShowDailyK_ChartFlow,FinMind_API_TaiwanStockPrice_6669,True,2026-09-28T22:40:47,2026-09-28T22:40:47,2026-09-28T22:40:47
6669,緯穎,2025-08-19,3305.0,-120.0,-3.50%,,17.4,,,,,,,ShowDailyK_ChartFlow,FinMind_API_TaiwanStockPrice_6669,True,2026-09-28T22:40:47,2026-09-28T22:40:47,2026-09-28T22:40:47
6669,緯穎,2025-08-20,2985.0,-320.0,-9.68%,,15.72,,,,,,,ShowDailyK_ChartFlow,FinMind_API_TaiwanStockPrice_6669,True,2026-09-28T22:40:47,2026-09-28T22:40:47,2026-09-28T22:40:47
6669,緯穎,2025-08-21,3030.0,45.0,1.51%,,15.96,,,,,,,ShowDailyK_ChartFlow,FinMind_API_TaiwanStockPrice_6669,True,2026-09-28T22:40:47,2026-09-28T22:40:47,2026-09-28T22:40:47
6669,緯穎,2025-08-22,2970.0,-60.0,-1.98%,,15.64,,,,,,,ShowDailyK_ChartFlow,FinMind_API_TaiwanStockPrice_6669,True,2026-09-28T22:40:47,2026-09-28T22:40:47,2026-09-28T22:40:47
6669,緯穎,2025-08-25,3050.0,80.0,2.69%,,16.06,,,,,,,ShowDailyK_ChartFlow,FinMind_API_TaiwanStockPrice_6669,True,2026-09-28T22:40:47,2026-09-28T22:40:47,2026-09-28T22:40:47
6669,緯穎,2025-08-26,3055.0,5.0,0.16%,,16.09,,,,,,,ShowDailyK_ChartFlow,FinMind_API_TaiwanStockPrice_6669,True,2026-09-28T22:40:47,2026-09-28T22:40:47,2026-09-28T22:40:47
6669,緯穎,2025-08-27,2985.0,-70.0,-2.29%,,15.72,,,,,,,ShowDailyK_ChartFlow,FinMind_API_TaiwanStockPrice_6669,True,2026-09-28T22:40:47,2026-09-28T22:40:47,2026-09-28T22:40:47
6669,緯穎,2025-08-28,2975.0,-10.0,-0.34%,,15.67,,,,,,,ShowDailyK_ChartFlow,FinMind_API_TaiwanStockPrice_6669,True,2026-09-28T22:40:47,2026-09-28T22:40:47,2026-09-28T22:40:47
6669,緯穎,2025-08-29,2965.0,-10.0,-0.34%,,15.61,,,,,,,ShowDailyK_ChartFlow,FinMind_API_TaiwanStockPrice_6669,True,2026-09-28T22:40:47,2026-09-28T22:40:47,2026-09-28T22:40:47
6669,緯穎,2025-09-01,2835.0,-130.0,-4.38%,,14.93,,,,,,,ShowDailyK_ChartFlow,FinMind_API_TaiwanStockPrice_6669,True,2026-09-28T22:40:47,2026-09-28T22:40:47,2026-09-28T22:40:47
6669,緯穎,2025-09-02,2885.0,50.0,1.76%,,15.19,,,,,,,ShowDailyK_ChartFlow,FinMind_API_TaiwanStockPrice_6669,True,2026-09-28T22:40:47,2026-09-28T22:40:47,2026-09-28T22:40:47
6669,緯穎,2025-09-03,2925.0,40.0,1.39%,,15.4,,,,,,,ShowDailyK_ChartFlow,FinMind_API_TaiwanStockPrice_6669,True,2026-09-28T22:40:47,2026-09-28T22:40:47,2026-09-28T22:40:47
6669,緯穎,2025-09-04,2935.0,10.0,0.34%,,15.46,,,,,,,ShowDailyK_ChartFlow,FinMind_API_TaiwanStockPrice_6669,True,2026-09-28T22:40:47,2026-09-28T22:40:47,2026-09-28T22:40:47
6669,緯穎,2025-09-05,3025.0,90.0,3.07%,,15.93,,,,,,,ShowDailyK_ChartFlow,FinMind_API_TaiwanStockPrice_6669,True,2026-09-28T22:40:47,2026-09-28T22:40:47,2026-09-28T22:40:47
6669,緯穎,2025-09-08,3125.0,100.0,3.31%,,16.46,,,,,,,ShowDailyK_ChartFlow,FinMind_API_TaiwanStockPrice_6669,True,2026-09-28T22:40:47,2026-09-28T22:40:47,2026-09-28T22:40:47
6669,緯穎,2025-09-09,3010.0,-115.0,-3.68%,,15.85,,,,,,,ShowDailyK_ChartFlow,FinMind_API_TaiwanStockPrice_6669,True,2026-09-28T22:40:47,2026-09-28T22:40:47,2026-09-28T22:40:47
6669,緯穎,2025-09-10,3310.0,300.0,9.97%,,17.43,,,,,,,ShowDailyK_ChartFlow,FinMind_API_TaiwanStockPrice_6669,True,2026-09-28T22:40:47,2026-09-28T22:40:47,2026-09-28T22:40:47
6669,緯穎,2025-09-11,3310.0,0.0,0.00%,,17.43,,,,,,,ShowDailyK_ChartFlow,FinMind_API_TaiwanStockPrice_6669,True,2026-09-28T22:40:47,2026-09-28T22:40:47,2026-09-28T22:40:47
6669,緯穎,2025-09-12,3240.0,-70.0,-2.11%,,17.06,,,,,,,ShowDailyK_ChartFlow,FinMind_API_TaiwanStockPrice_6669,True,2026-09-28T22:40:47,2026-09-28T22:40:47,2026-09-28T22:40:47
6669,緯穎,2025-09-15,3220.0,-20.0,-0.62%,,16.96,,,,,,,ShowDailyK_ChartFlow,FinMind_API_TaiwanStockPrice_6669,True,2026-09-28T22:40:47,2026-09-28T22:40:47,2026-09-28T22:40:47
6669,緯穎,2025-09-16,3200.0,-20.0,-0.62%,,16.85,,,,,,,ShowDailyK_ChartFlow,FinMind_API_TaiwanStockPrice_6669,True,2026-09-28T22:40:47,2026-09-28T22:40:47,2026-09-28T22:40:47
6669,緯穎,2025-09-17,3160.0,-40.0,-1.25%,,16.64,,,,,,,ShowDailyK_ChartFlow,FinMind_API_TaiwanStockPrice_6669,True,2026-09-28T22:40:47,2026-09-28T22:40:47,2026-09-28T22:40:47
6669,緯穎,2025-09-18,3200.0,40.0,1.27%,,16.85,,,,,,,ShowDailyK_ChartFlow,FinMind_API_TaiwanStockPrice_6669,True,2026-09-28T22:40:47,2026-09-28T22:40:47,2026-09-28T22:40:47
6669,緯穎,2025-09-19,3230.0,30.0,0.94%,,17.01,,,,,,,ShowDailyK_ChartFlow,FinMind_API_TaiwanStockPrice_6669,True,2026-09-28T22:40:47,2026-09-28T22:40:47,2026-09-28T22:40:47
6669,緯穎,2025-09-22,3125.0,-105.0,-3.25%,,16.46,,,,,,,ShowDailyK_ChartFlow,FinMind_API_TaiwanStockPrice_6669,True,2026-09-28T22:40:47,2026-09-28T22:40:47,2026-09-28T22:40:47
6669,緯穎,2025-09-23,3140.0,15.0,0.48%,,16.54,,,,,,,ShowDailyK_ChartFlow,FinMind_API_TaiwanStockPrice_6669,True,2026-09-28T22:40:47,2026-09-28T22:40:47,2026-09-28T22:40:47
6669,緯穎,2025-09-24,3080.0,-60.0,-1.91%,,16.22,,,,,,,ShowDailyK_ChartFlow,FinMind_API_TaiwanStockPrice_6669,True,2026-09-28T22:40:47,2026-09-28T22:40:47,2026-09-28T22:40:47
6669,緯穎,2025-09-25,3095.0,15.0,0.49%,,16.3,,,,,,,ShowDailyK_ChartFlow,FinMind_API_TaiwanStockPrice_6669,True,2026-09-28T22:40:47,2026-09-28T22:40:47,2026-09-28T22:40:47
6669,緯穎,2025-09-26,3050.0,-45.0,-1.45%,,16.06,,,,,,,ShowDailyK_ChartFlow,FinMind_API_TaiwanStockPrice_6669,True,2026-09-28T22:40:47,2026-09-28T22:40:47,2026-09-28T22:40:47
6669,緯穎,2025-09-30,3315.0,265.0,8.69%,,17.46,,,,,,,ShowDailyK_ChartFlow,FinMind_API_TaiwanStockPrice_6669,True,2026-09-28T22:40:47,2026-09-28T22:40:47,2026-09-28T22:40:47
6669,緯穎,2025-10-01,3300.0,-15.0,-0.45%,,17.38,,,,,,,ShowDailyK_ChartFlow,FinMind_API_TaiwanStockPrice_6669,True,2026-09-28T22:40:47,2026-09-28T22:40:47,2026-09-28T22:40:47
6669,緯穎,2025-10-02,3315.0,15.0,0.45%,,17.46,,,,,,,ShowDailyK_ChartFlow,FinMind_API_TaiwanStockPrice_6669,True,2026-09-28T22:40:47,2026-09-28T22:40:47,2026-09-28T22:40:47
6669,緯穎,2025-10-03,3465.0,150.0,4.52%,,18.25,,,,,,,ShowDailyK_ChartFlow,FinMind_API_TaiwanStockPrice_6669,True,2026-09-28T22:40:47,2026-09-28T22:40:47,2026-09-28T22:40:47
6669,緯穎,2025-10-07,3510.0,45.0,1.30%,,18.48,,,,,,,ShowDailyK_ChartFlow,FinMind_API_TaiwanStockPrice_6669,True,2026-09-28T22:40:47,2026-09-28T22:40:47,2026-09-28T22:40:47
6669,緯穎,2025-10-08,3435.0,-75.0,-2.14%,,18.09,,,,,,,ShowDailyK_ChartFlow,FinMind_API_TaiwanStockPrice_6669,True,2026-09-28T22:40:47,2026-09-28T22:40:47,2026-09-28T22:40:47
6669,緯穎,2025-10-09,3370.0,-65.0,-1.89%,,17.75,,,,,,,ShowDailyK_ChartFlow,FinMind_API_TaiwanStockPrice_6669,True,2026-09-28T22:40:47,2026-09-28T22:40:47,2026-09-28T22:40:47
6669,緯穎,2025-10-13,3430.0,60.0,1.78%,,18.06,,,,,,,ShowDailyK_ChartFlow,FinMind_API_TaiwanStockPrice_6669,True,2026-09-28T22:40:47,2026-09-28T22:40:47,2026-09-28T22:40:47
6669,緯穎,2025-10-14,3510.0,80.0,2.33%,,18.48,,,,,,,ShowDailyK_ChartFlow,FinMind_API_TaiwanStockPrice_6669,True,2026-09-28T22:40:47,2026-09-28T22:40:47,2026-09-28T22:40:47
6669,緯穎,2025-10-15,3795.0,285.0,8.12%,,19.98,,,,,,,ShowDailyK_ChartFlow,FinMind_API_TaiwanStockPrice_6669,True,2026-09-28T22:40:47,2026-09-28T22:40:47,2026-09-28T22:40:47
6669,緯穎,2025-10-16,3860.0,65.0,1.71%,,20.33,,,,,,,ShowDailyK_ChartFlow,FinMind_API_TaiwanStockPrice_6669,True,2026-09-28T22:40:47,2026-09-28T22:40:47,2026-09-28T22:40:47
6669,緯穎,2025-10-17,3785.0,-75.0,-1.94%,,19.93,,,,,,,ShowDailyK_ChartFlow,FinMind_API_TaiwanStockPrice_6669,True,2026-09-28T22:40:47,2026-09-28T22:40:47,2026-09-28T22:40:47
6669,緯穎,2025-10-20,3880.0,95.0,2.51%,,20.43,,,,,,,ShowDailyK_ChartFlow,FinMind_API_TaiwanStockPrice_6669,True,2026-09-28T22:40:47,2026-09-28T22:40:47,2026-09-28T22:40:47
6669,緯穎,2025-10-21,4065.0,185.0,4.77%,,21.41,,,,,,,ShowDailyK_ChartFlow,FinMind_API_TaiwanStockPrice_6669,True,2026-09-28T22:40:47,2026-09-28T22:40:47,2026-09-28T22:40:47
6669,緯穎,2025-10-22,4065.0,0.0,0.00%,,21.41,,,,,,,ShowDailyK_ChartFlow,FinMind_API_TaiwanStockPrice_6669,True,2026-09-28T22:40:47,2026-09-28T22:40:47,2026-09-28T22:40:47
6669,緯穎,2025-10-23,4105.0,40.0,0.98%,,21.62,,,,,,,ShowDailyK_ChartFlow,FinMind_API_TaiwanStockPrice_6669,True,2026-09-28T22:40:47,2026-09-28T22:40:47,2026-09-28T22:40:47
6669,緯穎,2025-10-27,4055.0,-50.0,-1.22%,,21.35,,,,,,,ShowDailyK_ChartFlow,FinMind_API_TaiwanStockPrice_6669,True,2026-09-28T22:40:47,2026-09-28T22:40:47,2026-09-28T22:40:47
6669,緯穎,2025-10-28,4085.0,30.0,0.74%,,21.51,,,,,,,ShowDailyK_ChartFlow,FinMind_API_TaiwanStockPrice_6669,True,2026-09-28T22:40:47,2026-09-28T22:40:47,2026-09-28T22:40:47
6669,緯穎,2025-10-29,4110.0,25.0,0.61%,,21.64,,,,,,,ShowDailyK_ChartFlow,FinMind_API_TaiwanStockPrice_6669,True,2026-09-28T22:40:47,2026-09-28T22:40:47,2026-09-28T22:40:47
6669,緯穎,2025-10-30,4300.0,190.0,4.62%,,22.64,,,,,,,ShowDailyK_ChartFlow,FinMind_API_TaiwanStockPrice_6669,True,2026-09-28T22:40:47,2026-09-28T22:40:47,2026-09-28T22:40:47
6669,緯穎,2025-10-31,4365.0,65.0,1.51%,,22.99,,,,,,,ShowDailyK_ChartFlow,FinMind_API_TaiwanStockPrice_6669,True,2026-09-28T22:40:47,2026-09-28T22:40:47,2026-09-28T22:40:47
6669,緯穎,2025-11-03,4315.0,-50.0,-1.15%,,22.72,,,,,,,ShowDailyK_ChartFlow,FinMind_API_TaiwanStockPrice_6669,True,2026-09-28T22:40:47,2026-09-28T22:40:47,2026-09-28T22:40:47
6669,緯穎,2025-11-04,4300.0,-15.0,-0.35%,,22.64,,,,,,,ShowDailyK_ChartFlow,FinMind_API_TaiwanStockPrice_6669,True,2026-09-28T22:40:47,2026-09-28T22:40:47,2026-09-28T22:40:47
6669,緯穎,2025-11-05,4165.0,-135.0,-3.14%,,21.93,,,,,,,ShowDailyK_ChartFlow,FinMind_API_TaiwanStockPrice_6669,True,2026-09-28T22:40:47,2026-09-28T22:40:47,2026-09-28T22:40:47
6669,緯穎,2025-11-06,4320.0,155.0,3.72%,,22.75,,,,,,,ShowDailyK_ChartFlow,FinMind_API_TaiwanStockPrice_6669,True,2026-09-28T22:40:47,2026-09-28T22:40:47,2026-09-28T22:40:47
6669,緯穎,2025-11-07,4075.0,-245.0,-5.67%,,21.46,,,,,,,ShowDailyK_ChartFlow,FinMind_API_TaiwanStockPrice_6669,True,2026-09-28T22:40:47,2026-09-28T22:40:47,2026-09-28T22:40:47
6669,緯穎,2025-11-10,4295.0,220.0,5.40%,,17.99,,,,,,,ShowDailyK_ChartFlow,FinMind_API_TaiwanStockPrice_6669,True,2026-09-28T22:40:47,2026-09-28T22:40:47,2026-09-28T22:40:47
6669,緯穎,2025-11-11,4720.0,425.0,9.90%,,19.77,,,,,,,ShowDailyK_ChartFlow,FinMind_API_TaiwanStockPrice_6669,True,2026-09-28T22:40:47,2026-09-28T22:40:47,2026-09-28T22:40:47
6669,緯穎,2025-11-12,4560.0,-160.0,-3.39%,,19.1,,,,,,,ShowDailyK_ChartFlow,FinMind_API_TaiwanStockPrice_6669,True,2026-09-28T22:40:47,2026-09-28T22:40:47,2026-09-28T22:40:47
6669,緯穎,2025-11-13,4460.0,-100.0,-2.19%,,18.68,,,,,,,ShowDailyK_ChartFlow,FinMind_API_TaiwanStockPrice_6669,True,2026-09-28T22:40:47,2026-09-28T22:40:47,2026-09-28T22:40:47
6669,緯穎,2025-11-14,4280.0,-180.0,-4.04%,,17.92,,,,,,,ShowDailyK_ChartFlow,FinMind_API_TaiwanStockPrice_6669,True,2026-09-28T22:40:47,2026-09-28T22:40:47,2026-09-28T22:40:47
6669,緯穎,2025-11-17,4350.0,70.0,1.64%,,18.22,,,,,,,ShowDailyK_ChartFlow,FinMind_API_TaiwanStockPrice_6669,True,2026-09-28T22:40:47,2026-09-28T22:40:47,2026-09-28T22:40:47
6669,緯穎,2025-11-18,4130.0,-220.0,-5.06%,,17.3,,,,,,,ShowDailyK_ChartFlow,FinMind_API_TaiwanStockPrice_6669,True,2026-09-28T22:40:47,2026-09-28T22:40:47,2026-09-28T22:40:47
6669,緯穎,2025-11-19,4150.0,20.0,0.48%,,17.38,,,,,,,ShowDailyK_ChartFlow,FinMind_API_TaiwanStockPrice_6669,True,2026-09-28T22:40:47,2026-09-28T22:40:47,2026-09-28T22:40:47
6669,緯穎,2025-11-20,4280.0,130.0,3.13%,,17.92,,,,,,,ShowDailyK_ChartFlow,FinMind_API_TaiwanStockPrice_6669,True,2026-09-28T22:40:47,2026-09-28T22:40:47,2026-09-28T22:40:47
6669,緯穎,2025-11-21,4095.0,-185.0,-4.32%,,17.15,,,,,,,ShowDailyK_ChartFlow,FinMind_API_TaiwanStockPrice_6669,True,2026-09-28T22:40:47,2026-09-28T22:40:47,2026-09-28T22:40:47
6669,緯穎,2025-11-24,4030.0,-65.0,-1.59%,,16.88,,,,,,,ShowDailyK_ChartFlow,FinMind_API_TaiwanStockPrice_6669,True,2026-09-28T22:40:47,2026-09-28T22:40:47,2026-09-28T22:40:47
6669,緯穎,2025-11-25,4170.0,140.0,3.47%,,17.46,,,,,,,ShowDailyK_ChartFlow,FinMind_API_TaiwanStockPrice_6669,True,2026-09-28T22:40:47,2026-09-28T22:40:47,2026-09-28T22:40:47
6669,緯穎,2025-11-26,4450.0,280.0,6.71%,,18.64,,,,,,,ShowDailyK_ChartFlow,FinMind_API_TaiwanStockPrice_6669,True,2026-09-28T22:40:47,2026-09-28T22:40:47,2026-09-28T22:40:47
6669,緯穎,2025-11-27,4450.0,0.0,0.00%,,18.64,,,,,,,ShowDailyK_ChartFlow,FinMind_API_TaiwanStockPrice_6669,True,2026-09-28T22:40:47,2026-09-28T22:40:47,2026-09-28T22:40:47
6669,緯穎,2025-11-28,4570.0,120.0,2.70%,,19.14,,,,,,,ShowDailyK_ChartFlow,FinMind_API_TaiwanStockPrice_6669,True,2026-09-28T22:40:47,2026-09-28T22:40:47,2026-09-28T22:40:47
6669,緯穎,2025-12-01,4430.0,-140.0,-3.06%,,18.55,,,,,,,ShowDailyK_ChartFlow,FinMind_API_TaiwanStockPrice_6669,True,2026-09-28T22:40:47,2026-09-28T22:40:47,2026-09-28T22:40:47
6669,緯穎,2025-12-02,4480.0,50.0,1.13%,,18.76,,,,,,,ShowDailyK_ChartFlow,FinMind_API_TaiwanStockPrice_6669,True,2026-09-28T22:40:47,2026-09-28T22:40:47,2026-09-28T22:40:47
6669,緯穎,2025-12-03,4600.0,120.0,2.68%,,19.26,,,,,,,ShowDailyK_ChartFlow,FinMind_API_TaiwanStockPrice_6669,True,2026-09-28T22:40:47,2026-09-28T22:40:47,2026-09-28T22:40:47
6669,緯穎,2025-12-04,4545.0,-55.0,-1.20%,,19.03,,,,,,,ShowDailyK_ChartFlow,FinMind_API_TaiwanStockPrice_6669,True,2026-09-28T22:40:47,2026-09-28T22:40:47,2026-09-28T22:40:47
6669,緯穎,2025-12-05,4685.0,140.0,3.08%,,19.62,,,,,,,ShowDailyK_ChartFlow,FinMind_API_TaiwanStockPrice_6669,True,2026-09-28T22:40:47,2026-09-28T22:40:47,2026-09-28T22:40:47
6669,緯穎,2025-12-08,4630.0,-55.0,-1.17%,,19.39,,,,,,,ShowDailyK_ChartFlow,FinMind_API_TaiwanStockPrice_6669,True,2026-09-28T22:40:47,2026-09-28T22:40:47,2026-09-28T22:40:47
6669,緯穎,2025-12-09,4520.0,-110.0,-2.38%,,18.93,,,,,,,ShowDailyK_ChartFlow,FinMind_API_TaiwanStockPrice_6669,True,2026-09-28T22:40:47,2026-09-28T22:40:47,2026-09-28T22:40:47
6669,緯穎,2025-12-10,4525.0,5.0,0.11%,,18.95,,,,,,,ShowDailyK_ChartFlow,FinMind_API_TaiwanStockPrice_6669,True,2026-09-28T22:40:47,2026-09-28T22:40:47,2026-09-28T22:40:47
6669,緯穎,2025-12-11,4520.0,-5.0,-0.11%,,18.93,,,,,,,ShowDailyK_ChartFlow,FinMind_API_TaiwanStockPrice_6669,True,2026-09-28T22:40:47,2026-09-28T22:40:47,2026-09-28T22:40:47
6669,緯穎,2025-12-12,4405.0,-115.0,-2.54%,,18.45,,,,,,,ShowDailyK_ChartFlow,FinMind_API_TaiwanStockPrice_6669,True,2026-09-28T22:40:47,2026-09-28T22:40:47,2026-09-28T22:40:47
6669,緯穎,2025-12-15,4290.0,-115.0,-2.61%,,17.97,,,,,,,ShowDailyK_ChartFlow,FinMind_API_TaiwanStockPrice_6669,True,2026-09-28T22:40:47,2026-09-28T22:40:47,2026-09-28T22:40:47
6669,緯穎,2025-12-16,4160.0,-130.0,-3.03%,,17.42,,,,,,,ShowDailyK_ChartFlow,FinMind_API_TaiwanStockPrice_6669,True,2026-09-28T22:40:47,2026-09-28T22:40:47,2026-09-28T22:40:47
6669,緯穎,2025-12-17,4175.0,15.0,0.36%,,17.48,,,,,,,ShowDailyK_ChartFlow,FinMind_API_TaiwanStockPrice_6669,True,2026-09-28T22:40:47,2026-09-28T22:40:47,2026-09-28T22:40:47
6669,緯穎,2025-12-18,4175.0,0.0,0.00%,,17.48,,,,,,,ShowDailyK_ChartFlow,FinMind_API_TaiwanStockPrice_6669,True,2026-09-28T22:40:47,2026-09-28T22:40:47,2026-09-28T22:40:47
6669,緯穎,2025-12-19,4285.0,110.0,2.63%,,17.95,,,,,,,ShowDailyK_ChartFlow,FinMind_API_TaiwanStockPrice_6669,True,2026-09-28T22:40:47,2026-09-28T22:40:47,2026-09-28T22:40:47
6669,緯穎,2025-12-22,4250.0,-35.0,-0.82%,,17.8,,,,,,,ShowDailyK_ChartFlow,FinMind_API_TaiwanStockPrice_6669,True,2026-09-28T22:40:47,2026-09-28T22:40:47,2026-09-28T22:40:47
6669,緯穎,2025-12-23,4255.0,5.0,0.12%,,17.82,,,,,,,ShowDailyK_ChartFlow,FinMind_API_TaiwanStockPrice_6669,True,2026-09-28T22:40:47,2026-09-28T22:40:47,2026-09-28T22:40:47
6669,緯穎,2025-12-24,4240.0,-15.0,-0.35%,,17.76,,,,,,,ShowDailyK_ChartFlow,FinMind_API_TaiwanStockPrice_6669,True,2026-09-28T22:40:47,2026-09-28T22:40:47,2026-09-28T22:40:47
6669,緯穎,2025-12-26,4300.0,60.0,1.42%,,18.01,,,,,,,ShowDailyK_ChartFlow,FinMind_API_TaiwanStockPrice_6669,True,2026-09-28T22:40:47,2026-09-28T22:40:47,2026-09-28T22:40:47
6669,緯穎,2025-12-29,4350.0,50.0,1.16%,,18.22,,,,,,,ShowDailyK_ChartFlow,FinMind_API_TaiwanStockPrice_6669,True,2026-09-28T22:40:47,2026-09-28T22:40:47,2026-09-28T22:40:47
6669,緯穎,2025-12-30,4395.0,45.0,1.03%,,18.41,,,,,,,ShowDailyK_ChartFlow,FinMind_API_TaiwanStockPrice_6669,True,2026-09-28T22:40:47,2026-09-28T22:40:47,2026-09-28T22:40:47
6669,緯穎,2025-12-31,4485.0,90.0,2.05%,,18.78,,,,,,,ShowDailyK_ChartFlow,FinMind_API_TaiwanStockPrice_6669,True,2026-09-28T22:40:47,2026-09-28T22:40:47,2026-09-28T22:40:47
6669,緯穎,2026-01-02,4480.0,-5.0,-0.11%,,18.76,,,,,,,ShowDailyK_ChartFlow,FinMind_API_TaiwanStockPrice_6669,True,2026-09-28T22:40:47,2026-09-28T22:40:47,2026-09-28T22:40:47
6669,緯穎,2026-01-05,4540.0,60.0,1.34%,,19.01,,,,,,,ShowDailyK_ChartFlow,FinMind_API_TaiwanStockPrice_6669,True,2026-09-28T22:40:47,2026-09-28T22:40:47,2026-09-28T22:40:47
6669,緯穎,2026-01-06,4615.0,75.0,1.65%,,19.33,,,,,,,ShowDailyK_ChartFlow,FinMind_API_TaiwanStockPrice_6669,True,2026-09-28T22:40:47,2026-09-28T22:40:47,2026-09-28T22:40:47
6669,緯穎,2026-01-07,4670.0,55.0,1.19%,,19.56,,,,,,,ShowDailyK_ChartFlow,FinMind_API_TaiwanStockPrice_6669,True,2026-09-28T22:40:47,2026-09-28T22:40:47,2026-09-28T22:40:47
6669,緯穎,2026-01-08,4650.0,-20.0,-0.43%,,19.47,,,,,,,ShowDailyK_ChartFlow,FinMind_API_TaiwanStockPrice_6669,True,2026-09-28T22:40:47,2026-09-28T22:40:47,2026-09-28T22:40:47
6669,緯穎,2026-01-09,4240.0,-410.0,-8.82%,,17.76,,,,,,,ShowDailyK_ChartFlow,FinMind_API_TaiwanStockPrice_6669,True,2026-09-28T22:40:47,2026-09-28T22:40:47,2026-09-28T22:40:47
6669,緯穎,2026-01-12,4095.0,-145.0,-3.42%,,17.15,,,,,,,ShowDailyK_ChartFlow,FinMind_API_TaiwanStockPrice_6669,True,2026-09-28T22:40:47,2026-09-28T22:40:47,2026-09-28T22:40:47
6669,緯穎,2026-01-13,3900.0,-195.0,-4.76%,,16.33,,,,,,,ShowDailyK_ChartFlow,FinMind_API_TaiwanStockPrice_6669,True,2026-09-28T22:40:47,2026-09-28T22:40:47,2026-09-28T22:40:47
6669,緯穎,2026-01-14,3960.0,60.0,1.54%,,16.58,,,,,,,ShowDailyK_ChartFlow,FinMind_API_TaiwanStockPrice_6669,True,2026-09-28T22:40:47,2026-09-28T22:40:47,2026-09-28T22:40:47
6669,緯穎,2026-01-15,3945.0,-15.0,-0.38%,,16.52,,,,,,,ShowDailyK_ChartFlow,FinMind_API_TaiwanStockPrice_6669,True,2026-09-28T22:40:47,2026-09-28T22:40:47,2026-09-28T22:40:47
6669,緯穎,2026-01-16,3825.0,-120.0,-3.04%,,16.02,,,,,,,ShowDailyK_ChartFlow,FinMind_API_TaiwanStockPrice_6669,True,2026-09-28T22:40:47,2026-09-28T22:40:47,2026-09-28T22:40:47
6669,緯穎,2026-01-19,3720.0,-105.0,-2.75%,,15.58,,,,,,,ShowDailyK_ChartFlow,FinMind_API_TaiwanStockPrice_6669,True,2026-09-28T22:40:47,2026-09-28T22:40:47,2026-09-28T22:40:47
6669,緯穎,2026-01-20,3670.0,-50.0,-1.34%,,15.37,,,,,,,ShowDailyK_ChartFlow,FinMind_API_TaiwanStockPrice_6669,True,2026-09-28T22:40:47,2026-09-28T22:40:47,2026-09-28T22:40:47
6669,緯穎,2026-01-21,3605.0,-65.0,-1.77%,,15.1,,,,,,,ShowDailyK_ChartFlow,FinMind_API_TaiwanStockPrice_6669,True,2026-09-28T22:40:47,2026-09-28T22:40:47,2026-09-28T22:40:47
6669,緯穎,2026-01-22,3765.0,160.0,4.44%,,15.77,,,,,,,ShowDailyK_ChartFlow,FinMind_API_TaiwanStockPrice_6669,True,2026-09-28T22:40:47,2026-09-28T22:40:47,2026-09-28T22:40:47
6669,緯穎,2026-01-23,3695.0,-70.0,-1.86%,,15.47,,,,,,,ShowDailyK_ChartFlow,FinMind_API_TaiwanStockPrice_6669,True,2026-09-28T22:40:47,2026-09-28T22:40:47,2026-09-28T22:40:47
6669,緯穎,2026-01-26,3840.0,145.0,3.92%,,16.08,,,,,,,ShowDailyK_ChartFlow,FinMind_API_TaiwanStockPrice_6669,True,2026-09-28T22:40:47,2026-09-28T22:40:47,2026-09-28T22:40:47
6669,緯穎,2026-01-27,3700.0,-140.0,-3.65%,,15.5,,,,,,,ShowDailyK_ChartFlow,FinMind_API_TaiwanStockPrice_6669,True,2026-09-28T22:40:47,2026-09-28T22:40:47,2026-09-28T22:40:47
6669,緯穎,2026-01-28,3705.0,5.0,0.14%,,15.52,,,,,,,ShowDailyK_ChartFlow,FinMind_API_TaiwanStockPrice_6669,True,2026-09-28T22:40:47,2026-09-28T22:40:47,2026-09-28T22:40:47
6669,緯穎,2026-01-29,3720.0,15.0,0.40%,,15.58,,,,,,,ShowDailyK_ChartFlow,FinMind_API_TaiwanStockPrice_6669,True,2026-09-28T22:40:47,2026-09-28T22:40:47,2026-09-28T22:40:47
6669,緯穎,2026-01-30,3575.0,-145.0,-3.90%,,14.97,,,,,,,ShowDailyK_ChartFlow,FinMind_API_TaiwanStockPrice_6669,True,2026-09-28T22:40:47,2026-09-28T22:40:47,2026-09-28T22:40:47
6669,緯穎,2026-02-02,3605.0,30.0,0.84%,,15.1,,,,,,,ShowDailyK_ChartFlow,FinMind_API_TaiwanStockPrice_6669,True,2026-09-28T22:40:47,2026-09-28T22:40:47,2026-09-28T22:40:47
6669,緯穎,2026-02-03,3725.0,120.0,3.33%,,15.6,,,,,,,ShowDailyK_ChartFlow,FinMind_API_TaiwanStockPrice_6669,True,2026-09-28T22:40:47,2026-09-28T22:40:47,2026-09-28T22:40:47
6669,緯穎,2026-02-04,3680.0,-45.0,-1.21%,,15.41,,,,,,,ShowDailyK_ChartFlow,FinMind_API_TaiwanStockPrice_6669,True,2026-09-28T22:40:47,2026-09-28T22:40:47,2026-09-28T22:40:47
6669,緯穎,2026-02-05,3610.0,-70.0,-1.90%,,15.12,,,,,,,ShowDailyK_ChartFlow,FinMind_API_TaiwanStockPrice_6669,True,2026-09-28T22:40:47,2026-09-28T22:40:47,2026-09-28T22:40:47
6669,緯穎,2026-02-06,3645.0,35.0,0.97%,,15.27,,,,,,,ShowDailyK_ChartFlow,FinMind_API_TaiwanStockPrice_6669,True,2026-09-28T22:40:47,2026-09-28T22:40:47,2026-09-28T22:40:47
6669,緯穎,2026-02-09,3630.0,-15.0,-0.41%,,15.2,,,,,,,ShowDailyK_ChartFlow,FinMind_API_TaiwanStockPrice_6669,True,2026-09-28T22:40:47,2026-09-28T22:40:47,2026-09-28T22:40:47
6669,緯穎,2026-02-10,3685.0,55.0,1.52%,,15.43,,,,,,,ShowDailyK_ChartFlow,FinMind_API_TaiwanStockPrice_6669,True,2026-09-28T22:40:47,2026-09-28T22:40:47,2026-09-28T22:40:47
6669,緯穎,2026-02-11,3740.0,55.0,1.49%,,15.66,,,,,,,ShowDailyK_ChartFlow,FinMind_API_TaiwanStockPrice_6669,True,2026-09-28T22:40:47,2026-09-28T22:40:47,2026-09-28T22:40:47
6669,緯穎,2026-02-23,3820.0,80.0,2.14%,,16.0,,,,,,,ShowDailyK_ChartFlow,FinMind_API_TaiwanStockPrice_6669,True,2026-09-28T22:40:47,2026-09-28T22:40:47,2026-09-28T22:40:47
6669,緯穎,2026-02-24,3835.0,15.0,0.39%,,16.06,,,,,,,ShowDailyK_ChartFlow,FinMind_API_TaiwanStockPrice_6669,True,2026-09-28T22:40:47,2026-09-28T22:40:47,2026-09-28T22:40:47
6669,緯穎,2026-02-25,4060.0,225.0,5.87%,,17.0,,,,,,,ShowDailyK_ChartFlow,FinMind_API_TaiwanStockPrice_6669,True,2026-09-28T22:40:47,2026-09-28T22:40:47,2026-09-28T22:40:47
6669,緯穎,2026-02-26,4000.0,-60.0,-1.48%,,16.75,,,,,,,ShowDailyK_ChartFlow,FinMind_API_TaiwanStockPrice_6669,True,2026-09-28T22:40:47,2026-09-28T22:40:47,2026-09-28T22:40:47
6669,緯穎,2026-03-02,4150.0,150.0,3.75%,,15.09,,,,,,,ShowDailyK_ChartFlow,FinMind_API_TaiwanStockPrice_6669,True,2026-09-28T22:40:47,2026-09-28T22:40:47,2026-09-28T22:40:47
6669,緯穎,2026-03-03,4145.0,-5.0,-0.12%,,15.07,,,,,,,ShowDailyK_ChartFlow,FinMind_API_TaiwanStockPrice_6669,True,2026-09-28T22:40:47,2026-09-28T22:40:47,2026-09-28T22:40:47
6669,緯穎,2026-03-04,3910.0,-235.0,-5.67%,,14.22,,,,,,,ShowDailyK_ChartFlow,FinMind_API_TaiwanStockPrice_6669,True,2026-09-28T22:40:47,2026-09-28T22:40:47,2026-09-28T22:40:47
6669,緯穎,2026-03-05,4220.0,310.0,7.93%,,15.34,,,,,,,ShowDailyK_ChartFlow,FinMind_API_TaiwanStockPrice_6669,True,2026-09-28T22:40:47,2026-09-28T22:40:47,2026-09-28T22:40:47
6669,緯穎,2026-03-06,4215.0,-5.0,-0.12%,,15.32,,,,,,,ShowDailyK_ChartFlow,FinMind_API_TaiwanStockPrice_6669,True,2026-09-28T22:40:47,2026-09-28T22:40:47,2026-09-28T22:40:47
6669,緯穎,2026-03-09,3930.0,-285.0,-6.76%,,14.29,,,,,,,ShowDailyK_ChartFlow,FinMind_API_TaiwanStockPrice_6669,True,2026-09-28T22:40:47,2026-09-28T22:40:47,2026-09-28T22:40:47
6669,緯穎,2026-03-10,3960.0,30.0,0.76%,,14.4,,,,,,,ShowDailyK_ChartFlow,FinMind_API_TaiwanStockPrice_6669,True,2026-09-28T22:40:47,2026-09-28T22:40:47,2026-09-28T22:40:47
6669,緯穎,2026-03-11,4190.0,230.0,5.81%,,15.23,,,,,,,ShowDailyK_ChartFlow,FinMind_API_TaiwanStockPrice_6669,True,2026-09-28T22:40:47,2026-09-28T22:40:47,2026-09-28T22:40:47
6669,緯穎,2026-03-12,4085.0,-105.0,-2.51%,,14.85,,,,,,,ShowDailyK_ChartFlow,FinMind_API_TaiwanStockPrice_6669,True,2026-09-28T22:40:47,2026-09-28T22:40:47,2026-09-28T22:40:47
6669,緯穎,2026-03-13,4070.0,-15.0,-0.37%,,14.8,,,,,,,ShowDailyK_ChartFlow,FinMind_API_TaiwanStockPrice_6669,True,2026-09-28T22:40:47,2026-09-28T22:40:47,2026-09-28T22:40:47
6669,緯穎,2026-03-16,4005.0,-65.0,-1.60%,,14.56,,,,,,,ShowDailyK_ChartFlow,FinMind_API_TaiwanStockPrice_6669,True,2026-09-28T22:40:47,2026-09-28T22:40:47,2026-09-28T22:40:47
6669,緯穎,2026-03-17,3965.0,-40.0,-1.00%,,14.42,,,,,,,ShowDailyK_ChartFlow,FinMind_API_TaiwanStockPrice_6669,True,2026-09-28T22:40:47,2026-09-28T22:40:47,2026-09-28T22:40:47
6669,緯穎,2026-03-18,3825.0,-140.0,-3.53%,,13.91,,,,,,,ShowDailyK_ChartFlow,FinMind_API_TaiwanStockPrice_6669,True,2026-09-28T22:40:47,2026-09-28T22:40:47,2026-09-28T22:40:47
6669,緯穎,2026-03-19,3765.0,-60.0,-1.57%,,13.69,,,,,,,ShowDailyK_ChartFlow,FinMind_API_TaiwanStockPrice_6669,True,2026-09-28T22:40:47,2026-09-28T22:40:47,2026-09-28T22:40:47
6669,緯穎,2026-03-20,3805.0,40.0,1.06%,,13.83,,,,,,,ShowDailyK_ChartFlow,FinMind_API_TaiwanStockPrice_6669,True,2026-09-28T22:40:47,2026-09-28T22:40:47,2026-09-28T22:40:47
6669,緯穎,2026-03-23,3645.0,-160.0,-4.20%,,13.25,,,,,,,ShowDailyK_ChartFlow,FinMind_API_TaiwanStockPrice_6669,True,2026-09-28T22:40:47,2026-09-28T22:40:47,2026-09-28T22:40:47
6669,緯穎,2026-03-24,3725.0,80.0,2.19%,,13.54,,,,,,,ShowDailyK_ChartFlow,FinMind_API_TaiwanStockPrice_6669,True,2026-09-28T22:40:47,2026-09-28T22:40:47,2026-09-28T22:40:47
6669,緯穎,2026-03-25,3760.0,35.0,0.94%,,13.67,,,,,,,ShowDailyK_ChartFlow,FinMind_API_TaiwanStockPrice_6669,True,2026-09-28T22:40:47,2026-09-28T22:40:47,2026-09-28T22:40:47
6669,緯穎,2026-03-26,3465.0,-295.0,-7.85%,,12.6,,,,,,,ShowDailyK_ChartFlow,FinMind_API_TaiwanStockPrice_6669,True,2026-09-28T22:40:47,2026-09-28T22:40:47,2026-09-28T22:40:47
6669,緯穎,2026-03-27,3395.0,-70.0,-2.02%,,12.34,,,,,,,ShowDailyK_ChartFlow,FinMind_API_TaiwanStockPrice_6669,True,2026-09-28T22:40:47,2026-09-28T22:40:47,2026-09-28T22:40:47
6669,緯穎,2026-03-30,3370.0,-25.0,-0.74%,,12.25,,,,,,,ShowDailyK_ChartFlow,FinMind_API_TaiwanStockPrice_6669,True,2026-09-28T22:40:47,2026-09-28T22:40:47,2026-09-28T22:40:47
6669,緯穎,2026-03-31,3300.0,-70.0,-2.08%,,12.0,,,,,,,ShowDailyK_ChartFlow,FinMind_API_TaiwanStockPrice_6669,True,2026-09-28T22:40:47,2026-09-28T22:40:47,2026-09-28T22:40:47
6669,緯穎,2026-04-01,3420.0,120.0,3.64%,,12.43,,,,,,,ShowDailyK_ChartFlow,FinMind_API_TaiwanStockPrice_6669,True,2026-09-28T22:40:47,2026-09-28T22:40:47,2026-09-28T22:40:47
6669,緯穎,2026-04-02,3410.0,-10.0,-0.29%,,12.4,,,,,,,ShowDailyK_ChartFlow,FinMind_API_TaiwanStockPrice_6669,True,2026-09-28T22:40:47,2026-09-28T22:40:47,2026-09-28T22:40:47
6669,緯穎,2026-04-07,3395.0,-15.0,-0.44%,,12.34,,,,,,,ShowDailyK_ChartFlow,FinMind_API_TaiwanStockPrice_6669,True,2026-09-28T22:40:47,2026-09-28T22:40:47,2026-09-28T22:40:47
6669,緯穎,2026-04-08,3570.0,175.0,5.15%,,12.98,,,,,,,ShowDailyK_ChartFlow,FinMind_API_TaiwanStockPrice_6669,True,2026-09-28T22:40:47,2026-09-28T22:40:47,2026-09-28T22:40:47
6669,緯穎,2026-04-09,3580.0,10.0,0.28%,,13.02,,,,,,,ShowDailyK_ChartFlow,FinMind_API_TaiwanStockPrice_6669,True,2026-09-28T22:40:47,2026-09-28T22:40:47,2026-09-28T22:40:47
6669,緯穎,2026-04-10,3630.0,50.0,1.40%,,13.2,,,,,,,ShowDailyK_ChartFlow,FinMind_API_TaiwanStockPrice_6669,True,2026-09-28T22:40:47,2026-09-28T22:40:47,2026-09-28T22:40:47
6669,緯穎,2026-04-13,3645.0,15.0,0.41%,,13.25,,,,,,,ShowDailyK_ChartFlow,FinMind_API_TaiwanStockPrice_6669,True,2026-09-28T22:40:47,2026-09-28T22:40:47,2026-09-28T22:40:47
6669,緯穎,2026-04-14,3755.0,110.0,3.02%,,13.65,,,,,,,ShowDailyK_ChartFlow,FinMind_API_TaiwanStockPrice_6669,True,2026-09-28T22:40:47,2026-09-28T22:40:47,2026-09-28T22:40:47
6669,緯穎,2026-04-15,3720.0,-35.0,-0.93%,,13.52,,,,,,,ShowDailyK_ChartFlow,FinMind_API_TaiwanStockPrice_6669,True,2026-09-28T22:40:47,2026-09-28T22:40:47,2026-09-28T22:40:47
6669,緯穎,2026-04-16,3700.0,-20.0,-0.54%,,13.45,,,,,,,ShowDailyK_ChartFlow,FinMind_API_TaiwanStockPrice_6669,True,2026-09-28T22:40:47,2026-09-28T22:40:47,2026-09-28T22:40:47
6669,緯穎,2026-04-17,3805.0,105.0,2.84%,,13.83,,,,,,,ShowDailyK_ChartFlow,FinMind_API_TaiwanStockPrice_6669,True,2026-09-28T22:40:47,2026-09-28T22:40:47,2026-09-28T22:40:47
6669,緯穎,2026-04-20,3980.0,175.0,4.60%,,14.47,,,,,,,ShowDailyK_ChartFlow,FinMind_API_TaiwanStockPrice_6669,True,2026-09-28T22:40:47,2026-09-28T22:40:47,2026-09-28T22:40:47
6669,緯穎,2026-04-21,4220.0,240.0,6.03%,,15.34,,,,,,,ShowDailyK_ChartFlow,FinMind_API_TaiwanStockPrice_6669,True,2026-09-28T22:40:47,2026-09-28T22:40:47,2026-09-28T22:40:47
6669,緯穎,2026-04-22,4350.0,130.0,3.08%,,15.81,,,,,,,ShowDailyK_ChartFlow,FinMind_API_TaiwanStockPrice_6669,True,2026-09-28T22:40:47,2026-09-28T22:40:47,2026-09-28T22:40:47
6669,緯穎,2026-04-23,4250.0,-100.0,-2.30%,,15.45,,,,,,,ShowDailyK_ChartFlow,FinMind_API_TaiwanStockPrice_6669,True,2026-09-28T22:40:47,2026-09-28T22:40:47,2026-09-28T22:40:47
6669,緯穎,2026-04-24,4635.0,385.0,9.06%,,16.85,,,,,,,ShowDailyK_ChartFlow,FinMind_API_TaiwanStockPrice_6669,True,2026-09-28T22:40:47,2026-09-28T22:40:47,2026-09-28T22:40:47
6669,緯穎,2026-04-27,4890.0,255.0,5.50%,,17.78,,,,,,,ShowDailyK_ChartFlow,FinMind_API_TaiwanStockPrice_6669,True,2026-09-28T22:40:47,2026-09-28T22:40:47,2026-09-28T22:40:47
6669,緯穎,2026-04-28,4800.0,-90.0,-1.84%,,17.45,,,,,,,ShowDailyK_ChartFlow,FinMind_API_TaiwanStockPrice_6669,True,2026-09-28T22:40:47,2026-09-28T22:40:47,2026-09-28T22:40:47
6669,緯穎,2026-04-29,4845.0,45.0,0.94%,,17.61,,,,,,,ShowDailyK_ChartFlow,FinMind_API_TaiwanStockPrice_6669,True,2026-09-28T22:40:47,2026-09-28T22:40:47,2026-09-28T22:40:47
6669,緯穎,2026-04-30,4675.0,-170.0,-3.51%,,17.0,,,,,,,ShowDailyK_ChartFlow,FinMind_API_TaiwanStockPrice_6669,True,2026-09-28T22:40:47,2026-09-28T22:40:47,2026-09-28T22:40:47
6669,緯穎,2026-05-04,4860.0,185.0,3.96%,,17.67,,,,,,,ShowDailyK_ChartFlow,FinMind_API_TaiwanStockPrice_6669,True,2026-09-28T22:40:47,2026-09-28T22:40:47,2026-09-28T22:40:47
6669,緯穎,2026-05-05,4755.0,-105.0,-2.16%,,17.29,,,,,,,ShowDailyK_ChartFlow,FinMind_API_TaiwanStockPrice_6669,True,2026-09-28T22:40:47,2026-09-28T22:40:47,2026-09-28T22:40:47
6669,緯穎,2026-05-06,4970.0,215.0,4.52%,,18.07,,,,,,,ShowDailyK_ChartFlow,FinMind_API_TaiwanStockPrice_6669,True,2026-09-28T22:40:47,2026-09-28T22:40:47,2026-09-28T22:40:47
6669,緯穎,2026-05-07,4880.0,-90.0,-1.81%,,17.74,,,,,,,ShowDailyK_ChartFlow,FinMind_API_TaiwanStockPrice_6669,True,2026-09-28T22:40:47,2026-09-28T22:40:47,2026-09-28T22:40:47
6669,緯穎,2026-05-08,5200.0,320.0,6.56%,,17.43,,,,,,,ShowDailyK_ChartFlow,FinMind_API_TaiwanStockPrice_6669,True,2026-09-28T22:40:47,2026-09-28T22:40:47,2026-09-28T22:40:47
6669,緯穎,2026-05-11,5340.0,140.0,2.69%,,17.9,,,,,,,ShowDailyK_ChartFlow,FinMind_API_TaiwanStockPrice_6669,True,2026-09-28T22:40:47,2026-09-28T22:40:47,2026-09-28T22:40:47
6669,緯穎,2026-05-12,5790.0,450.0,8.43%,,19.41,,,,,,,ShowDailyK_ChartFlow,FinMind_API_TaiwanStockPrice_6669,True,2026-09-28T22:40:47,2026-09-28T22:40:47,2026-09-28T22:40:47
6669,緯穎,2026-05-13,5580.0,-210.0,-3.63%,,18.7,,,,,,,ShowDailyK_ChartFlow,FinMind_API_TaiwanStockPrice_6669,True,2026-09-28T22:40:47,2026-09-28T22:40:47,2026-09-28T22:40:47
6669,緯穎,2026-05-14,5435.0,-145.0,-2.60%,,18.22,,,,,,,ShowDailyK_ChartFlow,FinMind_API_TaiwanStockPrice_6669,True,2026-09-28T22:40:47,2026-09-28T22:40:47,2026-09-28T22:40:47
6669,緯穎,2026-05-15,5115.0,-320.0,-5.89%,,17.15,,,,,,,ShowDailyK_ChartFlow,FinMind_API_TaiwanStockPrice_6669,True,2026-09-28T22:40:47,2026-09-28T22:40:47,2026-09-28T22:40:47
6669,緯穎,2026-05-18,5090.0,-25.0,-0.49%,,17.06,,,,,,,ShowDailyK_ChartFlow,FinMind_API_TaiwanStockPrice_6669,True,2026-09-28T22:40:47,2026-09-28T22:40:47,2026-09-28T22:40:47
6669,緯穎,2026-05-19,4890.0,-200.0,-3.93%,,16.39,,,,,,,ShowDailyK_ChartFlow,FinMind_API_TaiwanStockPrice_6669,True,2026-09-28T22:40:47,2026-09-28T22:40:47,2026-09-28T22:40:47
6669,緯穎,2026-05-20,4910.0,20.0,0.41%,,16.46,,,,,,,ShowDailyK_ChartFlow,FinMind_API_TaiwanStockPrice_6669,True,2026-09-28T22:40:47,2026-09-28T22:40:47,2026-09-28T22:40:47
6669,緯穎,2026-05-21,5345.0,435.0,8.86%,,17.92,,,,,,,ShowDailyK_ChartFlow,FinMind_API_TaiwanStockPrice_6669,True,2026-09-28T22:40:47,2026-09-28T22:40:47,2026-09-28T22:40:47
6669,緯穎,2026-05-22,5525.0,180.0,3.37%,,18.52,,,,,,,ShowDailyK_ChartFlow,FinMind_API_TaiwanStockPrice_6669,True,2026-09-28T22:40:47,2026-09-28T22:40:47,2026-09-28T22:40:47
6669,緯穎,2026-05-25,5610.0,85.0,1.54%,,18.81,,,,,,,ShowDailyK_ChartFlow,FinMind_API_TaiwanStockPrice_6669,True,2026-09-28T22:40:47,2026-09-28T22:40:47,2026-09-28T22:40:47
6669,緯穎,2026-05-26,5280.0,-330.0,-5.88%,,17.7,,,,,,,ShowDailyK_ChartFlow,FinMind_API_TaiwanStockPrice_6669,True,2026-09-28T22:40:47,2026-09-28T22:40:47,2026-09-28T22:40:47
6669,緯穎,2026-05-27,5075.0,-205.0,-3.88%,,17.01,,,,,,,ShowDailyK_ChartFlow,FinMind_API_TaiwanStockPrice_6669,True,2026-09-28T22:40:47,2026-09-28T22:40:47,2026-09-28T22:40:47
6669,緯穎,2026-05-28,4950.0,-125.0,-2.46%,,16.59,,,,,,,ShowDailyK_ChartFlow,FinMind_API_TaiwanStockPrice_6669,True,2026-09-28T22:40:47,2026-09-28T22:40:47,2026-09-28T22:40:47
6669,緯穎,2026-05-29,5445.0,495.0,10.00%,,18.25,,,,,,,ShowDailyK_ChartFlow,FinMind_API_TaiwanStockPrice_6669,True,2026-09-28T22:40:47,2026-09-28T22:40:47,2026-09-28T22:40:47
6669,緯穎,2026-06-01,5515.0,70.0,1.29%,,18.49,,,,,,,ShowDailyK_ChartFlow,FinMind_API_TaiwanStockPrice_6669,True,2026-09-28T22:40:47,2026-09-28T22:40:47,2026-09-28T22:40:47
6669,緯穎,2026-06-02,5475.0,-40.0,-0.73%,,18.35,,,,,,,ShowDailyK_ChartFlow,FinMind_API_TaiwanStockPrice_6669,True,2026-09-28T22:40:47,2026-09-28T22:40:47,2026-09-28T22:40:47
6669,緯穎,2026-06-03,5600.0,125.0,2.28%,,18.77,,,,,,,ShowDailyK_ChartFlow,FinMind_API_TaiwanStockPrice_6669,True,2026-09-28T22:40:47,2026-09-28T22:40:47,2026-09-28T22:40:47
6669,緯穎,2026-06-04,5570.0,-30.0,-0.54%,,18.67,,,,,,,ShowDailyK_ChartFlow,FinMind_API_TaiwanStockPrice_6669,True,2026-09-28T22:40:47,2026-09-28T22:40:47,2026-09-28T22:40:47
6669,緯穎,2026-06-05,5660.0,90.0,1.62%,,18.97,,,,,,,ShowDailyK_ChartFlow,FinMind_API_TaiwanStockPrice_6669,True,2026-09-28T22:40:47,2026-09-28T22:40:47,2026-09-28T22:40:47
6669,緯穎,2026-06-08,5275.0,-385.0,-6.80%,,17.68,,,,,,,ShowDailyK_ChartFlow,FinMind_API_TaiwanStockPrice_6669,True,2026-09-28T22:40:47,2026-09-28T22:40:47,2026-09-28T22:40:47
6669,緯穎,2026-06-09,5300.0,25.0,0.47%,,17.77,,,,,,,ShowDailyK_ChartFlow,FinMind_API_TaiwanStockPrice_6669,True,2026-09-28T22:40:47,2026-09-28T22:40:47,2026-09-28T22:40:47
6669,緯穎,2026-06-10,5065.0,-235.0,-4.43%,,16.98,,,,,,,ShowDailyK_ChartFlow,FinMind_API_TaiwanStockPrice_6669,True,2026-09-28T22:40:47,2026-09-28T22:40:47,2026-09-28T22:40:47
6669,緯穎,2026-06-11,4900.0,-165.0,-3.26%,,16.43,,,,,,,ShowDailyK_ChartFlow,FinMind_API_TaiwanStockPrice_6669,True,2026-09-28T22:40:47,2026-09-28T22:40:47,2026-09-28T22:40:47
6669,緯穎,2026-06-12,4850.0,-50.0,-1.02%,,16.26,,,,,,,ShowDailyK_ChartFlow,FinMind_API_TaiwanStockPrice_6669,True,2026-09-28T22:40:47,2026-09-28T22:40:47,2026-09-28T22:40:47
6669,緯穎,2026-06-15,4900.0,50.0,1.03%,,16.43,,,,,,,ShowDailyK_ChartFlow,FinMind_API_TaiwanStockPrice_6669,True,2026-09-28T22:40:47,2026-09-28T22:40:47,2026-09-28T22:40:47
6669,緯穎,2026-06-16,4880.0,-20.0,-0.41%,,16.36,,,,,,,ShowDailyK_ChartFlow,FinMind_API_TaiwanStockPrice_6669,True,2026-09-28T22:40:47,2026-09-28T22:40:47,2026-09-28T22:40:47
6669,緯穎,2026-06-17,5080.0,200.0,4.10%,,17.03,,,,,,,ShowDailyK_ChartFlow,FinMind_API_TaiwanStockPrice_6669,True,2026-09-28T22:40:47,2026-09-28T22:40:47,2026-09-28T22:40:47
6669,緯穎,2026-06-18,5130.0,50.0,0.98%,,17.2,,,,,,,ShowDailyK_ChartFlow,FinMind_API_TaiwanStockPrice_6669,True,2026-09-28T22:40:47,2026-09-28T22:40:47,2026-09-28T22:40:47
6669,緯穎,2026-06-22,4855.0,-275.0,-5.36%,,16.27,,,,,,,ShowDailyK_ChartFlow,FinMind_API_TaiwanStockPrice_6669,True,2026-09-28T22:40:47,2026-09-28T22:40:47,2026-09-28T22:40:47
6669,緯穎,2026-06-23,4675.0,-180.0,-3.71%,,15.67,,,,,,,ShowDailyK_ChartFlow,FinMind_API_TaiwanStockPrice_6669,True,2026-09-28T22:40:47,2026-09-28T22:40:47,2026-09-28T22:40:47
6669,緯穎,2026-06-24,4605.0,-70.0,-1.50%,,15.44,,,,,,,ShowDailyK_ChartFlow,FinMind_API_TaiwanStockPrice_6669,True,2026-09-28T22:40:47,2026-09-28T22:40:47,2026-09-28T22:40:47
6669,緯穎,2026-06-25,4545.0,-60.0,-1.30%,,15.24,,,,,,,ShowDailyK_ChartFlow,FinMind_API_TaiwanStockPrice_6669,True,2026-09-28T22:40:47,2026-09-28T22:40:47,2026-09-28T22:40:47
6669,緯穎,2026-06-26,4280.0,-265.0,-5.83%,,14.35,,,,,,,ShowDailyK_ChartFlow,FinMind_API_TaiwanStockPrice_6669,True,2026-09-28T22:40:47,2026-09-28T22:40:47,2026-09-28T22:40:47
6669,緯穎,2026-06-29,4580.0,300.0,7.01%,,15.35,,,,,,,ShowDailyK_ChartFlow,FinMind_API_TaiwanStockPrice_6669,True,2026-09-28T22:40:47,2026-09-28T22:40:47,2026-09-28T22:40:47
6669,緯穎,2026-06-30,4635.0,55.0,1.20%,,15.54,,,,,,,ShowDailyK_ChartFlow,FinMind_API_TaiwanStockPrice_6669,True,2026-09-28T22:40:47,2026-09-28T22:40:47,2026-09-28T22:40:47
6669,緯穎,2026-07-01,5035.0,400.0,8.63%,,16.88,,,,,,,ShowDailyK_ChartFlow,FinMind_API_TaiwanStockPrice_6669,True,2026-09-28T22:40:47,2026-09-28T22:40:47,2026-09-28T22:40:47
6669,緯穎,2026-07-02,5200.0,165.0,3.28%,,17.43,,,,,,,ShowDailyK_ChartFlow,FinMind_API_TaiwanStockPrice_6669,True,2026-09-28T22:40:47,2026-09-28T22:40:47,2026-09-28T22:40:47
6669,緯穎,2026-07-03,5265.0,65.0,1.25%,,17.65,,,,,,,ShowDailyK_ChartFlow,FinMind_API_TaiwanStockPrice_6669,True,2026-09-28T22:40:47,2026-09-28T22:40:47,2026-09-28T22:40:47
6669,緯穎,2026-07-06,5035.0,-230.0,-4.37%,,16.88,,,,,,,ShowDailyK_ChartFlow,FinMind_API_TaiwanStockPrice_6669,True,2026-09-28T22:40:47,2026-09-28T22:40:47,2026-09-28T22:40:47
6669,緯穎,2026-07-07,5015.0,-20.0,-0.40%,,16.81,,,,,,,ShowDailyK_ChartFlow,FinMind_API_TaiwanStockPrice_6669,True,2026-09-28T22:40:47,2026-09-28T22:40:47,2026-09-28T22:40:47
6669,緯穎,2026-07-08,5050.0,35.0,0.70%,,16.93,,,,,,,ShowDailyK_ChartFlow,FinMind_API_TaiwanStockPrice_6669,True,2026-09-28T22:40:47,2026-09-28T22:40:47,2026-09-28T22:40:47
6669,緯穎,2026-07-09,5040.0,-10.0,-0.20%,,16.89,,,,,,,ShowDailyK_ChartFlow,FinMind_API_TaiwanStockPrice_6669,True,2026-09-28T22:40:47,2026-09-28T22:40:47,2026-09-28T22:40:47
6669,緯穎,2026-07-13,4960.0,-80.0,-1.59%,,16.63,,,,,,,ShowDailyK_ChartFlow,FinMind_API_TaiwanStockPrice_6669,True,2026-09-28T22:40:47,2026-09-28T22:40:47,2026-09-28T22:40:47
6669,緯穎,2026-07-14,4905.0,-55.0,-1.11%,,16.44,,,,,,,ShowDailyK_ChartFlow,FinMind_API_TaiwanStockPrice_6669,True,2026-09-28T22:40:47,2026-09-28T22:40:47,2026-09-28T22:40:47
6669,緯穎,2026-07-15,5095.0,190.0,3.87%,,17.08,,,,,,,ShowDailyK_ChartFlow,FinMind_API_TaiwanStockPrice_6669,True,2026-09-28T22:40:47,2026-09-28T22:40:47,2026-09-28T22:40:47
6669,緯穎,2026-07-16,5115.0,20.0,0.39%,,17.15,,,,,,,ShowDailyK_ChartFlow,FinMind_API_TaiwanStockPrice_6669,True,2026-09-28T22:40:47,2026-09-28T22:40:47,2026-09-28T22:40:47
6669,緯穎,2026-07-17,4620.0,-495.0,-9.68%,,15.49,,,,,,,ShowDailyK_ChartFlow,FinMind_API_TaiwanStockPrice_6669,True,2026-09-28T22:40:47,2026-09-28T22:40:47,2026-09-28T22:40:47
6669,緯穎,2026-07-20,4685.0,65.0,1.41%,,15.7,,,,,,,ShowDailyK_ChartFlow,FinMind_API_TaiwanStockPrice_6669,True,2026-09-28T22:40:47,2026-09-28T22:40:47,2026-09-28T22:40:47
6669,緯穎,2026-07-21,5000.0,315.0,6.72%,,16.76,,,,,,,ShowDailyK_ChartFlow,FinMind_API_TaiwanStockPrice_6669,True,2026-09-28T22:40:47,2026-09-28T22:40:47,2026-09-28T22:40:47
6669,緯穎,2026-07-22,5500.0,500.0,10.00%,,18.44,,,,,,,ShowDailyK_ChartFlow,FinMind_API_TaiwanStockPrice_6669,True,2026-09-28T22:40:47,2026-09-28T22:40:47,2026-09-28T22:40:47
6669,緯穎,2026-07-23,5470.0,-30.0,-0.55%,,18.34,,,,,,,ShowDailyK_ChartFlow,FinMind_API_TaiwanStockPrice_6669,True,2026-09-28T22:40:47,2026-09-28T22:40:47,2026-09-28T22:40:47
6669,緯穎,2026-07-24,5730.0,260.0,4.75%,,19.21,,,,,,,ShowDailyK_ChartFlow,FinMind_API_TaiwanStockPrice_6669,True,2026-09-28T22:40:47,2026-09-28T22:40:47,2026-09-28T22:40:47
6669,緯穎,2026-07-27,5745.0,15.0,0.26%,,19.26,,,,,,,ShowDailyK_ChartFlow,FinMind_API_TaiwanStockPrice_6669,True,2026-09-28T22:40:47,2026-09-28T22:40:47,2026-09-28T22:40:47
6669,緯穎,2026-07-28,5315.0,-430.0,-7.48%,,17.82,,,,,,,ShowDailyK_ChartFlow,FinMind_API_TaiwanStockPrice_6669,True,2026-09-28T22:40:47,2026-09-28T22:40:47,2026-09-28T22:40:47
6669,緯穎,2026-07-29,5135.0,-180.0,-3.39%,,17.21,,,,,,,ShowDailyK_ChartFlow,FinMind_API_TaiwanStockPrice_6669,True,2026-09-28T22:40:47,2026-09-28T22:40:47,2026-09-28T22:40:47
6669,緯穎,2026-07-30,4900.0,-235.0,-4.58%,,16.43,,,,,,,ShowDailyK_ChartFlow,FinMind_API_TaiwanStockPrice_6669,True,2026-09-28T22:40:47,2026-09-28T22:40:47,2026-09-28T22:40:47
6669,緯穎,2026-07-31,5390.0,490.0,10.00%,,18.07,,,,,,,ShowDailyK_ChartFlow,FinMind_API_TaiwanStockPrice_6669,True,2026-09-28T22:40:47,2026-09-28T22:40:47,2026-09-28T22:40:47
6669,緯穎,2026-08-03,5925.0,535.0,9.93%,,19.86,,,,,,,ShowDailyK_ChartFlow,FinMind_API_TaiwanStockPrice_6669,True,2026-09-28T22:40:47,2026-09-28T22:40:47,2026-09-28T22:40:47
6669,緯穎,2026-08-04,6205.0,280.0,4.73%,,20.8,,,,,,,ShowDailyK_ChartFlow,FinMind_API_TaiwanStockPrice_6669,True,2026-09-28T22:40:47,2026-09-28T22:40:47,2026-09-28T22:40:47
6669,緯穎,2026-08-05,6175.0,-30.0,-0.48%,,20.7,,,,,,,ShowDailyK_ChartFlow,FinMind_API_TaiwanStockPrice_6669,True,2026-09-28T22:40:47,2026-09-28T22:40:47,2026-09-28T22:40:47
6669,緯穎,2026-08-06,6265.0,90.0,1.46%,,21.0,,,,,,,ShowDailyK_ChartFlow,FinMind_API_TaiwanStockPrice_6669,True,2026-09-28T22:40:47,2026-09-28T22:40:47,2026-09-28T22:40:47
6669,緯穎,2026-08-07,6100.0,-165.0,-2.63%,,20.45,,,,,,,ShowDailyK_ChartFlow,FinMind_API_TaiwanStockPrice_6669,True,2026-09-28T22:40:47,2026-09-28T22:40:47,2026-09-28T22:40:47
6669,緯穎,2026-08-10,6010.0,-90.0,-1.48%,,19.27,,,,,,,ShowDailyK_ChartFlow,FinMind_API_TaiwanStockPrice_6669,True,2026-09-28T22:40:47,2026-09-28T22:40:47,2026-09-28T22:40:47
6669,緯穎,2026-08-11,5930.0,-80.0,-1.33%,,19.01,,,,,,,ShowDailyK_ChartFlow,FinMind_API_TaiwanStockPrice_6669,True,2026-09-28T22:40:47,2026-09-28T22:40:47,2026-09-28T22:40:47
6669,緯穎,2026-08-12,6025.0,95.0,1.60%,,19.32,,,,,,,ShowDailyK_ChartFlow,FinMind_API_TaiwanStockPrice_6669,True,2026-09-28T22:40:47,2026-09-28T22:40:47,2026-09-28T22:40:47
6669,緯穎,2026-08-13,6070.0,45.0,0.75%,,19.46,,,,,,,ShowDailyK_ChartFlow,FinMind_API_TaiwanStockPrice_6669,True,2026-09-28T22:40:47,2026-09-28T22:40:47,2026-09-28T22:40:47
6669,緯穎,2026-08-14,6435.0,365.0,6.01%,,20.63,,,,,,,ShowDailyK_ChartFlow,FinMind_API_TaiwanStockPrice_6669,True,2026-09-28T22:40:47,2026-09-28T22:40:47,2026-09-28T22:40:47
6669,緯穎,2026-08-17,6620.0,185.0,2.87%,,21.22,,,,,,,ShowDailyK_ChartFlow,FinMind_API_TaiwanStockPrice_6669,True,2026-09-28T22:40:47,2026-09-28T22:40:47,2026-09-28T22:40:47
6669,緯穎,2026-08-18,6400.0,-220.0,-3.32%,,20.52,,,,,,,ShowDailyK_ChartFlow,FinMind_API_TaiwanStockPrice_6669,True,2026-09-28T22:40:47,2026-09-28T22:40:47,2026-09-28T22:40:47
6669,緯穎,2026-08-19,6375.0,-25.0,-0.39%,,20.44,,,,,,,ShowDailyK_ChartFlow,FinMind_API_TaiwanStockPrice_6669,True,2026-09-28T22:40:47,2026-09-28T22:40:47,2026-09-28T22:40:47
6669,緯穎,2026-08-20,6325.0,-50.0,-0.78%,,20.28,,,,,,,ShowDailyK_ChartFlow,FinMind_API_TaiwanStockPrice_6669,True,2026-09-28T22:40:47,2026-09-28T22:40:47,2026-09-28T22:40:47
6669,緯穎,2026-08-21,6255.0,-70.0,-1.11%,,20.05,,,,,,,ShowDailyK_ChartFlow,FinMind_API_TaiwanStockPrice_6669,True,2026-09-28T22:40:47,2026-09-28T22:40:47,2026-09-28T22:40:47
6669,緯穎,2026-08-24,6300.0,45.0,0.72%,,20.2,,,,,,,ShowDailyK_ChartFlow,FinMind_API_TaiwanStockPrice_6669,True,2026-09-28T22:40:47,2026-09-28T22:40:47,2026-09-28T22:40:47
6669,緯穎,2026-08-25,6440.0,140.0,2.22%,,20.65,,,,,,,ShowDailyK_ChartFlow,FinMind_API_TaiwanStockPrice_6669,True,2026-09-28T22:40:47,2026-09-28T22:40:47,2026-09-28T22:40:47
6669,緯穎,2026-08-26,6785.0,345.0,5.36%,,21.75,,,,,,,ShowDailyK_ChartFlow,FinMind_API_TaiwanStockPrice_6669,True,2026-09-28T22:40:47,2026-09-28T22:40:47,2026-09-28T22:40:47
6669,緯穎,2026-08-27,6815.0,30.0,0.44%,,21.85,,,,,,,ShowDailyK_ChartFlow,FinMind_API_TaiwanStockPrice_6669,True,2026-09-28T22:40:47,2026-09-28T22:40:47,2026-09-28T22:40:47
6669,緯穎,2026-08-28,7200.0,385.0,5.65%,,23.08,,,,,,,ShowDailyK_ChartFlow,FinMind_API_TaiwanStockPrice_6669,True,2026-09-28T22:40:47,2026-09-28T22:40:47,2026-09-28T22:40:47
6669,緯穎,2026-08-31,7095.0,-105.0,-1.46%,,22.75,,,,,,,ShowDailyK_ChartFlow,FinMind_API_TaiwanStockPrice_6669,True,2026-09-28T22:40:47,2026-09-28T22:40:47,2026-09-28T22:40:47
6669,緯穎,2026-09-01,7800.0,705.0,9.94%,,25.01,,,,,,,ShowDailyK_ChartFlow,FinMind_API_TaiwanStockPrice_6669,True,2026-09-28T22:40:47,2026-09-28T22:40:47,2026-09-28T22:40:47
6669,緯穎,2026-09-02,2610.0,-5190.0,-66.54%,,8.37,,,,,,,ShowDailyK_ChartFlow,FinMind_API_TaiwanStockPrice_6669,True,2026-09-28T22:40:47,2026-09-28T22:40:47,2026-09-28T22:40:47
6669,緯穎,2026-09-03,2475.0,-135.0,-5.17%,,7.93,,,,,,,ShowDailyK_ChartFlow,FinMind_API_TaiwanStockPrice_6669,True,2026-09-28T22:40:47,2026-09-28T22:40:47,2026-09-28T22:40:47
6669,緯穎,2026-09-04,2565.0,90.0,3.64%,,8.22,,,,,,,ShowDailyK_ChartFlow,FinMind_API_TaiwanStockPrice_6669,True,2026-09-28T22:40:47,2026-09-28T22:40:47,2026-09-28T22:40:47
6669,緯穎,2026-09-07,2490.0,-75.0,-2.92%,,7.98,,,,,,,ShowDailyK_ChartFlow,FinMind_API_TaiwanStockPrice_6669,True,2026-09-28T22:40:47,2026-09-28T22:40:47,2026-09-28T22:40:47
6669,緯穎,2026-09-08,2340.0,-150.0,-6.02%,,7.5,,,,,,,ShowDailyK_ChartFlow,FinMind_API_TaiwanStockPrice_6669,True,2026-09-28T22:40:47,2026-09-28T22:40:47,2026-09-28T22:40:47
6669,緯穎,2026-09-09,2325.0,-15.0,-0.64%,,7.45,,,,,,,ShowDailyK_ChartFlow,FinMind_API_TaiwanStockPrice_6669,True,2026-09-28T22:40:47,2026-09-28T22:40:47,2026-09-28T22:40:47
6669,緯穎,2026-09-10,2345.0,20.0,0.86%,,7.52,,,,,,,ShowDailyK_ChartFlow,FinMind_API_TaiwanStockPrice_6669,True,2026-09-28T22:40:47,2026-09-28T22:40:47,2026-09-28T22:40:47
6669,緯穎,2026-09-11,2310.0,-35.0,-1.49%,,7.41,,,,,,,ShowDailyK_ChartFlow,FinMind_API_TaiwanStockPrice_6669,True,2026-09-28T22:40:47,2026-09-28T22:40:47,2026-09-28T22:40:47
6669,緯穎,2026-09-14,2270.0,-40.0,-1.73%,,7.28,,,,,,,ShowDailyK_ChartFlow,FinMind_API_TaiwanStockPrice_6669,True,2026-09-28T22:40:47,2026-09-28T22:40:47,2026-09-28T22:40:47
6669,緯穎,2026-09-15,2315.0,45.0,1.98%,,7.42,,,,,,,ShowDailyK_ChartFlow,FinMind_API_TaiwanStockPrice_6669,True,2026-09-28T22:40:47,2026-09-28T22:40:47,2026-09-28T22:40:47
6669,緯穎,2026-09-16,2165.0,-150.0,-6.48%,,6.94,,,,,,,ShowDailyK_ChartFlow,FinMind_API_TaiwanStockPrice_6669,True,2026-09-28T22:40:47,2026-09-28T22:40:47,2026-09-28T22:40:47
6669,緯穎,2026-09-17,2135.0,-30.0,-1.39%,,6.84,,,,,,,ShowDailyK_ChartFlow,FinMind_API_TaiwanStockPrice_6669,True,2026-09-28T22:40:47,2026-09-28T22:40:47,2026-09-28T22:40:47
6669,緯穎,2026-09-18,2140.0,5.0,0.23%,,6.86,,,,,,,ShowDailyK_ChartFlow,FinMind_API_TaiwanStockPrice_6669,True,2026-09-28T22:40:47,2026-09-28T22:40:47,2026-09-28T22:40:47
6669,緯穎,2026-09-21,2150.0,10.0,0.47%,,6.89,,,,,,,ShowDailyK_ChartFlow,FinMind_API_TaiwanStockPrice_6669,True,2026-09-28T22:40:47,2026-09-28T22:40:47,2026-09-28T22:40:47
6669,緯穎,2026-09-22,2115.0,-35.0,-1.63%,,6.78,,,,,,,ShowDailyK_ChartFlow,FinMind_API_TaiwanStockPrice_6669,True,2026-09-28T22:40:47,2026-09-28T22:40:47,2026-09-28T22:40:47
6669,緯穎,2026-09-23,2105.0,-10.0,-0.47%,,6.75,,,,,,,ShowDailyK_ChartFlow,FinMind_API_TaiwanStockPrice_6669,True,2026-09-28T22:40:47,2026-09-28T22:40:47,2026-09-28T22:40:47
6669,緯穎,2026-09-24,2115.0,10.0,0.48%,,6.78,,,,,,,ShowDailyK_ChartFlow,FinMind_API_TaiwanStockPrice_6669,True,2026-09-28T22:40:47,2026-09-28T22:40:47,2026-09-28T22:40:47
