stock_code,company_name,交易_日期,收盤價_元,漲跌價_元,漲跌幅_pct,河流圖_eps_元,目前_per_倍,本益比試算價格_15x_元,本益比試算價格_18x_元,本益比試算價格_21x_元,本益比試算價格_24x_元,本益比試算價格_27x_元,本益比試算價格_30x_元,file_type,source_file,download_success,download_timestamp,process_timestamp,stage1_process_timestamp
5274,信驊,2021-01-04,1720.0,,,,,,,,,,,ShowDailyK_ChartFlow,FinMind_API_TaiwanStockPrice_5274,True,2026-10-05T23:39:15,2026-10-05T23:39:15,2026-10-05T23:39:15
5274,信驊,2021-01-05,1800.0,80.0,4.65%,,,,,,,,,ShowDailyK_ChartFlow,FinMind_API_TaiwanStockPrice_5274,True,2026-10-05T23:39:15,2026-10-05T23:39:15,2026-10-05T23:39:15
5274,信驊,2021-01-06,1920.0,120.0,6.67%,,,,,,,,,ShowDailyK_ChartFlow,FinMind_API_TaiwanStockPrice_5274,True,2026-10-05T23:39:15,2026-10-05T23:39:15,2026-10-05T23:39:15
5274,信驊,2021-01-07,2020.0,100.0,5.21%,,,,,,,,,ShowDailyK_ChartFlow,FinMind_API_TaiwanStockPrice_5274,True,2026-10-05T23:39:15,2026-10-05T23:39:15,2026-10-05T23:39:15
5274,信驊,2021-01-08,2150.0,130.0,6.44%,,,,,,,,,ShowDailyK_ChartFlow,FinMind_API_TaiwanStockPrice_5274,True,2026-10-05T23:39:15,2026-10-05T23:39:15,2026-10-05T23:39:15
5274,信驊,2021-01-11,2150.0,0.0,0.00%,,,,,,,,,ShowDailyK_ChartFlow,FinMind_API_TaiwanStockPrice_5274,True,2026-10-05T23:39:15,2026-10-05T23:39:15,2026-10-05T23:39:15
5274,信驊,2021-01-12,2120.0,-30.0,-1.40%,,,,,,,,,ShowDailyK_ChartFlow,FinMind_API_TaiwanStockPrice_5274,True,2026-10-05T23:39:15,2026-10-05T23:39:15,2026-10-05T23:39:15
5274,信驊,2021-01-13,2055.0,-65.0,-3.07%,,,,,,,,,ShowDailyK_ChartFlow,FinMind_API_TaiwanStockPrice_5274,True,2026-10-05T23:39:15,2026-10-05T23:39:15,2026-10-05T23:39:15
5274,信驊,2021-01-14,2000.0,-55.0,-2.68%,,,,,,,,,ShowDailyK_ChartFlow,FinMind_API_TaiwanStockPrice_5274,True,2026-10-05T23:39:15,2026-10-05T23:39:15,2026-10-05T23:39:15
5274,信驊,2021-01-15,1970.0,-30.0,-1.50%,,,,,,,,,ShowDailyK_ChartFlow,FinMind_API_TaiwanStockPrice_5274,True,2026-10-05T23:39:15,2026-10-05T23:39:15,2026-10-05T23:39:15
5274,信驊,2021-01-18,2020.0,50.0,2.54%,,,,,,,,,ShowDailyK_ChartFlow,FinMind_API_TaiwanStockPrice_5274,True,2026-10-05T23:39:15,2026-10-05T23:39:15,2026-10-05T23:39:15
5274,信驊,2021-01-19,2000.0,-20.0,-0.99%,,,,,,,,,ShowDailyK_ChartFlow,FinMind_API_TaiwanStockPrice_5274,True,2026-10-05T23:39:15,2026-10-05T23:39:15,2026-10-05T23:39:15
5274,信驊,2021-01-20,1990.0,-10.0,-0.50%,,,,,,,,,ShowDailyK_ChartFlow,FinMind_API_TaiwanStockPrice_5274,True,2026-10-05T23:39:15,2026-10-05T23:39:15,2026-10-05T23:39:15
5274,信驊,2021-01-21,1970.0,-20.0,-1.01%,,,,,,,,,ShowDailyK_ChartFlow,FinMind_API_TaiwanStockPrice_5274,True,2026-10-05T23:39:15,2026-10-05T23:39:15,2026-10-05T23:39:15
5274,信驊,2021-01-22,2060.0,90.0,4.57%,,,,,,,,,ShowDailyK_ChartFlow,FinMind_API_TaiwanStockPrice_5274,True,2026-10-05T23:39:15,2026-10-05T23:39:15,2026-10-05T23:39:15
5274,信驊,2021-01-25,2025.0,-35.0,-1.70%,,,,,,,,,ShowDailyK_ChartFlow,FinMind_API_TaiwanStockPrice_5274,True,2026-10-05T23:39:15,2026-10-05T23:39:15,2026-10-05T23:39:15
5274,信驊,2021-01-26,1995.0,-30.0,-1.48%,,,,,,,,,ShowDailyK_ChartFlow,FinMind_API_TaiwanStockPrice_5274,True,2026-10-05T23:39:15,2026-10-05T23:39:15,2026-10-05T23:39:15
5274,信驊,2021-01-27,2085.0,90.0,4.51%,,,,,,,,,ShowDailyK_ChartFlow,FinMind_API_TaiwanStockPrice_5274,True,2026-10-05T23:39:15,2026-10-05T23:39:15,2026-10-05T23:39:15
5274,信驊,2021-01-28,2045.0,-40.0,-1.92%,,,,,,,,,ShowDailyK_ChartFlow,FinMind_API_TaiwanStockPrice_5274,True,2026-10-05T23:39:15,2026-10-05T23:39:15,2026-10-05T23:39:15
5274,信驊,2021-01-29,2000.0,-45.0,-2.20%,,,,,,,,,ShowDailyK_ChartFlow,FinMind_API_TaiwanStockPrice_5274,True,2026-10-05T23:39:15,2026-10-05T23:39:15,2026-10-05T23:39:15
5274,信驊,2021-02-01,2080.0,80.0,4.00%,,,,,,,,,ShowDailyK_ChartFlow,FinMind_API_TaiwanStockPrice_5274,True,2026-10-05T23:39:15,2026-10-05T23:39:15,2026-10-05T23:39:15
5274,信驊,2021-02-02,2110.0,30.0,1.44%,,,,,,,,,ShowDailyK_ChartFlow,FinMind_API_TaiwanStockPrice_5274,True,2026-10-05T23:39:15,2026-10-05T23:39:15,2026-10-05T23:39:15
5274,信驊,2021-02-03,2200.0,90.0,4.27%,,,,,,,,,ShowDailyK_ChartFlow,FinMind_API_TaiwanStockPrice_5274,True,2026-10-05T23:39:15,2026-10-05T23:39:15,2026-10-05T23:39:15
5274,信驊,2021-02-04,2060.0,-140.0,-6.36%,,,,,,,,,ShowDailyK_ChartFlow,FinMind_API_TaiwanStockPrice_5274,True,2026-10-05T23:39:15,2026-10-05T23:39:15,2026-10-05T23:39:15
5274,信驊,2021-02-05,2025.0,-35.0,-1.70%,,,,,,,,,ShowDailyK_ChartFlow,FinMind_API_TaiwanStockPrice_5274,True,2026-10-05T23:39:15,2026-10-05T23:39:15,2026-10-05T23:39:15
5274,信驊,2021-02-17,1965.0,-60.0,-2.96%,,,,,,,,,ShowDailyK_ChartFlow,FinMind_API_TaiwanStockPrice_5274,True,2026-10-05T23:39:15,2026-10-05T23:39:15,2026-10-05T23:39:15
5274,信驊,2021-02-18,1975.0,10.0,0.51%,,,,,,,,,ShowDailyK_ChartFlow,FinMind_API_TaiwanStockPrice_5274,True,2026-10-05T23:39:15,2026-10-05T23:39:15,2026-10-05T23:39:15
5274,信驊,2021-02-19,1980.0,5.0,0.25%,,,,,,,,,ShowDailyK_ChartFlow,FinMind_API_TaiwanStockPrice_5274,True,2026-10-05T23:39:15,2026-10-05T23:39:15,2026-10-05T23:39:15
5274,信驊,2021-02-22,2015.0,35.0,1.77%,,,,,,,,,ShowDailyK_ChartFlow,FinMind_API_TaiwanStockPrice_5274,True,2026-10-05T23:39:15,2026-10-05T23:39:15,2026-10-05T23:39:15
5274,信驊,2021-02-23,2100.0,85.0,4.22%,,,,,,,,,ShowDailyK_ChartFlow,FinMind_API_TaiwanStockPrice_5274,True,2026-10-05T23:39:15,2026-10-05T23:39:15,2026-10-05T23:39:15
5274,信驊,2021-02-24,1945.0,-155.0,-7.38%,,,,,,,,,ShowDailyK_ChartFlow,FinMind_API_TaiwanStockPrice_5274,True,2026-10-05T23:39:15,2026-10-05T23:39:15,2026-10-05T23:39:15
5274,信驊,2021-02-25,1900.0,-45.0,-2.31%,,,,,,,,,ShowDailyK_ChartFlow,FinMind_API_TaiwanStockPrice_5274,True,2026-10-05T23:39:15,2026-10-05T23:39:15,2026-10-05T23:39:15
5274,信驊,2021-02-26,1760.0,-140.0,-7.37%,,,,,,,,,ShowDailyK_ChartFlow,FinMind_API_TaiwanStockPrice_5274,True,2026-10-05T23:39:15,2026-10-05T23:39:15,2026-10-05T23:39:15
5274,信驊,2021-03-02,1800.0,40.0,2.27%,,,,,,,,,ShowDailyK_ChartFlow,FinMind_API_TaiwanStockPrice_5274,True,2026-10-05T23:39:15,2026-10-05T23:39:15,2026-10-05T23:39:15
5274,信驊,2021-03-03,1805.0,5.0,0.28%,,,,,,,,,ShowDailyK_ChartFlow,FinMind_API_TaiwanStockPrice_5274,True,2026-10-05T23:39:15,2026-10-05T23:39:15,2026-10-05T23:39:15
5274,信驊,2021-03-04,1795.0,-10.0,-0.55%,,,,,,,,,ShowDailyK_ChartFlow,FinMind_API_TaiwanStockPrice_5274,True,2026-10-05T23:39:15,2026-10-05T23:39:15,2026-10-05T23:39:15
5274,信驊,2021-03-05,1800.0,5.0,0.28%,,,,,,,,,ShowDailyK_ChartFlow,FinMind_API_TaiwanStockPrice_5274,True,2026-10-05T23:39:15,2026-10-05T23:39:15,2026-10-05T23:39:15
5274,信驊,2021-03-08,1795.0,-5.0,-0.28%,,,,,,,,,ShowDailyK_ChartFlow,FinMind_API_TaiwanStockPrice_5274,True,2026-10-05T23:39:15,2026-10-05T23:39:15,2026-10-05T23:39:15
5274,信驊,2021-03-09,1650.0,-145.0,-8.08%,,,,,,,,,ShowDailyK_ChartFlow,FinMind_API_TaiwanStockPrice_5274,True,2026-10-05T23:39:15,2026-10-05T23:39:15,2026-10-05T23:39:15
5274,信驊,2021-03-10,1700.0,50.0,3.03%,,,,,,,,,ShowDailyK_ChartFlow,FinMind_API_TaiwanStockPrice_5274,True,2026-10-05T23:39:15,2026-10-05T23:39:15,2026-10-05T23:39:15
5274,信驊,2021-03-11,1805.0,105.0,6.18%,,,,,,,,,ShowDailyK_ChartFlow,FinMind_API_TaiwanStockPrice_5274,True,2026-10-05T23:39:15,2026-10-05T23:39:15,2026-10-05T23:39:15
5274,信驊,2021-03-12,1795.0,-10.0,-0.55%,,,,,,,,,ShowDailyK_ChartFlow,FinMind_API_TaiwanStockPrice_5274,True,2026-10-05T23:39:15,2026-10-05T23:39:15,2026-10-05T23:39:15
5274,信驊,2021-03-15,1755.0,-40.0,-2.23%,,,,,,,,,ShowDailyK_ChartFlow,FinMind_API_TaiwanStockPrice_5274,True,2026-10-05T23:39:15,2026-10-05T23:39:15,2026-10-05T23:39:15
5274,信驊,2021-03-16,1770.0,15.0,0.85%,,,,,,,,,ShowDailyK_ChartFlow,FinMind_API_TaiwanStockPrice_5274,True,2026-10-05T23:39:15,2026-10-05T23:39:15,2026-10-05T23:39:15
5274,信驊,2021-03-17,1805.0,35.0,1.98%,,,,,,,,,ShowDailyK_ChartFlow,FinMind_API_TaiwanStockPrice_5274,True,2026-10-05T23:39:15,2026-10-05T23:39:15,2026-10-05T23:39:15
5274,信驊,2021-03-18,1770.0,-35.0,-1.94%,,,,,,,,,ShowDailyK_ChartFlow,FinMind_API_TaiwanStockPrice_5274,True,2026-10-05T23:39:15,2026-10-05T23:39:15,2026-10-05T23:39:15
5274,信驊,2021-03-19,1680.0,-90.0,-5.08%,,,,,,,,,ShowDailyK_ChartFlow,FinMind_API_TaiwanStockPrice_5274,True,2026-10-05T23:39:15,2026-10-05T23:39:15,2026-10-05T23:39:15
5274,信驊,2021-03-22,1680.0,0.0,0.00%,,,,,,,,,ShowDailyK_ChartFlow,FinMind_API_TaiwanStockPrice_5274,True,2026-10-05T23:39:15,2026-10-05T23:39:15,2026-10-05T23:39:15
5274,信驊,2021-03-23,1675.0,-5.0,-0.30%,,,,,,,,,ShowDailyK_ChartFlow,FinMind_API_TaiwanStockPrice_5274,True,2026-10-05T23:39:15,2026-10-05T23:39:15,2026-10-05T23:39:15
5274,信驊,2021-03-24,1680.0,5.0,0.30%,,,,,,,,,ShowDailyK_ChartFlow,FinMind_API_TaiwanStockPrice_5274,True,2026-10-05T23:39:15,2026-10-05T23:39:15,2026-10-05T23:39:15
5274,信驊,2021-03-25,1670.0,-10.0,-0.60%,,,,,,,,,ShowDailyK_ChartFlow,FinMind_API_TaiwanStockPrice_5274,True,2026-10-05T23:39:15,2026-10-05T23:39:15,2026-10-05T23:39:15
5274,信驊,2021-03-26,1680.0,10.0,0.60%,,,,,,,,,ShowDailyK_ChartFlow,FinMind_API_TaiwanStockPrice_5274,True,2026-10-05T23:39:15,2026-10-05T23:39:15,2026-10-05T23:39:15
5274,信驊,2021-03-29,1680.0,0.0,0.00%,,,,,,,,,ShowDailyK_ChartFlow,FinMind_API_TaiwanStockPrice_5274,True,2026-10-05T23:39:15,2026-10-05T23:39:15,2026-10-05T23:39:15
5274,信驊,2021-03-30,1710.0,30.0,1.79%,,,,,,,,,ShowDailyK_ChartFlow,FinMind_API_TaiwanStockPrice_5274,True,2026-10-05T23:39:15,2026-10-05T23:39:15,2026-10-05T23:39:15
5274,信驊,2021-03-31,1725.0,15.0,0.88%,,,,,,,,,ShowDailyK_ChartFlow,FinMind_API_TaiwanStockPrice_5274,True,2026-10-05T23:39:15,2026-10-05T23:39:15,2026-10-05T23:39:15
5274,信驊,2021-04-01,1720.0,-5.0,-0.29%,,,,,,,,,ShowDailyK_ChartFlow,FinMind_API_TaiwanStockPrice_5274,True,2026-10-05T23:39:15,2026-10-05T23:39:15,2026-10-05T23:39:15
5274,信驊,2021-04-06,1810.0,90.0,5.23%,,,,,,,,,ShowDailyK_ChartFlow,FinMind_API_TaiwanStockPrice_5274,True,2026-10-05T23:39:15,2026-10-05T23:39:15,2026-10-05T23:39:15
5274,信驊,2021-04-07,1950.0,140.0,7.73%,,,,,,,,,ShowDailyK_ChartFlow,FinMind_API_TaiwanStockPrice_5274,True,2026-10-05T23:39:15,2026-10-05T23:39:15,2026-10-05T23:39:15
5274,信驊,2021-04-08,1935.0,-15.0,-0.77%,,,,,,,,,ShowDailyK_ChartFlow,FinMind_API_TaiwanStockPrice_5274,True,2026-10-05T23:39:15,2026-10-05T23:39:15,2026-10-05T23:39:15
5274,信驊,2021-04-09,1890.0,-45.0,-2.33%,,,,,,,,,ShowDailyK_ChartFlow,FinMind_API_TaiwanStockPrice_5274,True,2026-10-05T23:39:15,2026-10-05T23:39:15,2026-10-05T23:39:15
5274,信驊,2021-04-12,1920.0,30.0,1.59%,,,,,,,,,ShowDailyK_ChartFlow,FinMind_API_TaiwanStockPrice_5274,True,2026-10-05T23:39:15,2026-10-05T23:39:15,2026-10-05T23:39:15
5274,信驊,2021-04-13,1945.0,25.0,1.30%,,,,,,,,,ShowDailyK_ChartFlow,FinMind_API_TaiwanStockPrice_5274,True,2026-10-05T23:39:15,2026-10-05T23:39:15,2026-10-05T23:39:15
5274,信驊,2021-04-14,1865.0,-80.0,-4.11%,,,,,,,,,ShowDailyK_ChartFlow,FinMind_API_TaiwanStockPrice_5274,True,2026-10-05T23:39:15,2026-10-05T23:39:15,2026-10-05T23:39:15
5274,信驊,2021-04-15,1990.0,125.0,6.70%,,,,,,,,,ShowDailyK_ChartFlow,FinMind_API_TaiwanStockPrice_5274,True,2026-10-05T23:39:15,2026-10-05T23:39:15,2026-10-05T23:39:15
5274,信驊,2021-04-16,2020.0,30.0,1.51%,,,,,,,,,ShowDailyK_ChartFlow,FinMind_API_TaiwanStockPrice_5274,True,2026-10-05T23:39:15,2026-10-05T23:39:15,2026-10-05T23:39:15
5274,信驊,2021-04-19,2015.0,-5.0,-0.25%,,,,,,,,,ShowDailyK_ChartFlow,FinMind_API_TaiwanStockPrice_5274,True,2026-10-05T23:39:15,2026-10-05T23:39:15,2026-10-05T23:39:15
5274,信驊,2021-04-20,1935.0,-80.0,-3.97%,,,,,,,,,ShowDailyK_ChartFlow,FinMind_API_TaiwanStockPrice_5274,True,2026-10-05T23:39:15,2026-10-05T23:39:15,2026-10-05T23:39:15
5274,信驊,2021-04-21,1840.0,-95.0,-4.91%,,,,,,,,,ShowDailyK_ChartFlow,FinMind_API_TaiwanStockPrice_5274,True,2026-10-05T23:39:15,2026-10-05T23:39:15,2026-10-05T23:39:15
5274,信驊,2021-04-22,1835.0,-5.0,-0.27%,,,,,,,,,ShowDailyK_ChartFlow,FinMind_API_TaiwanStockPrice_5274,True,2026-10-05T23:39:15,2026-10-05T23:39:15,2026-10-05T23:39:15
5274,信驊,2021-04-23,1955.0,120.0,6.54%,,,,,,,,,ShowDailyK_ChartFlow,FinMind_API_TaiwanStockPrice_5274,True,2026-10-05T23:39:15,2026-10-05T23:39:15,2026-10-05T23:39:15
5274,信驊,2021-04-26,1960.0,5.0,0.26%,,,,,,,,,ShowDailyK_ChartFlow,FinMind_API_TaiwanStockPrice_5274,True,2026-10-05T23:39:15,2026-10-05T23:39:15,2026-10-05T23:39:15
5274,信驊,2021-04-27,2080.0,120.0,6.12%,,,,,,,,,ShowDailyK_ChartFlow,FinMind_API_TaiwanStockPrice_5274,True,2026-10-05T23:39:15,2026-10-05T23:39:15,2026-10-05T23:39:15
5274,信驊,2021-04-28,2035.0,-45.0,-2.16%,,,,,,,,,ShowDailyK_ChartFlow,FinMind_API_TaiwanStockPrice_5274,True,2026-10-05T23:39:15,2026-10-05T23:39:15,2026-10-05T23:39:15
5274,信驊,2021-04-29,2110.0,75.0,3.69%,,,,,,,,,ShowDailyK_ChartFlow,FinMind_API_TaiwanStockPrice_5274,True,2026-10-05T23:39:15,2026-10-05T23:39:15,2026-10-05T23:39:15
5274,信驊,2021-05-03,2055.0,-55.0,-2.61%,,,,,,,,,ShowDailyK_ChartFlow,FinMind_API_TaiwanStockPrice_5274,True,2026-10-05T23:39:15,2026-10-05T23:39:15,2026-10-05T23:39:15
5274,信驊,2021-05-04,2190.0,135.0,6.57%,,,,,,,,,ShowDailyK_ChartFlow,FinMind_API_TaiwanStockPrice_5274,True,2026-10-05T23:39:15,2026-10-05T23:39:15,2026-10-05T23:39:15
5274,信驊,2021-05-05,2020.0,-170.0,-7.76%,,,,,,,,,ShowDailyK_ChartFlow,FinMind_API_TaiwanStockPrice_5274,True,2026-10-05T23:39:15,2026-10-05T23:39:15,2026-10-05T23:39:15
5274,信驊,2021-05-06,1945.0,-75.0,-3.71%,,,,,,,,,ShowDailyK_ChartFlow,FinMind_API_TaiwanStockPrice_5274,True,2026-10-05T23:39:15,2026-10-05T23:39:15,2026-10-05T23:39:15
5274,信驊,2021-05-07,2135.0,190.0,9.77%,,,,,,,,,ShowDailyK_ChartFlow,FinMind_API_TaiwanStockPrice_5274,True,2026-10-05T23:39:15,2026-10-05T23:39:15,2026-10-05T23:39:15
5274,信驊,2021-05-10,2100.0,-35.0,-1.64%,,,,,,,,,ShowDailyK_ChartFlow,FinMind_API_TaiwanStockPrice_5274,True,2026-10-05T23:39:15,2026-10-05T23:39:15,2026-10-05T23:39:15
5274,信驊,2021-05-11,1930.0,-170.0,-8.10%,,,,,,,,,ShowDailyK_ChartFlow,FinMind_API_TaiwanStockPrice_5274,True,2026-10-05T23:39:15,2026-10-05T23:39:15,2026-10-05T23:39:15
5274,信驊,2021-05-12,1770.0,-160.0,-8.29%,,,,,,,,,ShowDailyK_ChartFlow,FinMind_API_TaiwanStockPrice_5274,True,2026-10-05T23:39:15,2026-10-05T23:39:15,2026-10-05T23:39:15
5274,信驊,2021-05-13,1945.0,175.0,9.89%,,,,,,,,,ShowDailyK_ChartFlow,FinMind_API_TaiwanStockPrice_5274,True,2026-10-05T23:39:15,2026-10-05T23:39:15,2026-10-05T23:39:15
5274,信驊,2021-05-14,1910.0,-35.0,-1.80%,,,,,,,,,ShowDailyK_ChartFlow,FinMind_API_TaiwanStockPrice_5274,True,2026-10-05T23:39:15,2026-10-05T23:39:15,2026-10-05T23:39:15
5274,信驊,2021-05-17,1930.0,20.0,1.05%,,,,,,,,,ShowDailyK_ChartFlow,FinMind_API_TaiwanStockPrice_5274,True,2026-10-05T23:39:15,2026-10-05T23:39:15,2026-10-05T23:39:15
5274,信驊,2021-05-18,1900.0,-30.0,-1.55%,,,,,,,,,ShowDailyK_ChartFlow,FinMind_API_TaiwanStockPrice_5274,True,2026-10-05T23:39:15,2026-10-05T23:39:15,2026-10-05T23:39:15
5274,信驊,2021-05-19,1915.0,15.0,0.79%,,,,,,,,,ShowDailyK_ChartFlow,FinMind_API_TaiwanStockPrice_5274,True,2026-10-05T23:39:15,2026-10-05T23:39:15,2026-10-05T23:39:15
5274,信驊,2021-05-20,1980.0,65.0,3.39%,,,,,,,,,ShowDailyK_ChartFlow,FinMind_API_TaiwanStockPrice_5274,True,2026-10-05T23:39:15,2026-10-05T23:39:15,2026-10-05T23:39:15
5274,信驊,2021-05-21,1930.0,-50.0,-2.53%,,,,,,,,,ShowDailyK_ChartFlow,FinMind_API_TaiwanStockPrice_5274,True,2026-10-05T23:39:15,2026-10-05T23:39:15,2026-10-05T23:39:15
5274,信驊,2021-05-24,1985.0,55.0,2.85%,,,,,,,,,ShowDailyK_ChartFlow,FinMind_API_TaiwanStockPrice_5274,True,2026-10-05T23:39:15,2026-10-05T23:39:15,2026-10-05T23:39:15
5274,信驊,2021-05-25,2115.0,130.0,6.55%,,,,,,,,,ShowDailyK_ChartFlow,FinMind_API_TaiwanStockPrice_5274,True,2026-10-05T23:39:15,2026-10-05T23:39:15,2026-10-05T23:39:15
5274,信驊,2021-05-26,2210.0,95.0,4.49%,,,,,,,,,ShowDailyK_ChartFlow,FinMind_API_TaiwanStockPrice_5274,True,2026-10-05T23:39:15,2026-10-05T23:39:15,2026-10-05T23:39:15
5274,信驊,2021-05-27,2350.0,140.0,6.33%,,,,,,,,,ShowDailyK_ChartFlow,FinMind_API_TaiwanStockPrice_5274,True,2026-10-05T23:39:15,2026-10-05T23:39:15,2026-10-05T23:39:15
5274,信驊,2021-05-28,2205.0,-145.0,-6.17%,,,,,,,,,ShowDailyK_ChartFlow,FinMind_API_TaiwanStockPrice_5274,True,2026-10-05T23:39:15,2026-10-05T23:39:15,2026-10-05T23:39:15
5274,信驊,2021-05-31,2220.0,15.0,0.68%,,,,,,,,,ShowDailyK_ChartFlow,FinMind_API_TaiwanStockPrice_5274,True,2026-10-05T23:39:15,2026-10-05T23:39:15,2026-10-05T23:39:15
5274,信驊,2021-06-01,2225.0,5.0,0.23%,,,,,,,,,ShowDailyK_ChartFlow,FinMind_API_TaiwanStockPrice_5274,True,2026-10-05T23:39:15,2026-10-05T23:39:15,2026-10-05T23:39:15
5274,信驊,2021-06-02,2175.0,-50.0,-2.25%,,,,,,,,,ShowDailyK_ChartFlow,FinMind_API_TaiwanStockPrice_5274,True,2026-10-05T23:39:15,2026-10-05T23:39:15,2026-10-05T23:39:15
5274,信驊,2021-06-03,2275.0,100.0,4.60%,,,,,,,,,ShowDailyK_ChartFlow,FinMind_API_TaiwanStockPrice_5274,True,2026-10-05T23:39:15,2026-10-05T23:39:15,2026-10-05T23:39:15
5274,信驊,2021-06-04,2140.0,-135.0,-5.93%,,,,,,,,,ShowDailyK_ChartFlow,FinMind_API_TaiwanStockPrice_5274,True,2026-10-05T23:39:15,2026-10-05T23:39:15,2026-10-05T23:39:15
5274,信驊,2021-06-07,2195.0,55.0,2.57%,,,,,,,,,ShowDailyK_ChartFlow,FinMind_API_TaiwanStockPrice_5274,True,2026-10-05T23:39:15,2026-10-05T23:39:15,2026-10-05T23:39:15
5274,信驊,2021-06-08,2170.0,-25.0,-1.14%,,,,,,,,,ShowDailyK_ChartFlow,FinMind_API_TaiwanStockPrice_5274,True,2026-10-05T23:39:15,2026-10-05T23:39:15,2026-10-05T23:39:15
5274,信驊,2021-06-09,2140.0,-30.0,-1.38%,,,,,,,,,ShowDailyK_ChartFlow,FinMind_API_TaiwanStockPrice_5274,True,2026-10-05T23:39:15,2026-10-05T23:39:15,2026-10-05T23:39:15
5274,信驊,2021-06-10,2245.0,105.0,4.91%,,,,,,,,,ShowDailyK_ChartFlow,FinMind_API_TaiwanStockPrice_5274,True,2026-10-05T23:39:15,2026-10-05T23:39:15,2026-10-05T23:39:15
5274,信驊,2021-06-11,2195.0,-50.0,-2.23%,,,,,,,,,ShowDailyK_ChartFlow,FinMind_API_TaiwanStockPrice_5274,True,2026-10-05T23:39:15,2026-10-05T23:39:15,2026-10-05T23:39:15
5274,信驊,2021-06-15,2175.0,-20.0,-0.91%,,,,,,,,,ShowDailyK_ChartFlow,FinMind_API_TaiwanStockPrice_5274,True,2026-10-05T23:39:15,2026-10-05T23:39:15,2026-10-05T23:39:15
5274,信驊,2021-06-16,2140.0,-35.0,-1.61%,,,,,,,,,ShowDailyK_ChartFlow,FinMind_API_TaiwanStockPrice_5274,True,2026-10-05T23:39:15,2026-10-05T23:39:15,2026-10-05T23:39:15
5274,信驊,2021-06-17,2190.0,50.0,2.34%,,,,,,,,,ShowDailyK_ChartFlow,FinMind_API_TaiwanStockPrice_5274,True,2026-10-05T23:39:15,2026-10-05T23:39:15,2026-10-05T23:39:15
5274,信驊,2021-06-18,2115.0,-75.0,-3.42%,,,,,,,,,ShowDailyK_ChartFlow,FinMind_API_TaiwanStockPrice_5274,True,2026-10-05T23:39:15,2026-10-05T23:39:15,2026-10-05T23:39:15
5274,信驊,2021-06-21,2115.0,0.0,0.00%,,,,,,,,,ShowDailyK_ChartFlow,FinMind_API_TaiwanStockPrice_5274,True,2026-10-05T23:39:15,2026-10-05T23:39:15,2026-10-05T23:39:15
5274,信驊,2021-06-22,2100.0,-15.0,-0.71%,,,,,,,,,ShowDailyK_ChartFlow,FinMind_API_TaiwanStockPrice_5274,True,2026-10-05T23:39:15,2026-10-05T23:39:15,2026-10-05T23:39:15
5274,信驊,2021-06-23,2070.0,-30.0,-1.43%,,,,,,,,,ShowDailyK_ChartFlow,FinMind_API_TaiwanStockPrice_5274,True,2026-10-05T23:39:15,2026-10-05T23:39:15,2026-10-05T23:39:15
5274,信驊,2021-06-24,2070.0,0.0,0.00%,,,,,,,,,ShowDailyK_ChartFlow,FinMind_API_TaiwanStockPrice_5274,True,2026-10-05T23:39:15,2026-10-05T23:39:15,2026-10-05T23:39:15
5274,信驊,2021-06-25,2030.0,-40.0,-1.93%,,,,,,,,,ShowDailyK_ChartFlow,FinMind_API_TaiwanStockPrice_5274,True,2026-10-05T23:39:15,2026-10-05T23:39:15,2026-10-05T23:39:15
5274,信驊,2021-06-28,2080.0,50.0,2.46%,,,,,,,,,ShowDailyK_ChartFlow,FinMind_API_TaiwanStockPrice_5274,True,2026-10-05T23:39:15,2026-10-05T23:39:15,2026-10-05T23:39:15
5274,信驊,2021-06-29,2040.0,-40.0,-1.92%,,,,,,,,,ShowDailyK_ChartFlow,FinMind_API_TaiwanStockPrice_5274,True,2026-10-05T23:39:15,2026-10-05T23:39:15,2026-10-05T23:39:15
5274,信驊,2021-06-30,2010.0,-30.0,-1.47%,,,,,,,,,ShowDailyK_ChartFlow,FinMind_API_TaiwanStockPrice_5274,True,2026-10-05T23:39:15,2026-10-05T23:39:15,2026-10-05T23:39:15
5274,信驊,2021-07-01,2115.0,105.0,5.22%,,,,,,,,,ShowDailyK_ChartFlow,FinMind_API_TaiwanStockPrice_5274,True,2026-10-05T23:39:15,2026-10-05T23:39:15,2026-10-05T23:39:15
5274,信驊,2021-07-02,2185.0,70.0,3.31%,,,,,,,,,ShowDailyK_ChartFlow,FinMind_API_TaiwanStockPrice_5274,True,2026-10-05T23:39:15,2026-10-05T23:39:15,2026-10-05T23:39:15
5274,信驊,2021-07-05,2180.0,-5.0,-0.23%,,,,,,,,,ShowDailyK_ChartFlow,FinMind_API_TaiwanStockPrice_5274,True,2026-10-05T23:39:15,2026-10-05T23:39:15,2026-10-05T23:39:15
5274,信驊,2021-07-06,2190.0,10.0,0.46%,,,,,,,,,ShowDailyK_ChartFlow,FinMind_API_TaiwanStockPrice_5274,True,2026-10-05T23:39:15,2026-10-05T23:39:15,2026-10-05T23:39:15
5274,信驊,2021-07-07,2190.0,0.0,0.00%,,,,,,,,,ShowDailyK_ChartFlow,FinMind_API_TaiwanStockPrice_5274,True,2026-10-05T23:39:15,2026-10-05T23:39:15,2026-10-05T23:39:15
5274,信驊,2021-07-08,2240.0,50.0,2.28%,,,,,,,,,ShowDailyK_ChartFlow,FinMind_API_TaiwanStockPrice_5274,True,2026-10-05T23:39:15,2026-10-05T23:39:15,2026-10-05T23:39:15
5274,信驊,2021-07-09,2250.0,10.0,0.45%,,,,,,,,,ShowDailyK_ChartFlow,FinMind_API_TaiwanStockPrice_5274,True,2026-10-05T23:39:15,2026-10-05T23:39:15,2026-10-05T23:39:15
5274,信驊,2021-07-12,2355.0,105.0,4.67%,,,,,,,,,ShowDailyK_ChartFlow,FinMind_API_TaiwanStockPrice_5274,True,2026-10-05T23:39:15,2026-10-05T23:39:15,2026-10-05T23:39:15
5274,信驊,2021-07-13,2260.0,-95.0,-4.03%,,,,,,,,,ShowDailyK_ChartFlow,FinMind_API_TaiwanStockPrice_5274,True,2026-10-05T23:39:15,2026-10-05T23:39:15,2026-10-05T23:39:15
5274,信驊,2021-07-14,2265.0,5.0,0.22%,,,,,,,,,ShowDailyK_ChartFlow,FinMind_API_TaiwanStockPrice_5274,True,2026-10-05T23:39:15,2026-10-05T23:39:15,2026-10-05T23:39:15
5274,信驊,2021-07-15,2200.0,-65.0,-2.87%,,,,,,,,,ShowDailyK_ChartFlow,FinMind_API_TaiwanStockPrice_5274,True,2026-10-05T23:39:15,2026-10-05T23:39:15,2026-10-05T23:39:15
5274,信驊,2021-07-16,2240.0,40.0,1.82%,,,,,,,,,ShowDailyK_ChartFlow,FinMind_API_TaiwanStockPrice_5274,True,2026-10-05T23:39:15,2026-10-05T23:39:15,2026-10-05T23:39:15
5274,信驊,2021-07-19,2335.0,95.0,4.24%,,,,,,,,,ShowDailyK_ChartFlow,FinMind_API_TaiwanStockPrice_5274,True,2026-10-05T23:39:15,2026-10-05T23:39:15,2026-10-05T23:39:15
5274,信驊,2021-07-20,2415.0,80.0,3.43%,,,,,,,,,ShowDailyK_ChartFlow,FinMind_API_TaiwanStockPrice_5274,True,2026-10-05T23:39:15,2026-10-05T23:39:15,2026-10-05T23:39:15
5274,信驊,2021-07-21,2415.0,0.0,0.00%,,,,,,,,,ShowDailyK_ChartFlow,FinMind_API_TaiwanStockPrice_5274,True,2026-10-05T23:39:15,2026-10-05T23:39:15,2026-10-05T23:39:15
5274,信驊,2021-07-22,2420.0,5.0,0.21%,,,,,,,,,ShowDailyK_ChartFlow,FinMind_API_TaiwanStockPrice_5274,True,2026-10-05T23:39:15,2026-10-05T23:39:15,2026-10-05T23:39:15
5274,信驊,2021-07-23,2435.0,15.0,0.62%,,,,,,,,,ShowDailyK_ChartFlow,FinMind_API_TaiwanStockPrice_5274,True,2026-10-05T23:39:15,2026-10-05T23:39:15,2026-10-05T23:39:15
5274,信驊,2021-07-26,2495.0,60.0,2.46%,,,,,,,,,ShowDailyK_ChartFlow,FinMind_API_TaiwanStockPrice_5274,True,2026-10-05T23:39:15,2026-10-05T23:39:15,2026-10-05T23:39:15
5274,信驊,2021-07-27,2440.0,-55.0,-2.20%,,,,,,,,,ShowDailyK_ChartFlow,FinMind_API_TaiwanStockPrice_5274,True,2026-10-05T23:39:15,2026-10-05T23:39:15,2026-10-05T23:39:15
5274,信驊,2021-07-28,2275.0,-165.0,-6.76%,,,,,,,,,ShowDailyK_ChartFlow,FinMind_API_TaiwanStockPrice_5274,True,2026-10-05T23:39:15,2026-10-05T23:39:15,2026-10-05T23:39:15
5274,信驊,2021-07-29,2300.0,25.0,1.10%,,,,,,,,,ShowDailyK_ChartFlow,FinMind_API_TaiwanStockPrice_5274,True,2026-10-05T23:39:15,2026-10-05T23:39:15,2026-10-05T23:39:15
5274,信驊,2021-07-30,2245.0,-55.0,-2.39%,,,,,,,,,ShowDailyK_ChartFlow,FinMind_API_TaiwanStockPrice_5274,True,2026-10-05T23:39:15,2026-10-05T23:39:15,2026-10-05T23:39:15
5274,信驊,2021-08-02,2190.0,-55.0,-2.45%,,,,,,,,,ShowDailyK_ChartFlow,FinMind_API_TaiwanStockPrice_5274,True,2026-10-05T23:39:15,2026-10-05T23:39:15,2026-10-05T23:39:15
5274,信驊,2021-08-03,2240.0,50.0,2.28%,,,,,,,,,ShowDailyK_ChartFlow,FinMind_API_TaiwanStockPrice_5274,True,2026-10-05T23:39:15,2026-10-05T23:39:15,2026-10-05T23:39:15
5274,信驊,2021-08-04,2235.0,-5.0,-0.22%,,,,,,,,,ShowDailyK_ChartFlow,FinMind_API_TaiwanStockPrice_5274,True,2026-10-05T23:39:15,2026-10-05T23:39:15,2026-10-05T23:39:15
5274,信驊,2021-08-05,2245.0,10.0,0.45%,,,,,,,,,ShowDailyK_ChartFlow,FinMind_API_TaiwanStockPrice_5274,True,2026-10-05T23:39:15,2026-10-05T23:39:15,2026-10-05T23:39:15
5274,信驊,2021-08-06,2260.0,15.0,0.67%,,,,,,,,,ShowDailyK_ChartFlow,FinMind_API_TaiwanStockPrice_5274,True,2026-10-05T23:39:15,2026-10-05T23:39:15,2026-10-05T23:39:15
5274,信驊,2021-08-09,2185.0,-75.0,-3.32%,,,,,,,,,ShowDailyK_ChartFlow,FinMind_API_TaiwanStockPrice_5274,True,2026-10-05T23:39:15,2026-10-05T23:39:15,2026-10-05T23:39:15
5274,信驊,2021-08-10,2070.0,-115.0,-5.26%,,,,,,,,,ShowDailyK_ChartFlow,FinMind_API_TaiwanStockPrice_5274,True,2026-10-05T23:39:15,2026-10-05T23:39:15,2026-10-05T23:39:15
5274,信驊,2021-08-11,2095.0,25.0,1.21%,,,,,,,,,ShowDailyK_ChartFlow,FinMind_API_TaiwanStockPrice_5274,True,2026-10-05T23:39:15,2026-10-05T23:39:15,2026-10-05T23:39:15
5274,信驊,2021-08-12,2185.0,90.0,4.30%,,,,,,,,,ShowDailyK_ChartFlow,FinMind_API_TaiwanStockPrice_5274,True,2026-10-05T23:39:15,2026-10-05T23:39:15,2026-10-05T23:39:15
5274,信驊,2021-08-13,2175.0,-10.0,-0.46%,,,,,,,,,ShowDailyK_ChartFlow,FinMind_API_TaiwanStockPrice_5274,True,2026-10-05T23:39:15,2026-10-05T23:39:15,2026-10-05T23:39:15
5274,信驊,2021-08-16,2020.0,-155.0,-7.13%,,,,,,,,,ShowDailyK_ChartFlow,FinMind_API_TaiwanStockPrice_5274,True,2026-10-05T23:39:15,2026-10-05T23:39:15,2026-10-05T23:39:15
5274,信驊,2021-08-17,1965.0,-55.0,-2.72%,,,,,,,,,ShowDailyK_ChartFlow,FinMind_API_TaiwanStockPrice_5274,True,2026-10-05T23:39:15,2026-10-05T23:39:15,2026-10-05T23:39:15
5274,信驊,2021-08-18,2000.0,35.0,1.78%,,,,,,,,,ShowDailyK_ChartFlow,FinMind_API_TaiwanStockPrice_5274,True,2026-10-05T23:39:15,2026-10-05T23:39:15,2026-10-05T23:39:15
5274,信驊,2021-08-19,2080.0,80.0,4.00%,,,,,,,,,ShowDailyK_ChartFlow,FinMind_API_TaiwanStockPrice_5274,True,2026-10-05T23:39:15,2026-10-05T23:39:15,2026-10-05T23:39:15
5274,信驊,2021-08-20,2170.0,90.0,4.33%,,,,,,,,,ShowDailyK_ChartFlow,FinMind_API_TaiwanStockPrice_5274,True,2026-10-05T23:39:15,2026-10-05T23:39:15,2026-10-05T23:39:15
5274,信驊,2021-08-23,2130.0,-40.0,-1.84%,,,,,,,,,ShowDailyK_ChartFlow,FinMind_API_TaiwanStockPrice_5274,True,2026-10-05T23:39:15,2026-10-05T23:39:15,2026-10-05T23:39:15
5274,信驊,2021-08-24,2100.0,-30.0,-1.41%,,,,,,,,,ShowDailyK_ChartFlow,FinMind_API_TaiwanStockPrice_5274,True,2026-10-05T23:39:15,2026-10-05T23:39:15,2026-10-05T23:39:15
5274,信驊,2021-08-25,2135.0,35.0,1.67%,,,,,,,,,ShowDailyK_ChartFlow,FinMind_API_TaiwanStockPrice_5274,True,2026-10-05T23:39:15,2026-10-05T23:39:15,2026-10-05T23:39:15
5274,信驊,2021-08-26,2210.0,75.0,3.51%,,,,,,,,,ShowDailyK_ChartFlow,FinMind_API_TaiwanStockPrice_5274,True,2026-10-05T23:39:15,2026-10-05T23:39:15,2026-10-05T23:39:15
5274,信驊,2021-08-27,2275.0,65.0,2.94%,,,,,,,,,ShowDailyK_ChartFlow,FinMind_API_TaiwanStockPrice_5274,True,2026-10-05T23:39:15,2026-10-05T23:39:15,2026-10-05T23:39:15
5274,信驊,2021-08-30,2370.0,95.0,4.18%,,,,,,,,,ShowDailyK_ChartFlow,FinMind_API_TaiwanStockPrice_5274,True,2026-10-05T23:39:15,2026-10-05T23:39:15,2026-10-05T23:39:15
5274,信驊,2021-08-31,2350.0,-20.0,-0.84%,,,,,,,,,ShowDailyK_ChartFlow,FinMind_API_TaiwanStockPrice_5274,True,2026-10-05T23:39:15,2026-10-05T23:39:15,2026-10-05T23:39:15
5274,信驊,2021-09-01,2375.0,25.0,1.06%,,,,,,,,,ShowDailyK_ChartFlow,FinMind_API_TaiwanStockPrice_5274,True,2026-10-05T23:39:15,2026-10-05T23:39:15,2026-10-05T23:39:15
5274,信驊,2021-09-02,2320.0,-55.0,-2.32%,,,,,,,,,ShowDailyK_ChartFlow,FinMind_API_TaiwanStockPrice_5274,True,2026-10-05T23:39:15,2026-10-05T23:39:15,2026-10-05T23:39:15
5274,信驊,2021-09-03,2295.0,-25.0,-1.08%,,,,,,,,,ShowDailyK_ChartFlow,FinMind_API_TaiwanStockPrice_5274,True,2026-10-05T23:39:15,2026-10-05T23:39:15,2026-10-05T23:39:15
5274,信驊,2021-09-06,2235.0,-60.0,-2.61%,,,,,,,,,ShowDailyK_ChartFlow,FinMind_API_TaiwanStockPrice_5274,True,2026-10-05T23:39:15,2026-10-05T23:39:15,2026-10-05T23:39:15
5274,信驊,2021-09-07,2190.0,-45.0,-2.01%,,,,,,,,,ShowDailyK_ChartFlow,FinMind_API_TaiwanStockPrice_5274,True,2026-10-05T23:39:15,2026-10-05T23:39:15,2026-10-05T23:39:15
5274,信驊,2021-09-08,2180.0,-10.0,-0.46%,,,,,,,,,ShowDailyK_ChartFlow,FinMind_API_TaiwanStockPrice_5274,True,2026-10-05T23:39:15,2026-10-05T23:39:15,2026-10-05T23:39:15
5274,信驊,2021-09-09,2220.0,40.0,1.83%,,,,,,,,,ShowDailyK_ChartFlow,FinMind_API_TaiwanStockPrice_5274,True,2026-10-05T23:39:15,2026-10-05T23:39:15,2026-10-05T23:39:15
5274,信驊,2021-09-10,2250.0,30.0,1.35%,,,,,,,,,ShowDailyK_ChartFlow,FinMind_API_TaiwanStockPrice_5274,True,2026-10-05T23:39:15,2026-10-05T23:39:15,2026-10-05T23:39:15
5274,信驊,2021-09-13,2250.0,0.0,0.00%,,,,,,,,,ShowDailyK_ChartFlow,FinMind_API_TaiwanStockPrice_5274,True,2026-10-05T23:39:15,2026-10-05T23:39:15,2026-10-05T23:39:15
5274,信驊,2021-09-14,2250.0,0.0,0.00%,,,,,,,,,ShowDailyK_ChartFlow,FinMind_API_TaiwanStockPrice_5274,True,2026-10-05T23:39:15,2026-10-05T23:39:15,2026-10-05T23:39:15
5274,信驊,2021-09-15,2160.0,-90.0,-4.00%,,,,,,,,,ShowDailyK_ChartFlow,FinMind_API_TaiwanStockPrice_5274,True,2026-10-05T23:39:15,2026-10-05T23:39:15,2026-10-05T23:39:15
5274,信驊,2021-09-16,2165.0,5.0,0.23%,,,,,,,,,ShowDailyK_ChartFlow,FinMind_API_TaiwanStockPrice_5274,True,2026-10-05T23:39:15,2026-10-05T23:39:15,2026-10-05T23:39:15
5274,信驊,2021-09-17,2275.0,110.0,5.08%,,,,,,,,,ShowDailyK_ChartFlow,FinMind_API_TaiwanStockPrice_5274,True,2026-10-05T23:39:15,2026-10-05T23:39:15,2026-10-05T23:39:15
5274,信驊,2021-09-22,2265.0,-10.0,-0.44%,,,,,,,,,ShowDailyK_ChartFlow,FinMind_API_TaiwanStockPrice_5274,True,2026-10-05T23:39:15,2026-10-05T23:39:15,2026-10-05T23:39:15
5274,信驊,2021-09-23,2425.0,160.0,7.06%,,,,,,,,,ShowDailyK_ChartFlow,FinMind_API_TaiwanStockPrice_5274,True,2026-10-05T23:39:15,2026-10-05T23:39:15,2026-10-05T23:39:15
5274,信驊,2021-09-24,2450.0,25.0,1.03%,,,,,,,,,ShowDailyK_ChartFlow,FinMind_API_TaiwanStockPrice_5274,True,2026-10-05T23:39:15,2026-10-05T23:39:15,2026-10-05T23:39:15
5274,信驊,2021-09-27,2360.0,-90.0,-3.67%,,,,,,,,,ShowDailyK_ChartFlow,FinMind_API_TaiwanStockPrice_5274,True,2026-10-05T23:39:15,2026-10-05T23:39:15,2026-10-05T23:39:15
5274,信驊,2021-09-28,2310.0,-50.0,-2.12%,,,,,,,,,ShowDailyK_ChartFlow,FinMind_API_TaiwanStockPrice_5274,True,2026-10-05T23:39:15,2026-10-05T23:39:15,2026-10-05T23:39:15
5274,信驊,2021-09-29,2320.0,10.0,0.43%,,,,,,,,,ShowDailyK_ChartFlow,FinMind_API_TaiwanStockPrice_5274,True,2026-10-05T23:39:15,2026-10-05T23:39:15,2026-10-05T23:39:15
5274,信驊,2021-09-30,2325.0,5.0,0.22%,,,,,,,,,ShowDailyK_ChartFlow,FinMind_API_TaiwanStockPrice_5274,True,2026-10-05T23:39:15,2026-10-05T23:39:15,2026-10-05T23:39:15
5274,信驊,2021-10-01,2255.0,-70.0,-3.01%,,,,,,,,,ShowDailyK_ChartFlow,FinMind_API_TaiwanStockPrice_5274,True,2026-10-05T23:39:15,2026-10-05T23:39:15,2026-10-05T23:39:15
5274,信驊,2021-10-04,2300.0,45.0,2.00%,,,,,,,,,ShowDailyK_ChartFlow,FinMind_API_TaiwanStockPrice_5274,True,2026-10-05T23:39:15,2026-10-05T23:39:15,2026-10-05T23:39:15
5274,信驊,2021-10-05,2385.0,85.0,3.70%,,,,,,,,,ShowDailyK_ChartFlow,FinMind_API_TaiwanStockPrice_5274,True,2026-10-05T23:39:15,2026-10-05T23:39:15,2026-10-05T23:39:15
5274,信驊,2021-10-06,2345.0,-40.0,-1.68%,,,,,,,,,ShowDailyK_ChartFlow,FinMind_API_TaiwanStockPrice_5274,True,2026-10-05T23:39:15,2026-10-05T23:39:15,2026-10-05T23:39:15
5274,信驊,2021-10-07,2450.0,105.0,4.48%,,,,,,,,,ShowDailyK_ChartFlow,FinMind_API_TaiwanStockPrice_5274,True,2026-10-05T23:39:15,2026-10-05T23:39:15,2026-10-05T23:39:15
5274,信驊,2021-10-08,2490.0,40.0,1.63%,,,,,,,,,ShowDailyK_ChartFlow,FinMind_API_TaiwanStockPrice_5274,True,2026-10-05T23:39:15,2026-10-05T23:39:15,2026-10-05T23:39:15
5274,信驊,2021-10-12,2375.0,-115.0,-4.62%,,,,,,,,,ShowDailyK_ChartFlow,FinMind_API_TaiwanStockPrice_5274,True,2026-10-05T23:39:15,2026-10-05T23:39:15,2026-10-05T23:39:15
5274,信驊,2021-10-13,2310.0,-65.0,-2.74%,,,,,,,,,ShowDailyK_ChartFlow,FinMind_API_TaiwanStockPrice_5274,True,2026-10-05T23:39:15,2026-10-05T23:39:15,2026-10-05T23:39:15
5274,信驊,2021-10-14,2260.0,-50.0,-2.16%,,,,,,,,,ShowDailyK_ChartFlow,FinMind_API_TaiwanStockPrice_5274,True,2026-10-05T23:39:15,2026-10-05T23:39:15,2026-10-05T23:39:15
5274,信驊,2021-10-15,2300.0,40.0,1.77%,,,,,,,,,ShowDailyK_ChartFlow,FinMind_API_TaiwanStockPrice_5274,True,2026-10-05T23:39:15,2026-10-05T23:39:15,2026-10-05T23:39:15
5274,信驊,2021-10-18,2220.0,-80.0,-3.48%,,,,,,,,,ShowDailyK_ChartFlow,FinMind_API_TaiwanStockPrice_5274,True,2026-10-05T23:39:15,2026-10-05T23:39:15,2026-10-05T23:39:15
5274,信驊,2021-10-19,2295.0,75.0,3.38%,,,,,,,,,ShowDailyK_ChartFlow,FinMind_API_TaiwanStockPrice_5274,True,2026-10-05T23:39:15,2026-10-05T23:39:15,2026-10-05T23:39:15
5274,信驊,2021-10-20,2300.0,5.0,0.22%,,,,,,,,,ShowDailyK_ChartFlow,FinMind_API_TaiwanStockPrice_5274,True,2026-10-05T23:39:15,2026-10-05T23:39:15,2026-10-05T23:39:15
5274,信驊,2021-10-21,2305.0,5.0,0.22%,,,,,,,,,ShowDailyK_ChartFlow,FinMind_API_TaiwanStockPrice_5274,True,2026-10-05T23:39:15,2026-10-05T23:39:15,2026-10-05T23:39:15
5274,信驊,2021-10-22,2420.0,115.0,4.99%,,,,,,,,,ShowDailyK_ChartFlow,FinMind_API_TaiwanStockPrice_5274,True,2026-10-05T23:39:15,2026-10-05T23:39:15,2026-10-05T23:39:15
5274,信驊,2021-10-25,2385.0,-35.0,-1.45%,,,,,,,,,ShowDailyK_ChartFlow,FinMind_API_TaiwanStockPrice_5274,True,2026-10-05T23:39:15,2026-10-05T23:39:15,2026-10-05T23:39:15
5274,信驊,2021-10-26,2465.0,80.0,3.35%,,,,,,,,,ShowDailyK_ChartFlow,FinMind_API_TaiwanStockPrice_5274,True,2026-10-05T23:39:15,2026-10-05T23:39:15,2026-10-05T23:39:15
5274,信驊,2021-10-27,2710.0,245.0,9.94%,,,,,,,,,ShowDailyK_ChartFlow,FinMind_API_TaiwanStockPrice_5274,True,2026-10-05T23:39:15,2026-10-05T23:39:15,2026-10-05T23:39:15
5274,信驊,2021-10-28,2840.0,130.0,4.80%,,,,,,,,,ShowDailyK_ChartFlow,FinMind_API_TaiwanStockPrice_5274,True,2026-10-05T23:39:15,2026-10-05T23:39:15,2026-10-05T23:39:15
5274,信驊,2021-10-29,2770.0,-70.0,-2.46%,,,,,,,,,ShowDailyK_ChartFlow,FinMind_API_TaiwanStockPrice_5274,True,2026-10-05T23:39:15,2026-10-05T23:39:15,2026-10-05T23:39:15
5274,信驊,2021-11-01,2660.0,-110.0,-3.97%,,,,,,,,,ShowDailyK_ChartFlow,FinMind_API_TaiwanStockPrice_5274,True,2026-10-05T23:39:15,2026-10-05T23:39:15,2026-10-05T23:39:15
5274,信驊,2021-11-02,2610.0,-50.0,-1.88%,,,,,,,,,ShowDailyK_ChartFlow,FinMind_API_TaiwanStockPrice_5274,True,2026-10-05T23:39:15,2026-10-05T23:39:15,2026-10-05T23:39:15
5274,信驊,2021-11-03,2575.0,-35.0,-1.34%,,,,,,,,,ShowDailyK_ChartFlow,FinMind_API_TaiwanStockPrice_5274,True,2026-10-05T23:39:15,2026-10-05T23:39:15,2026-10-05T23:39:15
5274,信驊,2021-11-04,2630.0,55.0,2.14%,,,,,,,,,ShowDailyK_ChartFlow,FinMind_API_TaiwanStockPrice_5274,True,2026-10-05T23:39:15,2026-10-05T23:39:15,2026-10-05T23:39:15
5274,信驊,2021-11-05,2650.0,20.0,0.76%,,,,,,,,,ShowDailyK_ChartFlow,FinMind_API_TaiwanStockPrice_5274,True,2026-10-05T23:39:15,2026-10-05T23:39:15,2026-10-05T23:39:15
5274,信驊,2021-11-08,2635.0,-15.0,-0.57%,,,,,,,,,ShowDailyK_ChartFlow,FinMind_API_TaiwanStockPrice_5274,True,2026-10-05T23:39:15,2026-10-05T23:39:15,2026-10-05T23:39:15
5274,信驊,2021-11-09,2740.0,105.0,3.98%,,,,,,,,,ShowDailyK_ChartFlow,FinMind_API_TaiwanStockPrice_5274,True,2026-10-05T23:39:15,2026-10-05T23:39:15,2026-10-05T23:39:15
5274,信驊,2021-11-10,2685.0,-55.0,-2.01%,,,,,,,,,ShowDailyK_ChartFlow,FinMind_API_TaiwanStockPrice_5274,True,2026-10-05T23:39:15,2026-10-05T23:39:15,2026-10-05T23:39:15
5274,信驊,2021-11-11,2710.0,25.0,0.93%,,,,,,,,,ShowDailyK_ChartFlow,FinMind_API_TaiwanStockPrice_5274,True,2026-10-05T23:39:15,2026-10-05T23:39:15,2026-10-05T23:39:15
5274,信驊,2021-11-12,2890.0,180.0,6.64%,,,,,,,,,ShowDailyK_ChartFlow,FinMind_API_TaiwanStockPrice_5274,True,2026-10-05T23:39:15,2026-10-05T23:39:15,2026-10-05T23:39:15
5274,信驊,2021-11-15,2920.0,30.0,1.04%,,,,,,,,,ShowDailyK_ChartFlow,FinMind_API_TaiwanStockPrice_5274,True,2026-10-05T23:39:15,2026-10-05T23:39:15,2026-10-05T23:39:15
5274,信驊,2021-11-16,3185.0,265.0,9.08%,,,,,,,,,ShowDailyK_ChartFlow,FinMind_API_TaiwanStockPrice_5274,True,2026-10-05T23:39:15,2026-10-05T23:39:15,2026-10-05T23:39:15
5274,信驊,2021-11-17,3220.0,35.0,1.10%,,,,,,,,,ShowDailyK_ChartFlow,FinMind_API_TaiwanStockPrice_5274,True,2026-10-05T23:39:15,2026-10-05T23:39:15,2026-10-05T23:39:15
5274,信驊,2021-11-18,3215.0,-5.0,-0.16%,,,,,,,,,ShowDailyK_ChartFlow,FinMind_API_TaiwanStockPrice_5274,True,2026-10-05T23:39:15,2026-10-05T23:39:15,2026-10-05T23:39:15
5274,信驊,2021-11-19,3180.0,-35.0,-1.09%,,,,,,,,,ShowDailyK_ChartFlow,FinMind_API_TaiwanStockPrice_5274,True,2026-10-05T23:39:15,2026-10-05T23:39:15,2026-10-05T23:39:15
5274,信驊,2021-11-22,3185.0,5.0,0.16%,,,,,,,,,ShowDailyK_ChartFlow,FinMind_API_TaiwanStockPrice_5274,True,2026-10-05T23:39:15,2026-10-05T23:39:15,2026-10-05T23:39:15
5274,信驊,2021-11-23,3020.0,-165.0,-5.18%,,,,,,,,,ShowDailyK_ChartFlow,FinMind_API_TaiwanStockPrice_5274,True,2026-10-05T23:39:15,2026-10-05T23:39:15,2026-10-05T23:39:15
5274,信驊,2021-11-24,2975.0,-45.0,-1.49%,,,,,,,,,ShowDailyK_ChartFlow,FinMind_API_TaiwanStockPrice_5274,True,2026-10-05T23:39:15,2026-10-05T23:39:15,2026-10-05T23:39:15
5274,信驊,2021-11-25,2985.0,10.0,0.34%,,,,,,,,,ShowDailyK_ChartFlow,FinMind_API_TaiwanStockPrice_5274,True,2026-10-05T23:39:15,2026-10-05T23:39:15,2026-10-05T23:39:15
5274,信驊,2021-11-26,3050.0,65.0,2.18%,,,,,,,,,ShowDailyK_ChartFlow,FinMind_API_TaiwanStockPrice_5274,True,2026-10-05T23:39:15,2026-10-05T23:39:15,2026-10-05T23:39:15
5274,信驊,2021-11-29,3150.0,100.0,3.28%,,,,,,,,,ShowDailyK_ChartFlow,FinMind_API_TaiwanStockPrice_5274,True,2026-10-05T23:39:15,2026-10-05T23:39:15,2026-10-05T23:39:15
5274,信驊,2021-11-30,3365.0,215.0,6.83%,,,,,,,,,ShowDailyK_ChartFlow,FinMind_API_TaiwanStockPrice_5274,True,2026-10-05T23:39:15,2026-10-05T23:39:15,2026-10-05T23:39:15
5274,信驊,2021-12-01,3255.0,-110.0,-3.27%,,,,,,,,,ShowDailyK_ChartFlow,FinMind_API_TaiwanStockPrice_5274,True,2026-10-05T23:39:15,2026-10-05T23:39:15,2026-10-05T23:39:15
5274,信驊,2021-12-02,3250.0,-5.0,-0.15%,,,,,,,,,ShowDailyK_ChartFlow,FinMind_API_TaiwanStockPrice_5274,True,2026-10-05T23:39:15,2026-10-05T23:39:15,2026-10-05T23:39:15
5274,信驊,2021-12-03,3130.0,-120.0,-3.69%,,,,,,,,,ShowDailyK_ChartFlow,FinMind_API_TaiwanStockPrice_5274,True,2026-10-05T23:39:15,2026-10-05T23:39:15,2026-10-05T23:39:15
5274,信驊,2021-12-06,3130.0,0.0,0.00%,,,,,,,,,ShowDailyK_ChartFlow,FinMind_API_TaiwanStockPrice_5274,True,2026-10-05T23:39:15,2026-10-05T23:39:15,2026-10-05T23:39:15
5274,信驊,2021-12-07,3060.0,-70.0,-2.24%,,,,,,,,,ShowDailyK_ChartFlow,FinMind_API_TaiwanStockPrice_5274,True,2026-10-05T23:39:15,2026-10-05T23:39:15,2026-10-05T23:39:15
5274,信驊,2021-12-08,3255.0,195.0,6.37%,,,,,,,,,ShowDailyK_ChartFlow,FinMind_API_TaiwanStockPrice_5274,True,2026-10-05T23:39:15,2026-10-05T23:39:15,2026-10-05T23:39:15
5274,信驊,2021-12-09,3255.0,0.0,0.00%,,,,,,,,,ShowDailyK_ChartFlow,FinMind_API_TaiwanStockPrice_5274,True,2026-10-05T23:39:15,2026-10-05T23:39:15,2026-10-05T23:39:15
5274,信驊,2021-12-10,3285.0,30.0,0.92%,,,,,,,,,ShowDailyK_ChartFlow,FinMind_API_TaiwanStockPrice_5274,True,2026-10-05T23:39:15,2026-10-05T23:39:15,2026-10-05T23:39:15
5274,信驊,2021-12-13,3250.0,-35.0,-1.07%,,,,,,,,,ShowDailyK_ChartFlow,FinMind_API_TaiwanStockPrice_5274,True,2026-10-05T23:39:15,2026-10-05T23:39:15,2026-10-05T23:39:15
5274,信驊,2021-12-14,3125.0,-125.0,-3.85%,,,,,,,,,ShowDailyK_ChartFlow,FinMind_API_TaiwanStockPrice_5274,True,2026-10-05T23:39:15,2026-10-05T23:39:15,2026-10-05T23:39:15
5274,信驊,2021-12-15,3135.0,10.0,0.32%,,,,,,,,,ShowDailyK_ChartFlow,FinMind_API_TaiwanStockPrice_5274,True,2026-10-05T23:39:15,2026-10-05T23:39:15,2026-10-05T23:39:15
5274,信驊,2021-12-16,3300.0,165.0,5.26%,,,,,,,,,ShowDailyK_ChartFlow,FinMind_API_TaiwanStockPrice_5274,True,2026-10-05T23:39:15,2026-10-05T23:39:15,2026-10-05T23:39:15
5274,信驊,2021-12-17,3400.0,100.0,3.03%,,,,,,,,,ShowDailyK_ChartFlow,FinMind_API_TaiwanStockPrice_5274,True,2026-10-05T23:39:15,2026-10-05T23:39:15,2026-10-05T23:39:15
5274,信驊,2021-12-20,3375.0,-25.0,-0.74%,,,,,,,,,ShowDailyK_ChartFlow,FinMind_API_TaiwanStockPrice_5274,True,2026-10-05T23:39:15,2026-10-05T23:39:15,2026-10-05T23:39:15
5274,信驊,2021-12-21,3495.0,120.0,3.56%,,,,,,,,,ShowDailyK_ChartFlow,FinMind_API_TaiwanStockPrice_5274,True,2026-10-05T23:39:15,2026-10-05T23:39:15,2026-10-05T23:39:15
5274,信驊,2021-12-22,3475.0,-20.0,-0.57%,,,,,,,,,ShowDailyK_ChartFlow,FinMind_API_TaiwanStockPrice_5274,True,2026-10-05T23:39:15,2026-10-05T23:39:15,2026-10-05T23:39:15
5274,信驊,2021-12-23,3400.0,-75.0,-2.16%,,,,,,,,,ShowDailyK_ChartFlow,FinMind_API_TaiwanStockPrice_5274,True,2026-10-05T23:39:15,2026-10-05T23:39:15,2026-10-05T23:39:15
5274,信驊,2021-12-24,3460.0,60.0,1.76%,,,,,,,,,ShowDailyK_ChartFlow,FinMind_API_TaiwanStockPrice_5274,True,2026-10-05T23:39:15,2026-10-05T23:39:15,2026-10-05T23:39:15
5274,信驊,2021-12-27,3425.0,-35.0,-1.01%,,,,,,,,,ShowDailyK_ChartFlow,FinMind_API_TaiwanStockPrice_5274,True,2026-10-05T23:39:15,2026-10-05T23:39:15,2026-10-05T23:39:15
5274,信驊,2021-12-28,3455.0,30.0,0.88%,,,,,,,,,ShowDailyK_ChartFlow,FinMind_API_TaiwanStockPrice_5274,True,2026-10-05T23:39:15,2026-10-05T23:39:15,2026-10-05T23:39:15
5274,信驊,2021-12-29,3460.0,5.0,0.14%,,,,,,,,,ShowDailyK_ChartFlow,FinMind_API_TaiwanStockPrice_5274,True,2026-10-05T23:39:15,2026-10-05T23:39:15,2026-10-05T23:39:15
5274,信驊,2021-12-30,3565.0,105.0,3.03%,,,,,,,,,ShowDailyK_ChartFlow,FinMind_API_TaiwanStockPrice_5274,True,2026-10-05T23:39:15,2026-10-05T23:39:15,2026-10-05T23:39:15
5274,信驊,2022-01-03,3545.0,-20.0,-0.56%,,,,,,,,,ShowDailyK_ChartFlow,FinMind_API_TaiwanStockPrice_5274,True,2026-10-05T23:39:15,2026-10-05T23:39:15,2026-10-05T23:39:15
5274,信驊,2022-01-04,3385.0,-160.0,-4.51%,,,,,,,,,ShowDailyK_ChartFlow,FinMind_API_TaiwanStockPrice_5274,True,2026-10-05T23:39:15,2026-10-05T23:39:15,2026-10-05T23:39:15
5274,信驊,2022-01-05,3205.0,-180.0,-5.32%,,,,,,,,,ShowDailyK_ChartFlow,FinMind_API_TaiwanStockPrice_5274,True,2026-10-05T23:39:15,2026-10-05T23:39:15,2026-10-05T23:39:15
5274,信驊,2022-01-06,3160.0,-45.0,-1.40%,,,,,,,,,ShowDailyK_ChartFlow,FinMind_API_TaiwanStockPrice_5274,True,2026-10-05T23:39:15,2026-10-05T23:39:15,2026-10-05T23:39:15
5274,信驊,2022-01-07,3080.0,-80.0,-2.53%,,,,,,,,,ShowDailyK_ChartFlow,FinMind_API_TaiwanStockPrice_5274,True,2026-10-05T23:39:15,2026-10-05T23:39:15,2026-10-05T23:39:15
5274,信驊,2022-01-10,3130.0,50.0,1.62%,,,,,,,,,ShowDailyK_ChartFlow,FinMind_API_TaiwanStockPrice_5274,True,2026-10-05T23:39:15,2026-10-05T23:39:15,2026-10-05T23:39:15
5274,信驊,2022-01-11,3100.0,-30.0,-0.96%,,,,,,,,,ShowDailyK_ChartFlow,FinMind_API_TaiwanStockPrice_5274,True,2026-10-05T23:39:15,2026-10-05T23:39:15,2026-10-05T23:39:15
5274,信驊,2022-01-12,3150.0,50.0,1.61%,,,,,,,,,ShowDailyK_ChartFlow,FinMind_API_TaiwanStockPrice_5274,True,2026-10-05T23:39:15,2026-10-05T23:39:15,2026-10-05T23:39:15
5274,信驊,2022-01-13,3240.0,90.0,2.86%,,,,,,,,,ShowDailyK_ChartFlow,FinMind_API_TaiwanStockPrice_5274,True,2026-10-05T23:39:15,2026-10-05T23:39:15,2026-10-05T23:39:15
5274,信驊,2022-01-14,3180.0,-60.0,-1.85%,,,,,,,,,ShowDailyK_ChartFlow,FinMind_API_TaiwanStockPrice_5274,True,2026-10-05T23:39:15,2026-10-05T23:39:15,2026-10-05T23:39:15
5274,信驊,2022-01-17,3130.0,-50.0,-1.57%,,,,,,,,,ShowDailyK_ChartFlow,FinMind_API_TaiwanStockPrice_5274,True,2026-10-05T23:39:15,2026-10-05T23:39:15,2026-10-05T23:39:15
5274,信驊,2022-01-18,3110.0,-20.0,-0.64%,,,,,,,,,ShowDailyK_ChartFlow,FinMind_API_TaiwanStockPrice_5274,True,2026-10-05T23:39:15,2026-10-05T23:39:15,2026-10-05T23:39:15
5274,信驊,2022-01-19,3085.0,-25.0,-0.80%,,,,,,,,,ShowDailyK_ChartFlow,FinMind_API_TaiwanStockPrice_5274,True,2026-10-05T23:39:15,2026-10-05T23:39:15,2026-10-05T23:39:15
5274,信驊,2022-01-20,3095.0,10.0,0.32%,,,,,,,,,ShowDailyK_ChartFlow,FinMind_API_TaiwanStockPrice_5274,True,2026-10-05T23:39:15,2026-10-05T23:39:15,2026-10-05T23:39:15
5274,信驊,2022-01-21,2945.0,-150.0,-4.85%,,,,,,,,,ShowDailyK_ChartFlow,FinMind_API_TaiwanStockPrice_5274,True,2026-10-05T23:39:15,2026-10-05T23:39:15,2026-10-05T23:39:15
5274,信驊,2022-01-24,2965.0,20.0,0.68%,,,,,,,,,ShowDailyK_ChartFlow,FinMind_API_TaiwanStockPrice_5274,True,2026-10-05T23:39:15,2026-10-05T23:39:15,2026-10-05T23:39:15
5274,信驊,2022-01-25,3045.0,80.0,2.70%,,,,,,,,,ShowDailyK_ChartFlow,FinMind_API_TaiwanStockPrice_5274,True,2026-10-05T23:39:15,2026-10-05T23:39:15,2026-10-05T23:39:15
5274,信驊,2022-01-26,3030.0,-15.0,-0.49%,,,,,,,,,ShowDailyK_ChartFlow,FinMind_API_TaiwanStockPrice_5274,True,2026-10-05T23:39:15,2026-10-05T23:39:15,2026-10-05T23:39:15
5274,信驊,2022-02-07,3235.0,205.0,6.77%,,,,,,,,,ShowDailyK_ChartFlow,FinMind_API_TaiwanStockPrice_5274,True,2026-10-05T23:39:15,2026-10-05T23:39:15,2026-10-05T23:39:15
5274,信驊,2022-02-08,3350.0,115.0,3.55%,,,,,,,,,ShowDailyK_ChartFlow,FinMind_API_TaiwanStockPrice_5274,True,2026-10-05T23:39:15,2026-10-05T23:39:15,2026-10-05T23:39:15
5274,信驊,2022-02-09,3265.0,-85.0,-2.54%,,,,,,,,,ShowDailyK_ChartFlow,FinMind_API_TaiwanStockPrice_5274,True,2026-10-05T23:39:15,2026-10-05T23:39:15,2026-10-05T23:39:15
5274,信驊,2022-02-10,3240.0,-25.0,-0.77%,,,,,,,,,ShowDailyK_ChartFlow,FinMind_API_TaiwanStockPrice_5274,True,2026-10-05T23:39:15,2026-10-05T23:39:15,2026-10-05T23:39:15
5274,信驊,2022-02-11,3265.0,25.0,0.77%,,,,,,,,,ShowDailyK_ChartFlow,FinMind_API_TaiwanStockPrice_5274,True,2026-10-05T23:39:15,2026-10-05T23:39:15,2026-10-05T23:39:15
5274,信驊,2022-02-14,2985.0,-280.0,-8.58%,,,,,,,,,ShowDailyK_ChartFlow,FinMind_API_TaiwanStockPrice_5274,True,2026-10-05T23:39:15,2026-10-05T23:39:15,2026-10-05T23:39:15
5274,信驊,2022-02-15,3050.0,65.0,2.18%,,,,,,,,,ShowDailyK_ChartFlow,FinMind_API_TaiwanStockPrice_5274,True,2026-10-05T23:39:15,2026-10-05T23:39:15,2026-10-05T23:39:15
5274,信驊,2022-02-16,3025.0,-25.0,-0.82%,,,,,,,,,ShowDailyK_ChartFlow,FinMind_API_TaiwanStockPrice_5274,True,2026-10-05T23:39:15,2026-10-05T23:39:15,2026-10-05T23:39:15
5274,信驊,2022-02-17,2880.0,-145.0,-4.79%,,,,,,,,,ShowDailyK_ChartFlow,FinMind_API_TaiwanStockPrice_5274,True,2026-10-05T23:39:15,2026-10-05T23:39:15,2026-10-05T23:39:15
5274,信驊,2022-02-18,2825.0,-55.0,-1.91%,,,,,,,,,ShowDailyK_ChartFlow,FinMind_API_TaiwanStockPrice_5274,True,2026-10-05T23:39:15,2026-10-05T23:39:15,2026-10-05T23:39:15
5274,信驊,2022-02-21,2710.0,-115.0,-4.07%,,,,,,,,,ShowDailyK_ChartFlow,FinMind_API_TaiwanStockPrice_5274,True,2026-10-05T23:39:15,2026-10-05T23:39:15,2026-10-05T23:39:15
5274,信驊,2022-02-22,2685.0,-25.0,-0.92%,,,,,,,,,ShowDailyK_ChartFlow,FinMind_API_TaiwanStockPrice_5274,True,2026-10-05T23:39:15,2026-10-05T23:39:15,2026-10-05T23:39:15
5274,信驊,2022-02-23,2675.0,-10.0,-0.37%,,,,,,,,,ShowDailyK_ChartFlow,FinMind_API_TaiwanStockPrice_5274,True,2026-10-05T23:39:15,2026-10-05T23:39:15,2026-10-05T23:39:15
5274,信驊,2022-02-24,2725.0,50.0,1.87%,,,,,,,,,ShowDailyK_ChartFlow,FinMind_API_TaiwanStockPrice_5274,True,2026-10-05T23:39:15,2026-10-05T23:39:15,2026-10-05T23:39:15
5274,信驊,2022-02-25,2720.0,-5.0,-0.18%,,,,,,,,,ShowDailyK_ChartFlow,FinMind_API_TaiwanStockPrice_5274,True,2026-10-05T23:39:15,2026-10-05T23:39:15,2026-10-05T23:39:15
5274,信驊,2022-03-01,2835.0,115.0,4.23%,,,,,,,,,ShowDailyK_ChartFlow,FinMind_API_TaiwanStockPrice_5274,True,2026-10-05T23:39:15,2026-10-05T23:39:15,2026-10-05T23:39:15
5274,信驊,2022-03-02,2795.0,-40.0,-1.41%,,,,,,,,,ShowDailyK_ChartFlow,FinMind_API_TaiwanStockPrice_5274,True,2026-10-05T23:39:15,2026-10-05T23:39:15,2026-10-05T23:39:15
5274,信驊,2022-03-03,2840.0,45.0,1.61%,,,,,,,,,ShowDailyK_ChartFlow,FinMind_API_TaiwanStockPrice_5274,True,2026-10-05T23:39:15,2026-10-05T23:39:15,2026-10-05T23:39:15
5274,信驊,2022-03-04,2695.0,-145.0,-5.11%,,,,,,,,,ShowDailyK_ChartFlow,FinMind_API_TaiwanStockPrice_5274,True,2026-10-05T23:39:15,2026-10-05T23:39:15,2026-10-05T23:39:15
5274,信驊,2022-03-07,2685.0,-10.0,-0.37%,,,,,,,,,ShowDailyK_ChartFlow,FinMind_API_TaiwanStockPrice_5274,True,2026-10-05T23:39:15,2026-10-05T23:39:15,2026-10-05T23:39:15
5274,信驊,2022-03-08,2690.0,5.0,0.19%,,,,,,,,,ShowDailyK_ChartFlow,FinMind_API_TaiwanStockPrice_5274,True,2026-10-05T23:39:15,2026-10-05T23:39:15,2026-10-05T23:39:15
5274,信驊,2022-03-09,2855.0,165.0,6.13%,,,,,,,,,ShowDailyK_ChartFlow,FinMind_API_TaiwanStockPrice_5274,True,2026-10-05T23:39:15,2026-10-05T23:39:15,2026-10-05T23:39:15
5274,信驊,2022-03-10,2955.0,100.0,3.50%,,,,,,,,,ShowDailyK_ChartFlow,FinMind_API_TaiwanStockPrice_5274,True,2026-10-05T23:39:15,2026-10-05T23:39:15,2026-10-05T23:39:15
5274,信驊,2022-03-11,2900.0,-55.0,-1.86%,,,,,,,,,ShowDailyK_ChartFlow,FinMind_API_TaiwanStockPrice_5274,True,2026-10-05T23:39:15,2026-10-05T23:39:15,2026-10-05T23:39:15
5274,信驊,2022-03-14,2685.0,-215.0,-7.41%,,,,,,,,,ShowDailyK_ChartFlow,FinMind_API_TaiwanStockPrice_5274,True,2026-10-05T23:39:15,2026-10-05T23:39:15,2026-10-05T23:39:15
5274,信驊,2022-03-15,2655.0,-30.0,-1.12%,,,,,,,,,ShowDailyK_ChartFlow,FinMind_API_TaiwanStockPrice_5274,True,2026-10-05T23:39:15,2026-10-05T23:39:15,2026-10-05T23:39:15
5274,信驊,2022-03-16,2715.0,60.0,2.26%,,,,,,,,,ShowDailyK_ChartFlow,FinMind_API_TaiwanStockPrice_5274,True,2026-10-05T23:39:15,2026-10-05T23:39:15,2026-10-05T23:39:15
5274,信驊,2022-03-17,2950.0,235.0,8.66%,,,,,,,,,ShowDailyK_ChartFlow,FinMind_API_TaiwanStockPrice_5274,True,2026-10-05T23:39:15,2026-10-05T23:39:15,2026-10-05T23:39:15
5274,信驊,2022-03-18,2955.0,5.0,0.17%,,,,,,,,,ShowDailyK_ChartFlow,FinMind_API_TaiwanStockPrice_5274,True,2026-10-05T23:39:15,2026-10-05T23:39:15,2026-10-05T23:39:15
5274,信驊,2022-03-21,2920.0,-35.0,-1.18%,,,,,,,,,ShowDailyK_ChartFlow,FinMind_API_TaiwanStockPrice_5274,True,2026-10-05T23:39:15,2026-10-05T23:39:15,2026-10-05T23:39:15
5274,信驊,2022-03-22,2985.0,65.0,2.23%,,,,,,,,,ShowDailyK_ChartFlow,FinMind_API_TaiwanStockPrice_5274,True,2026-10-05T23:39:15,2026-10-05T23:39:15,2026-10-05T23:39:15
5274,信驊,2022-03-23,3030.0,45.0,1.51%,,,,,,,,,ShowDailyK_ChartFlow,FinMind_API_TaiwanStockPrice_5274,True,2026-10-05T23:39:15,2026-10-05T23:39:15,2026-10-05T23:39:15
5274,信驊,2022-03-24,3040.0,10.0,0.33%,,,,,,,,,ShowDailyK_ChartFlow,FinMind_API_TaiwanStockPrice_5274,True,2026-10-05T23:39:15,2026-10-05T23:39:15,2026-10-05T23:39:15
5274,信驊,2022-03-25,2980.0,-60.0,-1.97%,,,,,,,,,ShowDailyK_ChartFlow,FinMind_API_TaiwanStockPrice_5274,True,2026-10-05T23:39:15,2026-10-05T23:39:15,2026-10-05T23:39:15
5274,信驊,2022-03-28,3070.0,90.0,3.02%,,,,,,,,,ShowDailyK_ChartFlow,FinMind_API_TaiwanStockPrice_5274,True,2026-10-05T23:39:15,2026-10-05T23:39:15,2026-10-05T23:39:15
5274,信驊,2022-03-29,3280.0,210.0,6.84%,,,,,,,,,ShowDailyK_ChartFlow,FinMind_API_TaiwanStockPrice_5274,True,2026-10-05T23:39:15,2026-10-05T23:39:15,2026-10-05T23:39:15
5274,信驊,2022-03-30,3230.0,-50.0,-1.52%,,,,,,,,,ShowDailyK_ChartFlow,FinMind_API_TaiwanStockPrice_5274,True,2026-10-05T23:39:15,2026-10-05T23:39:15,2026-10-05T23:39:15
5274,信驊,2022-03-31,3260.0,30.0,0.93%,,,,,,,,,ShowDailyK_ChartFlow,FinMind_API_TaiwanStockPrice_5274,True,2026-10-05T23:39:15,2026-10-05T23:39:15,2026-10-05T23:39:15
5274,信驊,2022-04-01,3315.0,55.0,1.69%,,,,,,,,,ShowDailyK_ChartFlow,FinMind_API_TaiwanStockPrice_5274,True,2026-10-05T23:39:15,2026-10-05T23:39:15,2026-10-05T23:39:15
5274,信驊,2022-04-06,3330.0,15.0,0.45%,,,,,,,,,ShowDailyK_ChartFlow,FinMind_API_TaiwanStockPrice_5274,True,2026-10-05T23:39:15,2026-10-05T23:39:15,2026-10-05T23:39:15
5274,信驊,2022-04-07,3080.0,-250.0,-7.51%,,,,,,,,,ShowDailyK_ChartFlow,FinMind_API_TaiwanStockPrice_5274,True,2026-10-05T23:39:15,2026-10-05T23:39:15,2026-10-05T23:39:15
5274,信驊,2022-04-08,3015.0,-65.0,-2.11%,,,,,,,,,ShowDailyK_ChartFlow,FinMind_API_TaiwanStockPrice_5274,True,2026-10-05T23:39:15,2026-10-05T23:39:15,2026-10-05T23:39:15
5274,信驊,2022-04-11,3130.0,115.0,3.81%,,,,,,,,,ShowDailyK_ChartFlow,FinMind_API_TaiwanStockPrice_5274,True,2026-10-05T23:39:15,2026-10-05T23:39:15,2026-10-05T23:39:15
5274,信驊,2022-04-12,3030.0,-100.0,-3.19%,,,,,,,,,ShowDailyK_ChartFlow,FinMind_API_TaiwanStockPrice_5274,True,2026-10-05T23:39:15,2026-10-05T23:39:15,2026-10-05T23:39:15
5274,信驊,2022-04-13,3270.0,240.0,7.92%,,,,,,,,,ShowDailyK_ChartFlow,FinMind_API_TaiwanStockPrice_5274,True,2026-10-05T23:39:15,2026-10-05T23:39:15,2026-10-05T23:39:15
5274,信驊,2022-04-14,3325.0,55.0,1.68%,,,,,,,,,ShowDailyK_ChartFlow,FinMind_API_TaiwanStockPrice_5274,True,2026-10-05T23:39:15,2026-10-05T23:39:15,2026-10-05T23:39:15
5274,信驊,2022-04-15,3205.0,-120.0,-3.61%,,,,,,,,,ShowDailyK_ChartFlow,FinMind_API_TaiwanStockPrice_5274,True,2026-10-05T23:39:15,2026-10-05T23:39:15,2026-10-05T23:39:15
5274,信驊,2022-04-18,3250.0,45.0,1.40%,,,,,,,,,ShowDailyK_ChartFlow,FinMind_API_TaiwanStockPrice_5274,True,2026-10-05T23:39:15,2026-10-05T23:39:15,2026-10-05T23:39:15
5274,信驊,2022-04-19,3250.0,0.0,0.00%,,,,,,,,,ShowDailyK_ChartFlow,FinMind_API_TaiwanStockPrice_5274,True,2026-10-05T23:39:15,2026-10-05T23:39:15,2026-10-05T23:39:15
5274,信驊,2022-04-20,3100.0,-150.0,-4.62%,,,,,,,,,ShowDailyK_ChartFlow,FinMind_API_TaiwanStockPrice_5274,True,2026-10-05T23:39:15,2026-10-05T23:39:15,2026-10-05T23:39:15
5274,信驊,2022-04-21,3030.0,-70.0,-2.26%,,,,,,,,,ShowDailyK_ChartFlow,FinMind_API_TaiwanStockPrice_5274,True,2026-10-05T23:39:15,2026-10-05T23:39:15,2026-10-05T23:39:15
5274,信驊,2022-04-22,2760.0,-270.0,-8.91%,,,,,,,,,ShowDailyK_ChartFlow,FinMind_API_TaiwanStockPrice_5274,True,2026-10-05T23:39:15,2026-10-05T23:39:15,2026-10-05T23:39:15
5274,信驊,2022-04-25,2585.0,-175.0,-6.34%,,,,,,,,,ShowDailyK_ChartFlow,FinMind_API_TaiwanStockPrice_5274,True,2026-10-05T23:39:15,2026-10-05T23:39:15,2026-10-05T23:39:15
5274,信驊,2022-04-26,2485.0,-100.0,-3.87%,,,,,,,,,ShowDailyK_ChartFlow,FinMind_API_TaiwanStockPrice_5274,True,2026-10-05T23:39:15,2026-10-05T23:39:15,2026-10-05T23:39:15
5274,信驊,2022-04-27,2540.0,55.0,2.21%,,,,,,,,,ShowDailyK_ChartFlow,FinMind_API_TaiwanStockPrice_5274,True,2026-10-05T23:39:15,2026-10-05T23:39:15,2026-10-05T23:39:15
5274,信驊,2022-04-28,2700.0,160.0,6.30%,,,,,,,,,ShowDailyK_ChartFlow,FinMind_API_TaiwanStockPrice_5274,True,2026-10-05T23:39:15,2026-10-05T23:39:15,2026-10-05T23:39:15
5274,信驊,2022-04-29,2650.0,-50.0,-1.85%,,,,,,,,,ShowDailyK_ChartFlow,FinMind_API_TaiwanStockPrice_5274,True,2026-10-05T23:39:15,2026-10-05T23:39:15,2026-10-05T23:39:15
5274,信驊,2022-05-03,2800.0,150.0,5.66%,,,,,,,,,ShowDailyK_ChartFlow,FinMind_API_TaiwanStockPrice_5274,True,2026-10-05T23:39:15,2026-10-05T23:39:15,2026-10-05T23:39:15
5274,信驊,2022-05-04,2700.0,-100.0,-3.57%,,,,,,,,,ShowDailyK_ChartFlow,FinMind_API_TaiwanStockPrice_5274,True,2026-10-05T23:39:15,2026-10-05T23:39:15,2026-10-05T23:39:15
5274,信驊,2022-05-05,2735.0,35.0,1.30%,,,,,,,,,ShowDailyK_ChartFlow,FinMind_API_TaiwanStockPrice_5274,True,2026-10-05T23:39:15,2026-10-05T23:39:15,2026-10-05T23:39:15
5274,信驊,2022-05-06,2540.0,-195.0,-7.13%,,,,,,,,,ShowDailyK_ChartFlow,FinMind_API_TaiwanStockPrice_5274,True,2026-10-05T23:39:15,2026-10-05T23:39:15,2026-10-05T23:39:15
5274,信驊,2022-05-09,2430.0,-110.0,-4.33%,,,,,,,,,ShowDailyK_ChartFlow,FinMind_API_TaiwanStockPrice_5274,True,2026-10-05T23:39:15,2026-10-05T23:39:15,2026-10-05T23:39:15
5274,信驊,2022-05-10,2500.0,70.0,2.88%,,,,,,,,,ShowDailyK_ChartFlow,FinMind_API_TaiwanStockPrice_5274,True,2026-10-05T23:39:15,2026-10-05T23:39:15,2026-10-05T23:39:15
5274,信驊,2022-05-11,2430.0,-70.0,-2.80%,,,,,,,,,ShowDailyK_ChartFlow,FinMind_API_TaiwanStockPrice_5274,True,2026-10-05T23:39:15,2026-10-05T23:39:15,2026-10-05T23:39:15
5274,信驊,2022-05-12,2440.0,10.0,0.41%,,,,,,,,,ShowDailyK_ChartFlow,FinMind_API_TaiwanStockPrice_5274,True,2026-10-05T23:39:15,2026-10-05T23:39:15,2026-10-05T23:39:15
5274,信驊,2022-05-13,2525.0,85.0,3.48%,,,,,,,,,ShowDailyK_ChartFlow,FinMind_API_TaiwanStockPrice_5274,True,2026-10-05T23:39:15,2026-10-05T23:39:15,2026-10-05T23:39:15
5274,信驊,2022-05-16,2545.0,20.0,0.79%,,,,,,,,,ShowDailyK_ChartFlow,FinMind_API_TaiwanStockPrice_5274,True,2026-10-05T23:39:15,2026-10-05T23:39:15,2026-10-05T23:39:15
5274,信驊,2022-05-17,2575.0,30.0,1.18%,,,,,,,,,ShowDailyK_ChartFlow,FinMind_API_TaiwanStockPrice_5274,True,2026-10-05T23:39:15,2026-10-05T23:39:15,2026-10-05T23:39:15
5274,信驊,2022-05-18,2630.0,55.0,2.14%,,,,,,,,,ShowDailyK_ChartFlow,FinMind_API_TaiwanStockPrice_5274,True,2026-10-05T23:39:15,2026-10-05T23:39:15,2026-10-05T23:39:15
5274,信驊,2022-05-19,2530.0,-100.0,-3.80%,,,,,,,,,ShowDailyK_ChartFlow,FinMind_API_TaiwanStockPrice_5274,True,2026-10-05T23:39:15,2026-10-05T23:39:15,2026-10-05T23:39:15
5274,信驊,2022-05-20,2380.0,-150.0,-5.93%,,,,,,,,,ShowDailyK_ChartFlow,FinMind_API_TaiwanStockPrice_5274,True,2026-10-05T23:39:15,2026-10-05T23:39:15,2026-10-05T23:39:15
5274,信驊,2022-05-23,2335.0,-45.0,-1.89%,,,,,,,,,ShowDailyK_ChartFlow,FinMind_API_TaiwanStockPrice_5274,True,2026-10-05T23:39:15,2026-10-05T23:39:15,2026-10-05T23:39:15
5274,信驊,2022-05-24,2150.0,-185.0,-7.92%,,,,,,,,,ShowDailyK_ChartFlow,FinMind_API_TaiwanStockPrice_5274,True,2026-10-05T23:39:15,2026-10-05T23:39:15,2026-10-05T23:39:15
5274,信驊,2022-05-25,2150.0,0.0,0.00%,,,,,,,,,ShowDailyK_ChartFlow,FinMind_API_TaiwanStockPrice_5274,True,2026-10-05T23:39:15,2026-10-05T23:39:15,2026-10-05T23:39:15
5274,信驊,2022-05-26,1970.0,-180.0,-8.37%,,,,,,,,,ShowDailyK_ChartFlow,FinMind_API_TaiwanStockPrice_5274,True,2026-10-05T23:39:15,2026-10-05T23:39:15,2026-10-05T23:39:15
5274,信驊,2022-05-27,2160.0,190.0,9.64%,,,,,,,,,ShowDailyK_ChartFlow,FinMind_API_TaiwanStockPrice_5274,True,2026-10-05T23:39:15,2026-10-05T23:39:15,2026-10-05T23:39:15
5274,信驊,2022-05-30,2270.0,110.0,5.09%,,,,,,,,,ShowDailyK_ChartFlow,FinMind_API_TaiwanStockPrice_5274,True,2026-10-05T23:39:15,2026-10-05T23:39:15,2026-10-05T23:39:15
5274,信驊,2022-05-31,2325.0,55.0,2.42%,,,,,,,,,ShowDailyK_ChartFlow,FinMind_API_TaiwanStockPrice_5274,True,2026-10-05T23:39:15,2026-10-05T23:39:15,2026-10-05T23:39:15
5274,信驊,2022-06-01,2300.0,-25.0,-1.08%,,,,,,,,,ShowDailyK_ChartFlow,FinMind_API_TaiwanStockPrice_5274,True,2026-10-05T23:39:15,2026-10-05T23:39:15,2026-10-05T23:39:15
5274,信驊,2022-06-02,2305.0,5.0,0.22%,,,,,,,,,ShowDailyK_ChartFlow,FinMind_API_TaiwanStockPrice_5274,True,2026-10-05T23:39:15,2026-10-05T23:39:15,2026-10-05T23:39:15
5274,信驊,2022-06-06,2375.0,70.0,3.04%,,,,,,,,,ShowDailyK_ChartFlow,FinMind_API_TaiwanStockPrice_5274,True,2026-10-05T23:39:15,2026-10-05T23:39:15,2026-10-05T23:39:15
5274,信驊,2022-06-07,2350.0,-25.0,-1.05%,,,,,,,,,ShowDailyK_ChartFlow,FinMind_API_TaiwanStockPrice_5274,True,2026-10-05T23:39:15,2026-10-05T23:39:15,2026-10-05T23:39:15
5274,信驊,2022-06-08,2435.0,85.0,3.62%,,,,,,,,,ShowDailyK_ChartFlow,FinMind_API_TaiwanStockPrice_5274,True,2026-10-05T23:39:15,2026-10-05T23:39:15,2026-10-05T23:39:15
5274,信驊,2022-06-09,2445.0,10.0,0.41%,,,,,,,,,ShowDailyK_ChartFlow,FinMind_API_TaiwanStockPrice_5274,True,2026-10-05T23:39:15,2026-10-05T23:39:15,2026-10-05T23:39:15
5274,信驊,2022-06-10,2465.0,20.0,0.82%,,,,,,,,,ShowDailyK_ChartFlow,FinMind_API_TaiwanStockPrice_5274,True,2026-10-05T23:39:15,2026-10-05T23:39:15,2026-10-05T23:39:15
5274,信驊,2022-06-13,2335.0,-130.0,-5.27%,,,,,,,,,ShowDailyK_ChartFlow,FinMind_API_TaiwanStockPrice_5274,True,2026-10-05T23:39:15,2026-10-05T23:39:15,2026-10-05T23:39:15
5274,信驊,2022-06-14,2250.0,-85.0,-3.64%,,,,,,,,,ShowDailyK_ChartFlow,FinMind_API_TaiwanStockPrice_5274,True,2026-10-05T23:39:15,2026-10-05T23:39:15,2026-10-05T23:39:15
5274,信驊,2022-06-15,2290.0,40.0,1.78%,,,,,,,,,ShowDailyK_ChartFlow,FinMind_API_TaiwanStockPrice_5274,True,2026-10-05T23:39:15,2026-10-05T23:39:15,2026-10-05T23:39:15
5274,信驊,2022-06-16,2300.0,10.0,0.44%,,,,,,,,,ShowDailyK_ChartFlow,FinMind_API_TaiwanStockPrice_5274,True,2026-10-05T23:39:15,2026-10-05T23:39:15,2026-10-05T23:39:15
5274,信驊,2022-06-17,2150.0,-150.0,-6.52%,,,,,,,,,ShowDailyK_ChartFlow,FinMind_API_TaiwanStockPrice_5274,True,2026-10-05T23:39:15,2026-10-05T23:39:15,2026-10-05T23:39:15
5274,信驊,2022-06-20,2155.0,5.0,0.23%,,,,,,,,,ShowDailyK_ChartFlow,FinMind_API_TaiwanStockPrice_5274,True,2026-10-05T23:39:15,2026-10-05T23:39:15,2026-10-05T23:39:15
5274,信驊,2022-06-21,2230.0,75.0,3.48%,,,,,,,,,ShowDailyK_ChartFlow,FinMind_API_TaiwanStockPrice_5274,True,2026-10-05T23:39:15,2026-10-05T23:39:15,2026-10-05T23:39:15
5274,信驊,2022-06-22,2175.0,-55.0,-2.47%,,,,,,,,,ShowDailyK_ChartFlow,FinMind_API_TaiwanStockPrice_5274,True,2026-10-05T23:39:15,2026-10-05T23:39:15,2026-10-05T23:39:15
5274,信驊,2022-06-23,2245.0,70.0,3.22%,,,,,,,,,ShowDailyK_ChartFlow,FinMind_API_TaiwanStockPrice_5274,True,2026-10-05T23:39:15,2026-10-05T23:39:15,2026-10-05T23:39:15
5274,信驊,2022-06-24,2255.0,10.0,0.45%,,,,,,,,,ShowDailyK_ChartFlow,FinMind_API_TaiwanStockPrice_5274,True,2026-10-05T23:39:15,2026-10-05T23:39:15,2026-10-05T23:39:15
5274,信驊,2022-06-27,2365.0,110.0,4.88%,,,,,,,,,ShowDailyK_ChartFlow,FinMind_API_TaiwanStockPrice_5274,True,2026-10-05T23:39:15,2026-10-05T23:39:15,2026-10-05T23:39:15
5274,信驊,2022-06-28,2125.0,-240.0,-10.15%,,,,,,,,,ShowDailyK_ChartFlow,FinMind_API_TaiwanStockPrice_5274,True,2026-10-05T23:39:15,2026-10-05T23:39:15,2026-10-05T23:39:15
5274,信驊,2022-06-29,2000.0,-125.0,-5.88%,,,,,,,,,ShowDailyK_ChartFlow,FinMind_API_TaiwanStockPrice_5274,True,2026-10-05T23:39:15,2026-10-05T23:39:15,2026-10-05T23:39:15
5274,信驊,2022-06-30,1900.0,-100.0,-5.00%,,,,,,,,,ShowDailyK_ChartFlow,FinMind_API_TaiwanStockPrice_5274,True,2026-10-05T23:39:15,2026-10-05T23:39:15,2026-10-05T23:39:15
5274,信驊,2022-07-01,1725.0,-175.0,-9.21%,,,,,,,,,ShowDailyK_ChartFlow,FinMind_API_TaiwanStockPrice_5274,True,2026-10-05T23:39:15,2026-10-05T23:39:15,2026-10-05T23:39:15
5274,信驊,2022-07-04,1685.0,-40.0,-2.32%,,,,,,,,,ShowDailyK_ChartFlow,FinMind_API_TaiwanStockPrice_5274,True,2026-10-05T23:39:15,2026-10-05T23:39:15,2026-10-05T23:39:15
5274,信驊,2022-07-05,1700.0,15.0,0.89%,,,,,,,,,ShowDailyK_ChartFlow,FinMind_API_TaiwanStockPrice_5274,True,2026-10-05T23:39:15,2026-10-05T23:39:15,2026-10-05T23:39:15
5274,信驊,2022-07-06,1610.0,-90.0,-5.29%,,,,,,,,,ShowDailyK_ChartFlow,FinMind_API_TaiwanStockPrice_5274,True,2026-10-05T23:39:15,2026-10-05T23:39:15,2026-10-05T23:39:15
5274,信驊,2022-07-07,1710.0,100.0,6.21%,,,,,,,,,ShowDailyK_ChartFlow,FinMind_API_TaiwanStockPrice_5274,True,2026-10-05T23:39:15,2026-10-05T23:39:15,2026-10-05T23:39:15
5274,信驊,2022-07-08,1755.0,45.0,2.63%,,,,,,,,,ShowDailyK_ChartFlow,FinMind_API_TaiwanStockPrice_5274,True,2026-10-05T23:39:15,2026-10-05T23:39:15,2026-10-05T23:39:15
5274,信驊,2022-07-11,1655.0,-100.0,-5.70%,,,,,,,,,ShowDailyK_ChartFlow,FinMind_API_TaiwanStockPrice_5274,True,2026-10-05T23:39:15,2026-10-05T23:39:15,2026-10-05T23:39:15
5274,信驊,2022-07-12,1590.0,-65.0,-3.93%,,,,,,,,,ShowDailyK_ChartFlow,FinMind_API_TaiwanStockPrice_5274,True,2026-10-05T23:39:15,2026-10-05T23:39:15,2026-10-05T23:39:15
5274,信驊,2022-07-13,1700.0,110.0,6.92%,,,,,,,,,ShowDailyK_ChartFlow,FinMind_API_TaiwanStockPrice_5274,True,2026-10-05T23:39:15,2026-10-05T23:39:15,2026-10-05T23:39:15
5274,信驊,2022-07-14,1845.0,145.0,8.53%,,,,,,,,,ShowDailyK_ChartFlow,FinMind_API_TaiwanStockPrice_5274,True,2026-10-05T23:39:15,2026-10-05T23:39:15,2026-10-05T23:39:15
5274,信驊,2022-07-15,1815.0,-30.0,-1.63%,,,,,,,,,ShowDailyK_ChartFlow,FinMind_API_TaiwanStockPrice_5274,True,2026-10-05T23:39:15,2026-10-05T23:39:15,2026-10-05T23:39:15
5274,信驊,2022-07-18,1890.0,75.0,4.13%,,,,,,,,,ShowDailyK_ChartFlow,FinMind_API_TaiwanStockPrice_5274,True,2026-10-05T23:39:15,2026-10-05T23:39:15,2026-10-05T23:39:15
5274,信驊,2022-07-19,1735.0,-155.0,-8.20%,,,,,,,,,ShowDailyK_ChartFlow,FinMind_API_TaiwanStockPrice_5274,True,2026-10-05T23:39:15,2026-10-05T23:39:15,2026-10-05T23:39:15
5274,信驊,2022-07-20,1800.0,65.0,3.75%,,,,,,,,,ShowDailyK_ChartFlow,FinMind_API_TaiwanStockPrice_5274,True,2026-10-05T23:39:15,2026-10-05T23:39:15,2026-10-05T23:39:15
5274,信驊,2022-07-21,1880.0,80.0,4.44%,,,,,,,,,ShowDailyK_ChartFlow,FinMind_API_TaiwanStockPrice_5274,True,2026-10-05T23:39:15,2026-10-05T23:39:15,2026-10-05T23:39:15
5274,信驊,2022-07-22,1815.0,-65.0,-3.46%,,,,,,,,,ShowDailyK_ChartFlow,FinMind_API_TaiwanStockPrice_5274,True,2026-10-05T23:39:15,2026-10-05T23:39:15,2026-10-05T23:39:15
5274,信驊,2022-07-25,1805.0,-10.0,-0.55%,,,,,,,,,ShowDailyK_ChartFlow,FinMind_API_TaiwanStockPrice_5274,True,2026-10-05T23:39:15,2026-10-05T23:39:15,2026-10-05T23:39:15
5274,信驊,2022-07-26,1730.0,-75.0,-4.16%,,,,,,,,,ShowDailyK_ChartFlow,FinMind_API_TaiwanStockPrice_5274,True,2026-10-05T23:39:15,2026-10-05T23:39:15,2026-10-05T23:39:15
5274,信驊,2022-07-27,1860.0,130.0,7.51%,,,,,,,,,ShowDailyK_ChartFlow,FinMind_API_TaiwanStockPrice_5274,True,2026-10-05T23:39:15,2026-10-05T23:39:15,2026-10-05T23:39:15
5274,信驊,2022-07-28,1835.0,-25.0,-1.34%,,,,,,,,,ShowDailyK_ChartFlow,FinMind_API_TaiwanStockPrice_5274,True,2026-10-05T23:39:15,2026-10-05T23:39:15,2026-10-05T23:39:15
5274,信驊,2022-07-29,1925.0,90.0,4.90%,,,,,,,,,ShowDailyK_ChartFlow,FinMind_API_TaiwanStockPrice_5274,True,2026-10-05T23:39:15,2026-10-05T23:39:15,2026-10-05T23:39:15
5274,信驊,2022-08-01,1825.0,-100.0,-5.19%,,,,,,,,,ShowDailyK_ChartFlow,FinMind_API_TaiwanStockPrice_5274,True,2026-10-05T23:39:15,2026-10-05T23:39:15,2026-10-05T23:39:15
5274,信驊,2022-08-02,1775.0,-50.0,-2.74%,,,,,,,,,ShowDailyK_ChartFlow,FinMind_API_TaiwanStockPrice_5274,True,2026-10-05T23:39:15,2026-10-05T23:39:15,2026-10-05T23:39:15
5274,信驊,2022-08-03,1805.0,30.0,1.69%,,,,,,,,,ShowDailyK_ChartFlow,FinMind_API_TaiwanStockPrice_5274,True,2026-10-05T23:39:15,2026-10-05T23:39:15,2026-10-05T23:39:15
5274,信驊,2022-08-04,1760.0,-45.0,-2.49%,,,,,,,,,ShowDailyK_ChartFlow,FinMind_API_TaiwanStockPrice_5274,True,2026-10-05T23:39:15,2026-10-05T23:39:15,2026-10-05T23:39:15
5274,信驊,2022-08-05,1890.0,130.0,7.39%,,,,,,,,,ShowDailyK_ChartFlow,FinMind_API_TaiwanStockPrice_5274,True,2026-10-05T23:39:15,2026-10-05T23:39:15,2026-10-05T23:39:15
5274,信驊,2022-08-08,1795.0,-95.0,-5.03%,,,,,,,,,ShowDailyK_ChartFlow,FinMind_API_TaiwanStockPrice_5274,True,2026-10-05T23:39:15,2026-10-05T23:39:15,2026-10-05T23:39:15
5274,信驊,2022-08-09,1725.0,-70.0,-3.90%,,,,,,,,,ShowDailyK_ChartFlow,FinMind_API_TaiwanStockPrice_5274,True,2026-10-05T23:39:15,2026-10-05T23:39:15,2026-10-05T23:39:15
5274,信驊,2022-08-10,1585.0,-140.0,-8.12%,,,,,,,,,ShowDailyK_ChartFlow,FinMind_API_TaiwanStockPrice_5274,True,2026-10-05T23:39:15,2026-10-05T23:39:15,2026-10-05T23:39:15
5274,信驊,2022-08-11,1650.0,65.0,4.10%,,,,,,,,,ShowDailyK_ChartFlow,FinMind_API_TaiwanStockPrice_5274,True,2026-10-05T23:39:15,2026-10-05T23:39:15,2026-10-05T23:39:15
5274,信驊,2022-08-12,1755.0,105.0,6.36%,,,,,,,,,ShowDailyK_ChartFlow,FinMind_API_TaiwanStockPrice_5274,True,2026-10-05T23:39:15,2026-10-05T23:39:15,2026-10-05T23:39:15
5274,信驊,2022-08-15,1930.0,175.0,9.97%,,,,,,,,,ShowDailyK_ChartFlow,FinMind_API_TaiwanStockPrice_5274,True,2026-10-05T23:39:15,2026-10-05T23:39:15,2026-10-05T23:39:15
5274,信驊,2022-08-16,1925.0,-5.0,-0.26%,,,,,,,,,ShowDailyK_ChartFlow,FinMind_API_TaiwanStockPrice_5274,True,2026-10-05T23:39:15,2026-10-05T23:39:15,2026-10-05T23:39:15
5274,信驊,2022-08-17,1910.0,-15.0,-0.78%,,,,,,,,,ShowDailyK_ChartFlow,FinMind_API_TaiwanStockPrice_5274,True,2026-10-05T23:39:15,2026-10-05T23:39:15,2026-10-05T23:39:15
5274,信驊,2022-08-18,1935.0,25.0,1.31%,,,,,,,,,ShowDailyK_ChartFlow,FinMind_API_TaiwanStockPrice_5274,True,2026-10-05T23:39:15,2026-10-05T23:39:15,2026-10-05T23:39:15
5274,信驊,2022-08-19,1960.0,25.0,1.29%,,,,,,,,,ShowDailyK_ChartFlow,FinMind_API_TaiwanStockPrice_5274,True,2026-10-05T23:39:15,2026-10-05T23:39:15,2026-10-05T23:39:15
5274,信驊,2022-08-22,1835.0,-125.0,-6.38%,,,,,,,,,ShowDailyK_ChartFlow,FinMind_API_TaiwanStockPrice_5274,True,2026-10-05T23:39:15,2026-10-05T23:39:15,2026-10-05T23:39:15
5274,信驊,2022-08-23,1865.0,30.0,1.63%,,,,,,,,,ShowDailyK_ChartFlow,FinMind_API_TaiwanStockPrice_5274,True,2026-10-05T23:39:15,2026-10-05T23:39:15,2026-10-05T23:39:15
5274,信驊,2022-08-24,1980.0,115.0,6.17%,,,,,,,,,ShowDailyK_ChartFlow,FinMind_API_TaiwanStockPrice_5274,True,2026-10-05T23:39:15,2026-10-05T23:39:15,2026-10-05T23:39:15
5274,信驊,2022-08-25,1970.0,-10.0,-0.51%,,,,,,,,,ShowDailyK_ChartFlow,FinMind_API_TaiwanStockPrice_5274,True,2026-10-05T23:39:15,2026-10-05T23:39:15,2026-10-05T23:39:15
5274,信驊,2022-08-26,2150.0,180.0,9.14%,,,,,,,,,ShowDailyK_ChartFlow,FinMind_API_TaiwanStockPrice_5274,True,2026-10-05T23:39:15,2026-10-05T23:39:15,2026-10-05T23:39:15
5274,信驊,2022-08-29,2040.0,-110.0,-5.12%,,,,,,,,,ShowDailyK_ChartFlow,FinMind_API_TaiwanStockPrice_5274,True,2026-10-05T23:39:15,2026-10-05T23:39:15,2026-10-05T23:39:15
5274,信驊,2022-08-30,2045.0,5.0,0.25%,,,,,,,,,ShowDailyK_ChartFlow,FinMind_API_TaiwanStockPrice_5274,True,2026-10-05T23:39:15,2026-10-05T23:39:15,2026-10-05T23:39:15
5274,信驊,2022-08-31,2035.0,-10.0,-0.49%,,,,,,,,,ShowDailyK_ChartFlow,FinMind_API_TaiwanStockPrice_5274,True,2026-10-05T23:39:15,2026-10-05T23:39:15,2026-10-05T23:39:15
5274,信驊,2022-09-01,1965.0,-70.0,-3.44%,,,,,,,,,ShowDailyK_ChartFlow,FinMind_API_TaiwanStockPrice_5274,True,2026-10-05T23:39:15,2026-10-05T23:39:15,2026-10-05T23:39:15
5274,信驊,2022-09-02,1875.0,-90.0,-4.58%,,,,,,,,,ShowDailyK_ChartFlow,FinMind_API_TaiwanStockPrice_5274,True,2026-10-05T23:39:15,2026-10-05T23:39:15,2026-10-05T23:39:15
5274,信驊,2022-09-05,1865.0,-10.0,-0.53%,,,,,,,,,ShowDailyK_ChartFlow,FinMind_API_TaiwanStockPrice_5274,True,2026-10-05T23:39:15,2026-10-05T23:39:15,2026-10-05T23:39:15
5274,信驊,2022-09-06,1825.0,-40.0,-2.14%,,,,,,,,,ShowDailyK_ChartFlow,FinMind_API_TaiwanStockPrice_5274,True,2026-10-05T23:39:15,2026-10-05T23:39:15,2026-10-05T23:39:15
5274,信驊,2022-09-07,1870.0,45.0,2.47%,,,,,,,,,ShowDailyK_ChartFlow,FinMind_API_TaiwanStockPrice_5274,True,2026-10-05T23:39:15,2026-10-05T23:39:15,2026-10-05T23:39:15
5274,信驊,2022-09-08,1975.0,105.0,5.61%,,,,,,,,,ShowDailyK_ChartFlow,FinMind_API_TaiwanStockPrice_5274,True,2026-10-05T23:39:15,2026-10-05T23:39:15,2026-10-05T23:39:15
5274,信驊,2022-09-12,2025.0,50.0,2.53%,,,,,,,,,ShowDailyK_ChartFlow,FinMind_API_TaiwanStockPrice_5274,True,2026-10-05T23:39:15,2026-10-05T23:39:15,2026-10-05T23:39:15
5274,信驊,2022-09-13,2120.0,95.0,4.69%,,,,,,,,,ShowDailyK_ChartFlow,FinMind_API_TaiwanStockPrice_5274,True,2026-10-05T23:39:15,2026-10-05T23:39:15,2026-10-05T23:39:15
5274,信驊,2022-09-14,2105.0,-15.0,-0.71%,,,,,,,,,ShowDailyK_ChartFlow,FinMind_API_TaiwanStockPrice_5274,True,2026-10-05T23:39:15,2026-10-05T23:39:15,2026-10-05T23:39:15
5274,信驊,2022-09-15,2075.0,-30.0,-1.43%,,,,,,,,,ShowDailyK_ChartFlow,FinMind_API_TaiwanStockPrice_5274,True,2026-10-05T23:39:15,2026-10-05T23:39:15,2026-10-05T23:39:15
5274,信驊,2022-09-16,1965.0,-110.0,-5.30%,,,,,,,,,ShowDailyK_ChartFlow,FinMind_API_TaiwanStockPrice_5274,True,2026-10-05T23:39:15,2026-10-05T23:39:15,2026-10-05T23:39:15
5274,信驊,2022-09-19,1860.0,-105.0,-5.34%,,,,,,,,,ShowDailyK_ChartFlow,FinMind_API_TaiwanStockPrice_5274,True,2026-10-05T23:39:15,2026-10-05T23:39:15,2026-10-05T23:39:15
5274,信驊,2022-09-20,1955.0,95.0,5.11%,,,,,,,,,ShowDailyK_ChartFlow,FinMind_API_TaiwanStockPrice_5274,True,2026-10-05T23:39:15,2026-10-05T23:39:15,2026-10-05T23:39:15
5274,信驊,2022-09-21,1940.0,-15.0,-0.77%,,,,,,,,,ShowDailyK_ChartFlow,FinMind_API_TaiwanStockPrice_5274,True,2026-10-05T23:39:15,2026-10-05T23:39:15,2026-10-05T23:39:15
5274,信驊,2022-09-22,1890.0,-50.0,-2.58%,,,,,,,,,ShowDailyK_ChartFlow,FinMind_API_TaiwanStockPrice_5274,True,2026-10-05T23:39:15,2026-10-05T23:39:15,2026-10-05T23:39:15
5274,信驊,2022-09-23,1775.0,-115.0,-6.08%,,,,,,,,,ShowDailyK_ChartFlow,FinMind_API_TaiwanStockPrice_5274,True,2026-10-05T23:39:15,2026-10-05T23:39:15,2026-10-05T23:39:15
5274,信驊,2022-09-26,1680.0,-95.0,-5.35%,,,,,,,,,ShowDailyK_ChartFlow,FinMind_API_TaiwanStockPrice_5274,True,2026-10-05T23:39:15,2026-10-05T23:39:15,2026-10-05T23:39:15
5274,信驊,2022-09-27,1735.0,55.0,3.27%,,,,,,,,,ShowDailyK_ChartFlow,FinMind_API_TaiwanStockPrice_5274,True,2026-10-05T23:39:15,2026-10-05T23:39:15,2026-10-05T23:39:15
5274,信驊,2022-09-28,1635.0,-100.0,-5.76%,,,,,,,,,ShowDailyK_ChartFlow,FinMind_API_TaiwanStockPrice_5274,True,2026-10-05T23:39:15,2026-10-05T23:39:15,2026-10-05T23:39:15
5274,信驊,2022-09-29,1650.0,15.0,0.92%,,,,,,,,,ShowDailyK_ChartFlow,FinMind_API_TaiwanStockPrice_5274,True,2026-10-05T23:39:15,2026-10-05T23:39:15,2026-10-05T23:39:15
5274,信驊,2022-09-30,1780.0,130.0,7.88%,,,,,,,,,ShowDailyK_ChartFlow,FinMind_API_TaiwanStockPrice_5274,True,2026-10-05T23:39:15,2026-10-05T23:39:15,2026-10-05T23:39:15
5274,信驊,2022-10-03,1700.0,-80.0,-4.49%,,,,,,,,,ShowDailyK_ChartFlow,FinMind_API_TaiwanStockPrice_5274,True,2026-10-05T23:39:15,2026-10-05T23:39:15,2026-10-05T23:39:15
5274,信驊,2022-10-04,1815.0,115.0,6.76%,,,,,,,,,ShowDailyK_ChartFlow,FinMind_API_TaiwanStockPrice_5274,True,2026-10-05T23:39:15,2026-10-05T23:39:15,2026-10-05T23:39:15
5274,信驊,2022-10-05,1930.0,115.0,6.34%,,,,,,,,,ShowDailyK_ChartFlow,FinMind_API_TaiwanStockPrice_5274,True,2026-10-05T23:39:15,2026-10-05T23:39:15,2026-10-05T23:39:15
5274,信驊,2022-10-06,1905.0,-25.0,-1.30%,,,,,,,,,ShowDailyK_ChartFlow,FinMind_API_TaiwanStockPrice_5274,True,2026-10-05T23:39:15,2026-10-05T23:39:15,2026-10-05T23:39:15
5274,信驊,2022-10-07,1790.0,-115.0,-6.04%,,,,,,,,,ShowDailyK_ChartFlow,FinMind_API_TaiwanStockPrice_5274,True,2026-10-05T23:39:15,2026-10-05T23:39:15,2026-10-05T23:39:15
5274,信驊,2022-10-11,1665.0,-125.0,-6.98%,,,,,,,,,ShowDailyK_ChartFlow,FinMind_API_TaiwanStockPrice_5274,True,2026-10-05T23:39:15,2026-10-05T23:39:15,2026-10-05T23:39:15
5274,信驊,2022-10-12,1685.0,20.0,1.20%,,,,,,,,,ShowDailyK_ChartFlow,FinMind_API_TaiwanStockPrice_5274,True,2026-10-05T23:39:15,2026-10-05T23:39:15,2026-10-05T23:39:15
5274,信驊,2022-10-13,1665.0,-20.0,-1.19%,,,,,,,,,ShowDailyK_ChartFlow,FinMind_API_TaiwanStockPrice_5274,True,2026-10-05T23:39:15,2026-10-05T23:39:15,2026-10-05T23:39:15
5274,信驊,2022-10-14,1690.0,25.0,1.50%,,,,,,,,,ShowDailyK_ChartFlow,FinMind_API_TaiwanStockPrice_5274,True,2026-10-05T23:39:15,2026-10-05T23:39:15,2026-10-05T23:39:15
5274,信驊,2022-10-17,1660.0,-30.0,-1.78%,,,,,,,,,ShowDailyK_ChartFlow,FinMind_API_TaiwanStockPrice_5274,True,2026-10-05T23:39:15,2026-10-05T23:39:15,2026-10-05T23:39:15
5274,信驊,2022-10-18,1620.0,-40.0,-2.41%,,,,,,,,,ShowDailyK_ChartFlow,FinMind_API_TaiwanStockPrice_5274,True,2026-10-05T23:39:15,2026-10-05T23:39:15,2026-10-05T23:39:15
5274,信驊,2022-10-19,1585.0,-35.0,-2.16%,,,,,,,,,ShowDailyK_ChartFlow,FinMind_API_TaiwanStockPrice_5274,True,2026-10-05T23:39:15,2026-10-05T23:39:15,2026-10-05T23:39:15
5274,信驊,2022-10-20,1620.0,35.0,2.21%,,,,,,,,,ShowDailyK_ChartFlow,FinMind_API_TaiwanStockPrice_5274,True,2026-10-05T23:39:15,2026-10-05T23:39:15,2026-10-05T23:39:15
5274,信驊,2022-10-21,1540.0,-80.0,-4.94%,,,,,,,,,ShowDailyK_ChartFlow,FinMind_API_TaiwanStockPrice_5274,True,2026-10-05T23:39:15,2026-10-05T23:39:15,2026-10-05T23:39:15
5274,信驊,2022-10-24,1510.0,-30.0,-1.95%,,,,,,,,,ShowDailyK_ChartFlow,FinMind_API_TaiwanStockPrice_5274,True,2026-10-05T23:39:15,2026-10-05T23:39:15,2026-10-05T23:39:15
5274,信驊,2022-10-25,1465.0,-45.0,-2.98%,,,,,,,,,ShowDailyK_ChartFlow,FinMind_API_TaiwanStockPrice_5274,True,2026-10-05T23:39:15,2026-10-05T23:39:15,2026-10-05T23:39:15
5274,信驊,2022-10-26,1490.0,25.0,1.71%,,,,,,,,,ShowDailyK_ChartFlow,FinMind_API_TaiwanStockPrice_5274,True,2026-10-05T23:39:15,2026-10-05T23:39:15,2026-10-05T23:39:15
5274,信驊,2022-10-27,1635.0,145.0,9.73%,,,,,,,,,ShowDailyK_ChartFlow,FinMind_API_TaiwanStockPrice_5274,True,2026-10-05T23:39:15,2026-10-05T23:39:15,2026-10-05T23:39:15
5274,信驊,2022-10-28,1685.0,50.0,3.06%,,,,,,,,,ShowDailyK_ChartFlow,FinMind_API_TaiwanStockPrice_5274,True,2026-10-05T23:39:15,2026-10-05T23:39:15,2026-10-05T23:39:15
5274,信驊,2022-10-31,1680.0,-5.0,-0.30%,,,,,,,,,ShowDailyK_ChartFlow,FinMind_API_TaiwanStockPrice_5274,True,2026-10-05T23:39:15,2026-10-05T23:39:15,2026-10-05T23:39:15
5274,信驊,2022-11-01,1735.0,55.0,3.27%,,,,,,,,,ShowDailyK_ChartFlow,FinMind_API_TaiwanStockPrice_5274,True,2026-10-05T23:39:15,2026-10-05T23:39:15,2026-10-05T23:39:15
5274,信驊,2022-11-02,1790.0,55.0,3.17%,,,,,,,,,ShowDailyK_ChartFlow,FinMind_API_TaiwanStockPrice_5274,True,2026-10-05T23:39:15,2026-10-05T23:39:15,2026-10-05T23:39:15
5274,信驊,2022-11-03,1805.0,15.0,0.84%,,,,,,,,,ShowDailyK_ChartFlow,FinMind_API_TaiwanStockPrice_5274,True,2026-10-05T23:39:15,2026-10-05T23:39:15,2026-10-05T23:39:15
5274,信驊,2022-11-04,1970.0,165.0,9.14%,,,,,,,,,ShowDailyK_ChartFlow,FinMind_API_TaiwanStockPrice_5274,True,2026-10-05T23:39:15,2026-10-05T23:39:15,2026-10-05T23:39:15
5274,信驊,2022-11-07,2025.0,55.0,2.79%,,,,,,,,,ShowDailyK_ChartFlow,FinMind_API_TaiwanStockPrice_5274,True,2026-10-05T23:39:15,2026-10-05T23:39:15,2026-10-05T23:39:15
5274,信驊,2022-11-08,1920.0,-105.0,-5.19%,,,,,,,,,ShowDailyK_ChartFlow,FinMind_API_TaiwanStockPrice_5274,True,2026-10-05T23:39:15,2026-10-05T23:39:15,2026-10-05T23:39:15
5274,信驊,2022-11-09,1900.0,-20.0,-1.04%,,,,,,,,,ShowDailyK_ChartFlow,FinMind_API_TaiwanStockPrice_5274,True,2026-10-05T23:39:15,2026-10-05T23:39:15,2026-10-05T23:39:15
5274,信驊,2022-11-10,1955.0,55.0,2.89%,,,,,,,,,ShowDailyK_ChartFlow,FinMind_API_TaiwanStockPrice_5274,True,2026-10-05T23:39:15,2026-10-05T23:39:15,2026-10-05T23:39:15
5274,信驊,2022-11-11,2135.0,180.0,9.21%,,,,,,,,,ShowDailyK_ChartFlow,FinMind_API_TaiwanStockPrice_5274,True,2026-10-05T23:39:15,2026-10-05T23:39:15,2026-10-05T23:39:15
5274,信驊,2022-11-14,2220.0,85.0,3.98%,,,,,,,,,ShowDailyK_ChartFlow,FinMind_API_TaiwanStockPrice_5274,True,2026-10-05T23:39:15,2026-10-05T23:39:15,2026-10-05T23:39:15
5274,信驊,2022-11-15,2180.0,-40.0,-1.80%,,,,,,,,,ShowDailyK_ChartFlow,FinMind_API_TaiwanStockPrice_5274,True,2026-10-05T23:39:15,2026-10-05T23:39:15,2026-10-05T23:39:15
5274,信驊,2022-11-16,2145.0,-35.0,-1.61%,,,,,,,,,ShowDailyK_ChartFlow,FinMind_API_TaiwanStockPrice_5274,True,2026-10-05T23:39:15,2026-10-05T23:39:15,2026-10-05T23:39:15
5274,信驊,2022-11-17,2165.0,20.0,0.93%,,,,,,,,,ShowDailyK_ChartFlow,FinMind_API_TaiwanStockPrice_5274,True,2026-10-05T23:39:15,2026-10-05T23:39:15,2026-10-05T23:39:15
5274,信驊,2022-11-18,2170.0,5.0,0.23%,,,,,,,,,ShowDailyK_ChartFlow,FinMind_API_TaiwanStockPrice_5274,True,2026-10-05T23:39:15,2026-10-05T23:39:15,2026-10-05T23:39:15
5274,信驊,2022-11-21,2145.0,-25.0,-1.15%,,,,,,,,,ShowDailyK_ChartFlow,FinMind_API_TaiwanStockPrice_5274,True,2026-10-05T23:39:15,2026-10-05T23:39:15,2026-10-05T23:39:15
5274,信驊,2022-11-22,2185.0,40.0,1.86%,,,,,,,,,ShowDailyK_ChartFlow,FinMind_API_TaiwanStockPrice_5274,True,2026-10-05T23:39:15,2026-10-05T23:39:15,2026-10-05T23:39:15
5274,信驊,2022-11-23,2130.0,-55.0,-2.52%,,,,,,,,,ShowDailyK_ChartFlow,FinMind_API_TaiwanStockPrice_5274,True,2026-10-05T23:39:15,2026-10-05T23:39:15,2026-10-05T23:39:15
5274,信驊,2022-11-24,2170.0,40.0,1.88%,,,,,,,,,ShowDailyK_ChartFlow,FinMind_API_TaiwanStockPrice_5274,True,2026-10-05T23:39:15,2026-10-05T23:39:15,2026-10-05T23:39:15
5274,信驊,2022-11-25,2095.0,-75.0,-3.46%,,,,,,,,,ShowDailyK_ChartFlow,FinMind_API_TaiwanStockPrice_5274,True,2026-10-05T23:39:15,2026-10-05T23:39:15,2026-10-05T23:39:15
5274,信驊,2022-11-28,2120.0,25.0,1.19%,,,,,,,,,ShowDailyK_ChartFlow,FinMind_API_TaiwanStockPrice_5274,True,2026-10-05T23:39:15,2026-10-05T23:39:15,2026-10-05T23:39:15
5274,信驊,2022-11-29,2150.0,30.0,1.42%,,,,,,,,,ShowDailyK_ChartFlow,FinMind_API_TaiwanStockPrice_5274,True,2026-10-05T23:39:15,2026-10-05T23:39:15,2026-10-05T23:39:15
5274,信驊,2022-11-30,2085.0,-65.0,-3.02%,,,,,,,,,ShowDailyK_ChartFlow,FinMind_API_TaiwanStockPrice_5274,True,2026-10-05T23:39:15,2026-10-05T23:39:15,2026-10-05T23:39:15
5274,信驊,2022-12-01,2205.0,120.0,5.76%,,,,,,,,,ShowDailyK_ChartFlow,FinMind_API_TaiwanStockPrice_5274,True,2026-10-05T23:39:15,2026-10-05T23:39:15,2026-10-05T23:39:15
5274,信驊,2022-12-02,2280.0,75.0,3.40%,,,,,,,,,ShowDailyK_ChartFlow,FinMind_API_TaiwanStockPrice_5274,True,2026-10-05T23:39:15,2026-10-05T23:39:15,2026-10-05T23:39:15
5274,信驊,2022-12-05,2135.0,-145.0,-6.36%,,,,,,,,,ShowDailyK_ChartFlow,FinMind_API_TaiwanStockPrice_5274,True,2026-10-05T23:39:15,2026-10-05T23:39:15,2026-10-05T23:39:15
5274,信驊,2022-12-06,2070.0,-65.0,-3.04%,,,,,,,,,ShowDailyK_ChartFlow,FinMind_API_TaiwanStockPrice_5274,True,2026-10-05T23:39:15,2026-10-05T23:39:15,2026-10-05T23:39:15
5274,信驊,2022-12-07,2000.0,-70.0,-3.38%,,,,,,,,,ShowDailyK_ChartFlow,FinMind_API_TaiwanStockPrice_5274,True,2026-10-05T23:39:15,2026-10-05T23:39:15,2026-10-05T23:39:15
5274,信驊,2022-12-08,2010.0,10.0,0.50%,,,,,,,,,ShowDailyK_ChartFlow,FinMind_API_TaiwanStockPrice_5274,True,2026-10-05T23:39:15,2026-10-05T23:39:15,2026-10-05T23:39:15
5274,信驊,2022-12-09,1985.0,-25.0,-1.24%,,,,,,,,,ShowDailyK_ChartFlow,FinMind_API_TaiwanStockPrice_5274,True,2026-10-05T23:39:15,2026-10-05T23:39:15,2026-10-05T23:39:15
5274,信驊,2022-12-12,1985.0,0.0,0.00%,,,,,,,,,ShowDailyK_ChartFlow,FinMind_API_TaiwanStockPrice_5274,True,2026-10-05T23:39:15,2026-10-05T23:39:15,2026-10-05T23:39:15
5274,信驊,2022-12-13,1950.0,-35.0,-1.76%,,,,,,,,,ShowDailyK_ChartFlow,FinMind_API_TaiwanStockPrice_5274,True,2026-10-05T23:39:15,2026-10-05T23:39:15,2026-10-05T23:39:15
5274,信驊,2022-12-14,2040.0,90.0,4.62%,,,,,,,,,ShowDailyK_ChartFlow,FinMind_API_TaiwanStockPrice_5274,True,2026-10-05T23:39:15,2026-10-05T23:39:15,2026-10-05T23:39:15
5274,信驊,2022-12-15,2000.0,-40.0,-1.96%,,,,,,,,,ShowDailyK_ChartFlow,FinMind_API_TaiwanStockPrice_5274,True,2026-10-05T23:39:15,2026-10-05T23:39:15,2026-10-05T23:39:15
5274,信驊,2022-12-16,2010.0,10.0,0.50%,,,,,,,,,ShowDailyK_ChartFlow,FinMind_API_TaiwanStockPrice_5274,True,2026-10-05T23:39:15,2026-10-05T23:39:15,2026-10-05T23:39:15
5274,信驊,2022-12-19,1970.0,-40.0,-1.99%,,,,,,,,,ShowDailyK_ChartFlow,FinMind_API_TaiwanStockPrice_5274,True,2026-10-05T23:39:15,2026-10-05T23:39:15,2026-10-05T23:39:15
5274,信驊,2022-12-20,1875.0,-95.0,-4.82%,,,,,,,,,ShowDailyK_ChartFlow,FinMind_API_TaiwanStockPrice_5274,True,2026-10-05T23:39:15,2026-10-05T23:39:15,2026-10-05T23:39:15
5274,信驊,2022-12-21,1820.0,-55.0,-2.93%,,,,,,,,,ShowDailyK_ChartFlow,FinMind_API_TaiwanStockPrice_5274,True,2026-10-05T23:39:15,2026-10-05T23:39:15,2026-10-05T23:39:15
5274,信驊,2022-12-22,1815.0,-5.0,-0.27%,,,,,,,,,ShowDailyK_ChartFlow,FinMind_API_TaiwanStockPrice_5274,True,2026-10-05T23:39:15,2026-10-05T23:39:15,2026-10-05T23:39:15
5274,信驊,2022-12-23,1830.0,15.0,0.83%,,,,,,,,,ShowDailyK_ChartFlow,FinMind_API_TaiwanStockPrice_5274,True,2026-10-05T23:39:15,2026-10-05T23:39:15,2026-10-05T23:39:15
5274,信驊,2022-12-26,1785.0,-45.0,-2.46%,,,,,,,,,ShowDailyK_ChartFlow,FinMind_API_TaiwanStockPrice_5274,True,2026-10-05T23:39:15,2026-10-05T23:39:15,2026-10-05T23:39:15
5274,信驊,2022-12-27,1790.0,5.0,0.28%,,,,,,,,,ShowDailyK_ChartFlow,FinMind_API_TaiwanStockPrice_5274,True,2026-10-05T23:39:15,2026-10-05T23:39:15,2026-10-05T23:39:15
5274,信驊,2022-12-28,1710.0,-80.0,-4.47%,,,,,,,,,ShowDailyK_ChartFlow,FinMind_API_TaiwanStockPrice_5274,True,2026-10-05T23:39:15,2026-10-05T23:39:15,2026-10-05T23:39:15
5274,信驊,2022-12-29,1720.0,10.0,0.58%,,,,,,,,,ShowDailyK_ChartFlow,FinMind_API_TaiwanStockPrice_5274,True,2026-10-05T23:39:15,2026-10-05T23:39:15,2026-10-05T23:39:15
5274,信驊,2022-12-30,1685.0,-35.0,-2.03%,,,,,,,,,ShowDailyK_ChartFlow,FinMind_API_TaiwanStockPrice_5274,True,2026-10-05T23:39:15,2026-10-05T23:39:15,2026-10-05T23:39:15
5274,信驊,2023-01-03,1740.0,55.0,3.26%,,,,,,,,,ShowDailyK_ChartFlow,FinMind_API_TaiwanStockPrice_5274,True,2026-10-05T23:39:15,2026-10-05T23:39:15,2026-10-05T23:39:15
5274,信驊,2023-01-04,1755.0,15.0,0.86%,,,,,,,,,ShowDailyK_ChartFlow,FinMind_API_TaiwanStockPrice_5274,True,2026-10-05T23:39:15,2026-10-05T23:39:15,2026-10-05T23:39:15
5274,信驊,2023-01-05,1765.0,10.0,0.57%,,,,,,,,,ShowDailyK_ChartFlow,FinMind_API_TaiwanStockPrice_5274,True,2026-10-05T23:39:15,2026-10-05T23:39:15,2026-10-05T23:39:15
5274,信驊,2023-01-06,1830.0,65.0,3.68%,,,,,,,,,ShowDailyK_ChartFlow,FinMind_API_TaiwanStockPrice_5274,True,2026-10-05T23:39:15,2026-10-05T23:39:15,2026-10-05T23:39:15
5274,信驊,2023-01-09,1910.0,80.0,4.37%,,,,,,,,,ShowDailyK_ChartFlow,FinMind_API_TaiwanStockPrice_5274,True,2026-10-05T23:39:15,2026-10-05T23:39:15,2026-10-05T23:39:15
5274,信驊,2023-01-10,2020.0,110.0,5.76%,,,,,,,,,ShowDailyK_ChartFlow,FinMind_API_TaiwanStockPrice_5274,True,2026-10-05T23:39:15,2026-10-05T23:39:15,2026-10-05T23:39:15
5274,信驊,2023-01-11,2020.0,0.0,0.00%,,,,,,,,,ShowDailyK_ChartFlow,FinMind_API_TaiwanStockPrice_5274,True,2026-10-05T23:39:15,2026-10-05T23:39:15,2026-10-05T23:39:15
5274,信驊,2023-01-12,1965.0,-55.0,-2.72%,,,,,,,,,ShowDailyK_ChartFlow,FinMind_API_TaiwanStockPrice_5274,True,2026-10-05T23:39:15,2026-10-05T23:39:15,2026-10-05T23:39:15
5274,信驊,2023-01-13,1935.0,-30.0,-1.53%,,,,,,,,,ShowDailyK_ChartFlow,FinMind_API_TaiwanStockPrice_5274,True,2026-10-05T23:39:15,2026-10-05T23:39:15,2026-10-05T23:39:15
5274,信驊,2023-01-16,1940.0,5.0,0.26%,,,,,,,,,ShowDailyK_ChartFlow,FinMind_API_TaiwanStockPrice_5274,True,2026-10-05T23:39:15,2026-10-05T23:39:15,2026-10-05T23:39:15
5274,信驊,2023-01-17,1960.0,20.0,1.03%,,,,,,,,,ShowDailyK_ChartFlow,FinMind_API_TaiwanStockPrice_5274,True,2026-10-05T23:39:15,2026-10-05T23:39:15,2026-10-05T23:39:15
5274,信驊,2023-01-30,2045.0,85.0,4.34%,,,,,,,,,ShowDailyK_ChartFlow,FinMind_API_TaiwanStockPrice_5274,True,2026-10-05T23:39:15,2026-10-05T23:39:15,2026-10-05T23:39:15
5274,信驊,2023-01-31,2100.0,55.0,2.69%,,,,,,,,,ShowDailyK_ChartFlow,FinMind_API_TaiwanStockPrice_5274,True,2026-10-05T23:39:15,2026-10-05T23:39:15,2026-10-05T23:39:15
5274,信驊,2023-02-01,2160.0,60.0,2.86%,,,,,,,,,ShowDailyK_ChartFlow,FinMind_API_TaiwanStockPrice_5274,True,2026-10-05T23:39:15,2026-10-05T23:39:15,2026-10-05T23:39:15
5274,信驊,2023-02-02,2275.0,115.0,5.32%,,,,,,,,,ShowDailyK_ChartFlow,FinMind_API_TaiwanStockPrice_5274,True,2026-10-05T23:39:15,2026-10-05T23:39:15,2026-10-05T23:39:15
5274,信驊,2023-02-03,2500.0,225.0,9.89%,,,,,,,,,ShowDailyK_ChartFlow,FinMind_API_TaiwanStockPrice_5274,True,2026-10-05T23:39:15,2026-10-05T23:39:15,2026-10-05T23:39:15
5274,信驊,2023-02-06,2390.0,-110.0,-4.40%,,,,,,,,,ShowDailyK_ChartFlow,FinMind_API_TaiwanStockPrice_5274,True,2026-10-05T23:39:15,2026-10-05T23:39:15,2026-10-05T23:39:15
5274,信驊,2023-02-07,2355.0,-35.0,-1.46%,,,,,,,,,ShowDailyK_ChartFlow,FinMind_API_TaiwanStockPrice_5274,True,2026-10-05T23:39:15,2026-10-05T23:39:15,2026-10-05T23:39:15
5274,信驊,2023-02-08,2345.0,-10.0,-0.42%,,,,,,,,,ShowDailyK_ChartFlow,FinMind_API_TaiwanStockPrice_5274,True,2026-10-05T23:39:15,2026-10-05T23:39:15,2026-10-05T23:39:15
5274,信驊,2023-02-09,2230.0,-115.0,-4.90%,,,,,,,,,ShowDailyK_ChartFlow,FinMind_API_TaiwanStockPrice_5274,True,2026-10-05T23:39:15,2026-10-05T23:39:15,2026-10-05T23:39:15
5274,信驊,2023-02-10,2225.0,-5.0,-0.22%,,,,,,,,,ShowDailyK_ChartFlow,FinMind_API_TaiwanStockPrice_5274,True,2026-10-05T23:39:15,2026-10-05T23:39:15,2026-10-05T23:39:15
5274,信驊,2023-02-13,2175.0,-50.0,-2.25%,,,,,,,,,ShowDailyK_ChartFlow,FinMind_API_TaiwanStockPrice_5274,True,2026-10-05T23:39:15,2026-10-05T23:39:15,2026-10-05T23:39:15
5274,信驊,2023-02-14,2210.0,35.0,1.61%,,,,,,,,,ShowDailyK_ChartFlow,FinMind_API_TaiwanStockPrice_5274,True,2026-10-05T23:39:15,2026-10-05T23:39:15,2026-10-05T23:39:15
5274,信驊,2023-02-15,2235.0,25.0,1.13%,,,,,,,,,ShowDailyK_ChartFlow,FinMind_API_TaiwanStockPrice_5274,True,2026-10-05T23:39:15,2026-10-05T23:39:15,2026-10-05T23:39:15
5274,信驊,2023-02-16,2370.0,135.0,6.04%,,,,,,,,,ShowDailyK_ChartFlow,FinMind_API_TaiwanStockPrice_5274,True,2026-10-05T23:39:15,2026-10-05T23:39:15,2026-10-05T23:39:15
5274,信驊,2023-02-17,2280.0,-90.0,-3.80%,,,,,,,,,ShowDailyK_ChartFlow,FinMind_API_TaiwanStockPrice_5274,True,2026-10-05T23:39:15,2026-10-05T23:39:15,2026-10-05T23:39:15
5274,信驊,2023-02-20,2240.0,-40.0,-1.75%,,,,,,,,,ShowDailyK_ChartFlow,FinMind_API_TaiwanStockPrice_5274,True,2026-10-05T23:39:15,2026-10-05T23:39:15,2026-10-05T23:39:15
5274,信驊,2023-02-21,2460.0,220.0,9.82%,,,,,,,,,ShowDailyK_ChartFlow,FinMind_API_TaiwanStockPrice_5274,True,2026-10-05T23:39:15,2026-10-05T23:39:15,2026-10-05T23:39:15
5274,信驊,2023-02-22,2400.0,-60.0,-2.44%,,,,,,,,,ShowDailyK_ChartFlow,FinMind_API_TaiwanStockPrice_5274,True,2026-10-05T23:39:15,2026-10-05T23:39:15,2026-10-05T23:39:15
5274,信驊,2023-02-23,2595.0,195.0,8.12%,,,,,,,,,ShowDailyK_ChartFlow,FinMind_API_TaiwanStockPrice_5274,True,2026-10-05T23:39:15,2026-10-05T23:39:15,2026-10-05T23:39:15
5274,信驊,2023-02-24,2795.0,200.0,7.71%,,,,,,,,,ShowDailyK_ChartFlow,FinMind_API_TaiwanStockPrice_5274,True,2026-10-05T23:39:15,2026-10-05T23:39:15,2026-10-05T23:39:15
5274,信驊,2023-03-01,2965.0,170.0,6.08%,,,,,,,,,ShowDailyK_ChartFlow,FinMind_API_TaiwanStockPrice_5274,True,2026-10-05T23:39:15,2026-10-05T23:39:15,2026-10-05T23:39:15
5274,信驊,2023-03-02,2775.0,-190.0,-6.41%,,,,,,,,,ShowDailyK_ChartFlow,FinMind_API_TaiwanStockPrice_5274,True,2026-10-05T23:39:15,2026-10-05T23:39:15,2026-10-05T23:39:15
5274,信驊,2023-03-03,2720.0,-55.0,-1.98%,,,,,,,,,ShowDailyK_ChartFlow,FinMind_API_TaiwanStockPrice_5274,True,2026-10-05T23:39:15,2026-10-05T23:39:15,2026-10-05T23:39:15
5274,信驊,2023-03-06,2670.0,-50.0,-1.84%,,,,,,,,,ShowDailyK_ChartFlow,FinMind_API_TaiwanStockPrice_5274,True,2026-10-05T23:39:15,2026-10-05T23:39:15,2026-10-05T23:39:15
5274,信驊,2023-03-07,2565.0,-105.0,-3.93%,,,,,,,,,ShowDailyK_ChartFlow,FinMind_API_TaiwanStockPrice_5274,True,2026-10-05T23:39:15,2026-10-05T23:39:15,2026-10-05T23:39:15
5274,信驊,2023-03-08,2510.0,-55.0,-2.14%,,,,,,,,,ShowDailyK_ChartFlow,FinMind_API_TaiwanStockPrice_5274,True,2026-10-05T23:39:15,2026-10-05T23:39:15,2026-10-05T23:39:15
5274,信驊,2023-03-09,2625.0,115.0,4.58%,,,,,,,,,ShowDailyK_ChartFlow,FinMind_API_TaiwanStockPrice_5274,True,2026-10-05T23:39:15,2026-10-05T23:39:15,2026-10-05T23:39:15
5274,信驊,2023-03-10,2690.0,65.0,2.48%,,,,,,,,,ShowDailyK_ChartFlow,FinMind_API_TaiwanStockPrice_5274,True,2026-10-05T23:39:15,2026-10-05T23:39:15,2026-10-05T23:39:15
5274,信驊,2023-03-13,2655.0,-35.0,-1.30%,,,,,,,,,ShowDailyK_ChartFlow,FinMind_API_TaiwanStockPrice_5274,True,2026-10-05T23:39:15,2026-10-05T23:39:15,2026-10-05T23:39:15
5274,信驊,2023-03-14,2665.0,10.0,0.38%,,,,,,,,,ShowDailyK_ChartFlow,FinMind_API_TaiwanStockPrice_5274,True,2026-10-05T23:39:15,2026-10-05T23:39:15,2026-10-05T23:39:15
5274,信驊,2023-03-15,2660.0,-5.0,-0.19%,,,,,,,,,ShowDailyK_ChartFlow,FinMind_API_TaiwanStockPrice_5274,True,2026-10-05T23:39:15,2026-10-05T23:39:15,2026-10-05T23:39:15
5274,信驊,2023-03-16,2660.0,0.0,0.00%,,,,,,,,,ShowDailyK_ChartFlow,FinMind_API_TaiwanStockPrice_5274,True,2026-10-05T23:39:15,2026-10-05T23:39:15,2026-10-05T23:39:15
5274,信驊,2023-03-17,2720.0,60.0,2.26%,,,,,,,,,ShowDailyK_ChartFlow,FinMind_API_TaiwanStockPrice_5274,True,2026-10-05T23:39:15,2026-10-05T23:39:15,2026-10-05T23:39:15
5274,信驊,2023-03-20,2785.0,65.0,2.39%,,,,,,,,,ShowDailyK_ChartFlow,FinMind_API_TaiwanStockPrice_5274,True,2026-10-05T23:39:15,2026-10-05T23:39:15,2026-10-05T23:39:15
5274,信驊,2023-03-21,2705.0,-80.0,-2.87%,,,,,,,,,ShowDailyK_ChartFlow,FinMind_API_TaiwanStockPrice_5274,True,2026-10-05T23:39:15,2026-10-05T23:39:15,2026-10-05T23:39:15
5274,信驊,2023-03-22,2800.0,95.0,3.51%,,,,,,,,,ShowDailyK_ChartFlow,FinMind_API_TaiwanStockPrice_5274,True,2026-10-05T23:39:15,2026-10-05T23:39:15,2026-10-05T23:39:15
5274,信驊,2023-03-23,2870.0,70.0,2.50%,,,,,,,,,ShowDailyK_ChartFlow,FinMind_API_TaiwanStockPrice_5274,True,2026-10-05T23:39:15,2026-10-05T23:39:15,2026-10-05T23:39:15
5274,信驊,2023-03-24,2900.0,30.0,1.05%,,,,,,,,,ShowDailyK_ChartFlow,FinMind_API_TaiwanStockPrice_5274,True,2026-10-05T23:39:15,2026-10-05T23:39:15,2026-10-05T23:39:15
5274,信驊,2023-03-27,2820.0,-80.0,-2.76%,,,,,,,,,ShowDailyK_ChartFlow,FinMind_API_TaiwanStockPrice_5274,True,2026-10-05T23:39:15,2026-10-05T23:39:15,2026-10-05T23:39:15
5274,信驊,2023-03-28,2835.0,15.0,0.53%,,,,,,,,,ShowDailyK_ChartFlow,FinMind_API_TaiwanStockPrice_5274,True,2026-10-05T23:39:15,2026-10-05T23:39:15,2026-10-05T23:39:15
5274,信驊,2023-03-29,2710.0,-125.0,-4.41%,,,,,,,,,ShowDailyK_ChartFlow,FinMind_API_TaiwanStockPrice_5274,True,2026-10-05T23:39:15,2026-10-05T23:39:15,2026-10-05T23:39:15
5274,信驊,2023-03-30,2715.0,5.0,0.18%,,,,,,,,,ShowDailyK_ChartFlow,FinMind_API_TaiwanStockPrice_5274,True,2026-10-05T23:39:15,2026-10-05T23:39:15,2026-10-05T23:39:15
5274,信驊,2023-03-31,2635.0,-80.0,-2.95%,,,,,,,,,ShowDailyK_ChartFlow,FinMind_API_TaiwanStockPrice_5274,True,2026-10-05T23:39:15,2026-10-05T23:39:15,2026-10-05T23:39:15
5274,信驊,2023-04-06,2600.0,-35.0,-1.33%,,,,,,,,,ShowDailyK_ChartFlow,FinMind_API_TaiwanStockPrice_5274,True,2026-10-05T23:39:15,2026-10-05T23:39:15,2026-10-05T23:39:15
5274,信驊,2023-04-07,2750.0,150.0,5.77%,,,,,,,,,ShowDailyK_ChartFlow,FinMind_API_TaiwanStockPrice_5274,True,2026-10-05T23:39:15,2026-10-05T23:39:15,2026-10-05T23:39:15
5274,信驊,2023-04-10,2840.0,90.0,3.27%,,,,,,,,,ShowDailyK_ChartFlow,FinMind_API_TaiwanStockPrice_5274,True,2026-10-05T23:39:15,2026-10-05T23:39:15,2026-10-05T23:39:15
5274,信驊,2023-04-11,2935.0,95.0,3.35%,,,,,,,,,ShowDailyK_ChartFlow,FinMind_API_TaiwanStockPrice_5274,True,2026-10-05T23:39:15,2026-10-05T23:39:15,2026-10-05T23:39:15
5274,信驊,2023-04-12,2830.0,-105.0,-3.58%,,,,,,,,,ShowDailyK_ChartFlow,FinMind_API_TaiwanStockPrice_5274,True,2026-10-05T23:39:15,2026-10-05T23:39:15,2026-10-05T23:39:15
5274,信驊,2023-04-13,2765.0,-65.0,-2.30%,,,,,,,,,ShowDailyK_ChartFlow,FinMind_API_TaiwanStockPrice_5274,True,2026-10-05T23:39:15,2026-10-05T23:39:15,2026-10-05T23:39:15
5274,信驊,2023-04-14,2755.0,-10.0,-0.36%,,,,,,,,,ShowDailyK_ChartFlow,FinMind_API_TaiwanStockPrice_5274,True,2026-10-05T23:39:15,2026-10-05T23:39:15,2026-10-05T23:39:15
5274,信驊,2023-04-17,2815.0,60.0,2.18%,,,,,,,,,ShowDailyK_ChartFlow,FinMind_API_TaiwanStockPrice_5274,True,2026-10-05T23:39:15,2026-10-05T23:39:15,2026-10-05T23:39:15
5274,信驊,2023-04-18,2775.0,-40.0,-1.42%,,,,,,,,,ShowDailyK_ChartFlow,FinMind_API_TaiwanStockPrice_5274,True,2026-10-05T23:39:15,2026-10-05T23:39:15,2026-10-05T23:39:15
5274,信驊,2023-04-19,2655.0,-120.0,-4.32%,,,,,,,,,ShowDailyK_ChartFlow,FinMind_API_TaiwanStockPrice_5274,True,2026-10-05T23:39:15,2026-10-05T23:39:15,2026-10-05T23:39:15
5274,信驊,2023-04-20,2635.0,-20.0,-0.75%,,,,,,,,,ShowDailyK_ChartFlow,FinMind_API_TaiwanStockPrice_5274,True,2026-10-05T23:39:15,2026-10-05T23:39:15,2026-10-05T23:39:15
5274,信驊,2023-04-21,2610.0,-25.0,-0.95%,,,,,,,,,ShowDailyK_ChartFlow,FinMind_API_TaiwanStockPrice_5274,True,2026-10-05T23:39:15,2026-10-05T23:39:15,2026-10-05T23:39:15
5274,信驊,2023-04-24,2650.0,40.0,1.53%,,,,,,,,,ShowDailyK_ChartFlow,FinMind_API_TaiwanStockPrice_5274,True,2026-10-05T23:39:15,2026-10-05T23:39:15,2026-10-05T23:39:15
5274,信驊,2023-04-25,2590.0,-60.0,-2.26%,,,,,,,,,ShowDailyK_ChartFlow,FinMind_API_TaiwanStockPrice_5274,True,2026-10-05T23:39:15,2026-10-05T23:39:15,2026-10-05T23:39:15
5274,信驊,2023-04-26,2700.0,110.0,4.25%,,,,,,,,,ShowDailyK_ChartFlow,FinMind_API_TaiwanStockPrice_5274,True,2026-10-05T23:39:15,2026-10-05T23:39:15,2026-10-05T23:39:15
5274,信驊,2023-04-27,2640.0,-60.0,-2.22%,,,,,,,,,ShowDailyK_ChartFlow,FinMind_API_TaiwanStockPrice_5274,True,2026-10-05T23:39:15,2026-10-05T23:39:15,2026-10-05T23:39:15
5274,信驊,2023-04-28,2615.0,-25.0,-0.95%,,,,,,,,,ShowDailyK_ChartFlow,FinMind_API_TaiwanStockPrice_5274,True,2026-10-05T23:39:15,2026-10-05T23:39:15,2026-10-05T23:39:15
5274,信驊,2023-05-02,2815.0,200.0,7.65%,,,,,,,,,ShowDailyK_ChartFlow,FinMind_API_TaiwanStockPrice_5274,True,2026-10-05T23:39:15,2026-10-05T23:39:15,2026-10-05T23:39:15
5274,信驊,2023-05-03,2785.0,-30.0,-1.07%,,,,,,,,,ShowDailyK_ChartFlow,FinMind_API_TaiwanStockPrice_5274,True,2026-10-05T23:39:15,2026-10-05T23:39:15,2026-10-05T23:39:15
5274,信驊,2023-05-04,2825.0,40.0,1.44%,,,,,,,,,ShowDailyK_ChartFlow,FinMind_API_TaiwanStockPrice_5274,True,2026-10-05T23:39:15,2026-10-05T23:39:15,2026-10-05T23:39:15
5274,信驊,2023-05-05,2765.0,-60.0,-2.12%,,,,,,,,,ShowDailyK_ChartFlow,FinMind_API_TaiwanStockPrice_5274,True,2026-10-05T23:39:15,2026-10-05T23:39:15,2026-10-05T23:39:15
5274,信驊,2023-05-08,2880.0,115.0,4.16%,,,,,,,,,ShowDailyK_ChartFlow,FinMind_API_TaiwanStockPrice_5274,True,2026-10-05T23:39:15,2026-10-05T23:39:15,2026-10-05T23:39:15
5274,信驊,2023-05-09,2805.0,-75.0,-2.60%,,,,,,,,,ShowDailyK_ChartFlow,FinMind_API_TaiwanStockPrice_5274,True,2026-10-05T23:39:15,2026-10-05T23:39:15,2026-10-05T23:39:15
5274,信驊,2023-05-10,2715.0,-90.0,-3.21%,,,,,,,,,ShowDailyK_ChartFlow,FinMind_API_TaiwanStockPrice_5274,True,2026-10-05T23:39:15,2026-10-05T23:39:15,2026-10-05T23:39:15
5274,信驊,2023-05-11,2655.0,-60.0,-2.21%,,,,,,,,,ShowDailyK_ChartFlow,FinMind_API_TaiwanStockPrice_5274,True,2026-10-05T23:39:15,2026-10-05T23:39:15,2026-10-05T23:39:15
5274,信驊,2023-05-12,2715.0,60.0,2.26%,,,,,,,,,ShowDailyK_ChartFlow,FinMind_API_TaiwanStockPrice_5274,True,2026-10-05T23:39:15,2026-10-05T23:39:15,2026-10-05T23:39:15
5274,信驊,2023-05-15,2730.0,15.0,0.55%,,,,,,,,,ShowDailyK_ChartFlow,FinMind_API_TaiwanStockPrice_5274,True,2026-10-05T23:39:15,2026-10-05T23:39:15,2026-10-05T23:39:15
5274,信驊,2023-05-16,2750.0,20.0,0.73%,,,,,,,,,ShowDailyK_ChartFlow,FinMind_API_TaiwanStockPrice_5274,True,2026-10-05T23:39:15,2026-10-05T23:39:15,2026-10-05T23:39:15
5274,信驊,2023-05-17,2805.0,55.0,2.00%,,,,,,,,,ShowDailyK_ChartFlow,FinMind_API_TaiwanStockPrice_5274,True,2026-10-05T23:39:15,2026-10-05T23:39:15,2026-10-05T23:39:15
5274,信驊,2023-05-18,2875.0,70.0,2.50%,,,,,,,,,ShowDailyK_ChartFlow,FinMind_API_TaiwanStockPrice_5274,True,2026-10-05T23:39:15,2026-10-05T23:39:15,2026-10-05T23:39:15
5274,信驊,2023-05-19,2910.0,35.0,1.22%,,,,,,,,,ShowDailyK_ChartFlow,FinMind_API_TaiwanStockPrice_5274,True,2026-10-05T23:39:15,2026-10-05T23:39:15,2026-10-05T23:39:15
5274,信驊,2023-05-22,2765.0,-145.0,-4.98%,,,,,,,,,ShowDailyK_ChartFlow,FinMind_API_TaiwanStockPrice_5274,True,2026-10-05T23:39:15,2026-10-05T23:39:15,2026-10-05T23:39:15
5274,信驊,2023-05-23,2715.0,-50.0,-1.81%,,,,,,,,,ShowDailyK_ChartFlow,FinMind_API_TaiwanStockPrice_5274,True,2026-10-05T23:39:15,2026-10-05T23:39:15,2026-10-05T23:39:15
5274,信驊,2023-05-24,2700.0,-15.0,-0.55%,,,,,,,,,ShowDailyK_ChartFlow,FinMind_API_TaiwanStockPrice_5274,True,2026-10-05T23:39:15,2026-10-05T23:39:15,2026-10-05T23:39:15
5274,信驊,2023-05-25,2760.0,60.0,2.22%,,,,,,,,,ShowDailyK_ChartFlow,FinMind_API_TaiwanStockPrice_5274,True,2026-10-05T23:39:15,2026-10-05T23:39:15,2026-10-05T23:39:15
5274,信驊,2023-05-26,3035.0,275.0,9.96%,,,,,,,,,ShowDailyK_ChartFlow,FinMind_API_TaiwanStockPrice_5274,True,2026-10-05T23:39:15,2026-10-05T23:39:15,2026-10-05T23:39:15
5274,信驊,2023-05-29,3105.0,70.0,2.31%,,,,,,,,,ShowDailyK_ChartFlow,FinMind_API_TaiwanStockPrice_5274,True,2026-10-05T23:39:15,2026-10-05T23:39:15,2026-10-05T23:39:15
5274,信驊,2023-05-30,3150.0,45.0,1.45%,,,,,,,,,ShowDailyK_ChartFlow,FinMind_API_TaiwanStockPrice_5274,True,2026-10-05T23:39:15,2026-10-05T23:39:15,2026-10-05T23:39:15
5274,信驊,2023-05-31,2880.0,-270.0,-8.57%,,,,,,,,,ShowDailyK_ChartFlow,FinMind_API_TaiwanStockPrice_5274,True,2026-10-05T23:39:15,2026-10-05T23:39:15,2026-10-05T23:39:15
5274,信驊,2023-06-01,2885.0,5.0,0.17%,,,,,,,,,ShowDailyK_ChartFlow,FinMind_API_TaiwanStockPrice_5274,True,2026-10-05T23:39:15,2026-10-05T23:39:15,2026-10-05T23:39:15
5274,信驊,2023-06-02,2865.0,-20.0,-0.69%,,,,,,,,,ShowDailyK_ChartFlow,FinMind_API_TaiwanStockPrice_5274,True,2026-10-05T23:39:15,2026-10-05T23:39:15,2026-10-05T23:39:15
5274,信驊,2023-06-05,2860.0,-5.0,-0.17%,,,,,,,,,ShowDailyK_ChartFlow,FinMind_API_TaiwanStockPrice_5274,True,2026-10-05T23:39:15,2026-10-05T23:39:15,2026-10-05T23:39:15
5274,信驊,2023-06-06,2820.0,-40.0,-1.40%,,,,,,,,,ShowDailyK_ChartFlow,FinMind_API_TaiwanStockPrice_5274,True,2026-10-05T23:39:15,2026-10-05T23:39:15,2026-10-05T23:39:15
5274,信驊,2023-06-07,2820.0,0.0,0.00%,,,,,,,,,ShowDailyK_ChartFlow,FinMind_API_TaiwanStockPrice_5274,True,2026-10-05T23:39:15,2026-10-05T23:39:15,2026-10-05T23:39:15
5274,信驊,2023-06-08,2540.0,-280.0,-9.93%,,,,,,,,,ShowDailyK_ChartFlow,FinMind_API_TaiwanStockPrice_5274,True,2026-10-05T23:39:15,2026-10-05T23:39:15,2026-10-05T23:39:15
5274,信驊,2023-06-09,2530.0,-10.0,-0.39%,,,,,,,,,ShowDailyK_ChartFlow,FinMind_API_TaiwanStockPrice_5274,True,2026-10-05T23:39:15,2026-10-05T23:39:15,2026-10-05T23:39:15
5274,信驊,2023-06-12,2590.0,60.0,2.37%,,,,,,,,,ShowDailyK_ChartFlow,FinMind_API_TaiwanStockPrice_5274,True,2026-10-05T23:39:15,2026-10-05T23:39:15,2026-10-05T23:39:15
5274,信驊,2023-06-13,2720.0,130.0,5.02%,,,,,,,,,ShowDailyK_ChartFlow,FinMind_API_TaiwanStockPrice_5274,True,2026-10-05T23:39:15,2026-10-05T23:39:15,2026-10-05T23:39:15
5274,信驊,2023-06-14,2675.0,-45.0,-1.65%,,,,,,,,,ShowDailyK_ChartFlow,FinMind_API_TaiwanStockPrice_5274,True,2026-10-05T23:39:15,2026-10-05T23:39:15,2026-10-05T23:39:15
5274,信驊,2023-06-15,2720.0,45.0,1.68%,,,,,,,,,ShowDailyK_ChartFlow,FinMind_API_TaiwanStockPrice_5274,True,2026-10-05T23:39:15,2026-10-05T23:39:15,2026-10-05T23:39:15
5274,信驊,2023-06-16,2805.0,85.0,3.12%,,,,,,,,,ShowDailyK_ChartFlow,FinMind_API_TaiwanStockPrice_5274,True,2026-10-05T23:39:15,2026-10-05T23:39:15,2026-10-05T23:39:15
5274,信驊,2023-06-19,2770.0,-35.0,-1.25%,,,,,,,,,ShowDailyK_ChartFlow,FinMind_API_TaiwanStockPrice_5274,True,2026-10-05T23:39:15,2026-10-05T23:39:15,2026-10-05T23:39:15
5274,信驊,2023-06-20,2875.0,105.0,3.79%,,,,,,,,,ShowDailyK_ChartFlow,FinMind_API_TaiwanStockPrice_5274,True,2026-10-05T23:39:15,2026-10-05T23:39:15,2026-10-05T23:39:15
5274,信驊,2023-06-21,2830.0,-45.0,-1.57%,,,,,,,,,ShowDailyK_ChartFlow,FinMind_API_TaiwanStockPrice_5274,True,2026-10-05T23:39:15,2026-10-05T23:39:15,2026-10-05T23:39:15
5274,信驊,2023-06-26,2890.0,60.0,2.12%,,,,,,,,,ShowDailyK_ChartFlow,FinMind_API_TaiwanStockPrice_5274,True,2026-10-05T23:39:15,2026-10-05T23:39:15,2026-10-05T23:39:15
5274,信驊,2023-06-27,2790.0,-100.0,-3.46%,,,,,,,,,ShowDailyK_ChartFlow,FinMind_API_TaiwanStockPrice_5274,True,2026-10-05T23:39:15,2026-10-05T23:39:15,2026-10-05T23:39:15
5274,信驊,2023-06-28,2700.0,-90.0,-3.23%,,,,,,,,,ShowDailyK_ChartFlow,FinMind_API_TaiwanStockPrice_5274,True,2026-10-05T23:39:15,2026-10-05T23:39:15,2026-10-05T23:39:15
5274,信驊,2023-06-29,2725.0,25.0,0.93%,,,,,,,,,ShowDailyK_ChartFlow,FinMind_API_TaiwanStockPrice_5274,True,2026-10-05T23:39:15,2026-10-05T23:39:15,2026-10-05T23:39:15
5274,信驊,2023-06-30,2850.0,125.0,4.59%,,,,,,,,,ShowDailyK_ChartFlow,FinMind_API_TaiwanStockPrice_5274,True,2026-10-05T23:39:15,2026-10-05T23:39:15,2026-10-05T23:39:15
5274,信驊,2023-07-03,2895.0,45.0,1.58%,,,,,,,,,ShowDailyK_ChartFlow,FinMind_API_TaiwanStockPrice_5274,True,2026-10-05T23:39:15,2026-10-05T23:39:15,2026-10-05T23:39:15
5274,信驊,2023-07-04,2830.0,-65.0,-2.25%,,,,,,,,,ShowDailyK_ChartFlow,FinMind_API_TaiwanStockPrice_5274,True,2026-10-05T23:39:15,2026-10-05T23:39:15,2026-10-05T23:39:15
5274,信驊,2023-07-05,2800.0,-30.0,-1.06%,,,,,,,,,ShowDailyK_ChartFlow,FinMind_API_TaiwanStockPrice_5274,True,2026-10-05T23:39:15,2026-10-05T23:39:15,2026-10-05T23:39:15
5274,信驊,2023-07-06,2795.0,-5.0,-0.18%,,,,,,,,,ShowDailyK_ChartFlow,FinMind_API_TaiwanStockPrice_5274,True,2026-10-05T23:39:15,2026-10-05T23:39:15,2026-10-05T23:39:15
5274,信驊,2023-07-07,2795.0,0.0,0.00%,,,,,,,,,ShowDailyK_ChartFlow,FinMind_API_TaiwanStockPrice_5274,True,2026-10-05T23:39:15,2026-10-05T23:39:15,2026-10-05T23:39:15
5274,信驊,2023-07-10,2545.0,-250.0,-8.94%,,,,,,,,,ShowDailyK_ChartFlow,FinMind_API_TaiwanStockPrice_5274,True,2026-10-05T23:39:15,2026-10-05T23:39:15,2026-10-05T23:39:15
5274,信驊,2023-07-11,2515.0,-30.0,-1.18%,,,,,,,,,ShowDailyK_ChartFlow,FinMind_API_TaiwanStockPrice_5274,True,2026-10-05T23:39:15,2026-10-05T23:39:15,2026-10-05T23:39:15
5274,信驊,2023-07-12,2360.0,-155.0,-6.16%,,,,,,,,,ShowDailyK_ChartFlow,FinMind_API_TaiwanStockPrice_5274,True,2026-10-05T23:39:15,2026-10-05T23:39:15,2026-10-05T23:39:15
5274,信驊,2023-07-13,2350.0,-10.0,-0.42%,,,,,,,,,ShowDailyK_ChartFlow,FinMind_API_TaiwanStockPrice_5274,True,2026-10-05T23:39:15,2026-10-05T23:39:15,2026-10-05T23:39:15
5274,信驊,2023-07-14,2440.0,90.0,3.83%,,,,,,,,,ShowDailyK_ChartFlow,FinMind_API_TaiwanStockPrice_5274,True,2026-10-05T23:39:15,2026-10-05T23:39:15,2026-10-05T23:39:15
5274,信驊,2023-07-17,2470.0,30.0,1.23%,,,,,,,,,ShowDailyK_ChartFlow,FinMind_API_TaiwanStockPrice_5274,True,2026-10-05T23:39:15,2026-10-05T23:39:15,2026-10-05T23:39:15
5274,信驊,2023-07-18,2550.0,80.0,3.24%,,,,,,,,,ShowDailyK_ChartFlow,FinMind_API_TaiwanStockPrice_5274,True,2026-10-05T23:39:15,2026-10-05T23:39:15,2026-10-05T23:39:15
5274,信驊,2023-07-19,2525.0,-25.0,-0.98%,,,,,,,,,ShowDailyK_ChartFlow,FinMind_API_TaiwanStockPrice_5274,True,2026-10-05T23:39:15,2026-10-05T23:39:15,2026-10-05T23:39:15
5274,信驊,2023-07-20,2535.0,10.0,0.40%,,,,,,,,,ShowDailyK_ChartFlow,FinMind_API_TaiwanStockPrice_5274,True,2026-10-05T23:39:15,2026-10-05T23:39:15,2026-10-05T23:39:15
5274,信驊,2023-07-21,2500.0,-35.0,-1.38%,,,,,,,,,ShowDailyK_ChartFlow,FinMind_API_TaiwanStockPrice_5274,True,2026-10-05T23:39:15,2026-10-05T23:39:15,2026-10-05T23:39:15
5274,信驊,2023-07-24,2485.0,-15.0,-0.60%,,,,,,,,,ShowDailyK_ChartFlow,FinMind_API_TaiwanStockPrice_5274,True,2026-10-05T23:39:15,2026-10-05T23:39:15,2026-10-05T23:39:15
5274,信驊,2023-07-25,2515.0,30.0,1.21%,,,,,,,,,ShowDailyK_ChartFlow,FinMind_API_TaiwanStockPrice_5274,True,2026-10-05T23:39:15,2026-10-05T23:39:15,2026-10-05T23:39:15
5274,信驊,2023-07-26,2470.0,-45.0,-1.79%,,,,,,,,,ShowDailyK_ChartFlow,FinMind_API_TaiwanStockPrice_5274,True,2026-10-05T23:39:15,2026-10-05T23:39:15,2026-10-05T23:39:15
5274,信驊,2023-07-27,2405.0,-65.0,-2.63%,,,,,,,,,ShowDailyK_ChartFlow,FinMind_API_TaiwanStockPrice_5274,True,2026-10-05T23:39:15,2026-10-05T23:39:15,2026-10-05T23:39:15
5274,信驊,2023-07-28,2490.0,85.0,3.53%,,,,,,,,,ShowDailyK_ChartFlow,FinMind_API_TaiwanStockPrice_5274,True,2026-10-05T23:39:15,2026-10-05T23:39:15,2026-10-05T23:39:15
5274,信驊,2023-07-31,2320.0,-170.0,-6.83%,,,,,,,,,ShowDailyK_ChartFlow,FinMind_API_TaiwanStockPrice_5274,True,2026-10-05T23:39:15,2026-10-05T23:39:15,2026-10-05T23:39:15
5274,信驊,2023-08-01,2250.0,-70.0,-3.02%,,,,,,,,,ShowDailyK_ChartFlow,FinMind_API_TaiwanStockPrice_5274,True,2026-10-05T23:39:15,2026-10-05T23:39:15,2026-10-05T23:39:15
5274,信驊,2023-08-02,2230.0,-20.0,-0.89%,,,,,,,,,ShowDailyK_ChartFlow,FinMind_API_TaiwanStockPrice_5274,True,2026-10-05T23:39:15,2026-10-05T23:39:15,2026-10-05T23:39:15
5274,信驊,2023-08-04,2195.0,-35.0,-1.57%,,,,,,,,,ShowDailyK_ChartFlow,FinMind_API_TaiwanStockPrice_5274,True,2026-10-05T23:39:15,2026-10-05T23:39:15,2026-10-05T23:39:15
5274,信驊,2023-08-07,2130.0,-65.0,-2.96%,,,,,,,,,ShowDailyK_ChartFlow,FinMind_API_TaiwanStockPrice_5274,True,2026-10-05T23:39:15,2026-10-05T23:39:15,2026-10-05T23:39:15
5274,信驊,2023-08-08,2155.0,25.0,1.17%,,,,,,,,,ShowDailyK_ChartFlow,FinMind_API_TaiwanStockPrice_5274,True,2026-10-05T23:39:15,2026-10-05T23:39:15,2026-10-05T23:39:15
5274,信驊,2023-08-09,2280.0,125.0,5.80%,,,,,,,,,ShowDailyK_ChartFlow,FinMind_API_TaiwanStockPrice_5274,True,2026-10-05T23:39:15,2026-10-05T23:39:15,2026-10-05T23:39:15
5274,信驊,2023-08-10,2185.0,-95.0,-4.17%,,,,,,,,,ShowDailyK_ChartFlow,FinMind_API_TaiwanStockPrice_5274,True,2026-10-05T23:39:15,2026-10-05T23:39:15,2026-10-05T23:39:15
5274,信驊,2023-08-11,2170.0,-15.0,-0.69%,,,,,,,,,ShowDailyK_ChartFlow,FinMind_API_TaiwanStockPrice_5274,True,2026-10-05T23:39:15,2026-10-05T23:39:15,2026-10-05T23:39:15
5274,信驊,2023-08-14,2140.0,-30.0,-1.38%,,,,,,,,,ShowDailyK_ChartFlow,FinMind_API_TaiwanStockPrice_5274,True,2026-10-05T23:39:15,2026-10-05T23:39:15,2026-10-05T23:39:15
5274,信驊,2023-08-15,2100.0,-40.0,-1.87%,,,,,,,,,ShowDailyK_ChartFlow,FinMind_API_TaiwanStockPrice_5274,True,2026-10-05T23:39:15,2026-10-05T23:39:15,2026-10-05T23:39:15
5274,信驊,2023-08-16,2125.0,25.0,1.19%,,,,,,,,,ShowDailyK_ChartFlow,FinMind_API_TaiwanStockPrice_5274,True,2026-10-05T23:39:15,2026-10-05T23:39:15,2026-10-05T23:39:15
5274,信驊,2023-08-17,2275.0,150.0,7.06%,,,,,,,,,ShowDailyK_ChartFlow,FinMind_API_TaiwanStockPrice_5274,True,2026-10-05T23:39:15,2026-10-05T23:39:15,2026-10-05T23:39:15
5274,信驊,2023-08-18,2325.0,50.0,2.20%,,,,,,,,,ShowDailyK_ChartFlow,FinMind_API_TaiwanStockPrice_5274,True,2026-10-05T23:39:15,2026-10-05T23:39:15,2026-10-05T23:39:15
5274,信驊,2023-08-21,2345.0,20.0,0.86%,,,,,,,,,ShowDailyK_ChartFlow,FinMind_API_TaiwanStockPrice_5274,True,2026-10-05T23:39:15,2026-10-05T23:39:15,2026-10-05T23:39:15
5274,信驊,2023-08-22,2355.0,10.0,0.43%,,,,,,,,,ShowDailyK_ChartFlow,FinMind_API_TaiwanStockPrice_5274,True,2026-10-05T23:39:15,2026-10-05T23:39:15,2026-10-05T23:39:15
5274,信驊,2023-08-23,2315.0,-40.0,-1.70%,,,,,,,,,ShowDailyK_ChartFlow,FinMind_API_TaiwanStockPrice_5274,True,2026-10-05T23:39:15,2026-10-05T23:39:15,2026-10-05T23:39:15
5274,信驊,2023-08-24,2465.0,150.0,6.48%,,,,,,,,,ShowDailyK_ChartFlow,FinMind_API_TaiwanStockPrice_5274,True,2026-10-05T23:39:15,2026-10-05T23:39:15,2026-10-05T23:39:15
5274,信驊,2023-08-25,2385.0,-80.0,-3.25%,,,,,,,,,ShowDailyK_ChartFlow,FinMind_API_TaiwanStockPrice_5274,True,2026-10-05T23:39:15,2026-10-05T23:39:15,2026-10-05T23:39:15
5274,信驊,2023-08-28,2590.0,205.0,8.60%,,,,,,,,,ShowDailyK_ChartFlow,FinMind_API_TaiwanStockPrice_5274,True,2026-10-05T23:39:15,2026-10-05T23:39:15,2026-10-05T23:39:15
5274,信驊,2023-08-29,2560.0,-30.0,-1.16%,,,,,,,,,ShowDailyK_ChartFlow,FinMind_API_TaiwanStockPrice_5274,True,2026-10-05T23:39:15,2026-10-05T23:39:15,2026-10-05T23:39:15
5274,信驊,2023-08-30,2630.0,70.0,2.73%,,,,,,,,,ShowDailyK_ChartFlow,FinMind_API_TaiwanStockPrice_5274,True,2026-10-05T23:39:15,2026-10-05T23:39:15,2026-10-05T23:39:15
5274,信驊,2023-08-31,2700.0,70.0,2.66%,,,,,,,,,ShowDailyK_ChartFlow,FinMind_API_TaiwanStockPrice_5274,True,2026-10-05T23:39:15,2026-10-05T23:39:15,2026-10-05T23:39:15
5274,信驊,2023-09-01,2550.0,-150.0,-5.56%,,,,,,,,,ShowDailyK_ChartFlow,FinMind_API_TaiwanStockPrice_5274,True,2026-10-05T23:39:15,2026-10-05T23:39:15,2026-10-05T23:39:15
5274,信驊,2023-09-04,2620.0,70.0,2.75%,,,,,,,,,ShowDailyK_ChartFlow,FinMind_API_TaiwanStockPrice_5274,True,2026-10-05T23:39:15,2026-10-05T23:39:15,2026-10-05T23:39:15
5274,信驊,2023-09-05,2640.0,20.0,0.76%,,,,,,,,,ShowDailyK_ChartFlow,FinMind_API_TaiwanStockPrice_5274,True,2026-10-05T23:39:15,2026-10-05T23:39:15,2026-10-05T23:39:15
5274,信驊,2023-09-06,2640.0,0.0,0.00%,,,,,,,,,ShowDailyK_ChartFlow,FinMind_API_TaiwanStockPrice_5274,True,2026-10-05T23:39:15,2026-10-05T23:39:15,2026-10-05T23:39:15
5274,信驊,2023-09-07,2655.0,15.0,0.57%,,,,,,,,,ShowDailyK_ChartFlow,FinMind_API_TaiwanStockPrice_5274,True,2026-10-05T23:39:15,2026-10-05T23:39:15,2026-10-05T23:39:15
5274,信驊,2023-09-08,2535.0,-120.0,-4.52%,,,,,,,,,ShowDailyK_ChartFlow,FinMind_API_TaiwanStockPrice_5274,True,2026-10-05T23:39:15,2026-10-05T23:39:15,2026-10-05T23:39:15
5274,信驊,2023-09-11,2490.0,-45.0,-1.78%,,,,,,,,,ShowDailyK_ChartFlow,FinMind_API_TaiwanStockPrice_5274,True,2026-10-05T23:39:15,2026-10-05T23:39:15,2026-10-05T23:39:15
5274,信驊,2023-09-12,2635.0,145.0,5.82%,,,,,,,,,ShowDailyK_ChartFlow,FinMind_API_TaiwanStockPrice_5274,True,2026-10-05T23:39:15,2026-10-05T23:39:15,2026-10-05T23:39:15
5274,信驊,2023-09-13,2740.0,105.0,3.98%,,,,,,,,,ShowDailyK_ChartFlow,FinMind_API_TaiwanStockPrice_5274,True,2026-10-05T23:39:15,2026-10-05T23:39:15,2026-10-05T23:39:15
5274,信驊,2023-09-14,2770.0,30.0,1.09%,,,,,,,,,ShowDailyK_ChartFlow,FinMind_API_TaiwanStockPrice_5274,True,2026-10-05T23:39:15,2026-10-05T23:39:15,2026-10-05T23:39:15
5274,信驊,2023-09-15,2815.0,45.0,1.62%,,,,,,,,,ShowDailyK_ChartFlow,FinMind_API_TaiwanStockPrice_5274,True,2026-10-05T23:39:15,2026-10-05T23:39:15,2026-10-05T23:39:15
5274,信驊,2023-09-18,2690.0,-125.0,-4.44%,,,,,,,,,ShowDailyK_ChartFlow,FinMind_API_TaiwanStockPrice_5274,True,2026-10-05T23:39:15,2026-10-05T23:39:15,2026-10-05T23:39:15
5274,信驊,2023-09-19,2775.0,85.0,3.16%,,,,,,,,,ShowDailyK_ChartFlow,FinMind_API_TaiwanStockPrice_5274,True,2026-10-05T23:39:15,2026-10-05T23:39:15,2026-10-05T23:39:15
5274,信驊,2023-09-20,2630.0,-145.0,-5.23%,,,,,,,,,ShowDailyK_ChartFlow,FinMind_API_TaiwanStockPrice_5274,True,2026-10-05T23:39:15,2026-10-05T23:39:15,2026-10-05T23:39:15
5274,信驊,2023-09-21,2585.0,-45.0,-1.71%,,,,,,,,,ShowDailyK_ChartFlow,FinMind_API_TaiwanStockPrice_5274,True,2026-10-05T23:39:15,2026-10-05T23:39:15,2026-10-05T23:39:15
5274,信驊,2023-09-22,2560.0,-25.0,-0.97%,,,,,,,,,ShowDailyK_ChartFlow,FinMind_API_TaiwanStockPrice_5274,True,2026-10-05T23:39:15,2026-10-05T23:39:15,2026-10-05T23:39:15
5274,信驊,2023-09-25,2590.0,30.0,1.17%,,,,,,,,,ShowDailyK_ChartFlow,FinMind_API_TaiwanStockPrice_5274,True,2026-10-05T23:39:15,2026-10-05T23:39:15,2026-10-05T23:39:15
5274,信驊,2023-09-26,2710.0,120.0,4.63%,,,,,,,,,ShowDailyK_ChartFlow,FinMind_API_TaiwanStockPrice_5274,True,2026-10-05T23:39:15,2026-10-05T23:39:15,2026-10-05T23:39:15
5274,信驊,2023-09-27,2635.0,-75.0,-2.77%,,,,,,,,,ShowDailyK_ChartFlow,FinMind_API_TaiwanStockPrice_5274,True,2026-10-05T23:39:15,2026-10-05T23:39:15,2026-10-05T23:39:15
5274,信驊,2023-09-28,2765.0,130.0,4.93%,,,,,,,,,ShowDailyK_ChartFlow,FinMind_API_TaiwanStockPrice_5274,True,2026-10-05T23:39:15,2026-10-05T23:39:15,2026-10-05T23:39:15
5274,信驊,2023-10-02,2765.0,0.0,0.00%,,,,,,,,,ShowDailyK_ChartFlow,FinMind_API_TaiwanStockPrice_5274,True,2026-10-05T23:39:15,2026-10-05T23:39:15,2026-10-05T23:39:15
5274,信驊,2023-10-03,2725.0,-40.0,-1.45%,,,,,,,,,ShowDailyK_ChartFlow,FinMind_API_TaiwanStockPrice_5274,True,2026-10-05T23:39:15,2026-10-05T23:39:15,2026-10-05T23:39:15
5274,信驊,2023-10-04,2750.0,25.0,0.92%,,,,,,,,,ShowDailyK_ChartFlow,FinMind_API_TaiwanStockPrice_5274,True,2026-10-05T23:39:15,2026-10-05T23:39:15,2026-10-05T23:39:15
5274,信驊,2023-10-05,2825.0,75.0,2.73%,,,,,,,,,ShowDailyK_ChartFlow,FinMind_API_TaiwanStockPrice_5274,True,2026-10-05T23:39:15,2026-10-05T23:39:15,2026-10-05T23:39:15
5274,信驊,2023-10-06,2840.0,15.0,0.53%,,,,,,,,,ShowDailyK_ChartFlow,FinMind_API_TaiwanStockPrice_5274,True,2026-10-05T23:39:15,2026-10-05T23:39:15,2026-10-05T23:39:15
5274,信驊,2023-10-11,3035.0,195.0,6.87%,,,,,,,,,ShowDailyK_ChartFlow,FinMind_API_TaiwanStockPrice_5274,True,2026-10-05T23:39:15,2026-10-05T23:39:15,2026-10-05T23:39:15
5274,信驊,2023-10-12,2885.0,-150.0,-4.94%,,,,,,,,,ShowDailyK_ChartFlow,FinMind_API_TaiwanStockPrice_5274,True,2026-10-05T23:39:15,2026-10-05T23:39:15,2026-10-05T23:39:15
5274,信驊,2023-10-13,2875.0,-10.0,-0.35%,,,,,,,,,ShowDailyK_ChartFlow,FinMind_API_TaiwanStockPrice_5274,True,2026-10-05T23:39:15,2026-10-05T23:39:15,2026-10-05T23:39:15
5274,信驊,2023-10-16,2870.0,-5.0,-0.17%,,,,,,,,,ShowDailyK_ChartFlow,FinMind_API_TaiwanStockPrice_5274,True,2026-10-05T23:39:15,2026-10-05T23:39:15,2026-10-05T23:39:15
5274,信驊,2023-10-17,2820.0,-50.0,-1.74%,,,,,,,,,ShowDailyK_ChartFlow,FinMind_API_TaiwanStockPrice_5274,True,2026-10-05T23:39:15,2026-10-05T23:39:15,2026-10-05T23:39:15
5274,信驊,2023-10-18,2775.0,-45.0,-1.60%,,,,,,,,,ShowDailyK_ChartFlow,FinMind_API_TaiwanStockPrice_5274,True,2026-10-05T23:39:15,2026-10-05T23:39:15,2026-10-05T23:39:15
5274,信驊,2023-10-19,2895.0,120.0,4.32%,,,,,,,,,ShowDailyK_ChartFlow,FinMind_API_TaiwanStockPrice_5274,True,2026-10-05T23:39:15,2026-10-05T23:39:15,2026-10-05T23:39:15
5274,信驊,2023-10-20,2860.0,-35.0,-1.21%,,,,,,,,,ShowDailyK_ChartFlow,FinMind_API_TaiwanStockPrice_5274,True,2026-10-05T23:39:15,2026-10-05T23:39:15,2026-10-05T23:39:15
5274,信驊,2023-10-23,2830.0,-30.0,-1.05%,,,,,,,,,ShowDailyK_ChartFlow,FinMind_API_TaiwanStockPrice_5274,True,2026-10-05T23:39:15,2026-10-05T23:39:15,2026-10-05T23:39:15
5274,信驊,2023-10-24,2730.0,-100.0,-3.53%,,,,,,,,,ShowDailyK_ChartFlow,FinMind_API_TaiwanStockPrice_5274,True,2026-10-05T23:39:15,2026-10-05T23:39:15,2026-10-05T23:39:15
5274,信驊,2023-10-25,2715.0,-15.0,-0.55%,,,,,,,,,ShowDailyK_ChartFlow,FinMind_API_TaiwanStockPrice_5274,True,2026-10-05T23:39:15,2026-10-05T23:39:15,2026-10-05T23:39:15
5274,信驊,2023-10-26,2595.0,-120.0,-4.42%,,,,,,,,,ShowDailyK_ChartFlow,FinMind_API_TaiwanStockPrice_5274,True,2026-10-05T23:39:15,2026-10-05T23:39:15,2026-10-05T23:39:15
5274,信驊,2023-10-27,2730.0,135.0,5.20%,,,,,,,,,ShowDailyK_ChartFlow,FinMind_API_TaiwanStockPrice_5274,True,2026-10-05T23:39:15,2026-10-05T23:39:15,2026-10-05T23:39:15
5274,信驊,2023-10-30,2705.0,-25.0,-0.92%,,,,,,,,,ShowDailyK_ChartFlow,FinMind_API_TaiwanStockPrice_5274,True,2026-10-05T23:39:15,2026-10-05T23:39:15,2026-10-05T23:39:15
5274,信驊,2023-10-31,2570.0,-135.0,-4.99%,,,,,,,,,ShowDailyK_ChartFlow,FinMind_API_TaiwanStockPrice_5274,True,2026-10-05T23:39:15,2026-10-05T23:39:15,2026-10-05T23:39:15
5274,信驊,2023-11-01,2645.0,75.0,2.92%,,,,,,,,,ShowDailyK_ChartFlow,FinMind_API_TaiwanStockPrice_5274,True,2026-10-05T23:39:15,2026-10-05T23:39:15,2026-10-05T23:39:15
5274,信驊,2023-11-02,2655.0,10.0,0.38%,,,,,,,,,ShowDailyK_ChartFlow,FinMind_API_TaiwanStockPrice_5274,True,2026-10-05T23:39:15,2026-10-05T23:39:15,2026-10-05T23:39:15
5274,信驊,2023-11-03,2625.0,-30.0,-1.13%,,,,,,,,,ShowDailyK_ChartFlow,FinMind_API_TaiwanStockPrice_5274,True,2026-10-05T23:39:15,2026-10-05T23:39:15,2026-10-05T23:39:15
5274,信驊,2023-11-06,2735.0,110.0,4.19%,,,,,,,,,ShowDailyK_ChartFlow,FinMind_API_TaiwanStockPrice_5274,True,2026-10-05T23:39:15,2026-10-05T23:39:15,2026-10-05T23:39:15
5274,信驊,2023-11-07,2730.0,-5.0,-0.18%,,,,,,,,,ShowDailyK_ChartFlow,FinMind_API_TaiwanStockPrice_5274,True,2026-10-05T23:39:15,2026-10-05T23:39:15,2026-10-05T23:39:15
5274,信驊,2023-11-08,2850.0,120.0,4.40%,,,,,,,,,ShowDailyK_ChartFlow,FinMind_API_TaiwanStockPrice_5274,True,2026-10-05T23:39:15,2026-10-05T23:39:15,2026-10-05T23:39:15
5274,信驊,2023-11-09,2840.0,-10.0,-0.35%,,,,,,,,,ShowDailyK_ChartFlow,FinMind_API_TaiwanStockPrice_5274,True,2026-10-05T23:39:15,2026-10-05T23:39:15,2026-10-05T23:39:15
5274,信驊,2023-11-10,2810.0,-30.0,-1.06%,,,,,,,,,ShowDailyK_ChartFlow,FinMind_API_TaiwanStockPrice_5274,True,2026-10-05T23:39:15,2026-10-05T23:39:15,2026-10-05T23:39:15
5274,信驊,2023-11-13,2835.0,25.0,0.89%,,,,,,,,,ShowDailyK_ChartFlow,FinMind_API_TaiwanStockPrice_5274,True,2026-10-05T23:39:15,2026-10-05T23:39:15,2026-10-05T23:39:15
5274,信驊,2023-11-14,2920.0,85.0,3.00%,,,,,,,,,ShowDailyK_ChartFlow,FinMind_API_TaiwanStockPrice_5274,True,2026-10-05T23:39:15,2026-10-05T23:39:15,2026-10-05T23:39:15
5274,信驊,2023-11-15,2845.0,-75.0,-2.57%,,,,,,,,,ShowDailyK_ChartFlow,FinMind_API_TaiwanStockPrice_5274,True,2026-10-05T23:39:15,2026-10-05T23:39:15,2026-10-05T23:39:15
5274,信驊,2023-11-16,2865.0,20.0,0.70%,,,,,,,,,ShowDailyK_ChartFlow,FinMind_API_TaiwanStockPrice_5274,True,2026-10-05T23:39:15,2026-10-05T23:39:15,2026-10-05T23:39:15
5274,信驊,2023-11-17,2910.0,45.0,1.57%,,,,,,,,,ShowDailyK_ChartFlow,FinMind_API_TaiwanStockPrice_5274,True,2026-10-05T23:39:15,2026-10-05T23:39:15,2026-10-05T23:39:15
5274,信驊,2023-11-20,2865.0,-45.0,-1.55%,,,,,,,,,ShowDailyK_ChartFlow,FinMind_API_TaiwanStockPrice_5274,True,2026-10-05T23:39:15,2026-10-05T23:39:15,2026-10-05T23:39:15
5274,信驊,2023-11-21,2850.0,-15.0,-0.52%,,,,,,,,,ShowDailyK_ChartFlow,FinMind_API_TaiwanStockPrice_5274,True,2026-10-05T23:39:15,2026-10-05T23:39:15,2026-10-05T23:39:15
5274,信驊,2023-11-22,2870.0,20.0,0.70%,,,,,,,,,ShowDailyK_ChartFlow,FinMind_API_TaiwanStockPrice_5274,True,2026-10-05T23:39:15,2026-10-05T23:39:15,2026-10-05T23:39:15
5274,信驊,2023-11-23,2835.0,-35.0,-1.22%,,,,,,,,,ShowDailyK_ChartFlow,FinMind_API_TaiwanStockPrice_5274,True,2026-10-05T23:39:15,2026-10-05T23:39:15,2026-10-05T23:39:15
5274,信驊,2023-11-24,2820.0,-15.0,-0.53%,,,,,,,,,ShowDailyK_ChartFlow,FinMind_API_TaiwanStockPrice_5274,True,2026-10-05T23:39:15,2026-10-05T23:39:15,2026-10-05T23:39:15
5274,信驊,2023-11-27,2800.0,-20.0,-0.71%,,,,,,,,,ShowDailyK_ChartFlow,FinMind_API_TaiwanStockPrice_5274,True,2026-10-05T23:39:15,2026-10-05T23:39:15,2026-10-05T23:39:15
5274,信驊,2023-11-28,2930.0,130.0,4.64%,,,,,,,,,ShowDailyK_ChartFlow,FinMind_API_TaiwanStockPrice_5274,True,2026-10-05T23:39:15,2026-10-05T23:39:15,2026-10-05T23:39:15
5274,信驊,2023-11-29,2945.0,15.0,0.51%,,,,,,,,,ShowDailyK_ChartFlow,FinMind_API_TaiwanStockPrice_5274,True,2026-10-05T23:39:15,2026-10-05T23:39:15,2026-10-05T23:39:15
5274,信驊,2023-11-30,2945.0,0.0,0.00%,,,,,,,,,ShowDailyK_ChartFlow,FinMind_API_TaiwanStockPrice_5274,True,2026-10-05T23:39:15,2026-10-05T23:39:15,2026-10-05T23:39:15
5274,信驊,2023-12-01,2885.0,-60.0,-2.04%,,,,,,,,,ShowDailyK_ChartFlow,FinMind_API_TaiwanStockPrice_5274,True,2026-10-05T23:39:15,2026-10-05T23:39:15,2026-10-05T23:39:15
5274,信驊,2023-12-04,2840.0,-45.0,-1.56%,,,,,,,,,ShowDailyK_ChartFlow,FinMind_API_TaiwanStockPrice_5274,True,2026-10-05T23:39:15,2026-10-05T23:39:15,2026-10-05T23:39:15
5274,信驊,2023-12-05,2810.0,-30.0,-1.06%,,,,,,,,,ShowDailyK_ChartFlow,FinMind_API_TaiwanStockPrice_5274,True,2026-10-05T23:39:15,2026-10-05T23:39:15,2026-10-05T23:39:15
5274,信驊,2023-12-06,2815.0,5.0,0.18%,,,,,,,,,ShowDailyK_ChartFlow,FinMind_API_TaiwanStockPrice_5274,True,2026-10-05T23:39:15,2026-10-05T23:39:15,2026-10-05T23:39:15
5274,信驊,2023-12-07,2940.0,125.0,4.44%,,,,,,,,,ShowDailyK_ChartFlow,FinMind_API_TaiwanStockPrice_5274,True,2026-10-05T23:39:15,2026-10-05T23:39:15,2026-10-05T23:39:15
5274,信驊,2023-12-08,2925.0,-15.0,-0.51%,,,,,,,,,ShowDailyK_ChartFlow,FinMind_API_TaiwanStockPrice_5274,True,2026-10-05T23:39:15,2026-10-05T23:39:15,2026-10-05T23:39:15
5274,信驊,2023-12-11,3040.0,115.0,3.93%,,,,,,,,,ShowDailyK_ChartFlow,FinMind_API_TaiwanStockPrice_5274,True,2026-10-05T23:39:15,2026-10-05T23:39:15,2026-10-05T23:39:15
5274,信驊,2023-12-12,3115.0,75.0,2.47%,,,,,,,,,ShowDailyK_ChartFlow,FinMind_API_TaiwanStockPrice_5274,True,2026-10-05T23:39:15,2026-10-05T23:39:15,2026-10-05T23:39:15
5274,信驊,2023-12-13,3140.0,25.0,0.80%,,,,,,,,,ShowDailyK_ChartFlow,FinMind_API_TaiwanStockPrice_5274,True,2026-10-05T23:39:15,2026-10-05T23:39:15,2026-10-05T23:39:15
5274,信驊,2023-12-14,3075.0,-65.0,-2.07%,,,,,,,,,ShowDailyK_ChartFlow,FinMind_API_TaiwanStockPrice_5274,True,2026-10-05T23:39:15,2026-10-05T23:39:15,2026-10-05T23:39:15
5274,信驊,2023-12-15,3100.0,25.0,0.81%,,,,,,,,,ShowDailyK_ChartFlow,FinMind_API_TaiwanStockPrice_5274,True,2026-10-05T23:39:15,2026-10-05T23:39:15,2026-10-05T23:39:15
5274,信驊,2023-12-18,3035.0,-65.0,-2.10%,,,,,,,,,ShowDailyK_ChartFlow,FinMind_API_TaiwanStockPrice_5274,True,2026-10-05T23:39:15,2026-10-05T23:39:15,2026-10-05T23:39:15
5274,信驊,2023-12-19,3000.0,-35.0,-1.15%,,,,,,,,,ShowDailyK_ChartFlow,FinMind_API_TaiwanStockPrice_5274,True,2026-10-05T23:39:15,2026-10-05T23:39:15,2026-10-05T23:39:15
5274,信驊,2023-12-20,2985.0,-15.0,-0.50%,,,,,,,,,ShowDailyK_ChartFlow,FinMind_API_TaiwanStockPrice_5274,True,2026-10-05T23:39:15,2026-10-05T23:39:15,2026-10-05T23:39:15
5274,信驊,2023-12-21,3050.0,65.0,2.18%,,,,,,,,,ShowDailyK_ChartFlow,FinMind_API_TaiwanStockPrice_5274,True,2026-10-05T23:39:15,2026-10-05T23:39:15,2026-10-05T23:39:15
5274,信驊,2023-12-22,3090.0,40.0,1.31%,,,,,,,,,ShowDailyK_ChartFlow,FinMind_API_TaiwanStockPrice_5274,True,2026-10-05T23:39:15,2026-10-05T23:39:15,2026-10-05T23:39:15
5274,信驊,2023-12-25,3110.0,20.0,0.65%,,,,,,,,,ShowDailyK_ChartFlow,FinMind_API_TaiwanStockPrice_5274,True,2026-10-05T23:39:15,2026-10-05T23:39:15,2026-10-05T23:39:15
5274,信驊,2023-12-26,3125.0,15.0,0.48%,,,,,,,,,ShowDailyK_ChartFlow,FinMind_API_TaiwanStockPrice_5274,True,2026-10-05T23:39:15,2026-10-05T23:39:15,2026-10-05T23:39:15
5274,信驊,2023-12-27,3160.0,35.0,1.12%,,,,,,,,,ShowDailyK_ChartFlow,FinMind_API_TaiwanStockPrice_5274,True,2026-10-05T23:39:15,2026-10-05T23:39:15,2026-10-05T23:39:15
5274,信驊,2023-12-28,3090.0,-70.0,-2.22%,,,,,,,,,ShowDailyK_ChartFlow,FinMind_API_TaiwanStockPrice_5274,True,2026-10-05T23:39:15,2026-10-05T23:39:15,2026-10-05T23:39:15
5274,信驊,2023-12-29,3120.0,30.0,0.97%,,,,,,,,,ShowDailyK_ChartFlow,FinMind_API_TaiwanStockPrice_5274,True,2026-10-05T23:39:15,2026-10-05T23:39:15,2026-10-05T23:39:15
5274,信驊,2024-01-02,2965.0,-155.0,-4.97%,,,,,,,,,ShowDailyK_ChartFlow,FinMind_API_TaiwanStockPrice_5274,True,2026-10-05T23:39:15,2026-10-05T23:39:15,2026-10-05T23:39:15
5274,信驊,2024-01-03,2915.0,-50.0,-1.69%,,,,,,,,,ShowDailyK_ChartFlow,FinMind_API_TaiwanStockPrice_5274,True,2026-10-05T23:39:15,2026-10-05T23:39:15,2026-10-05T23:39:15
5274,信驊,2024-01-04,2860.0,-55.0,-1.89%,,,,,,,,,ShowDailyK_ChartFlow,FinMind_API_TaiwanStockPrice_5274,True,2026-10-05T23:39:15,2026-10-05T23:39:15,2026-10-05T23:39:15
5274,信驊,2024-01-05,3000.0,140.0,4.90%,,,,,,,,,ShowDailyK_ChartFlow,FinMind_API_TaiwanStockPrice_5274,True,2026-10-05T23:39:15,2026-10-05T23:39:15,2026-10-05T23:39:15
5274,信驊,2024-01-08,3040.0,40.0,1.33%,,,,,,,,,ShowDailyK_ChartFlow,FinMind_API_TaiwanStockPrice_5274,True,2026-10-05T23:39:15,2026-10-05T23:39:15,2026-10-05T23:39:15
5274,信驊,2024-01-09,2980.0,-60.0,-1.97%,,,,,,,,,ShowDailyK_ChartFlow,FinMind_API_TaiwanStockPrice_5274,True,2026-10-05T23:39:15,2026-10-05T23:39:15,2026-10-05T23:39:15
5274,信驊,2024-01-10,3020.0,40.0,1.34%,,,,,,,,,ShowDailyK_ChartFlow,FinMind_API_TaiwanStockPrice_5274,True,2026-10-05T23:39:15,2026-10-05T23:39:15,2026-10-05T23:39:15
5274,信驊,2024-01-11,3130.0,110.0,3.64%,,,,,,,,,ShowDailyK_ChartFlow,FinMind_API_TaiwanStockPrice_5274,True,2026-10-05T23:39:15,2026-10-05T23:39:15,2026-10-05T23:39:15
5274,信驊,2024-01-12,3025.0,-105.0,-3.35%,,,,,,,,,ShowDailyK_ChartFlow,FinMind_API_TaiwanStockPrice_5274,True,2026-10-05T23:39:15,2026-10-05T23:39:15,2026-10-05T23:39:15
5274,信驊,2024-01-15,2975.0,-50.0,-1.65%,,,,,,,,,ShowDailyK_ChartFlow,FinMind_API_TaiwanStockPrice_5274,True,2026-10-05T23:39:15,2026-10-05T23:39:15,2026-10-05T23:39:15
5274,信驊,2024-01-16,2960.0,-15.0,-0.50%,,,,,,,,,ShowDailyK_ChartFlow,FinMind_API_TaiwanStockPrice_5274,True,2026-10-05T23:39:15,2026-10-05T23:39:15,2026-10-05T23:39:15
5274,信驊,2024-01-17,2855.0,-105.0,-3.55%,,,,,,,,,ShowDailyK_ChartFlow,FinMind_API_TaiwanStockPrice_5274,True,2026-10-05T23:39:15,2026-10-05T23:39:15,2026-10-05T23:39:15
5274,信驊,2024-01-18,2930.0,75.0,2.63%,,,,,,,,,ShowDailyK_ChartFlow,FinMind_API_TaiwanStockPrice_5274,True,2026-10-05T23:39:15,2026-10-05T23:39:15,2026-10-05T23:39:15
5274,信驊,2024-01-19,3030.0,100.0,3.41%,,,,,,,,,ShowDailyK_ChartFlow,FinMind_API_TaiwanStockPrice_5274,True,2026-10-05T23:39:15,2026-10-05T23:39:15,2026-10-05T23:39:15
5274,信驊,2024-01-22,3045.0,15.0,0.50%,,,,,,,,,ShowDailyK_ChartFlow,FinMind_API_TaiwanStockPrice_5274,True,2026-10-05T23:39:15,2026-10-05T23:39:15,2026-10-05T23:39:15
5274,信驊,2024-01-23,3075.0,30.0,0.99%,,,,,,,,,ShowDailyK_ChartFlow,FinMind_API_TaiwanStockPrice_5274,True,2026-10-05T23:39:15,2026-10-05T23:39:15,2026-10-05T23:39:15
5274,信驊,2024-01-24,3080.0,5.0,0.16%,,,,,,,,,ShowDailyK_ChartFlow,FinMind_API_TaiwanStockPrice_5274,True,2026-10-05T23:39:15,2026-10-05T23:39:15,2026-10-05T23:39:15
5274,信驊,2024-01-25,3085.0,5.0,0.16%,,,,,,,,,ShowDailyK_ChartFlow,FinMind_API_TaiwanStockPrice_5274,True,2026-10-05T23:39:15,2026-10-05T23:39:15,2026-10-05T23:39:15
5274,信驊,2024-01-26,2905.0,-180.0,-5.83%,,,,,,,,,ShowDailyK_ChartFlow,FinMind_API_TaiwanStockPrice_5274,True,2026-10-05T23:39:15,2026-10-05T23:39:15,2026-10-05T23:39:15
5274,信驊,2024-01-29,3025.0,120.0,4.13%,,,,,,,,,ShowDailyK_ChartFlow,FinMind_API_TaiwanStockPrice_5274,True,2026-10-05T23:39:15,2026-10-05T23:39:15,2026-10-05T23:39:15
5274,信驊,2024-01-30,3260.0,235.0,7.77%,,,,,,,,,ShowDailyK_ChartFlow,FinMind_API_TaiwanStockPrice_5274,True,2026-10-05T23:39:15,2026-10-05T23:39:15,2026-10-05T23:39:15
5274,信驊,2024-01-31,3085.0,-175.0,-5.37%,,,,,,,,,ShowDailyK_ChartFlow,FinMind_API_TaiwanStockPrice_5274,True,2026-10-05T23:39:15,2026-10-05T23:39:15,2026-10-05T23:39:15
5274,信驊,2024-02-01,3030.0,-55.0,-1.78%,,,,,,,,,ShowDailyK_ChartFlow,FinMind_API_TaiwanStockPrice_5274,True,2026-10-05T23:39:15,2026-10-05T23:39:15,2026-10-05T23:39:15
5274,信驊,2024-02-02,3060.0,30.0,0.99%,,,,,,,,,ShowDailyK_ChartFlow,FinMind_API_TaiwanStockPrice_5274,True,2026-10-05T23:39:15,2026-10-05T23:39:15,2026-10-05T23:39:15
5274,信驊,2024-02-05,3035.0,-25.0,-0.82%,,,,,,,,,ShowDailyK_ChartFlow,FinMind_API_TaiwanStockPrice_5274,True,2026-10-05T23:39:15,2026-10-05T23:39:15,2026-10-05T23:39:15
5274,信驊,2024-02-15,3100.0,65.0,2.14%,,,,,,,,,ShowDailyK_ChartFlow,FinMind_API_TaiwanStockPrice_5274,True,2026-10-05T23:39:15,2026-10-05T23:39:15,2026-10-05T23:39:15
5274,信驊,2024-02-16,3060.0,-40.0,-1.29%,,,,,,,,,ShowDailyK_ChartFlow,FinMind_API_TaiwanStockPrice_5274,True,2026-10-05T23:39:15,2026-10-05T23:39:15,2026-10-05T23:39:15
5274,信驊,2024-02-19,3035.0,-25.0,-0.82%,,,,,,,,,ShowDailyK_ChartFlow,FinMind_API_TaiwanStockPrice_5274,True,2026-10-05T23:39:15,2026-10-05T23:39:15,2026-10-05T23:39:15
5274,信驊,2024-02-20,3030.0,-5.0,-0.16%,,,,,,,,,ShowDailyK_ChartFlow,FinMind_API_TaiwanStockPrice_5274,True,2026-10-05T23:39:15,2026-10-05T23:39:15,2026-10-05T23:39:15
5274,信驊,2024-02-21,2765.0,-265.0,-8.75%,,,,,,,,,ShowDailyK_ChartFlow,FinMind_API_TaiwanStockPrice_5274,True,2026-10-05T23:39:15,2026-10-05T23:39:15,2026-10-05T23:39:15
5274,信驊,2024-02-22,2660.0,-105.0,-3.80%,,,,,,,,,ShowDailyK_ChartFlow,FinMind_API_TaiwanStockPrice_5274,True,2026-10-05T23:39:15,2026-10-05T23:39:15,2026-10-05T23:39:15
5274,信驊,2024-02-23,2660.0,0.0,0.00%,,,,,,,,,ShowDailyK_ChartFlow,FinMind_API_TaiwanStockPrice_5274,True,2026-10-05T23:39:15,2026-10-05T23:39:15,2026-10-05T23:39:15
5274,信驊,2024-02-26,2795.0,135.0,5.08%,,,,,,,,,ShowDailyK_ChartFlow,FinMind_API_TaiwanStockPrice_5274,True,2026-10-05T23:39:15,2026-10-05T23:39:15,2026-10-05T23:39:15
5274,信驊,2024-02-27,2700.0,-95.0,-3.40%,,,,,,,,,ShowDailyK_ChartFlow,FinMind_API_TaiwanStockPrice_5274,True,2026-10-05T23:39:15,2026-10-05T23:39:15,2026-10-05T23:39:15
5274,信驊,2024-02-29,2735.0,35.0,1.30%,,,,,,,,,ShowDailyK_ChartFlow,FinMind_API_TaiwanStockPrice_5274,True,2026-10-05T23:39:15,2026-10-05T23:39:15,2026-10-05T23:39:15
5274,信驊,2024-03-01,2865.0,130.0,4.75%,,,,,,,,,ShowDailyK_ChartFlow,FinMind_API_TaiwanStockPrice_5274,True,2026-10-05T23:39:15,2026-10-05T23:39:15,2026-10-05T23:39:15
5274,信驊,2024-03-04,2870.0,5.0,0.17%,,,,,,,,,ShowDailyK_ChartFlow,FinMind_API_TaiwanStockPrice_5274,True,2026-10-05T23:39:15,2026-10-05T23:39:15,2026-10-05T23:39:15
5274,信驊,2024-03-05,2930.0,60.0,2.09%,,,,,,,,,ShowDailyK_ChartFlow,FinMind_API_TaiwanStockPrice_5274,True,2026-10-05T23:39:15,2026-10-05T23:39:15,2026-10-05T23:39:15
5274,信驊,2024-03-06,2945.0,15.0,0.51%,,,,,,,,,ShowDailyK_ChartFlow,FinMind_API_TaiwanStockPrice_5274,True,2026-10-05T23:39:15,2026-10-05T23:39:15,2026-10-05T23:39:15
5274,信驊,2024-03-07,2960.0,15.0,0.51%,,,,,,,,,ShowDailyK_ChartFlow,FinMind_API_TaiwanStockPrice_5274,True,2026-10-05T23:39:15,2026-10-05T23:39:15,2026-10-05T23:39:15
5274,信驊,2024-03-08,2925.0,-35.0,-1.18%,,,,,,,,,ShowDailyK_ChartFlow,FinMind_API_TaiwanStockPrice_5274,True,2026-10-05T23:39:15,2026-10-05T23:39:15,2026-10-05T23:39:15
5274,信驊,2024-03-11,2920.0,-5.0,-0.17%,,,,,,,,,ShowDailyK_ChartFlow,FinMind_API_TaiwanStockPrice_5274,True,2026-10-05T23:39:15,2026-10-05T23:39:15,2026-10-05T23:39:15
5274,信驊,2024-03-12,2735.0,-185.0,-6.34%,,,,,,,,,ShowDailyK_ChartFlow,FinMind_API_TaiwanStockPrice_5274,True,2026-10-05T23:39:15,2026-10-05T23:39:15,2026-10-05T23:39:15
5274,信驊,2024-03-13,2640.0,-95.0,-3.47%,,,,,,,,,ShowDailyK_ChartFlow,FinMind_API_TaiwanStockPrice_5274,True,2026-10-05T23:39:15,2026-10-05T23:39:15,2026-10-05T23:39:15
5274,信驊,2024-03-14,2755.0,115.0,4.36%,,,,,,,,,ShowDailyK_ChartFlow,FinMind_API_TaiwanStockPrice_5274,True,2026-10-05T23:39:15,2026-10-05T23:39:15,2026-10-05T23:39:15
5274,信驊,2024-03-15,2770.0,15.0,0.54%,,,,,,,,,ShowDailyK_ChartFlow,FinMind_API_TaiwanStockPrice_5274,True,2026-10-05T23:39:15,2026-10-05T23:39:15,2026-10-05T23:39:15
5274,信驊,2024-03-18,2955.0,185.0,6.68%,,,,,,,,,ShowDailyK_ChartFlow,FinMind_API_TaiwanStockPrice_5274,True,2026-10-05T23:39:15,2026-10-05T23:39:15,2026-10-05T23:39:15
5274,信驊,2024-03-19,2845.0,-110.0,-3.72%,,,,,,,,,ShowDailyK_ChartFlow,FinMind_API_TaiwanStockPrice_5274,True,2026-10-05T23:39:15,2026-10-05T23:39:15,2026-10-05T23:39:15
5274,信驊,2024-03-20,2845.0,0.0,0.00%,,,,,,,,,ShowDailyK_ChartFlow,FinMind_API_TaiwanStockPrice_5274,True,2026-10-05T23:39:15,2026-10-05T23:39:15,2026-10-05T23:39:15
5274,信驊,2024-03-21,2835.0,-10.0,-0.35%,,,,,,,,,ShowDailyK_ChartFlow,FinMind_API_TaiwanStockPrice_5274,True,2026-10-05T23:39:15,2026-10-05T23:39:15,2026-10-05T23:39:15
5274,信驊,2024-03-22,2915.0,80.0,2.82%,,,,,,,,,ShowDailyK_ChartFlow,FinMind_API_TaiwanStockPrice_5274,True,2026-10-05T23:39:15,2026-10-05T23:39:15,2026-10-05T23:39:15
5274,信驊,2024-03-25,2890.0,-25.0,-0.86%,,,,,,,,,ShowDailyK_ChartFlow,FinMind_API_TaiwanStockPrice_5274,True,2026-10-05T23:39:15,2026-10-05T23:39:15,2026-10-05T23:39:15
5274,信驊,2024-03-26,2925.0,35.0,1.21%,,,,,,,,,ShowDailyK_ChartFlow,FinMind_API_TaiwanStockPrice_5274,True,2026-10-05T23:39:15,2026-10-05T23:39:15,2026-10-05T23:39:15
5274,信驊,2024-03-27,3215.0,290.0,9.91%,,,,,,,,,ShowDailyK_ChartFlow,FinMind_API_TaiwanStockPrice_5274,True,2026-10-05T23:39:15,2026-10-05T23:39:15,2026-10-05T23:39:15
5274,信驊,2024-03-28,3330.0,115.0,3.58%,,,,,,,,,ShowDailyK_ChartFlow,FinMind_API_TaiwanStockPrice_5274,True,2026-10-05T23:39:15,2026-10-05T23:39:15,2026-10-05T23:39:15
5274,信驊,2024-03-29,3330.0,0.0,0.00%,,,,,,,,,ShowDailyK_ChartFlow,FinMind_API_TaiwanStockPrice_5274,True,2026-10-05T23:39:15,2026-10-05T23:39:15,2026-10-05T23:39:15
5274,信驊,2024-04-01,3350.0,20.0,0.60%,,,,,,,,,ShowDailyK_ChartFlow,FinMind_API_TaiwanStockPrice_5274,True,2026-10-05T23:39:15,2026-10-05T23:39:15,2026-10-05T23:39:15
5274,信驊,2024-04-02,3330.0,-20.0,-0.60%,,,,,,,,,ShowDailyK_ChartFlow,FinMind_API_TaiwanStockPrice_5274,True,2026-10-05T23:39:15,2026-10-05T23:39:15,2026-10-05T23:39:15
5274,信驊,2024-04-03,3405.0,75.0,2.25%,,,,,,,,,ShowDailyK_ChartFlow,FinMind_API_TaiwanStockPrice_5274,True,2026-10-05T23:39:15,2026-10-05T23:39:15,2026-10-05T23:39:15
5274,信驊,2024-04-08,3405.0,0.0,0.00%,,,,,,,,,ShowDailyK_ChartFlow,FinMind_API_TaiwanStockPrice_5274,True,2026-10-05T23:39:15,2026-10-05T23:39:15,2026-10-05T23:39:15
5274,信驊,2024-04-09,3225.0,-180.0,-5.29%,,,,,,,,,ShowDailyK_ChartFlow,FinMind_API_TaiwanStockPrice_5274,True,2026-10-05T23:39:15,2026-10-05T23:39:15,2026-10-05T23:39:15
5274,信驊,2024-04-10,3185.0,-40.0,-1.24%,,,,,,,,,ShowDailyK_ChartFlow,FinMind_API_TaiwanStockPrice_5274,True,2026-10-05T23:39:15,2026-10-05T23:39:15,2026-10-05T23:39:15
5274,信驊,2024-04-11,3170.0,-15.0,-0.47%,,,,,,,,,ShowDailyK_ChartFlow,FinMind_API_TaiwanStockPrice_5274,True,2026-10-05T23:39:15,2026-10-05T23:39:15,2026-10-05T23:39:15
5274,信驊,2024-04-12,3170.0,0.0,0.00%,,,,,,,,,ShowDailyK_ChartFlow,FinMind_API_TaiwanStockPrice_5274,True,2026-10-05T23:39:15,2026-10-05T23:39:15,2026-10-05T23:39:15
5274,信驊,2024-04-15,3115.0,-55.0,-1.74%,,,,,,,,,ShowDailyK_ChartFlow,FinMind_API_TaiwanStockPrice_5274,True,2026-10-05T23:39:15,2026-10-05T23:39:15,2026-10-05T23:39:15
5274,信驊,2024-04-16,3015.0,-100.0,-3.21%,,,,,,,,,ShowDailyK_ChartFlow,FinMind_API_TaiwanStockPrice_5274,True,2026-10-05T23:39:15,2026-10-05T23:39:15,2026-10-05T23:39:15
5274,信驊,2024-04-17,3160.0,145.0,4.81%,,,,,,,,,ShowDailyK_ChartFlow,FinMind_API_TaiwanStockPrice_5274,True,2026-10-05T23:39:15,2026-10-05T23:39:15,2026-10-05T23:39:15
5274,信驊,2024-04-18,3220.0,60.0,1.90%,,,,,,,,,ShowDailyK_ChartFlow,FinMind_API_TaiwanStockPrice_5274,True,2026-10-05T23:39:15,2026-10-05T23:39:15,2026-10-05T23:39:15
5274,信驊,2024-04-19,3000.0,-220.0,-6.83%,,,,,,,,,ShowDailyK_ChartFlow,FinMind_API_TaiwanStockPrice_5274,True,2026-10-05T23:39:15,2026-10-05T23:39:15,2026-10-05T23:39:15
5274,信驊,2024-04-22,2980.0,-20.0,-0.67%,,,,,,,,,ShowDailyK_ChartFlow,FinMind_API_TaiwanStockPrice_5274,True,2026-10-05T23:39:15,2026-10-05T23:39:15,2026-10-05T23:39:15
5274,信驊,2024-04-23,2900.0,-80.0,-2.68%,,,,,,,,,ShowDailyK_ChartFlow,FinMind_API_TaiwanStockPrice_5274,True,2026-10-05T23:39:15,2026-10-05T23:39:15,2026-10-05T23:39:15
5274,信驊,2024-04-24,3000.0,100.0,3.45%,,,,,,,,,ShowDailyK_ChartFlow,FinMind_API_TaiwanStockPrice_5274,True,2026-10-05T23:39:15,2026-10-05T23:39:15,2026-10-05T23:39:15
5274,信驊,2024-04-25,2890.0,-110.0,-3.67%,,,,,,,,,ShowDailyK_ChartFlow,FinMind_API_TaiwanStockPrice_5274,True,2026-10-05T23:39:15,2026-10-05T23:39:15,2026-10-05T23:39:15
5274,信驊,2024-04-26,3020.0,130.0,4.50%,,,,,,,,,ShowDailyK_ChartFlow,FinMind_API_TaiwanStockPrice_5274,True,2026-10-05T23:39:15,2026-10-05T23:39:15,2026-10-05T23:39:15
5274,信驊,2024-04-29,3140.0,120.0,3.97%,,,,,,,,,ShowDailyK_ChartFlow,FinMind_API_TaiwanStockPrice_5274,True,2026-10-05T23:39:15,2026-10-05T23:39:15,2026-10-05T23:39:15
5274,信驊,2024-04-30,3085.0,-55.0,-1.75%,,,,,,,,,ShowDailyK_ChartFlow,FinMind_API_TaiwanStockPrice_5274,True,2026-10-05T23:39:15,2026-10-05T23:39:15,2026-10-05T23:39:15
5274,信驊,2024-05-02,3130.0,45.0,1.46%,,,,,,,,,ShowDailyK_ChartFlow,FinMind_API_TaiwanStockPrice_5274,True,2026-10-05T23:39:15,2026-10-05T23:39:15,2026-10-05T23:39:15
5274,信驊,2024-05-03,3235.0,105.0,3.35%,,,,,,,,,ShowDailyK_ChartFlow,FinMind_API_TaiwanStockPrice_5274,True,2026-10-05T23:39:15,2026-10-05T23:39:15,2026-10-05T23:39:15
5274,信驊,2024-05-06,3280.0,45.0,1.39%,,,,,,,,,ShowDailyK_ChartFlow,FinMind_API_TaiwanStockPrice_5274,True,2026-10-05T23:39:15,2026-10-05T23:39:15,2026-10-05T23:39:15
5274,信驊,2024-05-07,3275.0,-5.0,-0.15%,,,,,,,,,ShowDailyK_ChartFlow,FinMind_API_TaiwanStockPrice_5274,True,2026-10-05T23:39:15,2026-10-05T23:39:15,2026-10-05T23:39:15
5274,信驊,2024-05-08,3170.0,-105.0,-3.21%,,,,,,,,,ShowDailyK_ChartFlow,FinMind_API_TaiwanStockPrice_5274,True,2026-10-05T23:39:15,2026-10-05T23:39:15,2026-10-05T23:39:15
5274,信驊,2024-05-09,3100.0,-70.0,-2.21%,,,,,,,,,ShowDailyK_ChartFlow,FinMind_API_TaiwanStockPrice_5274,True,2026-10-05T23:39:15,2026-10-05T23:39:15,2026-10-05T23:39:15
5274,信驊,2024-05-10,3010.0,-90.0,-2.90%,,,,,,,,,ShowDailyK_ChartFlow,FinMind_API_TaiwanStockPrice_5274,True,2026-10-05T23:39:15,2026-10-05T23:39:15,2026-10-05T23:39:15
5274,信驊,2024-05-13,3125.0,115.0,3.82%,,,,,,,,,ShowDailyK_ChartFlow,FinMind_API_TaiwanStockPrice_5274,True,2026-10-05T23:39:15,2026-10-05T23:39:15,2026-10-05T23:39:15
5274,信驊,2024-05-14,3205.0,80.0,2.56%,,,,,,,,,ShowDailyK_ChartFlow,FinMind_API_TaiwanStockPrice_5274,True,2026-10-05T23:39:15,2026-10-05T23:39:15,2026-10-05T23:39:15
5274,信驊,2024-05-15,3185.0,-20.0,-0.62%,,,,,,,,,ShowDailyK_ChartFlow,FinMind_API_TaiwanStockPrice_5274,True,2026-10-05T23:39:15,2026-10-05T23:39:15,2026-10-05T23:39:15
5274,信驊,2024-05-16,3410.0,225.0,7.06%,,,,,,,,,ShowDailyK_ChartFlow,FinMind_API_TaiwanStockPrice_5274,True,2026-10-05T23:39:15,2026-10-05T23:39:15,2026-10-05T23:39:15
5274,信驊,2024-05-17,3415.0,5.0,0.15%,,,,,,,,,ShowDailyK_ChartFlow,FinMind_API_TaiwanStockPrice_5274,True,2026-10-05T23:39:15,2026-10-05T23:39:15,2026-10-05T23:39:15
5274,信驊,2024-05-20,3310.0,-105.0,-3.07%,,,,,,,,,ShowDailyK_ChartFlow,FinMind_API_TaiwanStockPrice_5274,True,2026-10-05T23:39:15,2026-10-05T23:39:15,2026-10-05T23:39:15
5274,信驊,2024-05-21,3120.0,-190.0,-5.74%,,,,,,,,,ShowDailyK_ChartFlow,FinMind_API_TaiwanStockPrice_5274,True,2026-10-05T23:39:15,2026-10-05T23:39:15,2026-10-05T23:39:15
5274,信驊,2024-05-22,3300.0,180.0,5.77%,,,,,,,,,ShowDailyK_ChartFlow,FinMind_API_TaiwanStockPrice_5274,True,2026-10-05T23:39:15,2026-10-05T23:39:15,2026-10-05T23:39:15
5274,信驊,2024-05-23,3360.0,60.0,1.82%,,,,,,,,,ShowDailyK_ChartFlow,FinMind_API_TaiwanStockPrice_5274,True,2026-10-05T23:39:15,2026-10-05T23:39:15,2026-10-05T23:39:15
5274,信驊,2024-05-24,3695.0,335.0,9.97%,,,,,,,,,ShowDailyK_ChartFlow,FinMind_API_TaiwanStockPrice_5274,True,2026-10-05T23:39:15,2026-10-05T23:39:15,2026-10-05T23:39:15
5274,信驊,2024-05-27,3830.0,135.0,3.65%,,,,,,,,,ShowDailyK_ChartFlow,FinMind_API_TaiwanStockPrice_5274,True,2026-10-05T23:39:15,2026-10-05T23:39:15,2026-10-05T23:39:15
5274,信驊,2024-05-28,3880.0,50.0,1.31%,,,,,,,,,ShowDailyK_ChartFlow,FinMind_API_TaiwanStockPrice_5274,True,2026-10-05T23:39:15,2026-10-05T23:39:15,2026-10-05T23:39:15
5274,信驊,2024-05-29,3815.0,-65.0,-1.68%,,,,,,,,,ShowDailyK_ChartFlow,FinMind_API_TaiwanStockPrice_5274,True,2026-10-05T23:39:15,2026-10-05T23:39:15,2026-10-05T23:39:15
5274,信驊,2024-05-30,3750.0,-65.0,-1.70%,,,,,,,,,ShowDailyK_ChartFlow,FinMind_API_TaiwanStockPrice_5274,True,2026-10-05T23:39:15,2026-10-05T23:39:15,2026-10-05T23:39:15
5274,信驊,2024-05-31,3645.0,-105.0,-2.80%,,,,,,,,,ShowDailyK_ChartFlow,FinMind_API_TaiwanStockPrice_5274,True,2026-10-05T23:39:15,2026-10-05T23:39:15,2026-10-05T23:39:15
5274,信驊,2024-06-03,3820.0,175.0,4.80%,,,,,,,,,ShowDailyK_ChartFlow,FinMind_API_TaiwanStockPrice_5274,True,2026-10-05T23:39:15,2026-10-05T23:39:15,2026-10-05T23:39:15
5274,信驊,2024-06-04,3780.0,-40.0,-1.05%,,,,,,,,,ShowDailyK_ChartFlow,FinMind_API_TaiwanStockPrice_5274,True,2026-10-05T23:39:15,2026-10-05T23:39:15,2026-10-05T23:39:15
5274,信驊,2024-06-05,4090.0,310.0,8.20%,,,,,,,,,ShowDailyK_ChartFlow,FinMind_API_TaiwanStockPrice_5274,True,2026-10-05T23:39:15,2026-10-05T23:39:15,2026-10-05T23:39:15
5274,信驊,2024-06-06,4300.0,210.0,5.13%,,,,,,,,,ShowDailyK_ChartFlow,FinMind_API_TaiwanStockPrice_5274,True,2026-10-05T23:39:15,2026-10-05T23:39:15,2026-10-05T23:39:15
5274,信驊,2024-06-07,4290.0,-10.0,-0.23%,,,,,,,,,ShowDailyK_ChartFlow,FinMind_API_TaiwanStockPrice_5274,True,2026-10-05T23:39:15,2026-10-05T23:39:15,2026-10-05T23:39:15
5274,信驊,2024-06-11,4715.0,425.0,9.91%,,,,,,,,,ShowDailyK_ChartFlow,FinMind_API_TaiwanStockPrice_5274,True,2026-10-05T23:39:15,2026-10-05T23:39:15,2026-10-05T23:39:15
5274,信驊,2024-06-12,4675.0,-40.0,-0.85%,,,,,,,,,ShowDailyK_ChartFlow,FinMind_API_TaiwanStockPrice_5274,True,2026-10-05T23:39:15,2026-10-05T23:39:15,2026-10-05T23:39:15
5274,信驊,2024-06-13,4675.0,0.0,0.00%,,,,,,,,,ShowDailyK_ChartFlow,FinMind_API_TaiwanStockPrice_5274,True,2026-10-05T23:39:15,2026-10-05T23:39:15,2026-10-05T23:39:15
5274,信驊,2024-06-14,4740.0,65.0,1.39%,,,,,,,,,ShowDailyK_ChartFlow,FinMind_API_TaiwanStockPrice_5274,True,2026-10-05T23:39:15,2026-10-05T23:39:15,2026-10-05T23:39:15
5274,信驊,2024-06-17,4590.0,-150.0,-3.16%,,,,,,,,,ShowDailyK_ChartFlow,FinMind_API_TaiwanStockPrice_5274,True,2026-10-05T23:39:15,2026-10-05T23:39:15,2026-10-05T23:39:15
5274,信驊,2024-06-18,4700.0,110.0,2.40%,,,,,,,,,ShowDailyK_ChartFlow,FinMind_API_TaiwanStockPrice_5274,True,2026-10-05T23:39:15,2026-10-05T23:39:15,2026-10-05T23:39:15
5274,信驊,2024-06-19,4890.0,190.0,4.04%,,,,,,,,,ShowDailyK_ChartFlow,FinMind_API_TaiwanStockPrice_5274,True,2026-10-05T23:39:15,2026-10-05T23:39:15,2026-10-05T23:39:15
5274,信驊,2024-06-20,4985.0,95.0,1.94%,,,,,,,,,ShowDailyK_ChartFlow,FinMind_API_TaiwanStockPrice_5274,True,2026-10-05T23:39:15,2026-10-05T23:39:15,2026-10-05T23:39:15
5274,信驊,2024-06-21,4965.0,-20.0,-0.40%,,,,,,,,,ShowDailyK_ChartFlow,FinMind_API_TaiwanStockPrice_5274,True,2026-10-05T23:39:15,2026-10-05T23:39:15,2026-10-05T23:39:15
5274,信驊,2024-06-24,4740.0,-225.0,-4.53%,,,,,,,,,ShowDailyK_ChartFlow,FinMind_API_TaiwanStockPrice_5274,True,2026-10-05T23:39:15,2026-10-05T23:39:15,2026-10-05T23:39:15
5274,信驊,2024-06-25,4770.0,30.0,0.63%,,,,,,,,,ShowDailyK_ChartFlow,FinMind_API_TaiwanStockPrice_5274,True,2026-10-05T23:39:15,2026-10-05T23:39:15,2026-10-05T23:39:15
5274,信驊,2024-06-26,4950.0,180.0,3.77%,,,,,,,,,ShowDailyK_ChartFlow,FinMind_API_TaiwanStockPrice_5274,True,2026-10-05T23:39:15,2026-10-05T23:39:15,2026-10-05T23:39:15
5274,信驊,2024-06-27,4800.0,-150.0,-3.03%,,,,,,,,,ShowDailyK_ChartFlow,FinMind_API_TaiwanStockPrice_5274,True,2026-10-05T23:39:15,2026-10-05T23:39:15,2026-10-05T23:39:15
5274,信驊,2024-06-28,4840.0,40.0,0.83%,,,,,,,,,ShowDailyK_ChartFlow,FinMind_API_TaiwanStockPrice_5274,True,2026-10-05T23:39:15,2026-10-05T23:39:15,2026-10-05T23:39:15
5274,信驊,2024-07-01,4700.0,-140.0,-2.89%,,,,,,,,,ShowDailyK_ChartFlow,FinMind_API_TaiwanStockPrice_5274,True,2026-10-05T23:39:15,2026-10-05T23:39:15,2026-10-05T23:39:15
5274,信驊,2024-07-02,4710.0,10.0,0.21%,,,,,,,,,ShowDailyK_ChartFlow,FinMind_API_TaiwanStockPrice_5274,True,2026-10-05T23:39:15,2026-10-05T23:39:15,2026-10-05T23:39:15
5274,信驊,2024-07-03,4690.0,-20.0,-0.42%,,,,,,,,,ShowDailyK_ChartFlow,FinMind_API_TaiwanStockPrice_5274,True,2026-10-05T23:39:15,2026-10-05T23:39:15,2026-10-05T23:39:15
5274,信驊,2024-07-04,4390.0,-300.0,-6.40%,,,,,,,,,ShowDailyK_ChartFlow,FinMind_API_TaiwanStockPrice_5274,True,2026-10-05T23:39:15,2026-10-05T23:39:15,2026-10-05T23:39:15
5274,信驊,2024-07-05,4495.0,105.0,2.39%,,,,,,,,,ShowDailyK_ChartFlow,FinMind_API_TaiwanStockPrice_5274,True,2026-10-05T23:39:15,2026-10-05T23:39:15,2026-10-05T23:39:15
5274,信驊,2024-07-08,4615.0,120.0,2.67%,,,,,,,,,ShowDailyK_ChartFlow,FinMind_API_TaiwanStockPrice_5274,True,2026-10-05T23:39:15,2026-10-05T23:39:15,2026-10-05T23:39:15
5274,信驊,2024-07-09,4585.0,-30.0,-0.65%,,,,,,,,,ShowDailyK_ChartFlow,FinMind_API_TaiwanStockPrice_5274,True,2026-10-05T23:39:15,2026-10-05T23:39:15,2026-10-05T23:39:15
5274,信驊,2024-07-10,4605.0,20.0,0.44%,,,,,,,,,ShowDailyK_ChartFlow,FinMind_API_TaiwanStockPrice_5274,True,2026-10-05T23:39:15,2026-10-05T23:39:15,2026-10-05T23:39:15
5274,信驊,2024-07-11,4750.0,145.0,3.15%,,,,,,,,,ShowDailyK_ChartFlow,FinMind_API_TaiwanStockPrice_5274,True,2026-10-05T23:39:15,2026-10-05T23:39:15,2026-10-05T23:39:15
5274,信驊,2024-07-12,4525.0,-225.0,-4.74%,,,,,,,,,ShowDailyK_ChartFlow,FinMind_API_TaiwanStockPrice_5274,True,2026-10-05T23:39:15,2026-10-05T23:39:15,2026-10-05T23:39:15
5274,信驊,2024-07-15,4415.0,-110.0,-2.43%,,,,,,,,,ShowDailyK_ChartFlow,FinMind_API_TaiwanStockPrice_5274,True,2026-10-05T23:39:15,2026-10-05T23:39:15,2026-10-05T23:39:15
5274,信驊,2024-07-16,4640.0,225.0,5.10%,,,,,,,,,ShowDailyK_ChartFlow,FinMind_API_TaiwanStockPrice_5274,True,2026-10-05T23:39:15,2026-10-05T23:39:15,2026-10-05T23:39:15
5274,信驊,2024-07-17,4575.0,-65.0,-1.40%,,,,,,,,,ShowDailyK_ChartFlow,FinMind_API_TaiwanStockPrice_5274,True,2026-10-05T23:39:15,2026-10-05T23:39:15,2026-10-05T23:39:15
5274,信驊,2024-07-18,4170.0,-405.0,-8.85%,,,,,,,,,ShowDailyK_ChartFlow,FinMind_API_TaiwanStockPrice_5274,True,2026-10-05T23:39:15,2026-10-05T23:39:15,2026-10-05T23:39:15
5274,信驊,2024-07-19,4265.0,95.0,2.28%,,,,,,,,,ShowDailyK_ChartFlow,FinMind_API_TaiwanStockPrice_5274,True,2026-10-05T23:39:15,2026-10-05T23:39:15,2026-10-05T23:39:15
5274,信驊,2024-07-22,4045.0,-220.0,-5.16%,,,,,,,,,ShowDailyK_ChartFlow,FinMind_API_TaiwanStockPrice_5274,True,2026-10-05T23:39:15,2026-10-05T23:39:15,2026-10-05T23:39:15
5274,信驊,2024-07-23,4130.0,85.0,2.10%,,,,,,,,,ShowDailyK_ChartFlow,FinMind_API_TaiwanStockPrice_5274,True,2026-10-05T23:39:15,2026-10-05T23:39:15,2026-10-05T23:39:15
5274,信驊,2024-07-26,3965.0,-165.0,-4.00%,,,,,,,,,ShowDailyK_ChartFlow,FinMind_API_TaiwanStockPrice_5274,True,2026-10-05T23:39:15,2026-10-05T23:39:15,2026-10-05T23:39:15
5274,信驊,2024-07-29,4060.0,95.0,2.40%,,,,,,,,,ShowDailyK_ChartFlow,FinMind_API_TaiwanStockPrice_5274,True,2026-10-05T23:39:15,2026-10-05T23:39:15,2026-10-05T23:39:15
5274,信驊,2024-07-30,4100.0,40.0,0.99%,,,,,,,,,ShowDailyK_ChartFlow,FinMind_API_TaiwanStockPrice_5274,True,2026-10-05T23:39:15,2026-10-05T23:39:15,2026-10-05T23:39:15
5274,信驊,2024-07-31,4080.0,-20.0,-0.49%,,,,,,,,,ShowDailyK_ChartFlow,FinMind_API_TaiwanStockPrice_5274,True,2026-10-05T23:39:15,2026-10-05T23:39:15,2026-10-05T23:39:15
5274,信驊,2024-08-01,4160.0,80.0,1.96%,,,,,,,,,ShowDailyK_ChartFlow,FinMind_API_TaiwanStockPrice_5274,True,2026-10-05T23:39:15,2026-10-05T23:39:15,2026-10-05T23:39:15
5274,信驊,2024-08-02,3745.0,-415.0,-9.98%,,,,,,,,,ShowDailyK_ChartFlow,FinMind_API_TaiwanStockPrice_5274,True,2026-10-05T23:39:15,2026-10-05T23:39:15,2026-10-05T23:39:15
5274,信驊,2024-08-05,3645.0,-100.0,-2.67%,,,,,,,,,ShowDailyK_ChartFlow,FinMind_API_TaiwanStockPrice_5274,True,2026-10-05T23:39:15,2026-10-05T23:39:15,2026-10-05T23:39:15
5274,信驊,2024-08-06,3825.0,180.0,4.94%,,,,,,,,,ShowDailyK_ChartFlow,FinMind_API_TaiwanStockPrice_5274,True,2026-10-05T23:39:15,2026-10-05T23:39:15,2026-10-05T23:39:15
5274,信驊,2024-08-07,4205.0,380.0,9.93%,,,,,,,,,ShowDailyK_ChartFlow,FinMind_API_TaiwanStockPrice_5274,True,2026-10-05T23:39:15,2026-10-05T23:39:15,2026-10-05T23:39:15
5274,信驊,2024-08-08,4190.0,-15.0,-0.36%,,,,,,,,,ShowDailyK_ChartFlow,FinMind_API_TaiwanStockPrice_5274,True,2026-10-05T23:39:15,2026-10-05T23:39:15,2026-10-05T23:39:15
5274,信驊,2024-08-09,4180.0,-10.0,-0.24%,,,,,,,,,ShowDailyK_ChartFlow,FinMind_API_TaiwanStockPrice_5274,True,2026-10-05T23:39:15,2026-10-05T23:39:15,2026-10-05T23:39:15
5274,信驊,2024-08-12,4315.0,135.0,3.23%,,,,,,,,,ShowDailyK_ChartFlow,FinMind_API_TaiwanStockPrice_5274,True,2026-10-05T23:39:15,2026-10-05T23:39:15,2026-10-05T23:39:15
5274,信驊,2024-08-13,4210.0,-105.0,-2.43%,,,,,,,,,ShowDailyK_ChartFlow,FinMind_API_TaiwanStockPrice_5274,True,2026-10-05T23:39:15,2026-10-05T23:39:15,2026-10-05T23:39:15
5274,信驊,2024-08-14,4500.0,290.0,6.89%,,,,,,,,,ShowDailyK_ChartFlow,FinMind_API_TaiwanStockPrice_5274,True,2026-10-05T23:39:15,2026-10-05T23:39:15,2026-10-05T23:39:15
5274,信驊,2024-08-15,4510.0,10.0,0.22%,,,,,,,,,ShowDailyK_ChartFlow,FinMind_API_TaiwanStockPrice_5274,True,2026-10-05T23:39:15,2026-10-05T23:39:15,2026-10-05T23:39:15
5274,信驊,2024-08-16,4630.0,120.0,2.66%,,,,,,,,,ShowDailyK_ChartFlow,FinMind_API_TaiwanStockPrice_5274,True,2026-10-05T23:39:15,2026-10-05T23:39:15,2026-10-05T23:39:15
5274,信驊,2024-08-19,4750.0,120.0,2.59%,,,,,,,,,ShowDailyK_ChartFlow,FinMind_API_TaiwanStockPrice_5274,True,2026-10-05T23:39:15,2026-10-05T23:39:15,2026-10-05T23:39:15
5274,信驊,2024-08-20,4770.0,20.0,0.42%,,,,,,,,,ShowDailyK_ChartFlow,FinMind_API_TaiwanStockPrice_5274,True,2026-10-05T23:39:15,2026-10-05T23:39:15,2026-10-05T23:39:15
5274,信驊,2024-08-21,4655.0,-115.0,-2.41%,,,,,,,,,ShowDailyK_ChartFlow,FinMind_API_TaiwanStockPrice_5274,True,2026-10-05T23:39:15,2026-10-05T23:39:15,2026-10-05T23:39:15
5274,信驊,2024-08-22,4900.0,245.0,5.26%,,,,,,,,,ShowDailyK_ChartFlow,FinMind_API_TaiwanStockPrice_5274,True,2026-10-05T23:39:15,2026-10-05T23:39:15,2026-10-05T23:39:15
5274,信驊,2024-08-23,5330.0,430.0,8.78%,,,,,,,,,ShowDailyK_ChartFlow,FinMind_API_TaiwanStockPrice_5274,True,2026-10-05T23:39:15,2026-10-05T23:39:15,2026-10-05T23:39:15
5274,信驊,2024-08-26,4915.0,-415.0,-7.79%,,,,,,,,,ShowDailyK_ChartFlow,FinMind_API_TaiwanStockPrice_5274,True,2026-10-05T23:39:15,2026-10-05T23:39:15,2026-10-05T23:39:15
5274,信驊,2024-08-27,4955.0,40.0,0.81%,,,,,,,,,ShowDailyK_ChartFlow,FinMind_API_TaiwanStockPrice_5274,True,2026-10-05T23:39:15,2026-10-05T23:39:15,2026-10-05T23:39:15
5274,信驊,2024-08-28,4890.0,-65.0,-1.31%,,,,,,,,,ShowDailyK_ChartFlow,FinMind_API_TaiwanStockPrice_5274,True,2026-10-05T23:39:15,2026-10-05T23:39:15,2026-10-05T23:39:15
5274,信驊,2024-08-29,4885.0,-5.0,-0.10%,,,,,,,,,ShowDailyK_ChartFlow,FinMind_API_TaiwanStockPrice_5274,True,2026-10-05T23:39:15,2026-10-05T23:39:15,2026-10-05T23:39:15
5274,信驊,2024-08-30,4930.0,45.0,0.92%,,,,,,,,,ShowDailyK_ChartFlow,FinMind_API_TaiwanStockPrice_5274,True,2026-10-05T23:39:15,2026-10-05T23:39:15,2026-10-05T23:39:15
5274,信驊,2024-09-02,4790.0,-140.0,-2.84%,,,,,,,,,ShowDailyK_ChartFlow,FinMind_API_TaiwanStockPrice_5274,True,2026-10-05T23:39:15,2026-10-05T23:39:15,2026-10-05T23:39:15
5274,信驊,2024-09-03,4870.0,80.0,1.67%,,,,,,,,,ShowDailyK_ChartFlow,FinMind_API_TaiwanStockPrice_5274,True,2026-10-05T23:39:15,2026-10-05T23:39:15,2026-10-05T23:39:15
5274,信驊,2024-09-04,4705.0,-165.0,-3.39%,,,,,,,,,ShowDailyK_ChartFlow,FinMind_API_TaiwanStockPrice_5274,True,2026-10-05T23:39:15,2026-10-05T23:39:15,2026-10-05T23:39:15
5274,信驊,2024-09-05,4835.0,130.0,2.76%,,,,,,,,,ShowDailyK_ChartFlow,FinMind_API_TaiwanStockPrice_5274,True,2026-10-05T23:39:15,2026-10-05T23:39:15,2026-10-05T23:39:15
5274,信驊,2024-09-06,4845.0,10.0,0.21%,,,,,,,,,ShowDailyK_ChartFlow,FinMind_API_TaiwanStockPrice_5274,True,2026-10-05T23:39:15,2026-10-05T23:39:15,2026-10-05T23:39:15
5274,信驊,2024-09-09,4555.0,-290.0,-5.99%,,,,,,,,,ShowDailyK_ChartFlow,FinMind_API_TaiwanStockPrice_5274,True,2026-10-05T23:39:15,2026-10-05T23:39:15,2026-10-05T23:39:15
5274,信驊,2024-09-10,4475.0,-80.0,-1.76%,,,,,,,,,ShowDailyK_ChartFlow,FinMind_API_TaiwanStockPrice_5274,True,2026-10-05T23:39:15,2026-10-05T23:39:15,2026-10-05T23:39:15
5274,信驊,2024-09-11,4475.0,0.0,0.00%,,,,,,,,,ShowDailyK_ChartFlow,FinMind_API_TaiwanStockPrice_5274,True,2026-10-05T23:39:15,2026-10-05T23:39:15,2026-10-05T23:39:15
5274,信驊,2024-09-12,4710.0,235.0,5.25%,,,,,,,,,ShowDailyK_ChartFlow,FinMind_API_TaiwanStockPrice_5274,True,2026-10-05T23:39:15,2026-10-05T23:39:15,2026-10-05T23:39:15
5274,信驊,2024-09-13,4740.0,30.0,0.64%,,,,,,,,,ShowDailyK_ChartFlow,FinMind_API_TaiwanStockPrice_5274,True,2026-10-05T23:39:15,2026-10-05T23:39:15,2026-10-05T23:39:15
5274,信驊,2024-09-16,4270.0,-470.0,-9.92%,,,,,,,,,ShowDailyK_ChartFlow,FinMind_API_TaiwanStockPrice_5274,True,2026-10-05T23:39:15,2026-10-05T23:39:15,2026-10-05T23:39:15
5274,信驊,2024-09-18,4225.0,-45.0,-1.05%,,,,,,,,,ShowDailyK_ChartFlow,FinMind_API_TaiwanStockPrice_5274,True,2026-10-05T23:39:15,2026-10-05T23:39:15,2026-10-05T23:39:15
5274,信驊,2024-09-19,4340.0,115.0,2.72%,,,,,,,,,ShowDailyK_ChartFlow,FinMind_API_TaiwanStockPrice_5274,True,2026-10-05T23:39:15,2026-10-05T23:39:15,2026-10-05T23:39:15
5274,信驊,2024-09-20,4255.0,-85.0,-1.96%,,,,,,,,,ShowDailyK_ChartFlow,FinMind_API_TaiwanStockPrice_5274,True,2026-10-05T23:39:15,2026-10-05T23:39:15,2026-10-05T23:39:15
5274,信驊,2024-09-23,4175.0,-80.0,-1.88%,,,,,,,,,ShowDailyK_ChartFlow,FinMind_API_TaiwanStockPrice_5274,True,2026-10-05T23:39:15,2026-10-05T23:39:15,2026-10-05T23:39:15
5274,信驊,2024-09-24,4140.0,-35.0,-0.84%,,,,,,,,,ShowDailyK_ChartFlow,FinMind_API_TaiwanStockPrice_5274,True,2026-10-05T23:39:15,2026-10-05T23:39:15,2026-10-05T23:39:15
5274,信驊,2024-09-25,4460.0,320.0,7.73%,,,,,,,,,ShowDailyK_ChartFlow,FinMind_API_TaiwanStockPrice_5274,True,2026-10-05T23:39:15,2026-10-05T23:39:15,2026-10-05T23:39:15
5274,信驊,2024-09-26,4570.0,110.0,2.47%,,,,,,,,,ShowDailyK_ChartFlow,FinMind_API_TaiwanStockPrice_5274,True,2026-10-05T23:39:15,2026-10-05T23:39:15,2026-10-05T23:39:15
5274,信驊,2024-09-27,4465.0,-105.0,-2.30%,,,,,,,,,ShowDailyK_ChartFlow,FinMind_API_TaiwanStockPrice_5274,True,2026-10-05T23:39:15,2026-10-05T23:39:15,2026-10-05T23:39:15
5274,信驊,2024-09-30,4305.0,-160.0,-3.58%,,,,,,,,,ShowDailyK_ChartFlow,FinMind_API_TaiwanStockPrice_5274,True,2026-10-05T23:39:15,2026-10-05T23:39:15,2026-10-05T23:39:15
5274,信驊,2024-10-01,4375.0,70.0,1.63%,,,,,,,,,ShowDailyK_ChartFlow,FinMind_API_TaiwanStockPrice_5274,True,2026-10-05T23:39:15,2026-10-05T23:39:15,2026-10-05T23:39:15
5274,信驊,2024-10-04,4260.0,-115.0,-2.63%,,,,,,,,,ShowDailyK_ChartFlow,FinMind_API_TaiwanStockPrice_5274,True,2026-10-05T23:39:15,2026-10-05T23:39:15,2026-10-05T23:39:15
5274,信驊,2024-10-07,4500.0,240.0,5.63%,,,,,,,,,ShowDailyK_ChartFlow,FinMind_API_TaiwanStockPrice_5274,True,2026-10-05T23:39:15,2026-10-05T23:39:15,2026-10-05T23:39:15
5274,信驊,2024-10-08,4360.0,-140.0,-3.11%,,,,,,,,,ShowDailyK_ChartFlow,FinMind_API_TaiwanStockPrice_5274,True,2026-10-05T23:39:15,2026-10-05T23:39:15,2026-10-05T23:39:15
5274,信驊,2024-10-09,4445.0,85.0,1.95%,,,,,,,,,ShowDailyK_ChartFlow,FinMind_API_TaiwanStockPrice_5274,True,2026-10-05T23:39:15,2026-10-05T23:39:15,2026-10-05T23:39:15
5274,信驊,2024-10-11,4585.0,140.0,3.15%,,,,,,,,,ShowDailyK_ChartFlow,FinMind_API_TaiwanStockPrice_5274,True,2026-10-05T23:39:15,2026-10-05T23:39:15,2026-10-05T23:39:15
5274,信驊,2024-10-14,4485.0,-100.0,-2.18%,,,,,,,,,ShowDailyK_ChartFlow,FinMind_API_TaiwanStockPrice_5274,True,2026-10-05T23:39:15,2026-10-05T23:39:15,2026-10-05T23:39:15
5274,信驊,2024-10-15,4485.0,0.0,0.00%,,,,,,,,,ShowDailyK_ChartFlow,FinMind_API_TaiwanStockPrice_5274,True,2026-10-05T23:39:15,2026-10-05T23:39:15,2026-10-05T23:39:15
5274,信驊,2024-10-16,4295.0,-190.0,-4.24%,,,,,,,,,ShowDailyK_ChartFlow,FinMind_API_TaiwanStockPrice_5274,True,2026-10-05T23:39:15,2026-10-05T23:39:15,2026-10-05T23:39:15
5274,信驊,2024-10-17,4335.0,40.0,0.93%,,,,,,,,,ShowDailyK_ChartFlow,FinMind_API_TaiwanStockPrice_5274,True,2026-10-05T23:39:15,2026-10-05T23:39:15,2026-10-05T23:39:15
5274,信驊,2024-10-18,4275.0,-60.0,-1.38%,,,,,,,,,ShowDailyK_ChartFlow,FinMind_API_TaiwanStockPrice_5274,True,2026-10-05T23:39:15,2026-10-05T23:39:15,2026-10-05T23:39:15
5274,信驊,2024-10-21,4570.0,295.0,6.90%,,,,,,,,,ShowDailyK_ChartFlow,FinMind_API_TaiwanStockPrice_5274,True,2026-10-05T23:39:15,2026-10-05T23:39:15,2026-10-05T23:39:15
5274,信驊,2024-10-22,4690.0,120.0,2.63%,,,,,,,,,ShowDailyK_ChartFlow,FinMind_API_TaiwanStockPrice_5274,True,2026-10-05T23:39:15,2026-10-05T23:39:15,2026-10-05T23:39:15
5274,信驊,2024-10-23,4650.0,-40.0,-0.85%,,,,,,,,,ShowDailyK_ChartFlow,FinMind_API_TaiwanStockPrice_5274,True,2026-10-05T23:39:15,2026-10-05T23:39:15,2026-10-05T23:39:15
5274,信驊,2024-10-24,4625.0,-25.0,-0.54%,,,,,,,,,ShowDailyK_ChartFlow,FinMind_API_TaiwanStockPrice_5274,True,2026-10-05T23:39:15,2026-10-05T23:39:15,2026-10-05T23:39:15
5274,信驊,2024-10-25,4580.0,-45.0,-0.97%,,,,,,,,,ShowDailyK_ChartFlow,FinMind_API_TaiwanStockPrice_5274,True,2026-10-05T23:39:15,2026-10-05T23:39:15,2026-10-05T23:39:15
5274,信驊,2024-10-28,4360.0,-220.0,-4.80%,,,,,,,,,ShowDailyK_ChartFlow,FinMind_API_TaiwanStockPrice_5274,True,2026-10-05T23:39:15,2026-10-05T23:39:15,2026-10-05T23:39:15
5274,信驊,2024-10-29,4045.0,-315.0,-7.22%,,,,,,,,,ShowDailyK_ChartFlow,FinMind_API_TaiwanStockPrice_5274,True,2026-10-05T23:39:15,2026-10-05T23:39:15,2026-10-05T23:39:15
5274,信驊,2024-10-30,4200.0,155.0,3.83%,,,,,,,,,ShowDailyK_ChartFlow,FinMind_API_TaiwanStockPrice_5274,True,2026-10-05T23:39:15,2026-10-05T23:39:15,2026-10-05T23:39:15
5274,信驊,2024-11-01,4300.0,100.0,2.38%,,,,,,,,,ShowDailyK_ChartFlow,FinMind_API_TaiwanStockPrice_5274,True,2026-10-05T23:39:15,2026-10-05T23:39:15,2026-10-05T23:39:15
5274,信驊,2024-11-04,4350.0,50.0,1.16%,,,,,,,,,ShowDailyK_ChartFlow,FinMind_API_TaiwanStockPrice_5274,True,2026-10-05T23:39:15,2026-10-05T23:39:15,2026-10-05T23:39:15
5274,信驊,2024-11-05,3990.0,-360.0,-8.28%,,,,,,,,,ShowDailyK_ChartFlow,FinMind_API_TaiwanStockPrice_5274,True,2026-10-05T23:39:15,2026-10-05T23:39:15,2026-10-05T23:39:15
5274,信驊,2024-11-06,4235.0,245.0,6.14%,,,,,,,,,ShowDailyK_ChartFlow,FinMind_API_TaiwanStockPrice_5274,True,2026-10-05T23:39:15,2026-10-05T23:39:15,2026-10-05T23:39:15
5274,信驊,2024-11-07,4285.0,50.0,1.18%,,,,,,,,,ShowDailyK_ChartFlow,FinMind_API_TaiwanStockPrice_5274,True,2026-10-05T23:39:15,2026-10-05T23:39:15,2026-10-05T23:39:15
5274,信驊,2024-11-08,4200.0,-85.0,-1.98%,,,,,,,,,ShowDailyK_ChartFlow,FinMind_API_TaiwanStockPrice_5274,True,2026-10-05T23:39:15,2026-10-05T23:39:15,2026-10-05T23:39:15
5274,信驊,2024-11-11,4270.0,70.0,1.67%,,,,,,,,,ShowDailyK_ChartFlow,FinMind_API_TaiwanStockPrice_5274,True,2026-10-05T23:39:15,2026-10-05T23:39:15,2026-10-05T23:39:15
5274,信驊,2024-11-12,4145.0,-125.0,-2.93%,,,,,,,,,ShowDailyK_ChartFlow,FinMind_API_TaiwanStockPrice_5274,True,2026-10-05T23:39:15,2026-10-05T23:39:15,2026-10-05T23:39:15
5274,信驊,2024-11-13,4065.0,-80.0,-1.93%,,,,,,,,,ShowDailyK_ChartFlow,FinMind_API_TaiwanStockPrice_5274,True,2026-10-05T23:39:15,2026-10-05T23:39:15,2026-10-05T23:39:15
5274,信驊,2024-11-14,4020.0,-45.0,-1.11%,,,,,,,,,ShowDailyK_ChartFlow,FinMind_API_TaiwanStockPrice_5274,True,2026-10-05T23:39:15,2026-10-05T23:39:15,2026-10-05T23:39:15
5274,信驊,2024-11-15,4015.0,-5.0,-0.12%,,,,,,,,,ShowDailyK_ChartFlow,FinMind_API_TaiwanStockPrice_5274,True,2026-10-05T23:39:15,2026-10-05T23:39:15,2026-10-05T23:39:15
5274,信驊,2024-11-18,3835.0,-180.0,-4.48%,,,,,,,,,ShowDailyK_ChartFlow,FinMind_API_TaiwanStockPrice_5274,True,2026-10-05T23:39:15,2026-10-05T23:39:15,2026-10-05T23:39:15
5274,信驊,2024-11-19,4155.0,320.0,8.34%,,,,,,,,,ShowDailyK_ChartFlow,FinMind_API_TaiwanStockPrice_5274,True,2026-10-05T23:39:15,2026-10-05T23:39:15,2026-10-05T23:39:15
5274,信驊,2024-11-20,4110.0,-45.0,-1.08%,,,,,,,,,ShowDailyK_ChartFlow,FinMind_API_TaiwanStockPrice_5274,True,2026-10-05T23:39:15,2026-10-05T23:39:15,2026-10-05T23:39:15
5274,信驊,2024-11-21,4210.0,100.0,2.43%,,,,,,,,,ShowDailyK_ChartFlow,FinMind_API_TaiwanStockPrice_5274,True,2026-10-05T23:39:15,2026-10-05T23:39:15,2026-10-05T23:39:15
5274,信驊,2024-11-22,4145.0,-65.0,-1.54%,,,,,,,,,ShowDailyK_ChartFlow,FinMind_API_TaiwanStockPrice_5274,True,2026-10-05T23:39:15,2026-10-05T23:39:15,2026-10-05T23:39:15
5274,信驊,2024-11-25,4120.0,-25.0,-0.60%,,,,,,,,,ShowDailyK_ChartFlow,FinMind_API_TaiwanStockPrice_5274,True,2026-10-05T23:39:15,2026-10-05T23:39:15,2026-10-05T23:39:15
5274,信驊,2024-11-26,4100.0,-20.0,-0.49%,,,,,,,,,ShowDailyK_ChartFlow,FinMind_API_TaiwanStockPrice_5274,True,2026-10-05T23:39:15,2026-10-05T23:39:15,2026-10-05T23:39:15
5274,信驊,2024-11-27,3935.0,-165.0,-4.02%,,,,,,,,,ShowDailyK_ChartFlow,FinMind_API_TaiwanStockPrice_5274,True,2026-10-05T23:39:15,2026-10-05T23:39:15,2026-10-05T23:39:15
5274,信驊,2024-11-28,4005.0,70.0,1.78%,,,,,,,,,ShowDailyK_ChartFlow,FinMind_API_TaiwanStockPrice_5274,True,2026-10-05T23:39:15,2026-10-05T23:39:15,2026-10-05T23:39:15
5274,信驊,2024-11-29,4085.0,80.0,2.00%,,,,,,,,,ShowDailyK_ChartFlow,FinMind_API_TaiwanStockPrice_5274,True,2026-10-05T23:39:15,2026-10-05T23:39:15,2026-10-05T23:39:15
5274,信驊,2024-12-02,4050.0,-35.0,-0.86%,,,,,,,,,ShowDailyK_ChartFlow,FinMind_API_TaiwanStockPrice_5274,True,2026-10-05T23:39:15,2026-10-05T23:39:15,2026-10-05T23:39:15
5274,信驊,2024-12-03,4050.0,0.0,0.00%,,,,,,,,,ShowDailyK_ChartFlow,FinMind_API_TaiwanStockPrice_5274,True,2026-10-05T23:39:15,2026-10-05T23:39:15,2026-10-05T23:39:15
5274,信驊,2024-12-04,4085.0,35.0,0.86%,,,,,,,,,ShowDailyK_ChartFlow,FinMind_API_TaiwanStockPrice_5274,True,2026-10-05T23:39:15,2026-10-05T23:39:15,2026-10-05T23:39:15
5274,信驊,2024-12-05,4220.0,135.0,3.30%,,,,,,,,,ShowDailyK_ChartFlow,FinMind_API_TaiwanStockPrice_5274,True,2026-10-05T23:39:15,2026-10-05T23:39:15,2026-10-05T23:39:15
5274,信驊,2024-12-06,4080.0,-140.0,-3.32%,,,,,,,,,ShowDailyK_ChartFlow,FinMind_API_TaiwanStockPrice_5274,True,2026-10-05T23:39:15,2026-10-05T23:39:15,2026-10-05T23:39:15
5274,信驊,2024-12-09,3980.0,-100.0,-2.45%,,,,,,,,,ShowDailyK_ChartFlow,FinMind_API_TaiwanStockPrice_5274,True,2026-10-05T23:39:15,2026-10-05T23:39:15,2026-10-05T23:39:15
5274,信驊,2024-12-10,3925.0,-55.0,-1.38%,,,,,,,,,ShowDailyK_ChartFlow,FinMind_API_TaiwanStockPrice_5274,True,2026-10-05T23:39:15,2026-10-05T23:39:15,2026-10-05T23:39:15
5274,信驊,2024-12-11,3915.0,-10.0,-0.25%,,,,,,,,,ShowDailyK_ChartFlow,FinMind_API_TaiwanStockPrice_5274,True,2026-10-05T23:39:15,2026-10-05T23:39:15,2026-10-05T23:39:15
5274,信驊,2024-12-12,3815.0,-100.0,-2.55%,,,,,,,,,ShowDailyK_ChartFlow,FinMind_API_TaiwanStockPrice_5274,True,2026-10-05T23:39:15,2026-10-05T23:39:15,2026-10-05T23:39:15
5274,信驊,2024-12-13,3865.0,50.0,1.31%,,,,,,,,,ShowDailyK_ChartFlow,FinMind_API_TaiwanStockPrice_5274,True,2026-10-05T23:39:15,2026-10-05T23:39:15,2026-10-05T23:39:15
5274,信驊,2024-12-16,3705.0,-160.0,-4.14%,,,,,,,,,ShowDailyK_ChartFlow,FinMind_API_TaiwanStockPrice_5274,True,2026-10-05T23:39:15,2026-10-05T23:39:15,2026-10-05T23:39:15
5274,信驊,2024-12-17,3820.0,115.0,3.10%,,,,,,,,,ShowDailyK_ChartFlow,FinMind_API_TaiwanStockPrice_5274,True,2026-10-05T23:39:15,2026-10-05T23:39:15,2026-10-05T23:39:15
5274,信驊,2024-12-18,3840.0,20.0,0.52%,,,,,,,,,ShowDailyK_ChartFlow,FinMind_API_TaiwanStockPrice_5274,True,2026-10-05T23:39:15,2026-10-05T23:39:15,2026-10-05T23:39:15
5274,信驊,2024-12-19,3925.0,85.0,2.21%,,,,,,,,,ShowDailyK_ChartFlow,FinMind_API_TaiwanStockPrice_5274,True,2026-10-05T23:39:15,2026-10-05T23:39:15,2026-10-05T23:39:15
5274,信驊,2024-12-20,3825.0,-100.0,-2.55%,,,,,,,,,ShowDailyK_ChartFlow,FinMind_API_TaiwanStockPrice_5274,True,2026-10-05T23:39:15,2026-10-05T23:39:15,2026-10-05T23:39:15
5274,信驊,2024-12-23,3670.0,-155.0,-4.05%,,,,,,,,,ShowDailyK_ChartFlow,FinMind_API_TaiwanStockPrice_5274,True,2026-10-05T23:39:15,2026-10-05T23:39:15,2026-10-05T23:39:15
5274,信驊,2024-12-24,3640.0,-30.0,-0.82%,,,,,,,,,ShowDailyK_ChartFlow,FinMind_API_TaiwanStockPrice_5274,True,2026-10-05T23:39:15,2026-10-05T23:39:15,2026-10-05T23:39:15
5274,信驊,2024-12-25,3700.0,60.0,1.65%,,,,,,,,,ShowDailyK_ChartFlow,FinMind_API_TaiwanStockPrice_5274,True,2026-10-05T23:39:15,2026-10-05T23:39:15,2026-10-05T23:39:15
5274,信驊,2024-12-26,3485.0,-215.0,-5.81%,,,,,,,,,ShowDailyK_ChartFlow,FinMind_API_TaiwanStockPrice_5274,True,2026-10-05T23:39:15,2026-10-05T23:39:15,2026-10-05T23:39:15
5274,信驊,2024-12-27,3550.0,65.0,1.87%,,,,,,,,,ShowDailyK_ChartFlow,FinMind_API_TaiwanStockPrice_5274,True,2026-10-05T23:39:15,2026-10-05T23:39:15,2026-10-05T23:39:15
5274,信驊,2024-12-30,3370.0,-180.0,-5.07%,,,,,,,,,ShowDailyK_ChartFlow,FinMind_API_TaiwanStockPrice_5274,True,2026-10-05T23:39:15,2026-10-05T23:39:15,2026-10-05T23:39:15
5274,信驊,2024-12-31,3325.0,-45.0,-1.34%,,,,,,,,,ShowDailyK_ChartFlow,FinMind_API_TaiwanStockPrice_5274,True,2026-10-05T23:39:15,2026-10-05T23:39:15,2026-10-05T23:39:15
5274,信驊,2025-01-02,3355.0,30.0,0.90%,,,,,,,,,ShowDailyK_ChartFlow,FinMind_API_TaiwanStockPrice_5274,True,2026-10-05T23:39:15,2026-10-05T23:39:15,2026-10-05T23:39:15
5274,信驊,2025-01-03,3530.0,175.0,5.22%,,,,,,,,,ShowDailyK_ChartFlow,FinMind_API_TaiwanStockPrice_5274,True,2026-10-05T23:39:15,2026-10-05T23:39:15,2026-10-05T23:39:15
5274,信驊,2025-01-06,3455.0,-75.0,-2.12%,,,,,,,,,ShowDailyK_ChartFlow,FinMind_API_TaiwanStockPrice_5274,True,2026-10-05T23:39:15,2026-10-05T23:39:15,2026-10-05T23:39:15
5274,信驊,2025-01-07,3550.0,95.0,2.75%,,,,,,,,,ShowDailyK_ChartFlow,FinMind_API_TaiwanStockPrice_5274,True,2026-10-05T23:39:15,2026-10-05T23:39:15,2026-10-05T23:39:15
5274,信驊,2025-01-08,3440.0,-110.0,-3.10%,,,,,,,,,ShowDailyK_ChartFlow,FinMind_API_TaiwanStockPrice_5274,True,2026-10-05T23:39:15,2026-10-05T23:39:15,2026-10-05T23:39:15
5274,信驊,2025-01-09,3400.0,-40.0,-1.16%,,,,,,,,,ShowDailyK_ChartFlow,FinMind_API_TaiwanStockPrice_5274,True,2026-10-05T23:39:15,2026-10-05T23:39:15,2026-10-05T23:39:15
5274,信驊,2025-01-10,3435.0,35.0,1.03%,,,,,,,,,ShowDailyK_ChartFlow,FinMind_API_TaiwanStockPrice_5274,True,2026-10-05T23:39:15,2026-10-05T23:39:15,2026-10-05T23:39:15
5274,信驊,2025-01-13,3290.0,-145.0,-4.22%,,,,,,,,,ShowDailyK_ChartFlow,FinMind_API_TaiwanStockPrice_5274,True,2026-10-05T23:39:15,2026-10-05T23:39:15,2026-10-05T23:39:15
5274,信驊,2025-01-14,3290.0,0.0,0.00%,,,,,,,,,ShowDailyK_ChartFlow,FinMind_API_TaiwanStockPrice_5274,True,2026-10-05T23:39:15,2026-10-05T23:39:15,2026-10-05T23:39:15
5274,信驊,2025-01-15,3480.0,190.0,5.78%,,,,,,,,,ShowDailyK_ChartFlow,FinMind_API_TaiwanStockPrice_5274,True,2026-10-05T23:39:15,2026-10-05T23:39:15,2026-10-05T23:39:15
5274,信驊,2025-01-16,3540.0,60.0,1.72%,,,,,,,,,ShowDailyK_ChartFlow,FinMind_API_TaiwanStockPrice_5274,True,2026-10-05T23:39:15,2026-10-05T23:39:15,2026-10-05T23:39:15
5274,信驊,2025-01-17,3410.0,-130.0,-3.67%,,,,,,,,,ShowDailyK_ChartFlow,FinMind_API_TaiwanStockPrice_5274,True,2026-10-05T23:39:15,2026-10-05T23:39:15,2026-10-05T23:39:15
5274,信驊,2025-01-20,3675.0,265.0,7.77%,,,,,,,,,ShowDailyK_ChartFlow,FinMind_API_TaiwanStockPrice_5274,True,2026-10-05T23:39:15,2026-10-05T23:39:15,2026-10-05T23:39:15
5274,信驊,2025-01-21,3610.0,-65.0,-1.77%,,,,,,,,,ShowDailyK_ChartFlow,FinMind_API_TaiwanStockPrice_5274,True,2026-10-05T23:39:15,2026-10-05T23:39:15,2026-10-05T23:39:15
5274,信驊,2025-01-22,3550.0,-60.0,-1.66%,,,,,,,,,ShowDailyK_ChartFlow,FinMind_API_TaiwanStockPrice_5274,True,2026-10-05T23:39:15,2026-10-05T23:39:15,2026-10-05T23:39:15
5274,信驊,2025-02-03,3195.0,-355.0,-10.00%,,,,,,,,,ShowDailyK_ChartFlow,FinMind_API_TaiwanStockPrice_5274,True,2026-10-05T23:39:15,2026-10-05T23:39:15,2026-10-05T23:39:15
5274,信驊,2025-02-04,3300.0,105.0,3.29%,,,,,,,,,ShowDailyK_ChartFlow,FinMind_API_TaiwanStockPrice_5274,True,2026-10-05T23:39:15,2026-10-05T23:39:15,2026-10-05T23:39:15
5274,信驊,2025-02-05,3420.0,120.0,3.64%,,,,,,,,,ShowDailyK_ChartFlow,FinMind_API_TaiwanStockPrice_5274,True,2026-10-05T23:39:15,2026-10-05T23:39:15,2026-10-05T23:39:15
5274,信驊,2025-02-06,3485.0,65.0,1.90%,,,,,,,,,ShowDailyK_ChartFlow,FinMind_API_TaiwanStockPrice_5274,True,2026-10-05T23:39:15,2026-10-05T23:39:15,2026-10-05T23:39:15
5274,信驊,2025-02-07,3760.0,275.0,7.89%,,,,,,,,,ShowDailyK_ChartFlow,FinMind_API_TaiwanStockPrice_5274,True,2026-10-05T23:39:15,2026-10-05T23:39:15,2026-10-05T23:39:15
5274,信驊,2025-02-10,3710.0,-50.0,-1.33%,,,,,,,,,ShowDailyK_ChartFlow,FinMind_API_TaiwanStockPrice_5274,True,2026-10-05T23:39:15,2026-10-05T23:39:15,2026-10-05T23:39:15
5274,信驊,2025-02-11,3700.0,-10.0,-0.27%,,,,,,,,,ShowDailyK_ChartFlow,FinMind_API_TaiwanStockPrice_5274,True,2026-10-05T23:39:15,2026-10-05T23:39:15,2026-10-05T23:39:15
5274,信驊,2025-02-12,3720.0,20.0,0.54%,,,,,,,,,ShowDailyK_ChartFlow,FinMind_API_TaiwanStockPrice_5274,True,2026-10-05T23:39:15,2026-10-05T23:39:15,2026-10-05T23:39:15
5274,信驊,2025-02-13,3830.0,110.0,2.96%,,,,,,,,,ShowDailyK_ChartFlow,FinMind_API_TaiwanStockPrice_5274,True,2026-10-05T23:39:15,2026-10-05T23:39:15,2026-10-05T23:39:15
5274,信驊,2025-02-14,3770.0,-60.0,-1.57%,,,,,,,,,ShowDailyK_ChartFlow,FinMind_API_TaiwanStockPrice_5274,True,2026-10-05T23:39:15,2026-10-05T23:39:15,2026-10-05T23:39:15
5274,信驊,2025-02-17,3880.0,110.0,2.92%,,,,,,,,,ShowDailyK_ChartFlow,FinMind_API_TaiwanStockPrice_5274,True,2026-10-05T23:39:15,2026-10-05T23:39:15,2026-10-05T23:39:15
5274,信驊,2025-02-18,3880.0,0.0,0.00%,,,,,,,,,ShowDailyK_ChartFlow,FinMind_API_TaiwanStockPrice_5274,True,2026-10-05T23:39:15,2026-10-05T23:39:15,2026-10-05T23:39:15
5274,信驊,2025-02-19,3880.0,0.0,0.00%,,,,,,,,,ShowDailyK_ChartFlow,FinMind_API_TaiwanStockPrice_5274,True,2026-10-05T23:39:15,2026-10-05T23:39:15,2026-10-05T23:39:15
5274,信驊,2025-02-20,3890.0,10.0,0.26%,,,,,,,,,ShowDailyK_ChartFlow,FinMind_API_TaiwanStockPrice_5274,True,2026-10-05T23:39:15,2026-10-05T23:39:15,2026-10-05T23:39:15
5274,信驊,2025-02-21,3865.0,-25.0,-0.64%,,,,,,,,,ShowDailyK_ChartFlow,FinMind_API_TaiwanStockPrice_5274,True,2026-10-05T23:39:15,2026-10-05T23:39:15,2026-10-05T23:39:15
5274,信驊,2025-02-24,3775.0,-90.0,-2.33%,,,,,,,,,ShowDailyK_ChartFlow,FinMind_API_TaiwanStockPrice_5274,True,2026-10-05T23:39:15,2026-10-05T23:39:15,2026-10-05T23:39:15
5274,信驊,2025-02-25,3785.0,10.0,0.26%,,,,,,,,,ShowDailyK_ChartFlow,FinMind_API_TaiwanStockPrice_5274,True,2026-10-05T23:39:15,2026-10-05T23:39:15,2026-10-05T23:39:15
5274,信驊,2025-02-26,3745.0,-40.0,-1.06%,,,,,,,,,ShowDailyK_ChartFlow,FinMind_API_TaiwanStockPrice_5274,True,2026-10-05T23:39:15,2026-10-05T23:39:15,2026-10-05T23:39:15
5274,信驊,2025-02-27,3590.0,-155.0,-4.14%,,,,,,,,,ShowDailyK_ChartFlow,FinMind_API_TaiwanStockPrice_5274,True,2026-10-05T23:39:15,2026-10-05T23:39:15,2026-10-05T23:39:15
5274,信驊,2025-03-03,3480.0,-110.0,-3.06%,,,,,,,,,ShowDailyK_ChartFlow,FinMind_API_TaiwanStockPrice_5274,True,2026-10-05T23:39:15,2026-10-05T23:39:15,2026-10-05T23:39:15
5274,信驊,2025-03-04,3615.0,135.0,3.88%,,,,,,,,,ShowDailyK_ChartFlow,FinMind_API_TaiwanStockPrice_5274,True,2026-10-05T23:39:15,2026-10-05T23:39:15,2026-10-05T23:39:15
5274,信驊,2025-03-05,3545.0,-70.0,-1.94%,,,,,,,,,ShowDailyK_ChartFlow,FinMind_API_TaiwanStockPrice_5274,True,2026-10-05T23:39:15,2026-10-05T23:39:15,2026-10-05T23:39:15
5274,信驊,2025-03-06,3440.0,-105.0,-2.96%,,,,,,,,,ShowDailyK_ChartFlow,FinMind_API_TaiwanStockPrice_5274,True,2026-10-05T23:39:15,2026-10-05T23:39:15,2026-10-05T23:39:15
5274,信驊,2025-03-07,3355.0,-85.0,-2.47%,,,,,,,,,ShowDailyK_ChartFlow,FinMind_API_TaiwanStockPrice_5274,True,2026-10-05T23:39:15,2026-10-05T23:39:15,2026-10-05T23:39:15
5274,信驊,2025-03-10,3280.0,-75.0,-2.24%,,,,,,,,,ShowDailyK_ChartFlow,FinMind_API_TaiwanStockPrice_5274,True,2026-10-05T23:39:15,2026-10-05T23:39:15,2026-10-05T23:39:15
5274,信驊,2025-03-11,3270.0,-10.0,-0.30%,,,,,,,,,ShowDailyK_ChartFlow,FinMind_API_TaiwanStockPrice_5274,True,2026-10-05T23:39:15,2026-10-05T23:39:15,2026-10-05T23:39:15
5274,信驊,2025-03-12,3270.0,0.0,0.00%,,,,,,,,,ShowDailyK_ChartFlow,FinMind_API_TaiwanStockPrice_5274,True,2026-10-05T23:39:15,2026-10-05T23:39:15,2026-10-05T23:39:15
5274,信驊,2025-03-13,3565.0,295.0,9.02%,,,,,,,,,ShowDailyK_ChartFlow,FinMind_API_TaiwanStockPrice_5274,True,2026-10-05T23:39:15,2026-10-05T23:39:15,2026-10-05T23:39:15
5274,信驊,2025-03-14,3545.0,-20.0,-0.56%,,,,,,,,,ShowDailyK_ChartFlow,FinMind_API_TaiwanStockPrice_5274,True,2026-10-05T23:39:15,2026-10-05T23:39:15,2026-10-05T23:39:15
5274,信驊,2025-03-17,3420.0,-125.0,-3.53%,,,,,,,,,ShowDailyK_ChartFlow,FinMind_API_TaiwanStockPrice_5274,True,2026-10-05T23:39:15,2026-10-05T23:39:15,2026-10-05T23:39:15
5274,信驊,2025-03-18,3535.0,115.0,3.36%,,,,,,,,,ShowDailyK_ChartFlow,FinMind_API_TaiwanStockPrice_5274,True,2026-10-05T23:39:15,2026-10-05T23:39:15,2026-10-05T23:39:15
5274,信驊,2025-03-19,3405.0,-130.0,-3.68%,,,,,,,,,ShowDailyK_ChartFlow,FinMind_API_TaiwanStockPrice_5274,True,2026-10-05T23:39:15,2026-10-05T23:39:15,2026-10-05T23:39:15
5274,信驊,2025-03-20,3410.0,5.0,0.15%,,,,,,,,,ShowDailyK_ChartFlow,FinMind_API_TaiwanStockPrice_5274,True,2026-10-05T23:39:15,2026-10-05T23:39:15,2026-10-05T23:39:15
5274,信驊,2025-03-21,3350.0,-60.0,-1.76%,,,,,,,,,ShowDailyK_ChartFlow,FinMind_API_TaiwanStockPrice_5274,True,2026-10-05T23:39:15,2026-10-05T23:39:15,2026-10-05T23:39:15
5274,信驊,2025-03-24,3300.0,-50.0,-1.49%,,,,,,,,,ShowDailyK_ChartFlow,FinMind_API_TaiwanStockPrice_5274,True,2026-10-05T23:39:15,2026-10-05T23:39:15,2026-10-05T23:39:15
5274,信驊,2025-03-25,3400.0,100.0,3.03%,,,,,,,,,ShowDailyK_ChartFlow,FinMind_API_TaiwanStockPrice_5274,True,2026-10-05T23:39:15,2026-10-05T23:39:15,2026-10-05T23:39:15
5274,信驊,2025-03-26,3400.0,0.0,0.00%,,,,,,,,,ShowDailyK_ChartFlow,FinMind_API_TaiwanStockPrice_5274,True,2026-10-05T23:39:15,2026-10-05T23:39:15,2026-10-05T23:39:15
5274,信驊,2025-03-27,3305.0,-95.0,-2.79%,,,,,,,,,ShowDailyK_ChartFlow,FinMind_API_TaiwanStockPrice_5274,True,2026-10-05T23:39:15,2026-10-05T23:39:15,2026-10-05T23:39:15
5274,信驊,2025-03-28,3215.0,-90.0,-2.72%,,,,,,,,,ShowDailyK_ChartFlow,FinMind_API_TaiwanStockPrice_5274,True,2026-10-05T23:39:15,2026-10-05T23:39:15,2026-10-05T23:39:15
5274,信驊,2025-03-31,2990.0,-225.0,-7.00%,,,,,,,,,ShowDailyK_ChartFlow,FinMind_API_TaiwanStockPrice_5274,True,2026-10-05T23:39:15,2026-10-05T23:39:15,2026-10-05T23:39:15
5274,信驊,2025-04-01,3075.0,85.0,2.84%,,,,,,,,,ShowDailyK_ChartFlow,FinMind_API_TaiwanStockPrice_5274,True,2026-10-05T23:39:15,2026-10-05T23:39:15,2026-10-05T23:39:15
5274,信驊,2025-04-02,3040.0,-35.0,-1.14%,,,,,,,,,ShowDailyK_ChartFlow,FinMind_API_TaiwanStockPrice_5274,True,2026-10-05T23:39:15,2026-10-05T23:39:15,2026-10-05T23:39:15
5274,信驊,2025-04-07,2740.0,-300.0,-9.87%,,,,,,,,,ShowDailyK_ChartFlow,FinMind_API_TaiwanStockPrice_5274,True,2026-10-05T23:39:15,2026-10-05T23:39:15,2026-10-05T23:39:15
5274,信驊,2025-04-08,2525.0,-215.0,-7.85%,,,,,,,,,ShowDailyK_ChartFlow,FinMind_API_TaiwanStockPrice_5274,True,2026-10-05T23:39:15,2026-10-05T23:39:15,2026-10-05T23:39:15
5274,信驊,2025-04-09,2330.0,-195.0,-7.72%,,,,,,,,,ShowDailyK_ChartFlow,FinMind_API_TaiwanStockPrice_5274,True,2026-10-05T23:39:15,2026-10-05T23:39:15,2026-10-05T23:39:15
5274,信驊,2025-04-10,2560.0,230.0,9.87%,,,,,,,,,ShowDailyK_ChartFlow,FinMind_API_TaiwanStockPrice_5274,True,2026-10-05T23:39:15,2026-10-05T23:39:15,2026-10-05T23:39:15
5274,信驊,2025-04-11,2770.0,210.0,8.20%,,,,,,,,,ShowDailyK_ChartFlow,FinMind_API_TaiwanStockPrice_5274,True,2026-10-05T23:39:15,2026-10-05T23:39:15,2026-10-05T23:39:15
5274,信驊,2025-04-14,2850.0,80.0,2.89%,,,,,,,,,ShowDailyK_ChartFlow,FinMind_API_TaiwanStockPrice_5274,True,2026-10-05T23:39:15,2026-10-05T23:39:15,2026-10-05T23:39:15
5274,信驊,2025-04-15,2920.0,70.0,2.46%,,,,,,,,,ShowDailyK_ChartFlow,FinMind_API_TaiwanStockPrice_5274,True,2026-10-05T23:39:15,2026-10-05T23:39:15,2026-10-05T23:39:15
5274,信驊,2025-04-16,2790.0,-130.0,-4.45%,,,,,,,,,ShowDailyK_ChartFlow,FinMind_API_TaiwanStockPrice_5274,True,2026-10-05T23:39:15,2026-10-05T23:39:15,2026-10-05T23:39:15
5274,信驊,2025-04-17,2870.0,80.0,2.87%,,,,,,,,,ShowDailyK_ChartFlow,FinMind_API_TaiwanStockPrice_5274,True,2026-10-05T23:39:15,2026-10-05T23:39:15,2026-10-05T23:39:15
5274,信驊,2025-04-18,2850.0,-20.0,-0.70%,,,,,,,,,ShowDailyK_ChartFlow,FinMind_API_TaiwanStockPrice_5274,True,2026-10-05T23:39:15,2026-10-05T23:39:15,2026-10-05T23:39:15
5274,信驊,2025-04-21,2770.0,-80.0,-2.81%,,,,,,,,,ShowDailyK_ChartFlow,FinMind_API_TaiwanStockPrice_5274,True,2026-10-05T23:39:15,2026-10-05T23:39:15,2026-10-05T23:39:15
5274,信驊,2025-04-22,2760.0,-10.0,-0.36%,,,,,,,,,ShowDailyK_ChartFlow,FinMind_API_TaiwanStockPrice_5274,True,2026-10-05T23:39:15,2026-10-05T23:39:15,2026-10-05T23:39:15
5274,信驊,2025-04-23,2995.0,235.0,8.51%,,,,,,,,,ShowDailyK_ChartFlow,FinMind_API_TaiwanStockPrice_5274,True,2026-10-05T23:39:15,2026-10-05T23:39:15,2026-10-05T23:39:15
5274,信驊,2025-04-24,2935.0,-60.0,-2.00%,,,,,,,,,ShowDailyK_ChartFlow,FinMind_API_TaiwanStockPrice_5274,True,2026-10-05T23:39:15,2026-10-05T23:39:15,2026-10-05T23:39:15
5274,信驊,2025-04-25,3015.0,80.0,2.73%,,,,,,,,,ShowDailyK_ChartFlow,FinMind_API_TaiwanStockPrice_5274,True,2026-10-05T23:39:15,2026-10-05T23:39:15,2026-10-05T23:39:15
5274,信驊,2025-04-28,3000.0,-15.0,-0.50%,,,,,,,,,ShowDailyK_ChartFlow,FinMind_API_TaiwanStockPrice_5274,True,2026-10-05T23:39:15,2026-10-05T23:39:15,2026-10-05T23:39:15
5274,信驊,2025-04-29,2960.0,-40.0,-1.33%,,,,,,,,,ShowDailyK_ChartFlow,FinMind_API_TaiwanStockPrice_5274,True,2026-10-05T23:39:15,2026-10-05T23:39:15,2026-10-05T23:39:15
5274,信驊,2025-04-30,3000.0,40.0,1.35%,,,,,,,,,ShowDailyK_ChartFlow,FinMind_API_TaiwanStockPrice_5274,True,2026-10-05T23:39:15,2026-10-05T23:39:15,2026-10-05T23:39:15
5274,信驊,2025-05-02,3150.0,150.0,5.00%,,,,,,,,,ShowDailyK_ChartFlow,FinMind_API_TaiwanStockPrice_5274,True,2026-10-05T23:39:15,2026-10-05T23:39:15,2026-10-05T23:39:15
5274,信驊,2025-05-05,3230.0,80.0,2.54%,,,,,,,,,ShowDailyK_ChartFlow,FinMind_API_TaiwanStockPrice_5274,True,2026-10-05T23:39:15,2026-10-05T23:39:15,2026-10-05T23:39:15
5274,信驊,2025-05-06,3550.0,320.0,9.91%,,,,,,,,,ShowDailyK_ChartFlow,FinMind_API_TaiwanStockPrice_5274,True,2026-10-05T23:39:15,2026-10-05T23:39:15,2026-10-05T23:39:15
5274,信驊,2025-05-07,3405.0,-145.0,-4.08%,,,,,,,,,ShowDailyK_ChartFlow,FinMind_API_TaiwanStockPrice_5274,True,2026-10-05T23:39:15,2026-10-05T23:39:15,2026-10-05T23:39:15
5274,信驊,2025-05-08,3385.0,-20.0,-0.59%,,,,,,,,,ShowDailyK_ChartFlow,FinMind_API_TaiwanStockPrice_5274,True,2026-10-05T23:39:15,2026-10-05T23:39:15,2026-10-05T23:39:15
5274,信驊,2025-05-09,3360.0,-25.0,-0.74%,,,,,,,,,ShowDailyK_ChartFlow,FinMind_API_TaiwanStockPrice_5274,True,2026-10-05T23:39:15,2026-10-05T23:39:15,2026-10-05T23:39:15
5274,信驊,2025-05-12,3490.0,130.0,3.87%,,,,,,,,,ShowDailyK_ChartFlow,FinMind_API_TaiwanStockPrice_5274,True,2026-10-05T23:39:15,2026-10-05T23:39:15,2026-10-05T23:39:15
5274,信驊,2025-05-13,3455.0,-35.0,-1.00%,,,,,,,,,ShowDailyK_ChartFlow,FinMind_API_TaiwanStockPrice_5274,True,2026-10-05T23:39:15,2026-10-05T23:39:15,2026-10-05T23:39:15
5274,信驊,2025-05-14,3500.0,45.0,1.30%,,,,,,,,,ShowDailyK_ChartFlow,FinMind_API_TaiwanStockPrice_5274,True,2026-10-05T23:39:15,2026-10-05T23:39:15,2026-10-05T23:39:15
5274,信驊,2025-05-15,3555.0,55.0,1.57%,,,,,,,,,ShowDailyK_ChartFlow,FinMind_API_TaiwanStockPrice_5274,True,2026-10-05T23:39:15,2026-10-05T23:39:15,2026-10-05T23:39:15
5274,信驊,2025-05-16,3580.0,25.0,0.70%,,,,,,,,,ShowDailyK_ChartFlow,FinMind_API_TaiwanStockPrice_5274,True,2026-10-05T23:39:15,2026-10-05T23:39:15,2026-10-05T23:39:15
5274,信驊,2025-05-19,3455.0,-125.0,-3.49%,,,,,,,,,ShowDailyK_ChartFlow,FinMind_API_TaiwanStockPrice_5274,True,2026-10-05T23:39:15,2026-10-05T23:39:15,2026-10-05T23:39:15
5274,信驊,2025-05-20,3675.0,220.0,6.37%,,,,,,,,,ShowDailyK_ChartFlow,FinMind_API_TaiwanStockPrice_5274,True,2026-10-05T23:39:15,2026-10-05T23:39:15,2026-10-05T23:39:15
5274,信驊,2025-05-21,3905.0,230.0,6.26%,,,,,,,,,ShowDailyK_ChartFlow,FinMind_API_TaiwanStockPrice_5274,True,2026-10-05T23:39:15,2026-10-05T23:39:15,2026-10-05T23:39:15
5274,信驊,2025-05-22,3810.0,-95.0,-2.43%,,,,,,,,,ShowDailyK_ChartFlow,FinMind_API_TaiwanStockPrice_5274,True,2026-10-05T23:39:15,2026-10-05T23:39:15,2026-10-05T23:39:15
5274,信驊,2025-05-23,3745.0,-65.0,-1.71%,,,,,,,,,ShowDailyK_ChartFlow,FinMind_API_TaiwanStockPrice_5274,True,2026-10-05T23:39:15,2026-10-05T23:39:15,2026-10-05T23:39:15
5274,信驊,2025-05-26,3750.0,5.0,0.13%,,,,,,,,,ShowDailyK_ChartFlow,FinMind_API_TaiwanStockPrice_5274,True,2026-10-05T23:39:15,2026-10-05T23:39:15,2026-10-05T23:39:15
5274,信驊,2025-05-27,3705.0,-45.0,-1.20%,,,,,,,,,ShowDailyK_ChartFlow,FinMind_API_TaiwanStockPrice_5274,True,2026-10-05T23:39:15,2026-10-05T23:39:15,2026-10-05T23:39:15
5274,信驊,2025-05-28,3780.0,75.0,2.02%,,,,,,,,,ShowDailyK_ChartFlow,FinMind_API_TaiwanStockPrice_5274,True,2026-10-05T23:39:15,2026-10-05T23:39:15,2026-10-05T23:39:15
5274,信驊,2025-05-29,3940.0,160.0,4.23%,,,,,,,,,ShowDailyK_ChartFlow,FinMind_API_TaiwanStockPrice_5274,True,2026-10-05T23:39:15,2026-10-05T23:39:15,2026-10-05T23:39:15
5274,信驊,2025-06-02,3945.0,5.0,0.13%,,,,,,,,,ShowDailyK_ChartFlow,FinMind_API_TaiwanStockPrice_5274,True,2026-10-05T23:39:15,2026-10-05T23:39:15,2026-10-05T23:39:15
5274,信驊,2025-06-03,3860.0,-85.0,-2.15%,,,,,,,,,ShowDailyK_ChartFlow,FinMind_API_TaiwanStockPrice_5274,True,2026-10-05T23:39:15,2026-10-05T23:39:15,2026-10-05T23:39:15
5274,信驊,2025-06-04,4025.0,165.0,4.27%,,,,,,,,,ShowDailyK_ChartFlow,FinMind_API_TaiwanStockPrice_5274,True,2026-10-05T23:39:15,2026-10-05T23:39:15,2026-10-05T23:39:15
5274,信驊,2025-06-05,4160.0,135.0,3.35%,,,,,,,,,ShowDailyK_ChartFlow,FinMind_API_TaiwanStockPrice_5274,True,2026-10-05T23:39:15,2026-10-05T23:39:15,2026-10-05T23:39:15
5274,信驊,2025-06-06,4125.0,-35.0,-0.84%,,,,,,,,,ShowDailyK_ChartFlow,FinMind_API_TaiwanStockPrice_5274,True,2026-10-05T23:39:15,2026-10-05T23:39:15,2026-10-05T23:39:15
5274,信驊,2025-06-09,4120.0,-5.0,-0.12%,,,,,,,,,ShowDailyK_ChartFlow,FinMind_API_TaiwanStockPrice_5274,True,2026-10-05T23:39:15,2026-10-05T23:39:15,2026-10-05T23:39:15
5274,信驊,2025-06-10,4380.0,260.0,6.31%,,,,,,,,,ShowDailyK_ChartFlow,FinMind_API_TaiwanStockPrice_5274,True,2026-10-05T23:39:15,2026-10-05T23:39:15,2026-10-05T23:39:15
5274,信驊,2025-06-11,4660.0,280.0,6.39%,,,,,,,,,ShowDailyK_ChartFlow,FinMind_API_TaiwanStockPrice_5274,True,2026-10-05T23:39:15,2026-10-05T23:39:15,2026-10-05T23:39:15
5274,信驊,2025-06-12,4545.0,-115.0,-2.47%,,,,,,,,,ShowDailyK_ChartFlow,FinMind_API_TaiwanStockPrice_5274,True,2026-10-05T23:39:15,2026-10-05T23:39:15,2026-10-05T23:39:15
5274,信驊,2025-06-13,4575.0,30.0,0.66%,,,,,,,,,ShowDailyK_ChartFlow,FinMind_API_TaiwanStockPrice_5274,True,2026-10-05T23:39:15,2026-10-05T23:39:15,2026-10-05T23:39:15
5274,信驊,2025-06-16,4585.0,10.0,0.22%,,,,,,,,,ShowDailyK_ChartFlow,FinMind_API_TaiwanStockPrice_5274,True,2026-10-05T23:39:15,2026-10-05T23:39:15,2026-10-05T23:39:15
5274,信驊,2025-06-17,4600.0,15.0,0.33%,,,,,,,,,ShowDailyK_ChartFlow,FinMind_API_TaiwanStockPrice_5274,True,2026-10-05T23:39:15,2026-10-05T23:39:15,2026-10-05T23:39:15
5274,信驊,2025-06-18,4575.0,-25.0,-0.54%,,,,,,,,,ShowDailyK_ChartFlow,FinMind_API_TaiwanStockPrice_5274,True,2026-10-05T23:39:15,2026-10-05T23:39:15,2026-10-05T23:39:15
5274,信驊,2025-06-19,4465.0,-110.0,-2.40%,,,,,,,,,ShowDailyK_ChartFlow,FinMind_API_TaiwanStockPrice_5274,True,2026-10-05T23:39:15,2026-10-05T23:39:15,2026-10-05T23:39:15
5274,信驊,2025-06-20,4430.0,-35.0,-0.78%,,,,,,,,,ShowDailyK_ChartFlow,FinMind_API_TaiwanStockPrice_5274,True,2026-10-05T23:39:15,2026-10-05T23:39:15,2026-10-05T23:39:15
5274,信驊,2025-06-23,4375.0,-55.0,-1.24%,,,,,,,,,ShowDailyK_ChartFlow,FinMind_API_TaiwanStockPrice_5274,True,2026-10-05T23:39:15,2026-10-05T23:39:15,2026-10-05T23:39:15
5274,信驊,2025-06-24,4660.0,285.0,6.51%,,,,,,,,,ShowDailyK_ChartFlow,FinMind_API_TaiwanStockPrice_5274,True,2026-10-05T23:39:15,2026-10-05T23:39:15,2026-10-05T23:39:15
5274,信驊,2025-06-25,4705.0,45.0,0.97%,,,,,,,,,ShowDailyK_ChartFlow,FinMind_API_TaiwanStockPrice_5274,True,2026-10-05T23:39:15,2026-10-05T23:39:15,2026-10-05T23:39:15
5274,信驊,2025-06-26,4725.0,20.0,0.43%,,,,,,,,,ShowDailyK_ChartFlow,FinMind_API_TaiwanStockPrice_5274,True,2026-10-05T23:39:15,2026-10-05T23:39:15,2026-10-05T23:39:15
5274,信驊,2025-06-27,4820.0,95.0,2.01%,,,,,,,,,ShowDailyK_ChartFlow,FinMind_API_TaiwanStockPrice_5274,True,2026-10-05T23:39:15,2026-10-05T23:39:15,2026-10-05T23:39:15
5274,信驊,2025-06-30,4745.0,-75.0,-1.56%,,,,,,,,,ShowDailyK_ChartFlow,FinMind_API_TaiwanStockPrice_5274,True,2026-10-05T23:39:15,2026-10-05T23:39:15,2026-10-05T23:39:15
5274,信驊,2025-07-01,4925.0,180.0,3.79%,,,,,,,,,ShowDailyK_ChartFlow,FinMind_API_TaiwanStockPrice_5274,True,2026-10-05T23:39:15,2026-10-05T23:39:15,2026-10-05T23:39:15
5274,信驊,2025-07-02,4980.0,55.0,1.12%,,,,,,,,,ShowDailyK_ChartFlow,FinMind_API_TaiwanStockPrice_5274,True,2026-10-05T23:39:15,2026-10-05T23:39:15,2026-10-05T23:39:15
5274,信驊,2025-07-03,5010.0,30.0,0.60%,,,,,,,,,ShowDailyK_ChartFlow,FinMind_API_TaiwanStockPrice_5274,True,2026-10-05T23:39:15,2026-10-05T23:39:15,2026-10-05T23:39:15
5274,信驊,2025-07-04,5130.0,120.0,2.40%,,,,,,,,,ShowDailyK_ChartFlow,FinMind_API_TaiwanStockPrice_5274,True,2026-10-05T23:39:15,2026-10-05T23:39:15,2026-10-05T23:39:15
5274,信驊,2025-07-07,5005.0,-125.0,-2.44%,,,,,,,,,ShowDailyK_ChartFlow,FinMind_API_TaiwanStockPrice_5274,True,2026-10-05T23:39:15,2026-10-05T23:39:15,2026-10-05T23:39:15
5274,信驊,2025-07-08,5055.0,50.0,1.00%,,,,,,,,,ShowDailyK_ChartFlow,FinMind_API_TaiwanStockPrice_5274,True,2026-10-05T23:39:15,2026-10-05T23:39:15,2026-10-05T23:39:15
5274,信驊,2025-07-09,5115.0,60.0,1.19%,,,,,,,,,ShowDailyK_ChartFlow,FinMind_API_TaiwanStockPrice_5274,True,2026-10-05T23:39:15,2026-10-05T23:39:15,2026-10-05T23:39:15
5274,信驊,2025-07-10,5155.0,40.0,0.78%,,,,,,,,,ShowDailyK_ChartFlow,FinMind_API_TaiwanStockPrice_5274,True,2026-10-05T23:39:15,2026-10-05T23:39:15,2026-10-05T23:39:15
5274,信驊,2025-07-11,5075.0,-80.0,-1.55%,,,,,,,,,ShowDailyK_ChartFlow,FinMind_API_TaiwanStockPrice_5274,True,2026-10-05T23:39:15,2026-10-05T23:39:15,2026-10-05T23:39:15
5274,信驊,2025-07-14,5135.0,60.0,1.18%,,,,,,,,,ShowDailyK_ChartFlow,FinMind_API_TaiwanStockPrice_5274,True,2026-10-05T23:39:15,2026-10-05T23:39:15,2026-10-05T23:39:15
5274,信驊,2025-07-15,5200.0,65.0,1.27%,,,,,,,,,ShowDailyK_ChartFlow,FinMind_API_TaiwanStockPrice_5274,True,2026-10-05T23:39:15,2026-10-05T23:39:15,2026-10-05T23:39:15
5274,信驊,2025-07-16,4860.0,-340.0,-6.54%,,,,,,,,,ShowDailyK_ChartFlow,FinMind_API_TaiwanStockPrice_5274,True,2026-10-05T23:39:15,2026-10-05T23:39:15,2026-10-05T23:39:15
5274,信驊,2025-07-17,4790.0,-70.0,-1.44%,,,,,,,,,ShowDailyK_ChartFlow,FinMind_API_TaiwanStockPrice_5274,True,2026-10-05T23:39:15,2026-10-05T23:39:15,2026-10-05T23:39:15
5274,信驊,2025-07-18,4775.0,-15.0,-0.31%,,,,,,,,,ShowDailyK_ChartFlow,FinMind_API_TaiwanStockPrice_5274,True,2026-10-05T23:39:15,2026-10-05T23:39:15,2026-10-05T23:39:15
5274,信驊,2025-07-21,4750.0,-25.0,-0.52%,,,,,,,,,ShowDailyK_ChartFlow,FinMind_API_TaiwanStockPrice_5274,True,2026-10-05T23:39:15,2026-10-05T23:39:15,2026-10-05T23:39:15
5274,信驊,2025-07-22,4580.0,-170.0,-3.58%,,,,,,,,,ShowDailyK_ChartFlow,FinMind_API_TaiwanStockPrice_5274,True,2026-10-05T23:39:15,2026-10-05T23:39:15,2026-10-05T23:39:15
5274,信驊,2025-07-23,4510.0,-70.0,-1.53%,,,,,,,,,ShowDailyK_ChartFlow,FinMind_API_TaiwanStockPrice_5274,True,2026-10-05T23:39:15,2026-10-05T23:39:15,2026-10-05T23:39:15
5274,信驊,2025-07-24,4440.0,-70.0,-1.55%,,,,,,,,,ShowDailyK_ChartFlow,FinMind_API_TaiwanStockPrice_5274,True,2026-10-05T23:39:15,2026-10-05T23:39:15,2026-10-05T23:39:15
5274,信驊,2025-07-25,4490.0,50.0,1.13%,,,,,,,,,ShowDailyK_ChartFlow,FinMind_API_TaiwanStockPrice_5274,True,2026-10-05T23:39:15,2026-10-05T23:39:15,2026-10-05T23:39:15
5274,信驊,2025-07-28,4465.0,-25.0,-0.56%,,,,,,,,,ShowDailyK_ChartFlow,FinMind_API_TaiwanStockPrice_5274,True,2026-10-05T23:39:15,2026-10-05T23:39:15,2026-10-05T23:39:15
5274,信驊,2025-07-29,4540.0,75.0,1.68%,,,,,,,,,ShowDailyK_ChartFlow,FinMind_API_TaiwanStockPrice_5274,True,2026-10-05T23:39:15,2026-10-05T23:39:15,2026-10-05T23:39:15
5274,信驊,2025-07-30,4390.0,-150.0,-3.30%,,,,,,,,,ShowDailyK_ChartFlow,FinMind_API_TaiwanStockPrice_5274,True,2026-10-05T23:39:15,2026-10-05T23:39:15,2026-10-05T23:39:15
5274,信驊,2025-07-31,4560.0,170.0,3.87%,,,,,,,,,ShowDailyK_ChartFlow,FinMind_API_TaiwanStockPrice_5274,True,2026-10-05T23:39:15,2026-10-05T23:39:15,2026-10-05T23:39:15
5274,信驊,2025-08-01,4700.0,140.0,3.07%,,,,,,,,,ShowDailyK_ChartFlow,FinMind_API_TaiwanStockPrice_5274,True,2026-10-05T23:39:15,2026-10-05T23:39:15,2026-10-05T23:39:15
5274,信驊,2025-08-04,4620.0,-80.0,-1.70%,,,,,,,,,ShowDailyK_ChartFlow,FinMind_API_TaiwanStockPrice_5274,True,2026-10-05T23:39:15,2026-10-05T23:39:15,2026-10-05T23:39:15
5274,信驊,2025-08-05,4800.0,180.0,3.90%,,,,,,,,,ShowDailyK_ChartFlow,FinMind_API_TaiwanStockPrice_5274,True,2026-10-05T23:39:15,2026-10-05T23:39:15,2026-10-05T23:39:15
5274,信驊,2025-08-06,4525.0,-275.0,-5.73%,,,,,,,,,ShowDailyK_ChartFlow,FinMind_API_TaiwanStockPrice_5274,True,2026-10-05T23:39:15,2026-10-05T23:39:15,2026-10-05T23:39:15
5274,信驊,2025-08-07,4785.0,260.0,5.75%,,,,,,,,,ShowDailyK_ChartFlow,FinMind_API_TaiwanStockPrice_5274,True,2026-10-05T23:39:15,2026-10-05T23:39:15,2026-10-05T23:39:15
5274,信驊,2025-08-08,4765.0,-20.0,-0.42%,,,,,,,,,ShowDailyK_ChartFlow,FinMind_API_TaiwanStockPrice_5274,True,2026-10-05T23:39:15,2026-10-05T23:39:15,2026-10-05T23:39:15
5274,信驊,2025-08-11,4730.0,-35.0,-0.73%,,,,,,,,,ShowDailyK_ChartFlow,FinMind_API_TaiwanStockPrice_5274,True,2026-10-05T23:39:15,2026-10-05T23:39:15,2026-10-05T23:39:15
5274,信驊,2025-08-12,4830.0,100.0,2.11%,,,,,,,,,ShowDailyK_ChartFlow,FinMind_API_TaiwanStockPrice_5274,True,2026-10-05T23:39:15,2026-10-05T23:39:15,2026-10-05T23:39:15
5274,信驊,2025-08-13,5000.0,170.0,3.52%,,,,,,,,,ShowDailyK_ChartFlow,FinMind_API_TaiwanStockPrice_5274,True,2026-10-05T23:39:15,2026-10-05T23:39:15,2026-10-05T23:39:15
5274,信驊,2025-08-14,5245.0,245.0,4.90%,,,,,,,,,ShowDailyK_ChartFlow,FinMind_API_TaiwanStockPrice_5274,True,2026-10-05T23:39:15,2026-10-05T23:39:15,2026-10-05T23:39:15
5274,信驊,2025-08-15,5230.0,-15.0,-0.29%,,,,,,,,,ShowDailyK_ChartFlow,FinMind_API_TaiwanStockPrice_5274,True,2026-10-05T23:39:15,2026-10-05T23:39:15,2026-10-05T23:39:15
5274,信驊,2025-08-18,5035.0,-195.0,-3.73%,,,,,,,,,ShowDailyK_ChartFlow,FinMind_API_TaiwanStockPrice_5274,True,2026-10-05T23:39:15,2026-10-05T23:39:15,2026-10-05T23:39:15
5274,信驊,2025-08-19,4970.0,-65.0,-1.29%,,,,,,,,,ShowDailyK_ChartFlow,FinMind_API_TaiwanStockPrice_5274,True,2026-10-05T23:39:15,2026-10-05T23:39:15,2026-10-05T23:39:15
5274,信驊,2025-08-20,4715.0,-255.0,-5.13%,,,,,,,,,ShowDailyK_ChartFlow,FinMind_API_TaiwanStockPrice_5274,True,2026-10-05T23:39:15,2026-10-05T23:39:15,2026-10-05T23:39:15
5274,信驊,2025-08-21,5105.0,390.0,8.27%,,,,,,,,,ShowDailyK_ChartFlow,FinMind_API_TaiwanStockPrice_5274,True,2026-10-05T23:39:15,2026-10-05T23:39:15,2026-10-05T23:39:15
5274,信驊,2025-08-22,5025.0,-80.0,-1.57%,,,,,,,,,ShowDailyK_ChartFlow,FinMind_API_TaiwanStockPrice_5274,True,2026-10-05T23:39:15,2026-10-05T23:39:15,2026-10-05T23:39:15
5274,信驊,2025-08-25,4995.0,-30.0,-0.60%,,,,,,,,,ShowDailyK_ChartFlow,FinMind_API_TaiwanStockPrice_5274,True,2026-10-05T23:39:15,2026-10-05T23:39:15,2026-10-05T23:39:15
5274,信驊,2025-08-26,5100.0,105.0,2.10%,,,,,,,,,ShowDailyK_ChartFlow,FinMind_API_TaiwanStockPrice_5274,True,2026-10-05T23:39:15,2026-10-05T23:39:15,2026-10-05T23:39:15
5274,信驊,2025-08-27,5055.0,-45.0,-0.88%,,,,,,,,,ShowDailyK_ChartFlow,FinMind_API_TaiwanStockPrice_5274,True,2026-10-05T23:39:15,2026-10-05T23:39:15,2026-10-05T23:39:15
5274,信驊,2025-08-28,4980.0,-75.0,-1.48%,,,,,,,,,ShowDailyK_ChartFlow,FinMind_API_TaiwanStockPrice_5274,True,2026-10-05T23:39:15,2026-10-05T23:39:15,2026-10-05T23:39:15
5274,信驊,2025-08-29,4995.0,15.0,0.30%,,,,,,,,,ShowDailyK_ChartFlow,FinMind_API_TaiwanStockPrice_5274,True,2026-10-05T23:39:15,2026-10-05T23:39:15,2026-10-05T23:39:15
5274,信驊,2025-09-01,5015.0,20.0,0.40%,,,,,,,,,ShowDailyK_ChartFlow,FinMind_API_TaiwanStockPrice_5274,True,2026-10-05T23:39:15,2026-10-05T23:39:15,2026-10-05T23:39:15
5274,信驊,2025-09-02,4835.0,-180.0,-3.59%,,,,,,,,,ShowDailyK_ChartFlow,FinMind_API_TaiwanStockPrice_5274,True,2026-10-05T23:39:15,2026-10-05T23:39:15,2026-10-05T23:39:15
5274,信驊,2025-09-03,4965.0,130.0,2.69%,,,,,,,,,ShowDailyK_ChartFlow,FinMind_API_TaiwanStockPrice_5274,True,2026-10-05T23:39:15,2026-10-05T23:39:15,2026-10-05T23:39:15
5274,信驊,2025-09-04,4935.0,-30.0,-0.60%,,,,,,,,,ShowDailyK_ChartFlow,FinMind_API_TaiwanStockPrice_5274,True,2026-10-05T23:39:15,2026-10-05T23:39:15,2026-10-05T23:39:15
5274,信驊,2025-09-05,4930.0,-5.0,-0.10%,,,,,,,,,ShowDailyK_ChartFlow,FinMind_API_TaiwanStockPrice_5274,True,2026-10-05T23:39:15,2026-10-05T23:39:15,2026-10-05T23:39:15
5274,信驊,2025-09-08,4860.0,-70.0,-1.42%,,,,,,,,,ShowDailyK_ChartFlow,FinMind_API_TaiwanStockPrice_5274,True,2026-10-05T23:39:15,2026-10-05T23:39:15,2026-10-05T23:39:15
5274,信驊,2025-09-09,4830.0,-30.0,-0.62%,,,,,,,,,ShowDailyK_ChartFlow,FinMind_API_TaiwanStockPrice_5274,True,2026-10-05T23:39:15,2026-10-05T23:39:15,2026-10-05T23:39:15
5274,信驊,2025-09-10,4870.0,40.0,0.83%,,,,,,,,,ShowDailyK_ChartFlow,FinMind_API_TaiwanStockPrice_5274,True,2026-10-05T23:39:15,2026-10-05T23:39:15,2026-10-05T23:39:15
5274,信驊,2025-09-11,4980.0,110.0,2.26%,,,,,,,,,ShowDailyK_ChartFlow,FinMind_API_TaiwanStockPrice_5274,True,2026-10-05T23:39:15,2026-10-05T23:39:15,2026-10-05T23:39:15
5274,信驊,2025-09-12,4945.0,-35.0,-0.70%,,,,,,,,,ShowDailyK_ChartFlow,FinMind_API_TaiwanStockPrice_5274,True,2026-10-05T23:39:15,2026-10-05T23:39:15,2026-10-05T23:39:15
5274,信驊,2025-09-15,4850.0,-95.0,-1.92%,,,,,,,,,ShowDailyK_ChartFlow,FinMind_API_TaiwanStockPrice_5274,True,2026-10-05T23:39:15,2026-10-05T23:39:15,2026-10-05T23:39:15
5274,信驊,2025-09-16,5045.0,195.0,4.02%,,,,,,,,,ShowDailyK_ChartFlow,FinMind_API_TaiwanStockPrice_5274,True,2026-10-05T23:39:15,2026-10-05T23:39:15,2026-10-05T23:39:15
5274,信驊,2025-09-17,5000.0,-45.0,-0.89%,,,,,,,,,ShowDailyK_ChartFlow,FinMind_API_TaiwanStockPrice_5274,True,2026-10-05T23:39:15,2026-10-05T23:39:15,2026-10-05T23:39:15
5274,信驊,2025-09-18,5155.0,155.0,3.10%,,,,,,,,,ShowDailyK_ChartFlow,FinMind_API_TaiwanStockPrice_5274,True,2026-10-05T23:39:15,2026-10-05T23:39:15,2026-10-05T23:39:15
5274,信驊,2025-09-19,5345.0,190.0,3.69%,,,,,,,,,ShowDailyK_ChartFlow,FinMind_API_TaiwanStockPrice_5274,True,2026-10-05T23:39:15,2026-10-05T23:39:15,2026-10-05T23:39:15
5274,信驊,2025-09-22,5250.0,-95.0,-1.78%,,,,,,,,,ShowDailyK_ChartFlow,FinMind_API_TaiwanStockPrice_5274,True,2026-10-05T23:39:15,2026-10-05T23:39:15,2026-10-05T23:39:15
5274,信驊,2025-09-23,5115.0,-135.0,-2.57%,,,,,,,,,ShowDailyK_ChartFlow,FinMind_API_TaiwanStockPrice_5274,True,2026-10-05T23:39:15,2026-10-05T23:39:15,2026-10-05T23:39:15
5274,信驊,2025-09-24,5175.0,60.0,1.17%,,,,,,,,,ShowDailyK_ChartFlow,FinMind_API_TaiwanStockPrice_5274,True,2026-10-05T23:39:15,2026-10-05T23:39:15,2026-10-05T23:39:15
5274,信驊,2025-09-25,5025.0,-150.0,-2.90%,,,,,,,,,ShowDailyK_ChartFlow,FinMind_API_TaiwanStockPrice_5274,True,2026-10-05T23:39:15,2026-10-05T23:39:15,2026-10-05T23:39:15
5274,信驊,2025-09-26,4905.0,-120.0,-2.39%,,,,,,,,,ShowDailyK_ChartFlow,FinMind_API_TaiwanStockPrice_5274,True,2026-10-05T23:39:15,2026-10-05T23:39:15,2026-10-05T23:39:15
5274,信驊,2025-09-30,5050.0,145.0,2.96%,,,,,,,,,ShowDailyK_ChartFlow,FinMind_API_TaiwanStockPrice_5274,True,2026-10-05T23:39:15,2026-10-05T23:39:15,2026-10-05T23:39:15
5274,信驊,2025-10-01,5200.0,150.0,2.97%,,,,,,,,,ShowDailyK_ChartFlow,FinMind_API_TaiwanStockPrice_5274,True,2026-10-05T23:39:15,2026-10-05T23:39:15,2026-10-05T23:39:15
5274,信驊,2025-10-02,5550.0,350.0,6.73%,,,,,,,,,ShowDailyK_ChartFlow,FinMind_API_TaiwanStockPrice_5274,True,2026-10-05T23:39:15,2026-10-05T23:39:15,2026-10-05T23:39:15
5274,信驊,2025-10-03,5460.0,-90.0,-1.62%,,,,,,,,,ShowDailyK_ChartFlow,FinMind_API_TaiwanStockPrice_5274,True,2026-10-05T23:39:15,2026-10-05T23:39:15,2026-10-05T23:39:15
5274,信驊,2025-10-07,5500.0,40.0,0.73%,,,,,,,,,ShowDailyK_ChartFlow,FinMind_API_TaiwanStockPrice_5274,True,2026-10-05T23:39:15,2026-10-05T23:39:15,2026-10-05T23:39:15
5274,信驊,2025-10-08,5640.0,140.0,2.55%,,,,,,,,,ShowDailyK_ChartFlow,FinMind_API_TaiwanStockPrice_5274,True,2026-10-05T23:39:15,2026-10-05T23:39:15,2026-10-05T23:39:15
5274,信驊,2025-10-09,5690.0,50.0,0.89%,,,,,,,,,ShowDailyK_ChartFlow,FinMind_API_TaiwanStockPrice_5274,True,2026-10-05T23:39:15,2026-10-05T23:39:15,2026-10-05T23:39:15
5274,信驊,2025-10-13,5515.0,-175.0,-3.08%,,,,,,,,,ShowDailyK_ChartFlow,FinMind_API_TaiwanStockPrice_5274,True,2026-10-05T23:39:15,2026-10-05T23:39:15,2026-10-05T23:39:15
5274,信驊,2025-10-14,5285.0,-230.0,-4.17%,,,,,,,,,ShowDailyK_ChartFlow,FinMind_API_TaiwanStockPrice_5274,True,2026-10-05T23:39:15,2026-10-05T23:39:15,2026-10-05T23:39:15
5274,信驊,2025-10-15,5500.0,215.0,4.07%,,,,,,,,,ShowDailyK_ChartFlow,FinMind_API_TaiwanStockPrice_5274,True,2026-10-05T23:39:15,2026-10-05T23:39:15,2026-10-05T23:39:15
5274,信驊,2025-10-16,5600.0,100.0,1.82%,,,,,,,,,ShowDailyK_ChartFlow,FinMind_API_TaiwanStockPrice_5274,True,2026-10-05T23:39:15,2026-10-05T23:39:15,2026-10-05T23:39:15
5274,信驊,2025-10-17,5625.0,25.0,0.45%,,,,,,,,,ShowDailyK_ChartFlow,FinMind_API_TaiwanStockPrice_5274,True,2026-10-05T23:39:15,2026-10-05T23:39:15,2026-10-05T23:39:15
5274,信驊,2025-10-20,5330.0,-295.0,-5.24%,,,,,,,,,ShowDailyK_ChartFlow,FinMind_API_TaiwanStockPrice_5274,True,2026-10-05T23:39:15,2026-10-05T23:39:15,2026-10-05T23:39:15
5274,信驊,2025-10-21,5320.0,-10.0,-0.19%,,,,,,,,,ShowDailyK_ChartFlow,FinMind_API_TaiwanStockPrice_5274,True,2026-10-05T23:39:15,2026-10-05T23:39:15,2026-10-05T23:39:15
5274,信驊,2025-10-22,5270.0,-50.0,-0.94%,,,,,,,,,ShowDailyK_ChartFlow,FinMind_API_TaiwanStockPrice_5274,True,2026-10-05T23:39:15,2026-10-05T23:39:15,2026-10-05T23:39:15
5274,信驊,2025-10-23,5215.0,-55.0,-1.04%,,,,,,,,,ShowDailyK_ChartFlow,FinMind_API_TaiwanStockPrice_5274,True,2026-10-05T23:39:15,2026-10-05T23:39:15,2026-10-05T23:39:15
5274,信驊,2025-10-27,5135.0,-80.0,-1.53%,,,,,,,,,ShowDailyK_ChartFlow,FinMind_API_TaiwanStockPrice_5274,True,2026-10-05T23:39:15,2026-10-05T23:39:15,2026-10-05T23:39:15
5274,信驊,2025-10-28,5300.0,165.0,3.21%,,,,,,,,,ShowDailyK_ChartFlow,FinMind_API_TaiwanStockPrice_5274,True,2026-10-05T23:39:15,2026-10-05T23:39:15,2026-10-05T23:39:15
5274,信驊,2025-10-29,5185.0,-115.0,-2.17%,,,,,,,,,ShowDailyK_ChartFlow,FinMind_API_TaiwanStockPrice_5274,True,2026-10-05T23:39:15,2026-10-05T23:39:15,2026-10-05T23:39:15
5274,信驊,2025-10-30,5210.0,25.0,0.48%,,,,,,,,,ShowDailyK_ChartFlow,FinMind_API_TaiwanStockPrice_5274,True,2026-10-05T23:39:15,2026-10-05T23:39:15,2026-10-05T23:39:15
5274,信驊,2025-10-31,5470.0,260.0,4.99%,,,,,,,,,ShowDailyK_ChartFlow,FinMind_API_TaiwanStockPrice_5274,True,2026-10-05T23:39:15,2026-10-05T23:39:15,2026-10-05T23:39:15
5274,信驊,2025-11-03,5470.0,0.0,0.00%,,,,,,,,,ShowDailyK_ChartFlow,FinMind_API_TaiwanStockPrice_5274,True,2026-10-05T23:39:15,2026-10-05T23:39:15,2026-10-05T23:39:15
5274,信驊,2025-11-04,5500.0,30.0,0.55%,,,,,,,,,ShowDailyK_ChartFlow,FinMind_API_TaiwanStockPrice_5274,True,2026-10-05T23:39:15,2026-10-05T23:39:15,2026-10-05T23:39:15
5274,信驊,2025-11-05,5285.0,-215.0,-3.91%,,,,,,,,,ShowDailyK_ChartFlow,FinMind_API_TaiwanStockPrice_5274,True,2026-10-05T23:39:15,2026-10-05T23:39:15,2026-10-05T23:39:15
5274,信驊,2025-11-06,5810.0,525.0,9.93%,,,,,,,,,ShowDailyK_ChartFlow,FinMind_API_TaiwanStockPrice_5274,True,2026-10-05T23:39:15,2026-10-05T23:39:15,2026-10-05T23:39:15
5274,信驊,2025-11-07,5685.0,-125.0,-2.15%,,,,,,,,,ShowDailyK_ChartFlow,FinMind_API_TaiwanStockPrice_5274,True,2026-10-05T23:39:15,2026-10-05T23:39:15,2026-10-05T23:39:15
5274,信驊,2025-11-10,5640.0,-45.0,-0.79%,,,,,,,,,ShowDailyK_ChartFlow,FinMind_API_TaiwanStockPrice_5274,True,2026-10-05T23:39:15,2026-10-05T23:39:15,2026-10-05T23:39:15
5274,信驊,2025-11-11,5625.0,-15.0,-0.27%,,,,,,,,,ShowDailyK_ChartFlow,FinMind_API_TaiwanStockPrice_5274,True,2026-10-05T23:39:15,2026-10-05T23:39:15,2026-10-05T23:39:15
5274,信驊,2025-11-12,5760.0,135.0,2.40%,,,,,,,,,ShowDailyK_ChartFlow,FinMind_API_TaiwanStockPrice_5274,True,2026-10-05T23:39:15,2026-10-05T23:39:15,2026-10-05T23:39:15
5274,信驊,2025-11-13,6335.0,575.0,9.98%,,,,,,,,,ShowDailyK_ChartFlow,FinMind_API_TaiwanStockPrice_5274,True,2026-10-05T23:39:15,2026-10-05T23:39:15,2026-10-05T23:39:15
5274,信驊,2025-11-14,5965.0,-370.0,-5.84%,,,,,,,,,ShowDailyK_ChartFlow,FinMind_API_TaiwanStockPrice_5274,True,2026-10-05T23:39:15,2026-10-05T23:39:15,2026-10-05T23:39:15
5274,信驊,2025-11-17,6120.0,155.0,2.60%,,,,,,,,,ShowDailyK_ChartFlow,FinMind_API_TaiwanStockPrice_5274,True,2026-10-05T23:39:15,2026-10-05T23:39:15,2026-10-05T23:39:15
5274,信驊,2025-11-18,6500.0,380.0,6.21%,,,,,,,,,ShowDailyK_ChartFlow,FinMind_API_TaiwanStockPrice_5274,True,2026-10-05T23:39:15,2026-10-05T23:39:15,2026-10-05T23:39:15
5274,信驊,2025-11-19,6215.0,-285.0,-4.38%,,,,,,,,,ShowDailyK_ChartFlow,FinMind_API_TaiwanStockPrice_5274,True,2026-10-05T23:39:15,2026-10-05T23:39:15,2026-10-05T23:39:15
5274,信驊,2025-11-20,6355.0,140.0,2.25%,,,,,,,,,ShowDailyK_ChartFlow,FinMind_API_TaiwanStockPrice_5274,True,2026-10-05T23:39:15,2026-10-05T23:39:15,2026-10-05T23:39:15
5274,信驊,2025-11-21,6075.0,-280.0,-4.41%,,,,,,,,,ShowDailyK_ChartFlow,FinMind_API_TaiwanStockPrice_5274,True,2026-10-05T23:39:15,2026-10-05T23:39:15,2026-10-05T23:39:15
5274,信驊,2025-11-24,6405.0,330.0,5.43%,,,,,,,,,ShowDailyK_ChartFlow,FinMind_API_TaiwanStockPrice_5274,True,2026-10-05T23:39:15,2026-10-05T23:39:15,2026-10-05T23:39:15
5274,信驊,2025-11-25,6330.0,-75.0,-1.17%,,,,,,,,,ShowDailyK_ChartFlow,FinMind_API_TaiwanStockPrice_5274,True,2026-10-05T23:39:15,2026-10-05T23:39:15,2026-10-05T23:39:15
5274,信驊,2025-11-26,6620.0,290.0,4.58%,,,,,,,,,ShowDailyK_ChartFlow,FinMind_API_TaiwanStockPrice_5274,True,2026-10-05T23:39:15,2026-10-05T23:39:15,2026-10-05T23:39:15
5274,信驊,2025-11-27,6650.0,30.0,0.45%,,,,,,,,,ShowDailyK_ChartFlow,FinMind_API_TaiwanStockPrice_5274,True,2026-10-05T23:39:15,2026-10-05T23:39:15,2026-10-05T23:39:15
5274,信驊,2025-11-28,7315.0,665.0,10.00%,,,,,,,,,ShowDailyK_ChartFlow,FinMind_API_TaiwanStockPrice_5274,True,2026-10-05T23:39:15,2026-10-05T23:39:15,2026-10-05T23:39:15
5274,信驊,2025-12-01,6915.0,-400.0,-5.47%,,,,,,,,,ShowDailyK_ChartFlow,FinMind_API_TaiwanStockPrice_5274,True,2026-10-05T23:39:15,2026-10-05T23:39:15,2026-10-05T23:39:15
5274,信驊,2025-12-02,6600.0,-315.0,-4.56%,,,,,,,,,ShowDailyK_ChartFlow,FinMind_API_TaiwanStockPrice_5274,True,2026-10-05T23:39:15,2026-10-05T23:39:15,2026-10-05T23:39:15
5274,信驊,2025-12-03,6565.0,-35.0,-0.53%,,,,,,,,,ShowDailyK_ChartFlow,FinMind_API_TaiwanStockPrice_5274,True,2026-10-05T23:39:15,2026-10-05T23:39:15,2026-10-05T23:39:15
5274,信驊,2025-12-04,6440.0,-125.0,-1.90%,,,,,,,,,ShowDailyK_ChartFlow,FinMind_API_TaiwanStockPrice_5274,True,2026-10-05T23:39:15,2026-10-05T23:39:15,2026-10-05T23:39:15
5274,信驊,2025-12-05,6570.0,130.0,2.02%,,,,,,,,,ShowDailyK_ChartFlow,FinMind_API_TaiwanStockPrice_5274,True,2026-10-05T23:39:15,2026-10-05T23:39:15,2026-10-05T23:39:15
5274,信驊,2025-12-08,6515.0,-55.0,-0.84%,,,,,,,,,ShowDailyK_ChartFlow,FinMind_API_TaiwanStockPrice_5274,True,2026-10-05T23:39:15,2026-10-05T23:39:15,2026-10-05T23:39:15
5274,信驊,2025-12-09,6690.0,175.0,2.69%,,,,,,,,,ShowDailyK_ChartFlow,FinMind_API_TaiwanStockPrice_5274,True,2026-10-05T23:39:15,2026-10-05T23:39:15,2026-10-05T23:39:15
5274,信驊,2025-12-10,6710.0,20.0,0.30%,,,,,,,,,ShowDailyK_ChartFlow,FinMind_API_TaiwanStockPrice_5274,True,2026-10-05T23:39:15,2026-10-05T23:39:15,2026-10-05T23:39:15
5274,信驊,2025-12-11,6800.0,90.0,1.34%,,,,,,,,,ShowDailyK_ChartFlow,FinMind_API_TaiwanStockPrice_5274,True,2026-10-05T23:39:15,2026-10-05T23:39:15,2026-10-05T23:39:15
5274,信驊,2025-12-12,6725.0,-75.0,-1.10%,,,,,,,,,ShowDailyK_ChartFlow,FinMind_API_TaiwanStockPrice_5274,True,2026-10-05T23:39:15,2026-10-05T23:39:15,2026-10-05T23:39:15
5274,信驊,2025-12-15,6795.0,70.0,1.04%,,,,,,,,,ShowDailyK_ChartFlow,FinMind_API_TaiwanStockPrice_5274,True,2026-10-05T23:39:15,2026-10-05T23:39:15,2026-10-05T23:39:15
5274,信驊,2025-12-16,6650.0,-145.0,-2.13%,,,,,,,,,ShowDailyK_ChartFlow,FinMind_API_TaiwanStockPrice_5274,True,2026-10-05T23:39:15,2026-10-05T23:39:15,2026-10-05T23:39:15
5274,信驊,2025-12-17,6500.0,-150.0,-2.26%,,,,,,,,,ShowDailyK_ChartFlow,FinMind_API_TaiwanStockPrice_5274,True,2026-10-05T23:39:15,2026-10-05T23:39:15,2026-10-05T23:39:15
5274,信驊,2025-12-18,6615.0,115.0,1.77%,,,,,,,,,ShowDailyK_ChartFlow,FinMind_API_TaiwanStockPrice_5274,True,2026-10-05T23:39:15,2026-10-05T23:39:15,2026-10-05T23:39:15
5274,信驊,2025-12-19,6580.0,-35.0,-0.53%,,,,,,,,,ShowDailyK_ChartFlow,FinMind_API_TaiwanStockPrice_5274,True,2026-10-05T23:39:15,2026-10-05T23:39:15,2026-10-05T23:39:15
5274,信驊,2025-12-22,6800.0,220.0,3.34%,,,,,,,,,ShowDailyK_ChartFlow,FinMind_API_TaiwanStockPrice_5274,True,2026-10-05T23:39:15,2026-10-05T23:39:15,2026-10-05T23:39:15
5274,信驊,2025-12-23,6870.0,70.0,1.03%,,,,,,,,,ShowDailyK_ChartFlow,FinMind_API_TaiwanStockPrice_5274,True,2026-10-05T23:39:15,2026-10-05T23:39:15,2026-10-05T23:39:15
5274,信驊,2025-12-24,6850.0,-20.0,-0.29%,,,,,,,,,ShowDailyK_ChartFlow,FinMind_API_TaiwanStockPrice_5274,True,2026-10-05T23:39:15,2026-10-05T23:39:15,2026-10-05T23:39:15
5274,信驊,2025-12-26,6930.0,80.0,1.17%,,,,,,,,,ShowDailyK_ChartFlow,FinMind_API_TaiwanStockPrice_5274,True,2026-10-05T23:39:15,2026-10-05T23:39:15,2026-10-05T23:39:15
5274,信驊,2025-12-29,7100.0,170.0,2.45%,,,,,,,,,ShowDailyK_ChartFlow,FinMind_API_TaiwanStockPrice_5274,True,2026-10-05T23:39:15,2026-10-05T23:39:15,2026-10-05T23:39:15
5274,信驊,2025-12-30,7550.0,450.0,6.34%,,,,,,,,,ShowDailyK_ChartFlow,FinMind_API_TaiwanStockPrice_5274,True,2026-10-05T23:39:15,2026-10-05T23:39:15,2026-10-05T23:39:15
5274,信驊,2025-12-31,7260.0,-290.0,-3.84%,,,,,,,,,ShowDailyK_ChartFlow,FinMind_API_TaiwanStockPrice_5274,True,2026-10-05T23:39:15,2026-10-05T23:39:15,2026-10-05T23:39:15
5274,信驊,2026-01-02,7255.0,-5.0,-0.07%,,,,,,,,,ShowDailyK_ChartFlow,FinMind_API_TaiwanStockPrice_5274,True,2026-10-05T23:39:15,2026-10-05T23:39:15,2026-10-05T23:39:15
5274,信驊,2026-01-05,7105.0,-150.0,-2.07%,,,,,,,,,ShowDailyK_ChartFlow,FinMind_API_TaiwanStockPrice_5274,True,2026-10-05T23:39:15,2026-10-05T23:39:15,2026-10-05T23:39:15
5274,信驊,2026-01-06,7200.0,95.0,1.34%,,,,,,,,,ShowDailyK_ChartFlow,FinMind_API_TaiwanStockPrice_5274,True,2026-10-05T23:39:15,2026-10-05T23:39:15,2026-10-05T23:39:15
5274,信驊,2026-01-07,7380.0,180.0,2.50%,,,,,,,,,ShowDailyK_ChartFlow,FinMind_API_TaiwanStockPrice_5274,True,2026-10-05T23:39:15,2026-10-05T23:39:15,2026-10-05T23:39:15
5274,信驊,2026-01-08,7650.0,270.0,3.66%,,,,,,,,,ShowDailyK_ChartFlow,FinMind_API_TaiwanStockPrice_5274,True,2026-10-05T23:39:15,2026-10-05T23:39:15,2026-10-05T23:39:15
5274,信驊,2026-01-09,7665.0,15.0,0.20%,,,,,,,,,ShowDailyK_ChartFlow,FinMind_API_TaiwanStockPrice_5274,True,2026-10-05T23:39:15,2026-10-05T23:39:15,2026-10-05T23:39:15
5274,信驊,2026-01-12,8055.0,390.0,5.09%,,,,,,,,,ShowDailyK_ChartFlow,FinMind_API_TaiwanStockPrice_5274,True,2026-10-05T23:39:15,2026-10-05T23:39:15,2026-10-05T23:39:15
5274,信驊,2026-01-13,8005.0,-50.0,-0.62%,,,,,,,,,ShowDailyK_ChartFlow,FinMind_API_TaiwanStockPrice_5274,True,2026-10-05T23:39:15,2026-10-05T23:39:15,2026-10-05T23:39:15
5274,信驊,2026-01-14,8085.0,80.0,1.00%,,,,,,,,,ShowDailyK_ChartFlow,FinMind_API_TaiwanStockPrice_5274,True,2026-10-05T23:39:15,2026-10-05T23:39:15,2026-10-05T23:39:15
5274,信驊,2026-01-15,8755.0,670.0,8.29%,,,,,,,,,ShowDailyK_ChartFlow,FinMind_API_TaiwanStockPrice_5274,True,2026-10-05T23:39:15,2026-10-05T23:39:15,2026-10-05T23:39:15
5274,信驊,2026-01-16,8700.0,-55.0,-0.63%,,,,,,,,,ShowDailyK_ChartFlow,FinMind_API_TaiwanStockPrice_5274,True,2026-10-05T23:39:15,2026-10-05T23:39:15,2026-10-05T23:39:15
5274,信驊,2026-01-19,8775.0,75.0,0.86%,,,,,,,,,ShowDailyK_ChartFlow,FinMind_API_TaiwanStockPrice_5274,True,2026-10-05T23:39:15,2026-10-05T23:39:15,2026-10-05T23:39:15
5274,信驊,2026-01-20,8635.0,-140.0,-1.60%,,,,,,,,,ShowDailyK_ChartFlow,FinMind_API_TaiwanStockPrice_5274,True,2026-10-05T23:39:15,2026-10-05T23:39:15,2026-10-05T23:39:15
5274,信驊,2026-01-21,8330.0,-305.0,-3.53%,,,,,,,,,ShowDailyK_ChartFlow,FinMind_API_TaiwanStockPrice_5274,True,2026-10-05T23:39:15,2026-10-05T23:39:15,2026-10-05T23:39:15
5274,信驊,2026-01-22,8700.0,370.0,4.44%,,,,,,,,,ShowDailyK_ChartFlow,FinMind_API_TaiwanStockPrice_5274,True,2026-10-05T23:39:15,2026-10-05T23:39:15,2026-10-05T23:39:15
5274,信驊,2026-01-23,8870.0,170.0,1.95%,,,,,,,,,ShowDailyK_ChartFlow,FinMind_API_TaiwanStockPrice_5274,True,2026-10-05T23:39:15,2026-10-05T23:39:15,2026-10-05T23:39:15
5274,信驊,2026-01-26,8880.0,10.0,0.11%,,,,,,,,,ShowDailyK_ChartFlow,FinMind_API_TaiwanStockPrice_5274,True,2026-10-05T23:39:15,2026-10-05T23:39:15,2026-10-05T23:39:15
5274,信驊,2026-01-27,8760.0,-120.0,-1.35%,,,,,,,,,ShowDailyK_ChartFlow,FinMind_API_TaiwanStockPrice_5274,True,2026-10-05T23:39:15,2026-10-05T23:39:15,2026-10-05T23:39:15
5274,信驊,2026-01-28,8840.0,80.0,0.91%,,,,,,,,,ShowDailyK_ChartFlow,FinMind_API_TaiwanStockPrice_5274,True,2026-10-05T23:39:15,2026-10-05T23:39:15,2026-10-05T23:39:15
5274,信驊,2026-01-29,9315.0,475.0,5.37%,,,,,,,,,ShowDailyK_ChartFlow,FinMind_API_TaiwanStockPrice_5274,True,2026-10-05T23:39:15,2026-10-05T23:39:15,2026-10-05T23:39:15
5274,信驊,2026-01-30,8880.0,-435.0,-4.67%,,,,,,,,,ShowDailyK_ChartFlow,FinMind_API_TaiwanStockPrice_5274,True,2026-10-05T23:39:15,2026-10-05T23:39:15,2026-10-05T23:39:15
5274,信驊,2026-02-02,9040.0,160.0,1.80%,,,,,,,,,ShowDailyK_ChartFlow,FinMind_API_TaiwanStockPrice_5274,True,2026-10-05T23:39:15,2026-10-05T23:39:15,2026-10-05T23:39:15
5274,信驊,2026-02-03,9790.0,750.0,8.30%,,,,,,,,,ShowDailyK_ChartFlow,FinMind_API_TaiwanStockPrice_5274,True,2026-10-05T23:39:15,2026-10-05T23:39:15,2026-10-05T23:39:15
5274,信驊,2026-02-04,9640.0,-150.0,-1.53%,,,,,,,,,ShowDailyK_ChartFlow,FinMind_API_TaiwanStockPrice_5274,True,2026-10-05T23:39:15,2026-10-05T23:39:15,2026-10-05T23:39:15
5274,信驊,2026-02-05,9130.0,-510.0,-5.29%,,,,,,,,,ShowDailyK_ChartFlow,FinMind_API_TaiwanStockPrice_5274,True,2026-10-05T23:39:15,2026-10-05T23:39:15,2026-10-05T23:39:15
5274,信驊,2026-02-06,8900.0,-230.0,-2.52%,,,,,,,,,ShowDailyK_ChartFlow,FinMind_API_TaiwanStockPrice_5274,True,2026-10-05T23:39:15,2026-10-05T23:39:15,2026-10-05T23:39:15
5274,信驊,2026-02-09,9500.0,600.0,6.74%,,,,,,,,,ShowDailyK_ChartFlow,FinMind_API_TaiwanStockPrice_5274,True,2026-10-05T23:39:15,2026-10-05T23:39:15,2026-10-05T23:39:15
5274,信驊,2026-02-10,9325.0,-175.0,-1.84%,,,,,,,,,ShowDailyK_ChartFlow,FinMind_API_TaiwanStockPrice_5274,True,2026-10-05T23:39:15,2026-10-05T23:39:15,2026-10-05T23:39:15
5274,信驊,2026-02-11,9725.0,400.0,4.29%,,,,,,,,,ShowDailyK_ChartFlow,FinMind_API_TaiwanStockPrice_5274,True,2026-10-05T23:39:15,2026-10-05T23:39:15,2026-10-05T23:39:15
5274,信驊,2026-02-23,9755.0,30.0,0.31%,,,,,,,,,ShowDailyK_ChartFlow,FinMind_API_TaiwanStockPrice_5274,True,2026-10-05T23:39:15,2026-10-05T23:39:15,2026-10-05T23:39:15
5274,信驊,2026-02-24,9755.0,0.0,0.00%,,,,,,,,,ShowDailyK_ChartFlow,FinMind_API_TaiwanStockPrice_5274,True,2026-10-05T23:39:15,2026-10-05T23:39:15,2026-10-05T23:39:15
5274,信驊,2026-02-25,9715.0,-40.0,-0.41%,,,,,,,,,ShowDailyK_ChartFlow,FinMind_API_TaiwanStockPrice_5274,True,2026-10-05T23:39:15,2026-10-05T23:39:15,2026-10-05T23:39:15
5274,信驊,2026-02-26,9730.0,15.0,0.15%,,,,,,,,,ShowDailyK_ChartFlow,FinMind_API_TaiwanStockPrice_5274,True,2026-10-05T23:39:15,2026-10-05T23:39:15,2026-10-05T23:39:15
5274,信驊,2026-03-02,9500.0,-230.0,-2.36%,,,,,,,,,ShowDailyK_ChartFlow,FinMind_API_TaiwanStockPrice_5274,True,2026-10-05T23:39:15,2026-10-05T23:39:15,2026-10-05T23:39:15
5274,信驊,2026-03-03,9255.0,-245.0,-2.58%,,,,,,,,,ShowDailyK_ChartFlow,FinMind_API_TaiwanStockPrice_5274,True,2026-10-05T23:39:15,2026-10-05T23:39:15,2026-10-05T23:39:15
5274,信驊,2026-03-04,8655.0,-600.0,-6.48%,,,,,,,,,ShowDailyK_ChartFlow,FinMind_API_TaiwanStockPrice_5274,True,2026-10-05T23:39:15,2026-10-05T23:39:15,2026-10-05T23:39:15
5274,信驊,2026-03-05,9520.0,865.0,9.99%,,,,,,,,,ShowDailyK_ChartFlow,FinMind_API_TaiwanStockPrice_5274,True,2026-10-05T23:39:15,2026-10-05T23:39:15,2026-10-05T23:39:15
5274,信驊,2026-03-06,9705.0,185.0,1.94%,,,,,,,,,ShowDailyK_ChartFlow,FinMind_API_TaiwanStockPrice_5274,True,2026-10-05T23:39:15,2026-10-05T23:39:15,2026-10-05T23:39:15
5274,信驊,2026-03-09,9250.0,-455.0,-4.69%,,,,,,,,,ShowDailyK_ChartFlow,FinMind_API_TaiwanStockPrice_5274,True,2026-10-05T23:39:15,2026-10-05T23:39:15,2026-10-05T23:39:15
5274,信驊,2026-03-10,9430.0,180.0,1.95%,,,,,,,,,ShowDailyK_ChartFlow,FinMind_API_TaiwanStockPrice_5274,True,2026-10-05T23:39:15,2026-10-05T23:39:15,2026-10-05T23:39:15
5274,信驊,2026-03-11,10055.0,625.0,6.63%,,,,,,,,,ShowDailyK_ChartFlow,FinMind_API_TaiwanStockPrice_5274,True,2026-10-05T23:39:15,2026-10-05T23:39:15,2026-10-05T23:39:15
5274,信驊,2026-03-12,10495.0,440.0,4.38%,,,,,,,,,ShowDailyK_ChartFlow,FinMind_API_TaiwanStockPrice_5274,True,2026-10-05T23:39:15,2026-10-05T23:39:15,2026-10-05T23:39:15
5274,信驊,2026-03-13,10495.0,0.0,0.00%,,,,,,,,,ShowDailyK_ChartFlow,FinMind_API_TaiwanStockPrice_5274,True,2026-10-05T23:39:15,2026-10-05T23:39:15,2026-10-05T23:39:15
5274,信驊,2026-03-16,10295.0,-200.0,-1.91%,,,,,,,,,ShowDailyK_ChartFlow,FinMind_API_TaiwanStockPrice_5274,True,2026-10-05T23:39:15,2026-10-05T23:39:15,2026-10-05T23:39:15
5274,信驊,2026-03-17,11320.0,1025.0,9.96%,,,,,,,,,ShowDailyK_ChartFlow,FinMind_API_TaiwanStockPrice_5274,True,2026-10-05T23:39:15,2026-10-05T23:39:15,2026-10-05T23:39:15
5274,信驊,2026-03-18,12345.0,1025.0,9.05%,,,,,,,,,ShowDailyK_ChartFlow,FinMind_API_TaiwanStockPrice_5274,True,2026-10-05T23:39:15,2026-10-05T23:39:15,2026-10-05T23:39:15
5274,信驊,2026-03-19,12050.0,-295.0,-2.39%,,,,,,,,,ShowDailyK_ChartFlow,FinMind_API_TaiwanStockPrice_5274,True,2026-10-05T23:39:15,2026-10-05T23:39:15,2026-10-05T23:39:15
5274,信驊,2026-03-20,11750.0,-300.0,-2.49%,,,,,,,,,ShowDailyK_ChartFlow,FinMind_API_TaiwanStockPrice_5274,True,2026-10-05T23:39:15,2026-10-05T23:39:15,2026-10-05T23:39:15
5274,信驊,2026-03-23,11465.0,-285.0,-2.43%,,,,,,,,,ShowDailyK_ChartFlow,FinMind_API_TaiwanStockPrice_5274,True,2026-10-05T23:39:15,2026-10-05T23:39:15,2026-10-05T23:39:15
5274,信驊,2026-03-24,10910.0,-555.0,-4.84%,,,,,,,,,ShowDailyK_ChartFlow,FinMind_API_TaiwanStockPrice_5274,True,2026-10-05T23:39:15,2026-10-05T23:39:15,2026-10-05T23:39:15
5274,信驊,2026-03-25,11500.0,590.0,5.41%,,,,,,,,,ShowDailyK_ChartFlow,FinMind_API_TaiwanStockPrice_5274,True,2026-10-05T23:39:15,2026-10-05T23:39:15,2026-10-05T23:39:15
5274,信驊,2026-03-26,11550.0,50.0,0.43%,,,,,,,,,ShowDailyK_ChartFlow,FinMind_API_TaiwanStockPrice_5274,True,2026-10-05T23:39:15,2026-10-05T23:39:15,2026-10-05T23:39:15
5274,信驊,2026-03-27,11555.0,5.0,0.04%,,,,,,,,,ShowDailyK_ChartFlow,FinMind_API_TaiwanStockPrice_5274,True,2026-10-05T23:39:15,2026-10-05T23:39:15,2026-10-05T23:39:15
5274,信驊,2026-03-30,11220.0,-335.0,-2.90%,,,,,,,,,ShowDailyK_ChartFlow,FinMind_API_TaiwanStockPrice_5274,True,2026-10-05T23:39:15,2026-10-05T23:39:15,2026-10-05T23:39:15
5274,信驊,2026-03-31,10700.0,-520.0,-4.63%,,,,,,,,,ShowDailyK_ChartFlow,FinMind_API_TaiwanStockPrice_5274,True,2026-10-05T23:39:15,2026-10-05T23:39:15,2026-10-05T23:39:15
5274,信驊,2026-04-01,11315.0,615.0,5.75%,,,,,,,,,ShowDailyK_ChartFlow,FinMind_API_TaiwanStockPrice_5274,True,2026-10-05T23:39:15,2026-10-05T23:39:15,2026-10-05T23:39:15
5274,信驊,2026-04-02,11690.0,375.0,3.31%,,,,,,,,,ShowDailyK_ChartFlow,FinMind_API_TaiwanStockPrice_5274,True,2026-10-05T23:39:15,2026-10-05T23:39:15,2026-10-05T23:39:15
5274,信驊,2026-04-07,11470.0,-220.0,-1.88%,,,,,,,,,ShowDailyK_ChartFlow,FinMind_API_TaiwanStockPrice_5274,True,2026-10-05T23:39:15,2026-10-05T23:39:15,2026-10-05T23:39:15
5274,信驊,2026-04-08,12615.0,1145.0,9.98%,,,,,,,,,ShowDailyK_ChartFlow,FinMind_API_TaiwanStockPrice_5274,True,2026-10-05T23:39:15,2026-10-05T23:39:15,2026-10-05T23:39:15
5274,信驊,2026-04-09,12565.0,-50.0,-0.40%,,,,,,,,,ShowDailyK_ChartFlow,FinMind_API_TaiwanStockPrice_5274,True,2026-10-05T23:39:15,2026-10-05T23:39:15,2026-10-05T23:39:15
5274,信驊,2026-04-10,12580.0,15.0,0.12%,,,,,,,,,ShowDailyK_ChartFlow,FinMind_API_TaiwanStockPrice_5274,True,2026-10-05T23:39:15,2026-10-05T23:39:15,2026-10-05T23:39:15
5274,信驊,2026-04-13,12180.0,-400.0,-3.18%,,,,,,,,,ShowDailyK_ChartFlow,FinMind_API_TaiwanStockPrice_5274,True,2026-10-05T23:39:15,2026-10-05T23:39:15,2026-10-05T23:39:15
5274,信驊,2026-04-14,13005.0,825.0,6.77%,,,,,,,,,ShowDailyK_ChartFlow,FinMind_API_TaiwanStockPrice_5274,True,2026-10-05T23:39:15,2026-10-05T23:39:15,2026-10-05T23:39:15
5274,信驊,2026-04-15,13875.0,870.0,6.69%,,,,,,,,,ShowDailyK_ChartFlow,FinMind_API_TaiwanStockPrice_5274,True,2026-10-05T23:39:15,2026-10-05T23:39:15,2026-10-05T23:39:15
5274,信驊,2026-04-16,14480.0,605.0,4.36%,,,,,,,,,ShowDailyK_ChartFlow,FinMind_API_TaiwanStockPrice_5274,True,2026-10-05T23:39:15,2026-10-05T23:39:15,2026-10-05T23:39:15
5274,信驊,2026-04-17,13805.0,-675.0,-4.66%,,,,,,,,,ShowDailyK_ChartFlow,FinMind_API_TaiwanStockPrice_5274,True,2026-10-05T23:39:15,2026-10-05T23:39:15,2026-10-05T23:39:15
5274,信驊,2026-04-20,14425.0,620.0,4.49%,,,,,,,,,ShowDailyK_ChartFlow,FinMind_API_TaiwanStockPrice_5274,True,2026-10-05T23:39:15,2026-10-05T23:39:15,2026-10-05T23:39:15
5274,信驊,2026-04-21,15245.0,820.0,5.68%,,,,,,,,,ShowDailyK_ChartFlow,FinMind_API_TaiwanStockPrice_5274,True,2026-10-05T23:39:15,2026-10-05T23:39:15,2026-10-05T23:39:15
5274,信驊,2026-04-22,16085.0,840.0,5.51%,,,,,,,,,ShowDailyK_ChartFlow,FinMind_API_TaiwanStockPrice_5274,True,2026-10-05T23:39:15,2026-10-05T23:39:15,2026-10-05T23:39:15
5274,信驊,2026-04-23,15670.0,-415.0,-2.58%,,,,,,,,,ShowDailyK_ChartFlow,FinMind_API_TaiwanStockPrice_5274,True,2026-10-05T23:39:15,2026-10-05T23:39:15,2026-10-05T23:39:15
5274,信驊,2026-04-24,16370.0,700.0,4.47%,,,,,,,,,ShowDailyK_ChartFlow,FinMind_API_TaiwanStockPrice_5274,True,2026-10-05T23:39:15,2026-10-05T23:39:15,2026-10-05T23:39:15
5274,信驊,2026-04-27,16000.0,-370.0,-2.26%,,,,,,,,,ShowDailyK_ChartFlow,FinMind_API_TaiwanStockPrice_5274,True,2026-10-05T23:39:15,2026-10-05T23:39:15,2026-10-05T23:39:15
5274,信驊,2026-04-28,16095.0,95.0,0.59%,,,,,,,,,ShowDailyK_ChartFlow,FinMind_API_TaiwanStockPrice_5274,True,2026-10-05T23:39:15,2026-10-05T23:39:15,2026-10-05T23:39:15
5274,信驊,2026-04-29,16555.0,460.0,2.86%,,,,,,,,,ShowDailyK_ChartFlow,FinMind_API_TaiwanStockPrice_5274,True,2026-10-05T23:39:15,2026-10-05T23:39:15,2026-10-05T23:39:15
5274,信驊,2026-04-30,16475.0,-80.0,-0.48%,,,,,,,,,ShowDailyK_ChartFlow,FinMind_API_TaiwanStockPrice_5274,True,2026-10-05T23:39:15,2026-10-05T23:39:15,2026-10-05T23:39:15
5274,信驊,2026-05-04,17545.0,1070.0,6.49%,,,,,,,,,ShowDailyK_ChartFlow,FinMind_API_TaiwanStockPrice_5274,True,2026-10-05T23:39:15,2026-10-05T23:39:15,2026-10-05T23:39:15
5274,信驊,2026-05-05,17790.0,245.0,1.40%,,,,,,,,,ShowDailyK_ChartFlow,FinMind_API_TaiwanStockPrice_5274,True,2026-10-05T23:39:15,2026-10-05T23:39:15,2026-10-05T23:39:15
5274,信驊,2026-05-06,18700.0,910.0,5.12%,,,,,,,,,ShowDailyK_ChartFlow,FinMind_API_TaiwanStockPrice_5274,True,2026-10-05T23:39:15,2026-10-05T23:39:15,2026-10-05T23:39:15
5274,信驊,2026-05-07,17890.0,-810.0,-4.33%,,,,,,,,,ShowDailyK_ChartFlow,FinMind_API_TaiwanStockPrice_5274,True,2026-10-05T23:39:15,2026-10-05T23:39:15,2026-10-05T23:39:15
5274,信驊,2026-05-08,16955.0,-935.0,-5.23%,,,,,,,,,ShowDailyK_ChartFlow,FinMind_API_TaiwanStockPrice_5274,True,2026-10-05T23:39:15,2026-10-05T23:39:15,2026-10-05T23:39:15
5274,信驊,2026-05-11,17825.0,870.0,5.13%,,,,,,,,,ShowDailyK_ChartFlow,FinMind_API_TaiwanStockPrice_5274,True,2026-10-05T23:39:15,2026-10-05T23:39:15,2026-10-05T23:39:15
5274,信驊,2026-05-12,18005.0,180.0,1.01%,,,,,,,,,ShowDailyK_ChartFlow,FinMind_API_TaiwanStockPrice_5274,True,2026-10-05T23:39:15,2026-10-05T23:39:15,2026-10-05T23:39:15
5274,信驊,2026-05-13,17820.0,-185.0,-1.03%,,,,,,,,,ShowDailyK_ChartFlow,FinMind_API_TaiwanStockPrice_5274,True,2026-10-05T23:39:15,2026-10-05T23:39:15,2026-10-05T23:39:15
5274,信驊,2026-05-14,17810.0,-10.0,-0.06%,,,,,,,,,ShowDailyK_ChartFlow,FinMind_API_TaiwanStockPrice_5274,True,2026-10-05T23:39:15,2026-10-05T23:39:15,2026-10-05T23:39:15
5274,信驊,2026-05-15,17195.0,-615.0,-3.45%,,,,,,,,,ShowDailyK_ChartFlow,FinMind_API_TaiwanStockPrice_5274,True,2026-10-05T23:39:15,2026-10-05T23:39:15,2026-10-05T23:39:15
5274,信驊,2026-05-18,16150.0,-1045.0,-6.08%,,,,,,,,,ShowDailyK_ChartFlow,FinMind_API_TaiwanStockPrice_5274,True,2026-10-05T23:39:15,2026-10-05T23:39:15,2026-10-05T23:39:15
5274,信驊,2026-05-19,15925.0,-225.0,-1.39%,,,,,,,,,ShowDailyK_ChartFlow,FinMind_API_TaiwanStockPrice_5274,True,2026-10-05T23:39:15,2026-10-05T23:39:15,2026-10-05T23:39:15
5274,信驊,2026-05-20,15560.0,-365.0,-2.29%,,,,,,,,,ShowDailyK_ChartFlow,FinMind_API_TaiwanStockPrice_5274,True,2026-10-05T23:39:15,2026-10-05T23:39:15,2026-10-05T23:39:15
5274,信驊,2026-05-21,16440.0,880.0,5.66%,,,,,,,,,ShowDailyK_ChartFlow,FinMind_API_TaiwanStockPrice_5274,True,2026-10-05T23:39:15,2026-10-05T23:39:15,2026-10-05T23:39:15
5274,信驊,2026-05-22,17780.0,1340.0,8.15%,,,,,,,,,ShowDailyK_ChartFlow,FinMind_API_TaiwanStockPrice_5274,True,2026-10-05T23:39:15,2026-10-05T23:39:15,2026-10-05T23:39:15
5274,信驊,2026-05-25,17725.0,-55.0,-0.31%,,,,,,,,,ShowDailyK_ChartFlow,FinMind_API_TaiwanStockPrice_5274,True,2026-10-05T23:39:15,2026-10-05T23:39:15,2026-10-05T23:39:15
5274,信驊,2026-05-26,17240.0,-485.0,-2.74%,,,,,,,,,ShowDailyK_ChartFlow,FinMind_API_TaiwanStockPrice_5274,True,2026-10-05T23:39:15,2026-10-05T23:39:15,2026-10-05T23:39:15
5274,信驊,2026-05-27,18230.0,990.0,5.74%,,,,,,,,,ShowDailyK_ChartFlow,FinMind_API_TaiwanStockPrice_5274,True,2026-10-05T23:39:15,2026-10-05T23:39:15,2026-10-05T23:39:15
5274,信驊,2026-05-28,17835.0,-395.0,-2.17%,,,,,,,,,ShowDailyK_ChartFlow,FinMind_API_TaiwanStockPrice_5274,True,2026-10-05T23:39:15,2026-10-05T23:39:15,2026-10-05T23:39:15
5274,信驊,2026-05-29,18950.0,1115.0,6.25%,,,,,,,,,ShowDailyK_ChartFlow,FinMind_API_TaiwanStockPrice_5274,True,2026-10-05T23:39:15,2026-10-05T23:39:15,2026-10-05T23:39:15
5274,信驊,2026-06-01,18500.0,-450.0,-2.37%,,,,,,,,,ShowDailyK_ChartFlow,FinMind_API_TaiwanStockPrice_5274,True,2026-10-05T23:39:15,2026-10-05T23:39:15,2026-10-05T23:39:15
5274,信驊,2026-06-02,18095.0,-405.0,-2.19%,,,,,,,,,ShowDailyK_ChartFlow,FinMind_API_TaiwanStockPrice_5274,True,2026-10-05T23:39:15,2026-10-05T23:39:15,2026-10-05T23:39:15
5274,信驊,2026-06-03,17980.0,-115.0,-0.64%,,,,,,,,,ShowDailyK_ChartFlow,FinMind_API_TaiwanStockPrice_5274,True,2026-10-05T23:39:15,2026-10-05T23:39:15,2026-10-05T23:39:15
5274,信驊,2026-06-04,18265.0,285.0,1.59%,,,,,,,,,ShowDailyK_ChartFlow,FinMind_API_TaiwanStockPrice_5274,True,2026-10-05T23:39:15,2026-10-05T23:39:15,2026-10-05T23:39:15
5274,信驊,2026-06-05,17505.0,-760.0,-4.16%,,,,,,,,,ShowDailyK_ChartFlow,FinMind_API_TaiwanStockPrice_5274,True,2026-10-05T23:39:15,2026-10-05T23:39:15,2026-10-05T23:39:15
5274,信驊,2026-06-08,17525.0,20.0,0.11%,,,,,,,,,ShowDailyK_ChartFlow,FinMind_API_TaiwanStockPrice_5274,True,2026-10-05T23:39:15,2026-10-05T23:39:15,2026-10-05T23:39:15
5274,信驊,2026-06-09,17855.0,330.0,1.88%,,,,,,,,,ShowDailyK_ChartFlow,FinMind_API_TaiwanStockPrice_5274,True,2026-10-05T23:39:15,2026-10-05T23:39:15,2026-10-05T23:39:15
5274,信驊,2026-06-10,16840.0,-1015.0,-5.68%,,,,,,,,,ShowDailyK_ChartFlow,FinMind_API_TaiwanStockPrice_5274,True,2026-10-05T23:39:15,2026-10-05T23:39:15,2026-10-05T23:39:15
5274,信驊,2026-06-11,17600.0,760.0,4.51%,,,,,,,,,ShowDailyK_ChartFlow,FinMind_API_TaiwanStockPrice_5274,True,2026-10-05T23:39:15,2026-10-05T23:39:15,2026-10-05T23:39:15
5274,信驊,2026-06-12,18445.0,845.0,4.80%,,,,,,,,,ShowDailyK_ChartFlow,FinMind_API_TaiwanStockPrice_5274,True,2026-10-05T23:39:15,2026-10-05T23:39:15,2026-10-05T23:39:15
5274,信驊,2026-06-15,17810.0,-635.0,-3.44%,,,,,,,,,ShowDailyK_ChartFlow,FinMind_API_TaiwanStockPrice_5274,True,2026-10-05T23:39:15,2026-10-05T23:39:15,2026-10-05T23:39:15
5274,信驊,2026-06-16,18155.0,345.0,1.94%,,,,,,,,,ShowDailyK_ChartFlow,FinMind_API_TaiwanStockPrice_5274,True,2026-10-05T23:39:15,2026-10-05T23:39:15,2026-10-05T23:39:15
5274,信驊,2026-06-17,18485.0,330.0,1.82%,,,,,,,,,ShowDailyK_ChartFlow,FinMind_API_TaiwanStockPrice_5274,True,2026-10-05T23:39:15,2026-10-05T23:39:15,2026-10-05T23:39:15
5274,信驊,2026-06-18,18960.0,475.0,2.57%,,,,,,,,,ShowDailyK_ChartFlow,FinMind_API_TaiwanStockPrice_5274,True,2026-10-05T23:39:15,2026-10-05T23:39:15,2026-10-05T23:39:15
5274,信驊,2026-06-22,19275.0,315.0,1.66%,,,,,,,,,ShowDailyK_ChartFlow,FinMind_API_TaiwanStockPrice_5274,True,2026-10-05T23:39:15,2026-10-05T23:39:15,2026-10-05T23:39:15
5274,信驊,2026-06-23,18505.0,-770.0,-3.99%,,,,,,,,,ShowDailyK_ChartFlow,FinMind_API_TaiwanStockPrice_5274,True,2026-10-05T23:39:15,2026-10-05T23:39:15,2026-10-05T23:39:15
5274,信驊,2026-06-24,18325.0,-180.0,-0.97%,,,,,,,,,ShowDailyK_ChartFlow,FinMind_API_TaiwanStockPrice_5274,True,2026-10-05T23:39:15,2026-10-05T23:39:15,2026-10-05T23:39:15
5274,信驊,2026-06-25,17425.0,-900.0,-4.91%,,,,,,,,,ShowDailyK_ChartFlow,FinMind_API_TaiwanStockPrice_5274,True,2026-10-05T23:39:15,2026-10-05T23:39:15,2026-10-05T23:39:15
5274,信驊,2026-06-26,15615.0,-1810.0,-10.39%,,,,,,,,,ShowDailyK_ChartFlow,FinMind_API_TaiwanStockPrice_5274,True,2026-10-05T23:39:15,2026-10-05T23:39:15,2026-10-05T23:39:15
5274,信驊,2026-06-29,15210.0,-405.0,-2.59%,,,,,,,,,ShowDailyK_ChartFlow,FinMind_API_TaiwanStockPrice_5274,True,2026-10-05T23:39:15,2026-10-05T23:39:15,2026-10-05T23:39:15
5274,信驊,2026-06-30,16495.0,1285.0,8.45%,,,,,,,,,ShowDailyK_ChartFlow,FinMind_API_TaiwanStockPrice_5274,True,2026-10-05T23:39:15,2026-10-05T23:39:15,2026-10-05T23:39:15
5274,信驊,2026-07-01,17145.0,650.0,3.94%,,,,,,,,,ShowDailyK_ChartFlow,FinMind_API_TaiwanStockPrice_5274,True,2026-10-05T23:39:15,2026-10-05T23:39:15,2026-10-05T23:39:15
5274,信驊,2026-07-02,17750.0,605.0,3.53%,,,,,,,,,ShowDailyK_ChartFlow,FinMind_API_TaiwanStockPrice_5274,True,2026-10-05T23:39:15,2026-10-05T23:39:15,2026-10-05T23:39:15
5274,信驊,2026-07-03,17265.0,-485.0,-2.73%,,,,,,,,,ShowDailyK_ChartFlow,FinMind_API_TaiwanStockPrice_5274,True,2026-10-05T23:39:15,2026-10-05T23:39:15,2026-10-05T23:39:15
5274,信驊,2026-07-06,16270.0,-995.0,-5.76%,,,,,,,,,ShowDailyK_ChartFlow,FinMind_API_TaiwanStockPrice_5274,True,2026-10-05T23:39:15,2026-10-05T23:39:15,2026-10-05T23:39:15
5274,信驊,2026-07-07,14415.0,-1855.0,-11.40%,,,,,,,,,ShowDailyK_ChartFlow,FinMind_API_TaiwanStockPrice_5274,True,2026-10-05T23:39:15,2026-10-05T23:39:15,2026-10-05T23:39:15
5274,信驊,2026-07-08,13975.0,-440.0,-3.05%,,,,,,,,,ShowDailyK_ChartFlow,FinMind_API_TaiwanStockPrice_5274,True,2026-10-05T23:39:15,2026-10-05T23:39:15,2026-10-05T23:39:15
5274,信驊,2026-07-09,13665.0,-310.0,-2.22%,,,,,,,,,ShowDailyK_ChartFlow,FinMind_API_TaiwanStockPrice_5274,True,2026-10-05T23:39:15,2026-10-05T23:39:15,2026-10-05T23:39:15
5274,信驊,2026-07-13,13520.0,-145.0,-1.06%,,,,,,,,,ShowDailyK_ChartFlow,FinMind_API_TaiwanStockPrice_5274,True,2026-10-05T23:39:15,2026-10-05T23:39:15,2026-10-05T23:39:15
5274,信驊,2026-07-14,12985.0,-535.0,-3.96%,,,,,,,,,ShowDailyK_ChartFlow,FinMind_API_TaiwanStockPrice_5274,True,2026-10-05T23:39:15,2026-10-05T23:39:15,2026-10-05T23:39:15
5274,信驊,2026-07-15,13900.0,915.0,7.05%,,,,,,,,,ShowDailyK_ChartFlow,FinMind_API_TaiwanStockPrice_5274,True,2026-10-05T23:39:15,2026-10-05T23:39:15,2026-10-05T23:39:15
5274,信驊,2026-07-16,13905.0,5.0,0.04%,,,,,,,,,ShowDailyK_ChartFlow,FinMind_API_TaiwanStockPrice_5274,True,2026-10-05T23:39:15,2026-10-05T23:39:15,2026-10-05T23:39:15
5274,信驊,2026-07-17,12950.0,-955.0,-6.87%,,,,,,,,,ShowDailyK_ChartFlow,FinMind_API_TaiwanStockPrice_5274,True,2026-10-05T23:39:15,2026-10-05T23:39:15,2026-10-05T23:39:15
5274,信驊,2026-07-20,12915.0,-35.0,-0.27%,,,,,,,,,ShowDailyK_ChartFlow,FinMind_API_TaiwanStockPrice_5274,True,2026-10-05T23:39:15,2026-10-05T23:39:15,2026-10-05T23:39:15
5274,信驊,2026-07-21,14100.0,1185.0,9.18%,,,,,,,,,ShowDailyK_ChartFlow,FinMind_API_TaiwanStockPrice_5274,True,2026-10-05T23:39:15,2026-10-05T23:39:15,2026-10-05T23:39:15
5274,信驊,2026-07-22,15510.0,1410.0,10.00%,,,,,,,,,ShowDailyK_ChartFlow,FinMind_API_TaiwanStockPrice_5274,True,2026-10-05T23:39:15,2026-10-05T23:39:15,2026-10-05T23:39:15
5274,信驊,2026-07-23,15540.0,30.0,0.19%,,,,,,,,,ShowDailyK_ChartFlow,FinMind_API_TaiwanStockPrice_5274,True,2026-10-05T23:39:15,2026-10-05T23:39:15,2026-10-05T23:39:15
5274,信驊,2026-07-24,14730.0,-810.0,-5.21%,,,,,,,,,ShowDailyK_ChartFlow,FinMind_API_TaiwanStockPrice_5274,True,2026-10-05T23:39:15,2026-10-05T23:39:15,2026-10-05T23:39:15
5274,信驊,2026-07-27,14695.0,-35.0,-0.24%,,,,,,,,,ShowDailyK_ChartFlow,FinMind_API_TaiwanStockPrice_5274,True,2026-10-05T23:39:15,2026-10-05T23:39:15,2026-10-05T23:39:15
5274,信驊,2026-07-28,13230.0,-1465.0,-9.97%,,,,,,,,,ShowDailyK_ChartFlow,FinMind_API_TaiwanStockPrice_5274,True,2026-10-05T23:39:15,2026-10-05T23:39:15,2026-10-05T23:39:15
5274,信驊,2026-07-29,12910.0,-320.0,-2.42%,,,,,,,,,ShowDailyK_ChartFlow,FinMind_API_TaiwanStockPrice_5274,True,2026-10-05T23:39:15,2026-10-05T23:39:15,2026-10-05T23:39:15
5274,信驊,2026-07-30,13205.0,295.0,2.29%,,,,,,,,,ShowDailyK_ChartFlow,FinMind_API_TaiwanStockPrice_5274,True,2026-10-05T23:39:15,2026-10-05T23:39:15,2026-10-05T23:39:15
5274,信驊,2026-07-31,14525.0,1320.0,10.00%,,,,,,,,,ShowDailyK_ChartFlow,FinMind_API_TaiwanStockPrice_5274,True,2026-10-05T23:39:15,2026-10-05T23:39:15,2026-10-05T23:39:15
5274,信驊,2026-08-03,15975.0,1450.0,9.98%,,,,,,,,,ShowDailyK_ChartFlow,FinMind_API_TaiwanStockPrice_5274,True,2026-10-05T23:39:15,2026-10-05T23:39:15,2026-10-05T23:39:15
5274,信驊,2026-08-04,15500.0,-475.0,-2.97%,,,,,,,,,ShowDailyK_ChartFlow,FinMind_API_TaiwanStockPrice_5274,True,2026-10-05T23:39:15,2026-10-05T23:39:15,2026-10-05T23:39:15
5274,信驊,2026-08-05,16020.0,520.0,3.35%,,,,,,,,,ShowDailyK_ChartFlow,FinMind_API_TaiwanStockPrice_5274,True,2026-10-05T23:39:15,2026-10-05T23:39:15,2026-10-05T23:39:15
5274,信驊,2026-08-06,16750.0,730.0,4.56%,,,,,,,,,ShowDailyK_ChartFlow,FinMind_API_TaiwanStockPrice_5274,True,2026-10-05T23:39:15,2026-10-05T23:39:15,2026-10-05T23:39:15
5274,信驊,2026-08-07,16345.0,-405.0,-2.42%,,,,,,,,,ShowDailyK_ChartFlow,FinMind_API_TaiwanStockPrice_5274,True,2026-10-05T23:39:15,2026-10-05T23:39:15,2026-10-05T23:39:15
5274,信驊,2026-08-10,16540.0,195.0,1.19%,,,,,,,,,ShowDailyK_ChartFlow,FinMind_API_TaiwanStockPrice_5274,True,2026-10-05T23:39:15,2026-10-05T23:39:15,2026-10-05T23:39:15
5274,信驊,2026-08-11,16440.0,-100.0,-0.60%,,,,,,,,,ShowDailyK_ChartFlow,FinMind_API_TaiwanStockPrice_5274,True,2026-10-05T23:39:15,2026-10-05T23:39:15,2026-10-05T23:39:15
5274,信驊,2026-08-12,17370.0,930.0,5.66%,,,,,,,,,ShowDailyK_ChartFlow,FinMind_API_TaiwanStockPrice_5274,True,2026-10-05T23:39:15,2026-10-05T23:39:15,2026-10-05T23:39:15
5274,信驊,2026-08-13,17490.0,120.0,0.69%,,,,,,,,,ShowDailyK_ChartFlow,FinMind_API_TaiwanStockPrice_5274,True,2026-10-05T23:39:15,2026-10-05T23:39:15,2026-10-05T23:39:15
5274,信驊,2026-08-14,17690.0,200.0,1.14%,,,,,,,,,ShowDailyK_ChartFlow,FinMind_API_TaiwanStockPrice_5274,True,2026-10-05T23:39:15,2026-10-05T23:39:15,2026-10-05T23:39:15
5274,信驊,2026-08-17,17020.0,-670.0,-3.79%,,,,,,,,,ShowDailyK_ChartFlow,FinMind_API_TaiwanStockPrice_5274,True,2026-10-05T23:39:15,2026-10-05T23:39:15,2026-10-05T23:39:15
5274,信驊,2026-08-18,17055.0,35.0,0.21%,,,,,,,,,ShowDailyK_ChartFlow,FinMind_API_TaiwanStockPrice_5274,True,2026-10-05T23:39:15,2026-10-05T23:39:15,2026-10-05T23:39:15
5274,信驊,2026-08-19,15830.0,-1225.0,-7.18%,,,,,,,,,ShowDailyK_ChartFlow,FinMind_API_TaiwanStockPrice_5274,True,2026-10-05T23:39:15,2026-10-05T23:39:15,2026-10-05T23:39:15
5274,信驊,2026-08-20,15750.0,-80.0,-0.51%,,,,,,,,,ShowDailyK_ChartFlow,FinMind_API_TaiwanStockPrice_5274,True,2026-10-05T23:39:15,2026-10-05T23:39:15,2026-10-05T23:39:15
5274,信驊,2026-08-21,15350.0,-400.0,-2.54%,,,,,,,,,ShowDailyK_ChartFlow,FinMind_API_TaiwanStockPrice_5274,True,2026-10-05T23:39:15,2026-10-05T23:39:15,2026-10-05T23:39:15
5274,信驊,2026-08-24,15115.0,-235.0,-1.53%,,,,,,,,,ShowDailyK_ChartFlow,FinMind_API_TaiwanStockPrice_5274,True,2026-10-05T23:39:15,2026-10-05T23:39:15,2026-10-05T23:39:15
5274,信驊,2026-08-25,15400.0,285.0,1.89%,,,,,,,,,ShowDailyK_ChartFlow,FinMind_API_TaiwanStockPrice_5274,True,2026-10-05T23:39:15,2026-10-05T23:39:15,2026-10-05T23:39:15
5274,信驊,2026-08-26,15690.0,290.0,1.88%,,,,,,,,,ShowDailyK_ChartFlow,FinMind_API_TaiwanStockPrice_5274,True,2026-10-05T23:39:15,2026-10-05T23:39:15,2026-10-05T23:39:15
5274,信驊,2026-08-27,15305.0,-385.0,-2.45%,,,,,,,,,ShowDailyK_ChartFlow,FinMind_API_TaiwanStockPrice_5274,True,2026-10-05T23:39:15,2026-10-05T23:39:15,2026-10-05T23:39:15
5274,信驊,2026-08-28,15630.0,325.0,2.12%,,,,,,,,,ShowDailyK_ChartFlow,FinMind_API_TaiwanStockPrice_5274,True,2026-10-05T23:39:15,2026-10-05T23:39:15,2026-10-05T23:39:15
5274,信驊,2026-08-31,16065.0,435.0,2.78%,,,,,,,,,ShowDailyK_ChartFlow,FinMind_API_TaiwanStockPrice_5274,True,2026-10-05T23:39:15,2026-10-05T23:39:15,2026-10-05T23:39:15
5274,信驊,2026-09-01,17120.0,1055.0,6.57%,,,,,,,,,ShowDailyK_ChartFlow,FinMind_API_TaiwanStockPrice_5274,True,2026-10-05T23:39:15,2026-10-05T23:39:15,2026-10-05T23:39:15
5274,信驊,2026-09-02,17725.0,605.0,3.53%,,,,,,,,,ShowDailyK_ChartFlow,FinMind_API_TaiwanStockPrice_5274,True,2026-10-05T23:39:15,2026-10-05T23:39:15,2026-10-05T23:39:15
5274,信驊,2026-09-03,17850.0,125.0,0.71%,,,,,,,,,ShowDailyK_ChartFlow,FinMind_API_TaiwanStockPrice_5274,True,2026-10-05T23:39:15,2026-10-05T23:39:15,2026-10-05T23:39:15
5274,信驊,2026-09-04,17470.0,-380.0,-2.13%,,,,,,,,,ShowDailyK_ChartFlow,FinMind_API_TaiwanStockPrice_5274,True,2026-10-05T23:39:15,2026-10-05T23:39:15,2026-10-05T23:39:15
5274,信驊,2026-09-07,19215.0,1745.0,9.99%,,,,,,,,,ShowDailyK_ChartFlow,FinMind_API_TaiwanStockPrice_5274,True,2026-10-05T23:39:15,2026-10-05T23:39:15,2026-10-05T23:39:15
5274,信驊,2026-09-08,19220.0,5.0,0.03%,,,,,,,,,ShowDailyK_ChartFlow,FinMind_API_TaiwanStockPrice_5274,True,2026-10-05T23:39:15,2026-10-05T23:39:15,2026-10-05T23:39:15
5274,信驊,2026-09-09,18605.0,-615.0,-3.20%,,,,,,,,,ShowDailyK_ChartFlow,FinMind_API_TaiwanStockPrice_5274,True,2026-10-05T23:39:15,2026-10-05T23:39:15,2026-10-05T23:39:15
5274,信驊,2026-09-10,18700.0,95.0,0.51%,,,,,,,,,ShowDailyK_ChartFlow,FinMind_API_TaiwanStockPrice_5274,True,2026-10-05T23:39:15,2026-10-05T23:39:15,2026-10-05T23:39:15
5274,信驊,2026-09-11,17885.0,-815.0,-4.36%,,,,,,,,,ShowDailyK_ChartFlow,FinMind_API_TaiwanStockPrice_5274,True,2026-10-05T23:39:15,2026-10-05T23:39:15,2026-10-05T23:39:15
5274,信驊,2026-09-14,17980.0,95.0,0.53%,,,,,,,,,ShowDailyK_ChartFlow,FinMind_API_TaiwanStockPrice_5274,True,2026-10-05T23:39:15,2026-10-05T23:39:15,2026-10-05T23:39:15
5274,信驊,2026-09-15,17520.0,-460.0,-2.56%,,,,,,,,,ShowDailyK_ChartFlow,FinMind_API_TaiwanStockPrice_5274,True,2026-10-05T23:39:15,2026-10-05T23:39:15,2026-10-05T23:39:15
5274,信驊,2026-09-16,18250.0,730.0,4.17%,,,,,,,,,ShowDailyK_ChartFlow,FinMind_API_TaiwanStockPrice_5274,True,2026-10-05T23:39:15,2026-10-05T23:39:15,2026-10-05T23:39:15
5274,信驊,2026-09-17,18275.0,25.0,0.14%,,,,,,,,,ShowDailyK_ChartFlow,FinMind_API_TaiwanStockPrice_5274,True,2026-10-05T23:39:15,2026-10-05T23:39:15,2026-10-05T23:39:15
5274,信驊,2026-09-18,19290.0,1015.0,5.55%,,,,,,,,,ShowDailyK_ChartFlow,FinMind_API_TaiwanStockPrice_5274,True,2026-10-05T23:39:15,2026-10-05T23:39:15,2026-10-05T23:39:15
5274,信驊,2026-09-21,19820.0,530.0,2.75%,,,,,,,,,ShowDailyK_ChartFlow,FinMind_API_TaiwanStockPrice_5274,True,2026-10-05T23:39:15,2026-10-05T23:39:15,2026-10-05T23:39:15
5274,信驊,2026-09-22,20905.0,1085.0,5.47%,,,,,,,,,ShowDailyK_ChartFlow,FinMind_API_TaiwanStockPrice_5274,True,2026-10-05T23:39:15,2026-10-05T23:39:15,2026-10-05T23:39:15
5274,信驊,2026-09-23,20280.0,-625.0,-2.99%,,,,,,,,,ShowDailyK_ChartFlow,FinMind_API_TaiwanStockPrice_5274,True,2026-10-05T23:39:15,2026-10-05T23:39:15,2026-10-05T23:39:15
5274,信驊,2026-09-24,19835.0,-445.0,-2.19%,,,,,,,,,ShowDailyK_ChartFlow,FinMind_API_TaiwanStockPrice_5274,True,2026-10-05T23:39:15,2026-10-05T23:39:15,2026-10-05T23:39:15
5274,信驊,2026-09-29,19395.0,-440.0,-2.22%,,,,,,,,,ShowDailyK_ChartFlow,FinMind_API_TaiwanStockPrice_5274,True,2026-10-05T23:39:15,2026-10-05T23:39:15,2026-10-05T23:39:15
5274,信驊,2026-09-30,18750.0,-645.0,-3.33%,,,,,,,,,ShowDailyK_ChartFlow,FinMind_API_TaiwanStockPrice_5274,True,2026-10-05T23:39:15,2026-10-05T23:39:15,2026-10-05T23:39:15
5274,信驊,2026-10-01,19040.0,290.0,1.55%,,,,,,,,,ShowDailyK_ChartFlow,FinMind_API_TaiwanStockPrice_5274,True,2026-10-05T23:39:15,2026-10-05T23:39:15,2026-10-05T23:39:15
5274,信驊,2026-10-02,18840.0,-200.0,-1.05%,,,,,,,,,ShowDailyK_ChartFlow,FinMind_API_TaiwanStockPrice_5274,True,2026-10-05T23:39:15,2026-10-05T23:39:15,2026-10-05T23:39:15
5274,信驊,2026-10-05,19520.0,680.0,3.61%,,,,,,,,,ShowDailyK_ChartFlow,FinMind_API_TaiwanStockPrice_5274,True,2026-10-05T23:39:15,2026-10-05T23:39:15,2026-10-05T23:39:15
