stock_code,company_name,交易_日期,收盤價_元,漲跌價_元,漲跌幅_pct,河流圖_eps_元,目前_per_倍,本益比試算價格_15x_元,本益比試算價格_18x_元,本益比試算價格_21x_元,本益比試算價格_24x_元,本益比試算價格_27x_元,本益比試算價格_30x_元,file_type,source_file,download_success,download_timestamp,process_timestamp,stage1_process_timestamp
4953,緯軟,2021-01-04,97.0,,,,,,,,,,,ShowDailyK_ChartFlow,FinMind_API_TaiwanStockPrice_4953,True,2026-10-05T23:32:53,2026-10-05T23:32:53,2026-10-05T23:32:53
4953,緯軟,2021-01-05,96.4,-0.5999999999999943,-0.62%,,,,,,,,,ShowDailyK_ChartFlow,FinMind_API_TaiwanStockPrice_4953,True,2026-10-05T23:32:53,2026-10-05T23:32:53,2026-10-05T23:32:53
4953,緯軟,2021-01-06,95.5,-0.9000000000000057,-0.93%,,,,,,,,,ShowDailyK_ChartFlow,FinMind_API_TaiwanStockPrice_4953,True,2026-10-05T23:32:53,2026-10-05T23:32:53,2026-10-05T23:32:53
4953,緯軟,2021-01-07,98.7,3.200000000000003,3.35%,,,,,,,,,ShowDailyK_ChartFlow,FinMind_API_TaiwanStockPrice_4953,True,2026-10-05T23:32:53,2026-10-05T23:32:53,2026-10-05T23:32:53
4953,緯軟,2021-01-08,97.1,-1.6000000000000085,-1.62%,,,,,,,,,ShowDailyK_ChartFlow,FinMind_API_TaiwanStockPrice_4953,True,2026-10-05T23:32:53,2026-10-05T23:32:53,2026-10-05T23:32:53
4953,緯軟,2021-01-11,100.0,2.9000000000000057,2.99%,,,,,,,,,ShowDailyK_ChartFlow,FinMind_API_TaiwanStockPrice_4953,True,2026-10-05T23:32:53,2026-10-05T23:32:53,2026-10-05T23:32:53
4953,緯軟,2021-01-12,97.5,-2.5,-2.50%,,,,,,,,,ShowDailyK_ChartFlow,FinMind_API_TaiwanStockPrice_4953,True,2026-10-05T23:32:53,2026-10-05T23:32:53,2026-10-05T23:32:53
4953,緯軟,2021-01-13,98.3,0.7999999999999972,0.82%,,,,,,,,,ShowDailyK_ChartFlow,FinMind_API_TaiwanStockPrice_4953,True,2026-10-05T23:32:53,2026-10-05T23:32:53,2026-10-05T23:32:53
4953,緯軟,2021-01-14,98.4,0.10000000000000853,0.10%,,,,,,,,,ShowDailyK_ChartFlow,FinMind_API_TaiwanStockPrice_4953,True,2026-10-05T23:32:53,2026-10-05T23:32:53,2026-10-05T23:32:53
4953,緯軟,2021-01-15,96.0,-2.4000000000000057,-2.44%,,,,,,,,,ShowDailyK_ChartFlow,FinMind_API_TaiwanStockPrice_4953,True,2026-10-05T23:32:53,2026-10-05T23:32:53,2026-10-05T23:32:53
4953,緯軟,2021-01-18,95.3,-0.7000000000000028,-0.73%,,,,,,,,,ShowDailyK_ChartFlow,FinMind_API_TaiwanStockPrice_4953,True,2026-10-05T23:32:53,2026-10-05T23:32:53,2026-10-05T23:32:53
4953,緯軟,2021-01-19,95.0,-0.29999999999999716,-0.31%,,,,,,,,,ShowDailyK_ChartFlow,FinMind_API_TaiwanStockPrice_4953,True,2026-10-05T23:32:53,2026-10-05T23:32:53,2026-10-05T23:32:53
4953,緯軟,2021-01-20,91.7,-3.299999999999997,-3.47%,,,,,,,,,ShowDailyK_ChartFlow,FinMind_API_TaiwanStockPrice_4953,True,2026-10-05T23:32:53,2026-10-05T23:32:53,2026-10-05T23:32:53
4953,緯軟,2021-01-21,91.9,0.20000000000000284,0.22%,,,,,,,,,ShowDailyK_ChartFlow,FinMind_API_TaiwanStockPrice_4953,True,2026-10-05T23:32:53,2026-10-05T23:32:53,2026-10-05T23:32:53
4953,緯軟,2021-01-22,93.1,1.1999999999999886,1.31%,,,,,,,,,ShowDailyK_ChartFlow,FinMind_API_TaiwanStockPrice_4953,True,2026-10-05T23:32:53,2026-10-05T23:32:53,2026-10-05T23:32:53
4953,緯軟,2021-01-25,93.6,0.5,0.54%,,,,,,,,,ShowDailyK_ChartFlow,FinMind_API_TaiwanStockPrice_4953,True,2026-10-05T23:32:53,2026-10-05T23:32:53,2026-10-05T23:32:53
4953,緯軟,2021-01-26,92.9,-0.6999999999999886,-0.75%,,,,,,,,,ShowDailyK_ChartFlow,FinMind_API_TaiwanStockPrice_4953,True,2026-10-05T23:32:53,2026-10-05T23:32:53,2026-10-05T23:32:53
4953,緯軟,2021-01-27,93.3,0.3999999999999915,0.43%,,,,,,,,,ShowDailyK_ChartFlow,FinMind_API_TaiwanStockPrice_4953,True,2026-10-05T23:32:53,2026-10-05T23:32:53,2026-10-05T23:32:53
4953,緯軟,2021-01-28,91.2,-2.0999999999999943,-2.25%,,,,,,,,,ShowDailyK_ChartFlow,FinMind_API_TaiwanStockPrice_4953,True,2026-10-05T23:32:53,2026-10-05T23:32:53,2026-10-05T23:32:53
4953,緯軟,2021-01-29,89.1,-2.1000000000000085,-2.30%,,,,,,,,,ShowDailyK_ChartFlow,FinMind_API_TaiwanStockPrice_4953,True,2026-10-05T23:32:53,2026-10-05T23:32:53,2026-10-05T23:32:53
4953,緯軟,2021-02-01,89.5,0.4000000000000057,0.45%,,,,,,,,,ShowDailyK_ChartFlow,FinMind_API_TaiwanStockPrice_4953,True,2026-10-05T23:32:53,2026-10-05T23:32:53,2026-10-05T23:32:53
4953,緯軟,2021-02-02,90.1,0.5999999999999943,0.67%,,,,,,,,,ShowDailyK_ChartFlow,FinMind_API_TaiwanStockPrice_4953,True,2026-10-05T23:32:53,2026-10-05T23:32:53,2026-10-05T23:32:53
4953,緯軟,2021-02-03,89.6,-0.5,-0.55%,,,,,,,,,ShowDailyK_ChartFlow,FinMind_API_TaiwanStockPrice_4953,True,2026-10-05T23:32:53,2026-10-05T23:32:53,2026-10-05T23:32:53
4953,緯軟,2021-02-04,92.2,2.6000000000000085,2.90%,,,,,,,,,ShowDailyK_ChartFlow,FinMind_API_TaiwanStockPrice_4953,True,2026-10-05T23:32:53,2026-10-05T23:32:53,2026-10-05T23:32:53
4953,緯軟,2021-02-05,93.2,1.0,1.08%,,,,,,,,,ShowDailyK_ChartFlow,FinMind_API_TaiwanStockPrice_4953,True,2026-10-05T23:32:53,2026-10-05T23:32:53,2026-10-05T23:32:53
4953,緯軟,2021-02-17,93.7,0.5,0.54%,,,,,,,,,ShowDailyK_ChartFlow,FinMind_API_TaiwanStockPrice_4953,True,2026-10-05T23:32:53,2026-10-05T23:32:53,2026-10-05T23:32:53
4953,緯軟,2021-02-18,95.0,1.2999999999999972,1.39%,,,,,,,,,ShowDailyK_ChartFlow,FinMind_API_TaiwanStockPrice_4953,True,2026-10-05T23:32:53,2026-10-05T23:32:53,2026-10-05T23:32:53
4953,緯軟,2021-02-19,94.7,-0.29999999999999716,-0.32%,,,,,,,,,ShowDailyK_ChartFlow,FinMind_API_TaiwanStockPrice_4953,True,2026-10-05T23:32:53,2026-10-05T23:32:53,2026-10-05T23:32:53
4953,緯軟,2021-02-22,94.4,-0.29999999999999716,-0.32%,,,,,,,,,ShowDailyK_ChartFlow,FinMind_API_TaiwanStockPrice_4953,True,2026-10-05T23:32:53,2026-10-05T23:32:53,2026-10-05T23:32:53
4953,緯軟,2021-02-23,95.2,0.7999999999999972,0.85%,,,,,,,,,ShowDailyK_ChartFlow,FinMind_API_TaiwanStockPrice_4953,True,2026-10-05T23:32:53,2026-10-05T23:32:53,2026-10-05T23:32:53
4953,緯軟,2021-02-24,94.0,-1.2000000000000028,-1.26%,,,,,,,,,ShowDailyK_ChartFlow,FinMind_API_TaiwanStockPrice_4953,True,2026-10-05T23:32:53,2026-10-05T23:32:53,2026-10-05T23:32:53
4953,緯軟,2021-02-25,94.0,0.0,0.00%,,,,,,,,,ShowDailyK_ChartFlow,FinMind_API_TaiwanStockPrice_4953,True,2026-10-05T23:32:53,2026-10-05T23:32:53,2026-10-05T23:32:53
4953,緯軟,2021-02-26,92.5,-1.5,-1.60%,,,,,,,,,ShowDailyK_ChartFlow,FinMind_API_TaiwanStockPrice_4953,True,2026-10-05T23:32:53,2026-10-05T23:32:53,2026-10-05T23:32:53
4953,緯軟,2021-03-02,90.9,-1.5999999999999943,-1.73%,,,,,,,,,ShowDailyK_ChartFlow,FinMind_API_TaiwanStockPrice_4953,True,2026-10-05T23:32:53,2026-10-05T23:32:53,2026-10-05T23:32:53
4953,緯軟,2021-03-03,92.1,1.1999999999999886,1.32%,,,,,,,,,ShowDailyK_ChartFlow,FinMind_API_TaiwanStockPrice_4953,True,2026-10-05T23:32:53,2026-10-05T23:32:53,2026-10-05T23:32:53
4953,緯軟,2021-03-04,91.5,-0.5999999999999943,-0.65%,,,,,,,,,ShowDailyK_ChartFlow,FinMind_API_TaiwanStockPrice_4953,True,2026-10-05T23:32:53,2026-10-05T23:32:53,2026-10-05T23:32:53
4953,緯軟,2021-03-05,95.1,3.5999999999999943,3.93%,,,,,,,,,ShowDailyK_ChartFlow,FinMind_API_TaiwanStockPrice_4953,True,2026-10-05T23:32:53,2026-10-05T23:32:53,2026-10-05T23:32:53
4953,緯軟,2021-03-08,95.1,0.0,0.00%,,,,,,,,,ShowDailyK_ChartFlow,FinMind_API_TaiwanStockPrice_4953,True,2026-10-05T23:32:53,2026-10-05T23:32:53,2026-10-05T23:32:53
4953,緯軟,2021-03-09,94.0,-1.0999999999999943,-1.16%,,,,,,,,,ShowDailyK_ChartFlow,FinMind_API_TaiwanStockPrice_4953,True,2026-10-05T23:32:53,2026-10-05T23:32:53,2026-10-05T23:32:53
4953,緯軟,2021-03-10,94.2,0.20000000000000284,0.21%,,,,,,,,,ShowDailyK_ChartFlow,FinMind_API_TaiwanStockPrice_4953,True,2026-10-05T23:32:53,2026-10-05T23:32:53,2026-10-05T23:32:53
4953,緯軟,2021-03-11,97.2,3.0,3.18%,,,,,,,,,ShowDailyK_ChartFlow,FinMind_API_TaiwanStockPrice_4953,True,2026-10-05T23:32:53,2026-10-05T23:32:53,2026-10-05T23:32:53
4953,緯軟,2021-03-12,106.5,9.299999999999997,9.57%,,,,,,,,,ShowDailyK_ChartFlow,FinMind_API_TaiwanStockPrice_4953,True,2026-10-05T23:32:53,2026-10-05T23:32:53,2026-10-05T23:32:53
4953,緯軟,2021-03-15,110.0,3.5,3.29%,,,,,,,,,ShowDailyK_ChartFlow,FinMind_API_TaiwanStockPrice_4953,True,2026-10-05T23:32:53,2026-10-05T23:32:53,2026-10-05T23:32:53
4953,緯軟,2021-03-16,111.5,1.5,1.36%,,,,,,,,,ShowDailyK_ChartFlow,FinMind_API_TaiwanStockPrice_4953,True,2026-10-05T23:32:53,2026-10-05T23:32:53,2026-10-05T23:32:53
4953,緯軟,2021-03-17,107.5,-4.0,-3.59%,,,,,,,,,ShowDailyK_ChartFlow,FinMind_API_TaiwanStockPrice_4953,True,2026-10-05T23:32:53,2026-10-05T23:32:53,2026-10-05T23:32:53
4953,緯軟,2021-03-18,105.5,-2.0,-1.86%,,,,,,,,,ShowDailyK_ChartFlow,FinMind_API_TaiwanStockPrice_4953,True,2026-10-05T23:32:53,2026-10-05T23:32:53,2026-10-05T23:32:53
4953,緯軟,2021-03-19,106.5,1.0,0.95%,,,,,,,,,ShowDailyK_ChartFlow,FinMind_API_TaiwanStockPrice_4953,True,2026-10-05T23:32:53,2026-10-05T23:32:53,2026-10-05T23:32:53
4953,緯軟,2021-03-22,107.0,0.5,0.47%,,,,,,,,,ShowDailyK_ChartFlow,FinMind_API_TaiwanStockPrice_4953,True,2026-10-05T23:32:53,2026-10-05T23:32:53,2026-10-05T23:32:53
4953,緯軟,2021-03-23,104.5,-2.5,-2.34%,,,,,,,,,ShowDailyK_ChartFlow,FinMind_API_TaiwanStockPrice_4953,True,2026-10-05T23:32:53,2026-10-05T23:32:53,2026-10-05T23:32:53
4953,緯軟,2021-03-24,104.5,0.0,0.00%,,,,,,,,,ShowDailyK_ChartFlow,FinMind_API_TaiwanStockPrice_4953,True,2026-10-05T23:32:53,2026-10-05T23:32:53,2026-10-05T23:32:53
4953,緯軟,2021-03-25,105.5,1.0,0.96%,,,,,,,,,ShowDailyK_ChartFlow,FinMind_API_TaiwanStockPrice_4953,True,2026-10-05T23:32:53,2026-10-05T23:32:53,2026-10-05T23:32:53
4953,緯軟,2021-03-26,105.0,-0.5,-0.47%,,,,,,,,,ShowDailyK_ChartFlow,FinMind_API_TaiwanStockPrice_4953,True,2026-10-05T23:32:53,2026-10-05T23:32:53,2026-10-05T23:32:53
4953,緯軟,2021-03-29,105.0,0.0,0.00%,,,,,,,,,ShowDailyK_ChartFlow,FinMind_API_TaiwanStockPrice_4953,True,2026-10-05T23:32:53,2026-10-05T23:32:53,2026-10-05T23:32:53
4953,緯軟,2021-03-30,108.5,3.5,3.33%,,,,,,,,,ShowDailyK_ChartFlow,FinMind_API_TaiwanStockPrice_4953,True,2026-10-05T23:32:53,2026-10-05T23:32:53,2026-10-05T23:32:53
4953,緯軟,2021-03-31,108.0,-0.5,-0.46%,,,,,,,,,ShowDailyK_ChartFlow,FinMind_API_TaiwanStockPrice_4953,True,2026-10-05T23:32:53,2026-10-05T23:32:53,2026-10-05T23:32:53
4953,緯軟,2021-04-01,108.0,0.0,0.00%,,,,,,,,,ShowDailyK_ChartFlow,FinMind_API_TaiwanStockPrice_4953,True,2026-10-05T23:32:53,2026-10-05T23:32:53,2026-10-05T23:32:53
4953,緯軟,2021-04-06,107.0,-1.0,-0.93%,,,,,,,,,ShowDailyK_ChartFlow,FinMind_API_TaiwanStockPrice_4953,True,2026-10-05T23:32:53,2026-10-05T23:32:53,2026-10-05T23:32:53
4953,緯軟,2021-04-07,109.0,2.0,1.87%,,,,,,,,,ShowDailyK_ChartFlow,FinMind_API_TaiwanStockPrice_4953,True,2026-10-05T23:32:53,2026-10-05T23:32:53,2026-10-05T23:32:53
4953,緯軟,2021-04-08,112.0,3.0,2.75%,,,,,,,,,ShowDailyK_ChartFlow,FinMind_API_TaiwanStockPrice_4953,True,2026-10-05T23:32:53,2026-10-05T23:32:53,2026-10-05T23:32:53
4953,緯軟,2021-04-09,108.5,-3.5,-3.12%,,,,,,,,,ShowDailyK_ChartFlow,FinMind_API_TaiwanStockPrice_4953,True,2026-10-05T23:32:53,2026-10-05T23:32:53,2026-10-05T23:32:53
4953,緯軟,2021-04-12,106.0,-2.5,-2.30%,,,,,,,,,ShowDailyK_ChartFlow,FinMind_API_TaiwanStockPrice_4953,True,2026-10-05T23:32:53,2026-10-05T23:32:53,2026-10-05T23:32:53
4953,緯軟,2021-04-13,104.5,-1.5,-1.42%,,,,,,,,,ShowDailyK_ChartFlow,FinMind_API_TaiwanStockPrice_4953,True,2026-10-05T23:32:53,2026-10-05T23:32:53,2026-10-05T23:32:53
4953,緯軟,2021-04-14,101.5,-3.0,-2.87%,,,,,,,,,ShowDailyK_ChartFlow,FinMind_API_TaiwanStockPrice_4953,True,2026-10-05T23:32:53,2026-10-05T23:32:53,2026-10-05T23:32:53
4953,緯軟,2021-04-15,102.5,1.0,0.99%,,,,,,,,,ShowDailyK_ChartFlow,FinMind_API_TaiwanStockPrice_4953,True,2026-10-05T23:32:53,2026-10-05T23:32:53,2026-10-05T23:32:53
4953,緯軟,2021-04-16,103.0,0.5,0.49%,,,,,,,,,ShowDailyK_ChartFlow,FinMind_API_TaiwanStockPrice_4953,True,2026-10-05T23:32:53,2026-10-05T23:32:53,2026-10-05T23:32:53
4953,緯軟,2021-04-19,103.0,0.0,0.00%,,,,,,,,,ShowDailyK_ChartFlow,FinMind_API_TaiwanStockPrice_4953,True,2026-10-05T23:32:53,2026-10-05T23:32:53,2026-10-05T23:32:53
4953,緯軟,2021-04-20,105.5,2.5,2.43%,,,,,,,,,ShowDailyK_ChartFlow,FinMind_API_TaiwanStockPrice_4953,True,2026-10-05T23:32:53,2026-10-05T23:32:53,2026-10-05T23:32:53
4953,緯軟,2021-04-21,106.0,0.5,0.47%,,,,,,,,,ShowDailyK_ChartFlow,FinMind_API_TaiwanStockPrice_4953,True,2026-10-05T23:32:53,2026-10-05T23:32:53,2026-10-05T23:32:53
4953,緯軟,2021-04-22,102.0,-4.0,-3.77%,,,,,,,,,ShowDailyK_ChartFlow,FinMind_API_TaiwanStockPrice_4953,True,2026-10-05T23:32:53,2026-10-05T23:32:53,2026-10-05T23:32:53
4953,緯軟,2021-04-23,103.0,1.0,0.98%,,,,,,,,,ShowDailyK_ChartFlow,FinMind_API_TaiwanStockPrice_4953,True,2026-10-05T23:32:53,2026-10-05T23:32:53,2026-10-05T23:32:53
4953,緯軟,2021-04-26,104.0,1.0,0.97%,,,,,,,,,ShowDailyK_ChartFlow,FinMind_API_TaiwanStockPrice_4953,True,2026-10-05T23:32:53,2026-10-05T23:32:53,2026-10-05T23:32:53
4953,緯軟,2021-04-27,103.0,-1.0,-0.96%,,,,,,,,,ShowDailyK_ChartFlow,FinMind_API_TaiwanStockPrice_4953,True,2026-10-05T23:32:53,2026-10-05T23:32:53,2026-10-05T23:32:53
4953,緯軟,2021-04-28,102.5,-0.5,-0.49%,,,,,,,,,ShowDailyK_ChartFlow,FinMind_API_TaiwanStockPrice_4953,True,2026-10-05T23:32:53,2026-10-05T23:32:53,2026-10-05T23:32:53
4953,緯軟,2021-04-29,103.0,0.5,0.49%,,,,,,,,,ShowDailyK_ChartFlow,FinMind_API_TaiwanStockPrice_4953,True,2026-10-05T23:32:53,2026-10-05T23:32:53,2026-10-05T23:32:53
4953,緯軟,2021-05-03,99.9,-3.0999999999999943,-3.01%,,,,,,,,,ShowDailyK_ChartFlow,FinMind_API_TaiwanStockPrice_4953,True,2026-10-05T23:32:53,2026-10-05T23:32:53,2026-10-05T23:32:53
4953,緯軟,2021-05-04,98.0,-1.9000000000000057,-1.90%,,,,,,,,,ShowDailyK_ChartFlow,FinMind_API_TaiwanStockPrice_4953,True,2026-10-05T23:32:53,2026-10-05T23:32:53,2026-10-05T23:32:53
4953,緯軟,2021-05-05,99.2,1.2000000000000028,1.22%,,,,,,,,,ShowDailyK_ChartFlow,FinMind_API_TaiwanStockPrice_4953,True,2026-10-05T23:32:53,2026-10-05T23:32:53,2026-10-05T23:32:53
4953,緯軟,2021-05-06,99.9,0.7000000000000028,0.71%,,,,,,,,,ShowDailyK_ChartFlow,FinMind_API_TaiwanStockPrice_4953,True,2026-10-05T23:32:53,2026-10-05T23:32:53,2026-10-05T23:32:53
4953,緯軟,2021-05-07,102.0,2.0999999999999943,2.10%,,,,,,,,,ShowDailyK_ChartFlow,FinMind_API_TaiwanStockPrice_4953,True,2026-10-05T23:32:53,2026-10-05T23:32:53,2026-10-05T23:32:53
4953,緯軟,2021-05-10,100.0,-2.0,-1.96%,,,,,,,,,ShowDailyK_ChartFlow,FinMind_API_TaiwanStockPrice_4953,True,2026-10-05T23:32:53,2026-10-05T23:32:53,2026-10-05T23:32:53
4953,緯軟,2021-05-11,95.8,-4.200000000000003,-4.20%,,,,,,,,,ShowDailyK_ChartFlow,FinMind_API_TaiwanStockPrice_4953,True,2026-10-05T23:32:53,2026-10-05T23:32:53,2026-10-05T23:32:53
4953,緯軟,2021-05-12,92.5,-3.299999999999997,-3.44%,,,,,,,,,ShowDailyK_ChartFlow,FinMind_API_TaiwanStockPrice_4953,True,2026-10-05T23:32:53,2026-10-05T23:32:53,2026-10-05T23:32:53
4953,緯軟,2021-05-13,92.6,0.09999999999999432,0.11%,,,,,,,,,ShowDailyK_ChartFlow,FinMind_API_TaiwanStockPrice_4953,True,2026-10-05T23:32:53,2026-10-05T23:32:53,2026-10-05T23:32:53
4953,緯軟,2021-05-14,92.5,-0.09999999999999432,-0.11%,,,,,,,,,ShowDailyK_ChartFlow,FinMind_API_TaiwanStockPrice_4953,True,2026-10-05T23:32:53,2026-10-05T23:32:53,2026-10-05T23:32:53
4953,緯軟,2021-05-17,88.2,-4.299999999999997,-4.65%,,,,,,,,,ShowDailyK_ChartFlow,FinMind_API_TaiwanStockPrice_4953,True,2026-10-05T23:32:53,2026-10-05T23:32:53,2026-10-05T23:32:53
4953,緯軟,2021-05-18,92.3,4.099999999999994,4.65%,,,,,,,,,ShowDailyK_ChartFlow,FinMind_API_TaiwanStockPrice_4953,True,2026-10-05T23:32:53,2026-10-05T23:32:53,2026-10-05T23:32:53
4953,緯軟,2021-05-19,93.1,0.7999999999999972,0.87%,,,,,,,,,ShowDailyK_ChartFlow,FinMind_API_TaiwanStockPrice_4953,True,2026-10-05T23:32:53,2026-10-05T23:32:53,2026-10-05T23:32:53
4953,緯軟,2021-05-20,92.3,-0.7999999999999972,-0.86%,,,,,,,,,ShowDailyK_ChartFlow,FinMind_API_TaiwanStockPrice_4953,True,2026-10-05T23:32:53,2026-10-05T23:32:53,2026-10-05T23:32:53
4953,緯軟,2021-05-21,93.9,1.6000000000000085,1.73%,,,,,,,,,ShowDailyK_ChartFlow,FinMind_API_TaiwanStockPrice_4953,True,2026-10-05T23:32:53,2026-10-05T23:32:53,2026-10-05T23:32:53
4953,緯軟,2021-05-24,94.8,0.8999999999999915,0.96%,,,,,,,,,ShowDailyK_ChartFlow,FinMind_API_TaiwanStockPrice_4953,True,2026-10-05T23:32:53,2026-10-05T23:32:53,2026-10-05T23:32:53
4953,緯軟,2021-05-25,95.0,0.20000000000000284,0.21%,,,,,,,,,ShowDailyK_ChartFlow,FinMind_API_TaiwanStockPrice_4953,True,2026-10-05T23:32:53,2026-10-05T23:32:53,2026-10-05T23:32:53
4953,緯軟,2021-05-26,94.4,-0.5999999999999943,-0.63%,,,,,,,,,ShowDailyK_ChartFlow,FinMind_API_TaiwanStockPrice_4953,True,2026-10-05T23:32:53,2026-10-05T23:32:53,2026-10-05T23:32:53
4953,緯軟,2021-05-27,95.2,0.7999999999999972,0.85%,,,,,,,,,ShowDailyK_ChartFlow,FinMind_API_TaiwanStockPrice_4953,True,2026-10-05T23:32:53,2026-10-05T23:32:53,2026-10-05T23:32:53
4953,緯軟,2021-05-28,97.7,2.5,2.63%,,,,,,,,,ShowDailyK_ChartFlow,FinMind_API_TaiwanStockPrice_4953,True,2026-10-05T23:32:53,2026-10-05T23:32:53,2026-10-05T23:32:53
4953,緯軟,2021-05-31,97.8,0.09999999999999432,0.10%,,,,,,,,,ShowDailyK_ChartFlow,FinMind_API_TaiwanStockPrice_4953,True,2026-10-05T23:32:53,2026-10-05T23:32:53,2026-10-05T23:32:53
4953,緯軟,2021-06-01,97.7,-0.09999999999999432,-0.10%,,,,,,,,,ShowDailyK_ChartFlow,FinMind_API_TaiwanStockPrice_4953,True,2026-10-05T23:32:53,2026-10-05T23:32:53,2026-10-05T23:32:53
4953,緯軟,2021-06-02,96.2,-1.5,-1.54%,,,,,,,,,ShowDailyK_ChartFlow,FinMind_API_TaiwanStockPrice_4953,True,2026-10-05T23:32:53,2026-10-05T23:32:53,2026-10-05T23:32:53
4953,緯軟,2021-06-03,96.3,0.09999999999999432,0.10%,,,,,,,,,ShowDailyK_ChartFlow,FinMind_API_TaiwanStockPrice_4953,True,2026-10-05T23:32:53,2026-10-05T23:32:53,2026-10-05T23:32:53
4953,緯軟,2021-06-04,95.0,-1.2999999999999972,-1.35%,,,,,,,,,ShowDailyK_ChartFlow,FinMind_API_TaiwanStockPrice_4953,True,2026-10-05T23:32:53,2026-10-05T23:32:53,2026-10-05T23:32:53
4953,緯軟,2021-06-07,93.9,-1.0999999999999943,-1.16%,,,,,,,,,ShowDailyK_ChartFlow,FinMind_API_TaiwanStockPrice_4953,True,2026-10-05T23:32:53,2026-10-05T23:32:53,2026-10-05T23:32:53
4953,緯軟,2021-06-08,93.7,-0.20000000000000284,-0.21%,,,,,,,,,ShowDailyK_ChartFlow,FinMind_API_TaiwanStockPrice_4953,True,2026-10-05T23:32:53,2026-10-05T23:32:53,2026-10-05T23:32:53
4953,緯軟,2021-06-09,93.9,0.20000000000000284,0.21%,,,,,,,,,ShowDailyK_ChartFlow,FinMind_API_TaiwanStockPrice_4953,True,2026-10-05T23:32:53,2026-10-05T23:32:53,2026-10-05T23:32:53
4953,緯軟,2021-06-10,96.1,2.1999999999999886,2.34%,,,,,,,,,ShowDailyK_ChartFlow,FinMind_API_TaiwanStockPrice_4953,True,2026-10-05T23:32:53,2026-10-05T23:32:53,2026-10-05T23:32:53
4953,緯軟,2021-06-11,95.3,-0.7999999999999972,-0.83%,,,,,,,,,ShowDailyK_ChartFlow,FinMind_API_TaiwanStockPrice_4953,True,2026-10-05T23:32:53,2026-10-05T23:32:53,2026-10-05T23:32:53
4953,緯軟,2021-06-15,95.3,0.0,0.00%,,,,,,,,,ShowDailyK_ChartFlow,FinMind_API_TaiwanStockPrice_4953,True,2026-10-05T23:32:53,2026-10-05T23:32:53,2026-10-05T23:32:53
4953,緯軟,2021-06-16,95.9,0.6000000000000085,0.63%,,,,,,,,,ShowDailyK_ChartFlow,FinMind_API_TaiwanStockPrice_4953,True,2026-10-05T23:32:53,2026-10-05T23:32:53,2026-10-05T23:32:53
4953,緯軟,2021-06-17,95.8,-0.10000000000000853,-0.10%,,,,,,,,,ShowDailyK_ChartFlow,FinMind_API_TaiwanStockPrice_4953,True,2026-10-05T23:32:53,2026-10-05T23:32:53,2026-10-05T23:32:53
4953,緯軟,2021-06-18,95.4,-0.3999999999999915,-0.42%,,,,,,,,,ShowDailyK_ChartFlow,FinMind_API_TaiwanStockPrice_4953,True,2026-10-05T23:32:53,2026-10-05T23:32:53,2026-10-05T23:32:53
4953,緯軟,2021-06-21,93.6,-1.8000000000000114,-1.89%,,,,,,,,,ShowDailyK_ChartFlow,FinMind_API_TaiwanStockPrice_4953,True,2026-10-05T23:32:53,2026-10-05T23:32:53,2026-10-05T23:32:53
4953,緯軟,2021-06-22,93.5,-0.09999999999999432,-0.11%,,,,,,,,,ShowDailyK_ChartFlow,FinMind_API_TaiwanStockPrice_4953,True,2026-10-05T23:32:53,2026-10-05T23:32:53,2026-10-05T23:32:53
4953,緯軟,2021-06-23,95.1,1.5999999999999943,1.71%,,,,,,,,,ShowDailyK_ChartFlow,FinMind_API_TaiwanStockPrice_4953,True,2026-10-05T23:32:53,2026-10-05T23:32:53,2026-10-05T23:32:53
4953,緯軟,2021-06-24,96.1,1.0,1.05%,,,,,,,,,ShowDailyK_ChartFlow,FinMind_API_TaiwanStockPrice_4953,True,2026-10-05T23:32:53,2026-10-05T23:32:53,2026-10-05T23:32:53
4953,緯軟,2021-06-25,96.2,0.10000000000000853,0.10%,,,,,,,,,ShowDailyK_ChartFlow,FinMind_API_TaiwanStockPrice_4953,True,2026-10-05T23:32:53,2026-10-05T23:32:53,2026-10-05T23:32:53
4953,緯軟,2021-06-28,96.5,0.29999999999999716,0.31%,,,,,,,,,ShowDailyK_ChartFlow,FinMind_API_TaiwanStockPrice_4953,True,2026-10-05T23:32:53,2026-10-05T23:32:53,2026-10-05T23:32:53
4953,緯軟,2021-06-29,95.9,-0.5999999999999943,-0.62%,,,,,,,,,ShowDailyK_ChartFlow,FinMind_API_TaiwanStockPrice_4953,True,2026-10-05T23:32:53,2026-10-05T23:32:53,2026-10-05T23:32:53
4953,緯軟,2021-06-30,95.9,0.0,0.00%,,,,,,,,,ShowDailyK_ChartFlow,FinMind_API_TaiwanStockPrice_4953,True,2026-10-05T23:32:53,2026-10-05T23:32:53,2026-10-05T23:32:53
4953,緯軟,2021-07-01,94.8,-1.1000000000000085,-1.15%,,,,,,,,,ShowDailyK_ChartFlow,FinMind_API_TaiwanStockPrice_4953,True,2026-10-05T23:32:53,2026-10-05T23:32:53,2026-10-05T23:32:53
4953,緯軟,2021-07-02,96.1,1.2999999999999972,1.37%,,,,,,,,,ShowDailyK_ChartFlow,FinMind_API_TaiwanStockPrice_4953,True,2026-10-05T23:32:53,2026-10-05T23:32:53,2026-10-05T23:32:53
4953,緯軟,2021-07-05,99.9,3.8000000000000114,3.95%,,,,,,,,,ShowDailyK_ChartFlow,FinMind_API_TaiwanStockPrice_4953,True,2026-10-05T23:32:53,2026-10-05T23:32:53,2026-10-05T23:32:53
4953,緯軟,2021-07-06,98.0,-1.9000000000000057,-1.90%,,,,,,,,,ShowDailyK_ChartFlow,FinMind_API_TaiwanStockPrice_4953,True,2026-10-05T23:32:53,2026-10-05T23:32:53,2026-10-05T23:32:53
4953,緯軟,2021-07-07,98.2,0.20000000000000284,0.20%,,,,,,,,,ShowDailyK_ChartFlow,FinMind_API_TaiwanStockPrice_4953,True,2026-10-05T23:32:53,2026-10-05T23:32:53,2026-10-05T23:32:53
4953,緯軟,2021-07-08,100.0,1.7999999999999972,1.83%,,,,,,,,,ShowDailyK_ChartFlow,FinMind_API_TaiwanStockPrice_4953,True,2026-10-05T23:32:53,2026-10-05T23:32:53,2026-10-05T23:32:53
4953,緯軟,2021-07-09,101.5,1.5,1.50%,,,,,,,,,ShowDailyK_ChartFlow,FinMind_API_TaiwanStockPrice_4953,True,2026-10-05T23:32:53,2026-10-05T23:32:53,2026-10-05T23:32:53
4953,緯軟,2021-07-12,101.0,-0.5,-0.49%,,,,,,,,,ShowDailyK_ChartFlow,FinMind_API_TaiwanStockPrice_4953,True,2026-10-05T23:32:53,2026-10-05T23:32:53,2026-10-05T23:32:53
4953,緯軟,2021-07-13,102.5,1.5,1.49%,,,,,,,,,ShowDailyK_ChartFlow,FinMind_API_TaiwanStockPrice_4953,True,2026-10-05T23:32:53,2026-10-05T23:32:53,2026-10-05T23:32:53
4953,緯軟,2021-07-14,100.0,-2.5,-2.44%,,,,,,,,,ShowDailyK_ChartFlow,FinMind_API_TaiwanStockPrice_4953,True,2026-10-05T23:32:53,2026-10-05T23:32:53,2026-10-05T23:32:53
4953,緯軟,2021-07-15,100.5,0.5,0.50%,,,,,,,,,ShowDailyK_ChartFlow,FinMind_API_TaiwanStockPrice_4953,True,2026-10-05T23:32:53,2026-10-05T23:32:53,2026-10-05T23:32:53
4953,緯軟,2021-07-16,101.0,0.5,0.50%,,,,,,,,,ShowDailyK_ChartFlow,FinMind_API_TaiwanStockPrice_4953,True,2026-10-05T23:32:53,2026-10-05T23:32:53,2026-10-05T23:32:53
4953,緯軟,2021-07-19,100.5,-0.5,-0.50%,,,,,,,,,ShowDailyK_ChartFlow,FinMind_API_TaiwanStockPrice_4953,True,2026-10-05T23:32:53,2026-10-05T23:32:53,2026-10-05T23:32:53
4953,緯軟,2021-07-20,101.5,1.0,1.00%,,,,,,,,,ShowDailyK_ChartFlow,FinMind_API_TaiwanStockPrice_4953,True,2026-10-05T23:32:53,2026-10-05T23:32:53,2026-10-05T23:32:53
4953,緯軟,2021-07-21,100.5,-1.0,-0.99%,,,,,,,,,ShowDailyK_ChartFlow,FinMind_API_TaiwanStockPrice_4953,True,2026-10-05T23:32:53,2026-10-05T23:32:53,2026-10-05T23:32:53
4953,緯軟,2021-07-22,100.0,-0.5,-0.50%,,,,,,,,,ShowDailyK_ChartFlow,FinMind_API_TaiwanStockPrice_4953,True,2026-10-05T23:32:53,2026-10-05T23:32:53,2026-10-05T23:32:53
4953,緯軟,2021-07-23,100.0,0.0,0.00%,,,,,,,,,ShowDailyK_ChartFlow,FinMind_API_TaiwanStockPrice_4953,True,2026-10-05T23:32:53,2026-10-05T23:32:53,2026-10-05T23:32:53
4953,緯軟,2021-07-26,101.5,1.5,1.50%,,,,,,,,,ShowDailyK_ChartFlow,FinMind_API_TaiwanStockPrice_4953,True,2026-10-05T23:32:53,2026-10-05T23:32:53,2026-10-05T23:32:53
4953,緯軟,2021-07-27,102.5,1.0,0.99%,,,,,,,,,ShowDailyK_ChartFlow,FinMind_API_TaiwanStockPrice_4953,True,2026-10-05T23:32:53,2026-10-05T23:32:53,2026-10-05T23:32:53
4953,緯軟,2021-07-28,98.0,-4.5,-4.39%,,,,,,,,,ShowDailyK_ChartFlow,FinMind_API_TaiwanStockPrice_4953,True,2026-10-05T23:32:53,2026-10-05T23:32:53,2026-10-05T23:32:53
4953,緯軟,2021-07-29,99.4,1.4000000000000057,1.43%,,,,,,,,,ShowDailyK_ChartFlow,FinMind_API_TaiwanStockPrice_4953,True,2026-10-05T23:32:53,2026-10-05T23:32:53,2026-10-05T23:32:53
4953,緯軟,2021-07-30,99.5,0.09999999999999432,0.10%,,,,,,,,,ShowDailyK_ChartFlow,FinMind_API_TaiwanStockPrice_4953,True,2026-10-05T23:32:53,2026-10-05T23:32:53,2026-10-05T23:32:53
4953,緯軟,2021-08-02,100.0,0.5,0.50%,,,,,,,,,ShowDailyK_ChartFlow,FinMind_API_TaiwanStockPrice_4953,True,2026-10-05T23:32:53,2026-10-05T23:32:53,2026-10-05T23:32:53
4953,緯軟,2021-08-03,101.0,1.0,1.00%,,,,,,,,,ShowDailyK_ChartFlow,FinMind_API_TaiwanStockPrice_4953,True,2026-10-05T23:32:53,2026-10-05T23:32:53,2026-10-05T23:32:53
4953,緯軟,2021-08-04,100.0,-1.0,-0.99%,,,,,,,,,ShowDailyK_ChartFlow,FinMind_API_TaiwanStockPrice_4953,True,2026-10-05T23:32:53,2026-10-05T23:32:53,2026-10-05T23:32:53
4953,緯軟,2021-08-05,99.7,-0.29999999999999716,-0.30%,,,,,,,,,ShowDailyK_ChartFlow,FinMind_API_TaiwanStockPrice_4953,True,2026-10-05T23:32:53,2026-10-05T23:32:53,2026-10-05T23:32:53
4953,緯軟,2021-08-06,97.7,-2.0,-2.01%,,,,,,,,,ShowDailyK_ChartFlow,FinMind_API_TaiwanStockPrice_4953,True,2026-10-05T23:32:53,2026-10-05T23:32:53,2026-10-05T23:32:53
4953,緯軟,2021-08-09,96.6,-1.1000000000000085,-1.13%,,,,,,,,,ShowDailyK_ChartFlow,FinMind_API_TaiwanStockPrice_4953,True,2026-10-05T23:32:53,2026-10-05T23:32:53,2026-10-05T23:32:53
4953,緯軟,2021-08-10,95.1,-1.5,-1.55%,,,,,,,,,ShowDailyK_ChartFlow,FinMind_API_TaiwanStockPrice_4953,True,2026-10-05T23:32:53,2026-10-05T23:32:53,2026-10-05T23:32:53
4953,緯軟,2021-08-11,96.0,0.9000000000000057,0.95%,,,,,,,,,ShowDailyK_ChartFlow,FinMind_API_TaiwanStockPrice_4953,True,2026-10-05T23:32:53,2026-10-05T23:32:53,2026-10-05T23:32:53
4953,緯軟,2021-08-12,90.2,-5.799999999999997,-6.04%,,,,,,,,,ShowDailyK_ChartFlow,FinMind_API_TaiwanStockPrice_4953,True,2026-10-05T23:32:53,2026-10-05T23:32:53,2026-10-05T23:32:53
4953,緯軟,2021-08-13,88.1,-2.1000000000000085,-2.33%,,,,,,,,,ShowDailyK_ChartFlow,FinMind_API_TaiwanStockPrice_4953,True,2026-10-05T23:32:53,2026-10-05T23:32:53,2026-10-05T23:32:53
4953,緯軟,2021-08-16,86.5,-1.5999999999999943,-1.82%,,,,,,,,,ShowDailyK_ChartFlow,FinMind_API_TaiwanStockPrice_4953,True,2026-10-05T23:32:53,2026-10-05T23:32:53,2026-10-05T23:32:53
4953,緯軟,2021-08-17,85.7,-0.7999999999999972,-0.92%,,,,,,,,,ShowDailyK_ChartFlow,FinMind_API_TaiwanStockPrice_4953,True,2026-10-05T23:32:53,2026-10-05T23:32:53,2026-10-05T23:32:53
4953,緯軟,2021-08-18,87.5,1.7999999999999972,2.10%,,,,,,,,,ShowDailyK_ChartFlow,FinMind_API_TaiwanStockPrice_4953,True,2026-10-05T23:32:53,2026-10-05T23:32:53,2026-10-05T23:32:53
4953,緯軟,2021-08-19,85.0,-2.5,-2.86%,,,,,,,,,ShowDailyK_ChartFlow,FinMind_API_TaiwanStockPrice_4953,True,2026-10-05T23:32:53,2026-10-05T23:32:53,2026-10-05T23:32:53
4953,緯軟,2021-08-20,84.0,-1.0,-1.18%,,,,,,,,,ShowDailyK_ChartFlow,FinMind_API_TaiwanStockPrice_4953,True,2026-10-05T23:32:53,2026-10-05T23:32:53,2026-10-05T23:32:53
4953,緯軟,2021-08-23,86.0,2.0,2.38%,,,,,,,,,ShowDailyK_ChartFlow,FinMind_API_TaiwanStockPrice_4953,True,2026-10-05T23:32:53,2026-10-05T23:32:53,2026-10-05T23:32:53
4953,緯軟,2021-08-24,88.0,2.0,2.33%,,,,,,,,,ShowDailyK_ChartFlow,FinMind_API_TaiwanStockPrice_4953,True,2026-10-05T23:32:53,2026-10-05T23:32:53,2026-10-05T23:32:53
4953,緯軟,2021-08-25,89.4,1.4000000000000057,1.59%,,,,,,,,,ShowDailyK_ChartFlow,FinMind_API_TaiwanStockPrice_4953,True,2026-10-05T23:32:53,2026-10-05T23:32:53,2026-10-05T23:32:53
4953,緯軟,2021-08-26,90.0,0.5999999999999943,0.67%,,,,,,,,,ShowDailyK_ChartFlow,FinMind_API_TaiwanStockPrice_4953,True,2026-10-05T23:32:53,2026-10-05T23:32:53,2026-10-05T23:32:53
4953,緯軟,2021-08-27,90.9,0.9000000000000057,1.00%,,,,,,,,,ShowDailyK_ChartFlow,FinMind_API_TaiwanStockPrice_4953,True,2026-10-05T23:32:53,2026-10-05T23:32:53,2026-10-05T23:32:53
4953,緯軟,2021-08-30,90.9,0.0,0.00%,,,,,,,,,ShowDailyK_ChartFlow,FinMind_API_TaiwanStockPrice_4953,True,2026-10-05T23:32:53,2026-10-05T23:32:53,2026-10-05T23:32:53
4953,緯軟,2021-08-31,90.9,0.0,0.00%,,,,,,,,,ShowDailyK_ChartFlow,FinMind_API_TaiwanStockPrice_4953,True,2026-10-05T23:32:53,2026-10-05T23:32:53,2026-10-05T23:32:53
4953,緯軟,2021-09-01,90.3,-0.6000000000000085,-0.66%,,,,,,,,,ShowDailyK_ChartFlow,FinMind_API_TaiwanStockPrice_4953,True,2026-10-05T23:32:53,2026-10-05T23:32:53,2026-10-05T23:32:53
4953,緯軟,2021-09-02,90.5,0.20000000000000284,0.22%,,,,,,,,,ShowDailyK_ChartFlow,FinMind_API_TaiwanStockPrice_4953,True,2026-10-05T23:32:53,2026-10-05T23:32:53,2026-10-05T23:32:53
4953,緯軟,2021-09-03,90.3,-0.20000000000000284,-0.22%,,,,,,,,,ShowDailyK_ChartFlow,FinMind_API_TaiwanStockPrice_4953,True,2026-10-05T23:32:53,2026-10-05T23:32:53,2026-10-05T23:32:53
4953,緯軟,2021-09-06,88.8,-1.5,-1.66%,,,,,,,,,ShowDailyK_ChartFlow,FinMind_API_TaiwanStockPrice_4953,True,2026-10-05T23:32:53,2026-10-05T23:32:53,2026-10-05T23:32:53
4953,緯軟,2021-09-07,88.5,-0.29999999999999716,-0.34%,,,,,,,,,ShowDailyK_ChartFlow,FinMind_API_TaiwanStockPrice_4953,True,2026-10-05T23:32:53,2026-10-05T23:32:53,2026-10-05T23:32:53
4953,緯軟,2021-09-08,86.6,-1.9000000000000057,-2.15%,,,,,,,,,ShowDailyK_ChartFlow,FinMind_API_TaiwanStockPrice_4953,True,2026-10-05T23:32:53,2026-10-05T23:32:53,2026-10-05T23:32:53
4953,緯軟,2021-09-09,86.6,0.0,0.00%,,,,,,,,,ShowDailyK_ChartFlow,FinMind_API_TaiwanStockPrice_4953,True,2026-10-05T23:32:53,2026-10-05T23:32:53,2026-10-05T23:32:53
4953,緯軟,2021-09-10,86.4,-0.19999999999998863,-0.23%,,,,,,,,,ShowDailyK_ChartFlow,FinMind_API_TaiwanStockPrice_4953,True,2026-10-05T23:32:53,2026-10-05T23:32:53,2026-10-05T23:32:53
4953,緯軟,2021-09-13,86.1,-0.30000000000001137,-0.35%,,,,,,,,,ShowDailyK_ChartFlow,FinMind_API_TaiwanStockPrice_4953,True,2026-10-05T23:32:53,2026-10-05T23:32:53,2026-10-05T23:32:53
4953,緯軟,2021-09-14,85.7,-0.3999999999999915,-0.46%,,,,,,,,,ShowDailyK_ChartFlow,FinMind_API_TaiwanStockPrice_4953,True,2026-10-05T23:32:53,2026-10-05T23:32:53,2026-10-05T23:32:53
4953,緯軟,2021-09-15,85.4,-0.29999999999999716,-0.35%,,,,,,,,,ShowDailyK_ChartFlow,FinMind_API_TaiwanStockPrice_4953,True,2026-10-05T23:32:53,2026-10-05T23:32:53,2026-10-05T23:32:53
4953,緯軟,2021-09-16,85.0,-0.4000000000000057,-0.47%,,,,,,,,,ShowDailyK_ChartFlow,FinMind_API_TaiwanStockPrice_4953,True,2026-10-05T23:32:53,2026-10-05T23:32:53,2026-10-05T23:32:53
4953,緯軟,2021-09-17,85.5,0.5,0.59%,,,,,,,,,ShowDailyK_ChartFlow,FinMind_API_TaiwanStockPrice_4953,True,2026-10-05T23:32:53,2026-10-05T23:32:53,2026-10-05T23:32:53
4953,緯軟,2021-09-22,85.6,0.09999999999999432,0.12%,,,,,,,,,ShowDailyK_ChartFlow,FinMind_API_TaiwanStockPrice_4953,True,2026-10-05T23:32:53,2026-10-05T23:32:53,2026-10-05T23:32:53
4953,緯軟,2021-09-23,86.8,1.2000000000000028,1.40%,,,,,,,,,ShowDailyK_ChartFlow,FinMind_API_TaiwanStockPrice_4953,True,2026-10-05T23:32:53,2026-10-05T23:32:53,2026-10-05T23:32:53
4953,緯軟,2021-09-24,87.1,0.29999999999999716,0.35%,,,,,,,,,ShowDailyK_ChartFlow,FinMind_API_TaiwanStockPrice_4953,True,2026-10-05T23:32:53,2026-10-05T23:32:53,2026-10-05T23:32:53
4953,緯軟,2021-09-27,87.1,0.0,0.00%,,,,,,,,,ShowDailyK_ChartFlow,FinMind_API_TaiwanStockPrice_4953,True,2026-10-05T23:32:53,2026-10-05T23:32:53,2026-10-05T23:32:53
4953,緯軟,2021-09-28,86.0,-1.0999999999999943,-1.26%,,,,,,,,,ShowDailyK_ChartFlow,FinMind_API_TaiwanStockPrice_4953,True,2026-10-05T23:32:53,2026-10-05T23:32:53,2026-10-05T23:32:53
4953,緯軟,2021-09-29,84.6,-1.4000000000000057,-1.63%,,,,,,,,,ShowDailyK_ChartFlow,FinMind_API_TaiwanStockPrice_4953,True,2026-10-05T23:32:53,2026-10-05T23:32:53,2026-10-05T23:32:53
4953,緯軟,2021-09-30,84.9,0.30000000000001137,0.35%,,,,,,,,,ShowDailyK_ChartFlow,FinMind_API_TaiwanStockPrice_4953,True,2026-10-05T23:32:53,2026-10-05T23:32:53,2026-10-05T23:32:53
4953,緯軟,2021-10-01,83.2,-1.7000000000000028,-2.00%,,,,,,,,,ShowDailyK_ChartFlow,FinMind_API_TaiwanStockPrice_4953,True,2026-10-05T23:32:53,2026-10-05T23:32:53,2026-10-05T23:32:53
4953,緯軟,2021-10-04,81.4,-1.7999999999999972,-2.16%,,,,,,,,,ShowDailyK_ChartFlow,FinMind_API_TaiwanStockPrice_4953,True,2026-10-05T23:32:53,2026-10-05T23:32:53,2026-10-05T23:32:53
4953,緯軟,2021-10-05,81.2,-0.20000000000000284,-0.25%,,,,,,,,,ShowDailyK_ChartFlow,FinMind_API_TaiwanStockPrice_4953,True,2026-10-05T23:32:53,2026-10-05T23:32:53,2026-10-05T23:32:53
4953,緯軟,2021-10-06,80.3,-0.9000000000000057,-1.11%,,,,,,,,,ShowDailyK_ChartFlow,FinMind_API_TaiwanStockPrice_4953,True,2026-10-05T23:32:53,2026-10-05T23:32:53,2026-10-05T23:32:53
4953,緯軟,2021-10-07,82.0,1.7000000000000028,2.12%,,,,,,,,,ShowDailyK_ChartFlow,FinMind_API_TaiwanStockPrice_4953,True,2026-10-05T23:32:53,2026-10-05T23:32:53,2026-10-05T23:32:53
4953,緯軟,2021-10-08,83.2,1.2000000000000028,1.46%,,,,,,,,,ShowDailyK_ChartFlow,FinMind_API_TaiwanStockPrice_4953,True,2026-10-05T23:32:53,2026-10-05T23:32:53,2026-10-05T23:32:53
4953,緯軟,2021-10-12,82.7,-0.5,-0.60%,,,,,,,,,ShowDailyK_ChartFlow,FinMind_API_TaiwanStockPrice_4953,True,2026-10-05T23:32:53,2026-10-05T23:32:53,2026-10-05T23:32:53
4953,緯軟,2021-10-13,83.4,0.7000000000000028,0.85%,,,,,,,,,ShowDailyK_ChartFlow,FinMind_API_TaiwanStockPrice_4953,True,2026-10-05T23:32:53,2026-10-05T23:32:53,2026-10-05T23:32:53
4953,緯軟,2021-10-14,83.5,0.09999999999999432,0.12%,,,,,,,,,ShowDailyK_ChartFlow,FinMind_API_TaiwanStockPrice_4953,True,2026-10-05T23:32:53,2026-10-05T23:32:53,2026-10-05T23:32:53
4953,緯軟,2021-10-15,84.4,0.9000000000000057,1.08%,,,,,,,,,ShowDailyK_ChartFlow,FinMind_API_TaiwanStockPrice_4953,True,2026-10-05T23:32:53,2026-10-05T23:32:53,2026-10-05T23:32:53
4953,緯軟,2021-10-18,84.0,-0.4000000000000057,-0.47%,,,,,,,,,ShowDailyK_ChartFlow,FinMind_API_TaiwanStockPrice_4953,True,2026-10-05T23:32:53,2026-10-05T23:32:53,2026-10-05T23:32:53
4953,緯軟,2021-10-19,83.6,-0.4000000000000057,-0.48%,,,,,,,,,ShowDailyK_ChartFlow,FinMind_API_TaiwanStockPrice_4953,True,2026-10-05T23:32:53,2026-10-05T23:32:53,2026-10-05T23:32:53
4953,緯軟,2021-10-20,83.0,-0.5999999999999943,-0.72%,,,,,,,,,ShowDailyK_ChartFlow,FinMind_API_TaiwanStockPrice_4953,True,2026-10-05T23:32:53,2026-10-05T23:32:53,2026-10-05T23:32:53
4953,緯軟,2021-10-21,83.5,0.5,0.60%,,,,,,,,,ShowDailyK_ChartFlow,FinMind_API_TaiwanStockPrice_4953,True,2026-10-05T23:32:53,2026-10-05T23:32:53,2026-10-05T23:32:53
4953,緯軟,2021-10-22,84.9,1.4000000000000057,1.68%,,,,,,,,,ShowDailyK_ChartFlow,FinMind_API_TaiwanStockPrice_4953,True,2026-10-05T23:32:53,2026-10-05T23:32:53,2026-10-05T23:32:53
4953,緯軟,2021-10-25,84.4,-0.5,-0.59%,,,,,,,,,ShowDailyK_ChartFlow,FinMind_API_TaiwanStockPrice_4953,True,2026-10-05T23:32:53,2026-10-05T23:32:53,2026-10-05T23:32:53
4953,緯軟,2021-10-26,85.4,1.0,1.18%,,,,,,,,,ShowDailyK_ChartFlow,FinMind_API_TaiwanStockPrice_4953,True,2026-10-05T23:32:53,2026-10-05T23:32:53,2026-10-05T23:32:53
4953,緯軟,2021-10-27,85.7,0.29999999999999716,0.35%,,,,,,,,,ShowDailyK_ChartFlow,FinMind_API_TaiwanStockPrice_4953,True,2026-10-05T23:32:53,2026-10-05T23:32:53,2026-10-05T23:32:53
4953,緯軟,2021-10-28,85.8,0.09999999999999432,0.12%,,,,,,,,,ShowDailyK_ChartFlow,FinMind_API_TaiwanStockPrice_4953,True,2026-10-05T23:32:53,2026-10-05T23:32:53,2026-10-05T23:32:53
4953,緯軟,2021-10-29,84.8,-1.0,-1.17%,,,,,,,,,ShowDailyK_ChartFlow,FinMind_API_TaiwanStockPrice_4953,True,2026-10-05T23:32:53,2026-10-05T23:32:53,2026-10-05T23:32:53
4953,緯軟,2021-11-01,84.9,0.10000000000000853,0.12%,,,,,,,,,ShowDailyK_ChartFlow,FinMind_API_TaiwanStockPrice_4953,True,2026-10-05T23:32:53,2026-10-05T23:32:53,2026-10-05T23:32:53
4953,緯軟,2021-11-02,83.7,-1.2000000000000028,-1.41%,,,,,,,,,ShowDailyK_ChartFlow,FinMind_API_TaiwanStockPrice_4953,True,2026-10-05T23:32:53,2026-10-05T23:32:53,2026-10-05T23:32:53
4953,緯軟,2021-11-03,85.0,1.2999999999999972,1.55%,,,,,,,,,ShowDailyK_ChartFlow,FinMind_API_TaiwanStockPrice_4953,True,2026-10-05T23:32:53,2026-10-05T23:32:53,2026-10-05T23:32:53
4953,緯軟,2021-11-04,84.8,-0.20000000000000284,-0.24%,,,,,,,,,ShowDailyK_ChartFlow,FinMind_API_TaiwanStockPrice_4953,True,2026-10-05T23:32:53,2026-10-05T23:32:53,2026-10-05T23:32:53
4953,緯軟,2021-11-05,84.8,0.0,0.00%,,,,,,,,,ShowDailyK_ChartFlow,FinMind_API_TaiwanStockPrice_4953,True,2026-10-05T23:32:53,2026-10-05T23:32:53,2026-10-05T23:32:53
4953,緯軟,2021-11-08,85.1,0.29999999999999716,0.35%,,,,,,,,,ShowDailyK_ChartFlow,FinMind_API_TaiwanStockPrice_4953,True,2026-10-05T23:32:53,2026-10-05T23:32:53,2026-10-05T23:32:53
4953,緯軟,2021-11-09,87.9,2.8000000000000114,3.29%,,,,,,,,,ShowDailyK_ChartFlow,FinMind_API_TaiwanStockPrice_4953,True,2026-10-05T23:32:53,2026-10-05T23:32:53,2026-10-05T23:32:53
4953,緯軟,2021-11-10,87.5,-0.4000000000000057,-0.46%,,,,,,,,,ShowDailyK_ChartFlow,FinMind_API_TaiwanStockPrice_4953,True,2026-10-05T23:32:53,2026-10-05T23:32:53,2026-10-05T23:32:53
4953,緯軟,2021-11-11,86.5,-1.0,-1.14%,,,,,,,,,ShowDailyK_ChartFlow,FinMind_API_TaiwanStockPrice_4953,True,2026-10-05T23:32:53,2026-10-05T23:32:53,2026-10-05T23:32:53
4953,緯軟,2021-11-12,86.7,0.20000000000000284,0.23%,,,,,,,,,ShowDailyK_ChartFlow,FinMind_API_TaiwanStockPrice_4953,True,2026-10-05T23:32:53,2026-10-05T23:32:53,2026-10-05T23:32:53
4953,緯軟,2021-11-15,87.4,0.7000000000000028,0.81%,,,,,,,,,ShowDailyK_ChartFlow,FinMind_API_TaiwanStockPrice_4953,True,2026-10-05T23:32:53,2026-10-05T23:32:53,2026-10-05T23:32:53
4953,緯軟,2021-11-16,87.8,0.3999999999999915,0.46%,,,,,,,,,ShowDailyK_ChartFlow,FinMind_API_TaiwanStockPrice_4953,True,2026-10-05T23:32:53,2026-10-05T23:32:53,2026-10-05T23:32:53
4953,緯軟,2021-11-17,87.9,0.10000000000000853,0.11%,,,,,,,,,ShowDailyK_ChartFlow,FinMind_API_TaiwanStockPrice_4953,True,2026-10-05T23:32:53,2026-10-05T23:32:53,2026-10-05T23:32:53
4953,緯軟,2021-11-18,87.8,-0.10000000000000853,-0.11%,,,,,,,,,ShowDailyK_ChartFlow,FinMind_API_TaiwanStockPrice_4953,True,2026-10-05T23:32:53,2026-10-05T23:32:53,2026-10-05T23:32:53
4953,緯軟,2021-11-19,87.1,-0.7000000000000028,-0.80%,,,,,,,,,ShowDailyK_ChartFlow,FinMind_API_TaiwanStockPrice_4953,True,2026-10-05T23:32:53,2026-10-05T23:32:53,2026-10-05T23:32:53
4953,緯軟,2021-11-22,87.4,0.30000000000001137,0.34%,,,,,,,,,ShowDailyK_ChartFlow,FinMind_API_TaiwanStockPrice_4953,True,2026-10-05T23:32:53,2026-10-05T23:32:53,2026-10-05T23:32:53
4953,緯軟,2021-11-23,86.7,-0.7000000000000028,-0.80%,,,,,,,,,ShowDailyK_ChartFlow,FinMind_API_TaiwanStockPrice_4953,True,2026-10-05T23:32:53,2026-10-05T23:32:53,2026-10-05T23:32:53
4953,緯軟,2021-11-24,86.2,-0.5,-0.58%,,,,,,,,,ShowDailyK_ChartFlow,FinMind_API_TaiwanStockPrice_4953,True,2026-10-05T23:32:53,2026-10-05T23:32:53,2026-10-05T23:32:53
4953,緯軟,2021-11-25,86.3,0.09999999999999432,0.12%,,,,,,,,,ShowDailyK_ChartFlow,FinMind_API_TaiwanStockPrice_4953,True,2026-10-05T23:32:53,2026-10-05T23:32:53,2026-10-05T23:32:53
4953,緯軟,2021-11-26,84.8,-1.5,-1.74%,,,,,,,,,ShowDailyK_ChartFlow,FinMind_API_TaiwanStockPrice_4953,True,2026-10-05T23:32:53,2026-10-05T23:32:53,2026-10-05T23:32:53
4953,緯軟,2021-11-29,83.9,-0.8999999999999915,-1.06%,,,,,,,,,ShowDailyK_ChartFlow,FinMind_API_TaiwanStockPrice_4953,True,2026-10-05T23:32:53,2026-10-05T23:32:53,2026-10-05T23:32:53
4953,緯軟,2021-11-30,84.3,0.3999999999999915,0.48%,,,,,,,,,ShowDailyK_ChartFlow,FinMind_API_TaiwanStockPrice_4953,True,2026-10-05T23:32:53,2026-10-05T23:32:53,2026-10-05T23:32:53
4953,緯軟,2021-12-01,85.3,1.0,1.19%,,,,,,,,,ShowDailyK_ChartFlow,FinMind_API_TaiwanStockPrice_4953,True,2026-10-05T23:32:53,2026-10-05T23:32:53,2026-10-05T23:32:53
4953,緯軟,2021-12-02,84.4,-0.8999999999999915,-1.06%,,,,,,,,,ShowDailyK_ChartFlow,FinMind_API_TaiwanStockPrice_4953,True,2026-10-05T23:32:53,2026-10-05T23:32:53,2026-10-05T23:32:53
4953,緯軟,2021-12-03,84.6,0.19999999999998863,0.24%,,,,,,,,,ShowDailyK_ChartFlow,FinMind_API_TaiwanStockPrice_4953,True,2026-10-05T23:32:53,2026-10-05T23:32:53,2026-10-05T23:32:53
4953,緯軟,2021-12-06,83.9,-0.6999999999999886,-0.83%,,,,,,,,,ShowDailyK_ChartFlow,FinMind_API_TaiwanStockPrice_4953,True,2026-10-05T23:32:53,2026-10-05T23:32:53,2026-10-05T23:32:53
4953,緯軟,2021-12-07,84.7,0.7999999999999972,0.95%,,,,,,,,,ShowDailyK_ChartFlow,FinMind_API_TaiwanStockPrice_4953,True,2026-10-05T23:32:53,2026-10-05T23:32:53,2026-10-05T23:32:53
4953,緯軟,2021-12-08,88.1,3.3999999999999915,4.01%,,,,,,,,,ShowDailyK_ChartFlow,FinMind_API_TaiwanStockPrice_4953,True,2026-10-05T23:32:53,2026-10-05T23:32:53,2026-10-05T23:32:53
4953,緯軟,2021-12-09,86.7,-1.3999999999999915,-1.59%,,,,,,,,,ShowDailyK_ChartFlow,FinMind_API_TaiwanStockPrice_4953,True,2026-10-05T23:32:53,2026-10-05T23:32:53,2026-10-05T23:32:53
4953,緯軟,2021-12-10,86.7,0.0,0.00%,,,,,,,,,ShowDailyK_ChartFlow,FinMind_API_TaiwanStockPrice_4953,True,2026-10-05T23:32:53,2026-10-05T23:32:53,2026-10-05T23:32:53
4953,緯軟,2021-12-13,85.9,-0.7999999999999972,-0.92%,,,,,,,,,ShowDailyK_ChartFlow,FinMind_API_TaiwanStockPrice_4953,True,2026-10-05T23:32:53,2026-10-05T23:32:53,2026-10-05T23:32:53
4953,緯軟,2021-12-14,84.1,-1.8000000000000114,-2.10%,,,,,,,,,ShowDailyK_ChartFlow,FinMind_API_TaiwanStockPrice_4953,True,2026-10-05T23:32:53,2026-10-05T23:32:53,2026-10-05T23:32:53
4953,緯軟,2021-12-15,84.2,0.10000000000000853,0.12%,,,,,,,,,ShowDailyK_ChartFlow,FinMind_API_TaiwanStockPrice_4953,True,2026-10-05T23:32:53,2026-10-05T23:32:53,2026-10-05T23:32:53
4953,緯軟,2021-12-16,84.8,0.5999999999999943,0.71%,,,,,,,,,ShowDailyK_ChartFlow,FinMind_API_TaiwanStockPrice_4953,True,2026-10-05T23:32:53,2026-10-05T23:32:53,2026-10-05T23:32:53
4953,緯軟,2021-12-17,84.7,-0.09999999999999432,-0.12%,,,,,,,,,ShowDailyK_ChartFlow,FinMind_API_TaiwanStockPrice_4953,True,2026-10-05T23:32:53,2026-10-05T23:32:53,2026-10-05T23:32:53
4953,緯軟,2021-12-20,84.4,-0.29999999999999716,-0.35%,,,,,,,,,ShowDailyK_ChartFlow,FinMind_API_TaiwanStockPrice_4953,True,2026-10-05T23:32:53,2026-10-05T23:32:53,2026-10-05T23:32:53
4953,緯軟,2021-12-21,85.2,0.7999999999999972,0.95%,,,,,,,,,ShowDailyK_ChartFlow,FinMind_API_TaiwanStockPrice_4953,True,2026-10-05T23:32:53,2026-10-05T23:32:53,2026-10-05T23:32:53
4953,緯軟,2021-12-22,85.8,0.5999999999999943,0.70%,,,,,,,,,ShowDailyK_ChartFlow,FinMind_API_TaiwanStockPrice_4953,True,2026-10-05T23:32:53,2026-10-05T23:32:53,2026-10-05T23:32:53
4953,緯軟,2021-12-23,85.3,-0.5,-0.58%,,,,,,,,,ShowDailyK_ChartFlow,FinMind_API_TaiwanStockPrice_4953,True,2026-10-05T23:32:53,2026-10-05T23:32:53,2026-10-05T23:32:53
4953,緯軟,2021-12-24,85.5,0.20000000000000284,0.23%,,,,,,,,,ShowDailyK_ChartFlow,FinMind_API_TaiwanStockPrice_4953,True,2026-10-05T23:32:53,2026-10-05T23:32:53,2026-10-05T23:32:53
4953,緯軟,2021-12-27,85.9,0.4000000000000057,0.47%,,,,,,,,,ShowDailyK_ChartFlow,FinMind_API_TaiwanStockPrice_4953,True,2026-10-05T23:32:53,2026-10-05T23:32:53,2026-10-05T23:32:53
4953,緯軟,2021-12-28,86.4,0.5,0.58%,,,,,,,,,ShowDailyK_ChartFlow,FinMind_API_TaiwanStockPrice_4953,True,2026-10-05T23:32:53,2026-10-05T23:32:53,2026-10-05T23:32:53
4953,緯軟,2021-12-29,88.3,1.8999999999999915,2.20%,,,,,,,,,ShowDailyK_ChartFlow,FinMind_API_TaiwanStockPrice_4953,True,2026-10-05T23:32:53,2026-10-05T23:32:53,2026-10-05T23:32:53
4953,緯軟,2021-12-30,88.1,-0.20000000000000284,-0.23%,,,,,,,,,ShowDailyK_ChartFlow,FinMind_API_TaiwanStockPrice_4953,True,2026-10-05T23:32:53,2026-10-05T23:32:53,2026-10-05T23:32:53
4953,緯軟,2022-01-03,88.7,0.6000000000000085,0.68%,,,,,,,,,ShowDailyK_ChartFlow,FinMind_API_TaiwanStockPrice_4953,True,2026-10-05T23:32:53,2026-10-05T23:32:53,2026-10-05T23:32:53
4953,緯軟,2022-01-04,88.6,-0.10000000000000853,-0.11%,,,,,,,,,ShowDailyK_ChartFlow,FinMind_API_TaiwanStockPrice_4953,True,2026-10-05T23:32:53,2026-10-05T23:32:53,2026-10-05T23:32:53
4953,緯軟,2022-01-05,89.4,0.8000000000000114,0.90%,,,,,,,,,ShowDailyK_ChartFlow,FinMind_API_TaiwanStockPrice_4953,True,2026-10-05T23:32:53,2026-10-05T23:32:53,2026-10-05T23:32:53
4953,緯軟,2022-01-06,88.6,-0.8000000000000114,-0.89%,,,,,,,,,ShowDailyK_ChartFlow,FinMind_API_TaiwanStockPrice_4953,True,2026-10-05T23:32:53,2026-10-05T23:32:53,2026-10-05T23:32:53
4953,緯軟,2022-01-07,87.0,-1.5999999999999943,-1.81%,,,,,,,,,ShowDailyK_ChartFlow,FinMind_API_TaiwanStockPrice_4953,True,2026-10-05T23:32:53,2026-10-05T23:32:53,2026-10-05T23:32:53
4953,緯軟,2022-01-10,88.7,1.7000000000000028,1.95%,,,,,,,,,ShowDailyK_ChartFlow,FinMind_API_TaiwanStockPrice_4953,True,2026-10-05T23:32:53,2026-10-05T23:32:53,2026-10-05T23:32:53
4953,緯軟,2022-01-11,88.4,-0.29999999999999716,-0.34%,,,,,,,,,ShowDailyK_ChartFlow,FinMind_API_TaiwanStockPrice_4953,True,2026-10-05T23:32:53,2026-10-05T23:32:53,2026-10-05T23:32:53
4953,緯軟,2022-01-12,86.8,-1.6000000000000085,-1.81%,,,,,,,,,ShowDailyK_ChartFlow,FinMind_API_TaiwanStockPrice_4953,True,2026-10-05T23:32:53,2026-10-05T23:32:53,2026-10-05T23:32:53
4953,緯軟,2022-01-13,87.2,0.4000000000000057,0.46%,,,,,,,,,ShowDailyK_ChartFlow,FinMind_API_TaiwanStockPrice_4953,True,2026-10-05T23:32:53,2026-10-05T23:32:53,2026-10-05T23:32:53
4953,緯軟,2022-01-14,86.4,-0.7999999999999972,-0.92%,,,,,,,,,ShowDailyK_ChartFlow,FinMind_API_TaiwanStockPrice_4953,True,2026-10-05T23:32:53,2026-10-05T23:32:53,2026-10-05T23:32:53
4953,緯軟,2022-01-17,86.4,0.0,0.00%,,,,,,,,,ShowDailyK_ChartFlow,FinMind_API_TaiwanStockPrice_4953,True,2026-10-05T23:32:53,2026-10-05T23:32:53,2026-10-05T23:32:53
4953,緯軟,2022-01-18,86.3,-0.10000000000000853,-0.12%,,,,,,,,,ShowDailyK_ChartFlow,FinMind_API_TaiwanStockPrice_4953,True,2026-10-05T23:32:53,2026-10-05T23:32:53,2026-10-05T23:32:53
4953,緯軟,2022-01-19,85.6,-0.7000000000000028,-0.81%,,,,,,,,,ShowDailyK_ChartFlow,FinMind_API_TaiwanStockPrice_4953,True,2026-10-05T23:32:53,2026-10-05T23:32:53,2026-10-05T23:32:53
4953,緯軟,2022-01-20,85.5,-0.09999999999999432,-0.12%,,,,,,,,,ShowDailyK_ChartFlow,FinMind_API_TaiwanStockPrice_4953,True,2026-10-05T23:32:53,2026-10-05T23:32:53,2026-10-05T23:32:53
4953,緯軟,2022-01-21,84.6,-0.9000000000000057,-1.05%,,,,,,,,,ShowDailyK_ChartFlow,FinMind_API_TaiwanStockPrice_4953,True,2026-10-05T23:32:53,2026-10-05T23:32:53,2026-10-05T23:32:53
4953,緯軟,2022-01-24,84.3,-0.29999999999999716,-0.35%,,,,,,,,,ShowDailyK_ChartFlow,FinMind_API_TaiwanStockPrice_4953,True,2026-10-05T23:32:53,2026-10-05T23:32:53,2026-10-05T23:32:53
4953,緯軟,2022-01-25,83.4,-0.8999999999999915,-1.07%,,,,,,,,,ShowDailyK_ChartFlow,FinMind_API_TaiwanStockPrice_4953,True,2026-10-05T23:32:53,2026-10-05T23:32:53,2026-10-05T23:32:53
4953,緯軟,2022-01-26,83.2,-0.20000000000000284,-0.24%,,,,,,,,,ShowDailyK_ChartFlow,FinMind_API_TaiwanStockPrice_4953,True,2026-10-05T23:32:53,2026-10-05T23:32:53,2026-10-05T23:32:53
4953,緯軟,2022-02-07,84.9,1.7000000000000028,2.04%,,,,,,,,,ShowDailyK_ChartFlow,FinMind_API_TaiwanStockPrice_4953,True,2026-10-05T23:32:53,2026-10-05T23:32:53,2026-10-05T23:32:53
4953,緯軟,2022-02-08,85.9,1.0,1.18%,,,,,,,,,ShowDailyK_ChartFlow,FinMind_API_TaiwanStockPrice_4953,True,2026-10-05T23:32:53,2026-10-05T23:32:53,2026-10-05T23:32:53
4953,緯軟,2022-02-09,87.1,1.1999999999999886,1.40%,,,,,,,,,ShowDailyK_ChartFlow,FinMind_API_TaiwanStockPrice_4953,True,2026-10-05T23:32:53,2026-10-05T23:32:53,2026-10-05T23:32:53
4953,緯軟,2022-02-10,89.8,2.700000000000003,3.10%,,,,,,,,,ShowDailyK_ChartFlow,FinMind_API_TaiwanStockPrice_4953,True,2026-10-05T23:32:53,2026-10-05T23:32:53,2026-10-05T23:32:53
4953,緯軟,2022-02-11,89.4,-0.3999999999999915,-0.45%,,,,,,,,,ShowDailyK_ChartFlow,FinMind_API_TaiwanStockPrice_4953,True,2026-10-05T23:32:53,2026-10-05T23:32:53,2026-10-05T23:32:53
4953,緯軟,2022-02-14,90.1,0.6999999999999886,0.78%,,,,,,,,,ShowDailyK_ChartFlow,FinMind_API_TaiwanStockPrice_4953,True,2026-10-05T23:32:53,2026-10-05T23:32:53,2026-10-05T23:32:53
4953,緯軟,2022-02-15,88.4,-1.6999999999999886,-1.89%,,,,,,,,,ShowDailyK_ChartFlow,FinMind_API_TaiwanStockPrice_4953,True,2026-10-05T23:32:53,2026-10-05T23:32:53,2026-10-05T23:32:53
4953,緯軟,2022-02-16,88.4,0.0,0.00%,,,,,,,,,ShowDailyK_ChartFlow,FinMind_API_TaiwanStockPrice_4953,True,2026-10-05T23:32:53,2026-10-05T23:32:53,2026-10-05T23:32:53
4953,緯軟,2022-02-17,87.7,-0.7000000000000028,-0.79%,,,,,,,,,ShowDailyK_ChartFlow,FinMind_API_TaiwanStockPrice_4953,True,2026-10-05T23:32:53,2026-10-05T23:32:53,2026-10-05T23:32:53
4953,緯軟,2022-02-18,88.7,1.0,1.14%,,,,,,,,,ShowDailyK_ChartFlow,FinMind_API_TaiwanStockPrice_4953,True,2026-10-05T23:32:53,2026-10-05T23:32:53,2026-10-05T23:32:53
4953,緯軟,2022-02-21,88.7,0.0,0.00%,,,,,,,,,ShowDailyK_ChartFlow,FinMind_API_TaiwanStockPrice_4953,True,2026-10-05T23:32:53,2026-10-05T23:32:53,2026-10-05T23:32:53
4953,緯軟,2022-02-22,87.0,-1.7000000000000028,-1.92%,,,,,,,,,ShowDailyK_ChartFlow,FinMind_API_TaiwanStockPrice_4953,True,2026-10-05T23:32:53,2026-10-05T23:32:53,2026-10-05T23:32:53
4953,緯軟,2022-02-23,87.3,0.29999999999999716,0.34%,,,,,,,,,ShowDailyK_ChartFlow,FinMind_API_TaiwanStockPrice_4953,True,2026-10-05T23:32:53,2026-10-05T23:32:53,2026-10-05T23:32:53
4953,緯軟,2022-02-24,85.6,-1.7000000000000028,-1.95%,,,,,,,,,ShowDailyK_ChartFlow,FinMind_API_TaiwanStockPrice_4953,True,2026-10-05T23:32:53,2026-10-05T23:32:53,2026-10-05T23:32:53
4953,緯軟,2022-02-25,85.7,0.10000000000000853,0.12%,,,,,,,,,ShowDailyK_ChartFlow,FinMind_API_TaiwanStockPrice_4953,True,2026-10-05T23:32:53,2026-10-05T23:32:53,2026-10-05T23:32:53
4953,緯軟,2022-03-01,88.1,2.3999999999999915,2.80%,,,,,,,,,ShowDailyK_ChartFlow,FinMind_API_TaiwanStockPrice_4953,True,2026-10-05T23:32:53,2026-10-05T23:32:53,2026-10-05T23:32:53
4953,緯軟,2022-03-02,88.2,0.10000000000000853,0.11%,,,,,,,,,ShowDailyK_ChartFlow,FinMind_API_TaiwanStockPrice_4953,True,2026-10-05T23:32:53,2026-10-05T23:32:53,2026-10-05T23:32:53
4953,緯軟,2022-03-03,88.6,0.3999999999999915,0.45%,,,,,,,,,ShowDailyK_ChartFlow,FinMind_API_TaiwanStockPrice_4953,True,2026-10-05T23:32:53,2026-10-05T23:32:53,2026-10-05T23:32:53
4953,緯軟,2022-03-04,87.9,-0.6999999999999886,-0.79%,,,,,,,,,ShowDailyK_ChartFlow,FinMind_API_TaiwanStockPrice_4953,True,2026-10-05T23:32:53,2026-10-05T23:32:53,2026-10-05T23:32:53
4953,緯軟,2022-03-07,86.5,-1.4000000000000057,-1.59%,,,,,,,,,ShowDailyK_ChartFlow,FinMind_API_TaiwanStockPrice_4953,True,2026-10-05T23:32:53,2026-10-05T23:32:53,2026-10-05T23:32:53
4953,緯軟,2022-03-08,84.8,-1.7000000000000028,-1.97%,,,,,,,,,ShowDailyK_ChartFlow,FinMind_API_TaiwanStockPrice_4953,True,2026-10-05T23:32:53,2026-10-05T23:32:53,2026-10-05T23:32:53
4953,緯軟,2022-03-09,86.5,1.7000000000000028,2.00%,,,,,,,,,ShowDailyK_ChartFlow,FinMind_API_TaiwanStockPrice_4953,True,2026-10-05T23:32:53,2026-10-05T23:32:53,2026-10-05T23:32:53
4953,緯軟,2022-03-10,88.6,2.0999999999999943,2.43%,,,,,,,,,ShowDailyK_ChartFlow,FinMind_API_TaiwanStockPrice_4953,True,2026-10-05T23:32:53,2026-10-05T23:32:53,2026-10-05T23:32:53
4953,緯軟,2022-03-11,87.6,-1.0,-1.13%,,,,,,,,,ShowDailyK_ChartFlow,FinMind_API_TaiwanStockPrice_4953,True,2026-10-05T23:32:53,2026-10-05T23:32:53,2026-10-05T23:32:53
4953,緯軟,2022-03-14,86.6,-1.0,-1.14%,,,,,,,,,ShowDailyK_ChartFlow,FinMind_API_TaiwanStockPrice_4953,True,2026-10-05T23:32:53,2026-10-05T23:32:53,2026-10-05T23:32:53
4953,緯軟,2022-03-15,85.6,-1.0,-1.15%,,,,,,,,,ShowDailyK_ChartFlow,FinMind_API_TaiwanStockPrice_4953,True,2026-10-05T23:32:53,2026-10-05T23:32:53,2026-10-05T23:32:53
4953,緯軟,2022-03-16,85.4,-0.19999999999998863,-0.23%,,,,,,,,,ShowDailyK_ChartFlow,FinMind_API_TaiwanStockPrice_4953,True,2026-10-05T23:32:53,2026-10-05T23:32:53,2026-10-05T23:32:53
4953,緯軟,2022-03-17,86.4,1.0,1.17%,,,,,,,,,ShowDailyK_ChartFlow,FinMind_API_TaiwanStockPrice_4953,True,2026-10-05T23:32:53,2026-10-05T23:32:53,2026-10-05T23:32:53
4953,緯軟,2022-03-18,90.5,4.099999999999994,4.75%,,,,,,,,,ShowDailyK_ChartFlow,FinMind_API_TaiwanStockPrice_4953,True,2026-10-05T23:32:53,2026-10-05T23:32:53,2026-10-05T23:32:53
4953,緯軟,2022-03-21,90.1,-0.4000000000000057,-0.44%,,,,,,,,,ShowDailyK_ChartFlow,FinMind_API_TaiwanStockPrice_4953,True,2026-10-05T23:32:53,2026-10-05T23:32:53,2026-10-05T23:32:53
4953,緯軟,2022-03-22,91.0,0.9000000000000057,1.00%,,,,,,,,,ShowDailyK_ChartFlow,FinMind_API_TaiwanStockPrice_4953,True,2026-10-05T23:32:53,2026-10-05T23:32:53,2026-10-05T23:32:53
4953,緯軟,2022-03-23,90.5,-0.5,-0.55%,,,,,,,,,ShowDailyK_ChartFlow,FinMind_API_TaiwanStockPrice_4953,True,2026-10-05T23:32:53,2026-10-05T23:32:53,2026-10-05T23:32:53
4953,緯軟,2022-03-24,89.9,-0.5999999999999943,-0.66%,,,,,,,,,ShowDailyK_ChartFlow,FinMind_API_TaiwanStockPrice_4953,True,2026-10-05T23:32:53,2026-10-05T23:32:53,2026-10-05T23:32:53
4953,緯軟,2022-03-25,90.7,0.7999999999999972,0.89%,,,,,,,,,ShowDailyK_ChartFlow,FinMind_API_TaiwanStockPrice_4953,True,2026-10-05T23:32:53,2026-10-05T23:32:53,2026-10-05T23:32:53
4953,緯軟,2022-03-28,94.2,3.5,3.86%,,,,,,,,,ShowDailyK_ChartFlow,FinMind_API_TaiwanStockPrice_4953,True,2026-10-05T23:32:53,2026-10-05T23:32:53,2026-10-05T23:32:53
4953,緯軟,2022-03-29,93.1,-1.1000000000000085,-1.17%,,,,,,,,,ShowDailyK_ChartFlow,FinMind_API_TaiwanStockPrice_4953,True,2026-10-05T23:32:53,2026-10-05T23:32:53,2026-10-05T23:32:53
4953,緯軟,2022-03-30,93.2,0.10000000000000853,0.11%,,,,,,,,,ShowDailyK_ChartFlow,FinMind_API_TaiwanStockPrice_4953,True,2026-10-05T23:32:53,2026-10-05T23:32:53,2026-10-05T23:32:53
4953,緯軟,2022-03-31,96.2,3.0,3.22%,,,,,,,,,ShowDailyK_ChartFlow,FinMind_API_TaiwanStockPrice_4953,True,2026-10-05T23:32:53,2026-10-05T23:32:53,2026-10-05T23:32:53
4953,緯軟,2022-04-01,95.4,-0.7999999999999972,-0.83%,,,,,,,,,ShowDailyK_ChartFlow,FinMind_API_TaiwanStockPrice_4953,True,2026-10-05T23:32:53,2026-10-05T23:32:53,2026-10-05T23:32:53
4953,緯軟,2022-04-06,94.6,-0.8000000000000114,-0.84%,,,,,,,,,ShowDailyK_ChartFlow,FinMind_API_TaiwanStockPrice_4953,True,2026-10-05T23:32:53,2026-10-05T23:32:53,2026-10-05T23:32:53
4953,緯軟,2022-04-07,91.3,-3.299999999999997,-3.49%,,,,,,,,,ShowDailyK_ChartFlow,FinMind_API_TaiwanStockPrice_4953,True,2026-10-05T23:32:53,2026-10-05T23:32:53,2026-10-05T23:32:53
4953,緯軟,2022-04-08,95.9,4.6000000000000085,5.04%,,,,,,,,,ShowDailyK_ChartFlow,FinMind_API_TaiwanStockPrice_4953,True,2026-10-05T23:32:53,2026-10-05T23:32:53,2026-10-05T23:32:53
4953,緯軟,2022-04-11,98.5,2.5999999999999943,2.71%,,,,,,,,,ShowDailyK_ChartFlow,FinMind_API_TaiwanStockPrice_4953,True,2026-10-05T23:32:53,2026-10-05T23:32:53,2026-10-05T23:32:53
4953,緯軟,2022-04-12,96.7,-1.7999999999999972,-1.83%,,,,,,,,,ShowDailyK_ChartFlow,FinMind_API_TaiwanStockPrice_4953,True,2026-10-05T23:32:53,2026-10-05T23:32:53,2026-10-05T23:32:53
4953,緯軟,2022-04-13,96.8,0.09999999999999432,0.10%,,,,,,,,,ShowDailyK_ChartFlow,FinMind_API_TaiwanStockPrice_4953,True,2026-10-05T23:32:53,2026-10-05T23:32:53,2026-10-05T23:32:53
4953,緯軟,2022-04-14,96.0,-0.7999999999999972,-0.83%,,,,,,,,,ShowDailyK_ChartFlow,FinMind_API_TaiwanStockPrice_4953,True,2026-10-05T23:32:53,2026-10-05T23:32:53,2026-10-05T23:32:53
4953,緯軟,2022-04-15,94.0,-2.0,-2.08%,,,,,,,,,ShowDailyK_ChartFlow,FinMind_API_TaiwanStockPrice_4953,True,2026-10-05T23:32:53,2026-10-05T23:32:53,2026-10-05T23:32:53
4953,緯軟,2022-04-18,92.5,-1.5,-1.60%,,,,,,,,,ShowDailyK_ChartFlow,FinMind_API_TaiwanStockPrice_4953,True,2026-10-05T23:32:53,2026-10-05T23:32:53,2026-10-05T23:32:53
4953,緯軟,2022-04-19,92.4,-0.09999999999999432,-0.11%,,,,,,,,,ShowDailyK_ChartFlow,FinMind_API_TaiwanStockPrice_4953,True,2026-10-05T23:32:53,2026-10-05T23:32:53,2026-10-05T23:32:53
4953,緯軟,2022-04-20,92.9,0.5,0.54%,,,,,,,,,ShowDailyK_ChartFlow,FinMind_API_TaiwanStockPrice_4953,True,2026-10-05T23:32:53,2026-10-05T23:32:53,2026-10-05T23:32:53
4953,緯軟,2022-04-21,92.2,-0.7000000000000028,-0.75%,,,,,,,,,ShowDailyK_ChartFlow,FinMind_API_TaiwanStockPrice_4953,True,2026-10-05T23:32:53,2026-10-05T23:32:53,2026-10-05T23:32:53
4953,緯軟,2022-04-22,91.0,-1.2000000000000028,-1.30%,,,,,,,,,ShowDailyK_ChartFlow,FinMind_API_TaiwanStockPrice_4953,True,2026-10-05T23:32:53,2026-10-05T23:32:53,2026-10-05T23:32:53
4953,緯軟,2022-04-25,88.5,-2.5,-2.75%,,,,,,,,,ShowDailyK_ChartFlow,FinMind_API_TaiwanStockPrice_4953,True,2026-10-05T23:32:53,2026-10-05T23:32:53,2026-10-05T23:32:53
4953,緯軟,2022-04-26,88.5,0.0,0.00%,,,,,,,,,ShowDailyK_ChartFlow,FinMind_API_TaiwanStockPrice_4953,True,2026-10-05T23:32:53,2026-10-05T23:32:53,2026-10-05T23:32:53
4953,緯軟,2022-04-27,85.7,-2.799999999999997,-3.16%,,,,,,,,,ShowDailyK_ChartFlow,FinMind_API_TaiwanStockPrice_4953,True,2026-10-05T23:32:53,2026-10-05T23:32:53,2026-10-05T23:32:53
4953,緯軟,2022-04-28,86.2,0.5,0.58%,,,,,,,,,ShowDailyK_ChartFlow,FinMind_API_TaiwanStockPrice_4953,True,2026-10-05T23:32:53,2026-10-05T23:32:53,2026-10-05T23:32:53
4953,緯軟,2022-04-29,87.4,1.2000000000000028,1.39%,,,,,,,,,ShowDailyK_ChartFlow,FinMind_API_TaiwanStockPrice_4953,True,2026-10-05T23:32:53,2026-10-05T23:32:53,2026-10-05T23:32:53
4953,緯軟,2022-05-03,87.6,0.19999999999998863,0.23%,,,,,,,,,ShowDailyK_ChartFlow,FinMind_API_TaiwanStockPrice_4953,True,2026-10-05T23:32:53,2026-10-05T23:32:53,2026-10-05T23:32:53
4953,緯軟,2022-05-04,88.4,0.8000000000000114,0.91%,,,,,,,,,ShowDailyK_ChartFlow,FinMind_API_TaiwanStockPrice_4953,True,2026-10-05T23:32:53,2026-10-05T23:32:53,2026-10-05T23:32:53
4953,緯軟,2022-05-05,90.9,2.5,2.83%,,,,,,,,,ShowDailyK_ChartFlow,FinMind_API_TaiwanStockPrice_4953,True,2026-10-05T23:32:53,2026-10-05T23:32:53,2026-10-05T23:32:53
4953,緯軟,2022-05-06,87.8,-3.1000000000000085,-3.41%,,,,,,,,,ShowDailyK_ChartFlow,FinMind_API_TaiwanStockPrice_4953,True,2026-10-05T23:32:53,2026-10-05T23:32:53,2026-10-05T23:32:53
4953,緯軟,2022-05-09,84.5,-3.299999999999997,-3.76%,,,,,,,,,ShowDailyK_ChartFlow,FinMind_API_TaiwanStockPrice_4953,True,2026-10-05T23:32:53,2026-10-05T23:32:53,2026-10-05T23:32:53
4953,緯軟,2022-05-10,84.5,0.0,0.00%,,,,,,,,,ShowDailyK_ChartFlow,FinMind_API_TaiwanStockPrice_4953,True,2026-10-05T23:32:53,2026-10-05T23:32:53,2026-10-05T23:32:53
4953,緯軟,2022-05-11,83.5,-1.0,-1.18%,,,,,,,,,ShowDailyK_ChartFlow,FinMind_API_TaiwanStockPrice_4953,True,2026-10-05T23:32:53,2026-10-05T23:32:53,2026-10-05T23:32:53
4953,緯軟,2022-05-12,80.5,-3.0,-3.59%,,,,,,,,,ShowDailyK_ChartFlow,FinMind_API_TaiwanStockPrice_4953,True,2026-10-05T23:32:53,2026-10-05T23:32:53,2026-10-05T23:32:53
4953,緯軟,2022-05-13,81.8,1.2999999999999972,1.61%,,,,,,,,,ShowDailyK_ChartFlow,FinMind_API_TaiwanStockPrice_4953,True,2026-10-05T23:32:53,2026-10-05T23:32:53,2026-10-05T23:32:53
4953,緯軟,2022-05-16,82.0,0.20000000000000284,0.24%,,,,,,,,,ShowDailyK_ChartFlow,FinMind_API_TaiwanStockPrice_4953,True,2026-10-05T23:32:53,2026-10-05T23:32:53,2026-10-05T23:32:53
4953,緯軟,2022-05-17,82.9,0.9000000000000057,1.10%,,,,,,,,,ShowDailyK_ChartFlow,FinMind_API_TaiwanStockPrice_4953,True,2026-10-05T23:32:53,2026-10-05T23:32:53,2026-10-05T23:32:53
4953,緯軟,2022-05-18,82.6,-0.30000000000001137,-0.36%,,,,,,,,,ShowDailyK_ChartFlow,FinMind_API_TaiwanStockPrice_4953,True,2026-10-05T23:32:53,2026-10-05T23:32:53,2026-10-05T23:32:53
4953,緯軟,2022-05-19,82.6,0.0,0.00%,,,,,,,,,ShowDailyK_ChartFlow,FinMind_API_TaiwanStockPrice_4953,True,2026-10-05T23:32:53,2026-10-05T23:32:53,2026-10-05T23:32:53
4953,緯軟,2022-05-20,82.6,0.0,0.00%,,,,,,,,,ShowDailyK_ChartFlow,FinMind_API_TaiwanStockPrice_4953,True,2026-10-05T23:32:53,2026-10-05T23:32:53,2026-10-05T23:32:53
4953,緯軟,2022-05-23,82.8,0.20000000000000284,0.24%,,,,,,,,,ShowDailyK_ChartFlow,FinMind_API_TaiwanStockPrice_4953,True,2026-10-05T23:32:53,2026-10-05T23:32:53,2026-10-05T23:32:53
4953,緯軟,2022-05-24,82.2,-0.5999999999999943,-0.72%,,,,,,,,,ShowDailyK_ChartFlow,FinMind_API_TaiwanStockPrice_4953,True,2026-10-05T23:32:53,2026-10-05T23:32:53,2026-10-05T23:32:53
4953,緯軟,2022-05-25,82.7,0.5,0.61%,,,,,,,,,ShowDailyK_ChartFlow,FinMind_API_TaiwanStockPrice_4953,True,2026-10-05T23:32:53,2026-10-05T23:32:53,2026-10-05T23:32:53
4953,緯軟,2022-05-26,83.2,0.5,0.60%,,,,,,,,,ShowDailyK_ChartFlow,FinMind_API_TaiwanStockPrice_4953,True,2026-10-05T23:32:53,2026-10-05T23:32:53,2026-10-05T23:32:53
4953,緯軟,2022-05-27,83.9,0.7000000000000028,0.84%,,,,,,,,,ShowDailyK_ChartFlow,FinMind_API_TaiwanStockPrice_4953,True,2026-10-05T23:32:53,2026-10-05T23:32:53,2026-10-05T23:32:53
4953,緯軟,2022-05-30,85.3,1.3999999999999915,1.67%,,,,,,,,,ShowDailyK_ChartFlow,FinMind_API_TaiwanStockPrice_4953,True,2026-10-05T23:32:53,2026-10-05T23:32:53,2026-10-05T23:32:53
4953,緯軟,2022-05-31,85.0,-0.29999999999999716,-0.35%,,,,,,,,,ShowDailyK_ChartFlow,FinMind_API_TaiwanStockPrice_4953,True,2026-10-05T23:32:53,2026-10-05T23:32:53,2026-10-05T23:32:53
4953,緯軟,2022-06-01,85.9,0.9000000000000057,1.06%,,,,,,,,,ShowDailyK_ChartFlow,FinMind_API_TaiwanStockPrice_4953,True,2026-10-05T23:32:53,2026-10-05T23:32:53,2026-10-05T23:32:53
4953,緯軟,2022-06-02,85.7,-0.20000000000000284,-0.23%,,,,,,,,,ShowDailyK_ChartFlow,FinMind_API_TaiwanStockPrice_4953,True,2026-10-05T23:32:53,2026-10-05T23:32:53,2026-10-05T23:32:53
4953,緯軟,2022-06-06,85.7,0.0,0.00%,,,,,,,,,ShowDailyK_ChartFlow,FinMind_API_TaiwanStockPrice_4953,True,2026-10-05T23:32:53,2026-10-05T23:32:53,2026-10-05T23:32:53
4953,緯軟,2022-06-07,85.7,0.0,0.00%,,,,,,,,,ShowDailyK_ChartFlow,FinMind_API_TaiwanStockPrice_4953,True,2026-10-05T23:32:53,2026-10-05T23:32:53,2026-10-05T23:32:53
4953,緯軟,2022-06-08,86.2,0.5,0.58%,,,,,,,,,ShowDailyK_ChartFlow,FinMind_API_TaiwanStockPrice_4953,True,2026-10-05T23:32:53,2026-10-05T23:32:53,2026-10-05T23:32:53
4953,緯軟,2022-06-09,86.0,-0.20000000000000284,-0.23%,,,,,,,,,ShowDailyK_ChartFlow,FinMind_API_TaiwanStockPrice_4953,True,2026-10-05T23:32:53,2026-10-05T23:32:53,2026-10-05T23:32:53
4953,緯軟,2022-06-10,85.6,-0.4000000000000057,-0.47%,,,,,,,,,ShowDailyK_ChartFlow,FinMind_API_TaiwanStockPrice_4953,True,2026-10-05T23:32:53,2026-10-05T23:32:53,2026-10-05T23:32:53
4953,緯軟,2022-06-13,83.9,-1.6999999999999886,-1.99%,,,,,,,,,ShowDailyK_ChartFlow,FinMind_API_TaiwanStockPrice_4953,True,2026-10-05T23:32:53,2026-10-05T23:32:53,2026-10-05T23:32:53
4953,緯軟,2022-06-14,83.0,-0.9000000000000057,-1.07%,,,,,,,,,ShowDailyK_ChartFlow,FinMind_API_TaiwanStockPrice_4953,True,2026-10-05T23:32:53,2026-10-05T23:32:53,2026-10-05T23:32:53
4953,緯軟,2022-06-15,82.7,-0.29999999999999716,-0.36%,,,,,,,,,ShowDailyK_ChartFlow,FinMind_API_TaiwanStockPrice_4953,True,2026-10-05T23:32:53,2026-10-05T23:32:53,2026-10-05T23:32:53
4953,緯軟,2022-06-16,81.5,-1.2000000000000028,-1.45%,,,,,,,,,ShowDailyK_ChartFlow,FinMind_API_TaiwanStockPrice_4953,True,2026-10-05T23:32:53,2026-10-05T23:32:53,2026-10-05T23:32:53
4953,緯軟,2022-06-17,80.6,-0.9000000000000057,-1.10%,,,,,,,,,ShowDailyK_ChartFlow,FinMind_API_TaiwanStockPrice_4953,True,2026-10-05T23:32:53,2026-10-05T23:32:53,2026-10-05T23:32:53
4953,緯軟,2022-06-20,78.3,-2.299999999999997,-2.85%,,,,,,,,,ShowDailyK_ChartFlow,FinMind_API_TaiwanStockPrice_4953,True,2026-10-05T23:32:53,2026-10-05T23:32:53,2026-10-05T23:32:53
4953,緯軟,2022-06-21,79.4,1.1000000000000085,1.40%,,,,,,,,,ShowDailyK_ChartFlow,FinMind_API_TaiwanStockPrice_4953,True,2026-10-05T23:32:53,2026-10-05T23:32:53,2026-10-05T23:32:53
4953,緯軟,2022-06-22,78.0,-1.4000000000000057,-1.76%,,,,,,,,,ShowDailyK_ChartFlow,FinMind_API_TaiwanStockPrice_4953,True,2026-10-05T23:32:53,2026-10-05T23:32:53,2026-10-05T23:32:53
4953,緯軟,2022-06-23,78.9,0.9000000000000057,1.15%,,,,,,,,,ShowDailyK_ChartFlow,FinMind_API_TaiwanStockPrice_4953,True,2026-10-05T23:32:53,2026-10-05T23:32:53,2026-10-05T23:32:53
4953,緯軟,2022-06-24,78.4,-0.5,-0.63%,,,,,,,,,ShowDailyK_ChartFlow,FinMind_API_TaiwanStockPrice_4953,True,2026-10-05T23:32:53,2026-10-05T23:32:53,2026-10-05T23:32:53
4953,緯軟,2022-06-27,80.5,2.0999999999999943,2.68%,,,,,,,,,ShowDailyK_ChartFlow,FinMind_API_TaiwanStockPrice_4953,True,2026-10-05T23:32:53,2026-10-05T23:32:53,2026-10-05T23:32:53
4953,緯軟,2022-06-28,78.7,-1.7999999999999972,-2.24%,,,,,,,,,ShowDailyK_ChartFlow,FinMind_API_TaiwanStockPrice_4953,True,2026-10-05T23:32:53,2026-10-05T23:32:53,2026-10-05T23:32:53
4953,緯軟,2022-06-29,77.5,-1.2000000000000028,-1.52%,,,,,,,,,ShowDailyK_ChartFlow,FinMind_API_TaiwanStockPrice_4953,True,2026-10-05T23:32:53,2026-10-05T23:32:53,2026-10-05T23:32:53
4953,緯軟,2022-06-30,75.3,-2.200000000000003,-2.84%,,,,,,,,,ShowDailyK_ChartFlow,FinMind_API_TaiwanStockPrice_4953,True,2026-10-05T23:32:53,2026-10-05T23:32:53,2026-10-05T23:32:53
4953,緯軟,2022-07-01,72.3,-3.0,-3.98%,,,,,,,,,ShowDailyK_ChartFlow,FinMind_API_TaiwanStockPrice_4953,True,2026-10-05T23:32:53,2026-10-05T23:32:53,2026-10-05T23:32:53
4953,緯軟,2022-07-04,72.9,0.6000000000000085,0.83%,,,,,,,,,ShowDailyK_ChartFlow,FinMind_API_TaiwanStockPrice_4953,True,2026-10-05T23:32:53,2026-10-05T23:32:53,2026-10-05T23:32:53
4953,緯軟,2022-07-05,74.1,1.1999999999999886,1.65%,,,,,,,,,ShowDailyK_ChartFlow,FinMind_API_TaiwanStockPrice_4953,True,2026-10-05T23:32:53,2026-10-05T23:32:53,2026-10-05T23:32:53
4953,緯軟,2022-07-06,72.5,-1.5999999999999943,-2.16%,,,,,,,,,ShowDailyK_ChartFlow,FinMind_API_TaiwanStockPrice_4953,True,2026-10-05T23:32:53,2026-10-05T23:32:53,2026-10-05T23:32:53
4953,緯軟,2022-07-07,74.1,1.5999999999999943,2.21%,,,,,,,,,ShowDailyK_ChartFlow,FinMind_API_TaiwanStockPrice_4953,True,2026-10-05T23:32:53,2026-10-05T23:32:53,2026-10-05T23:32:53
4953,緯軟,2022-07-08,76.2,2.1000000000000085,2.83%,,,,,,,,,ShowDailyK_ChartFlow,FinMind_API_TaiwanStockPrice_4953,True,2026-10-05T23:32:53,2026-10-05T23:32:53,2026-10-05T23:32:53
4953,緯軟,2022-07-11,75.2,-1.0,-1.31%,,,,,,,,,ShowDailyK_ChartFlow,FinMind_API_TaiwanStockPrice_4953,True,2026-10-05T23:32:53,2026-10-05T23:32:53,2026-10-05T23:32:53
4953,緯軟,2022-07-12,72.6,-2.6000000000000085,-3.46%,,,,,,,,,ShowDailyK_ChartFlow,FinMind_API_TaiwanStockPrice_4953,True,2026-10-05T23:32:53,2026-10-05T23:32:53,2026-10-05T23:32:53
4953,緯軟,2022-07-13,73.9,1.3000000000000114,1.79%,,,,,,,,,ShowDailyK_ChartFlow,FinMind_API_TaiwanStockPrice_4953,True,2026-10-05T23:32:53,2026-10-05T23:32:53,2026-10-05T23:32:53
4953,緯軟,2022-07-14,75.5,1.5999999999999943,2.17%,,,,,,,,,ShowDailyK_ChartFlow,FinMind_API_TaiwanStockPrice_4953,True,2026-10-05T23:32:53,2026-10-05T23:32:53,2026-10-05T23:32:53
4953,緯軟,2022-07-15,75.8,0.29999999999999716,0.40%,,,,,,,,,ShowDailyK_ChartFlow,FinMind_API_TaiwanStockPrice_4953,True,2026-10-05T23:32:53,2026-10-05T23:32:53,2026-10-05T23:32:53
4953,緯軟,2022-07-18,77.9,2.1000000000000085,2.77%,,,,,,,,,ShowDailyK_ChartFlow,FinMind_API_TaiwanStockPrice_4953,True,2026-10-05T23:32:53,2026-10-05T23:32:53,2026-10-05T23:32:53
4953,緯軟,2022-07-19,74.5,-3.4000000000000057,-4.36%,,,,,,,,,ShowDailyK_ChartFlow,FinMind_API_TaiwanStockPrice_4953,True,2026-10-05T23:32:53,2026-10-05T23:32:53,2026-10-05T23:32:53
4953,緯軟,2022-07-20,73.9,-0.5999999999999943,-0.81%,,,,,,,,,ShowDailyK_ChartFlow,FinMind_API_TaiwanStockPrice_4953,True,2026-10-05T23:32:53,2026-10-05T23:32:53,2026-10-05T23:32:53
4953,緯軟,2022-07-21,75.1,1.1999999999999886,1.62%,,,,,,,,,ShowDailyK_ChartFlow,FinMind_API_TaiwanStockPrice_4953,True,2026-10-05T23:32:53,2026-10-05T23:32:53,2026-10-05T23:32:53
4953,緯軟,2022-07-22,75.4,0.30000000000001137,0.40%,,,,,,,,,ShowDailyK_ChartFlow,FinMind_API_TaiwanStockPrice_4953,True,2026-10-05T23:32:53,2026-10-05T23:32:53,2026-10-05T23:32:53
4953,緯軟,2022-07-25,77.0,1.5999999999999943,2.12%,,,,,,,,,ShowDailyK_ChartFlow,FinMind_API_TaiwanStockPrice_4953,True,2026-10-05T23:32:53,2026-10-05T23:32:53,2026-10-05T23:32:53
4953,緯軟,2022-07-26,76.0,-1.0,-1.30%,,,,,,,,,ShowDailyK_ChartFlow,FinMind_API_TaiwanStockPrice_4953,True,2026-10-05T23:32:53,2026-10-05T23:32:53,2026-10-05T23:32:53
4953,緯軟,2022-07-27,76.7,0.7000000000000028,0.92%,,,,,,,,,ShowDailyK_ChartFlow,FinMind_API_TaiwanStockPrice_4953,True,2026-10-05T23:32:53,2026-10-05T23:32:53,2026-10-05T23:32:53
4953,緯軟,2022-07-28,77.6,0.8999999999999915,1.17%,,,,,,,,,ShowDailyK_ChartFlow,FinMind_API_TaiwanStockPrice_4953,True,2026-10-05T23:32:53,2026-10-05T23:32:53,2026-10-05T23:32:53
4953,緯軟,2022-07-29,78.1,0.5,0.64%,,,,,,,,,ShowDailyK_ChartFlow,FinMind_API_TaiwanStockPrice_4953,True,2026-10-05T23:32:53,2026-10-05T23:32:53,2026-10-05T23:32:53
4953,緯軟,2022-08-01,78.4,0.30000000000001137,0.38%,,,,,,,,,ShowDailyK_ChartFlow,FinMind_API_TaiwanStockPrice_4953,True,2026-10-05T23:32:53,2026-10-05T23:32:53,2026-10-05T23:32:53
4953,緯軟,2022-08-02,77.6,-0.8000000000000114,-1.02%,,,,,,,,,ShowDailyK_ChartFlow,FinMind_API_TaiwanStockPrice_4953,True,2026-10-05T23:32:53,2026-10-05T23:32:53,2026-10-05T23:32:53
4953,緯軟,2022-08-03,77.8,0.20000000000000284,0.26%,,,,,,,,,ShowDailyK_ChartFlow,FinMind_API_TaiwanStockPrice_4953,True,2026-10-05T23:32:53,2026-10-05T23:32:53,2026-10-05T23:32:53
4953,緯軟,2022-08-04,77.2,-0.5999999999999943,-0.77%,,,,,,,,,ShowDailyK_ChartFlow,FinMind_API_TaiwanStockPrice_4953,True,2026-10-05T23:32:53,2026-10-05T23:32:53,2026-10-05T23:32:53
4953,緯軟,2022-08-05,81.9,4.700000000000003,6.09%,,,,,,,,,ShowDailyK_ChartFlow,FinMind_API_TaiwanStockPrice_4953,True,2026-10-05T23:32:53,2026-10-05T23:32:53,2026-10-05T23:32:53
4953,緯軟,2022-08-08,82.6,0.6999999999999886,0.85%,,,,,,,,,ShowDailyK_ChartFlow,FinMind_API_TaiwanStockPrice_4953,True,2026-10-05T23:32:53,2026-10-05T23:32:53,2026-10-05T23:32:53
4953,緯軟,2022-08-09,83.6,1.0,1.21%,,,,,,,,,ShowDailyK_ChartFlow,FinMind_API_TaiwanStockPrice_4953,True,2026-10-05T23:32:53,2026-10-05T23:32:53,2026-10-05T23:32:53
4953,緯軟,2022-08-10,83.3,-0.29999999999999716,-0.36%,,,,,,,,,ShowDailyK_ChartFlow,FinMind_API_TaiwanStockPrice_4953,True,2026-10-05T23:32:53,2026-10-05T23:32:53,2026-10-05T23:32:53
4953,緯軟,2022-08-11,83.0,-0.29999999999999716,-0.36%,,,,,,,,,ShowDailyK_ChartFlow,FinMind_API_TaiwanStockPrice_4953,True,2026-10-05T23:32:53,2026-10-05T23:32:53,2026-10-05T23:32:53
4953,緯軟,2022-08-12,82.2,-0.7999999999999972,-0.96%,,,,,,,,,ShowDailyK_ChartFlow,FinMind_API_TaiwanStockPrice_4953,True,2026-10-05T23:32:53,2026-10-05T23:32:53,2026-10-05T23:32:53
4953,緯軟,2022-08-15,83.9,1.7000000000000028,2.07%,,,,,,,,,ShowDailyK_ChartFlow,FinMind_API_TaiwanStockPrice_4953,True,2026-10-05T23:32:53,2026-10-05T23:32:53,2026-10-05T23:32:53
4953,緯軟,2022-08-16,83.8,-0.10000000000000853,-0.12%,,,,,,,,,ShowDailyK_ChartFlow,FinMind_API_TaiwanStockPrice_4953,True,2026-10-05T23:32:53,2026-10-05T23:32:53,2026-10-05T23:32:53
4953,緯軟,2022-08-17,83.9,0.10000000000000853,0.12%,,,,,,,,,ShowDailyK_ChartFlow,FinMind_API_TaiwanStockPrice_4953,True,2026-10-05T23:32:53,2026-10-05T23:32:53,2026-10-05T23:32:53
4953,緯軟,2022-08-18,83.4,-0.5,-0.60%,,,,,,,,,ShowDailyK_ChartFlow,FinMind_API_TaiwanStockPrice_4953,True,2026-10-05T23:32:53,2026-10-05T23:32:53,2026-10-05T23:32:53
4953,緯軟,2022-08-19,84.3,0.8999999999999915,1.08%,,,,,,,,,ShowDailyK_ChartFlow,FinMind_API_TaiwanStockPrice_4953,True,2026-10-05T23:32:53,2026-10-05T23:32:53,2026-10-05T23:32:53
4953,緯軟,2022-08-22,84.0,-0.29999999999999716,-0.36%,,,,,,,,,ShowDailyK_ChartFlow,FinMind_API_TaiwanStockPrice_4953,True,2026-10-05T23:32:53,2026-10-05T23:32:53,2026-10-05T23:32:53
4953,緯軟,2022-08-23,82.8,-1.2000000000000028,-1.43%,,,,,,,,,ShowDailyK_ChartFlow,FinMind_API_TaiwanStockPrice_4953,True,2026-10-05T23:32:53,2026-10-05T23:32:53,2026-10-05T23:32:53
4953,緯軟,2022-08-24,82.5,-0.29999999999999716,-0.36%,,,,,,,,,ShowDailyK_ChartFlow,FinMind_API_TaiwanStockPrice_4953,True,2026-10-05T23:32:53,2026-10-05T23:32:53,2026-10-05T23:32:53
4953,緯軟,2022-08-25,83.6,1.0999999999999943,1.33%,,,,,,,,,ShowDailyK_ChartFlow,FinMind_API_TaiwanStockPrice_4953,True,2026-10-05T23:32:53,2026-10-05T23:32:53,2026-10-05T23:32:53
4953,緯軟,2022-08-26,84.3,0.7000000000000028,0.84%,,,,,,,,,ShowDailyK_ChartFlow,FinMind_API_TaiwanStockPrice_4953,True,2026-10-05T23:32:53,2026-10-05T23:32:53,2026-10-05T23:32:53
4953,緯軟,2022-08-29,84.0,-0.29999999999999716,-0.36%,,,,,,,,,ShowDailyK_ChartFlow,FinMind_API_TaiwanStockPrice_4953,True,2026-10-05T23:32:53,2026-10-05T23:32:53,2026-10-05T23:32:53
4953,緯軟,2022-08-30,89.1,5.099999999999994,6.07%,,,,,,,,,ShowDailyK_ChartFlow,FinMind_API_TaiwanStockPrice_4953,True,2026-10-05T23:32:53,2026-10-05T23:32:53,2026-10-05T23:32:53
4953,緯軟,2022-08-31,88.5,-0.5999999999999943,-0.67%,,,,,,,,,ShowDailyK_ChartFlow,FinMind_API_TaiwanStockPrice_4953,True,2026-10-05T23:32:53,2026-10-05T23:32:53,2026-10-05T23:32:53
4953,緯軟,2022-09-01,87.2,-1.2999999999999972,-1.47%,,,,,,,,,ShowDailyK_ChartFlow,FinMind_API_TaiwanStockPrice_4953,True,2026-10-05T23:32:53,2026-10-05T23:32:53,2026-10-05T23:32:53
4953,緯軟,2022-09-02,89.1,1.8999999999999915,2.18%,,,,,,,,,ShowDailyK_ChartFlow,FinMind_API_TaiwanStockPrice_4953,True,2026-10-05T23:32:53,2026-10-05T23:32:53,2026-10-05T23:32:53
4953,緯軟,2022-09-05,87.3,-1.7999999999999972,-2.02%,,,,,,,,,ShowDailyK_ChartFlow,FinMind_API_TaiwanStockPrice_4953,True,2026-10-05T23:32:53,2026-10-05T23:32:53,2026-10-05T23:32:53
4953,緯軟,2022-09-06,85.1,-2.200000000000003,-2.52%,,,,,,,,,ShowDailyK_ChartFlow,FinMind_API_TaiwanStockPrice_4953,True,2026-10-05T23:32:53,2026-10-05T23:32:53,2026-10-05T23:32:53
4953,緯軟,2022-09-07,84.4,-0.6999999999999886,-0.82%,,,,,,,,,ShowDailyK_ChartFlow,FinMind_API_TaiwanStockPrice_4953,True,2026-10-05T23:32:53,2026-10-05T23:32:53,2026-10-05T23:32:53
4953,緯軟,2022-09-08,87.8,3.3999999999999915,4.03%,,,,,,,,,ShowDailyK_ChartFlow,FinMind_API_TaiwanStockPrice_4953,True,2026-10-05T23:32:53,2026-10-05T23:32:53,2026-10-05T23:32:53
4953,緯軟,2022-09-12,87.7,-0.09999999999999432,-0.11%,,,,,,,,,ShowDailyK_ChartFlow,FinMind_API_TaiwanStockPrice_4953,True,2026-10-05T23:32:53,2026-10-05T23:32:53,2026-10-05T23:32:53
4953,緯軟,2022-09-13,88.7,1.0,1.14%,,,,,,,,,ShowDailyK_ChartFlow,FinMind_API_TaiwanStockPrice_4953,True,2026-10-05T23:32:53,2026-10-05T23:32:53,2026-10-05T23:32:53
4953,緯軟,2022-09-14,88.2,-0.5,-0.56%,,,,,,,,,ShowDailyK_ChartFlow,FinMind_API_TaiwanStockPrice_4953,True,2026-10-05T23:32:53,2026-10-05T23:32:53,2026-10-05T23:32:53
4953,緯軟,2022-09-15,88.3,0.09999999999999432,0.11%,,,,,,,,,ShowDailyK_ChartFlow,FinMind_API_TaiwanStockPrice_4953,True,2026-10-05T23:32:53,2026-10-05T23:32:53,2026-10-05T23:32:53
4953,緯軟,2022-09-16,87.2,-1.0999999999999943,-1.25%,,,,,,,,,ShowDailyK_ChartFlow,FinMind_API_TaiwanStockPrice_4953,True,2026-10-05T23:32:53,2026-10-05T23:32:53,2026-10-05T23:32:53
4953,緯軟,2022-09-19,86.9,-0.29999999999999716,-0.34%,,,,,,,,,ShowDailyK_ChartFlow,FinMind_API_TaiwanStockPrice_4953,True,2026-10-05T23:32:53,2026-10-05T23:32:53,2026-10-05T23:32:53
4953,緯軟,2022-09-20,88.3,1.3999999999999915,1.61%,,,,,,,,,ShowDailyK_ChartFlow,FinMind_API_TaiwanStockPrice_4953,True,2026-10-05T23:32:53,2026-10-05T23:32:53,2026-10-05T23:32:53
4953,緯軟,2022-09-21,85.7,-2.5999999999999943,-2.94%,,,,,,,,,ShowDailyK_ChartFlow,FinMind_API_TaiwanStockPrice_4953,True,2026-10-05T23:32:53,2026-10-05T23:32:53,2026-10-05T23:32:53
4953,緯軟,2022-09-22,85.6,-0.10000000000000853,-0.12%,,,,,,,,,ShowDailyK_ChartFlow,FinMind_API_TaiwanStockPrice_4953,True,2026-10-05T23:32:53,2026-10-05T23:32:53,2026-10-05T23:32:53
4953,緯軟,2022-09-23,84.0,-1.5999999999999943,-1.87%,,,,,,,,,ShowDailyK_ChartFlow,FinMind_API_TaiwanStockPrice_4953,True,2026-10-05T23:32:53,2026-10-05T23:32:53,2026-10-05T23:32:53
4953,緯軟,2022-09-26,80.0,-4.0,-4.76%,,,,,,,,,ShowDailyK_ChartFlow,FinMind_API_TaiwanStockPrice_4953,True,2026-10-05T23:32:53,2026-10-05T23:32:53,2026-10-05T23:32:53
4953,緯軟,2022-09-27,81.0,1.0,1.25%,,,,,,,,,ShowDailyK_ChartFlow,FinMind_API_TaiwanStockPrice_4953,True,2026-10-05T23:32:53,2026-10-05T23:32:53,2026-10-05T23:32:53
4953,緯軟,2022-09-28,78.3,-2.700000000000003,-3.33%,,,,,,,,,ShowDailyK_ChartFlow,FinMind_API_TaiwanStockPrice_4953,True,2026-10-05T23:32:53,2026-10-05T23:32:53,2026-10-05T23:32:53
4953,緯軟,2022-09-29,79.4,1.1000000000000085,1.40%,,,,,,,,,ShowDailyK_ChartFlow,FinMind_API_TaiwanStockPrice_4953,True,2026-10-05T23:32:53,2026-10-05T23:32:53,2026-10-05T23:32:53
4953,緯軟,2022-09-30,79.9,0.5,0.63%,,,,,,,,,ShowDailyK_ChartFlow,FinMind_API_TaiwanStockPrice_4953,True,2026-10-05T23:32:53,2026-10-05T23:32:53,2026-10-05T23:32:53
4953,緯軟,2022-10-03,80.3,0.3999999999999915,0.50%,,,,,,,,,ShowDailyK_ChartFlow,FinMind_API_TaiwanStockPrice_4953,True,2026-10-05T23:32:53,2026-10-05T23:32:53,2026-10-05T23:32:53
4953,緯軟,2022-10-04,81.7,1.4000000000000057,1.74%,,,,,,,,,ShowDailyK_ChartFlow,FinMind_API_TaiwanStockPrice_4953,True,2026-10-05T23:32:53,2026-10-05T23:32:53,2026-10-05T23:32:53
4953,緯軟,2022-10-05,81.7,0.0,0.00%,,,,,,,,,ShowDailyK_ChartFlow,FinMind_API_TaiwanStockPrice_4953,True,2026-10-05T23:32:53,2026-10-05T23:32:53,2026-10-05T23:32:53
4953,緯軟,2022-10-06,82.1,0.3999999999999915,0.49%,,,,,,,,,ShowDailyK_ChartFlow,FinMind_API_TaiwanStockPrice_4953,True,2026-10-05T23:32:53,2026-10-05T23:32:53,2026-10-05T23:32:53
4953,緯軟,2022-10-07,82.1,0.0,0.00%,,,,,,,,,ShowDailyK_ChartFlow,FinMind_API_TaiwanStockPrice_4953,True,2026-10-05T23:32:53,2026-10-05T23:32:53,2026-10-05T23:32:53
4953,緯軟,2022-10-11,78.8,-3.299999999999997,-4.02%,,,,,,,,,ShowDailyK_ChartFlow,FinMind_API_TaiwanStockPrice_4953,True,2026-10-05T23:32:53,2026-10-05T23:32:53,2026-10-05T23:32:53
4953,緯軟,2022-10-12,79.5,0.7000000000000028,0.89%,,,,,,,,,ShowDailyK_ChartFlow,FinMind_API_TaiwanStockPrice_4953,True,2026-10-05T23:32:53,2026-10-05T23:32:53,2026-10-05T23:32:53
4953,緯軟,2022-10-13,76.0,-3.5,-4.40%,,,,,,,,,ShowDailyK_ChartFlow,FinMind_API_TaiwanStockPrice_4953,True,2026-10-05T23:32:53,2026-10-05T23:32:53,2026-10-05T23:32:53
4953,緯軟,2022-10-14,78.8,2.799999999999997,3.68%,,,,,,,,,ShowDailyK_ChartFlow,FinMind_API_TaiwanStockPrice_4953,True,2026-10-05T23:32:53,2026-10-05T23:32:53,2026-10-05T23:32:53
4953,緯軟,2022-10-17,77.6,-1.2000000000000028,-1.52%,,,,,,,,,ShowDailyK_ChartFlow,FinMind_API_TaiwanStockPrice_4953,True,2026-10-05T23:32:53,2026-10-05T23:32:53,2026-10-05T23:32:53
4953,緯軟,2022-10-18,78.1,0.5,0.64%,,,,,,,,,ShowDailyK_ChartFlow,FinMind_API_TaiwanStockPrice_4953,True,2026-10-05T23:32:53,2026-10-05T23:32:53,2026-10-05T23:32:53
4953,緯軟,2022-10-19,78.3,0.20000000000000284,0.26%,,,,,,,,,ShowDailyK_ChartFlow,FinMind_API_TaiwanStockPrice_4953,True,2026-10-05T23:32:53,2026-10-05T23:32:53,2026-10-05T23:32:53
4953,緯軟,2022-10-20,78.8,0.5,0.64%,,,,,,,,,ShowDailyK_ChartFlow,FinMind_API_TaiwanStockPrice_4953,True,2026-10-05T23:32:53,2026-10-05T23:32:53,2026-10-05T23:32:53
4953,緯軟,2022-10-21,77.2,-1.5999999999999943,-2.03%,,,,,,,,,ShowDailyK_ChartFlow,FinMind_API_TaiwanStockPrice_4953,True,2026-10-05T23:32:53,2026-10-05T23:32:53,2026-10-05T23:32:53
4953,緯軟,2022-10-24,78.8,1.5999999999999943,2.07%,,,,,,,,,ShowDailyK_ChartFlow,FinMind_API_TaiwanStockPrice_4953,True,2026-10-05T23:32:53,2026-10-05T23:32:53,2026-10-05T23:32:53
4953,緯軟,2022-10-25,76.4,-2.3999999999999915,-3.05%,,,,,,,,,ShowDailyK_ChartFlow,FinMind_API_TaiwanStockPrice_4953,True,2026-10-05T23:32:53,2026-10-05T23:32:53,2026-10-05T23:32:53
4953,緯軟,2022-10-26,76.2,-0.20000000000000284,-0.26%,,,,,,,,,ShowDailyK_ChartFlow,FinMind_API_TaiwanStockPrice_4953,True,2026-10-05T23:32:53,2026-10-05T23:32:53,2026-10-05T23:32:53
4953,緯軟,2022-10-27,77.2,1.0,1.31%,,,,,,,,,ShowDailyK_ChartFlow,FinMind_API_TaiwanStockPrice_4953,True,2026-10-05T23:32:53,2026-10-05T23:32:53,2026-10-05T23:32:53
4953,緯軟,2022-10-28,76.0,-1.2000000000000028,-1.55%,,,,,,,,,ShowDailyK_ChartFlow,FinMind_API_TaiwanStockPrice_4953,True,2026-10-05T23:32:53,2026-10-05T23:32:53,2026-10-05T23:32:53
4953,緯軟,2022-10-31,76.9,0.9000000000000057,1.18%,,,,,,,,,ShowDailyK_ChartFlow,FinMind_API_TaiwanStockPrice_4953,True,2026-10-05T23:32:53,2026-10-05T23:32:53,2026-10-05T23:32:53
4953,緯軟,2022-11-01,78.9,2.0,2.60%,,,,,,,,,ShowDailyK_ChartFlow,FinMind_API_TaiwanStockPrice_4953,True,2026-10-05T23:32:53,2026-10-05T23:32:53,2026-10-05T23:32:53
4953,緯軟,2022-11-02,80.6,1.6999999999999886,2.15%,,,,,,,,,ShowDailyK_ChartFlow,FinMind_API_TaiwanStockPrice_4953,True,2026-10-05T23:32:53,2026-10-05T23:32:53,2026-10-05T23:32:53
4953,緯軟,2022-11-03,79.7,-0.8999999999999915,-1.12%,,,,,,,,,ShowDailyK_ChartFlow,FinMind_API_TaiwanStockPrice_4953,True,2026-10-05T23:32:53,2026-10-05T23:32:53,2026-10-05T23:32:53
4953,緯軟,2022-11-04,79.5,-0.20000000000000284,-0.25%,,,,,,,,,ShowDailyK_ChartFlow,FinMind_API_TaiwanStockPrice_4953,True,2026-10-05T23:32:53,2026-10-05T23:32:53,2026-10-05T23:32:53
4953,緯軟,2022-11-07,79.4,-0.09999999999999432,-0.13%,,,,,,,,,ShowDailyK_ChartFlow,FinMind_API_TaiwanStockPrice_4953,True,2026-10-05T23:32:53,2026-10-05T23:32:53,2026-10-05T23:32:53
4953,緯軟,2022-11-08,78.6,-0.8000000000000114,-1.01%,,,,,,,,,ShowDailyK_ChartFlow,FinMind_API_TaiwanStockPrice_4953,True,2026-10-05T23:32:53,2026-10-05T23:32:53,2026-10-05T23:32:53
4953,緯軟,2022-11-09,79.9,1.3000000000000114,1.65%,,,,,,,,,ShowDailyK_ChartFlow,FinMind_API_TaiwanStockPrice_4953,True,2026-10-05T23:32:53,2026-10-05T23:32:53,2026-10-05T23:32:53
4953,緯軟,2022-11-10,81.0,1.0999999999999943,1.38%,,,,,,,,,ShowDailyK_ChartFlow,FinMind_API_TaiwanStockPrice_4953,True,2026-10-05T23:32:53,2026-10-05T23:32:53,2026-10-05T23:32:53
4953,緯軟,2022-11-11,81.2,0.20000000000000284,0.25%,,,,,,,,,ShowDailyK_ChartFlow,FinMind_API_TaiwanStockPrice_4953,True,2026-10-05T23:32:53,2026-10-05T23:32:53,2026-10-05T23:32:53
4953,緯軟,2022-11-14,82.2,1.0,1.23%,,,,,,,,,ShowDailyK_ChartFlow,FinMind_API_TaiwanStockPrice_4953,True,2026-10-05T23:32:53,2026-10-05T23:32:53,2026-10-05T23:32:53
4953,緯軟,2022-11-15,84.4,2.200000000000003,2.68%,,,,,,,,,ShowDailyK_ChartFlow,FinMind_API_TaiwanStockPrice_4953,True,2026-10-05T23:32:53,2026-10-05T23:32:53,2026-10-05T23:32:53
4953,緯軟,2022-11-16,82.1,-2.3000000000000114,-2.73%,,,,,,,,,ShowDailyK_ChartFlow,FinMind_API_TaiwanStockPrice_4953,True,2026-10-05T23:32:53,2026-10-05T23:32:53,2026-10-05T23:32:53
4953,緯軟,2022-11-17,82.6,0.5,0.61%,,,,,,,,,ShowDailyK_ChartFlow,FinMind_API_TaiwanStockPrice_4953,True,2026-10-05T23:32:53,2026-10-05T23:32:53,2026-10-05T23:32:53
4953,緯軟,2022-11-18,83.7,1.1000000000000085,1.33%,,,,,,,,,ShowDailyK_ChartFlow,FinMind_API_TaiwanStockPrice_4953,True,2026-10-05T23:32:53,2026-10-05T23:32:53,2026-10-05T23:32:53
4953,緯軟,2022-11-21,82.9,-0.7999999999999972,-0.96%,,,,,,,,,ShowDailyK_ChartFlow,FinMind_API_TaiwanStockPrice_4953,True,2026-10-05T23:32:53,2026-10-05T23:32:53,2026-10-05T23:32:53
4953,緯軟,2022-11-22,85.6,2.6999999999999886,3.26%,,,,,,,,,ShowDailyK_ChartFlow,FinMind_API_TaiwanStockPrice_4953,True,2026-10-05T23:32:53,2026-10-05T23:32:53,2026-10-05T23:32:53
4953,緯軟,2022-11-23,85.1,-0.5,-0.58%,,,,,,,,,ShowDailyK_ChartFlow,FinMind_API_TaiwanStockPrice_4953,True,2026-10-05T23:32:53,2026-10-05T23:32:53,2026-10-05T23:32:53
4953,緯軟,2022-11-24,84.6,-0.5,-0.59%,,,,,,,,,ShowDailyK_ChartFlow,FinMind_API_TaiwanStockPrice_4953,True,2026-10-05T23:32:53,2026-10-05T23:32:53,2026-10-05T23:32:53
4953,緯軟,2022-11-25,84.2,-0.3999999999999915,-0.47%,,,,,,,,,ShowDailyK_ChartFlow,FinMind_API_TaiwanStockPrice_4953,True,2026-10-05T23:32:53,2026-10-05T23:32:53,2026-10-05T23:32:53
4953,緯軟,2022-11-28,84.2,0.0,0.00%,,,,,,,,,ShowDailyK_ChartFlow,FinMind_API_TaiwanStockPrice_4953,True,2026-10-05T23:32:53,2026-10-05T23:32:53,2026-10-05T23:32:53
4953,緯軟,2022-11-29,84.9,0.7000000000000028,0.83%,,,,,,,,,ShowDailyK_ChartFlow,FinMind_API_TaiwanStockPrice_4953,True,2026-10-05T23:32:53,2026-10-05T23:32:53,2026-10-05T23:32:53
4953,緯軟,2022-11-30,84.6,-0.30000000000001137,-0.35%,,,,,,,,,ShowDailyK_ChartFlow,FinMind_API_TaiwanStockPrice_4953,True,2026-10-05T23:32:53,2026-10-05T23:32:53,2026-10-05T23:32:53
4953,緯軟,2022-12-01,86.0,1.4000000000000057,1.65%,,,,,,,,,ShowDailyK_ChartFlow,FinMind_API_TaiwanStockPrice_4953,True,2026-10-05T23:32:53,2026-10-05T23:32:53,2026-10-05T23:32:53
4953,緯軟,2022-12-02,88.5,2.5,2.91%,,,,,,,,,ShowDailyK_ChartFlow,FinMind_API_TaiwanStockPrice_4953,True,2026-10-05T23:32:53,2026-10-05T23:32:53,2026-10-05T23:32:53
4953,緯軟,2022-12-05,91.1,2.5999999999999943,2.94%,,,,,,,,,ShowDailyK_ChartFlow,FinMind_API_TaiwanStockPrice_4953,True,2026-10-05T23:32:53,2026-10-05T23:32:53,2026-10-05T23:32:53
4953,緯軟,2022-12-06,91.8,0.7000000000000028,0.77%,,,,,,,,,ShowDailyK_ChartFlow,FinMind_API_TaiwanStockPrice_4953,True,2026-10-05T23:32:53,2026-10-05T23:32:53,2026-10-05T23:32:53
4953,緯軟,2022-12-07,89.9,-1.8999999999999915,-2.07%,,,,,,,,,ShowDailyK_ChartFlow,FinMind_API_TaiwanStockPrice_4953,True,2026-10-05T23:32:53,2026-10-05T23:32:53,2026-10-05T23:32:53
4953,緯軟,2022-12-08,91.6,1.6999999999999886,1.89%,,,,,,,,,ShowDailyK_ChartFlow,FinMind_API_TaiwanStockPrice_4953,True,2026-10-05T23:32:53,2026-10-05T23:32:53,2026-10-05T23:32:53
4953,緯軟,2022-12-09,89.5,-2.0999999999999943,-2.29%,,,,,,,,,ShowDailyK_ChartFlow,FinMind_API_TaiwanStockPrice_4953,True,2026-10-05T23:32:53,2026-10-05T23:32:53,2026-10-05T23:32:53
4953,緯軟,2022-12-12,88.6,-0.9000000000000057,-1.01%,,,,,,,,,ShowDailyK_ChartFlow,FinMind_API_TaiwanStockPrice_4953,True,2026-10-05T23:32:53,2026-10-05T23:32:53,2026-10-05T23:32:53
4953,緯軟,2022-12-13,86.0,-2.5999999999999943,-2.93%,,,,,,,,,ShowDailyK_ChartFlow,FinMind_API_TaiwanStockPrice_4953,True,2026-10-05T23:32:53,2026-10-05T23:32:53,2026-10-05T23:32:53
4953,緯軟,2022-12-14,86.5,0.5,0.58%,,,,,,,,,ShowDailyK_ChartFlow,FinMind_API_TaiwanStockPrice_4953,True,2026-10-05T23:32:53,2026-10-05T23:32:53,2026-10-05T23:32:53
4953,緯軟,2022-12-15,85.8,-0.7000000000000028,-0.81%,,,,,,,,,ShowDailyK_ChartFlow,FinMind_API_TaiwanStockPrice_4953,True,2026-10-05T23:32:53,2026-10-05T23:32:53,2026-10-05T23:32:53
4953,緯軟,2022-12-16,84.1,-1.7000000000000028,-1.98%,,,,,,,,,ShowDailyK_ChartFlow,FinMind_API_TaiwanStockPrice_4953,True,2026-10-05T23:32:53,2026-10-05T23:32:53,2026-10-05T23:32:53
4953,緯軟,2022-12-19,85.0,0.9000000000000057,1.07%,,,,,,,,,ShowDailyK_ChartFlow,FinMind_API_TaiwanStockPrice_4953,True,2026-10-05T23:32:53,2026-10-05T23:32:53,2026-10-05T23:32:53
4953,緯軟,2022-12-20,82.3,-2.700000000000003,-3.18%,,,,,,,,,ShowDailyK_ChartFlow,FinMind_API_TaiwanStockPrice_4953,True,2026-10-05T23:32:53,2026-10-05T23:32:53,2026-10-05T23:32:53
4953,緯軟,2022-12-21,81.5,-0.7999999999999972,-0.97%,,,,,,,,,ShowDailyK_ChartFlow,FinMind_API_TaiwanStockPrice_4953,True,2026-10-05T23:32:53,2026-10-05T23:32:53,2026-10-05T23:32:53
4953,緯軟,2022-12-22,81.9,0.4000000000000057,0.49%,,,,,,,,,ShowDailyK_ChartFlow,FinMind_API_TaiwanStockPrice_4953,True,2026-10-05T23:32:53,2026-10-05T23:32:53,2026-10-05T23:32:53
4953,緯軟,2022-12-23,81.7,-0.20000000000000284,-0.24%,,,,,,,,,ShowDailyK_ChartFlow,FinMind_API_TaiwanStockPrice_4953,True,2026-10-05T23:32:53,2026-10-05T23:32:53,2026-10-05T23:32:53
4953,緯軟,2022-12-26,81.4,-0.29999999999999716,-0.37%,,,,,,,,,ShowDailyK_ChartFlow,FinMind_API_TaiwanStockPrice_4953,True,2026-10-05T23:32:53,2026-10-05T23:32:53,2026-10-05T23:32:53
4953,緯軟,2022-12-27,82.6,1.1999999999999886,1.47%,,,,,,,,,ShowDailyK_ChartFlow,FinMind_API_TaiwanStockPrice_4953,True,2026-10-05T23:32:53,2026-10-05T23:32:53,2026-10-05T23:32:53
4953,緯軟,2022-12-28,81.2,-1.3999999999999915,-1.69%,,,,,,,,,ShowDailyK_ChartFlow,FinMind_API_TaiwanStockPrice_4953,True,2026-10-05T23:32:53,2026-10-05T23:32:53,2026-10-05T23:32:53
4953,緯軟,2022-12-29,82.2,1.0,1.23%,,,,,,,,,ShowDailyK_ChartFlow,FinMind_API_TaiwanStockPrice_4953,True,2026-10-05T23:32:53,2026-10-05T23:32:53,2026-10-05T23:32:53
4953,緯軟,2022-12-30,82.7,0.5,0.61%,,,,,,,,,ShowDailyK_ChartFlow,FinMind_API_TaiwanStockPrice_4953,True,2026-10-05T23:32:53,2026-10-05T23:32:53,2026-10-05T23:32:53
4953,緯軟,2023-01-03,84.5,1.7999999999999972,2.18%,,,,,,,,,ShowDailyK_ChartFlow,FinMind_API_TaiwanStockPrice_4953,True,2026-10-05T23:32:53,2026-10-05T23:32:53,2026-10-05T23:32:53
4953,緯軟,2023-01-04,84.0,-0.5,-0.59%,,,,,,,,,ShowDailyK_ChartFlow,FinMind_API_TaiwanStockPrice_4953,True,2026-10-05T23:32:53,2026-10-05T23:32:53,2026-10-05T23:32:53
4953,緯軟,2023-01-05,83.2,-0.7999999999999972,-0.95%,,,,,,,,,ShowDailyK_ChartFlow,FinMind_API_TaiwanStockPrice_4953,True,2026-10-05T23:32:53,2026-10-05T23:32:53,2026-10-05T23:32:53
4953,緯軟,2023-01-06,83.9,0.7000000000000028,0.84%,,,,,,,,,ShowDailyK_ChartFlow,FinMind_API_TaiwanStockPrice_4953,True,2026-10-05T23:32:53,2026-10-05T23:32:53,2026-10-05T23:32:53
4953,緯軟,2023-01-09,84.7,0.7999999999999972,0.95%,,,,,,,,,ShowDailyK_ChartFlow,FinMind_API_TaiwanStockPrice_4953,True,2026-10-05T23:32:53,2026-10-05T23:32:53,2026-10-05T23:32:53
4953,緯軟,2023-01-10,86.1,1.3999999999999915,1.65%,,,,,,,,,ShowDailyK_ChartFlow,FinMind_API_TaiwanStockPrice_4953,True,2026-10-05T23:32:53,2026-10-05T23:32:53,2026-10-05T23:32:53
4953,緯軟,2023-01-11,87.1,1.0,1.16%,,,,,,,,,ShowDailyK_ChartFlow,FinMind_API_TaiwanStockPrice_4953,True,2026-10-05T23:32:53,2026-10-05T23:32:53,2026-10-05T23:32:53
4953,緯軟,2023-01-12,87.5,0.4000000000000057,0.46%,,,,,,,,,ShowDailyK_ChartFlow,FinMind_API_TaiwanStockPrice_4953,True,2026-10-05T23:32:53,2026-10-05T23:32:53,2026-10-05T23:32:53
4953,緯軟,2023-01-13,87.6,0.09999999999999432,0.11%,,,,,,,,,ShowDailyK_ChartFlow,FinMind_API_TaiwanStockPrice_4953,True,2026-10-05T23:32:53,2026-10-05T23:32:53,2026-10-05T23:32:53
4953,緯軟,2023-01-16,89.3,1.7000000000000028,1.94%,,,,,,,,,ShowDailyK_ChartFlow,FinMind_API_TaiwanStockPrice_4953,True,2026-10-05T23:32:53,2026-10-05T23:32:53,2026-10-05T23:32:53
4953,緯軟,2023-01-17,89.4,0.10000000000000853,0.11%,,,,,,,,,ShowDailyK_ChartFlow,FinMind_API_TaiwanStockPrice_4953,True,2026-10-05T23:32:53,2026-10-05T23:32:53,2026-10-05T23:32:53
4953,緯軟,2023-01-30,90.7,1.2999999999999972,1.45%,,,,,,,,,ShowDailyK_ChartFlow,FinMind_API_TaiwanStockPrice_4953,True,2026-10-05T23:32:53,2026-10-05T23:32:53,2026-10-05T23:32:53
4953,緯軟,2023-01-31,90.2,-0.5,-0.55%,,,,,,,,,ShowDailyK_ChartFlow,FinMind_API_TaiwanStockPrice_4953,True,2026-10-05T23:32:53,2026-10-05T23:32:53,2026-10-05T23:32:53
4953,緯軟,2023-02-01,90.7,0.5,0.55%,,,,,,,,,ShowDailyK_ChartFlow,FinMind_API_TaiwanStockPrice_4953,True,2026-10-05T23:32:53,2026-10-05T23:32:53,2026-10-05T23:32:53
4953,緯軟,2023-02-02,91.7,1.0,1.10%,,,,,,,,,ShowDailyK_ChartFlow,FinMind_API_TaiwanStockPrice_4953,True,2026-10-05T23:32:53,2026-10-05T23:32:53,2026-10-05T23:32:53
4953,緯軟,2023-02-03,90.4,-1.2999999999999972,-1.42%,,,,,,,,,ShowDailyK_ChartFlow,FinMind_API_TaiwanStockPrice_4953,True,2026-10-05T23:32:53,2026-10-05T23:32:53,2026-10-05T23:32:53
4953,緯軟,2023-02-06,90.6,0.19999999999998863,0.22%,,,,,,,,,ShowDailyK_ChartFlow,FinMind_API_TaiwanStockPrice_4953,True,2026-10-05T23:32:53,2026-10-05T23:32:53,2026-10-05T23:32:53
4953,緯軟,2023-02-07,91.5,0.9000000000000057,0.99%,,,,,,,,,ShowDailyK_ChartFlow,FinMind_API_TaiwanStockPrice_4953,True,2026-10-05T23:32:53,2026-10-05T23:32:53,2026-10-05T23:32:53
4953,緯軟,2023-02-08,92.0,0.5,0.55%,,,,,,,,,ShowDailyK_ChartFlow,FinMind_API_TaiwanStockPrice_4953,True,2026-10-05T23:32:53,2026-10-05T23:32:53,2026-10-05T23:32:53
4953,緯軟,2023-02-09,91.3,-0.7000000000000028,-0.76%,,,,,,,,,ShowDailyK_ChartFlow,FinMind_API_TaiwanStockPrice_4953,True,2026-10-05T23:32:53,2026-10-05T23:32:53,2026-10-05T23:32:53
4953,緯軟,2023-02-10,90.2,-1.0999999999999943,-1.20%,,,,,,,,,ShowDailyK_ChartFlow,FinMind_API_TaiwanStockPrice_4953,True,2026-10-05T23:32:53,2026-10-05T23:32:53,2026-10-05T23:32:53
4953,緯軟,2023-02-13,93.0,2.799999999999997,3.10%,,,,,,,,,ShowDailyK_ChartFlow,FinMind_API_TaiwanStockPrice_4953,True,2026-10-05T23:32:53,2026-10-05T23:32:53,2026-10-05T23:32:53
4953,緯軟,2023-02-14,102.0,9.0,9.68%,,,,,,,,,ShowDailyK_ChartFlow,FinMind_API_TaiwanStockPrice_4953,True,2026-10-05T23:32:53,2026-10-05T23:32:53,2026-10-05T23:32:53
4953,緯軟,2023-02-15,95.4,-6.599999999999994,-6.47%,,,,,,,,,ShowDailyK_ChartFlow,FinMind_API_TaiwanStockPrice_4953,True,2026-10-05T23:32:53,2026-10-05T23:32:53,2026-10-05T23:32:53
4953,緯軟,2023-02-16,97.4,2.0,2.10%,,,,,,,,,ShowDailyK_ChartFlow,FinMind_API_TaiwanStockPrice_4953,True,2026-10-05T23:32:53,2026-10-05T23:32:53,2026-10-05T23:32:53
4953,緯軟,2023-02-17,95.9,-1.5,-1.54%,,,,,,,,,ShowDailyK_ChartFlow,FinMind_API_TaiwanStockPrice_4953,True,2026-10-05T23:32:53,2026-10-05T23:32:53,2026-10-05T23:32:53
4953,緯軟,2023-02-20,97.9,2.0,2.09%,,,,,,,,,ShowDailyK_ChartFlow,FinMind_API_TaiwanStockPrice_4953,True,2026-10-05T23:32:53,2026-10-05T23:32:53,2026-10-05T23:32:53
4953,緯軟,2023-02-21,97.2,-0.7000000000000028,-0.72%,,,,,,,,,ShowDailyK_ChartFlow,FinMind_API_TaiwanStockPrice_4953,True,2026-10-05T23:32:53,2026-10-05T23:32:53,2026-10-05T23:32:53
4953,緯軟,2023-02-22,97.5,0.29999999999999716,0.31%,,,,,,,,,ShowDailyK_ChartFlow,FinMind_API_TaiwanStockPrice_4953,True,2026-10-05T23:32:53,2026-10-05T23:32:53,2026-10-05T23:32:53
4953,緯軟,2023-02-23,99.6,2.0999999999999943,2.15%,,,,,,,,,ShowDailyK_ChartFlow,FinMind_API_TaiwanStockPrice_4953,True,2026-10-05T23:32:53,2026-10-05T23:32:53,2026-10-05T23:32:53
4953,緯軟,2023-02-24,106.0,6.400000000000006,6.43%,,,,,,,,,ShowDailyK_ChartFlow,FinMind_API_TaiwanStockPrice_4953,True,2026-10-05T23:32:53,2026-10-05T23:32:53,2026-10-05T23:32:53
4953,緯軟,2023-03-01,104.0,-2.0,-1.89%,,,,,,,,,ShowDailyK_ChartFlow,FinMind_API_TaiwanStockPrice_4953,True,2026-10-05T23:32:53,2026-10-05T23:32:53,2026-10-05T23:32:53
4953,緯軟,2023-03-02,104.0,0.0,0.00%,,,,,,,,,ShowDailyK_ChartFlow,FinMind_API_TaiwanStockPrice_4953,True,2026-10-05T23:32:53,2026-10-05T23:32:53,2026-10-05T23:32:53
4953,緯軟,2023-03-03,114.0,10.0,9.62%,,,,,,,,,ShowDailyK_ChartFlow,FinMind_API_TaiwanStockPrice_4953,True,2026-10-05T23:32:53,2026-10-05T23:32:53,2026-10-05T23:32:53
4953,緯軟,2023-03-06,113.0,-1.0,-0.88%,,,,,,,,,ShowDailyK_ChartFlow,FinMind_API_TaiwanStockPrice_4953,True,2026-10-05T23:32:53,2026-10-05T23:32:53,2026-10-05T23:32:53
4953,緯軟,2023-03-07,117.0,4.0,3.54%,,,,,,,,,ShowDailyK_ChartFlow,FinMind_API_TaiwanStockPrice_4953,True,2026-10-05T23:32:53,2026-10-05T23:32:53,2026-10-05T23:32:53
4953,緯軟,2023-03-08,117.5,0.5,0.43%,,,,,,,,,ShowDailyK_ChartFlow,FinMind_API_TaiwanStockPrice_4953,True,2026-10-05T23:32:53,2026-10-05T23:32:53,2026-10-05T23:32:53
4953,緯軟,2023-03-09,113.0,-4.5,-3.83%,,,,,,,,,ShowDailyK_ChartFlow,FinMind_API_TaiwanStockPrice_4953,True,2026-10-05T23:32:53,2026-10-05T23:32:53,2026-10-05T23:32:53
4953,緯軟,2023-03-10,108.5,-4.5,-3.98%,,,,,,,,,ShowDailyK_ChartFlow,FinMind_API_TaiwanStockPrice_4953,True,2026-10-05T23:32:53,2026-10-05T23:32:53,2026-10-05T23:32:53
4953,緯軟,2023-03-13,109.0,0.5,0.46%,,,,,,,,,ShowDailyK_ChartFlow,FinMind_API_TaiwanStockPrice_4953,True,2026-10-05T23:32:53,2026-10-05T23:32:53,2026-10-05T23:32:53
4953,緯軟,2023-03-14,108.0,-1.0,-0.92%,,,,,,,,,ShowDailyK_ChartFlow,FinMind_API_TaiwanStockPrice_4953,True,2026-10-05T23:32:53,2026-10-05T23:32:53,2026-10-05T23:32:53
4953,緯軟,2023-03-15,107.5,-0.5,-0.46%,,,,,,,,,ShowDailyK_ChartFlow,FinMind_API_TaiwanStockPrice_4953,True,2026-10-05T23:32:53,2026-10-05T23:32:53,2026-10-05T23:32:53
4953,緯軟,2023-03-16,104.0,-3.5,-3.26%,,,,,,,,,ShowDailyK_ChartFlow,FinMind_API_TaiwanStockPrice_4953,True,2026-10-05T23:32:53,2026-10-05T23:32:53,2026-10-05T23:32:53
4953,緯軟,2023-03-17,111.5,7.5,7.21%,,,,,,,,,ShowDailyK_ChartFlow,FinMind_API_TaiwanStockPrice_4953,True,2026-10-05T23:32:53,2026-10-05T23:32:53,2026-10-05T23:32:53
4953,緯軟,2023-03-20,115.0,3.5,3.14%,,,,,,,,,ShowDailyK_ChartFlow,FinMind_API_TaiwanStockPrice_4953,True,2026-10-05T23:32:53,2026-10-05T23:32:53,2026-10-05T23:32:53
4953,緯軟,2023-03-21,115.0,0.0,0.00%,,,,,,,,,ShowDailyK_ChartFlow,FinMind_API_TaiwanStockPrice_4953,True,2026-10-05T23:32:53,2026-10-05T23:32:53,2026-10-05T23:32:53
4953,緯軟,2023-03-22,116.5,1.5,1.30%,,,,,,,,,ShowDailyK_ChartFlow,FinMind_API_TaiwanStockPrice_4953,True,2026-10-05T23:32:53,2026-10-05T23:32:53,2026-10-05T23:32:53
4953,緯軟,2023-03-23,117.0,0.5,0.43%,,,,,,,,,ShowDailyK_ChartFlow,FinMind_API_TaiwanStockPrice_4953,True,2026-10-05T23:32:53,2026-10-05T23:32:53,2026-10-05T23:32:53
4953,緯軟,2023-03-24,120.0,3.0,2.56%,,,,,,,,,ShowDailyK_ChartFlow,FinMind_API_TaiwanStockPrice_4953,True,2026-10-05T23:32:53,2026-10-05T23:32:53,2026-10-05T23:32:53
4953,緯軟,2023-03-27,116.5,-3.5,-2.92%,,,,,,,,,ShowDailyK_ChartFlow,FinMind_API_TaiwanStockPrice_4953,True,2026-10-05T23:32:53,2026-10-05T23:32:53,2026-10-05T23:32:53
4953,緯軟,2023-03-28,116.5,0.0,0.00%,,,,,,,,,ShowDailyK_ChartFlow,FinMind_API_TaiwanStockPrice_4953,True,2026-10-05T23:32:53,2026-10-05T23:32:53,2026-10-05T23:32:53
4953,緯軟,2023-03-29,116.0,-0.5,-0.43%,,,,,,,,,ShowDailyK_ChartFlow,FinMind_API_TaiwanStockPrice_4953,True,2026-10-05T23:32:53,2026-10-05T23:32:53,2026-10-05T23:32:53
4953,緯軟,2023-03-30,118.5,2.5,2.16%,,,,,,,,,ShowDailyK_ChartFlow,FinMind_API_TaiwanStockPrice_4953,True,2026-10-05T23:32:53,2026-10-05T23:32:53,2026-10-05T23:32:53
4953,緯軟,2023-03-31,117.0,-1.5,-1.27%,,,,,,,,,ShowDailyK_ChartFlow,FinMind_API_TaiwanStockPrice_4953,True,2026-10-05T23:32:53,2026-10-05T23:32:53,2026-10-05T23:32:53
4953,緯軟,2023-04-06,118.0,1.0,0.85%,,,,,,,,,ShowDailyK_ChartFlow,FinMind_API_TaiwanStockPrice_4953,True,2026-10-05T23:32:53,2026-10-05T23:32:53,2026-10-05T23:32:53
4953,緯軟,2023-04-07,116.5,-1.5,-1.27%,,,,,,,,,ShowDailyK_ChartFlow,FinMind_API_TaiwanStockPrice_4953,True,2026-10-05T23:32:53,2026-10-05T23:32:53,2026-10-05T23:32:53
4953,緯軟,2023-04-10,122.0,5.5,4.72%,,,,,,,,,ShowDailyK_ChartFlow,FinMind_API_TaiwanStockPrice_4953,True,2026-10-05T23:32:53,2026-10-05T23:32:53,2026-10-05T23:32:53
4953,緯軟,2023-04-11,122.0,0.0,0.00%,,,,,,,,,ShowDailyK_ChartFlow,FinMind_API_TaiwanStockPrice_4953,True,2026-10-05T23:32:53,2026-10-05T23:32:53,2026-10-05T23:32:53
4953,緯軟,2023-04-12,120.0,-2.0,-1.64%,,,,,,,,,ShowDailyK_ChartFlow,FinMind_API_TaiwanStockPrice_4953,True,2026-10-05T23:32:53,2026-10-05T23:32:53,2026-10-05T23:32:53
4953,緯軟,2023-04-13,119.0,-1.0,-0.83%,,,,,,,,,ShowDailyK_ChartFlow,FinMind_API_TaiwanStockPrice_4953,True,2026-10-05T23:32:53,2026-10-05T23:32:53,2026-10-05T23:32:53
4953,緯軟,2023-04-14,121.5,2.5,2.10%,,,,,,,,,ShowDailyK_ChartFlow,FinMind_API_TaiwanStockPrice_4953,True,2026-10-05T23:32:53,2026-10-05T23:32:53,2026-10-05T23:32:53
4953,緯軟,2023-04-17,126.0,4.5,3.70%,,,,,,,,,ShowDailyK_ChartFlow,FinMind_API_TaiwanStockPrice_4953,True,2026-10-05T23:32:53,2026-10-05T23:32:53,2026-10-05T23:32:53
4953,緯軟,2023-04-18,124.0,-2.0,-1.59%,,,,,,,,,ShowDailyK_ChartFlow,FinMind_API_TaiwanStockPrice_4953,True,2026-10-05T23:32:53,2026-10-05T23:32:53,2026-10-05T23:32:53
4953,緯軟,2023-04-19,126.0,2.0,1.61%,,,,,,,,,ShowDailyK_ChartFlow,FinMind_API_TaiwanStockPrice_4953,True,2026-10-05T23:32:53,2026-10-05T23:32:53,2026-10-05T23:32:53
4953,緯軟,2023-04-20,119.0,-7.0,-5.56%,,,,,,,,,ShowDailyK_ChartFlow,FinMind_API_TaiwanStockPrice_4953,True,2026-10-05T23:32:53,2026-10-05T23:32:53,2026-10-05T23:32:53
4953,緯軟,2023-04-21,114.5,-4.5,-3.78%,,,,,,,,,ShowDailyK_ChartFlow,FinMind_API_TaiwanStockPrice_4953,True,2026-10-05T23:32:53,2026-10-05T23:32:53,2026-10-05T23:32:53
4953,緯軟,2023-04-24,118.0,3.5,3.06%,,,,,,,,,ShowDailyK_ChartFlow,FinMind_API_TaiwanStockPrice_4953,True,2026-10-05T23:32:53,2026-10-05T23:32:53,2026-10-05T23:32:53
4953,緯軟,2023-04-25,114.5,-3.5,-2.97%,,,,,,,,,ShowDailyK_ChartFlow,FinMind_API_TaiwanStockPrice_4953,True,2026-10-05T23:32:53,2026-10-05T23:32:53,2026-10-05T23:32:53
4953,緯軟,2023-04-26,115.5,1.0,0.87%,,,,,,,,,ShowDailyK_ChartFlow,FinMind_API_TaiwanStockPrice_4953,True,2026-10-05T23:32:53,2026-10-05T23:32:53,2026-10-05T23:32:53
4953,緯軟,2023-04-27,116.5,1.0,0.87%,,,,,,,,,ShowDailyK_ChartFlow,FinMind_API_TaiwanStockPrice_4953,True,2026-10-05T23:32:53,2026-10-05T23:32:53,2026-10-05T23:32:53
4953,緯軟,2023-04-28,122.5,6.0,5.15%,,,,,,,,,ShowDailyK_ChartFlow,FinMind_API_TaiwanStockPrice_4953,True,2026-10-05T23:32:53,2026-10-05T23:32:53,2026-10-05T23:32:53
4953,緯軟,2023-05-02,125.0,2.5,2.04%,,,,,,,,,ShowDailyK_ChartFlow,FinMind_API_TaiwanStockPrice_4953,True,2026-10-05T23:32:53,2026-10-05T23:32:53,2026-10-05T23:32:53
4953,緯軟,2023-05-03,130.0,5.0,4.00%,,,,,,,,,ShowDailyK_ChartFlow,FinMind_API_TaiwanStockPrice_4953,True,2026-10-05T23:32:53,2026-10-05T23:32:53,2026-10-05T23:32:53
4953,緯軟,2023-05-04,125.5,-4.5,-3.46%,,,,,,,,,ShowDailyK_ChartFlow,FinMind_API_TaiwanStockPrice_4953,True,2026-10-05T23:32:53,2026-10-05T23:32:53,2026-10-05T23:32:53
4953,緯軟,2023-05-05,125.0,-0.5,-0.40%,,,,,,,,,ShowDailyK_ChartFlow,FinMind_API_TaiwanStockPrice_4953,True,2026-10-05T23:32:53,2026-10-05T23:32:53,2026-10-05T23:32:53
4953,緯軟,2023-05-08,125.5,0.5,0.40%,,,,,,,,,ShowDailyK_ChartFlow,FinMind_API_TaiwanStockPrice_4953,True,2026-10-05T23:32:53,2026-10-05T23:32:53,2026-10-05T23:32:53
4953,緯軟,2023-05-09,122.5,-3.0,-2.39%,,,,,,,,,ShowDailyK_ChartFlow,FinMind_API_TaiwanStockPrice_4953,True,2026-10-05T23:32:53,2026-10-05T23:32:53,2026-10-05T23:32:53
4953,緯軟,2023-05-10,123.5,1.0,0.82%,,,,,,,,,ShowDailyK_ChartFlow,FinMind_API_TaiwanStockPrice_4953,True,2026-10-05T23:32:53,2026-10-05T23:32:53,2026-10-05T23:32:53
4953,緯軟,2023-05-11,117.5,-6.0,-4.86%,,,,,,,,,ShowDailyK_ChartFlow,FinMind_API_TaiwanStockPrice_4953,True,2026-10-05T23:32:53,2026-10-05T23:32:53,2026-10-05T23:32:53
4953,緯軟,2023-05-12,121.0,3.5,2.98%,,,,,,,,,ShowDailyK_ChartFlow,FinMind_API_TaiwanStockPrice_4953,True,2026-10-05T23:32:53,2026-10-05T23:32:53,2026-10-05T23:32:53
4953,緯軟,2023-05-15,116.0,-5.0,-4.13%,,,,,,,,,ShowDailyK_ChartFlow,FinMind_API_TaiwanStockPrice_4953,True,2026-10-05T23:32:53,2026-10-05T23:32:53,2026-10-05T23:32:53
4953,緯軟,2023-05-16,115.5,-0.5,-0.43%,,,,,,,,,ShowDailyK_ChartFlow,FinMind_API_TaiwanStockPrice_4953,True,2026-10-05T23:32:53,2026-10-05T23:32:53,2026-10-05T23:32:53
4953,緯軟,2023-05-17,118.0,2.5,2.16%,,,,,,,,,ShowDailyK_ChartFlow,FinMind_API_TaiwanStockPrice_4953,True,2026-10-05T23:32:53,2026-10-05T23:32:53,2026-10-05T23:32:53
4953,緯軟,2023-05-18,120.5,2.5,2.12%,,,,,,,,,ShowDailyK_ChartFlow,FinMind_API_TaiwanStockPrice_4953,True,2026-10-05T23:32:53,2026-10-05T23:32:53,2026-10-05T23:32:53
4953,緯軟,2023-05-19,116.5,-4.0,-3.32%,,,,,,,,,ShowDailyK_ChartFlow,FinMind_API_TaiwanStockPrice_4953,True,2026-10-05T23:32:53,2026-10-05T23:32:53,2026-10-05T23:32:53
4953,緯軟,2023-05-22,117.5,1.0,0.86%,,,,,,,,,ShowDailyK_ChartFlow,FinMind_API_TaiwanStockPrice_4953,True,2026-10-05T23:32:53,2026-10-05T23:32:53,2026-10-05T23:32:53
4953,緯軟,2023-05-23,121.0,3.5,2.98%,,,,,,,,,ShowDailyK_ChartFlow,FinMind_API_TaiwanStockPrice_4953,True,2026-10-05T23:32:53,2026-10-05T23:32:53,2026-10-05T23:32:53
4953,緯軟,2023-05-24,121.5,0.5,0.41%,,,,,,,,,ShowDailyK_ChartFlow,FinMind_API_TaiwanStockPrice_4953,True,2026-10-05T23:32:53,2026-10-05T23:32:53,2026-10-05T23:32:53
4953,緯軟,2023-05-25,120.5,-1.0,-0.82%,,,,,,,,,ShowDailyK_ChartFlow,FinMind_API_TaiwanStockPrice_4953,True,2026-10-05T23:32:53,2026-10-05T23:32:53,2026-10-05T23:32:53
4953,緯軟,2023-05-26,117.0,-3.5,-2.90%,,,,,,,,,ShowDailyK_ChartFlow,FinMind_API_TaiwanStockPrice_4953,True,2026-10-05T23:32:53,2026-10-05T23:32:53,2026-10-05T23:32:53
4953,緯軟,2023-05-29,120.0,3.0,2.56%,,,,,,,,,ShowDailyK_ChartFlow,FinMind_API_TaiwanStockPrice_4953,True,2026-10-05T23:32:53,2026-10-05T23:32:53,2026-10-05T23:32:53
4953,緯軟,2023-05-30,118.5,-1.5,-1.25%,,,,,,,,,ShowDailyK_ChartFlow,FinMind_API_TaiwanStockPrice_4953,True,2026-10-05T23:32:53,2026-10-05T23:32:53,2026-10-05T23:32:53
4953,緯軟,2023-05-31,119.0,0.5,0.42%,,,,,,,,,ShowDailyK_ChartFlow,FinMind_API_TaiwanStockPrice_4953,True,2026-10-05T23:32:53,2026-10-05T23:32:53,2026-10-05T23:32:53
4953,緯軟,2023-06-01,119.5,0.5,0.42%,,,,,,,,,ShowDailyK_ChartFlow,FinMind_API_TaiwanStockPrice_4953,True,2026-10-05T23:32:53,2026-10-05T23:32:53,2026-10-05T23:32:53
4953,緯軟,2023-06-02,119.5,0.0,0.00%,,,,,,,,,ShowDailyK_ChartFlow,FinMind_API_TaiwanStockPrice_4953,True,2026-10-05T23:32:53,2026-10-05T23:32:53,2026-10-05T23:32:53
4953,緯軟,2023-06-05,124.5,5.0,4.18%,,,,,,,,,ShowDailyK_ChartFlow,FinMind_API_TaiwanStockPrice_4953,True,2026-10-05T23:32:53,2026-10-05T23:32:53,2026-10-05T23:32:53
4953,緯軟,2023-06-06,118.5,-6.0,-4.82%,,,,,,,,,ShowDailyK_ChartFlow,FinMind_API_TaiwanStockPrice_4953,True,2026-10-05T23:32:53,2026-10-05T23:32:53,2026-10-05T23:32:53
4953,緯軟,2023-06-07,121.0,2.5,2.11%,,,,,,,,,ShowDailyK_ChartFlow,FinMind_API_TaiwanStockPrice_4953,True,2026-10-05T23:32:53,2026-10-05T23:32:53,2026-10-05T23:32:53
4953,緯軟,2023-06-08,117.0,-4.0,-3.31%,,,,,,,,,ShowDailyK_ChartFlow,FinMind_API_TaiwanStockPrice_4953,True,2026-10-05T23:32:53,2026-10-05T23:32:53,2026-10-05T23:32:53
4953,緯軟,2023-06-09,116.5,-0.5,-0.43%,,,,,,,,,ShowDailyK_ChartFlow,FinMind_API_TaiwanStockPrice_4953,True,2026-10-05T23:32:53,2026-10-05T23:32:53,2026-10-05T23:32:53
4953,緯軟,2023-06-12,115.5,-1.0,-0.86%,,,,,,,,,ShowDailyK_ChartFlow,FinMind_API_TaiwanStockPrice_4953,True,2026-10-05T23:32:53,2026-10-05T23:32:53,2026-10-05T23:32:53
4953,緯軟,2023-06-13,116.5,1.0,0.87%,,,,,,,,,ShowDailyK_ChartFlow,FinMind_API_TaiwanStockPrice_4953,True,2026-10-05T23:32:53,2026-10-05T23:32:53,2026-10-05T23:32:53
4953,緯軟,2023-06-14,115.5,-1.0,-0.86%,,,,,,,,,ShowDailyK_ChartFlow,FinMind_API_TaiwanStockPrice_4953,True,2026-10-05T23:32:53,2026-10-05T23:32:53,2026-10-05T23:32:53
4953,緯軟,2023-06-15,117.0,1.5,1.30%,,,,,,,,,ShowDailyK_ChartFlow,FinMind_API_TaiwanStockPrice_4953,True,2026-10-05T23:32:53,2026-10-05T23:32:53,2026-10-05T23:32:53
4953,緯軟,2023-06-16,114.0,-3.0,-2.56%,,,,,,,,,ShowDailyK_ChartFlow,FinMind_API_TaiwanStockPrice_4953,True,2026-10-05T23:32:53,2026-10-05T23:32:53,2026-10-05T23:32:53
4953,緯軟,2023-06-19,114.5,0.5,0.44%,,,,,,,,,ShowDailyK_ChartFlow,FinMind_API_TaiwanStockPrice_4953,True,2026-10-05T23:32:53,2026-10-05T23:32:53,2026-10-05T23:32:53
4953,緯軟,2023-06-20,113.0,-1.5,-1.31%,,,,,,,,,ShowDailyK_ChartFlow,FinMind_API_TaiwanStockPrice_4953,True,2026-10-05T23:32:53,2026-10-05T23:32:53,2026-10-05T23:32:53
4953,緯軟,2023-06-21,116.0,3.0,2.65%,,,,,,,,,ShowDailyK_ChartFlow,FinMind_API_TaiwanStockPrice_4953,True,2026-10-05T23:32:53,2026-10-05T23:32:53,2026-10-05T23:32:53
4953,緯軟,2023-06-26,112.5,-3.5,-3.02%,,,,,,,,,ShowDailyK_ChartFlow,FinMind_API_TaiwanStockPrice_4953,True,2026-10-05T23:32:53,2026-10-05T23:32:53,2026-10-05T23:32:53
4953,緯軟,2023-06-27,112.0,-0.5,-0.44%,,,,,,,,,ShowDailyK_ChartFlow,FinMind_API_TaiwanStockPrice_4953,True,2026-10-05T23:32:53,2026-10-05T23:32:53,2026-10-05T23:32:53
4953,緯軟,2023-06-28,110.5,-1.5,-1.34%,,,,,,,,,ShowDailyK_ChartFlow,FinMind_API_TaiwanStockPrice_4953,True,2026-10-05T23:32:53,2026-10-05T23:32:53,2026-10-05T23:32:53
4953,緯軟,2023-06-29,111.0,0.5,0.45%,,,,,,,,,ShowDailyK_ChartFlow,FinMind_API_TaiwanStockPrice_4953,True,2026-10-05T23:32:53,2026-10-05T23:32:53,2026-10-05T23:32:53
4953,緯軟,2023-06-30,113.5,2.5,2.25%,,,,,,,,,ShowDailyK_ChartFlow,FinMind_API_TaiwanStockPrice_4953,True,2026-10-05T23:32:53,2026-10-05T23:32:53,2026-10-05T23:32:53
4953,緯軟,2023-07-03,116.0,2.5,2.20%,,,,,,,,,ShowDailyK_ChartFlow,FinMind_API_TaiwanStockPrice_4953,True,2026-10-05T23:32:53,2026-10-05T23:32:53,2026-10-05T23:32:53
4953,緯軟,2023-07-04,111.0,-5.0,-4.31%,,,,,,,,,ShowDailyK_ChartFlow,FinMind_API_TaiwanStockPrice_4953,True,2026-10-05T23:32:53,2026-10-05T23:32:53,2026-10-05T23:32:53
4953,緯軟,2023-07-05,113.0,2.0,1.80%,,,,,,,,,ShowDailyK_ChartFlow,FinMind_API_TaiwanStockPrice_4953,True,2026-10-05T23:32:53,2026-10-05T23:32:53,2026-10-05T23:32:53
4953,緯軟,2023-07-06,111.0,-2.0,-1.77%,,,,,,,,,ShowDailyK_ChartFlow,FinMind_API_TaiwanStockPrice_4953,True,2026-10-05T23:32:53,2026-10-05T23:32:53,2026-10-05T23:32:53
4953,緯軟,2023-07-07,113.0,2.0,1.80%,,,,,,,,,ShowDailyK_ChartFlow,FinMind_API_TaiwanStockPrice_4953,True,2026-10-05T23:32:53,2026-10-05T23:32:53,2026-10-05T23:32:53
4953,緯軟,2023-07-10,112.0,-1.0,-0.88%,,,,,,,,,ShowDailyK_ChartFlow,FinMind_API_TaiwanStockPrice_4953,True,2026-10-05T23:32:53,2026-10-05T23:32:53,2026-10-05T23:32:53
4953,緯軟,2023-07-11,116.5,4.5,4.02%,,,,,,,,,ShowDailyK_ChartFlow,FinMind_API_TaiwanStockPrice_4953,True,2026-10-05T23:32:53,2026-10-05T23:32:53,2026-10-05T23:32:53
4953,緯軟,2023-07-12,121.0,4.5,3.86%,,,,,,,,,ShowDailyK_ChartFlow,FinMind_API_TaiwanStockPrice_4953,True,2026-10-05T23:32:53,2026-10-05T23:32:53,2026-10-05T23:32:53
4953,緯軟,2023-07-13,126.5,5.5,4.55%,,,,,,,,,ShowDailyK_ChartFlow,FinMind_API_TaiwanStockPrice_4953,True,2026-10-05T23:32:53,2026-10-05T23:32:53,2026-10-05T23:32:53
4953,緯軟,2023-07-14,126.0,-0.5,-0.40%,,,,,,,,,ShowDailyK_ChartFlow,FinMind_API_TaiwanStockPrice_4953,True,2026-10-05T23:32:53,2026-10-05T23:32:53,2026-10-05T23:32:53
4953,緯軟,2023-07-17,127.5,1.5,1.19%,,,,,,,,,ShowDailyK_ChartFlow,FinMind_API_TaiwanStockPrice_4953,True,2026-10-05T23:32:53,2026-10-05T23:32:53,2026-10-05T23:32:53
4953,緯軟,2023-07-18,127.0,-0.5,-0.39%,,,,,,,,,ShowDailyK_ChartFlow,FinMind_API_TaiwanStockPrice_4953,True,2026-10-05T23:32:53,2026-10-05T23:32:53,2026-10-05T23:32:53
4953,緯軟,2023-07-19,126.0,-1.0,-0.79%,,,,,,,,,ShowDailyK_ChartFlow,FinMind_API_TaiwanStockPrice_4953,True,2026-10-05T23:32:53,2026-10-05T23:32:53,2026-10-05T23:32:53
4953,緯軟,2023-07-20,138.5,12.5,9.92%,,,,,,,,,ShowDailyK_ChartFlow,FinMind_API_TaiwanStockPrice_4953,True,2026-10-05T23:32:53,2026-10-05T23:32:53,2026-10-05T23:32:53
4953,緯軟,2023-07-21,141.0,2.5,1.81%,,,,,,,,,ShowDailyK_ChartFlow,FinMind_API_TaiwanStockPrice_4953,True,2026-10-05T23:32:53,2026-10-05T23:32:53,2026-10-05T23:32:53
4953,緯軟,2023-07-24,155.0,14.0,9.93%,,,,,,,,,ShowDailyK_ChartFlow,FinMind_API_TaiwanStockPrice_4953,True,2026-10-05T23:32:53,2026-10-05T23:32:53,2026-10-05T23:32:53
4953,緯軟,2023-07-25,162.0,7.0,4.52%,,,,,,,,,ShowDailyK_ChartFlow,FinMind_API_TaiwanStockPrice_4953,True,2026-10-05T23:32:53,2026-10-05T23:32:53,2026-10-05T23:32:53
4953,緯軟,2023-07-26,168.0,6.0,3.70%,,,,,,,,,ShowDailyK_ChartFlow,FinMind_API_TaiwanStockPrice_4953,True,2026-10-05T23:32:53,2026-10-05T23:32:53,2026-10-05T23:32:53
4953,緯軟,2023-07-27,166.0,-2.0,-1.19%,,,,,,,,,ShowDailyK_ChartFlow,FinMind_API_TaiwanStockPrice_4953,True,2026-10-05T23:32:53,2026-10-05T23:32:53,2026-10-05T23:32:53
4953,緯軟,2023-07-28,167.0,1.0,0.60%,,,,,,,,,ShowDailyK_ChartFlow,FinMind_API_TaiwanStockPrice_4953,True,2026-10-05T23:32:53,2026-10-05T23:32:53,2026-10-05T23:32:53
4953,緯軟,2023-07-31,157.0,-10.0,-5.99%,,,,,,,,,ShowDailyK_ChartFlow,FinMind_API_TaiwanStockPrice_4953,True,2026-10-05T23:32:53,2026-10-05T23:32:53,2026-10-05T23:32:53
4953,緯軟,2023-08-01,150.5,-6.5,-4.14%,,,,,,,,,ShowDailyK_ChartFlow,FinMind_API_TaiwanStockPrice_4953,True,2026-10-05T23:32:53,2026-10-05T23:32:53,2026-10-05T23:32:53
4953,緯軟,2023-08-02,142.0,-8.5,-5.65%,,,,,,,,,ShowDailyK_ChartFlow,FinMind_API_TaiwanStockPrice_4953,True,2026-10-05T23:32:53,2026-10-05T23:32:53,2026-10-05T23:32:53
4953,緯軟,2023-08-04,142.5,0.5,0.35%,,,,,,,,,ShowDailyK_ChartFlow,FinMind_API_TaiwanStockPrice_4953,True,2026-10-05T23:32:53,2026-10-05T23:32:53,2026-10-05T23:32:53
4953,緯軟,2023-08-07,144.0,1.5,1.05%,,,,,,,,,ShowDailyK_ChartFlow,FinMind_API_TaiwanStockPrice_4953,True,2026-10-05T23:32:53,2026-10-05T23:32:53,2026-10-05T23:32:53
4953,緯軟,2023-08-08,138.5,-5.5,-3.82%,,,,,,,,,ShowDailyK_ChartFlow,FinMind_API_TaiwanStockPrice_4953,True,2026-10-05T23:32:53,2026-10-05T23:32:53,2026-10-05T23:32:53
4953,緯軟,2023-08-09,133.5,-5.0,-3.61%,,,,,,,,,ShowDailyK_ChartFlow,FinMind_API_TaiwanStockPrice_4953,True,2026-10-05T23:32:53,2026-10-05T23:32:53,2026-10-05T23:32:53
4953,緯軟,2023-08-10,128.5,-5.0,-3.75%,,,,,,,,,ShowDailyK_ChartFlow,FinMind_API_TaiwanStockPrice_4953,True,2026-10-05T23:32:53,2026-10-05T23:32:53,2026-10-05T23:32:53
4953,緯軟,2023-08-11,127.0,-1.5,-1.17%,,,,,,,,,ShowDailyK_ChartFlow,FinMind_API_TaiwanStockPrice_4953,True,2026-10-05T23:32:53,2026-10-05T23:32:53,2026-10-05T23:32:53
4953,緯軟,2023-08-14,122.0,-5.0,-3.94%,,,,,,,,,ShowDailyK_ChartFlow,FinMind_API_TaiwanStockPrice_4953,True,2026-10-05T23:32:53,2026-10-05T23:32:53,2026-10-05T23:32:53
4953,緯軟,2023-08-15,124.5,2.5,2.05%,,,,,,,,,ShowDailyK_ChartFlow,FinMind_API_TaiwanStockPrice_4953,True,2026-10-05T23:32:53,2026-10-05T23:32:53,2026-10-05T23:32:53
4953,緯軟,2023-08-16,123.0,-1.5,-1.20%,,,,,,,,,ShowDailyK_ChartFlow,FinMind_API_TaiwanStockPrice_4953,True,2026-10-05T23:32:53,2026-10-05T23:32:53,2026-10-05T23:32:53
4953,緯軟,2023-08-17,127.5,4.5,3.66%,,,,,,,,,ShowDailyK_ChartFlow,FinMind_API_TaiwanStockPrice_4953,True,2026-10-05T23:32:53,2026-10-05T23:32:53,2026-10-05T23:32:53
4953,緯軟,2023-08-18,118.0,-9.5,-7.45%,,,,,,,,,ShowDailyK_ChartFlow,FinMind_API_TaiwanStockPrice_4953,True,2026-10-05T23:32:53,2026-10-05T23:32:53,2026-10-05T23:32:53
4953,緯軟,2023-08-21,118.0,0.0,0.00%,,,,,,,,,ShowDailyK_ChartFlow,FinMind_API_TaiwanStockPrice_4953,True,2026-10-05T23:32:53,2026-10-05T23:32:53,2026-10-05T23:32:53
4953,緯軟,2023-08-22,119.0,1.0,0.85%,,,,,,,,,ShowDailyK_ChartFlow,FinMind_API_TaiwanStockPrice_4953,True,2026-10-05T23:32:53,2026-10-05T23:32:53,2026-10-05T23:32:53
4953,緯軟,2023-08-23,119.5,0.5,0.42%,,,,,,,,,ShowDailyK_ChartFlow,FinMind_API_TaiwanStockPrice_4953,True,2026-10-05T23:32:53,2026-10-05T23:32:53,2026-10-05T23:32:53
4953,緯軟,2023-08-24,119.0,-0.5,-0.42%,,,,,,,,,ShowDailyK_ChartFlow,FinMind_API_TaiwanStockPrice_4953,True,2026-10-05T23:32:53,2026-10-05T23:32:53,2026-10-05T23:32:53
4953,緯軟,2023-08-25,115.5,-3.5,-2.94%,,,,,,,,,ShowDailyK_ChartFlow,FinMind_API_TaiwanStockPrice_4953,True,2026-10-05T23:32:53,2026-10-05T23:32:53,2026-10-05T23:32:53
4953,緯軟,2023-08-28,114.0,-1.5,-1.30%,,,,,,,,,ShowDailyK_ChartFlow,FinMind_API_TaiwanStockPrice_4953,True,2026-10-05T23:32:53,2026-10-05T23:32:53,2026-10-05T23:32:53
4953,緯軟,2023-08-29,114.0,0.0,0.00%,,,,,,,,,ShowDailyK_ChartFlow,FinMind_API_TaiwanStockPrice_4953,True,2026-10-05T23:32:53,2026-10-05T23:32:53,2026-10-05T23:32:53
4953,緯軟,2023-08-30,115.0,1.0,0.88%,,,,,,,,,ShowDailyK_ChartFlow,FinMind_API_TaiwanStockPrice_4953,True,2026-10-05T23:32:53,2026-10-05T23:32:53,2026-10-05T23:32:53
4953,緯軟,2023-08-31,115.5,0.5,0.43%,,,,,,,,,ShowDailyK_ChartFlow,FinMind_API_TaiwanStockPrice_4953,True,2026-10-05T23:32:53,2026-10-05T23:32:53,2026-10-05T23:32:53
4953,緯軟,2023-09-01,114.0,-1.5,-1.30%,,,,,,,,,ShowDailyK_ChartFlow,FinMind_API_TaiwanStockPrice_4953,True,2026-10-05T23:32:53,2026-10-05T23:32:53,2026-10-05T23:32:53
4953,緯軟,2023-09-04,116.5,2.5,2.19%,,,,,,,,,ShowDailyK_ChartFlow,FinMind_API_TaiwanStockPrice_4953,True,2026-10-05T23:32:53,2026-10-05T23:32:53,2026-10-05T23:32:53
4953,緯軟,2023-09-05,117.0,0.5,0.43%,,,,,,,,,ShowDailyK_ChartFlow,FinMind_API_TaiwanStockPrice_4953,True,2026-10-05T23:32:53,2026-10-05T23:32:53,2026-10-05T23:32:53
4953,緯軟,2023-09-06,117.0,0.0,0.00%,,,,,,,,,ShowDailyK_ChartFlow,FinMind_API_TaiwanStockPrice_4953,True,2026-10-05T23:32:53,2026-10-05T23:32:53,2026-10-05T23:32:53
4953,緯軟,2023-09-07,116.0,-1.0,-0.85%,,,,,,,,,ShowDailyK_ChartFlow,FinMind_API_TaiwanStockPrice_4953,True,2026-10-05T23:32:53,2026-10-05T23:32:53,2026-10-05T23:32:53
4953,緯軟,2023-09-08,121.5,5.5,4.74%,,,,,,,,,ShowDailyK_ChartFlow,FinMind_API_TaiwanStockPrice_4953,True,2026-10-05T23:32:53,2026-10-05T23:32:53,2026-10-05T23:32:53
4953,緯軟,2023-09-11,117.0,-4.5,-3.70%,,,,,,,,,ShowDailyK_ChartFlow,FinMind_API_TaiwanStockPrice_4953,True,2026-10-05T23:32:53,2026-10-05T23:32:53,2026-10-05T23:32:53
4953,緯軟,2023-09-12,122.5,5.5,4.70%,,,,,,,,,ShowDailyK_ChartFlow,FinMind_API_TaiwanStockPrice_4953,True,2026-10-05T23:32:53,2026-10-05T23:32:53,2026-10-05T23:32:53
4953,緯軟,2023-09-13,122.0,-0.5,-0.41%,,,,,,,,,ShowDailyK_ChartFlow,FinMind_API_TaiwanStockPrice_4953,True,2026-10-05T23:32:53,2026-10-05T23:32:53,2026-10-05T23:32:53
4953,緯軟,2023-09-14,123.5,1.5,1.23%,,,,,,,,,ShowDailyK_ChartFlow,FinMind_API_TaiwanStockPrice_4953,True,2026-10-05T23:32:53,2026-10-05T23:32:53,2026-10-05T23:32:53
4953,緯軟,2023-09-15,122.0,-1.5,-1.21%,,,,,,,,,ShowDailyK_ChartFlow,FinMind_API_TaiwanStockPrice_4953,True,2026-10-05T23:32:53,2026-10-05T23:32:53,2026-10-05T23:32:53
4953,緯軟,2023-09-18,120.0,-2.0,-1.64%,,,,,,,,,ShowDailyK_ChartFlow,FinMind_API_TaiwanStockPrice_4953,True,2026-10-05T23:32:53,2026-10-05T23:32:53,2026-10-05T23:32:53
4953,緯軟,2023-09-19,117.5,-2.5,-2.08%,,,,,,,,,ShowDailyK_ChartFlow,FinMind_API_TaiwanStockPrice_4953,True,2026-10-05T23:32:53,2026-10-05T23:32:53,2026-10-05T23:32:53
4953,緯軟,2023-09-20,115.5,-2.0,-1.70%,,,,,,,,,ShowDailyK_ChartFlow,FinMind_API_TaiwanStockPrice_4953,True,2026-10-05T23:32:53,2026-10-05T23:32:53,2026-10-05T23:32:53
4953,緯軟,2023-09-21,115.0,-0.5,-0.43%,,,,,,,,,ShowDailyK_ChartFlow,FinMind_API_TaiwanStockPrice_4953,True,2026-10-05T23:32:53,2026-10-05T23:32:53,2026-10-05T23:32:53
4953,緯軟,2023-09-22,116.5,1.5,1.30%,,,,,,,,,ShowDailyK_ChartFlow,FinMind_API_TaiwanStockPrice_4953,True,2026-10-05T23:32:53,2026-10-05T23:32:53,2026-10-05T23:32:53
4953,緯軟,2023-09-25,116.5,0.0,0.00%,,,,,,,,,ShowDailyK_ChartFlow,FinMind_API_TaiwanStockPrice_4953,True,2026-10-05T23:32:53,2026-10-05T23:32:53,2026-10-05T23:32:53
4953,緯軟,2023-09-26,114.5,-2.0,-1.72%,,,,,,,,,ShowDailyK_ChartFlow,FinMind_API_TaiwanStockPrice_4953,True,2026-10-05T23:32:53,2026-10-05T23:32:53,2026-10-05T23:32:53
4953,緯軟,2023-09-27,117.5,3.0,2.62%,,,,,,,,,ShowDailyK_ChartFlow,FinMind_API_TaiwanStockPrice_4953,True,2026-10-05T23:32:53,2026-10-05T23:32:53,2026-10-05T23:32:53
4953,緯軟,2023-09-28,117.5,0.0,0.00%,,,,,,,,,ShowDailyK_ChartFlow,FinMind_API_TaiwanStockPrice_4953,True,2026-10-05T23:32:53,2026-10-05T23:32:53,2026-10-05T23:32:53
4953,緯軟,2023-10-02,123.5,6.0,5.11%,,,,,,,,,ShowDailyK_ChartFlow,FinMind_API_TaiwanStockPrice_4953,True,2026-10-05T23:32:53,2026-10-05T23:32:53,2026-10-05T23:32:53
4953,緯軟,2023-10-03,122.0,-1.5,-1.21%,,,,,,,,,ShowDailyK_ChartFlow,FinMind_API_TaiwanStockPrice_4953,True,2026-10-05T23:32:53,2026-10-05T23:32:53,2026-10-05T23:32:53
4953,緯軟,2023-10-04,119.0,-3.0,-2.46%,,,,,,,,,ShowDailyK_ChartFlow,FinMind_API_TaiwanStockPrice_4953,True,2026-10-05T23:32:53,2026-10-05T23:32:53,2026-10-05T23:32:53
4953,緯軟,2023-10-05,119.5,0.5,0.42%,,,,,,,,,ShowDailyK_ChartFlow,FinMind_API_TaiwanStockPrice_4953,True,2026-10-05T23:32:53,2026-10-05T23:32:53,2026-10-05T23:32:53
4953,緯軟,2023-10-06,124.5,5.0,4.18%,,,,,,,,,ShowDailyK_ChartFlow,FinMind_API_TaiwanStockPrice_4953,True,2026-10-05T23:32:53,2026-10-05T23:32:53,2026-10-05T23:32:53
4953,緯軟,2023-10-11,120.5,-4.0,-3.21%,,,,,,,,,ShowDailyK_ChartFlow,FinMind_API_TaiwanStockPrice_4953,True,2026-10-05T23:32:53,2026-10-05T23:32:53,2026-10-05T23:32:53
4953,緯軟,2023-10-12,124.0,3.5,2.90%,,,,,,,,,ShowDailyK_ChartFlow,FinMind_API_TaiwanStockPrice_4953,True,2026-10-05T23:32:53,2026-10-05T23:32:53,2026-10-05T23:32:53
4953,緯軟,2023-10-13,122.0,-2.0,-1.61%,,,,,,,,,ShowDailyK_ChartFlow,FinMind_API_TaiwanStockPrice_4953,True,2026-10-05T23:32:53,2026-10-05T23:32:53,2026-10-05T23:32:53
4953,緯軟,2023-10-16,118.0,-4.0,-3.28%,,,,,,,,,ShowDailyK_ChartFlow,FinMind_API_TaiwanStockPrice_4953,True,2026-10-05T23:32:53,2026-10-05T23:32:53,2026-10-05T23:32:53
4953,緯軟,2023-10-17,117.0,-1.0,-0.85%,,,,,,,,,ShowDailyK_ChartFlow,FinMind_API_TaiwanStockPrice_4953,True,2026-10-05T23:32:53,2026-10-05T23:32:53,2026-10-05T23:32:53
4953,緯軟,2023-10-18,114.5,-2.5,-2.14%,,,,,,,,,ShowDailyK_ChartFlow,FinMind_API_TaiwanStockPrice_4953,True,2026-10-05T23:32:53,2026-10-05T23:32:53,2026-10-05T23:32:53
4953,緯軟,2023-10-19,116.0,1.5,1.31%,,,,,,,,,ShowDailyK_ChartFlow,FinMind_API_TaiwanStockPrice_4953,True,2026-10-05T23:32:53,2026-10-05T23:32:53,2026-10-05T23:32:53
4953,緯軟,2023-10-20,115.0,-1.0,-0.86%,,,,,,,,,ShowDailyK_ChartFlow,FinMind_API_TaiwanStockPrice_4953,True,2026-10-05T23:32:53,2026-10-05T23:32:53,2026-10-05T23:32:53
4953,緯軟,2023-10-23,114.5,-0.5,-0.43%,,,,,,,,,ShowDailyK_ChartFlow,FinMind_API_TaiwanStockPrice_4953,True,2026-10-05T23:32:53,2026-10-05T23:32:53,2026-10-05T23:32:53
4953,緯軟,2023-10-24,117.5,3.0,2.62%,,,,,,,,,ShowDailyK_ChartFlow,FinMind_API_TaiwanStockPrice_4953,True,2026-10-05T23:32:53,2026-10-05T23:32:53,2026-10-05T23:32:53
4953,緯軟,2023-10-25,118.0,0.5,0.43%,,,,,,,,,ShowDailyK_ChartFlow,FinMind_API_TaiwanStockPrice_4953,True,2026-10-05T23:32:53,2026-10-05T23:32:53,2026-10-05T23:32:53
4953,緯軟,2023-10-26,114.5,-3.5,-2.97%,,,,,,,,,ShowDailyK_ChartFlow,FinMind_API_TaiwanStockPrice_4953,True,2026-10-05T23:32:53,2026-10-05T23:32:53,2026-10-05T23:32:53
4953,緯軟,2023-10-27,114.5,0.0,0.00%,,,,,,,,,ShowDailyK_ChartFlow,FinMind_API_TaiwanStockPrice_4953,True,2026-10-05T23:32:53,2026-10-05T23:32:53,2026-10-05T23:32:53
4953,緯軟,2023-10-30,115.0,0.5,0.44%,,,,,,,,,ShowDailyK_ChartFlow,FinMind_API_TaiwanStockPrice_4953,True,2026-10-05T23:32:53,2026-10-05T23:32:53,2026-10-05T23:32:53
4953,緯軟,2023-10-31,108.5,-6.5,-5.65%,,,,,,,,,ShowDailyK_ChartFlow,FinMind_API_TaiwanStockPrice_4953,True,2026-10-05T23:32:53,2026-10-05T23:32:53,2026-10-05T23:32:53
4953,緯軟,2023-11-01,107.5,-1.0,-0.92%,,,,,,,,,ShowDailyK_ChartFlow,FinMind_API_TaiwanStockPrice_4953,True,2026-10-05T23:32:53,2026-10-05T23:32:53,2026-10-05T23:32:53
4953,緯軟,2023-11-02,111.5,4.0,3.72%,,,,,,,,,ShowDailyK_ChartFlow,FinMind_API_TaiwanStockPrice_4953,True,2026-10-05T23:32:53,2026-10-05T23:32:53,2026-10-05T23:32:53
4953,緯軟,2023-11-03,113.0,1.5,1.35%,,,,,,,,,ShowDailyK_ChartFlow,FinMind_API_TaiwanStockPrice_4953,True,2026-10-05T23:32:53,2026-10-05T23:32:53,2026-10-05T23:32:53
4953,緯軟,2023-11-06,115.5,2.5,2.21%,,,,,,,,,ShowDailyK_ChartFlow,FinMind_API_TaiwanStockPrice_4953,True,2026-10-05T23:32:53,2026-10-05T23:32:53,2026-10-05T23:32:53
4953,緯軟,2023-11-07,116.5,1.0,0.87%,,,,,,,,,ShowDailyK_ChartFlow,FinMind_API_TaiwanStockPrice_4953,True,2026-10-05T23:32:53,2026-10-05T23:32:53,2026-10-05T23:32:53
4953,緯軟,2023-11-08,121.5,5.0,4.29%,,,,,,,,,ShowDailyK_ChartFlow,FinMind_API_TaiwanStockPrice_4953,True,2026-10-05T23:32:53,2026-10-05T23:32:53,2026-10-05T23:32:53
4953,緯軟,2023-11-09,122.0,0.5,0.41%,,,,,,,,,ShowDailyK_ChartFlow,FinMind_API_TaiwanStockPrice_4953,True,2026-10-05T23:32:53,2026-10-05T23:32:53,2026-10-05T23:32:53
4953,緯軟,2023-11-10,121.0,-1.0,-0.82%,,,,,,,,,ShowDailyK_ChartFlow,FinMind_API_TaiwanStockPrice_4953,True,2026-10-05T23:32:53,2026-10-05T23:32:53,2026-10-05T23:32:53
4953,緯軟,2023-11-13,121.0,0.0,0.00%,,,,,,,,,ShowDailyK_ChartFlow,FinMind_API_TaiwanStockPrice_4953,True,2026-10-05T23:32:53,2026-10-05T23:32:53,2026-10-05T23:32:53
4953,緯軟,2023-11-14,120.5,-0.5,-0.41%,,,,,,,,,ShowDailyK_ChartFlow,FinMind_API_TaiwanStockPrice_4953,True,2026-10-05T23:32:53,2026-10-05T23:32:53,2026-10-05T23:32:53
4953,緯軟,2023-11-15,120.5,0.0,0.00%,,,,,,,,,ShowDailyK_ChartFlow,FinMind_API_TaiwanStockPrice_4953,True,2026-10-05T23:32:53,2026-10-05T23:32:53,2026-10-05T23:32:53
4953,緯軟,2023-11-16,120.0,-0.5,-0.41%,,,,,,,,,ShowDailyK_ChartFlow,FinMind_API_TaiwanStockPrice_4953,True,2026-10-05T23:32:53,2026-10-05T23:32:53,2026-10-05T23:32:53
4953,緯軟,2023-11-17,120.5,0.5,0.42%,,,,,,,,,ShowDailyK_ChartFlow,FinMind_API_TaiwanStockPrice_4953,True,2026-10-05T23:32:53,2026-10-05T23:32:53,2026-10-05T23:32:53
4953,緯軟,2023-11-20,121.5,1.0,0.83%,,,,,,,,,ShowDailyK_ChartFlow,FinMind_API_TaiwanStockPrice_4953,True,2026-10-05T23:32:53,2026-10-05T23:32:53,2026-10-05T23:32:53
4953,緯軟,2023-11-21,122.5,1.0,0.82%,,,,,,,,,ShowDailyK_ChartFlow,FinMind_API_TaiwanStockPrice_4953,True,2026-10-05T23:32:53,2026-10-05T23:32:53,2026-10-05T23:32:53
4953,緯軟,2023-11-22,129.0,6.5,5.31%,,,,,,,,,ShowDailyK_ChartFlow,FinMind_API_TaiwanStockPrice_4953,True,2026-10-05T23:32:53,2026-10-05T23:32:53,2026-10-05T23:32:53
4953,緯軟,2023-11-23,125.5,-3.5,-2.71%,,,,,,,,,ShowDailyK_ChartFlow,FinMind_API_TaiwanStockPrice_4953,True,2026-10-05T23:32:53,2026-10-05T23:32:53,2026-10-05T23:32:53
4953,緯軟,2023-11-24,127.5,2.0,1.59%,,,,,,,,,ShowDailyK_ChartFlow,FinMind_API_TaiwanStockPrice_4953,True,2026-10-05T23:32:53,2026-10-05T23:32:53,2026-10-05T23:32:53
4953,緯軟,2023-11-27,123.5,-4.0,-3.14%,,,,,,,,,ShowDailyK_ChartFlow,FinMind_API_TaiwanStockPrice_4953,True,2026-10-05T23:32:53,2026-10-05T23:32:53,2026-10-05T23:32:53
4953,緯軟,2023-11-28,123.5,0.0,0.00%,,,,,,,,,ShowDailyK_ChartFlow,FinMind_API_TaiwanStockPrice_4953,True,2026-10-05T23:32:53,2026-10-05T23:32:53,2026-10-05T23:32:53
4953,緯軟,2023-11-29,126.5,3.0,2.43%,,,,,,,,,ShowDailyK_ChartFlow,FinMind_API_TaiwanStockPrice_4953,True,2026-10-05T23:32:53,2026-10-05T23:32:53,2026-10-05T23:32:53
4953,緯軟,2023-11-30,127.0,0.5,0.40%,,,,,,,,,ShowDailyK_ChartFlow,FinMind_API_TaiwanStockPrice_4953,True,2026-10-05T23:32:53,2026-10-05T23:32:53,2026-10-05T23:32:53
4953,緯軟,2023-12-01,127.5,0.5,0.39%,,,,,,,,,ShowDailyK_ChartFlow,FinMind_API_TaiwanStockPrice_4953,True,2026-10-05T23:32:53,2026-10-05T23:32:53,2026-10-05T23:32:53
4953,緯軟,2023-12-04,132.5,5.0,3.92%,,,,,,,,,ShowDailyK_ChartFlow,FinMind_API_TaiwanStockPrice_4953,True,2026-10-05T23:32:53,2026-10-05T23:32:53,2026-10-05T23:32:53
4953,緯軟,2023-12-05,135.5,3.0,2.26%,,,,,,,,,ShowDailyK_ChartFlow,FinMind_API_TaiwanStockPrice_4953,True,2026-10-05T23:32:53,2026-10-05T23:32:53,2026-10-05T23:32:53
4953,緯軟,2023-12-06,135.5,0.0,0.00%,,,,,,,,,ShowDailyK_ChartFlow,FinMind_API_TaiwanStockPrice_4953,True,2026-10-05T23:32:53,2026-10-05T23:32:53,2026-10-05T23:32:53
4953,緯軟,2023-12-07,138.5,3.0,2.21%,,,,,,,,,ShowDailyK_ChartFlow,FinMind_API_TaiwanStockPrice_4953,True,2026-10-05T23:32:53,2026-10-05T23:32:53,2026-10-05T23:32:53
4953,緯軟,2023-12-08,142.5,4.0,2.89%,,,,,,,,,ShowDailyK_ChartFlow,FinMind_API_TaiwanStockPrice_4953,True,2026-10-05T23:32:53,2026-10-05T23:32:53,2026-10-05T23:32:53
4953,緯軟,2023-12-11,137.5,-5.0,-3.51%,,,,,,,,,ShowDailyK_ChartFlow,FinMind_API_TaiwanStockPrice_4953,True,2026-10-05T23:32:53,2026-10-05T23:32:53,2026-10-05T23:32:53
4953,緯軟,2023-12-12,139.0,1.5,1.09%,,,,,,,,,ShowDailyK_ChartFlow,FinMind_API_TaiwanStockPrice_4953,True,2026-10-05T23:32:53,2026-10-05T23:32:53,2026-10-05T23:32:53
4953,緯軟,2023-12-13,138.0,-1.0,-0.72%,,,,,,,,,ShowDailyK_ChartFlow,FinMind_API_TaiwanStockPrice_4953,True,2026-10-05T23:32:53,2026-10-05T23:32:53,2026-10-05T23:32:53
4953,緯軟,2023-12-14,138.0,0.0,0.00%,,,,,,,,,ShowDailyK_ChartFlow,FinMind_API_TaiwanStockPrice_4953,True,2026-10-05T23:32:53,2026-10-05T23:32:53,2026-10-05T23:32:53
4953,緯軟,2023-12-15,135.0,-3.0,-2.17%,,,,,,,,,ShowDailyK_ChartFlow,FinMind_API_TaiwanStockPrice_4953,True,2026-10-05T23:32:53,2026-10-05T23:32:53,2026-10-05T23:32:53
4953,緯軟,2023-12-18,137.0,2.0,1.48%,,,,,,,,,ShowDailyK_ChartFlow,FinMind_API_TaiwanStockPrice_4953,True,2026-10-05T23:32:53,2026-10-05T23:32:53,2026-10-05T23:32:53
4953,緯軟,2023-12-19,139.5,2.5,1.82%,,,,,,,,,ShowDailyK_ChartFlow,FinMind_API_TaiwanStockPrice_4953,True,2026-10-05T23:32:53,2026-10-05T23:32:53,2026-10-05T23:32:53
4953,緯軟,2023-12-20,137.5,-2.0,-1.43%,,,,,,,,,ShowDailyK_ChartFlow,FinMind_API_TaiwanStockPrice_4953,True,2026-10-05T23:32:53,2026-10-05T23:32:53,2026-10-05T23:32:53
4953,緯軟,2023-12-21,136.0,-1.5,-1.09%,,,,,,,,,ShowDailyK_ChartFlow,FinMind_API_TaiwanStockPrice_4953,True,2026-10-05T23:32:53,2026-10-05T23:32:53,2026-10-05T23:32:53
4953,緯軟,2023-12-22,136.0,0.0,0.00%,,,,,,,,,ShowDailyK_ChartFlow,FinMind_API_TaiwanStockPrice_4953,True,2026-10-05T23:32:53,2026-10-05T23:32:53,2026-10-05T23:32:53
4953,緯軟,2023-12-25,136.0,0.0,0.00%,,,,,,,,,ShowDailyK_ChartFlow,FinMind_API_TaiwanStockPrice_4953,True,2026-10-05T23:32:53,2026-10-05T23:32:53,2026-10-05T23:32:53
4953,緯軟,2023-12-26,138.5,2.5,1.84%,,,,,,,,,ShowDailyK_ChartFlow,FinMind_API_TaiwanStockPrice_4953,True,2026-10-05T23:32:53,2026-10-05T23:32:53,2026-10-05T23:32:53
4953,緯軟,2023-12-27,136.5,-2.0,-1.44%,,,,,,,,,ShowDailyK_ChartFlow,FinMind_API_TaiwanStockPrice_4953,True,2026-10-05T23:32:53,2026-10-05T23:32:53,2026-10-05T23:32:53
4953,緯軟,2023-12-28,130.5,-6.0,-4.40%,,,,,,,,,ShowDailyK_ChartFlow,FinMind_API_TaiwanStockPrice_4953,True,2026-10-05T23:32:53,2026-10-05T23:32:53,2026-10-05T23:32:53
4953,緯軟,2023-12-29,132.0,1.5,1.15%,,,,,,,,,ShowDailyK_ChartFlow,FinMind_API_TaiwanStockPrice_4953,True,2026-10-05T23:32:53,2026-10-05T23:32:53,2026-10-05T23:32:53
4953,緯軟,2024-01-02,133.0,1.0,0.76%,,,,,,,,,ShowDailyK_ChartFlow,FinMind_API_TaiwanStockPrice_4953,True,2026-10-05T23:32:53,2026-10-05T23:32:53,2026-10-05T23:32:53
4953,緯軟,2024-01-03,131.5,-1.5,-1.13%,,,,,,,,,ShowDailyK_ChartFlow,FinMind_API_TaiwanStockPrice_4953,True,2026-10-05T23:32:53,2026-10-05T23:32:53,2026-10-05T23:32:53
4953,緯軟,2024-01-04,128.5,-3.0,-2.28%,,,,,,,,,ShowDailyK_ChartFlow,FinMind_API_TaiwanStockPrice_4953,True,2026-10-05T23:32:53,2026-10-05T23:32:53,2026-10-05T23:32:53
4953,緯軟,2024-01-05,130.0,1.5,1.17%,,,,,,,,,ShowDailyK_ChartFlow,FinMind_API_TaiwanStockPrice_4953,True,2026-10-05T23:32:53,2026-10-05T23:32:53,2026-10-05T23:32:53
4953,緯軟,2024-01-08,131.5,1.5,1.15%,,,,,,,,,ShowDailyK_ChartFlow,FinMind_API_TaiwanStockPrice_4953,True,2026-10-05T23:32:53,2026-10-05T23:32:53,2026-10-05T23:32:53
4953,緯軟,2024-01-09,134.0,2.5,1.90%,,,,,,,,,ShowDailyK_ChartFlow,FinMind_API_TaiwanStockPrice_4953,True,2026-10-05T23:32:53,2026-10-05T23:32:53,2026-10-05T23:32:53
4953,緯軟,2024-01-10,132.0,-2.0,-1.49%,,,,,,,,,ShowDailyK_ChartFlow,FinMind_API_TaiwanStockPrice_4953,True,2026-10-05T23:32:53,2026-10-05T23:32:53,2026-10-05T23:32:53
4953,緯軟,2024-01-11,133.0,1.0,0.76%,,,,,,,,,ShowDailyK_ChartFlow,FinMind_API_TaiwanStockPrice_4953,True,2026-10-05T23:32:53,2026-10-05T23:32:53,2026-10-05T23:32:53
4953,緯軟,2024-01-12,130.5,-2.5,-1.88%,,,,,,,,,ShowDailyK_ChartFlow,FinMind_API_TaiwanStockPrice_4953,True,2026-10-05T23:32:53,2026-10-05T23:32:53,2026-10-05T23:32:53
4953,緯軟,2024-01-15,132.0,1.5,1.15%,,,,,,,,,ShowDailyK_ChartFlow,FinMind_API_TaiwanStockPrice_4953,True,2026-10-05T23:32:53,2026-10-05T23:32:53,2026-10-05T23:32:53
4953,緯軟,2024-01-16,135.5,3.5,2.65%,,,,,,,,,ShowDailyK_ChartFlow,FinMind_API_TaiwanStockPrice_4953,True,2026-10-05T23:32:53,2026-10-05T23:32:53,2026-10-05T23:32:53
4953,緯軟,2024-01-17,136.5,1.0,0.74%,,,,,,,,,ShowDailyK_ChartFlow,FinMind_API_TaiwanStockPrice_4953,True,2026-10-05T23:32:53,2026-10-05T23:32:53,2026-10-05T23:32:53
4953,緯軟,2024-01-18,136.5,0.0,0.00%,,,,,,,,,ShowDailyK_ChartFlow,FinMind_API_TaiwanStockPrice_4953,True,2026-10-05T23:32:53,2026-10-05T23:32:53,2026-10-05T23:32:53
4953,緯軟,2024-01-19,141.5,5.0,3.66%,,,,,,,,,ShowDailyK_ChartFlow,FinMind_API_TaiwanStockPrice_4953,True,2026-10-05T23:32:53,2026-10-05T23:32:53,2026-10-05T23:32:53
4953,緯軟,2024-01-22,142.5,1.0,0.71%,,,,,,,,,ShowDailyK_ChartFlow,FinMind_API_TaiwanStockPrice_4953,True,2026-10-05T23:32:53,2026-10-05T23:32:53,2026-10-05T23:32:53
4953,緯軟,2024-01-23,138.5,-4.0,-2.81%,,,,,,,,,ShowDailyK_ChartFlow,FinMind_API_TaiwanStockPrice_4953,True,2026-10-05T23:32:53,2026-10-05T23:32:53,2026-10-05T23:32:53
4953,緯軟,2024-01-24,138.0,-0.5,-0.36%,,,,,,,,,ShowDailyK_ChartFlow,FinMind_API_TaiwanStockPrice_4953,True,2026-10-05T23:32:53,2026-10-05T23:32:53,2026-10-05T23:32:53
4953,緯軟,2024-01-25,137.5,-0.5,-0.36%,,,,,,,,,ShowDailyK_ChartFlow,FinMind_API_TaiwanStockPrice_4953,True,2026-10-05T23:32:53,2026-10-05T23:32:53,2026-10-05T23:32:53
4953,緯軟,2024-01-26,138.0,0.5,0.36%,,,,,,,,,ShowDailyK_ChartFlow,FinMind_API_TaiwanStockPrice_4953,True,2026-10-05T23:32:53,2026-10-05T23:32:53,2026-10-05T23:32:53
4953,緯軟,2024-01-29,140.5,2.5,1.81%,,,,,,,,,ShowDailyK_ChartFlow,FinMind_API_TaiwanStockPrice_4953,True,2026-10-05T23:32:53,2026-10-05T23:32:53,2026-10-05T23:32:53
4953,緯軟,2024-01-30,140.5,0.0,0.00%,,,,,,,,,ShowDailyK_ChartFlow,FinMind_API_TaiwanStockPrice_4953,True,2026-10-05T23:32:53,2026-10-05T23:32:53,2026-10-05T23:32:53
4953,緯軟,2024-01-31,137.0,-3.5,-2.49%,,,,,,,,,ShowDailyK_ChartFlow,FinMind_API_TaiwanStockPrice_4953,True,2026-10-05T23:32:53,2026-10-05T23:32:53,2026-10-05T23:32:53
4953,緯軟,2024-02-01,134.0,-3.0,-2.19%,,,,,,,,,ShowDailyK_ChartFlow,FinMind_API_TaiwanStockPrice_4953,True,2026-10-05T23:32:53,2026-10-05T23:32:53,2026-10-05T23:32:53
4953,緯軟,2024-02-02,136.0,2.0,1.49%,,,,,,,,,ShowDailyK_ChartFlow,FinMind_API_TaiwanStockPrice_4953,True,2026-10-05T23:32:53,2026-10-05T23:32:53,2026-10-05T23:32:53
4953,緯軟,2024-02-05,135.0,-1.0,-0.74%,,,,,,,,,ShowDailyK_ChartFlow,FinMind_API_TaiwanStockPrice_4953,True,2026-10-05T23:32:53,2026-10-05T23:32:53,2026-10-05T23:32:53
4953,緯軟,2024-02-15,142.0,7.0,5.19%,,,,,,,,,ShowDailyK_ChartFlow,FinMind_API_TaiwanStockPrice_4953,True,2026-10-05T23:32:53,2026-10-05T23:32:53,2026-10-05T23:32:53
4953,緯軟,2024-02-16,142.0,0.0,0.00%,,,,,,,,,ShowDailyK_ChartFlow,FinMind_API_TaiwanStockPrice_4953,True,2026-10-05T23:32:53,2026-10-05T23:32:53,2026-10-05T23:32:53
4953,緯軟,2024-02-19,140.5,-1.5,-1.06%,,,,,,,,,ShowDailyK_ChartFlow,FinMind_API_TaiwanStockPrice_4953,True,2026-10-05T23:32:53,2026-10-05T23:32:53,2026-10-05T23:32:53
4953,緯軟,2024-02-20,149.5,9.0,6.41%,,,,,,,,,ShowDailyK_ChartFlow,FinMind_API_TaiwanStockPrice_4953,True,2026-10-05T23:32:53,2026-10-05T23:32:53,2026-10-05T23:32:53
4953,緯軟,2024-02-21,148.0,-1.5,-1.00%,,,,,,,,,ShowDailyK_ChartFlow,FinMind_API_TaiwanStockPrice_4953,True,2026-10-05T23:32:53,2026-10-05T23:32:53,2026-10-05T23:32:53
4953,緯軟,2024-02-22,150.0,2.0,1.35%,,,,,,,,,ShowDailyK_ChartFlow,FinMind_API_TaiwanStockPrice_4953,True,2026-10-05T23:32:53,2026-10-05T23:32:53,2026-10-05T23:32:53
4953,緯軟,2024-02-23,152.0,2.0,1.33%,,,,,,,,,ShowDailyK_ChartFlow,FinMind_API_TaiwanStockPrice_4953,True,2026-10-05T23:32:53,2026-10-05T23:32:53,2026-10-05T23:32:53
4953,緯軟,2024-02-26,147.5,-4.5,-2.96%,,,,,,,,,ShowDailyK_ChartFlow,FinMind_API_TaiwanStockPrice_4953,True,2026-10-05T23:32:53,2026-10-05T23:32:53,2026-10-05T23:32:53
4953,緯軟,2024-02-27,144.0,-3.5,-2.37%,,,,,,,,,ShowDailyK_ChartFlow,FinMind_API_TaiwanStockPrice_4953,True,2026-10-05T23:32:53,2026-10-05T23:32:53,2026-10-05T23:32:53
4953,緯軟,2024-02-29,145.0,1.0,0.69%,,,,,,,,,ShowDailyK_ChartFlow,FinMind_API_TaiwanStockPrice_4953,True,2026-10-05T23:32:53,2026-10-05T23:32:53,2026-10-05T23:32:53
4953,緯軟,2024-03-01,145.5,0.5,0.34%,,,,,,,,,ShowDailyK_ChartFlow,FinMind_API_TaiwanStockPrice_4953,True,2026-10-05T23:32:53,2026-10-05T23:32:53,2026-10-05T23:32:53
4953,緯軟,2024-03-04,145.5,0.0,0.00%,,,,,,,,,ShowDailyK_ChartFlow,FinMind_API_TaiwanStockPrice_4953,True,2026-10-05T23:32:53,2026-10-05T23:32:53,2026-10-05T23:32:53
4953,緯軟,2024-03-05,146.5,1.0,0.69%,,,,,,,,,ShowDailyK_ChartFlow,FinMind_API_TaiwanStockPrice_4953,True,2026-10-05T23:32:53,2026-10-05T23:32:53,2026-10-05T23:32:53
4953,緯軟,2024-03-06,146.0,-0.5,-0.34%,,,,,,,,,ShowDailyK_ChartFlow,FinMind_API_TaiwanStockPrice_4953,True,2026-10-05T23:32:53,2026-10-05T23:32:53,2026-10-05T23:32:53
4953,緯軟,2024-03-07,141.0,-5.0,-3.42%,,,,,,,,,ShowDailyK_ChartFlow,FinMind_API_TaiwanStockPrice_4953,True,2026-10-05T23:32:53,2026-10-05T23:32:53,2026-10-05T23:32:53
4953,緯軟,2024-03-08,142.5,1.5,1.06%,,,,,,,,,ShowDailyK_ChartFlow,FinMind_API_TaiwanStockPrice_4953,True,2026-10-05T23:32:53,2026-10-05T23:32:53,2026-10-05T23:32:53
4953,緯軟,2024-03-11,145.0,2.5,1.75%,,,,,,,,,ShowDailyK_ChartFlow,FinMind_API_TaiwanStockPrice_4953,True,2026-10-05T23:32:53,2026-10-05T23:32:53,2026-10-05T23:32:53
4953,緯軟,2024-03-12,149.0,4.0,2.76%,,,,,,,,,ShowDailyK_ChartFlow,FinMind_API_TaiwanStockPrice_4953,True,2026-10-05T23:32:53,2026-10-05T23:32:53,2026-10-05T23:32:53
4953,緯軟,2024-03-13,146.0,-3.0,-2.01%,,,,,,,,,ShowDailyK_ChartFlow,FinMind_API_TaiwanStockPrice_4953,True,2026-10-05T23:32:53,2026-10-05T23:32:53,2026-10-05T23:32:53
4953,緯軟,2024-03-14,147.5,1.5,1.03%,,,,,,,,,ShowDailyK_ChartFlow,FinMind_API_TaiwanStockPrice_4953,True,2026-10-05T23:32:53,2026-10-05T23:32:53,2026-10-05T23:32:53
4953,緯軟,2024-03-15,150.5,3.0,2.03%,,,,,,,,,ShowDailyK_ChartFlow,FinMind_API_TaiwanStockPrice_4953,True,2026-10-05T23:32:53,2026-10-05T23:32:53,2026-10-05T23:32:53
4953,緯軟,2024-03-18,152.0,1.5,1.00%,,,,,,,,,ShowDailyK_ChartFlow,FinMind_API_TaiwanStockPrice_4953,True,2026-10-05T23:32:53,2026-10-05T23:32:53,2026-10-05T23:32:53
4953,緯軟,2024-03-19,152.5,0.5,0.33%,,,,,,,,,ShowDailyK_ChartFlow,FinMind_API_TaiwanStockPrice_4953,True,2026-10-05T23:32:53,2026-10-05T23:32:53,2026-10-05T23:32:53
4953,緯軟,2024-03-20,150.5,-2.0,-1.31%,,,,,,,,,ShowDailyK_ChartFlow,FinMind_API_TaiwanStockPrice_4953,True,2026-10-05T23:32:53,2026-10-05T23:32:53,2026-10-05T23:32:53
4953,緯軟,2024-03-21,151.0,0.5,0.33%,,,,,,,,,ShowDailyK_ChartFlow,FinMind_API_TaiwanStockPrice_4953,True,2026-10-05T23:32:53,2026-10-05T23:32:53,2026-10-05T23:32:53
4953,緯軟,2024-03-22,150.0,-1.0,-0.66%,,,,,,,,,ShowDailyK_ChartFlow,FinMind_API_TaiwanStockPrice_4953,True,2026-10-05T23:32:53,2026-10-05T23:32:53,2026-10-05T23:32:53
4953,緯軟,2024-03-25,146.5,-3.5,-2.33%,,,,,,,,,ShowDailyK_ChartFlow,FinMind_API_TaiwanStockPrice_4953,True,2026-10-05T23:32:53,2026-10-05T23:32:53,2026-10-05T23:32:53
4953,緯軟,2024-03-26,142.0,-4.5,-3.07%,,,,,,,,,ShowDailyK_ChartFlow,FinMind_API_TaiwanStockPrice_4953,True,2026-10-05T23:32:53,2026-10-05T23:32:53,2026-10-05T23:32:53
4953,緯軟,2024-03-27,144.0,2.0,1.41%,,,,,,,,,ShowDailyK_ChartFlow,FinMind_API_TaiwanStockPrice_4953,True,2026-10-05T23:32:53,2026-10-05T23:32:53,2026-10-05T23:32:53
4953,緯軟,2024-03-28,143.0,-1.0,-0.69%,,,,,,,,,ShowDailyK_ChartFlow,FinMind_API_TaiwanStockPrice_4953,True,2026-10-05T23:32:53,2026-10-05T23:32:53,2026-10-05T23:32:53
4953,緯軟,2024-03-29,143.5,0.5,0.35%,,,,,,,,,ShowDailyK_ChartFlow,FinMind_API_TaiwanStockPrice_4953,True,2026-10-05T23:32:53,2026-10-05T23:32:53,2026-10-05T23:32:53
4953,緯軟,2024-04-01,142.5,-1.0,-0.70%,,,,,,,,,ShowDailyK_ChartFlow,FinMind_API_TaiwanStockPrice_4953,True,2026-10-05T23:32:53,2026-10-05T23:32:53,2026-10-05T23:32:53
4953,緯軟,2024-04-02,144.0,1.5,1.05%,,,,,,,,,ShowDailyK_ChartFlow,FinMind_API_TaiwanStockPrice_4953,True,2026-10-05T23:32:53,2026-10-05T23:32:53,2026-10-05T23:32:53
4953,緯軟,2024-04-03,143.0,-1.0,-0.69%,,,,,,,,,ShowDailyK_ChartFlow,FinMind_API_TaiwanStockPrice_4953,True,2026-10-05T23:32:53,2026-10-05T23:32:53,2026-10-05T23:32:53
4953,緯軟,2024-04-08,145.0,2.0,1.40%,,,,,,,,,ShowDailyK_ChartFlow,FinMind_API_TaiwanStockPrice_4953,True,2026-10-05T23:32:53,2026-10-05T23:32:53,2026-10-05T23:32:53
4953,緯軟,2024-04-09,145.5,0.5,0.34%,,,,,,,,,ShowDailyK_ChartFlow,FinMind_API_TaiwanStockPrice_4953,True,2026-10-05T23:32:53,2026-10-05T23:32:53,2026-10-05T23:32:53
4953,緯軟,2024-04-10,144.0,-1.5,-1.03%,,,,,,,,,ShowDailyK_ChartFlow,FinMind_API_TaiwanStockPrice_4953,True,2026-10-05T23:32:53,2026-10-05T23:32:53,2026-10-05T23:32:53
4953,緯軟,2024-04-11,143.5,-0.5,-0.35%,,,,,,,,,ShowDailyK_ChartFlow,FinMind_API_TaiwanStockPrice_4953,True,2026-10-05T23:32:53,2026-10-05T23:32:53,2026-10-05T23:32:53
4953,緯軟,2024-04-12,142.5,-1.0,-0.70%,,,,,,,,,ShowDailyK_ChartFlow,FinMind_API_TaiwanStockPrice_4953,True,2026-10-05T23:32:53,2026-10-05T23:32:53,2026-10-05T23:32:53
4953,緯軟,2024-04-15,137.0,-5.5,-3.86%,,,,,,,,,ShowDailyK_ChartFlow,FinMind_API_TaiwanStockPrice_4953,True,2026-10-05T23:32:53,2026-10-05T23:32:53,2026-10-05T23:32:53
4953,緯軟,2024-04-16,135.0,-2.0,-1.46%,,,,,,,,,ShowDailyK_ChartFlow,FinMind_API_TaiwanStockPrice_4953,True,2026-10-05T23:32:53,2026-10-05T23:32:53,2026-10-05T23:32:53
4953,緯軟,2024-04-17,137.0,2.0,1.48%,,,,,,,,,ShowDailyK_ChartFlow,FinMind_API_TaiwanStockPrice_4953,True,2026-10-05T23:32:53,2026-10-05T23:32:53,2026-10-05T23:32:53
4953,緯軟,2024-04-18,141.0,4.0,2.92%,,,,,,,,,ShowDailyK_ChartFlow,FinMind_API_TaiwanStockPrice_4953,True,2026-10-05T23:32:53,2026-10-05T23:32:53,2026-10-05T23:32:53
4953,緯軟,2024-04-19,135.0,-6.0,-4.26%,,,,,,,,,ShowDailyK_ChartFlow,FinMind_API_TaiwanStockPrice_4953,True,2026-10-05T23:32:53,2026-10-05T23:32:53,2026-10-05T23:32:53
4953,緯軟,2024-04-22,133.5,-1.5,-1.11%,,,,,,,,,ShowDailyK_ChartFlow,FinMind_API_TaiwanStockPrice_4953,True,2026-10-05T23:32:53,2026-10-05T23:32:53,2026-10-05T23:32:53
4953,緯軟,2024-04-23,134.5,1.0,0.75%,,,,,,,,,ShowDailyK_ChartFlow,FinMind_API_TaiwanStockPrice_4953,True,2026-10-05T23:32:53,2026-10-05T23:32:53,2026-10-05T23:32:53
4953,緯軟,2024-04-24,136.0,1.5,1.12%,,,,,,,,,ShowDailyK_ChartFlow,FinMind_API_TaiwanStockPrice_4953,True,2026-10-05T23:32:53,2026-10-05T23:32:53,2026-10-05T23:32:53
4953,緯軟,2024-04-25,134.0,-2.0,-1.47%,,,,,,,,,ShowDailyK_ChartFlow,FinMind_API_TaiwanStockPrice_4953,True,2026-10-05T23:32:53,2026-10-05T23:32:53,2026-10-05T23:32:53
4953,緯軟,2024-04-26,135.5,1.5,1.12%,,,,,,,,,ShowDailyK_ChartFlow,FinMind_API_TaiwanStockPrice_4953,True,2026-10-05T23:32:53,2026-10-05T23:32:53,2026-10-05T23:32:53
4953,緯軟,2024-04-29,138.5,3.0,2.21%,,,,,,,,,ShowDailyK_ChartFlow,FinMind_API_TaiwanStockPrice_4953,True,2026-10-05T23:32:53,2026-10-05T23:32:53,2026-10-05T23:32:53
4953,緯軟,2024-04-30,138.5,0.0,0.00%,,,,,,,,,ShowDailyK_ChartFlow,FinMind_API_TaiwanStockPrice_4953,True,2026-10-05T23:32:53,2026-10-05T23:32:53,2026-10-05T23:32:53
4953,緯軟,2024-05-02,138.5,0.0,0.00%,,,,,,,,,ShowDailyK_ChartFlow,FinMind_API_TaiwanStockPrice_4953,True,2026-10-05T23:32:53,2026-10-05T23:32:53,2026-10-05T23:32:53
4953,緯軟,2024-05-03,137.0,-1.5,-1.08%,,,,,,,,,ShowDailyK_ChartFlow,FinMind_API_TaiwanStockPrice_4953,True,2026-10-05T23:32:53,2026-10-05T23:32:53,2026-10-05T23:32:53
4953,緯軟,2024-05-06,138.0,1.0,0.73%,,,,,,,,,ShowDailyK_ChartFlow,FinMind_API_TaiwanStockPrice_4953,True,2026-10-05T23:32:53,2026-10-05T23:32:53,2026-10-05T23:32:53
4953,緯軟,2024-05-07,139.5,1.5,1.09%,,,,,,,,,ShowDailyK_ChartFlow,FinMind_API_TaiwanStockPrice_4953,True,2026-10-05T23:32:53,2026-10-05T23:32:53,2026-10-05T23:32:53
4953,緯軟,2024-05-08,141.0,1.5,1.08%,,,,,,,,,ShowDailyK_ChartFlow,FinMind_API_TaiwanStockPrice_4953,True,2026-10-05T23:32:53,2026-10-05T23:32:53,2026-10-05T23:32:53
4953,緯軟,2024-05-09,139.5,-1.5,-1.06%,,,,,,,,,ShowDailyK_ChartFlow,FinMind_API_TaiwanStockPrice_4953,True,2026-10-05T23:32:53,2026-10-05T23:32:53,2026-10-05T23:32:53
4953,緯軟,2024-05-10,135.0,-4.5,-3.23%,,,,,,,,,ShowDailyK_ChartFlow,FinMind_API_TaiwanStockPrice_4953,True,2026-10-05T23:32:53,2026-10-05T23:32:53,2026-10-05T23:32:53
4953,緯軟,2024-05-13,134.5,-0.5,-0.37%,,,,,,,,,ShowDailyK_ChartFlow,FinMind_API_TaiwanStockPrice_4953,True,2026-10-05T23:32:53,2026-10-05T23:32:53,2026-10-05T23:32:53
4953,緯軟,2024-05-14,135.0,0.5,0.37%,,,,,,,,,ShowDailyK_ChartFlow,FinMind_API_TaiwanStockPrice_4953,True,2026-10-05T23:32:53,2026-10-05T23:32:53,2026-10-05T23:32:53
4953,緯軟,2024-05-15,134.0,-1.0,-0.74%,,,,,,,,,ShowDailyK_ChartFlow,FinMind_API_TaiwanStockPrice_4953,True,2026-10-05T23:32:53,2026-10-05T23:32:53,2026-10-05T23:32:53
4953,緯軟,2024-05-16,134.5,0.5,0.37%,,,,,,,,,ShowDailyK_ChartFlow,FinMind_API_TaiwanStockPrice_4953,True,2026-10-05T23:32:53,2026-10-05T23:32:53,2026-10-05T23:32:53
4953,緯軟,2024-05-17,133.5,-1.0,-0.74%,,,,,,,,,ShowDailyK_ChartFlow,FinMind_API_TaiwanStockPrice_4953,True,2026-10-05T23:32:53,2026-10-05T23:32:53,2026-10-05T23:32:53
4953,緯軟,2024-05-20,132.5,-1.0,-0.75%,,,,,,,,,ShowDailyK_ChartFlow,FinMind_API_TaiwanStockPrice_4953,True,2026-10-05T23:32:53,2026-10-05T23:32:53,2026-10-05T23:32:53
4953,緯軟,2024-05-21,132.5,0.0,0.00%,,,,,,,,,ShowDailyK_ChartFlow,FinMind_API_TaiwanStockPrice_4953,True,2026-10-05T23:32:53,2026-10-05T23:32:53,2026-10-05T23:32:53
4953,緯軟,2024-05-22,134.0,1.5,1.13%,,,,,,,,,ShowDailyK_ChartFlow,FinMind_API_TaiwanStockPrice_4953,True,2026-10-05T23:32:53,2026-10-05T23:32:53,2026-10-05T23:32:53
4953,緯軟,2024-05-23,133.0,-1.0,-0.75%,,,,,,,,,ShowDailyK_ChartFlow,FinMind_API_TaiwanStockPrice_4953,True,2026-10-05T23:32:53,2026-10-05T23:32:53,2026-10-05T23:32:53
4953,緯軟,2024-05-24,134.0,1.0,0.75%,,,,,,,,,ShowDailyK_ChartFlow,FinMind_API_TaiwanStockPrice_4953,True,2026-10-05T23:32:53,2026-10-05T23:32:53,2026-10-05T23:32:53
4953,緯軟,2024-05-27,135.5,1.5,1.12%,,,,,,,,,ShowDailyK_ChartFlow,FinMind_API_TaiwanStockPrice_4953,True,2026-10-05T23:32:53,2026-10-05T23:32:53,2026-10-05T23:32:53
4953,緯軟,2024-05-28,136.5,1.0,0.74%,,,,,,,,,ShowDailyK_ChartFlow,FinMind_API_TaiwanStockPrice_4953,True,2026-10-05T23:32:53,2026-10-05T23:32:53,2026-10-05T23:32:53
4953,緯軟,2024-05-29,136.0,-0.5,-0.37%,,,,,,,,,ShowDailyK_ChartFlow,FinMind_API_TaiwanStockPrice_4953,True,2026-10-05T23:32:53,2026-10-05T23:32:53,2026-10-05T23:32:53
4953,緯軟,2024-05-30,133.5,-2.5,-1.84%,,,,,,,,,ShowDailyK_ChartFlow,FinMind_API_TaiwanStockPrice_4953,True,2026-10-05T23:32:53,2026-10-05T23:32:53,2026-10-05T23:32:53
4953,緯軟,2024-05-31,134.0,0.5,0.37%,,,,,,,,,ShowDailyK_ChartFlow,FinMind_API_TaiwanStockPrice_4953,True,2026-10-05T23:32:53,2026-10-05T23:32:53,2026-10-05T23:32:53
4953,緯軟,2024-06-03,134.5,0.5,0.37%,,,,,,,,,ShowDailyK_ChartFlow,FinMind_API_TaiwanStockPrice_4953,True,2026-10-05T23:32:53,2026-10-05T23:32:53,2026-10-05T23:32:53
4953,緯軟,2024-06-04,135.5,1.0,0.74%,,,,,,,,,ShowDailyK_ChartFlow,FinMind_API_TaiwanStockPrice_4953,True,2026-10-05T23:32:53,2026-10-05T23:32:53,2026-10-05T23:32:53
4953,緯軟,2024-06-05,135.0,-0.5,-0.37%,,,,,,,,,ShowDailyK_ChartFlow,FinMind_API_TaiwanStockPrice_4953,True,2026-10-05T23:32:53,2026-10-05T23:32:53,2026-10-05T23:32:53
4953,緯軟,2024-06-06,135.5,0.5,0.37%,,,,,,,,,ShowDailyK_ChartFlow,FinMind_API_TaiwanStockPrice_4953,True,2026-10-05T23:32:53,2026-10-05T23:32:53,2026-10-05T23:32:53
4953,緯軟,2024-06-07,137.5,2.0,1.48%,,,,,,,,,ShowDailyK_ChartFlow,FinMind_API_TaiwanStockPrice_4953,True,2026-10-05T23:32:53,2026-10-05T23:32:53,2026-10-05T23:32:53
4953,緯軟,2024-06-11,136.0,-1.5,-1.09%,,,,,,,,,ShowDailyK_ChartFlow,FinMind_API_TaiwanStockPrice_4953,True,2026-10-05T23:32:53,2026-10-05T23:32:53,2026-10-05T23:32:53
4953,緯軟,2024-06-12,135.0,-1.0,-0.74%,,,,,,,,,ShowDailyK_ChartFlow,FinMind_API_TaiwanStockPrice_4953,True,2026-10-05T23:32:53,2026-10-05T23:32:53,2026-10-05T23:32:53
4953,緯軟,2024-06-13,135.0,0.0,0.00%,,,,,,,,,ShowDailyK_ChartFlow,FinMind_API_TaiwanStockPrice_4953,True,2026-10-05T23:32:53,2026-10-05T23:32:53,2026-10-05T23:32:53
4953,緯軟,2024-06-14,134.5,-0.5,-0.37%,,,,,,,,,ShowDailyK_ChartFlow,FinMind_API_TaiwanStockPrice_4953,True,2026-10-05T23:32:53,2026-10-05T23:32:53,2026-10-05T23:32:53
4953,緯軟,2024-06-17,135.5,1.0,0.74%,,,,,,,,,ShowDailyK_ChartFlow,FinMind_API_TaiwanStockPrice_4953,True,2026-10-05T23:32:53,2026-10-05T23:32:53,2026-10-05T23:32:53
4953,緯軟,2024-06-18,134.5,-1.0,-0.74%,,,,,,,,,ShowDailyK_ChartFlow,FinMind_API_TaiwanStockPrice_4953,True,2026-10-05T23:32:53,2026-10-05T23:32:53,2026-10-05T23:32:53
4953,緯軟,2024-06-19,135.0,0.5,0.37%,,,,,,,,,ShowDailyK_ChartFlow,FinMind_API_TaiwanStockPrice_4953,True,2026-10-05T23:32:53,2026-10-05T23:32:53,2026-10-05T23:32:53
4953,緯軟,2024-06-20,138.5,3.5,2.59%,,,,,,,,,ShowDailyK_ChartFlow,FinMind_API_TaiwanStockPrice_4953,True,2026-10-05T23:32:53,2026-10-05T23:32:53,2026-10-05T23:32:53
4953,緯軟,2024-06-21,137.5,-1.0,-0.72%,,,,,,,,,ShowDailyK_ChartFlow,FinMind_API_TaiwanStockPrice_4953,True,2026-10-05T23:32:53,2026-10-05T23:32:53,2026-10-05T23:32:53
4953,緯軟,2024-06-24,137.5,0.0,0.00%,,,,,,,,,ShowDailyK_ChartFlow,FinMind_API_TaiwanStockPrice_4953,True,2026-10-05T23:32:53,2026-10-05T23:32:53,2026-10-05T23:32:53
4953,緯軟,2024-06-25,136.5,-1.0,-0.73%,,,,,,,,,ShowDailyK_ChartFlow,FinMind_API_TaiwanStockPrice_4953,True,2026-10-05T23:32:53,2026-10-05T23:32:53,2026-10-05T23:32:53
4953,緯軟,2024-06-26,138.5,2.0,1.47%,,,,,,,,,ShowDailyK_ChartFlow,FinMind_API_TaiwanStockPrice_4953,True,2026-10-05T23:32:53,2026-10-05T23:32:53,2026-10-05T23:32:53
4953,緯軟,2024-06-27,136.5,-2.0,-1.44%,,,,,,,,,ShowDailyK_ChartFlow,FinMind_API_TaiwanStockPrice_4953,True,2026-10-05T23:32:53,2026-10-05T23:32:53,2026-10-05T23:32:53
4953,緯軟,2024-06-28,137.0,0.5,0.37%,,,,,,,,,ShowDailyK_ChartFlow,FinMind_API_TaiwanStockPrice_4953,True,2026-10-05T23:32:53,2026-10-05T23:32:53,2026-10-05T23:32:53
4953,緯軟,2024-07-01,137.0,0.0,0.00%,,,,,,,,,ShowDailyK_ChartFlow,FinMind_API_TaiwanStockPrice_4953,True,2026-10-05T23:32:53,2026-10-05T23:32:53,2026-10-05T23:32:53
4953,緯軟,2024-07-02,138.0,1.0,0.73%,,,,,,,,,ShowDailyK_ChartFlow,FinMind_API_TaiwanStockPrice_4953,True,2026-10-05T23:32:53,2026-10-05T23:32:53,2026-10-05T23:32:53
4953,緯軟,2024-07-03,137.0,-1.0,-0.72%,,,,,,,,,ShowDailyK_ChartFlow,FinMind_API_TaiwanStockPrice_4953,True,2026-10-05T23:32:53,2026-10-05T23:32:53,2026-10-05T23:32:53
4953,緯軟,2024-07-04,136.5,-0.5,-0.36%,,,,,,,,,ShowDailyK_ChartFlow,FinMind_API_TaiwanStockPrice_4953,True,2026-10-05T23:32:53,2026-10-05T23:32:53,2026-10-05T23:32:53
4953,緯軟,2024-07-05,135.5,-1.0,-0.73%,,,,,,,,,ShowDailyK_ChartFlow,FinMind_API_TaiwanStockPrice_4953,True,2026-10-05T23:32:53,2026-10-05T23:32:53,2026-10-05T23:32:53
4953,緯軟,2024-07-08,135.0,-0.5,-0.37%,,,,,,,,,ShowDailyK_ChartFlow,FinMind_API_TaiwanStockPrice_4953,True,2026-10-05T23:32:53,2026-10-05T23:32:53,2026-10-05T23:32:53
4953,緯軟,2024-07-09,132.0,-3.0,-2.22%,,,,,,,,,ShowDailyK_ChartFlow,FinMind_API_TaiwanStockPrice_4953,True,2026-10-05T23:32:53,2026-10-05T23:32:53,2026-10-05T23:32:53
4953,緯軟,2024-07-10,132.5,0.5,0.38%,,,,,,,,,ShowDailyK_ChartFlow,FinMind_API_TaiwanStockPrice_4953,True,2026-10-05T23:32:53,2026-10-05T23:32:53,2026-10-05T23:32:53
4953,緯軟,2024-07-11,132.5,0.0,0.00%,,,,,,,,,ShowDailyK_ChartFlow,FinMind_API_TaiwanStockPrice_4953,True,2026-10-05T23:32:53,2026-10-05T23:32:53,2026-10-05T23:32:53
4953,緯軟,2024-07-12,131.0,-1.5,-1.13%,,,,,,,,,ShowDailyK_ChartFlow,FinMind_API_TaiwanStockPrice_4953,True,2026-10-05T23:32:53,2026-10-05T23:32:53,2026-10-05T23:32:53
4953,緯軟,2024-07-15,129.0,-2.0,-1.53%,,,,,,,,,ShowDailyK_ChartFlow,FinMind_API_TaiwanStockPrice_4953,True,2026-10-05T23:32:53,2026-10-05T23:32:53,2026-10-05T23:32:53
4953,緯軟,2024-07-16,133.5,4.5,3.49%,,,,,,,,,ShowDailyK_ChartFlow,FinMind_API_TaiwanStockPrice_4953,True,2026-10-05T23:32:53,2026-10-05T23:32:53,2026-10-05T23:32:53
4953,緯軟,2024-07-17,132.5,-1.0,-0.75%,,,,,,,,,ShowDailyK_ChartFlow,FinMind_API_TaiwanStockPrice_4953,True,2026-10-05T23:32:53,2026-10-05T23:32:53,2026-10-05T23:32:53
4953,緯軟,2024-07-18,129.5,-3.0,-2.26%,,,,,,,,,ShowDailyK_ChartFlow,FinMind_API_TaiwanStockPrice_4953,True,2026-10-05T23:32:53,2026-10-05T23:32:53,2026-10-05T23:32:53
4953,緯軟,2024-07-19,126.5,-3.0,-2.32%,,,,,,,,,ShowDailyK_ChartFlow,FinMind_API_TaiwanStockPrice_4953,True,2026-10-05T23:32:53,2026-10-05T23:32:53,2026-10-05T23:32:53
4953,緯軟,2024-07-22,122.0,-4.5,-3.56%,,,,,,,,,ShowDailyK_ChartFlow,FinMind_API_TaiwanStockPrice_4953,True,2026-10-05T23:32:53,2026-10-05T23:32:53,2026-10-05T23:32:53
4953,緯軟,2024-07-23,121.5,-0.5,-0.41%,,,,,,,,,ShowDailyK_ChartFlow,FinMind_API_TaiwanStockPrice_4953,True,2026-10-05T23:32:53,2026-10-05T23:32:53,2026-10-05T23:32:53
4953,緯軟,2024-07-26,118.0,-3.5,-2.88%,,,,,,,,,ShowDailyK_ChartFlow,FinMind_API_TaiwanStockPrice_4953,True,2026-10-05T23:32:53,2026-10-05T23:32:53,2026-10-05T23:32:53
4953,緯軟,2024-07-29,118.0,0.0,0.00%,,,,,,,,,ShowDailyK_ChartFlow,FinMind_API_TaiwanStockPrice_4953,True,2026-10-05T23:32:53,2026-10-05T23:32:53,2026-10-05T23:32:53
4953,緯軟,2024-07-30,117.5,-0.5,-0.42%,,,,,,,,,ShowDailyK_ChartFlow,FinMind_API_TaiwanStockPrice_4953,True,2026-10-05T23:32:53,2026-10-05T23:32:53,2026-10-05T23:32:53
4953,緯軟,2024-07-31,118.0,0.5,0.43%,,,,,,,,,ShowDailyK_ChartFlow,FinMind_API_TaiwanStockPrice_4953,True,2026-10-05T23:32:53,2026-10-05T23:32:53,2026-10-05T23:32:53
4953,緯軟,2024-08-01,122.0,4.0,3.39%,,,,,,,,,ShowDailyK_ChartFlow,FinMind_API_TaiwanStockPrice_4953,True,2026-10-05T23:32:53,2026-10-05T23:32:53,2026-10-05T23:32:53
4953,緯軟,2024-08-02,116.5,-5.5,-4.51%,,,,,,,,,ShowDailyK_ChartFlow,FinMind_API_TaiwanStockPrice_4953,True,2026-10-05T23:32:53,2026-10-05T23:32:53,2026-10-05T23:32:53
4953,緯軟,2024-08-05,105.5,-11.0,-9.44%,,,,,,,,,ShowDailyK_ChartFlow,FinMind_API_TaiwanStockPrice_4953,True,2026-10-05T23:32:53,2026-10-05T23:32:53,2026-10-05T23:32:53
4953,緯軟,2024-08-06,105.5,0.0,0.00%,,,,,,,,,ShowDailyK_ChartFlow,FinMind_API_TaiwanStockPrice_4953,True,2026-10-05T23:32:53,2026-10-05T23:32:53,2026-10-05T23:32:53
4953,緯軟,2024-08-07,115.0,9.5,9.00%,,,,,,,,,ShowDailyK_ChartFlow,FinMind_API_TaiwanStockPrice_4953,True,2026-10-05T23:32:53,2026-10-05T23:32:53,2026-10-05T23:32:53
4953,緯軟,2024-08-08,114.5,-0.5,-0.43%,,,,,,,,,ShowDailyK_ChartFlow,FinMind_API_TaiwanStockPrice_4953,True,2026-10-05T23:32:53,2026-10-05T23:32:53,2026-10-05T23:32:53
4953,緯軟,2024-08-09,113.5,-1.0,-0.87%,,,,,,,,,ShowDailyK_ChartFlow,FinMind_API_TaiwanStockPrice_4953,True,2026-10-05T23:32:53,2026-10-05T23:32:53,2026-10-05T23:32:53
4953,緯軟,2024-08-12,112.0,-1.5,-1.32%,,,,,,,,,ShowDailyK_ChartFlow,FinMind_API_TaiwanStockPrice_4953,True,2026-10-05T23:32:53,2026-10-05T23:32:53,2026-10-05T23:32:53
4953,緯軟,2024-08-13,111.5,-0.5,-0.45%,,,,,,,,,ShowDailyK_ChartFlow,FinMind_API_TaiwanStockPrice_4953,True,2026-10-05T23:32:53,2026-10-05T23:32:53,2026-10-05T23:32:53
4953,緯軟,2024-08-14,113.0,1.5,1.35%,,,,,,,,,ShowDailyK_ChartFlow,FinMind_API_TaiwanStockPrice_4953,True,2026-10-05T23:32:53,2026-10-05T23:32:53,2026-10-05T23:32:53
4953,緯軟,2024-08-15,113.0,0.0,0.00%,,,,,,,,,ShowDailyK_ChartFlow,FinMind_API_TaiwanStockPrice_4953,True,2026-10-05T23:32:53,2026-10-05T23:32:53,2026-10-05T23:32:53
4953,緯軟,2024-08-16,114.0,1.0,0.88%,,,,,,,,,ShowDailyK_ChartFlow,FinMind_API_TaiwanStockPrice_4953,True,2026-10-05T23:32:53,2026-10-05T23:32:53,2026-10-05T23:32:53
4953,緯軟,2024-08-19,114.5,0.5,0.44%,,,,,,,,,ShowDailyK_ChartFlow,FinMind_API_TaiwanStockPrice_4953,True,2026-10-05T23:32:53,2026-10-05T23:32:53,2026-10-05T23:32:53
4953,緯軟,2024-08-20,116.5,2.0,1.75%,,,,,,,,,ShowDailyK_ChartFlow,FinMind_API_TaiwanStockPrice_4953,True,2026-10-05T23:32:53,2026-10-05T23:32:53,2026-10-05T23:32:53
4953,緯軟,2024-08-21,115.0,-1.5,-1.29%,,,,,,,,,ShowDailyK_ChartFlow,FinMind_API_TaiwanStockPrice_4953,True,2026-10-05T23:32:53,2026-10-05T23:32:53,2026-10-05T23:32:53
4953,緯軟,2024-08-22,115.0,0.0,0.00%,,,,,,,,,ShowDailyK_ChartFlow,FinMind_API_TaiwanStockPrice_4953,True,2026-10-05T23:32:53,2026-10-05T23:32:53,2026-10-05T23:32:53
4953,緯軟,2024-08-23,113.0,-2.0,-1.74%,,,,,,,,,ShowDailyK_ChartFlow,FinMind_API_TaiwanStockPrice_4953,True,2026-10-05T23:32:53,2026-10-05T23:32:53,2026-10-05T23:32:53
4953,緯軟,2024-08-26,114.0,1.0,0.88%,,,,,,,,,ShowDailyK_ChartFlow,FinMind_API_TaiwanStockPrice_4953,True,2026-10-05T23:32:53,2026-10-05T23:32:53,2026-10-05T23:32:53
4953,緯軟,2024-08-27,113.5,-0.5,-0.44%,,,,,,,,,ShowDailyK_ChartFlow,FinMind_API_TaiwanStockPrice_4953,True,2026-10-05T23:32:53,2026-10-05T23:32:53,2026-10-05T23:32:53
4953,緯軟,2024-08-28,114.5,1.0,0.88%,,,,,,,,,ShowDailyK_ChartFlow,FinMind_API_TaiwanStockPrice_4953,True,2026-10-05T23:32:53,2026-10-05T23:32:53,2026-10-05T23:32:53
4953,緯軟,2024-08-29,114.0,-0.5,-0.44%,,,,,,,,,ShowDailyK_ChartFlow,FinMind_API_TaiwanStockPrice_4953,True,2026-10-05T23:32:53,2026-10-05T23:32:53,2026-10-05T23:32:53
4953,緯軟,2024-08-30,116.0,2.0,1.75%,,,,,,,,,ShowDailyK_ChartFlow,FinMind_API_TaiwanStockPrice_4953,True,2026-10-05T23:32:53,2026-10-05T23:32:53,2026-10-05T23:32:53
4953,緯軟,2024-09-02,115.0,-1.0,-0.86%,,,,,,,,,ShowDailyK_ChartFlow,FinMind_API_TaiwanStockPrice_4953,True,2026-10-05T23:32:53,2026-10-05T23:32:53,2026-10-05T23:32:53
4953,緯軟,2024-09-03,113.5,-1.5,-1.30%,,,,,,,,,ShowDailyK_ChartFlow,FinMind_API_TaiwanStockPrice_4953,True,2026-10-05T23:32:53,2026-10-05T23:32:53,2026-10-05T23:32:53
4953,緯軟,2024-09-04,109.0,-4.5,-3.96%,,,,,,,,,ShowDailyK_ChartFlow,FinMind_API_TaiwanStockPrice_4953,True,2026-10-05T23:32:53,2026-10-05T23:32:53,2026-10-05T23:32:53
4953,緯軟,2024-09-05,109.0,0.0,0.00%,,,,,,,,,ShowDailyK_ChartFlow,FinMind_API_TaiwanStockPrice_4953,True,2026-10-05T23:32:53,2026-10-05T23:32:53,2026-10-05T23:32:53
4953,緯軟,2024-09-06,112.0,3.0,2.75%,,,,,,,,,ShowDailyK_ChartFlow,FinMind_API_TaiwanStockPrice_4953,True,2026-10-05T23:32:53,2026-10-05T23:32:53,2026-10-05T23:32:53
4953,緯軟,2024-09-09,112.5,0.5,0.45%,,,,,,,,,ShowDailyK_ChartFlow,FinMind_API_TaiwanStockPrice_4953,True,2026-10-05T23:32:53,2026-10-05T23:32:53,2026-10-05T23:32:53
4953,緯軟,2024-09-10,110.0,-2.5,-2.22%,,,,,,,,,ShowDailyK_ChartFlow,FinMind_API_TaiwanStockPrice_4953,True,2026-10-05T23:32:53,2026-10-05T23:32:53,2026-10-05T23:32:53
4953,緯軟,2024-09-11,110.5,0.5,0.45%,,,,,,,,,ShowDailyK_ChartFlow,FinMind_API_TaiwanStockPrice_4953,True,2026-10-05T23:32:53,2026-10-05T23:32:53,2026-10-05T23:32:53
4953,緯軟,2024-09-12,113.0,2.5,2.26%,,,,,,,,,ShowDailyK_ChartFlow,FinMind_API_TaiwanStockPrice_4953,True,2026-10-05T23:32:53,2026-10-05T23:32:53,2026-10-05T23:32:53
4953,緯軟,2024-09-13,114.0,1.0,0.88%,,,,,,,,,ShowDailyK_ChartFlow,FinMind_API_TaiwanStockPrice_4953,True,2026-10-05T23:32:53,2026-10-05T23:32:53,2026-10-05T23:32:53
4953,緯軟,2024-09-16,114.5,0.5,0.44%,,,,,,,,,ShowDailyK_ChartFlow,FinMind_API_TaiwanStockPrice_4953,True,2026-10-05T23:32:53,2026-10-05T23:32:53,2026-10-05T23:32:53
4953,緯軟,2024-09-18,113.5,-1.0,-0.87%,,,,,,,,,ShowDailyK_ChartFlow,FinMind_API_TaiwanStockPrice_4953,True,2026-10-05T23:32:53,2026-10-05T23:32:53,2026-10-05T23:32:53
4953,緯軟,2024-09-19,114.0,0.5,0.44%,,,,,,,,,ShowDailyK_ChartFlow,FinMind_API_TaiwanStockPrice_4953,True,2026-10-05T23:32:53,2026-10-05T23:32:53,2026-10-05T23:32:53
4953,緯軟,2024-09-20,114.0,0.0,0.00%,,,,,,,,,ShowDailyK_ChartFlow,FinMind_API_TaiwanStockPrice_4953,True,2026-10-05T23:32:53,2026-10-05T23:32:53,2026-10-05T23:32:53
4953,緯軟,2024-09-23,115.5,1.5,1.32%,,,,,,,,,ShowDailyK_ChartFlow,FinMind_API_TaiwanStockPrice_4953,True,2026-10-05T23:32:53,2026-10-05T23:32:53,2026-10-05T23:32:53
4953,緯軟,2024-09-24,114.5,-1.0,-0.87%,,,,,,,,,ShowDailyK_ChartFlow,FinMind_API_TaiwanStockPrice_4953,True,2026-10-05T23:32:53,2026-10-05T23:32:53,2026-10-05T23:32:53
4953,緯軟,2024-09-25,115.5,1.0,0.87%,,,,,,,,,ShowDailyK_ChartFlow,FinMind_API_TaiwanStockPrice_4953,True,2026-10-05T23:32:53,2026-10-05T23:32:53,2026-10-05T23:32:53
4953,緯軟,2024-09-26,114.5,-1.0,-0.87%,,,,,,,,,ShowDailyK_ChartFlow,FinMind_API_TaiwanStockPrice_4953,True,2026-10-05T23:32:53,2026-10-05T23:32:53,2026-10-05T23:32:53
4953,緯軟,2024-09-27,114.5,0.0,0.00%,,,,,,,,,ShowDailyK_ChartFlow,FinMind_API_TaiwanStockPrice_4953,True,2026-10-05T23:32:53,2026-10-05T23:32:53,2026-10-05T23:32:53
4953,緯軟,2024-09-30,114.0,-0.5,-0.44%,,,,,,,,,ShowDailyK_ChartFlow,FinMind_API_TaiwanStockPrice_4953,True,2026-10-05T23:32:53,2026-10-05T23:32:53,2026-10-05T23:32:53
4953,緯軟,2024-10-01,113.5,-0.5,-0.44%,,,,,,,,,ShowDailyK_ChartFlow,FinMind_API_TaiwanStockPrice_4953,True,2026-10-05T23:32:53,2026-10-05T23:32:53,2026-10-05T23:32:53
4953,緯軟,2024-10-04,112.5,-1.0,-0.88%,,,,,,,,,ShowDailyK_ChartFlow,FinMind_API_TaiwanStockPrice_4953,True,2026-10-05T23:32:53,2026-10-05T23:32:53,2026-10-05T23:32:53
4953,緯軟,2024-10-07,115.5,3.0,2.67%,,,,,,,,,ShowDailyK_ChartFlow,FinMind_API_TaiwanStockPrice_4953,True,2026-10-05T23:32:53,2026-10-05T23:32:53,2026-10-05T23:32:53
4953,緯軟,2024-10-08,116.5,1.0,0.87%,,,,,,,,,ShowDailyK_ChartFlow,FinMind_API_TaiwanStockPrice_4953,True,2026-10-05T23:32:53,2026-10-05T23:32:53,2026-10-05T23:32:53
4953,緯軟,2024-10-09,117.0,0.5,0.43%,,,,,,,,,ShowDailyK_ChartFlow,FinMind_API_TaiwanStockPrice_4953,True,2026-10-05T23:32:53,2026-10-05T23:32:53,2026-10-05T23:32:53
4953,緯軟,2024-10-11,117.0,0.0,0.00%,,,,,,,,,ShowDailyK_ChartFlow,FinMind_API_TaiwanStockPrice_4953,True,2026-10-05T23:32:53,2026-10-05T23:32:53,2026-10-05T23:32:53
4953,緯軟,2024-10-14,116.0,-1.0,-0.85%,,,,,,,,,ShowDailyK_ChartFlow,FinMind_API_TaiwanStockPrice_4953,True,2026-10-05T23:32:53,2026-10-05T23:32:53,2026-10-05T23:32:53
4953,緯軟,2024-10-15,121.0,5.0,4.31%,,,,,,,,,ShowDailyK_ChartFlow,FinMind_API_TaiwanStockPrice_4953,True,2026-10-05T23:32:53,2026-10-05T23:32:53,2026-10-05T23:32:53
4953,緯軟,2024-10-16,118.5,-2.5,-2.07%,,,,,,,,,ShowDailyK_ChartFlow,FinMind_API_TaiwanStockPrice_4953,True,2026-10-05T23:32:53,2026-10-05T23:32:53,2026-10-05T23:32:53
4953,緯軟,2024-10-17,120.0,1.5,1.27%,,,,,,,,,ShowDailyK_ChartFlow,FinMind_API_TaiwanStockPrice_4953,True,2026-10-05T23:32:53,2026-10-05T23:32:53,2026-10-05T23:32:53
4953,緯軟,2024-10-18,118.0,-2.0,-1.67%,,,,,,,,,ShowDailyK_ChartFlow,FinMind_API_TaiwanStockPrice_4953,True,2026-10-05T23:32:53,2026-10-05T23:32:53,2026-10-05T23:32:53
4953,緯軟,2024-10-21,118.0,0.0,0.00%,,,,,,,,,ShowDailyK_ChartFlow,FinMind_API_TaiwanStockPrice_4953,True,2026-10-05T23:32:53,2026-10-05T23:32:53,2026-10-05T23:32:53
4953,緯軟,2024-10-22,117.5,-0.5,-0.42%,,,,,,,,,ShowDailyK_ChartFlow,FinMind_API_TaiwanStockPrice_4953,True,2026-10-05T23:32:53,2026-10-05T23:32:53,2026-10-05T23:32:53
4953,緯軟,2024-10-23,118.5,1.0,0.85%,,,,,,,,,ShowDailyK_ChartFlow,FinMind_API_TaiwanStockPrice_4953,True,2026-10-05T23:32:53,2026-10-05T23:32:53,2026-10-05T23:32:53
4953,緯軟,2024-10-24,118.5,0.0,0.00%,,,,,,,,,ShowDailyK_ChartFlow,FinMind_API_TaiwanStockPrice_4953,True,2026-10-05T23:32:53,2026-10-05T23:32:53,2026-10-05T23:32:53
4953,緯軟,2024-10-25,118.5,0.0,0.00%,,,,,,,,,ShowDailyK_ChartFlow,FinMind_API_TaiwanStockPrice_4953,True,2026-10-05T23:32:53,2026-10-05T23:32:53,2026-10-05T23:32:53
4953,緯軟,2024-10-28,119.0,0.5,0.42%,,,,,,,,,ShowDailyK_ChartFlow,FinMind_API_TaiwanStockPrice_4953,True,2026-10-05T23:32:53,2026-10-05T23:32:53,2026-10-05T23:32:53
4953,緯軟,2024-10-29,117.5,-1.5,-1.26%,,,,,,,,,ShowDailyK_ChartFlow,FinMind_API_TaiwanStockPrice_4953,True,2026-10-05T23:32:53,2026-10-05T23:32:53,2026-10-05T23:32:53
4953,緯軟,2024-10-30,116.5,-1.0,-0.85%,,,,,,,,,ShowDailyK_ChartFlow,FinMind_API_TaiwanStockPrice_4953,True,2026-10-05T23:32:53,2026-10-05T23:32:53,2026-10-05T23:32:53
4953,緯軟,2024-11-01,117.0,0.5,0.43%,,,,,,,,,ShowDailyK_ChartFlow,FinMind_API_TaiwanStockPrice_4953,True,2026-10-05T23:32:53,2026-10-05T23:32:53,2026-10-05T23:32:53
4953,緯軟,2024-11-04,118.0,1.0,0.85%,,,,,,,,,ShowDailyK_ChartFlow,FinMind_API_TaiwanStockPrice_4953,True,2026-10-05T23:32:53,2026-10-05T23:32:53,2026-10-05T23:32:53
4953,緯軟,2024-11-05,117.5,-0.5,-0.42%,,,,,,,,,ShowDailyK_ChartFlow,FinMind_API_TaiwanStockPrice_4953,True,2026-10-05T23:32:53,2026-10-05T23:32:53,2026-10-05T23:32:53
4953,緯軟,2024-11-06,119.5,2.0,1.70%,,,,,,,,,ShowDailyK_ChartFlow,FinMind_API_TaiwanStockPrice_4953,True,2026-10-05T23:32:53,2026-10-05T23:32:53,2026-10-05T23:32:53
4953,緯軟,2024-11-07,121.0,1.5,1.26%,,,,,,,,,ShowDailyK_ChartFlow,FinMind_API_TaiwanStockPrice_4953,True,2026-10-05T23:32:53,2026-10-05T23:32:53,2026-10-05T23:32:53
4953,緯軟,2024-11-08,117.5,-3.5,-2.89%,,,,,,,,,ShowDailyK_ChartFlow,FinMind_API_TaiwanStockPrice_4953,True,2026-10-05T23:32:53,2026-10-05T23:32:53,2026-10-05T23:32:53
4953,緯軟,2024-11-11,116.0,-1.5,-1.28%,,,,,,,,,ShowDailyK_ChartFlow,FinMind_API_TaiwanStockPrice_4953,True,2026-10-05T23:32:53,2026-10-05T23:32:53,2026-10-05T23:32:53
4953,緯軟,2024-11-12,116.0,0.0,0.00%,,,,,,,,,ShowDailyK_ChartFlow,FinMind_API_TaiwanStockPrice_4953,True,2026-10-05T23:32:53,2026-10-05T23:32:53,2026-10-05T23:32:53
4953,緯軟,2024-11-13,116.5,0.5,0.43%,,,,,,,,,ShowDailyK_ChartFlow,FinMind_API_TaiwanStockPrice_4953,True,2026-10-05T23:32:53,2026-10-05T23:32:53,2026-10-05T23:32:53
4953,緯軟,2024-11-14,115.0,-1.5,-1.29%,,,,,,,,,ShowDailyK_ChartFlow,FinMind_API_TaiwanStockPrice_4953,True,2026-10-05T23:32:53,2026-10-05T23:32:53,2026-10-05T23:32:53
4953,緯軟,2024-11-15,114.5,-0.5,-0.43%,,,,,,,,,ShowDailyK_ChartFlow,FinMind_API_TaiwanStockPrice_4953,True,2026-10-05T23:32:53,2026-10-05T23:32:53,2026-10-05T23:32:53
4953,緯軟,2024-11-18,110.0,-4.5,-3.93%,,,,,,,,,ShowDailyK_ChartFlow,FinMind_API_TaiwanStockPrice_4953,True,2026-10-05T23:32:53,2026-10-05T23:32:53,2026-10-05T23:32:53
4953,緯軟,2024-11-19,111.5,1.5,1.36%,,,,,,,,,ShowDailyK_ChartFlow,FinMind_API_TaiwanStockPrice_4953,True,2026-10-05T23:32:53,2026-10-05T23:32:53,2026-10-05T23:32:53
4953,緯軟,2024-11-20,110.5,-1.0,-0.90%,,,,,,,,,ShowDailyK_ChartFlow,FinMind_API_TaiwanStockPrice_4953,True,2026-10-05T23:32:53,2026-10-05T23:32:53,2026-10-05T23:32:53
4953,緯軟,2024-11-21,111.5,1.0,0.90%,,,,,,,,,ShowDailyK_ChartFlow,FinMind_API_TaiwanStockPrice_4953,True,2026-10-05T23:32:53,2026-10-05T23:32:53,2026-10-05T23:32:53
4953,緯軟,2024-11-22,112.0,0.5,0.45%,,,,,,,,,ShowDailyK_ChartFlow,FinMind_API_TaiwanStockPrice_4953,True,2026-10-05T23:32:53,2026-10-05T23:32:53,2026-10-05T23:32:53
4953,緯軟,2024-11-25,114.0,2.0,1.79%,,,,,,,,,ShowDailyK_ChartFlow,FinMind_API_TaiwanStockPrice_4953,True,2026-10-05T23:32:53,2026-10-05T23:32:53,2026-10-05T23:32:53
4953,緯軟,2024-11-26,114.0,0.0,0.00%,,,,,,,,,ShowDailyK_ChartFlow,FinMind_API_TaiwanStockPrice_4953,True,2026-10-05T23:32:53,2026-10-05T23:32:53,2026-10-05T23:32:53
4953,緯軟,2024-11-27,111.0,-3.0,-2.63%,,,,,,,,,ShowDailyK_ChartFlow,FinMind_API_TaiwanStockPrice_4953,True,2026-10-05T23:32:53,2026-10-05T23:32:53,2026-10-05T23:32:53
4953,緯軟,2024-11-28,109.0,-2.0,-1.80%,,,,,,,,,ShowDailyK_ChartFlow,FinMind_API_TaiwanStockPrice_4953,True,2026-10-05T23:32:53,2026-10-05T23:32:53,2026-10-05T23:32:53
4953,緯軟,2024-11-29,110.5,1.5,1.38%,,,,,,,,,ShowDailyK_ChartFlow,FinMind_API_TaiwanStockPrice_4953,True,2026-10-05T23:32:53,2026-10-05T23:32:53,2026-10-05T23:32:53
4953,緯軟,2024-12-02,110.5,0.0,0.00%,,,,,,,,,ShowDailyK_ChartFlow,FinMind_API_TaiwanStockPrice_4953,True,2026-10-05T23:32:53,2026-10-05T23:32:53,2026-10-05T23:32:53
4953,緯軟,2024-12-03,111.0,0.5,0.45%,,,,,,,,,ShowDailyK_ChartFlow,FinMind_API_TaiwanStockPrice_4953,True,2026-10-05T23:32:53,2026-10-05T23:32:53,2026-10-05T23:32:53
4953,緯軟,2024-12-04,113.0,2.0,1.80%,,,,,,,,,ShowDailyK_ChartFlow,FinMind_API_TaiwanStockPrice_4953,True,2026-10-05T23:32:53,2026-10-05T23:32:53,2026-10-05T23:32:53
4953,緯軟,2024-12-05,124.0,11.0,9.73%,,,,,,,,,ShowDailyK_ChartFlow,FinMind_API_TaiwanStockPrice_4953,True,2026-10-05T23:32:53,2026-10-05T23:32:53,2026-10-05T23:32:53
4953,緯軟,2024-12-06,136.0,12.0,9.68%,,,,,,,,,ShowDailyK_ChartFlow,FinMind_API_TaiwanStockPrice_4953,True,2026-10-05T23:32:53,2026-10-05T23:32:53,2026-10-05T23:32:53
4953,緯軟,2024-12-09,139.5,3.5,2.57%,,,,,,,,,ShowDailyK_ChartFlow,FinMind_API_TaiwanStockPrice_4953,True,2026-10-05T23:32:53,2026-10-05T23:32:53,2026-10-05T23:32:53
4953,緯軟,2024-12-10,135.0,-4.5,-3.23%,,,,,,,,,ShowDailyK_ChartFlow,FinMind_API_TaiwanStockPrice_4953,True,2026-10-05T23:32:53,2026-10-05T23:32:53,2026-10-05T23:32:53
4953,緯軟,2024-12-11,139.0,4.0,2.96%,,,,,,,,,ShowDailyK_ChartFlow,FinMind_API_TaiwanStockPrice_4953,True,2026-10-05T23:32:53,2026-10-05T23:32:53,2026-10-05T23:32:53
4953,緯軟,2024-12-12,136.0,-3.0,-2.16%,,,,,,,,,ShowDailyK_ChartFlow,FinMind_API_TaiwanStockPrice_4953,True,2026-10-05T23:32:53,2026-10-05T23:32:53,2026-10-05T23:32:53
4953,緯軟,2024-12-13,128.5,-7.5,-5.51%,,,,,,,,,ShowDailyK_ChartFlow,FinMind_API_TaiwanStockPrice_4953,True,2026-10-05T23:32:53,2026-10-05T23:32:53,2026-10-05T23:32:53
4953,緯軟,2024-12-16,120.5,-8.0,-6.23%,,,,,,,,,ShowDailyK_ChartFlow,FinMind_API_TaiwanStockPrice_4953,True,2026-10-05T23:32:53,2026-10-05T23:32:53,2026-10-05T23:32:53
4953,緯軟,2024-12-17,120.5,0.0,0.00%,,,,,,,,,ShowDailyK_ChartFlow,FinMind_API_TaiwanStockPrice_4953,True,2026-10-05T23:32:53,2026-10-05T23:32:53,2026-10-05T23:32:53
4953,緯軟,2024-12-18,119.0,-1.5,-1.24%,,,,,,,,,ShowDailyK_ChartFlow,FinMind_API_TaiwanStockPrice_4953,True,2026-10-05T23:32:53,2026-10-05T23:32:53,2026-10-05T23:32:53
4953,緯軟,2024-12-19,117.0,-2.0,-1.68%,,,,,,,,,ShowDailyK_ChartFlow,FinMind_API_TaiwanStockPrice_4953,True,2026-10-05T23:32:53,2026-10-05T23:32:53,2026-10-05T23:32:53
4953,緯軟,2024-12-20,119.5,2.5,2.14%,,,,,,,,,ShowDailyK_ChartFlow,FinMind_API_TaiwanStockPrice_4953,True,2026-10-05T23:32:53,2026-10-05T23:32:53,2026-10-05T23:32:53
4953,緯軟,2024-12-23,119.5,0.0,0.00%,,,,,,,,,ShowDailyK_ChartFlow,FinMind_API_TaiwanStockPrice_4953,True,2026-10-05T23:32:53,2026-10-05T23:32:53,2026-10-05T23:32:53
4953,緯軟,2024-12-24,120.5,1.0,0.84%,,,,,,,,,ShowDailyK_ChartFlow,FinMind_API_TaiwanStockPrice_4953,True,2026-10-05T23:32:53,2026-10-05T23:32:53,2026-10-05T23:32:53
4953,緯軟,2024-12-25,119.5,-1.0,-0.83%,,,,,,,,,ShowDailyK_ChartFlow,FinMind_API_TaiwanStockPrice_4953,True,2026-10-05T23:32:53,2026-10-05T23:32:53,2026-10-05T23:32:53
4953,緯軟,2024-12-26,117.5,-2.0,-1.67%,,,,,,,,,ShowDailyK_ChartFlow,FinMind_API_TaiwanStockPrice_4953,True,2026-10-05T23:32:53,2026-10-05T23:32:53,2026-10-05T23:32:53
4953,緯軟,2024-12-27,116.0,-1.5,-1.28%,,,,,,,,,ShowDailyK_ChartFlow,FinMind_API_TaiwanStockPrice_4953,True,2026-10-05T23:32:53,2026-10-05T23:32:53,2026-10-05T23:32:53
4953,緯軟,2024-12-30,113.5,-2.5,-2.16%,,,,,,,,,ShowDailyK_ChartFlow,FinMind_API_TaiwanStockPrice_4953,True,2026-10-05T23:32:53,2026-10-05T23:32:53,2026-10-05T23:32:53
4953,緯軟,2024-12-31,113.5,0.0,0.00%,,,,,,,,,ShowDailyK_ChartFlow,FinMind_API_TaiwanStockPrice_4953,True,2026-10-05T23:32:53,2026-10-05T23:32:53,2026-10-05T23:32:53
4953,緯軟,2025-01-02,113.5,0.0,0.00%,,,,,,,,,ShowDailyK_ChartFlow,FinMind_API_TaiwanStockPrice_4953,True,2026-10-05T23:32:53,2026-10-05T23:32:53,2026-10-05T23:32:53
4953,緯軟,2025-01-03,112.5,-1.0,-0.88%,,,,,,,,,ShowDailyK_ChartFlow,FinMind_API_TaiwanStockPrice_4953,True,2026-10-05T23:32:53,2026-10-05T23:32:53,2026-10-05T23:32:53
4953,緯軟,2025-01-06,113.5,1.0,0.89%,,,,,,,,,ShowDailyK_ChartFlow,FinMind_API_TaiwanStockPrice_4953,True,2026-10-05T23:32:53,2026-10-05T23:32:53,2026-10-05T23:32:53
4953,緯軟,2025-01-07,116.5,3.0,2.64%,,,,,,,,,ShowDailyK_ChartFlow,FinMind_API_TaiwanStockPrice_4953,True,2026-10-05T23:32:53,2026-10-05T23:32:53,2026-10-05T23:32:53
4953,緯軟,2025-01-08,115.0,-1.5,-1.29%,,,,,,,,,ShowDailyK_ChartFlow,FinMind_API_TaiwanStockPrice_4953,True,2026-10-05T23:32:53,2026-10-05T23:32:53,2026-10-05T23:32:53
4953,緯軟,2025-01-09,113.0,-2.0,-1.74%,,,,,,,,,ShowDailyK_ChartFlow,FinMind_API_TaiwanStockPrice_4953,True,2026-10-05T23:32:53,2026-10-05T23:32:53,2026-10-05T23:32:53
4953,緯軟,2025-01-10,111.5,-1.5,-1.33%,,,,,,,,,ShowDailyK_ChartFlow,FinMind_API_TaiwanStockPrice_4953,True,2026-10-05T23:32:53,2026-10-05T23:32:53,2026-10-05T23:32:53
4953,緯軟,2025-01-13,107.0,-4.5,-4.04%,,,,,,,,,ShowDailyK_ChartFlow,FinMind_API_TaiwanStockPrice_4953,True,2026-10-05T23:32:53,2026-10-05T23:32:53,2026-10-05T23:32:53
4953,緯軟,2025-01-14,108.5,1.5,1.40%,,,,,,,,,ShowDailyK_ChartFlow,FinMind_API_TaiwanStockPrice_4953,True,2026-10-05T23:32:53,2026-10-05T23:32:53,2026-10-05T23:32:53
4953,緯軟,2025-01-15,108.5,0.0,0.00%,,,,,,,,,ShowDailyK_ChartFlow,FinMind_API_TaiwanStockPrice_4953,True,2026-10-05T23:32:53,2026-10-05T23:32:53,2026-10-05T23:32:53
4953,緯軟,2025-01-16,109.5,1.0,0.92%,,,,,,,,,ShowDailyK_ChartFlow,FinMind_API_TaiwanStockPrice_4953,True,2026-10-05T23:32:53,2026-10-05T23:32:53,2026-10-05T23:32:53
4953,緯軟,2025-01-17,101.0,-8.5,-7.76%,,,,,,,,,ShowDailyK_ChartFlow,FinMind_API_TaiwanStockPrice_4953,True,2026-10-05T23:32:53,2026-10-05T23:32:53,2026-10-05T23:32:53
4953,緯軟,2025-01-20,102.5,1.5,1.49%,,,,,,,,,ShowDailyK_ChartFlow,FinMind_API_TaiwanStockPrice_4953,True,2026-10-05T23:32:53,2026-10-05T23:32:53,2026-10-05T23:32:53
4953,緯軟,2025-01-21,103.0,0.5,0.49%,,,,,,,,,ShowDailyK_ChartFlow,FinMind_API_TaiwanStockPrice_4953,True,2026-10-05T23:32:53,2026-10-05T23:32:53,2026-10-05T23:32:53
4953,緯軟,2025-01-22,105.0,2.0,1.94%,,,,,,,,,ShowDailyK_ChartFlow,FinMind_API_TaiwanStockPrice_4953,True,2026-10-05T23:32:53,2026-10-05T23:32:53,2026-10-05T23:32:53
4953,緯軟,2025-02-03,106.5,1.5,1.43%,,,,,,,,,ShowDailyK_ChartFlow,FinMind_API_TaiwanStockPrice_4953,True,2026-10-05T23:32:53,2026-10-05T23:32:53,2026-10-05T23:32:53
4953,緯軟,2025-02-04,116.0,9.5,8.92%,,,,,,,,,ShowDailyK_ChartFlow,FinMind_API_TaiwanStockPrice_4953,True,2026-10-05T23:32:53,2026-10-05T23:32:53,2026-10-05T23:32:53
4953,緯軟,2025-02-05,116.5,0.5,0.43%,,,,,,,,,ShowDailyK_ChartFlow,FinMind_API_TaiwanStockPrice_4953,True,2026-10-05T23:32:53,2026-10-05T23:32:53,2026-10-05T23:32:53
4953,緯軟,2025-02-06,114.5,-2.0,-1.72%,,,,,,,,,ShowDailyK_ChartFlow,FinMind_API_TaiwanStockPrice_4953,True,2026-10-05T23:32:53,2026-10-05T23:32:53,2026-10-05T23:32:53
4953,緯軟,2025-02-07,118.0,3.5,3.06%,,,,,,,,,ShowDailyK_ChartFlow,FinMind_API_TaiwanStockPrice_4953,True,2026-10-05T23:32:53,2026-10-05T23:32:53,2026-10-05T23:32:53
4953,緯軟,2025-02-10,115.5,-2.5,-2.12%,,,,,,,,,ShowDailyK_ChartFlow,FinMind_API_TaiwanStockPrice_4953,True,2026-10-05T23:32:53,2026-10-05T23:32:53,2026-10-05T23:32:53
4953,緯軟,2025-02-11,114.0,-1.5,-1.30%,,,,,,,,,ShowDailyK_ChartFlow,FinMind_API_TaiwanStockPrice_4953,True,2026-10-05T23:32:53,2026-10-05T23:32:53,2026-10-05T23:32:53
4953,緯軟,2025-02-12,115.5,1.5,1.32%,,,,,,,,,ShowDailyK_ChartFlow,FinMind_API_TaiwanStockPrice_4953,True,2026-10-05T23:32:53,2026-10-05T23:32:53,2026-10-05T23:32:53
4953,緯軟,2025-02-13,116.5,1.0,0.87%,,,,,,,,,ShowDailyK_ChartFlow,FinMind_API_TaiwanStockPrice_4953,True,2026-10-05T23:32:53,2026-10-05T23:32:53,2026-10-05T23:32:53
4953,緯軟,2025-02-14,118.5,2.0,1.72%,,,,,,,,,ShowDailyK_ChartFlow,FinMind_API_TaiwanStockPrice_4953,True,2026-10-05T23:32:53,2026-10-05T23:32:53,2026-10-05T23:32:53
4953,緯軟,2025-02-17,118.5,0.0,0.00%,,,,,,,,,ShowDailyK_ChartFlow,FinMind_API_TaiwanStockPrice_4953,True,2026-10-05T23:32:53,2026-10-05T23:32:53,2026-10-05T23:32:53
4953,緯軟,2025-02-18,117.0,-1.5,-1.27%,,,,,,,,,ShowDailyK_ChartFlow,FinMind_API_TaiwanStockPrice_4953,True,2026-10-05T23:32:53,2026-10-05T23:32:53,2026-10-05T23:32:53
4953,緯軟,2025-02-19,120.0,3.0,2.56%,,,,,,,,,ShowDailyK_ChartFlow,FinMind_API_TaiwanStockPrice_4953,True,2026-10-05T23:32:53,2026-10-05T23:32:53,2026-10-05T23:32:53
4953,緯軟,2025-02-20,119.0,-1.0,-0.83%,,,,,,,,,ShowDailyK_ChartFlow,FinMind_API_TaiwanStockPrice_4953,True,2026-10-05T23:32:53,2026-10-05T23:32:53,2026-10-05T23:32:53
4953,緯軟,2025-02-21,116.5,-2.5,-2.10%,,,,,,,,,ShowDailyK_ChartFlow,FinMind_API_TaiwanStockPrice_4953,True,2026-10-05T23:32:53,2026-10-05T23:32:53,2026-10-05T23:32:53
4953,緯軟,2025-02-24,117.0,0.5,0.43%,,,,,,,,,ShowDailyK_ChartFlow,FinMind_API_TaiwanStockPrice_4953,True,2026-10-05T23:32:53,2026-10-05T23:32:53,2026-10-05T23:32:53
4953,緯軟,2025-02-25,115.0,-2.0,-1.71%,,,,,,,,,ShowDailyK_ChartFlow,FinMind_API_TaiwanStockPrice_4953,True,2026-10-05T23:32:53,2026-10-05T23:32:53,2026-10-05T23:32:53
4953,緯軟,2025-02-26,115.0,0.0,0.00%,,,,,,,,,ShowDailyK_ChartFlow,FinMind_API_TaiwanStockPrice_4953,True,2026-10-05T23:32:53,2026-10-05T23:32:53,2026-10-05T23:32:53
4953,緯軟,2025-02-27,111.5,-3.5,-3.04%,,,,,,,,,ShowDailyK_ChartFlow,FinMind_API_TaiwanStockPrice_4953,True,2026-10-05T23:32:53,2026-10-05T23:32:53,2026-10-05T23:32:53
4953,緯軟,2025-03-03,108.0,-3.5,-3.14%,,,,,,,,,ShowDailyK_ChartFlow,FinMind_API_TaiwanStockPrice_4953,True,2026-10-05T23:32:53,2026-10-05T23:32:53,2026-10-05T23:32:53
4953,緯軟,2025-03-04,109.5,1.5,1.39%,,,,,,,,,ShowDailyK_ChartFlow,FinMind_API_TaiwanStockPrice_4953,True,2026-10-05T23:32:53,2026-10-05T23:32:53,2026-10-05T23:32:53
4953,緯軟,2025-03-05,110.0,0.5,0.46%,,,,,,,,,ShowDailyK_ChartFlow,FinMind_API_TaiwanStockPrice_4953,True,2026-10-05T23:32:53,2026-10-05T23:32:53,2026-10-05T23:32:53
4953,緯軟,2025-03-06,109.0,-1.0,-0.91%,,,,,,,,,ShowDailyK_ChartFlow,FinMind_API_TaiwanStockPrice_4953,True,2026-10-05T23:32:53,2026-10-05T23:32:53,2026-10-05T23:32:53
4953,緯軟,2025-03-07,108.5,-0.5,-0.46%,,,,,,,,,ShowDailyK_ChartFlow,FinMind_API_TaiwanStockPrice_4953,True,2026-10-05T23:32:53,2026-10-05T23:32:53,2026-10-05T23:32:53
4953,緯軟,2025-03-10,107.5,-1.0,-0.92%,,,,,,,,,ShowDailyK_ChartFlow,FinMind_API_TaiwanStockPrice_4953,True,2026-10-05T23:32:53,2026-10-05T23:32:53,2026-10-05T23:32:53
4953,緯軟,2025-03-11,105.0,-2.5,-2.33%,,,,,,,,,ShowDailyK_ChartFlow,FinMind_API_TaiwanStockPrice_4953,True,2026-10-05T23:32:53,2026-10-05T23:32:53,2026-10-05T23:32:53
4953,緯軟,2025-03-12,105.5,0.5,0.48%,,,,,,,,,ShowDailyK_ChartFlow,FinMind_API_TaiwanStockPrice_4953,True,2026-10-05T23:32:53,2026-10-05T23:32:53,2026-10-05T23:32:53
4953,緯軟,2025-03-13,104.0,-1.5,-1.42%,,,,,,,,,ShowDailyK_ChartFlow,FinMind_API_TaiwanStockPrice_4953,True,2026-10-05T23:32:53,2026-10-05T23:32:53,2026-10-05T23:32:53
4953,緯軟,2025-03-14,106.0,2.0,1.92%,,,,,,,,,ShowDailyK_ChartFlow,FinMind_API_TaiwanStockPrice_4953,True,2026-10-05T23:32:53,2026-10-05T23:32:53,2026-10-05T23:32:53
4953,緯軟,2025-03-17,106.0,0.0,0.00%,,,,,,,,,ShowDailyK_ChartFlow,FinMind_API_TaiwanStockPrice_4953,True,2026-10-05T23:32:53,2026-10-05T23:32:53,2026-10-05T23:32:53
4953,緯軟,2025-03-18,107.0,1.0,0.94%,,,,,,,,,ShowDailyK_ChartFlow,FinMind_API_TaiwanStockPrice_4953,True,2026-10-05T23:32:53,2026-10-05T23:32:53,2026-10-05T23:32:53
4953,緯軟,2025-03-19,107.5,0.5,0.47%,,,,,,,,,ShowDailyK_ChartFlow,FinMind_API_TaiwanStockPrice_4953,True,2026-10-05T23:32:53,2026-10-05T23:32:53,2026-10-05T23:32:53
4953,緯軟,2025-03-20,107.5,0.0,0.00%,,,,,,,,,ShowDailyK_ChartFlow,FinMind_API_TaiwanStockPrice_4953,True,2026-10-05T23:32:53,2026-10-05T23:32:53,2026-10-05T23:32:53
4953,緯軟,2025-03-21,108.5,1.0,0.93%,,,,,,,,,ShowDailyK_ChartFlow,FinMind_API_TaiwanStockPrice_4953,True,2026-10-05T23:32:53,2026-10-05T23:32:53,2026-10-05T23:32:53
4953,緯軟,2025-03-24,106.5,-2.0,-1.84%,,,,,,,,,ShowDailyK_ChartFlow,FinMind_API_TaiwanStockPrice_4953,True,2026-10-05T23:32:53,2026-10-05T23:32:53,2026-10-05T23:32:53
4953,緯軟,2025-03-25,106.5,0.0,0.00%,,,,,,,,,ShowDailyK_ChartFlow,FinMind_API_TaiwanStockPrice_4953,True,2026-10-05T23:32:53,2026-10-05T23:32:53,2026-10-05T23:32:53
4953,緯軟,2025-03-26,107.0,0.5,0.47%,,,,,,,,,ShowDailyK_ChartFlow,FinMind_API_TaiwanStockPrice_4953,True,2026-10-05T23:32:53,2026-10-05T23:32:53,2026-10-05T23:32:53
4953,緯軟,2025-03-27,105.5,-1.5,-1.40%,,,,,,,,,ShowDailyK_ChartFlow,FinMind_API_TaiwanStockPrice_4953,True,2026-10-05T23:32:53,2026-10-05T23:32:53,2026-10-05T23:32:53
4953,緯軟,2025-03-28,102.0,-3.5,-3.32%,,,,,,,,,ShowDailyK_ChartFlow,FinMind_API_TaiwanStockPrice_4953,True,2026-10-05T23:32:53,2026-10-05T23:32:53,2026-10-05T23:32:53
4953,緯軟,2025-03-31,95.5,-6.5,-6.37%,,,,,,,,,ShowDailyK_ChartFlow,FinMind_API_TaiwanStockPrice_4953,True,2026-10-05T23:32:53,2026-10-05T23:32:53,2026-10-05T23:32:53
4953,緯軟,2025-04-01,99.0,3.5,3.66%,,,,,,,,,ShowDailyK_ChartFlow,FinMind_API_TaiwanStockPrice_4953,True,2026-10-05T23:32:53,2026-10-05T23:32:53,2026-10-05T23:32:53
4953,緯軟,2025-04-02,99.3,0.29999999999999716,0.30%,,,,,,,,,ShowDailyK_ChartFlow,FinMind_API_TaiwanStockPrice_4953,True,2026-10-05T23:32:53,2026-10-05T23:32:53,2026-10-05T23:32:53
4953,緯軟,2025-04-07,89.4,-9.899999999999991,-9.97%,,,,,,,,,ShowDailyK_ChartFlow,FinMind_API_TaiwanStockPrice_4953,True,2026-10-05T23:32:53,2026-10-05T23:32:53,2026-10-05T23:32:53
4953,緯軟,2025-04-08,83.0,-6.400000000000006,-7.16%,,,,,,,,,ShowDailyK_ChartFlow,FinMind_API_TaiwanStockPrice_4953,True,2026-10-05T23:32:53,2026-10-05T23:32:53,2026-10-05T23:32:53
4953,緯軟,2025-04-09,78.5,-4.5,-5.42%,,,,,,,,,ShowDailyK_ChartFlow,FinMind_API_TaiwanStockPrice_4953,True,2026-10-05T23:32:53,2026-10-05T23:32:53,2026-10-05T23:32:53
4953,緯軟,2025-04-10,86.3,7.799999999999997,9.94%,,,,,,,,,ShowDailyK_ChartFlow,FinMind_API_TaiwanStockPrice_4953,True,2026-10-05T23:32:53,2026-10-05T23:32:53,2026-10-05T23:32:53
4953,緯軟,2025-04-11,87.2,0.9000000000000057,1.04%,,,,,,,,,ShowDailyK_ChartFlow,FinMind_API_TaiwanStockPrice_4953,True,2026-10-05T23:32:53,2026-10-05T23:32:53,2026-10-05T23:32:53
4953,緯軟,2025-04-14,88.4,1.2000000000000028,1.38%,,,,,,,,,ShowDailyK_ChartFlow,FinMind_API_TaiwanStockPrice_4953,True,2026-10-05T23:32:53,2026-10-05T23:32:53,2026-10-05T23:32:53
4953,緯軟,2025-04-15,93.4,5.0,5.66%,,,,,,,,,ShowDailyK_ChartFlow,FinMind_API_TaiwanStockPrice_4953,True,2026-10-05T23:32:53,2026-10-05T23:32:53,2026-10-05T23:32:53
4953,緯軟,2025-04-16,92.6,-0.8000000000000114,-0.86%,,,,,,,,,ShowDailyK_ChartFlow,FinMind_API_TaiwanStockPrice_4953,True,2026-10-05T23:32:53,2026-10-05T23:32:53,2026-10-05T23:32:53
4953,緯軟,2025-04-17,93.3,0.7000000000000028,0.76%,,,,,,,,,ShowDailyK_ChartFlow,FinMind_API_TaiwanStockPrice_4953,True,2026-10-05T23:32:53,2026-10-05T23:32:53,2026-10-05T23:32:53
4953,緯軟,2025-04-18,93.3,0.0,0.00%,,,,,,,,,ShowDailyK_ChartFlow,FinMind_API_TaiwanStockPrice_4953,True,2026-10-05T23:32:53,2026-10-05T23:32:53,2026-10-05T23:32:53
4953,緯軟,2025-04-21,90.3,-3.0,-3.22%,,,,,,,,,ShowDailyK_ChartFlow,FinMind_API_TaiwanStockPrice_4953,True,2026-10-05T23:32:53,2026-10-05T23:32:53,2026-10-05T23:32:53
4953,緯軟,2025-04-22,89.2,-1.0999999999999943,-1.22%,,,,,,,,,ShowDailyK_ChartFlow,FinMind_API_TaiwanStockPrice_4953,True,2026-10-05T23:32:53,2026-10-05T23:32:53,2026-10-05T23:32:53
4953,緯軟,2025-04-23,92.6,3.3999999999999915,3.81%,,,,,,,,,ShowDailyK_ChartFlow,FinMind_API_TaiwanStockPrice_4953,True,2026-10-05T23:32:53,2026-10-05T23:32:53,2026-10-05T23:32:53
4953,緯軟,2025-04-24,93.8,1.2000000000000028,1.30%,,,,,,,,,ShowDailyK_ChartFlow,FinMind_API_TaiwanStockPrice_4953,True,2026-10-05T23:32:53,2026-10-05T23:32:53,2026-10-05T23:32:53
4953,緯軟,2025-04-25,99.1,5.299999999999997,5.65%,,,,,,,,,ShowDailyK_ChartFlow,FinMind_API_TaiwanStockPrice_4953,True,2026-10-05T23:32:53,2026-10-05T23:32:53,2026-10-05T23:32:53
4953,緯軟,2025-04-28,101.0,1.9000000000000057,1.92%,,,,,,,,,ShowDailyK_ChartFlow,FinMind_API_TaiwanStockPrice_4953,True,2026-10-05T23:32:53,2026-10-05T23:32:53,2026-10-05T23:32:53
4953,緯軟,2025-04-29,102.0,1.0,0.99%,,,,,,,,,ShowDailyK_ChartFlow,FinMind_API_TaiwanStockPrice_4953,True,2026-10-05T23:32:53,2026-10-05T23:32:53,2026-10-05T23:32:53
4953,緯軟,2025-04-30,99.5,-2.5,-2.45%,,,,,,,,,ShowDailyK_ChartFlow,FinMind_API_TaiwanStockPrice_4953,True,2026-10-05T23:32:53,2026-10-05T23:32:53,2026-10-05T23:32:53
4953,緯軟,2025-05-02,100.0,0.5,0.50%,,,,,,,,,ShowDailyK_ChartFlow,FinMind_API_TaiwanStockPrice_4953,True,2026-10-05T23:32:53,2026-10-05T23:32:53,2026-10-05T23:32:53
4953,緯軟,2025-05-05,96.5,-3.5,-3.50%,,,,,,,,,ShowDailyK_ChartFlow,FinMind_API_TaiwanStockPrice_4953,True,2026-10-05T23:32:53,2026-10-05T23:32:53,2026-10-05T23:32:53
4953,緯軟,2025-05-06,99.4,2.9000000000000057,3.01%,,,,,,,,,ShowDailyK_ChartFlow,FinMind_API_TaiwanStockPrice_4953,True,2026-10-05T23:32:53,2026-10-05T23:32:53,2026-10-05T23:32:53
4953,緯軟,2025-05-07,99.1,-0.30000000000001137,-0.30%,,,,,,,,,ShowDailyK_ChartFlow,FinMind_API_TaiwanStockPrice_4953,True,2026-10-05T23:32:53,2026-10-05T23:32:53,2026-10-05T23:32:53
4953,緯軟,2025-05-08,101.5,2.4000000000000057,2.42%,,,,,,,,,ShowDailyK_ChartFlow,FinMind_API_TaiwanStockPrice_4953,True,2026-10-05T23:32:53,2026-10-05T23:32:53,2026-10-05T23:32:53
4953,緯軟,2025-05-09,101.0,-0.5,-0.49%,,,,,,,,,ShowDailyK_ChartFlow,FinMind_API_TaiwanStockPrice_4953,True,2026-10-05T23:32:53,2026-10-05T23:32:53,2026-10-05T23:32:53
4953,緯軟,2025-05-12,101.5,0.5,0.50%,,,,,,,,,ShowDailyK_ChartFlow,FinMind_API_TaiwanStockPrice_4953,True,2026-10-05T23:32:53,2026-10-05T23:32:53,2026-10-05T23:32:53
4953,緯軟,2025-05-13,103.0,1.5,1.48%,,,,,,,,,ShowDailyK_ChartFlow,FinMind_API_TaiwanStockPrice_4953,True,2026-10-05T23:32:53,2026-10-05T23:32:53,2026-10-05T23:32:53
4953,緯軟,2025-05-14,104.0,1.0,0.97%,,,,,,,,,ShowDailyK_ChartFlow,FinMind_API_TaiwanStockPrice_4953,True,2026-10-05T23:32:53,2026-10-05T23:32:53,2026-10-05T23:32:53
4953,緯軟,2025-05-15,102.5,-1.5,-1.44%,,,,,,,,,ShowDailyK_ChartFlow,FinMind_API_TaiwanStockPrice_4953,True,2026-10-05T23:32:53,2026-10-05T23:32:53,2026-10-05T23:32:53
4953,緯軟,2025-05-16,102.0,-0.5,-0.49%,,,,,,,,,ShowDailyK_ChartFlow,FinMind_API_TaiwanStockPrice_4953,True,2026-10-05T23:32:53,2026-10-05T23:32:53,2026-10-05T23:32:53
4953,緯軟,2025-05-19,100.0,-2.0,-1.96%,,,,,,,,,ShowDailyK_ChartFlow,FinMind_API_TaiwanStockPrice_4953,True,2026-10-05T23:32:53,2026-10-05T23:32:53,2026-10-05T23:32:53
4953,緯軟,2025-05-20,100.5,0.5,0.50%,,,,,,,,,ShowDailyK_ChartFlow,FinMind_API_TaiwanStockPrice_4953,True,2026-10-05T23:32:53,2026-10-05T23:32:53,2026-10-05T23:32:53
4953,緯軟,2025-05-21,101.0,0.5,0.50%,,,,,,,,,ShowDailyK_ChartFlow,FinMind_API_TaiwanStockPrice_4953,True,2026-10-05T23:32:53,2026-10-05T23:32:53,2026-10-05T23:32:53
4953,緯軟,2025-05-22,100.5,-0.5,-0.50%,,,,,,,,,ShowDailyK_ChartFlow,FinMind_API_TaiwanStockPrice_4953,True,2026-10-05T23:32:53,2026-10-05T23:32:53,2026-10-05T23:32:53
4953,緯軟,2025-05-23,99.1,-1.4000000000000057,-1.39%,,,,,,,,,ShowDailyK_ChartFlow,FinMind_API_TaiwanStockPrice_4953,True,2026-10-05T23:32:53,2026-10-05T23:32:53,2026-10-05T23:32:53
4953,緯軟,2025-05-26,99.0,-0.09999999999999432,-0.10%,,,,,,,,,ShowDailyK_ChartFlow,FinMind_API_TaiwanStockPrice_4953,True,2026-10-05T23:32:53,2026-10-05T23:32:53,2026-10-05T23:32:53
4953,緯軟,2025-05-27,98.5,-0.5,-0.51%,,,,,,,,,ShowDailyK_ChartFlow,FinMind_API_TaiwanStockPrice_4953,True,2026-10-05T23:32:53,2026-10-05T23:32:53,2026-10-05T23:32:53
4953,緯軟,2025-05-28,97.6,-0.9000000000000057,-0.91%,,,,,,,,,ShowDailyK_ChartFlow,FinMind_API_TaiwanStockPrice_4953,True,2026-10-05T23:32:53,2026-10-05T23:32:53,2026-10-05T23:32:53
4953,緯軟,2025-05-29,97.8,0.20000000000000284,0.20%,,,,,,,,,ShowDailyK_ChartFlow,FinMind_API_TaiwanStockPrice_4953,True,2026-10-05T23:32:53,2026-10-05T23:32:53,2026-10-05T23:32:53
4953,緯軟,2025-06-02,96.3,-1.5,-1.53%,,,,,,,,,ShowDailyK_ChartFlow,FinMind_API_TaiwanStockPrice_4953,True,2026-10-05T23:32:53,2026-10-05T23:32:53,2026-10-05T23:32:53
4953,緯軟,2025-06-03,96.8,0.5,0.52%,,,,,,,,,ShowDailyK_ChartFlow,FinMind_API_TaiwanStockPrice_4953,True,2026-10-05T23:32:53,2026-10-05T23:32:53,2026-10-05T23:32:53
4953,緯軟,2025-06-04,97.6,0.7999999999999972,0.83%,,,,,,,,,ShowDailyK_ChartFlow,FinMind_API_TaiwanStockPrice_4953,True,2026-10-05T23:32:53,2026-10-05T23:32:53,2026-10-05T23:32:53
4953,緯軟,2025-06-05,101.0,3.4000000000000057,3.48%,,,,,,,,,ShowDailyK_ChartFlow,FinMind_API_TaiwanStockPrice_4953,True,2026-10-05T23:32:53,2026-10-05T23:32:53,2026-10-05T23:32:53
4953,緯軟,2025-06-06,99.0,-2.0,-1.98%,,,,,,,,,ShowDailyK_ChartFlow,FinMind_API_TaiwanStockPrice_4953,True,2026-10-05T23:32:53,2026-10-05T23:32:53,2026-10-05T23:32:53
4953,緯軟,2025-06-09,100.0,1.0,1.01%,,,,,,,,,ShowDailyK_ChartFlow,FinMind_API_TaiwanStockPrice_4953,True,2026-10-05T23:32:53,2026-10-05T23:32:53,2026-10-05T23:32:53
4953,緯軟,2025-06-10,100.0,0.0,0.00%,,,,,,,,,ShowDailyK_ChartFlow,FinMind_API_TaiwanStockPrice_4953,True,2026-10-05T23:32:53,2026-10-05T23:32:53,2026-10-05T23:32:53
4953,緯軟,2025-06-11,100.5,0.5,0.50%,,,,,,,,,ShowDailyK_ChartFlow,FinMind_API_TaiwanStockPrice_4953,True,2026-10-05T23:32:53,2026-10-05T23:32:53,2026-10-05T23:32:53
4953,緯軟,2025-06-12,100.0,-0.5,-0.50%,,,,,,,,,ShowDailyK_ChartFlow,FinMind_API_TaiwanStockPrice_4953,True,2026-10-05T23:32:53,2026-10-05T23:32:53,2026-10-05T23:32:53
4953,緯軟,2025-06-13,97.9,-2.0999999999999943,-2.10%,,,,,,,,,ShowDailyK_ChartFlow,FinMind_API_TaiwanStockPrice_4953,True,2026-10-05T23:32:53,2026-10-05T23:32:53,2026-10-05T23:32:53
4953,緯軟,2025-06-16,97.6,-0.30000000000001137,-0.31%,,,,,,,,,ShowDailyK_ChartFlow,FinMind_API_TaiwanStockPrice_4953,True,2026-10-05T23:32:53,2026-10-05T23:32:53,2026-10-05T23:32:53
4953,緯軟,2025-06-17,99.0,1.4000000000000057,1.43%,,,,,,,,,ShowDailyK_ChartFlow,FinMind_API_TaiwanStockPrice_4953,True,2026-10-05T23:32:53,2026-10-05T23:32:53,2026-10-05T23:32:53
4953,緯軟,2025-06-18,99.1,0.09999999999999432,0.10%,,,,,,,,,ShowDailyK_ChartFlow,FinMind_API_TaiwanStockPrice_4953,True,2026-10-05T23:32:53,2026-10-05T23:32:53,2026-10-05T23:32:53
4953,緯軟,2025-06-19,97.5,-1.5999999999999943,-1.61%,,,,,,,,,ShowDailyK_ChartFlow,FinMind_API_TaiwanStockPrice_4953,True,2026-10-05T23:32:53,2026-10-05T23:32:53,2026-10-05T23:32:53
4953,緯軟,2025-06-20,96.2,-1.2999999999999972,-1.33%,,,,,,,,,ShowDailyK_ChartFlow,FinMind_API_TaiwanStockPrice_4953,True,2026-10-05T23:32:53,2026-10-05T23:32:53,2026-10-05T23:32:53
4953,緯軟,2025-06-23,96.8,0.5999999999999943,0.62%,,,,,,,,,ShowDailyK_ChartFlow,FinMind_API_TaiwanStockPrice_4953,True,2026-10-05T23:32:53,2026-10-05T23:32:53,2026-10-05T23:32:53
4953,緯軟,2025-06-24,100.5,3.700000000000003,3.82%,,,,,,,,,ShowDailyK_ChartFlow,FinMind_API_TaiwanStockPrice_4953,True,2026-10-05T23:32:53,2026-10-05T23:32:53,2026-10-05T23:32:53
4953,緯軟,2025-06-25,102.0,1.5,1.49%,,,,,,,,,ShowDailyK_ChartFlow,FinMind_API_TaiwanStockPrice_4953,True,2026-10-05T23:32:53,2026-10-05T23:32:53,2026-10-05T23:32:53
4953,緯軟,2025-06-26,101.0,-1.0,-0.98%,,,,,,,,,ShowDailyK_ChartFlow,FinMind_API_TaiwanStockPrice_4953,True,2026-10-05T23:32:53,2026-10-05T23:32:53,2026-10-05T23:32:53
4953,緯軟,2025-06-27,100.5,-0.5,-0.50%,,,,,,,,,ShowDailyK_ChartFlow,FinMind_API_TaiwanStockPrice_4953,True,2026-10-05T23:32:53,2026-10-05T23:32:53,2026-10-05T23:32:53
4953,緯軟,2025-06-30,101.5,1.0,1.00%,,,,,,,,,ShowDailyK_ChartFlow,FinMind_API_TaiwanStockPrice_4953,True,2026-10-05T23:32:53,2026-10-05T23:32:53,2026-10-05T23:32:53
4953,緯軟,2025-07-01,101.5,0.0,0.00%,,,,,,,,,ShowDailyK_ChartFlow,FinMind_API_TaiwanStockPrice_4953,True,2026-10-05T23:32:53,2026-10-05T23:32:53,2026-10-05T23:32:53
4953,緯軟,2025-07-02,100.5,-1.0,-0.99%,,,,,,,,,ShowDailyK_ChartFlow,FinMind_API_TaiwanStockPrice_4953,True,2026-10-05T23:32:53,2026-10-05T23:32:53,2026-10-05T23:32:53
4953,緯軟,2025-07-03,100.5,0.0,0.00%,,,,,,,,,ShowDailyK_ChartFlow,FinMind_API_TaiwanStockPrice_4953,True,2026-10-05T23:32:53,2026-10-05T23:32:53,2026-10-05T23:32:53
4953,緯軟,2025-07-04,99.6,-0.9000000000000057,-0.90%,,,,,,,,,ShowDailyK_ChartFlow,FinMind_API_TaiwanStockPrice_4953,True,2026-10-05T23:32:53,2026-10-05T23:32:53,2026-10-05T23:32:53
4953,緯軟,2025-07-07,100.0,0.4000000000000057,0.40%,,,,,,,,,ShowDailyK_ChartFlow,FinMind_API_TaiwanStockPrice_4953,True,2026-10-05T23:32:53,2026-10-05T23:32:53,2026-10-05T23:32:53
4953,緯軟,2025-07-08,101.5,1.5,1.50%,,,,,,,,,ShowDailyK_ChartFlow,FinMind_API_TaiwanStockPrice_4953,True,2026-10-05T23:32:53,2026-10-05T23:32:53,2026-10-05T23:32:53
4953,緯軟,2025-07-09,101.5,0.0,0.00%,,,,,,,,,ShowDailyK_ChartFlow,FinMind_API_TaiwanStockPrice_4953,True,2026-10-05T23:32:53,2026-10-05T23:32:53,2026-10-05T23:32:53
4953,緯軟,2025-07-10,97.5,-4.0,-3.94%,,,,,,,,,ShowDailyK_ChartFlow,FinMind_API_TaiwanStockPrice_4953,True,2026-10-05T23:32:53,2026-10-05T23:32:53,2026-10-05T23:32:53
4953,緯軟,2025-07-11,97.6,0.09999999999999432,0.10%,,,,,,,,,ShowDailyK_ChartFlow,FinMind_API_TaiwanStockPrice_4953,True,2026-10-05T23:32:53,2026-10-05T23:32:53,2026-10-05T23:32:53
4953,緯軟,2025-07-14,96.1,-1.5,-1.54%,,,,,,,,,ShowDailyK_ChartFlow,FinMind_API_TaiwanStockPrice_4953,True,2026-10-05T23:32:53,2026-10-05T23:32:53,2026-10-05T23:32:53
4953,緯軟,2025-07-15,96.2,0.10000000000000853,0.10%,,,,,,,,,ShowDailyK_ChartFlow,FinMind_API_TaiwanStockPrice_4953,True,2026-10-05T23:32:53,2026-10-05T23:32:53,2026-10-05T23:32:53
4953,緯軟,2025-07-16,97.3,1.0999999999999943,1.14%,,,,,,,,,ShowDailyK_ChartFlow,FinMind_API_TaiwanStockPrice_4953,True,2026-10-05T23:32:53,2026-10-05T23:32:53,2026-10-05T23:32:53
4953,緯軟,2025-07-17,99.2,1.9000000000000057,1.95%,,,,,,,,,ShowDailyK_ChartFlow,FinMind_API_TaiwanStockPrice_4953,True,2026-10-05T23:32:53,2026-10-05T23:32:53,2026-10-05T23:32:53
4953,緯軟,2025-07-18,98.4,-0.7999999999999972,-0.81%,,,,,,,,,ShowDailyK_ChartFlow,FinMind_API_TaiwanStockPrice_4953,True,2026-10-05T23:32:53,2026-10-05T23:32:53,2026-10-05T23:32:53
4953,緯軟,2025-07-21,97.9,-0.5,-0.51%,,,,,,,,,ShowDailyK_ChartFlow,FinMind_API_TaiwanStockPrice_4953,True,2026-10-05T23:32:53,2026-10-05T23:32:53,2026-10-05T23:32:53
4953,緯軟,2025-07-22,96.0,-1.9000000000000057,-1.94%,,,,,,,,,ShowDailyK_ChartFlow,FinMind_API_TaiwanStockPrice_4953,True,2026-10-05T23:32:53,2026-10-05T23:32:53,2026-10-05T23:32:53
4953,緯軟,2025-07-23,99.0,3.0,3.12%,,,,,,,,,ShowDailyK_ChartFlow,FinMind_API_TaiwanStockPrice_4953,True,2026-10-05T23:32:53,2026-10-05T23:32:53,2026-10-05T23:32:53
4953,緯軟,2025-07-24,98.1,-0.9000000000000057,-0.91%,,,,,,,,,ShowDailyK_ChartFlow,FinMind_API_TaiwanStockPrice_4953,True,2026-10-05T23:32:53,2026-10-05T23:32:53,2026-10-05T23:32:53
4953,緯軟,2025-07-25,97.8,-0.29999999999999716,-0.31%,,,,,,,,,ShowDailyK_ChartFlow,FinMind_API_TaiwanStockPrice_4953,True,2026-10-05T23:32:53,2026-10-05T23:32:53,2026-10-05T23:32:53
4953,緯軟,2025-07-28,98.4,0.6000000000000085,0.61%,,,,,,,,,ShowDailyK_ChartFlow,FinMind_API_TaiwanStockPrice_4953,True,2026-10-05T23:32:53,2026-10-05T23:32:53,2026-10-05T23:32:53
4953,緯軟,2025-07-29,97.7,-0.7000000000000028,-0.71%,,,,,,,,,ShowDailyK_ChartFlow,FinMind_API_TaiwanStockPrice_4953,True,2026-10-05T23:32:53,2026-10-05T23:32:53,2026-10-05T23:32:53
4953,緯軟,2025-07-30,96.7,-1.0,-1.02%,,,,,,,,,ShowDailyK_ChartFlow,FinMind_API_TaiwanStockPrice_4953,True,2026-10-05T23:32:53,2026-10-05T23:32:53,2026-10-05T23:32:53
4953,緯軟,2025-07-31,95.5,-1.2000000000000028,-1.24%,,,,,,,,,ShowDailyK_ChartFlow,FinMind_API_TaiwanStockPrice_4953,True,2026-10-05T23:32:53,2026-10-05T23:32:53,2026-10-05T23:32:53
4953,緯軟,2025-08-01,96.9,1.4000000000000057,1.47%,,,,,,,,,ShowDailyK_ChartFlow,FinMind_API_TaiwanStockPrice_4953,True,2026-10-05T23:32:53,2026-10-05T23:32:53,2026-10-05T23:32:53
4953,緯軟,2025-08-04,97.5,0.5999999999999943,0.62%,,,,,,,,,ShowDailyK_ChartFlow,FinMind_API_TaiwanStockPrice_4953,True,2026-10-05T23:32:53,2026-10-05T23:32:53,2026-10-05T23:32:53
4953,緯軟,2025-08-05,99.5,2.0,2.05%,,,,,,,,,ShowDailyK_ChartFlow,FinMind_API_TaiwanStockPrice_4953,True,2026-10-05T23:32:53,2026-10-05T23:32:53,2026-10-05T23:32:53
4953,緯軟,2025-08-06,99.8,0.29999999999999716,0.30%,,,,,,,,,ShowDailyK_ChartFlow,FinMind_API_TaiwanStockPrice_4953,True,2026-10-05T23:32:53,2026-10-05T23:32:53,2026-10-05T23:32:53
4953,緯軟,2025-08-07,99.2,-0.5999999999999943,-0.60%,,,,,,,,,ShowDailyK_ChartFlow,FinMind_API_TaiwanStockPrice_4953,True,2026-10-05T23:32:53,2026-10-05T23:32:53,2026-10-05T23:32:53
4953,緯軟,2025-08-08,103.0,3.799999999999997,3.83%,,,,,,,,,ShowDailyK_ChartFlow,FinMind_API_TaiwanStockPrice_4953,True,2026-10-05T23:32:53,2026-10-05T23:32:53,2026-10-05T23:32:53
4953,緯軟,2025-08-11,105.5,2.5,2.43%,,,,,,,,,ShowDailyK_ChartFlow,FinMind_API_TaiwanStockPrice_4953,True,2026-10-05T23:32:53,2026-10-05T23:32:53,2026-10-05T23:32:53
4953,緯軟,2025-08-12,106.5,1.0,0.95%,,,,,,,,,ShowDailyK_ChartFlow,FinMind_API_TaiwanStockPrice_4953,True,2026-10-05T23:32:53,2026-10-05T23:32:53,2026-10-05T23:32:53
4953,緯軟,2025-08-13,107.0,0.5,0.47%,,,,,,,,,ShowDailyK_ChartFlow,FinMind_API_TaiwanStockPrice_4953,True,2026-10-05T23:32:53,2026-10-05T23:32:53,2026-10-05T23:32:53
4953,緯軟,2025-08-14,108.0,1.0,0.93%,,,,,,,,,ShowDailyK_ChartFlow,FinMind_API_TaiwanStockPrice_4953,True,2026-10-05T23:32:53,2026-10-05T23:32:53,2026-10-05T23:32:53
4953,緯軟,2025-08-15,108.5,0.5,0.46%,,,,,,,,,ShowDailyK_ChartFlow,FinMind_API_TaiwanStockPrice_4953,True,2026-10-05T23:32:53,2026-10-05T23:32:53,2026-10-05T23:32:53
4953,緯軟,2025-08-18,108.5,0.0,0.00%,,,,,,,,,ShowDailyK_ChartFlow,FinMind_API_TaiwanStockPrice_4953,True,2026-10-05T23:32:53,2026-10-05T23:32:53,2026-10-05T23:32:53
4953,緯軟,2025-08-19,106.0,-2.5,-2.30%,,,,,,,,,ShowDailyK_ChartFlow,FinMind_API_TaiwanStockPrice_4953,True,2026-10-05T23:32:53,2026-10-05T23:32:53,2026-10-05T23:32:53
4953,緯軟,2025-08-20,106.5,0.5,0.47%,,,,,,,,,ShowDailyK_ChartFlow,FinMind_API_TaiwanStockPrice_4953,True,2026-10-05T23:32:53,2026-10-05T23:32:53,2026-10-05T23:32:53
4953,緯軟,2025-08-21,110.5,4.0,3.76%,,,,,,,,,ShowDailyK_ChartFlow,FinMind_API_TaiwanStockPrice_4953,True,2026-10-05T23:32:53,2026-10-05T23:32:53,2026-10-05T23:32:53
4953,緯軟,2025-08-22,108.5,-2.0,-1.81%,,,,,,,,,ShowDailyK_ChartFlow,FinMind_API_TaiwanStockPrice_4953,True,2026-10-05T23:32:53,2026-10-05T23:32:53,2026-10-05T23:32:53
4953,緯軟,2025-08-25,109.5,1.0,0.92%,,,,,,,,,ShowDailyK_ChartFlow,FinMind_API_TaiwanStockPrice_4953,True,2026-10-05T23:32:53,2026-10-05T23:32:53,2026-10-05T23:32:53
4953,緯軟,2025-08-26,110.5,1.0,0.91%,,,,,,,,,ShowDailyK_ChartFlow,FinMind_API_TaiwanStockPrice_4953,True,2026-10-05T23:32:53,2026-10-05T23:32:53,2026-10-05T23:32:53
4953,緯軟,2025-08-27,110.5,0.0,0.00%,,,,,,,,,ShowDailyK_ChartFlow,FinMind_API_TaiwanStockPrice_4953,True,2026-10-05T23:32:53,2026-10-05T23:32:53,2026-10-05T23:32:53
4953,緯軟,2025-08-28,114.5,4.0,3.62%,,,,,,,,,ShowDailyK_ChartFlow,FinMind_API_TaiwanStockPrice_4953,True,2026-10-05T23:32:53,2026-10-05T23:32:53,2026-10-05T23:32:53
4953,緯軟,2025-08-29,111.5,-3.0,-2.62%,,,,,,,,,ShowDailyK_ChartFlow,FinMind_API_TaiwanStockPrice_4953,True,2026-10-05T23:32:53,2026-10-05T23:32:53,2026-10-05T23:32:53
4953,緯軟,2025-09-01,112.0,0.5,0.45%,,,,,,,,,ShowDailyK_ChartFlow,FinMind_API_TaiwanStockPrice_4953,True,2026-10-05T23:32:53,2026-10-05T23:32:53,2026-10-05T23:32:53
4953,緯軟,2025-09-02,109.5,-2.5,-2.23%,,,,,,,,,ShowDailyK_ChartFlow,FinMind_API_TaiwanStockPrice_4953,True,2026-10-05T23:32:53,2026-10-05T23:32:53,2026-10-05T23:32:53
4953,緯軟,2025-09-03,109.5,0.0,0.00%,,,,,,,,,ShowDailyK_ChartFlow,FinMind_API_TaiwanStockPrice_4953,True,2026-10-05T23:32:53,2026-10-05T23:32:53,2026-10-05T23:32:53
4953,緯軟,2025-09-04,110.0,0.5,0.46%,,,,,,,,,ShowDailyK_ChartFlow,FinMind_API_TaiwanStockPrice_4953,True,2026-10-05T23:32:53,2026-10-05T23:32:53,2026-10-05T23:32:53
4953,緯軟,2025-09-05,110.5,0.5,0.45%,,,,,,,,,ShowDailyK_ChartFlow,FinMind_API_TaiwanStockPrice_4953,True,2026-10-05T23:32:53,2026-10-05T23:32:53,2026-10-05T23:32:53
4953,緯軟,2025-09-08,112.0,1.5,1.36%,,,,,,,,,ShowDailyK_ChartFlow,FinMind_API_TaiwanStockPrice_4953,True,2026-10-05T23:32:53,2026-10-05T23:32:53,2026-10-05T23:32:53
4953,緯軟,2025-09-09,114.5,2.5,2.23%,,,,,,,,,ShowDailyK_ChartFlow,FinMind_API_TaiwanStockPrice_4953,True,2026-10-05T23:32:53,2026-10-05T23:32:53,2026-10-05T23:32:53
4953,緯軟,2025-09-10,114.5,0.0,0.00%,,,,,,,,,ShowDailyK_ChartFlow,FinMind_API_TaiwanStockPrice_4953,True,2026-10-05T23:32:53,2026-10-05T23:32:53,2026-10-05T23:32:53
4953,緯軟,2025-09-11,113.5,-1.0,-0.87%,,,,,,,,,ShowDailyK_ChartFlow,FinMind_API_TaiwanStockPrice_4953,True,2026-10-05T23:32:53,2026-10-05T23:32:53,2026-10-05T23:32:53
4953,緯軟,2025-09-12,113.5,0.0,0.00%,,,,,,,,,ShowDailyK_ChartFlow,FinMind_API_TaiwanStockPrice_4953,True,2026-10-05T23:32:53,2026-10-05T23:32:53,2026-10-05T23:32:53
4953,緯軟,2025-09-15,109.5,-4.0,-3.52%,,,,,,,,,ShowDailyK_ChartFlow,FinMind_API_TaiwanStockPrice_4953,True,2026-10-05T23:32:53,2026-10-05T23:32:53,2026-10-05T23:32:53
4953,緯軟,2025-09-16,108.5,-1.0,-0.91%,,,,,,,,,ShowDailyK_ChartFlow,FinMind_API_TaiwanStockPrice_4953,True,2026-10-05T23:32:53,2026-10-05T23:32:53,2026-10-05T23:32:53
4953,緯軟,2025-09-17,109.0,0.5,0.46%,,,,,,,,,ShowDailyK_ChartFlow,FinMind_API_TaiwanStockPrice_4953,True,2026-10-05T23:32:53,2026-10-05T23:32:53,2026-10-05T23:32:53
4953,緯軟,2025-09-18,109.5,0.5,0.46%,,,,,,,,,ShowDailyK_ChartFlow,FinMind_API_TaiwanStockPrice_4953,True,2026-10-05T23:32:53,2026-10-05T23:32:53,2026-10-05T23:32:53
4953,緯軟,2025-09-19,110.0,0.5,0.46%,,,,,,,,,ShowDailyK_ChartFlow,FinMind_API_TaiwanStockPrice_4953,True,2026-10-05T23:32:53,2026-10-05T23:32:53,2026-10-05T23:32:53
4953,緯軟,2025-09-22,110.0,0.0,0.00%,,,,,,,,,ShowDailyK_ChartFlow,FinMind_API_TaiwanStockPrice_4953,True,2026-10-05T23:32:53,2026-10-05T23:32:53,2026-10-05T23:32:53
4953,緯軟,2025-09-23,109.0,-1.0,-0.91%,,,,,,,,,ShowDailyK_ChartFlow,FinMind_API_TaiwanStockPrice_4953,True,2026-10-05T23:32:53,2026-10-05T23:32:53,2026-10-05T23:32:53
4953,緯軟,2025-09-24,109.0,0.0,0.00%,,,,,,,,,ShowDailyK_ChartFlow,FinMind_API_TaiwanStockPrice_4953,True,2026-10-05T23:32:53,2026-10-05T23:32:53,2026-10-05T23:32:53
4953,緯軟,2025-09-25,110.0,1.0,0.92%,,,,,,,,,ShowDailyK_ChartFlow,FinMind_API_TaiwanStockPrice_4953,True,2026-10-05T23:32:53,2026-10-05T23:32:53,2026-10-05T23:32:53
4953,緯軟,2025-09-26,108.5,-1.5,-1.36%,,,,,,,,,ShowDailyK_ChartFlow,FinMind_API_TaiwanStockPrice_4953,True,2026-10-05T23:32:53,2026-10-05T23:32:53,2026-10-05T23:32:53
4953,緯軟,2025-09-30,115.5,7.0,6.45%,,,,,,,,,ShowDailyK_ChartFlow,FinMind_API_TaiwanStockPrice_4953,True,2026-10-05T23:32:53,2026-10-05T23:32:53,2026-10-05T23:32:53
4953,緯軟,2025-10-01,114.0,-1.5,-1.30%,,,,,,,,,ShowDailyK_ChartFlow,FinMind_API_TaiwanStockPrice_4953,True,2026-10-05T23:32:53,2026-10-05T23:32:53,2026-10-05T23:32:53
4953,緯軟,2025-10-02,113.0,-1.0,-0.88%,,,,,,,,,ShowDailyK_ChartFlow,FinMind_API_TaiwanStockPrice_4953,True,2026-10-05T23:32:53,2026-10-05T23:32:53,2026-10-05T23:32:53
4953,緯軟,2025-10-03,112.5,-0.5,-0.44%,,,,,,,,,ShowDailyK_ChartFlow,FinMind_API_TaiwanStockPrice_4953,True,2026-10-05T23:32:53,2026-10-05T23:32:53,2026-10-05T23:32:53
4953,緯軟,2025-10-07,114.0,1.5,1.33%,,,,,,,,,ShowDailyK_ChartFlow,FinMind_API_TaiwanStockPrice_4953,True,2026-10-05T23:32:53,2026-10-05T23:32:53,2026-10-05T23:32:53
4953,緯軟,2025-10-08,117.5,3.5,3.07%,,,,,,,,,ShowDailyK_ChartFlow,FinMind_API_TaiwanStockPrice_4953,True,2026-10-05T23:32:53,2026-10-05T23:32:53,2026-10-05T23:32:53
4953,緯軟,2025-10-09,119.5,2.0,1.70%,,,,,,,,,ShowDailyK_ChartFlow,FinMind_API_TaiwanStockPrice_4953,True,2026-10-05T23:32:53,2026-10-05T23:32:53,2026-10-05T23:32:53
4953,緯軟,2025-10-13,129.5,10.0,8.37%,,,,,,,,,ShowDailyK_ChartFlow,FinMind_API_TaiwanStockPrice_4953,True,2026-10-05T23:32:53,2026-10-05T23:32:53,2026-10-05T23:32:53
4953,緯軟,2025-10-14,121.5,-8.0,-6.18%,,,,,,,,,ShowDailyK_ChartFlow,FinMind_API_TaiwanStockPrice_4953,True,2026-10-05T23:32:53,2026-10-05T23:32:53,2026-10-05T23:32:53
4953,緯軟,2025-10-15,125.5,4.0,3.29%,,,,,,,,,ShowDailyK_ChartFlow,FinMind_API_TaiwanStockPrice_4953,True,2026-10-05T23:32:53,2026-10-05T23:32:53,2026-10-05T23:32:53
4953,緯軟,2025-10-16,123.0,-2.5,-1.99%,,,,,,,,,ShowDailyK_ChartFlow,FinMind_API_TaiwanStockPrice_4953,True,2026-10-05T23:32:53,2026-10-05T23:32:53,2026-10-05T23:32:53
4953,緯軟,2025-10-17,120.5,-2.5,-2.03%,,,,,,,,,ShowDailyK_ChartFlow,FinMind_API_TaiwanStockPrice_4953,True,2026-10-05T23:32:53,2026-10-05T23:32:53,2026-10-05T23:32:53
4953,緯軟,2025-10-20,120.0,-0.5,-0.41%,,,,,,,,,ShowDailyK_ChartFlow,FinMind_API_TaiwanStockPrice_4953,True,2026-10-05T23:32:53,2026-10-05T23:32:53,2026-10-05T23:32:53
4953,緯軟,2025-10-21,122.5,2.5,2.08%,,,,,,,,,ShowDailyK_ChartFlow,FinMind_API_TaiwanStockPrice_4953,True,2026-10-05T23:32:53,2026-10-05T23:32:53,2026-10-05T23:32:53
4953,緯軟,2025-10-22,120.5,-2.0,-1.63%,,,,,,,,,ShowDailyK_ChartFlow,FinMind_API_TaiwanStockPrice_4953,True,2026-10-05T23:32:53,2026-10-05T23:32:53,2026-10-05T23:32:53
4953,緯軟,2025-10-23,121.0,0.5,0.41%,,,,,,,,,ShowDailyK_ChartFlow,FinMind_API_TaiwanStockPrice_4953,True,2026-10-05T23:32:53,2026-10-05T23:32:53,2026-10-05T23:32:53
4953,緯軟,2025-10-27,122.5,1.5,1.24%,,,,,,,,,ShowDailyK_ChartFlow,FinMind_API_TaiwanStockPrice_4953,True,2026-10-05T23:32:53,2026-10-05T23:32:53,2026-10-05T23:32:53
4953,緯軟,2025-10-28,121.0,-1.5,-1.22%,,,,,,,,,ShowDailyK_ChartFlow,FinMind_API_TaiwanStockPrice_4953,True,2026-10-05T23:32:53,2026-10-05T23:32:53,2026-10-05T23:32:53
4953,緯軟,2025-10-29,121.0,0.0,0.00%,,,,,,,,,ShowDailyK_ChartFlow,FinMind_API_TaiwanStockPrice_4953,True,2026-10-05T23:32:53,2026-10-05T23:32:53,2026-10-05T23:32:53
4953,緯軟,2025-10-30,122.5,1.5,1.24%,,,,,,,,,ShowDailyK_ChartFlow,FinMind_API_TaiwanStockPrice_4953,True,2026-10-05T23:32:53,2026-10-05T23:32:53,2026-10-05T23:32:53
4953,緯軟,2025-10-31,124.0,1.5,1.22%,,,,,,,,,ShowDailyK_ChartFlow,FinMind_API_TaiwanStockPrice_4953,True,2026-10-05T23:32:53,2026-10-05T23:32:53,2026-10-05T23:32:53
4953,緯軟,2025-11-03,125.5,1.5,1.21%,,,,,,,,,ShowDailyK_ChartFlow,FinMind_API_TaiwanStockPrice_4953,True,2026-10-05T23:32:53,2026-10-05T23:32:53,2026-10-05T23:32:53
4953,緯軟,2025-11-04,123.0,-2.5,-1.99%,,,,,,,,,ShowDailyK_ChartFlow,FinMind_API_TaiwanStockPrice_4953,True,2026-10-05T23:32:53,2026-10-05T23:32:53,2026-10-05T23:32:53
4953,緯軟,2025-11-05,121.0,-2.0,-1.63%,,,,,,,,,ShowDailyK_ChartFlow,FinMind_API_TaiwanStockPrice_4953,True,2026-10-05T23:32:53,2026-10-05T23:32:53,2026-10-05T23:32:53
4953,緯軟,2025-11-06,121.0,0.0,0.00%,,,,,,,,,ShowDailyK_ChartFlow,FinMind_API_TaiwanStockPrice_4953,True,2026-10-05T23:32:53,2026-10-05T23:32:53,2026-10-05T23:32:53
4953,緯軟,2025-11-07,120.0,-1.0,-0.83%,,,,,,,,,ShowDailyK_ChartFlow,FinMind_API_TaiwanStockPrice_4953,True,2026-10-05T23:32:53,2026-10-05T23:32:53,2026-10-05T23:32:53
4953,緯軟,2025-11-10,116.5,-3.5,-2.92%,,,,,,,,,ShowDailyK_ChartFlow,FinMind_API_TaiwanStockPrice_4953,True,2026-10-05T23:32:53,2026-10-05T23:32:53,2026-10-05T23:32:53
4953,緯軟,2025-11-11,126.5,10.0,8.58%,,,,,,,,,ShowDailyK_ChartFlow,FinMind_API_TaiwanStockPrice_4953,True,2026-10-05T23:32:53,2026-10-05T23:32:53,2026-10-05T23:32:53
4953,緯軟,2025-11-12,125.5,-1.0,-0.79%,,,,,,,,,ShowDailyK_ChartFlow,FinMind_API_TaiwanStockPrice_4953,True,2026-10-05T23:32:53,2026-10-05T23:32:53,2026-10-05T23:32:53
4953,緯軟,2025-11-13,126.5,1.0,0.80%,,,,,,,,,ShowDailyK_ChartFlow,FinMind_API_TaiwanStockPrice_4953,True,2026-10-05T23:32:53,2026-10-05T23:32:53,2026-10-05T23:32:53
4953,緯軟,2025-11-14,121.0,-5.5,-4.35%,,,,,,,,,ShowDailyK_ChartFlow,FinMind_API_TaiwanStockPrice_4953,True,2026-10-05T23:32:53,2026-10-05T23:32:53,2026-10-05T23:32:53
4953,緯軟,2025-11-17,122.5,1.5,1.24%,,,,,,,,,ShowDailyK_ChartFlow,FinMind_API_TaiwanStockPrice_4953,True,2026-10-05T23:32:53,2026-10-05T23:32:53,2026-10-05T23:32:53
4953,緯軟,2025-11-18,119.0,-3.5,-2.86%,,,,,,,,,ShowDailyK_ChartFlow,FinMind_API_TaiwanStockPrice_4953,True,2026-10-05T23:32:53,2026-10-05T23:32:53,2026-10-05T23:32:53
4953,緯軟,2025-11-19,116.5,-2.5,-2.10%,,,,,,,,,ShowDailyK_ChartFlow,FinMind_API_TaiwanStockPrice_4953,True,2026-10-05T23:32:53,2026-10-05T23:32:53,2026-10-05T23:32:53
4953,緯軟,2025-11-20,121.5,5.0,4.29%,,,,,,,,,ShowDailyK_ChartFlow,FinMind_API_TaiwanStockPrice_4953,True,2026-10-05T23:32:53,2026-10-05T23:32:53,2026-10-05T23:32:53
4953,緯軟,2025-11-21,120.5,-1.0,-0.82%,,,,,,,,,ShowDailyK_ChartFlow,FinMind_API_TaiwanStockPrice_4953,True,2026-10-05T23:32:53,2026-10-05T23:32:53,2026-10-05T23:32:53
4953,緯軟,2025-11-24,122.5,2.0,1.66%,,,,,,,,,ShowDailyK_ChartFlow,FinMind_API_TaiwanStockPrice_4953,True,2026-10-05T23:32:53,2026-10-05T23:32:53,2026-10-05T23:32:53
4953,緯軟,2025-11-25,125.5,3.0,2.45%,,,,,,,,,ShowDailyK_ChartFlow,FinMind_API_TaiwanStockPrice_4953,True,2026-10-05T23:32:53,2026-10-05T23:32:53,2026-10-05T23:32:53
4953,緯軟,2025-11-26,125.0,-0.5,-0.40%,,,,,,,,,ShowDailyK_ChartFlow,FinMind_API_TaiwanStockPrice_4953,True,2026-10-05T23:32:53,2026-10-05T23:32:53,2026-10-05T23:32:53
4953,緯軟,2025-11-27,126.0,1.0,0.80%,,,,,,,,,ShowDailyK_ChartFlow,FinMind_API_TaiwanStockPrice_4953,True,2026-10-05T23:32:53,2026-10-05T23:32:53,2026-10-05T23:32:53
4953,緯軟,2025-11-28,126.0,0.0,0.00%,,,,,,,,,ShowDailyK_ChartFlow,FinMind_API_TaiwanStockPrice_4953,True,2026-10-05T23:32:53,2026-10-05T23:32:53,2026-10-05T23:32:53
4953,緯軟,2025-12-01,128.0,2.0,1.59%,,,,,,,,,ShowDailyK_ChartFlow,FinMind_API_TaiwanStockPrice_4953,True,2026-10-05T23:32:53,2026-10-05T23:32:53,2026-10-05T23:32:53
4953,緯軟,2025-12-02,130.5,2.5,1.95%,,,,,,,,,ShowDailyK_ChartFlow,FinMind_API_TaiwanStockPrice_4953,True,2026-10-05T23:32:53,2026-10-05T23:32:53,2026-10-05T23:32:53
4953,緯軟,2025-12-03,131.5,1.0,0.77%,,,,,,,,,ShowDailyK_ChartFlow,FinMind_API_TaiwanStockPrice_4953,True,2026-10-05T23:32:53,2026-10-05T23:32:53,2026-10-05T23:32:53
4953,緯軟,2025-12-04,133.5,2.0,1.52%,,,,,,,,,ShowDailyK_ChartFlow,FinMind_API_TaiwanStockPrice_4953,True,2026-10-05T23:32:53,2026-10-05T23:32:53,2026-10-05T23:32:53
4953,緯軟,2025-12-05,131.5,-2.0,-1.50%,,,,,,,,,ShowDailyK_ChartFlow,FinMind_API_TaiwanStockPrice_4953,True,2026-10-05T23:32:53,2026-10-05T23:32:53,2026-10-05T23:32:53
4953,緯軟,2025-12-08,131.0,-0.5,-0.38%,,,,,,,,,ShowDailyK_ChartFlow,FinMind_API_TaiwanStockPrice_4953,True,2026-10-05T23:32:53,2026-10-05T23:32:53,2026-10-05T23:32:53
4953,緯軟,2025-12-09,132.5,1.5,1.15%,,,,,,,,,ShowDailyK_ChartFlow,FinMind_API_TaiwanStockPrice_4953,True,2026-10-05T23:32:53,2026-10-05T23:32:53,2026-10-05T23:32:53
4953,緯軟,2025-12-10,130.0,-2.5,-1.89%,,,,,,,,,ShowDailyK_ChartFlow,FinMind_API_TaiwanStockPrice_4953,True,2026-10-05T23:32:53,2026-10-05T23:32:53,2026-10-05T23:32:53
4953,緯軟,2025-12-11,129.5,-0.5,-0.38%,,,,,,,,,ShowDailyK_ChartFlow,FinMind_API_TaiwanStockPrice_4953,True,2026-10-05T23:32:53,2026-10-05T23:32:53,2026-10-05T23:32:53
4953,緯軟,2025-12-12,127.0,-2.5,-1.93%,,,,,,,,,ShowDailyK_ChartFlow,FinMind_API_TaiwanStockPrice_4953,True,2026-10-05T23:32:53,2026-10-05T23:32:53,2026-10-05T23:32:53
4953,緯軟,2025-12-15,123.5,-3.5,-2.76%,,,,,,,,,ShowDailyK_ChartFlow,FinMind_API_TaiwanStockPrice_4953,True,2026-10-05T23:32:53,2026-10-05T23:32:53,2026-10-05T23:32:53
4953,緯軟,2025-12-16,124.0,0.5,0.40%,,,,,,,,,ShowDailyK_ChartFlow,FinMind_API_TaiwanStockPrice_4953,True,2026-10-05T23:32:53,2026-10-05T23:32:53,2026-10-05T23:32:53
4953,緯軟,2025-12-17,123.0,-1.0,-0.81%,,,,,,,,,ShowDailyK_ChartFlow,FinMind_API_TaiwanStockPrice_4953,True,2026-10-05T23:32:53,2026-10-05T23:32:53,2026-10-05T23:32:53
4953,緯軟,2025-12-18,123.0,0.0,0.00%,,,,,,,,,ShowDailyK_ChartFlow,FinMind_API_TaiwanStockPrice_4953,True,2026-10-05T23:32:53,2026-10-05T23:32:53,2026-10-05T23:32:53
4953,緯軟,2025-12-19,125.0,2.0,1.63%,,,,,,,,,ShowDailyK_ChartFlow,FinMind_API_TaiwanStockPrice_4953,True,2026-10-05T23:32:53,2026-10-05T23:32:53,2026-10-05T23:32:53
4953,緯軟,2025-12-22,127.0,2.0,1.60%,,,,,,,,,ShowDailyK_ChartFlow,FinMind_API_TaiwanStockPrice_4953,True,2026-10-05T23:32:53,2026-10-05T23:32:53,2026-10-05T23:32:53
4953,緯軟,2025-12-23,122.5,-4.5,-3.54%,,,,,,,,,ShowDailyK_ChartFlow,FinMind_API_TaiwanStockPrice_4953,True,2026-10-05T23:32:53,2026-10-05T23:32:53,2026-10-05T23:32:53
4953,緯軟,2025-12-24,121.5,-1.0,-0.82%,,,,,,,,,ShowDailyK_ChartFlow,FinMind_API_TaiwanStockPrice_4953,True,2026-10-05T23:32:53,2026-10-05T23:32:53,2026-10-05T23:32:53
4953,緯軟,2025-12-26,121.0,-0.5,-0.41%,,,,,,,,,ShowDailyK_ChartFlow,FinMind_API_TaiwanStockPrice_4953,True,2026-10-05T23:32:53,2026-10-05T23:32:53,2026-10-05T23:32:53
4953,緯軟,2025-12-29,121.5,0.5,0.41%,,,,,,,,,ShowDailyK_ChartFlow,FinMind_API_TaiwanStockPrice_4953,True,2026-10-05T23:32:53,2026-10-05T23:32:53,2026-10-05T23:32:53
4953,緯軟,2025-12-30,120.0,-1.5,-1.23%,,,,,,,,,ShowDailyK_ChartFlow,FinMind_API_TaiwanStockPrice_4953,True,2026-10-05T23:32:53,2026-10-05T23:32:53,2026-10-05T23:32:53
4953,緯軟,2025-12-31,123.0,3.0,2.50%,,,,,,,,,ShowDailyK_ChartFlow,FinMind_API_TaiwanStockPrice_4953,True,2026-10-05T23:32:53,2026-10-05T23:32:53,2026-10-05T23:32:53
4953,緯軟,2026-01-02,125.0,2.0,1.63%,,,,,,,,,ShowDailyK_ChartFlow,FinMind_API_TaiwanStockPrice_4953,True,2026-10-05T23:32:53,2026-10-05T23:32:53,2026-10-05T23:32:53
4953,緯軟,2026-01-05,124.5,-0.5,-0.40%,,,,,,,,,ShowDailyK_ChartFlow,FinMind_API_TaiwanStockPrice_4953,True,2026-10-05T23:32:53,2026-10-05T23:32:53,2026-10-05T23:32:53
4953,緯軟,2026-01-06,129.0,4.5,3.61%,,,,,,,,,ShowDailyK_ChartFlow,FinMind_API_TaiwanStockPrice_4953,True,2026-10-05T23:32:53,2026-10-05T23:32:53,2026-10-05T23:32:53
4953,緯軟,2026-01-07,133.5,4.5,3.49%,,,,,,,,,ShowDailyK_ChartFlow,FinMind_API_TaiwanStockPrice_4953,True,2026-10-05T23:32:53,2026-10-05T23:32:53,2026-10-05T23:32:53
4953,緯軟,2026-01-08,134.0,0.5,0.37%,,,,,,,,,ShowDailyK_ChartFlow,FinMind_API_TaiwanStockPrice_4953,True,2026-10-05T23:32:53,2026-10-05T23:32:53,2026-10-05T23:32:53
4953,緯軟,2026-01-09,136.0,2.0,1.49%,,,,,,,,,ShowDailyK_ChartFlow,FinMind_API_TaiwanStockPrice_4953,True,2026-10-05T23:32:53,2026-10-05T23:32:53,2026-10-05T23:32:53
4953,緯軟,2026-01-12,135.5,-0.5,-0.37%,,,,,,,,,ShowDailyK_ChartFlow,FinMind_API_TaiwanStockPrice_4953,True,2026-10-05T23:32:53,2026-10-05T23:32:53,2026-10-05T23:32:53
4953,緯軟,2026-01-13,137.0,1.5,1.11%,,,,,,,,,ShowDailyK_ChartFlow,FinMind_API_TaiwanStockPrice_4953,True,2026-10-05T23:32:53,2026-10-05T23:32:53,2026-10-05T23:32:53
4953,緯軟,2026-01-14,137.0,0.0,0.00%,,,,,,,,,ShowDailyK_ChartFlow,FinMind_API_TaiwanStockPrice_4953,True,2026-10-05T23:32:53,2026-10-05T23:32:53,2026-10-05T23:32:53
4953,緯軟,2026-01-15,137.0,0.0,0.00%,,,,,,,,,ShowDailyK_ChartFlow,FinMind_API_TaiwanStockPrice_4953,True,2026-10-05T23:32:53,2026-10-05T23:32:53,2026-10-05T23:32:53
4953,緯軟,2026-01-16,135.5,-1.5,-1.09%,,,,,,,,,ShowDailyK_ChartFlow,FinMind_API_TaiwanStockPrice_4953,True,2026-10-05T23:32:53,2026-10-05T23:32:53,2026-10-05T23:32:53
4953,緯軟,2026-01-19,136.0,0.5,0.37%,,,,,,,,,ShowDailyK_ChartFlow,FinMind_API_TaiwanStockPrice_4953,True,2026-10-05T23:32:53,2026-10-05T23:32:53,2026-10-05T23:32:53
4953,緯軟,2026-01-20,137.0,1.0,0.74%,,,,,,,,,ShowDailyK_ChartFlow,FinMind_API_TaiwanStockPrice_4953,True,2026-10-05T23:32:53,2026-10-05T23:32:53,2026-10-05T23:32:53
4953,緯軟,2026-01-21,132.0,-5.0,-3.65%,,,,,,,,,ShowDailyK_ChartFlow,FinMind_API_TaiwanStockPrice_4953,True,2026-10-05T23:32:53,2026-10-05T23:32:53,2026-10-05T23:32:53
4953,緯軟,2026-01-22,136.5,4.5,3.41%,,,,,,,,,ShowDailyK_ChartFlow,FinMind_API_TaiwanStockPrice_4953,True,2026-10-05T23:32:53,2026-10-05T23:32:53,2026-10-05T23:32:53
4953,緯軟,2026-01-23,136.5,0.0,0.00%,,,,,,,,,ShowDailyK_ChartFlow,FinMind_API_TaiwanStockPrice_4953,True,2026-10-05T23:32:53,2026-10-05T23:32:53,2026-10-05T23:32:53
4953,緯軟,2026-01-26,130.5,-6.0,-4.40%,,,,,,,,,ShowDailyK_ChartFlow,FinMind_API_TaiwanStockPrice_4953,True,2026-10-05T23:32:53,2026-10-05T23:32:53,2026-10-05T23:32:53
4953,緯軟,2026-01-27,128.0,-2.5,-1.92%,,,,,,,,,ShowDailyK_ChartFlow,FinMind_API_TaiwanStockPrice_4953,True,2026-10-05T23:32:53,2026-10-05T23:32:53,2026-10-05T23:32:53
4953,緯軟,2026-01-28,128.0,0.0,0.00%,,,,,,,,,ShowDailyK_ChartFlow,FinMind_API_TaiwanStockPrice_4953,True,2026-10-05T23:32:53,2026-10-05T23:32:53,2026-10-05T23:32:53
4953,緯軟,2026-01-29,124.5,-3.5,-2.73%,,,,,,,,,ShowDailyK_ChartFlow,FinMind_API_TaiwanStockPrice_4953,True,2026-10-05T23:32:53,2026-10-05T23:32:53,2026-10-05T23:32:53
4953,緯軟,2026-01-30,122.0,-2.5,-2.01%,,,,,,,,,ShowDailyK_ChartFlow,FinMind_API_TaiwanStockPrice_4953,True,2026-10-05T23:32:53,2026-10-05T23:32:53,2026-10-05T23:32:53
4953,緯軟,2026-02-02,119.5,-2.5,-2.05%,,,,,,,,,ShowDailyK_ChartFlow,FinMind_API_TaiwanStockPrice_4953,True,2026-10-05T23:32:53,2026-10-05T23:32:53,2026-10-05T23:32:53
4953,緯軟,2026-02-03,120.5,1.0,0.84%,,,,,,,,,ShowDailyK_ChartFlow,FinMind_API_TaiwanStockPrice_4953,True,2026-10-05T23:32:53,2026-10-05T23:32:53,2026-10-05T23:32:53
4953,緯軟,2026-02-04,119.0,-1.5,-1.24%,,,,,,,,,ShowDailyK_ChartFlow,FinMind_API_TaiwanStockPrice_4953,True,2026-10-05T23:32:53,2026-10-05T23:32:53,2026-10-05T23:32:53
4953,緯軟,2026-02-05,116.5,-2.5,-2.10%,,,,,,,,,ShowDailyK_ChartFlow,FinMind_API_TaiwanStockPrice_4953,True,2026-10-05T23:32:53,2026-10-05T23:32:53,2026-10-05T23:32:53
4953,緯軟,2026-02-06,117.5,1.0,0.86%,,,,,,,,,ShowDailyK_ChartFlow,FinMind_API_TaiwanStockPrice_4953,True,2026-10-05T23:32:53,2026-10-05T23:32:53,2026-10-05T23:32:53
4953,緯軟,2026-02-09,115.5,-2.0,-1.70%,,,,,,,,,ShowDailyK_ChartFlow,FinMind_API_TaiwanStockPrice_4953,True,2026-10-05T23:32:53,2026-10-05T23:32:53,2026-10-05T23:32:53
4953,緯軟,2026-02-10,116.5,1.0,0.87%,,,,,,,,,ShowDailyK_ChartFlow,FinMind_API_TaiwanStockPrice_4953,True,2026-10-05T23:32:53,2026-10-05T23:32:53,2026-10-05T23:32:53
4953,緯軟,2026-02-11,117.5,1.0,0.86%,,,,,,,,,ShowDailyK_ChartFlow,FinMind_API_TaiwanStockPrice_4953,True,2026-10-05T23:32:53,2026-10-05T23:32:53,2026-10-05T23:32:53
4953,緯軟,2026-02-23,114.5,-3.0,-2.55%,,,,,,,,,ShowDailyK_ChartFlow,FinMind_API_TaiwanStockPrice_4953,True,2026-10-05T23:32:53,2026-10-05T23:32:53,2026-10-05T23:32:53
4953,緯軟,2026-02-24,113.5,-1.0,-0.87%,,,,,,,,,ShowDailyK_ChartFlow,FinMind_API_TaiwanStockPrice_4953,True,2026-10-05T23:32:53,2026-10-05T23:32:53,2026-10-05T23:32:53
4953,緯軟,2026-02-25,114.0,0.5,0.44%,,,,,,,,,ShowDailyK_ChartFlow,FinMind_API_TaiwanStockPrice_4953,True,2026-10-05T23:32:53,2026-10-05T23:32:53,2026-10-05T23:32:53
4953,緯軟,2026-02-26,117.5,3.5,3.07%,,,,,,,,,ShowDailyK_ChartFlow,FinMind_API_TaiwanStockPrice_4953,True,2026-10-05T23:32:53,2026-10-05T23:32:53,2026-10-05T23:32:53
4953,緯軟,2026-03-02,114.0,-3.5,-2.98%,,,,,,,,,ShowDailyK_ChartFlow,FinMind_API_TaiwanStockPrice_4953,True,2026-10-05T23:32:53,2026-10-05T23:32:53,2026-10-05T23:32:53
4953,緯軟,2026-03-03,112.5,-1.5,-1.32%,,,,,,,,,ShowDailyK_ChartFlow,FinMind_API_TaiwanStockPrice_4953,True,2026-10-05T23:32:53,2026-10-05T23:32:53,2026-10-05T23:32:53
4953,緯軟,2026-03-04,108.0,-4.5,-4.00%,,,,,,,,,ShowDailyK_ChartFlow,FinMind_API_TaiwanStockPrice_4953,True,2026-10-05T23:32:53,2026-10-05T23:32:53,2026-10-05T23:32:53
4953,緯軟,2026-03-05,111.5,3.5,3.24%,,,,,,,,,ShowDailyK_ChartFlow,FinMind_API_TaiwanStockPrice_4953,True,2026-10-05T23:32:53,2026-10-05T23:32:53,2026-10-05T23:32:53
4953,緯軟,2026-03-06,112.5,1.0,0.90%,,,,,,,,,ShowDailyK_ChartFlow,FinMind_API_TaiwanStockPrice_4953,True,2026-10-05T23:32:53,2026-10-05T23:32:53,2026-10-05T23:32:53
4953,緯軟,2026-03-09,110.0,-2.5,-2.22%,,,,,,,,,ShowDailyK_ChartFlow,FinMind_API_TaiwanStockPrice_4953,True,2026-10-05T23:32:53,2026-10-05T23:32:53,2026-10-05T23:32:53
4953,緯軟,2026-03-10,115.5,5.5,5.00%,,,,,,,,,ShowDailyK_ChartFlow,FinMind_API_TaiwanStockPrice_4953,True,2026-10-05T23:32:53,2026-10-05T23:32:53,2026-10-05T23:32:53
4953,緯軟,2026-03-11,116.5,1.0,0.87%,,,,,,,,,ShowDailyK_ChartFlow,FinMind_API_TaiwanStockPrice_4953,True,2026-10-05T23:32:53,2026-10-05T23:32:53,2026-10-05T23:32:53
4953,緯軟,2026-03-12,117.0,0.5,0.43%,,,,,,,,,ShowDailyK_ChartFlow,FinMind_API_TaiwanStockPrice_4953,True,2026-10-05T23:32:53,2026-10-05T23:32:53,2026-10-05T23:32:53
4953,緯軟,2026-03-13,117.0,0.0,0.00%,,,,,,,,,ShowDailyK_ChartFlow,FinMind_API_TaiwanStockPrice_4953,True,2026-10-05T23:32:53,2026-10-05T23:32:53,2026-10-05T23:32:53
4953,緯軟,2026-03-16,116.5,-0.5,-0.43%,,,,,,,,,ShowDailyK_ChartFlow,FinMind_API_TaiwanStockPrice_4953,True,2026-10-05T23:32:53,2026-10-05T23:32:53,2026-10-05T23:32:53
4953,緯軟,2026-03-17,116.5,0.0,0.00%,,,,,,,,,ShowDailyK_ChartFlow,FinMind_API_TaiwanStockPrice_4953,True,2026-10-05T23:32:53,2026-10-05T23:32:53,2026-10-05T23:32:53
4953,緯軟,2026-03-18,115.5,-1.0,-0.86%,,,,,,,,,ShowDailyK_ChartFlow,FinMind_API_TaiwanStockPrice_4953,True,2026-10-05T23:32:53,2026-10-05T23:32:53,2026-10-05T23:32:53
4953,緯軟,2026-03-19,115.0,-0.5,-0.43%,,,,,,,,,ShowDailyK_ChartFlow,FinMind_API_TaiwanStockPrice_4953,True,2026-10-05T23:32:53,2026-10-05T23:32:53,2026-10-05T23:32:53
4953,緯軟,2026-03-20,115.0,0.0,0.00%,,,,,,,,,ShowDailyK_ChartFlow,FinMind_API_TaiwanStockPrice_4953,True,2026-10-05T23:32:53,2026-10-05T23:32:53,2026-10-05T23:32:53
4953,緯軟,2026-03-23,114.5,-0.5,-0.43%,,,,,,,,,ShowDailyK_ChartFlow,FinMind_API_TaiwanStockPrice_4953,True,2026-10-05T23:32:53,2026-10-05T23:32:53,2026-10-05T23:32:53
4953,緯軟,2026-03-24,115.5,1.0,0.87%,,,,,,,,,ShowDailyK_ChartFlow,FinMind_API_TaiwanStockPrice_4953,True,2026-10-05T23:32:53,2026-10-05T23:32:53,2026-10-05T23:32:53
4953,緯軟,2026-03-25,114.0,-1.5,-1.30%,,,,,,,,,ShowDailyK_ChartFlow,FinMind_API_TaiwanStockPrice_4953,True,2026-10-05T23:32:53,2026-10-05T23:32:53,2026-10-05T23:32:53
4953,緯軟,2026-03-26,113.0,-1.0,-0.88%,,,,,,,,,ShowDailyK_ChartFlow,FinMind_API_TaiwanStockPrice_4953,True,2026-10-05T23:32:53,2026-10-05T23:32:53,2026-10-05T23:32:53
4953,緯軟,2026-03-27,112.0,-1.0,-0.88%,,,,,,,,,ShowDailyK_ChartFlow,FinMind_API_TaiwanStockPrice_4953,True,2026-10-05T23:32:53,2026-10-05T23:32:53,2026-10-05T23:32:53
4953,緯軟,2026-03-30,109.5,-2.5,-2.23%,,,,,,,,,ShowDailyK_ChartFlow,FinMind_API_TaiwanStockPrice_4953,True,2026-10-05T23:32:53,2026-10-05T23:32:53,2026-10-05T23:32:53
4953,緯軟,2026-03-31,108.0,-1.5,-1.37%,,,,,,,,,ShowDailyK_ChartFlow,FinMind_API_TaiwanStockPrice_4953,True,2026-10-05T23:32:53,2026-10-05T23:32:53,2026-10-05T23:32:53
4953,緯軟,2026-04-01,110.0,2.0,1.85%,,,,,,,,,ShowDailyK_ChartFlow,FinMind_API_TaiwanStockPrice_4953,True,2026-10-05T23:32:53,2026-10-05T23:32:53,2026-10-05T23:32:53
4953,緯軟,2026-04-02,110.0,0.0,0.00%,,,,,,,,,ShowDailyK_ChartFlow,FinMind_API_TaiwanStockPrice_4953,True,2026-10-05T23:32:53,2026-10-05T23:32:53,2026-10-05T23:32:53
4953,緯軟,2026-04-07,115.0,5.0,4.55%,,,,,,,,,ShowDailyK_ChartFlow,FinMind_API_TaiwanStockPrice_4953,True,2026-10-05T23:32:53,2026-10-05T23:32:53,2026-10-05T23:32:53
4953,緯軟,2026-04-08,120.0,5.0,4.35%,,,,,,,,,ShowDailyK_ChartFlow,FinMind_API_TaiwanStockPrice_4953,True,2026-10-05T23:32:53,2026-10-05T23:32:53,2026-10-05T23:32:53
4953,緯軟,2026-04-09,116.5,-3.5,-2.92%,,,,,,,,,ShowDailyK_ChartFlow,FinMind_API_TaiwanStockPrice_4953,True,2026-10-05T23:32:53,2026-10-05T23:32:53,2026-10-05T23:32:53
4953,緯軟,2026-04-10,116.0,-0.5,-0.43%,,,,,,,,,ShowDailyK_ChartFlow,FinMind_API_TaiwanStockPrice_4953,True,2026-10-05T23:32:53,2026-10-05T23:32:53,2026-10-05T23:32:53
4953,緯軟,2026-04-13,116.5,0.5,0.43%,,,,,,,,,ShowDailyK_ChartFlow,FinMind_API_TaiwanStockPrice_4953,True,2026-10-05T23:32:53,2026-10-05T23:32:53,2026-10-05T23:32:53
4953,緯軟,2026-04-14,118.0,1.5,1.29%,,,,,,,,,ShowDailyK_ChartFlow,FinMind_API_TaiwanStockPrice_4953,True,2026-10-05T23:32:53,2026-10-05T23:32:53,2026-10-05T23:32:53
4953,緯軟,2026-04-15,117.5,-0.5,-0.42%,,,,,,,,,ShowDailyK_ChartFlow,FinMind_API_TaiwanStockPrice_4953,True,2026-10-05T23:32:53,2026-10-05T23:32:53,2026-10-05T23:32:53
4953,緯軟,2026-04-16,119.0,1.5,1.28%,,,,,,,,,ShowDailyK_ChartFlow,FinMind_API_TaiwanStockPrice_4953,True,2026-10-05T23:32:53,2026-10-05T23:32:53,2026-10-05T23:32:53
4953,緯軟,2026-04-17,123.5,4.5,3.78%,,,,,,,,,ShowDailyK_ChartFlow,FinMind_API_TaiwanStockPrice_4953,True,2026-10-05T23:32:53,2026-10-05T23:32:53,2026-10-05T23:32:53
4953,緯軟,2026-04-20,122.0,-1.5,-1.21%,,,,,,,,,ShowDailyK_ChartFlow,FinMind_API_TaiwanStockPrice_4953,True,2026-10-05T23:32:53,2026-10-05T23:32:53,2026-10-05T23:32:53
4953,緯軟,2026-04-21,123.0,1.0,0.82%,,,,,,,,,ShowDailyK_ChartFlow,FinMind_API_TaiwanStockPrice_4953,True,2026-10-05T23:32:53,2026-10-05T23:32:53,2026-10-05T23:32:53
4953,緯軟,2026-04-22,124.5,1.5,1.22%,,,,,,,,,ShowDailyK_ChartFlow,FinMind_API_TaiwanStockPrice_4953,True,2026-10-05T23:32:53,2026-10-05T23:32:53,2026-10-05T23:32:53
4953,緯軟,2026-04-23,122.0,-2.5,-2.01%,,,,,,,,,ShowDailyK_ChartFlow,FinMind_API_TaiwanStockPrice_4953,True,2026-10-05T23:32:53,2026-10-05T23:32:53,2026-10-05T23:32:53
4953,緯軟,2026-04-24,121.0,-1.0,-0.82%,,,,,,,,,ShowDailyK_ChartFlow,FinMind_API_TaiwanStockPrice_4953,True,2026-10-05T23:32:53,2026-10-05T23:32:53,2026-10-05T23:32:53
4953,緯軟,2026-04-27,119.5,-1.5,-1.24%,,,,,,,,,ShowDailyK_ChartFlow,FinMind_API_TaiwanStockPrice_4953,True,2026-10-05T23:32:53,2026-10-05T23:32:53,2026-10-05T23:32:53
4953,緯軟,2026-04-28,121.0,1.5,1.26%,,,,,,,,,ShowDailyK_ChartFlow,FinMind_API_TaiwanStockPrice_4953,True,2026-10-05T23:32:53,2026-10-05T23:32:53,2026-10-05T23:32:53
4953,緯軟,2026-04-29,118.5,-2.5,-2.07%,,,,,,,,,ShowDailyK_ChartFlow,FinMind_API_TaiwanStockPrice_4953,True,2026-10-05T23:32:53,2026-10-05T23:32:53,2026-10-05T23:32:53
4953,緯軟,2026-04-30,119.0,0.5,0.42%,,,,,,,,,ShowDailyK_ChartFlow,FinMind_API_TaiwanStockPrice_4953,True,2026-10-05T23:32:53,2026-10-05T23:32:53,2026-10-05T23:32:53
4953,緯軟,2026-05-04,122.0,3.0,2.52%,,,,,,,,,ShowDailyK_ChartFlow,FinMind_API_TaiwanStockPrice_4953,True,2026-10-05T23:32:53,2026-10-05T23:32:53,2026-10-05T23:32:53
4953,緯軟,2026-05-05,122.0,0.0,0.00%,,,,,,,,,ShowDailyK_ChartFlow,FinMind_API_TaiwanStockPrice_4953,True,2026-10-05T23:32:53,2026-10-05T23:32:53,2026-10-05T23:32:53
4953,緯軟,2026-05-06,123.5,1.5,1.23%,,,,,,,,,ShowDailyK_ChartFlow,FinMind_API_TaiwanStockPrice_4953,True,2026-10-05T23:32:53,2026-10-05T23:32:53,2026-10-05T23:32:53
4953,緯軟,2026-05-07,122.5,-1.0,-0.81%,,,,,,,,,ShowDailyK_ChartFlow,FinMind_API_TaiwanStockPrice_4953,True,2026-10-05T23:32:53,2026-10-05T23:32:53,2026-10-05T23:32:53
4953,緯軟,2026-05-08,121.0,-1.5,-1.22%,,,,,,,,,ShowDailyK_ChartFlow,FinMind_API_TaiwanStockPrice_4953,True,2026-10-05T23:32:53,2026-10-05T23:32:53,2026-10-05T23:32:53
4953,緯軟,2026-05-11,118.5,-2.5,-2.07%,,,,,,,,,ShowDailyK_ChartFlow,FinMind_API_TaiwanStockPrice_4953,True,2026-10-05T23:32:53,2026-10-05T23:32:53,2026-10-05T23:32:53
4953,緯軟,2026-05-12,119.0,0.5,0.42%,,,,,,,,,ShowDailyK_ChartFlow,FinMind_API_TaiwanStockPrice_4953,True,2026-10-05T23:32:53,2026-10-05T23:32:53,2026-10-05T23:32:53
4953,緯軟,2026-05-13,117.5,-1.5,-1.26%,,,,,,,,,ShowDailyK_ChartFlow,FinMind_API_TaiwanStockPrice_4953,True,2026-10-05T23:32:53,2026-10-05T23:32:53,2026-10-05T23:32:53
4953,緯軟,2026-05-14,117.5,0.0,0.00%,,,,,,,,,ShowDailyK_ChartFlow,FinMind_API_TaiwanStockPrice_4953,True,2026-10-05T23:32:53,2026-10-05T23:32:53,2026-10-05T23:32:53
4953,緯軟,2026-05-15,117.0,-0.5,-0.43%,,,,,,,,,ShowDailyK_ChartFlow,FinMind_API_TaiwanStockPrice_4953,True,2026-10-05T23:32:53,2026-10-05T23:32:53,2026-10-05T23:32:53
4953,緯軟,2026-05-18,116.0,-1.0,-0.85%,,,,,,,,,ShowDailyK_ChartFlow,FinMind_API_TaiwanStockPrice_4953,True,2026-10-05T23:32:53,2026-10-05T23:32:53,2026-10-05T23:32:53
4953,緯軟,2026-05-19,119.0,3.0,2.59%,,,,,,,,,ShowDailyK_ChartFlow,FinMind_API_TaiwanStockPrice_4953,True,2026-10-05T23:32:53,2026-10-05T23:32:53,2026-10-05T23:32:53
4953,緯軟,2026-05-20,117.0,-2.0,-1.68%,,,,,,,,,ShowDailyK_ChartFlow,FinMind_API_TaiwanStockPrice_4953,True,2026-10-05T23:32:53,2026-10-05T23:32:53,2026-10-05T23:32:53
4953,緯軟,2026-05-21,120.0,3.0,2.56%,,,,,,,,,ShowDailyK_ChartFlow,FinMind_API_TaiwanStockPrice_4953,True,2026-10-05T23:32:53,2026-10-05T23:32:53,2026-10-05T23:32:53
4953,緯軟,2026-05-22,122.0,2.0,1.67%,,,,,,,,,ShowDailyK_ChartFlow,FinMind_API_TaiwanStockPrice_4953,True,2026-10-05T23:32:53,2026-10-05T23:32:53,2026-10-05T23:32:53
4953,緯軟,2026-05-25,123.5,1.5,1.23%,,,,,,,,,ShowDailyK_ChartFlow,FinMind_API_TaiwanStockPrice_4953,True,2026-10-05T23:32:53,2026-10-05T23:32:53,2026-10-05T23:32:53
4953,緯軟,2026-05-26,122.0,-1.5,-1.21%,,,,,,,,,ShowDailyK_ChartFlow,FinMind_API_TaiwanStockPrice_4953,True,2026-10-05T23:32:53,2026-10-05T23:32:53,2026-10-05T23:32:53
4953,緯軟,2026-05-27,119.5,-2.5,-2.05%,,,,,,,,,ShowDailyK_ChartFlow,FinMind_API_TaiwanStockPrice_4953,True,2026-10-05T23:32:53,2026-10-05T23:32:53,2026-10-05T23:32:53
4953,緯軟,2026-05-28,120.0,0.5,0.42%,,,,,,,,,ShowDailyK_ChartFlow,FinMind_API_TaiwanStockPrice_4953,True,2026-10-05T23:32:53,2026-10-05T23:32:53,2026-10-05T23:32:53
4953,緯軟,2026-05-29,122.5,2.5,2.08%,,,,,,,,,ShowDailyK_ChartFlow,FinMind_API_TaiwanStockPrice_4953,True,2026-10-05T23:32:53,2026-10-05T23:32:53,2026-10-05T23:32:53
4953,緯軟,2026-06-01,132.0,9.5,7.76%,,,,,,,,,ShowDailyK_ChartFlow,FinMind_API_TaiwanStockPrice_4953,True,2026-10-05T23:32:53,2026-10-05T23:32:53,2026-10-05T23:32:53
4953,緯軟,2026-06-02,135.5,3.5,2.65%,,,,,,,,,ShowDailyK_ChartFlow,FinMind_API_TaiwanStockPrice_4953,True,2026-10-05T23:32:53,2026-10-05T23:32:53,2026-10-05T23:32:53
4953,緯軟,2026-06-03,140.5,5.0,3.69%,,,,,,,,,ShowDailyK_ChartFlow,FinMind_API_TaiwanStockPrice_4953,True,2026-10-05T23:32:53,2026-10-05T23:32:53,2026-10-05T23:32:53
4953,緯軟,2026-06-04,142.0,1.5,1.07%,,,,,,,,,ShowDailyK_ChartFlow,FinMind_API_TaiwanStockPrice_4953,True,2026-10-05T23:32:53,2026-10-05T23:32:53,2026-10-05T23:32:53
4953,緯軟,2026-06-05,143.0,1.0,0.70%,,,,,,,,,ShowDailyK_ChartFlow,FinMind_API_TaiwanStockPrice_4953,True,2026-10-05T23:32:53,2026-10-05T23:32:53,2026-10-05T23:32:53
4953,緯軟,2026-06-08,141.0,-2.0,-1.40%,,,,,,,,,ShowDailyK_ChartFlow,FinMind_API_TaiwanStockPrice_4953,True,2026-10-05T23:32:53,2026-10-05T23:32:53,2026-10-05T23:32:53
4953,緯軟,2026-06-09,143.0,2.0,1.42%,,,,,,,,,ShowDailyK_ChartFlow,FinMind_API_TaiwanStockPrice_4953,True,2026-10-05T23:32:53,2026-10-05T23:32:53,2026-10-05T23:32:53
4953,緯軟,2026-06-10,137.5,-5.5,-3.85%,,,,,,,,,ShowDailyK_ChartFlow,FinMind_API_TaiwanStockPrice_4953,True,2026-10-05T23:32:53,2026-10-05T23:32:53,2026-10-05T23:32:53
4953,緯軟,2026-06-11,134.5,-3.0,-2.18%,,,,,,,,,ShowDailyK_ChartFlow,FinMind_API_TaiwanStockPrice_4953,True,2026-10-05T23:32:53,2026-10-05T23:32:53,2026-10-05T23:32:53
4953,緯軟,2026-06-12,135.5,1.0,0.74%,,,,,,,,,ShowDailyK_ChartFlow,FinMind_API_TaiwanStockPrice_4953,True,2026-10-05T23:32:53,2026-10-05T23:32:53,2026-10-05T23:32:53
4953,緯軟,2026-06-15,136.0,0.5,0.37%,,,,,,,,,ShowDailyK_ChartFlow,FinMind_API_TaiwanStockPrice_4953,True,2026-10-05T23:32:53,2026-10-05T23:32:53,2026-10-05T23:32:53
4953,緯軟,2026-06-16,135.0,-1.0,-0.74%,,,,,,,,,ShowDailyK_ChartFlow,FinMind_API_TaiwanStockPrice_4953,True,2026-10-05T23:32:53,2026-10-05T23:32:53,2026-10-05T23:32:53
4953,緯軟,2026-06-17,133.0,-2.0,-1.48%,,,,,,,,,ShowDailyK_ChartFlow,FinMind_API_TaiwanStockPrice_4953,True,2026-10-05T23:32:53,2026-10-05T23:32:53,2026-10-05T23:32:53
4953,緯軟,2026-06-18,132.5,-0.5,-0.38%,,,,,,,,,ShowDailyK_ChartFlow,FinMind_API_TaiwanStockPrice_4953,True,2026-10-05T23:32:53,2026-10-05T23:32:53,2026-10-05T23:32:53
4953,緯軟,2026-06-22,132.5,0.0,0.00%,,,,,,,,,ShowDailyK_ChartFlow,FinMind_API_TaiwanStockPrice_4953,True,2026-10-05T23:32:53,2026-10-05T23:32:53,2026-10-05T23:32:53
4953,緯軟,2026-06-23,128.5,-4.0,-3.02%,,,,,,,,,ShowDailyK_ChartFlow,FinMind_API_TaiwanStockPrice_4953,True,2026-10-05T23:32:53,2026-10-05T23:32:53,2026-10-05T23:32:53
4953,緯軟,2026-06-24,126.5,-2.0,-1.56%,,,,,,,,,ShowDailyK_ChartFlow,FinMind_API_TaiwanStockPrice_4953,True,2026-10-05T23:32:53,2026-10-05T23:32:53,2026-10-05T23:32:53
4953,緯軟,2026-06-25,126.5,0.0,0.00%,,,,,,,,,ShowDailyK_ChartFlow,FinMind_API_TaiwanStockPrice_4953,True,2026-10-05T23:32:53,2026-10-05T23:32:53,2026-10-05T23:32:53
4953,緯軟,2026-06-26,122.5,-4.0,-3.16%,,,,,,,,,ShowDailyK_ChartFlow,FinMind_API_TaiwanStockPrice_4953,True,2026-10-05T23:32:53,2026-10-05T23:32:53,2026-10-05T23:32:53
4953,緯軟,2026-06-29,125.0,2.5,2.04%,,,,,,,,,ShowDailyK_ChartFlow,FinMind_API_TaiwanStockPrice_4953,True,2026-10-05T23:32:53,2026-10-05T23:32:53,2026-10-05T23:32:53
4953,緯軟,2026-06-30,123.0,-2.0,-1.60%,,,,,,,,,ShowDailyK_ChartFlow,FinMind_API_TaiwanStockPrice_4953,True,2026-10-05T23:32:53,2026-10-05T23:32:53,2026-10-05T23:32:53
4953,緯軟,2026-07-01,122.5,-0.5,-0.41%,,,,,,,,,ShowDailyK_ChartFlow,FinMind_API_TaiwanStockPrice_4953,True,2026-10-05T23:32:53,2026-10-05T23:32:53,2026-10-05T23:32:53
4953,緯軟,2026-07-02,124.5,2.0,1.63%,,,,,,,,,ShowDailyK_ChartFlow,FinMind_API_TaiwanStockPrice_4953,True,2026-10-05T23:32:53,2026-10-05T23:32:53,2026-10-05T23:32:53
4953,緯軟,2026-07-03,128.0,3.5,2.81%,,,,,,,,,ShowDailyK_ChartFlow,FinMind_API_TaiwanStockPrice_4953,True,2026-10-05T23:32:53,2026-10-05T23:32:53,2026-10-05T23:32:53
4953,緯軟,2026-07-06,129.5,1.5,1.17%,,,,,,,,,ShowDailyK_ChartFlow,FinMind_API_TaiwanStockPrice_4953,True,2026-10-05T23:32:53,2026-10-05T23:32:53,2026-10-05T23:32:53
4953,緯軟,2026-07-07,127.0,-2.5,-1.93%,,,,,,,,,ShowDailyK_ChartFlow,FinMind_API_TaiwanStockPrice_4953,True,2026-10-05T23:32:53,2026-10-05T23:32:53,2026-10-05T23:32:53
4953,緯軟,2026-07-08,125.5,-1.5,-1.18%,,,,,,,,,ShowDailyK_ChartFlow,FinMind_API_TaiwanStockPrice_4953,True,2026-10-05T23:32:53,2026-10-05T23:32:53,2026-10-05T23:32:53
4953,緯軟,2026-07-09,127.5,2.0,1.59%,,,,,,,,,ShowDailyK_ChartFlow,FinMind_API_TaiwanStockPrice_4953,True,2026-10-05T23:32:53,2026-10-05T23:32:53,2026-10-05T23:32:53
4953,緯軟,2026-07-13,124.5,-3.0,-2.35%,,,,,,,,,ShowDailyK_ChartFlow,FinMind_API_TaiwanStockPrice_4953,True,2026-10-05T23:32:53,2026-10-05T23:32:53,2026-10-05T23:32:53
4953,緯軟,2026-07-14,121.0,-3.5,-2.81%,,,,,,,,,ShowDailyK_ChartFlow,FinMind_API_TaiwanStockPrice_4953,True,2026-10-05T23:32:53,2026-10-05T23:32:53,2026-10-05T23:32:53
4953,緯軟,2026-07-15,125.0,4.0,3.31%,,,,,,,,,ShowDailyK_ChartFlow,FinMind_API_TaiwanStockPrice_4953,True,2026-10-05T23:32:53,2026-10-05T23:32:53,2026-10-05T23:32:53
4953,緯軟,2026-07-16,125.5,0.5,0.40%,,,,,,,,,ShowDailyK_ChartFlow,FinMind_API_TaiwanStockPrice_4953,True,2026-10-05T23:32:53,2026-10-05T23:32:53,2026-10-05T23:32:53
4953,緯軟,2026-07-17,121.5,-4.0,-3.19%,,,,,,,,,ShowDailyK_ChartFlow,FinMind_API_TaiwanStockPrice_4953,True,2026-10-05T23:32:53,2026-10-05T23:32:53,2026-10-05T23:32:53
4953,緯軟,2026-07-20,121.5,0.0,0.00%,,,,,,,,,ShowDailyK_ChartFlow,FinMind_API_TaiwanStockPrice_4953,True,2026-10-05T23:32:53,2026-10-05T23:32:53,2026-10-05T23:32:53
4953,緯軟,2026-07-21,123.5,2.0,1.65%,,,,,,,,,ShowDailyK_ChartFlow,FinMind_API_TaiwanStockPrice_4953,True,2026-10-05T23:32:53,2026-10-05T23:32:53,2026-10-05T23:32:53
4953,緯軟,2026-07-22,126.5,3.0,2.43%,,,,,,,,,ShowDailyK_ChartFlow,FinMind_API_TaiwanStockPrice_4953,True,2026-10-05T23:32:53,2026-10-05T23:32:53,2026-10-05T23:32:53
4953,緯軟,2026-07-23,125.0,-1.5,-1.19%,,,,,,,,,ShowDailyK_ChartFlow,FinMind_API_TaiwanStockPrice_4953,True,2026-10-05T23:32:53,2026-10-05T23:32:53,2026-10-05T23:32:53
4953,緯軟,2026-07-24,124.0,-1.0,-0.80%,,,,,,,,,ShowDailyK_ChartFlow,FinMind_API_TaiwanStockPrice_4953,True,2026-10-05T23:32:53,2026-10-05T23:32:53,2026-10-05T23:32:53
4953,緯軟,2026-07-27,123.0,-1.0,-0.81%,,,,,,,,,ShowDailyK_ChartFlow,FinMind_API_TaiwanStockPrice_4953,True,2026-10-05T23:32:53,2026-10-05T23:32:53,2026-10-05T23:32:53
4953,緯軟,2026-07-28,119.5,-3.5,-2.85%,,,,,,,,,ShowDailyK_ChartFlow,FinMind_API_TaiwanStockPrice_4953,True,2026-10-05T23:32:53,2026-10-05T23:32:53,2026-10-05T23:32:53
4953,緯軟,2026-07-29,118.0,-1.5,-1.26%,,,,,,,,,ShowDailyK_ChartFlow,FinMind_API_TaiwanStockPrice_4953,True,2026-10-05T23:32:53,2026-10-05T23:32:53,2026-10-05T23:32:53
4953,緯軟,2026-07-30,117.0,-1.0,-0.85%,,,,,,,,,ShowDailyK_ChartFlow,FinMind_API_TaiwanStockPrice_4953,True,2026-10-05T23:32:53,2026-10-05T23:32:53,2026-10-05T23:32:53
4953,緯軟,2026-07-31,120.5,3.5,2.99%,,,,,,,,,ShowDailyK_ChartFlow,FinMind_API_TaiwanStockPrice_4953,True,2026-10-05T23:32:53,2026-10-05T23:32:53,2026-10-05T23:32:53
4953,緯軟,2026-08-03,124.5,4.0,3.32%,,,,,,,,,ShowDailyK_ChartFlow,FinMind_API_TaiwanStockPrice_4953,True,2026-10-05T23:32:53,2026-10-05T23:32:53,2026-10-05T23:32:53
4953,緯軟,2026-08-04,129.0,4.5,3.61%,,,,,,,,,ShowDailyK_ChartFlow,FinMind_API_TaiwanStockPrice_4953,True,2026-10-05T23:32:53,2026-10-05T23:32:53,2026-10-05T23:32:53
4953,緯軟,2026-08-05,130.0,1.0,0.78%,,,,,,,,,ShowDailyK_ChartFlow,FinMind_API_TaiwanStockPrice_4953,True,2026-10-05T23:32:53,2026-10-05T23:32:53,2026-10-05T23:32:53
4953,緯軟,2026-08-06,127.5,-2.5,-1.92%,,,,,,,,,ShowDailyK_ChartFlow,FinMind_API_TaiwanStockPrice_4953,True,2026-10-05T23:32:53,2026-10-05T23:32:53,2026-10-05T23:32:53
4953,緯軟,2026-08-07,125.5,-2.0,-1.57%,,,,,,,,,ShowDailyK_ChartFlow,FinMind_API_TaiwanStockPrice_4953,True,2026-10-05T23:32:53,2026-10-05T23:32:53,2026-10-05T23:32:53
4953,緯軟,2026-08-10,127.0,1.5,1.20%,,,,,,,,,ShowDailyK_ChartFlow,FinMind_API_TaiwanStockPrice_4953,True,2026-10-05T23:32:53,2026-10-05T23:32:53,2026-10-05T23:32:53
4953,緯軟,2026-08-11,125.0,-2.0,-1.57%,,,,,,,,,ShowDailyK_ChartFlow,FinMind_API_TaiwanStockPrice_4953,True,2026-10-05T23:32:53,2026-10-05T23:32:53,2026-10-05T23:32:53
4953,緯軟,2026-08-12,125.0,0.0,0.00%,,,,,,,,,ShowDailyK_ChartFlow,FinMind_API_TaiwanStockPrice_4953,True,2026-10-05T23:32:53,2026-10-05T23:32:53,2026-10-05T23:32:53
4953,緯軟,2026-08-13,125.5,0.5,0.40%,,,,,,,,,ShowDailyK_ChartFlow,FinMind_API_TaiwanStockPrice_4953,True,2026-10-05T23:32:53,2026-10-05T23:32:53,2026-10-05T23:32:53
4953,緯軟,2026-08-14,127.0,1.5,1.20%,,,,,,,,,ShowDailyK_ChartFlow,FinMind_API_TaiwanStockPrice_4953,True,2026-10-05T23:32:53,2026-10-05T23:32:53,2026-10-05T23:32:53
4953,緯軟,2026-08-17,125.0,-2.0,-1.57%,,,,,,,,,ShowDailyK_ChartFlow,FinMind_API_TaiwanStockPrice_4953,True,2026-10-05T23:32:53,2026-10-05T23:32:53,2026-10-05T23:32:53
4953,緯軟,2026-08-18,122.5,-2.5,-2.00%,,,,,,,,,ShowDailyK_ChartFlow,FinMind_API_TaiwanStockPrice_4953,True,2026-10-05T23:32:53,2026-10-05T23:32:53,2026-10-05T23:32:53
4953,緯軟,2026-08-19,123.0,0.5,0.41%,,,,,,,,,ShowDailyK_ChartFlow,FinMind_API_TaiwanStockPrice_4953,True,2026-10-05T23:32:53,2026-10-05T23:32:53,2026-10-05T23:32:53
4953,緯軟,2026-08-20,123.0,0.0,0.00%,,,,,,,,,ShowDailyK_ChartFlow,FinMind_API_TaiwanStockPrice_4953,True,2026-10-05T23:32:53,2026-10-05T23:32:53,2026-10-05T23:32:53
4953,緯軟,2026-08-21,122.5,-0.5,-0.41%,,,,,,,,,ShowDailyK_ChartFlow,FinMind_API_TaiwanStockPrice_4953,True,2026-10-05T23:32:53,2026-10-05T23:32:53,2026-10-05T23:32:53
4953,緯軟,2026-08-24,122.5,0.0,0.00%,,,,,,,,,ShowDailyK_ChartFlow,FinMind_API_TaiwanStockPrice_4953,True,2026-10-05T23:32:53,2026-10-05T23:32:53,2026-10-05T23:32:53
4953,緯軟,2026-08-25,122.5,0.0,0.00%,,,,,,,,,ShowDailyK_ChartFlow,FinMind_API_TaiwanStockPrice_4953,True,2026-10-05T23:32:53,2026-10-05T23:32:53,2026-10-05T23:32:53
4953,緯軟,2026-08-26,122.5,0.0,0.00%,,,,,,,,,ShowDailyK_ChartFlow,FinMind_API_TaiwanStockPrice_4953,True,2026-10-05T23:32:53,2026-10-05T23:32:53,2026-10-05T23:32:53
4953,緯軟,2026-08-27,123.0,0.5,0.41%,,,,,,,,,ShowDailyK_ChartFlow,FinMind_API_TaiwanStockPrice_4953,True,2026-10-05T23:32:53,2026-10-05T23:32:53,2026-10-05T23:32:53
4953,緯軟,2026-08-28,124.5,1.5,1.22%,,,,,,,,,ShowDailyK_ChartFlow,FinMind_API_TaiwanStockPrice_4953,True,2026-10-05T23:32:53,2026-10-05T23:32:53,2026-10-05T23:32:53
4953,緯軟,2026-08-31,122.5,-2.0,-1.61%,,,,,,,,,ShowDailyK_ChartFlow,FinMind_API_TaiwanStockPrice_4953,True,2026-10-05T23:32:53,2026-10-05T23:32:53,2026-10-05T23:32:53
4953,緯軟,2026-09-01,122.5,0.0,0.00%,,,,,,,,,ShowDailyK_ChartFlow,FinMind_API_TaiwanStockPrice_4953,True,2026-10-05T23:32:53,2026-10-05T23:32:53,2026-10-05T23:32:53
4953,緯軟,2026-09-02,123.0,0.5,0.41%,,,,,,,,,ShowDailyK_ChartFlow,FinMind_API_TaiwanStockPrice_4953,True,2026-10-05T23:32:53,2026-10-05T23:32:53,2026-10-05T23:32:53
4953,緯軟,2026-09-03,119.0,-4.0,-3.25%,,,,,,,,,ShowDailyK_ChartFlow,FinMind_API_TaiwanStockPrice_4953,True,2026-10-05T23:32:53,2026-10-05T23:32:53,2026-10-05T23:32:53
4953,緯軟,2026-09-04,120.0,1.0,0.84%,,,,,,,,,ShowDailyK_ChartFlow,FinMind_API_TaiwanStockPrice_4953,True,2026-10-05T23:32:53,2026-10-05T23:32:53,2026-10-05T23:32:53
4953,緯軟,2026-09-07,120.0,0.0,0.00%,,,,,,,,,ShowDailyK_ChartFlow,FinMind_API_TaiwanStockPrice_4953,True,2026-10-05T23:32:53,2026-10-05T23:32:53,2026-10-05T23:32:53
4953,緯軟,2026-09-08,118.0,-2.0,-1.67%,,,,,,,,,ShowDailyK_ChartFlow,FinMind_API_TaiwanStockPrice_4953,True,2026-10-05T23:32:53,2026-10-05T23:32:53,2026-10-05T23:32:53
4953,緯軟,2026-09-09,118.0,0.0,0.00%,,,,,,,,,ShowDailyK_ChartFlow,FinMind_API_TaiwanStockPrice_4953,True,2026-10-05T23:32:53,2026-10-05T23:32:53,2026-10-05T23:32:53
4953,緯軟,2026-09-10,117.5,-0.5,-0.42%,,,,,,,,,ShowDailyK_ChartFlow,FinMind_API_TaiwanStockPrice_4953,True,2026-10-05T23:32:53,2026-10-05T23:32:53,2026-10-05T23:32:53
4953,緯軟,2026-09-11,118.5,1.0,0.85%,,,,,,,,,ShowDailyK_ChartFlow,FinMind_API_TaiwanStockPrice_4953,True,2026-10-05T23:32:53,2026-10-05T23:32:53,2026-10-05T23:32:53
4953,緯軟,2026-09-14,120.5,2.0,1.69%,,,,,,,,,ShowDailyK_ChartFlow,FinMind_API_TaiwanStockPrice_4953,True,2026-10-05T23:32:53,2026-10-05T23:32:53,2026-10-05T23:32:53
4953,緯軟,2026-09-15,121.0,0.5,0.41%,,,,,,,,,ShowDailyK_ChartFlow,FinMind_API_TaiwanStockPrice_4953,True,2026-10-05T23:32:53,2026-10-05T23:32:53,2026-10-05T23:32:53
4953,緯軟,2026-09-16,121.0,0.0,0.00%,,,,,,,,,ShowDailyK_ChartFlow,FinMind_API_TaiwanStockPrice_4953,True,2026-10-05T23:32:53,2026-10-05T23:32:53,2026-10-05T23:32:53
4953,緯軟,2026-09-17,119.0,-2.0,-1.65%,,,,,,,,,ShowDailyK_ChartFlow,FinMind_API_TaiwanStockPrice_4953,True,2026-10-05T23:32:53,2026-10-05T23:32:53,2026-10-05T23:32:53
4953,緯軟,2026-09-18,123.0,4.0,3.36%,,,,,,,,,ShowDailyK_ChartFlow,FinMind_API_TaiwanStockPrice_4953,True,2026-10-05T23:32:53,2026-10-05T23:32:53,2026-10-05T23:32:53
4953,緯軟,2026-09-21,120.0,-3.0,-2.44%,,,,,,,,,ShowDailyK_ChartFlow,FinMind_API_TaiwanStockPrice_4953,True,2026-10-05T23:32:53,2026-10-05T23:32:53,2026-10-05T23:32:53
4953,緯軟,2026-09-22,118.0,-2.0,-1.67%,,,,,,,,,ShowDailyK_ChartFlow,FinMind_API_TaiwanStockPrice_4953,True,2026-10-05T23:32:53,2026-10-05T23:32:53,2026-10-05T23:32:53
4953,緯軟,2026-09-23,117.0,-1.0,-0.85%,,,,,,,,,ShowDailyK_ChartFlow,FinMind_API_TaiwanStockPrice_4953,True,2026-10-05T23:32:53,2026-10-05T23:32:53,2026-10-05T23:32:53
4953,緯軟,2026-09-24,117.5,0.5,0.43%,,,,,,,,,ShowDailyK_ChartFlow,FinMind_API_TaiwanStockPrice_4953,True,2026-10-05T23:32:53,2026-10-05T23:32:53,2026-10-05T23:32:53
4953,緯軟,2026-09-29,116.5,-1.0,-0.85%,,,,,,,,,ShowDailyK_ChartFlow,FinMind_API_TaiwanStockPrice_4953,True,2026-10-05T23:32:53,2026-10-05T23:32:53,2026-10-05T23:32:53
4953,緯軟,2026-09-30,117.0,0.5,0.43%,,,,,,,,,ShowDailyK_ChartFlow,FinMind_API_TaiwanStockPrice_4953,True,2026-10-05T23:32:53,2026-10-05T23:32:53,2026-10-05T23:32:53
4953,緯軟,2026-10-01,117.5,0.5,0.43%,,,,,,,,,ShowDailyK_ChartFlow,FinMind_API_TaiwanStockPrice_4953,True,2026-10-05T23:32:53,2026-10-05T23:32:53,2026-10-05T23:32:53
4953,緯軟,2026-10-02,117.5,0.0,0.00%,,,,,,,,,ShowDailyK_ChartFlow,FinMind_API_TaiwanStockPrice_4953,True,2026-10-05T23:32:53,2026-10-05T23:32:53,2026-10-05T23:32:53
4953,緯軟,2026-10-05,116.5,-1.0,-0.85%,,,,,,,,,ShowDailyK_ChartFlow,FinMind_API_TaiwanStockPrice_4953,True,2026-10-05T23:32:53,2026-10-05T23:32:53,2026-10-05T23:32:53
