stock_code,company_name,交易_日期,收盤價_元,漲跌價_元,漲跌幅_pct,河流圖_eps_元,目前_per_倍,本益比試算價格_15x_元,本益比試算價格_18x_元,本益比試算價格_21x_元,本益比試算價格_24x_元,本益比試算價格_27x_元,本益比試算價格_30x_元,file_type,source_file,download_success,download_timestamp,process_timestamp,stage1_process_timestamp
6182,合晶,2021-01-04,41.8,,,,,,,,,,,ShowDailyK_ChartFlow,FinMind_API_TaiwanStockPrice_6182,True,2026-10-05T23:34:52,2026-10-05T23:34:52,2026-10-05T23:34:52
6182,合晶,2021-01-05,42.25,0.45000000000000284,1.08%,,,,,,,,,ShowDailyK_ChartFlow,FinMind_API_TaiwanStockPrice_6182,True,2026-10-05T23:34:52,2026-10-05T23:34:52,2026-10-05T23:34:52
6182,合晶,2021-01-06,41.55,-0.7000000000000028,-1.66%,,,,,,,,,ShowDailyK_ChartFlow,FinMind_API_TaiwanStockPrice_6182,True,2026-10-05T23:34:52,2026-10-05T23:34:52,2026-10-05T23:34:52
6182,合晶,2021-01-07,42.0,0.45000000000000284,1.08%,,,,,,,,,ShowDailyK_ChartFlow,FinMind_API_TaiwanStockPrice_6182,True,2026-10-05T23:34:52,2026-10-05T23:34:52,2026-10-05T23:34:52
6182,合晶,2021-01-08,42.0,0.0,0.00%,,,,,,,,,ShowDailyK_ChartFlow,FinMind_API_TaiwanStockPrice_6182,True,2026-10-05T23:34:52,2026-10-05T23:34:52,2026-10-05T23:34:52
6182,合晶,2021-01-11,42.95,0.9500000000000028,2.26%,,,,,,,,,ShowDailyK_ChartFlow,FinMind_API_TaiwanStockPrice_6182,True,2026-10-05T23:34:52,2026-10-05T23:34:52,2026-10-05T23:34:52
6182,合晶,2021-01-12,41.9,-1.0500000000000043,-2.44%,,,,,,,,,ShowDailyK_ChartFlow,FinMind_API_TaiwanStockPrice_6182,True,2026-10-05T23:34:52,2026-10-05T23:34:52,2026-10-05T23:34:52
6182,合晶,2021-01-13,43.2,1.3000000000000043,3.10%,,,,,,,,,ShowDailyK_ChartFlow,FinMind_API_TaiwanStockPrice_6182,True,2026-10-05T23:34:52,2026-10-05T23:34:52,2026-10-05T23:34:52
6182,合晶,2021-01-14,43.35,0.14999999999999858,0.35%,,,,,,,,,ShowDailyK_ChartFlow,FinMind_API_TaiwanStockPrice_6182,True,2026-10-05T23:34:52,2026-10-05T23:34:52,2026-10-05T23:34:52
6182,合晶,2021-01-15,43.85,0.5,1.15%,,,,,,,,,ShowDailyK_ChartFlow,FinMind_API_TaiwanStockPrice_6182,True,2026-10-05T23:34:52,2026-10-05T23:34:52,2026-10-05T23:34:52
6182,合晶,2021-01-18,43.45,-0.3999999999999986,-0.91%,,,,,,,,,ShowDailyK_ChartFlow,FinMind_API_TaiwanStockPrice_6182,True,2026-10-05T23:34:52,2026-10-05T23:34:52,2026-10-05T23:34:52
6182,合晶,2021-01-19,42.95,-0.5,-1.15%,,,,,,,,,ShowDailyK_ChartFlow,FinMind_API_TaiwanStockPrice_6182,True,2026-10-05T23:34:52,2026-10-05T23:34:52,2026-10-05T23:34:52
6182,合晶,2021-01-20,39.2,-3.75,-8.73%,,,,,,,,,ShowDailyK_ChartFlow,FinMind_API_TaiwanStockPrice_6182,True,2026-10-05T23:34:52,2026-10-05T23:34:52,2026-10-05T23:34:52
6182,合晶,2021-01-21,38.35,-0.8500000000000014,-2.17%,,,,,,,,,ShowDailyK_ChartFlow,FinMind_API_TaiwanStockPrice_6182,True,2026-10-05T23:34:52,2026-10-05T23:34:52,2026-10-05T23:34:52
6182,合晶,2021-01-22,40.45,2.1000000000000014,5.48%,,,,,,,,,ShowDailyK_ChartFlow,FinMind_API_TaiwanStockPrice_6182,True,2026-10-05T23:34:52,2026-10-05T23:34:52,2026-10-05T23:34:52
6182,合晶,2021-01-25,40.4,-0.05000000000000426,-0.12%,,,,,,,,,ShowDailyK_ChartFlow,FinMind_API_TaiwanStockPrice_6182,True,2026-10-05T23:34:52,2026-10-05T23:34:52,2026-10-05T23:34:52
6182,合晶,2021-01-26,40.2,-0.19999999999999574,-0.50%,,,,,,,,,ShowDailyK_ChartFlow,FinMind_API_TaiwanStockPrice_6182,True,2026-10-05T23:34:52,2026-10-05T23:34:52,2026-10-05T23:34:52
6182,合晶,2021-01-27,41.45,1.25,3.11%,,,,,,,,,ShowDailyK_ChartFlow,FinMind_API_TaiwanStockPrice_6182,True,2026-10-05T23:34:52,2026-10-05T23:34:52,2026-10-05T23:34:52
6182,合晶,2021-01-28,41.0,-0.45000000000000284,-1.09%,,,,,,,,,ShowDailyK_ChartFlow,FinMind_API_TaiwanStockPrice_6182,True,2026-10-05T23:34:52,2026-10-05T23:34:52,2026-10-05T23:34:52
6182,合晶,2021-01-29,40.0,-1.0,-2.44%,,,,,,,,,ShowDailyK_ChartFlow,FinMind_API_TaiwanStockPrice_6182,True,2026-10-05T23:34:52,2026-10-05T23:34:52,2026-10-05T23:34:52
6182,合晶,2021-02-01,39.0,-1.0,-2.50%,,,,,,,,,ShowDailyK_ChartFlow,FinMind_API_TaiwanStockPrice_6182,True,2026-10-05T23:34:52,2026-10-05T23:34:52,2026-10-05T23:34:52
6182,合晶,2021-02-02,39.7,0.7000000000000028,1.79%,,,,,,,,,ShowDailyK_ChartFlow,FinMind_API_TaiwanStockPrice_6182,True,2026-10-05T23:34:52,2026-10-05T23:34:52,2026-10-05T23:34:52
6182,合晶,2021-02-03,39.4,-0.30000000000000426,-0.76%,,,,,,,,,ShowDailyK_ChartFlow,FinMind_API_TaiwanStockPrice_6182,True,2026-10-05T23:34:52,2026-10-05T23:34:52,2026-10-05T23:34:52
6182,合晶,2021-02-04,38.95,-0.44999999999999574,-1.14%,,,,,,,,,ShowDailyK_ChartFlow,FinMind_API_TaiwanStockPrice_6182,True,2026-10-05T23:34:52,2026-10-05T23:34:52,2026-10-05T23:34:52
6182,合晶,2021-02-05,38.65,-0.30000000000000426,-0.77%,,,,,,,,,ShowDailyK_ChartFlow,FinMind_API_TaiwanStockPrice_6182,True,2026-10-05T23:34:52,2026-10-05T23:34:52,2026-10-05T23:34:52
6182,合晶,2021-02-17,40.9,2.25,5.82%,,,,,,,,,ShowDailyK_ChartFlow,FinMind_API_TaiwanStockPrice_6182,True,2026-10-05T23:34:52,2026-10-05T23:34:52,2026-10-05T23:34:52
6182,合晶,2021-02-18,42.45,1.5500000000000043,3.79%,,,,,,,,,ShowDailyK_ChartFlow,FinMind_API_TaiwanStockPrice_6182,True,2026-10-05T23:34:52,2026-10-05T23:34:52,2026-10-05T23:34:52
6182,合晶,2021-02-19,43.25,0.7999999999999972,1.88%,,,,,,,,,ShowDailyK_ChartFlow,FinMind_API_TaiwanStockPrice_6182,True,2026-10-05T23:34:52,2026-10-05T23:34:52,2026-10-05T23:34:52
6182,合晶,2021-02-22,43.5,0.25,0.58%,,,,,,,,,ShowDailyK_ChartFlow,FinMind_API_TaiwanStockPrice_6182,True,2026-10-05T23:34:52,2026-10-05T23:34:52,2026-10-05T23:34:52
6182,合晶,2021-02-23,43.4,-0.10000000000000142,-0.23%,,,,,,,,,ShowDailyK_ChartFlow,FinMind_API_TaiwanStockPrice_6182,True,2026-10-05T23:34:52,2026-10-05T23:34:52,2026-10-05T23:34:52
6182,合晶,2021-02-24,42.9,-0.5,-1.15%,,,,,,,,,ShowDailyK_ChartFlow,FinMind_API_TaiwanStockPrice_6182,True,2026-10-05T23:34:52,2026-10-05T23:34:52,2026-10-05T23:34:52
6182,合晶,2021-02-25,46.5,3.6000000000000014,8.39%,,,,,,,,,ShowDailyK_ChartFlow,FinMind_API_TaiwanStockPrice_6182,True,2026-10-05T23:34:52,2026-10-05T23:34:52,2026-10-05T23:34:52
6182,合晶,2021-02-26,44.8,-1.7000000000000028,-3.66%,,,,,,,,,ShowDailyK_ChartFlow,FinMind_API_TaiwanStockPrice_6182,True,2026-10-05T23:34:52,2026-10-05T23:34:52,2026-10-05T23:34:52
6182,合晶,2021-03-02,43.2,-1.5999999999999943,-3.57%,,,,,,,,,ShowDailyK_ChartFlow,FinMind_API_TaiwanStockPrice_6182,True,2026-10-05T23:34:52,2026-10-05T23:34:52,2026-10-05T23:34:52
6182,合晶,2021-03-03,42.45,-0.75,-1.74%,,,,,,,,,ShowDailyK_ChartFlow,FinMind_API_TaiwanStockPrice_6182,True,2026-10-05T23:34:52,2026-10-05T23:34:52,2026-10-05T23:34:52
6182,合晶,2021-03-04,42.0,-0.45000000000000284,-1.06%,,,,,,,,,ShowDailyK_ChartFlow,FinMind_API_TaiwanStockPrice_6182,True,2026-10-05T23:34:52,2026-10-05T23:34:52,2026-10-05T23:34:52
6182,合晶,2021-03-05,40.85,-1.1499999999999986,-2.74%,,,,,,,,,ShowDailyK_ChartFlow,FinMind_API_TaiwanStockPrice_6182,True,2026-10-05T23:34:52,2026-10-05T23:34:52,2026-10-05T23:34:52
6182,合晶,2021-03-08,41.6,0.75,1.84%,,,,,,,,,ShowDailyK_ChartFlow,FinMind_API_TaiwanStockPrice_6182,True,2026-10-05T23:34:52,2026-10-05T23:34:52,2026-10-05T23:34:52
6182,合晶,2021-03-09,40.8,-0.8000000000000043,-1.92%,,,,,,,,,ShowDailyK_ChartFlow,FinMind_API_TaiwanStockPrice_6182,True,2026-10-05T23:34:52,2026-10-05T23:34:52,2026-10-05T23:34:52
6182,合晶,2021-03-10,40.3,-0.5,-1.23%,,,,,,,,,ShowDailyK_ChartFlow,FinMind_API_TaiwanStockPrice_6182,True,2026-10-05T23:34:52,2026-10-05T23:34:52,2026-10-05T23:34:52
6182,合晶,2021-03-11,41.15,0.8500000000000014,2.11%,,,,,,,,,ShowDailyK_ChartFlow,FinMind_API_TaiwanStockPrice_6182,True,2026-10-05T23:34:52,2026-10-05T23:34:52,2026-10-05T23:34:52
6182,合晶,2021-03-12,41.25,0.10000000000000142,0.24%,,,,,,,,,ShowDailyK_ChartFlow,FinMind_API_TaiwanStockPrice_6182,True,2026-10-05T23:34:52,2026-10-05T23:34:52,2026-10-05T23:34:52
6182,合晶,2021-03-15,41.55,0.29999999999999716,0.73%,,,,,,,,,ShowDailyK_ChartFlow,FinMind_API_TaiwanStockPrice_6182,True,2026-10-05T23:34:52,2026-10-05T23:34:52,2026-10-05T23:34:52
6182,合晶,2021-03-16,43.3,1.75,4.21%,,,,,,,,,ShowDailyK_ChartFlow,FinMind_API_TaiwanStockPrice_6182,True,2026-10-05T23:34:52,2026-10-05T23:34:52,2026-10-05T23:34:52
6182,合晶,2021-03-17,43.0,-0.29999999999999716,-0.69%,,,,,,,,,ShowDailyK_ChartFlow,FinMind_API_TaiwanStockPrice_6182,True,2026-10-05T23:34:52,2026-10-05T23:34:52,2026-10-05T23:34:52
6182,合晶,2021-03-18,42.2,-0.7999999999999972,-1.86%,,,,,,,,,ShowDailyK_ChartFlow,FinMind_API_TaiwanStockPrice_6182,True,2026-10-05T23:34:52,2026-10-05T23:34:52,2026-10-05T23:34:52
6182,合晶,2021-03-19,41.55,-0.6500000000000057,-1.54%,,,,,,,,,ShowDailyK_ChartFlow,FinMind_API_TaiwanStockPrice_6182,True,2026-10-05T23:34:52,2026-10-05T23:34:52,2026-10-05T23:34:52
6182,合晶,2021-03-22,41.6,0.05000000000000426,0.12%,,,,,,,,,ShowDailyK_ChartFlow,FinMind_API_TaiwanStockPrice_6182,True,2026-10-05T23:34:52,2026-10-05T23:34:52,2026-10-05T23:34:52
6182,合晶,2021-03-23,41.15,-0.45000000000000284,-1.08%,,,,,,,,,ShowDailyK_ChartFlow,FinMind_API_TaiwanStockPrice_6182,True,2026-10-05T23:34:52,2026-10-05T23:34:52,2026-10-05T23:34:52
6182,合晶,2021-03-24,41.0,-0.14999999999999858,-0.36%,,,,,,,,,ShowDailyK_ChartFlow,FinMind_API_TaiwanStockPrice_6182,True,2026-10-05T23:34:52,2026-10-05T23:34:52,2026-10-05T23:34:52
6182,合晶,2021-03-25,41.05,0.04999999999999716,0.12%,,,,,,,,,ShowDailyK_ChartFlow,FinMind_API_TaiwanStockPrice_6182,True,2026-10-05T23:34:52,2026-10-05T23:34:52,2026-10-05T23:34:52
6182,合晶,2021-03-26,41.15,0.10000000000000142,0.24%,,,,,,,,,ShowDailyK_ChartFlow,FinMind_API_TaiwanStockPrice_6182,True,2026-10-05T23:34:52,2026-10-05T23:34:52,2026-10-05T23:34:52
6182,合晶,2021-03-29,41.6,0.45000000000000284,1.09%,,,,,,,,,ShowDailyK_ChartFlow,FinMind_API_TaiwanStockPrice_6182,True,2026-10-05T23:34:52,2026-10-05T23:34:52,2026-10-05T23:34:52
6182,合晶,2021-03-30,41.25,-0.3500000000000014,-0.84%,,,,,,,,,ShowDailyK_ChartFlow,FinMind_API_TaiwanStockPrice_6182,True,2026-10-05T23:34:52,2026-10-05T23:34:52,2026-10-05T23:34:52
6182,合晶,2021-03-31,42.2,0.9500000000000028,2.30%,,,,,,,,,ShowDailyK_ChartFlow,FinMind_API_TaiwanStockPrice_6182,True,2026-10-05T23:34:52,2026-10-05T23:34:52,2026-10-05T23:34:52
6182,合晶,2021-04-01,41.75,-0.45000000000000284,-1.07%,,,,,,,,,ShowDailyK_ChartFlow,FinMind_API_TaiwanStockPrice_6182,True,2026-10-05T23:34:52,2026-10-05T23:34:52,2026-10-05T23:34:52
6182,合晶,2021-04-06,42.45,0.7000000000000028,1.68%,,,,,,,,,ShowDailyK_ChartFlow,FinMind_API_TaiwanStockPrice_6182,True,2026-10-05T23:34:52,2026-10-05T23:34:52,2026-10-05T23:34:52
6182,合晶,2021-04-07,43.65,1.1999999999999957,2.83%,,,,,,,,,ShowDailyK_ChartFlow,FinMind_API_TaiwanStockPrice_6182,True,2026-10-05T23:34:52,2026-10-05T23:34:52,2026-10-05T23:34:52
6182,合晶,2021-04-08,48.0,4.350000000000001,9.97%,,,,,,,,,ShowDailyK_ChartFlow,FinMind_API_TaiwanStockPrice_6182,True,2026-10-05T23:34:52,2026-10-05T23:34:52,2026-10-05T23:34:52
6182,合晶,2021-04-09,48.55,0.5499999999999972,1.15%,,,,,,,,,ShowDailyK_ChartFlow,FinMind_API_TaiwanStockPrice_6182,True,2026-10-05T23:34:52,2026-10-05T23:34:52,2026-10-05T23:34:52
6182,合晶,2021-04-12,48.6,0.05000000000000426,0.10%,,,,,,,,,ShowDailyK_ChartFlow,FinMind_API_TaiwanStockPrice_6182,True,2026-10-05T23:34:52,2026-10-05T23:34:52,2026-10-05T23:34:52
6182,合晶,2021-04-13,48.2,-0.3999999999999986,-0.82%,,,,,,,,,ShowDailyK_ChartFlow,FinMind_API_TaiwanStockPrice_6182,True,2026-10-05T23:34:52,2026-10-05T23:34:52,2026-10-05T23:34:52
6182,合晶,2021-04-14,46.55,-1.6500000000000057,-3.42%,,,,,,,,,ShowDailyK_ChartFlow,FinMind_API_TaiwanStockPrice_6182,True,2026-10-05T23:34:52,2026-10-05T23:34:52,2026-10-05T23:34:52
6182,合晶,2021-04-15,46.5,-0.04999999999999716,-0.11%,,,,,,,,,ShowDailyK_ChartFlow,FinMind_API_TaiwanStockPrice_6182,True,2026-10-05T23:34:52,2026-10-05T23:34:52,2026-10-05T23:34:52
6182,合晶,2021-04-16,46.15,-0.3500000000000014,-0.75%,,,,,,,,,ShowDailyK_ChartFlow,FinMind_API_TaiwanStockPrice_6182,True,2026-10-05T23:34:52,2026-10-05T23:34:52,2026-10-05T23:34:52
6182,合晶,2021-04-19,48.15,2.0,4.33%,,,,,,,,,ShowDailyK_ChartFlow,FinMind_API_TaiwanStockPrice_6182,True,2026-10-05T23:34:52,2026-10-05T23:34:52,2026-10-05T23:34:52
6182,合晶,2021-04-20,52.9,4.75,9.87%,,,,,,,,,ShowDailyK_ChartFlow,FinMind_API_TaiwanStockPrice_6182,True,2026-10-05T23:34:52,2026-10-05T23:34:52,2026-10-05T23:34:52
6182,合晶,2021-04-21,56.4,3.5,6.62%,,,,,,,,,ShowDailyK_ChartFlow,FinMind_API_TaiwanStockPrice_6182,True,2026-10-05T23:34:52,2026-10-05T23:34:52,2026-10-05T23:34:52
6182,合晶,2021-04-22,53.0,-3.3999999999999986,-6.03%,,,,,,,,,ShowDailyK_ChartFlow,FinMind_API_TaiwanStockPrice_6182,True,2026-10-05T23:34:52,2026-10-05T23:34:52,2026-10-05T23:34:52
6182,合晶,2021-04-23,58.3,5.299999999999997,10.00%,,,,,,,,,ShowDailyK_ChartFlow,FinMind_API_TaiwanStockPrice_6182,True,2026-10-05T23:34:52,2026-10-05T23:34:52,2026-10-05T23:34:52
6182,合晶,2021-04-26,58.8,0.5,0.86%,,,,,,,,,ShowDailyK_ChartFlow,FinMind_API_TaiwanStockPrice_6182,True,2026-10-05T23:34:52,2026-10-05T23:34:52,2026-10-05T23:34:52
6182,合晶,2021-04-27,56.1,-2.6999999999999957,-4.59%,,,,,,,,,ShowDailyK_ChartFlow,FinMind_API_TaiwanStockPrice_6182,True,2026-10-05T23:34:52,2026-10-05T23:34:52,2026-10-05T23:34:52
6182,合晶,2021-04-28,56.9,0.7999999999999972,1.43%,,,,,,,,,ShowDailyK_ChartFlow,FinMind_API_TaiwanStockPrice_6182,True,2026-10-05T23:34:52,2026-10-05T23:34:52,2026-10-05T23:34:52
6182,合晶,2021-04-29,58.0,1.1000000000000014,1.93%,,,,,,,,,ShowDailyK_ChartFlow,FinMind_API_TaiwanStockPrice_6182,True,2026-10-05T23:34:52,2026-10-05T23:34:52,2026-10-05T23:34:52
6182,合晶,2021-05-03,54.9,-3.1000000000000014,-5.34%,,,,,,,,,ShowDailyK_ChartFlow,FinMind_API_TaiwanStockPrice_6182,True,2026-10-05T23:34:52,2026-10-05T23:34:52,2026-10-05T23:34:52
6182,合晶,2021-05-04,55.2,0.30000000000000426,0.55%,,,,,,,,,ShowDailyK_ChartFlow,FinMind_API_TaiwanStockPrice_6182,True,2026-10-05T23:34:52,2026-10-05T23:34:52,2026-10-05T23:34:52
6182,合晶,2021-05-05,51.8,-3.4000000000000057,-6.16%,,,,,,,,,ShowDailyK_ChartFlow,FinMind_API_TaiwanStockPrice_6182,True,2026-10-05T23:34:52,2026-10-05T23:34:52,2026-10-05T23:34:52
6182,合晶,2021-05-06,51.2,-0.5999999999999943,-1.16%,,,,,,,,,ShowDailyK_ChartFlow,FinMind_API_TaiwanStockPrice_6182,True,2026-10-05T23:34:52,2026-10-05T23:34:52,2026-10-05T23:34:52
6182,合晶,2021-05-07,54.7,3.5,6.84%,,,,,,,,,ShowDailyK_ChartFlow,FinMind_API_TaiwanStockPrice_6182,True,2026-10-05T23:34:52,2026-10-05T23:34:52,2026-10-05T23:34:52
6182,合晶,2021-05-10,51.5,-3.200000000000003,-5.85%,,,,,,,,,ShowDailyK_ChartFlow,FinMind_API_TaiwanStockPrice_6182,True,2026-10-05T23:34:52,2026-10-05T23:34:52,2026-10-05T23:34:52
6182,合晶,2021-05-11,48.1,-3.3999999999999986,-6.60%,,,,,,,,,ShowDailyK_ChartFlow,FinMind_API_TaiwanStockPrice_6182,True,2026-10-05T23:34:52,2026-10-05T23:34:52,2026-10-05T23:34:52
6182,合晶,2021-05-12,45.2,-2.8999999999999986,-6.03%,,,,,,,,,ShowDailyK_ChartFlow,FinMind_API_TaiwanStockPrice_6182,True,2026-10-05T23:34:52,2026-10-05T23:34:52,2026-10-05T23:34:52
6182,合晶,2021-05-13,46.1,0.8999999999999986,1.99%,,,,,,,,,ShowDailyK_ChartFlow,FinMind_API_TaiwanStockPrice_6182,True,2026-10-05T23:34:52,2026-10-05T23:34:52,2026-10-05T23:34:52
6182,合晶,2021-05-14,44.45,-1.6499999999999986,-3.58%,,,,,,,,,ShowDailyK_ChartFlow,FinMind_API_TaiwanStockPrice_6182,True,2026-10-05T23:34:52,2026-10-05T23:34:52,2026-10-05T23:34:52
6182,合晶,2021-05-17,41.35,-3.1000000000000014,-6.97%,,,,,,,,,ShowDailyK_ChartFlow,FinMind_API_TaiwanStockPrice_6182,True,2026-10-05T23:34:52,2026-10-05T23:34:52,2026-10-05T23:34:52
6182,合晶,2021-05-18,45.15,3.799999999999997,9.19%,,,,,,,,,ShowDailyK_ChartFlow,FinMind_API_TaiwanStockPrice_6182,True,2026-10-05T23:34:52,2026-10-05T23:34:52,2026-10-05T23:34:52
6182,合晶,2021-05-19,45.55,0.3999999999999986,0.89%,,,,,,,,,ShowDailyK_ChartFlow,FinMind_API_TaiwanStockPrice_6182,True,2026-10-05T23:34:52,2026-10-05T23:34:52,2026-10-05T23:34:52
6182,合晶,2021-05-20,42.9,-2.6499999999999986,-5.82%,,,,,,,,,ShowDailyK_ChartFlow,FinMind_API_TaiwanStockPrice_6182,True,2026-10-05T23:34:52,2026-10-05T23:34:52,2026-10-05T23:34:52
6182,合晶,2021-05-21,44.1,1.2000000000000028,2.80%,,,,,,,,,ShowDailyK_ChartFlow,FinMind_API_TaiwanStockPrice_6182,True,2026-10-05T23:34:52,2026-10-05T23:34:52,2026-10-05T23:34:52
6182,合晶,2021-05-24,44.9,0.7999999999999972,1.81%,,,,,,,,,ShowDailyK_ChartFlow,FinMind_API_TaiwanStockPrice_6182,True,2026-10-05T23:34:52,2026-10-05T23:34:52,2026-10-05T23:34:52
6182,合晶,2021-05-25,49.35,4.450000000000003,9.91%,,,,,,,,,ShowDailyK_ChartFlow,FinMind_API_TaiwanStockPrice_6182,True,2026-10-05T23:34:52,2026-10-05T23:34:52,2026-10-05T23:34:52
6182,合晶,2021-05-26,49.65,0.29999999999999716,0.61%,,,,,,,,,ShowDailyK_ChartFlow,FinMind_API_TaiwanStockPrice_6182,True,2026-10-05T23:34:52,2026-10-05T23:34:52,2026-10-05T23:34:52
6182,合晶,2021-05-27,50.0,0.3500000000000014,0.70%,,,,,,,,,ShowDailyK_ChartFlow,FinMind_API_TaiwanStockPrice_6182,True,2026-10-05T23:34:52,2026-10-05T23:34:52,2026-10-05T23:34:52
6182,合晶,2021-05-28,50.8,0.7999999999999972,1.60%,,,,,,,,,ShowDailyK_ChartFlow,FinMind_API_TaiwanStockPrice_6182,True,2026-10-05T23:34:52,2026-10-05T23:34:52,2026-10-05T23:34:52
6182,合晶,2021-05-31,51.6,0.8000000000000043,1.57%,,,,,,,,,ShowDailyK_ChartFlow,FinMind_API_TaiwanStockPrice_6182,True,2026-10-05T23:34:52,2026-10-05T23:34:52,2026-10-05T23:34:52
6182,合晶,2021-06-01,51.6,0.0,0.00%,,,,,,,,,ShowDailyK_ChartFlow,FinMind_API_TaiwanStockPrice_6182,True,2026-10-05T23:34:52,2026-10-05T23:34:52,2026-10-05T23:34:52
6182,合晶,2021-06-02,50.7,-0.8999999999999986,-1.74%,,,,,,,,,ShowDailyK_ChartFlow,FinMind_API_TaiwanStockPrice_6182,True,2026-10-05T23:34:52,2026-10-05T23:34:52,2026-10-05T23:34:52
6182,合晶,2021-06-03,52.7,2.0,3.94%,,,,,,,,,ShowDailyK_ChartFlow,FinMind_API_TaiwanStockPrice_6182,True,2026-10-05T23:34:52,2026-10-05T23:34:52,2026-10-05T23:34:52
6182,合晶,2021-06-04,51.5,-1.2000000000000028,-2.28%,,,,,,,,,ShowDailyK_ChartFlow,FinMind_API_TaiwanStockPrice_6182,True,2026-10-05T23:34:52,2026-10-05T23:34:52,2026-10-05T23:34:52
6182,合晶,2021-06-07,52.3,0.7999999999999972,1.55%,,,,,,,,,ShowDailyK_ChartFlow,FinMind_API_TaiwanStockPrice_6182,True,2026-10-05T23:34:52,2026-10-05T23:34:52,2026-10-05T23:34:52
6182,合晶,2021-06-08,53.4,1.1000000000000014,2.10%,,,,,,,,,ShowDailyK_ChartFlow,FinMind_API_TaiwanStockPrice_6182,True,2026-10-05T23:34:52,2026-10-05T23:34:52,2026-10-05T23:34:52
6182,合晶,2021-06-09,54.5,1.1000000000000014,2.06%,,,,,,,,,ShowDailyK_ChartFlow,FinMind_API_TaiwanStockPrice_6182,True,2026-10-05T23:34:52,2026-10-05T23:34:52,2026-10-05T23:34:52
6182,合晶,2021-06-10,55.1,0.6000000000000014,1.10%,,,,,,,,,ShowDailyK_ChartFlow,FinMind_API_TaiwanStockPrice_6182,True,2026-10-05T23:34:52,2026-10-05T23:34:52,2026-10-05T23:34:52
6182,合晶,2021-06-11,53.7,-1.3999999999999986,-2.54%,,,,,,,,,ShowDailyK_ChartFlow,FinMind_API_TaiwanStockPrice_6182,True,2026-10-05T23:34:52,2026-10-05T23:34:52,2026-10-05T23:34:52
6182,合晶,2021-06-15,54.5,0.7999999999999972,1.49%,,,,,,,,,ShowDailyK_ChartFlow,FinMind_API_TaiwanStockPrice_6182,True,2026-10-05T23:34:52,2026-10-05T23:34:52,2026-10-05T23:34:52
6182,合晶,2021-06-16,53.2,-1.2999999999999972,-2.39%,,,,,,,,,ShowDailyK_ChartFlow,FinMind_API_TaiwanStockPrice_6182,True,2026-10-05T23:34:52,2026-10-05T23:34:52,2026-10-05T23:34:52
6182,合晶,2021-06-17,56.5,3.299999999999997,6.20%,,,,,,,,,ShowDailyK_ChartFlow,FinMind_API_TaiwanStockPrice_6182,True,2026-10-05T23:34:52,2026-10-05T23:34:52,2026-10-05T23:34:52
6182,合晶,2021-06-18,58.0,1.5,2.65%,,,,,,,,,ShowDailyK_ChartFlow,FinMind_API_TaiwanStockPrice_6182,True,2026-10-05T23:34:52,2026-10-05T23:34:52,2026-10-05T23:34:52
6182,合晶,2021-06-21,59.2,1.2000000000000028,2.07%,,,,,,,,,ShowDailyK_ChartFlow,FinMind_API_TaiwanStockPrice_6182,True,2026-10-05T23:34:52,2026-10-05T23:34:52,2026-10-05T23:34:52
6182,合晶,2021-06-22,59.6,0.3999999999999986,0.68%,,,,,,,,,ShowDailyK_ChartFlow,FinMind_API_TaiwanStockPrice_6182,True,2026-10-05T23:34:52,2026-10-05T23:34:52,2026-10-05T23:34:52
6182,合晶,2021-06-23,64.5,4.899999999999999,8.22%,,,,,,,,,ShowDailyK_ChartFlow,FinMind_API_TaiwanStockPrice_6182,True,2026-10-05T23:34:52,2026-10-05T23:34:52,2026-10-05T23:34:52
6182,合晶,2021-06-24,62.8,-1.7000000000000028,-2.64%,,,,,,,,,ShowDailyK_ChartFlow,FinMind_API_TaiwanStockPrice_6182,True,2026-10-05T23:34:52,2026-10-05T23:34:52,2026-10-05T23:34:52
6182,合晶,2021-06-25,60.9,-1.8999999999999986,-3.03%,,,,,,,,,ShowDailyK_ChartFlow,FinMind_API_TaiwanStockPrice_6182,True,2026-10-05T23:34:52,2026-10-05T23:34:52,2026-10-05T23:34:52
6182,合晶,2021-06-28,61.0,0.10000000000000142,0.16%,,,,,,,,,ShowDailyK_ChartFlow,FinMind_API_TaiwanStockPrice_6182,True,2026-10-05T23:34:52,2026-10-05T23:34:52,2026-10-05T23:34:52
6182,合晶,2021-06-29,62.0,1.0,1.64%,,,,,,,,,ShowDailyK_ChartFlow,FinMind_API_TaiwanStockPrice_6182,True,2026-10-05T23:34:52,2026-10-05T23:34:52,2026-10-05T23:34:52
6182,合晶,2021-06-30,61.1,-0.8999999999999986,-1.45%,,,,,,,,,ShowDailyK_ChartFlow,FinMind_API_TaiwanStockPrice_6182,True,2026-10-05T23:34:52,2026-10-05T23:34:52,2026-10-05T23:34:52
6182,合晶,2021-07-01,58.8,-2.3000000000000043,-3.76%,,,,,,,,,ShowDailyK_ChartFlow,FinMind_API_TaiwanStockPrice_6182,True,2026-10-05T23:34:52,2026-10-05T23:34:52,2026-10-05T23:34:52
6182,合晶,2021-07-02,61.3,2.5,4.25%,,,,,,,,,ShowDailyK_ChartFlow,FinMind_API_TaiwanStockPrice_6182,True,2026-10-05T23:34:52,2026-10-05T23:34:52,2026-10-05T23:34:52
6182,合晶,2021-07-05,62.0,0.7000000000000028,1.14%,,,,,,,,,ShowDailyK_ChartFlow,FinMind_API_TaiwanStockPrice_6182,True,2026-10-05T23:34:52,2026-10-05T23:34:52,2026-10-05T23:34:52
6182,合晶,2021-07-06,60.7,-1.2999999999999972,-2.10%,,,,,,,,,ShowDailyK_ChartFlow,FinMind_API_TaiwanStockPrice_6182,True,2026-10-05T23:34:52,2026-10-05T23:34:52,2026-10-05T23:34:52
6182,合晶,2021-07-07,65.7,5.0,8.24%,,,,,,,,,ShowDailyK_ChartFlow,FinMind_API_TaiwanStockPrice_6182,True,2026-10-05T23:34:52,2026-10-05T23:34:52,2026-10-05T23:34:52
6182,合晶,2021-07-08,64.2,-1.5,-2.28%,,,,,,,,,ShowDailyK_ChartFlow,FinMind_API_TaiwanStockPrice_6182,True,2026-10-05T23:34:52,2026-10-05T23:34:52,2026-10-05T23:34:52
6182,合晶,2021-07-09,63.9,-0.30000000000000426,-0.47%,,,,,,,,,ShowDailyK_ChartFlow,FinMind_API_TaiwanStockPrice_6182,True,2026-10-05T23:34:52,2026-10-05T23:34:52,2026-10-05T23:34:52
6182,合晶,2021-07-12,67.7,3.8000000000000043,5.95%,,,,,,,,,ShowDailyK_ChartFlow,FinMind_API_TaiwanStockPrice_6182,True,2026-10-05T23:34:52,2026-10-05T23:34:52,2026-10-05T23:34:52
6182,合晶,2021-07-13,67.1,-0.6000000000000085,-0.89%,,,,,,,,,ShowDailyK_ChartFlow,FinMind_API_TaiwanStockPrice_6182,True,2026-10-05T23:34:52,2026-10-05T23:34:52,2026-10-05T23:34:52
6182,合晶,2021-07-14,66.5,-0.5999999999999943,-0.89%,,,,,,,,,ShowDailyK_ChartFlow,FinMind_API_TaiwanStockPrice_6182,True,2026-10-05T23:34:52,2026-10-05T23:34:52,2026-10-05T23:34:52
6182,合晶,2021-07-15,65.5,-1.0,-1.50%,,,,,,,,,ShowDailyK_ChartFlow,FinMind_API_TaiwanStockPrice_6182,True,2026-10-05T23:34:52,2026-10-05T23:34:52,2026-10-05T23:34:52
6182,合晶,2021-07-16,65.1,-0.4000000000000057,-0.61%,,,,,,,,,ShowDailyK_ChartFlow,FinMind_API_TaiwanStockPrice_6182,True,2026-10-05T23:34:52,2026-10-05T23:34:52,2026-10-05T23:34:52
6182,合晶,2021-07-19,67.1,2.0,3.07%,,,,,,,,,ShowDailyK_ChartFlow,FinMind_API_TaiwanStockPrice_6182,True,2026-10-05T23:34:52,2026-10-05T23:34:52,2026-10-05T23:34:52
6182,合晶,2021-07-20,65.1,-2.0,-2.98%,,,,,,,,,ShowDailyK_ChartFlow,FinMind_API_TaiwanStockPrice_6182,True,2026-10-05T23:34:52,2026-10-05T23:34:52,2026-10-05T23:34:52
6182,合晶,2021-07-21,66.4,1.3000000000000114,2.00%,,,,,,,,,ShowDailyK_ChartFlow,FinMind_API_TaiwanStockPrice_6182,True,2026-10-05T23:34:52,2026-10-05T23:34:52,2026-10-05T23:34:52
6182,合晶,2021-07-22,69.3,2.8999999999999915,4.37%,,,,,,,,,ShowDailyK_ChartFlow,FinMind_API_TaiwanStockPrice_6182,True,2026-10-05T23:34:52,2026-10-05T23:34:52,2026-10-05T23:34:52
6182,合晶,2021-07-23,67.9,-1.3999999999999915,-2.02%,,,,,,,,,ShowDailyK_ChartFlow,FinMind_API_TaiwanStockPrice_6182,True,2026-10-05T23:34:52,2026-10-05T23:34:52,2026-10-05T23:34:52
6182,合晶,2021-07-26,71.2,3.299999999999997,4.86%,,,,,,,,,ShowDailyK_ChartFlow,FinMind_API_TaiwanStockPrice_6182,True,2026-10-05T23:34:52,2026-10-05T23:34:52,2026-10-05T23:34:52
6182,合晶,2021-07-27,71.7,0.5,0.70%,,,,,,,,,ShowDailyK_ChartFlow,FinMind_API_TaiwanStockPrice_6182,True,2026-10-05T23:34:52,2026-10-05T23:34:52,2026-10-05T23:34:52
6182,合晶,2021-07-28,67.6,-4.1000000000000085,-5.72%,,,,,,,,,ShowDailyK_ChartFlow,FinMind_API_TaiwanStockPrice_6182,True,2026-10-05T23:34:52,2026-10-05T23:34:52,2026-10-05T23:34:52
6182,合晶,2021-07-29,71.8,4.200000000000003,6.21%,,,,,,,,,ShowDailyK_ChartFlow,FinMind_API_TaiwanStockPrice_6182,True,2026-10-05T23:34:52,2026-10-05T23:34:52,2026-10-05T23:34:52
6182,合晶,2021-07-30,69.8,-2.0,-2.79%,,,,,,,,,ShowDailyK_ChartFlow,FinMind_API_TaiwanStockPrice_6182,True,2026-10-05T23:34:52,2026-10-05T23:34:52,2026-10-05T23:34:52
6182,合晶,2021-08-02,68.7,-1.0999999999999943,-1.58%,,,,,,,,,ShowDailyK_ChartFlow,FinMind_API_TaiwanStockPrice_6182,True,2026-10-05T23:34:52,2026-10-05T23:34:52,2026-10-05T23:34:52
6182,合晶,2021-08-03,69.0,0.29999999999999716,0.44%,,,,,,,,,ShowDailyK_ChartFlow,FinMind_API_TaiwanStockPrice_6182,True,2026-10-05T23:34:52,2026-10-05T23:34:52,2026-10-05T23:34:52
6182,合晶,2021-08-04,69.7,0.7000000000000028,1.01%,,,,,,,,,ShowDailyK_ChartFlow,FinMind_API_TaiwanStockPrice_6182,True,2026-10-05T23:34:52,2026-10-05T23:34:52,2026-10-05T23:34:52
6182,合晶,2021-08-05,71.6,1.8999999999999915,2.73%,,,,,,,,,ShowDailyK_ChartFlow,FinMind_API_TaiwanStockPrice_6182,True,2026-10-05T23:34:52,2026-10-05T23:34:52,2026-10-05T23:34:52
6182,合晶,2021-08-06,69.3,-2.299999999999997,-3.21%,,,,,,,,,ShowDailyK_ChartFlow,FinMind_API_TaiwanStockPrice_6182,True,2026-10-05T23:34:52,2026-10-05T23:34:52,2026-10-05T23:34:52
6182,合晶,2021-08-09,65.5,-3.799999999999997,-5.48%,,,,,,,,,ShowDailyK_ChartFlow,FinMind_API_TaiwanStockPrice_6182,True,2026-10-05T23:34:52,2026-10-05T23:34:52,2026-10-05T23:34:52
6182,合晶,2021-08-10,62.7,-2.799999999999997,-4.27%,,,,,,,,,ShowDailyK_ChartFlow,FinMind_API_TaiwanStockPrice_6182,True,2026-10-05T23:34:52,2026-10-05T23:34:52,2026-10-05T23:34:52
6182,合晶,2021-08-11,63.0,0.29999999999999716,0.48%,,,,,,,,,ShowDailyK_ChartFlow,FinMind_API_TaiwanStockPrice_6182,True,2026-10-05T23:34:52,2026-10-05T23:34:52,2026-10-05T23:34:52
6182,合晶,2021-08-12,63.0,0.0,0.00%,,,,,,,,,ShowDailyK_ChartFlow,FinMind_API_TaiwanStockPrice_6182,True,2026-10-05T23:34:52,2026-10-05T23:34:52,2026-10-05T23:34:52
6182,合晶,2021-08-13,59.8,-3.200000000000003,-5.08%,,,,,,,,,ShowDailyK_ChartFlow,FinMind_API_TaiwanStockPrice_6182,True,2026-10-05T23:34:52,2026-10-05T23:34:52,2026-10-05T23:34:52
6182,合晶,2021-08-16,59.2,-0.5999999999999943,-1.00%,,,,,,,,,ShowDailyK_ChartFlow,FinMind_API_TaiwanStockPrice_6182,True,2026-10-05T23:34:52,2026-10-05T23:34:52,2026-10-05T23:34:52
6182,合晶,2021-08-17,56.0,-3.200000000000003,-5.41%,,,,,,,,,ShowDailyK_ChartFlow,FinMind_API_TaiwanStockPrice_6182,True,2026-10-05T23:34:52,2026-10-05T23:34:52,2026-10-05T23:34:52
6182,合晶,2021-08-18,60.3,4.299999999999997,7.68%,,,,,,,,,ShowDailyK_ChartFlow,FinMind_API_TaiwanStockPrice_6182,True,2026-10-05T23:34:52,2026-10-05T23:34:52,2026-10-05T23:34:52
6182,合晶,2021-08-19,60.0,-0.29999999999999716,-0.50%,,,,,,,,,ShowDailyK_ChartFlow,FinMind_API_TaiwanStockPrice_6182,True,2026-10-05T23:34:52,2026-10-05T23:34:52,2026-10-05T23:34:52
6182,合晶,2021-08-20,62.0,2.0,3.33%,,,,,,,,,ShowDailyK_ChartFlow,FinMind_API_TaiwanStockPrice_6182,True,2026-10-05T23:34:52,2026-10-05T23:34:52,2026-10-05T23:34:52
6182,合晶,2021-08-23,64.9,2.9000000000000057,4.68%,,,,,,,,,ShowDailyK_ChartFlow,FinMind_API_TaiwanStockPrice_6182,True,2026-10-05T23:34:52,2026-10-05T23:34:52,2026-10-05T23:34:52
6182,合晶,2021-08-24,64.6,-0.30000000000001137,-0.46%,,,,,,,,,ShowDailyK_ChartFlow,FinMind_API_TaiwanStockPrice_6182,True,2026-10-05T23:34:52,2026-10-05T23:34:52,2026-10-05T23:34:52
6182,合晶,2021-08-25,68.7,4.1000000000000085,6.35%,,,,,,,,,ShowDailyK_ChartFlow,FinMind_API_TaiwanStockPrice_6182,True,2026-10-05T23:34:52,2026-10-05T23:34:52,2026-10-05T23:34:52
6182,合晶,2021-08-26,70.2,1.5,2.18%,,,,,,,,,ShowDailyK_ChartFlow,FinMind_API_TaiwanStockPrice_6182,True,2026-10-05T23:34:52,2026-10-05T23:34:52,2026-10-05T23:34:52
6182,合晶,2021-08-27,68.7,-1.5,-2.14%,,,,,,,,,ShowDailyK_ChartFlow,FinMind_API_TaiwanStockPrice_6182,True,2026-10-05T23:34:52,2026-10-05T23:34:52,2026-10-05T23:34:52
6182,合晶,2021-08-30,69.6,0.8999999999999915,1.31%,,,,,,,,,ShowDailyK_ChartFlow,FinMind_API_TaiwanStockPrice_6182,True,2026-10-05T23:34:52,2026-10-05T23:34:52,2026-10-05T23:34:52
6182,合晶,2021-08-31,70.4,0.8000000000000114,1.15%,,,,,,,,,ShowDailyK_ChartFlow,FinMind_API_TaiwanStockPrice_6182,True,2026-10-05T23:34:52,2026-10-05T23:34:52,2026-10-05T23:34:52
6182,合晶,2021-09-01,70.7,0.29999999999999716,0.43%,,,,,,,,,ShowDailyK_ChartFlow,FinMind_API_TaiwanStockPrice_6182,True,2026-10-05T23:34:52,2026-10-05T23:34:52,2026-10-05T23:34:52
6182,合晶,2021-09-02,68.8,-1.9000000000000057,-2.69%,,,,,,,,,ShowDailyK_ChartFlow,FinMind_API_TaiwanStockPrice_6182,True,2026-10-05T23:34:52,2026-10-05T23:34:52,2026-10-05T23:34:52
6182,合晶,2021-09-03,72.0,3.200000000000003,4.65%,,,,,,,,,ShowDailyK_ChartFlow,FinMind_API_TaiwanStockPrice_6182,True,2026-10-05T23:34:52,2026-10-05T23:34:52,2026-10-05T23:34:52
6182,合晶,2021-09-06,70.6,-1.4000000000000057,-1.94%,,,,,,,,,ShowDailyK_ChartFlow,FinMind_API_TaiwanStockPrice_6182,True,2026-10-05T23:34:52,2026-10-05T23:34:52,2026-10-05T23:34:52
6182,合晶,2021-09-07,68.6,-2.0,-2.83%,,,,,,,,,ShowDailyK_ChartFlow,FinMind_API_TaiwanStockPrice_6182,True,2026-10-05T23:34:52,2026-10-05T23:34:52,2026-10-05T23:34:52
6182,合晶,2021-09-08,65.0,-3.5999999999999943,-5.25%,,,,,,,,,ShowDailyK_ChartFlow,FinMind_API_TaiwanStockPrice_6182,True,2026-10-05T23:34:52,2026-10-05T23:34:52,2026-10-05T23:34:52
6182,合晶,2021-09-09,67.0,2.0,3.08%,,,,,,,,,ShowDailyK_ChartFlow,FinMind_API_TaiwanStockPrice_6182,True,2026-10-05T23:34:52,2026-10-05T23:34:52,2026-10-05T23:34:52
6182,合晶,2021-09-10,69.3,2.299999999999997,3.43%,,,,,,,,,ShowDailyK_ChartFlow,FinMind_API_TaiwanStockPrice_6182,True,2026-10-05T23:34:52,2026-10-05T23:34:52,2026-10-05T23:34:52
6182,合晶,2021-09-13,68.3,-1.0,-1.44%,,,,,,,,,ShowDailyK_ChartFlow,FinMind_API_TaiwanStockPrice_6182,True,2026-10-05T23:34:52,2026-10-05T23:34:52,2026-10-05T23:34:52
6182,合晶,2021-09-14,68.1,-0.20000000000000284,-0.29%,,,,,,,,,ShowDailyK_ChartFlow,FinMind_API_TaiwanStockPrice_6182,True,2026-10-05T23:34:52,2026-10-05T23:34:52,2026-10-05T23:34:52
6182,合晶,2021-09-15,67.1,-1.0,-1.47%,,,,,,,,,ShowDailyK_ChartFlow,FinMind_API_TaiwanStockPrice_6182,True,2026-10-05T23:34:52,2026-10-05T23:34:52,2026-10-05T23:34:52
6182,合晶,2021-09-16,69.0,1.9000000000000057,2.83%,,,,,,,,,ShowDailyK_ChartFlow,FinMind_API_TaiwanStockPrice_6182,True,2026-10-05T23:34:52,2026-10-05T23:34:52,2026-10-05T23:34:52
6182,合晶,2021-09-17,69.4,0.4000000000000057,0.58%,,,,,,,,,ShowDailyK_ChartFlow,FinMind_API_TaiwanStockPrice_6182,True,2026-10-05T23:34:52,2026-10-05T23:34:52,2026-10-05T23:34:52
6182,合晶,2021-09-22,69.3,-0.10000000000000853,-0.14%,,,,,,,,,ShowDailyK_ChartFlow,FinMind_API_TaiwanStockPrice_6182,True,2026-10-05T23:34:52,2026-10-05T23:34:52,2026-10-05T23:34:52
6182,合晶,2021-09-23,69.6,0.29999999999999716,0.43%,,,,,,,,,ShowDailyK_ChartFlow,FinMind_API_TaiwanStockPrice_6182,True,2026-10-05T23:34:52,2026-10-05T23:34:52,2026-10-05T23:34:52
6182,合晶,2021-09-24,69.0,-0.5999999999999943,-0.86%,,,,,,,,,ShowDailyK_ChartFlow,FinMind_API_TaiwanStockPrice_6182,True,2026-10-05T23:34:52,2026-10-05T23:34:52,2026-10-05T23:34:52
6182,合晶,2021-09-27,68.1,-0.9000000000000057,-1.30%,,,,,,,,,ShowDailyK_ChartFlow,FinMind_API_TaiwanStockPrice_6182,True,2026-10-05T23:34:52,2026-10-05T23:34:52,2026-10-05T23:34:52
6182,合晶,2021-09-28,67.1,-1.0,-1.47%,,,,,,,,,ShowDailyK_ChartFlow,FinMind_API_TaiwanStockPrice_6182,True,2026-10-05T23:34:52,2026-10-05T23:34:52,2026-10-05T23:34:52
6182,合晶,2021-09-29,63.2,-3.8999999999999915,-5.81%,,,,,,,,,ShowDailyK_ChartFlow,FinMind_API_TaiwanStockPrice_6182,True,2026-10-05T23:34:52,2026-10-05T23:34:52,2026-10-05T23:34:52
6182,合晶,2021-09-30,63.6,0.3999999999999986,0.63%,,,,,,,,,ShowDailyK_ChartFlow,FinMind_API_TaiwanStockPrice_6182,True,2026-10-05T23:34:52,2026-10-05T23:34:52,2026-10-05T23:34:52
6182,合晶,2021-10-01,60.5,-3.1000000000000014,-4.87%,,,,,,,,,ShowDailyK_ChartFlow,FinMind_API_TaiwanStockPrice_6182,True,2026-10-05T23:34:52,2026-10-05T23:34:52,2026-10-05T23:34:52
6182,合晶,2021-10-04,58.2,-2.299999999999997,-3.80%,,,,,,,,,ShowDailyK_ChartFlow,FinMind_API_TaiwanStockPrice_6182,True,2026-10-05T23:34:52,2026-10-05T23:34:52,2026-10-05T23:34:52
6182,合晶,2021-10-05,60.4,2.1999999999999957,3.78%,,,,,,,,,ShowDailyK_ChartFlow,FinMind_API_TaiwanStockPrice_6182,True,2026-10-05T23:34:52,2026-10-05T23:34:52,2026-10-05T23:34:52
6182,合晶,2021-10-06,58.5,-1.8999999999999986,-3.15%,,,,,,,,,ShowDailyK_ChartFlow,FinMind_API_TaiwanStockPrice_6182,True,2026-10-05T23:34:52,2026-10-05T23:34:52,2026-10-05T23:34:52
6182,合晶,2021-10-07,62.1,3.6000000000000014,6.15%,,,,,,,,,ShowDailyK_ChartFlow,FinMind_API_TaiwanStockPrice_6182,True,2026-10-05T23:34:52,2026-10-05T23:34:52,2026-10-05T23:34:52
6182,合晶,2021-10-08,61.3,-0.8000000000000043,-1.29%,,,,,,,,,ShowDailyK_ChartFlow,FinMind_API_TaiwanStockPrice_6182,True,2026-10-05T23:34:52,2026-10-05T23:34:52,2026-10-05T23:34:52
6182,合晶,2021-10-12,57.7,-3.5999999999999943,-5.87%,,,,,,,,,ShowDailyK_ChartFlow,FinMind_API_TaiwanStockPrice_6182,True,2026-10-05T23:34:52,2026-10-05T23:34:52,2026-10-05T23:34:52
6182,合晶,2021-10-13,54.9,-2.8000000000000043,-4.85%,,,,,,,,,ShowDailyK_ChartFlow,FinMind_API_TaiwanStockPrice_6182,True,2026-10-05T23:34:52,2026-10-05T23:34:52,2026-10-05T23:34:52
6182,合晶,2021-10-14,55.1,0.20000000000000284,0.36%,,,,,,,,,ShowDailyK_ChartFlow,FinMind_API_TaiwanStockPrice_6182,True,2026-10-05T23:34:52,2026-10-05T23:34:52,2026-10-05T23:34:52
6182,合晶,2021-10-15,58.8,3.6999999999999957,6.72%,,,,,,,,,ShowDailyK_ChartFlow,FinMind_API_TaiwanStockPrice_6182,True,2026-10-05T23:34:52,2026-10-05T23:34:52,2026-10-05T23:34:52
6182,合晶,2021-10-18,56.8,-2.0,-3.40%,,,,,,,,,ShowDailyK_ChartFlow,FinMind_API_TaiwanStockPrice_6182,True,2026-10-05T23:34:52,2026-10-05T23:34:52,2026-10-05T23:34:52
6182,合晶,2021-10-19,57.1,0.30000000000000426,0.53%,,,,,,,,,ShowDailyK_ChartFlow,FinMind_API_TaiwanStockPrice_6182,True,2026-10-05T23:34:52,2026-10-05T23:34:52,2026-10-05T23:34:52
6182,合晶,2021-10-20,58.3,1.1999999999999957,2.10%,,,,,,,,,ShowDailyK_ChartFlow,FinMind_API_TaiwanStockPrice_6182,True,2026-10-05T23:34:52,2026-10-05T23:34:52,2026-10-05T23:34:52
6182,合晶,2021-10-21,60.5,2.200000000000003,3.77%,,,,,,,,,ShowDailyK_ChartFlow,FinMind_API_TaiwanStockPrice_6182,True,2026-10-05T23:34:52,2026-10-05T23:34:52,2026-10-05T23:34:52
6182,合晶,2021-10-22,62.0,1.5,2.48%,,,,,,,,,ShowDailyK_ChartFlow,FinMind_API_TaiwanStockPrice_6182,True,2026-10-05T23:34:52,2026-10-05T23:34:52,2026-10-05T23:34:52
6182,合晶,2021-10-25,61.6,-0.3999999999999986,-0.65%,,,,,,,,,ShowDailyK_ChartFlow,FinMind_API_TaiwanStockPrice_6182,True,2026-10-05T23:34:52,2026-10-05T23:34:52,2026-10-05T23:34:52
6182,合晶,2021-10-26,61.2,-0.3999999999999986,-0.65%,,,,,,,,,ShowDailyK_ChartFlow,FinMind_API_TaiwanStockPrice_6182,True,2026-10-05T23:34:52,2026-10-05T23:34:52,2026-10-05T23:34:52
6182,合晶,2021-10-27,62.1,0.8999999999999986,1.47%,,,,,,,,,ShowDailyK_ChartFlow,FinMind_API_TaiwanStockPrice_6182,True,2026-10-05T23:34:52,2026-10-05T23:34:52,2026-10-05T23:34:52
6182,合晶,2021-10-28,61.6,-0.5,-0.81%,,,,,,,,,ShowDailyK_ChartFlow,FinMind_API_TaiwanStockPrice_6182,True,2026-10-05T23:34:52,2026-10-05T23:34:52,2026-10-05T23:34:52
6182,合晶,2021-10-29,64.2,2.6000000000000014,4.22%,,,,,,,,,ShowDailyK_ChartFlow,FinMind_API_TaiwanStockPrice_6182,True,2026-10-05T23:34:52,2026-10-05T23:34:52,2026-10-05T23:34:52
6182,合晶,2021-11-01,68.0,3.799999999999997,5.92%,,,,,,,,,ShowDailyK_ChartFlow,FinMind_API_TaiwanStockPrice_6182,True,2026-10-05T23:34:52,2026-10-05T23:34:52,2026-10-05T23:34:52
6182,合晶,2021-11-02,65.5,-2.5,-3.68%,,,,,,,,,ShowDailyK_ChartFlow,FinMind_API_TaiwanStockPrice_6182,True,2026-10-05T23:34:52,2026-10-05T23:34:52,2026-10-05T23:34:52
6182,合晶,2021-11-03,64.1,-1.4000000000000057,-2.14%,,,,,,,,,ShowDailyK_ChartFlow,FinMind_API_TaiwanStockPrice_6182,True,2026-10-05T23:34:52,2026-10-05T23:34:52,2026-10-05T23:34:52
6182,合晶,2021-11-04,64.7,0.6000000000000085,0.94%,,,,,,,,,ShowDailyK_ChartFlow,FinMind_API_TaiwanStockPrice_6182,True,2026-10-05T23:34:52,2026-10-05T23:34:52,2026-10-05T23:34:52
6182,合晶,2021-11-05,66.3,1.5999999999999943,2.47%,,,,,,,,,ShowDailyK_ChartFlow,FinMind_API_TaiwanStockPrice_6182,True,2026-10-05T23:34:52,2026-10-05T23:34:52,2026-10-05T23:34:52
6182,合晶,2021-11-08,66.6,0.29999999999999716,0.45%,,,,,,,,,ShowDailyK_ChartFlow,FinMind_API_TaiwanStockPrice_6182,True,2026-10-05T23:34:52,2026-10-05T23:34:52,2026-10-05T23:34:52
6182,合晶,2021-11-09,68.3,1.7000000000000028,2.55%,,,,,,,,,ShowDailyK_ChartFlow,FinMind_API_TaiwanStockPrice_6182,True,2026-10-05T23:34:52,2026-10-05T23:34:52,2026-10-05T23:34:52
6182,合晶,2021-11-10,69.6,1.2999999999999972,1.90%,,,,,,,,,ShowDailyK_ChartFlow,FinMind_API_TaiwanStockPrice_6182,True,2026-10-05T23:34:52,2026-10-05T23:34:52,2026-10-05T23:34:52
6182,合晶,2021-11-11,68.6,-1.0,-1.44%,,,,,,,,,ShowDailyK_ChartFlow,FinMind_API_TaiwanStockPrice_6182,True,2026-10-05T23:34:52,2026-10-05T23:34:52,2026-10-05T23:34:52
6182,合晶,2021-11-12,66.8,-1.7999999999999972,-2.62%,,,,,,,,,ShowDailyK_ChartFlow,FinMind_API_TaiwanStockPrice_6182,True,2026-10-05T23:34:52,2026-10-05T23:34:52,2026-10-05T23:34:52
6182,合晶,2021-11-15,67.4,0.6000000000000085,0.90%,,,,,,,,,ShowDailyK_ChartFlow,FinMind_API_TaiwanStockPrice_6182,True,2026-10-05T23:34:52,2026-10-05T23:34:52,2026-10-05T23:34:52
6182,合晶,2021-11-16,68.2,0.7999999999999972,1.19%,,,,,,,,,ShowDailyK_ChartFlow,FinMind_API_TaiwanStockPrice_6182,True,2026-10-05T23:34:52,2026-10-05T23:34:52,2026-10-05T23:34:52
6182,合晶,2021-11-17,68.9,0.7000000000000028,1.03%,,,,,,,,,ShowDailyK_ChartFlow,FinMind_API_TaiwanStockPrice_6182,True,2026-10-05T23:34:52,2026-10-05T23:34:52,2026-10-05T23:34:52
6182,合晶,2021-11-18,67.7,-1.2000000000000028,-1.74%,,,,,,,,,ShowDailyK_ChartFlow,FinMind_API_TaiwanStockPrice_6182,True,2026-10-05T23:34:52,2026-10-05T23:34:52,2026-10-05T23:34:52
6182,合晶,2021-11-19,67.3,-0.4000000000000057,-0.59%,,,,,,,,,ShowDailyK_ChartFlow,FinMind_API_TaiwanStockPrice_6182,True,2026-10-05T23:34:52,2026-10-05T23:34:52,2026-10-05T23:34:52
6182,合晶,2021-11-22,71.2,3.9000000000000057,5.79%,,,,,,,,,ShowDailyK_ChartFlow,FinMind_API_TaiwanStockPrice_6182,True,2026-10-05T23:34:52,2026-10-05T23:34:52,2026-10-05T23:34:52
6182,合晶,2021-11-23,69.5,-1.7000000000000028,-2.39%,,,,,,,,,ShowDailyK_ChartFlow,FinMind_API_TaiwanStockPrice_6182,True,2026-10-05T23:34:52,2026-10-05T23:34:52,2026-10-05T23:34:52
6182,合晶,2021-11-24,76.4,6.900000000000006,9.93%,,,,,,,,,ShowDailyK_ChartFlow,FinMind_API_TaiwanStockPrice_6182,True,2026-10-05T23:34:52,2026-10-05T23:34:52,2026-10-05T23:34:52
6182,合晶,2021-11-25,79.7,3.299999999999997,4.32%,,,,,,,,,ShowDailyK_ChartFlow,FinMind_API_TaiwanStockPrice_6182,True,2026-10-05T23:34:52,2026-10-05T23:34:52,2026-10-05T23:34:52
6182,合晶,2021-11-26,77.2,-2.5,-3.14%,,,,,,,,,ShowDailyK_ChartFlow,FinMind_API_TaiwanStockPrice_6182,True,2026-10-05T23:34:52,2026-10-05T23:34:52,2026-10-05T23:34:52
6182,合晶,2021-11-29,84.9,7.700000000000003,9.97%,,,,,,,,,ShowDailyK_ChartFlow,FinMind_API_TaiwanStockPrice_6182,True,2026-10-05T23:34:52,2026-10-05T23:34:52,2026-10-05T23:34:52
6182,合晶,2021-11-30,81.8,-3.1000000000000085,-3.65%,,,,,,,,,ShowDailyK_ChartFlow,FinMind_API_TaiwanStockPrice_6182,True,2026-10-05T23:34:52,2026-10-05T23:34:52,2026-10-05T23:34:52
6182,合晶,2021-12-01,86.7,4.900000000000006,5.99%,,,,,,,,,ShowDailyK_ChartFlow,FinMind_API_TaiwanStockPrice_6182,True,2026-10-05T23:34:52,2026-10-05T23:34:52,2026-10-05T23:34:52
6182,合晶,2021-12-02,85.4,-1.2999999999999972,-1.50%,,,,,,,,,ShowDailyK_ChartFlow,FinMind_API_TaiwanStockPrice_6182,True,2026-10-05T23:34:52,2026-10-05T23:34:52,2026-10-05T23:34:52
6182,合晶,2021-12-03,86.5,1.0999999999999943,1.29%,,,,,,,,,ShowDailyK_ChartFlow,FinMind_API_TaiwanStockPrice_6182,True,2026-10-05T23:34:52,2026-10-05T23:34:52,2026-10-05T23:34:52
6182,合晶,2021-12-06,83.3,-3.200000000000003,-3.70%,,,,,,,,,ShowDailyK_ChartFlow,FinMind_API_TaiwanStockPrice_6182,True,2026-10-05T23:34:52,2026-10-05T23:34:52,2026-10-05T23:34:52
6182,合晶,2021-12-07,84.3,1.0,1.20%,,,,,,,,,ShowDailyK_ChartFlow,FinMind_API_TaiwanStockPrice_6182,True,2026-10-05T23:34:52,2026-10-05T23:34:52,2026-10-05T23:34:52
6182,合晶,2021-12-08,88.4,4.1000000000000085,4.86%,,,,,,,,,ShowDailyK_ChartFlow,FinMind_API_TaiwanStockPrice_6182,True,2026-10-05T23:34:52,2026-10-05T23:34:52,2026-10-05T23:34:52
6182,合晶,2021-12-09,84.6,-3.8000000000000114,-4.30%,,,,,,,,,ShowDailyK_ChartFlow,FinMind_API_TaiwanStockPrice_6182,True,2026-10-05T23:34:52,2026-10-05T23:34:52,2026-10-05T23:34:52
6182,合晶,2021-12-10,84.9,0.30000000000001137,0.35%,,,,,,,,,ShowDailyK_ChartFlow,FinMind_API_TaiwanStockPrice_6182,True,2026-10-05T23:34:52,2026-10-05T23:34:52,2026-10-05T23:34:52
6182,合晶,2021-12-13,82.8,-2.1000000000000085,-2.47%,,,,,,,,,ShowDailyK_ChartFlow,FinMind_API_TaiwanStockPrice_6182,True,2026-10-05T23:34:52,2026-10-05T23:34:52,2026-10-05T23:34:52
6182,合晶,2021-12-14,81.6,-1.2000000000000028,-1.45%,,,,,,,,,ShowDailyK_ChartFlow,FinMind_API_TaiwanStockPrice_6182,True,2026-10-05T23:34:52,2026-10-05T23:34:52,2026-10-05T23:34:52
6182,合晶,2021-12-15,81.8,0.20000000000000284,0.25%,,,,,,,,,ShowDailyK_ChartFlow,FinMind_API_TaiwanStockPrice_6182,True,2026-10-05T23:34:52,2026-10-05T23:34:52,2026-10-05T23:34:52
6182,合晶,2021-12-16,84.5,2.700000000000003,3.30%,,,,,,,,,ShowDailyK_ChartFlow,FinMind_API_TaiwanStockPrice_6182,True,2026-10-05T23:34:52,2026-10-05T23:34:52,2026-10-05T23:34:52
6182,合晶,2021-12-17,82.4,-2.0999999999999943,-2.49%,,,,,,,,,ShowDailyK_ChartFlow,FinMind_API_TaiwanStockPrice_6182,True,2026-10-05T23:34:52,2026-10-05T23:34:52,2026-10-05T23:34:52
6182,合晶,2021-12-20,82.2,-0.20000000000000284,-0.24%,,,,,,,,,ShowDailyK_ChartFlow,FinMind_API_TaiwanStockPrice_6182,True,2026-10-05T23:34:52,2026-10-05T23:34:52,2026-10-05T23:34:52
6182,合晶,2021-12-21,81.2,-1.0,-1.22%,,,,,,,,,ShowDailyK_ChartFlow,FinMind_API_TaiwanStockPrice_6182,True,2026-10-05T23:34:52,2026-10-05T23:34:52,2026-10-05T23:34:52
6182,合晶,2021-12-22,81.0,-0.20000000000000284,-0.25%,,,,,,,,,ShowDailyK_ChartFlow,FinMind_API_TaiwanStockPrice_6182,True,2026-10-05T23:34:52,2026-10-05T23:34:52,2026-10-05T23:34:52
6182,合晶,2021-12-23,83.2,2.200000000000003,2.72%,,,,,,,,,ShowDailyK_ChartFlow,FinMind_API_TaiwanStockPrice_6182,True,2026-10-05T23:34:52,2026-10-05T23:34:52,2026-10-05T23:34:52
6182,合晶,2021-12-24,82.5,-0.7000000000000028,-0.84%,,,,,,,,,ShowDailyK_ChartFlow,FinMind_API_TaiwanStockPrice_6182,True,2026-10-05T23:34:52,2026-10-05T23:34:52,2026-10-05T23:34:52
6182,合晶,2021-12-27,84.7,2.200000000000003,2.67%,,,,,,,,,ShowDailyK_ChartFlow,FinMind_API_TaiwanStockPrice_6182,True,2026-10-05T23:34:52,2026-10-05T23:34:52,2026-10-05T23:34:52
6182,合晶,2021-12-28,84.2,-0.5,-0.59%,,,,,,,,,ShowDailyK_ChartFlow,FinMind_API_TaiwanStockPrice_6182,True,2026-10-05T23:34:52,2026-10-05T23:34:52,2026-10-05T23:34:52
6182,合晶,2021-12-29,85.0,0.7999999999999972,0.95%,,,,,,,,,ShowDailyK_ChartFlow,FinMind_API_TaiwanStockPrice_6182,True,2026-10-05T23:34:52,2026-10-05T23:34:52,2026-10-05T23:34:52
6182,合晶,2021-12-30,85.5,0.5,0.59%,,,,,,,,,ShowDailyK_ChartFlow,FinMind_API_TaiwanStockPrice_6182,True,2026-10-05T23:34:52,2026-10-05T23:34:52,2026-10-05T23:34:52
6182,合晶,2022-01-03,84.8,-0.7000000000000028,-0.82%,,,,,,,,,ShowDailyK_ChartFlow,FinMind_API_TaiwanStockPrice_6182,True,2026-10-05T23:34:52,2026-10-05T23:34:52,2026-10-05T23:34:52
6182,合晶,2022-01-04,85.5,0.7000000000000028,0.83%,,,,,,,,,ShowDailyK_ChartFlow,FinMind_API_TaiwanStockPrice_6182,True,2026-10-05T23:34:52,2026-10-05T23:34:52,2026-10-05T23:34:52
6182,合晶,2022-01-05,82.5,-3.0,-3.51%,,,,,,,,,ShowDailyK_ChartFlow,FinMind_API_TaiwanStockPrice_6182,True,2026-10-05T23:34:52,2026-10-05T23:34:52,2026-10-05T23:34:52
6182,合晶,2022-01-06,82.9,0.4000000000000057,0.48%,,,,,,,,,ShowDailyK_ChartFlow,FinMind_API_TaiwanStockPrice_6182,True,2026-10-05T23:34:52,2026-10-05T23:34:52,2026-10-05T23:34:52
6182,合晶,2022-01-07,78.5,-4.400000000000006,-5.31%,,,,,,,,,ShowDailyK_ChartFlow,FinMind_API_TaiwanStockPrice_6182,True,2026-10-05T23:34:52,2026-10-05T23:34:52,2026-10-05T23:34:52
6182,合晶,2022-01-10,80.0,1.5,1.91%,,,,,,,,,ShowDailyK_ChartFlow,FinMind_API_TaiwanStockPrice_6182,True,2026-10-05T23:34:52,2026-10-05T23:34:52,2026-10-05T23:34:52
6182,合晶,2022-01-11,78.3,-1.7000000000000028,-2.13%,,,,,,,,,ShowDailyK_ChartFlow,FinMind_API_TaiwanStockPrice_6182,True,2026-10-05T23:34:52,2026-10-05T23:34:52,2026-10-05T23:34:52
6182,合晶,2022-01-12,78.2,-0.09999999999999432,-0.13%,,,,,,,,,ShowDailyK_ChartFlow,FinMind_API_TaiwanStockPrice_6182,True,2026-10-05T23:34:52,2026-10-05T23:34:52,2026-10-05T23:34:52
6182,合晶,2022-01-13,79.6,1.3999999999999915,1.79%,,,,,,,,,ShowDailyK_ChartFlow,FinMind_API_TaiwanStockPrice_6182,True,2026-10-05T23:34:52,2026-10-05T23:34:52,2026-10-05T23:34:52
6182,合晶,2022-01-14,78.1,-1.5,-1.88%,,,,,,,,,ShowDailyK_ChartFlow,FinMind_API_TaiwanStockPrice_6182,True,2026-10-05T23:34:52,2026-10-05T23:34:52,2026-10-05T23:34:52
6182,合晶,2022-01-17,79.3,1.2000000000000028,1.54%,,,,,,,,,ShowDailyK_ChartFlow,FinMind_API_TaiwanStockPrice_6182,True,2026-10-05T23:34:52,2026-10-05T23:34:52,2026-10-05T23:34:52
6182,合晶,2022-01-18,78.6,-0.7000000000000028,-0.88%,,,,,,,,,ShowDailyK_ChartFlow,FinMind_API_TaiwanStockPrice_6182,True,2026-10-05T23:34:52,2026-10-05T23:34:52,2026-10-05T23:34:52
6182,合晶,2022-01-19,77.1,-1.5,-1.91%,,,,,,,,,ShowDailyK_ChartFlow,FinMind_API_TaiwanStockPrice_6182,True,2026-10-05T23:34:52,2026-10-05T23:34:52,2026-10-05T23:34:52
6182,合晶,2022-01-20,77.6,0.5,0.65%,,,,,,,,,ShowDailyK_ChartFlow,FinMind_API_TaiwanStockPrice_6182,True,2026-10-05T23:34:52,2026-10-05T23:34:52,2026-10-05T23:34:52
6182,合晶,2022-01-21,73.1,-4.5,-5.80%,,,,,,,,,ShowDailyK_ChartFlow,FinMind_API_TaiwanStockPrice_6182,True,2026-10-05T23:34:52,2026-10-05T23:34:52,2026-10-05T23:34:52
6182,合晶,2022-01-24,75.3,2.200000000000003,3.01%,,,,,,,,,ShowDailyK_ChartFlow,FinMind_API_TaiwanStockPrice_6182,True,2026-10-05T23:34:52,2026-10-05T23:34:52,2026-10-05T23:34:52
6182,合晶,2022-01-25,75.4,0.10000000000000853,0.13%,,,,,,,,,ShowDailyK_ChartFlow,FinMind_API_TaiwanStockPrice_6182,True,2026-10-05T23:34:52,2026-10-05T23:34:52,2026-10-05T23:34:52
6182,合晶,2022-01-26,76.8,1.3999999999999915,1.86%,,,,,,,,,ShowDailyK_ChartFlow,FinMind_API_TaiwanStockPrice_6182,True,2026-10-05T23:34:52,2026-10-05T23:34:52,2026-10-05T23:34:52
6182,合晶,2022-02-07,73.4,-3.3999999999999915,-4.43%,,,,,,,,,ShowDailyK_ChartFlow,FinMind_API_TaiwanStockPrice_6182,True,2026-10-05T23:34:52,2026-10-05T23:34:52,2026-10-05T23:34:52
6182,合晶,2022-02-08,73.0,-0.4000000000000057,-0.54%,,,,,,,,,ShowDailyK_ChartFlow,FinMind_API_TaiwanStockPrice_6182,True,2026-10-05T23:34:52,2026-10-05T23:34:52,2026-10-05T23:34:52
6182,合晶,2022-02-09,74.7,1.7000000000000028,2.33%,,,,,,,,,ShowDailyK_ChartFlow,FinMind_API_TaiwanStockPrice_6182,True,2026-10-05T23:34:52,2026-10-05T23:34:52,2026-10-05T23:34:52
6182,合晶,2022-02-10,78.1,3.3999999999999915,4.55%,,,,,,,,,ShowDailyK_ChartFlow,FinMind_API_TaiwanStockPrice_6182,True,2026-10-05T23:34:52,2026-10-05T23:34:52,2026-10-05T23:34:52
6182,合晶,2022-02-11,79.7,1.6000000000000085,2.05%,,,,,,,,,ShowDailyK_ChartFlow,FinMind_API_TaiwanStockPrice_6182,True,2026-10-05T23:34:52,2026-10-05T23:34:52,2026-10-05T23:34:52
6182,合晶,2022-02-14,77.8,-1.9000000000000057,-2.38%,,,,,,,,,ShowDailyK_ChartFlow,FinMind_API_TaiwanStockPrice_6182,True,2026-10-05T23:34:52,2026-10-05T23:34:52,2026-10-05T23:34:52
6182,合晶,2022-02-15,77.8,0.0,0.00%,,,,,,,,,ShowDailyK_ChartFlow,FinMind_API_TaiwanStockPrice_6182,True,2026-10-05T23:34:52,2026-10-05T23:34:52,2026-10-05T23:34:52
6182,合晶,2022-02-16,78.1,0.29999999999999716,0.39%,,,,,,,,,ShowDailyK_ChartFlow,FinMind_API_TaiwanStockPrice_6182,True,2026-10-05T23:34:52,2026-10-05T23:34:52,2026-10-05T23:34:52
6182,合晶,2022-02-17,77.0,-1.0999999999999943,-1.41%,,,,,,,,,ShowDailyK_ChartFlow,FinMind_API_TaiwanStockPrice_6182,True,2026-10-05T23:34:52,2026-10-05T23:34:52,2026-10-05T23:34:52
6182,合晶,2022-02-18,78.3,1.2999999999999972,1.69%,,,,,,,,,ShowDailyK_ChartFlow,FinMind_API_TaiwanStockPrice_6182,True,2026-10-05T23:34:52,2026-10-05T23:34:52,2026-10-05T23:34:52
6182,合晶,2022-02-21,77.3,-1.0,-1.28%,,,,,,,,,ShowDailyK_ChartFlow,FinMind_API_TaiwanStockPrice_6182,True,2026-10-05T23:34:52,2026-10-05T23:34:52,2026-10-05T23:34:52
6182,合晶,2022-02-22,74.9,-2.3999999999999915,-3.10%,,,,,,,,,ShowDailyK_ChartFlow,FinMind_API_TaiwanStockPrice_6182,True,2026-10-05T23:34:52,2026-10-05T23:34:52,2026-10-05T23:34:52
6182,合晶,2022-02-23,75.8,0.8999999999999915,1.20%,,,,,,,,,ShowDailyK_ChartFlow,FinMind_API_TaiwanStockPrice_6182,True,2026-10-05T23:34:52,2026-10-05T23:34:52,2026-10-05T23:34:52
6182,合晶,2022-02-24,71.5,-4.299999999999997,-5.67%,,,,,,,,,ShowDailyK_ChartFlow,FinMind_API_TaiwanStockPrice_6182,True,2026-10-05T23:34:52,2026-10-05T23:34:52,2026-10-05T23:34:52
6182,合晶,2022-02-25,72.4,0.9000000000000057,1.26%,,,,,,,,,ShowDailyK_ChartFlow,FinMind_API_TaiwanStockPrice_6182,True,2026-10-05T23:34:52,2026-10-05T23:34:52,2026-10-05T23:34:52
6182,合晶,2022-03-01,75.2,2.799999999999997,3.87%,,,,,,,,,ShowDailyK_ChartFlow,FinMind_API_TaiwanStockPrice_6182,True,2026-10-05T23:34:52,2026-10-05T23:34:52,2026-10-05T23:34:52
6182,合晶,2022-03-02,76.3,1.0999999999999943,1.46%,,,,,,,,,ShowDailyK_ChartFlow,FinMind_API_TaiwanStockPrice_6182,True,2026-10-05T23:34:52,2026-10-05T23:34:52,2026-10-05T23:34:52
6182,合晶,2022-03-03,77.4,1.1000000000000085,1.44%,,,,,,,,,ShowDailyK_ChartFlow,FinMind_API_TaiwanStockPrice_6182,True,2026-10-05T23:34:52,2026-10-05T23:34:52,2026-10-05T23:34:52
6182,合晶,2022-03-04,76.5,-0.9000000000000057,-1.16%,,,,,,,,,ShowDailyK_ChartFlow,FinMind_API_TaiwanStockPrice_6182,True,2026-10-05T23:34:52,2026-10-05T23:34:52,2026-10-05T23:34:52
6182,合晶,2022-03-07,72.0,-4.5,-5.88%,,,,,,,,,ShowDailyK_ChartFlow,FinMind_API_TaiwanStockPrice_6182,True,2026-10-05T23:34:52,2026-10-05T23:34:52,2026-10-05T23:34:52
6182,合晶,2022-03-08,68.1,-3.9000000000000057,-5.42%,,,,,,,,,ShowDailyK_ChartFlow,FinMind_API_TaiwanStockPrice_6182,True,2026-10-05T23:34:52,2026-10-05T23:34:52,2026-10-05T23:34:52
6182,合晶,2022-03-09,68.6,0.5,0.73%,,,,,,,,,ShowDailyK_ChartFlow,FinMind_API_TaiwanStockPrice_6182,True,2026-10-05T23:34:52,2026-10-05T23:34:52,2026-10-05T23:34:52
6182,合晶,2022-03-10,71.7,3.1000000000000085,4.52%,,,,,,,,,ShowDailyK_ChartFlow,FinMind_API_TaiwanStockPrice_6182,True,2026-10-05T23:34:52,2026-10-05T23:34:52,2026-10-05T23:34:52
6182,合晶,2022-03-11,71.4,-0.29999999999999716,-0.42%,,,,,,,,,ShowDailyK_ChartFlow,FinMind_API_TaiwanStockPrice_6182,True,2026-10-05T23:34:52,2026-10-05T23:34:52,2026-10-05T23:34:52
6182,合晶,2022-03-14,72.5,1.0999999999999943,1.54%,,,,,,,,,ShowDailyK_ChartFlow,FinMind_API_TaiwanStockPrice_6182,True,2026-10-05T23:34:52,2026-10-05T23:34:52,2026-10-05T23:34:52
6182,合晶,2022-03-15,70.2,-2.299999999999997,-3.17%,,,,,,,,,ShowDailyK_ChartFlow,FinMind_API_TaiwanStockPrice_6182,True,2026-10-05T23:34:52,2026-10-05T23:34:52,2026-10-05T23:34:52
6182,合晶,2022-03-16,70.4,0.20000000000000284,0.28%,,,,,,,,,ShowDailyK_ChartFlow,FinMind_API_TaiwanStockPrice_6182,True,2026-10-05T23:34:52,2026-10-05T23:34:52,2026-10-05T23:34:52
6182,合晶,2022-03-17,74.9,4.5,6.39%,,,,,,,,,ShowDailyK_ChartFlow,FinMind_API_TaiwanStockPrice_6182,True,2026-10-05T23:34:52,2026-10-05T23:34:52,2026-10-05T23:34:52
6182,合晶,2022-03-18,75.3,0.3999999999999915,0.53%,,,,,,,,,ShowDailyK_ChartFlow,FinMind_API_TaiwanStockPrice_6182,True,2026-10-05T23:34:52,2026-10-05T23:34:52,2026-10-05T23:34:52
6182,合晶,2022-03-21,75.8,0.5,0.66%,,,,,,,,,ShowDailyK_ChartFlow,FinMind_API_TaiwanStockPrice_6182,True,2026-10-05T23:34:52,2026-10-05T23:34:52,2026-10-05T23:34:52
6182,合晶,2022-03-22,77.2,1.4000000000000057,1.85%,,,,,,,,,ShowDailyK_ChartFlow,FinMind_API_TaiwanStockPrice_6182,True,2026-10-05T23:34:52,2026-10-05T23:34:52,2026-10-05T23:34:52
6182,合晶,2022-03-23,79.0,1.7999999999999972,2.33%,,,,,,,,,ShowDailyK_ChartFlow,FinMind_API_TaiwanStockPrice_6182,True,2026-10-05T23:34:52,2026-10-05T23:34:52,2026-10-05T23:34:52
6182,合晶,2022-03-24,76.3,-2.700000000000003,-3.42%,,,,,,,,,ShowDailyK_ChartFlow,FinMind_API_TaiwanStockPrice_6182,True,2026-10-05T23:34:52,2026-10-05T23:34:52,2026-10-05T23:34:52
6182,合晶,2022-03-25,71.1,-5.200000000000003,-6.82%,,,,,,,,,ShowDailyK_ChartFlow,FinMind_API_TaiwanStockPrice_6182,True,2026-10-05T23:34:52,2026-10-05T23:34:52,2026-10-05T23:34:52
6182,合晶,2022-03-28,70.5,-0.5999999999999943,-0.84%,,,,,,,,,ShowDailyK_ChartFlow,FinMind_API_TaiwanStockPrice_6182,True,2026-10-05T23:34:52,2026-10-05T23:34:52,2026-10-05T23:34:52
6182,合晶,2022-03-29,70.0,-0.5,-0.71%,,,,,,,,,ShowDailyK_ChartFlow,FinMind_API_TaiwanStockPrice_6182,True,2026-10-05T23:34:52,2026-10-05T23:34:52,2026-10-05T23:34:52
6182,合晶,2022-03-30,69.8,-0.20000000000000284,-0.29%,,,,,,,,,ShowDailyK_ChartFlow,FinMind_API_TaiwanStockPrice_6182,True,2026-10-05T23:34:52,2026-10-05T23:34:52,2026-10-05T23:34:52
6182,合晶,2022-03-31,68.9,-0.8999999999999915,-1.29%,,,,,,,,,ShowDailyK_ChartFlow,FinMind_API_TaiwanStockPrice_6182,True,2026-10-05T23:34:52,2026-10-05T23:34:52,2026-10-05T23:34:52
6182,合晶,2022-04-01,69.0,0.09999999999999432,0.15%,,,,,,,,,ShowDailyK_ChartFlow,FinMind_API_TaiwanStockPrice_6182,True,2026-10-05T23:34:52,2026-10-05T23:34:52,2026-10-05T23:34:52
6182,合晶,2022-04-06,69.4,0.4000000000000057,0.58%,,,,,,,,,ShowDailyK_ChartFlow,FinMind_API_TaiwanStockPrice_6182,True,2026-10-05T23:34:52,2026-10-05T23:34:52,2026-10-05T23:34:52
6182,合晶,2022-04-07,68.0,-1.4000000000000057,-2.02%,,,,,,,,,ShowDailyK_ChartFlow,FinMind_API_TaiwanStockPrice_6182,True,2026-10-05T23:34:52,2026-10-05T23:34:52,2026-10-05T23:34:52
6182,合晶,2022-04-08,68.0,0.0,0.00%,,,,,,,,,ShowDailyK_ChartFlow,FinMind_API_TaiwanStockPrice_6182,True,2026-10-05T23:34:52,2026-10-05T23:34:52,2026-10-05T23:34:52
6182,合晶,2022-04-11,62.6,-5.399999999999999,-7.94%,,,,,,,,,ShowDailyK_ChartFlow,FinMind_API_TaiwanStockPrice_6182,True,2026-10-05T23:34:52,2026-10-05T23:34:52,2026-10-05T23:34:52
6182,合晶,2022-04-12,60.9,-1.7000000000000028,-2.72%,,,,,,,,,ShowDailyK_ChartFlow,FinMind_API_TaiwanStockPrice_6182,True,2026-10-05T23:34:52,2026-10-05T23:34:52,2026-10-05T23:34:52
6182,合晶,2022-04-13,62.4,1.5,2.46%,,,,,,,,,ShowDailyK_ChartFlow,FinMind_API_TaiwanStockPrice_6182,True,2026-10-05T23:34:52,2026-10-05T23:34:52,2026-10-05T23:34:52
6182,合晶,2022-04-14,60.8,-1.6000000000000014,-2.56%,,,,,,,,,ShowDailyK_ChartFlow,FinMind_API_TaiwanStockPrice_6182,True,2026-10-05T23:34:52,2026-10-05T23:34:52,2026-10-05T23:34:52
6182,合晶,2022-04-15,58.4,-2.3999999999999986,-3.95%,,,,,,,,,ShowDailyK_ChartFlow,FinMind_API_TaiwanStockPrice_6182,True,2026-10-05T23:34:52,2026-10-05T23:34:52,2026-10-05T23:34:52
6182,合晶,2022-04-18,59.0,0.6000000000000014,1.03%,,,,,,,,,ShowDailyK_ChartFlow,FinMind_API_TaiwanStockPrice_6182,True,2026-10-05T23:34:52,2026-10-05T23:34:52,2026-10-05T23:34:52
6182,合晶,2022-04-19,59.3,0.29999999999999716,0.51%,,,,,,,,,ShowDailyK_ChartFlow,FinMind_API_TaiwanStockPrice_6182,True,2026-10-05T23:34:52,2026-10-05T23:34:52,2026-10-05T23:34:52
6182,合晶,2022-04-20,58.9,-0.3999999999999986,-0.67%,,,,,,,,,ShowDailyK_ChartFlow,FinMind_API_TaiwanStockPrice_6182,True,2026-10-05T23:34:52,2026-10-05T23:34:52,2026-10-05T23:34:52
6182,合晶,2022-04-21,59.9,1.0,1.70%,,,,,,,,,ShowDailyK_ChartFlow,FinMind_API_TaiwanStockPrice_6182,True,2026-10-05T23:34:52,2026-10-05T23:34:52,2026-10-05T23:34:52
6182,合晶,2022-04-22,57.9,-2.0,-3.34%,,,,,,,,,ShowDailyK_ChartFlow,FinMind_API_TaiwanStockPrice_6182,True,2026-10-05T23:34:52,2026-10-05T23:34:52,2026-10-05T23:34:52
6182,合晶,2022-04-25,54.2,-3.6999999999999957,-6.39%,,,,,,,,,ShowDailyK_ChartFlow,FinMind_API_TaiwanStockPrice_6182,True,2026-10-05T23:34:52,2026-10-05T23:34:52,2026-10-05T23:34:52
6182,合晶,2022-04-26,54.7,0.5,0.92%,,,,,,,,,ShowDailyK_ChartFlow,FinMind_API_TaiwanStockPrice_6182,True,2026-10-05T23:34:52,2026-10-05T23:34:52,2026-10-05T23:34:52
6182,合晶,2022-04-27,53.8,-0.9000000000000057,-1.65%,,,,,,,,,ShowDailyK_ChartFlow,FinMind_API_TaiwanStockPrice_6182,True,2026-10-05T23:34:52,2026-10-05T23:34:52,2026-10-05T23:34:52
6182,合晶,2022-04-28,54.7,0.9000000000000057,1.67%,,,,,,,,,ShowDailyK_ChartFlow,FinMind_API_TaiwanStockPrice_6182,True,2026-10-05T23:34:52,2026-10-05T23:34:52,2026-10-05T23:34:52
6182,合晶,2022-04-29,54.3,-0.4000000000000057,-0.73%,,,,,,,,,ShowDailyK_ChartFlow,FinMind_API_TaiwanStockPrice_6182,True,2026-10-05T23:34:52,2026-10-05T23:34:52,2026-10-05T23:34:52
6182,合晶,2022-05-03,55.5,1.2000000000000028,2.21%,,,,,,,,,ShowDailyK_ChartFlow,FinMind_API_TaiwanStockPrice_6182,True,2026-10-05T23:34:52,2026-10-05T23:34:52,2026-10-05T23:34:52
6182,合晶,2022-05-04,55.6,0.10000000000000142,0.18%,,,,,,,,,ShowDailyK_ChartFlow,FinMind_API_TaiwanStockPrice_6182,True,2026-10-05T23:34:52,2026-10-05T23:34:52,2026-10-05T23:34:52
6182,合晶,2022-05-05,57.8,2.1999999999999957,3.96%,,,,,,,,,ShowDailyK_ChartFlow,FinMind_API_TaiwanStockPrice_6182,True,2026-10-05T23:34:52,2026-10-05T23:34:52,2026-10-05T23:34:52
6182,合晶,2022-05-06,55.5,-2.299999999999997,-3.98%,,,,,,,,,ShowDailyK_ChartFlow,FinMind_API_TaiwanStockPrice_6182,True,2026-10-05T23:34:52,2026-10-05T23:34:52,2026-10-05T23:34:52
6182,合晶,2022-05-09,56.6,1.1000000000000014,1.98%,,,,,,,,,ShowDailyK_ChartFlow,FinMind_API_TaiwanStockPrice_6182,True,2026-10-05T23:34:52,2026-10-05T23:34:52,2026-10-05T23:34:52
6182,合晶,2022-05-10,58.0,1.3999999999999986,2.47%,,,,,,,,,ShowDailyK_ChartFlow,FinMind_API_TaiwanStockPrice_6182,True,2026-10-05T23:34:52,2026-10-05T23:34:52,2026-10-05T23:34:52
6182,合晶,2022-05-11,56.9,-1.1000000000000014,-1.90%,,,,,,,,,ShowDailyK_ChartFlow,FinMind_API_TaiwanStockPrice_6182,True,2026-10-05T23:34:52,2026-10-05T23:34:52,2026-10-05T23:34:52
6182,合晶,2022-05-12,55.5,-1.3999999999999986,-2.46%,,,,,,,,,ShowDailyK_ChartFlow,FinMind_API_TaiwanStockPrice_6182,True,2026-10-05T23:34:52,2026-10-05T23:34:52,2026-10-05T23:34:52
6182,合晶,2022-05-13,59.7,4.200000000000003,7.57%,,,,,,,,,ShowDailyK_ChartFlow,FinMind_API_TaiwanStockPrice_6182,True,2026-10-05T23:34:52,2026-10-05T23:34:52,2026-10-05T23:34:52
6182,合晶,2022-05-16,58.6,-1.1000000000000014,-1.84%,,,,,,,,,ShowDailyK_ChartFlow,FinMind_API_TaiwanStockPrice_6182,True,2026-10-05T23:34:52,2026-10-05T23:34:52,2026-10-05T23:34:52
6182,合晶,2022-05-17,60.1,1.5,2.56%,,,,,,,,,ShowDailyK_ChartFlow,FinMind_API_TaiwanStockPrice_6182,True,2026-10-05T23:34:52,2026-10-05T23:34:52,2026-10-05T23:34:52
6182,合晶,2022-05-18,59.3,-0.8000000000000043,-1.33%,,,,,,,,,ShowDailyK_ChartFlow,FinMind_API_TaiwanStockPrice_6182,True,2026-10-05T23:34:52,2026-10-05T23:34:52,2026-10-05T23:34:52
6182,合晶,2022-05-19,59.6,0.30000000000000426,0.51%,,,,,,,,,ShowDailyK_ChartFlow,FinMind_API_TaiwanStockPrice_6182,True,2026-10-05T23:34:52,2026-10-05T23:34:52,2026-10-05T23:34:52
6182,合晶,2022-05-20,59.6,0.0,0.00%,,,,,,,,,ShowDailyK_ChartFlow,FinMind_API_TaiwanStockPrice_6182,True,2026-10-05T23:34:52,2026-10-05T23:34:52,2026-10-05T23:34:52
6182,合晶,2022-05-23,59.4,-0.20000000000000284,-0.34%,,,,,,,,,ShowDailyK_ChartFlow,FinMind_API_TaiwanStockPrice_6182,True,2026-10-05T23:34:52,2026-10-05T23:34:52,2026-10-05T23:34:52
6182,合晶,2022-05-24,57.5,-1.8999999999999986,-3.20%,,,,,,,,,ShowDailyK_ChartFlow,FinMind_API_TaiwanStockPrice_6182,True,2026-10-05T23:34:52,2026-10-05T23:34:52,2026-10-05T23:34:52
6182,合晶,2022-05-25,59.8,2.299999999999997,4.00%,,,,,,,,,ShowDailyK_ChartFlow,FinMind_API_TaiwanStockPrice_6182,True,2026-10-05T23:34:52,2026-10-05T23:34:52,2026-10-05T23:34:52
6182,合晶,2022-05-26,60.0,0.20000000000000284,0.33%,,,,,,,,,ShowDailyK_ChartFlow,FinMind_API_TaiwanStockPrice_6182,True,2026-10-05T23:34:52,2026-10-05T23:34:52,2026-10-05T23:34:52
6182,合晶,2022-05-27,60.7,0.7000000000000028,1.17%,,,,,,,,,ShowDailyK_ChartFlow,FinMind_API_TaiwanStockPrice_6182,True,2026-10-05T23:34:52,2026-10-05T23:34:52,2026-10-05T23:34:52
6182,合晶,2022-05-30,62.0,1.2999999999999972,2.14%,,,,,,,,,ShowDailyK_ChartFlow,FinMind_API_TaiwanStockPrice_6182,True,2026-10-05T23:34:52,2026-10-05T23:34:52,2026-10-05T23:34:52
6182,合晶,2022-05-31,62.3,0.29999999999999716,0.48%,,,,,,,,,ShowDailyK_ChartFlow,FinMind_API_TaiwanStockPrice_6182,True,2026-10-05T23:34:52,2026-10-05T23:34:52,2026-10-05T23:34:52
6182,合晶,2022-06-01,61.6,-0.6999999999999957,-1.12%,,,,,,,,,ShowDailyK_ChartFlow,FinMind_API_TaiwanStockPrice_6182,True,2026-10-05T23:34:52,2026-10-05T23:34:52,2026-10-05T23:34:52
6182,合晶,2022-06-02,61.6,0.0,0.00%,,,,,,,,,ShowDailyK_ChartFlow,FinMind_API_TaiwanStockPrice_6182,True,2026-10-05T23:34:52,2026-10-05T23:34:52,2026-10-05T23:34:52
6182,合晶,2022-06-06,61.0,-0.6000000000000014,-0.97%,,,,,,,,,ShowDailyK_ChartFlow,FinMind_API_TaiwanStockPrice_6182,True,2026-10-05T23:34:52,2026-10-05T23:34:52,2026-10-05T23:34:52
6182,合晶,2022-06-07,61.3,0.29999999999999716,0.49%,,,,,,,,,ShowDailyK_ChartFlow,FinMind_API_TaiwanStockPrice_6182,True,2026-10-05T23:34:52,2026-10-05T23:34:52,2026-10-05T23:34:52
6182,合晶,2022-06-08,60.8,-0.5,-0.82%,,,,,,,,,ShowDailyK_ChartFlow,FinMind_API_TaiwanStockPrice_6182,True,2026-10-05T23:34:52,2026-10-05T23:34:52,2026-10-05T23:34:52
6182,合晶,2022-06-09,61.0,0.20000000000000284,0.33%,,,,,,,,,ShowDailyK_ChartFlow,FinMind_API_TaiwanStockPrice_6182,True,2026-10-05T23:34:52,2026-10-05T23:34:52,2026-10-05T23:34:52
6182,合晶,2022-06-10,60.5,-0.5,-0.82%,,,,,,,,,ShowDailyK_ChartFlow,FinMind_API_TaiwanStockPrice_6182,True,2026-10-05T23:34:52,2026-10-05T23:34:52,2026-10-05T23:34:52
6182,合晶,2022-06-13,57.7,-2.799999999999997,-4.63%,,,,,,,,,ShowDailyK_ChartFlow,FinMind_API_TaiwanStockPrice_6182,True,2026-10-05T23:34:52,2026-10-05T23:34:52,2026-10-05T23:34:52
6182,合晶,2022-06-14,58.4,0.6999999999999957,1.21%,,,,,,,,,ShowDailyK_ChartFlow,FinMind_API_TaiwanStockPrice_6182,True,2026-10-05T23:34:52,2026-10-05T23:34:52,2026-10-05T23:34:52
6182,合晶,2022-06-15,57.0,-1.3999999999999986,-2.40%,,,,,,,,,ShowDailyK_ChartFlow,FinMind_API_TaiwanStockPrice_6182,True,2026-10-05T23:34:52,2026-10-05T23:34:52,2026-10-05T23:34:52
6182,合晶,2022-06-16,54.6,-2.3999999999999986,-4.21%,,,,,,,,,ShowDailyK_ChartFlow,FinMind_API_TaiwanStockPrice_6182,True,2026-10-05T23:34:52,2026-10-05T23:34:52,2026-10-05T23:34:52
6182,合晶,2022-06-17,52.6,-2.0,-3.66%,,,,,,,,,ShowDailyK_ChartFlow,FinMind_API_TaiwanStockPrice_6182,True,2026-10-05T23:34:52,2026-10-05T23:34:52,2026-10-05T23:34:52
6182,合晶,2022-06-20,50.2,-2.3999999999999986,-4.56%,,,,,,,,,ShowDailyK_ChartFlow,FinMind_API_TaiwanStockPrice_6182,True,2026-10-05T23:34:52,2026-10-05T23:34:52,2026-10-05T23:34:52
6182,合晶,2022-06-21,52.4,2.1999999999999957,4.38%,,,,,,,,,ShowDailyK_ChartFlow,FinMind_API_TaiwanStockPrice_6182,True,2026-10-05T23:34:52,2026-10-05T23:34:52,2026-10-05T23:34:52
6182,合晶,2022-06-22,50.2,-2.1999999999999957,-4.20%,,,,,,,,,ShowDailyK_ChartFlow,FinMind_API_TaiwanStockPrice_6182,True,2026-10-05T23:34:52,2026-10-05T23:34:52,2026-10-05T23:34:52
6182,合晶,2022-06-23,49.95,-0.25,-0.50%,,,,,,,,,ShowDailyK_ChartFlow,FinMind_API_TaiwanStockPrice_6182,True,2026-10-05T23:34:52,2026-10-05T23:34:52,2026-10-05T23:34:52
6182,合晶,2022-06-24,50.5,0.5499999999999972,1.10%,,,,,,,,,ShowDailyK_ChartFlow,FinMind_API_TaiwanStockPrice_6182,True,2026-10-05T23:34:52,2026-10-05T23:34:52,2026-10-05T23:34:52
6182,合晶,2022-06-27,52.4,1.8999999999999986,3.76%,,,,,,,,,ShowDailyK_ChartFlow,FinMind_API_TaiwanStockPrice_6182,True,2026-10-05T23:34:52,2026-10-05T23:34:52,2026-10-05T23:34:52
6182,合晶,2022-06-28,51.0,-1.3999999999999986,-2.67%,,,,,,,,,ShowDailyK_ChartFlow,FinMind_API_TaiwanStockPrice_6182,True,2026-10-05T23:34:52,2026-10-05T23:34:52,2026-10-05T23:34:52
6182,合晶,2022-06-29,50.5,-0.5,-0.98%,,,,,,,,,ShowDailyK_ChartFlow,FinMind_API_TaiwanStockPrice_6182,True,2026-10-05T23:34:52,2026-10-05T23:34:52,2026-10-05T23:34:52
6182,合晶,2022-06-30,48.05,-2.450000000000003,-4.85%,,,,,,,,,ShowDailyK_ChartFlow,FinMind_API_TaiwanStockPrice_6182,True,2026-10-05T23:34:52,2026-10-05T23:34:52,2026-10-05T23:34:52
6182,合晶,2022-07-01,45.05,-3.0,-6.24%,,,,,,,,,ShowDailyK_ChartFlow,FinMind_API_TaiwanStockPrice_6182,True,2026-10-05T23:34:52,2026-10-05T23:34:52,2026-10-05T23:34:52
6182,合晶,2022-07-04,44.55,-0.5,-1.11%,,,,,,,,,ShowDailyK_ChartFlow,FinMind_API_TaiwanStockPrice_6182,True,2026-10-05T23:34:52,2026-10-05T23:34:52,2026-10-05T23:34:52
6182,合晶,2022-07-05,46.0,1.4500000000000028,3.25%,,,,,,,,,ShowDailyK_ChartFlow,FinMind_API_TaiwanStockPrice_6182,True,2026-10-05T23:34:52,2026-10-05T23:34:52,2026-10-05T23:34:52
6182,合晶,2022-07-06,43.3,-2.700000000000003,-5.87%,,,,,,,,,ShowDailyK_ChartFlow,FinMind_API_TaiwanStockPrice_6182,True,2026-10-05T23:34:52,2026-10-05T23:34:52,2026-10-05T23:34:52
6182,合晶,2022-07-07,44.9,1.6000000000000014,3.70%,,,,,,,,,ShowDailyK_ChartFlow,FinMind_API_TaiwanStockPrice_6182,True,2026-10-05T23:34:52,2026-10-05T23:34:52,2026-10-05T23:34:52
6182,合晶,2022-07-08,46.4,1.5,3.34%,,,,,,,,,ShowDailyK_ChartFlow,FinMind_API_TaiwanStockPrice_6182,True,2026-10-05T23:34:52,2026-10-05T23:34:52,2026-10-05T23:34:52
6182,合晶,2022-07-11,47.3,0.8999999999999986,1.94%,,,,,,,,,ShowDailyK_ChartFlow,FinMind_API_TaiwanStockPrice_6182,True,2026-10-05T23:34:52,2026-10-05T23:34:52,2026-10-05T23:34:52
6182,合晶,2022-07-12,44.0,-3.299999999999997,-6.98%,,,,,,,,,ShowDailyK_ChartFlow,FinMind_API_TaiwanStockPrice_6182,True,2026-10-05T23:34:52,2026-10-05T23:34:52,2026-10-05T23:34:52
6182,合晶,2022-07-13,44.8,0.7999999999999972,1.82%,,,,,,,,,ShowDailyK_ChartFlow,FinMind_API_TaiwanStockPrice_6182,True,2026-10-05T23:34:52,2026-10-05T23:34:52,2026-10-05T23:34:52
6182,合晶,2022-07-14,46.15,1.3500000000000014,3.01%,,,,,,,,,ShowDailyK_ChartFlow,FinMind_API_TaiwanStockPrice_6182,True,2026-10-05T23:34:52,2026-10-05T23:34:52,2026-10-05T23:34:52
6182,合晶,2022-07-15,47.55,1.3999999999999986,3.03%,,,,,,,,,ShowDailyK_ChartFlow,FinMind_API_TaiwanStockPrice_6182,True,2026-10-05T23:34:52,2026-10-05T23:34:52,2026-10-05T23:34:52
6182,合晶,2022-07-18,48.2,0.6500000000000057,1.37%,,,,,,,,,ShowDailyK_ChartFlow,FinMind_API_TaiwanStockPrice_6182,True,2026-10-05T23:34:52,2026-10-05T23:34:52,2026-10-05T23:34:52
6182,合晶,2022-07-19,46.55,-1.6500000000000057,-3.42%,,,,,,,,,ShowDailyK_ChartFlow,FinMind_API_TaiwanStockPrice_6182,True,2026-10-05T23:34:52,2026-10-05T23:34:52,2026-10-05T23:34:52
6182,合晶,2022-07-20,47.25,0.7000000000000028,1.50%,,,,,,,,,ShowDailyK_ChartFlow,FinMind_API_TaiwanStockPrice_6182,True,2026-10-05T23:34:52,2026-10-05T23:34:52,2026-10-05T23:34:52
6182,合晶,2022-07-21,48.95,1.7000000000000028,3.60%,,,,,,,,,ShowDailyK_ChartFlow,FinMind_API_TaiwanStockPrice_6182,True,2026-10-05T23:34:52,2026-10-05T23:34:52,2026-10-05T23:34:52
6182,合晶,2022-07-22,48.1,-0.8500000000000014,-1.74%,,,,,,,,,ShowDailyK_ChartFlow,FinMind_API_TaiwanStockPrice_6182,True,2026-10-05T23:34:52,2026-10-05T23:34:52,2026-10-05T23:34:52
6182,合晶,2022-07-25,47.55,-0.5500000000000043,-1.14%,,,,,,,,,ShowDailyK_ChartFlow,FinMind_API_TaiwanStockPrice_6182,True,2026-10-05T23:34:52,2026-10-05T23:34:52,2026-10-05T23:34:52
6182,合晶,2022-07-26,45.9,-1.6499999999999986,-3.47%,,,,,,,,,ShowDailyK_ChartFlow,FinMind_API_TaiwanStockPrice_6182,True,2026-10-05T23:34:52,2026-10-05T23:34:52,2026-10-05T23:34:52
6182,合晶,2022-07-27,47.15,1.25,2.72%,,,,,,,,,ShowDailyK_ChartFlow,FinMind_API_TaiwanStockPrice_6182,True,2026-10-05T23:34:52,2026-10-05T23:34:52,2026-10-05T23:34:52
6182,合晶,2022-07-28,47.0,-0.14999999999999858,-0.32%,,,,,,,,,ShowDailyK_ChartFlow,FinMind_API_TaiwanStockPrice_6182,True,2026-10-05T23:34:52,2026-10-05T23:34:52,2026-10-05T23:34:52
6182,合晶,2022-07-29,47.75,0.75,1.60%,,,,,,,,,ShowDailyK_ChartFlow,FinMind_API_TaiwanStockPrice_6182,True,2026-10-05T23:34:52,2026-10-05T23:34:52,2026-10-05T23:34:52
6182,合晶,2022-08-01,47.15,-0.6000000000000014,-1.26%,,,,,,,,,ShowDailyK_ChartFlow,FinMind_API_TaiwanStockPrice_6182,True,2026-10-05T23:34:52,2026-10-05T23:34:52,2026-10-05T23:34:52
6182,合晶,2022-08-02,45.45,-1.6999999999999957,-3.61%,,,,,,,,,ShowDailyK_ChartFlow,FinMind_API_TaiwanStockPrice_6182,True,2026-10-05T23:34:52,2026-10-05T23:34:52,2026-10-05T23:34:52
6182,合晶,2022-08-03,45.1,-0.3500000000000014,-0.77%,,,,,,,,,ShowDailyK_ChartFlow,FinMind_API_TaiwanStockPrice_6182,True,2026-10-05T23:34:52,2026-10-05T23:34:52,2026-10-05T23:34:52
6182,合晶,2022-08-04,45.3,0.19999999999999574,0.44%,,,,,,,,,ShowDailyK_ChartFlow,FinMind_API_TaiwanStockPrice_6182,True,2026-10-05T23:34:52,2026-10-05T23:34:52,2026-10-05T23:34:52
6182,合晶,2022-08-05,46.5,1.2000000000000028,2.65%,,,,,,,,,ShowDailyK_ChartFlow,FinMind_API_TaiwanStockPrice_6182,True,2026-10-05T23:34:52,2026-10-05T23:34:52,2026-10-05T23:34:52
6182,合晶,2022-08-08,45.95,-0.5499999999999972,-1.18%,,,,,,,,,ShowDailyK_ChartFlow,FinMind_API_TaiwanStockPrice_6182,True,2026-10-05T23:34:52,2026-10-05T23:34:52,2026-10-05T23:34:52
6182,合晶,2022-08-09,47.1,1.1499999999999986,2.50%,,,,,,,,,ShowDailyK_ChartFlow,FinMind_API_TaiwanStockPrice_6182,True,2026-10-05T23:34:52,2026-10-05T23:34:52,2026-10-05T23:34:52
6182,合晶,2022-08-10,47.6,0.5,1.06%,,,,,,,,,ShowDailyK_ChartFlow,FinMind_API_TaiwanStockPrice_6182,True,2026-10-05T23:34:52,2026-10-05T23:34:52,2026-10-05T23:34:52
6182,合晶,2022-08-11,49.6,2.0,4.20%,,,,,,,,,ShowDailyK_ChartFlow,FinMind_API_TaiwanStockPrice_6182,True,2026-10-05T23:34:52,2026-10-05T23:34:52,2026-10-05T23:34:52
6182,合晶,2022-08-12,50.3,0.6999999999999957,1.41%,,,,,,,,,ShowDailyK_ChartFlow,FinMind_API_TaiwanStockPrice_6182,True,2026-10-05T23:34:52,2026-10-05T23:34:52,2026-10-05T23:34:52
6182,合晶,2022-08-15,50.2,-0.09999999999999432,-0.20%,,,,,,,,,ShowDailyK_ChartFlow,FinMind_API_TaiwanStockPrice_6182,True,2026-10-05T23:34:52,2026-10-05T23:34:52,2026-10-05T23:34:52
6182,合晶,2022-08-16,51.0,0.7999999999999972,1.59%,,,,,,,,,ShowDailyK_ChartFlow,FinMind_API_TaiwanStockPrice_6182,True,2026-10-05T23:34:52,2026-10-05T23:34:52,2026-10-05T23:34:52
6182,合晶,2022-08-17,50.9,-0.10000000000000142,-0.20%,,,,,,,,,ShowDailyK_ChartFlow,FinMind_API_TaiwanStockPrice_6182,True,2026-10-05T23:34:52,2026-10-05T23:34:52,2026-10-05T23:34:52
6182,合晶,2022-08-18,51.5,0.6000000000000014,1.18%,,,,,,,,,ShowDailyK_ChartFlow,FinMind_API_TaiwanStockPrice_6182,True,2026-10-05T23:34:52,2026-10-05T23:34:52,2026-10-05T23:34:52
6182,合晶,2022-08-19,51.6,0.10000000000000142,0.19%,,,,,,,,,ShowDailyK_ChartFlow,FinMind_API_TaiwanStockPrice_6182,True,2026-10-05T23:34:52,2026-10-05T23:34:52,2026-10-05T23:34:52
6182,合晶,2022-08-22,50.8,-0.8000000000000043,-1.55%,,,,,,,,,ShowDailyK_ChartFlow,FinMind_API_TaiwanStockPrice_6182,True,2026-10-05T23:34:52,2026-10-05T23:34:52,2026-10-05T23:34:52
6182,合晶,2022-08-23,50.7,-0.09999999999999432,-0.20%,,,,,,,,,ShowDailyK_ChartFlow,FinMind_API_TaiwanStockPrice_6182,True,2026-10-05T23:34:52,2026-10-05T23:34:52,2026-10-05T23:34:52
6182,合晶,2022-08-24,50.3,-0.4000000000000057,-0.79%,,,,,,,,,ShowDailyK_ChartFlow,FinMind_API_TaiwanStockPrice_6182,True,2026-10-05T23:34:52,2026-10-05T23:34:52,2026-10-05T23:34:52
6182,合晶,2022-08-25,53.6,3.3000000000000043,6.56%,,,,,,,,,ShowDailyK_ChartFlow,FinMind_API_TaiwanStockPrice_6182,True,2026-10-05T23:34:52,2026-10-05T23:34:52,2026-10-05T23:34:52
6182,合晶,2022-08-26,52.7,-0.8999999999999986,-1.68%,,,,,,,,,ShowDailyK_ChartFlow,FinMind_API_TaiwanStockPrice_6182,True,2026-10-05T23:34:52,2026-10-05T23:34:52,2026-10-05T23:34:52
6182,合晶,2022-08-29,50.7,-2.0,-3.80%,,,,,,,,,ShowDailyK_ChartFlow,FinMind_API_TaiwanStockPrice_6182,True,2026-10-05T23:34:52,2026-10-05T23:34:52,2026-10-05T23:34:52
6182,合晶,2022-08-30,52.0,1.2999999999999972,2.56%,,,,,,,,,ShowDailyK_ChartFlow,FinMind_API_TaiwanStockPrice_6182,True,2026-10-05T23:34:52,2026-10-05T23:34:52,2026-10-05T23:34:52
6182,合晶,2022-08-31,52.2,0.20000000000000284,0.38%,,,,,,,,,ShowDailyK_ChartFlow,FinMind_API_TaiwanStockPrice_6182,True,2026-10-05T23:34:52,2026-10-05T23:34:52,2026-10-05T23:34:52
6182,合晶,2022-09-01,51.1,-1.1000000000000014,-2.11%,,,,,,,,,ShowDailyK_ChartFlow,FinMind_API_TaiwanStockPrice_6182,True,2026-10-05T23:34:52,2026-10-05T23:34:52,2026-10-05T23:34:52
6182,合晶,2022-09-02,51.0,-0.10000000000000142,-0.20%,,,,,,,,,ShowDailyK_ChartFlow,FinMind_API_TaiwanStockPrice_6182,True,2026-10-05T23:34:52,2026-10-05T23:34:52,2026-10-05T23:34:52
6182,合晶,2022-09-05,48.5,-2.5,-4.90%,,,,,,,,,ShowDailyK_ChartFlow,FinMind_API_TaiwanStockPrice_6182,True,2026-10-05T23:34:52,2026-10-05T23:34:52,2026-10-05T23:34:52
6182,合晶,2022-09-06,47.3,-1.2000000000000028,-2.47%,,,,,,,,,ShowDailyK_ChartFlow,FinMind_API_TaiwanStockPrice_6182,True,2026-10-05T23:34:52,2026-10-05T23:34:52,2026-10-05T23:34:52
6182,合晶,2022-09-07,46.5,-0.7999999999999972,-1.69%,,,,,,,,,ShowDailyK_ChartFlow,FinMind_API_TaiwanStockPrice_6182,True,2026-10-05T23:34:52,2026-10-05T23:34:52,2026-10-05T23:34:52
6182,合晶,2022-09-08,48.0,1.5,3.23%,,,,,,,,,ShowDailyK_ChartFlow,FinMind_API_TaiwanStockPrice_6182,True,2026-10-05T23:34:52,2026-10-05T23:34:52,2026-10-05T23:34:52
6182,合晶,2022-09-12,49.3,1.2999999999999972,2.71%,,,,,,,,,ShowDailyK_ChartFlow,FinMind_API_TaiwanStockPrice_6182,True,2026-10-05T23:34:52,2026-10-05T23:34:52,2026-10-05T23:34:52
6182,合晶,2022-09-13,48.9,-0.3999999999999986,-0.81%,,,,,,,,,ShowDailyK_ChartFlow,FinMind_API_TaiwanStockPrice_6182,True,2026-10-05T23:34:52,2026-10-05T23:34:52,2026-10-05T23:34:52
6182,合晶,2022-09-14,48.8,-0.10000000000000142,-0.20%,,,,,,,,,ShowDailyK_ChartFlow,FinMind_API_TaiwanStockPrice_6182,True,2026-10-05T23:34:52,2026-10-05T23:34:52,2026-10-05T23:34:52
6182,合晶,2022-09-15,48.25,-0.5499999999999972,-1.13%,,,,,,,,,ShowDailyK_ChartFlow,FinMind_API_TaiwanStockPrice_6182,True,2026-10-05T23:34:52,2026-10-05T23:34:52,2026-10-05T23:34:52
6182,合晶,2022-09-16,47.25,-1.0,-2.07%,,,,,,,,,ShowDailyK_ChartFlow,FinMind_API_TaiwanStockPrice_6182,True,2026-10-05T23:34:52,2026-10-05T23:34:52,2026-10-05T23:34:52
6182,合晶,2022-09-19,46.8,-0.45000000000000284,-0.95%,,,,,,,,,ShowDailyK_ChartFlow,FinMind_API_TaiwanStockPrice_6182,True,2026-10-05T23:34:52,2026-10-05T23:34:52,2026-10-05T23:34:52
6182,合晶,2022-09-20,46.6,-0.19999999999999574,-0.43%,,,,,,,,,ShowDailyK_ChartFlow,FinMind_API_TaiwanStockPrice_6182,True,2026-10-05T23:34:52,2026-10-05T23:34:52,2026-10-05T23:34:52
6182,合晶,2022-09-21,45.35,-1.25,-2.68%,,,,,,,,,ShowDailyK_ChartFlow,FinMind_API_TaiwanStockPrice_6182,True,2026-10-05T23:34:52,2026-10-05T23:34:52,2026-10-05T23:34:52
6182,合晶,2022-09-22,45.8,0.44999999999999574,0.99%,,,,,,,,,ShowDailyK_ChartFlow,FinMind_API_TaiwanStockPrice_6182,True,2026-10-05T23:34:52,2026-10-05T23:34:52,2026-10-05T23:34:52
6182,合晶,2022-09-23,44.6,-1.1999999999999957,-2.62%,,,,,,,,,ShowDailyK_ChartFlow,FinMind_API_TaiwanStockPrice_6182,True,2026-10-05T23:34:52,2026-10-05T23:34:52,2026-10-05T23:34:52
6182,合晶,2022-09-26,40.15,-4.450000000000003,-9.98%,,,,,,,,,ShowDailyK_ChartFlow,FinMind_API_TaiwanStockPrice_6182,True,2026-10-05T23:34:52,2026-10-05T23:34:52,2026-10-05T23:34:52
6182,合晶,2022-09-27,40.3,0.14999999999999858,0.37%,,,,,,,,,ShowDailyK_ChartFlow,FinMind_API_TaiwanStockPrice_6182,True,2026-10-05T23:34:52,2026-10-05T23:34:52,2026-10-05T23:34:52
6182,合晶,2022-09-28,37.9,-2.3999999999999986,-5.96%,,,,,,,,,ShowDailyK_ChartFlow,FinMind_API_TaiwanStockPrice_6182,True,2026-10-05T23:34:52,2026-10-05T23:34:52,2026-10-05T23:34:52
6182,合晶,2022-09-29,38.3,0.3999999999999986,1.06%,,,,,,,,,ShowDailyK_ChartFlow,FinMind_API_TaiwanStockPrice_6182,True,2026-10-05T23:34:52,2026-10-05T23:34:52,2026-10-05T23:34:52
6182,合晶,2022-09-30,39.45,1.1500000000000057,3.00%,,,,,,,,,ShowDailyK_ChartFlow,FinMind_API_TaiwanStockPrice_6182,True,2026-10-05T23:34:52,2026-10-05T23:34:52,2026-10-05T23:34:52
6182,合晶,2022-10-03,38.6,-0.8500000000000014,-2.15%,,,,,,,,,ShowDailyK_ChartFlow,FinMind_API_TaiwanStockPrice_6182,True,2026-10-05T23:34:52,2026-10-05T23:34:52,2026-10-05T23:34:52
6182,合晶,2022-10-04,39.9,1.2999999999999972,3.37%,,,,,,,,,ShowDailyK_ChartFlow,FinMind_API_TaiwanStockPrice_6182,True,2026-10-05T23:34:52,2026-10-05T23:34:52,2026-10-05T23:34:52
6182,合晶,2022-10-05,40.8,0.8999999999999986,2.26%,,,,,,,,,ShowDailyK_ChartFlow,FinMind_API_TaiwanStockPrice_6182,True,2026-10-05T23:34:52,2026-10-05T23:34:52,2026-10-05T23:34:52
6182,合晶,2022-10-06,41.1,0.30000000000000426,0.74%,,,,,,,,,ShowDailyK_ChartFlow,FinMind_API_TaiwanStockPrice_6182,True,2026-10-05T23:34:52,2026-10-05T23:34:52,2026-10-05T23:34:52
6182,合晶,2022-10-07,40.6,-0.5,-1.22%,,,,,,,,,ShowDailyK_ChartFlow,FinMind_API_TaiwanStockPrice_6182,True,2026-10-05T23:34:52,2026-10-05T23:34:52,2026-10-05T23:34:52
6182,合晶,2022-10-11,38.4,-2.200000000000003,-5.42%,,,,,,,,,ShowDailyK_ChartFlow,FinMind_API_TaiwanStockPrice_6182,True,2026-10-05T23:34:52,2026-10-05T23:34:52,2026-10-05T23:34:52
6182,合晶,2022-10-12,38.7,0.30000000000000426,0.78%,,,,,,,,,ShowDailyK_ChartFlow,FinMind_API_TaiwanStockPrice_6182,True,2026-10-05T23:34:52,2026-10-05T23:34:52,2026-10-05T23:34:52
6182,合晶,2022-10-13,36.4,-2.3000000000000043,-5.94%,,,,,,,,,ShowDailyK_ChartFlow,FinMind_API_TaiwanStockPrice_6182,True,2026-10-05T23:34:52,2026-10-05T23:34:52,2026-10-05T23:34:52
6182,合晶,2022-10-14,38.95,2.5500000000000043,7.01%,,,,,,,,,ShowDailyK_ChartFlow,FinMind_API_TaiwanStockPrice_6182,True,2026-10-05T23:34:52,2026-10-05T23:34:52,2026-10-05T23:34:52
6182,合晶,2022-10-17,39.8,0.8499999999999943,2.18%,,,,,,,,,ShowDailyK_ChartFlow,FinMind_API_TaiwanStockPrice_6182,True,2026-10-05T23:34:52,2026-10-05T23:34:52,2026-10-05T23:34:52
6182,合晶,2022-10-18,39.55,-0.25,-0.63%,,,,,,,,,ShowDailyK_ChartFlow,FinMind_API_TaiwanStockPrice_6182,True,2026-10-05T23:34:52,2026-10-05T23:34:52,2026-10-05T23:34:52
6182,合晶,2022-10-19,39.0,-0.5499999999999972,-1.39%,,,,,,,,,ShowDailyK_ChartFlow,FinMind_API_TaiwanStockPrice_6182,True,2026-10-05T23:34:52,2026-10-05T23:34:52,2026-10-05T23:34:52
6182,合晶,2022-10-20,38.7,-0.29999999999999716,-0.77%,,,,,,,,,ShowDailyK_ChartFlow,FinMind_API_TaiwanStockPrice_6182,True,2026-10-05T23:34:52,2026-10-05T23:34:52,2026-10-05T23:34:52
6182,合晶,2022-10-21,39.05,0.3499999999999943,0.90%,,,,,,,,,ShowDailyK_ChartFlow,FinMind_API_TaiwanStockPrice_6182,True,2026-10-05T23:34:52,2026-10-05T23:34:52,2026-10-05T23:34:52
6182,合晶,2022-10-24,38.95,-0.09999999999999432,-0.26%,,,,,,,,,ShowDailyK_ChartFlow,FinMind_API_TaiwanStockPrice_6182,True,2026-10-05T23:34:52,2026-10-05T23:34:52,2026-10-05T23:34:52
6182,合晶,2022-10-25,38.3,-0.6500000000000057,-1.67%,,,,,,,,,ShowDailyK_ChartFlow,FinMind_API_TaiwanStockPrice_6182,True,2026-10-05T23:34:52,2026-10-05T23:34:52,2026-10-05T23:34:52
6182,合晶,2022-10-26,37.6,-0.6999999999999957,-1.83%,,,,,,,,,ShowDailyK_ChartFlow,FinMind_API_TaiwanStockPrice_6182,True,2026-10-05T23:34:52,2026-10-05T23:34:52,2026-10-05T23:34:52
6182,合晶,2022-10-27,39.95,2.3500000000000014,6.25%,,,,,,,,,ShowDailyK_ChartFlow,FinMind_API_TaiwanStockPrice_6182,True,2026-10-05T23:34:52,2026-10-05T23:34:52,2026-10-05T23:34:52
6182,合晶,2022-10-28,39.05,-0.9000000000000057,-2.25%,,,,,,,,,ShowDailyK_ChartFlow,FinMind_API_TaiwanStockPrice_6182,True,2026-10-05T23:34:52,2026-10-05T23:34:52,2026-10-05T23:34:52
6182,合晶,2022-10-31,39.9,0.8500000000000014,2.18%,,,,,,,,,ShowDailyK_ChartFlow,FinMind_API_TaiwanStockPrice_6182,True,2026-10-05T23:34:52,2026-10-05T23:34:52,2026-10-05T23:34:52
6182,合晶,2022-11-01,40.2,0.30000000000000426,0.75%,,,,,,,,,ShowDailyK_ChartFlow,FinMind_API_TaiwanStockPrice_6182,True,2026-10-05T23:34:52,2026-10-05T23:34:52,2026-10-05T23:34:52
6182,合晶,2022-11-02,41.0,0.7999999999999972,1.99%,,,,,,,,,ShowDailyK_ChartFlow,FinMind_API_TaiwanStockPrice_6182,True,2026-10-05T23:34:52,2026-10-05T23:34:52,2026-10-05T23:34:52
6182,合晶,2022-11-03,41.4,0.3999999999999986,0.98%,,,,,,,,,ShowDailyK_ChartFlow,FinMind_API_TaiwanStockPrice_6182,True,2026-10-05T23:34:52,2026-10-05T23:34:52,2026-10-05T23:34:52
6182,合晶,2022-11-04,42.2,0.8000000000000043,1.93%,,,,,,,,,ShowDailyK_ChartFlow,FinMind_API_TaiwanStockPrice_6182,True,2026-10-05T23:34:52,2026-10-05T23:34:52,2026-10-05T23:34:52
6182,合晶,2022-11-07,42.35,0.14999999999999858,0.36%,,,,,,,,,ShowDailyK_ChartFlow,FinMind_API_TaiwanStockPrice_6182,True,2026-10-05T23:34:52,2026-10-05T23:34:52,2026-10-05T23:34:52
6182,合晶,2022-11-08,42.25,-0.10000000000000142,-0.24%,,,,,,,,,ShowDailyK_ChartFlow,FinMind_API_TaiwanStockPrice_6182,True,2026-10-05T23:34:52,2026-10-05T23:34:52,2026-10-05T23:34:52
6182,合晶,2022-11-09,43.0,0.75,1.78%,,,,,,,,,ShowDailyK_ChartFlow,FinMind_API_TaiwanStockPrice_6182,True,2026-10-05T23:34:52,2026-10-05T23:34:52,2026-10-05T23:34:52
6182,合晶,2022-11-10,43.8,0.7999999999999972,1.86%,,,,,,,,,ShowDailyK_ChartFlow,FinMind_API_TaiwanStockPrice_6182,True,2026-10-05T23:34:52,2026-10-05T23:34:52,2026-10-05T23:34:52
6182,合晶,2022-11-11,44.75,0.9500000000000028,2.17%,,,,,,,,,ShowDailyK_ChartFlow,FinMind_API_TaiwanStockPrice_6182,True,2026-10-05T23:34:52,2026-10-05T23:34:52,2026-10-05T23:34:52
6182,合晶,2022-11-14,45.0,0.25,0.56%,,,,,,,,,ShowDailyK_ChartFlow,FinMind_API_TaiwanStockPrice_6182,True,2026-10-05T23:34:52,2026-10-05T23:34:52,2026-10-05T23:34:52
6182,合晶,2022-11-15,46.0,1.0,2.22%,,,,,,,,,ShowDailyK_ChartFlow,FinMind_API_TaiwanStockPrice_6182,True,2026-10-05T23:34:52,2026-10-05T23:34:52,2026-10-05T23:34:52
6182,合晶,2022-11-16,46.1,0.10000000000000142,0.22%,,,,,,,,,ShowDailyK_ChartFlow,FinMind_API_TaiwanStockPrice_6182,True,2026-10-05T23:34:52,2026-10-05T23:34:52,2026-10-05T23:34:52
6182,合晶,2022-11-17,46.2,0.10000000000000142,0.22%,,,,,,,,,ShowDailyK_ChartFlow,FinMind_API_TaiwanStockPrice_6182,True,2026-10-05T23:34:52,2026-10-05T23:34:52,2026-10-05T23:34:52
6182,合晶,2022-11-18,45.65,-0.5500000000000043,-1.19%,,,,,,,,,ShowDailyK_ChartFlow,FinMind_API_TaiwanStockPrice_6182,True,2026-10-05T23:34:52,2026-10-05T23:34:52,2026-10-05T23:34:52
6182,合晶,2022-11-21,45.85,0.20000000000000284,0.44%,,,,,,,,,ShowDailyK_ChartFlow,FinMind_API_TaiwanStockPrice_6182,True,2026-10-05T23:34:52,2026-10-05T23:34:52,2026-10-05T23:34:52
6182,合晶,2022-11-22,45.65,-0.20000000000000284,-0.44%,,,,,,,,,ShowDailyK_ChartFlow,FinMind_API_TaiwanStockPrice_6182,True,2026-10-05T23:34:52,2026-10-05T23:34:52,2026-10-05T23:34:52
6182,合晶,2022-11-23,45.2,-0.44999999999999574,-0.99%,,,,,,,,,ShowDailyK_ChartFlow,FinMind_API_TaiwanStockPrice_6182,True,2026-10-05T23:34:52,2026-10-05T23:34:52,2026-10-05T23:34:52
6182,合晶,2022-11-24,46.5,1.2999999999999972,2.88%,,,,,,,,,ShowDailyK_ChartFlow,FinMind_API_TaiwanStockPrice_6182,True,2026-10-05T23:34:52,2026-10-05T23:34:52,2026-10-05T23:34:52
6182,合晶,2022-11-25,45.9,-0.6000000000000014,-1.29%,,,,,,,,,ShowDailyK_ChartFlow,FinMind_API_TaiwanStockPrice_6182,True,2026-10-05T23:34:52,2026-10-05T23:34:52,2026-10-05T23:34:52
6182,合晶,2022-11-28,45.55,-0.3500000000000014,-0.76%,,,,,,,,,ShowDailyK_ChartFlow,FinMind_API_TaiwanStockPrice_6182,True,2026-10-05T23:34:52,2026-10-05T23:34:52,2026-10-05T23:34:52
6182,合晶,2022-11-29,45.2,-0.3499999999999943,-0.77%,,,,,,,,,ShowDailyK_ChartFlow,FinMind_API_TaiwanStockPrice_6182,True,2026-10-05T23:34:52,2026-10-05T23:34:52,2026-10-05T23:34:52
6182,合晶,2022-11-30,45.95,0.75,1.66%,,,,,,,,,ShowDailyK_ChartFlow,FinMind_API_TaiwanStockPrice_6182,True,2026-10-05T23:34:52,2026-10-05T23:34:52,2026-10-05T23:34:52
6182,合晶,2022-12-01,47.7,1.75,3.81%,,,,,,,,,ShowDailyK_ChartFlow,FinMind_API_TaiwanStockPrice_6182,True,2026-10-05T23:34:52,2026-10-05T23:34:52,2026-10-05T23:34:52
6182,合晶,2022-12-02,47.6,-0.10000000000000142,-0.21%,,,,,,,,,ShowDailyK_ChartFlow,FinMind_API_TaiwanStockPrice_6182,True,2026-10-05T23:34:52,2026-10-05T23:34:52,2026-10-05T23:34:52
6182,合晶,2022-12-05,47.7,0.10000000000000142,0.21%,,,,,,,,,ShowDailyK_ChartFlow,FinMind_API_TaiwanStockPrice_6182,True,2026-10-05T23:34:52,2026-10-05T23:34:52,2026-10-05T23:34:52
6182,合晶,2022-12-06,46.0,-1.7000000000000028,-3.56%,,,,,,,,,ShowDailyK_ChartFlow,FinMind_API_TaiwanStockPrice_6182,True,2026-10-05T23:34:52,2026-10-05T23:34:52,2026-10-05T23:34:52
6182,合晶,2022-12-07,44.75,-1.25,-2.72%,,,,,,,,,ShowDailyK_ChartFlow,FinMind_API_TaiwanStockPrice_6182,True,2026-10-05T23:34:52,2026-10-05T23:34:52,2026-10-05T23:34:52
6182,合晶,2022-12-08,44.85,0.10000000000000142,0.22%,,,,,,,,,ShowDailyK_ChartFlow,FinMind_API_TaiwanStockPrice_6182,True,2026-10-05T23:34:52,2026-10-05T23:34:52,2026-10-05T23:34:52
6182,合晶,2022-12-09,44.25,-0.6000000000000014,-1.34%,,,,,,,,,ShowDailyK_ChartFlow,FinMind_API_TaiwanStockPrice_6182,True,2026-10-05T23:34:52,2026-10-05T23:34:52,2026-10-05T23:34:52
6182,合晶,2022-12-12,43.75,-0.5,-1.13%,,,,,,,,,ShowDailyK_ChartFlow,FinMind_API_TaiwanStockPrice_6182,True,2026-10-05T23:34:52,2026-10-05T23:34:52,2026-10-05T23:34:52
6182,合晶,2022-12-13,43.85,0.10000000000000142,0.23%,,,,,,,,,ShowDailyK_ChartFlow,FinMind_API_TaiwanStockPrice_6182,True,2026-10-05T23:34:52,2026-10-05T23:34:52,2026-10-05T23:34:52
6182,合晶,2022-12-14,44.8,0.9499999999999957,2.17%,,,,,,,,,ShowDailyK_ChartFlow,FinMind_API_TaiwanStockPrice_6182,True,2026-10-05T23:34:52,2026-10-05T23:34:52,2026-10-05T23:34:52
6182,合晶,2022-12-15,44.6,-0.19999999999999574,-0.45%,,,,,,,,,ShowDailyK_ChartFlow,FinMind_API_TaiwanStockPrice_6182,True,2026-10-05T23:34:52,2026-10-05T23:34:52,2026-10-05T23:34:52
6182,合晶,2022-12-16,43.65,-0.9500000000000028,-2.13%,,,,,,,,,ShowDailyK_ChartFlow,FinMind_API_TaiwanStockPrice_6182,True,2026-10-05T23:34:52,2026-10-05T23:34:52,2026-10-05T23:34:52
6182,合晶,2022-12-19,43.4,-0.25,-0.57%,,,,,,,,,ShowDailyK_ChartFlow,FinMind_API_TaiwanStockPrice_6182,True,2026-10-05T23:34:52,2026-10-05T23:34:52,2026-10-05T23:34:52
6182,合晶,2022-12-20,41.85,-1.5499999999999972,-3.57%,,,,,,,,,ShowDailyK_ChartFlow,FinMind_API_TaiwanStockPrice_6182,True,2026-10-05T23:34:52,2026-10-05T23:34:52,2026-10-05T23:34:52
6182,合晶,2022-12-21,41.65,-0.20000000000000284,-0.48%,,,,,,,,,ShowDailyK_ChartFlow,FinMind_API_TaiwanStockPrice_6182,True,2026-10-05T23:34:52,2026-10-05T23:34:52,2026-10-05T23:34:52
6182,合晶,2022-12-22,41.95,0.30000000000000426,0.72%,,,,,,,,,ShowDailyK_ChartFlow,FinMind_API_TaiwanStockPrice_6182,True,2026-10-05T23:34:52,2026-10-05T23:34:52,2026-10-05T23:34:52
6182,合晶,2022-12-23,41.8,-0.15000000000000568,-0.36%,,,,,,,,,ShowDailyK_ChartFlow,FinMind_API_TaiwanStockPrice_6182,True,2026-10-05T23:34:52,2026-10-05T23:34:52,2026-10-05T23:34:52
6182,合晶,2022-12-26,41.8,0.0,0.00%,,,,,,,,,ShowDailyK_ChartFlow,FinMind_API_TaiwanStockPrice_6182,True,2026-10-05T23:34:52,2026-10-05T23:34:52,2026-10-05T23:34:52
6182,合晶,2022-12-27,42.15,0.3500000000000014,0.84%,,,,,,,,,ShowDailyK_ChartFlow,FinMind_API_TaiwanStockPrice_6182,True,2026-10-05T23:34:52,2026-10-05T23:34:52,2026-10-05T23:34:52
6182,合晶,2022-12-28,40.75,-1.3999999999999986,-3.32%,,,,,,,,,ShowDailyK_ChartFlow,FinMind_API_TaiwanStockPrice_6182,True,2026-10-05T23:34:52,2026-10-05T23:34:52,2026-10-05T23:34:52
6182,合晶,2022-12-29,41.0,0.25,0.61%,,,,,,,,,ShowDailyK_ChartFlow,FinMind_API_TaiwanStockPrice_6182,True,2026-10-05T23:34:52,2026-10-05T23:34:52,2026-10-05T23:34:52
6182,合晶,2022-12-30,40.8,-0.20000000000000284,-0.49%,,,,,,,,,ShowDailyK_ChartFlow,FinMind_API_TaiwanStockPrice_6182,True,2026-10-05T23:34:52,2026-10-05T23:34:52,2026-10-05T23:34:52
6182,合晶,2023-01-03,41.45,0.6500000000000057,1.59%,,,,,,,,,ShowDailyK_ChartFlow,FinMind_API_TaiwanStockPrice_6182,True,2026-10-05T23:34:52,2026-10-05T23:34:52,2026-10-05T23:34:52
6182,合晶,2023-01-04,41.75,0.29999999999999716,0.72%,,,,,,,,,ShowDailyK_ChartFlow,FinMind_API_TaiwanStockPrice_6182,True,2026-10-05T23:34:52,2026-10-05T23:34:52,2026-10-05T23:34:52
6182,合晶,2023-01-05,41.65,-0.10000000000000142,-0.24%,,,,,,,,,ShowDailyK_ChartFlow,FinMind_API_TaiwanStockPrice_6182,True,2026-10-05T23:34:52,2026-10-05T23:34:52,2026-10-05T23:34:52
6182,合晶,2023-01-06,42.5,0.8500000000000014,2.04%,,,,,,,,,ShowDailyK_ChartFlow,FinMind_API_TaiwanStockPrice_6182,True,2026-10-05T23:34:52,2026-10-05T23:34:52,2026-10-05T23:34:52
6182,合晶,2023-01-09,44.25,1.75,4.12%,,,,,,,,,ShowDailyK_ChartFlow,FinMind_API_TaiwanStockPrice_6182,True,2026-10-05T23:34:52,2026-10-05T23:34:52,2026-10-05T23:34:52
6182,合晶,2023-01-10,43.9,-0.3500000000000014,-0.79%,,,,,,,,,ShowDailyK_ChartFlow,FinMind_API_TaiwanStockPrice_6182,True,2026-10-05T23:34:52,2026-10-05T23:34:52,2026-10-05T23:34:52
6182,合晶,2023-01-11,43.4,-0.5,-1.14%,,,,,,,,,ShowDailyK_ChartFlow,FinMind_API_TaiwanStockPrice_6182,True,2026-10-05T23:34:52,2026-10-05T23:34:52,2026-10-05T23:34:52
6182,合晶,2023-01-12,42.55,-0.8500000000000014,-1.96%,,,,,,,,,ShowDailyK_ChartFlow,FinMind_API_TaiwanStockPrice_6182,True,2026-10-05T23:34:52,2026-10-05T23:34:52,2026-10-05T23:34:52
6182,合晶,2023-01-13,41.8,-0.75,-1.76%,,,,,,,,,ShowDailyK_ChartFlow,FinMind_API_TaiwanStockPrice_6182,True,2026-10-05T23:34:52,2026-10-05T23:34:52,2026-10-05T23:34:52
6182,合晶,2023-01-16,42.2,0.4000000000000057,0.96%,,,,,,,,,ShowDailyK_ChartFlow,FinMind_API_TaiwanStockPrice_6182,True,2026-10-05T23:34:52,2026-10-05T23:34:52,2026-10-05T23:34:52
6182,合晶,2023-01-17,42.1,-0.10000000000000142,-0.24%,,,,,,,,,ShowDailyK_ChartFlow,FinMind_API_TaiwanStockPrice_6182,True,2026-10-05T23:34:52,2026-10-05T23:34:52,2026-10-05T23:34:52
6182,合晶,2023-01-30,44.5,2.3999999999999986,5.70%,,,,,,,,,ShowDailyK_ChartFlow,FinMind_API_TaiwanStockPrice_6182,True,2026-10-05T23:34:52,2026-10-05T23:34:52,2026-10-05T23:34:52
6182,合晶,2023-01-31,44.85,0.3500000000000014,0.79%,,,,,,,,,ShowDailyK_ChartFlow,FinMind_API_TaiwanStockPrice_6182,True,2026-10-05T23:34:52,2026-10-05T23:34:52,2026-10-05T23:34:52
6182,合晶,2023-02-01,45.5,0.6499999999999986,1.45%,,,,,,,,,ShowDailyK_ChartFlow,FinMind_API_TaiwanStockPrice_6182,True,2026-10-05T23:34:52,2026-10-05T23:34:52,2026-10-05T23:34:52
6182,合晶,2023-02-02,46.1,0.6000000000000014,1.32%,,,,,,,,,ShowDailyK_ChartFlow,FinMind_API_TaiwanStockPrice_6182,True,2026-10-05T23:34:52,2026-10-05T23:34:52,2026-10-05T23:34:52
6182,合晶,2023-02-03,45.55,-0.5500000000000043,-1.19%,,,,,,,,,ShowDailyK_ChartFlow,FinMind_API_TaiwanStockPrice_6182,True,2026-10-05T23:34:52,2026-10-05T23:34:52,2026-10-05T23:34:52
6182,合晶,2023-02-06,44.7,-0.8499999999999943,-1.87%,,,,,,,,,ShowDailyK_ChartFlow,FinMind_API_TaiwanStockPrice_6182,True,2026-10-05T23:34:52,2026-10-05T23:34:52,2026-10-05T23:34:52
6182,合晶,2023-02-07,46.2,1.5,3.36%,,,,,,,,,ShowDailyK_ChartFlow,FinMind_API_TaiwanStockPrice_6182,True,2026-10-05T23:34:52,2026-10-05T23:34:52,2026-10-05T23:34:52
6182,合晶,2023-02-08,46.15,-0.05000000000000426,-0.11%,,,,,,,,,ShowDailyK_ChartFlow,FinMind_API_TaiwanStockPrice_6182,True,2026-10-05T23:34:52,2026-10-05T23:34:52,2026-10-05T23:34:52
6182,合晶,2023-02-09,46.65,0.5,1.08%,,,,,,,,,ShowDailyK_ChartFlow,FinMind_API_TaiwanStockPrice_6182,True,2026-10-05T23:34:52,2026-10-05T23:34:52,2026-10-05T23:34:52
6182,合晶,2023-02-10,45.7,-0.9499999999999957,-2.04%,,,,,,,,,ShowDailyK_ChartFlow,FinMind_API_TaiwanStockPrice_6182,True,2026-10-05T23:34:52,2026-10-05T23:34:52,2026-10-05T23:34:52
6182,合晶,2023-02-13,45.15,-0.5500000000000043,-1.20%,,,,,,,,,ShowDailyK_ChartFlow,FinMind_API_TaiwanStockPrice_6182,True,2026-10-05T23:34:52,2026-10-05T23:34:52,2026-10-05T23:34:52
6182,合晶,2023-02-14,45.05,-0.10000000000000142,-0.22%,,,,,,,,,ShowDailyK_ChartFlow,FinMind_API_TaiwanStockPrice_6182,True,2026-10-05T23:34:52,2026-10-05T23:34:52,2026-10-05T23:34:52
6182,合晶,2023-02-15,45.05,0.0,0.00%,,,,,,,,,ShowDailyK_ChartFlow,FinMind_API_TaiwanStockPrice_6182,True,2026-10-05T23:34:52,2026-10-05T23:34:52,2026-10-05T23:34:52
6182,合晶,2023-02-16,46.45,1.4000000000000057,3.11%,,,,,,,,,ShowDailyK_ChartFlow,FinMind_API_TaiwanStockPrice_6182,True,2026-10-05T23:34:52,2026-10-05T23:34:52,2026-10-05T23:34:52
6182,合晶,2023-02-17,46.25,-0.20000000000000284,-0.43%,,,,,,,,,ShowDailyK_ChartFlow,FinMind_API_TaiwanStockPrice_6182,True,2026-10-05T23:34:52,2026-10-05T23:34:52,2026-10-05T23:34:52
6182,合晶,2023-02-20,46.35,0.10000000000000142,0.22%,,,,,,,,,ShowDailyK_ChartFlow,FinMind_API_TaiwanStockPrice_6182,True,2026-10-05T23:34:52,2026-10-05T23:34:52,2026-10-05T23:34:52
6182,合晶,2023-02-21,45.85,-0.5,-1.08%,,,,,,,,,ShowDailyK_ChartFlow,FinMind_API_TaiwanStockPrice_6182,True,2026-10-05T23:34:52,2026-10-05T23:34:52,2026-10-05T23:34:52
6182,合晶,2023-02-22,45.15,-0.7000000000000028,-1.53%,,,,,,,,,ShowDailyK_ChartFlow,FinMind_API_TaiwanStockPrice_6182,True,2026-10-05T23:34:52,2026-10-05T23:34:52,2026-10-05T23:34:52
6182,合晶,2023-02-23,45.35,0.20000000000000284,0.44%,,,,,,,,,ShowDailyK_ChartFlow,FinMind_API_TaiwanStockPrice_6182,True,2026-10-05T23:34:52,2026-10-05T23:34:52,2026-10-05T23:34:52
6182,合晶,2023-02-24,44.9,-0.45000000000000284,-0.99%,,,,,,,,,ShowDailyK_ChartFlow,FinMind_API_TaiwanStockPrice_6182,True,2026-10-05T23:34:52,2026-10-05T23:34:52,2026-10-05T23:34:52
6182,合晶,2023-03-01,45.1,0.20000000000000284,0.45%,,,,,,,,,ShowDailyK_ChartFlow,FinMind_API_TaiwanStockPrice_6182,True,2026-10-05T23:34:52,2026-10-05T23:34:52,2026-10-05T23:34:52
6182,合晶,2023-03-02,44.75,-0.3500000000000014,-0.78%,,,,,,,,,ShowDailyK_ChartFlow,FinMind_API_TaiwanStockPrice_6182,True,2026-10-05T23:34:52,2026-10-05T23:34:52,2026-10-05T23:34:52
6182,合晶,2023-03-03,45.0,0.25,0.56%,,,,,,,,,ShowDailyK_ChartFlow,FinMind_API_TaiwanStockPrice_6182,True,2026-10-05T23:34:52,2026-10-05T23:34:52,2026-10-05T23:34:52
6182,合晶,2023-03-06,46.05,1.0499999999999972,2.33%,,,,,,,,,ShowDailyK_ChartFlow,FinMind_API_TaiwanStockPrice_6182,True,2026-10-05T23:34:52,2026-10-05T23:34:52,2026-10-05T23:34:52
6182,合晶,2023-03-07,46.1,0.05000000000000426,0.11%,,,,,,,,,ShowDailyK_ChartFlow,FinMind_API_TaiwanStockPrice_6182,True,2026-10-05T23:34:52,2026-10-05T23:34:52,2026-10-05T23:34:52
6182,合晶,2023-03-08,46.9,0.7999999999999972,1.74%,,,,,,,,,ShowDailyK_ChartFlow,FinMind_API_TaiwanStockPrice_6182,True,2026-10-05T23:34:52,2026-10-05T23:34:52,2026-10-05T23:34:52
6182,合晶,2023-03-09,46.2,-0.6999999999999957,-1.49%,,,,,,,,,ShowDailyK_ChartFlow,FinMind_API_TaiwanStockPrice_6182,True,2026-10-05T23:34:52,2026-10-05T23:34:52,2026-10-05T23:34:52
6182,合晶,2023-03-10,45.4,-0.8000000000000043,-1.73%,,,,,,,,,ShowDailyK_ChartFlow,FinMind_API_TaiwanStockPrice_6182,True,2026-10-05T23:34:52,2026-10-05T23:34:52,2026-10-05T23:34:52
6182,合晶,2023-03-13,44.75,-0.6499999999999986,-1.43%,,,,,,,,,ShowDailyK_ChartFlow,FinMind_API_TaiwanStockPrice_6182,True,2026-10-05T23:34:52,2026-10-05T23:34:52,2026-10-05T23:34:52
6182,合晶,2023-03-14,44.9,0.14999999999999858,0.34%,,,,,,,,,ShowDailyK_ChartFlow,FinMind_API_TaiwanStockPrice_6182,True,2026-10-05T23:34:52,2026-10-05T23:34:52,2026-10-05T23:34:52
6182,合晶,2023-03-15,45.95,1.0500000000000043,2.34%,,,,,,,,,ShowDailyK_ChartFlow,FinMind_API_TaiwanStockPrice_6182,True,2026-10-05T23:34:52,2026-10-05T23:34:52,2026-10-05T23:34:52
6182,合晶,2023-03-16,46.45,0.5,1.09%,,,,,,,,,ShowDailyK_ChartFlow,FinMind_API_TaiwanStockPrice_6182,True,2026-10-05T23:34:52,2026-10-05T23:34:52,2026-10-05T23:34:52
6182,合晶,2023-03-17,46.2,-0.25,-0.54%,,,,,,,,,ShowDailyK_ChartFlow,FinMind_API_TaiwanStockPrice_6182,True,2026-10-05T23:34:52,2026-10-05T23:34:52,2026-10-05T23:34:52
6182,合晶,2023-03-20,47.2,1.0,2.16%,,,,,,,,,ShowDailyK_ChartFlow,FinMind_API_TaiwanStockPrice_6182,True,2026-10-05T23:34:52,2026-10-05T23:34:52,2026-10-05T23:34:52
6182,合晶,2023-03-21,47.7,0.5,1.06%,,,,,,,,,ShowDailyK_ChartFlow,FinMind_API_TaiwanStockPrice_6182,True,2026-10-05T23:34:52,2026-10-05T23:34:52,2026-10-05T23:34:52
6182,合晶,2023-03-22,48.9,1.1999999999999957,2.52%,,,,,,,,,ShowDailyK_ChartFlow,FinMind_API_TaiwanStockPrice_6182,True,2026-10-05T23:34:52,2026-10-05T23:34:52,2026-10-05T23:34:52
6182,合晶,2023-03-23,49.55,0.6499999999999986,1.33%,,,,,,,,,ShowDailyK_ChartFlow,FinMind_API_TaiwanStockPrice_6182,True,2026-10-05T23:34:52,2026-10-05T23:34:52,2026-10-05T23:34:52
6182,合晶,2023-03-24,49.35,-0.19999999999999574,-0.40%,,,,,,,,,ShowDailyK_ChartFlow,FinMind_API_TaiwanStockPrice_6182,True,2026-10-05T23:34:52,2026-10-05T23:34:52,2026-10-05T23:34:52
6182,合晶,2023-03-27,48.9,-0.45000000000000284,-0.91%,,,,,,,,,ShowDailyK_ChartFlow,FinMind_API_TaiwanStockPrice_6182,True,2026-10-05T23:34:52,2026-10-05T23:34:52,2026-10-05T23:34:52
6182,合晶,2023-03-28,48.1,-0.7999999999999972,-1.64%,,,,,,,,,ShowDailyK_ChartFlow,FinMind_API_TaiwanStockPrice_6182,True,2026-10-05T23:34:52,2026-10-05T23:34:52,2026-10-05T23:34:52
6182,合晶,2023-03-29,48.0,-0.10000000000000142,-0.21%,,,,,,,,,ShowDailyK_ChartFlow,FinMind_API_TaiwanStockPrice_6182,True,2026-10-05T23:34:52,2026-10-05T23:34:52,2026-10-05T23:34:52
6182,合晶,2023-03-30,48.65,0.6499999999999986,1.35%,,,,,,,,,ShowDailyK_ChartFlow,FinMind_API_TaiwanStockPrice_6182,True,2026-10-05T23:34:52,2026-10-05T23:34:52,2026-10-05T23:34:52
6182,合晶,2023-03-31,48.5,-0.14999999999999858,-0.31%,,,,,,,,,ShowDailyK_ChartFlow,FinMind_API_TaiwanStockPrice_6182,True,2026-10-05T23:34:52,2026-10-05T23:34:52,2026-10-05T23:34:52
6182,合晶,2023-04-06,47.6,-0.8999999999999986,-1.86%,,,,,,,,,ShowDailyK_ChartFlow,FinMind_API_TaiwanStockPrice_6182,True,2026-10-05T23:34:52,2026-10-05T23:34:52,2026-10-05T23:34:52
6182,合晶,2023-04-07,47.9,0.29999999999999716,0.63%,,,,,,,,,ShowDailyK_ChartFlow,FinMind_API_TaiwanStockPrice_6182,True,2026-10-05T23:34:52,2026-10-05T23:34:52,2026-10-05T23:34:52
6182,合晶,2023-04-10,48.65,0.75,1.57%,,,,,,,,,ShowDailyK_ChartFlow,FinMind_API_TaiwanStockPrice_6182,True,2026-10-05T23:34:52,2026-10-05T23:34:52,2026-10-05T23:34:52
6182,合晶,2023-04-11,48.3,-0.3500000000000014,-0.72%,,,,,,,,,ShowDailyK_ChartFlow,FinMind_API_TaiwanStockPrice_6182,True,2026-10-05T23:34:52,2026-10-05T23:34:52,2026-10-05T23:34:52
6182,合晶,2023-04-12,48.35,0.05000000000000426,0.10%,,,,,,,,,ShowDailyK_ChartFlow,FinMind_API_TaiwanStockPrice_6182,True,2026-10-05T23:34:52,2026-10-05T23:34:52,2026-10-05T23:34:52
6182,合晶,2023-04-13,46.85,-1.5,-3.10%,,,,,,,,,ShowDailyK_ChartFlow,FinMind_API_TaiwanStockPrice_6182,True,2026-10-05T23:34:52,2026-10-05T23:34:52,2026-10-05T23:34:52
6182,合晶,2023-04-14,46.7,-0.14999999999999858,-0.32%,,,,,,,,,ShowDailyK_ChartFlow,FinMind_API_TaiwanStockPrice_6182,True,2026-10-05T23:34:52,2026-10-05T23:34:52,2026-10-05T23:34:52
6182,合晶,2023-04-17,46.15,-0.5500000000000043,-1.18%,,,,,,,,,ShowDailyK_ChartFlow,FinMind_API_TaiwanStockPrice_6182,True,2026-10-05T23:34:52,2026-10-05T23:34:52,2026-10-05T23:34:52
6182,合晶,2023-04-18,46.15,0.0,0.00%,,,,,,,,,ShowDailyK_ChartFlow,FinMind_API_TaiwanStockPrice_6182,True,2026-10-05T23:34:52,2026-10-05T23:34:52,2026-10-05T23:34:52
6182,合晶,2023-04-19,45.25,-0.8999999999999986,-1.95%,,,,,,,,,ShowDailyK_ChartFlow,FinMind_API_TaiwanStockPrice_6182,True,2026-10-05T23:34:52,2026-10-05T23:34:52,2026-10-05T23:34:52
6182,合晶,2023-04-20,45.15,-0.10000000000000142,-0.22%,,,,,,,,,ShowDailyK_ChartFlow,FinMind_API_TaiwanStockPrice_6182,True,2026-10-05T23:34:52,2026-10-05T23:34:52,2026-10-05T23:34:52
6182,合晶,2023-04-21,44.1,-1.0499999999999972,-2.33%,,,,,,,,,ShowDailyK_ChartFlow,FinMind_API_TaiwanStockPrice_6182,True,2026-10-05T23:34:52,2026-10-05T23:34:52,2026-10-05T23:34:52
6182,合晶,2023-04-24,43.55,-0.5500000000000043,-1.25%,,,,,,,,,ShowDailyK_ChartFlow,FinMind_API_TaiwanStockPrice_6182,True,2026-10-05T23:34:52,2026-10-05T23:34:52,2026-10-05T23:34:52
6182,合晶,2023-04-25,42.55,-1.0,-2.30%,,,,,,,,,ShowDailyK_ChartFlow,FinMind_API_TaiwanStockPrice_6182,True,2026-10-05T23:34:52,2026-10-05T23:34:52,2026-10-05T23:34:52
6182,合晶,2023-04-26,42.5,-0.04999999999999716,-0.12%,,,,,,,,,ShowDailyK_ChartFlow,FinMind_API_TaiwanStockPrice_6182,True,2026-10-05T23:34:52,2026-10-05T23:34:52,2026-10-05T23:34:52
6182,合晶,2023-04-27,43.2,0.7000000000000028,1.65%,,,,,,,,,ShowDailyK_ChartFlow,FinMind_API_TaiwanStockPrice_6182,True,2026-10-05T23:34:52,2026-10-05T23:34:52,2026-10-05T23:34:52
6182,合晶,2023-04-28,43.2,0.0,0.00%,,,,,,,,,ShowDailyK_ChartFlow,FinMind_API_TaiwanStockPrice_6182,True,2026-10-05T23:34:52,2026-10-05T23:34:52,2026-10-05T23:34:52
6182,合晶,2023-05-02,44.0,0.7999999999999972,1.85%,,,,,,,,,ShowDailyK_ChartFlow,FinMind_API_TaiwanStockPrice_6182,True,2026-10-05T23:34:52,2026-10-05T23:34:52,2026-10-05T23:34:52
6182,合晶,2023-05-03,44.1,0.10000000000000142,0.23%,,,,,,,,,ShowDailyK_ChartFlow,FinMind_API_TaiwanStockPrice_6182,True,2026-10-05T23:34:52,2026-10-05T23:34:52,2026-10-05T23:34:52
6182,合晶,2023-05-04,43.95,-0.14999999999999858,-0.34%,,,,,,,,,ShowDailyK_ChartFlow,FinMind_API_TaiwanStockPrice_6182,True,2026-10-05T23:34:52,2026-10-05T23:34:52,2026-10-05T23:34:52
6182,合晶,2023-05-05,43.95,0.0,0.00%,,,,,,,,,ShowDailyK_ChartFlow,FinMind_API_TaiwanStockPrice_6182,True,2026-10-05T23:34:52,2026-10-05T23:34:52,2026-10-05T23:34:52
6182,合晶,2023-05-08,43.8,-0.15000000000000568,-0.34%,,,,,,,,,ShowDailyK_ChartFlow,FinMind_API_TaiwanStockPrice_6182,True,2026-10-05T23:34:52,2026-10-05T23:34:52,2026-10-05T23:34:52
6182,合晶,2023-05-09,42.6,-1.1999999999999957,-2.74%,,,,,,,,,ShowDailyK_ChartFlow,FinMind_API_TaiwanStockPrice_6182,True,2026-10-05T23:34:52,2026-10-05T23:34:52,2026-10-05T23:34:52
6182,合晶,2023-05-10,42.6,0.0,0.00%,,,,,,,,,ShowDailyK_ChartFlow,FinMind_API_TaiwanStockPrice_6182,True,2026-10-05T23:34:52,2026-10-05T23:34:52,2026-10-05T23:34:52
6182,合晶,2023-05-11,42.05,-0.5500000000000043,-1.29%,,,,,,,,,ShowDailyK_ChartFlow,FinMind_API_TaiwanStockPrice_6182,True,2026-10-05T23:34:52,2026-10-05T23:34:52,2026-10-05T23:34:52
6182,合晶,2023-05-12,42.4,0.3500000000000014,0.83%,,,,,,,,,ShowDailyK_ChartFlow,FinMind_API_TaiwanStockPrice_6182,True,2026-10-05T23:34:52,2026-10-05T23:34:52,2026-10-05T23:34:52
6182,合晶,2023-05-15,42.25,-0.14999999999999858,-0.35%,,,,,,,,,ShowDailyK_ChartFlow,FinMind_API_TaiwanStockPrice_6182,True,2026-10-05T23:34:52,2026-10-05T23:34:52,2026-10-05T23:34:52
6182,合晶,2023-05-16,42.8,0.5499999999999972,1.30%,,,,,,,,,ShowDailyK_ChartFlow,FinMind_API_TaiwanStockPrice_6182,True,2026-10-05T23:34:52,2026-10-05T23:34:52,2026-10-05T23:34:52
6182,合晶,2023-05-17,43.0,0.20000000000000284,0.47%,,,,,,,,,ShowDailyK_ChartFlow,FinMind_API_TaiwanStockPrice_6182,True,2026-10-05T23:34:52,2026-10-05T23:34:52,2026-10-05T23:34:52
6182,合晶,2023-05-18,43.5,0.5,1.16%,,,,,,,,,ShowDailyK_ChartFlow,FinMind_API_TaiwanStockPrice_6182,True,2026-10-05T23:34:52,2026-10-05T23:34:52,2026-10-05T23:34:52
6182,合晶,2023-05-19,43.2,-0.29999999999999716,-0.69%,,,,,,,,,ShowDailyK_ChartFlow,FinMind_API_TaiwanStockPrice_6182,True,2026-10-05T23:34:52,2026-10-05T23:34:52,2026-10-05T23:34:52
6182,合晶,2023-05-22,43.7,0.5,1.16%,,,,,,,,,ShowDailyK_ChartFlow,FinMind_API_TaiwanStockPrice_6182,True,2026-10-05T23:34:52,2026-10-05T23:34:52,2026-10-05T23:34:52
6182,合晶,2023-05-23,44.1,0.3999999999999986,0.92%,,,,,,,,,ShowDailyK_ChartFlow,FinMind_API_TaiwanStockPrice_6182,True,2026-10-05T23:34:52,2026-10-05T23:34:52,2026-10-05T23:34:52
6182,合晶,2023-05-24,44.0,-0.10000000000000142,-0.23%,,,,,,,,,ShowDailyK_ChartFlow,FinMind_API_TaiwanStockPrice_6182,True,2026-10-05T23:34:52,2026-10-05T23:34:52,2026-10-05T23:34:52
6182,合晶,2023-05-25,44.05,0.04999999999999716,0.11%,,,,,,,,,ShowDailyK_ChartFlow,FinMind_API_TaiwanStockPrice_6182,True,2026-10-05T23:34:52,2026-10-05T23:34:52,2026-10-05T23:34:52
6182,合晶,2023-05-26,44.05,0.0,0.00%,,,,,,,,,ShowDailyK_ChartFlow,FinMind_API_TaiwanStockPrice_6182,True,2026-10-05T23:34:52,2026-10-05T23:34:52,2026-10-05T23:34:52
6182,合晶,2023-05-29,44.8,0.75,1.70%,,,,,,,,,ShowDailyK_ChartFlow,FinMind_API_TaiwanStockPrice_6182,True,2026-10-05T23:34:52,2026-10-05T23:34:52,2026-10-05T23:34:52
6182,合晶,2023-05-30,44.95,0.15000000000000568,0.33%,,,,,,,,,ShowDailyK_ChartFlow,FinMind_API_TaiwanStockPrice_6182,True,2026-10-05T23:34:52,2026-10-05T23:34:52,2026-10-05T23:34:52
6182,合晶,2023-05-31,44.95,0.0,0.00%,,,,,,,,,ShowDailyK_ChartFlow,FinMind_API_TaiwanStockPrice_6182,True,2026-10-05T23:34:52,2026-10-05T23:34:52,2026-10-05T23:34:52
6182,合晶,2023-06-01,44.65,-0.30000000000000426,-0.67%,,,,,,,,,ShowDailyK_ChartFlow,FinMind_API_TaiwanStockPrice_6182,True,2026-10-05T23:34:52,2026-10-05T23:34:52,2026-10-05T23:34:52
6182,合晶,2023-06-02,44.75,0.10000000000000142,0.22%,,,,,,,,,ShowDailyK_ChartFlow,FinMind_API_TaiwanStockPrice_6182,True,2026-10-05T23:34:52,2026-10-05T23:34:52,2026-10-05T23:34:52
6182,合晶,2023-06-05,45.4,0.6499999999999986,1.45%,,,,,,,,,ShowDailyK_ChartFlow,FinMind_API_TaiwanStockPrice_6182,True,2026-10-05T23:34:52,2026-10-05T23:34:52,2026-10-05T23:34:52
6182,合晶,2023-06-06,45.2,-0.19999999999999574,-0.44%,,,,,,,,,ShowDailyK_ChartFlow,FinMind_API_TaiwanStockPrice_6182,True,2026-10-05T23:34:52,2026-10-05T23:34:52,2026-10-05T23:34:52
6182,合晶,2023-06-07,45.2,0.0,0.00%,,,,,,,,,ShowDailyK_ChartFlow,FinMind_API_TaiwanStockPrice_6182,True,2026-10-05T23:34:52,2026-10-05T23:34:52,2026-10-05T23:34:52
6182,合晶,2023-06-08,44.05,-1.1500000000000057,-2.54%,,,,,,,,,ShowDailyK_ChartFlow,FinMind_API_TaiwanStockPrice_6182,True,2026-10-05T23:34:52,2026-10-05T23:34:52,2026-10-05T23:34:52
6182,合晶,2023-06-09,43.9,-0.14999999999999858,-0.34%,,,,,,,,,ShowDailyK_ChartFlow,FinMind_API_TaiwanStockPrice_6182,True,2026-10-05T23:34:52,2026-10-05T23:34:52,2026-10-05T23:34:52
6182,合晶,2023-06-12,43.85,-0.04999999999999716,-0.11%,,,,,,,,,ShowDailyK_ChartFlow,FinMind_API_TaiwanStockPrice_6182,True,2026-10-05T23:34:52,2026-10-05T23:34:52,2026-10-05T23:34:52
6182,合晶,2023-06-13,44.5,0.6499999999999986,1.48%,,,,,,,,,ShowDailyK_ChartFlow,FinMind_API_TaiwanStockPrice_6182,True,2026-10-05T23:34:52,2026-10-05T23:34:52,2026-10-05T23:34:52
6182,合晶,2023-06-14,46.3,1.7999999999999972,4.04%,,,,,,,,,ShowDailyK_ChartFlow,FinMind_API_TaiwanStockPrice_6182,True,2026-10-05T23:34:52,2026-10-05T23:34:52,2026-10-05T23:34:52
6182,合晶,2023-06-15,46.4,0.10000000000000142,0.22%,,,,,,,,,ShowDailyK_ChartFlow,FinMind_API_TaiwanStockPrice_6182,True,2026-10-05T23:34:52,2026-10-05T23:34:52,2026-10-05T23:34:52
6182,合晶,2023-06-16,46.65,0.25,0.54%,,,,,,,,,ShowDailyK_ChartFlow,FinMind_API_TaiwanStockPrice_6182,True,2026-10-05T23:34:52,2026-10-05T23:34:52,2026-10-05T23:34:52
6182,合晶,2023-06-19,46.25,-0.3999999999999986,-0.86%,,,,,,,,,ShowDailyK_ChartFlow,FinMind_API_TaiwanStockPrice_6182,True,2026-10-05T23:34:52,2026-10-05T23:34:52,2026-10-05T23:34:52
6182,合晶,2023-06-20,45.95,-0.29999999999999716,-0.65%,,,,,,,,,ShowDailyK_ChartFlow,FinMind_API_TaiwanStockPrice_6182,True,2026-10-05T23:34:52,2026-10-05T23:34:52,2026-10-05T23:34:52
6182,合晶,2023-06-21,46.15,0.19999999999999574,0.44%,,,,,,,,,ShowDailyK_ChartFlow,FinMind_API_TaiwanStockPrice_6182,True,2026-10-05T23:34:52,2026-10-05T23:34:52,2026-10-05T23:34:52
6182,合晶,2023-06-26,46.15,0.0,0.00%,,,,,,,,,ShowDailyK_ChartFlow,FinMind_API_TaiwanStockPrice_6182,True,2026-10-05T23:34:52,2026-10-05T23:34:52,2026-10-05T23:34:52
6182,合晶,2023-06-27,46.6,0.45000000000000284,0.98%,,,,,,,,,ShowDailyK_ChartFlow,FinMind_API_TaiwanStockPrice_6182,True,2026-10-05T23:34:52,2026-10-05T23:34:52,2026-10-05T23:34:52
6182,合晶,2023-06-28,47.2,0.6000000000000014,1.29%,,,,,,,,,ShowDailyK_ChartFlow,FinMind_API_TaiwanStockPrice_6182,True,2026-10-05T23:34:52,2026-10-05T23:34:52,2026-10-05T23:34:52
6182,合晶,2023-06-29,46.95,-0.25,-0.53%,,,,,,,,,ShowDailyK_ChartFlow,FinMind_API_TaiwanStockPrice_6182,True,2026-10-05T23:34:52,2026-10-05T23:34:52,2026-10-05T23:34:52
6182,合晶,2023-06-30,47.3,0.3499999999999943,0.75%,,,,,,,,,ShowDailyK_ChartFlow,FinMind_API_TaiwanStockPrice_6182,True,2026-10-05T23:34:52,2026-10-05T23:34:52,2026-10-05T23:34:52
6182,合晶,2023-07-03,47.3,0.0,0.00%,,,,,,,,,ShowDailyK_ChartFlow,FinMind_API_TaiwanStockPrice_6182,True,2026-10-05T23:34:52,2026-10-05T23:34:52,2026-10-05T23:34:52
6182,合晶,2023-07-04,46.75,-0.5499999999999972,-1.16%,,,,,,,,,ShowDailyK_ChartFlow,FinMind_API_TaiwanStockPrice_6182,True,2026-10-05T23:34:52,2026-10-05T23:34:52,2026-10-05T23:34:52
6182,合晶,2023-07-05,47.35,0.6000000000000014,1.28%,,,,,,,,,ShowDailyK_ChartFlow,FinMind_API_TaiwanStockPrice_6182,True,2026-10-05T23:34:52,2026-10-05T23:34:52,2026-10-05T23:34:52
6182,合晶,2023-07-06,47.75,0.3999999999999986,0.84%,,,,,,,,,ShowDailyK_ChartFlow,FinMind_API_TaiwanStockPrice_6182,True,2026-10-05T23:34:52,2026-10-05T23:34:52,2026-10-05T23:34:52
6182,合晶,2023-07-07,46.7,-1.0499999999999972,-2.20%,,,,,,,,,ShowDailyK_ChartFlow,FinMind_API_TaiwanStockPrice_6182,True,2026-10-05T23:34:52,2026-10-05T23:34:52,2026-10-05T23:34:52
6182,合晶,2023-07-10,47.3,0.5999999999999943,1.28%,,,,,,,,,ShowDailyK_ChartFlow,FinMind_API_TaiwanStockPrice_6182,True,2026-10-05T23:34:52,2026-10-05T23:34:52,2026-10-05T23:34:52
6182,合晶,2023-07-11,47.8,0.5,1.06%,,,,,,,,,ShowDailyK_ChartFlow,FinMind_API_TaiwanStockPrice_6182,True,2026-10-05T23:34:52,2026-10-05T23:34:52,2026-10-05T23:34:52
6182,合晶,2023-07-12,48.1,0.30000000000000426,0.63%,,,,,,,,,ShowDailyK_ChartFlow,FinMind_API_TaiwanStockPrice_6182,True,2026-10-05T23:34:52,2026-10-05T23:34:52,2026-10-05T23:34:52
6182,合晶,2023-07-13,47.35,-0.75,-1.56%,,,,,,,,,ShowDailyK_ChartFlow,FinMind_API_TaiwanStockPrice_6182,True,2026-10-05T23:34:52,2026-10-05T23:34:52,2026-10-05T23:34:52
6182,合晶,2023-07-14,48.45,1.1000000000000014,2.32%,,,,,,,,,ShowDailyK_ChartFlow,FinMind_API_TaiwanStockPrice_6182,True,2026-10-05T23:34:52,2026-10-05T23:34:52,2026-10-05T23:34:52
6182,合晶,2023-07-17,48.9,0.44999999999999574,0.93%,,,,,,,,,ShowDailyK_ChartFlow,FinMind_API_TaiwanStockPrice_6182,True,2026-10-05T23:34:52,2026-10-05T23:34:52,2026-10-05T23:34:52
6182,合晶,2023-07-18,48.6,-0.29999999999999716,-0.61%,,,,,,,,,ShowDailyK_ChartFlow,FinMind_API_TaiwanStockPrice_6182,True,2026-10-05T23:34:52,2026-10-05T23:34:52,2026-10-05T23:34:52
6182,合晶,2023-07-19,45.6,-3.0,-6.17%,,,,,,,,,ShowDailyK_ChartFlow,FinMind_API_TaiwanStockPrice_6182,True,2026-10-05T23:34:52,2026-10-05T23:34:52,2026-10-05T23:34:52
6182,合晶,2023-07-20,45.6,0.0,0.00%,,,,,,,,,ShowDailyK_ChartFlow,FinMind_API_TaiwanStockPrice_6182,True,2026-10-05T23:34:52,2026-10-05T23:34:52,2026-10-05T23:34:52
6182,合晶,2023-07-21,44.4,-1.2000000000000028,-2.63%,,,,,,,,,ShowDailyK_ChartFlow,FinMind_API_TaiwanStockPrice_6182,True,2026-10-05T23:34:52,2026-10-05T23:34:52,2026-10-05T23:34:52
6182,合晶,2023-07-24,43.05,-1.3500000000000014,-3.04%,,,,,,,,,ShowDailyK_ChartFlow,FinMind_API_TaiwanStockPrice_6182,True,2026-10-05T23:34:52,2026-10-05T23:34:52,2026-10-05T23:34:52
6182,合晶,2023-07-25,43.55,0.5,1.16%,,,,,,,,,ShowDailyK_ChartFlow,FinMind_API_TaiwanStockPrice_6182,True,2026-10-05T23:34:52,2026-10-05T23:34:52,2026-10-05T23:34:52
6182,合晶,2023-07-26,42.75,-0.7999999999999972,-1.84%,,,,,,,,,ShowDailyK_ChartFlow,FinMind_API_TaiwanStockPrice_6182,True,2026-10-05T23:34:52,2026-10-05T23:34:52,2026-10-05T23:34:52
6182,合晶,2023-07-27,43.6,0.8500000000000014,1.99%,,,,,,,,,ShowDailyK_ChartFlow,FinMind_API_TaiwanStockPrice_6182,True,2026-10-05T23:34:52,2026-10-05T23:34:52,2026-10-05T23:34:52
6182,合晶,2023-07-28,43.5,-0.10000000000000142,-0.23%,,,,,,,,,ShowDailyK_ChartFlow,FinMind_API_TaiwanStockPrice_6182,True,2026-10-05T23:34:52,2026-10-05T23:34:52,2026-10-05T23:34:52
6182,合晶,2023-07-31,42.5,-1.0,-2.30%,,,,,,,,,ShowDailyK_ChartFlow,FinMind_API_TaiwanStockPrice_6182,True,2026-10-05T23:34:52,2026-10-05T23:34:52,2026-10-05T23:34:52
6182,合晶,2023-08-01,43.05,0.5499999999999972,1.29%,,,,,,,,,ShowDailyK_ChartFlow,FinMind_API_TaiwanStockPrice_6182,True,2026-10-05T23:34:52,2026-10-05T23:34:52,2026-10-05T23:34:52
6182,合晶,2023-08-02,42.45,-0.5999999999999943,-1.39%,,,,,,,,,ShowDailyK_ChartFlow,FinMind_API_TaiwanStockPrice_6182,True,2026-10-05T23:34:52,2026-10-05T23:34:52,2026-10-05T23:34:52
6182,合晶,2023-08-04,42.7,0.25,0.59%,,,,,,,,,ShowDailyK_ChartFlow,FinMind_API_TaiwanStockPrice_6182,True,2026-10-05T23:34:52,2026-10-05T23:34:52,2026-10-05T23:34:52
6182,合晶,2023-08-07,42.3,-0.4000000000000057,-0.94%,,,,,,,,,ShowDailyK_ChartFlow,FinMind_API_TaiwanStockPrice_6182,True,2026-10-05T23:34:52,2026-10-05T23:34:52,2026-10-05T23:34:52
6182,合晶,2023-08-08,41.5,-0.7999999999999972,-1.89%,,,,,,,,,ShowDailyK_ChartFlow,FinMind_API_TaiwanStockPrice_6182,True,2026-10-05T23:34:52,2026-10-05T23:34:52,2026-10-05T23:34:52
6182,合晶,2023-08-09,40.45,-1.0499999999999972,-2.53%,,,,,,,,,ShowDailyK_ChartFlow,FinMind_API_TaiwanStockPrice_6182,True,2026-10-05T23:34:52,2026-10-05T23:34:52,2026-10-05T23:34:52
6182,合晶,2023-08-10,40.0,-0.45000000000000284,-1.11%,,,,,,,,,ShowDailyK_ChartFlow,FinMind_API_TaiwanStockPrice_6182,True,2026-10-05T23:34:52,2026-10-05T23:34:52,2026-10-05T23:34:52
6182,合晶,2023-08-11,39.95,-0.04999999999999716,-0.12%,,,,,,,,,ShowDailyK_ChartFlow,FinMind_API_TaiwanStockPrice_6182,True,2026-10-05T23:34:52,2026-10-05T23:34:52,2026-10-05T23:34:52
6182,合晶,2023-08-14,39.25,-0.7000000000000028,-1.75%,,,,,,,,,ShowDailyK_ChartFlow,FinMind_API_TaiwanStockPrice_6182,True,2026-10-05T23:34:52,2026-10-05T23:34:52,2026-10-05T23:34:52
6182,合晶,2023-08-15,39.25,0.0,0.00%,,,,,,,,,ShowDailyK_ChartFlow,FinMind_API_TaiwanStockPrice_6182,True,2026-10-05T23:34:52,2026-10-05T23:34:52,2026-10-05T23:34:52
6182,合晶,2023-08-16,39.9,0.6499999999999986,1.66%,,,,,,,,,ShowDailyK_ChartFlow,FinMind_API_TaiwanStockPrice_6182,True,2026-10-05T23:34:52,2026-10-05T23:34:52,2026-10-05T23:34:52
6182,合晶,2023-08-17,40.8,0.8999999999999986,2.26%,,,,,,,,,ShowDailyK_ChartFlow,FinMind_API_TaiwanStockPrice_6182,True,2026-10-05T23:34:52,2026-10-05T23:34:52,2026-10-05T23:34:52
6182,合晶,2023-08-18,41.25,0.45000000000000284,1.10%,,,,,,,,,ShowDailyK_ChartFlow,FinMind_API_TaiwanStockPrice_6182,True,2026-10-05T23:34:52,2026-10-05T23:34:52,2026-10-05T23:34:52
6182,合晶,2023-08-21,41.1,-0.14999999999999858,-0.36%,,,,,,,,,ShowDailyK_ChartFlow,FinMind_API_TaiwanStockPrice_6182,True,2026-10-05T23:34:52,2026-10-05T23:34:52,2026-10-05T23:34:52
6182,合晶,2023-08-22,41.65,0.5499999999999972,1.34%,,,,,,,,,ShowDailyK_ChartFlow,FinMind_API_TaiwanStockPrice_6182,True,2026-10-05T23:34:52,2026-10-05T23:34:52,2026-10-05T23:34:52
6182,合晶,2023-08-23,42.0,0.3500000000000014,0.84%,,,,,,,,,ShowDailyK_ChartFlow,FinMind_API_TaiwanStockPrice_6182,True,2026-10-05T23:34:52,2026-10-05T23:34:52,2026-10-05T23:34:52
6182,合晶,2023-08-24,41.75,-0.25,-0.60%,,,,,,,,,ShowDailyK_ChartFlow,FinMind_API_TaiwanStockPrice_6182,True,2026-10-05T23:34:52,2026-10-05T23:34:52,2026-10-05T23:34:52
6182,合晶,2023-08-25,42.15,0.3999999999999986,0.96%,,,,,,,,,ShowDailyK_ChartFlow,FinMind_API_TaiwanStockPrice_6182,True,2026-10-05T23:34:52,2026-10-05T23:34:52,2026-10-05T23:34:52
6182,合晶,2023-08-28,42.0,-0.14999999999999858,-0.36%,,,,,,,,,ShowDailyK_ChartFlow,FinMind_API_TaiwanStockPrice_6182,True,2026-10-05T23:34:52,2026-10-05T23:34:52,2026-10-05T23:34:52
6182,合晶,2023-08-29,42.5,0.5,1.19%,,,,,,,,,ShowDailyK_ChartFlow,FinMind_API_TaiwanStockPrice_6182,True,2026-10-05T23:34:52,2026-10-05T23:34:52,2026-10-05T23:34:52
6182,合晶,2023-08-30,42.45,-0.04999999999999716,-0.12%,,,,,,,,,ShowDailyK_ChartFlow,FinMind_API_TaiwanStockPrice_6182,True,2026-10-05T23:34:52,2026-10-05T23:34:52,2026-10-05T23:34:52
6182,合晶,2023-08-31,42.6,0.14999999999999858,0.35%,,,,,,,,,ShowDailyK_ChartFlow,FinMind_API_TaiwanStockPrice_6182,True,2026-10-05T23:34:52,2026-10-05T23:34:52,2026-10-05T23:34:52
6182,合晶,2023-09-01,43.1,0.5,1.17%,,,,,,,,,ShowDailyK_ChartFlow,FinMind_API_TaiwanStockPrice_6182,True,2026-10-05T23:34:52,2026-10-05T23:34:52,2026-10-05T23:34:52
6182,合晶,2023-09-04,43.2,0.10000000000000142,0.23%,,,,,,,,,ShowDailyK_ChartFlow,FinMind_API_TaiwanStockPrice_6182,True,2026-10-05T23:34:52,2026-10-05T23:34:52,2026-10-05T23:34:52
6182,合晶,2023-09-05,43.55,0.3499999999999943,0.81%,,,,,,,,,ShowDailyK_ChartFlow,FinMind_API_TaiwanStockPrice_6182,True,2026-10-05T23:34:52,2026-10-05T23:34:52,2026-10-05T23:34:52
6182,合晶,2023-09-06,44.3,0.75,1.72%,,,,,,,,,ShowDailyK_ChartFlow,FinMind_API_TaiwanStockPrice_6182,True,2026-10-05T23:34:52,2026-10-05T23:34:52,2026-10-05T23:34:52
6182,合晶,2023-09-07,44.85,0.5500000000000043,1.24%,,,,,,,,,ShowDailyK_ChartFlow,FinMind_API_TaiwanStockPrice_6182,True,2026-10-05T23:34:52,2026-10-05T23:34:52,2026-10-05T23:34:52
6182,合晶,2023-09-08,44.85,0.0,0.00%,,,,,,,,,ShowDailyK_ChartFlow,FinMind_API_TaiwanStockPrice_6182,True,2026-10-05T23:34:52,2026-10-05T23:34:52,2026-10-05T23:34:52
6182,合晶,2023-09-11,44.4,-0.45000000000000284,-1.00%,,,,,,,,,ShowDailyK_ChartFlow,FinMind_API_TaiwanStockPrice_6182,True,2026-10-05T23:34:52,2026-10-05T23:34:52,2026-10-05T23:34:52
6182,合晶,2023-09-12,45.65,1.25,2.82%,,,,,,,,,ShowDailyK_ChartFlow,FinMind_API_TaiwanStockPrice_6182,True,2026-10-05T23:34:52,2026-10-05T23:34:52,2026-10-05T23:34:52
6182,合晶,2023-09-13,45.9,0.25,0.55%,,,,,,,,,ShowDailyK_ChartFlow,FinMind_API_TaiwanStockPrice_6182,True,2026-10-05T23:34:52,2026-10-05T23:34:52,2026-10-05T23:34:52
6182,合晶,2023-09-14,46.0,0.10000000000000142,0.22%,,,,,,,,,ShowDailyK_ChartFlow,FinMind_API_TaiwanStockPrice_6182,True,2026-10-05T23:34:52,2026-10-05T23:34:52,2026-10-05T23:34:52
6182,合晶,2023-09-15,46.5,0.5,1.09%,,,,,,,,,ShowDailyK_ChartFlow,FinMind_API_TaiwanStockPrice_6182,True,2026-10-05T23:34:52,2026-10-05T23:34:52,2026-10-05T23:34:52
6182,合晶,2023-09-18,46.7,0.20000000000000284,0.43%,,,,,,,,,ShowDailyK_ChartFlow,FinMind_API_TaiwanStockPrice_6182,True,2026-10-05T23:34:52,2026-10-05T23:34:52,2026-10-05T23:34:52
6182,合晶,2023-09-19,45.7,-1.0,-2.14%,,,,,,,,,ShowDailyK_ChartFlow,FinMind_API_TaiwanStockPrice_6182,True,2026-10-05T23:34:52,2026-10-05T23:34:52,2026-10-05T23:34:52
6182,合晶,2023-09-20,44.9,-0.8000000000000043,-1.75%,,,,,,,,,ShowDailyK_ChartFlow,FinMind_API_TaiwanStockPrice_6182,True,2026-10-05T23:34:52,2026-10-05T23:34:52,2026-10-05T23:34:52
6182,合晶,2023-09-21,44.85,-0.04999999999999716,-0.11%,,,,,,,,,ShowDailyK_ChartFlow,FinMind_API_TaiwanStockPrice_6182,True,2026-10-05T23:34:52,2026-10-05T23:34:52,2026-10-05T23:34:52
6182,合晶,2023-09-22,45.2,0.3500000000000014,0.78%,,,,,,,,,ShowDailyK_ChartFlow,FinMind_API_TaiwanStockPrice_6182,True,2026-10-05T23:34:52,2026-10-05T23:34:52,2026-10-05T23:34:52
6182,合晶,2023-09-25,44.95,-0.25,-0.55%,,,,,,,,,ShowDailyK_ChartFlow,FinMind_API_TaiwanStockPrice_6182,True,2026-10-05T23:34:52,2026-10-05T23:34:52,2026-10-05T23:34:52
6182,合晶,2023-09-26,44.65,-0.30000000000000426,-0.67%,,,,,,,,,ShowDailyK_ChartFlow,FinMind_API_TaiwanStockPrice_6182,True,2026-10-05T23:34:52,2026-10-05T23:34:52,2026-10-05T23:34:52
6182,合晶,2023-09-27,44.0,-0.6499999999999986,-1.46%,,,,,,,,,ShowDailyK_ChartFlow,FinMind_API_TaiwanStockPrice_6182,True,2026-10-05T23:34:52,2026-10-05T23:34:52,2026-10-05T23:34:52
6182,合晶,2023-09-28,44.0,0.0,0.00%,,,,,,,,,ShowDailyK_ChartFlow,FinMind_API_TaiwanStockPrice_6182,True,2026-10-05T23:34:52,2026-10-05T23:34:52,2026-10-05T23:34:52
6182,合晶,2023-10-02,45.0,1.0,2.27%,,,,,,,,,ShowDailyK_ChartFlow,FinMind_API_TaiwanStockPrice_6182,True,2026-10-05T23:34:52,2026-10-05T23:34:52,2026-10-05T23:34:52
6182,合晶,2023-10-03,45.0,0.0,0.00%,,,,,,,,,ShowDailyK_ChartFlow,FinMind_API_TaiwanStockPrice_6182,True,2026-10-05T23:34:52,2026-10-05T23:34:52,2026-10-05T23:34:52
6182,合晶,2023-10-04,44.95,-0.04999999999999716,-0.11%,,,,,,,,,ShowDailyK_ChartFlow,FinMind_API_TaiwanStockPrice_6182,True,2026-10-05T23:34:52,2026-10-05T23:34:52,2026-10-05T23:34:52
6182,合晶,2023-10-05,46.0,1.0499999999999972,2.34%,,,,,,,,,ShowDailyK_ChartFlow,FinMind_API_TaiwanStockPrice_6182,True,2026-10-05T23:34:52,2026-10-05T23:34:52,2026-10-05T23:34:52
6182,合晶,2023-10-06,45.95,-0.04999999999999716,-0.11%,,,,,,,,,ShowDailyK_ChartFlow,FinMind_API_TaiwanStockPrice_6182,True,2026-10-05T23:34:52,2026-10-05T23:34:52,2026-10-05T23:34:52
6182,合晶,2023-10-11,45.05,-0.9000000000000057,-1.96%,,,,,,,,,ShowDailyK_ChartFlow,FinMind_API_TaiwanStockPrice_6182,True,2026-10-05T23:34:52,2026-10-05T23:34:52,2026-10-05T23:34:52
6182,合晶,2023-10-12,45.85,0.8000000000000043,1.78%,,,,,,,,,ShowDailyK_ChartFlow,FinMind_API_TaiwanStockPrice_6182,True,2026-10-05T23:34:52,2026-10-05T23:34:52,2026-10-05T23:34:52
6182,合晶,2023-10-13,46.5,0.6499999999999986,1.42%,,,,,,,,,ShowDailyK_ChartFlow,FinMind_API_TaiwanStockPrice_6182,True,2026-10-05T23:34:52,2026-10-05T23:34:52,2026-10-05T23:34:52
6182,合晶,2023-10-16,46.35,-0.14999999999999858,-0.32%,,,,,,,,,ShowDailyK_ChartFlow,FinMind_API_TaiwanStockPrice_6182,True,2026-10-05T23:34:52,2026-10-05T23:34:52,2026-10-05T23:34:52
6182,合晶,2023-10-17,46.05,-0.30000000000000426,-0.65%,,,,,,,,,ShowDailyK_ChartFlow,FinMind_API_TaiwanStockPrice_6182,True,2026-10-05T23:34:52,2026-10-05T23:34:52,2026-10-05T23:34:52
6182,合晶,2023-10-18,45.9,-0.14999999999999858,-0.33%,,,,,,,,,ShowDailyK_ChartFlow,FinMind_API_TaiwanStockPrice_6182,True,2026-10-05T23:34:52,2026-10-05T23:34:52,2026-10-05T23:34:52
6182,合晶,2023-10-19,45.9,0.0,0.00%,,,,,,,,,ShowDailyK_ChartFlow,FinMind_API_TaiwanStockPrice_6182,True,2026-10-05T23:34:52,2026-10-05T23:34:52,2026-10-05T23:34:52
6182,合晶,2023-10-20,46.0,0.10000000000000142,0.22%,,,,,,,,,ShowDailyK_ChartFlow,FinMind_API_TaiwanStockPrice_6182,True,2026-10-05T23:34:52,2026-10-05T23:34:52,2026-10-05T23:34:52
6182,合晶,2023-10-23,46.0,0.0,0.00%,,,,,,,,,ShowDailyK_ChartFlow,FinMind_API_TaiwanStockPrice_6182,True,2026-10-05T23:34:52,2026-10-05T23:34:52,2026-10-05T23:34:52
6182,合晶,2023-10-24,46.7,0.7000000000000028,1.52%,,,,,,,,,ShowDailyK_ChartFlow,FinMind_API_TaiwanStockPrice_6182,True,2026-10-05T23:34:52,2026-10-05T23:34:52,2026-10-05T23:34:52
6182,合晶,2023-10-25,46.15,-0.5500000000000043,-1.18%,,,,,,,,,ShowDailyK_ChartFlow,FinMind_API_TaiwanStockPrice_6182,True,2026-10-05T23:34:52,2026-10-05T23:34:52,2026-10-05T23:34:52
6182,合晶,2023-10-26,45.45,-0.6999999999999957,-1.52%,,,,,,,,,ShowDailyK_ChartFlow,FinMind_API_TaiwanStockPrice_6182,True,2026-10-05T23:34:52,2026-10-05T23:34:52,2026-10-05T23:34:52
6182,合晶,2023-10-27,45.8,0.3499999999999943,0.77%,,,,,,,,,ShowDailyK_ChartFlow,FinMind_API_TaiwanStockPrice_6182,True,2026-10-05T23:34:52,2026-10-05T23:34:52,2026-10-05T23:34:52
6182,合晶,2023-10-30,45.1,-0.6999999999999957,-1.53%,,,,,,,,,ShowDailyK_ChartFlow,FinMind_API_TaiwanStockPrice_6182,True,2026-10-05T23:34:52,2026-10-05T23:34:52,2026-10-05T23:34:52
6182,合晶,2023-10-31,43.6,-1.5,-3.33%,,,,,,,,,ShowDailyK_ChartFlow,FinMind_API_TaiwanStockPrice_6182,True,2026-10-05T23:34:52,2026-10-05T23:34:52,2026-10-05T23:34:52
6182,合晶,2023-11-01,44.6,1.0,2.29%,,,,,,,,,ShowDailyK_ChartFlow,FinMind_API_TaiwanStockPrice_6182,True,2026-10-05T23:34:52,2026-10-05T23:34:52,2026-10-05T23:34:52
6182,合晶,2023-11-02,45.15,0.5499999999999972,1.23%,,,,,,,,,ShowDailyK_ChartFlow,FinMind_API_TaiwanStockPrice_6182,True,2026-10-05T23:34:52,2026-10-05T23:34:52,2026-10-05T23:34:52
6182,合晶,2023-11-03,44.85,-0.29999999999999716,-0.66%,,,,,,,,,ShowDailyK_ChartFlow,FinMind_API_TaiwanStockPrice_6182,True,2026-10-05T23:34:52,2026-10-05T23:34:52,2026-10-05T23:34:52
6182,合晶,2023-11-06,43.5,-1.3500000000000014,-3.01%,,,,,,,,,ShowDailyK_ChartFlow,FinMind_API_TaiwanStockPrice_6182,True,2026-10-05T23:34:52,2026-10-05T23:34:52,2026-10-05T23:34:52
6182,合晶,2023-11-07,43.0,-0.5,-1.15%,,,,,,,,,ShowDailyK_ChartFlow,FinMind_API_TaiwanStockPrice_6182,True,2026-10-05T23:34:52,2026-10-05T23:34:52,2026-10-05T23:34:52
6182,合晶,2023-11-08,43.15,0.14999999999999858,0.35%,,,,,,,,,ShowDailyK_ChartFlow,FinMind_API_TaiwanStockPrice_6182,True,2026-10-05T23:34:52,2026-10-05T23:34:52,2026-10-05T23:34:52
6182,合晶,2023-11-09,42.4,-0.75,-1.74%,,,,,,,,,ShowDailyK_ChartFlow,FinMind_API_TaiwanStockPrice_6182,True,2026-10-05T23:34:52,2026-10-05T23:34:52,2026-10-05T23:34:52
6182,合晶,2023-11-10,42.9,0.5,1.18%,,,,,,,,,ShowDailyK_ChartFlow,FinMind_API_TaiwanStockPrice_6182,True,2026-10-05T23:34:52,2026-10-05T23:34:52,2026-10-05T23:34:52
6182,合晶,2023-11-13,42.95,0.05000000000000426,0.12%,,,,,,,,,ShowDailyK_ChartFlow,FinMind_API_TaiwanStockPrice_6182,True,2026-10-05T23:34:52,2026-10-05T23:34:52,2026-10-05T23:34:52
6182,合晶,2023-11-14,42.65,-0.30000000000000426,-0.70%,,,,,,,,,ShowDailyK_ChartFlow,FinMind_API_TaiwanStockPrice_6182,True,2026-10-05T23:34:52,2026-10-05T23:34:52,2026-10-05T23:34:52
6182,合晶,2023-11-15,43.0,0.3500000000000014,0.82%,,,,,,,,,ShowDailyK_ChartFlow,FinMind_API_TaiwanStockPrice_6182,True,2026-10-05T23:34:52,2026-10-05T23:34:52,2026-10-05T23:34:52
6182,合晶,2023-11-16,43.8,0.7999999999999972,1.86%,,,,,,,,,ShowDailyK_ChartFlow,FinMind_API_TaiwanStockPrice_6182,True,2026-10-05T23:34:52,2026-10-05T23:34:52,2026-10-05T23:34:52
6182,合晶,2023-11-17,43.8,0.0,0.00%,,,,,,,,,ShowDailyK_ChartFlow,FinMind_API_TaiwanStockPrice_6182,True,2026-10-05T23:34:52,2026-10-05T23:34:52,2026-10-05T23:34:52
6182,合晶,2023-11-20,44.05,0.25,0.57%,,,,,,,,,ShowDailyK_ChartFlow,FinMind_API_TaiwanStockPrice_6182,True,2026-10-05T23:34:52,2026-10-05T23:34:52,2026-10-05T23:34:52
6182,合晶,2023-11-21,43.6,-0.44999999999999574,-1.02%,,,,,,,,,ShowDailyK_ChartFlow,FinMind_API_TaiwanStockPrice_6182,True,2026-10-05T23:34:52,2026-10-05T23:34:52,2026-10-05T23:34:52
6182,合晶,2023-11-22,43.7,0.10000000000000142,0.23%,,,,,,,,,ShowDailyK_ChartFlow,FinMind_API_TaiwanStockPrice_6182,True,2026-10-05T23:34:52,2026-10-05T23:34:52,2026-10-05T23:34:52
6182,合晶,2023-11-23,44.05,0.3499999999999943,0.80%,,,,,,,,,ShowDailyK_ChartFlow,FinMind_API_TaiwanStockPrice_6182,True,2026-10-05T23:34:52,2026-10-05T23:34:52,2026-10-05T23:34:52
6182,合晶,2023-11-24,43.85,-0.19999999999999574,-0.45%,,,,,,,,,ShowDailyK_ChartFlow,FinMind_API_TaiwanStockPrice_6182,True,2026-10-05T23:34:52,2026-10-05T23:34:52,2026-10-05T23:34:52
6182,合晶,2023-11-27,43.85,0.0,0.00%,,,,,,,,,ShowDailyK_ChartFlow,FinMind_API_TaiwanStockPrice_6182,True,2026-10-05T23:34:52,2026-10-05T23:34:52,2026-10-05T23:34:52
6182,合晶,2023-11-28,44.85,1.0,2.28%,,,,,,,,,ShowDailyK_ChartFlow,FinMind_API_TaiwanStockPrice_6182,True,2026-10-05T23:34:52,2026-10-05T23:34:52,2026-10-05T23:34:52
6182,合晶,2023-11-29,45.2,0.3500000000000014,0.78%,,,,,,,,,ShowDailyK_ChartFlow,FinMind_API_TaiwanStockPrice_6182,True,2026-10-05T23:34:52,2026-10-05T23:34:52,2026-10-05T23:34:52
6182,合晶,2023-11-30,45.0,-0.20000000000000284,-0.44%,,,,,,,,,ShowDailyK_ChartFlow,FinMind_API_TaiwanStockPrice_6182,True,2026-10-05T23:34:52,2026-10-05T23:34:52,2026-10-05T23:34:52
6182,合晶,2023-12-01,45.1,0.10000000000000142,0.22%,,,,,,,,,ShowDailyK_ChartFlow,FinMind_API_TaiwanStockPrice_6182,True,2026-10-05T23:34:52,2026-10-05T23:34:52,2026-10-05T23:34:52
6182,合晶,2023-12-04,45.0,-0.10000000000000142,-0.22%,,,,,,,,,ShowDailyK_ChartFlow,FinMind_API_TaiwanStockPrice_6182,True,2026-10-05T23:34:52,2026-10-05T23:34:52,2026-10-05T23:34:52
6182,合晶,2023-12-05,44.45,-0.5499999999999972,-1.22%,,,,,,,,,ShowDailyK_ChartFlow,FinMind_API_TaiwanStockPrice_6182,True,2026-10-05T23:34:52,2026-10-05T23:34:52,2026-10-05T23:34:52
6182,合晶,2023-12-06,44.35,-0.10000000000000142,-0.22%,,,,,,,,,ShowDailyK_ChartFlow,FinMind_API_TaiwanStockPrice_6182,True,2026-10-05T23:34:52,2026-10-05T23:34:52,2026-10-05T23:34:52
6182,合晶,2023-12-07,43.8,-0.5500000000000043,-1.24%,,,,,,,,,ShowDailyK_ChartFlow,FinMind_API_TaiwanStockPrice_6182,True,2026-10-05T23:34:52,2026-10-05T23:34:52,2026-10-05T23:34:52
6182,合晶,2023-12-08,44.5,0.7000000000000028,1.60%,,,,,,,,,ShowDailyK_ChartFlow,FinMind_API_TaiwanStockPrice_6182,True,2026-10-05T23:34:52,2026-10-05T23:34:52,2026-10-05T23:34:52
6182,合晶,2023-12-11,44.2,-0.29999999999999716,-0.67%,,,,,,,,,ShowDailyK_ChartFlow,FinMind_API_TaiwanStockPrice_6182,True,2026-10-05T23:34:52,2026-10-05T23:34:52,2026-10-05T23:34:52
6182,合晶,2023-12-12,47.6,3.3999999999999986,7.69%,,,,,,,,,ShowDailyK_ChartFlow,FinMind_API_TaiwanStockPrice_6182,True,2026-10-05T23:34:52,2026-10-05T23:34:52,2026-10-05T23:34:52
6182,合晶,2023-12-13,46.45,-1.1499999999999986,-2.42%,,,,,,,,,ShowDailyK_ChartFlow,FinMind_API_TaiwanStockPrice_6182,True,2026-10-05T23:34:52,2026-10-05T23:34:52,2026-10-05T23:34:52
6182,合晶,2023-12-14,47.4,0.9499999999999957,2.05%,,,,,,,,,ShowDailyK_ChartFlow,FinMind_API_TaiwanStockPrice_6182,True,2026-10-05T23:34:52,2026-10-05T23:34:52,2026-10-05T23:34:52
6182,合晶,2023-12-15,48.05,0.6499999999999986,1.37%,,,,,,,,,ShowDailyK_ChartFlow,FinMind_API_TaiwanStockPrice_6182,True,2026-10-05T23:34:52,2026-10-05T23:34:52,2026-10-05T23:34:52
6182,合晶,2023-12-18,46.05,-2.0,-4.16%,,,,,,,,,ShowDailyK_ChartFlow,FinMind_API_TaiwanStockPrice_6182,True,2026-10-05T23:34:52,2026-10-05T23:34:52,2026-10-05T23:34:52
6182,合晶,2023-12-19,45.0,-1.0499999999999972,-2.28%,,,,,,,,,ShowDailyK_ChartFlow,FinMind_API_TaiwanStockPrice_6182,True,2026-10-05T23:34:52,2026-10-05T23:34:52,2026-10-05T23:34:52
6182,合晶,2023-12-20,44.65,-0.3500000000000014,-0.78%,,,,,,,,,ShowDailyK_ChartFlow,FinMind_API_TaiwanStockPrice_6182,True,2026-10-05T23:34:52,2026-10-05T23:34:52,2026-10-05T23:34:52
6182,合晶,2023-12-21,44.05,-0.6000000000000014,-1.34%,,,,,,,,,ShowDailyK_ChartFlow,FinMind_API_TaiwanStockPrice_6182,True,2026-10-05T23:34:52,2026-10-05T23:34:52,2026-10-05T23:34:52
6182,合晶,2023-12-22,44.1,0.05000000000000426,0.11%,,,,,,,,,ShowDailyK_ChartFlow,FinMind_API_TaiwanStockPrice_6182,True,2026-10-05T23:34:52,2026-10-05T23:34:52,2026-10-05T23:34:52
6182,合晶,2023-12-25,43.75,-0.3500000000000014,-0.79%,,,,,,,,,ShowDailyK_ChartFlow,FinMind_API_TaiwanStockPrice_6182,True,2026-10-05T23:34:52,2026-10-05T23:34:52,2026-10-05T23:34:52
6182,合晶,2023-12-26,44.15,0.3999999999999986,0.91%,,,,,,,,,ShowDailyK_ChartFlow,FinMind_API_TaiwanStockPrice_6182,True,2026-10-05T23:34:52,2026-10-05T23:34:52,2026-10-05T23:34:52
6182,合晶,2023-12-27,43.95,-0.19999999999999574,-0.45%,,,,,,,,,ShowDailyK_ChartFlow,FinMind_API_TaiwanStockPrice_6182,True,2026-10-05T23:34:52,2026-10-05T23:34:52,2026-10-05T23:34:52
6182,合晶,2023-12-28,43.55,-0.4000000000000057,-0.91%,,,,,,,,,ShowDailyK_ChartFlow,FinMind_API_TaiwanStockPrice_6182,True,2026-10-05T23:34:52,2026-10-05T23:34:52,2026-10-05T23:34:52
6182,合晶,2023-12-29,43.3,-0.25,-0.57%,,,,,,,,,ShowDailyK_ChartFlow,FinMind_API_TaiwanStockPrice_6182,True,2026-10-05T23:34:52,2026-10-05T23:34:52,2026-10-05T23:34:52
6182,合晶,2024-01-02,43.05,-0.25,-0.58%,,,,,,,,,ShowDailyK_ChartFlow,FinMind_API_TaiwanStockPrice_6182,True,2026-10-05T23:34:52,2026-10-05T23:34:52,2026-10-05T23:34:52
6182,合晶,2024-01-03,43.2,0.15000000000000568,0.35%,,,,,,,,,ShowDailyK_ChartFlow,FinMind_API_TaiwanStockPrice_6182,True,2026-10-05T23:34:52,2026-10-05T23:34:52,2026-10-05T23:34:52
6182,合晶,2024-01-04,43.25,0.04999999999999716,0.12%,,,,,,,,,ShowDailyK_ChartFlow,FinMind_API_TaiwanStockPrice_6182,True,2026-10-05T23:34:52,2026-10-05T23:34:52,2026-10-05T23:34:52
6182,合晶,2024-01-05,43.05,-0.20000000000000284,-0.46%,,,,,,,,,ShowDailyK_ChartFlow,FinMind_API_TaiwanStockPrice_6182,True,2026-10-05T23:34:52,2026-10-05T23:34:52,2026-10-05T23:34:52
6182,合晶,2024-01-08,43.55,0.5,1.16%,,,,,,,,,ShowDailyK_ChartFlow,FinMind_API_TaiwanStockPrice_6182,True,2026-10-05T23:34:52,2026-10-05T23:34:52,2026-10-05T23:34:52
6182,合晶,2024-01-09,43.05,-0.5,-1.15%,,,,,,,,,ShowDailyK_ChartFlow,FinMind_API_TaiwanStockPrice_6182,True,2026-10-05T23:34:52,2026-10-05T23:34:52,2026-10-05T23:34:52
6182,合晶,2024-01-10,42.35,-0.6999999999999957,-1.63%,,,,,,,,,ShowDailyK_ChartFlow,FinMind_API_TaiwanStockPrice_6182,True,2026-10-05T23:34:52,2026-10-05T23:34:52,2026-10-05T23:34:52
6182,合晶,2024-01-11,42.8,0.44999999999999574,1.06%,,,,,,,,,ShowDailyK_ChartFlow,FinMind_API_TaiwanStockPrice_6182,True,2026-10-05T23:34:52,2026-10-05T23:34:52,2026-10-05T23:34:52
6182,合晶,2024-01-12,42.75,-0.04999999999999716,-0.12%,,,,,,,,,ShowDailyK_ChartFlow,FinMind_API_TaiwanStockPrice_6182,True,2026-10-05T23:34:52,2026-10-05T23:34:52,2026-10-05T23:34:52
6182,合晶,2024-01-15,43.15,0.3999999999999986,0.94%,,,,,,,,,ShowDailyK_ChartFlow,FinMind_API_TaiwanStockPrice_6182,True,2026-10-05T23:34:52,2026-10-05T23:34:52,2026-10-05T23:34:52
6182,合晶,2024-01-16,43.35,0.20000000000000284,0.46%,,,,,,,,,ShowDailyK_ChartFlow,FinMind_API_TaiwanStockPrice_6182,True,2026-10-05T23:34:52,2026-10-05T23:34:52,2026-10-05T23:34:52
6182,合晶,2024-01-17,42.2,-1.1499999999999986,-2.65%,,,,,,,,,ShowDailyK_ChartFlow,FinMind_API_TaiwanStockPrice_6182,True,2026-10-05T23:34:52,2026-10-05T23:34:52,2026-10-05T23:34:52
6182,合晶,2024-01-18,41.6,-0.6000000000000014,-1.42%,,,,,,,,,ShowDailyK_ChartFlow,FinMind_API_TaiwanStockPrice_6182,True,2026-10-05T23:34:52,2026-10-05T23:34:52,2026-10-05T23:34:52
6182,合晶,2024-01-19,42.15,0.5499999999999972,1.32%,,,,,,,,,ShowDailyK_ChartFlow,FinMind_API_TaiwanStockPrice_6182,True,2026-10-05T23:34:52,2026-10-05T23:34:52,2026-10-05T23:34:52
6182,合晶,2024-01-22,42.55,0.3999999999999986,0.95%,,,,,,,,,ShowDailyK_ChartFlow,FinMind_API_TaiwanStockPrice_6182,True,2026-10-05T23:34:52,2026-10-05T23:34:52,2026-10-05T23:34:52
6182,合晶,2024-01-23,42.3,-0.25,-0.59%,,,,,,,,,ShowDailyK_ChartFlow,FinMind_API_TaiwanStockPrice_6182,True,2026-10-05T23:34:52,2026-10-05T23:34:52,2026-10-05T23:34:52
6182,合晶,2024-01-24,42.35,0.05000000000000426,0.12%,,,,,,,,,ShowDailyK_ChartFlow,FinMind_API_TaiwanStockPrice_6182,True,2026-10-05T23:34:52,2026-10-05T23:34:52,2026-10-05T23:34:52
6182,合晶,2024-01-25,41.5,-0.8500000000000014,-2.01%,,,,,,,,,ShowDailyK_ChartFlow,FinMind_API_TaiwanStockPrice_6182,True,2026-10-05T23:34:52,2026-10-05T23:34:52,2026-10-05T23:34:52
6182,合晶,2024-01-26,41.35,-0.14999999999999858,-0.36%,,,,,,,,,ShowDailyK_ChartFlow,FinMind_API_TaiwanStockPrice_6182,True,2026-10-05T23:34:52,2026-10-05T23:34:52,2026-10-05T23:34:52
6182,合晶,2024-01-29,41.3,-0.05000000000000426,-0.12%,,,,,,,,,ShowDailyK_ChartFlow,FinMind_API_TaiwanStockPrice_6182,True,2026-10-05T23:34:52,2026-10-05T23:34:52,2026-10-05T23:34:52
6182,合晶,2024-01-30,40.55,-0.75,-1.82%,,,,,,,,,ShowDailyK_ChartFlow,FinMind_API_TaiwanStockPrice_6182,True,2026-10-05T23:34:52,2026-10-05T23:34:52,2026-10-05T23:34:52
6182,合晶,2024-01-31,41.25,0.7000000000000028,1.73%,,,,,,,,,ShowDailyK_ChartFlow,FinMind_API_TaiwanStockPrice_6182,True,2026-10-05T23:34:52,2026-10-05T23:34:52,2026-10-05T23:34:52
6182,合晶,2024-02-01,41.0,-0.25,-0.61%,,,,,,,,,ShowDailyK_ChartFlow,FinMind_API_TaiwanStockPrice_6182,True,2026-10-05T23:34:52,2026-10-05T23:34:52,2026-10-05T23:34:52
6182,合晶,2024-02-02,41.0,0.0,0.00%,,,,,,,,,ShowDailyK_ChartFlow,FinMind_API_TaiwanStockPrice_6182,True,2026-10-05T23:34:52,2026-10-05T23:34:52,2026-10-05T23:34:52
6182,合晶,2024-02-05,40.7,-0.29999999999999716,-0.73%,,,,,,,,,ShowDailyK_ChartFlow,FinMind_API_TaiwanStockPrice_6182,True,2026-10-05T23:34:52,2026-10-05T23:34:52,2026-10-05T23:34:52
6182,合晶,2024-02-15,41.2,0.5,1.23%,,,,,,,,,ShowDailyK_ChartFlow,FinMind_API_TaiwanStockPrice_6182,True,2026-10-05T23:34:52,2026-10-05T23:34:52,2026-10-05T23:34:52
6182,合晶,2024-02-16,41.4,0.19999999999999574,0.49%,,,,,,,,,ShowDailyK_ChartFlow,FinMind_API_TaiwanStockPrice_6182,True,2026-10-05T23:34:52,2026-10-05T23:34:52,2026-10-05T23:34:52
6182,合晶,2024-02-19,41.7,0.30000000000000426,0.72%,,,,,,,,,ShowDailyK_ChartFlow,FinMind_API_TaiwanStockPrice_6182,True,2026-10-05T23:34:52,2026-10-05T23:34:52,2026-10-05T23:34:52
6182,合晶,2024-02-20,41.3,-0.4000000000000057,-0.96%,,,,,,,,,ShowDailyK_ChartFlow,FinMind_API_TaiwanStockPrice_6182,True,2026-10-05T23:34:52,2026-10-05T23:34:52,2026-10-05T23:34:52
6182,合晶,2024-02-21,41.2,-0.09999999999999432,-0.24%,,,,,,,,,ShowDailyK_ChartFlow,FinMind_API_TaiwanStockPrice_6182,True,2026-10-05T23:34:52,2026-10-05T23:34:52,2026-10-05T23:34:52
6182,合晶,2024-02-22,41.2,0.0,0.00%,,,,,,,,,ShowDailyK_ChartFlow,FinMind_API_TaiwanStockPrice_6182,True,2026-10-05T23:34:52,2026-10-05T23:34:52,2026-10-05T23:34:52
6182,合晶,2024-02-23,41.0,-0.20000000000000284,-0.49%,,,,,,,,,ShowDailyK_ChartFlow,FinMind_API_TaiwanStockPrice_6182,True,2026-10-05T23:34:52,2026-10-05T23:34:52,2026-10-05T23:34:52
6182,合晶,2024-02-26,40.4,-0.6000000000000014,-1.46%,,,,,,,,,ShowDailyK_ChartFlow,FinMind_API_TaiwanStockPrice_6182,True,2026-10-05T23:34:52,2026-10-05T23:34:52,2026-10-05T23:34:52
6182,合晶,2024-02-27,39.9,-0.5,-1.24%,,,,,,,,,ShowDailyK_ChartFlow,FinMind_API_TaiwanStockPrice_6182,True,2026-10-05T23:34:52,2026-10-05T23:34:52,2026-10-05T23:34:52
6182,合晶,2024-02-29,39.8,-0.10000000000000142,-0.25%,,,,,,,,,ShowDailyK_ChartFlow,FinMind_API_TaiwanStockPrice_6182,True,2026-10-05T23:34:52,2026-10-05T23:34:52,2026-10-05T23:34:52
6182,合晶,2024-03-01,39.9,0.10000000000000142,0.25%,,,,,,,,,ShowDailyK_ChartFlow,FinMind_API_TaiwanStockPrice_6182,True,2026-10-05T23:34:52,2026-10-05T23:34:52,2026-10-05T23:34:52
6182,合晶,2024-03-04,40.1,0.20000000000000284,0.50%,,,,,,,,,ShowDailyK_ChartFlow,FinMind_API_TaiwanStockPrice_6182,True,2026-10-05T23:34:52,2026-10-05T23:34:52,2026-10-05T23:34:52
6182,合晶,2024-03-05,40.1,0.0,0.00%,,,,,,,,,ShowDailyK_ChartFlow,FinMind_API_TaiwanStockPrice_6182,True,2026-10-05T23:34:52,2026-10-05T23:34:52,2026-10-05T23:34:52
6182,合晶,2024-03-06,39.85,-0.25,-0.62%,,,,,,,,,ShowDailyK_ChartFlow,FinMind_API_TaiwanStockPrice_6182,True,2026-10-05T23:34:52,2026-10-05T23:34:52,2026-10-05T23:34:52
6182,合晶,2024-03-07,39.95,0.10000000000000142,0.25%,,,,,,,,,ShowDailyK_ChartFlow,FinMind_API_TaiwanStockPrice_6182,True,2026-10-05T23:34:52,2026-10-05T23:34:52,2026-10-05T23:34:52
6182,合晶,2024-03-08,42.35,2.3999999999999986,6.01%,,,,,,,,,ShowDailyK_ChartFlow,FinMind_API_TaiwanStockPrice_6182,True,2026-10-05T23:34:52,2026-10-05T23:34:52,2026-10-05T23:34:52
6182,合晶,2024-03-11,41.6,-0.75,-1.77%,,,,,,,,,ShowDailyK_ChartFlow,FinMind_API_TaiwanStockPrice_6182,True,2026-10-05T23:34:52,2026-10-05T23:34:52,2026-10-05T23:34:52
6182,合晶,2024-03-12,41.2,-0.3999999999999986,-0.96%,,,,,,,,,ShowDailyK_ChartFlow,FinMind_API_TaiwanStockPrice_6182,True,2026-10-05T23:34:52,2026-10-05T23:34:52,2026-10-05T23:34:52
6182,合晶,2024-03-13,40.7,-0.5,-1.21%,,,,,,,,,ShowDailyK_ChartFlow,FinMind_API_TaiwanStockPrice_6182,True,2026-10-05T23:34:52,2026-10-05T23:34:52,2026-10-05T23:34:52
6182,合晶,2024-03-14,40.2,-0.5,-1.23%,,,,,,,,,ShowDailyK_ChartFlow,FinMind_API_TaiwanStockPrice_6182,True,2026-10-05T23:34:52,2026-10-05T23:34:52,2026-10-05T23:34:52
6182,合晶,2024-03-15,39.7,-0.5,-1.24%,,,,,,,,,ShowDailyK_ChartFlow,FinMind_API_TaiwanStockPrice_6182,True,2026-10-05T23:34:52,2026-10-05T23:34:52,2026-10-05T23:34:52
6182,合晶,2024-03-18,38.8,-0.9000000000000057,-2.27%,,,,,,,,,ShowDailyK_ChartFlow,FinMind_API_TaiwanStockPrice_6182,True,2026-10-05T23:34:52,2026-10-05T23:34:52,2026-10-05T23:34:52
6182,合晶,2024-03-19,39.6,0.8000000000000043,2.06%,,,,,,,,,ShowDailyK_ChartFlow,FinMind_API_TaiwanStockPrice_6182,True,2026-10-05T23:34:52,2026-10-05T23:34:52,2026-10-05T23:34:52
6182,合晶,2024-03-20,40.15,0.5499999999999972,1.39%,,,,,,,,,ShowDailyK_ChartFlow,FinMind_API_TaiwanStockPrice_6182,True,2026-10-05T23:34:52,2026-10-05T23:34:52,2026-10-05T23:34:52
6182,合晶,2024-03-21,40.0,-0.14999999999999858,-0.37%,,,,,,,,,ShowDailyK_ChartFlow,FinMind_API_TaiwanStockPrice_6182,True,2026-10-05T23:34:52,2026-10-05T23:34:52,2026-10-05T23:34:52
6182,合晶,2024-03-22,39.7,-0.29999999999999716,-0.75%,,,,,,,,,ShowDailyK_ChartFlow,FinMind_API_TaiwanStockPrice_6182,True,2026-10-05T23:34:52,2026-10-05T23:34:52,2026-10-05T23:34:52
6182,合晶,2024-03-25,39.1,-0.6000000000000014,-1.51%,,,,,,,,,ShowDailyK_ChartFlow,FinMind_API_TaiwanStockPrice_6182,True,2026-10-05T23:34:52,2026-10-05T23:34:52,2026-10-05T23:34:52
6182,合晶,2024-03-26,38.75,-0.3500000000000014,-0.90%,,,,,,,,,ShowDailyK_ChartFlow,FinMind_API_TaiwanStockPrice_6182,True,2026-10-05T23:34:52,2026-10-05T23:34:52,2026-10-05T23:34:52
6182,合晶,2024-03-27,39.0,0.25,0.65%,,,,,,,,,ShowDailyK_ChartFlow,FinMind_API_TaiwanStockPrice_6182,True,2026-10-05T23:34:52,2026-10-05T23:34:52,2026-10-05T23:34:52
6182,合晶,2024-03-28,38.8,-0.20000000000000284,-0.51%,,,,,,,,,ShowDailyK_ChartFlow,FinMind_API_TaiwanStockPrice_6182,True,2026-10-05T23:34:52,2026-10-05T23:34:52,2026-10-05T23:34:52
6182,合晶,2024-03-29,39.0,0.20000000000000284,0.52%,,,,,,,,,ShowDailyK_ChartFlow,FinMind_API_TaiwanStockPrice_6182,True,2026-10-05T23:34:52,2026-10-05T23:34:52,2026-10-05T23:34:52
6182,合晶,2024-04-01,39.9,0.8999999999999986,2.31%,,,,,,,,,ShowDailyK_ChartFlow,FinMind_API_TaiwanStockPrice_6182,True,2026-10-05T23:34:52,2026-10-05T23:34:52,2026-10-05T23:34:52
6182,合晶,2024-04-02,40.15,0.25,0.63%,,,,,,,,,ShowDailyK_ChartFlow,FinMind_API_TaiwanStockPrice_6182,True,2026-10-05T23:34:52,2026-10-05T23:34:52,2026-10-05T23:34:52
6182,合晶,2024-04-03,39.95,-0.19999999999999574,-0.50%,,,,,,,,,ShowDailyK_ChartFlow,FinMind_API_TaiwanStockPrice_6182,True,2026-10-05T23:34:52,2026-10-05T23:34:52,2026-10-05T23:34:52
6182,合晶,2024-04-08,40.0,0.04999999999999716,0.13%,,,,,,,,,ShowDailyK_ChartFlow,FinMind_API_TaiwanStockPrice_6182,True,2026-10-05T23:34:52,2026-10-05T23:34:52,2026-10-05T23:34:52
6182,合晶,2024-04-09,39.9,-0.10000000000000142,-0.25%,,,,,,,,,ShowDailyK_ChartFlow,FinMind_API_TaiwanStockPrice_6182,True,2026-10-05T23:34:52,2026-10-05T23:34:52,2026-10-05T23:34:52
6182,合晶,2024-04-10,39.95,0.05000000000000426,0.13%,,,,,,,,,ShowDailyK_ChartFlow,FinMind_API_TaiwanStockPrice_6182,True,2026-10-05T23:34:52,2026-10-05T23:34:52,2026-10-05T23:34:52
6182,合晶,2024-04-11,39.55,-0.4000000000000057,-1.00%,,,,,,,,,ShowDailyK_ChartFlow,FinMind_API_TaiwanStockPrice_6182,True,2026-10-05T23:34:52,2026-10-05T23:34:52,2026-10-05T23:34:52
6182,合晶,2024-04-12,39.45,-0.09999999999999432,-0.25%,,,,,,,,,ShowDailyK_ChartFlow,FinMind_API_TaiwanStockPrice_6182,True,2026-10-05T23:34:52,2026-10-05T23:34:52,2026-10-05T23:34:52
6182,合晶,2024-04-15,40.1,0.6499999999999986,1.65%,,,,,,,,,ShowDailyK_ChartFlow,FinMind_API_TaiwanStockPrice_6182,True,2026-10-05T23:34:52,2026-10-05T23:34:52,2026-10-05T23:34:52
6182,合晶,2024-04-16,38.9,-1.2000000000000028,-2.99%,,,,,,,,,ShowDailyK_ChartFlow,FinMind_API_TaiwanStockPrice_6182,True,2026-10-05T23:34:52,2026-10-05T23:34:52,2026-10-05T23:34:52
6182,合晶,2024-04-17,39.75,0.8500000000000014,2.19%,,,,,,,,,ShowDailyK_ChartFlow,FinMind_API_TaiwanStockPrice_6182,True,2026-10-05T23:34:52,2026-10-05T23:34:52,2026-10-05T23:34:52
6182,合晶,2024-04-18,39.7,-0.04999999999999716,-0.13%,,,,,,,,,ShowDailyK_ChartFlow,FinMind_API_TaiwanStockPrice_6182,True,2026-10-05T23:34:52,2026-10-05T23:34:52,2026-10-05T23:34:52
6182,合晶,2024-04-19,38.85,-0.8500000000000014,-2.14%,,,,,,,,,ShowDailyK_ChartFlow,FinMind_API_TaiwanStockPrice_6182,True,2026-10-05T23:34:52,2026-10-05T23:34:52,2026-10-05T23:34:52
6182,合晶,2024-04-22,38.95,0.10000000000000142,0.26%,,,,,,,,,ShowDailyK_ChartFlow,FinMind_API_TaiwanStockPrice_6182,True,2026-10-05T23:34:52,2026-10-05T23:34:52,2026-10-05T23:34:52
6182,合晶,2024-04-23,38.55,-0.4000000000000057,-1.03%,,,,,,,,,ShowDailyK_ChartFlow,FinMind_API_TaiwanStockPrice_6182,True,2026-10-05T23:34:52,2026-10-05T23:34:52,2026-10-05T23:34:52
6182,合晶,2024-04-24,39.0,0.45000000000000284,1.17%,,,,,,,,,ShowDailyK_ChartFlow,FinMind_API_TaiwanStockPrice_6182,True,2026-10-05T23:34:52,2026-10-05T23:34:52,2026-10-05T23:34:52
6182,合晶,2024-04-25,39.2,0.20000000000000284,0.51%,,,,,,,,,ShowDailyK_ChartFlow,FinMind_API_TaiwanStockPrice_6182,True,2026-10-05T23:34:52,2026-10-05T23:34:52,2026-10-05T23:34:52
6182,合晶,2024-04-26,39.2,0.0,0.00%,,,,,,,,,ShowDailyK_ChartFlow,FinMind_API_TaiwanStockPrice_6182,True,2026-10-05T23:34:52,2026-10-05T23:34:52,2026-10-05T23:34:52
6182,合晶,2024-04-29,39.5,0.29999999999999716,0.77%,,,,,,,,,ShowDailyK_ChartFlow,FinMind_API_TaiwanStockPrice_6182,True,2026-10-05T23:34:52,2026-10-05T23:34:52,2026-10-05T23:34:52
6182,合晶,2024-04-30,39.5,0.0,0.00%,,,,,,,,,ShowDailyK_ChartFlow,FinMind_API_TaiwanStockPrice_6182,True,2026-10-05T23:34:52,2026-10-05T23:34:52,2026-10-05T23:34:52
6182,合晶,2024-05-02,39.2,-0.29999999999999716,-0.76%,,,,,,,,,ShowDailyK_ChartFlow,FinMind_API_TaiwanStockPrice_6182,True,2026-10-05T23:34:52,2026-10-05T23:34:52,2026-10-05T23:34:52
6182,合晶,2024-05-03,38.85,-0.3500000000000014,-0.89%,,,,,,,,,ShowDailyK_ChartFlow,FinMind_API_TaiwanStockPrice_6182,True,2026-10-05T23:34:52,2026-10-05T23:34:52,2026-10-05T23:34:52
6182,合晶,2024-05-06,39.0,0.14999999999999858,0.39%,,,,,,,,,ShowDailyK_ChartFlow,FinMind_API_TaiwanStockPrice_6182,True,2026-10-05T23:34:52,2026-10-05T23:34:52,2026-10-05T23:34:52
6182,合晶,2024-05-07,39.2,0.20000000000000284,0.51%,,,,,,,,,ShowDailyK_ChartFlow,FinMind_API_TaiwanStockPrice_6182,True,2026-10-05T23:34:52,2026-10-05T23:34:52,2026-10-05T23:34:52
6182,合晶,2024-05-08,38.8,-0.4000000000000057,-1.02%,,,,,,,,,ShowDailyK_ChartFlow,FinMind_API_TaiwanStockPrice_6182,True,2026-10-05T23:34:52,2026-10-05T23:34:52,2026-10-05T23:34:52
6182,合晶,2024-05-09,39.3,0.5,1.29%,,,,,,,,,ShowDailyK_ChartFlow,FinMind_API_TaiwanStockPrice_6182,True,2026-10-05T23:34:52,2026-10-05T23:34:52,2026-10-05T23:34:52
6182,合晶,2024-05-10,39.95,0.6500000000000057,1.65%,,,,,,,,,ShowDailyK_ChartFlow,FinMind_API_TaiwanStockPrice_6182,True,2026-10-05T23:34:52,2026-10-05T23:34:52,2026-10-05T23:34:52
6182,合晶,2024-05-13,40.05,0.09999999999999432,0.25%,,,,,,,,,ShowDailyK_ChartFlow,FinMind_API_TaiwanStockPrice_6182,True,2026-10-05T23:34:52,2026-10-05T23:34:52,2026-10-05T23:34:52
6182,合晶,2024-05-14,39.65,-0.3999999999999986,-1.00%,,,,,,,,,ShowDailyK_ChartFlow,FinMind_API_TaiwanStockPrice_6182,True,2026-10-05T23:34:52,2026-10-05T23:34:52,2026-10-05T23:34:52
6182,合晶,2024-05-15,39.55,-0.10000000000000142,-0.25%,,,,,,,,,ShowDailyK_ChartFlow,FinMind_API_TaiwanStockPrice_6182,True,2026-10-05T23:34:52,2026-10-05T23:34:52,2026-10-05T23:34:52
6182,合晶,2024-05-16,39.55,0.0,0.00%,,,,,,,,,ShowDailyK_ChartFlow,FinMind_API_TaiwanStockPrice_6182,True,2026-10-05T23:34:52,2026-10-05T23:34:52,2026-10-05T23:34:52
6182,合晶,2024-05-17,40.35,0.8000000000000043,2.02%,,,,,,,,,ShowDailyK_ChartFlow,FinMind_API_TaiwanStockPrice_6182,True,2026-10-05T23:34:52,2026-10-05T23:34:52,2026-10-05T23:34:52
6182,合晶,2024-05-20,40.15,-0.20000000000000284,-0.50%,,,,,,,,,ShowDailyK_ChartFlow,FinMind_API_TaiwanStockPrice_6182,True,2026-10-05T23:34:52,2026-10-05T23:34:52,2026-10-05T23:34:52
6182,合晶,2024-05-21,39.8,-0.3500000000000014,-0.87%,,,,,,,,,ShowDailyK_ChartFlow,FinMind_API_TaiwanStockPrice_6182,True,2026-10-05T23:34:52,2026-10-05T23:34:52,2026-10-05T23:34:52
6182,合晶,2024-05-22,40.4,0.6000000000000014,1.51%,,,,,,,,,ShowDailyK_ChartFlow,FinMind_API_TaiwanStockPrice_6182,True,2026-10-05T23:34:52,2026-10-05T23:34:52,2026-10-05T23:34:52
6182,合晶,2024-05-23,39.9,-0.5,-1.24%,,,,,,,,,ShowDailyK_ChartFlow,FinMind_API_TaiwanStockPrice_6182,True,2026-10-05T23:34:52,2026-10-05T23:34:52,2026-10-05T23:34:52
6182,合晶,2024-05-24,40.2,0.30000000000000426,0.75%,,,,,,,,,ShowDailyK_ChartFlow,FinMind_API_TaiwanStockPrice_6182,True,2026-10-05T23:34:52,2026-10-05T23:34:52,2026-10-05T23:34:52
6182,合晶,2024-05-27,39.65,-0.5500000000000043,-1.37%,,,,,,,,,ShowDailyK_ChartFlow,FinMind_API_TaiwanStockPrice_6182,True,2026-10-05T23:34:52,2026-10-05T23:34:52,2026-10-05T23:34:52
6182,合晶,2024-05-28,40.35,0.7000000000000028,1.77%,,,,,,,,,ShowDailyK_ChartFlow,FinMind_API_TaiwanStockPrice_6182,True,2026-10-05T23:34:52,2026-10-05T23:34:52,2026-10-05T23:34:52
6182,合晶,2024-05-29,39.85,-0.5,-1.24%,,,,,,,,,ShowDailyK_ChartFlow,FinMind_API_TaiwanStockPrice_6182,True,2026-10-05T23:34:52,2026-10-05T23:34:52,2026-10-05T23:34:52
6182,合晶,2024-05-30,39.6,-0.25,-0.63%,,,,,,,,,ShowDailyK_ChartFlow,FinMind_API_TaiwanStockPrice_6182,True,2026-10-05T23:34:52,2026-10-05T23:34:52,2026-10-05T23:34:52
6182,合晶,2024-05-31,39.1,-0.5,-1.26%,,,,,,,,,ShowDailyK_ChartFlow,FinMind_API_TaiwanStockPrice_6182,True,2026-10-05T23:34:52,2026-10-05T23:34:52,2026-10-05T23:34:52
6182,合晶,2024-06-03,38.95,-0.14999999999999858,-0.38%,,,,,,,,,ShowDailyK_ChartFlow,FinMind_API_TaiwanStockPrice_6182,True,2026-10-05T23:34:52,2026-10-05T23:34:52,2026-10-05T23:34:52
6182,合晶,2024-06-04,38.7,-0.25,-0.64%,,,,,,,,,ShowDailyK_ChartFlow,FinMind_API_TaiwanStockPrice_6182,True,2026-10-05T23:34:52,2026-10-05T23:34:52,2026-10-05T23:34:52
6182,合晶,2024-06-05,38.55,-0.15000000000000568,-0.39%,,,,,,,,,ShowDailyK_ChartFlow,FinMind_API_TaiwanStockPrice_6182,True,2026-10-05T23:34:52,2026-10-05T23:34:52,2026-10-05T23:34:52
6182,合晶,2024-06-06,37.75,-0.7999999999999972,-2.08%,,,,,,,,,ShowDailyK_ChartFlow,FinMind_API_TaiwanStockPrice_6182,True,2026-10-05T23:34:52,2026-10-05T23:34:52,2026-10-05T23:34:52
6182,合晶,2024-06-07,38.2,0.45000000000000284,1.19%,,,,,,,,,ShowDailyK_ChartFlow,FinMind_API_TaiwanStockPrice_6182,True,2026-10-05T23:34:52,2026-10-05T23:34:52,2026-10-05T23:34:52
6182,合晶,2024-06-11,38.2,0.0,0.00%,,,,,,,,,ShowDailyK_ChartFlow,FinMind_API_TaiwanStockPrice_6182,True,2026-10-05T23:34:52,2026-10-05T23:34:52,2026-10-05T23:34:52
6182,合晶,2024-06-12,38.0,-0.20000000000000284,-0.52%,,,,,,,,,ShowDailyK_ChartFlow,FinMind_API_TaiwanStockPrice_6182,True,2026-10-05T23:34:52,2026-10-05T23:34:52,2026-10-05T23:34:52
6182,合晶,2024-06-13,37.95,-0.04999999999999716,-0.13%,,,,,,,,,ShowDailyK_ChartFlow,FinMind_API_TaiwanStockPrice_6182,True,2026-10-05T23:34:52,2026-10-05T23:34:52,2026-10-05T23:34:52
6182,合晶,2024-06-14,37.9,-0.05000000000000426,-0.13%,,,,,,,,,ShowDailyK_ChartFlow,FinMind_API_TaiwanStockPrice_6182,True,2026-10-05T23:34:52,2026-10-05T23:34:52,2026-10-05T23:34:52
6182,合晶,2024-06-17,37.8,-0.10000000000000142,-0.26%,,,,,,,,,ShowDailyK_ChartFlow,FinMind_API_TaiwanStockPrice_6182,True,2026-10-05T23:34:52,2026-10-05T23:34:52,2026-10-05T23:34:52
6182,合晶,2024-06-18,37.7,-0.09999999999999432,-0.26%,,,,,,,,,ShowDailyK_ChartFlow,FinMind_API_TaiwanStockPrice_6182,True,2026-10-05T23:34:52,2026-10-05T23:34:52,2026-10-05T23:34:52
6182,合晶,2024-06-19,38.1,0.3999999999999986,1.06%,,,,,,,,,ShowDailyK_ChartFlow,FinMind_API_TaiwanStockPrice_6182,True,2026-10-05T23:34:52,2026-10-05T23:34:52,2026-10-05T23:34:52
6182,合晶,2024-06-20,37.45,-0.6499999999999986,-1.71%,,,,,,,,,ShowDailyK_ChartFlow,FinMind_API_TaiwanStockPrice_6182,True,2026-10-05T23:34:52,2026-10-05T23:34:52,2026-10-05T23:34:52
6182,合晶,2024-06-21,37.55,0.09999999999999432,0.27%,,,,,,,,,ShowDailyK_ChartFlow,FinMind_API_TaiwanStockPrice_6182,True,2026-10-05T23:34:52,2026-10-05T23:34:52,2026-10-05T23:34:52
6182,合晶,2024-06-24,37.8,0.25,0.67%,,,,,,,,,ShowDailyK_ChartFlow,FinMind_API_TaiwanStockPrice_6182,True,2026-10-05T23:34:52,2026-10-05T23:34:52,2026-10-05T23:34:52
6182,合晶,2024-06-25,38.6,0.8000000000000043,2.12%,,,,,,,,,ShowDailyK_ChartFlow,FinMind_API_TaiwanStockPrice_6182,True,2026-10-05T23:34:52,2026-10-05T23:34:52,2026-10-05T23:34:52
6182,合晶,2024-06-26,38.5,-0.10000000000000142,-0.26%,,,,,,,,,ShowDailyK_ChartFlow,FinMind_API_TaiwanStockPrice_6182,True,2026-10-05T23:34:52,2026-10-05T23:34:52,2026-10-05T23:34:52
6182,合晶,2024-06-27,38.35,-0.14999999999999858,-0.39%,,,,,,,,,ShowDailyK_ChartFlow,FinMind_API_TaiwanStockPrice_6182,True,2026-10-05T23:34:52,2026-10-05T23:34:52,2026-10-05T23:34:52
6182,合晶,2024-06-28,37.85,-0.5,-1.30%,,,,,,,,,ShowDailyK_ChartFlow,FinMind_API_TaiwanStockPrice_6182,True,2026-10-05T23:34:52,2026-10-05T23:34:52,2026-10-05T23:34:52
6182,合晶,2024-07-01,38.65,0.7999999999999972,2.11%,,,,,,,,,ShowDailyK_ChartFlow,FinMind_API_TaiwanStockPrice_6182,True,2026-10-05T23:34:52,2026-10-05T23:34:52,2026-10-05T23:34:52
6182,合晶,2024-07-02,39.35,0.7000000000000028,1.81%,,,,,,,,,ShowDailyK_ChartFlow,FinMind_API_TaiwanStockPrice_6182,True,2026-10-05T23:34:52,2026-10-05T23:34:52,2026-10-05T23:34:52
6182,合晶,2024-07-03,39.9,0.5499999999999972,1.40%,,,,,,,,,ShowDailyK_ChartFlow,FinMind_API_TaiwanStockPrice_6182,True,2026-10-05T23:34:52,2026-10-05T23:34:52,2026-10-05T23:34:52
6182,合晶,2024-07-04,40.45,0.5500000000000043,1.38%,,,,,,,,,ShowDailyK_ChartFlow,FinMind_API_TaiwanStockPrice_6182,True,2026-10-05T23:34:52,2026-10-05T23:34:52,2026-10-05T23:34:52
6182,合晶,2024-07-05,41.85,1.3999999999999986,3.46%,,,,,,,,,ShowDailyK_ChartFlow,FinMind_API_TaiwanStockPrice_6182,True,2026-10-05T23:34:52,2026-10-05T23:34:52,2026-10-05T23:34:52
6182,合晶,2024-07-08,41.05,-0.8000000000000043,-1.91%,,,,,,,,,ShowDailyK_ChartFlow,FinMind_API_TaiwanStockPrice_6182,True,2026-10-05T23:34:52,2026-10-05T23:34:52,2026-10-05T23:34:52
6182,合晶,2024-07-09,40.55,-0.5,-1.22%,,,,,,,,,ShowDailyK_ChartFlow,FinMind_API_TaiwanStockPrice_6182,True,2026-10-05T23:34:52,2026-10-05T23:34:52,2026-10-05T23:34:52
6182,合晶,2024-07-10,40.0,-0.5499999999999972,-1.36%,,,,,,,,,ShowDailyK_ChartFlow,FinMind_API_TaiwanStockPrice_6182,True,2026-10-05T23:34:52,2026-10-05T23:34:52,2026-10-05T23:34:52
6182,合晶,2024-07-11,40.75,0.75,1.88%,,,,,,,,,ShowDailyK_ChartFlow,FinMind_API_TaiwanStockPrice_6182,True,2026-10-05T23:34:52,2026-10-05T23:34:52,2026-10-05T23:34:52
6182,合晶,2024-07-12,40.7,-0.04999999999999716,-0.12%,,,,,,,,,ShowDailyK_ChartFlow,FinMind_API_TaiwanStockPrice_6182,True,2026-10-05T23:34:52,2026-10-05T23:34:52,2026-10-05T23:34:52
6182,合晶,2024-07-15,40.15,-0.5500000000000043,-1.35%,,,,,,,,,ShowDailyK_ChartFlow,FinMind_API_TaiwanStockPrice_6182,True,2026-10-05T23:34:52,2026-10-05T23:34:52,2026-10-05T23:34:52
6182,合晶,2024-07-16,40.0,-0.14999999999999858,-0.37%,,,,,,,,,ShowDailyK_ChartFlow,FinMind_API_TaiwanStockPrice_6182,True,2026-10-05T23:34:52,2026-10-05T23:34:52,2026-10-05T23:34:52
6182,合晶,2024-07-17,40.05,0.04999999999999716,0.12%,,,,,,,,,ShowDailyK_ChartFlow,FinMind_API_TaiwanStockPrice_6182,True,2026-10-05T23:34:52,2026-10-05T23:34:52,2026-10-05T23:34:52
6182,合晶,2024-07-18,40.05,0.0,0.00%,,,,,,,,,ShowDailyK_ChartFlow,FinMind_API_TaiwanStockPrice_6182,True,2026-10-05T23:34:52,2026-10-05T23:34:52,2026-10-05T23:34:52
6182,合晶,2024-07-19,38.6,-1.4499999999999957,-3.62%,,,,,,,,,ShowDailyK_ChartFlow,FinMind_API_TaiwanStockPrice_6182,True,2026-10-05T23:34:52,2026-10-05T23:34:52,2026-10-05T23:34:52
6182,合晶,2024-07-22,37.9,-0.7000000000000028,-1.81%,,,,,,,,,ShowDailyK_ChartFlow,FinMind_API_TaiwanStockPrice_6182,True,2026-10-05T23:34:52,2026-10-05T23:34:52,2026-10-05T23:34:52
6182,合晶,2024-07-23,37.85,-0.04999999999999716,-0.13%,,,,,,,,,ShowDailyK_ChartFlow,FinMind_API_TaiwanStockPrice_6182,True,2026-10-05T23:34:52,2026-10-05T23:34:52,2026-10-05T23:34:52
6182,合晶,2024-07-26,37.2,-0.6499999999999986,-1.72%,,,,,,,,,ShowDailyK_ChartFlow,FinMind_API_TaiwanStockPrice_6182,True,2026-10-05T23:34:52,2026-10-05T23:34:52,2026-10-05T23:34:52
6182,合晶,2024-07-29,36.55,-0.6500000000000057,-1.75%,,,,,,,,,ShowDailyK_ChartFlow,FinMind_API_TaiwanStockPrice_6182,True,2026-10-05T23:34:52,2026-10-05T23:34:52,2026-10-05T23:34:52
6182,合晶,2024-07-30,37.1,0.5500000000000043,1.50%,,,,,,,,,ShowDailyK_ChartFlow,FinMind_API_TaiwanStockPrice_6182,True,2026-10-05T23:34:52,2026-10-05T23:34:52,2026-10-05T23:34:52
6182,合晶,2024-07-31,36.8,-0.30000000000000426,-0.81%,,,,,,,,,ShowDailyK_ChartFlow,FinMind_API_TaiwanStockPrice_6182,True,2026-10-05T23:34:52,2026-10-05T23:34:52,2026-10-05T23:34:52
6182,合晶,2024-08-01,37.5,0.7000000000000028,1.90%,,,,,,,,,ShowDailyK_ChartFlow,FinMind_API_TaiwanStockPrice_6182,True,2026-10-05T23:34:52,2026-10-05T23:34:52,2026-10-05T23:34:52
6182,合晶,2024-08-02,36.15,-1.3500000000000014,-3.60%,,,,,,,,,ShowDailyK_ChartFlow,FinMind_API_TaiwanStockPrice_6182,True,2026-10-05T23:34:52,2026-10-05T23:34:52,2026-10-05T23:34:52
6182,合晶,2024-08-05,32.55,-3.6000000000000014,-9.96%,,,,,,,,,ShowDailyK_ChartFlow,FinMind_API_TaiwanStockPrice_6182,True,2026-10-05T23:34:52,2026-10-05T23:34:52,2026-10-05T23:34:52
6182,合晶,2024-08-06,31.9,-0.6499999999999986,-2.00%,,,,,,,,,ShowDailyK_ChartFlow,FinMind_API_TaiwanStockPrice_6182,True,2026-10-05T23:34:52,2026-10-05T23:34:52,2026-10-05T23:34:52
6182,合晶,2024-08-07,33.5,1.6000000000000014,5.02%,,,,,,,,,ShowDailyK_ChartFlow,FinMind_API_TaiwanStockPrice_6182,True,2026-10-05T23:34:52,2026-10-05T23:34:52,2026-10-05T23:34:52
6182,合晶,2024-08-08,32.9,-0.6000000000000014,-1.79%,,,,,,,,,ShowDailyK_ChartFlow,FinMind_API_TaiwanStockPrice_6182,True,2026-10-05T23:34:52,2026-10-05T23:34:52,2026-10-05T23:34:52
6182,合晶,2024-08-09,32.7,-0.19999999999999574,-0.61%,,,,,,,,,ShowDailyK_ChartFlow,FinMind_API_TaiwanStockPrice_6182,True,2026-10-05T23:34:52,2026-10-05T23:34:52,2026-10-05T23:34:52
6182,合晶,2024-08-12,33.2,0.5,1.53%,,,,,,,,,ShowDailyK_ChartFlow,FinMind_API_TaiwanStockPrice_6182,True,2026-10-05T23:34:52,2026-10-05T23:34:52,2026-10-05T23:34:52
6182,合晶,2024-08-13,33.3,0.09999999999999432,0.30%,,,,,,,,,ShowDailyK_ChartFlow,FinMind_API_TaiwanStockPrice_6182,True,2026-10-05T23:34:52,2026-10-05T23:34:52,2026-10-05T23:34:52
6182,合晶,2024-08-14,33.75,0.45000000000000284,1.35%,,,,,,,,,ShowDailyK_ChartFlow,FinMind_API_TaiwanStockPrice_6182,True,2026-10-05T23:34:52,2026-10-05T23:34:52,2026-10-05T23:34:52
6182,合晶,2024-08-15,33.5,-0.25,-0.74%,,,,,,,,,ShowDailyK_ChartFlow,FinMind_API_TaiwanStockPrice_6182,True,2026-10-05T23:34:52,2026-10-05T23:34:52,2026-10-05T23:34:52
6182,合晶,2024-08-16,34.0,0.5,1.49%,,,,,,,,,ShowDailyK_ChartFlow,FinMind_API_TaiwanStockPrice_6182,True,2026-10-05T23:34:52,2026-10-05T23:34:52,2026-10-05T23:34:52
6182,合晶,2024-08-19,34.1,0.10000000000000142,0.29%,,,,,,,,,ShowDailyK_ChartFlow,FinMind_API_TaiwanStockPrice_6182,True,2026-10-05T23:34:52,2026-10-05T23:34:52,2026-10-05T23:34:52
6182,合晶,2024-08-20,34.25,0.14999999999999858,0.44%,,,,,,,,,ShowDailyK_ChartFlow,FinMind_API_TaiwanStockPrice_6182,True,2026-10-05T23:34:52,2026-10-05T23:34:52,2026-10-05T23:34:52
6182,合晶,2024-08-21,33.9,-0.3500000000000014,-1.02%,,,,,,,,,ShowDailyK_ChartFlow,FinMind_API_TaiwanStockPrice_6182,True,2026-10-05T23:34:52,2026-10-05T23:34:52,2026-10-05T23:34:52
6182,合晶,2024-08-22,34.25,0.3500000000000014,1.03%,,,,,,,,,ShowDailyK_ChartFlow,FinMind_API_TaiwanStockPrice_6182,True,2026-10-05T23:34:52,2026-10-05T23:34:52,2026-10-05T23:34:52
6182,合晶,2024-08-23,33.9,-0.3500000000000014,-1.02%,,,,,,,,,ShowDailyK_ChartFlow,FinMind_API_TaiwanStockPrice_6182,True,2026-10-05T23:34:52,2026-10-05T23:34:52,2026-10-05T23:34:52
6182,合晶,2024-08-26,34.5,0.6000000000000014,1.77%,,,,,,,,,ShowDailyK_ChartFlow,FinMind_API_TaiwanStockPrice_6182,True,2026-10-05T23:34:52,2026-10-05T23:34:52,2026-10-05T23:34:52
6182,合晶,2024-08-27,34.5,0.0,0.00%,,,,,,,,,ShowDailyK_ChartFlow,FinMind_API_TaiwanStockPrice_6182,True,2026-10-05T23:34:52,2026-10-05T23:34:52,2026-10-05T23:34:52
6182,合晶,2024-08-28,34.85,0.3500000000000014,1.01%,,,,,,,,,ShowDailyK_ChartFlow,FinMind_API_TaiwanStockPrice_6182,True,2026-10-05T23:34:52,2026-10-05T23:34:52,2026-10-05T23:34:52
6182,合晶,2024-08-29,34.5,-0.3500000000000014,-1.00%,,,,,,,,,ShowDailyK_ChartFlow,FinMind_API_TaiwanStockPrice_6182,True,2026-10-05T23:34:52,2026-10-05T23:34:52,2026-10-05T23:34:52
6182,合晶,2024-08-30,35.15,0.6499999999999986,1.88%,,,,,,,,,ShowDailyK_ChartFlow,FinMind_API_TaiwanStockPrice_6182,True,2026-10-05T23:34:52,2026-10-05T23:34:52,2026-10-05T23:34:52
6182,合晶,2024-09-02,34.7,-0.44999999999999574,-1.28%,,,,,,,,,ShowDailyK_ChartFlow,FinMind_API_TaiwanStockPrice_6182,True,2026-10-05T23:34:52,2026-10-05T23:34:52,2026-10-05T23:34:52
6182,合晶,2024-09-03,34.5,-0.20000000000000284,-0.58%,,,,,,,,,ShowDailyK_ChartFlow,FinMind_API_TaiwanStockPrice_6182,True,2026-10-05T23:34:52,2026-10-05T23:34:52,2026-10-05T23:34:52
6182,合晶,2024-09-04,32.7,-1.7999999999999972,-5.22%,,,,,,,,,ShowDailyK_ChartFlow,FinMind_API_TaiwanStockPrice_6182,True,2026-10-05T23:34:52,2026-10-05T23:34:52,2026-10-05T23:34:52
6182,合晶,2024-09-05,32.2,-0.5,-1.53%,,,,,,,,,ShowDailyK_ChartFlow,FinMind_API_TaiwanStockPrice_6182,True,2026-10-05T23:34:52,2026-10-05T23:34:52,2026-10-05T23:34:52
6182,合晶,2024-09-06,32.1,-0.10000000000000142,-0.31%,,,,,,,,,ShowDailyK_ChartFlow,FinMind_API_TaiwanStockPrice_6182,True,2026-10-05T23:34:52,2026-10-05T23:34:52,2026-10-05T23:34:52
6182,合晶,2024-09-09,31.45,-0.6500000000000021,-2.02%,,,,,,,,,ShowDailyK_ChartFlow,FinMind_API_TaiwanStockPrice_6182,True,2026-10-05T23:34:52,2026-10-05T23:34:52,2026-10-05T23:34:52
6182,合晶,2024-09-10,31.0,-0.4499999999999993,-1.43%,,,,,,,,,ShowDailyK_ChartFlow,FinMind_API_TaiwanStockPrice_6182,True,2026-10-05T23:34:52,2026-10-05T23:34:52,2026-10-05T23:34:52
6182,合晶,2024-09-11,30.95,-0.05000000000000071,-0.16%,,,,,,,,,ShowDailyK_ChartFlow,FinMind_API_TaiwanStockPrice_6182,True,2026-10-05T23:34:52,2026-10-05T23:34:52,2026-10-05T23:34:52
6182,合晶,2024-09-12,31.7,0.75,2.42%,,,,,,,,,ShowDailyK_ChartFlow,FinMind_API_TaiwanStockPrice_6182,True,2026-10-05T23:34:52,2026-10-05T23:34:52,2026-10-05T23:34:52
6182,合晶,2024-09-13,32.0,0.3000000000000007,0.95%,,,,,,,,,ShowDailyK_ChartFlow,FinMind_API_TaiwanStockPrice_6182,True,2026-10-05T23:34:52,2026-10-05T23:34:52,2026-10-05T23:34:52
6182,合晶,2024-09-16,32.5,0.5,1.56%,,,,,,,,,ShowDailyK_ChartFlow,FinMind_API_TaiwanStockPrice_6182,True,2026-10-05T23:34:52,2026-10-05T23:34:52,2026-10-05T23:34:52
6182,合晶,2024-09-18,31.6,-0.8999999999999986,-2.77%,,,,,,,,,ShowDailyK_ChartFlow,FinMind_API_TaiwanStockPrice_6182,True,2026-10-05T23:34:52,2026-10-05T23:34:52,2026-10-05T23:34:52
6182,合晶,2024-09-19,31.65,0.04999999999999716,0.16%,,,,,,,,,ShowDailyK_ChartFlow,FinMind_API_TaiwanStockPrice_6182,True,2026-10-05T23:34:52,2026-10-05T23:34:52,2026-10-05T23:34:52
6182,合晶,2024-09-20,31.6,-0.04999999999999716,-0.16%,,,,,,,,,ShowDailyK_ChartFlow,FinMind_API_TaiwanStockPrice_6182,True,2026-10-05T23:34:52,2026-10-05T23:34:52,2026-10-05T23:34:52
6182,合晶,2024-09-23,31.5,-0.10000000000000142,-0.32%,,,,,,,,,ShowDailyK_ChartFlow,FinMind_API_TaiwanStockPrice_6182,True,2026-10-05T23:34:52,2026-10-05T23:34:52,2026-10-05T23:34:52
6182,合晶,2024-09-24,31.25,-0.25,-0.79%,,,,,,,,,ShowDailyK_ChartFlow,FinMind_API_TaiwanStockPrice_6182,True,2026-10-05T23:34:52,2026-10-05T23:34:52,2026-10-05T23:34:52
6182,合晶,2024-09-25,31.65,0.3999999999999986,1.28%,,,,,,,,,ShowDailyK_ChartFlow,FinMind_API_TaiwanStockPrice_6182,True,2026-10-05T23:34:52,2026-10-05T23:34:52,2026-10-05T23:34:52
6182,合晶,2024-09-26,31.6,-0.04999999999999716,-0.16%,,,,,,,,,ShowDailyK_ChartFlow,FinMind_API_TaiwanStockPrice_6182,True,2026-10-05T23:34:52,2026-10-05T23:34:52,2026-10-05T23:34:52
6182,合晶,2024-09-27,32.0,0.3999999999999986,1.27%,,,,,,,,,ShowDailyK_ChartFlow,FinMind_API_TaiwanStockPrice_6182,True,2026-10-05T23:34:52,2026-10-05T23:34:52,2026-10-05T23:34:52
6182,合晶,2024-09-30,31.75,-0.25,-0.78%,,,,,,,,,ShowDailyK_ChartFlow,FinMind_API_TaiwanStockPrice_6182,True,2026-10-05T23:34:52,2026-10-05T23:34:52,2026-10-05T23:34:52
6182,合晶,2024-10-01,31.5,-0.25,-0.79%,,,,,,,,,ShowDailyK_ChartFlow,FinMind_API_TaiwanStockPrice_6182,True,2026-10-05T23:34:52,2026-10-05T23:34:52,2026-10-05T23:34:52
6182,合晶,2024-10-04,31.0,-0.5,-1.59%,,,,,,,,,ShowDailyK_ChartFlow,FinMind_API_TaiwanStockPrice_6182,True,2026-10-05T23:34:52,2026-10-05T23:34:52,2026-10-05T23:34:52
6182,合晶,2024-10-07,31.05,0.05000000000000071,0.16%,,,,,,,,,ShowDailyK_ChartFlow,FinMind_API_TaiwanStockPrice_6182,True,2026-10-05T23:34:52,2026-10-05T23:34:52,2026-10-05T23:34:52
6182,合晶,2024-10-08,30.65,-0.40000000000000213,-1.29%,,,,,,,,,ShowDailyK_ChartFlow,FinMind_API_TaiwanStockPrice_6182,True,2026-10-05T23:34:52,2026-10-05T23:34:52,2026-10-05T23:34:52
6182,合晶,2024-10-09,30.05,-0.5999999999999979,-1.96%,,,,,,,,,ShowDailyK_ChartFlow,FinMind_API_TaiwanStockPrice_6182,True,2026-10-05T23:34:52,2026-10-05T23:34:52,2026-10-05T23:34:52
6182,合晶,2024-10-11,29.85,-0.1999999999999993,-0.67%,,,,,,,,,ShowDailyK_ChartFlow,FinMind_API_TaiwanStockPrice_6182,True,2026-10-05T23:34:52,2026-10-05T23:34:52,2026-10-05T23:34:52
6182,合晶,2024-10-14,29.85,0.0,0.00%,,,,,,,,,ShowDailyK_ChartFlow,FinMind_API_TaiwanStockPrice_6182,True,2026-10-05T23:34:52,2026-10-05T23:34:52,2026-10-05T23:34:52
6182,合晶,2024-10-15,29.95,0.09999999999999787,0.34%,,,,,,,,,ShowDailyK_ChartFlow,FinMind_API_TaiwanStockPrice_6182,True,2026-10-05T23:34:52,2026-10-05T23:34:52,2026-10-05T23:34:52
6182,合晶,2024-10-16,29.7,-0.25,-0.83%,,,,,,,,,ShowDailyK_ChartFlow,FinMind_API_TaiwanStockPrice_6182,True,2026-10-05T23:34:52,2026-10-05T23:34:52,2026-10-05T23:34:52
6182,合晶,2024-10-17,30.05,0.3500000000000014,1.18%,,,,,,,,,ShowDailyK_ChartFlow,FinMind_API_TaiwanStockPrice_6182,True,2026-10-05T23:34:52,2026-10-05T23:34:52,2026-10-05T23:34:52
6182,合晶,2024-10-18,29.9,-0.15000000000000213,-0.50%,,,,,,,,,ShowDailyK_ChartFlow,FinMind_API_TaiwanStockPrice_6182,True,2026-10-05T23:34:52,2026-10-05T23:34:52,2026-10-05T23:34:52
6182,合晶,2024-10-21,30.6,0.7000000000000028,2.34%,,,,,,,,,ShowDailyK_ChartFlow,FinMind_API_TaiwanStockPrice_6182,True,2026-10-05T23:34:52,2026-10-05T23:34:52,2026-10-05T23:34:52
6182,合晶,2024-10-22,30.75,0.14999999999999858,0.49%,,,,,,,,,ShowDailyK_ChartFlow,FinMind_API_TaiwanStockPrice_6182,True,2026-10-05T23:34:52,2026-10-05T23:34:52,2026-10-05T23:34:52
6182,合晶,2024-10-23,30.45,-0.3000000000000007,-0.98%,,,,,,,,,ShowDailyK_ChartFlow,FinMind_API_TaiwanStockPrice_6182,True,2026-10-05T23:34:52,2026-10-05T23:34:52,2026-10-05T23:34:52
6182,合晶,2024-10-24,30.15,-0.3000000000000007,-0.99%,,,,,,,,,ShowDailyK_ChartFlow,FinMind_API_TaiwanStockPrice_6182,True,2026-10-05T23:34:52,2026-10-05T23:34:52,2026-10-05T23:34:52
6182,合晶,2024-10-25,30.65,0.5,1.66%,,,,,,,,,ShowDailyK_ChartFlow,FinMind_API_TaiwanStockPrice_6182,True,2026-10-05T23:34:52,2026-10-05T23:34:52,2026-10-05T23:34:52
6182,合晶,2024-10-28,30.05,-0.5999999999999979,-1.96%,,,,,,,,,ShowDailyK_ChartFlow,FinMind_API_TaiwanStockPrice_6182,True,2026-10-05T23:34:52,2026-10-05T23:34:52,2026-10-05T23:34:52
6182,合晶,2024-10-29,29.9,-0.15000000000000213,-0.50%,,,,,,,,,ShowDailyK_ChartFlow,FinMind_API_TaiwanStockPrice_6182,True,2026-10-05T23:34:52,2026-10-05T23:34:52,2026-10-05T23:34:52
6182,合晶,2024-10-30,29.15,-0.75,-2.51%,,,,,,,,,ShowDailyK_ChartFlow,FinMind_API_TaiwanStockPrice_6182,True,2026-10-05T23:34:52,2026-10-05T23:34:52,2026-10-05T23:34:52
6182,合晶,2024-11-01,30.1,0.9500000000000028,3.26%,,,,,,,,,ShowDailyK_ChartFlow,FinMind_API_TaiwanStockPrice_6182,True,2026-10-05T23:34:52,2026-10-05T23:34:52,2026-10-05T23:34:52
6182,合晶,2024-11-04,30.1,0.0,0.00%,,,,,,,,,ShowDailyK_ChartFlow,FinMind_API_TaiwanStockPrice_6182,True,2026-10-05T23:34:52,2026-10-05T23:34:52,2026-10-05T23:34:52
6182,合晶,2024-11-05,30.2,0.09999999999999787,0.33%,,,,,,,,,ShowDailyK_ChartFlow,FinMind_API_TaiwanStockPrice_6182,True,2026-10-05T23:34:52,2026-10-05T23:34:52,2026-10-05T23:34:52
6182,合晶,2024-11-06,29.8,-0.3999999999999986,-1.32%,,,,,,,,,ShowDailyK_ChartFlow,FinMind_API_TaiwanStockPrice_6182,True,2026-10-05T23:34:52,2026-10-05T23:34:52,2026-10-05T23:34:52
6182,合晶,2024-11-07,31.35,1.5500000000000007,5.20%,,,,,,,,,ShowDailyK_ChartFlow,FinMind_API_TaiwanStockPrice_6182,True,2026-10-05T23:34:52,2026-10-05T23:34:52,2026-10-05T23:34:52
6182,合晶,2024-11-08,31.95,0.5999999999999979,1.91%,,,,,,,,,ShowDailyK_ChartFlow,FinMind_API_TaiwanStockPrice_6182,True,2026-10-05T23:34:52,2026-10-05T23:34:52,2026-10-05T23:34:52
6182,合晶,2024-11-11,32.1,0.15000000000000213,0.47%,,,,,,,,,ShowDailyK_ChartFlow,FinMind_API_TaiwanStockPrice_6182,True,2026-10-05T23:34:52,2026-10-05T23:34:52,2026-10-05T23:34:52
6182,合晶,2024-11-12,32.1,0.0,0.00%,,,,,,,,,ShowDailyK_ChartFlow,FinMind_API_TaiwanStockPrice_6182,True,2026-10-05T23:34:52,2026-10-05T23:34:52,2026-10-05T23:34:52
6182,合晶,2024-11-13,31.95,-0.15000000000000213,-0.47%,,,,,,,,,ShowDailyK_ChartFlow,FinMind_API_TaiwanStockPrice_6182,True,2026-10-05T23:34:52,2026-10-05T23:34:52,2026-10-05T23:34:52
6182,合晶,2024-11-14,30.5,-1.4499999999999993,-4.54%,,,,,,,,,ShowDailyK_ChartFlow,FinMind_API_TaiwanStockPrice_6182,True,2026-10-05T23:34:52,2026-10-05T23:34:52,2026-10-05T23:34:52
6182,合晶,2024-11-15,29.95,-0.5500000000000007,-1.80%,,,,,,,,,ShowDailyK_ChartFlow,FinMind_API_TaiwanStockPrice_6182,True,2026-10-05T23:34:52,2026-10-05T23:34:52,2026-10-05T23:34:52
6182,合晶,2024-11-18,30.0,0.05000000000000071,0.17%,,,,,,,,,ShowDailyK_ChartFlow,FinMind_API_TaiwanStockPrice_6182,True,2026-10-05T23:34:52,2026-10-05T23:34:52,2026-10-05T23:34:52
6182,合晶,2024-11-19,30.25,0.25,0.83%,,,,,,,,,ShowDailyK_ChartFlow,FinMind_API_TaiwanStockPrice_6182,True,2026-10-05T23:34:52,2026-10-05T23:34:52,2026-10-05T23:34:52
6182,合晶,2024-11-20,29.4,-0.8500000000000014,-2.81%,,,,,,,,,ShowDailyK_ChartFlow,FinMind_API_TaiwanStockPrice_6182,True,2026-10-05T23:34:52,2026-10-05T23:34:52,2026-10-05T23:34:52
6182,合晶,2024-11-21,29.9,0.5,1.70%,,,,,,,,,ShowDailyK_ChartFlow,FinMind_API_TaiwanStockPrice_6182,True,2026-10-05T23:34:52,2026-10-05T23:34:52,2026-10-05T23:34:52
6182,合晶,2024-11-22,29.9,0.0,0.00%,,,,,,,,,ShowDailyK_ChartFlow,FinMind_API_TaiwanStockPrice_6182,True,2026-10-05T23:34:52,2026-10-05T23:34:52,2026-10-05T23:34:52
6182,合晶,2024-11-25,30.7,0.8000000000000007,2.68%,,,,,,,,,ShowDailyK_ChartFlow,FinMind_API_TaiwanStockPrice_6182,True,2026-10-05T23:34:52,2026-10-05T23:34:52,2026-10-05T23:34:52
6182,合晶,2024-11-26,30.45,-0.25,-0.81%,,,,,,,,,ShowDailyK_ChartFlow,FinMind_API_TaiwanStockPrice_6182,True,2026-10-05T23:34:52,2026-10-05T23:34:52,2026-10-05T23:34:52
6182,合晶,2024-11-27,30.0,-0.4499999999999993,-1.48%,,,,,,,,,ShowDailyK_ChartFlow,FinMind_API_TaiwanStockPrice_6182,True,2026-10-05T23:34:52,2026-10-05T23:34:52,2026-10-05T23:34:52
6182,合晶,2024-11-28,29.3,-0.6999999999999993,-2.33%,,,,,,,,,ShowDailyK_ChartFlow,FinMind_API_TaiwanStockPrice_6182,True,2026-10-05T23:34:52,2026-10-05T23:34:52,2026-10-05T23:34:52
6182,合晶,2024-11-29,29.25,-0.05000000000000071,-0.17%,,,,,,,,,ShowDailyK_ChartFlow,FinMind_API_TaiwanStockPrice_6182,True,2026-10-05T23:34:52,2026-10-05T23:34:52,2026-10-05T23:34:52
6182,合晶,2024-12-02,28.85,-0.3999999999999986,-1.37%,,,,,,,,,ShowDailyK_ChartFlow,FinMind_API_TaiwanStockPrice_6182,True,2026-10-05T23:34:52,2026-10-05T23:34:52,2026-10-05T23:34:52
6182,合晶,2024-12-03,29.25,0.3999999999999986,1.39%,,,,,,,,,ShowDailyK_ChartFlow,FinMind_API_TaiwanStockPrice_6182,True,2026-10-05T23:34:52,2026-10-05T23:34:52,2026-10-05T23:34:52
6182,合晶,2024-12-04,29.8,0.5500000000000007,1.88%,,,,,,,,,ShowDailyK_ChartFlow,FinMind_API_TaiwanStockPrice_6182,True,2026-10-05T23:34:52,2026-10-05T23:34:52,2026-10-05T23:34:52
6182,合晶,2024-12-05,29.65,-0.15000000000000213,-0.50%,,,,,,,,,ShowDailyK_ChartFlow,FinMind_API_TaiwanStockPrice_6182,True,2026-10-05T23:34:52,2026-10-05T23:34:52,2026-10-05T23:34:52
6182,合晶,2024-12-06,29.6,-0.04999999999999716,-0.17%,,,,,,,,,ShowDailyK_ChartFlow,FinMind_API_TaiwanStockPrice_6182,True,2026-10-05T23:34:52,2026-10-05T23:34:52,2026-10-05T23:34:52
6182,合晶,2024-12-09,29.05,-0.5500000000000007,-1.86%,,,,,,,,,ShowDailyK_ChartFlow,FinMind_API_TaiwanStockPrice_6182,True,2026-10-05T23:34:52,2026-10-05T23:34:52,2026-10-05T23:34:52
6182,合晶,2024-12-10,28.9,-0.15000000000000213,-0.52%,,,,,,,,,ShowDailyK_ChartFlow,FinMind_API_TaiwanStockPrice_6182,True,2026-10-05T23:34:52,2026-10-05T23:34:52,2026-10-05T23:34:52
6182,合晶,2024-12-11,28.45,-0.4499999999999993,-1.56%,,,,,,,,,ShowDailyK_ChartFlow,FinMind_API_TaiwanStockPrice_6182,True,2026-10-05T23:34:52,2026-10-05T23:34:52,2026-10-05T23:34:52
6182,合晶,2024-12-12,28.2,-0.25,-0.88%,,,,,,,,,ShowDailyK_ChartFlow,FinMind_API_TaiwanStockPrice_6182,True,2026-10-05T23:34:52,2026-10-05T23:34:52,2026-10-05T23:34:52
6182,合晶,2024-12-13,26.85,-1.3499999999999979,-4.79%,,,,,,,,,ShowDailyK_ChartFlow,FinMind_API_TaiwanStockPrice_6182,True,2026-10-05T23:34:52,2026-10-05T23:34:52,2026-10-05T23:34:52
6182,合晶,2024-12-16,25.8,-1.0500000000000007,-3.91%,,,,,,,,,ShowDailyK_ChartFlow,FinMind_API_TaiwanStockPrice_6182,True,2026-10-05T23:34:52,2026-10-05T23:34:52,2026-10-05T23:34:52
6182,合晶,2024-12-17,26.7,0.8999999999999986,3.49%,,,,,,,,,ShowDailyK_ChartFlow,FinMind_API_TaiwanStockPrice_6182,True,2026-10-05T23:34:52,2026-10-05T23:34:52,2026-10-05T23:34:52
6182,合晶,2024-12-18,27.1,0.40000000000000213,1.50%,,,,,,,,,ShowDailyK_ChartFlow,FinMind_API_TaiwanStockPrice_6182,True,2026-10-05T23:34:52,2026-10-05T23:34:52,2026-10-05T23:34:52
6182,合晶,2024-12-19,26.55,-0.5500000000000007,-2.03%,,,,,,,,,ShowDailyK_ChartFlow,FinMind_API_TaiwanStockPrice_6182,True,2026-10-05T23:34:52,2026-10-05T23:34:52,2026-10-05T23:34:52
6182,合晶,2024-12-20,26.1,-0.4499999999999993,-1.69%,,,,,,,,,ShowDailyK_ChartFlow,FinMind_API_TaiwanStockPrice_6182,True,2026-10-05T23:34:52,2026-10-05T23:34:52,2026-10-05T23:34:52
6182,合晶,2024-12-23,26.5,0.3999999999999986,1.53%,,,,,,,,,ShowDailyK_ChartFlow,FinMind_API_TaiwanStockPrice_6182,True,2026-10-05T23:34:52,2026-10-05T23:34:52,2026-10-05T23:34:52
6182,合晶,2024-12-24,29.15,2.6499999999999986,10.00%,,,,,,,,,ShowDailyK_ChartFlow,FinMind_API_TaiwanStockPrice_6182,True,2026-10-05T23:34:52,2026-10-05T23:34:52,2026-10-05T23:34:52
6182,合晶,2024-12-25,28.85,-0.29999999999999716,-1.03%,,,,,,,,,ShowDailyK_ChartFlow,FinMind_API_TaiwanStockPrice_6182,True,2026-10-05T23:34:52,2026-10-05T23:34:52,2026-10-05T23:34:52
6182,合晶,2024-12-26,28.25,-0.6000000000000014,-2.08%,,,,,,,,,ShowDailyK_ChartFlow,FinMind_API_TaiwanStockPrice_6182,True,2026-10-05T23:34:52,2026-10-05T23:34:52,2026-10-05T23:34:52
6182,合晶,2024-12-27,28.4,0.14999999999999858,0.53%,,,,,,,,,ShowDailyK_ChartFlow,FinMind_API_TaiwanStockPrice_6182,True,2026-10-05T23:34:52,2026-10-05T23:34:52,2026-10-05T23:34:52
6182,合晶,2024-12-30,27.25,-1.1499999999999986,-4.05%,,,,,,,,,ShowDailyK_ChartFlow,FinMind_API_TaiwanStockPrice_6182,True,2026-10-05T23:34:52,2026-10-05T23:34:52,2026-10-05T23:34:52
6182,合晶,2024-12-31,27.1,-0.14999999999999858,-0.55%,,,,,,,,,ShowDailyK_ChartFlow,FinMind_API_TaiwanStockPrice_6182,True,2026-10-05T23:34:52,2026-10-05T23:34:52,2026-10-05T23:34:52
6182,合晶,2025-01-02,26.9,-0.20000000000000284,-0.74%,,,,,,,,,ShowDailyK_ChartFlow,FinMind_API_TaiwanStockPrice_6182,True,2026-10-05T23:34:52,2026-10-05T23:34:52,2026-10-05T23:34:52
6182,合晶,2025-01-03,26.55,-0.34999999999999787,-1.30%,,,,,,,,,ShowDailyK_ChartFlow,FinMind_API_TaiwanStockPrice_6182,True,2026-10-05T23:34:52,2026-10-05T23:34:52,2026-10-05T23:34:52
6182,合晶,2025-01-06,26.8,0.25,0.94%,,,,,,,,,ShowDailyK_ChartFlow,FinMind_API_TaiwanStockPrice_6182,True,2026-10-05T23:34:52,2026-10-05T23:34:52,2026-10-05T23:34:52
6182,合晶,2025-01-07,26.3,-0.5,-1.87%,,,,,,,,,ShowDailyK_ChartFlow,FinMind_API_TaiwanStockPrice_6182,True,2026-10-05T23:34:52,2026-10-05T23:34:52,2026-10-05T23:34:52
6182,合晶,2025-01-08,26.3,0.0,0.00%,,,,,,,,,ShowDailyK_ChartFlow,FinMind_API_TaiwanStockPrice_6182,True,2026-10-05T23:34:52,2026-10-05T23:34:52,2026-10-05T23:34:52
6182,合晶,2025-01-09,24.55,-1.75,-6.65%,,,,,,,,,ShowDailyK_ChartFlow,FinMind_API_TaiwanStockPrice_6182,True,2026-10-05T23:34:52,2026-10-05T23:34:52,2026-10-05T23:34:52
6182,合晶,2025-01-10,23.8,-0.75,-3.05%,,,,,,,,,ShowDailyK_ChartFlow,FinMind_API_TaiwanStockPrice_6182,True,2026-10-05T23:34:52,2026-10-05T23:34:52,2026-10-05T23:34:52
6182,合晶,2025-01-13,23.2,-0.6000000000000014,-2.52%,,,,,,,,,ShowDailyK_ChartFlow,FinMind_API_TaiwanStockPrice_6182,True,2026-10-05T23:34:52,2026-10-05T23:34:52,2026-10-05T23:34:52
6182,合晶,2025-01-14,23.75,0.5500000000000007,2.37%,,,,,,,,,ShowDailyK_ChartFlow,FinMind_API_TaiwanStockPrice_6182,True,2026-10-05T23:34:52,2026-10-05T23:34:52,2026-10-05T23:34:52
6182,合晶,2025-01-15,23.5,-0.25,-1.05%,,,,,,,,,ShowDailyK_ChartFlow,FinMind_API_TaiwanStockPrice_6182,True,2026-10-05T23:34:52,2026-10-05T23:34:52,2026-10-05T23:34:52
6182,合晶,2025-01-16,24.1,0.6000000000000014,2.55%,,,,,,,,,ShowDailyK_ChartFlow,FinMind_API_TaiwanStockPrice_6182,True,2026-10-05T23:34:52,2026-10-05T23:34:52,2026-10-05T23:34:52
6182,合晶,2025-01-17,23.9,-0.20000000000000284,-0.83%,,,,,,,,,ShowDailyK_ChartFlow,FinMind_API_TaiwanStockPrice_6182,True,2026-10-05T23:34:52,2026-10-05T23:34:52,2026-10-05T23:34:52
6182,合晶,2025-01-20,24.6,0.7000000000000028,2.93%,,,,,,,,,ShowDailyK_ChartFlow,FinMind_API_TaiwanStockPrice_6182,True,2026-10-05T23:34:52,2026-10-05T23:34:52,2026-10-05T23:34:52
6182,合晶,2025-01-21,24.4,-0.20000000000000284,-0.81%,,,,,,,,,ShowDailyK_ChartFlow,FinMind_API_TaiwanStockPrice_6182,True,2026-10-05T23:34:52,2026-10-05T23:34:52,2026-10-05T23:34:52
6182,合晶,2025-01-22,24.65,0.25,1.02%,,,,,,,,,ShowDailyK_ChartFlow,FinMind_API_TaiwanStockPrice_6182,True,2026-10-05T23:34:52,2026-10-05T23:34:52,2026-10-05T23:34:52
6182,合晶,2025-02-03,23.65,-1.0,-4.06%,,,,,,,,,ShowDailyK_ChartFlow,FinMind_API_TaiwanStockPrice_6182,True,2026-10-05T23:34:52,2026-10-05T23:34:52,2026-10-05T23:34:52
6182,合晶,2025-02-04,23.25,-0.3999999999999986,-1.69%,,,,,,,,,ShowDailyK_ChartFlow,FinMind_API_TaiwanStockPrice_6182,True,2026-10-05T23:34:52,2026-10-05T23:34:52,2026-10-05T23:34:52
6182,合晶,2025-02-05,23.4,0.14999999999999858,0.65%,,,,,,,,,ShowDailyK_ChartFlow,FinMind_API_TaiwanStockPrice_6182,True,2026-10-05T23:34:52,2026-10-05T23:34:52,2026-10-05T23:34:52
6182,合晶,2025-02-06,24.05,0.6500000000000021,2.78%,,,,,,,,,ShowDailyK_ChartFlow,FinMind_API_TaiwanStockPrice_6182,True,2026-10-05T23:34:52,2026-10-05T23:34:52,2026-10-05T23:34:52
6182,合晶,2025-02-07,24.2,0.14999999999999858,0.62%,,,,,,,,,ShowDailyK_ChartFlow,FinMind_API_TaiwanStockPrice_6182,True,2026-10-05T23:34:52,2026-10-05T23:34:52,2026-10-05T23:34:52
6182,合晶,2025-02-10,24.0,-0.1999999999999993,-0.83%,,,,,,,,,ShowDailyK_ChartFlow,FinMind_API_TaiwanStockPrice_6182,True,2026-10-05T23:34:52,2026-10-05T23:34:52,2026-10-05T23:34:52
6182,合晶,2025-02-11,24.35,0.3500000000000014,1.46%,,,,,,,,,ShowDailyK_ChartFlow,FinMind_API_TaiwanStockPrice_6182,True,2026-10-05T23:34:52,2026-10-05T23:34:52,2026-10-05T23:34:52
6182,合晶,2025-02-12,23.9,-0.45000000000000284,-1.85%,,,,,,,,,ShowDailyK_ChartFlow,FinMind_API_TaiwanStockPrice_6182,True,2026-10-05T23:34:52,2026-10-05T23:34:52,2026-10-05T23:34:52
6182,合晶,2025-02-13,25.2,1.3000000000000007,5.44%,,,,,,,,,ShowDailyK_ChartFlow,FinMind_API_TaiwanStockPrice_6182,True,2026-10-05T23:34:52,2026-10-05T23:34:52,2026-10-05T23:34:52
6182,合晶,2025-02-14,25.5,0.3000000000000007,1.19%,,,,,,,,,ShowDailyK_ChartFlow,FinMind_API_TaiwanStockPrice_6182,True,2026-10-05T23:34:52,2026-10-05T23:34:52,2026-10-05T23:34:52
6182,合晶,2025-02-17,25.45,-0.05000000000000071,-0.20%,,,,,,,,,ShowDailyK_ChartFlow,FinMind_API_TaiwanStockPrice_6182,True,2026-10-05T23:34:52,2026-10-05T23:34:52,2026-10-05T23:34:52
6182,合晶,2025-02-18,25.4,-0.05000000000000071,-0.20%,,,,,,,,,ShowDailyK_ChartFlow,FinMind_API_TaiwanStockPrice_6182,True,2026-10-05T23:34:52,2026-10-05T23:34:52,2026-10-05T23:34:52
6182,合晶,2025-02-19,26.0,0.6000000000000014,2.36%,,,,,,,,,ShowDailyK_ChartFlow,FinMind_API_TaiwanStockPrice_6182,True,2026-10-05T23:34:52,2026-10-05T23:34:52,2026-10-05T23:34:52
6182,合晶,2025-02-20,26.5,0.5,1.92%,,,,,,,,,ShowDailyK_ChartFlow,FinMind_API_TaiwanStockPrice_6182,True,2026-10-05T23:34:52,2026-10-05T23:34:52,2026-10-05T23:34:52
6182,合晶,2025-02-21,26.55,0.05000000000000071,0.19%,,,,,,,,,ShowDailyK_ChartFlow,FinMind_API_TaiwanStockPrice_6182,True,2026-10-05T23:34:52,2026-10-05T23:34:52,2026-10-05T23:34:52
6182,合晶,2025-02-24,26.25,-0.3000000000000007,-1.13%,,,,,,,,,ShowDailyK_ChartFlow,FinMind_API_TaiwanStockPrice_6182,True,2026-10-05T23:34:52,2026-10-05T23:34:52,2026-10-05T23:34:52
6182,合晶,2025-02-25,26.7,0.4499999999999993,1.71%,,,,,,,,,ShowDailyK_ChartFlow,FinMind_API_TaiwanStockPrice_6182,True,2026-10-05T23:34:52,2026-10-05T23:34:52,2026-10-05T23:34:52
6182,合晶,2025-02-26,26.35,-0.34999999999999787,-1.31%,,,,,,,,,ShowDailyK_ChartFlow,FinMind_API_TaiwanStockPrice_6182,True,2026-10-05T23:34:52,2026-10-05T23:34:52,2026-10-05T23:34:52
6182,合晶,2025-02-27,25.55,-0.8000000000000007,-3.04%,,,,,,,,,ShowDailyK_ChartFlow,FinMind_API_TaiwanStockPrice_6182,True,2026-10-05T23:34:52,2026-10-05T23:34:52,2026-10-05T23:34:52
6182,合晶,2025-03-03,25.0,-0.5500000000000007,-2.15%,,,,,,,,,ShowDailyK_ChartFlow,FinMind_API_TaiwanStockPrice_6182,True,2026-10-05T23:34:52,2026-10-05T23:34:52,2026-10-05T23:34:52
6182,合晶,2025-03-04,25.8,0.8000000000000007,3.20%,,,,,,,,,ShowDailyK_ChartFlow,FinMind_API_TaiwanStockPrice_6182,True,2026-10-05T23:34:52,2026-10-05T23:34:52,2026-10-05T23:34:52
6182,合晶,2025-03-05,26.9,1.0999999999999979,4.26%,,,,,,,,,ShowDailyK_ChartFlow,FinMind_API_TaiwanStockPrice_6182,True,2026-10-05T23:34:52,2026-10-05T23:34:52,2026-10-05T23:34:52
6182,合晶,2025-03-06,27.2,0.3000000000000007,1.12%,,,,,,,,,ShowDailyK_ChartFlow,FinMind_API_TaiwanStockPrice_6182,True,2026-10-05T23:34:52,2026-10-05T23:34:52,2026-10-05T23:34:52
6182,合晶,2025-03-07,26.65,-0.5500000000000007,-2.02%,,,,,,,,,ShowDailyK_ChartFlow,FinMind_API_TaiwanStockPrice_6182,True,2026-10-05T23:34:52,2026-10-05T23:34:52,2026-10-05T23:34:52
6182,合晶,2025-03-10,26.2,-0.4499999999999993,-1.69%,,,,,,,,,ShowDailyK_ChartFlow,FinMind_API_TaiwanStockPrice_6182,True,2026-10-05T23:34:52,2026-10-05T23:34:52,2026-10-05T23:34:52
6182,合晶,2025-03-11,25.7,-0.5,-1.91%,,,,,,,,,ShowDailyK_ChartFlow,FinMind_API_TaiwanStockPrice_6182,True,2026-10-05T23:34:52,2026-10-05T23:34:52,2026-10-05T23:34:52
6182,合晶,2025-03-12,25.7,0.0,0.00%,,,,,,,,,ShowDailyK_ChartFlow,FinMind_API_TaiwanStockPrice_6182,True,2026-10-05T23:34:52,2026-10-05T23:34:52,2026-10-05T23:34:52
6182,合晶,2025-03-13,25.05,-0.6499999999999986,-2.53%,,,,,,,,,ShowDailyK_ChartFlow,FinMind_API_TaiwanStockPrice_6182,True,2026-10-05T23:34:52,2026-10-05T23:34:52,2026-10-05T23:34:52
6182,合晶,2025-03-14,25.35,0.3000000000000007,1.20%,,,,,,,,,ShowDailyK_ChartFlow,FinMind_API_TaiwanStockPrice_6182,True,2026-10-05T23:34:52,2026-10-05T23:34:52,2026-10-05T23:34:52
6182,合晶,2025-03-17,24.9,-0.45000000000000284,-1.78%,,,,,,,,,ShowDailyK_ChartFlow,FinMind_API_TaiwanStockPrice_6182,True,2026-10-05T23:34:52,2026-10-05T23:34:52,2026-10-05T23:34:52
6182,合晶,2025-03-18,24.85,-0.04999999999999716,-0.20%,,,,,,,,,ShowDailyK_ChartFlow,FinMind_API_TaiwanStockPrice_6182,True,2026-10-05T23:34:52,2026-10-05T23:34:52,2026-10-05T23:34:52
6182,合晶,2025-03-19,24.65,-0.20000000000000284,-0.80%,,,,,,,,,ShowDailyK_ChartFlow,FinMind_API_TaiwanStockPrice_6182,True,2026-10-05T23:34:52,2026-10-05T23:34:52,2026-10-05T23:34:52
6182,合晶,2025-03-20,25.0,0.3500000000000014,1.42%,,,,,,,,,ShowDailyK_ChartFlow,FinMind_API_TaiwanStockPrice_6182,True,2026-10-05T23:34:52,2026-10-05T23:34:52,2026-10-05T23:34:52
6182,合晶,2025-03-21,24.8,-0.1999999999999993,-0.80%,,,,,,,,,ShowDailyK_ChartFlow,FinMind_API_TaiwanStockPrice_6182,True,2026-10-05T23:34:52,2026-10-05T23:34:52,2026-10-05T23:34:52
6182,合晶,2025-03-24,24.2,-0.6000000000000014,-2.42%,,,,,,,,,ShowDailyK_ChartFlow,FinMind_API_TaiwanStockPrice_6182,True,2026-10-05T23:34:52,2026-10-05T23:34:52,2026-10-05T23:34:52
6182,合晶,2025-03-25,23.85,-0.34999999999999787,-1.45%,,,,,,,,,ShowDailyK_ChartFlow,FinMind_API_TaiwanStockPrice_6182,True,2026-10-05T23:34:52,2026-10-05T23:34:52,2026-10-05T23:34:52
6182,合晶,2025-03-26,23.9,0.04999999999999716,0.21%,,,,,,,,,ShowDailyK_ChartFlow,FinMind_API_TaiwanStockPrice_6182,True,2026-10-05T23:34:52,2026-10-05T23:34:52,2026-10-05T23:34:52
6182,合晶,2025-03-27,23.6,-0.29999999999999716,-1.26%,,,,,,,,,ShowDailyK_ChartFlow,FinMind_API_TaiwanStockPrice_6182,True,2026-10-05T23:34:52,2026-10-05T23:34:52,2026-10-05T23:34:52
6182,合晶,2025-03-28,23.1,-0.5,-2.12%,,,,,,,,,ShowDailyK_ChartFlow,FinMind_API_TaiwanStockPrice_6182,True,2026-10-05T23:34:52,2026-10-05T23:34:52,2026-10-05T23:34:52
6182,合晶,2025-03-31,21.15,-1.9500000000000028,-8.44%,,,,,,,,,ShowDailyK_ChartFlow,FinMind_API_TaiwanStockPrice_6182,True,2026-10-05T23:34:52,2026-10-05T23:34:52,2026-10-05T23:34:52
6182,合晶,2025-04-01,21.55,0.40000000000000213,1.89%,,,,,,,,,ShowDailyK_ChartFlow,FinMind_API_TaiwanStockPrice_6182,True,2026-10-05T23:34:52,2026-10-05T23:34:52,2026-10-05T23:34:52
6182,合晶,2025-04-02,21.7,0.14999999999999858,0.70%,,,,,,,,,ShowDailyK_ChartFlow,FinMind_API_TaiwanStockPrice_6182,True,2026-10-05T23:34:52,2026-10-05T23:34:52,2026-10-05T23:34:52
6182,合晶,2025-04-07,19.55,-2.1499999999999986,-9.91%,,,,,,,,,ShowDailyK_ChartFlow,FinMind_API_TaiwanStockPrice_6182,True,2026-10-05T23:34:52,2026-10-05T23:34:52,2026-10-05T23:34:52
6182,合晶,2025-04-08,17.6,-1.9499999999999993,-9.97%,,,,,,,,,ShowDailyK_ChartFlow,FinMind_API_TaiwanStockPrice_6182,True,2026-10-05T23:34:52,2026-10-05T23:34:52,2026-10-05T23:34:52
6182,合晶,2025-04-09,15.85,-1.7500000000000018,-9.94%,,,,,,,,,ShowDailyK_ChartFlow,FinMind_API_TaiwanStockPrice_6182,True,2026-10-05T23:34:52,2026-10-05T23:34:52,2026-10-05T23:34:52
6182,合晶,2025-04-10,17.4,1.549999999999999,9.78%,,,,,,,,,ShowDailyK_ChartFlow,FinMind_API_TaiwanStockPrice_6182,True,2026-10-05T23:34:52,2026-10-05T23:34:52,2026-10-05T23:34:52
6182,合晶,2025-04-11,18.45,1.0500000000000007,6.03%,,,,,,,,,ShowDailyK_ChartFlow,FinMind_API_TaiwanStockPrice_6182,True,2026-10-05T23:34:52,2026-10-05T23:34:52,2026-10-05T23:34:52
6182,合晶,2025-04-14,19.3,0.8500000000000014,4.61%,,,,,,,,,ShowDailyK_ChartFlow,FinMind_API_TaiwanStockPrice_6182,True,2026-10-05T23:34:52,2026-10-05T23:34:52,2026-10-05T23:34:52
6182,合晶,2025-04-15,19.8,0.5,2.59%,,,,,,,,,ShowDailyK_ChartFlow,FinMind_API_TaiwanStockPrice_6182,True,2026-10-05T23:34:52,2026-10-05T23:34:52,2026-10-05T23:34:52
6182,合晶,2025-04-16,19.55,-0.25,-1.26%,,,,,,,,,ShowDailyK_ChartFlow,FinMind_API_TaiwanStockPrice_6182,True,2026-10-05T23:34:52,2026-10-05T23:34:52,2026-10-05T23:34:52
6182,合晶,2025-04-17,19.9,0.34999999999999787,1.79%,,,,,,,,,ShowDailyK_ChartFlow,FinMind_API_TaiwanStockPrice_6182,True,2026-10-05T23:34:52,2026-10-05T23:34:52,2026-10-05T23:34:52
6182,合晶,2025-04-18,19.6,-0.29999999999999716,-1.51%,,,,,,,,,ShowDailyK_ChartFlow,FinMind_API_TaiwanStockPrice_6182,True,2026-10-05T23:34:52,2026-10-05T23:34:52,2026-10-05T23:34:52
6182,合晶,2025-04-21,19.05,-0.5500000000000007,-2.81%,,,,,,,,,ShowDailyK_ChartFlow,FinMind_API_TaiwanStockPrice_6182,True,2026-10-05T23:34:52,2026-10-05T23:34:52,2026-10-05T23:34:52
6182,合晶,2025-04-22,19.1,0.05000000000000071,0.26%,,,,,,,,,ShowDailyK_ChartFlow,FinMind_API_TaiwanStockPrice_6182,True,2026-10-05T23:34:52,2026-10-05T23:34:52,2026-10-05T23:34:52
6182,合晶,2025-04-23,19.6,0.5,2.62%,,,,,,,,,ShowDailyK_ChartFlow,FinMind_API_TaiwanStockPrice_6182,True,2026-10-05T23:34:52,2026-10-05T23:34:52,2026-10-05T23:34:52
6182,合晶,2025-04-24,19.6,0.0,0.00%,,,,,,,,,ShowDailyK_ChartFlow,FinMind_API_TaiwanStockPrice_6182,True,2026-10-05T23:34:52,2026-10-05T23:34:52,2026-10-05T23:34:52
6182,合晶,2025-04-25,20.25,0.6499999999999986,3.32%,,,,,,,,,ShowDailyK_ChartFlow,FinMind_API_TaiwanStockPrice_6182,True,2026-10-05T23:34:52,2026-10-05T23:34:52,2026-10-05T23:34:52
6182,合晶,2025-04-28,20.35,0.10000000000000142,0.49%,,,,,,,,,ShowDailyK_ChartFlow,FinMind_API_TaiwanStockPrice_6182,True,2026-10-05T23:34:52,2026-10-05T23:34:52,2026-10-05T23:34:52
6182,合晶,2025-04-29,20.8,0.4499999999999993,2.21%,,,,,,,,,ShowDailyK_ChartFlow,FinMind_API_TaiwanStockPrice_6182,True,2026-10-05T23:34:52,2026-10-05T23:34:52,2026-10-05T23:34:52
6182,合晶,2025-04-30,20.1,-0.6999999999999993,-3.37%,,,,,,,,,ShowDailyK_ChartFlow,FinMind_API_TaiwanStockPrice_6182,True,2026-10-05T23:34:52,2026-10-05T23:34:52,2026-10-05T23:34:52
6182,合晶,2025-05-02,20.25,0.14999999999999858,0.75%,,,,,,,,,ShowDailyK_ChartFlow,FinMind_API_TaiwanStockPrice_6182,True,2026-10-05T23:34:52,2026-10-05T23:34:52,2026-10-05T23:34:52
6182,合晶,2025-05-05,19.9,-0.3500000000000014,-1.73%,,,,,,,,,ShowDailyK_ChartFlow,FinMind_API_TaiwanStockPrice_6182,True,2026-10-05T23:34:52,2026-10-05T23:34:52,2026-10-05T23:34:52
6182,合晶,2025-05-06,20.05,0.15000000000000213,0.75%,,,,,,,,,ShowDailyK_ChartFlow,FinMind_API_TaiwanStockPrice_6182,True,2026-10-05T23:34:52,2026-10-05T23:34:52,2026-10-05T23:34:52
6182,合晶,2025-05-07,19.75,-0.3000000000000007,-1.50%,,,,,,,,,ShowDailyK_ChartFlow,FinMind_API_TaiwanStockPrice_6182,True,2026-10-05T23:34:52,2026-10-05T23:34:52,2026-10-05T23:34:52
6182,合晶,2025-05-08,20.0,0.25,1.27%,,,,,,,,,ShowDailyK_ChartFlow,FinMind_API_TaiwanStockPrice_6182,True,2026-10-05T23:34:52,2026-10-05T23:34:52,2026-10-05T23:34:52
6182,合晶,2025-05-09,20.15,0.14999999999999858,0.75%,,,,,,,,,ShowDailyK_ChartFlow,FinMind_API_TaiwanStockPrice_6182,True,2026-10-05T23:34:52,2026-10-05T23:34:52,2026-10-05T23:34:52
6182,合晶,2025-05-12,20.65,0.5,2.48%,,,,,,,,,ShowDailyK_ChartFlow,FinMind_API_TaiwanStockPrice_6182,True,2026-10-05T23:34:52,2026-10-05T23:34:52,2026-10-05T23:34:52
6182,合晶,2025-05-13,20.8,0.15000000000000213,0.73%,,,,,,,,,ShowDailyK_ChartFlow,FinMind_API_TaiwanStockPrice_6182,True,2026-10-05T23:34:52,2026-10-05T23:34:52,2026-10-05T23:34:52
6182,合晶,2025-05-14,21.6,0.8000000000000007,3.85%,,,,,,,,,ShowDailyK_ChartFlow,FinMind_API_TaiwanStockPrice_6182,True,2026-10-05T23:34:52,2026-10-05T23:34:52,2026-10-05T23:34:52
6182,合晶,2025-05-15,21.9,0.29999999999999716,1.39%,,,,,,,,,ShowDailyK_ChartFlow,FinMind_API_TaiwanStockPrice_6182,True,2026-10-05T23:34:52,2026-10-05T23:34:52,2026-10-05T23:34:52
6182,合晶,2025-05-16,22.3,0.40000000000000213,1.83%,,,,,,,,,ShowDailyK_ChartFlow,FinMind_API_TaiwanStockPrice_6182,True,2026-10-05T23:34:52,2026-10-05T23:34:52,2026-10-05T23:34:52
6182,合晶,2025-05-19,22.1,-0.1999999999999993,-0.90%,,,,,,,,,ShowDailyK_ChartFlow,FinMind_API_TaiwanStockPrice_6182,True,2026-10-05T23:34:52,2026-10-05T23:34:52,2026-10-05T23:34:52
6182,合晶,2025-05-20,22.05,-0.05000000000000071,-0.23%,,,,,,,,,ShowDailyK_ChartFlow,FinMind_API_TaiwanStockPrice_6182,True,2026-10-05T23:34:52,2026-10-05T23:34:52,2026-10-05T23:34:52
6182,合晶,2025-05-21,24.15,2.099999999999998,9.52%,,,,,,,,,ShowDailyK_ChartFlow,FinMind_API_TaiwanStockPrice_6182,True,2026-10-05T23:34:52,2026-10-05T23:34:52,2026-10-05T23:34:52
6182,合晶,2025-05-22,23.85,-0.29999999999999716,-1.24%,,,,,,,,,ShowDailyK_ChartFlow,FinMind_API_TaiwanStockPrice_6182,True,2026-10-05T23:34:52,2026-10-05T23:34:52,2026-10-05T23:34:52
6182,合晶,2025-05-23,23.25,-0.6000000000000014,-2.52%,,,,,,,,,ShowDailyK_ChartFlow,FinMind_API_TaiwanStockPrice_6182,True,2026-10-05T23:34:52,2026-10-05T23:34:52,2026-10-05T23:34:52
6182,合晶,2025-05-26,22.45,-0.8000000000000007,-3.44%,,,,,,,,,ShowDailyK_ChartFlow,FinMind_API_TaiwanStockPrice_6182,True,2026-10-05T23:34:52,2026-10-05T23:34:52,2026-10-05T23:34:52
6182,合晶,2025-05-27,21.8,-0.6499999999999986,-2.90%,,,,,,,,,ShowDailyK_ChartFlow,FinMind_API_TaiwanStockPrice_6182,True,2026-10-05T23:34:52,2026-10-05T23:34:52,2026-10-05T23:34:52
6182,合晶,2025-05-28,21.65,-0.15000000000000213,-0.69%,,,,,,,,,ShowDailyK_ChartFlow,FinMind_API_TaiwanStockPrice_6182,True,2026-10-05T23:34:52,2026-10-05T23:34:52,2026-10-05T23:34:52
6182,合晶,2025-05-29,21.55,-0.09999999999999787,-0.46%,,,,,,,,,ShowDailyK_ChartFlow,FinMind_API_TaiwanStockPrice_6182,True,2026-10-05T23:34:52,2026-10-05T23:34:52,2026-10-05T23:34:52
6182,合晶,2025-06-02,20.4,-1.1500000000000021,-5.34%,,,,,,,,,ShowDailyK_ChartFlow,FinMind_API_TaiwanStockPrice_6182,True,2026-10-05T23:34:52,2026-10-05T23:34:52,2026-10-05T23:34:52
6182,合晶,2025-06-03,20.2,-0.1999999999999993,-0.98%,,,,,,,,,ShowDailyK_ChartFlow,FinMind_API_TaiwanStockPrice_6182,True,2026-10-05T23:34:52,2026-10-05T23:34:52,2026-10-05T23:34:52
6182,合晶,2025-06-04,20.6,0.40000000000000213,1.98%,,,,,,,,,ShowDailyK_ChartFlow,FinMind_API_TaiwanStockPrice_6182,True,2026-10-05T23:34:52,2026-10-05T23:34:52,2026-10-05T23:34:52
6182,合晶,2025-06-05,21.15,0.5499999999999972,2.67%,,,,,,,,,ShowDailyK_ChartFlow,FinMind_API_TaiwanStockPrice_6182,True,2026-10-05T23:34:52,2026-10-05T23:34:52,2026-10-05T23:34:52
6182,合晶,2025-06-06,20.95,-0.1999999999999993,-0.95%,,,,,,,,,ShowDailyK_ChartFlow,FinMind_API_TaiwanStockPrice_6182,True,2026-10-05T23:34:52,2026-10-05T23:34:52,2026-10-05T23:34:52
6182,合晶,2025-06-09,20.7,-0.25,-1.19%,,,,,,,,,ShowDailyK_ChartFlow,FinMind_API_TaiwanStockPrice_6182,True,2026-10-05T23:34:52,2026-10-05T23:34:52,2026-10-05T23:34:52
6182,合晶,2025-06-10,21.1,0.40000000000000213,1.93%,,,,,,,,,ShowDailyK_ChartFlow,FinMind_API_TaiwanStockPrice_6182,True,2026-10-05T23:34:52,2026-10-05T23:34:52,2026-10-05T23:34:52
6182,合晶,2025-06-11,21.8,0.6999999999999993,3.32%,,,,,,,,,ShowDailyK_ChartFlow,FinMind_API_TaiwanStockPrice_6182,True,2026-10-05T23:34:52,2026-10-05T23:34:52,2026-10-05T23:34:52
6182,合晶,2025-06-12,21.85,0.05000000000000071,0.23%,,,,,,,,,ShowDailyK_ChartFlow,FinMind_API_TaiwanStockPrice_6182,True,2026-10-05T23:34:52,2026-10-05T23:34:52,2026-10-05T23:34:52
6182,合晶,2025-06-13,21.0,-0.8500000000000014,-3.89%,,,,,,,,,ShowDailyK_ChartFlow,FinMind_API_TaiwanStockPrice_6182,True,2026-10-05T23:34:52,2026-10-05T23:34:52,2026-10-05T23:34:52
6182,合晶,2025-06-16,20.95,-0.05000000000000071,-0.24%,,,,,,,,,ShowDailyK_ChartFlow,FinMind_API_TaiwanStockPrice_6182,True,2026-10-05T23:34:52,2026-10-05T23:34:52,2026-10-05T23:34:52
6182,合晶,2025-06-17,21.1,0.15000000000000213,0.72%,,,,,,,,,ShowDailyK_ChartFlow,FinMind_API_TaiwanStockPrice_6182,True,2026-10-05T23:34:52,2026-10-05T23:34:52,2026-10-05T23:34:52
6182,合晶,2025-06-18,21.7,0.5999999999999979,2.84%,,,,,,,,,ShowDailyK_ChartFlow,FinMind_API_TaiwanStockPrice_6182,True,2026-10-05T23:34:52,2026-10-05T23:34:52,2026-10-05T23:34:52
6182,合晶,2025-06-19,21.1,-0.5999999999999979,-2.76%,,,,,,,,,ShowDailyK_ChartFlow,FinMind_API_TaiwanStockPrice_6182,True,2026-10-05T23:34:52,2026-10-05T23:34:52,2026-10-05T23:34:52
6182,合晶,2025-06-20,20.3,-0.8000000000000007,-3.79%,,,,,,,,,ShowDailyK_ChartFlow,FinMind_API_TaiwanStockPrice_6182,True,2026-10-05T23:34:52,2026-10-05T23:34:52,2026-10-05T23:34:52
6182,合晶,2025-06-23,20.55,0.25,1.23%,,,,,,,,,ShowDailyK_ChartFlow,FinMind_API_TaiwanStockPrice_6182,True,2026-10-05T23:34:52,2026-10-05T23:34:52,2026-10-05T23:34:52
6182,合晶,2025-06-24,21.3,0.75,3.65%,,,,,,,,,ShowDailyK_ChartFlow,FinMind_API_TaiwanStockPrice_6182,True,2026-10-05T23:34:52,2026-10-05T23:34:52,2026-10-05T23:34:52
6182,合晶,2025-06-25,21.6,0.3000000000000007,1.41%,,,,,,,,,ShowDailyK_ChartFlow,FinMind_API_TaiwanStockPrice_6182,True,2026-10-05T23:34:52,2026-10-05T23:34:52,2026-10-05T23:34:52
6182,合晶,2025-06-26,22.2,0.5999999999999979,2.78%,,,,,,,,,ShowDailyK_ChartFlow,FinMind_API_TaiwanStockPrice_6182,True,2026-10-05T23:34:52,2026-10-05T23:34:52,2026-10-05T23:34:52
6182,合晶,2025-06-27,21.95,-0.25,-1.13%,,,,,,,,,ShowDailyK_ChartFlow,FinMind_API_TaiwanStockPrice_6182,True,2026-10-05T23:34:52,2026-10-05T23:34:52,2026-10-05T23:34:52
6182,合晶,2025-06-30,21.6,-0.34999999999999787,-1.59%,,,,,,,,,ShowDailyK_ChartFlow,FinMind_API_TaiwanStockPrice_6182,True,2026-10-05T23:34:52,2026-10-05T23:34:52,2026-10-05T23:34:52
6182,合晶,2025-07-01,21.35,-0.25,-1.16%,,,,,,,,,ShowDailyK_ChartFlow,FinMind_API_TaiwanStockPrice_6182,True,2026-10-05T23:34:52,2026-10-05T23:34:52,2026-10-05T23:34:52
6182,合晶,2025-07-02,21.35,0.0,0.00%,,,,,,,,,ShowDailyK_ChartFlow,FinMind_API_TaiwanStockPrice_6182,True,2026-10-05T23:34:52,2026-10-05T23:34:52,2026-10-05T23:34:52
6182,合晶,2025-07-03,22.05,0.6999999999999993,3.28%,,,,,,,,,ShowDailyK_ChartFlow,FinMind_API_TaiwanStockPrice_6182,True,2026-10-05T23:34:52,2026-10-05T23:34:52,2026-10-05T23:34:52
6182,合晶,2025-07-04,21.3,-0.75,-3.40%,,,,,,,,,ShowDailyK_ChartFlow,FinMind_API_TaiwanStockPrice_6182,True,2026-10-05T23:34:52,2026-10-05T23:34:52,2026-10-05T23:34:52
6182,合晶,2025-07-07,20.6,-0.6999999999999993,-3.29%,,,,,,,,,ShowDailyK_ChartFlow,FinMind_API_TaiwanStockPrice_6182,True,2026-10-05T23:34:52,2026-10-05T23:34:52,2026-10-05T23:34:52
6182,合晶,2025-07-08,20.35,-0.25,-1.21%,,,,,,,,,ShowDailyK_ChartFlow,FinMind_API_TaiwanStockPrice_6182,True,2026-10-05T23:34:52,2026-10-05T23:34:52,2026-10-05T23:34:52
6182,合晶,2025-07-09,20.85,0.5,2.46%,,,,,,,,,ShowDailyK_ChartFlow,FinMind_API_TaiwanStockPrice_6182,True,2026-10-05T23:34:52,2026-10-05T23:34:52,2026-10-05T23:34:52
6182,合晶,2025-07-10,20.8,-0.05000000000000071,-0.24%,,,,,,,,,ShowDailyK_ChartFlow,FinMind_API_TaiwanStockPrice_6182,True,2026-10-05T23:34:52,2026-10-05T23:34:52,2026-10-05T23:34:52
6182,合晶,2025-07-11,20.85,0.05000000000000071,0.24%,,,,,,,,,ShowDailyK_ChartFlow,FinMind_API_TaiwanStockPrice_6182,True,2026-10-05T23:34:52,2026-10-05T23:34:52,2026-10-05T23:34:52
6182,合晶,2025-07-14,20.75,-0.10000000000000142,-0.48%,,,,,,,,,ShowDailyK_ChartFlow,FinMind_API_TaiwanStockPrice_6182,True,2026-10-05T23:34:52,2026-10-05T23:34:52,2026-10-05T23:34:52
6182,合晶,2025-07-15,20.9,0.14999999999999858,0.72%,,,,,,,,,ShowDailyK_ChartFlow,FinMind_API_TaiwanStockPrice_6182,True,2026-10-05T23:34:52,2026-10-05T23:34:52,2026-10-05T23:34:52
6182,合晶,2025-07-16,21.2,0.3000000000000007,1.44%,,,,,,,,,ShowDailyK_ChartFlow,FinMind_API_TaiwanStockPrice_6182,True,2026-10-05T23:34:52,2026-10-05T23:34:52,2026-10-05T23:34:52
6182,合晶,2025-07-17,23.3,2.1000000000000014,9.91%,,,,,,,,,ShowDailyK_ChartFlow,FinMind_API_TaiwanStockPrice_6182,True,2026-10-05T23:34:52,2026-10-05T23:34:52,2026-10-05T23:34:52
6182,合晶,2025-07-18,24.7,1.3999999999999986,6.01%,,,,,,,,,ShowDailyK_ChartFlow,FinMind_API_TaiwanStockPrice_6182,True,2026-10-05T23:34:52,2026-10-05T23:34:52,2026-10-05T23:34:52
6182,合晶,2025-07-21,23.3,-1.3999999999999986,-5.67%,,,,,,,,,ShowDailyK_ChartFlow,FinMind_API_TaiwanStockPrice_6182,True,2026-10-05T23:34:52,2026-10-05T23:34:52,2026-10-05T23:34:52
6182,合晶,2025-07-22,22.25,-1.0500000000000007,-4.51%,,,,,,,,,ShowDailyK_ChartFlow,FinMind_API_TaiwanStockPrice_6182,True,2026-10-05T23:34:52,2026-10-05T23:34:52,2026-10-05T23:34:52
6182,合晶,2025-07-23,22.9,0.6499999999999986,2.92%,,,,,,,,,ShowDailyK_ChartFlow,FinMind_API_TaiwanStockPrice_6182,True,2026-10-05T23:34:52,2026-10-05T23:34:52,2026-10-05T23:34:52
6182,合晶,2025-07-24,23.45,0.5500000000000007,2.40%,,,,,,,,,ShowDailyK_ChartFlow,FinMind_API_TaiwanStockPrice_6182,True,2026-10-05T23:34:52,2026-10-05T23:34:52,2026-10-05T23:34:52
6182,合晶,2025-07-25,23.0,-0.4499999999999993,-1.92%,,,,,,,,,ShowDailyK_ChartFlow,FinMind_API_TaiwanStockPrice_6182,True,2026-10-05T23:34:52,2026-10-05T23:34:52,2026-10-05T23:34:52
6182,合晶,2025-07-28,23.15,0.14999999999999858,0.65%,,,,,,,,,ShowDailyK_ChartFlow,FinMind_API_TaiwanStockPrice_6182,True,2026-10-05T23:34:52,2026-10-05T23:34:52,2026-10-05T23:34:52
6182,合晶,2025-07-29,22.95,-0.1999999999999993,-0.86%,,,,,,,,,ShowDailyK_ChartFlow,FinMind_API_TaiwanStockPrice_6182,True,2026-10-05T23:34:52,2026-10-05T23:34:52,2026-10-05T23:34:52
6182,合晶,2025-07-30,23.75,0.8000000000000007,3.49%,,,,,,,,,ShowDailyK_ChartFlow,FinMind_API_TaiwanStockPrice_6182,True,2026-10-05T23:34:52,2026-10-05T23:34:52,2026-10-05T23:34:52
6182,合晶,2025-07-31,23.15,-0.6000000000000014,-2.53%,,,,,,,,,ShowDailyK_ChartFlow,FinMind_API_TaiwanStockPrice_6182,True,2026-10-05T23:34:52,2026-10-05T23:34:52,2026-10-05T23:34:52
6182,合晶,2025-08-01,23.9,0.75,3.24%,,,,,,,,,ShowDailyK_ChartFlow,FinMind_API_TaiwanStockPrice_6182,True,2026-10-05T23:34:52,2026-10-05T23:34:52,2026-10-05T23:34:52
6182,合晶,2025-08-04,23.4,-0.5,-2.09%,,,,,,,,,ShowDailyK_ChartFlow,FinMind_API_TaiwanStockPrice_6182,True,2026-10-05T23:34:52,2026-10-05T23:34:52,2026-10-05T23:34:52
6182,合晶,2025-08-05,23.6,0.20000000000000284,0.85%,,,,,,,,,ShowDailyK_ChartFlow,FinMind_API_TaiwanStockPrice_6182,True,2026-10-05T23:34:52,2026-10-05T23:34:52,2026-10-05T23:34:52
6182,合晶,2025-08-06,23.4,-0.20000000000000284,-0.85%,,,,,,,,,ShowDailyK_ChartFlow,FinMind_API_TaiwanStockPrice_6182,True,2026-10-05T23:34:52,2026-10-05T23:34:52,2026-10-05T23:34:52
6182,合晶,2025-08-07,23.45,0.05000000000000071,0.21%,,,,,,,,,ShowDailyK_ChartFlow,FinMind_API_TaiwanStockPrice_6182,True,2026-10-05T23:34:52,2026-10-05T23:34:52,2026-10-05T23:34:52
6182,合晶,2025-08-08,23.0,-0.4499999999999993,-1.92%,,,,,,,,,ShowDailyK_ChartFlow,FinMind_API_TaiwanStockPrice_6182,True,2026-10-05T23:34:52,2026-10-05T23:34:52,2026-10-05T23:34:52
6182,合晶,2025-08-11,22.85,-0.14999999999999858,-0.65%,,,,,,,,,ShowDailyK_ChartFlow,FinMind_API_TaiwanStockPrice_6182,True,2026-10-05T23:34:52,2026-10-05T23:34:52,2026-10-05T23:34:52
6182,合晶,2025-08-12,23.3,0.4499999999999993,1.97%,,,,,,,,,ShowDailyK_ChartFlow,FinMind_API_TaiwanStockPrice_6182,True,2026-10-05T23:34:52,2026-10-05T23:34:52,2026-10-05T23:34:52
6182,合晶,2025-08-13,23.5,0.1999999999999993,0.86%,,,,,,,,,ShowDailyK_ChartFlow,FinMind_API_TaiwanStockPrice_6182,True,2026-10-05T23:34:52,2026-10-05T23:34:52,2026-10-05T23:34:52
6182,合晶,2025-08-14,24.35,0.8500000000000014,3.62%,,,,,,,,,ShowDailyK_ChartFlow,FinMind_API_TaiwanStockPrice_6182,True,2026-10-05T23:34:52,2026-10-05T23:34:52,2026-10-05T23:34:52
6182,合晶,2025-08-15,24.35,0.0,0.00%,,,,,,,,,ShowDailyK_ChartFlow,FinMind_API_TaiwanStockPrice_6182,True,2026-10-05T23:34:52,2026-10-05T23:34:52,2026-10-05T23:34:52
6182,合晶,2025-08-18,24.45,0.09999999999999787,0.41%,,,,,,,,,ShowDailyK_ChartFlow,FinMind_API_TaiwanStockPrice_6182,True,2026-10-05T23:34:52,2026-10-05T23:34:52,2026-10-05T23:34:52
6182,合晶,2025-08-19,24.35,-0.09999999999999787,-0.41%,,,,,,,,,ShowDailyK_ChartFlow,FinMind_API_TaiwanStockPrice_6182,True,2026-10-05T23:34:52,2026-10-05T23:34:52,2026-10-05T23:34:52
6182,合晶,2025-08-20,23.6,-0.75,-3.08%,,,,,,,,,ShowDailyK_ChartFlow,FinMind_API_TaiwanStockPrice_6182,True,2026-10-05T23:34:52,2026-10-05T23:34:52,2026-10-05T23:34:52
6182,合晶,2025-08-21,25.25,1.6499999999999986,6.99%,,,,,,,,,ShowDailyK_ChartFlow,FinMind_API_TaiwanStockPrice_6182,True,2026-10-05T23:34:52,2026-10-05T23:34:52,2026-10-05T23:34:52
6182,合晶,2025-08-22,24.6,-0.6499999999999986,-2.57%,,,,,,,,,ShowDailyK_ChartFlow,FinMind_API_TaiwanStockPrice_6182,True,2026-10-05T23:34:52,2026-10-05T23:34:52,2026-10-05T23:34:52
6182,合晶,2025-08-25,24.1,-0.5,-2.03%,,,,,,,,,ShowDailyK_ChartFlow,FinMind_API_TaiwanStockPrice_6182,True,2026-10-05T23:34:52,2026-10-05T23:34:52,2026-10-05T23:34:52
6182,合晶,2025-08-26,24.4,0.29999999999999716,1.24%,,,,,,,,,ShowDailyK_ChartFlow,FinMind_API_TaiwanStockPrice_6182,True,2026-10-05T23:34:52,2026-10-05T23:34:52,2026-10-05T23:34:52
6182,合晶,2025-08-27,24.55,0.15000000000000213,0.61%,,,,,,,,,ShowDailyK_ChartFlow,FinMind_API_TaiwanStockPrice_6182,True,2026-10-05T23:34:52,2026-10-05T23:34:52,2026-10-05T23:34:52
6182,合晶,2025-08-28,24.3,-0.25,-1.02%,,,,,,,,,ShowDailyK_ChartFlow,FinMind_API_TaiwanStockPrice_6182,True,2026-10-05T23:34:52,2026-10-05T23:34:52,2026-10-05T23:34:52
6182,合晶,2025-08-29,24.05,-0.25,-1.03%,,,,,,,,,ShowDailyK_ChartFlow,FinMind_API_TaiwanStockPrice_6182,True,2026-10-05T23:34:52,2026-10-05T23:34:52,2026-10-05T23:34:52
6182,合晶,2025-09-01,23.4,-0.6500000000000021,-2.70%,,,,,,,,,ShowDailyK_ChartFlow,FinMind_API_TaiwanStockPrice_6182,True,2026-10-05T23:34:52,2026-10-05T23:34:52,2026-10-05T23:34:52
6182,合晶,2025-09-02,23.2,-0.1999999999999993,-0.85%,,,,,,,,,ShowDailyK_ChartFlow,FinMind_API_TaiwanStockPrice_6182,True,2026-10-05T23:34:52,2026-10-05T23:34:52,2026-10-05T23:34:52
6182,合晶,2025-09-03,23.8,0.6000000000000014,2.59%,,,,,,,,,ShowDailyK_ChartFlow,FinMind_API_TaiwanStockPrice_6182,True,2026-10-05T23:34:52,2026-10-05T23:34:52,2026-10-05T23:34:52
6182,合晶,2025-09-04,24.75,0.9499999999999993,3.99%,,,,,,,,,ShowDailyK_ChartFlow,FinMind_API_TaiwanStockPrice_6182,True,2026-10-05T23:34:52,2026-10-05T23:34:52,2026-10-05T23:34:52
6182,合晶,2025-09-05,25.3,0.5500000000000007,2.22%,,,,,,,,,ShowDailyK_ChartFlow,FinMind_API_TaiwanStockPrice_6182,True,2026-10-05T23:34:52,2026-10-05T23:34:52,2026-10-05T23:34:52
6182,合晶,2025-09-08,26.15,0.8499999999999979,3.36%,,,,,,,,,ShowDailyK_ChartFlow,FinMind_API_TaiwanStockPrice_6182,True,2026-10-05T23:34:52,2026-10-05T23:34:52,2026-10-05T23:34:52
6182,合晶,2025-09-09,25.9,-0.25,-0.96%,,,,,,,,,ShowDailyK_ChartFlow,FinMind_API_TaiwanStockPrice_6182,True,2026-10-05T23:34:52,2026-10-05T23:34:52,2026-10-05T23:34:52
6182,合晶,2025-09-10,25.3,-0.5999999999999979,-2.32%,,,,,,,,,ShowDailyK_ChartFlow,FinMind_API_TaiwanStockPrice_6182,True,2026-10-05T23:34:52,2026-10-05T23:34:52,2026-10-05T23:34:52
6182,合晶,2025-09-11,24.65,-0.6500000000000021,-2.57%,,,,,,,,,ShowDailyK_ChartFlow,FinMind_API_TaiwanStockPrice_6182,True,2026-10-05T23:34:52,2026-10-05T23:34:52,2026-10-05T23:34:52
6182,合晶,2025-09-12,27.1,2.450000000000003,9.94%,,,,,,,,,ShowDailyK_ChartFlow,FinMind_API_TaiwanStockPrice_6182,True,2026-10-05T23:34:52,2026-10-05T23:34:52,2026-10-05T23:34:52
6182,合晶,2025-09-15,29.8,2.6999999999999993,9.96%,,,,,,,,,ShowDailyK_ChartFlow,FinMind_API_TaiwanStockPrice_6182,True,2026-10-05T23:34:52,2026-10-05T23:34:52,2026-10-05T23:34:52
6182,合晶,2025-09-16,31.95,2.1499999999999986,7.21%,,,,,,,,,ShowDailyK_ChartFlow,FinMind_API_TaiwanStockPrice_6182,True,2026-10-05T23:34:52,2026-10-05T23:34:52,2026-10-05T23:34:52
6182,合晶,2025-09-17,33.1,1.1500000000000021,3.60%,,,,,,,,,ShowDailyK_ChartFlow,FinMind_API_TaiwanStockPrice_6182,True,2026-10-05T23:34:52,2026-10-05T23:34:52,2026-10-05T23:34:52
6182,合晶,2025-09-18,33.45,0.3500000000000014,1.06%,,,,,,,,,ShowDailyK_ChartFlow,FinMind_API_TaiwanStockPrice_6182,True,2026-10-05T23:34:52,2026-10-05T23:34:52,2026-10-05T23:34:52
6182,合晶,2025-09-19,31.4,-2.0500000000000043,-6.13%,,,,,,,,,ShowDailyK_ChartFlow,FinMind_API_TaiwanStockPrice_6182,True,2026-10-05T23:34:52,2026-10-05T23:34:52,2026-10-05T23:34:52
6182,合晶,2025-09-22,30.9,-0.5,-1.59%,,,,,,,,,ShowDailyK_ChartFlow,FinMind_API_TaiwanStockPrice_6182,True,2026-10-05T23:34:52,2026-10-05T23:34:52,2026-10-05T23:34:52
6182,合晶,2025-09-23,31.3,0.40000000000000213,1.29%,,,,,,,,,ShowDailyK_ChartFlow,FinMind_API_TaiwanStockPrice_6182,True,2026-10-05T23:34:52,2026-10-05T23:34:52,2026-10-05T23:34:52
6182,合晶,2025-09-24,31.1,-0.1999999999999993,-0.64%,,,,,,,,,ShowDailyK_ChartFlow,FinMind_API_TaiwanStockPrice_6182,True,2026-10-05T23:34:52,2026-10-05T23:34:52,2026-10-05T23:34:52
6182,合晶,2025-09-25,31.7,0.5999999999999979,1.93%,,,,,,,,,ShowDailyK_ChartFlow,FinMind_API_TaiwanStockPrice_6182,True,2026-10-05T23:34:52,2026-10-05T23:34:52,2026-10-05T23:34:52
6182,合晶,2025-09-26,29.7,-2.0,-6.31%,,,,,,,,,ShowDailyK_ChartFlow,FinMind_API_TaiwanStockPrice_6182,True,2026-10-05T23:34:52,2026-10-05T23:34:52,2026-10-05T23:34:52
6182,合晶,2025-09-30,30.45,0.75,2.53%,,,,,,,,,ShowDailyK_ChartFlow,FinMind_API_TaiwanStockPrice_6182,True,2026-10-05T23:34:52,2026-10-05T23:34:52,2026-10-05T23:34:52
6182,合晶,2025-10-01,30.5,0.05000000000000071,0.16%,,,,,,,,,ShowDailyK_ChartFlow,FinMind_API_TaiwanStockPrice_6182,True,2026-10-05T23:34:52,2026-10-05T23:34:52,2026-10-05T23:34:52
6182,合晶,2025-10-02,30.5,0.0,0.00%,,,,,,,,,ShowDailyK_ChartFlow,FinMind_API_TaiwanStockPrice_6182,True,2026-10-05T23:34:52,2026-10-05T23:34:52,2026-10-05T23:34:52
6182,合晶,2025-10-03,30.45,-0.05000000000000071,-0.16%,,,,,,,,,ShowDailyK_ChartFlow,FinMind_API_TaiwanStockPrice_6182,True,2026-10-05T23:34:52,2026-10-05T23:34:52,2026-10-05T23:34:52
6182,合晶,2025-10-07,31.05,0.6000000000000014,1.97%,,,,,,,,,ShowDailyK_ChartFlow,FinMind_API_TaiwanStockPrice_6182,True,2026-10-05T23:34:52,2026-10-05T23:34:52,2026-10-05T23:34:52
6182,合晶,2025-10-08,30.75,-0.3000000000000007,-0.97%,,,,,,,,,ShowDailyK_ChartFlow,FinMind_API_TaiwanStockPrice_6182,True,2026-10-05T23:34:52,2026-10-05T23:34:52,2026-10-05T23:34:52
6182,合晶,2025-10-09,30.8,0.05000000000000071,0.16%,,,,,,,,,ShowDailyK_ChartFlow,FinMind_API_TaiwanStockPrice_6182,True,2026-10-05T23:34:52,2026-10-05T23:34:52,2026-10-05T23:34:52
6182,合晶,2025-10-13,31.35,0.5500000000000007,1.79%,,,,,,,,,ShowDailyK_ChartFlow,FinMind_API_TaiwanStockPrice_6182,True,2026-10-05T23:34:52,2026-10-05T23:34:52,2026-10-05T23:34:52
6182,合晶,2025-10-14,29.7,-1.6500000000000021,-5.26%,,,,,,,,,ShowDailyK_ChartFlow,FinMind_API_TaiwanStockPrice_6182,True,2026-10-05T23:34:52,2026-10-05T23:34:52,2026-10-05T23:34:52
6182,合晶,2025-10-15,31.3,1.6000000000000014,5.39%,,,,,,,,,ShowDailyK_ChartFlow,FinMind_API_TaiwanStockPrice_6182,True,2026-10-05T23:34:52,2026-10-05T23:34:52,2026-10-05T23:34:52
6182,合晶,2025-10-16,31.6,0.3000000000000007,0.96%,,,,,,,,,ShowDailyK_ChartFlow,FinMind_API_TaiwanStockPrice_6182,True,2026-10-05T23:34:52,2026-10-05T23:34:52,2026-10-05T23:34:52
6182,合晶,2025-10-17,30.9,-0.7000000000000028,-2.22%,,,,,,,,,ShowDailyK_ChartFlow,FinMind_API_TaiwanStockPrice_6182,True,2026-10-05T23:34:52,2026-10-05T23:34:52,2026-10-05T23:34:52
6182,合晶,2025-10-20,32.55,1.6499999999999986,5.34%,,,,,,,,,ShowDailyK_ChartFlow,FinMind_API_TaiwanStockPrice_6182,True,2026-10-05T23:34:52,2026-10-05T23:34:52,2026-10-05T23:34:52
6182,合晶,2025-10-21,35.8,3.25,9.98%,,,,,,,,,ShowDailyK_ChartFlow,FinMind_API_TaiwanStockPrice_6182,True,2026-10-05T23:34:52,2026-10-05T23:34:52,2026-10-05T23:34:52
6182,合晶,2025-10-22,34.4,-1.3999999999999986,-3.91%,,,,,,,,,ShowDailyK_ChartFlow,FinMind_API_TaiwanStockPrice_6182,True,2026-10-05T23:34:52,2026-10-05T23:34:52,2026-10-05T23:34:52
6182,合晶,2025-10-23,33.8,-0.6000000000000014,-1.74%,,,,,,,,,ShowDailyK_ChartFlow,FinMind_API_TaiwanStockPrice_6182,True,2026-10-05T23:34:52,2026-10-05T23:34:52,2026-10-05T23:34:52
6182,合晶,2025-10-27,33.55,-0.25,-0.74%,,,,,,,,,ShowDailyK_ChartFlow,FinMind_API_TaiwanStockPrice_6182,True,2026-10-05T23:34:52,2026-10-05T23:34:52,2026-10-05T23:34:52
6182,合晶,2025-10-28,33.2,-0.3499999999999943,-1.04%,,,,,,,,,ShowDailyK_ChartFlow,FinMind_API_TaiwanStockPrice_6182,True,2026-10-05T23:34:52,2026-10-05T23:34:52,2026-10-05T23:34:52
6182,合晶,2025-10-29,32.3,-0.9000000000000057,-2.71%,,,,,,,,,ShowDailyK_ChartFlow,FinMind_API_TaiwanStockPrice_6182,True,2026-10-05T23:34:52,2026-10-05T23:34:52,2026-10-05T23:34:52
6182,合晶,2025-10-30,31.9,-0.3999999999999986,-1.24%,,,,,,,,,ShowDailyK_ChartFlow,FinMind_API_TaiwanStockPrice_6182,True,2026-10-05T23:34:52,2026-10-05T23:34:52,2026-10-05T23:34:52
6182,合晶,2025-10-31,31.3,-0.5999999999999979,-1.88%,,,,,,,,,ShowDailyK_ChartFlow,FinMind_API_TaiwanStockPrice_6182,True,2026-10-05T23:34:52,2026-10-05T23:34:52,2026-10-05T23:34:52
6182,合晶,2025-11-03,31.05,-0.25,-0.80%,,,,,,,,,ShowDailyK_ChartFlow,FinMind_API_TaiwanStockPrice_6182,True,2026-10-05T23:34:52,2026-10-05T23:34:52,2026-10-05T23:34:52
6182,合晶,2025-11-04,30.25,-0.8000000000000007,-2.58%,,,,,,,,,ShowDailyK_ChartFlow,FinMind_API_TaiwanStockPrice_6182,True,2026-10-05T23:34:52,2026-10-05T23:34:52,2026-10-05T23:34:52
6182,合晶,2025-11-05,29.35,-0.8999999999999986,-2.98%,,,,,,,,,ShowDailyK_ChartFlow,FinMind_API_TaiwanStockPrice_6182,True,2026-10-05T23:34:52,2026-10-05T23:34:52,2026-10-05T23:34:52
6182,合晶,2025-11-06,29.4,0.04999999999999716,0.17%,,,,,,,,,ShowDailyK_ChartFlow,FinMind_API_TaiwanStockPrice_6182,True,2026-10-05T23:34:52,2026-10-05T23:34:52,2026-10-05T23:34:52
6182,合晶,2025-11-07,28.75,-0.6499999999999986,-2.21%,,,,,,,,,ShowDailyK_ChartFlow,FinMind_API_TaiwanStockPrice_6182,True,2026-10-05T23:34:52,2026-10-05T23:34:52,2026-10-05T23:34:52
6182,合晶,2025-11-10,29.1,0.3500000000000014,1.22%,,,,,,,,,ShowDailyK_ChartFlow,FinMind_API_TaiwanStockPrice_6182,True,2026-10-05T23:34:52,2026-10-05T23:34:52,2026-10-05T23:34:52
6182,合晶,2025-11-11,30.3,1.1999999999999993,4.12%,,,,,,,,,ShowDailyK_ChartFlow,FinMind_API_TaiwanStockPrice_6182,True,2026-10-05T23:34:52,2026-10-05T23:34:52,2026-10-05T23:34:52
6182,合晶,2025-11-12,29.9,-0.40000000000000213,-1.32%,,,,,,,,,ShowDailyK_ChartFlow,FinMind_API_TaiwanStockPrice_6182,True,2026-10-05T23:34:52,2026-10-05T23:34:52,2026-10-05T23:34:52
6182,合晶,2025-11-13,29.75,-0.14999999999999858,-0.50%,,,,,,,,,ShowDailyK_ChartFlow,FinMind_API_TaiwanStockPrice_6182,True,2026-10-05T23:34:52,2026-10-05T23:34:52,2026-10-05T23:34:52
6182,合晶,2025-11-14,29.3,-0.4499999999999993,-1.51%,,,,,,,,,ShowDailyK_ChartFlow,FinMind_API_TaiwanStockPrice_6182,True,2026-10-05T23:34:52,2026-10-05T23:34:52,2026-10-05T23:34:52
6182,合晶,2025-11-17,28.8,-0.5,-1.71%,,,,,,,,,ShowDailyK_ChartFlow,FinMind_API_TaiwanStockPrice_6182,True,2026-10-05T23:34:52,2026-10-05T23:34:52,2026-10-05T23:34:52
6182,合晶,2025-11-18,27.45,-1.3500000000000014,-4.69%,,,,,,,,,ShowDailyK_ChartFlow,FinMind_API_TaiwanStockPrice_6182,True,2026-10-05T23:34:52,2026-10-05T23:34:52,2026-10-05T23:34:52
6182,合晶,2025-11-19,27.15,-0.3000000000000007,-1.09%,,,,,,,,,ShowDailyK_ChartFlow,FinMind_API_TaiwanStockPrice_6182,True,2026-10-05T23:34:52,2026-10-05T23:34:52,2026-10-05T23:34:52
6182,合晶,2025-11-20,28.15,1.0,3.68%,,,,,,,,,ShowDailyK_ChartFlow,FinMind_API_TaiwanStockPrice_6182,True,2026-10-05T23:34:52,2026-10-05T23:34:52,2026-10-05T23:34:52
6182,合晶,2025-11-21,27.05,-1.0999999999999979,-3.91%,,,,,,,,,ShowDailyK_ChartFlow,FinMind_API_TaiwanStockPrice_6182,True,2026-10-05T23:34:52,2026-10-05T23:34:52,2026-10-05T23:34:52
6182,合晶,2025-11-24,27.75,0.6999999999999993,2.59%,,,,,,,,,ShowDailyK_ChartFlow,FinMind_API_TaiwanStockPrice_6182,True,2026-10-05T23:34:52,2026-10-05T23:34:52,2026-10-05T23:34:52
6182,合晶,2025-11-25,28.8,1.0500000000000007,3.78%,,,,,,,,,ShowDailyK_ChartFlow,FinMind_API_TaiwanStockPrice_6182,True,2026-10-05T23:34:52,2026-10-05T23:34:52,2026-10-05T23:34:52
6182,合晶,2025-11-26,28.55,-0.25,-0.87%,,,,,,,,,ShowDailyK_ChartFlow,FinMind_API_TaiwanStockPrice_6182,True,2026-10-05T23:34:52,2026-10-05T23:34:52,2026-10-05T23:34:52
6182,合晶,2025-11-27,28.65,0.09999999999999787,0.35%,,,,,,,,,ShowDailyK_ChartFlow,FinMind_API_TaiwanStockPrice_6182,True,2026-10-05T23:34:52,2026-10-05T23:34:52,2026-10-05T23:34:52
6182,合晶,2025-11-28,28.65,0.0,0.00%,,,,,,,,,ShowDailyK_ChartFlow,FinMind_API_TaiwanStockPrice_6182,True,2026-10-05T23:34:52,2026-10-05T23:34:52,2026-10-05T23:34:52
6182,合晶,2025-12-01,28.65,0.0,0.00%,,,,,,,,,ShowDailyK_ChartFlow,FinMind_API_TaiwanStockPrice_6182,True,2026-10-05T23:34:52,2026-10-05T23:34:52,2026-10-05T23:34:52
6182,合晶,2025-12-02,28.4,-0.25,-0.87%,,,,,,,,,ShowDailyK_ChartFlow,FinMind_API_TaiwanStockPrice_6182,True,2026-10-05T23:34:52,2026-10-05T23:34:52,2026-10-05T23:34:52
6182,合晶,2025-12-03,29.25,0.8500000000000014,2.99%,,,,,,,,,ShowDailyK_ChartFlow,FinMind_API_TaiwanStockPrice_6182,True,2026-10-05T23:34:52,2026-10-05T23:34:52,2026-10-05T23:34:52
6182,合晶,2025-12-04,29.0,-0.25,-0.85%,,,,,,,,,ShowDailyK_ChartFlow,FinMind_API_TaiwanStockPrice_6182,True,2026-10-05T23:34:52,2026-10-05T23:34:52,2026-10-05T23:34:52
6182,合晶,2025-12-05,29.0,0.0,0.00%,,,,,,,,,ShowDailyK_ChartFlow,FinMind_API_TaiwanStockPrice_6182,True,2026-10-05T23:34:52,2026-10-05T23:34:52,2026-10-05T23:34:52
6182,合晶,2025-12-08,29.1,0.10000000000000142,0.34%,,,,,,,,,ShowDailyK_ChartFlow,FinMind_API_TaiwanStockPrice_6182,True,2026-10-05T23:34:52,2026-10-05T23:34:52,2026-10-05T23:34:52
6182,合晶,2025-12-09,29.0,-0.10000000000000142,-0.34%,,,,,,,,,ShowDailyK_ChartFlow,FinMind_API_TaiwanStockPrice_6182,True,2026-10-05T23:34:52,2026-10-05T23:34:52,2026-10-05T23:34:52
6182,合晶,2025-12-10,28.8,-0.1999999999999993,-0.69%,,,,,,,,,ShowDailyK_ChartFlow,FinMind_API_TaiwanStockPrice_6182,True,2026-10-05T23:34:52,2026-10-05T23:34:52,2026-10-05T23:34:52
6182,合晶,2025-12-11,28.35,-0.4499999999999993,-1.56%,,,,,,,,,ShowDailyK_ChartFlow,FinMind_API_TaiwanStockPrice_6182,True,2026-10-05T23:34:52,2026-10-05T23:34:52,2026-10-05T23:34:52
6182,合晶,2025-12-12,29.0,0.6499999999999986,2.29%,,,,,,,,,ShowDailyK_ChartFlow,FinMind_API_TaiwanStockPrice_6182,True,2026-10-05T23:34:52,2026-10-05T23:34:52,2026-10-05T23:34:52
6182,合晶,2025-12-15,29.0,0.0,0.00%,,,,,,,,,ShowDailyK_ChartFlow,FinMind_API_TaiwanStockPrice_6182,True,2026-10-05T23:34:52,2026-10-05T23:34:52,2026-10-05T23:34:52
6182,合晶,2025-12-16,28.65,-0.3500000000000014,-1.21%,,,,,,,,,ShowDailyK_ChartFlow,FinMind_API_TaiwanStockPrice_6182,True,2026-10-05T23:34:52,2026-10-05T23:34:52,2026-10-05T23:34:52
6182,合晶,2025-12-17,31.5,2.8500000000000014,9.95%,,,,,,,,,ShowDailyK_ChartFlow,FinMind_API_TaiwanStockPrice_6182,True,2026-10-05T23:34:52,2026-10-05T23:34:52,2026-10-05T23:34:52
6182,合晶,2025-12-18,30.95,-0.5500000000000007,-1.75%,,,,,,,,,ShowDailyK_ChartFlow,FinMind_API_TaiwanStockPrice_6182,True,2026-10-05T23:34:52,2026-10-05T23:34:52,2026-10-05T23:34:52
6182,合晶,2025-12-19,30.4,-0.5500000000000007,-1.78%,,,,,,,,,ShowDailyK_ChartFlow,FinMind_API_TaiwanStockPrice_6182,True,2026-10-05T23:34:52,2026-10-05T23:34:52,2026-10-05T23:34:52
6182,合晶,2025-12-22,31.4,1.0,3.29%,,,,,,,,,ShowDailyK_ChartFlow,FinMind_API_TaiwanStockPrice_6182,True,2026-10-05T23:34:52,2026-10-05T23:34:52,2026-10-05T23:34:52
6182,合晶,2025-12-23,31.2,-0.1999999999999993,-0.64%,,,,,,,,,ShowDailyK_ChartFlow,FinMind_API_TaiwanStockPrice_6182,True,2026-10-05T23:34:52,2026-10-05T23:34:52,2026-10-05T23:34:52
6182,合晶,2025-12-24,30.65,-0.5500000000000007,-1.76%,,,,,,,,,ShowDailyK_ChartFlow,FinMind_API_TaiwanStockPrice_6182,True,2026-10-05T23:34:52,2026-10-05T23:34:52,2026-10-05T23:34:52
6182,合晶,2025-12-26,31.2,0.5500000000000007,1.79%,,,,,,,,,ShowDailyK_ChartFlow,FinMind_API_TaiwanStockPrice_6182,True,2026-10-05T23:34:52,2026-10-05T23:34:52,2026-10-05T23:34:52
6182,合晶,2025-12-29,30.7,-0.5,-1.60%,,,,,,,,,ShowDailyK_ChartFlow,FinMind_API_TaiwanStockPrice_6182,True,2026-10-05T23:34:52,2026-10-05T23:34:52,2026-10-05T23:34:52
6182,合晶,2025-12-30,30.95,0.25,0.81%,,,,,,,,,ShowDailyK_ChartFlow,FinMind_API_TaiwanStockPrice_6182,True,2026-10-05T23:34:52,2026-10-05T23:34:52,2026-10-05T23:34:52
6182,合晶,2025-12-31,30.8,-0.14999999999999858,-0.48%,,,,,,,,,ShowDailyK_ChartFlow,FinMind_API_TaiwanStockPrice_6182,True,2026-10-05T23:34:52,2026-10-05T23:34:52,2026-10-05T23:34:52
6182,合晶,2026-01-02,31.25,0.4499999999999993,1.46%,,,,,,,,,ShowDailyK_ChartFlow,FinMind_API_TaiwanStockPrice_6182,True,2026-10-05T23:34:52,2026-10-05T23:34:52,2026-10-05T23:34:52
6182,合晶,2026-01-05,31.7,0.4499999999999993,1.44%,,,,,,,,,ShowDailyK_ChartFlow,FinMind_API_TaiwanStockPrice_6182,True,2026-10-05T23:34:52,2026-10-05T23:34:52,2026-10-05T23:34:52
6182,合晶,2026-01-06,33.4,1.6999999999999993,5.36%,,,,,,,,,ShowDailyK_ChartFlow,FinMind_API_TaiwanStockPrice_6182,True,2026-10-05T23:34:52,2026-10-05T23:34:52,2026-10-05T23:34:52
6182,合晶,2026-01-07,34.95,1.5500000000000043,4.64%,,,,,,,,,ShowDailyK_ChartFlow,FinMind_API_TaiwanStockPrice_6182,True,2026-10-05T23:34:52,2026-10-05T23:34:52,2026-10-05T23:34:52
6182,合晶,2026-01-08,33.8,-1.1500000000000057,-3.29%,,,,,,,,,ShowDailyK_ChartFlow,FinMind_API_TaiwanStockPrice_6182,True,2026-10-05T23:34:52,2026-10-05T23:34:52,2026-10-05T23:34:52
6182,合晶,2026-01-09,33.05,-0.75,-2.22%,,,,,,,,,ShowDailyK_ChartFlow,FinMind_API_TaiwanStockPrice_6182,True,2026-10-05T23:34:52,2026-10-05T23:34:52,2026-10-05T23:34:52
6182,合晶,2026-01-12,35.85,2.8000000000000043,8.47%,,,,,,,,,ShowDailyK_ChartFlow,FinMind_API_TaiwanStockPrice_6182,True,2026-10-05T23:34:52,2026-10-05T23:34:52,2026-10-05T23:34:52
6182,合晶,2026-01-13,36.0,0.14999999999999858,0.42%,,,,,,,,,ShowDailyK_ChartFlow,FinMind_API_TaiwanStockPrice_6182,True,2026-10-05T23:34:52,2026-10-05T23:34:52,2026-10-05T23:34:52
6182,合晶,2026-01-14,39.6,3.6000000000000014,10.00%,,,,,,,,,ShowDailyK_ChartFlow,FinMind_API_TaiwanStockPrice_6182,True,2026-10-05T23:34:52,2026-10-05T23:34:52,2026-10-05T23:34:52
6182,合晶,2026-01-15,39.9,0.29999999999999716,0.76%,,,,,,,,,ShowDailyK_ChartFlow,FinMind_API_TaiwanStockPrice_6182,True,2026-10-05T23:34:52,2026-10-05T23:34:52,2026-10-05T23:34:52
6182,合晶,2026-01-16,38.5,-1.3999999999999986,-3.51%,,,,,,,,,ShowDailyK_ChartFlow,FinMind_API_TaiwanStockPrice_6182,True,2026-10-05T23:34:52,2026-10-05T23:34:52,2026-10-05T23:34:52
6182,合晶,2026-01-19,38.85,0.3500000000000014,0.91%,,,,,,,,,ShowDailyK_ChartFlow,FinMind_API_TaiwanStockPrice_6182,True,2026-10-05T23:34:52,2026-10-05T23:34:52,2026-10-05T23:34:52
6182,合晶,2026-01-20,39.65,0.7999999999999972,2.06%,,,,,,,,,ShowDailyK_ChartFlow,FinMind_API_TaiwanStockPrice_6182,True,2026-10-05T23:34:52,2026-10-05T23:34:52,2026-10-05T23:34:52
6182,合晶,2026-01-21,39.9,0.25,0.63%,,,,,,,,,ShowDailyK_ChartFlow,FinMind_API_TaiwanStockPrice_6182,True,2026-10-05T23:34:52,2026-10-05T23:34:52,2026-10-05T23:34:52
6182,合晶,2026-01-22,39.1,-0.7999999999999972,-2.01%,,,,,,,,,ShowDailyK_ChartFlow,FinMind_API_TaiwanStockPrice_6182,True,2026-10-05T23:34:52,2026-10-05T23:34:52,2026-10-05T23:34:52
6182,合晶,2026-01-23,38.7,-0.3999999999999986,-1.02%,,,,,,,,,ShowDailyK_ChartFlow,FinMind_API_TaiwanStockPrice_6182,True,2026-10-05T23:34:52,2026-10-05T23:34:52,2026-10-05T23:34:52
6182,合晶,2026-01-26,39.65,0.9499999999999957,2.45%,,,,,,,,,ShowDailyK_ChartFlow,FinMind_API_TaiwanStockPrice_6182,True,2026-10-05T23:34:52,2026-10-05T23:34:52,2026-10-05T23:34:52
6182,合晶,2026-01-27,39.25,-0.3999999999999986,-1.01%,,,,,,,,,ShowDailyK_ChartFlow,FinMind_API_TaiwanStockPrice_6182,True,2026-10-05T23:34:52,2026-10-05T23:34:52,2026-10-05T23:34:52
6182,合晶,2026-01-28,38.3,-0.9500000000000028,-2.42%,,,,,,,,,ShowDailyK_ChartFlow,FinMind_API_TaiwanStockPrice_6182,True,2026-10-05T23:34:52,2026-10-05T23:34:52,2026-10-05T23:34:52
6182,合晶,2026-01-29,37.95,-0.3499999999999943,-0.91%,,,,,,,,,ShowDailyK_ChartFlow,FinMind_API_TaiwanStockPrice_6182,True,2026-10-05T23:34:52,2026-10-05T23:34:52,2026-10-05T23:34:52
6182,合晶,2026-01-30,36.95,-1.0,-2.64%,,,,,,,,,ShowDailyK_ChartFlow,FinMind_API_TaiwanStockPrice_6182,True,2026-10-05T23:34:52,2026-10-05T23:34:52,2026-10-05T23:34:52
6182,合晶,2026-02-02,35.1,-1.8500000000000014,-5.01%,,,,,,,,,ShowDailyK_ChartFlow,FinMind_API_TaiwanStockPrice_6182,True,2026-10-05T23:34:52,2026-10-05T23:34:52,2026-10-05T23:34:52
6182,合晶,2026-02-03,35.8,0.6999999999999957,1.99%,,,,,,,,,ShowDailyK_ChartFlow,FinMind_API_TaiwanStockPrice_6182,True,2026-10-05T23:34:52,2026-10-05T23:34:52,2026-10-05T23:34:52
6182,合晶,2026-02-04,36.05,0.25,0.70%,,,,,,,,,ShowDailyK_ChartFlow,FinMind_API_TaiwanStockPrice_6182,True,2026-10-05T23:34:52,2026-10-05T23:34:52,2026-10-05T23:34:52
6182,合晶,2026-02-05,34.1,-1.9499999999999957,-5.41%,,,,,,,,,ShowDailyK_ChartFlow,FinMind_API_TaiwanStockPrice_6182,True,2026-10-05T23:34:52,2026-10-05T23:34:52,2026-10-05T23:34:52
6182,合晶,2026-02-06,33.65,-0.45000000000000284,-1.32%,,,,,,,,,ShowDailyK_ChartFlow,FinMind_API_TaiwanStockPrice_6182,True,2026-10-05T23:34:52,2026-10-05T23:34:52,2026-10-05T23:34:52
6182,合晶,2026-02-09,34.95,1.3000000000000043,3.86%,,,,,,,,,ShowDailyK_ChartFlow,FinMind_API_TaiwanStockPrice_6182,True,2026-10-05T23:34:52,2026-10-05T23:34:52,2026-10-05T23:34:52
6182,合晶,2026-02-10,35.45,0.5,1.43%,,,,,,,,,ShowDailyK_ChartFlow,FinMind_API_TaiwanStockPrice_6182,True,2026-10-05T23:34:52,2026-10-05T23:34:52,2026-10-05T23:34:52
6182,合晶,2026-02-11,34.1,-1.3500000000000014,-3.81%,,,,,,,,,ShowDailyK_ChartFlow,FinMind_API_TaiwanStockPrice_6182,True,2026-10-05T23:34:52,2026-10-05T23:34:52,2026-10-05T23:34:52
6182,合晶,2026-02-23,34.5,0.3999999999999986,1.17%,,,,,,,,,ShowDailyK_ChartFlow,FinMind_API_TaiwanStockPrice_6182,True,2026-10-05T23:34:52,2026-10-05T23:34:52,2026-10-05T23:34:52
6182,合晶,2026-02-24,35.7,1.2000000000000028,3.48%,,,,,,,,,ShowDailyK_ChartFlow,FinMind_API_TaiwanStockPrice_6182,True,2026-10-05T23:34:52,2026-10-05T23:34:52,2026-10-05T23:34:52
6182,合晶,2026-02-25,34.65,-1.0500000000000043,-2.94%,,,,,,,,,ShowDailyK_ChartFlow,FinMind_API_TaiwanStockPrice_6182,True,2026-10-05T23:34:52,2026-10-05T23:34:52,2026-10-05T23:34:52
6182,合晶,2026-02-26,36.25,1.6000000000000014,4.62%,,,,,,,,,ShowDailyK_ChartFlow,FinMind_API_TaiwanStockPrice_6182,True,2026-10-05T23:34:52,2026-10-05T23:34:52,2026-10-05T23:34:52
6182,合晶,2026-03-02,35.2,-1.0499999999999972,-2.90%,,,,,,,,,ShowDailyK_ChartFlow,FinMind_API_TaiwanStockPrice_6182,True,2026-10-05T23:34:52,2026-10-05T23:34:52,2026-10-05T23:34:52
6182,合晶,2026-03-03,33.95,-1.25,-3.55%,,,,,,,,,ShowDailyK_ChartFlow,FinMind_API_TaiwanStockPrice_6182,True,2026-10-05T23:34:52,2026-10-05T23:34:52,2026-10-05T23:34:52
6182,合晶,2026-03-04,32.25,-1.7000000000000028,-5.01%,,,,,,,,,ShowDailyK_ChartFlow,FinMind_API_TaiwanStockPrice_6182,True,2026-10-05T23:34:52,2026-10-05T23:34:52,2026-10-05T23:34:52
6182,合晶,2026-03-05,33.5,1.25,3.88%,,,,,,,,,ShowDailyK_ChartFlow,FinMind_API_TaiwanStockPrice_6182,True,2026-10-05T23:34:52,2026-10-05T23:34:52,2026-10-05T23:34:52
6182,合晶,2026-03-06,33.75,0.25,0.75%,,,,,,,,,ShowDailyK_ChartFlow,FinMind_API_TaiwanStockPrice_6182,True,2026-10-05T23:34:52,2026-10-05T23:34:52,2026-10-05T23:34:52
6182,合晶,2026-03-09,31.95,-1.8000000000000007,-5.33%,,,,,,,,,ShowDailyK_ChartFlow,FinMind_API_TaiwanStockPrice_6182,True,2026-10-05T23:34:52,2026-10-05T23:34:52,2026-10-05T23:34:52
6182,合晶,2026-03-10,33.15,1.1999999999999993,3.76%,,,,,,,,,ShowDailyK_ChartFlow,FinMind_API_TaiwanStockPrice_6182,True,2026-10-05T23:34:52,2026-10-05T23:34:52,2026-10-05T23:34:52
6182,合晶,2026-03-11,33.85,0.7000000000000028,2.11%,,,,,,,,,ShowDailyK_ChartFlow,FinMind_API_TaiwanStockPrice_6182,True,2026-10-05T23:34:52,2026-10-05T23:34:52,2026-10-05T23:34:52
6182,合晶,2026-03-12,32.5,-1.3500000000000014,-3.99%,,,,,,,,,ShowDailyK_ChartFlow,FinMind_API_TaiwanStockPrice_6182,True,2026-10-05T23:34:52,2026-10-05T23:34:52,2026-10-05T23:34:52
6182,合晶,2026-03-13,31.95,-0.5500000000000007,-1.69%,,,,,,,,,ShowDailyK_ChartFlow,FinMind_API_TaiwanStockPrice_6182,True,2026-10-05T23:34:52,2026-10-05T23:34:52,2026-10-05T23:34:52
6182,合晶,2026-03-16,32.8,0.8499999999999979,2.66%,,,,,,,,,ShowDailyK_ChartFlow,FinMind_API_TaiwanStockPrice_6182,True,2026-10-05T23:34:52,2026-10-05T23:34:52,2026-10-05T23:34:52
6182,合晶,2026-03-17,33.55,0.75,2.29%,,,,,,,,,ShowDailyK_ChartFlow,FinMind_API_TaiwanStockPrice_6182,True,2026-10-05T23:34:52,2026-10-05T23:34:52,2026-10-05T23:34:52
6182,合晶,2026-03-18,36.9,3.3500000000000014,9.99%,,,,,,,,,ShowDailyK_ChartFlow,FinMind_API_TaiwanStockPrice_6182,True,2026-10-05T23:34:52,2026-10-05T23:34:52,2026-10-05T23:34:52
6182,合晶,2026-03-19,37.3,0.3999999999999986,1.08%,,,,,,,,,ShowDailyK_ChartFlow,FinMind_API_TaiwanStockPrice_6182,True,2026-10-05T23:34:52,2026-10-05T23:34:52,2026-10-05T23:34:52
6182,合晶,2026-03-20,36.95,-0.3499999999999943,-0.94%,,,,,,,,,ShowDailyK_ChartFlow,FinMind_API_TaiwanStockPrice_6182,True,2026-10-05T23:34:52,2026-10-05T23:34:52,2026-10-05T23:34:52
6182,合晶,2026-03-23,34.2,-2.75,-7.44%,,,,,,,,,ShowDailyK_ChartFlow,FinMind_API_TaiwanStockPrice_6182,True,2026-10-05T23:34:52,2026-10-05T23:34:52,2026-10-05T23:34:52
6182,合晶,2026-03-24,33.7,-0.5,-1.46%,,,,,,,,,ShowDailyK_ChartFlow,FinMind_API_TaiwanStockPrice_6182,True,2026-10-05T23:34:52,2026-10-05T23:34:52,2026-10-05T23:34:52
6182,合晶,2026-03-25,34.6,0.8999999999999986,2.67%,,,,,,,,,ShowDailyK_ChartFlow,FinMind_API_TaiwanStockPrice_6182,True,2026-10-05T23:34:52,2026-10-05T23:34:52,2026-10-05T23:34:52
6182,合晶,2026-03-26,35.55,0.9499999999999957,2.75%,,,,,,,,,ShowDailyK_ChartFlow,FinMind_API_TaiwanStockPrice_6182,True,2026-10-05T23:34:52,2026-10-05T23:34:52,2026-10-05T23:34:52
6182,合晶,2026-03-27,34.9,-0.6499999999999986,-1.83%,,,,,,,,,ShowDailyK_ChartFlow,FinMind_API_TaiwanStockPrice_6182,True,2026-10-05T23:34:52,2026-10-05T23:34:52,2026-10-05T23:34:52
6182,合晶,2026-03-30,33.45,-1.4499999999999957,-4.15%,,,,,,,,,ShowDailyK_ChartFlow,FinMind_API_TaiwanStockPrice_6182,True,2026-10-05T23:34:52,2026-10-05T23:34:52,2026-10-05T23:34:52
6182,合晶,2026-03-31,32.75,-0.7000000000000028,-2.09%,,,,,,,,,ShowDailyK_ChartFlow,FinMind_API_TaiwanStockPrice_6182,True,2026-10-05T23:34:52,2026-10-05T23:34:52,2026-10-05T23:34:52
6182,合晶,2026-04-01,32.55,-0.20000000000000284,-0.61%,,,,,,,,,ShowDailyK_ChartFlow,FinMind_API_TaiwanStockPrice_6182,True,2026-10-05T23:34:52,2026-10-05T23:34:52,2026-10-05T23:34:52
6182,合晶,2026-04-02,31.3,-1.2499999999999964,-3.84%,,,,,,,,,ShowDailyK_ChartFlow,FinMind_API_TaiwanStockPrice_6182,True,2026-10-05T23:34:52,2026-10-05T23:34:52,2026-10-05T23:34:52
6182,合晶,2026-04-07,30.9,-0.40000000000000213,-1.28%,,,,,,,,,ShowDailyK_ChartFlow,FinMind_API_TaiwanStockPrice_6182,True,2026-10-05T23:34:52,2026-10-05T23:34:52,2026-10-05T23:34:52
6182,合晶,2026-04-08,33.55,2.6499999999999986,8.58%,,,,,,,,,ShowDailyK_ChartFlow,FinMind_API_TaiwanStockPrice_6182,True,2026-10-05T23:34:52,2026-10-05T23:34:52,2026-10-05T23:34:52
6182,合晶,2026-04-09,33.3,-0.25,-0.75%,,,,,,,,,ShowDailyK_ChartFlow,FinMind_API_TaiwanStockPrice_6182,True,2026-10-05T23:34:52,2026-10-05T23:34:52,2026-10-05T23:34:52
6182,合晶,2026-04-10,35.95,2.6500000000000057,7.96%,,,,,,,,,ShowDailyK_ChartFlow,FinMind_API_TaiwanStockPrice_6182,True,2026-10-05T23:34:52,2026-10-05T23:34:52,2026-10-05T23:34:52
6182,合晶,2026-04-13,35.85,-0.10000000000000142,-0.28%,,,,,,,,,ShowDailyK_ChartFlow,FinMind_API_TaiwanStockPrice_6182,True,2026-10-05T23:34:52,2026-10-05T23:34:52,2026-10-05T23:34:52
6182,合晶,2026-04-14,37.1,1.25,3.49%,,,,,,,,,ShowDailyK_ChartFlow,FinMind_API_TaiwanStockPrice_6182,True,2026-10-05T23:34:52,2026-10-05T23:34:52,2026-10-05T23:34:52
6182,合晶,2026-04-15,36.65,-0.45000000000000284,-1.21%,,,,,,,,,ShowDailyK_ChartFlow,FinMind_API_TaiwanStockPrice_6182,True,2026-10-05T23:34:52,2026-10-05T23:34:52,2026-10-05T23:34:52
6182,合晶,2026-04-16,37.0,0.3500000000000014,0.95%,,,,,,,,,ShowDailyK_ChartFlow,FinMind_API_TaiwanStockPrice_6182,True,2026-10-05T23:34:52,2026-10-05T23:34:52,2026-10-05T23:34:52
6182,合晶,2026-04-17,35.8,-1.2000000000000028,-3.24%,,,,,,,,,ShowDailyK_ChartFlow,FinMind_API_TaiwanStockPrice_6182,True,2026-10-05T23:34:52,2026-10-05T23:34:52,2026-10-05T23:34:52
6182,合晶,2026-04-20,39.35,3.5500000000000043,9.92%,,,,,,,,,ShowDailyK_ChartFlow,FinMind_API_TaiwanStockPrice_6182,True,2026-10-05T23:34:52,2026-10-05T23:34:52,2026-10-05T23:34:52
6182,合晶,2026-04-21,43.25,3.8999999999999986,9.91%,,,,,,,,,ShowDailyK_ChartFlow,FinMind_API_TaiwanStockPrice_6182,True,2026-10-05T23:34:52,2026-10-05T23:34:52,2026-10-05T23:34:52
6182,合晶,2026-04-22,45.0,1.75,4.05%,,,,,,,,,ShowDailyK_ChartFlow,FinMind_API_TaiwanStockPrice_6182,True,2026-10-05T23:34:52,2026-10-05T23:34:52,2026-10-05T23:34:52
6182,合晶,2026-04-23,40.7,-4.299999999999997,-9.56%,,,,,,,,,ShowDailyK_ChartFlow,FinMind_API_TaiwanStockPrice_6182,True,2026-10-05T23:34:52,2026-10-05T23:34:52,2026-10-05T23:34:52
6182,合晶,2026-04-24,40.7,0.0,0.00%,,,,,,,,,ShowDailyK_ChartFlow,FinMind_API_TaiwanStockPrice_6182,True,2026-10-05T23:34:52,2026-10-05T23:34:52,2026-10-05T23:34:52
6182,合晶,2026-04-27,40.3,-0.4000000000000057,-0.98%,,,,,,,,,ShowDailyK_ChartFlow,FinMind_API_TaiwanStockPrice_6182,True,2026-10-05T23:34:52,2026-10-05T23:34:52,2026-10-05T23:34:52
6182,合晶,2026-04-28,40.0,-0.29999999999999716,-0.74%,,,,,,,,,ShowDailyK_ChartFlow,FinMind_API_TaiwanStockPrice_6182,True,2026-10-05T23:34:52,2026-10-05T23:34:52,2026-10-05T23:34:52
6182,合晶,2026-04-29,39.0,-1.0,-2.50%,,,,,,,,,ShowDailyK_ChartFlow,FinMind_API_TaiwanStockPrice_6182,True,2026-10-05T23:34:52,2026-10-05T23:34:52,2026-10-05T23:34:52
6182,合晶,2026-04-30,40.1,1.1000000000000014,2.82%,,,,,,,,,ShowDailyK_ChartFlow,FinMind_API_TaiwanStockPrice_6182,True,2026-10-05T23:34:52,2026-10-05T23:34:52,2026-10-05T23:34:52
6182,合晶,2026-05-04,44.1,4.0,9.98%,,,,,,,,,ShowDailyK_ChartFlow,FinMind_API_TaiwanStockPrice_6182,True,2026-10-05T23:34:52,2026-10-05T23:34:52,2026-10-05T23:34:52
6182,合晶,2026-05-05,48.5,4.399999999999999,9.98%,,,,,,,,,ShowDailyK_ChartFlow,FinMind_API_TaiwanStockPrice_6182,True,2026-10-05T23:34:52,2026-10-05T23:34:52,2026-10-05T23:34:52
6182,合晶,2026-05-06,50.6,2.1000000000000014,4.33%,,,,,,,,,ShowDailyK_ChartFlow,FinMind_API_TaiwanStockPrice_6182,True,2026-10-05T23:34:52,2026-10-05T23:34:52,2026-10-05T23:34:52
6182,合晶,2026-05-07,55.6,5.0,9.88%,,,,,,,,,ShowDailyK_ChartFlow,FinMind_API_TaiwanStockPrice_6182,True,2026-10-05T23:34:52,2026-10-05T23:34:52,2026-10-05T23:34:52
6182,合晶,2026-05-08,56.9,1.2999999999999972,2.34%,,,,,,,,,ShowDailyK_ChartFlow,FinMind_API_TaiwanStockPrice_6182,True,2026-10-05T23:34:52,2026-10-05T23:34:52,2026-10-05T23:34:52
6182,合晶,2026-05-11,58.6,1.7000000000000028,2.99%,,,,,,,,,ShowDailyK_ChartFlow,FinMind_API_TaiwanStockPrice_6182,True,2026-10-05T23:34:52,2026-10-05T23:34:52,2026-10-05T23:34:52
6182,合晶,2026-05-12,56.3,-2.3000000000000043,-3.92%,,,,,,,,,ShowDailyK_ChartFlow,FinMind_API_TaiwanStockPrice_6182,True,2026-10-05T23:34:52,2026-10-05T23:34:52,2026-10-05T23:34:52
6182,合晶,2026-05-13,55.3,-1.0,-1.78%,,,,,,,,,ShowDailyK_ChartFlow,FinMind_API_TaiwanStockPrice_6182,True,2026-10-05T23:34:52,2026-10-05T23:34:52,2026-10-05T23:34:52
6182,合晶,2026-05-14,57.4,2.1000000000000014,3.80%,,,,,,,,,ShowDailyK_ChartFlow,FinMind_API_TaiwanStockPrice_6182,True,2026-10-05T23:34:52,2026-10-05T23:34:52,2026-10-05T23:34:52
6182,合晶,2026-05-15,55.2,-2.1999999999999957,-3.83%,,,,,,,,,ShowDailyK_ChartFlow,FinMind_API_TaiwanStockPrice_6182,True,2026-10-05T23:34:52,2026-10-05T23:34:52,2026-10-05T23:34:52
6182,合晶,2026-05-18,55.0,-0.20000000000000284,-0.36%,,,,,,,,,ShowDailyK_ChartFlow,FinMind_API_TaiwanStockPrice_6182,True,2026-10-05T23:34:52,2026-10-05T23:34:52,2026-10-05T23:34:52
6182,合晶,2026-05-19,55.5,0.5,0.91%,,,,,,,,,ShowDailyK_ChartFlow,FinMind_API_TaiwanStockPrice_6182,True,2026-10-05T23:34:52,2026-10-05T23:34:52,2026-10-05T23:34:52
6182,合晶,2026-05-20,57.9,2.3999999999999986,4.32%,,,,,,,,,ShowDailyK_ChartFlow,FinMind_API_TaiwanStockPrice_6182,True,2026-10-05T23:34:52,2026-10-05T23:34:52,2026-10-05T23:34:52
6182,合晶,2026-05-21,63.6,5.700000000000003,9.84%,,,,,,,,,ShowDailyK_ChartFlow,FinMind_API_TaiwanStockPrice_6182,True,2026-10-05T23:34:52,2026-10-05T23:34:52,2026-10-05T23:34:52
6182,合晶,2026-05-22,69.9,6.300000000000004,9.91%,,,,,,,,,ShowDailyK_ChartFlow,FinMind_API_TaiwanStockPrice_6182,True,2026-10-05T23:34:52,2026-10-05T23:34:52,2026-10-05T23:34:52
6182,合晶,2026-05-25,76.8,6.8999999999999915,9.87%,,,,,,,,,ShowDailyK_ChartFlow,FinMind_API_TaiwanStockPrice_6182,True,2026-10-05T23:34:52,2026-10-05T23:34:52,2026-10-05T23:34:52
6182,合晶,2026-05-26,84.4,7.6000000000000085,9.90%,,,,,,,,,ShowDailyK_ChartFlow,FinMind_API_TaiwanStockPrice_6182,True,2026-10-05T23:34:52,2026-10-05T23:34:52,2026-10-05T23:34:52
6182,合晶,2026-05-27,90.2,5.799999999999997,6.87%,,,,,,,,,ShowDailyK_ChartFlow,FinMind_API_TaiwanStockPrice_6182,True,2026-10-05T23:34:52,2026-10-05T23:34:52,2026-10-05T23:34:52
6182,合晶,2026-05-28,90.7,0.5,0.55%,,,,,,,,,ShowDailyK_ChartFlow,FinMind_API_TaiwanStockPrice_6182,True,2026-10-05T23:34:52,2026-10-05T23:34:52,2026-10-05T23:34:52
6182,合晶,2026-05-29,99.5,8.799999999999997,9.70%,,,,,,,,,ShowDailyK_ChartFlow,FinMind_API_TaiwanStockPrice_6182,True,2026-10-05T23:34:52,2026-10-05T23:34:52,2026-10-05T23:34:52
6182,合晶,2026-06-01,97.0,-2.5,-2.51%,,,,,,,,,ShowDailyK_ChartFlow,FinMind_API_TaiwanStockPrice_6182,True,2026-10-05T23:34:52,2026-10-05T23:34:52,2026-10-05T23:34:52
6182,合晶,2026-06-02,90.1,-6.900000000000006,-7.11%,,,,,,,,,ShowDailyK_ChartFlow,FinMind_API_TaiwanStockPrice_6182,True,2026-10-05T23:34:52,2026-10-05T23:34:52,2026-10-05T23:34:52
6182,合晶,2026-06-03,96.9,6.800000000000011,7.55%,,,,,,,,,ShowDailyK_ChartFlow,FinMind_API_TaiwanStockPrice_6182,True,2026-10-05T23:34:52,2026-10-05T23:34:52,2026-10-05T23:34:52
6182,合晶,2026-06-04,90.9,-6.0,-6.19%,,,,,,,,,ShowDailyK_ChartFlow,FinMind_API_TaiwanStockPrice_6182,True,2026-10-05T23:34:52,2026-10-05T23:34:52,2026-10-05T23:34:52
6182,合晶,2026-06-05,85.5,-5.400000000000006,-5.94%,,,,,,,,,ShowDailyK_ChartFlow,FinMind_API_TaiwanStockPrice_6182,True,2026-10-05T23:34:52,2026-10-05T23:34:52,2026-10-05T23:34:52
6182,合晶,2026-06-08,80.0,-5.5,-6.43%,,,,,,,,,ShowDailyK_ChartFlow,FinMind_API_TaiwanStockPrice_6182,True,2026-10-05T23:34:52,2026-10-05T23:34:52,2026-10-05T23:34:52
6182,合晶,2026-06-09,87.2,7.200000000000003,9.00%,,,,,,,,,ShowDailyK_ChartFlow,FinMind_API_TaiwanStockPrice_6182,True,2026-10-05T23:34:52,2026-10-05T23:34:52,2026-10-05T23:34:52
6182,合晶,2026-06-10,78.5,-8.700000000000003,-9.98%,,,,,,,,,ShowDailyK_ChartFlow,FinMind_API_TaiwanStockPrice_6182,True,2026-10-05T23:34:52,2026-10-05T23:34:52,2026-10-05T23:34:52
6182,合晶,2026-06-11,80.9,2.4000000000000057,3.06%,,,,,,,,,ShowDailyK_ChartFlow,FinMind_API_TaiwanStockPrice_6182,True,2026-10-05T23:34:52,2026-10-05T23:34:52,2026-10-05T23:34:52
6182,合晶,2026-06-12,88.9,8.0,9.89%,,,,,,,,,ShowDailyK_ChartFlow,FinMind_API_TaiwanStockPrice_6182,True,2026-10-05T23:34:52,2026-10-05T23:34:52,2026-10-05T23:34:52
6182,合晶,2026-06-15,97.7,8.799999999999997,9.90%,,,,,,,,,ShowDailyK_ChartFlow,FinMind_API_TaiwanStockPrice_6182,True,2026-10-05T23:34:52,2026-10-05T23:34:52,2026-10-05T23:34:52
6182,合晶,2026-06-16,107.0,9.299999999999997,9.52%,,,,,,,,,ShowDailyK_ChartFlow,FinMind_API_TaiwanStockPrice_6182,True,2026-10-05T23:34:52,2026-10-05T23:34:52,2026-10-05T23:34:52
6182,合晶,2026-06-17,114.0,7.0,6.54%,,,,,,,,,ShowDailyK_ChartFlow,FinMind_API_TaiwanStockPrice_6182,True,2026-10-05T23:34:52,2026-10-05T23:34:52,2026-10-05T23:34:52
6182,合晶,2026-06-18,120.0,6.0,5.26%,,,,,,,,,ShowDailyK_ChartFlow,FinMind_API_TaiwanStockPrice_6182,True,2026-10-05T23:34:52,2026-10-05T23:34:52,2026-10-05T23:34:52
6182,合晶,2026-06-22,116.5,-3.5,-2.92%,,,,,,,,,ShowDailyK_ChartFlow,FinMind_API_TaiwanStockPrice_6182,True,2026-10-05T23:34:52,2026-10-05T23:34:52,2026-10-05T23:34:52
6182,合晶,2026-06-23,114.5,-2.0,-1.72%,,,,,,,,,ShowDailyK_ChartFlow,FinMind_API_TaiwanStockPrice_6182,True,2026-10-05T23:34:52,2026-10-05T23:34:52,2026-10-05T23:34:52
6182,合晶,2026-06-24,116.0,1.5,1.31%,,,,,,,,,ShowDailyK_ChartFlow,FinMind_API_TaiwanStockPrice_6182,True,2026-10-05T23:34:52,2026-10-05T23:34:52,2026-10-05T23:34:52
6182,合晶,2026-06-25,125.0,9.0,7.76%,,,,,,,,,ShowDailyK_ChartFlow,FinMind_API_TaiwanStockPrice_6182,True,2026-10-05T23:34:52,2026-10-05T23:34:52,2026-10-05T23:34:52
6182,合晶,2026-06-26,119.5,-5.5,-4.40%,,,,,,,,,ShowDailyK_ChartFlow,FinMind_API_TaiwanStockPrice_6182,True,2026-10-05T23:34:52,2026-10-05T23:34:52,2026-10-05T23:34:52
6182,合晶,2026-06-29,112.0,-7.5,-6.28%,,,,,,,,,ShowDailyK_ChartFlow,FinMind_API_TaiwanStockPrice_6182,True,2026-10-05T23:34:52,2026-10-05T23:34:52,2026-10-05T23:34:52
6182,合晶,2026-06-30,123.0,11.0,9.82%,,,,,,,,,ShowDailyK_ChartFlow,FinMind_API_TaiwanStockPrice_6182,True,2026-10-05T23:34:52,2026-10-05T23:34:52,2026-10-05T23:34:52
6182,合晶,2026-07-01,135.0,12.0,9.76%,,,,,,,,,ShowDailyK_ChartFlow,FinMind_API_TaiwanStockPrice_6182,True,2026-10-05T23:34:52,2026-10-05T23:34:52,2026-10-05T23:34:52
6182,合晶,2026-07-02,148.5,13.5,10.00%,,,,,,,,,ShowDailyK_ChartFlow,FinMind_API_TaiwanStockPrice_6182,True,2026-10-05T23:34:52,2026-10-05T23:34:52,2026-10-05T23:34:52
6182,合晶,2026-07-03,163.0,14.5,9.76%,,,,,,,,,ShowDailyK_ChartFlow,FinMind_API_TaiwanStockPrice_6182,True,2026-10-05T23:34:52,2026-10-05T23:34:52,2026-10-05T23:34:52
6182,合晶,2026-07-06,156.0,-7.0,-4.29%,,,,,,,,,ShowDailyK_ChartFlow,FinMind_API_TaiwanStockPrice_6182,True,2026-10-05T23:34:52,2026-10-05T23:34:52,2026-10-05T23:34:52
6182,合晶,2026-07-07,145.5,-10.5,-6.73%,,,,,,,,,ShowDailyK_ChartFlow,FinMind_API_TaiwanStockPrice_6182,True,2026-10-05T23:34:52,2026-10-05T23:34:52,2026-10-05T23:34:52
6182,合晶,2026-07-08,160.0,14.5,9.97%,,,,,,,,,ShowDailyK_ChartFlow,FinMind_API_TaiwanStockPrice_6182,True,2026-10-05T23:34:52,2026-10-05T23:34:52,2026-10-05T23:34:52
6182,合晶,2026-07-09,172.5,12.5,7.81%,,,,,,,,,ShowDailyK_ChartFlow,FinMind_API_TaiwanStockPrice_6182,True,2026-10-05T23:34:52,2026-10-05T23:34:52,2026-10-05T23:34:52
6182,合晶,2026-07-13,189.5,17.0,9.86%,,,,,,,,,ShowDailyK_ChartFlow,FinMind_API_TaiwanStockPrice_6182,True,2026-10-05T23:34:52,2026-10-05T23:34:52,2026-10-05T23:34:52
6182,合晶,2026-07-14,186.5,-3.0,-1.58%,,,,,,,,,ShowDailyK_ChartFlow,FinMind_API_TaiwanStockPrice_6182,True,2026-10-05T23:34:52,2026-10-05T23:34:52,2026-10-05T23:34:52
6182,合晶,2026-07-15,179.5,-7.0,-3.75%,,,,,,,,,ShowDailyK_ChartFlow,FinMind_API_TaiwanStockPrice_6182,True,2026-10-05T23:34:52,2026-10-05T23:34:52,2026-10-05T23:34:52
6182,合晶,2026-07-16,166.0,-13.5,-7.52%,,,,,,,,,ShowDailyK_ChartFlow,FinMind_API_TaiwanStockPrice_6182,True,2026-10-05T23:34:52,2026-10-05T23:34:52,2026-10-05T23:34:52
6182,合晶,2026-07-17,149.5,-16.5,-9.94%,,,,,,,,,ShowDailyK_ChartFlow,FinMind_API_TaiwanStockPrice_6182,True,2026-10-05T23:34:52,2026-10-05T23:34:52,2026-10-05T23:34:52
6182,合晶,2026-07-20,135.0,-14.5,-9.70%,,,,,,,,,ShowDailyK_ChartFlow,FinMind_API_TaiwanStockPrice_6182,True,2026-10-05T23:34:52,2026-10-05T23:34:52,2026-10-05T23:34:52
6182,合晶,2026-07-21,130.0,-5.0,-3.70%,,,,,,,,,ShowDailyK_ChartFlow,FinMind_API_TaiwanStockPrice_6182,True,2026-10-05T23:34:52,2026-10-05T23:34:52,2026-10-05T23:34:52
6182,合晶,2026-07-22,129.0,-1.0,-0.77%,,,,,,,,,ShowDailyK_ChartFlow,FinMind_API_TaiwanStockPrice_6182,True,2026-10-05T23:34:52,2026-10-05T23:34:52,2026-10-05T23:34:52
6182,合晶,2026-07-23,126.5,-2.5,-1.94%,,,,,,,,,ShowDailyK_ChartFlow,FinMind_API_TaiwanStockPrice_6182,True,2026-10-05T23:34:52,2026-10-05T23:34:52,2026-10-05T23:34:52
6182,合晶,2026-07-24,114.0,-12.5,-9.88%,,,,,,,,,ShowDailyK_ChartFlow,FinMind_API_TaiwanStockPrice_6182,True,2026-10-05T23:34:52,2026-10-05T23:34:52,2026-10-05T23:34:52
6182,合晶,2026-07-27,116.0,2.0,1.75%,,,,,,,,,ShowDailyK_ChartFlow,FinMind_API_TaiwanStockPrice_6182,True,2026-10-05T23:34:52,2026-10-05T23:34:52,2026-10-05T23:34:52
6182,合晶,2026-07-28,104.5,-11.5,-9.91%,,,,,,,,,ShowDailyK_ChartFlow,FinMind_API_TaiwanStockPrice_6182,True,2026-10-05T23:34:52,2026-10-05T23:34:52,2026-10-05T23:34:52
6182,合晶,2026-07-29,94.1,-10.400000000000006,-9.95%,,,,,,,,,ShowDailyK_ChartFlow,FinMind_API_TaiwanStockPrice_6182,True,2026-10-05T23:34:52,2026-10-05T23:34:52,2026-10-05T23:34:52
6182,合晶,2026-07-30,84.7,-9.399999999999991,-9.99%,,,,,,,,,ShowDailyK_ChartFlow,FinMind_API_TaiwanStockPrice_6182,True,2026-10-05T23:34:52,2026-10-05T23:34:52,2026-10-05T23:34:52
6182,合晶,2026-07-31,89.0,4.299999999999997,5.08%,,,,,,,,,ShowDailyK_ChartFlow,FinMind_API_TaiwanStockPrice_6182,True,2026-10-05T23:34:52,2026-10-05T23:34:52,2026-10-05T23:34:52
6182,合晶,2026-08-03,88.1,-0.9000000000000057,-1.01%,,,,,,,,,ShowDailyK_ChartFlow,FinMind_API_TaiwanStockPrice_6182,True,2026-10-05T23:34:52,2026-10-05T23:34:52,2026-10-05T23:34:52
6182,合晶,2026-08-04,96.9,8.800000000000011,9.99%,,,,,,,,,ShowDailyK_ChartFlow,FinMind_API_TaiwanStockPrice_6182,True,2026-10-05T23:34:52,2026-10-05T23:34:52,2026-10-05T23:34:52
6182,合晶,2026-08-05,104.0,7.099999999999994,7.33%,,,,,,,,,ShowDailyK_ChartFlow,FinMind_API_TaiwanStockPrice_6182,True,2026-10-05T23:34:52,2026-10-05T23:34:52,2026-10-05T23:34:52
6182,合晶,2026-08-06,108.0,4.0,3.85%,,,,,,,,,ShowDailyK_ChartFlow,FinMind_API_TaiwanStockPrice_6182,True,2026-10-05T23:34:52,2026-10-05T23:34:52,2026-10-05T23:34:52
6182,合晶,2026-08-07,101.0,-7.0,-6.48%,,,,,,,,,ShowDailyK_ChartFlow,FinMind_API_TaiwanStockPrice_6182,True,2026-10-05T23:34:52,2026-10-05T23:34:52,2026-10-05T23:34:52
6182,合晶,2026-08-10,93.0,-8.0,-7.92%,,,,,,,,,ShowDailyK_ChartFlow,FinMind_API_TaiwanStockPrice_6182,True,2026-10-05T23:34:52,2026-10-05T23:34:52,2026-10-05T23:34:52
6182,合晶,2026-08-11,94.0,1.0,1.08%,,,,,,,,,ShowDailyK_ChartFlow,FinMind_API_TaiwanStockPrice_6182,True,2026-10-05T23:34:52,2026-10-05T23:34:52,2026-10-05T23:34:52
6182,合晶,2026-08-12,103.0,9.0,9.57%,,,,,,,,,ShowDailyK_ChartFlow,FinMind_API_TaiwanStockPrice_6182,True,2026-10-05T23:34:52,2026-10-05T23:34:52,2026-10-05T23:34:52
6182,合晶,2026-08-13,113.0,10.0,9.71%,,,,,,,,,ShowDailyK_ChartFlow,FinMind_API_TaiwanStockPrice_6182,True,2026-10-05T23:34:52,2026-10-05T23:34:52,2026-10-05T23:34:52
6182,合晶,2026-08-14,111.5,-1.5,-1.33%,,,,,,,,,ShowDailyK_ChartFlow,FinMind_API_TaiwanStockPrice_6182,True,2026-10-05T23:34:52,2026-10-05T23:34:52,2026-10-05T23:34:52
6182,合晶,2026-08-17,122.5,11.0,9.87%,,,,,,,,,ShowDailyK_ChartFlow,FinMind_API_TaiwanStockPrice_6182,True,2026-10-05T23:34:52,2026-10-05T23:34:52,2026-10-05T23:34:52
6182,合晶,2026-08-18,120.0,-2.5,-2.04%,,,,,,,,,ShowDailyK_ChartFlow,FinMind_API_TaiwanStockPrice_6182,True,2026-10-05T23:34:52,2026-10-05T23:34:52,2026-10-05T23:34:52
6182,合晶,2026-08-19,110.0,-10.0,-8.33%,,,,,,,,,ShowDailyK_ChartFlow,FinMind_API_TaiwanStockPrice_6182,True,2026-10-05T23:34:52,2026-10-05T23:34:52,2026-10-05T23:34:52
6182,合晶,2026-08-20,109.5,-0.5,-0.45%,,,,,,,,,ShowDailyK_ChartFlow,FinMind_API_TaiwanStockPrice_6182,True,2026-10-05T23:34:52,2026-10-05T23:34:52,2026-10-05T23:34:52
6182,合晶,2026-08-21,106.0,-3.5,-3.20%,,,,,,,,,ShowDailyK_ChartFlow,FinMind_API_TaiwanStockPrice_6182,True,2026-10-05T23:34:52,2026-10-05T23:34:52,2026-10-05T23:34:52
6182,合晶,2026-08-24,110.0,4.0,3.77%,,,,,,,,,ShowDailyK_ChartFlow,FinMind_API_TaiwanStockPrice_6182,True,2026-10-05T23:34:52,2026-10-05T23:34:52,2026-10-05T23:34:52
6182,合晶,2026-08-25,108.0,-2.0,-1.82%,,,,,,,,,ShowDailyK_ChartFlow,FinMind_API_TaiwanStockPrice_6182,True,2026-10-05T23:34:52,2026-10-05T23:34:52,2026-10-05T23:34:52
6182,合晶,2026-08-26,107.0,-1.0,-0.93%,,,,,,,,,ShowDailyK_ChartFlow,FinMind_API_TaiwanStockPrice_6182,True,2026-10-05T23:34:52,2026-10-05T23:34:52,2026-10-05T23:34:52
6182,合晶,2026-08-27,109.0,2.0,1.87%,,,,,,,,,ShowDailyK_ChartFlow,FinMind_API_TaiwanStockPrice_6182,True,2026-10-05T23:34:52,2026-10-05T23:34:52,2026-10-05T23:34:52
6182,合晶,2026-08-28,110.0,1.0,0.92%,,,,,,,,,ShowDailyK_ChartFlow,FinMind_API_TaiwanStockPrice_6182,True,2026-10-05T23:34:52,2026-10-05T23:34:52,2026-10-05T23:34:52
6182,合晶,2026-08-31,105.5,-4.5,-4.09%,,,,,,,,,ShowDailyK_ChartFlow,FinMind_API_TaiwanStockPrice_6182,True,2026-10-05T23:34:52,2026-10-05T23:34:52,2026-10-05T23:34:52
6182,合晶,2026-09-01,116.0,10.5,9.95%,,,,,,,,,ShowDailyK_ChartFlow,FinMind_API_TaiwanStockPrice_6182,True,2026-10-05T23:34:52,2026-10-05T23:34:52,2026-10-05T23:34:52
6182,合晶,2026-09-02,110.5,-5.5,-4.74%,,,,,,,,,ShowDailyK_ChartFlow,FinMind_API_TaiwanStockPrice_6182,True,2026-10-05T23:34:52,2026-10-05T23:34:52,2026-10-05T23:34:52
6182,合晶,2026-09-03,104.5,-6.0,-5.43%,,,,,,,,,ShowDailyK_ChartFlow,FinMind_API_TaiwanStockPrice_6182,True,2026-10-05T23:34:52,2026-10-05T23:34:52,2026-10-05T23:34:52
6182,合晶,2026-09-04,111.0,6.5,6.22%,,,,,,,,,ShowDailyK_ChartFlow,FinMind_API_TaiwanStockPrice_6182,True,2026-10-05T23:34:52,2026-10-05T23:34:52,2026-10-05T23:34:52
6182,合晶,2026-09-07,111.5,0.5,0.45%,,,,,,,,,ShowDailyK_ChartFlow,FinMind_API_TaiwanStockPrice_6182,True,2026-10-05T23:34:52,2026-10-05T23:34:52,2026-10-05T23:34:52
6182,合晶,2026-09-08,109.0,-2.5,-2.24%,,,,,,,,,ShowDailyK_ChartFlow,FinMind_API_TaiwanStockPrice_6182,True,2026-10-05T23:34:52,2026-10-05T23:34:52,2026-10-05T23:34:52
6182,合晶,2026-09-09,110.5,1.5,1.38%,,,,,,,,,ShowDailyK_ChartFlow,FinMind_API_TaiwanStockPrice_6182,True,2026-10-05T23:34:52,2026-10-05T23:34:52,2026-10-05T23:34:52
6182,合晶,2026-09-10,108.5,-2.0,-1.81%,,,,,,,,,ShowDailyK_ChartFlow,FinMind_API_TaiwanStockPrice_6182,True,2026-10-05T23:34:52,2026-10-05T23:34:52,2026-10-05T23:34:52
6182,合晶,2026-09-11,104.5,-4.0,-3.69%,,,,,,,,,ShowDailyK_ChartFlow,FinMind_API_TaiwanStockPrice_6182,True,2026-10-05T23:34:52,2026-10-05T23:34:52,2026-10-05T23:34:52
6182,合晶,2026-09-14,103.5,-1.0,-0.96%,,,,,,,,,ShowDailyK_ChartFlow,FinMind_API_TaiwanStockPrice_6182,True,2026-10-05T23:34:52,2026-10-05T23:34:52,2026-10-05T23:34:52
6182,合晶,2026-09-15,105.5,2.0,1.93%,,,,,,,,,ShowDailyK_ChartFlow,FinMind_API_TaiwanStockPrice_6182,True,2026-10-05T23:34:52,2026-10-05T23:34:52,2026-10-05T23:34:52
6182,合晶,2026-09-16,112.0,6.5,6.16%,,,,,,,,,ShowDailyK_ChartFlow,FinMind_API_TaiwanStockPrice_6182,True,2026-10-05T23:34:52,2026-10-05T23:34:52,2026-10-05T23:34:52
6182,合晶,2026-09-17,110.5,-1.5,-1.34%,,,,,,,,,ShowDailyK_ChartFlow,FinMind_API_TaiwanStockPrice_6182,True,2026-10-05T23:34:52,2026-10-05T23:34:52,2026-10-05T23:34:52
6182,合晶,2026-09-18,116.0,5.5,4.98%,,,,,,,,,ShowDailyK_ChartFlow,FinMind_API_TaiwanStockPrice_6182,True,2026-10-05T23:34:52,2026-10-05T23:34:52,2026-10-05T23:34:52
6182,合晶,2026-09-21,115.0,-1.0,-0.86%,,,,,,,,,ShowDailyK_ChartFlow,FinMind_API_TaiwanStockPrice_6182,True,2026-10-05T23:34:52,2026-10-05T23:34:52,2026-10-05T23:34:52
6182,合晶,2026-09-22,119.0,4.0,3.48%,,,,,,,,,ShowDailyK_ChartFlow,FinMind_API_TaiwanStockPrice_6182,True,2026-10-05T23:34:52,2026-10-05T23:34:52,2026-10-05T23:34:52
6182,合晶,2026-09-23,115.5,-3.5,-2.94%,,,,,,,,,ShowDailyK_ChartFlow,FinMind_API_TaiwanStockPrice_6182,True,2026-10-05T23:34:52,2026-10-05T23:34:52,2026-10-05T23:34:52
6182,合晶,2026-09-24,120.5,5.0,4.33%,,,,,,,,,ShowDailyK_ChartFlow,FinMind_API_TaiwanStockPrice_6182,True,2026-10-05T23:34:52,2026-10-05T23:34:52,2026-10-05T23:34:52
6182,合晶,2026-09-29,121.0,0.5,0.41%,,,,,,,,,ShowDailyK_ChartFlow,FinMind_API_TaiwanStockPrice_6182,True,2026-10-05T23:34:52,2026-10-05T23:34:52,2026-10-05T23:34:52
6182,合晶,2026-09-30,133.0,12.0,9.92%,,,,,,,,,ShowDailyK_ChartFlow,FinMind_API_TaiwanStockPrice_6182,True,2026-10-05T23:34:52,2026-10-05T23:34:52,2026-10-05T23:34:52
6182,合晶,2026-10-01,130.0,-3.0,-2.26%,,,,,,,,,ShowDailyK_ChartFlow,FinMind_API_TaiwanStockPrice_6182,True,2026-10-05T23:34:52,2026-10-05T23:34:52,2026-10-05T23:34:52
6182,合晶,2026-10-02,135.0,5.0,3.85%,,,,,,,,,ShowDailyK_ChartFlow,FinMind_API_TaiwanStockPrice_6182,True,2026-10-05T23:34:52,2026-10-05T23:34:52,2026-10-05T23:34:52
6182,合晶,2026-10-05,131.5,-3.5,-2.59%,,,,,,,,,ShowDailyK_ChartFlow,FinMind_API_TaiwanStockPrice_6182,True,2026-10-05T23:34:52,2026-10-05T23:34:52,2026-10-05T23:34:52
