stock_code,company_name,交易_日期,收盤價_元,漲跌價_元,漲跌幅_pct,河流圖_eps_元,目前_per_倍,本益比試算價格_15x_元,本益比試算價格_18x_元,本益比試算價格_21x_元,本益比試算價格_24x_元,本益比試算價格_27x_元,本益比試算價格_30x_元,file_type,source_file,download_success,download_timestamp,process_timestamp,stage1_process_timestamp
4114,健喬,2021-01-04,25.4,,,,,,,,,,,ShowDailyK_ChartFlow,FinMind_API_TaiwanStockPrice_4114,True,2026-09-29T21:29:54,2026-09-29T21:29:54,2026-09-29T21:29:54
4114,健喬,2021-01-05,25.25,-0.14999999999999858,-0.59%,,,,,,,,,ShowDailyK_ChartFlow,FinMind_API_TaiwanStockPrice_4114,True,2026-09-29T21:29:54,2026-09-29T21:29:54,2026-09-29T21:29:54
4114,健喬,2021-01-06,25.05,-0.1999999999999993,-0.79%,,,,,,,,,ShowDailyK_ChartFlow,FinMind_API_TaiwanStockPrice_4114,True,2026-09-29T21:29:54,2026-09-29T21:29:54,2026-09-29T21:29:54
4114,健喬,2021-01-07,25.0,-0.05000000000000071,-0.20%,,,,,,,,,ShowDailyK_ChartFlow,FinMind_API_TaiwanStockPrice_4114,True,2026-09-29T21:29:54,2026-09-29T21:29:54,2026-09-29T21:29:54
4114,健喬,2021-01-08,24.85,-0.14999999999999858,-0.60%,,,,,,,,,ShowDailyK_ChartFlow,FinMind_API_TaiwanStockPrice_4114,True,2026-09-29T21:29:54,2026-09-29T21:29:54,2026-09-29T21:29:54
4114,健喬,2021-01-11,24.85,0.0,0.00%,,,,,,,,,ShowDailyK_ChartFlow,FinMind_API_TaiwanStockPrice_4114,True,2026-09-29T21:29:54,2026-09-29T21:29:54,2026-09-29T21:29:54
4114,健喬,2021-01-12,25.0,0.14999999999999858,0.60%,,,,,,,,,ShowDailyK_ChartFlow,FinMind_API_TaiwanStockPrice_4114,True,2026-09-29T21:29:54,2026-09-29T21:29:54,2026-09-29T21:29:54
4114,健喬,2021-01-13,24.85,-0.14999999999999858,-0.60%,,,,,,,,,ShowDailyK_ChartFlow,FinMind_API_TaiwanStockPrice_4114,True,2026-09-29T21:29:54,2026-09-29T21:29:54,2026-09-29T21:29:54
4114,健喬,2021-01-14,24.85,0.0,0.00%,,,,,,,,,ShowDailyK_ChartFlow,FinMind_API_TaiwanStockPrice_4114,True,2026-09-29T21:29:54,2026-09-29T21:29:54,2026-09-29T21:29:54
4114,健喬,2021-01-15,24.45,-0.40000000000000213,-1.61%,,,,,,,,,ShowDailyK_ChartFlow,FinMind_API_TaiwanStockPrice_4114,True,2026-09-29T21:29:54,2026-09-29T21:29:54,2026-09-29T21:29:54
4114,健喬,2021-01-18,24.5,0.05000000000000071,0.20%,,,,,,,,,ShowDailyK_ChartFlow,FinMind_API_TaiwanStockPrice_4114,True,2026-09-29T21:29:54,2026-09-29T21:29:54,2026-09-29T21:29:54
4114,健喬,2021-01-19,24.5,0.0,0.00%,,,,,,,,,ShowDailyK_ChartFlow,FinMind_API_TaiwanStockPrice_4114,True,2026-09-29T21:29:54,2026-09-29T21:29:54,2026-09-29T21:29:54
4114,健喬,2021-01-20,24.05,-0.4499999999999993,-1.84%,,,,,,,,,ShowDailyK_ChartFlow,FinMind_API_TaiwanStockPrice_4114,True,2026-09-29T21:29:54,2026-09-29T21:29:54,2026-09-29T21:29:54
4114,健喬,2021-01-21,23.95,-0.10000000000000142,-0.42%,,,,,,,,,ShowDailyK_ChartFlow,FinMind_API_TaiwanStockPrice_4114,True,2026-09-29T21:29:54,2026-09-29T21:29:54,2026-09-29T21:29:54
4114,健喬,2021-01-22,23.7,-0.25,-1.04%,,,,,,,,,ShowDailyK_ChartFlow,FinMind_API_TaiwanStockPrice_4114,True,2026-09-29T21:29:54,2026-09-29T21:29:54,2026-09-29T21:29:54
4114,健喬,2021-01-25,26.05,2.3500000000000014,9.92%,,,,,,,,,ShowDailyK_ChartFlow,FinMind_API_TaiwanStockPrice_4114,True,2026-09-29T21:29:54,2026-09-29T21:29:54,2026-09-29T21:29:54
4114,健喬,2021-01-26,24.5,-1.5500000000000007,-5.95%,,,,,,,,,ShowDailyK_ChartFlow,FinMind_API_TaiwanStockPrice_4114,True,2026-09-29T21:29:54,2026-09-29T21:29:54,2026-09-29T21:29:54
4114,健喬,2021-01-27,24.35,-0.14999999999999858,-0.61%,,,,,,,,,ShowDailyK_ChartFlow,FinMind_API_TaiwanStockPrice_4114,True,2026-09-29T21:29:54,2026-09-29T21:29:54,2026-09-29T21:29:54
4114,健喬,2021-01-28,24.05,-0.3000000000000007,-1.23%,,,,,,,,,ShowDailyK_ChartFlow,FinMind_API_TaiwanStockPrice_4114,True,2026-09-29T21:29:54,2026-09-29T21:29:54,2026-09-29T21:29:54
4114,健喬,2021-01-29,23.9,-0.15000000000000213,-0.62%,,,,,,,,,ShowDailyK_ChartFlow,FinMind_API_TaiwanStockPrice_4114,True,2026-09-29T21:29:54,2026-09-29T21:29:54,2026-09-29T21:29:54
4114,健喬,2021-02-01,23.9,0.0,0.00%,,,,,,,,,ShowDailyK_ChartFlow,FinMind_API_TaiwanStockPrice_4114,True,2026-09-29T21:29:54,2026-09-29T21:29:54,2026-09-29T21:29:54
4114,健喬,2021-02-02,24.0,0.10000000000000142,0.42%,,,,,,,,,ShowDailyK_ChartFlow,FinMind_API_TaiwanStockPrice_4114,True,2026-09-29T21:29:54,2026-09-29T21:29:54,2026-09-29T21:29:54
4114,健喬,2021-02-03,23.9,-0.10000000000000142,-0.42%,,,,,,,,,ShowDailyK_ChartFlow,FinMind_API_TaiwanStockPrice_4114,True,2026-09-29T21:29:54,2026-09-29T21:29:54,2026-09-29T21:29:54
4114,健喬,2021-02-04,24.3,0.40000000000000213,1.67%,,,,,,,,,ShowDailyK_ChartFlow,FinMind_API_TaiwanStockPrice_4114,True,2026-09-29T21:29:54,2026-09-29T21:29:54,2026-09-29T21:29:54
4114,健喬,2021-02-05,24.2,-0.10000000000000142,-0.41%,,,,,,,,,ShowDailyK_ChartFlow,FinMind_API_TaiwanStockPrice_4114,True,2026-09-29T21:29:54,2026-09-29T21:29:54,2026-09-29T21:29:54
4114,健喬,2021-02-17,24.3,0.10000000000000142,0.41%,,,,,,,,,ShowDailyK_ChartFlow,FinMind_API_TaiwanStockPrice_4114,True,2026-09-29T21:29:54,2026-09-29T21:29:54,2026-09-29T21:29:54
4114,健喬,2021-02-18,24.8,0.5,2.06%,,,,,,,,,ShowDailyK_ChartFlow,FinMind_API_TaiwanStockPrice_4114,True,2026-09-29T21:29:54,2026-09-29T21:29:54,2026-09-29T21:29:54
4114,健喬,2021-02-19,25.05,0.25,1.01%,,,,,,,,,ShowDailyK_ChartFlow,FinMind_API_TaiwanStockPrice_4114,True,2026-09-29T21:29:54,2026-09-29T21:29:54,2026-09-29T21:29:54
4114,健喬,2021-02-22,25.3,0.25,1.00%,,,,,,,,,ShowDailyK_ChartFlow,FinMind_API_TaiwanStockPrice_4114,True,2026-09-29T21:29:54,2026-09-29T21:29:54,2026-09-29T21:29:54
4114,健喬,2021-02-23,25.6,0.3000000000000007,1.19%,,,,,,,,,ShowDailyK_ChartFlow,FinMind_API_TaiwanStockPrice_4114,True,2026-09-29T21:29:54,2026-09-29T21:29:54,2026-09-29T21:29:54
4114,健喬,2021-02-24,25.3,-0.3000000000000007,-1.17%,,,,,,,,,ShowDailyK_ChartFlow,FinMind_API_TaiwanStockPrice_4114,True,2026-09-29T21:29:54,2026-09-29T21:29:54,2026-09-29T21:29:54
4114,健喬,2021-02-25,25.4,0.09999999999999787,0.40%,,,,,,,,,ShowDailyK_ChartFlow,FinMind_API_TaiwanStockPrice_4114,True,2026-09-29T21:29:54,2026-09-29T21:29:54,2026-09-29T21:29:54
4114,健喬,2021-02-26,25.65,0.25,0.98%,,,,,,,,,ShowDailyK_ChartFlow,FinMind_API_TaiwanStockPrice_4114,True,2026-09-29T21:29:54,2026-09-29T21:29:54,2026-09-29T21:29:54
4114,健喬,2021-03-02,25.55,-0.09999999999999787,-0.39%,,,,,,,,,ShowDailyK_ChartFlow,FinMind_API_TaiwanStockPrice_4114,True,2026-09-29T21:29:54,2026-09-29T21:29:54,2026-09-29T21:29:54
4114,健喬,2021-03-03,25.65,0.09999999999999787,0.39%,,,,,,,,,ShowDailyK_ChartFlow,FinMind_API_TaiwanStockPrice_4114,True,2026-09-29T21:29:54,2026-09-29T21:29:54,2026-09-29T21:29:54
4114,健喬,2021-03-04,25.55,-0.09999999999999787,-0.39%,,,,,,,,,ShowDailyK_ChartFlow,FinMind_API_TaiwanStockPrice_4114,True,2026-09-29T21:29:54,2026-09-29T21:29:54,2026-09-29T21:29:54
4114,健喬,2021-03-05,25.6,0.05000000000000071,0.20%,,,,,,,,,ShowDailyK_ChartFlow,FinMind_API_TaiwanStockPrice_4114,True,2026-09-29T21:29:54,2026-09-29T21:29:54,2026-09-29T21:29:54
4114,健喬,2021-03-08,25.3,-0.3000000000000007,-1.17%,,,,,,,,,ShowDailyK_ChartFlow,FinMind_API_TaiwanStockPrice_4114,True,2026-09-29T21:29:54,2026-09-29T21:29:54,2026-09-29T21:29:54
4114,健喬,2021-03-09,25.45,0.14999999999999858,0.59%,,,,,,,,,ShowDailyK_ChartFlow,FinMind_API_TaiwanStockPrice_4114,True,2026-09-29T21:29:54,2026-09-29T21:29:54,2026-09-29T21:29:54
4114,健喬,2021-03-10,25.85,0.40000000000000213,1.57%,,,,,,,,,ShowDailyK_ChartFlow,FinMind_API_TaiwanStockPrice_4114,True,2026-09-29T21:29:54,2026-09-29T21:29:54,2026-09-29T21:29:54
4114,健喬,2021-03-11,26.05,0.1999999999999993,0.77%,,,,,,,,,ShowDailyK_ChartFlow,FinMind_API_TaiwanStockPrice_4114,True,2026-09-29T21:29:54,2026-09-29T21:29:54,2026-09-29T21:29:54
4114,健喬,2021-03-12,25.95,-0.10000000000000142,-0.38%,,,,,,,,,ShowDailyK_ChartFlow,FinMind_API_TaiwanStockPrice_4114,True,2026-09-29T21:29:54,2026-09-29T21:29:54,2026-09-29T21:29:54
4114,健喬,2021-03-15,26.05,0.10000000000000142,0.39%,,,,,,,,,ShowDailyK_ChartFlow,FinMind_API_TaiwanStockPrice_4114,True,2026-09-29T21:29:54,2026-09-29T21:29:54,2026-09-29T21:29:54
4114,健喬,2021-03-16,26.05,0.0,0.00%,,,,,,,,,ShowDailyK_ChartFlow,FinMind_API_TaiwanStockPrice_4114,True,2026-09-29T21:29:54,2026-09-29T21:29:54,2026-09-29T21:29:54
4114,健喬,2021-03-17,26.0,-0.05000000000000071,-0.19%,,,,,,,,,ShowDailyK_ChartFlow,FinMind_API_TaiwanStockPrice_4114,True,2026-09-29T21:29:54,2026-09-29T21:29:54,2026-09-29T21:29:54
4114,健喬,2021-03-18,26.1,0.10000000000000142,0.38%,,,,,,,,,ShowDailyK_ChartFlow,FinMind_API_TaiwanStockPrice_4114,True,2026-09-29T21:29:54,2026-09-29T21:29:54,2026-09-29T21:29:54
4114,健喬,2021-03-19,26.15,0.04999999999999716,0.19%,,,,,,,,,ShowDailyK_ChartFlow,FinMind_API_TaiwanStockPrice_4114,True,2026-09-29T21:29:54,2026-09-29T21:29:54,2026-09-29T21:29:54
4114,健喬,2021-03-22,26.3,0.15000000000000213,0.57%,,,,,,,,,ShowDailyK_ChartFlow,FinMind_API_TaiwanStockPrice_4114,True,2026-09-29T21:29:54,2026-09-29T21:29:54,2026-09-29T21:29:54
4114,健喬,2021-03-23,26.65,0.34999999999999787,1.33%,,,,,,,,,ShowDailyK_ChartFlow,FinMind_API_TaiwanStockPrice_4114,True,2026-09-29T21:29:54,2026-09-29T21:29:54,2026-09-29T21:29:54
4114,健喬,2021-03-24,26.9,0.25,0.94%,,,,,,,,,ShowDailyK_ChartFlow,FinMind_API_TaiwanStockPrice_4114,True,2026-09-29T21:29:54,2026-09-29T21:29:54,2026-09-29T21:29:54
4114,健喬,2021-03-25,26.35,-0.5499999999999972,-2.04%,,,,,,,,,ShowDailyK_ChartFlow,FinMind_API_TaiwanStockPrice_4114,True,2026-09-29T21:29:54,2026-09-29T21:29:54,2026-09-29T21:29:54
4114,健喬,2021-03-26,26.4,0.04999999999999716,0.19%,,,,,,,,,ShowDailyK_ChartFlow,FinMind_API_TaiwanStockPrice_4114,True,2026-09-29T21:29:54,2026-09-29T21:29:54,2026-09-29T21:29:54
4114,健喬,2021-03-29,26.6,0.20000000000000284,0.76%,,,,,,,,,ShowDailyK_ChartFlow,FinMind_API_TaiwanStockPrice_4114,True,2026-09-29T21:29:54,2026-09-29T21:29:54,2026-09-29T21:29:54
4114,健喬,2021-03-30,26.5,-0.10000000000000142,-0.38%,,,,,,,,,ShowDailyK_ChartFlow,FinMind_API_TaiwanStockPrice_4114,True,2026-09-29T21:29:54,2026-09-29T21:29:54,2026-09-29T21:29:54
4114,健喬,2021-03-31,26.35,-0.14999999999999858,-0.57%,,,,,,,,,ShowDailyK_ChartFlow,FinMind_API_TaiwanStockPrice_4114,True,2026-09-29T21:29:54,2026-09-29T21:29:54,2026-09-29T21:29:54
4114,健喬,2021-04-01,26.35,0.0,0.00%,,,,,,,,,ShowDailyK_ChartFlow,FinMind_API_TaiwanStockPrice_4114,True,2026-09-29T21:29:54,2026-09-29T21:29:54,2026-09-29T21:29:54
4114,健喬,2021-04-06,26.45,0.09999999999999787,0.38%,,,,,,,,,ShowDailyK_ChartFlow,FinMind_API_TaiwanStockPrice_4114,True,2026-09-29T21:29:54,2026-09-29T21:29:54,2026-09-29T21:29:54
4114,健喬,2021-04-07,26.65,0.1999999999999993,0.76%,,,,,,,,,ShowDailyK_ChartFlow,FinMind_API_TaiwanStockPrice_4114,True,2026-09-29T21:29:54,2026-09-29T21:29:54,2026-09-29T21:29:54
4114,健喬,2021-04-08,27.2,0.5500000000000007,2.06%,,,,,,,,,ShowDailyK_ChartFlow,FinMind_API_TaiwanStockPrice_4114,True,2026-09-29T21:29:54,2026-09-29T21:29:54,2026-09-29T21:29:54
4114,健喬,2021-04-09,27.2,0.0,0.00%,,,,,,,,,ShowDailyK_ChartFlow,FinMind_API_TaiwanStockPrice_4114,True,2026-09-29T21:29:54,2026-09-29T21:29:54,2026-09-29T21:29:54
4114,健喬,2021-04-12,27.0,-0.1999999999999993,-0.74%,,,,,,,,,ShowDailyK_ChartFlow,FinMind_API_TaiwanStockPrice_4114,True,2026-09-29T21:29:54,2026-09-29T21:29:54,2026-09-29T21:29:54
4114,健喬,2021-04-13,26.5,-0.5,-1.85%,,,,,,,,,ShowDailyK_ChartFlow,FinMind_API_TaiwanStockPrice_4114,True,2026-09-29T21:29:54,2026-09-29T21:29:54,2026-09-29T21:29:54
4114,健喬,2021-04-14,26.1,-0.3999999999999986,-1.51%,,,,,,,,,ShowDailyK_ChartFlow,FinMind_API_TaiwanStockPrice_4114,True,2026-09-29T21:29:54,2026-09-29T21:29:54,2026-09-29T21:29:54
4114,健喬,2021-04-15,26.2,0.09999999999999787,0.38%,,,,,,,,,ShowDailyK_ChartFlow,FinMind_API_TaiwanStockPrice_4114,True,2026-09-29T21:29:54,2026-09-29T21:29:54,2026-09-29T21:29:54
4114,健喬,2021-04-16,26.45,0.25,0.95%,,,,,,,,,ShowDailyK_ChartFlow,FinMind_API_TaiwanStockPrice_4114,True,2026-09-29T21:29:54,2026-09-29T21:29:54,2026-09-29T21:29:54
4114,健喬,2021-04-19,26.5,0.05000000000000071,0.19%,,,,,,,,,ShowDailyK_ChartFlow,FinMind_API_TaiwanStockPrice_4114,True,2026-09-29T21:29:54,2026-09-29T21:29:54,2026-09-29T21:29:54
4114,健喬,2021-04-20,26.5,0.0,0.00%,,,,,,,,,ShowDailyK_ChartFlow,FinMind_API_TaiwanStockPrice_4114,True,2026-09-29T21:29:54,2026-09-29T21:29:54,2026-09-29T21:29:54
4114,健喬,2021-04-21,26.35,-0.14999999999999858,-0.57%,,,,,,,,,ShowDailyK_ChartFlow,FinMind_API_TaiwanStockPrice_4114,True,2026-09-29T21:29:54,2026-09-29T21:29:54,2026-09-29T21:29:54
4114,健喬,2021-04-22,25.95,-0.40000000000000213,-1.52%,,,,,,,,,ShowDailyK_ChartFlow,FinMind_API_TaiwanStockPrice_4114,True,2026-09-29T21:29:54,2026-09-29T21:29:54,2026-09-29T21:29:54
4114,健喬,2021-04-23,26.05,0.10000000000000142,0.39%,,,,,,,,,ShowDailyK_ChartFlow,FinMind_API_TaiwanStockPrice_4114,True,2026-09-29T21:29:54,2026-09-29T21:29:54,2026-09-29T21:29:54
4114,健喬,2021-04-26,26.15,0.09999999999999787,0.38%,,,,,,,,,ShowDailyK_ChartFlow,FinMind_API_TaiwanStockPrice_4114,True,2026-09-29T21:29:54,2026-09-29T21:29:54,2026-09-29T21:29:54
4114,健喬,2021-04-27,26.75,0.6000000000000014,2.29%,,,,,,,,,ShowDailyK_ChartFlow,FinMind_API_TaiwanStockPrice_4114,True,2026-09-29T21:29:54,2026-09-29T21:29:54,2026-09-29T21:29:54
4114,健喬,2021-04-28,26.65,-0.10000000000000142,-0.37%,,,,,,,,,ShowDailyK_ChartFlow,FinMind_API_TaiwanStockPrice_4114,True,2026-09-29T21:29:54,2026-09-29T21:29:54,2026-09-29T21:29:54
4114,健喬,2021-04-29,26.65,0.0,0.00%,,,,,,,,,ShowDailyK_ChartFlow,FinMind_API_TaiwanStockPrice_4114,True,2026-09-29T21:29:54,2026-09-29T21:29:54,2026-09-29T21:29:54
4114,健喬,2021-05-03,26.45,-0.1999999999999993,-0.75%,,,,,,,,,ShowDailyK_ChartFlow,FinMind_API_TaiwanStockPrice_4114,True,2026-09-29T21:29:54,2026-09-29T21:29:54,2026-09-29T21:29:54
4114,健喬,2021-05-04,25.55,-0.8999999999999986,-3.40%,,,,,,,,,ShowDailyK_ChartFlow,FinMind_API_TaiwanStockPrice_4114,True,2026-09-29T21:29:54,2026-09-29T21:29:54,2026-09-29T21:29:54
4114,健喬,2021-05-05,25.65,0.09999999999999787,0.39%,,,,,,,,,ShowDailyK_ChartFlow,FinMind_API_TaiwanStockPrice_4114,True,2026-09-29T21:29:54,2026-09-29T21:29:54,2026-09-29T21:29:54
4114,健喬,2021-05-06,25.55,-0.09999999999999787,-0.39%,,,,,,,,,ShowDailyK_ChartFlow,FinMind_API_TaiwanStockPrice_4114,True,2026-09-29T21:29:54,2026-09-29T21:29:54,2026-09-29T21:29:54
4114,健喬,2021-05-07,25.95,0.3999999999999986,1.57%,,,,,,,,,ShowDailyK_ChartFlow,FinMind_API_TaiwanStockPrice_4114,True,2026-09-29T21:29:54,2026-09-29T21:29:54,2026-09-29T21:29:54
4114,健喬,2021-05-10,25.8,-0.14999999999999858,-0.58%,,,,,,,,,ShowDailyK_ChartFlow,FinMind_API_TaiwanStockPrice_4114,True,2026-09-29T21:29:54,2026-09-29T21:29:54,2026-09-29T21:29:54
4114,健喬,2021-05-11,25.25,-0.5500000000000007,-2.13%,,,,,,,,,ShowDailyK_ChartFlow,FinMind_API_TaiwanStockPrice_4114,True,2026-09-29T21:29:54,2026-09-29T21:29:54,2026-09-29T21:29:54
4114,健喬,2021-05-12,24.55,-0.6999999999999993,-2.77%,,,,,,,,,ShowDailyK_ChartFlow,FinMind_API_TaiwanStockPrice_4114,True,2026-09-29T21:29:54,2026-09-29T21:29:54,2026-09-29T21:29:54
4114,健喬,2021-05-13,24.4,-0.15000000000000213,-0.61%,,,,,,,,,ShowDailyK_ChartFlow,FinMind_API_TaiwanStockPrice_4114,True,2026-09-29T21:29:54,2026-09-29T21:29:54,2026-09-29T21:29:54
4114,健喬,2021-05-14,24.6,0.20000000000000284,0.82%,,,,,,,,,ShowDailyK_ChartFlow,FinMind_API_TaiwanStockPrice_4114,True,2026-09-29T21:29:54,2026-09-29T21:29:54,2026-09-29T21:29:54
4114,健喬,2021-05-17,23.6,-1.0,-4.07%,,,,,,,,,ShowDailyK_ChartFlow,FinMind_API_TaiwanStockPrice_4114,True,2026-09-29T21:29:54,2026-09-29T21:29:54,2026-09-29T21:29:54
4114,健喬,2021-05-18,24.6,1.0,4.24%,,,,,,,,,ShowDailyK_ChartFlow,FinMind_API_TaiwanStockPrice_4114,True,2026-09-29T21:29:54,2026-09-29T21:29:54,2026-09-29T21:29:54
4114,健喬,2021-05-19,24.45,-0.15000000000000213,-0.61%,,,,,,,,,ShowDailyK_ChartFlow,FinMind_API_TaiwanStockPrice_4114,True,2026-09-29T21:29:54,2026-09-29T21:29:54,2026-09-29T21:29:54
4114,健喬,2021-05-20,24.35,-0.09999999999999787,-0.41%,,,,,,,,,ShowDailyK_ChartFlow,FinMind_API_TaiwanStockPrice_4114,True,2026-09-29T21:29:54,2026-09-29T21:29:54,2026-09-29T21:29:54
4114,健喬,2021-05-21,24.45,0.09999999999999787,0.41%,,,,,,,,,ShowDailyK_ChartFlow,FinMind_API_TaiwanStockPrice_4114,True,2026-09-29T21:29:54,2026-09-29T21:29:54,2026-09-29T21:29:54
4114,健喬,2021-05-24,26.15,1.6999999999999993,6.95%,,,,,,,,,ShowDailyK_ChartFlow,FinMind_API_TaiwanStockPrice_4114,True,2026-09-29T21:29:54,2026-09-29T21:29:54,2026-09-29T21:29:54
4114,健喬,2021-05-25,25.25,-0.8999999999999986,-3.44%,,,,,,,,,ShowDailyK_ChartFlow,FinMind_API_TaiwanStockPrice_4114,True,2026-09-29T21:29:54,2026-09-29T21:29:54,2026-09-29T21:29:54
4114,健喬,2021-05-26,25.35,0.10000000000000142,0.40%,,,,,,,,,ShowDailyK_ChartFlow,FinMind_API_TaiwanStockPrice_4114,True,2026-09-29T21:29:54,2026-09-29T21:29:54,2026-09-29T21:29:54
4114,健喬,2021-05-27,25.35,0.0,0.00%,,,,,,,,,ShowDailyK_ChartFlow,FinMind_API_TaiwanStockPrice_4114,True,2026-09-29T21:29:54,2026-09-29T21:29:54,2026-09-29T21:29:54
4114,健喬,2021-05-28,25.3,-0.05000000000000071,-0.20%,,,,,,,,,ShowDailyK_ChartFlow,FinMind_API_TaiwanStockPrice_4114,True,2026-09-29T21:29:54,2026-09-29T21:29:54,2026-09-29T21:29:54
4114,健喬,2021-05-31,25.1,-0.1999999999999993,-0.79%,,,,,,,,,ShowDailyK_ChartFlow,FinMind_API_TaiwanStockPrice_4114,True,2026-09-29T21:29:54,2026-09-29T21:29:54,2026-09-29T21:29:54
4114,健喬,2021-06-01,25.1,0.0,0.00%,,,,,,,,,ShowDailyK_ChartFlow,FinMind_API_TaiwanStockPrice_4114,True,2026-09-29T21:29:54,2026-09-29T21:29:54,2026-09-29T21:29:54
4114,健喬,2021-06-02,24.95,-0.15000000000000213,-0.60%,,,,,,,,,ShowDailyK_ChartFlow,FinMind_API_TaiwanStockPrice_4114,True,2026-09-29T21:29:54,2026-09-29T21:29:54,2026-09-29T21:29:54
4114,健喬,2021-06-03,25.15,0.1999999999999993,0.80%,,,,,,,,,ShowDailyK_ChartFlow,FinMind_API_TaiwanStockPrice_4114,True,2026-09-29T21:29:54,2026-09-29T21:29:54,2026-09-29T21:29:54
4114,健喬,2021-06-04,24.9,-0.25,-0.99%,,,,,,,,,ShowDailyK_ChartFlow,FinMind_API_TaiwanStockPrice_4114,True,2026-09-29T21:29:54,2026-09-29T21:29:54,2026-09-29T21:29:54
4114,健喬,2021-06-07,25.25,0.3500000000000014,1.41%,,,,,,,,,ShowDailyK_ChartFlow,FinMind_API_TaiwanStockPrice_4114,True,2026-09-29T21:29:54,2026-09-29T21:29:54,2026-09-29T21:29:54
4114,健喬,2021-06-08,25.1,-0.14999999999999858,-0.59%,,,,,,,,,ShowDailyK_ChartFlow,FinMind_API_TaiwanStockPrice_4114,True,2026-09-29T21:29:54,2026-09-29T21:29:54,2026-09-29T21:29:54
4114,健喬,2021-06-09,25.05,-0.05000000000000071,-0.20%,,,,,,,,,ShowDailyK_ChartFlow,FinMind_API_TaiwanStockPrice_4114,True,2026-09-29T21:29:54,2026-09-29T21:29:54,2026-09-29T21:29:54
4114,健喬,2021-06-10,25.2,0.14999999999999858,0.60%,,,,,,,,,ShowDailyK_ChartFlow,FinMind_API_TaiwanStockPrice_4114,True,2026-09-29T21:29:54,2026-09-29T21:29:54,2026-09-29T21:29:54
4114,健喬,2021-06-11,25.1,-0.09999999999999787,-0.40%,,,,,,,,,ShowDailyK_ChartFlow,FinMind_API_TaiwanStockPrice_4114,True,2026-09-29T21:29:54,2026-09-29T21:29:54,2026-09-29T21:29:54
4114,健喬,2021-06-15,25.05,-0.05000000000000071,-0.20%,,,,,,,,,ShowDailyK_ChartFlow,FinMind_API_TaiwanStockPrice_4114,True,2026-09-29T21:29:54,2026-09-29T21:29:54,2026-09-29T21:29:54
4114,健喬,2021-06-16,25.05,0.0,0.00%,,,,,,,,,ShowDailyK_ChartFlow,FinMind_API_TaiwanStockPrice_4114,True,2026-09-29T21:29:54,2026-09-29T21:29:54,2026-09-29T21:29:54
4114,健喬,2021-06-17,25.15,0.09999999999999787,0.40%,,,,,,,,,ShowDailyK_ChartFlow,FinMind_API_TaiwanStockPrice_4114,True,2026-09-29T21:29:54,2026-09-29T21:29:54,2026-09-29T21:29:54
4114,健喬,2021-06-18,25.05,-0.09999999999999787,-0.40%,,,,,,,,,ShowDailyK_ChartFlow,FinMind_API_TaiwanStockPrice_4114,True,2026-09-29T21:29:54,2026-09-29T21:29:54,2026-09-29T21:29:54
4114,健喬,2021-06-21,24.95,-0.10000000000000142,-0.40%,,,,,,,,,ShowDailyK_ChartFlow,FinMind_API_TaiwanStockPrice_4114,True,2026-09-29T21:29:54,2026-09-29T21:29:54,2026-09-29T21:29:54
4114,健喬,2021-06-22,25.15,0.1999999999999993,0.80%,,,,,,,,,ShowDailyK_ChartFlow,FinMind_API_TaiwanStockPrice_4114,True,2026-09-29T21:29:54,2026-09-29T21:29:54,2026-09-29T21:29:54
4114,健喬,2021-06-23,25.15,0.0,0.00%,,,,,,,,,ShowDailyK_ChartFlow,FinMind_API_TaiwanStockPrice_4114,True,2026-09-29T21:29:54,2026-09-29T21:29:54,2026-09-29T21:29:54
4114,健喬,2021-06-24,25.2,0.05000000000000071,0.20%,,,,,,,,,ShowDailyK_ChartFlow,FinMind_API_TaiwanStockPrice_4114,True,2026-09-29T21:29:54,2026-09-29T21:29:54,2026-09-29T21:29:54
4114,健喬,2021-06-25,25.25,0.05000000000000071,0.20%,,,,,,,,,ShowDailyK_ChartFlow,FinMind_API_TaiwanStockPrice_4114,True,2026-09-29T21:29:54,2026-09-29T21:29:54,2026-09-29T21:29:54
4114,健喬,2021-06-28,25.35,0.10000000000000142,0.40%,,,,,,,,,ShowDailyK_ChartFlow,FinMind_API_TaiwanStockPrice_4114,True,2026-09-29T21:29:54,2026-09-29T21:29:54,2026-09-29T21:29:54
4114,健喬,2021-06-29,26.0,0.6499999999999986,2.56%,,,,,,,,,ShowDailyK_ChartFlow,FinMind_API_TaiwanStockPrice_4114,True,2026-09-29T21:29:54,2026-09-29T21:29:54,2026-09-29T21:29:54
4114,健喬,2021-06-30,25.95,-0.05000000000000071,-0.19%,,,,,,,,,ShowDailyK_ChartFlow,FinMind_API_TaiwanStockPrice_4114,True,2026-09-29T21:29:54,2026-09-29T21:29:54,2026-09-29T21:29:54
4114,健喬,2021-07-01,25.65,-0.3000000000000007,-1.16%,,,,,,,,,ShowDailyK_ChartFlow,FinMind_API_TaiwanStockPrice_4114,True,2026-09-29T21:29:54,2026-09-29T21:29:54,2026-09-29T21:29:54
4114,健喬,2021-07-02,25.75,0.10000000000000142,0.39%,,,,,,,,,ShowDailyK_ChartFlow,FinMind_API_TaiwanStockPrice_4114,True,2026-09-29T21:29:54,2026-09-29T21:29:54,2026-09-29T21:29:54
4114,健喬,2021-07-05,25.8,0.05000000000000071,0.19%,,,,,,,,,ShowDailyK_ChartFlow,FinMind_API_TaiwanStockPrice_4114,True,2026-09-29T21:29:54,2026-09-29T21:29:54,2026-09-29T21:29:54
4114,健喬,2021-07-06,25.8,0.0,0.00%,,,,,,,,,ShowDailyK_ChartFlow,FinMind_API_TaiwanStockPrice_4114,True,2026-09-29T21:29:54,2026-09-29T21:29:54,2026-09-29T21:29:54
4114,健喬,2021-07-07,25.8,0.0,0.00%,,,,,,,,,ShowDailyK_ChartFlow,FinMind_API_TaiwanStockPrice_4114,True,2026-09-29T21:29:54,2026-09-29T21:29:54,2026-09-29T21:29:54
4114,健喬,2021-07-08,25.8,0.0,0.00%,,,,,,,,,ShowDailyK_ChartFlow,FinMind_API_TaiwanStockPrice_4114,True,2026-09-29T21:29:54,2026-09-29T21:29:54,2026-09-29T21:29:54
4114,健喬,2021-07-09,25.75,-0.05000000000000071,-0.19%,,,,,,,,,ShowDailyK_ChartFlow,FinMind_API_TaiwanStockPrice_4114,True,2026-09-29T21:29:54,2026-09-29T21:29:54,2026-09-29T21:29:54
4114,健喬,2021-07-12,25.6,-0.14999999999999858,-0.58%,,,,,,,,,ShowDailyK_ChartFlow,FinMind_API_TaiwanStockPrice_4114,True,2026-09-29T21:29:54,2026-09-29T21:29:54,2026-09-29T21:29:54
4114,健喬,2021-07-13,25.35,-0.25,-0.98%,,,,,,,,,ShowDailyK_ChartFlow,FinMind_API_TaiwanStockPrice_4114,True,2026-09-29T21:29:54,2026-09-29T21:29:54,2026-09-29T21:29:54
4114,健喬,2021-07-14,25.15,-0.20000000000000284,-0.79%,,,,,,,,,ShowDailyK_ChartFlow,FinMind_API_TaiwanStockPrice_4114,True,2026-09-29T21:29:54,2026-09-29T21:29:54,2026-09-29T21:29:54
4114,健喬,2021-07-15,25.55,0.40000000000000213,1.59%,,,,,,,,,ShowDailyK_ChartFlow,FinMind_API_TaiwanStockPrice_4114,True,2026-09-29T21:29:54,2026-09-29T21:29:54,2026-09-29T21:29:54
4114,健喬,2021-07-16,25.65,0.09999999999999787,0.39%,,,,,,,,,ShowDailyK_ChartFlow,FinMind_API_TaiwanStockPrice_4114,True,2026-09-29T21:29:54,2026-09-29T21:29:54,2026-09-29T21:29:54
4114,健喬,2021-07-19,25.9,0.25,0.97%,,,,,,,,,ShowDailyK_ChartFlow,FinMind_API_TaiwanStockPrice_4114,True,2026-09-29T21:29:54,2026-09-29T21:29:54,2026-09-29T21:29:54
4114,健喬,2021-07-20,25.75,-0.14999999999999858,-0.58%,,,,,,,,,ShowDailyK_ChartFlow,FinMind_API_TaiwanStockPrice_4114,True,2026-09-29T21:29:54,2026-09-29T21:29:54,2026-09-29T21:29:54
4114,健喬,2021-07-21,25.6,-0.14999999999999858,-0.58%,,,,,,,,,ShowDailyK_ChartFlow,FinMind_API_TaiwanStockPrice_4114,True,2026-09-29T21:29:54,2026-09-29T21:29:54,2026-09-29T21:29:54
4114,健喬,2021-07-22,25.5,-0.10000000000000142,-0.39%,,,,,,,,,ShowDailyK_ChartFlow,FinMind_API_TaiwanStockPrice_4114,True,2026-09-29T21:29:54,2026-09-29T21:29:54,2026-09-29T21:29:54
4114,健喬,2021-07-23,25.6,0.10000000000000142,0.39%,,,,,,,,,ShowDailyK_ChartFlow,FinMind_API_TaiwanStockPrice_4114,True,2026-09-29T21:29:54,2026-09-29T21:29:54,2026-09-29T21:29:54
4114,健喬,2021-07-26,25.55,-0.05000000000000071,-0.20%,,,,,,,,,ShowDailyK_ChartFlow,FinMind_API_TaiwanStockPrice_4114,True,2026-09-29T21:29:54,2026-09-29T21:29:54,2026-09-29T21:29:54
4114,健喬,2021-07-27,25.3,-0.25,-0.98%,,,,,,,,,ShowDailyK_ChartFlow,FinMind_API_TaiwanStockPrice_4114,True,2026-09-29T21:29:54,2026-09-29T21:29:54,2026-09-29T21:29:54
4114,健喬,2021-07-28,25.2,-0.10000000000000142,-0.40%,,,,,,,,,ShowDailyK_ChartFlow,FinMind_API_TaiwanStockPrice_4114,True,2026-09-29T21:29:54,2026-09-29T21:29:54,2026-09-29T21:29:54
4114,健喬,2021-07-29,25.3,0.10000000000000142,0.40%,,,,,,,,,ShowDailyK_ChartFlow,FinMind_API_TaiwanStockPrice_4114,True,2026-09-29T21:29:54,2026-09-29T21:29:54,2026-09-29T21:29:54
4114,健喬,2021-07-30,25.3,0.0,0.00%,,,,,,,,,ShowDailyK_ChartFlow,FinMind_API_TaiwanStockPrice_4114,True,2026-09-29T21:29:54,2026-09-29T21:29:54,2026-09-29T21:29:54
4114,健喬,2021-08-02,25.4,0.09999999999999787,0.40%,,,,,,,,,ShowDailyK_ChartFlow,FinMind_API_TaiwanStockPrice_4114,True,2026-09-29T21:29:54,2026-09-29T21:29:54,2026-09-29T21:29:54
4114,健喬,2021-08-03,25.55,0.15000000000000213,0.59%,,,,,,,,,ShowDailyK_ChartFlow,FinMind_API_TaiwanStockPrice_4114,True,2026-09-29T21:29:54,2026-09-29T21:29:54,2026-09-29T21:29:54
4114,健喬,2021-08-04,25.55,0.0,0.00%,,,,,,,,,ShowDailyK_ChartFlow,FinMind_API_TaiwanStockPrice_4114,True,2026-09-29T21:29:54,2026-09-29T21:29:54,2026-09-29T21:29:54
4114,健喬,2021-08-05,25.5,-0.05000000000000071,-0.20%,,,,,,,,,ShowDailyK_ChartFlow,FinMind_API_TaiwanStockPrice_4114,True,2026-09-29T21:29:54,2026-09-29T21:29:54,2026-09-29T21:29:54
4114,健喬,2021-08-06,25.5,0.0,0.00%,,,,,,,,,ShowDailyK_ChartFlow,FinMind_API_TaiwanStockPrice_4114,True,2026-09-29T21:29:54,2026-09-29T21:29:54,2026-09-29T21:29:54
4114,健喬,2021-08-09,25.35,-0.14999999999999858,-0.59%,,,,,,,,,ShowDailyK_ChartFlow,FinMind_API_TaiwanStockPrice_4114,True,2026-09-29T21:29:54,2026-09-29T21:29:54,2026-09-29T21:29:54
4114,健喬,2021-08-10,25.15,-0.20000000000000284,-0.79%,,,,,,,,,ShowDailyK_ChartFlow,FinMind_API_TaiwanStockPrice_4114,True,2026-09-29T21:29:54,2026-09-29T21:29:54,2026-09-29T21:29:54
4114,健喬,2021-08-11,25.1,-0.04999999999999716,-0.20%,,,,,,,,,ShowDailyK_ChartFlow,FinMind_API_TaiwanStockPrice_4114,True,2026-09-29T21:29:54,2026-09-29T21:29:54,2026-09-29T21:29:54
4114,健喬,2021-08-12,25.05,-0.05000000000000071,-0.20%,,,,,,,,,ShowDailyK_ChartFlow,FinMind_API_TaiwanStockPrice_4114,True,2026-09-29T21:29:54,2026-09-29T21:29:54,2026-09-29T21:29:54
4114,健喬,2021-08-13,25.0,-0.05000000000000071,-0.20%,,,,,,,,,ShowDailyK_ChartFlow,FinMind_API_TaiwanStockPrice_4114,True,2026-09-29T21:29:54,2026-09-29T21:29:54,2026-09-29T21:29:54
4114,健喬,2021-08-16,24.95,-0.05000000000000071,-0.20%,,,,,,,,,ShowDailyK_ChartFlow,FinMind_API_TaiwanStockPrice_4114,True,2026-09-29T21:29:54,2026-09-29T21:29:54,2026-09-29T21:29:54
4114,健喬,2021-08-17,24.85,-0.09999999999999787,-0.40%,,,,,,,,,ShowDailyK_ChartFlow,FinMind_API_TaiwanStockPrice_4114,True,2026-09-29T21:29:54,2026-09-29T21:29:54,2026-09-29T21:29:54
4114,健喬,2021-08-18,24.75,-0.10000000000000142,-0.40%,,,,,,,,,ShowDailyK_ChartFlow,FinMind_API_TaiwanStockPrice_4114,True,2026-09-29T21:29:54,2026-09-29T21:29:54,2026-09-29T21:29:54
4114,健喬,2021-08-19,24.45,-0.3000000000000007,-1.21%,,,,,,,,,ShowDailyK_ChartFlow,FinMind_API_TaiwanStockPrice_4114,True,2026-09-29T21:29:54,2026-09-29T21:29:54,2026-09-29T21:29:54
4114,健喬,2021-08-20,24.5,0.05000000000000071,0.20%,,,,,,,,,ShowDailyK_ChartFlow,FinMind_API_TaiwanStockPrice_4114,True,2026-09-29T21:29:54,2026-09-29T21:29:54,2026-09-29T21:29:54
4114,健喬,2021-08-23,24.8,0.3000000000000007,1.22%,,,,,,,,,ShowDailyK_ChartFlow,FinMind_API_TaiwanStockPrice_4114,True,2026-09-29T21:29:54,2026-09-29T21:29:54,2026-09-29T21:29:54
4114,健喬,2021-08-24,24.8,0.0,0.00%,,,,,,,,,ShowDailyK_ChartFlow,FinMind_API_TaiwanStockPrice_4114,True,2026-09-29T21:29:54,2026-09-29T21:29:54,2026-09-29T21:29:54
4114,健喬,2021-08-25,24.85,0.05000000000000071,0.20%,,,,,,,,,ShowDailyK_ChartFlow,FinMind_API_TaiwanStockPrice_4114,True,2026-09-29T21:29:54,2026-09-29T21:29:54,2026-09-29T21:29:54
4114,健喬,2021-08-26,25.1,0.25,1.01%,,,,,,,,,ShowDailyK_ChartFlow,FinMind_API_TaiwanStockPrice_4114,True,2026-09-29T21:29:54,2026-09-29T21:29:54,2026-09-29T21:29:54
4114,健喬,2021-08-27,25.1,0.0,0.00%,,,,,,,,,ShowDailyK_ChartFlow,FinMind_API_TaiwanStockPrice_4114,True,2026-09-29T21:29:54,2026-09-29T21:29:54,2026-09-29T21:29:54
4114,健喬,2021-08-30,25.1,0.0,0.00%,,,,,,,,,ShowDailyK_ChartFlow,FinMind_API_TaiwanStockPrice_4114,True,2026-09-29T21:29:54,2026-09-29T21:29:54,2026-09-29T21:29:54
4114,健喬,2021-08-31,25.25,0.14999999999999858,0.60%,,,,,,,,,ShowDailyK_ChartFlow,FinMind_API_TaiwanStockPrice_4114,True,2026-09-29T21:29:54,2026-09-29T21:29:54,2026-09-29T21:29:54
4114,健喬,2021-09-01,25.2,-0.05000000000000071,-0.20%,,,,,,,,,ShowDailyK_ChartFlow,FinMind_API_TaiwanStockPrice_4114,True,2026-09-29T21:29:54,2026-09-29T21:29:54,2026-09-29T21:29:54
4114,健喬,2021-09-02,25.1,-0.09999999999999787,-0.40%,,,,,,,,,ShowDailyK_ChartFlow,FinMind_API_TaiwanStockPrice_4114,True,2026-09-29T21:29:54,2026-09-29T21:29:54,2026-09-29T21:29:54
4114,健喬,2021-09-03,25.25,0.14999999999999858,0.60%,,,,,,,,,ShowDailyK_ChartFlow,FinMind_API_TaiwanStockPrice_4114,True,2026-09-29T21:29:54,2026-09-29T21:29:54,2026-09-29T21:29:54
4114,健喬,2021-09-06,25.15,-0.10000000000000142,-0.40%,,,,,,,,,ShowDailyK_ChartFlow,FinMind_API_TaiwanStockPrice_4114,True,2026-09-29T21:29:54,2026-09-29T21:29:54,2026-09-29T21:29:54
4114,健喬,2021-09-07,25.55,0.40000000000000213,1.59%,,,,,,,,,ShowDailyK_ChartFlow,FinMind_API_TaiwanStockPrice_4114,True,2026-09-29T21:29:54,2026-09-29T21:29:54,2026-09-29T21:29:54
4114,健喬,2021-09-08,25.5,-0.05000000000000071,-0.20%,,,,,,,,,ShowDailyK_ChartFlow,FinMind_API_TaiwanStockPrice_4114,True,2026-09-29T21:29:54,2026-09-29T21:29:54,2026-09-29T21:29:54
4114,健喬,2021-09-09,25.65,0.14999999999999858,0.59%,,,,,,,,,ShowDailyK_ChartFlow,FinMind_API_TaiwanStockPrice_4114,True,2026-09-29T21:29:54,2026-09-29T21:29:54,2026-09-29T21:29:54
4114,健喬,2021-09-10,25.6,-0.04999999999999716,-0.19%,,,,,,,,,ShowDailyK_ChartFlow,FinMind_API_TaiwanStockPrice_4114,True,2026-09-29T21:29:54,2026-09-29T21:29:54,2026-09-29T21:29:54
4114,健喬,2021-09-13,25.55,-0.05000000000000071,-0.20%,,,,,,,,,ShowDailyK_ChartFlow,FinMind_API_TaiwanStockPrice_4114,True,2026-09-29T21:29:54,2026-09-29T21:29:54,2026-09-29T21:29:54
4114,健喬,2021-09-14,25.6,0.05000000000000071,0.20%,,,,,,,,,ShowDailyK_ChartFlow,FinMind_API_TaiwanStockPrice_4114,True,2026-09-29T21:29:54,2026-09-29T21:29:54,2026-09-29T21:29:54
4114,健喬,2021-09-15,25.65,0.04999999999999716,0.20%,,,,,,,,,ShowDailyK_ChartFlow,FinMind_API_TaiwanStockPrice_4114,True,2026-09-29T21:29:54,2026-09-29T21:29:54,2026-09-29T21:29:54
4114,健喬,2021-09-16,25.6,-0.04999999999999716,-0.19%,,,,,,,,,ShowDailyK_ChartFlow,FinMind_API_TaiwanStockPrice_4114,True,2026-09-29T21:29:54,2026-09-29T21:29:54,2026-09-29T21:29:54
4114,健喬,2021-09-17,25.6,0.0,0.00%,,,,,,,,,ShowDailyK_ChartFlow,FinMind_API_TaiwanStockPrice_4114,True,2026-09-29T21:29:54,2026-09-29T21:29:54,2026-09-29T21:29:54
4114,健喬,2021-09-22,25.5,-0.10000000000000142,-0.39%,,,,,,,,,ShowDailyK_ChartFlow,FinMind_API_TaiwanStockPrice_4114,True,2026-09-29T21:29:54,2026-09-29T21:29:54,2026-09-29T21:29:54
4114,健喬,2021-09-23,23.0,-2.5,-9.80%,,,,,,,,,ShowDailyK_ChartFlow,FinMind_API_TaiwanStockPrice_4114,True,2026-09-29T21:29:54,2026-09-29T21:29:54,2026-09-29T21:29:54
4114,健喬,2021-09-24,23.5,0.5,2.17%,,,,,,,,,ShowDailyK_ChartFlow,FinMind_API_TaiwanStockPrice_4114,True,2026-09-29T21:29:54,2026-09-29T21:29:54,2026-09-29T21:29:54
4114,健喬,2021-09-27,23.4,-0.10000000000000142,-0.43%,,,,,,,,,ShowDailyK_ChartFlow,FinMind_API_TaiwanStockPrice_4114,True,2026-09-29T21:29:54,2026-09-29T21:29:54,2026-09-29T21:29:54
4114,健喬,2021-09-28,23.5,0.10000000000000142,0.43%,,,,,,,,,ShowDailyK_ChartFlow,FinMind_API_TaiwanStockPrice_4114,True,2026-09-29T21:29:54,2026-09-29T21:29:54,2026-09-29T21:29:54
4114,健喬,2021-09-29,23.45,-0.05000000000000071,-0.21%,,,,,,,,,ShowDailyK_ChartFlow,FinMind_API_TaiwanStockPrice_4114,True,2026-09-29T21:29:54,2026-09-29T21:29:54,2026-09-29T21:29:54
4114,健喬,2021-09-30,23.8,0.3500000000000014,1.49%,,,,,,,,,ShowDailyK_ChartFlow,FinMind_API_TaiwanStockPrice_4114,True,2026-09-29T21:29:54,2026-09-29T21:29:54,2026-09-29T21:29:54
4114,健喬,2021-10-01,23.45,-0.3500000000000014,-1.47%,,,,,,,,,ShowDailyK_ChartFlow,FinMind_API_TaiwanStockPrice_4114,True,2026-09-29T21:29:54,2026-09-29T21:29:54,2026-09-29T21:29:54
4114,健喬,2021-10-04,23.15,-0.3000000000000007,-1.28%,,,,,,,,,ShowDailyK_ChartFlow,FinMind_API_TaiwanStockPrice_4114,True,2026-09-29T21:29:54,2026-09-29T21:29:54,2026-09-29T21:29:54
4114,健喬,2021-10-05,23.0,-0.14999999999999858,-0.65%,,,,,,,,,ShowDailyK_ChartFlow,FinMind_API_TaiwanStockPrice_4114,True,2026-09-29T21:29:54,2026-09-29T21:29:54,2026-09-29T21:29:54
4114,健喬,2021-10-06,23.1,0.10000000000000142,0.43%,,,,,,,,,ShowDailyK_ChartFlow,FinMind_API_TaiwanStockPrice_4114,True,2026-09-29T21:29:54,2026-09-29T21:29:54,2026-09-29T21:29:54
4114,健喬,2021-10-07,23.15,0.04999999999999716,0.22%,,,,,,,,,ShowDailyK_ChartFlow,FinMind_API_TaiwanStockPrice_4114,True,2026-09-29T21:29:54,2026-09-29T21:29:54,2026-09-29T21:29:54
4114,健喬,2021-10-08,23.2,0.05000000000000071,0.22%,,,,,,,,,ShowDailyK_ChartFlow,FinMind_API_TaiwanStockPrice_4114,True,2026-09-29T21:29:54,2026-09-29T21:29:54,2026-09-29T21:29:54
4114,健喬,2021-10-12,23.15,-0.05000000000000071,-0.22%,,,,,,,,,ShowDailyK_ChartFlow,FinMind_API_TaiwanStockPrice_4114,True,2026-09-29T21:29:54,2026-09-29T21:29:54,2026-09-29T21:29:54
4114,健喬,2021-10-13,23.0,-0.14999999999999858,-0.65%,,,,,,,,,ShowDailyK_ChartFlow,FinMind_API_TaiwanStockPrice_4114,True,2026-09-29T21:29:54,2026-09-29T21:29:54,2026-09-29T21:29:54
4114,健喬,2021-10-14,23.25,0.25,1.09%,,,,,,,,,ShowDailyK_ChartFlow,FinMind_API_TaiwanStockPrice_4114,True,2026-09-29T21:29:54,2026-09-29T21:29:54,2026-09-29T21:29:54
4114,健喬,2021-10-15,23.2,-0.05000000000000071,-0.22%,,,,,,,,,ShowDailyK_ChartFlow,FinMind_API_TaiwanStockPrice_4114,True,2026-09-29T21:29:54,2026-09-29T21:29:54,2026-09-29T21:29:54
4114,健喬,2021-10-18,23.2,0.0,0.00%,,,,,,,,,ShowDailyK_ChartFlow,FinMind_API_TaiwanStockPrice_4114,True,2026-09-29T21:29:54,2026-09-29T21:29:54,2026-09-29T21:29:54
4114,健喬,2021-10-19,23.1,-0.09999999999999787,-0.43%,,,,,,,,,ShowDailyK_ChartFlow,FinMind_API_TaiwanStockPrice_4114,True,2026-09-29T21:29:54,2026-09-29T21:29:54,2026-09-29T21:29:54
4114,健喬,2021-10-20,23.0,-0.10000000000000142,-0.43%,,,,,,,,,ShowDailyK_ChartFlow,FinMind_API_TaiwanStockPrice_4114,True,2026-09-29T21:29:54,2026-09-29T21:29:54,2026-09-29T21:29:54
4114,健喬,2021-10-21,23.0,0.0,0.00%,,,,,,,,,ShowDailyK_ChartFlow,FinMind_API_TaiwanStockPrice_4114,True,2026-09-29T21:29:54,2026-09-29T21:29:54,2026-09-29T21:29:54
4114,健喬,2021-10-22,22.9,-0.10000000000000142,-0.43%,,,,,,,,,ShowDailyK_ChartFlow,FinMind_API_TaiwanStockPrice_4114,True,2026-09-29T21:29:54,2026-09-29T21:29:54,2026-09-29T21:29:54
4114,健喬,2021-10-25,22.9,0.0,0.00%,,,,,,,,,ShowDailyK_ChartFlow,FinMind_API_TaiwanStockPrice_4114,True,2026-09-29T21:29:54,2026-09-29T21:29:54,2026-09-29T21:29:54
4114,健喬,2021-10-26,23.05,0.15000000000000213,0.66%,,,,,,,,,ShowDailyK_ChartFlow,FinMind_API_TaiwanStockPrice_4114,True,2026-09-29T21:29:54,2026-09-29T21:29:54,2026-09-29T21:29:54
4114,健喬,2021-10-27,23.2,0.14999999999999858,0.65%,,,,,,,,,ShowDailyK_ChartFlow,FinMind_API_TaiwanStockPrice_4114,True,2026-09-29T21:29:54,2026-09-29T21:29:54,2026-09-29T21:29:54
4114,健喬,2021-10-28,23.15,-0.05000000000000071,-0.22%,,,,,,,,,ShowDailyK_ChartFlow,FinMind_API_TaiwanStockPrice_4114,True,2026-09-29T21:29:54,2026-09-29T21:29:54,2026-09-29T21:29:54
4114,健喬,2021-10-29,23.0,-0.14999999999999858,-0.65%,,,,,,,,,ShowDailyK_ChartFlow,FinMind_API_TaiwanStockPrice_4114,True,2026-09-29T21:29:54,2026-09-29T21:29:54,2026-09-29T21:29:54
4114,健喬,2021-11-01,23.0,0.0,0.00%,,,,,,,,,ShowDailyK_ChartFlow,FinMind_API_TaiwanStockPrice_4114,True,2026-09-29T21:29:54,2026-09-29T21:29:54,2026-09-29T21:29:54
4114,健喬,2021-11-02,22.95,-0.05000000000000071,-0.22%,,,,,,,,,ShowDailyK_ChartFlow,FinMind_API_TaiwanStockPrice_4114,True,2026-09-29T21:29:54,2026-09-29T21:29:54,2026-09-29T21:29:54
4114,健喬,2021-11-03,23.05,0.10000000000000142,0.44%,,,,,,,,,ShowDailyK_ChartFlow,FinMind_API_TaiwanStockPrice_4114,True,2026-09-29T21:29:54,2026-09-29T21:29:54,2026-09-29T21:29:54
4114,健喬,2021-11-04,23.0,-0.05000000000000071,-0.22%,,,,,,,,,ShowDailyK_ChartFlow,FinMind_API_TaiwanStockPrice_4114,True,2026-09-29T21:29:54,2026-09-29T21:29:54,2026-09-29T21:29:54
4114,健喬,2021-11-05,23.35,0.3500000000000014,1.52%,,,,,,,,,ShowDailyK_ChartFlow,FinMind_API_TaiwanStockPrice_4114,True,2026-09-29T21:29:54,2026-09-29T21:29:54,2026-09-29T21:29:54
4114,健喬,2021-11-08,23.2,-0.15000000000000213,-0.64%,,,,,,,,,ShowDailyK_ChartFlow,FinMind_API_TaiwanStockPrice_4114,True,2026-09-29T21:29:54,2026-09-29T21:29:54,2026-09-29T21:29:54
4114,健喬,2021-11-09,23.15,-0.05000000000000071,-0.22%,,,,,,,,,ShowDailyK_ChartFlow,FinMind_API_TaiwanStockPrice_4114,True,2026-09-29T21:29:54,2026-09-29T21:29:54,2026-09-29T21:29:54
4114,健喬,2021-11-10,23.15,0.0,0.00%,,,,,,,,,ShowDailyK_ChartFlow,FinMind_API_TaiwanStockPrice_4114,True,2026-09-29T21:29:54,2026-09-29T21:29:54,2026-09-29T21:29:54
4114,健喬,2021-11-11,22.95,-0.1999999999999993,-0.86%,,,,,,,,,ShowDailyK_ChartFlow,FinMind_API_TaiwanStockPrice_4114,True,2026-09-29T21:29:54,2026-09-29T21:29:54,2026-09-29T21:29:54
4114,健喬,2021-11-12,22.85,-0.09999999999999787,-0.44%,,,,,,,,,ShowDailyK_ChartFlow,FinMind_API_TaiwanStockPrice_4114,True,2026-09-29T21:29:54,2026-09-29T21:29:54,2026-09-29T21:29:54
4114,健喬,2021-11-15,22.8,-0.05000000000000071,-0.22%,,,,,,,,,ShowDailyK_ChartFlow,FinMind_API_TaiwanStockPrice_4114,True,2026-09-29T21:29:54,2026-09-29T21:29:54,2026-09-29T21:29:54
4114,健喬,2021-11-16,22.75,-0.05000000000000071,-0.22%,,,,,,,,,ShowDailyK_ChartFlow,FinMind_API_TaiwanStockPrice_4114,True,2026-09-29T21:29:54,2026-09-29T21:29:54,2026-09-29T21:29:54
4114,健喬,2021-11-17,22.8,0.05000000000000071,0.22%,,,,,,,,,ShowDailyK_ChartFlow,FinMind_API_TaiwanStockPrice_4114,True,2026-09-29T21:29:54,2026-09-29T21:29:54,2026-09-29T21:29:54
4114,健喬,2021-11-18,22.75,-0.05000000000000071,-0.22%,,,,,,,,,ShowDailyK_ChartFlow,FinMind_API_TaiwanStockPrice_4114,True,2026-09-29T21:29:54,2026-09-29T21:29:54,2026-09-29T21:29:54
4114,健喬,2021-11-19,22.75,0.0,0.00%,,,,,,,,,ShowDailyK_ChartFlow,FinMind_API_TaiwanStockPrice_4114,True,2026-09-29T21:29:54,2026-09-29T21:29:54,2026-09-29T21:29:54
4114,健喬,2021-11-22,22.7,-0.05000000000000071,-0.22%,,,,,,,,,ShowDailyK_ChartFlow,FinMind_API_TaiwanStockPrice_4114,True,2026-09-29T21:29:54,2026-09-29T21:29:54,2026-09-29T21:29:54
4114,健喬,2021-11-23,22.65,-0.05000000000000071,-0.22%,,,,,,,,,ShowDailyK_ChartFlow,FinMind_API_TaiwanStockPrice_4114,True,2026-09-29T21:29:54,2026-09-29T21:29:54,2026-09-29T21:29:54
4114,健喬,2021-11-24,22.7,0.05000000000000071,0.22%,,,,,,,,,ShowDailyK_ChartFlow,FinMind_API_TaiwanStockPrice_4114,True,2026-09-29T21:29:54,2026-09-29T21:29:54,2026-09-29T21:29:54
4114,健喬,2021-11-25,22.65,-0.05000000000000071,-0.22%,,,,,,,,,ShowDailyK_ChartFlow,FinMind_API_TaiwanStockPrice_4114,True,2026-09-29T21:29:54,2026-09-29T21:29:54,2026-09-29T21:29:54
4114,健喬,2021-11-26,22.5,-0.14999999999999858,-0.66%,,,,,,,,,ShowDailyK_ChartFlow,FinMind_API_TaiwanStockPrice_4114,True,2026-09-29T21:29:54,2026-09-29T21:29:54,2026-09-29T21:29:54
4114,健喬,2021-11-29,22.3,-0.1999999999999993,-0.89%,,,,,,,,,ShowDailyK_ChartFlow,FinMind_API_TaiwanStockPrice_4114,True,2026-09-29T21:29:54,2026-09-29T21:29:54,2026-09-29T21:29:54
4114,健喬,2021-11-30,22.5,0.1999999999999993,0.90%,,,,,,,,,ShowDailyK_ChartFlow,FinMind_API_TaiwanStockPrice_4114,True,2026-09-29T21:29:54,2026-09-29T21:29:54,2026-09-29T21:29:54
4114,健喬,2021-12-01,22.45,-0.05000000000000071,-0.22%,,,,,,,,,ShowDailyK_ChartFlow,FinMind_API_TaiwanStockPrice_4114,True,2026-09-29T21:29:54,2026-09-29T21:29:54,2026-09-29T21:29:54
4114,健喬,2021-12-02,22.4,-0.05000000000000071,-0.22%,,,,,,,,,ShowDailyK_ChartFlow,FinMind_API_TaiwanStockPrice_4114,True,2026-09-29T21:29:54,2026-09-29T21:29:54,2026-09-29T21:29:54
4114,健喬,2021-12-03,22.45,0.05000000000000071,0.22%,,,,,,,,,ShowDailyK_ChartFlow,FinMind_API_TaiwanStockPrice_4114,True,2026-09-29T21:29:54,2026-09-29T21:29:54,2026-09-29T21:29:54
4114,健喬,2021-12-06,22.45,0.0,0.00%,,,,,,,,,ShowDailyK_ChartFlow,FinMind_API_TaiwanStockPrice_4114,True,2026-09-29T21:29:54,2026-09-29T21:29:54,2026-09-29T21:29:54
4114,健喬,2021-12-07,22.5,0.05000000000000071,0.22%,,,,,,,,,ShowDailyK_ChartFlow,FinMind_API_TaiwanStockPrice_4114,True,2026-09-29T21:29:54,2026-09-29T21:29:54,2026-09-29T21:29:54
4114,健喬,2021-12-08,22.6,0.10000000000000142,0.44%,,,,,,,,,ShowDailyK_ChartFlow,FinMind_API_TaiwanStockPrice_4114,True,2026-09-29T21:29:54,2026-09-29T21:29:54,2026-09-29T21:29:54
4114,健喬,2021-12-09,22.8,0.1999999999999993,0.88%,,,,,,,,,ShowDailyK_ChartFlow,FinMind_API_TaiwanStockPrice_4114,True,2026-09-29T21:29:54,2026-09-29T21:29:54,2026-09-29T21:29:54
4114,健喬,2021-12-10,22.75,-0.05000000000000071,-0.22%,,,,,,,,,ShowDailyK_ChartFlow,FinMind_API_TaiwanStockPrice_4114,True,2026-09-29T21:29:54,2026-09-29T21:29:54,2026-09-29T21:29:54
4114,健喬,2021-12-13,22.8,0.05000000000000071,0.22%,,,,,,,,,ShowDailyK_ChartFlow,FinMind_API_TaiwanStockPrice_4114,True,2026-09-29T21:29:54,2026-09-29T21:29:54,2026-09-29T21:29:54
4114,健喬,2021-12-14,23.85,1.0500000000000007,4.61%,,,,,,,,,ShowDailyK_ChartFlow,FinMind_API_TaiwanStockPrice_4114,True,2026-09-29T21:29:54,2026-09-29T21:29:54,2026-09-29T21:29:54
4114,健喬,2021-12-15,23.45,-0.40000000000000213,-1.68%,,,,,,,,,ShowDailyK_ChartFlow,FinMind_API_TaiwanStockPrice_4114,True,2026-09-29T21:29:54,2026-09-29T21:29:54,2026-09-29T21:29:54
4114,健喬,2021-12-16,23.45,0.0,0.00%,,,,,,,,,ShowDailyK_ChartFlow,FinMind_API_TaiwanStockPrice_4114,True,2026-09-29T21:29:54,2026-09-29T21:29:54,2026-09-29T21:29:54
4114,健喬,2021-12-17,23.4,-0.05000000000000071,-0.21%,,,,,,,,,ShowDailyK_ChartFlow,FinMind_API_TaiwanStockPrice_4114,True,2026-09-29T21:29:54,2026-09-29T21:29:54,2026-09-29T21:29:54
4114,健喬,2021-12-20,23.75,0.3500000000000014,1.50%,,,,,,,,,ShowDailyK_ChartFlow,FinMind_API_TaiwanStockPrice_4114,True,2026-09-29T21:29:54,2026-09-29T21:29:54,2026-09-29T21:29:54
4114,健喬,2021-12-21,23.65,-0.10000000000000142,-0.42%,,,,,,,,,ShowDailyK_ChartFlow,FinMind_API_TaiwanStockPrice_4114,True,2026-09-29T21:29:54,2026-09-29T21:29:54,2026-09-29T21:29:54
4114,健喬,2021-12-22,23.5,-0.14999999999999858,-0.63%,,,,,,,,,ShowDailyK_ChartFlow,FinMind_API_TaiwanStockPrice_4114,True,2026-09-29T21:29:54,2026-09-29T21:29:54,2026-09-29T21:29:54
4114,健喬,2021-12-23,23.4,-0.10000000000000142,-0.43%,,,,,,,,,ShowDailyK_ChartFlow,FinMind_API_TaiwanStockPrice_4114,True,2026-09-29T21:29:54,2026-09-29T21:29:54,2026-09-29T21:29:54
4114,健喬,2021-12-24,23.4,0.0,0.00%,,,,,,,,,ShowDailyK_ChartFlow,FinMind_API_TaiwanStockPrice_4114,True,2026-09-29T21:29:54,2026-09-29T21:29:54,2026-09-29T21:29:54
4114,健喬,2021-12-27,23.6,0.20000000000000284,0.85%,,,,,,,,,ShowDailyK_ChartFlow,FinMind_API_TaiwanStockPrice_4114,True,2026-09-29T21:29:54,2026-09-29T21:29:54,2026-09-29T21:29:54
4114,健喬,2021-12-28,23.55,-0.05000000000000071,-0.21%,,,,,,,,,ShowDailyK_ChartFlow,FinMind_API_TaiwanStockPrice_4114,True,2026-09-29T21:29:54,2026-09-29T21:29:54,2026-09-29T21:29:54
4114,健喬,2021-12-29,23.6,0.05000000000000071,0.21%,,,,,,,,,ShowDailyK_ChartFlow,FinMind_API_TaiwanStockPrice_4114,True,2026-09-29T21:29:54,2026-09-29T21:29:54,2026-09-29T21:29:54
4114,健喬,2021-12-30,23.6,0.0,0.00%,,,,,,,,,ShowDailyK_ChartFlow,FinMind_API_TaiwanStockPrice_4114,True,2026-09-29T21:29:54,2026-09-29T21:29:54,2026-09-29T21:29:54
4114,健喬,2022-01-03,23.75,0.14999999999999858,0.64%,,,,,,,,,ShowDailyK_ChartFlow,FinMind_API_TaiwanStockPrice_4114,True,2026-09-29T21:29:54,2026-09-29T21:29:54,2026-09-29T21:29:54
4114,健喬,2022-01-04,23.75,0.0,0.00%,,,,,,,,,ShowDailyK_ChartFlow,FinMind_API_TaiwanStockPrice_4114,True,2026-09-29T21:29:54,2026-09-29T21:29:54,2026-09-29T21:29:54
4114,健喬,2022-01-05,23.75,0.0,0.00%,,,,,,,,,ShowDailyK_ChartFlow,FinMind_API_TaiwanStockPrice_4114,True,2026-09-29T21:29:54,2026-09-29T21:29:54,2026-09-29T21:29:54
4114,健喬,2022-01-06,23.75,0.0,0.00%,,,,,,,,,ShowDailyK_ChartFlow,FinMind_API_TaiwanStockPrice_4114,True,2026-09-29T21:29:54,2026-09-29T21:29:54,2026-09-29T21:29:54
4114,健喬,2022-01-07,24.1,0.3500000000000014,1.47%,,,,,,,,,ShowDailyK_ChartFlow,FinMind_API_TaiwanStockPrice_4114,True,2026-09-29T21:29:54,2026-09-29T21:29:54,2026-09-29T21:29:54
4114,健喬,2022-01-10,24.15,0.04999999999999716,0.21%,,,,,,,,,ShowDailyK_ChartFlow,FinMind_API_TaiwanStockPrice_4114,True,2026-09-29T21:29:54,2026-09-29T21:29:54,2026-09-29T21:29:54
4114,健喬,2022-01-11,23.85,-0.29999999999999716,-1.24%,,,,,,,,,ShowDailyK_ChartFlow,FinMind_API_TaiwanStockPrice_4114,True,2026-09-29T21:29:54,2026-09-29T21:29:54,2026-09-29T21:29:54
4114,健喬,2022-01-12,23.85,0.0,0.00%,,,,,,,,,ShowDailyK_ChartFlow,FinMind_API_TaiwanStockPrice_4114,True,2026-09-29T21:29:54,2026-09-29T21:29:54,2026-09-29T21:29:54
4114,健喬,2022-01-13,23.95,0.09999999999999787,0.42%,,,,,,,,,ShowDailyK_ChartFlow,FinMind_API_TaiwanStockPrice_4114,True,2026-09-29T21:29:54,2026-09-29T21:29:54,2026-09-29T21:29:54
4114,健喬,2022-01-14,23.75,-0.1999999999999993,-0.84%,,,,,,,,,ShowDailyK_ChartFlow,FinMind_API_TaiwanStockPrice_4114,True,2026-09-29T21:29:54,2026-09-29T21:29:54,2026-09-29T21:29:54
4114,健喬,2022-01-17,23.8,0.05000000000000071,0.21%,,,,,,,,,ShowDailyK_ChartFlow,FinMind_API_TaiwanStockPrice_4114,True,2026-09-29T21:29:54,2026-09-29T21:29:54,2026-09-29T21:29:54
4114,健喬,2022-01-18,23.8,0.0,0.00%,,,,,,,,,ShowDailyK_ChartFlow,FinMind_API_TaiwanStockPrice_4114,True,2026-09-29T21:29:54,2026-09-29T21:29:54,2026-09-29T21:29:54
4114,健喬,2022-01-19,23.85,0.05000000000000071,0.21%,,,,,,,,,ShowDailyK_ChartFlow,FinMind_API_TaiwanStockPrice_4114,True,2026-09-29T21:29:54,2026-09-29T21:29:54,2026-09-29T21:29:54
4114,健喬,2022-01-20,23.8,-0.05000000000000071,-0.21%,,,,,,,,,ShowDailyK_ChartFlow,FinMind_API_TaiwanStockPrice_4114,True,2026-09-29T21:29:54,2026-09-29T21:29:54,2026-09-29T21:29:54
4114,健喬,2022-01-21,23.6,-0.1999999999999993,-0.84%,,,,,,,,,ShowDailyK_ChartFlow,FinMind_API_TaiwanStockPrice_4114,True,2026-09-29T21:29:54,2026-09-29T21:29:54,2026-09-29T21:29:54
4114,健喬,2022-01-24,23.35,-0.25,-1.06%,,,,,,,,,ShowDailyK_ChartFlow,FinMind_API_TaiwanStockPrice_4114,True,2026-09-29T21:29:54,2026-09-29T21:29:54,2026-09-29T21:29:54
4114,健喬,2022-01-25,23.3,-0.05000000000000071,-0.21%,,,,,,,,,ShowDailyK_ChartFlow,FinMind_API_TaiwanStockPrice_4114,True,2026-09-29T21:29:54,2026-09-29T21:29:54,2026-09-29T21:29:54
4114,健喬,2022-01-26,23.3,0.0,0.00%,,,,,,,,,ShowDailyK_ChartFlow,FinMind_API_TaiwanStockPrice_4114,True,2026-09-29T21:29:54,2026-09-29T21:29:54,2026-09-29T21:29:54
4114,健喬,2022-02-07,23.65,0.34999999999999787,1.50%,,,,,,,,,ShowDailyK_ChartFlow,FinMind_API_TaiwanStockPrice_4114,True,2026-09-29T21:29:54,2026-09-29T21:29:54,2026-09-29T21:29:54
4114,健喬,2022-02-08,23.9,0.25,1.06%,,,,,,,,,ShowDailyK_ChartFlow,FinMind_API_TaiwanStockPrice_4114,True,2026-09-29T21:29:54,2026-09-29T21:29:54,2026-09-29T21:29:54
4114,健喬,2022-02-09,24.05,0.15000000000000213,0.63%,,,,,,,,,ShowDailyK_ChartFlow,FinMind_API_TaiwanStockPrice_4114,True,2026-09-29T21:29:54,2026-09-29T21:29:54,2026-09-29T21:29:54
4114,健喬,2022-02-10,24.05,0.0,0.00%,,,,,,,,,ShowDailyK_ChartFlow,FinMind_API_TaiwanStockPrice_4114,True,2026-09-29T21:29:54,2026-09-29T21:29:54,2026-09-29T21:29:54
4114,健喬,2022-02-11,24.3,0.25,1.04%,,,,,,,,,ShowDailyK_ChartFlow,FinMind_API_TaiwanStockPrice_4114,True,2026-09-29T21:29:54,2026-09-29T21:29:54,2026-09-29T21:29:54
4114,健喬,2022-02-14,24.1,-0.1999999999999993,-0.82%,,,,,,,,,ShowDailyK_ChartFlow,FinMind_API_TaiwanStockPrice_4114,True,2026-09-29T21:29:54,2026-09-29T21:29:54,2026-09-29T21:29:54
4114,健喬,2022-02-15,24.25,0.14999999999999858,0.62%,,,,,,,,,ShowDailyK_ChartFlow,FinMind_API_TaiwanStockPrice_4114,True,2026-09-29T21:29:54,2026-09-29T21:29:54,2026-09-29T21:29:54
4114,健喬,2022-02-16,24.5,0.25,1.03%,,,,,,,,,ShowDailyK_ChartFlow,FinMind_API_TaiwanStockPrice_4114,True,2026-09-29T21:29:54,2026-09-29T21:29:54,2026-09-29T21:29:54
4114,健喬,2022-02-17,24.6,0.10000000000000142,0.41%,,,,,,,,,ShowDailyK_ChartFlow,FinMind_API_TaiwanStockPrice_4114,True,2026-09-29T21:29:54,2026-09-29T21:29:54,2026-09-29T21:29:54
4114,健喬,2022-02-18,24.75,0.14999999999999858,0.61%,,,,,,,,,ShowDailyK_ChartFlow,FinMind_API_TaiwanStockPrice_4114,True,2026-09-29T21:29:54,2026-09-29T21:29:54,2026-09-29T21:29:54
4114,健喬,2022-02-21,24.85,0.10000000000000142,0.40%,,,,,,,,,ShowDailyK_ChartFlow,FinMind_API_TaiwanStockPrice_4114,True,2026-09-29T21:29:54,2026-09-29T21:29:54,2026-09-29T21:29:54
4114,健喬,2022-02-22,24.65,-0.20000000000000284,-0.80%,,,,,,,,,ShowDailyK_ChartFlow,FinMind_API_TaiwanStockPrice_4114,True,2026-09-29T21:29:54,2026-09-29T21:29:54,2026-09-29T21:29:54
4114,健喬,2022-02-23,24.7,0.05000000000000071,0.20%,,,,,,,,,ShowDailyK_ChartFlow,FinMind_API_TaiwanStockPrice_4114,True,2026-09-29T21:29:54,2026-09-29T21:29:54,2026-09-29T21:29:54
4114,健喬,2022-02-24,24.15,-0.5500000000000007,-2.23%,,,,,,,,,ShowDailyK_ChartFlow,FinMind_API_TaiwanStockPrice_4114,True,2026-09-29T21:29:54,2026-09-29T21:29:54,2026-09-29T21:29:54
4114,健喬,2022-02-25,24.7,0.5500000000000007,2.28%,,,,,,,,,ShowDailyK_ChartFlow,FinMind_API_TaiwanStockPrice_4114,True,2026-09-29T21:29:54,2026-09-29T21:29:54,2026-09-29T21:29:54
4114,健喬,2022-03-01,24.8,0.10000000000000142,0.40%,,,,,,,,,ShowDailyK_ChartFlow,FinMind_API_TaiwanStockPrice_4114,True,2026-09-29T21:29:54,2026-09-29T21:29:54,2026-09-29T21:29:54
4114,健喬,2022-03-02,24.95,0.14999999999999858,0.60%,,,,,,,,,ShowDailyK_ChartFlow,FinMind_API_TaiwanStockPrice_4114,True,2026-09-29T21:29:54,2026-09-29T21:29:54,2026-09-29T21:29:54
4114,健喬,2022-03-03,25.15,0.1999999999999993,0.80%,,,,,,,,,ShowDailyK_ChartFlow,FinMind_API_TaiwanStockPrice_4114,True,2026-09-29T21:29:54,2026-09-29T21:29:54,2026-09-29T21:29:54
4114,健喬,2022-03-04,24.9,-0.25,-0.99%,,,,,,,,,ShowDailyK_ChartFlow,FinMind_API_TaiwanStockPrice_4114,True,2026-09-29T21:29:54,2026-09-29T21:29:54,2026-09-29T21:29:54
4114,健喬,2022-03-07,24.35,-0.5499999999999972,-2.21%,,,,,,,,,ShowDailyK_ChartFlow,FinMind_API_TaiwanStockPrice_4114,True,2026-09-29T21:29:54,2026-09-29T21:29:54,2026-09-29T21:29:54
4114,健喬,2022-03-08,24.55,0.1999999999999993,0.82%,,,,,,,,,ShowDailyK_ChartFlow,FinMind_API_TaiwanStockPrice_4114,True,2026-09-29T21:29:54,2026-09-29T21:29:54,2026-09-29T21:29:54
4114,健喬,2022-03-09,24.55,0.0,0.00%,,,,,,,,,ShowDailyK_ChartFlow,FinMind_API_TaiwanStockPrice_4114,True,2026-09-29T21:29:54,2026-09-29T21:29:54,2026-09-29T21:29:54
4114,健喬,2022-03-10,24.55,0.0,0.00%,,,,,,,,,ShowDailyK_ChartFlow,FinMind_API_TaiwanStockPrice_4114,True,2026-09-29T21:29:54,2026-09-29T21:29:54,2026-09-29T21:29:54
4114,健喬,2022-03-11,24.35,-0.1999999999999993,-0.81%,,,,,,,,,ShowDailyK_ChartFlow,FinMind_API_TaiwanStockPrice_4114,True,2026-09-29T21:29:54,2026-09-29T21:29:54,2026-09-29T21:29:54
4114,健喬,2022-03-14,24.25,-0.10000000000000142,-0.41%,,,,,,,,,ShowDailyK_ChartFlow,FinMind_API_TaiwanStockPrice_4114,True,2026-09-29T21:29:54,2026-09-29T21:29:54,2026-09-29T21:29:54
4114,健喬,2022-03-15,24.15,-0.10000000000000142,-0.41%,,,,,,,,,ShowDailyK_ChartFlow,FinMind_API_TaiwanStockPrice_4114,True,2026-09-29T21:29:54,2026-09-29T21:29:54,2026-09-29T21:29:54
4114,健喬,2022-03-16,24.0,-0.14999999999999858,-0.62%,,,,,,,,,ShowDailyK_ChartFlow,FinMind_API_TaiwanStockPrice_4114,True,2026-09-29T21:29:54,2026-09-29T21:29:54,2026-09-29T21:29:54
4114,健喬,2022-03-17,24.25,0.25,1.04%,,,,,,,,,ShowDailyK_ChartFlow,FinMind_API_TaiwanStockPrice_4114,True,2026-09-29T21:29:54,2026-09-29T21:29:54,2026-09-29T21:29:54
4114,健喬,2022-03-18,24.4,0.14999999999999858,0.62%,,,,,,,,,ShowDailyK_ChartFlow,FinMind_API_TaiwanStockPrice_4114,True,2026-09-29T21:29:54,2026-09-29T21:29:54,2026-09-29T21:29:54
4114,健喬,2022-03-21,24.65,0.25,1.02%,,,,,,,,,ShowDailyK_ChartFlow,FinMind_API_TaiwanStockPrice_4114,True,2026-09-29T21:29:54,2026-09-29T21:29:54,2026-09-29T21:29:54
4114,健喬,2022-03-22,24.8,0.15000000000000213,0.61%,,,,,,,,,ShowDailyK_ChartFlow,FinMind_API_TaiwanStockPrice_4114,True,2026-09-29T21:29:54,2026-09-29T21:29:54,2026-09-29T21:29:54
4114,健喬,2022-03-23,24.8,0.0,0.00%,,,,,,,,,ShowDailyK_ChartFlow,FinMind_API_TaiwanStockPrice_4114,True,2026-09-29T21:29:54,2026-09-29T21:29:54,2026-09-29T21:29:54
4114,健喬,2022-03-24,24.9,0.09999999999999787,0.40%,,,,,,,,,ShowDailyK_ChartFlow,FinMind_API_TaiwanStockPrice_4114,True,2026-09-29T21:29:54,2026-09-29T21:29:54,2026-09-29T21:29:54
4114,健喬,2022-03-25,24.85,-0.04999999999999716,-0.20%,,,,,,,,,ShowDailyK_ChartFlow,FinMind_API_TaiwanStockPrice_4114,True,2026-09-29T21:29:54,2026-09-29T21:29:54,2026-09-29T21:29:54
4114,健喬,2022-03-28,24.85,0.0,0.00%,,,,,,,,,ShowDailyK_ChartFlow,FinMind_API_TaiwanStockPrice_4114,True,2026-09-29T21:29:54,2026-09-29T21:29:54,2026-09-29T21:29:54
4114,健喬,2022-03-29,24.9,0.04999999999999716,0.20%,,,,,,,,,ShowDailyK_ChartFlow,FinMind_API_TaiwanStockPrice_4114,True,2026-09-29T21:29:54,2026-09-29T21:29:54,2026-09-29T21:29:54
4114,健喬,2022-03-30,25.4,0.5,2.01%,,,,,,,,,ShowDailyK_ChartFlow,FinMind_API_TaiwanStockPrice_4114,True,2026-09-29T21:29:54,2026-09-29T21:29:54,2026-09-29T21:29:54
4114,健喬,2022-03-31,25.1,-0.29999999999999716,-1.18%,,,,,,,,,ShowDailyK_ChartFlow,FinMind_API_TaiwanStockPrice_4114,True,2026-09-29T21:29:54,2026-09-29T21:29:54,2026-09-29T21:29:54
4114,健喬,2022-04-01,25.5,0.3999999999999986,1.59%,,,,,,,,,ShowDailyK_ChartFlow,FinMind_API_TaiwanStockPrice_4114,True,2026-09-29T21:29:54,2026-09-29T21:29:54,2026-09-29T21:29:54
4114,健喬,2022-04-06,26.0,0.5,1.96%,,,,,,,,,ShowDailyK_ChartFlow,FinMind_API_TaiwanStockPrice_4114,True,2026-09-29T21:29:54,2026-09-29T21:29:54,2026-09-29T21:29:54
4114,健喬,2022-04-07,26.0,0.0,0.00%,,,,,,,,,ShowDailyK_ChartFlow,FinMind_API_TaiwanStockPrice_4114,True,2026-09-29T21:29:54,2026-09-29T21:29:54,2026-09-29T21:29:54
4114,健喬,2022-04-08,26.1,0.10000000000000142,0.38%,,,,,,,,,ShowDailyK_ChartFlow,FinMind_API_TaiwanStockPrice_4114,True,2026-09-29T21:29:54,2026-09-29T21:29:54,2026-09-29T21:29:54
4114,健喬,2022-04-11,26.4,0.29999999999999716,1.15%,,,,,,,,,ShowDailyK_ChartFlow,FinMind_API_TaiwanStockPrice_4114,True,2026-09-29T21:29:54,2026-09-29T21:29:54,2026-09-29T21:29:54
4114,健喬,2022-04-12,26.7,0.3000000000000007,1.14%,,,,,,,,,ShowDailyK_ChartFlow,FinMind_API_TaiwanStockPrice_4114,True,2026-09-29T21:29:54,2026-09-29T21:29:54,2026-09-29T21:29:54
4114,健喬,2022-04-13,26.8,0.10000000000000142,0.37%,,,,,,,,,ShowDailyK_ChartFlow,FinMind_API_TaiwanStockPrice_4114,True,2026-09-29T21:29:54,2026-09-29T21:29:54,2026-09-29T21:29:54
4114,健喬,2022-04-14,27.45,0.6499999999999986,2.43%,,,,,,,,,ShowDailyK_ChartFlow,FinMind_API_TaiwanStockPrice_4114,True,2026-09-29T21:29:54,2026-09-29T21:29:54,2026-09-29T21:29:54
4114,健喬,2022-04-15,27.65,0.1999999999999993,0.73%,,,,,,,,,ShowDailyK_ChartFlow,FinMind_API_TaiwanStockPrice_4114,True,2026-09-29T21:29:54,2026-09-29T21:29:54,2026-09-29T21:29:54
4114,健喬,2022-04-18,28.95,1.3000000000000007,4.70%,,,,,,,,,ShowDailyK_ChartFlow,FinMind_API_TaiwanStockPrice_4114,True,2026-09-29T21:29:54,2026-09-29T21:29:54,2026-09-29T21:29:54
4114,健喬,2022-04-19,27.95,-1.0,-3.45%,,,,,,,,,ShowDailyK_ChartFlow,FinMind_API_TaiwanStockPrice_4114,True,2026-09-29T21:29:54,2026-09-29T21:29:54,2026-09-29T21:29:54
4114,健喬,2022-04-20,27.85,-0.09999999999999787,-0.36%,,,,,,,,,ShowDailyK_ChartFlow,FinMind_API_TaiwanStockPrice_4114,True,2026-09-29T21:29:54,2026-09-29T21:29:54,2026-09-29T21:29:54
4114,健喬,2022-04-21,28.7,0.8499999999999979,3.05%,,,,,,,,,ShowDailyK_ChartFlow,FinMind_API_TaiwanStockPrice_4114,True,2026-09-29T21:29:54,2026-09-29T21:29:54,2026-09-29T21:29:54
4114,健喬,2022-04-22,28.25,-0.4499999999999993,-1.57%,,,,,,,,,ShowDailyK_ChartFlow,FinMind_API_TaiwanStockPrice_4114,True,2026-09-29T21:29:54,2026-09-29T21:29:54,2026-09-29T21:29:54
4114,健喬,2022-04-25,27.3,-0.9499999999999993,-3.36%,,,,,,,,,ShowDailyK_ChartFlow,FinMind_API_TaiwanStockPrice_4114,True,2026-09-29T21:29:54,2026-09-29T21:29:54,2026-09-29T21:29:54
4114,健喬,2022-04-26,27.3,0.0,0.00%,,,,,,,,,ShowDailyK_ChartFlow,FinMind_API_TaiwanStockPrice_4114,True,2026-09-29T21:29:54,2026-09-29T21:29:54,2026-09-29T21:29:54
4114,健喬,2022-04-27,27.65,0.34999999999999787,1.28%,,,,,,,,,ShowDailyK_ChartFlow,FinMind_API_TaiwanStockPrice_4114,True,2026-09-29T21:29:54,2026-09-29T21:29:54,2026-09-29T21:29:54
4114,健喬,2022-04-28,28.0,0.3500000000000014,1.27%,,,,,,,,,ShowDailyK_ChartFlow,FinMind_API_TaiwanStockPrice_4114,True,2026-09-29T21:29:54,2026-09-29T21:29:54,2026-09-29T21:29:54
4114,健喬,2022-04-29,27.4,-0.6000000000000014,-2.14%,,,,,,,,,ShowDailyK_ChartFlow,FinMind_API_TaiwanStockPrice_4114,True,2026-09-29T21:29:54,2026-09-29T21:29:54,2026-09-29T21:29:54
4114,健喬,2022-05-03,27.3,-0.09999999999999787,-0.36%,,,,,,,,,ShowDailyK_ChartFlow,FinMind_API_TaiwanStockPrice_4114,True,2026-09-29T21:29:54,2026-09-29T21:29:54,2026-09-29T21:29:54
4114,健喬,2022-05-04,26.75,-0.5500000000000007,-2.01%,,,,,,,,,ShowDailyK_ChartFlow,FinMind_API_TaiwanStockPrice_4114,True,2026-09-29T21:29:54,2026-09-29T21:29:54,2026-09-29T21:29:54
4114,健喬,2022-05-05,26.65,-0.10000000000000142,-0.37%,,,,,,,,,ShowDailyK_ChartFlow,FinMind_API_TaiwanStockPrice_4114,True,2026-09-29T21:29:54,2026-09-29T21:29:54,2026-09-29T21:29:54
4114,健喬,2022-05-06,26.75,0.10000000000000142,0.38%,,,,,,,,,ShowDailyK_ChartFlow,FinMind_API_TaiwanStockPrice_4114,True,2026-09-29T21:29:54,2026-09-29T21:29:54,2026-09-29T21:29:54
4114,健喬,2022-05-09,26.15,-0.6000000000000014,-2.24%,,,,,,,,,ShowDailyK_ChartFlow,FinMind_API_TaiwanStockPrice_4114,True,2026-09-29T21:29:54,2026-09-29T21:29:54,2026-09-29T21:29:54
4114,健喬,2022-05-10,26.75,0.6000000000000014,2.29%,,,,,,,,,ShowDailyK_ChartFlow,FinMind_API_TaiwanStockPrice_4114,True,2026-09-29T21:29:54,2026-09-29T21:29:54,2026-09-29T21:29:54
4114,健喬,2022-05-11,26.4,-0.3500000000000014,-1.31%,,,,,,,,,ShowDailyK_ChartFlow,FinMind_API_TaiwanStockPrice_4114,True,2026-09-29T21:29:54,2026-09-29T21:29:54,2026-09-29T21:29:54
4114,健喬,2022-05-12,25.45,-0.9499999999999993,-3.60%,,,,,,,,,ShowDailyK_ChartFlow,FinMind_API_TaiwanStockPrice_4114,True,2026-09-29T21:29:54,2026-09-29T21:29:54,2026-09-29T21:29:54
4114,健喬,2022-05-13,26.1,0.6500000000000021,2.55%,,,,,,,,,ShowDailyK_ChartFlow,FinMind_API_TaiwanStockPrice_4114,True,2026-09-29T21:29:54,2026-09-29T21:29:54,2026-09-29T21:29:54
4114,健喬,2022-05-16,26.7,0.5999999999999979,2.30%,,,,,,,,,ShowDailyK_ChartFlow,FinMind_API_TaiwanStockPrice_4114,True,2026-09-29T21:29:54,2026-09-29T21:29:54,2026-09-29T21:29:54
4114,健喬,2022-05-17,26.55,-0.14999999999999858,-0.56%,,,,,,,,,ShowDailyK_ChartFlow,FinMind_API_TaiwanStockPrice_4114,True,2026-09-29T21:29:54,2026-09-29T21:29:54,2026-09-29T21:29:54
4114,健喬,2022-05-18,26.8,0.25,0.94%,,,,,,,,,ShowDailyK_ChartFlow,FinMind_API_TaiwanStockPrice_4114,True,2026-09-29T21:29:54,2026-09-29T21:29:54,2026-09-29T21:29:54
4114,健喬,2022-05-19,26.8,0.0,0.00%,,,,,,,,,ShowDailyK_ChartFlow,FinMind_API_TaiwanStockPrice_4114,True,2026-09-29T21:29:54,2026-09-29T21:29:54,2026-09-29T21:29:54
4114,健喬,2022-05-20,26.8,0.0,0.00%,,,,,,,,,ShowDailyK_ChartFlow,FinMind_API_TaiwanStockPrice_4114,True,2026-09-29T21:29:54,2026-09-29T21:29:54,2026-09-29T21:29:54
4114,健喬,2022-05-23,26.45,-0.3500000000000014,-1.31%,,,,,,,,,ShowDailyK_ChartFlow,FinMind_API_TaiwanStockPrice_4114,True,2026-09-29T21:29:54,2026-09-29T21:29:54,2026-09-29T21:29:54
4114,健喬,2022-05-24,26.35,-0.09999999999999787,-0.38%,,,,,,,,,ShowDailyK_ChartFlow,FinMind_API_TaiwanStockPrice_4114,True,2026-09-29T21:29:54,2026-09-29T21:29:54,2026-09-29T21:29:54
4114,健喬,2022-05-25,26.3,-0.05000000000000071,-0.19%,,,,,,,,,ShowDailyK_ChartFlow,FinMind_API_TaiwanStockPrice_4114,True,2026-09-29T21:29:54,2026-09-29T21:29:54,2026-09-29T21:29:54
4114,健喬,2022-05-26,26.15,-0.15000000000000213,-0.57%,,,,,,,,,ShowDailyK_ChartFlow,FinMind_API_TaiwanStockPrice_4114,True,2026-09-29T21:29:54,2026-09-29T21:29:54,2026-09-29T21:29:54
4114,健喬,2022-05-27,26.2,0.05000000000000071,0.19%,,,,,,,,,ShowDailyK_ChartFlow,FinMind_API_TaiwanStockPrice_4114,True,2026-09-29T21:29:54,2026-09-29T21:29:54,2026-09-29T21:29:54
4114,健喬,2022-05-30,26.45,0.25,0.95%,,,,,,,,,ShowDailyK_ChartFlow,FinMind_API_TaiwanStockPrice_4114,True,2026-09-29T21:29:54,2026-09-29T21:29:54,2026-09-29T21:29:54
4114,健喬,2022-05-31,26.3,-0.14999999999999858,-0.57%,,,,,,,,,ShowDailyK_ChartFlow,FinMind_API_TaiwanStockPrice_4114,True,2026-09-29T21:29:54,2026-09-29T21:29:54,2026-09-29T21:29:54
4114,健喬,2022-06-01,26.5,0.1999999999999993,0.76%,,,,,,,,,ShowDailyK_ChartFlow,FinMind_API_TaiwanStockPrice_4114,True,2026-09-29T21:29:54,2026-09-29T21:29:54,2026-09-29T21:29:54
4114,健喬,2022-06-02,26.6,0.10000000000000142,0.38%,,,,,,,,,ShowDailyK_ChartFlow,FinMind_API_TaiwanStockPrice_4114,True,2026-09-29T21:29:54,2026-09-29T21:29:54,2026-09-29T21:29:54
4114,健喬,2022-06-06,27.0,0.3999999999999986,1.50%,,,,,,,,,ShowDailyK_ChartFlow,FinMind_API_TaiwanStockPrice_4114,True,2026-09-29T21:29:54,2026-09-29T21:29:54,2026-09-29T21:29:54
4114,健喬,2022-06-07,27.45,0.4499999999999993,1.67%,,,,,,,,,ShowDailyK_ChartFlow,FinMind_API_TaiwanStockPrice_4114,True,2026-09-29T21:29:54,2026-09-29T21:29:54,2026-09-29T21:29:54
4114,健喬,2022-06-08,27.5,0.05000000000000071,0.18%,,,,,,,,,ShowDailyK_ChartFlow,FinMind_API_TaiwanStockPrice_4114,True,2026-09-29T21:29:54,2026-09-29T21:29:54,2026-09-29T21:29:54
4114,健喬,2022-06-09,27.95,0.4499999999999993,1.64%,,,,,,,,,ShowDailyK_ChartFlow,FinMind_API_TaiwanStockPrice_4114,True,2026-09-29T21:29:54,2026-09-29T21:29:54,2026-09-29T21:29:54
4114,健喬,2022-06-10,28.85,0.9000000000000021,3.22%,,,,,,,,,ShowDailyK_ChartFlow,FinMind_API_TaiwanStockPrice_4114,True,2026-09-29T21:29:54,2026-09-29T21:29:54,2026-09-29T21:29:54
4114,健喬,2022-06-13,28.25,-0.6000000000000014,-2.08%,,,,,,,,,ShowDailyK_ChartFlow,FinMind_API_TaiwanStockPrice_4114,True,2026-09-29T21:29:54,2026-09-29T21:29:54,2026-09-29T21:29:54
4114,健喬,2022-06-14,28.75,0.5,1.77%,,,,,,,,,ShowDailyK_ChartFlow,FinMind_API_TaiwanStockPrice_4114,True,2026-09-29T21:29:54,2026-09-29T21:29:54,2026-09-29T21:29:54
4114,健喬,2022-06-15,28.85,0.10000000000000142,0.35%,,,,,,,,,ShowDailyK_ChartFlow,FinMind_API_TaiwanStockPrice_4114,True,2026-09-29T21:29:54,2026-09-29T21:29:54,2026-09-29T21:29:54
4114,健喬,2022-06-16,28.85,0.0,0.00%,,,,,,,,,ShowDailyK_ChartFlow,FinMind_API_TaiwanStockPrice_4114,True,2026-09-29T21:29:54,2026-09-29T21:29:54,2026-09-29T21:29:54
4114,健喬,2022-06-17,28.95,0.09999999999999787,0.35%,,,,,,,,,ShowDailyK_ChartFlow,FinMind_API_TaiwanStockPrice_4114,True,2026-09-29T21:29:54,2026-09-29T21:29:54,2026-09-29T21:29:54
4114,健喬,2022-06-20,29.3,0.3500000000000014,1.21%,,,,,,,,,ShowDailyK_ChartFlow,FinMind_API_TaiwanStockPrice_4114,True,2026-09-29T21:29:54,2026-09-29T21:29:54,2026-09-29T21:29:54
4114,健喬,2022-06-21,30.15,0.8499999999999979,2.90%,,,,,,,,,ShowDailyK_ChartFlow,FinMind_API_TaiwanStockPrice_4114,True,2026-09-29T21:29:54,2026-09-29T21:29:54,2026-09-29T21:29:54
4114,健喬,2022-06-22,29.85,-0.29999999999999716,-1.00%,,,,,,,,,ShowDailyK_ChartFlow,FinMind_API_TaiwanStockPrice_4114,True,2026-09-29T21:29:54,2026-09-29T21:29:54,2026-09-29T21:29:54
4114,健喬,2022-06-23,30.9,1.0499999999999972,3.52%,,,,,,,,,ShowDailyK_ChartFlow,FinMind_API_TaiwanStockPrice_4114,True,2026-09-29T21:29:54,2026-09-29T21:29:54,2026-09-29T21:29:54
4114,健喬,2022-06-24,33.5,2.6000000000000014,8.41%,,,,,,,,,ShowDailyK_ChartFlow,FinMind_API_TaiwanStockPrice_4114,True,2026-09-29T21:29:54,2026-09-29T21:29:54,2026-09-29T21:29:54
4114,健喬,2022-06-27,33.95,0.45000000000000284,1.34%,,,,,,,,,ShowDailyK_ChartFlow,FinMind_API_TaiwanStockPrice_4114,True,2026-09-29T21:29:54,2026-09-29T21:29:54,2026-09-29T21:29:54
4114,健喬,2022-06-28,32.4,-1.5500000000000043,-4.57%,,,,,,,,,ShowDailyK_ChartFlow,FinMind_API_TaiwanStockPrice_4114,True,2026-09-29T21:29:54,2026-09-29T21:29:54,2026-09-29T21:29:54
4114,健喬,2022-06-29,34.85,2.450000000000003,7.56%,,,,,,,,,ShowDailyK_ChartFlow,FinMind_API_TaiwanStockPrice_4114,True,2026-09-29T21:29:54,2026-09-29T21:29:54,2026-09-29T21:29:54
4114,健喬,2022-06-30,33.05,-1.8000000000000043,-5.16%,,,,,,,,,ShowDailyK_ChartFlow,FinMind_API_TaiwanStockPrice_4114,True,2026-09-29T21:29:54,2026-09-29T21:29:54,2026-09-29T21:29:54
4114,健喬,2022-07-01,31.5,-1.5499999999999972,-4.69%,,,,,,,,,ShowDailyK_ChartFlow,FinMind_API_TaiwanStockPrice_4114,True,2026-09-29T21:29:54,2026-09-29T21:29:54,2026-09-29T21:29:54
4114,健喬,2022-07-04,32.0,0.5,1.59%,,,,,,,,,ShowDailyK_ChartFlow,FinMind_API_TaiwanStockPrice_4114,True,2026-09-29T21:29:54,2026-09-29T21:29:54,2026-09-29T21:29:54
4114,健喬,2022-07-05,33.55,1.5499999999999972,4.84%,,,,,,,,,ShowDailyK_ChartFlow,FinMind_API_TaiwanStockPrice_4114,True,2026-09-29T21:29:54,2026-09-29T21:29:54,2026-09-29T21:29:54
4114,健喬,2022-07-06,31.4,-2.1499999999999986,-6.41%,,,,,,,,,ShowDailyK_ChartFlow,FinMind_API_TaiwanStockPrice_4114,True,2026-09-29T21:29:54,2026-09-29T21:29:54,2026-09-29T21:29:54
4114,健喬,2022-07-07,32.05,0.6499999999999986,2.07%,,,,,,,,,ShowDailyK_ChartFlow,FinMind_API_TaiwanStockPrice_4114,True,2026-09-29T21:29:54,2026-09-29T21:29:54,2026-09-29T21:29:54
4114,健喬,2022-07-08,32.1,0.05000000000000426,0.16%,,,,,,,,,ShowDailyK_ChartFlow,FinMind_API_TaiwanStockPrice_4114,True,2026-09-29T21:29:54,2026-09-29T21:29:54,2026-09-29T21:29:54
4114,健喬,2022-07-11,29.6,-2.5,-7.79%,,,,,,,,,ShowDailyK_ChartFlow,FinMind_API_TaiwanStockPrice_4114,True,2026-09-29T21:29:54,2026-09-29T21:29:54,2026-09-29T21:29:54
4114,健喬,2022-07-12,30.0,0.3999999999999986,1.35%,,,,,,,,,ShowDailyK_ChartFlow,FinMind_API_TaiwanStockPrice_4114,True,2026-09-29T21:29:54,2026-09-29T21:29:54,2026-09-29T21:29:54
4114,健喬,2022-07-13,31.9,1.8999999999999986,6.33%,,,,,,,,,ShowDailyK_ChartFlow,FinMind_API_TaiwanStockPrice_4114,True,2026-09-29T21:29:54,2026-09-29T21:29:54,2026-09-29T21:29:54
4114,健喬,2022-07-14,31.9,0.0,0.00%,,,,,,,,,ShowDailyK_ChartFlow,FinMind_API_TaiwanStockPrice_4114,True,2026-09-29T21:29:54,2026-09-29T21:29:54,2026-09-29T21:29:54
4114,健喬,2022-07-15,31.7,-0.1999999999999993,-0.63%,,,,,,,,,ShowDailyK_ChartFlow,FinMind_API_TaiwanStockPrice_4114,True,2026-09-29T21:29:54,2026-09-29T21:29:54,2026-09-29T21:29:54
4114,健喬,2022-07-18,31.6,-0.09999999999999787,-0.32%,,,,,,,,,ShowDailyK_ChartFlow,FinMind_API_TaiwanStockPrice_4114,True,2026-09-29T21:29:54,2026-09-29T21:29:54,2026-09-29T21:29:54
4114,健喬,2022-07-19,31.0,-0.6000000000000014,-1.90%,,,,,,,,,ShowDailyK_ChartFlow,FinMind_API_TaiwanStockPrice_4114,True,2026-09-29T21:29:54,2026-09-29T21:29:54,2026-09-29T21:29:54
4114,健喬,2022-07-20,30.1,-0.8999999999999986,-2.90%,,,,,,,,,ShowDailyK_ChartFlow,FinMind_API_TaiwanStockPrice_4114,True,2026-09-29T21:29:54,2026-09-29T21:29:54,2026-09-29T21:29:54
4114,健喬,2022-07-21,29.65,-0.45000000000000284,-1.50%,,,,,,,,,ShowDailyK_ChartFlow,FinMind_API_TaiwanStockPrice_4114,True,2026-09-29T21:29:54,2026-09-29T21:29:54,2026-09-29T21:29:54
4114,健喬,2022-07-22,31.55,1.9000000000000021,6.41%,,,,,,,,,ShowDailyK_ChartFlow,FinMind_API_TaiwanStockPrice_4114,True,2026-09-29T21:29:54,2026-09-29T21:29:54,2026-09-29T21:29:54
4114,健喬,2022-07-25,32.6,1.0500000000000007,3.33%,,,,,,,,,ShowDailyK_ChartFlow,FinMind_API_TaiwanStockPrice_4114,True,2026-09-29T21:29:54,2026-09-29T21:29:54,2026-09-29T21:29:54
4114,健喬,2022-07-26,31.5,-1.1000000000000014,-3.37%,,,,,,,,,ShowDailyK_ChartFlow,FinMind_API_TaiwanStockPrice_4114,True,2026-09-29T21:29:54,2026-09-29T21:29:54,2026-09-29T21:29:54
4114,健喬,2022-07-27,30.9,-0.6000000000000014,-1.90%,,,,,,,,,ShowDailyK_ChartFlow,FinMind_API_TaiwanStockPrice_4114,True,2026-09-29T21:29:54,2026-09-29T21:29:54,2026-09-29T21:29:54
4114,健喬,2022-07-28,31.9,1.0,3.24%,,,,,,,,,ShowDailyK_ChartFlow,FinMind_API_TaiwanStockPrice_4114,True,2026-09-29T21:29:54,2026-09-29T21:29:54,2026-09-29T21:29:54
4114,健喬,2022-07-29,31.2,-0.6999999999999993,-2.19%,,,,,,,,,ShowDailyK_ChartFlow,FinMind_API_TaiwanStockPrice_4114,True,2026-09-29T21:29:54,2026-09-29T21:29:54,2026-09-29T21:29:54
4114,健喬,2022-08-01,31.8,0.6000000000000014,1.92%,,,,,,,,,ShowDailyK_ChartFlow,FinMind_API_TaiwanStockPrice_4114,True,2026-09-29T21:29:54,2026-09-29T21:29:54,2026-09-29T21:29:54
4114,健喬,2022-08-02,31.15,-0.6500000000000021,-2.04%,,,,,,,,,ShowDailyK_ChartFlow,FinMind_API_TaiwanStockPrice_4114,True,2026-09-29T21:29:54,2026-09-29T21:29:54,2026-09-29T21:29:54
4114,健喬,2022-08-03,31.4,0.25,0.80%,,,,,,,,,ShowDailyK_ChartFlow,FinMind_API_TaiwanStockPrice_4114,True,2026-09-29T21:29:54,2026-09-29T21:29:54,2026-09-29T21:29:54
4114,健喬,2022-08-04,31.6,0.20000000000000284,0.64%,,,,,,,,,ShowDailyK_ChartFlow,FinMind_API_TaiwanStockPrice_4114,True,2026-09-29T21:29:54,2026-09-29T21:29:54,2026-09-29T21:29:54
4114,健喬,2022-08-05,32.45,0.8500000000000014,2.69%,,,,,,,,,ShowDailyK_ChartFlow,FinMind_API_TaiwanStockPrice_4114,True,2026-09-29T21:29:54,2026-09-29T21:29:54,2026-09-29T21:29:54
4114,健喬,2022-08-08,32.0,-0.45000000000000284,-1.39%,,,,,,,,,ShowDailyK_ChartFlow,FinMind_API_TaiwanStockPrice_4114,True,2026-09-29T21:29:54,2026-09-29T21:29:54,2026-09-29T21:29:54
4114,健喬,2022-08-09,32.25,0.25,0.78%,,,,,,,,,ShowDailyK_ChartFlow,FinMind_API_TaiwanStockPrice_4114,True,2026-09-29T21:29:54,2026-09-29T21:29:54,2026-09-29T21:29:54
4114,健喬,2022-08-10,33.15,0.8999999999999986,2.79%,,,,,,,,,ShowDailyK_ChartFlow,FinMind_API_TaiwanStockPrice_4114,True,2026-09-29T21:29:54,2026-09-29T21:29:54,2026-09-29T21:29:54
4114,健喬,2022-08-11,32.85,-0.29999999999999716,-0.90%,,,,,,,,,ShowDailyK_ChartFlow,FinMind_API_TaiwanStockPrice_4114,True,2026-09-29T21:29:54,2026-09-29T21:29:54,2026-09-29T21:29:54
4114,健喬,2022-08-12,31.75,-1.1000000000000014,-3.35%,,,,,,,,,ShowDailyK_ChartFlow,FinMind_API_TaiwanStockPrice_4114,True,2026-09-29T21:29:54,2026-09-29T21:29:54,2026-09-29T21:29:54
4114,健喬,2022-08-15,31.85,0.10000000000000142,0.31%,,,,,,,,,ShowDailyK_ChartFlow,FinMind_API_TaiwanStockPrice_4114,True,2026-09-29T21:29:54,2026-09-29T21:29:54,2026-09-29T21:29:54
4114,健喬,2022-08-16,32.75,0.8999999999999986,2.83%,,,,,,,,,ShowDailyK_ChartFlow,FinMind_API_TaiwanStockPrice_4114,True,2026-09-29T21:29:54,2026-09-29T21:29:54,2026-09-29T21:29:54
4114,健喬,2022-08-17,32.45,-0.29999999999999716,-0.92%,,,,,,,,,ShowDailyK_ChartFlow,FinMind_API_TaiwanStockPrice_4114,True,2026-09-29T21:29:54,2026-09-29T21:29:54,2026-09-29T21:29:54
4114,健喬,2022-08-18,34.4,1.9499999999999957,6.01%,,,,,,,,,ShowDailyK_ChartFlow,FinMind_API_TaiwanStockPrice_4114,True,2026-09-29T21:29:54,2026-09-29T21:29:54,2026-09-29T21:29:54
4114,健喬,2022-08-19,37.8,3.3999999999999986,9.88%,,,,,,,,,ShowDailyK_ChartFlow,FinMind_API_TaiwanStockPrice_4114,True,2026-09-29T21:29:54,2026-09-29T21:29:54,2026-09-29T21:29:54
4114,健喬,2022-08-22,38.8,1.0,2.65%,,,,,,,,,ShowDailyK_ChartFlow,FinMind_API_TaiwanStockPrice_4114,True,2026-09-29T21:29:54,2026-09-29T21:29:54,2026-09-29T21:29:54
4114,健喬,2022-08-23,36.25,-2.549999999999997,-6.57%,,,,,,,,,ShowDailyK_ChartFlow,FinMind_API_TaiwanStockPrice_4114,True,2026-09-29T21:29:54,2026-09-29T21:29:54,2026-09-29T21:29:54
4114,健喬,2022-08-24,38.6,2.3500000000000014,6.48%,,,,,,,,,ShowDailyK_ChartFlow,FinMind_API_TaiwanStockPrice_4114,True,2026-09-29T21:29:54,2026-09-29T21:29:54,2026-09-29T21:29:54
4114,健喬,2022-08-25,38.4,-0.20000000000000284,-0.52%,,,,,,,,,ShowDailyK_ChartFlow,FinMind_API_TaiwanStockPrice_4114,True,2026-09-29T21:29:54,2026-09-29T21:29:54,2026-09-29T21:29:54
4114,健喬,2022-08-26,37.7,-0.6999999999999957,-1.82%,,,,,,,,,ShowDailyK_ChartFlow,FinMind_API_TaiwanStockPrice_4114,True,2026-09-29T21:29:54,2026-09-29T21:29:54,2026-09-29T21:29:54
4114,健喬,2022-08-29,36.85,-0.8500000000000014,-2.25%,,,,,,,,,ShowDailyK_ChartFlow,FinMind_API_TaiwanStockPrice_4114,True,2026-09-29T21:29:54,2026-09-29T21:29:54,2026-09-29T21:29:54
4114,健喬,2022-08-30,38.2,1.3500000000000014,3.66%,,,,,,,,,ShowDailyK_ChartFlow,FinMind_API_TaiwanStockPrice_4114,True,2026-09-29T21:29:54,2026-09-29T21:29:54,2026-09-29T21:29:54
4114,健喬,2022-08-31,39.15,0.9499999999999957,2.49%,,,,,,,,,ShowDailyK_ChartFlow,FinMind_API_TaiwanStockPrice_4114,True,2026-09-29T21:29:54,2026-09-29T21:29:54,2026-09-29T21:29:54
4114,健喬,2022-09-01,38.5,-0.6499999999999986,-1.66%,,,,,,,,,ShowDailyK_ChartFlow,FinMind_API_TaiwanStockPrice_4114,True,2026-09-29T21:29:54,2026-09-29T21:29:54,2026-09-29T21:29:54
4114,健喬,2022-09-02,38.95,0.45000000000000284,1.17%,,,,,,,,,ShowDailyK_ChartFlow,FinMind_API_TaiwanStockPrice_4114,True,2026-09-29T21:29:54,2026-09-29T21:29:54,2026-09-29T21:29:54
4114,健喬,2022-09-05,38.05,-0.9000000000000057,-2.31%,,,,,,,,,ShowDailyK_ChartFlow,FinMind_API_TaiwanStockPrice_4114,True,2026-09-29T21:29:54,2026-09-29T21:29:54,2026-09-29T21:29:54
4114,健喬,2022-09-06,36.8,-1.25,-3.29%,,,,,,,,,ShowDailyK_ChartFlow,FinMind_API_TaiwanStockPrice_4114,True,2026-09-29T21:29:54,2026-09-29T21:29:54,2026-09-29T21:29:54
4114,健喬,2022-09-07,37.45,0.6500000000000057,1.77%,,,,,,,,,ShowDailyK_ChartFlow,FinMind_API_TaiwanStockPrice_4114,True,2026-09-29T21:29:54,2026-09-29T21:29:54,2026-09-29T21:29:54
4114,健喬,2022-09-08,38.6,1.1499999999999986,3.07%,,,,,,,,,ShowDailyK_ChartFlow,FinMind_API_TaiwanStockPrice_4114,True,2026-09-29T21:29:54,2026-09-29T21:29:54,2026-09-29T21:29:54
4114,健喬,2022-09-12,39.1,0.5,1.30%,,,,,,,,,ShowDailyK_ChartFlow,FinMind_API_TaiwanStockPrice_4114,True,2026-09-29T21:29:54,2026-09-29T21:29:54,2026-09-29T21:29:54
4114,健喬,2022-09-13,39.5,0.3999999999999986,1.02%,,,,,,,,,ShowDailyK_ChartFlow,FinMind_API_TaiwanStockPrice_4114,True,2026-09-29T21:29:54,2026-09-29T21:29:54,2026-09-29T21:29:54
4114,健喬,2022-09-14,38.9,-0.6000000000000014,-1.52%,,,,,,,,,ShowDailyK_ChartFlow,FinMind_API_TaiwanStockPrice_4114,True,2026-09-29T21:29:54,2026-09-29T21:29:54,2026-09-29T21:29:54
4114,健喬,2022-09-15,38.1,-0.7999999999999972,-2.06%,,,,,,,,,ShowDailyK_ChartFlow,FinMind_API_TaiwanStockPrice_4114,True,2026-09-29T21:29:54,2026-09-29T21:29:54,2026-09-29T21:29:54
4114,健喬,2022-09-16,37.0,-1.1000000000000014,-2.89%,,,,,,,,,ShowDailyK_ChartFlow,FinMind_API_TaiwanStockPrice_4114,True,2026-09-29T21:29:54,2026-09-29T21:29:54,2026-09-29T21:29:54
4114,健喬,2022-09-19,36.2,-0.7999999999999972,-2.16%,,,,,,,,,ShowDailyK_ChartFlow,FinMind_API_TaiwanStockPrice_4114,True,2026-09-29T21:29:54,2026-09-29T21:29:54,2026-09-29T21:29:54
4114,健喬,2022-09-20,37.2,1.0,2.76%,,,,,,,,,ShowDailyK_ChartFlow,FinMind_API_TaiwanStockPrice_4114,True,2026-09-29T21:29:54,2026-09-29T21:29:54,2026-09-29T21:29:54
4114,健喬,2022-09-21,37.5,0.29999999999999716,0.81%,,,,,,,,,ShowDailyK_ChartFlow,FinMind_API_TaiwanStockPrice_4114,True,2026-09-29T21:29:54,2026-09-29T21:29:54,2026-09-29T21:29:54
4114,健喬,2022-09-22,37.65,0.14999999999999858,0.40%,,,,,,,,,ShowDailyK_ChartFlow,FinMind_API_TaiwanStockPrice_4114,True,2026-09-29T21:29:54,2026-09-29T21:29:54,2026-09-29T21:29:54
4114,健喬,2022-09-23,36.3,-1.3500000000000014,-3.59%,,,,,,,,,ShowDailyK_ChartFlow,FinMind_API_TaiwanStockPrice_4114,True,2026-09-29T21:29:54,2026-09-29T21:29:54,2026-09-29T21:29:54
4114,健喬,2022-09-26,35.0,-1.2999999999999972,-3.58%,,,,,,,,,ShowDailyK_ChartFlow,FinMind_API_TaiwanStockPrice_4114,True,2026-09-29T21:29:54,2026-09-29T21:29:54,2026-09-29T21:29:54
4114,健喬,2022-09-27,36.05,1.0499999999999972,3.00%,,,,,,,,,ShowDailyK_ChartFlow,FinMind_API_TaiwanStockPrice_4114,True,2026-09-29T21:29:54,2026-09-29T21:29:54,2026-09-29T21:29:54
4114,健喬,2022-09-28,34.0,-2.049999999999997,-5.69%,,,,,,,,,ShowDailyK_ChartFlow,FinMind_API_TaiwanStockPrice_4114,True,2026-09-29T21:29:54,2026-09-29T21:29:54,2026-09-29T21:29:54
4114,健喬,2022-09-29,35.65,1.6499999999999986,4.85%,,,,,,,,,ShowDailyK_ChartFlow,FinMind_API_TaiwanStockPrice_4114,True,2026-09-29T21:29:54,2026-09-29T21:29:54,2026-09-29T21:29:54
4114,健喬,2022-09-30,35.65,0.0,0.00%,,,,,,,,,ShowDailyK_ChartFlow,FinMind_API_TaiwanStockPrice_4114,True,2026-09-29T21:29:54,2026-09-29T21:29:54,2026-09-29T21:29:54
4114,健喬,2022-10-03,35.4,-0.25,-0.70%,,,,,,,,,ShowDailyK_ChartFlow,FinMind_API_TaiwanStockPrice_4114,True,2026-09-29T21:29:54,2026-09-29T21:29:54,2026-09-29T21:29:54
4114,健喬,2022-10-04,36.4,1.0,2.82%,,,,,,,,,ShowDailyK_ChartFlow,FinMind_API_TaiwanStockPrice_4114,True,2026-09-29T21:29:54,2026-09-29T21:29:54,2026-09-29T21:29:54
4114,健喬,2022-10-05,35.6,-0.7999999999999972,-2.20%,,,,,,,,,ShowDailyK_ChartFlow,FinMind_API_TaiwanStockPrice_4114,True,2026-09-29T21:29:54,2026-09-29T21:29:54,2026-09-29T21:29:54
4114,健喬,2022-10-06,35.85,0.25,0.70%,,,,,,,,,ShowDailyK_ChartFlow,FinMind_API_TaiwanStockPrice_4114,True,2026-09-29T21:29:54,2026-09-29T21:29:54,2026-09-29T21:29:54
4114,健喬,2022-10-07,35.8,-0.05000000000000426,-0.14%,,,,,,,,,ShowDailyK_ChartFlow,FinMind_API_TaiwanStockPrice_4114,True,2026-09-29T21:29:54,2026-09-29T21:29:54,2026-09-29T21:29:54
4114,健喬,2022-10-11,34.15,-1.6499999999999986,-4.61%,,,,,,,,,ShowDailyK_ChartFlow,FinMind_API_TaiwanStockPrice_4114,True,2026-09-29T21:29:54,2026-09-29T21:29:54,2026-09-29T21:29:54
4114,健喬,2022-10-12,34.7,0.5500000000000043,1.61%,,,,,,,,,ShowDailyK_ChartFlow,FinMind_API_TaiwanStockPrice_4114,True,2026-09-29T21:29:54,2026-09-29T21:29:54,2026-09-29T21:29:54
4114,健喬,2022-10-13,32.4,-2.3000000000000043,-6.63%,,,,,,,,,ShowDailyK_ChartFlow,FinMind_API_TaiwanStockPrice_4114,True,2026-09-29T21:29:54,2026-09-29T21:29:54,2026-09-29T21:29:54
4114,健喬,2022-10-14,34.7,2.3000000000000043,7.10%,,,,,,,,,ShowDailyK_ChartFlow,FinMind_API_TaiwanStockPrice_4114,True,2026-09-29T21:29:54,2026-09-29T21:29:54,2026-09-29T21:29:54
4114,健喬,2022-10-17,33.8,-0.9000000000000057,-2.59%,,,,,,,,,ShowDailyK_ChartFlow,FinMind_API_TaiwanStockPrice_4114,True,2026-09-29T21:29:54,2026-09-29T21:29:54,2026-09-29T21:29:54
4114,健喬,2022-10-18,33.9,0.10000000000000142,0.30%,,,,,,,,,ShowDailyK_ChartFlow,FinMind_API_TaiwanStockPrice_4114,True,2026-09-29T21:29:54,2026-09-29T21:29:54,2026-09-29T21:29:54
4114,健喬,2022-10-19,33.85,-0.04999999999999716,-0.15%,,,,,,,,,ShowDailyK_ChartFlow,FinMind_API_TaiwanStockPrice_4114,True,2026-09-29T21:29:54,2026-09-29T21:29:54,2026-09-29T21:29:54
4114,健喬,2022-10-20,33.05,-0.8000000000000043,-2.36%,,,,,,,,,ShowDailyK_ChartFlow,FinMind_API_TaiwanStockPrice_4114,True,2026-09-29T21:29:54,2026-09-29T21:29:54,2026-09-29T21:29:54
4114,健喬,2022-10-21,31.7,-1.3499999999999979,-4.08%,,,,,,,,,ShowDailyK_ChartFlow,FinMind_API_TaiwanStockPrice_4114,True,2026-09-29T21:29:54,2026-09-29T21:29:54,2026-09-29T21:29:54
4114,健喬,2022-10-24,31.85,0.15000000000000213,0.47%,,,,,,,,,ShowDailyK_ChartFlow,FinMind_API_TaiwanStockPrice_4114,True,2026-09-29T21:29:54,2026-09-29T21:29:54,2026-09-29T21:29:54
4114,健喬,2022-10-25,31.2,-0.6500000000000021,-2.04%,,,,,,,,,ShowDailyK_ChartFlow,FinMind_API_TaiwanStockPrice_4114,True,2026-09-29T21:29:54,2026-09-29T21:29:54,2026-09-29T21:29:54
4114,健喬,2022-10-26,31.4,0.1999999999999993,0.64%,,,,,,,,,ShowDailyK_ChartFlow,FinMind_API_TaiwanStockPrice_4114,True,2026-09-29T21:29:54,2026-09-29T21:29:54,2026-09-29T21:29:54
4114,健喬,2022-10-27,32.25,0.8500000000000014,2.71%,,,,,,,,,ShowDailyK_ChartFlow,FinMind_API_TaiwanStockPrice_4114,True,2026-09-29T21:29:54,2026-09-29T21:29:54,2026-09-29T21:29:54
4114,健喬,2022-10-28,32.0,-0.25,-0.78%,,,,,,,,,ShowDailyK_ChartFlow,FinMind_API_TaiwanStockPrice_4114,True,2026-09-29T21:29:54,2026-09-29T21:29:54,2026-09-29T21:29:54
4114,健喬,2022-10-31,32.55,0.5499999999999972,1.72%,,,,,,,,,ShowDailyK_ChartFlow,FinMind_API_TaiwanStockPrice_4114,True,2026-09-29T21:29:54,2026-09-29T21:29:54,2026-09-29T21:29:54
4114,健喬,2022-11-01,33.6,1.0500000000000043,3.23%,,,,,,,,,ShowDailyK_ChartFlow,FinMind_API_TaiwanStockPrice_4114,True,2026-09-29T21:29:54,2026-09-29T21:29:54,2026-09-29T21:29:54
4114,健喬,2022-11-02,33.95,0.3500000000000014,1.04%,,,,,,,,,ShowDailyK_ChartFlow,FinMind_API_TaiwanStockPrice_4114,True,2026-09-29T21:29:54,2026-09-29T21:29:54,2026-09-29T21:29:54
4114,健喬,2022-11-03,34.1,0.14999999999999858,0.44%,,,,,,,,,ShowDailyK_ChartFlow,FinMind_API_TaiwanStockPrice_4114,True,2026-09-29T21:29:54,2026-09-29T21:29:54,2026-09-29T21:29:54
4114,健喬,2022-11-04,34.1,0.0,0.00%,,,,,,,,,ShowDailyK_ChartFlow,FinMind_API_TaiwanStockPrice_4114,True,2026-09-29T21:29:54,2026-09-29T21:29:54,2026-09-29T21:29:54
4114,健喬,2022-11-07,34.5,0.3999999999999986,1.17%,,,,,,,,,ShowDailyK_ChartFlow,FinMind_API_TaiwanStockPrice_4114,True,2026-09-29T21:29:54,2026-09-29T21:29:54,2026-09-29T21:29:54
4114,健喬,2022-11-08,35.3,0.7999999999999972,2.32%,,,,,,,,,ShowDailyK_ChartFlow,FinMind_API_TaiwanStockPrice_4114,True,2026-09-29T21:29:54,2026-09-29T21:29:54,2026-09-29T21:29:54
4114,健喬,2022-11-09,35.65,0.3500000000000014,0.99%,,,,,,,,,ShowDailyK_ChartFlow,FinMind_API_TaiwanStockPrice_4114,True,2026-09-29T21:29:54,2026-09-29T21:29:54,2026-09-29T21:29:54
4114,健喬,2022-11-10,35.3,-0.3500000000000014,-0.98%,,,,,,,,,ShowDailyK_ChartFlow,FinMind_API_TaiwanStockPrice_4114,True,2026-09-29T21:29:54,2026-09-29T21:29:54,2026-09-29T21:29:54
4114,健喬,2022-11-11,35.9,0.6000000000000014,1.70%,,,,,,,,,ShowDailyK_ChartFlow,FinMind_API_TaiwanStockPrice_4114,True,2026-09-29T21:29:54,2026-09-29T21:29:54,2026-09-29T21:29:54
4114,健喬,2022-11-14,35.75,-0.14999999999999858,-0.42%,,,,,,,,,ShowDailyK_ChartFlow,FinMind_API_TaiwanStockPrice_4114,True,2026-09-29T21:29:54,2026-09-29T21:29:54,2026-09-29T21:29:54
4114,健喬,2022-11-15,35.25,-0.5,-1.40%,,,,,,,,,ShowDailyK_ChartFlow,FinMind_API_TaiwanStockPrice_4114,True,2026-09-29T21:29:54,2026-09-29T21:29:54,2026-09-29T21:29:54
4114,健喬,2022-11-16,36.3,1.0499999999999972,2.98%,,,,,,,,,ShowDailyK_ChartFlow,FinMind_API_TaiwanStockPrice_4114,True,2026-09-29T21:29:54,2026-09-29T21:29:54,2026-09-29T21:29:54
4114,健喬,2022-11-17,36.35,0.05000000000000426,0.14%,,,,,,,,,ShowDailyK_ChartFlow,FinMind_API_TaiwanStockPrice_4114,True,2026-09-29T21:29:54,2026-09-29T21:29:54,2026-09-29T21:29:54
4114,健喬,2022-11-18,36.1,-0.25,-0.69%,,,,,,,,,ShowDailyK_ChartFlow,FinMind_API_TaiwanStockPrice_4114,True,2026-09-29T21:29:54,2026-09-29T21:29:54,2026-09-29T21:29:54
4114,健喬,2022-11-21,36.95,0.8500000000000014,2.35%,,,,,,,,,ShowDailyK_ChartFlow,FinMind_API_TaiwanStockPrice_4114,True,2026-09-29T21:29:54,2026-09-29T21:29:54,2026-09-29T21:29:54
4114,健喬,2022-11-22,36.6,-0.3500000000000014,-0.95%,,,,,,,,,ShowDailyK_ChartFlow,FinMind_API_TaiwanStockPrice_4114,True,2026-09-29T21:29:54,2026-09-29T21:29:54,2026-09-29T21:29:54
4114,健喬,2022-11-23,37.1,0.5,1.37%,,,,,,,,,ShowDailyK_ChartFlow,FinMind_API_TaiwanStockPrice_4114,True,2026-09-29T21:29:54,2026-09-29T21:29:54,2026-09-29T21:29:54
4114,健喬,2022-11-24,36.4,-0.7000000000000028,-1.89%,,,,,,,,,ShowDailyK_ChartFlow,FinMind_API_TaiwanStockPrice_4114,True,2026-09-29T21:29:54,2026-09-29T21:29:54,2026-09-29T21:29:54
4114,健喬,2022-11-25,35.3,-1.1000000000000014,-3.02%,,,,,,,,,ShowDailyK_ChartFlow,FinMind_API_TaiwanStockPrice_4114,True,2026-09-29T21:29:54,2026-09-29T21:29:54,2026-09-29T21:29:54
4114,健喬,2022-11-28,36.2,0.9000000000000057,2.55%,,,,,,,,,ShowDailyK_ChartFlow,FinMind_API_TaiwanStockPrice_4114,True,2026-09-29T21:29:54,2026-09-29T21:29:54,2026-09-29T21:29:54
4114,健喬,2022-11-29,35.9,-0.30000000000000426,-0.83%,,,,,,,,,ShowDailyK_ChartFlow,FinMind_API_TaiwanStockPrice_4114,True,2026-09-29T21:29:54,2026-09-29T21:29:54,2026-09-29T21:29:54
4114,健喬,2022-11-30,35.9,0.0,0.00%,,,,,,,,,ShowDailyK_ChartFlow,FinMind_API_TaiwanStockPrice_4114,True,2026-09-29T21:29:54,2026-09-29T21:29:54,2026-09-29T21:29:54
4114,健喬,2022-12-01,36.4,0.5,1.39%,,,,,,,,,ShowDailyK_ChartFlow,FinMind_API_TaiwanStockPrice_4114,True,2026-09-29T21:29:54,2026-09-29T21:29:54,2026-09-29T21:29:54
4114,健喬,2022-12-02,36.2,-0.19999999999999574,-0.55%,,,,,,,,,ShowDailyK_ChartFlow,FinMind_API_TaiwanStockPrice_4114,True,2026-09-29T21:29:54,2026-09-29T21:29:54,2026-09-29T21:29:54
4114,健喬,2022-12-05,38.65,2.4499999999999957,6.77%,,,,,,,,,ShowDailyK_ChartFlow,FinMind_API_TaiwanStockPrice_4114,True,2026-09-29T21:29:54,2026-09-29T21:29:54,2026-09-29T21:29:54
4114,健喬,2022-12-06,41.0,2.3500000000000014,6.08%,,,,,,,,,ShowDailyK_ChartFlow,FinMind_API_TaiwanStockPrice_4114,True,2026-09-29T21:29:54,2026-09-29T21:29:54,2026-09-29T21:29:54
4114,健喬,2022-12-07,45.1,4.100000000000001,10.00%,,,,,,,,,ShowDailyK_ChartFlow,FinMind_API_TaiwanStockPrice_4114,True,2026-09-29T21:29:54,2026-09-29T21:29:54,2026-09-29T21:29:54
4114,健喬,2022-12-08,46.4,1.2999999999999972,2.88%,,,,,,,,,ShowDailyK_ChartFlow,FinMind_API_TaiwanStockPrice_4114,True,2026-09-29T21:29:54,2026-09-29T21:29:54,2026-09-29T21:29:54
4114,健喬,2022-12-09,48.5,2.1000000000000014,4.53%,,,,,,,,,ShowDailyK_ChartFlow,FinMind_API_TaiwanStockPrice_4114,True,2026-09-29T21:29:54,2026-09-29T21:29:54,2026-09-29T21:29:54
4114,健喬,2022-12-12,48.15,-0.3500000000000014,-0.72%,,,,,,,,,ShowDailyK_ChartFlow,FinMind_API_TaiwanStockPrice_4114,True,2026-09-29T21:29:54,2026-09-29T21:29:54,2026-09-29T21:29:54
4114,健喬,2022-12-13,51.0,2.8500000000000014,5.92%,,,,,,,,,ShowDailyK_ChartFlow,FinMind_API_TaiwanStockPrice_4114,True,2026-09-29T21:29:54,2026-09-29T21:29:54,2026-09-29T21:29:54
4114,健喬,2022-12-14,52.2,1.2000000000000028,2.35%,,,,,,,,,ShowDailyK_ChartFlow,FinMind_API_TaiwanStockPrice_4114,True,2026-09-29T21:29:54,2026-09-29T21:29:54,2026-09-29T21:29:54
4114,健喬,2022-12-15,50.8,-1.4000000000000057,-2.68%,,,,,,,,,ShowDailyK_ChartFlow,FinMind_API_TaiwanStockPrice_4114,True,2026-09-29T21:29:54,2026-09-29T21:29:54,2026-09-29T21:29:54
4114,健喬,2022-12-16,50.2,-0.5999999999999943,-1.18%,,,,,,,,,ShowDailyK_ChartFlow,FinMind_API_TaiwanStockPrice_4114,True,2026-09-29T21:29:54,2026-09-29T21:29:54,2026-09-29T21:29:54
4114,健喬,2022-12-19,52.0,1.7999999999999972,3.59%,,,,,,,,,ShowDailyK_ChartFlow,FinMind_API_TaiwanStockPrice_4114,True,2026-09-29T21:29:54,2026-09-29T21:29:54,2026-09-29T21:29:54
4114,健喬,2022-12-20,50.1,-1.8999999999999986,-3.65%,,,,,,,,,ShowDailyK_ChartFlow,FinMind_API_TaiwanStockPrice_4114,True,2026-09-29T21:29:54,2026-09-29T21:29:54,2026-09-29T21:29:54
4114,健喬,2022-12-21,50.4,0.29999999999999716,0.60%,,,,,,,,,ShowDailyK_ChartFlow,FinMind_API_TaiwanStockPrice_4114,True,2026-09-29T21:29:54,2026-09-29T21:29:54,2026-09-29T21:29:54
4114,健喬,2022-12-22,51.9,1.5,2.98%,,,,,,,,,ShowDailyK_ChartFlow,FinMind_API_TaiwanStockPrice_4114,True,2026-09-29T21:29:54,2026-09-29T21:29:54,2026-09-29T21:29:54
4114,健喬,2022-12-23,51.6,-0.29999999999999716,-0.58%,,,,,,,,,ShowDailyK_ChartFlow,FinMind_API_TaiwanStockPrice_4114,True,2026-09-29T21:29:54,2026-09-29T21:29:54,2026-09-29T21:29:54
4114,健喬,2022-12-26,53.0,1.3999999999999986,2.71%,,,,,,,,,ShowDailyK_ChartFlow,FinMind_API_TaiwanStockPrice_4114,True,2026-09-29T21:29:54,2026-09-29T21:29:54,2026-09-29T21:29:54
4114,健喬,2022-12-27,49.2,-3.799999999999997,-7.17%,,,,,,,,,ShowDailyK_ChartFlow,FinMind_API_TaiwanStockPrice_4114,True,2026-09-29T21:29:54,2026-09-29T21:29:54,2026-09-29T21:29:54
4114,健喬,2022-12-28,47.7,-1.5,-3.05%,,,,,,,,,ShowDailyK_ChartFlow,FinMind_API_TaiwanStockPrice_4114,True,2026-09-29T21:29:54,2026-09-29T21:29:54,2026-09-29T21:29:54
4114,健喬,2022-12-29,49.6,1.8999999999999986,3.98%,,,,,,,,,ShowDailyK_ChartFlow,FinMind_API_TaiwanStockPrice_4114,True,2026-09-29T21:29:54,2026-09-29T21:29:54,2026-09-29T21:29:54
4114,健喬,2022-12-30,48.7,-0.8999999999999986,-1.81%,,,,,,,,,ShowDailyK_ChartFlow,FinMind_API_TaiwanStockPrice_4114,True,2026-09-29T21:29:54,2026-09-29T21:29:54,2026-09-29T21:29:54
4114,健喬,2023-01-03,46.0,-2.700000000000003,-5.54%,,,,,,,,,ShowDailyK_ChartFlow,FinMind_API_TaiwanStockPrice_4114,True,2026-09-29T21:29:54,2026-09-29T21:29:54,2026-09-29T21:29:54
4114,健喬,2023-01-04,45.6,-0.3999999999999986,-0.87%,,,,,,,,,ShowDailyK_ChartFlow,FinMind_API_TaiwanStockPrice_4114,True,2026-09-29T21:29:54,2026-09-29T21:29:54,2026-09-29T21:29:54
4114,健喬,2023-01-05,44.75,-0.8500000000000014,-1.86%,,,,,,,,,ShowDailyK_ChartFlow,FinMind_API_TaiwanStockPrice_4114,True,2026-09-29T21:29:54,2026-09-29T21:29:54,2026-09-29T21:29:54
4114,健喬,2023-01-06,44.8,0.04999999999999716,0.11%,,,,,,,,,ShowDailyK_ChartFlow,FinMind_API_TaiwanStockPrice_4114,True,2026-09-29T21:29:54,2026-09-29T21:29:54,2026-09-29T21:29:54
4114,健喬,2023-01-09,46.35,1.5500000000000043,3.46%,,,,,,,,,ShowDailyK_ChartFlow,FinMind_API_TaiwanStockPrice_4114,True,2026-09-29T21:29:54,2026-09-29T21:29:54,2026-09-29T21:29:54
4114,健喬,2023-01-10,45.05,-1.3000000000000043,-2.80%,,,,,,,,,ShowDailyK_ChartFlow,FinMind_API_TaiwanStockPrice_4114,True,2026-09-29T21:29:54,2026-09-29T21:29:54,2026-09-29T21:29:54
4114,健喬,2023-01-11,44.55,-0.5,-1.11%,,,,,,,,,ShowDailyK_ChartFlow,FinMind_API_TaiwanStockPrice_4114,True,2026-09-29T21:29:54,2026-09-29T21:29:54,2026-09-29T21:29:54
4114,健喬,2023-01-12,43.55,-1.0,-2.24%,,,,,,,,,ShowDailyK_ChartFlow,FinMind_API_TaiwanStockPrice_4114,True,2026-09-29T21:29:54,2026-09-29T21:29:54,2026-09-29T21:29:54
4114,健喬,2023-01-13,43.95,0.4000000000000057,0.92%,,,,,,,,,ShowDailyK_ChartFlow,FinMind_API_TaiwanStockPrice_4114,True,2026-09-29T21:29:54,2026-09-29T21:29:54,2026-09-29T21:29:54
4114,健喬,2023-01-16,45.3,1.3499999999999943,3.07%,,,,,,,,,ShowDailyK_ChartFlow,FinMind_API_TaiwanStockPrice_4114,True,2026-09-29T21:29:54,2026-09-29T21:29:54,2026-09-29T21:29:54
4114,健喬,2023-01-17,44.8,-0.5,-1.10%,,,,,,,,,ShowDailyK_ChartFlow,FinMind_API_TaiwanStockPrice_4114,True,2026-09-29T21:29:54,2026-09-29T21:29:54,2026-09-29T21:29:54
4114,健喬,2023-01-30,43.4,-1.3999999999999986,-3.12%,,,,,,,,,ShowDailyK_ChartFlow,FinMind_API_TaiwanStockPrice_4114,True,2026-09-29T21:29:54,2026-09-29T21:29:54,2026-09-29T21:29:54
4114,健喬,2023-01-31,42.6,-0.7999999999999972,-1.84%,,,,,,,,,ShowDailyK_ChartFlow,FinMind_API_TaiwanStockPrice_4114,True,2026-09-29T21:29:54,2026-09-29T21:29:54,2026-09-29T21:29:54
4114,健喬,2023-02-01,42.6,0.0,0.00%,,,,,,,,,ShowDailyK_ChartFlow,FinMind_API_TaiwanStockPrice_4114,True,2026-09-29T21:29:54,2026-09-29T21:29:54,2026-09-29T21:29:54
4114,健喬,2023-02-02,44.1,1.5,3.52%,,,,,,,,,ShowDailyK_ChartFlow,FinMind_API_TaiwanStockPrice_4114,True,2026-09-29T21:29:54,2026-09-29T21:29:54,2026-09-29T21:29:54
4114,健喬,2023-02-03,43.4,-0.7000000000000028,-1.59%,,,,,,,,,ShowDailyK_ChartFlow,FinMind_API_TaiwanStockPrice_4114,True,2026-09-29T21:29:54,2026-09-29T21:29:54,2026-09-29T21:29:54
4114,健喬,2023-02-06,44.1,0.7000000000000028,1.61%,,,,,,,,,ShowDailyK_ChartFlow,FinMind_API_TaiwanStockPrice_4114,True,2026-09-29T21:29:54,2026-09-29T21:29:54,2026-09-29T21:29:54
4114,健喬,2023-02-07,45.95,1.8500000000000014,4.20%,,,,,,,,,ShowDailyK_ChartFlow,FinMind_API_TaiwanStockPrice_4114,True,2026-09-29T21:29:54,2026-09-29T21:29:54,2026-09-29T21:29:54
4114,健喬,2023-02-08,47.4,1.4499999999999957,3.16%,,,,,,,,,ShowDailyK_ChartFlow,FinMind_API_TaiwanStockPrice_4114,True,2026-09-29T21:29:54,2026-09-29T21:29:54,2026-09-29T21:29:54
4114,健喬,2023-02-09,46.8,-0.6000000000000014,-1.27%,,,,,,,,,ShowDailyK_ChartFlow,FinMind_API_TaiwanStockPrice_4114,True,2026-09-29T21:29:54,2026-09-29T21:29:54,2026-09-29T21:29:54
4114,健喬,2023-02-10,46.3,-0.5,-1.07%,,,,,,,,,ShowDailyK_ChartFlow,FinMind_API_TaiwanStockPrice_4114,True,2026-09-29T21:29:54,2026-09-29T21:29:54,2026-09-29T21:29:54
4114,健喬,2023-02-13,48.8,2.5,5.40%,,,,,,,,,ShowDailyK_ChartFlow,FinMind_API_TaiwanStockPrice_4114,True,2026-09-29T21:29:54,2026-09-29T21:29:54,2026-09-29T21:29:54
4114,健喬,2023-02-14,48.15,-0.6499999999999986,-1.33%,,,,,,,,,ShowDailyK_ChartFlow,FinMind_API_TaiwanStockPrice_4114,True,2026-09-29T21:29:54,2026-09-29T21:29:54,2026-09-29T21:29:54
4114,健喬,2023-02-15,47.0,-1.1499999999999986,-2.39%,,,,,,,,,ShowDailyK_ChartFlow,FinMind_API_TaiwanStockPrice_4114,True,2026-09-29T21:29:54,2026-09-29T21:29:54,2026-09-29T21:29:54
4114,健喬,2023-02-16,47.15,0.14999999999999858,0.32%,,,,,,,,,ShowDailyK_ChartFlow,FinMind_API_TaiwanStockPrice_4114,True,2026-09-29T21:29:54,2026-09-29T21:29:54,2026-09-29T21:29:54
4114,健喬,2023-02-17,46.9,-0.25,-0.53%,,,,,,,,,ShowDailyK_ChartFlow,FinMind_API_TaiwanStockPrice_4114,True,2026-09-29T21:29:54,2026-09-29T21:29:54,2026-09-29T21:29:54
4114,健喬,2023-02-20,47.2,0.30000000000000426,0.64%,,,,,,,,,ShowDailyK_ChartFlow,FinMind_API_TaiwanStockPrice_4114,True,2026-09-29T21:29:54,2026-09-29T21:29:54,2026-09-29T21:29:54
4114,健喬,2023-02-21,48.9,1.6999999999999957,3.60%,,,,,,,,,ShowDailyK_ChartFlow,FinMind_API_TaiwanStockPrice_4114,True,2026-09-29T21:29:54,2026-09-29T21:29:54,2026-09-29T21:29:54
4114,健喬,2023-02-22,47.6,-1.2999999999999972,-2.66%,,,,,,,,,ShowDailyK_ChartFlow,FinMind_API_TaiwanStockPrice_4114,True,2026-09-29T21:29:54,2026-09-29T21:29:54,2026-09-29T21:29:54
4114,健喬,2023-02-23,48.4,0.7999999999999972,1.68%,,,,,,,,,ShowDailyK_ChartFlow,FinMind_API_TaiwanStockPrice_4114,True,2026-09-29T21:29:54,2026-09-29T21:29:54,2026-09-29T21:29:54
4114,健喬,2023-02-24,47.75,-0.6499999999999986,-1.34%,,,,,,,,,ShowDailyK_ChartFlow,FinMind_API_TaiwanStockPrice_4114,True,2026-09-29T21:29:54,2026-09-29T21:29:54,2026-09-29T21:29:54
4114,健喬,2023-03-01,46.9,-0.8500000000000014,-1.78%,,,,,,,,,ShowDailyK_ChartFlow,FinMind_API_TaiwanStockPrice_4114,True,2026-09-29T21:29:54,2026-09-29T21:29:54,2026-09-29T21:29:54
4114,健喬,2023-03-02,47.4,0.5,1.07%,,,,,,,,,ShowDailyK_ChartFlow,FinMind_API_TaiwanStockPrice_4114,True,2026-09-29T21:29:54,2026-09-29T21:29:54,2026-09-29T21:29:54
4114,健喬,2023-03-03,48.4,1.0,2.11%,,,,,,,,,ShowDailyK_ChartFlow,FinMind_API_TaiwanStockPrice_4114,True,2026-09-29T21:29:54,2026-09-29T21:29:54,2026-09-29T21:29:54
4114,健喬,2023-03-06,48.6,0.20000000000000284,0.41%,,,,,,,,,ShowDailyK_ChartFlow,FinMind_API_TaiwanStockPrice_4114,True,2026-09-29T21:29:54,2026-09-29T21:29:54,2026-09-29T21:29:54
4114,健喬,2023-03-07,47.75,-0.8500000000000014,-1.75%,,,,,,,,,ShowDailyK_ChartFlow,FinMind_API_TaiwanStockPrice_4114,True,2026-09-29T21:29:54,2026-09-29T21:29:54,2026-09-29T21:29:54
4114,健喬,2023-03-08,47.05,-0.7000000000000028,-1.47%,,,,,,,,,ShowDailyK_ChartFlow,FinMind_API_TaiwanStockPrice_4114,True,2026-09-29T21:29:54,2026-09-29T21:29:54,2026-09-29T21:29:54
4114,健喬,2023-03-09,46.05,-1.0,-2.13%,,,,,,,,,ShowDailyK_ChartFlow,FinMind_API_TaiwanStockPrice_4114,True,2026-09-29T21:29:54,2026-09-29T21:29:54,2026-09-29T21:29:54
4114,健喬,2023-03-10,44.55,-1.5,-3.26%,,,,,,,,,ShowDailyK_ChartFlow,FinMind_API_TaiwanStockPrice_4114,True,2026-09-29T21:29:54,2026-09-29T21:29:54,2026-09-29T21:29:54
4114,健喬,2023-03-13,44.3,-0.25,-0.56%,,,,,,,,,ShowDailyK_ChartFlow,FinMind_API_TaiwanStockPrice_4114,True,2026-09-29T21:29:54,2026-09-29T21:29:54,2026-09-29T21:29:54
4114,健喬,2023-03-14,45.25,0.9500000000000028,2.14%,,,,,,,,,ShowDailyK_ChartFlow,FinMind_API_TaiwanStockPrice_4114,True,2026-09-29T21:29:54,2026-09-29T21:29:54,2026-09-29T21:29:54
4114,健喬,2023-03-15,45.4,0.14999999999999858,0.33%,,,,,,,,,ShowDailyK_ChartFlow,FinMind_API_TaiwanStockPrice_4114,True,2026-09-29T21:29:54,2026-09-29T21:29:54,2026-09-29T21:29:54
4114,健喬,2023-03-16,43.9,-1.5,-3.30%,,,,,,,,,ShowDailyK_ChartFlow,FinMind_API_TaiwanStockPrice_4114,True,2026-09-29T21:29:54,2026-09-29T21:29:54,2026-09-29T21:29:54
4114,健喬,2023-03-17,43.5,-0.3999999999999986,-0.91%,,,,,,,,,ShowDailyK_ChartFlow,FinMind_API_TaiwanStockPrice_4114,True,2026-09-29T21:29:54,2026-09-29T21:29:54,2026-09-29T21:29:54
4114,健喬,2023-03-20,43.7,0.20000000000000284,0.46%,,,,,,,,,ShowDailyK_ChartFlow,FinMind_API_TaiwanStockPrice_4114,True,2026-09-29T21:29:54,2026-09-29T21:29:54,2026-09-29T21:29:54
4114,健喬,2023-03-21,43.85,0.14999999999999858,0.34%,,,,,,,,,ShowDailyK_ChartFlow,FinMind_API_TaiwanStockPrice_4114,True,2026-09-29T21:29:54,2026-09-29T21:29:54,2026-09-29T21:29:54
4114,健喬,2023-03-22,43.9,0.04999999999999716,0.11%,,,,,,,,,ShowDailyK_ChartFlow,FinMind_API_TaiwanStockPrice_4114,True,2026-09-29T21:29:54,2026-09-29T21:29:54,2026-09-29T21:29:54
4114,健喬,2023-03-23,43.9,0.0,0.00%,,,,,,,,,ShowDailyK_ChartFlow,FinMind_API_TaiwanStockPrice_4114,True,2026-09-29T21:29:54,2026-09-29T21:29:54,2026-09-29T21:29:54
4114,健喬,2023-03-24,44.5,0.6000000000000014,1.37%,,,,,,,,,ShowDailyK_ChartFlow,FinMind_API_TaiwanStockPrice_4114,True,2026-09-29T21:29:54,2026-09-29T21:29:54,2026-09-29T21:29:54
4114,健喬,2023-03-27,45.0,0.5,1.12%,,,,,,,,,ShowDailyK_ChartFlow,FinMind_API_TaiwanStockPrice_4114,True,2026-09-29T21:29:54,2026-09-29T21:29:54,2026-09-29T21:29:54
4114,健喬,2023-03-28,44.4,-0.6000000000000014,-1.33%,,,,,,,,,ShowDailyK_ChartFlow,FinMind_API_TaiwanStockPrice_4114,True,2026-09-29T21:29:54,2026-09-29T21:29:54,2026-09-29T21:29:54
4114,健喬,2023-03-29,45.95,1.5500000000000043,3.49%,,,,,,,,,ShowDailyK_ChartFlow,FinMind_API_TaiwanStockPrice_4114,True,2026-09-29T21:29:54,2026-09-29T21:29:54,2026-09-29T21:29:54
4114,健喬,2023-03-30,45.65,-0.30000000000000426,-0.65%,,,,,,,,,ShowDailyK_ChartFlow,FinMind_API_TaiwanStockPrice_4114,True,2026-09-29T21:29:54,2026-09-29T21:29:54,2026-09-29T21:29:54
4114,健喬,2023-03-31,45.75,0.10000000000000142,0.22%,,,,,,,,,ShowDailyK_ChartFlow,FinMind_API_TaiwanStockPrice_4114,True,2026-09-29T21:29:54,2026-09-29T21:29:54,2026-09-29T21:29:54
4114,健喬,2023-04-06,46.5,0.75,1.64%,,,,,,,,,ShowDailyK_ChartFlow,FinMind_API_TaiwanStockPrice_4114,True,2026-09-29T21:29:54,2026-09-29T21:29:54,2026-09-29T21:29:54
4114,健喬,2023-04-07,47.2,0.7000000000000028,1.51%,,,,,,,,,ShowDailyK_ChartFlow,FinMind_API_TaiwanStockPrice_4114,True,2026-09-29T21:29:54,2026-09-29T21:29:54,2026-09-29T21:29:54
4114,健喬,2023-04-10,46.0,-1.2000000000000028,-2.54%,,,,,,,,,ShowDailyK_ChartFlow,FinMind_API_TaiwanStockPrice_4114,True,2026-09-29T21:29:54,2026-09-29T21:29:54,2026-09-29T21:29:54
4114,健喬,2023-04-11,45.8,-0.20000000000000284,-0.43%,,,,,,,,,ShowDailyK_ChartFlow,FinMind_API_TaiwanStockPrice_4114,True,2026-09-29T21:29:54,2026-09-29T21:29:54,2026-09-29T21:29:54
4114,健喬,2023-04-12,46.95,1.1500000000000057,2.51%,,,,,,,,,ShowDailyK_ChartFlow,FinMind_API_TaiwanStockPrice_4114,True,2026-09-29T21:29:54,2026-09-29T21:29:54,2026-09-29T21:29:54
4114,健喬,2023-04-13,47.85,0.8999999999999986,1.92%,,,,,,,,,ShowDailyK_ChartFlow,FinMind_API_TaiwanStockPrice_4114,True,2026-09-29T21:29:54,2026-09-29T21:29:54,2026-09-29T21:29:54
4114,健喬,2023-04-14,47.45,-0.3999999999999986,-0.84%,,,,,,,,,ShowDailyK_ChartFlow,FinMind_API_TaiwanStockPrice_4114,True,2026-09-29T21:29:54,2026-09-29T21:29:54,2026-09-29T21:29:54
4114,健喬,2023-04-17,48.85,1.3999999999999986,2.95%,,,,,,,,,ShowDailyK_ChartFlow,FinMind_API_TaiwanStockPrice_4114,True,2026-09-29T21:29:54,2026-09-29T21:29:54,2026-09-29T21:29:54
4114,健喬,2023-04-18,48.0,-0.8500000000000014,-1.74%,,,,,,,,,ShowDailyK_ChartFlow,FinMind_API_TaiwanStockPrice_4114,True,2026-09-29T21:29:54,2026-09-29T21:29:54,2026-09-29T21:29:54
4114,健喬,2023-04-19,48.8,0.7999999999999972,1.67%,,,,,,,,,ShowDailyK_ChartFlow,FinMind_API_TaiwanStockPrice_4114,True,2026-09-29T21:29:54,2026-09-29T21:29:54,2026-09-29T21:29:54
4114,健喬,2023-04-20,46.5,-2.299999999999997,-4.71%,,,,,,,,,ShowDailyK_ChartFlow,FinMind_API_TaiwanStockPrice_4114,True,2026-09-29T21:29:54,2026-09-29T21:29:54,2026-09-29T21:29:54
4114,健喬,2023-04-21,45.2,-1.2999999999999972,-2.80%,,,,,,,,,ShowDailyK_ChartFlow,FinMind_API_TaiwanStockPrice_4114,True,2026-09-29T21:29:54,2026-09-29T21:29:54,2026-09-29T21:29:54
4114,健喬,2023-04-24,47.3,2.0999999999999943,4.65%,,,,,,,,,ShowDailyK_ChartFlow,FinMind_API_TaiwanStockPrice_4114,True,2026-09-29T21:29:54,2026-09-29T21:29:54,2026-09-29T21:29:54
4114,健喬,2023-04-25,46.4,-0.8999999999999986,-1.90%,,,,,,,,,ShowDailyK_ChartFlow,FinMind_API_TaiwanStockPrice_4114,True,2026-09-29T21:29:54,2026-09-29T21:29:54,2026-09-29T21:29:54
4114,健喬,2023-04-26,46.3,-0.10000000000000142,-0.22%,,,,,,,,,ShowDailyK_ChartFlow,FinMind_API_TaiwanStockPrice_4114,True,2026-09-29T21:29:54,2026-09-29T21:29:54,2026-09-29T21:29:54
4114,健喬,2023-04-27,45.8,-0.5,-1.08%,,,,,,,,,ShowDailyK_ChartFlow,FinMind_API_TaiwanStockPrice_4114,True,2026-09-29T21:29:54,2026-09-29T21:29:54,2026-09-29T21:29:54
4114,健喬,2023-04-28,47.8,2.0,4.37%,,,,,,,,,ShowDailyK_ChartFlow,FinMind_API_TaiwanStockPrice_4114,True,2026-09-29T21:29:54,2026-09-29T21:29:54,2026-09-29T21:29:54
4114,健喬,2023-05-02,47.95,0.15000000000000568,0.31%,,,,,,,,,ShowDailyK_ChartFlow,FinMind_API_TaiwanStockPrice_4114,True,2026-09-29T21:29:54,2026-09-29T21:29:54,2026-09-29T21:29:54
4114,健喬,2023-05-03,48.1,0.14999999999999858,0.31%,,,,,,,,,ShowDailyK_ChartFlow,FinMind_API_TaiwanStockPrice_4114,True,2026-09-29T21:29:54,2026-09-29T21:29:54,2026-09-29T21:29:54
4114,健喬,2023-05-04,49.0,0.8999999999999986,1.87%,,,,,,,,,ShowDailyK_ChartFlow,FinMind_API_TaiwanStockPrice_4114,True,2026-09-29T21:29:54,2026-09-29T21:29:54,2026-09-29T21:29:54
4114,健喬,2023-05-05,48.15,-0.8500000000000014,-1.73%,,,,,,,,,ShowDailyK_ChartFlow,FinMind_API_TaiwanStockPrice_4114,True,2026-09-29T21:29:54,2026-09-29T21:29:54,2026-09-29T21:29:54
4114,健喬,2023-05-08,47.5,-0.6499999999999986,-1.35%,,,,,,,,,ShowDailyK_ChartFlow,FinMind_API_TaiwanStockPrice_4114,True,2026-09-29T21:29:54,2026-09-29T21:29:54,2026-09-29T21:29:54
4114,健喬,2023-05-09,46.75,-0.75,-1.58%,,,,,,,,,ShowDailyK_ChartFlow,FinMind_API_TaiwanStockPrice_4114,True,2026-09-29T21:29:54,2026-09-29T21:29:54,2026-09-29T21:29:54
4114,健喬,2023-05-10,46.85,0.10000000000000142,0.21%,,,,,,,,,ShowDailyK_ChartFlow,FinMind_API_TaiwanStockPrice_4114,True,2026-09-29T21:29:54,2026-09-29T21:29:54,2026-09-29T21:29:54
4114,健喬,2023-05-11,45.25,-1.6000000000000014,-3.42%,,,,,,,,,ShowDailyK_ChartFlow,FinMind_API_TaiwanStockPrice_4114,True,2026-09-29T21:29:54,2026-09-29T21:29:54,2026-09-29T21:29:54
4114,健喬,2023-05-12,44.85,-0.3999999999999986,-0.88%,,,,,,,,,ShowDailyK_ChartFlow,FinMind_API_TaiwanStockPrice_4114,True,2026-09-29T21:29:54,2026-09-29T21:29:54,2026-09-29T21:29:54
4114,健喬,2023-05-15,44.1,-0.75,-1.67%,,,,,,,,,ShowDailyK_ChartFlow,FinMind_API_TaiwanStockPrice_4114,True,2026-09-29T21:29:54,2026-09-29T21:29:54,2026-09-29T21:29:54
4114,健喬,2023-05-16,44.25,0.14999999999999858,0.34%,,,,,,,,,ShowDailyK_ChartFlow,FinMind_API_TaiwanStockPrice_4114,True,2026-09-29T21:29:54,2026-09-29T21:29:54,2026-09-29T21:29:54
4114,健喬,2023-05-17,44.85,0.6000000000000014,1.36%,,,,,,,,,ShowDailyK_ChartFlow,FinMind_API_TaiwanStockPrice_4114,True,2026-09-29T21:29:54,2026-09-29T21:29:54,2026-09-29T21:29:54
4114,健喬,2023-05-18,44.6,-0.25,-0.56%,,,,,,,,,ShowDailyK_ChartFlow,FinMind_API_TaiwanStockPrice_4114,True,2026-09-29T21:29:54,2026-09-29T21:29:54,2026-09-29T21:29:54
4114,健喬,2023-05-19,44.2,-0.3999999999999986,-0.90%,,,,,,,,,ShowDailyK_ChartFlow,FinMind_API_TaiwanStockPrice_4114,True,2026-09-29T21:29:54,2026-09-29T21:29:54,2026-09-29T21:29:54
4114,健喬,2023-05-22,44.55,0.3499999999999943,0.79%,,,,,,,,,ShowDailyK_ChartFlow,FinMind_API_TaiwanStockPrice_4114,True,2026-09-29T21:29:54,2026-09-29T21:29:54,2026-09-29T21:29:54
4114,健喬,2023-05-23,45.5,0.9500000000000028,2.13%,,,,,,,,,ShowDailyK_ChartFlow,FinMind_API_TaiwanStockPrice_4114,True,2026-09-29T21:29:54,2026-09-29T21:29:54,2026-09-29T21:29:54
4114,健喬,2023-05-24,45.85,0.3500000000000014,0.77%,,,,,,,,,ShowDailyK_ChartFlow,FinMind_API_TaiwanStockPrice_4114,True,2026-09-29T21:29:54,2026-09-29T21:29:54,2026-09-29T21:29:54
4114,健喬,2023-05-25,45.2,-0.6499999999999986,-1.42%,,,,,,,,,ShowDailyK_ChartFlow,FinMind_API_TaiwanStockPrice_4114,True,2026-09-29T21:29:54,2026-09-29T21:29:54,2026-09-29T21:29:54
4114,健喬,2023-05-26,44.55,-0.6500000000000057,-1.44%,,,,,,,,,ShowDailyK_ChartFlow,FinMind_API_TaiwanStockPrice_4114,True,2026-09-29T21:29:54,2026-09-29T21:29:54,2026-09-29T21:29:54
4114,健喬,2023-05-29,44.4,-0.14999999999999858,-0.34%,,,,,,,,,ShowDailyK_ChartFlow,FinMind_API_TaiwanStockPrice_4114,True,2026-09-29T21:29:54,2026-09-29T21:29:54,2026-09-29T21:29:54
4114,健喬,2023-05-30,43.95,-0.44999999999999574,-1.01%,,,,,,,,,ShowDailyK_ChartFlow,FinMind_API_TaiwanStockPrice_4114,True,2026-09-29T21:29:54,2026-09-29T21:29:54,2026-09-29T21:29:54
4114,健喬,2023-05-31,44.45,0.5,1.14%,,,,,,,,,ShowDailyK_ChartFlow,FinMind_API_TaiwanStockPrice_4114,True,2026-09-29T21:29:54,2026-09-29T21:29:54,2026-09-29T21:29:54
4114,健喬,2023-06-01,44.0,-0.45000000000000284,-1.01%,,,,,,,,,ShowDailyK_ChartFlow,FinMind_API_TaiwanStockPrice_4114,True,2026-09-29T21:29:54,2026-09-29T21:29:54,2026-09-29T21:29:54
4114,健喬,2023-06-02,44.15,0.14999999999999858,0.34%,,,,,,,,,ShowDailyK_ChartFlow,FinMind_API_TaiwanStockPrice_4114,True,2026-09-29T21:29:54,2026-09-29T21:29:54,2026-09-29T21:29:54
4114,健喬,2023-06-05,44.75,0.6000000000000014,1.36%,,,,,,,,,ShowDailyK_ChartFlow,FinMind_API_TaiwanStockPrice_4114,True,2026-09-29T21:29:54,2026-09-29T21:29:54,2026-09-29T21:29:54
4114,健喬,2023-06-06,45.3,0.5499999999999972,1.23%,,,,,,,,,ShowDailyK_ChartFlow,FinMind_API_TaiwanStockPrice_4114,True,2026-09-29T21:29:54,2026-09-29T21:29:54,2026-09-29T21:29:54
4114,健喬,2023-06-07,45.35,0.05000000000000426,0.11%,,,,,,,,,ShowDailyK_ChartFlow,FinMind_API_TaiwanStockPrice_4114,True,2026-09-29T21:29:54,2026-09-29T21:29:54,2026-09-29T21:29:54
4114,健喬,2023-06-08,44.55,-0.8000000000000043,-1.76%,,,,,,,,,ShowDailyK_ChartFlow,FinMind_API_TaiwanStockPrice_4114,True,2026-09-29T21:29:54,2026-09-29T21:29:54,2026-09-29T21:29:54
4114,健喬,2023-06-09,45.55,1.0,2.24%,,,,,,,,,ShowDailyK_ChartFlow,FinMind_API_TaiwanStockPrice_4114,True,2026-09-29T21:29:54,2026-09-29T21:29:54,2026-09-29T21:29:54
4114,健喬,2023-06-12,44.85,-0.6999999999999957,-1.54%,,,,,,,,,ShowDailyK_ChartFlow,FinMind_API_TaiwanStockPrice_4114,True,2026-09-29T21:29:54,2026-09-29T21:29:54,2026-09-29T21:29:54
4114,健喬,2023-06-13,44.75,-0.10000000000000142,-0.22%,,,,,,,,,ShowDailyK_ChartFlow,FinMind_API_TaiwanStockPrice_4114,True,2026-09-29T21:29:54,2026-09-29T21:29:54,2026-09-29T21:29:54
4114,健喬,2023-06-14,44.8,0.04999999999999716,0.11%,,,,,,,,,ShowDailyK_ChartFlow,FinMind_API_TaiwanStockPrice_4114,True,2026-09-29T21:29:54,2026-09-29T21:29:54,2026-09-29T21:29:54
4114,健喬,2023-06-15,44.65,-0.14999999999999858,-0.33%,,,,,,,,,ShowDailyK_ChartFlow,FinMind_API_TaiwanStockPrice_4114,True,2026-09-29T21:29:54,2026-09-29T21:29:54,2026-09-29T21:29:54
4114,健喬,2023-06-16,44.4,-0.25,-0.56%,,,,,,,,,ShowDailyK_ChartFlow,FinMind_API_TaiwanStockPrice_4114,True,2026-09-29T21:29:54,2026-09-29T21:29:54,2026-09-29T21:29:54
4114,健喬,2023-06-19,43.9,-0.5,-1.13%,,,,,,,,,ShowDailyK_ChartFlow,FinMind_API_TaiwanStockPrice_4114,True,2026-09-29T21:29:54,2026-09-29T21:29:54,2026-09-29T21:29:54
4114,健喬,2023-06-20,43.0,-0.8999999999999986,-2.05%,,,,,,,,,ShowDailyK_ChartFlow,FinMind_API_TaiwanStockPrice_4114,True,2026-09-29T21:29:54,2026-09-29T21:29:54,2026-09-29T21:29:54
4114,健喬,2023-06-21,42.15,-0.8500000000000014,-1.98%,,,,,,,,,ShowDailyK_ChartFlow,FinMind_API_TaiwanStockPrice_4114,True,2026-09-29T21:29:54,2026-09-29T21:29:54,2026-09-29T21:29:54
4114,健喬,2023-06-26,43.25,1.1000000000000014,2.61%,,,,,,,,,ShowDailyK_ChartFlow,FinMind_API_TaiwanStockPrice_4114,True,2026-09-29T21:29:54,2026-09-29T21:29:54,2026-09-29T21:29:54
4114,健喬,2023-06-27,43.55,0.29999999999999716,0.69%,,,,,,,,,ShowDailyK_ChartFlow,FinMind_API_TaiwanStockPrice_4114,True,2026-09-29T21:29:54,2026-09-29T21:29:54,2026-09-29T21:29:54
4114,健喬,2023-06-28,43.7,0.15000000000000568,0.34%,,,,,,,,,ShowDailyK_ChartFlow,FinMind_API_TaiwanStockPrice_4114,True,2026-09-29T21:29:54,2026-09-29T21:29:54,2026-09-29T21:29:54
4114,健喬,2023-06-29,43.95,0.25,0.57%,,,,,,,,,ShowDailyK_ChartFlow,FinMind_API_TaiwanStockPrice_4114,True,2026-09-29T21:29:54,2026-09-29T21:29:54,2026-09-29T21:29:54
4114,健喬,2023-06-30,43.95,0.0,0.00%,,,,,,,,,ShowDailyK_ChartFlow,FinMind_API_TaiwanStockPrice_4114,True,2026-09-29T21:29:54,2026-09-29T21:29:54,2026-09-29T21:29:54
4114,健喬,2023-07-03,43.65,-0.30000000000000426,-0.68%,,,,,,,,,ShowDailyK_ChartFlow,FinMind_API_TaiwanStockPrice_4114,True,2026-09-29T21:29:54,2026-09-29T21:29:54,2026-09-29T21:29:54
4114,健喬,2023-07-04,43.1,-0.5499999999999972,-1.26%,,,,,,,,,ShowDailyK_ChartFlow,FinMind_API_TaiwanStockPrice_4114,True,2026-09-29T21:29:54,2026-09-29T21:29:54,2026-09-29T21:29:54
4114,健喬,2023-07-05,43.2,0.10000000000000142,0.23%,,,,,,,,,ShowDailyK_ChartFlow,FinMind_API_TaiwanStockPrice_4114,True,2026-09-29T21:29:54,2026-09-29T21:29:54,2026-09-29T21:29:54
4114,健喬,2023-07-06,42.85,-0.3500000000000014,-0.81%,,,,,,,,,ShowDailyK_ChartFlow,FinMind_API_TaiwanStockPrice_4114,True,2026-09-29T21:29:54,2026-09-29T21:29:54,2026-09-29T21:29:54
4114,健喬,2023-07-07,43.4,0.5499999999999972,1.28%,,,,,,,,,ShowDailyK_ChartFlow,FinMind_API_TaiwanStockPrice_4114,True,2026-09-29T21:29:54,2026-09-29T21:29:54,2026-09-29T21:29:54
4114,健喬,2023-07-10,43.5,0.10000000000000142,0.23%,,,,,,,,,ShowDailyK_ChartFlow,FinMind_API_TaiwanStockPrice_4114,True,2026-09-29T21:29:54,2026-09-29T21:29:54,2026-09-29T21:29:54
4114,健喬,2023-07-11,43.3,-0.20000000000000284,-0.46%,,,,,,,,,ShowDailyK_ChartFlow,FinMind_API_TaiwanStockPrice_4114,True,2026-09-29T21:29:54,2026-09-29T21:29:54,2026-09-29T21:29:54
4114,健喬,2023-07-12,42.6,-0.6999999999999957,-1.62%,,,,,,,,,ShowDailyK_ChartFlow,FinMind_API_TaiwanStockPrice_4114,True,2026-09-29T21:29:54,2026-09-29T21:29:54,2026-09-29T21:29:54
4114,健喬,2023-07-13,42.5,-0.10000000000000142,-0.23%,,,,,,,,,ShowDailyK_ChartFlow,FinMind_API_TaiwanStockPrice_4114,True,2026-09-29T21:29:54,2026-09-29T21:29:54,2026-09-29T21:29:54
4114,健喬,2023-07-14,43.05,0.5499999999999972,1.29%,,,,,,,,,ShowDailyK_ChartFlow,FinMind_API_TaiwanStockPrice_4114,True,2026-09-29T21:29:54,2026-09-29T21:29:54,2026-09-29T21:29:54
4114,健喬,2023-07-17,43.85,0.8000000000000043,1.86%,,,,,,,,,ShowDailyK_ChartFlow,FinMind_API_TaiwanStockPrice_4114,True,2026-09-29T21:29:54,2026-09-29T21:29:54,2026-09-29T21:29:54
4114,健喬,2023-07-18,43.25,-0.6000000000000014,-1.37%,,,,,,,,,ShowDailyK_ChartFlow,FinMind_API_TaiwanStockPrice_4114,True,2026-09-29T21:29:54,2026-09-29T21:29:54,2026-09-29T21:29:54
4114,健喬,2023-07-19,43.9,0.6499999999999986,1.50%,,,,,,,,,ShowDailyK_ChartFlow,FinMind_API_TaiwanStockPrice_4114,True,2026-09-29T21:29:54,2026-09-29T21:29:54,2026-09-29T21:29:54
4114,健喬,2023-07-20,43.7,-0.19999999999999574,-0.46%,,,,,,,,,ShowDailyK_ChartFlow,FinMind_API_TaiwanStockPrice_4114,True,2026-09-29T21:29:54,2026-09-29T21:29:54,2026-09-29T21:29:54
4114,健喬,2023-07-21,43.45,-0.25,-0.57%,,,,,,,,,ShowDailyK_ChartFlow,FinMind_API_TaiwanStockPrice_4114,True,2026-09-29T21:29:54,2026-09-29T21:29:54,2026-09-29T21:29:54
4114,健喬,2023-07-24,42.95,-0.5,-1.15%,,,,,,,,,ShowDailyK_ChartFlow,FinMind_API_TaiwanStockPrice_4114,True,2026-09-29T21:29:54,2026-09-29T21:29:54,2026-09-29T21:29:54
4114,健喬,2023-07-25,43.95,1.0,2.33%,,,,,,,,,ShowDailyK_ChartFlow,FinMind_API_TaiwanStockPrice_4114,True,2026-09-29T21:29:54,2026-09-29T21:29:54,2026-09-29T21:29:54
4114,健喬,2023-07-26,43.25,-0.7000000000000028,-1.59%,,,,,,,,,ShowDailyK_ChartFlow,FinMind_API_TaiwanStockPrice_4114,True,2026-09-29T21:29:54,2026-09-29T21:29:54,2026-09-29T21:29:54
4114,健喬,2023-07-27,43.3,0.04999999999999716,0.12%,,,,,,,,,ShowDailyK_ChartFlow,FinMind_API_TaiwanStockPrice_4114,True,2026-09-29T21:29:54,2026-09-29T21:29:54,2026-09-29T21:29:54
4114,健喬,2023-07-28,43.15,-0.14999999999999858,-0.35%,,,,,,,,,ShowDailyK_ChartFlow,FinMind_API_TaiwanStockPrice_4114,True,2026-09-29T21:29:54,2026-09-29T21:29:54,2026-09-29T21:29:54
4114,健喬,2023-07-31,43.3,0.14999999999999858,0.35%,,,,,,,,,ShowDailyK_ChartFlow,FinMind_API_TaiwanStockPrice_4114,True,2026-09-29T21:29:54,2026-09-29T21:29:54,2026-09-29T21:29:54
4114,健喬,2023-08-01,43.55,0.25,0.58%,,,,,,,,,ShowDailyK_ChartFlow,FinMind_API_TaiwanStockPrice_4114,True,2026-09-29T21:29:54,2026-09-29T21:29:54,2026-09-29T21:29:54
4114,健喬,2023-08-02,43.1,-0.44999999999999574,-1.03%,,,,,,,,,ShowDailyK_ChartFlow,FinMind_API_TaiwanStockPrice_4114,True,2026-09-29T21:29:54,2026-09-29T21:29:54,2026-09-29T21:29:54
4114,健喬,2023-08-04,43.9,0.7999999999999972,1.86%,,,,,,,,,ShowDailyK_ChartFlow,FinMind_API_TaiwanStockPrice_4114,True,2026-09-29T21:29:54,2026-09-29T21:29:54,2026-09-29T21:29:54
4114,健喬,2023-08-07,44.45,0.5500000000000043,1.25%,,,,,,,,,ShowDailyK_ChartFlow,FinMind_API_TaiwanStockPrice_4114,True,2026-09-29T21:29:54,2026-09-29T21:29:54,2026-09-29T21:29:54
4114,健喬,2023-08-08,39.9,-4.550000000000004,-10.24%,,,,,,,,,ShowDailyK_ChartFlow,FinMind_API_TaiwanStockPrice_4114,True,2026-09-29T21:29:54,2026-09-29T21:29:54,2026-09-29T21:29:54
4114,健喬,2023-08-09,39.7,-0.19999999999999574,-0.50%,,,,,,,,,ShowDailyK_ChartFlow,FinMind_API_TaiwanStockPrice_4114,True,2026-09-29T21:29:54,2026-09-29T21:29:54,2026-09-29T21:29:54
4114,健喬,2023-08-10,39.5,-0.20000000000000284,-0.50%,,,,,,,,,ShowDailyK_ChartFlow,FinMind_API_TaiwanStockPrice_4114,True,2026-09-29T21:29:54,2026-09-29T21:29:54,2026-09-29T21:29:54
4114,健喬,2023-08-11,38.7,-0.7999999999999972,-2.03%,,,,,,,,,ShowDailyK_ChartFlow,FinMind_API_TaiwanStockPrice_4114,True,2026-09-29T21:29:54,2026-09-29T21:29:54,2026-09-29T21:29:54
4114,健喬,2023-08-14,35.65,-3.0500000000000043,-7.88%,,,,,,,,,ShowDailyK_ChartFlow,FinMind_API_TaiwanStockPrice_4114,True,2026-09-29T21:29:54,2026-09-29T21:29:54,2026-09-29T21:29:54
4114,健喬,2023-08-15,35.75,0.10000000000000142,0.28%,,,,,,,,,ShowDailyK_ChartFlow,FinMind_API_TaiwanStockPrice_4114,True,2026-09-29T21:29:54,2026-09-29T21:29:54,2026-09-29T21:29:54
4114,健喬,2023-08-16,35.45,-0.29999999999999716,-0.84%,,,,,,,,,ShowDailyK_ChartFlow,FinMind_API_TaiwanStockPrice_4114,True,2026-09-29T21:29:54,2026-09-29T21:29:54,2026-09-29T21:29:54
4114,健喬,2023-08-17,35.85,0.3999999999999986,1.13%,,,,,,,,,ShowDailyK_ChartFlow,FinMind_API_TaiwanStockPrice_4114,True,2026-09-29T21:29:54,2026-09-29T21:29:54,2026-09-29T21:29:54
4114,健喬,2023-08-18,35.75,-0.10000000000000142,-0.28%,,,,,,,,,ShowDailyK_ChartFlow,FinMind_API_TaiwanStockPrice_4114,True,2026-09-29T21:29:54,2026-09-29T21:29:54,2026-09-29T21:29:54
4114,健喬,2023-08-21,36.55,0.7999999999999972,2.24%,,,,,,,,,ShowDailyK_ChartFlow,FinMind_API_TaiwanStockPrice_4114,True,2026-09-29T21:29:54,2026-09-29T21:29:54,2026-09-29T21:29:54
4114,健喬,2023-08-22,36.15,-0.3999999999999986,-1.09%,,,,,,,,,ShowDailyK_ChartFlow,FinMind_API_TaiwanStockPrice_4114,True,2026-09-29T21:29:54,2026-09-29T21:29:54,2026-09-29T21:29:54
4114,健喬,2023-08-23,35.7,-0.44999999999999574,-1.24%,,,,,,,,,ShowDailyK_ChartFlow,FinMind_API_TaiwanStockPrice_4114,True,2026-09-29T21:29:54,2026-09-29T21:29:54,2026-09-29T21:29:54
4114,健喬,2023-08-24,35.25,-0.45000000000000284,-1.26%,,,,,,,,,ShowDailyK_ChartFlow,FinMind_API_TaiwanStockPrice_4114,True,2026-09-29T21:29:54,2026-09-29T21:29:54,2026-09-29T21:29:54
4114,健喬,2023-08-25,36.4,1.1499999999999986,3.26%,,,,,,,,,ShowDailyK_ChartFlow,FinMind_API_TaiwanStockPrice_4114,True,2026-09-29T21:29:54,2026-09-29T21:29:54,2026-09-29T21:29:54
4114,健喬,2023-08-28,35.8,-0.6000000000000014,-1.65%,,,,,,,,,ShowDailyK_ChartFlow,FinMind_API_TaiwanStockPrice_4114,True,2026-09-29T21:29:54,2026-09-29T21:29:54,2026-09-29T21:29:54
4114,健喬,2023-08-29,35.65,-0.14999999999999858,-0.42%,,,,,,,,,ShowDailyK_ChartFlow,FinMind_API_TaiwanStockPrice_4114,True,2026-09-29T21:29:54,2026-09-29T21:29:54,2026-09-29T21:29:54
4114,健喬,2023-08-30,36.05,0.3999999999999986,1.12%,,,,,,,,,ShowDailyK_ChartFlow,FinMind_API_TaiwanStockPrice_4114,True,2026-09-29T21:29:54,2026-09-29T21:29:54,2026-09-29T21:29:54
4114,健喬,2023-08-31,36.65,0.6000000000000014,1.66%,,,,,,,,,ShowDailyK_ChartFlow,FinMind_API_TaiwanStockPrice_4114,True,2026-09-29T21:29:54,2026-09-29T21:29:54,2026-09-29T21:29:54
4114,健喬,2023-09-01,36.45,-0.19999999999999574,-0.55%,,,,,,,,,ShowDailyK_ChartFlow,FinMind_API_TaiwanStockPrice_4114,True,2026-09-29T21:29:54,2026-09-29T21:29:54,2026-09-29T21:29:54
4114,健喬,2023-09-04,36.5,0.04999999999999716,0.14%,,,,,,,,,ShowDailyK_ChartFlow,FinMind_API_TaiwanStockPrice_4114,True,2026-09-29T21:29:54,2026-09-29T21:29:54,2026-09-29T21:29:54
4114,健喬,2023-09-05,36.5,0.0,0.00%,,,,,,,,,ShowDailyK_ChartFlow,FinMind_API_TaiwanStockPrice_4114,True,2026-09-29T21:29:54,2026-09-29T21:29:54,2026-09-29T21:29:54
4114,健喬,2023-09-06,36.5,0.0,0.00%,,,,,,,,,ShowDailyK_ChartFlow,FinMind_API_TaiwanStockPrice_4114,True,2026-09-29T21:29:54,2026-09-29T21:29:54,2026-09-29T21:29:54
4114,健喬,2023-09-07,37.4,0.8999999999999986,2.47%,,,,,,,,,ShowDailyK_ChartFlow,FinMind_API_TaiwanStockPrice_4114,True,2026-09-29T21:29:54,2026-09-29T21:29:54,2026-09-29T21:29:54
4114,健喬,2023-09-08,37.05,-0.3500000000000014,-0.94%,,,,,,,,,ShowDailyK_ChartFlow,FinMind_API_TaiwanStockPrice_4114,True,2026-09-29T21:29:54,2026-09-29T21:29:54,2026-09-29T21:29:54
4114,健喬,2023-09-11,36.85,-0.19999999999999574,-0.54%,,,,,,,,,ShowDailyK_ChartFlow,FinMind_API_TaiwanStockPrice_4114,True,2026-09-29T21:29:54,2026-09-29T21:29:54,2026-09-29T21:29:54
4114,健喬,2023-09-12,37.2,0.3500000000000014,0.95%,,,,,,,,,ShowDailyK_ChartFlow,FinMind_API_TaiwanStockPrice_4114,True,2026-09-29T21:29:54,2026-09-29T21:29:54,2026-09-29T21:29:54
4114,健喬,2023-09-13,37.7,0.5,1.34%,,,,,,,,,ShowDailyK_ChartFlow,FinMind_API_TaiwanStockPrice_4114,True,2026-09-29T21:29:54,2026-09-29T21:29:54,2026-09-29T21:29:54
4114,健喬,2023-09-14,37.7,0.0,0.00%,,,,,,,,,ShowDailyK_ChartFlow,FinMind_API_TaiwanStockPrice_4114,True,2026-09-29T21:29:54,2026-09-29T21:29:54,2026-09-29T21:29:54
4114,健喬,2023-09-15,37.55,-0.15000000000000568,-0.40%,,,,,,,,,ShowDailyK_ChartFlow,FinMind_API_TaiwanStockPrice_4114,True,2026-09-29T21:29:54,2026-09-29T21:29:54,2026-09-29T21:29:54
4114,健喬,2023-09-18,37.7,0.15000000000000568,0.40%,,,,,,,,,ShowDailyK_ChartFlow,FinMind_API_TaiwanStockPrice_4114,True,2026-09-29T21:29:54,2026-09-29T21:29:54,2026-09-29T21:29:54
4114,健喬,2023-09-19,38.05,0.3499999999999943,0.93%,,,,,,,,,ShowDailyK_ChartFlow,FinMind_API_TaiwanStockPrice_4114,True,2026-09-29T21:29:54,2026-09-29T21:29:54,2026-09-29T21:29:54
4114,健喬,2023-09-20,38.0,-0.04999999999999716,-0.13%,,,,,,,,,ShowDailyK_ChartFlow,FinMind_API_TaiwanStockPrice_4114,True,2026-09-29T21:29:54,2026-09-29T21:29:54,2026-09-29T21:29:54
4114,健喬,2023-09-21,37.1,-0.8999999999999986,-2.37%,,,,,,,,,ShowDailyK_ChartFlow,FinMind_API_TaiwanStockPrice_4114,True,2026-09-29T21:29:54,2026-09-29T21:29:54,2026-09-29T21:29:54
4114,健喬,2023-09-22,37.2,0.10000000000000142,0.27%,,,,,,,,,ShowDailyK_ChartFlow,FinMind_API_TaiwanStockPrice_4114,True,2026-09-29T21:29:54,2026-09-29T21:29:54,2026-09-29T21:29:54
4114,健喬,2023-09-25,38.15,0.9499999999999957,2.55%,,,,,,,,,ShowDailyK_ChartFlow,FinMind_API_TaiwanStockPrice_4114,True,2026-09-29T21:29:54,2026-09-29T21:29:54,2026-09-29T21:29:54
4114,健喬,2023-09-26,37.7,-0.44999999999999574,-1.18%,,,,,,,,,ShowDailyK_ChartFlow,FinMind_API_TaiwanStockPrice_4114,True,2026-09-29T21:29:54,2026-09-29T21:29:54,2026-09-29T21:29:54
4114,健喬,2023-09-27,37.95,0.25,0.66%,,,,,,,,,ShowDailyK_ChartFlow,FinMind_API_TaiwanStockPrice_4114,True,2026-09-29T21:29:54,2026-09-29T21:29:54,2026-09-29T21:29:54
4114,健喬,2023-09-28,37.95,0.0,0.00%,,,,,,,,,ShowDailyK_ChartFlow,FinMind_API_TaiwanStockPrice_4114,True,2026-09-29T21:29:54,2026-09-29T21:29:54,2026-09-29T21:29:54
4114,健喬,2023-10-02,37.8,-0.15000000000000568,-0.40%,,,,,,,,,ShowDailyK_ChartFlow,FinMind_API_TaiwanStockPrice_4114,True,2026-09-29T21:29:54,2026-09-29T21:29:54,2026-09-29T21:29:54
4114,健喬,2023-10-03,37.5,-0.29999999999999716,-0.79%,,,,,,,,,ShowDailyK_ChartFlow,FinMind_API_TaiwanStockPrice_4114,True,2026-09-29T21:29:54,2026-09-29T21:29:54,2026-09-29T21:29:54
4114,健喬,2023-10-04,37.35,-0.14999999999999858,-0.40%,,,,,,,,,ShowDailyK_ChartFlow,FinMind_API_TaiwanStockPrice_4114,True,2026-09-29T21:29:54,2026-09-29T21:29:54,2026-09-29T21:29:54
4114,健喬,2023-10-05,37.6,0.25,0.67%,,,,,,,,,ShowDailyK_ChartFlow,FinMind_API_TaiwanStockPrice_4114,True,2026-09-29T21:29:54,2026-09-29T21:29:54,2026-09-29T21:29:54
4114,健喬,2023-10-06,37.75,0.14999999999999858,0.40%,,,,,,,,,ShowDailyK_ChartFlow,FinMind_API_TaiwanStockPrice_4114,True,2026-09-29T21:29:54,2026-09-29T21:29:54,2026-09-29T21:29:54
4114,健喬,2023-10-11,37.05,-0.7000000000000028,-1.85%,,,,,,,,,ShowDailyK_ChartFlow,FinMind_API_TaiwanStockPrice_4114,True,2026-09-29T21:29:54,2026-09-29T21:29:54,2026-09-29T21:29:54
4114,健喬,2023-10-12,36.95,-0.09999999999999432,-0.27%,,,,,,,,,ShowDailyK_ChartFlow,FinMind_API_TaiwanStockPrice_4114,True,2026-09-29T21:29:54,2026-09-29T21:29:54,2026-09-29T21:29:54
4114,健喬,2023-10-13,36.85,-0.10000000000000142,-0.27%,,,,,,,,,ShowDailyK_ChartFlow,FinMind_API_TaiwanStockPrice_4114,True,2026-09-29T21:29:54,2026-09-29T21:29:54,2026-09-29T21:29:54
4114,健喬,2023-10-16,36.8,-0.05000000000000426,-0.14%,,,,,,,,,ShowDailyK_ChartFlow,FinMind_API_TaiwanStockPrice_4114,True,2026-09-29T21:29:54,2026-09-29T21:29:54,2026-09-29T21:29:54
4114,健喬,2023-10-17,36.15,-0.6499999999999986,-1.77%,,,,,,,,,ShowDailyK_ChartFlow,FinMind_API_TaiwanStockPrice_4114,True,2026-09-29T21:29:54,2026-09-29T21:29:54,2026-09-29T21:29:54
4114,健喬,2023-10-18,35.65,-0.5,-1.38%,,,,,,,,,ShowDailyK_ChartFlow,FinMind_API_TaiwanStockPrice_4114,True,2026-09-29T21:29:54,2026-09-29T21:29:54,2026-09-29T21:29:54
4114,健喬,2023-10-19,36.0,0.3500000000000014,0.98%,,,,,,,,,ShowDailyK_ChartFlow,FinMind_API_TaiwanStockPrice_4114,True,2026-09-29T21:29:54,2026-09-29T21:29:54,2026-09-29T21:29:54
4114,健喬,2023-10-20,35.75,-0.25,-0.69%,,,,,,,,,ShowDailyK_ChartFlow,FinMind_API_TaiwanStockPrice_4114,True,2026-09-29T21:29:54,2026-09-29T21:29:54,2026-09-29T21:29:54
4114,健喬,2023-10-23,36.05,0.29999999999999716,0.84%,,,,,,,,,ShowDailyK_ChartFlow,FinMind_API_TaiwanStockPrice_4114,True,2026-09-29T21:29:54,2026-09-29T21:29:54,2026-09-29T21:29:54
4114,健喬,2023-10-24,36.55,0.5,1.39%,,,,,,,,,ShowDailyK_ChartFlow,FinMind_API_TaiwanStockPrice_4114,True,2026-09-29T21:29:54,2026-09-29T21:29:54,2026-09-29T21:29:54
4114,健喬,2023-10-25,36.6,0.05000000000000426,0.14%,,,,,,,,,ShowDailyK_ChartFlow,FinMind_API_TaiwanStockPrice_4114,True,2026-09-29T21:29:54,2026-09-29T21:29:54,2026-09-29T21:29:54
4114,健喬,2023-10-26,36.25,-0.3500000000000014,-0.96%,,,,,,,,,ShowDailyK_ChartFlow,FinMind_API_TaiwanStockPrice_4114,True,2026-09-29T21:29:54,2026-09-29T21:29:54,2026-09-29T21:29:54
4114,健喬,2023-10-27,37.4,1.1499999999999986,3.17%,,,,,,,,,ShowDailyK_ChartFlow,FinMind_API_TaiwanStockPrice_4114,True,2026-09-29T21:29:54,2026-09-29T21:29:54,2026-09-29T21:29:54
4114,健喬,2023-10-30,37.9,0.5,1.34%,,,,,,,,,ShowDailyK_ChartFlow,FinMind_API_TaiwanStockPrice_4114,True,2026-09-29T21:29:54,2026-09-29T21:29:54,2026-09-29T21:29:54
4114,健喬,2023-10-31,37.55,-0.3500000000000014,-0.92%,,,,,,,,,ShowDailyK_ChartFlow,FinMind_API_TaiwanStockPrice_4114,True,2026-09-29T21:29:54,2026-09-29T21:29:54,2026-09-29T21:29:54
4114,健喬,2023-11-01,37.35,-0.19999999999999574,-0.53%,,,,,,,,,ShowDailyK_ChartFlow,FinMind_API_TaiwanStockPrice_4114,True,2026-09-29T21:29:54,2026-09-29T21:29:54,2026-09-29T21:29:54
4114,健喬,2023-11-02,37.35,0.0,0.00%,,,,,,,,,ShowDailyK_ChartFlow,FinMind_API_TaiwanStockPrice_4114,True,2026-09-29T21:29:54,2026-09-29T21:29:54,2026-09-29T21:29:54
4114,健喬,2023-11-03,37.3,-0.05000000000000426,-0.13%,,,,,,,,,ShowDailyK_ChartFlow,FinMind_API_TaiwanStockPrice_4114,True,2026-09-29T21:29:54,2026-09-29T21:29:54,2026-09-29T21:29:54
4114,健喬,2023-11-06,37.4,0.10000000000000142,0.27%,,,,,,,,,ShowDailyK_ChartFlow,FinMind_API_TaiwanStockPrice_4114,True,2026-09-29T21:29:54,2026-09-29T21:29:54,2026-09-29T21:29:54
4114,健喬,2023-11-07,37.75,0.3500000000000014,0.94%,,,,,,,,,ShowDailyK_ChartFlow,FinMind_API_TaiwanStockPrice_4114,True,2026-09-29T21:29:54,2026-09-29T21:29:54,2026-09-29T21:29:54
4114,健喬,2023-11-08,37.7,-0.04999999999999716,-0.13%,,,,,,,,,ShowDailyK_ChartFlow,FinMind_API_TaiwanStockPrice_4114,True,2026-09-29T21:29:54,2026-09-29T21:29:54,2026-09-29T21:29:54
4114,健喬,2023-11-09,37.25,-0.45000000000000284,-1.19%,,,,,,,,,ShowDailyK_ChartFlow,FinMind_API_TaiwanStockPrice_4114,True,2026-09-29T21:29:54,2026-09-29T21:29:54,2026-09-29T21:29:54
4114,健喬,2023-11-10,37.0,-0.25,-0.67%,,,,,,,,,ShowDailyK_ChartFlow,FinMind_API_TaiwanStockPrice_4114,True,2026-09-29T21:29:54,2026-09-29T21:29:54,2026-09-29T21:29:54
4114,健喬,2023-11-13,36.6,-0.3999999999999986,-1.08%,,,,,,,,,ShowDailyK_ChartFlow,FinMind_API_TaiwanStockPrice_4114,True,2026-09-29T21:29:54,2026-09-29T21:29:54,2026-09-29T21:29:54
4114,健喬,2023-11-14,36.8,0.19999999999999574,0.55%,,,,,,,,,ShowDailyK_ChartFlow,FinMind_API_TaiwanStockPrice_4114,True,2026-09-29T21:29:54,2026-09-29T21:29:54,2026-09-29T21:29:54
4114,健喬,2023-11-15,37.05,0.25,0.68%,,,,,,,,,ShowDailyK_ChartFlow,FinMind_API_TaiwanStockPrice_4114,True,2026-09-29T21:29:54,2026-09-29T21:29:54,2026-09-29T21:29:54
4114,健喬,2023-11-16,37.55,0.5,1.35%,,,,,,,,,ShowDailyK_ChartFlow,FinMind_API_TaiwanStockPrice_4114,True,2026-09-29T21:29:54,2026-09-29T21:29:54,2026-09-29T21:29:54
4114,健喬,2023-11-17,37.6,0.05000000000000426,0.13%,,,,,,,,,ShowDailyK_ChartFlow,FinMind_API_TaiwanStockPrice_4114,True,2026-09-29T21:29:54,2026-09-29T21:29:54,2026-09-29T21:29:54
4114,健喬,2023-11-20,37.65,0.04999999999999716,0.13%,,,,,,,,,ShowDailyK_ChartFlow,FinMind_API_TaiwanStockPrice_4114,True,2026-09-29T21:29:54,2026-09-29T21:29:54,2026-09-29T21:29:54
4114,健喬,2023-11-21,37.8,0.14999999999999858,0.40%,,,,,,,,,ShowDailyK_ChartFlow,FinMind_API_TaiwanStockPrice_4114,True,2026-09-29T21:29:54,2026-09-29T21:29:54,2026-09-29T21:29:54
4114,健喬,2023-11-22,37.6,-0.19999999999999574,-0.53%,,,,,,,,,ShowDailyK_ChartFlow,FinMind_API_TaiwanStockPrice_4114,True,2026-09-29T21:29:54,2026-09-29T21:29:54,2026-09-29T21:29:54
4114,健喬,2023-11-23,37.8,0.19999999999999574,0.53%,,,,,,,,,ShowDailyK_ChartFlow,FinMind_API_TaiwanStockPrice_4114,True,2026-09-29T21:29:54,2026-09-29T21:29:54,2026-09-29T21:29:54
4114,健喬,2023-11-24,37.8,0.0,0.00%,,,,,,,,,ShowDailyK_ChartFlow,FinMind_API_TaiwanStockPrice_4114,True,2026-09-29T21:29:54,2026-09-29T21:29:54,2026-09-29T21:29:54
4114,健喬,2023-11-27,41.55,3.75,9.92%,,,,,,,,,ShowDailyK_ChartFlow,FinMind_API_TaiwanStockPrice_4114,True,2026-09-29T21:29:54,2026-09-29T21:29:54,2026-09-29T21:29:54
4114,健喬,2023-11-28,42.0,0.45000000000000284,1.08%,,,,,,,,,ShowDailyK_ChartFlow,FinMind_API_TaiwanStockPrice_4114,True,2026-09-29T21:29:54,2026-09-29T21:29:54,2026-09-29T21:29:54
4114,健喬,2023-11-29,41.1,-0.8999999999999986,-2.14%,,,,,,,,,ShowDailyK_ChartFlow,FinMind_API_TaiwanStockPrice_4114,True,2026-09-29T21:29:54,2026-09-29T21:29:54,2026-09-29T21:29:54
4114,健喬,2023-11-30,40.2,-0.8999999999999986,-2.19%,,,,,,,,,ShowDailyK_ChartFlow,FinMind_API_TaiwanStockPrice_4114,True,2026-09-29T21:29:54,2026-09-29T21:29:54,2026-09-29T21:29:54
4114,健喬,2023-12-01,41.3,1.0999999999999943,2.74%,,,,,,,,,ShowDailyK_ChartFlow,FinMind_API_TaiwanStockPrice_4114,True,2026-09-29T21:29:54,2026-09-29T21:29:54,2026-09-29T21:29:54
4114,健喬,2023-12-04,41.95,0.6500000000000057,1.57%,,,,,,,,,ShowDailyK_ChartFlow,FinMind_API_TaiwanStockPrice_4114,True,2026-09-29T21:29:54,2026-09-29T21:29:54,2026-09-29T21:29:54
4114,健喬,2023-12-05,41.5,-0.45000000000000284,-1.07%,,,,,,,,,ShowDailyK_ChartFlow,FinMind_API_TaiwanStockPrice_4114,True,2026-09-29T21:29:54,2026-09-29T21:29:54,2026-09-29T21:29:54
4114,健喬,2023-12-06,41.5,0.0,0.00%,,,,,,,,,ShowDailyK_ChartFlow,FinMind_API_TaiwanStockPrice_4114,True,2026-09-29T21:29:54,2026-09-29T21:29:54,2026-09-29T21:29:54
4114,健喬,2023-12-07,40.75,-0.75,-1.81%,,,,,,,,,ShowDailyK_ChartFlow,FinMind_API_TaiwanStockPrice_4114,True,2026-09-29T21:29:54,2026-09-29T21:29:54,2026-09-29T21:29:54
4114,健喬,2023-12-08,40.1,-0.6499999999999986,-1.60%,,,,,,,,,ShowDailyK_ChartFlow,FinMind_API_TaiwanStockPrice_4114,True,2026-09-29T21:29:54,2026-09-29T21:29:54,2026-09-29T21:29:54
4114,健喬,2023-12-11,39.65,-0.45000000000000284,-1.12%,,,,,,,,,ShowDailyK_ChartFlow,FinMind_API_TaiwanStockPrice_4114,True,2026-09-29T21:29:54,2026-09-29T21:29:54,2026-09-29T21:29:54
4114,健喬,2023-12-12,38.9,-0.75,-1.89%,,,,,,,,,ShowDailyK_ChartFlow,FinMind_API_TaiwanStockPrice_4114,True,2026-09-29T21:29:54,2026-09-29T21:29:54,2026-09-29T21:29:54
4114,健喬,2023-12-13,38.65,-0.25,-0.64%,,,,,,,,,ShowDailyK_ChartFlow,FinMind_API_TaiwanStockPrice_4114,True,2026-09-29T21:29:54,2026-09-29T21:29:54,2026-09-29T21:29:54
4114,健喬,2023-12-14,38.35,-0.29999999999999716,-0.78%,,,,,,,,,ShowDailyK_ChartFlow,FinMind_API_TaiwanStockPrice_4114,True,2026-09-29T21:29:54,2026-09-29T21:29:54,2026-09-29T21:29:54
4114,健喬,2023-12-15,38.7,0.3500000000000014,0.91%,,,,,,,,,ShowDailyK_ChartFlow,FinMind_API_TaiwanStockPrice_4114,True,2026-09-29T21:29:54,2026-09-29T21:29:54,2026-09-29T21:29:54
4114,健喬,2023-12-18,39.1,0.3999999999999986,1.03%,,,,,,,,,ShowDailyK_ChartFlow,FinMind_API_TaiwanStockPrice_4114,True,2026-09-29T21:29:54,2026-09-29T21:29:54,2026-09-29T21:29:54
4114,健喬,2023-12-19,38.95,-0.14999999999999858,-0.38%,,,,,,,,,ShowDailyK_ChartFlow,FinMind_API_TaiwanStockPrice_4114,True,2026-09-29T21:29:54,2026-09-29T21:29:54,2026-09-29T21:29:54
4114,健喬,2023-12-20,39.3,0.3499999999999943,0.90%,,,,,,,,,ShowDailyK_ChartFlow,FinMind_API_TaiwanStockPrice_4114,True,2026-09-29T21:29:54,2026-09-29T21:29:54,2026-09-29T21:29:54
4114,健喬,2023-12-21,39.75,0.45000000000000284,1.15%,,,,,,,,,ShowDailyK_ChartFlow,FinMind_API_TaiwanStockPrice_4114,True,2026-09-29T21:29:54,2026-09-29T21:29:54,2026-09-29T21:29:54
4114,健喬,2023-12-22,39.15,-0.6000000000000014,-1.51%,,,,,,,,,ShowDailyK_ChartFlow,FinMind_API_TaiwanStockPrice_4114,True,2026-09-29T21:29:54,2026-09-29T21:29:54,2026-09-29T21:29:54
4114,健喬,2023-12-25,38.5,-0.6499999999999986,-1.66%,,,,,,,,,ShowDailyK_ChartFlow,FinMind_API_TaiwanStockPrice_4114,True,2026-09-29T21:29:54,2026-09-29T21:29:54,2026-09-29T21:29:54
4114,健喬,2023-12-26,38.55,0.04999999999999716,0.13%,,,,,,,,,ShowDailyK_ChartFlow,FinMind_API_TaiwanStockPrice_4114,True,2026-09-29T21:29:54,2026-09-29T21:29:54,2026-09-29T21:29:54
4114,健喬,2023-12-27,38.6,0.05000000000000426,0.13%,,,,,,,,,ShowDailyK_ChartFlow,FinMind_API_TaiwanStockPrice_4114,True,2026-09-29T21:29:54,2026-09-29T21:29:54,2026-09-29T21:29:54
4114,健喬,2023-12-28,38.4,-0.20000000000000284,-0.52%,,,,,,,,,ShowDailyK_ChartFlow,FinMind_API_TaiwanStockPrice_4114,True,2026-09-29T21:29:54,2026-09-29T21:29:54,2026-09-29T21:29:54
4114,健喬,2023-12-29,38.65,0.25,0.65%,,,,,,,,,ShowDailyK_ChartFlow,FinMind_API_TaiwanStockPrice_4114,True,2026-09-29T21:29:54,2026-09-29T21:29:54,2026-09-29T21:29:54
4114,健喬,2024-01-02,38.85,0.20000000000000284,0.52%,,,,,,,,,ShowDailyK_ChartFlow,FinMind_API_TaiwanStockPrice_4114,True,2026-09-29T21:29:54,2026-09-29T21:29:54,2026-09-29T21:29:54
4114,健喬,2024-01-03,39.35,0.5,1.29%,,,,,,,,,ShowDailyK_ChartFlow,FinMind_API_TaiwanStockPrice_4114,True,2026-09-29T21:29:54,2026-09-29T21:29:54,2026-09-29T21:29:54
4114,健喬,2024-01-04,39.15,-0.20000000000000284,-0.51%,,,,,,,,,ShowDailyK_ChartFlow,FinMind_API_TaiwanStockPrice_4114,True,2026-09-29T21:29:54,2026-09-29T21:29:54,2026-09-29T21:29:54
4114,健喬,2024-01-05,39.5,0.3500000000000014,0.89%,,,,,,,,,ShowDailyK_ChartFlow,FinMind_API_TaiwanStockPrice_4114,True,2026-09-29T21:29:54,2026-09-29T21:29:54,2026-09-29T21:29:54
4114,健喬,2024-01-08,39.3,-0.20000000000000284,-0.51%,,,,,,,,,ShowDailyK_ChartFlow,FinMind_API_TaiwanStockPrice_4114,True,2026-09-29T21:29:54,2026-09-29T21:29:54,2026-09-29T21:29:54
4114,健喬,2024-01-09,38.4,-0.8999999999999986,-2.29%,,,,,,,,,ShowDailyK_ChartFlow,FinMind_API_TaiwanStockPrice_4114,True,2026-09-29T21:29:54,2026-09-29T21:29:54,2026-09-29T21:29:54
4114,健喬,2024-01-10,38.25,-0.14999999999999858,-0.39%,,,,,,,,,ShowDailyK_ChartFlow,FinMind_API_TaiwanStockPrice_4114,True,2026-09-29T21:29:54,2026-09-29T21:29:54,2026-09-29T21:29:54
4114,健喬,2024-01-11,38.55,0.29999999999999716,0.78%,,,,,,,,,ShowDailyK_ChartFlow,FinMind_API_TaiwanStockPrice_4114,True,2026-09-29T21:29:54,2026-09-29T21:29:54,2026-09-29T21:29:54
4114,健喬,2024-01-12,38.2,-0.3499999999999943,-0.91%,,,,,,,,,ShowDailyK_ChartFlow,FinMind_API_TaiwanStockPrice_4114,True,2026-09-29T21:29:54,2026-09-29T21:29:54,2026-09-29T21:29:54
4114,健喬,2024-01-15,38.6,0.3999999999999986,1.05%,,,,,,,,,ShowDailyK_ChartFlow,FinMind_API_TaiwanStockPrice_4114,True,2026-09-29T21:29:54,2026-09-29T21:29:54,2026-09-29T21:29:54
4114,健喬,2024-01-16,38.3,-0.30000000000000426,-0.78%,,,,,,,,,ShowDailyK_ChartFlow,FinMind_API_TaiwanStockPrice_4114,True,2026-09-29T21:29:54,2026-09-29T21:29:54,2026-09-29T21:29:54
4114,健喬,2024-01-17,37.4,-0.8999999999999986,-2.35%,,,,,,,,,ShowDailyK_ChartFlow,FinMind_API_TaiwanStockPrice_4114,True,2026-09-29T21:29:54,2026-09-29T21:29:54,2026-09-29T21:29:54
4114,健喬,2024-01-18,37.1,-0.29999999999999716,-0.80%,,,,,,,,,ShowDailyK_ChartFlow,FinMind_API_TaiwanStockPrice_4114,True,2026-09-29T21:29:54,2026-09-29T21:29:54,2026-09-29T21:29:54
4114,健喬,2024-01-19,37.4,0.29999999999999716,0.81%,,,,,,,,,ShowDailyK_ChartFlow,FinMind_API_TaiwanStockPrice_4114,True,2026-09-29T21:29:54,2026-09-29T21:29:54,2026-09-29T21:29:54
4114,健喬,2024-01-22,37.5,0.10000000000000142,0.27%,,,,,,,,,ShowDailyK_ChartFlow,FinMind_API_TaiwanStockPrice_4114,True,2026-09-29T21:29:54,2026-09-29T21:29:54,2026-09-29T21:29:54
4114,健喬,2024-01-23,37.65,0.14999999999999858,0.40%,,,,,,,,,ShowDailyK_ChartFlow,FinMind_API_TaiwanStockPrice_4114,True,2026-09-29T21:29:54,2026-09-29T21:29:54,2026-09-29T21:29:54
4114,健喬,2024-01-24,37.9,0.25,0.66%,,,,,,,,,ShowDailyK_ChartFlow,FinMind_API_TaiwanStockPrice_4114,True,2026-09-29T21:29:54,2026-09-29T21:29:54,2026-09-29T21:29:54
4114,健喬,2024-01-25,37.75,-0.14999999999999858,-0.40%,,,,,,,,,ShowDailyK_ChartFlow,FinMind_API_TaiwanStockPrice_4114,True,2026-09-29T21:29:54,2026-09-29T21:29:54,2026-09-29T21:29:54
4114,健喬,2024-01-26,37.75,0.0,0.00%,,,,,,,,,ShowDailyK_ChartFlow,FinMind_API_TaiwanStockPrice_4114,True,2026-09-29T21:29:54,2026-09-29T21:29:54,2026-09-29T21:29:54
4114,健喬,2024-01-29,37.8,0.04999999999999716,0.13%,,,,,,,,,ShowDailyK_ChartFlow,FinMind_API_TaiwanStockPrice_4114,True,2026-09-29T21:29:54,2026-09-29T21:29:54,2026-09-29T21:29:54
4114,健喬,2024-01-30,37.65,-0.14999999999999858,-0.40%,,,,,,,,,ShowDailyK_ChartFlow,FinMind_API_TaiwanStockPrice_4114,True,2026-09-29T21:29:54,2026-09-29T21:29:54,2026-09-29T21:29:54
4114,健喬,2024-01-31,37.55,-0.10000000000000142,-0.27%,,,,,,,,,ShowDailyK_ChartFlow,FinMind_API_TaiwanStockPrice_4114,True,2026-09-29T21:29:54,2026-09-29T21:29:54,2026-09-29T21:29:54
4114,健喬,2024-02-01,37.6,0.05000000000000426,0.13%,,,,,,,,,ShowDailyK_ChartFlow,FinMind_API_TaiwanStockPrice_4114,True,2026-09-29T21:29:54,2026-09-29T21:29:54,2026-09-29T21:29:54
4114,健喬,2024-02-02,37.45,-0.14999999999999858,-0.40%,,,,,,,,,ShowDailyK_ChartFlow,FinMind_API_TaiwanStockPrice_4114,True,2026-09-29T21:29:54,2026-09-29T21:29:54,2026-09-29T21:29:54
4114,健喬,2024-02-05,37.45,0.0,0.00%,,,,,,,,,ShowDailyK_ChartFlow,FinMind_API_TaiwanStockPrice_4114,True,2026-09-29T21:29:54,2026-09-29T21:29:54,2026-09-29T21:29:54
4114,健喬,2024-02-15,38.7,1.25,3.34%,,,,,,,,,ShowDailyK_ChartFlow,FinMind_API_TaiwanStockPrice_4114,True,2026-09-29T21:29:54,2026-09-29T21:29:54,2026-09-29T21:29:54
4114,健喬,2024-02-16,39.35,0.6499999999999986,1.68%,,,,,,,,,ShowDailyK_ChartFlow,FinMind_API_TaiwanStockPrice_4114,True,2026-09-29T21:29:54,2026-09-29T21:29:54,2026-09-29T21:29:54
4114,健喬,2024-02-19,39.25,-0.10000000000000142,-0.25%,,,,,,,,,ShowDailyK_ChartFlow,FinMind_API_TaiwanStockPrice_4114,True,2026-09-29T21:29:54,2026-09-29T21:29:54,2026-09-29T21:29:54
4114,健喬,2024-02-20,39.25,0.0,0.00%,,,,,,,,,ShowDailyK_ChartFlow,FinMind_API_TaiwanStockPrice_4114,True,2026-09-29T21:29:54,2026-09-29T21:29:54,2026-09-29T21:29:54
4114,健喬,2024-02-21,39.3,0.04999999999999716,0.13%,,,,,,,,,ShowDailyK_ChartFlow,FinMind_API_TaiwanStockPrice_4114,True,2026-09-29T21:29:54,2026-09-29T21:29:54,2026-09-29T21:29:54
4114,健喬,2024-02-22,39.05,-0.25,-0.64%,,,,,,,,,ShowDailyK_ChartFlow,FinMind_API_TaiwanStockPrice_4114,True,2026-09-29T21:29:54,2026-09-29T21:29:54,2026-09-29T21:29:54
4114,健喬,2024-02-23,38.5,-0.5499999999999972,-1.41%,,,,,,,,,ShowDailyK_ChartFlow,FinMind_API_TaiwanStockPrice_4114,True,2026-09-29T21:29:54,2026-09-29T21:29:54,2026-09-29T21:29:54
4114,健喬,2024-02-26,39.2,0.7000000000000028,1.82%,,,,,,,,,ShowDailyK_ChartFlow,FinMind_API_TaiwanStockPrice_4114,True,2026-09-29T21:29:54,2026-09-29T21:29:54,2026-09-29T21:29:54
4114,健喬,2024-02-27,39.05,-0.15000000000000568,-0.38%,,,,,,,,,ShowDailyK_ChartFlow,FinMind_API_TaiwanStockPrice_4114,True,2026-09-29T21:29:54,2026-09-29T21:29:54,2026-09-29T21:29:54
4114,健喬,2024-02-29,39.0,-0.04999999999999716,-0.13%,,,,,,,,,ShowDailyK_ChartFlow,FinMind_API_TaiwanStockPrice_4114,True,2026-09-29T21:29:54,2026-09-29T21:29:54,2026-09-29T21:29:54
4114,健喬,2024-03-01,38.9,-0.10000000000000142,-0.26%,,,,,,,,,ShowDailyK_ChartFlow,FinMind_API_TaiwanStockPrice_4114,True,2026-09-29T21:29:54,2026-09-29T21:29:54,2026-09-29T21:29:54
4114,健喬,2024-03-04,38.75,-0.14999999999999858,-0.39%,,,,,,,,,ShowDailyK_ChartFlow,FinMind_API_TaiwanStockPrice_4114,True,2026-09-29T21:29:54,2026-09-29T21:29:54,2026-09-29T21:29:54
4114,健喬,2024-03-05,38.8,0.04999999999999716,0.13%,,,,,,,,,ShowDailyK_ChartFlow,FinMind_API_TaiwanStockPrice_4114,True,2026-09-29T21:29:54,2026-09-29T21:29:54,2026-09-29T21:29:54
4114,健喬,2024-03-06,38.65,-0.14999999999999858,-0.39%,,,,,,,,,ShowDailyK_ChartFlow,FinMind_API_TaiwanStockPrice_4114,True,2026-09-29T21:29:54,2026-09-29T21:29:54,2026-09-29T21:29:54
4114,健喬,2024-03-07,38.8,0.14999999999999858,0.39%,,,,,,,,,ShowDailyK_ChartFlow,FinMind_API_TaiwanStockPrice_4114,True,2026-09-29T21:29:54,2026-09-29T21:29:54,2026-09-29T21:29:54
4114,健喬,2024-03-08,37.55,-1.25,-3.22%,,,,,,,,,ShowDailyK_ChartFlow,FinMind_API_TaiwanStockPrice_4114,True,2026-09-29T21:29:54,2026-09-29T21:29:54,2026-09-29T21:29:54
4114,健喬,2024-03-11,37.6,0.05000000000000426,0.13%,,,,,,,,,ShowDailyK_ChartFlow,FinMind_API_TaiwanStockPrice_4114,True,2026-09-29T21:29:54,2026-09-29T21:29:54,2026-09-29T21:29:54
4114,健喬,2024-03-12,37.95,0.3500000000000014,0.93%,,,,,,,,,ShowDailyK_ChartFlow,FinMind_API_TaiwanStockPrice_4114,True,2026-09-29T21:29:54,2026-09-29T21:29:54,2026-09-29T21:29:54
4114,健喬,2024-03-13,38.65,0.6999999999999957,1.84%,,,,,,,,,ShowDailyK_ChartFlow,FinMind_API_TaiwanStockPrice_4114,True,2026-09-29T21:29:54,2026-09-29T21:29:54,2026-09-29T21:29:54
4114,健喬,2024-03-14,39.05,0.3999999999999986,1.03%,,,,,,,,,ShowDailyK_ChartFlow,FinMind_API_TaiwanStockPrice_4114,True,2026-09-29T21:29:54,2026-09-29T21:29:54,2026-09-29T21:29:54
4114,健喬,2024-03-15,38.6,-0.44999999999999574,-1.15%,,,,,,,,,ShowDailyK_ChartFlow,FinMind_API_TaiwanStockPrice_4114,True,2026-09-29T21:29:54,2026-09-29T21:29:54,2026-09-29T21:29:54
4114,健喬,2024-03-18,38.85,0.25,0.65%,,,,,,,,,ShowDailyK_ChartFlow,FinMind_API_TaiwanStockPrice_4114,True,2026-09-29T21:29:54,2026-09-29T21:29:54,2026-09-29T21:29:54
4114,健喬,2024-03-19,39.15,0.29999999999999716,0.77%,,,,,,,,,ShowDailyK_ChartFlow,FinMind_API_TaiwanStockPrice_4114,True,2026-09-29T21:29:54,2026-09-29T21:29:54,2026-09-29T21:29:54
4114,健喬,2024-03-20,39.0,-0.14999999999999858,-0.38%,,,,,,,,,ShowDailyK_ChartFlow,FinMind_API_TaiwanStockPrice_4114,True,2026-09-29T21:29:54,2026-09-29T21:29:54,2026-09-29T21:29:54
4114,健喬,2024-03-21,38.95,-0.04999999999999716,-0.13%,,,,,,,,,ShowDailyK_ChartFlow,FinMind_API_TaiwanStockPrice_4114,True,2026-09-29T21:29:54,2026-09-29T21:29:54,2026-09-29T21:29:54
4114,健喬,2024-03-22,38.95,0.0,0.00%,,,,,,,,,ShowDailyK_ChartFlow,FinMind_API_TaiwanStockPrice_4114,True,2026-09-29T21:29:54,2026-09-29T21:29:54,2026-09-29T21:29:54
4114,健喬,2024-03-25,39.15,0.19999999999999574,0.51%,,,,,,,,,ShowDailyK_ChartFlow,FinMind_API_TaiwanStockPrice_4114,True,2026-09-29T21:29:54,2026-09-29T21:29:54,2026-09-29T21:29:54
4114,健喬,2024-03-26,38.8,-0.3500000000000014,-0.89%,,,,,,,,,ShowDailyK_ChartFlow,FinMind_API_TaiwanStockPrice_4114,True,2026-09-29T21:29:54,2026-09-29T21:29:54,2026-09-29T21:29:54
4114,健喬,2024-03-27,39.85,1.0500000000000043,2.71%,,,,,,,,,ShowDailyK_ChartFlow,FinMind_API_TaiwanStockPrice_4114,True,2026-09-29T21:29:54,2026-09-29T21:29:54,2026-09-29T21:29:54
4114,健喬,2024-03-28,39.55,-0.30000000000000426,-0.75%,,,,,,,,,ShowDailyK_ChartFlow,FinMind_API_TaiwanStockPrice_4114,True,2026-09-29T21:29:54,2026-09-29T21:29:54,2026-09-29T21:29:54
4114,健喬,2024-03-29,39.25,-0.29999999999999716,-0.76%,,,,,,,,,ShowDailyK_ChartFlow,FinMind_API_TaiwanStockPrice_4114,True,2026-09-29T21:29:54,2026-09-29T21:29:54,2026-09-29T21:29:54
4114,健喬,2024-04-01,39.95,0.7000000000000028,1.78%,,,,,,,,,ShowDailyK_ChartFlow,FinMind_API_TaiwanStockPrice_4114,True,2026-09-29T21:29:54,2026-09-29T21:29:54,2026-09-29T21:29:54
4114,健喬,2024-04-02,39.85,-0.10000000000000142,-0.25%,,,,,,,,,ShowDailyK_ChartFlow,FinMind_API_TaiwanStockPrice_4114,True,2026-09-29T21:29:54,2026-09-29T21:29:54,2026-09-29T21:29:54
4114,健喬,2024-04-03,39.75,-0.10000000000000142,-0.25%,,,,,,,,,ShowDailyK_ChartFlow,FinMind_API_TaiwanStockPrice_4114,True,2026-09-29T21:29:54,2026-09-29T21:29:54,2026-09-29T21:29:54
4114,健喬,2024-04-08,39.9,0.14999999999999858,0.38%,,,,,,,,,ShowDailyK_ChartFlow,FinMind_API_TaiwanStockPrice_4114,True,2026-09-29T21:29:54,2026-09-29T21:29:54,2026-09-29T21:29:54
4114,健喬,2024-04-09,39.7,-0.19999999999999574,-0.50%,,,,,,,,,ShowDailyK_ChartFlow,FinMind_API_TaiwanStockPrice_4114,True,2026-09-29T21:29:54,2026-09-29T21:29:54,2026-09-29T21:29:54
4114,健喬,2024-04-10,39.4,-0.30000000000000426,-0.76%,,,,,,,,,ShowDailyK_ChartFlow,FinMind_API_TaiwanStockPrice_4114,True,2026-09-29T21:29:54,2026-09-29T21:29:54,2026-09-29T21:29:54
4114,健喬,2024-04-11,39.45,0.05000000000000426,0.13%,,,,,,,,,ShowDailyK_ChartFlow,FinMind_API_TaiwanStockPrice_4114,True,2026-09-29T21:29:54,2026-09-29T21:29:54,2026-09-29T21:29:54
4114,健喬,2024-04-12,39.1,-0.3500000000000014,-0.89%,,,,,,,,,ShowDailyK_ChartFlow,FinMind_API_TaiwanStockPrice_4114,True,2026-09-29T21:29:54,2026-09-29T21:29:54,2026-09-29T21:29:54
4114,健喬,2024-04-15,38.65,-0.45000000000000284,-1.15%,,,,,,,,,ShowDailyK_ChartFlow,FinMind_API_TaiwanStockPrice_4114,True,2026-09-29T21:29:54,2026-09-29T21:29:54,2026-09-29T21:29:54
4114,健喬,2024-04-16,37.95,-0.6999999999999957,-1.81%,,,,,,,,,ShowDailyK_ChartFlow,FinMind_API_TaiwanStockPrice_4114,True,2026-09-29T21:29:54,2026-09-29T21:29:54,2026-09-29T21:29:54
4114,健喬,2024-04-17,38.25,0.29999999999999716,0.79%,,,,,,,,,ShowDailyK_ChartFlow,FinMind_API_TaiwanStockPrice_4114,True,2026-09-29T21:29:54,2026-09-29T21:29:54,2026-09-29T21:29:54
4114,健喬,2024-04-18,38.7,0.45000000000000284,1.18%,,,,,,,,,ShowDailyK_ChartFlow,FinMind_API_TaiwanStockPrice_4114,True,2026-09-29T21:29:54,2026-09-29T21:29:54,2026-09-29T21:29:54
4114,健喬,2024-04-19,37.9,-0.8000000000000043,-2.07%,,,,,,,,,ShowDailyK_ChartFlow,FinMind_API_TaiwanStockPrice_4114,True,2026-09-29T21:29:54,2026-09-29T21:29:54,2026-09-29T21:29:54
4114,健喬,2024-04-22,37.85,-0.04999999999999716,-0.13%,,,,,,,,,ShowDailyK_ChartFlow,FinMind_API_TaiwanStockPrice_4114,True,2026-09-29T21:29:54,2026-09-29T21:29:54,2026-09-29T21:29:54
4114,健喬,2024-04-23,38.15,0.29999999999999716,0.79%,,,,,,,,,ShowDailyK_ChartFlow,FinMind_API_TaiwanStockPrice_4114,True,2026-09-29T21:29:54,2026-09-29T21:29:54,2026-09-29T21:29:54
4114,健喬,2024-04-24,38.2,0.05000000000000426,0.13%,,,,,,,,,ShowDailyK_ChartFlow,FinMind_API_TaiwanStockPrice_4114,True,2026-09-29T21:29:54,2026-09-29T21:29:54,2026-09-29T21:29:54
4114,健喬,2024-04-25,38.1,-0.10000000000000142,-0.26%,,,,,,,,,ShowDailyK_ChartFlow,FinMind_API_TaiwanStockPrice_4114,True,2026-09-29T21:29:54,2026-09-29T21:29:54,2026-09-29T21:29:54
4114,健喬,2024-04-26,38.1,0.0,0.00%,,,,,,,,,ShowDailyK_ChartFlow,FinMind_API_TaiwanStockPrice_4114,True,2026-09-29T21:29:54,2026-09-29T21:29:54,2026-09-29T21:29:54
4114,健喬,2024-04-29,38.85,0.75,1.97%,,,,,,,,,ShowDailyK_ChartFlow,FinMind_API_TaiwanStockPrice_4114,True,2026-09-29T21:29:54,2026-09-29T21:29:54,2026-09-29T21:29:54
4114,健喬,2024-04-30,38.55,-0.30000000000000426,-0.77%,,,,,,,,,ShowDailyK_ChartFlow,FinMind_API_TaiwanStockPrice_4114,True,2026-09-29T21:29:54,2026-09-29T21:29:54,2026-09-29T21:29:54
4114,健喬,2024-05-02,38.8,0.25,0.65%,,,,,,,,,ShowDailyK_ChartFlow,FinMind_API_TaiwanStockPrice_4114,True,2026-09-29T21:29:54,2026-09-29T21:29:54,2026-09-29T21:29:54
4114,健喬,2024-05-03,38.75,-0.04999999999999716,-0.13%,,,,,,,,,ShowDailyK_ChartFlow,FinMind_API_TaiwanStockPrice_4114,True,2026-09-29T21:29:54,2026-09-29T21:29:54,2026-09-29T21:29:54
4114,健喬,2024-05-06,39.1,0.3500000000000014,0.90%,,,,,,,,,ShowDailyK_ChartFlow,FinMind_API_TaiwanStockPrice_4114,True,2026-09-29T21:29:54,2026-09-29T21:29:54,2026-09-29T21:29:54
4114,健喬,2024-05-07,39.1,0.0,0.00%,,,,,,,,,ShowDailyK_ChartFlow,FinMind_API_TaiwanStockPrice_4114,True,2026-09-29T21:29:54,2026-09-29T21:29:54,2026-09-29T21:29:54
4114,健喬,2024-05-08,39.4,0.29999999999999716,0.77%,,,,,,,,,ShowDailyK_ChartFlow,FinMind_API_TaiwanStockPrice_4114,True,2026-09-29T21:29:54,2026-09-29T21:29:54,2026-09-29T21:29:54
4114,健喬,2024-05-09,39.1,-0.29999999999999716,-0.76%,,,,,,,,,ShowDailyK_ChartFlow,FinMind_API_TaiwanStockPrice_4114,True,2026-09-29T21:29:54,2026-09-29T21:29:54,2026-09-29T21:29:54
4114,健喬,2024-05-10,39.55,0.44999999999999574,1.15%,,,,,,,,,ShowDailyK_ChartFlow,FinMind_API_TaiwanStockPrice_4114,True,2026-09-29T21:29:54,2026-09-29T21:29:54,2026-09-29T21:29:54
4114,健喬,2024-05-13,39.55,0.0,0.00%,,,,,,,,,ShowDailyK_ChartFlow,FinMind_API_TaiwanStockPrice_4114,True,2026-09-29T21:29:54,2026-09-29T21:29:54,2026-09-29T21:29:54
4114,健喬,2024-05-14,39.65,0.10000000000000142,0.25%,,,,,,,,,ShowDailyK_ChartFlow,FinMind_API_TaiwanStockPrice_4114,True,2026-09-29T21:29:54,2026-09-29T21:29:54,2026-09-29T21:29:54
4114,健喬,2024-05-15,39.7,0.05000000000000426,0.13%,,,,,,,,,ShowDailyK_ChartFlow,FinMind_API_TaiwanStockPrice_4114,True,2026-09-29T21:29:54,2026-09-29T21:29:54,2026-09-29T21:29:54
4114,健喬,2024-05-16,39.65,-0.05000000000000426,-0.13%,,,,,,,,,ShowDailyK_ChartFlow,FinMind_API_TaiwanStockPrice_4114,True,2026-09-29T21:29:54,2026-09-29T21:29:54,2026-09-29T21:29:54
4114,健喬,2024-05-17,40.25,0.6000000000000014,1.51%,,,,,,,,,ShowDailyK_ChartFlow,FinMind_API_TaiwanStockPrice_4114,True,2026-09-29T21:29:54,2026-09-29T21:29:54,2026-09-29T21:29:54
4114,健喬,2024-05-20,40.3,0.04999999999999716,0.12%,,,,,,,,,ShowDailyK_ChartFlow,FinMind_API_TaiwanStockPrice_4114,True,2026-09-29T21:29:54,2026-09-29T21:29:54,2026-09-29T21:29:54
4114,健喬,2024-05-21,40.35,0.05000000000000426,0.12%,,,,,,,,,ShowDailyK_ChartFlow,FinMind_API_TaiwanStockPrice_4114,True,2026-09-29T21:29:54,2026-09-29T21:29:54,2026-09-29T21:29:54
4114,健喬,2024-05-22,39.95,-0.3999999999999986,-0.99%,,,,,,,,,ShowDailyK_ChartFlow,FinMind_API_TaiwanStockPrice_4114,True,2026-09-29T21:29:54,2026-09-29T21:29:54,2026-09-29T21:29:54
4114,健喬,2024-05-23,39.5,-0.45000000000000284,-1.13%,,,,,,,,,ShowDailyK_ChartFlow,FinMind_API_TaiwanStockPrice_4114,True,2026-09-29T21:29:54,2026-09-29T21:29:54,2026-09-29T21:29:54
4114,健喬,2024-05-24,39.55,0.04999999999999716,0.13%,,,,,,,,,ShowDailyK_ChartFlow,FinMind_API_TaiwanStockPrice_4114,True,2026-09-29T21:29:54,2026-09-29T21:29:54,2026-09-29T21:29:54
4114,健喬,2024-05-27,39.75,0.20000000000000284,0.51%,,,,,,,,,ShowDailyK_ChartFlow,FinMind_API_TaiwanStockPrice_4114,True,2026-09-29T21:29:54,2026-09-29T21:29:54,2026-09-29T21:29:54
4114,健喬,2024-05-28,40.0,0.25,0.63%,,,,,,,,,ShowDailyK_ChartFlow,FinMind_API_TaiwanStockPrice_4114,True,2026-09-29T21:29:54,2026-09-29T21:29:54,2026-09-29T21:29:54
4114,健喬,2024-05-29,40.0,0.0,0.00%,,,,,,,,,ShowDailyK_ChartFlow,FinMind_API_TaiwanStockPrice_4114,True,2026-09-29T21:29:54,2026-09-29T21:29:54,2026-09-29T21:29:54
4114,健喬,2024-05-30,39.85,-0.14999999999999858,-0.37%,,,,,,,,,ShowDailyK_ChartFlow,FinMind_API_TaiwanStockPrice_4114,True,2026-09-29T21:29:54,2026-09-29T21:29:54,2026-09-29T21:29:54
4114,健喬,2024-05-31,39.95,0.10000000000000142,0.25%,,,,,,,,,ShowDailyK_ChartFlow,FinMind_API_TaiwanStockPrice_4114,True,2026-09-29T21:29:54,2026-09-29T21:29:54,2026-09-29T21:29:54
4114,健喬,2024-06-03,40.05,0.09999999999999432,0.25%,,,,,,,,,ShowDailyK_ChartFlow,FinMind_API_TaiwanStockPrice_4114,True,2026-09-29T21:29:54,2026-09-29T21:29:54,2026-09-29T21:29:54
4114,健喬,2024-06-04,40.05,0.0,0.00%,,,,,,,,,ShowDailyK_ChartFlow,FinMind_API_TaiwanStockPrice_4114,True,2026-09-29T21:29:54,2026-09-29T21:29:54,2026-09-29T21:29:54
4114,健喬,2024-06-05,40.55,0.5,1.25%,,,,,,,,,ShowDailyK_ChartFlow,FinMind_API_TaiwanStockPrice_4114,True,2026-09-29T21:29:54,2026-09-29T21:29:54,2026-09-29T21:29:54
4114,健喬,2024-06-06,40.3,-0.25,-0.62%,,,,,,,,,ShowDailyK_ChartFlow,FinMind_API_TaiwanStockPrice_4114,True,2026-09-29T21:29:54,2026-09-29T21:29:54,2026-09-29T21:29:54
4114,健喬,2024-06-07,41.05,0.75,1.86%,,,,,,,,,ShowDailyK_ChartFlow,FinMind_API_TaiwanStockPrice_4114,True,2026-09-29T21:29:54,2026-09-29T21:29:54,2026-09-29T21:29:54
4114,健喬,2024-06-11,40.95,-0.09999999999999432,-0.24%,,,,,,,,,ShowDailyK_ChartFlow,FinMind_API_TaiwanStockPrice_4114,True,2026-09-29T21:29:54,2026-09-29T21:29:54,2026-09-29T21:29:54
4114,健喬,2024-06-12,40.95,0.0,0.00%,,,,,,,,,ShowDailyK_ChartFlow,FinMind_API_TaiwanStockPrice_4114,True,2026-09-29T21:29:54,2026-09-29T21:29:54,2026-09-29T21:29:54
4114,健喬,2024-06-13,41.0,0.04999999999999716,0.12%,,,,,,,,,ShowDailyK_ChartFlow,FinMind_API_TaiwanStockPrice_4114,True,2026-09-29T21:29:54,2026-09-29T21:29:54,2026-09-29T21:29:54
4114,健喬,2024-06-14,40.95,-0.04999999999999716,-0.12%,,,,,,,,,ShowDailyK_ChartFlow,FinMind_API_TaiwanStockPrice_4114,True,2026-09-29T21:29:54,2026-09-29T21:29:54,2026-09-29T21:29:54
4114,健喬,2024-06-17,41.4,0.44999999999999574,1.10%,,,,,,,,,ShowDailyK_ChartFlow,FinMind_API_TaiwanStockPrice_4114,True,2026-09-29T21:29:54,2026-09-29T21:29:54,2026-09-29T21:29:54
4114,健喬,2024-06-18,41.45,0.05000000000000426,0.12%,,,,,,,,,ShowDailyK_ChartFlow,FinMind_API_TaiwanStockPrice_4114,True,2026-09-29T21:29:54,2026-09-29T21:29:54,2026-09-29T21:29:54
4114,健喬,2024-06-19,41.05,-0.4000000000000057,-0.97%,,,,,,,,,ShowDailyK_ChartFlow,FinMind_API_TaiwanStockPrice_4114,True,2026-09-29T21:29:54,2026-09-29T21:29:54,2026-09-29T21:29:54
4114,健喬,2024-06-20,41.1,0.05000000000000426,0.12%,,,,,,,,,ShowDailyK_ChartFlow,FinMind_API_TaiwanStockPrice_4114,True,2026-09-29T21:29:54,2026-09-29T21:29:54,2026-09-29T21:29:54
4114,健喬,2024-06-21,41.4,0.29999999999999716,0.73%,,,,,,,,,ShowDailyK_ChartFlow,FinMind_API_TaiwanStockPrice_4114,True,2026-09-29T21:29:54,2026-09-29T21:29:54,2026-09-29T21:29:54
4114,健喬,2024-06-24,41.3,-0.10000000000000142,-0.24%,,,,,,,,,ShowDailyK_ChartFlow,FinMind_API_TaiwanStockPrice_4114,True,2026-09-29T21:29:54,2026-09-29T21:29:54,2026-09-29T21:29:54
4114,健喬,2024-06-25,41.15,-0.14999999999999858,-0.36%,,,,,,,,,ShowDailyK_ChartFlow,FinMind_API_TaiwanStockPrice_4114,True,2026-09-29T21:29:54,2026-09-29T21:29:54,2026-09-29T21:29:54
4114,健喬,2024-06-26,41.7,0.5500000000000043,1.34%,,,,,,,,,ShowDailyK_ChartFlow,FinMind_API_TaiwanStockPrice_4114,True,2026-09-29T21:29:54,2026-09-29T21:29:54,2026-09-29T21:29:54
4114,健喬,2024-06-27,41.35,-0.3500000000000014,-0.84%,,,,,,,,,ShowDailyK_ChartFlow,FinMind_API_TaiwanStockPrice_4114,True,2026-09-29T21:29:54,2026-09-29T21:29:54,2026-09-29T21:29:54
4114,健喬,2024-06-28,41.15,-0.20000000000000284,-0.48%,,,,,,,,,ShowDailyK_ChartFlow,FinMind_API_TaiwanStockPrice_4114,True,2026-09-29T21:29:54,2026-09-29T21:29:54,2026-09-29T21:29:54
4114,健喬,2024-07-01,41.6,0.45000000000000284,1.09%,,,,,,,,,ShowDailyK_ChartFlow,FinMind_API_TaiwanStockPrice_4114,True,2026-09-29T21:29:54,2026-09-29T21:29:54,2026-09-29T21:29:54
4114,健喬,2024-07-02,41.3,-0.30000000000000426,-0.72%,,,,,,,,,ShowDailyK_ChartFlow,FinMind_API_TaiwanStockPrice_4114,True,2026-09-29T21:29:54,2026-09-29T21:29:54,2026-09-29T21:29:54
4114,健喬,2024-07-03,41.25,-0.04999999999999716,-0.12%,,,,,,,,,ShowDailyK_ChartFlow,FinMind_API_TaiwanStockPrice_4114,True,2026-09-29T21:29:54,2026-09-29T21:29:54,2026-09-29T21:29:54
4114,健喬,2024-07-04,40.75,-0.5,-1.21%,,,,,,,,,ShowDailyK_ChartFlow,FinMind_API_TaiwanStockPrice_4114,True,2026-09-29T21:29:54,2026-09-29T21:29:54,2026-09-29T21:29:54
4114,健喬,2024-07-05,40.0,-0.75,-1.84%,,,,,,,,,ShowDailyK_ChartFlow,FinMind_API_TaiwanStockPrice_4114,True,2026-09-29T21:29:54,2026-09-29T21:29:54,2026-09-29T21:29:54
4114,健喬,2024-07-08,40.1,0.10000000000000142,0.25%,,,,,,,,,ShowDailyK_ChartFlow,FinMind_API_TaiwanStockPrice_4114,True,2026-09-29T21:29:54,2026-09-29T21:29:54,2026-09-29T21:29:54
4114,健喬,2024-07-09,39.7,-0.3999999999999986,-1.00%,,,,,,,,,ShowDailyK_ChartFlow,FinMind_API_TaiwanStockPrice_4114,True,2026-09-29T21:29:54,2026-09-29T21:29:54,2026-09-29T21:29:54
4114,健喬,2024-07-10,39.6,-0.10000000000000142,-0.25%,,,,,,,,,ShowDailyK_ChartFlow,FinMind_API_TaiwanStockPrice_4114,True,2026-09-29T21:29:54,2026-09-29T21:29:54,2026-09-29T21:29:54
4114,健喬,2024-07-11,39.6,0.0,0.00%,,,,,,,,,ShowDailyK_ChartFlow,FinMind_API_TaiwanStockPrice_4114,True,2026-09-29T21:29:54,2026-09-29T21:29:54,2026-09-29T21:29:54
4114,健喬,2024-07-12,39.75,0.14999999999999858,0.38%,,,,,,,,,ShowDailyK_ChartFlow,FinMind_API_TaiwanStockPrice_4114,True,2026-09-29T21:29:54,2026-09-29T21:29:54,2026-09-29T21:29:54
4114,健喬,2024-07-15,39.85,0.10000000000000142,0.25%,,,,,,,,,ShowDailyK_ChartFlow,FinMind_API_TaiwanStockPrice_4114,True,2026-09-29T21:29:54,2026-09-29T21:29:54,2026-09-29T21:29:54
4114,健喬,2024-07-16,39.95,0.10000000000000142,0.25%,,,,,,,,,ShowDailyK_ChartFlow,FinMind_API_TaiwanStockPrice_4114,True,2026-09-29T21:29:54,2026-09-29T21:29:54,2026-09-29T21:29:54
4114,健喬,2024-07-17,40.2,0.25,0.63%,,,,,,,,,ShowDailyK_ChartFlow,FinMind_API_TaiwanStockPrice_4114,True,2026-09-29T21:29:54,2026-09-29T21:29:54,2026-09-29T21:29:54
4114,健喬,2024-07-18,40.5,0.29999999999999716,0.75%,,,,,,,,,ShowDailyK_ChartFlow,FinMind_API_TaiwanStockPrice_4114,True,2026-09-29T21:29:54,2026-09-29T21:29:54,2026-09-29T21:29:54
4114,健喬,2024-07-19,39.7,-0.7999999999999972,-1.98%,,,,,,,,,ShowDailyK_ChartFlow,FinMind_API_TaiwanStockPrice_4114,True,2026-09-29T21:29:54,2026-09-29T21:29:54,2026-09-29T21:29:54
4114,健喬,2024-07-22,39.4,-0.30000000000000426,-0.76%,,,,,,,,,ShowDailyK_ChartFlow,FinMind_API_TaiwanStockPrice_4114,True,2026-09-29T21:29:54,2026-09-29T21:29:54,2026-09-29T21:29:54
4114,健喬,2024-07-23,40.5,1.1000000000000014,2.79%,,,,,,,,,ShowDailyK_ChartFlow,FinMind_API_TaiwanStockPrice_4114,True,2026-09-29T21:29:54,2026-09-29T21:29:54,2026-09-29T21:29:54
4114,健喬,2024-07-26,40.85,0.3500000000000014,0.86%,,,,,,,,,ShowDailyK_ChartFlow,FinMind_API_TaiwanStockPrice_4114,True,2026-09-29T21:29:54,2026-09-29T21:29:54,2026-09-29T21:29:54
4114,健喬,2024-07-29,40.25,-0.6000000000000014,-1.47%,,,,,,,,,ShowDailyK_ChartFlow,FinMind_API_TaiwanStockPrice_4114,True,2026-09-29T21:29:54,2026-09-29T21:29:54,2026-09-29T21:29:54
4114,健喬,2024-07-30,40.9,0.6499999999999986,1.61%,,,,,,,,,ShowDailyK_ChartFlow,FinMind_API_TaiwanStockPrice_4114,True,2026-09-29T21:29:54,2026-09-29T21:29:54,2026-09-29T21:29:54
4114,健喬,2024-07-31,40.9,0.0,0.00%,,,,,,,,,ShowDailyK_ChartFlow,FinMind_API_TaiwanStockPrice_4114,True,2026-09-29T21:29:54,2026-09-29T21:29:54,2026-09-29T21:29:54
4114,健喬,2024-08-01,41.65,0.75,1.83%,,,,,,,,,ShowDailyK_ChartFlow,FinMind_API_TaiwanStockPrice_4114,True,2026-09-29T21:29:54,2026-09-29T21:29:54,2026-09-29T21:29:54
4114,健喬,2024-08-02,41.3,-0.3500000000000014,-0.84%,,,,,,,,,ShowDailyK_ChartFlow,FinMind_API_TaiwanStockPrice_4114,True,2026-09-29T21:29:54,2026-09-29T21:29:54,2026-09-29T21:29:54
4114,健喬,2024-08-05,38.95,-2.3499999999999943,-5.69%,,,,,,,,,ShowDailyK_ChartFlow,FinMind_API_TaiwanStockPrice_4114,True,2026-09-29T21:29:54,2026-09-29T21:29:54,2026-09-29T21:29:54
4114,健喬,2024-08-06,38.9,-0.05000000000000426,-0.13%,,,,,,,,,ShowDailyK_ChartFlow,FinMind_API_TaiwanStockPrice_4114,True,2026-09-29T21:29:54,2026-09-29T21:29:54,2026-09-29T21:29:54
4114,健喬,2024-08-07,40.55,1.6499999999999986,4.24%,,,,,,,,,ShowDailyK_ChartFlow,FinMind_API_TaiwanStockPrice_4114,True,2026-09-29T21:29:54,2026-09-29T21:29:54,2026-09-29T21:29:54
4114,健喬,2024-08-08,40.4,-0.14999999999999858,-0.37%,,,,,,,,,ShowDailyK_ChartFlow,FinMind_API_TaiwanStockPrice_4114,True,2026-09-29T21:29:54,2026-09-29T21:29:54,2026-09-29T21:29:54
4114,健喬,2024-08-09,36.75,-3.6499999999999986,-9.03%,,,,,,,,,ShowDailyK_ChartFlow,FinMind_API_TaiwanStockPrice_4114,True,2026-09-29T21:29:54,2026-09-29T21:29:54,2026-09-29T21:29:54
4114,健喬,2024-08-12,36.85,0.10000000000000142,0.27%,,,,,,,,,ShowDailyK_ChartFlow,FinMind_API_TaiwanStockPrice_4114,True,2026-09-29T21:29:54,2026-09-29T21:29:54,2026-09-29T21:29:54
4114,健喬,2024-08-13,37.25,0.3999999999999986,1.09%,,,,,,,,,ShowDailyK_ChartFlow,FinMind_API_TaiwanStockPrice_4114,True,2026-09-29T21:29:54,2026-09-29T21:29:54,2026-09-29T21:29:54
4114,健喬,2024-08-14,37.1,-0.14999999999999858,-0.40%,,,,,,,,,ShowDailyK_ChartFlow,FinMind_API_TaiwanStockPrice_4114,True,2026-09-29T21:29:54,2026-09-29T21:29:54,2026-09-29T21:29:54
4114,健喬,2024-08-15,38.1,1.0,2.70%,,,,,,,,,ShowDailyK_ChartFlow,FinMind_API_TaiwanStockPrice_4114,True,2026-09-29T21:29:54,2026-09-29T21:29:54,2026-09-29T21:29:54
4114,健喬,2024-08-16,37.75,-0.3500000000000014,-0.92%,,,,,,,,,ShowDailyK_ChartFlow,FinMind_API_TaiwanStockPrice_4114,True,2026-09-29T21:29:54,2026-09-29T21:29:54,2026-09-29T21:29:54
4114,健喬,2024-08-19,37.7,-0.04999999999999716,-0.13%,,,,,,,,,ShowDailyK_ChartFlow,FinMind_API_TaiwanStockPrice_4114,True,2026-09-29T21:29:54,2026-09-29T21:29:54,2026-09-29T21:29:54
4114,健喬,2024-08-20,37.8,0.09999999999999432,0.27%,,,,,,,,,ShowDailyK_ChartFlow,FinMind_API_TaiwanStockPrice_4114,True,2026-09-29T21:29:54,2026-09-29T21:29:54,2026-09-29T21:29:54
4114,健喬,2024-08-21,37.9,0.10000000000000142,0.26%,,,,,,,,,ShowDailyK_ChartFlow,FinMind_API_TaiwanStockPrice_4114,True,2026-09-29T21:29:54,2026-09-29T21:29:54,2026-09-29T21:29:54
4114,健喬,2024-08-22,38.1,0.20000000000000284,0.53%,,,,,,,,,ShowDailyK_ChartFlow,FinMind_API_TaiwanStockPrice_4114,True,2026-09-29T21:29:54,2026-09-29T21:29:54,2026-09-29T21:29:54
4114,健喬,2024-08-23,37.8,-0.30000000000000426,-0.79%,,,,,,,,,ShowDailyK_ChartFlow,FinMind_API_TaiwanStockPrice_4114,True,2026-09-29T21:29:54,2026-09-29T21:29:54,2026-09-29T21:29:54
4114,健喬,2024-08-26,37.9,0.10000000000000142,0.26%,,,,,,,,,ShowDailyK_ChartFlow,FinMind_API_TaiwanStockPrice_4114,True,2026-09-29T21:29:54,2026-09-29T21:29:54,2026-09-29T21:29:54
4114,健喬,2024-08-27,38.1,0.20000000000000284,0.53%,,,,,,,,,ShowDailyK_ChartFlow,FinMind_API_TaiwanStockPrice_4114,True,2026-09-29T21:29:54,2026-09-29T21:29:54,2026-09-29T21:29:54
4114,健喬,2024-08-28,38.15,0.04999999999999716,0.13%,,,,,,,,,ShowDailyK_ChartFlow,FinMind_API_TaiwanStockPrice_4114,True,2026-09-29T21:29:54,2026-09-29T21:29:54,2026-09-29T21:29:54
4114,健喬,2024-08-29,38.0,-0.14999999999999858,-0.39%,,,,,,,,,ShowDailyK_ChartFlow,FinMind_API_TaiwanStockPrice_4114,True,2026-09-29T21:29:54,2026-09-29T21:29:54,2026-09-29T21:29:54
4114,健喬,2024-08-30,38.25,0.25,0.66%,,,,,,,,,ShowDailyK_ChartFlow,FinMind_API_TaiwanStockPrice_4114,True,2026-09-29T21:29:54,2026-09-29T21:29:54,2026-09-29T21:29:54
4114,健喬,2024-09-02,38.1,-0.14999999999999858,-0.39%,,,,,,,,,ShowDailyK_ChartFlow,FinMind_API_TaiwanStockPrice_4114,True,2026-09-29T21:29:54,2026-09-29T21:29:54,2026-09-29T21:29:54
4114,健喬,2024-09-03,37.95,-0.14999999999999858,-0.39%,,,,,,,,,ShowDailyK_ChartFlow,FinMind_API_TaiwanStockPrice_4114,True,2026-09-29T21:29:54,2026-09-29T21:29:54,2026-09-29T21:29:54
4114,健喬,2024-09-04,37.4,-0.5500000000000043,-1.45%,,,,,,,,,ShowDailyK_ChartFlow,FinMind_API_TaiwanStockPrice_4114,True,2026-09-29T21:29:54,2026-09-29T21:29:54,2026-09-29T21:29:54
4114,健喬,2024-09-05,37.4,0.0,0.00%,,,,,,,,,ShowDailyK_ChartFlow,FinMind_API_TaiwanStockPrice_4114,True,2026-09-29T21:29:54,2026-09-29T21:29:54,2026-09-29T21:29:54
4114,健喬,2024-09-06,37.6,0.20000000000000284,0.53%,,,,,,,,,ShowDailyK_ChartFlow,FinMind_API_TaiwanStockPrice_4114,True,2026-09-29T21:29:54,2026-09-29T21:29:54,2026-09-29T21:29:54
4114,健喬,2024-09-09,37.65,0.04999999999999716,0.13%,,,,,,,,,ShowDailyK_ChartFlow,FinMind_API_TaiwanStockPrice_4114,True,2026-09-29T21:29:54,2026-09-29T21:29:54,2026-09-29T21:29:54
4114,健喬,2024-09-10,37.95,0.30000000000000426,0.80%,,,,,,,,,ShowDailyK_ChartFlow,FinMind_API_TaiwanStockPrice_4114,True,2026-09-29T21:29:54,2026-09-29T21:29:54,2026-09-29T21:29:54
4114,健喬,2024-09-11,38.2,0.25,0.66%,,,,,,,,,ShowDailyK_ChartFlow,FinMind_API_TaiwanStockPrice_4114,True,2026-09-29T21:29:54,2026-09-29T21:29:54,2026-09-29T21:29:54
4114,健喬,2024-09-12,37.95,-0.25,-0.65%,,,,,,,,,ShowDailyK_ChartFlow,FinMind_API_TaiwanStockPrice_4114,True,2026-09-29T21:29:54,2026-09-29T21:29:54,2026-09-29T21:29:54
4114,健喬,2024-09-13,37.65,-0.30000000000000426,-0.79%,,,,,,,,,ShowDailyK_ChartFlow,FinMind_API_TaiwanStockPrice_4114,True,2026-09-29T21:29:54,2026-09-29T21:29:54,2026-09-29T21:29:54
4114,健喬,2024-09-16,37.5,-0.14999999999999858,-0.40%,,,,,,,,,ShowDailyK_ChartFlow,FinMind_API_TaiwanStockPrice_4114,True,2026-09-29T21:29:54,2026-09-29T21:29:54,2026-09-29T21:29:54
4114,健喬,2024-09-18,37.25,-0.25,-0.67%,,,,,,,,,ShowDailyK_ChartFlow,FinMind_API_TaiwanStockPrice_4114,True,2026-09-29T21:29:54,2026-09-29T21:29:54,2026-09-29T21:29:54
4114,健喬,2024-09-19,37.3,0.04999999999999716,0.13%,,,,,,,,,ShowDailyK_ChartFlow,FinMind_API_TaiwanStockPrice_4114,True,2026-09-29T21:29:54,2026-09-29T21:29:54,2026-09-29T21:29:54
4114,健喬,2024-09-20,37.3,0.0,0.00%,,,,,,,,,ShowDailyK_ChartFlow,FinMind_API_TaiwanStockPrice_4114,True,2026-09-29T21:29:54,2026-09-29T21:29:54,2026-09-29T21:29:54
4114,健喬,2024-09-23,37.3,0.0,0.00%,,,,,,,,,ShowDailyK_ChartFlow,FinMind_API_TaiwanStockPrice_4114,True,2026-09-29T21:29:54,2026-09-29T21:29:54,2026-09-29T21:29:54
4114,健喬,2024-09-24,37.25,-0.04999999999999716,-0.13%,,,,,,,,,ShowDailyK_ChartFlow,FinMind_API_TaiwanStockPrice_4114,True,2026-09-29T21:29:54,2026-09-29T21:29:54,2026-09-29T21:29:54
4114,健喬,2024-09-25,37.3,0.04999999999999716,0.13%,,,,,,,,,ShowDailyK_ChartFlow,FinMind_API_TaiwanStockPrice_4114,True,2026-09-29T21:29:54,2026-09-29T21:29:54,2026-09-29T21:29:54
4114,健喬,2024-09-26,37.35,0.05000000000000426,0.13%,,,,,,,,,ShowDailyK_ChartFlow,FinMind_API_TaiwanStockPrice_4114,True,2026-09-29T21:29:54,2026-09-29T21:29:54,2026-09-29T21:29:54
4114,健喬,2024-09-27,37.3,-0.05000000000000426,-0.13%,,,,,,,,,ShowDailyK_ChartFlow,FinMind_API_TaiwanStockPrice_4114,True,2026-09-29T21:29:54,2026-09-29T21:29:54,2026-09-29T21:29:54
4114,健喬,2024-09-30,37.5,0.20000000000000284,0.54%,,,,,,,,,ShowDailyK_ChartFlow,FinMind_API_TaiwanStockPrice_4114,True,2026-09-29T21:29:54,2026-09-29T21:29:54,2026-09-29T21:29:54
4114,健喬,2024-10-01,37.45,-0.04999999999999716,-0.13%,,,,,,,,,ShowDailyK_ChartFlow,FinMind_API_TaiwanStockPrice_4114,True,2026-09-29T21:29:54,2026-09-29T21:29:54,2026-09-29T21:29:54
4114,健喬,2024-10-04,37.3,-0.15000000000000568,-0.40%,,,,,,,,,ShowDailyK_ChartFlow,FinMind_API_TaiwanStockPrice_4114,True,2026-09-29T21:29:54,2026-09-29T21:29:54,2026-09-29T21:29:54
4114,健喬,2024-10-07,37.25,-0.04999999999999716,-0.13%,,,,,,,,,ShowDailyK_ChartFlow,FinMind_API_TaiwanStockPrice_4114,True,2026-09-29T21:29:54,2026-09-29T21:29:54,2026-09-29T21:29:54
4114,健喬,2024-10-08,37.2,-0.04999999999999716,-0.13%,,,,,,,,,ShowDailyK_ChartFlow,FinMind_API_TaiwanStockPrice_4114,True,2026-09-29T21:29:54,2026-09-29T21:29:54,2026-09-29T21:29:54
4114,健喬,2024-10-09,37.05,-0.15000000000000568,-0.40%,,,,,,,,,ShowDailyK_ChartFlow,FinMind_API_TaiwanStockPrice_4114,True,2026-09-29T21:29:54,2026-09-29T21:29:54,2026-09-29T21:29:54
4114,健喬,2024-10-11,36.85,-0.19999999999999574,-0.54%,,,,,,,,,ShowDailyK_ChartFlow,FinMind_API_TaiwanStockPrice_4114,True,2026-09-29T21:29:54,2026-09-29T21:29:54,2026-09-29T21:29:54
4114,健喬,2024-10-14,36.9,0.04999999999999716,0.14%,,,,,,,,,ShowDailyK_ChartFlow,FinMind_API_TaiwanStockPrice_4114,True,2026-09-29T21:29:54,2026-09-29T21:29:54,2026-09-29T21:29:54
4114,健喬,2024-10-15,36.8,-0.10000000000000142,-0.27%,,,,,,,,,ShowDailyK_ChartFlow,FinMind_API_TaiwanStockPrice_4114,True,2026-09-29T21:29:54,2026-09-29T21:29:54,2026-09-29T21:29:54
4114,健喬,2024-10-16,36.8,0.0,0.00%,,,,,,,,,ShowDailyK_ChartFlow,FinMind_API_TaiwanStockPrice_4114,True,2026-09-29T21:29:54,2026-09-29T21:29:54,2026-09-29T21:29:54
4114,健喬,2024-10-17,36.85,0.05000000000000426,0.14%,,,,,,,,,ShowDailyK_ChartFlow,FinMind_API_TaiwanStockPrice_4114,True,2026-09-29T21:29:54,2026-09-29T21:29:54,2026-09-29T21:29:54
4114,健喬,2024-10-18,36.75,-0.10000000000000142,-0.27%,,,,,,,,,ShowDailyK_ChartFlow,FinMind_API_TaiwanStockPrice_4114,True,2026-09-29T21:29:54,2026-09-29T21:29:54,2026-09-29T21:29:54
4114,健喬,2024-10-21,36.75,0.0,0.00%,,,,,,,,,ShowDailyK_ChartFlow,FinMind_API_TaiwanStockPrice_4114,True,2026-09-29T21:29:54,2026-09-29T21:29:54,2026-09-29T21:29:54
4114,健喬,2024-10-22,36.75,0.0,0.00%,,,,,,,,,ShowDailyK_ChartFlow,FinMind_API_TaiwanStockPrice_4114,True,2026-09-29T21:29:54,2026-09-29T21:29:54,2026-09-29T21:29:54
4114,健喬,2024-10-23,36.7,-0.04999999999999716,-0.14%,,,,,,,,,ShowDailyK_ChartFlow,FinMind_API_TaiwanStockPrice_4114,True,2026-09-29T21:29:54,2026-09-29T21:29:54,2026-09-29T21:29:54
4114,健喬,2024-10-24,36.65,-0.05000000000000426,-0.14%,,,,,,,,,ShowDailyK_ChartFlow,FinMind_API_TaiwanStockPrice_4114,True,2026-09-29T21:29:54,2026-09-29T21:29:54,2026-09-29T21:29:54
4114,健喬,2024-10-25,36.7,0.05000000000000426,0.14%,,,,,,,,,ShowDailyK_ChartFlow,FinMind_API_TaiwanStockPrice_4114,True,2026-09-29T21:29:54,2026-09-29T21:29:54,2026-09-29T21:29:54
4114,健喬,2024-10-28,36.6,-0.10000000000000142,-0.27%,,,,,,,,,ShowDailyK_ChartFlow,FinMind_API_TaiwanStockPrice_4114,True,2026-09-29T21:29:54,2026-09-29T21:29:54,2026-09-29T21:29:54
4114,健喬,2024-10-29,36.3,-0.30000000000000426,-0.82%,,,,,,,,,ShowDailyK_ChartFlow,FinMind_API_TaiwanStockPrice_4114,True,2026-09-29T21:29:54,2026-09-29T21:29:54,2026-09-29T21:29:54
4114,健喬,2024-10-30,36.2,-0.09999999999999432,-0.28%,,,,,,,,,ShowDailyK_ChartFlow,FinMind_API_TaiwanStockPrice_4114,True,2026-09-29T21:29:54,2026-09-29T21:29:54,2026-09-29T21:29:54
4114,健喬,2024-11-01,36.75,0.5499999999999972,1.52%,,,,,,,,,ShowDailyK_ChartFlow,FinMind_API_TaiwanStockPrice_4114,True,2026-09-29T21:29:54,2026-09-29T21:29:54,2026-09-29T21:29:54
4114,健喬,2024-11-04,36.55,-0.20000000000000284,-0.54%,,,,,,,,,ShowDailyK_ChartFlow,FinMind_API_TaiwanStockPrice_4114,True,2026-09-29T21:29:54,2026-09-29T21:29:54,2026-09-29T21:29:54
4114,健喬,2024-11-05,36.5,-0.04999999999999716,-0.14%,,,,,,,,,ShowDailyK_ChartFlow,FinMind_API_TaiwanStockPrice_4114,True,2026-09-29T21:29:54,2026-09-29T21:29:54,2026-09-29T21:29:54
4114,健喬,2024-11-06,36.4,-0.10000000000000142,-0.27%,,,,,,,,,ShowDailyK_ChartFlow,FinMind_API_TaiwanStockPrice_4114,True,2026-09-29T21:29:54,2026-09-29T21:29:54,2026-09-29T21:29:54
4114,健喬,2024-11-07,36.55,0.14999999999999858,0.41%,,,,,,,,,ShowDailyK_ChartFlow,FinMind_API_TaiwanStockPrice_4114,True,2026-09-29T21:29:54,2026-09-29T21:29:54,2026-09-29T21:29:54
4114,健喬,2024-11-08,36.55,0.0,0.00%,,,,,,,,,ShowDailyK_ChartFlow,FinMind_API_TaiwanStockPrice_4114,True,2026-09-29T21:29:54,2026-09-29T21:29:54,2026-09-29T21:29:54
4114,健喬,2024-11-11,36.95,0.4000000000000057,1.09%,,,,,,,,,ShowDailyK_ChartFlow,FinMind_API_TaiwanStockPrice_4114,True,2026-09-29T21:29:54,2026-09-29T21:29:54,2026-09-29T21:29:54
4114,健喬,2024-11-12,36.7,-0.25,-0.68%,,,,,,,,,ShowDailyK_ChartFlow,FinMind_API_TaiwanStockPrice_4114,True,2026-09-29T21:29:54,2026-09-29T21:29:54,2026-09-29T21:29:54
4114,健喬,2024-11-13,36.7,0.0,0.00%,,,,,,,,,ShowDailyK_ChartFlow,FinMind_API_TaiwanStockPrice_4114,True,2026-09-29T21:29:54,2026-09-29T21:29:54,2026-09-29T21:29:54
4114,健喬,2024-11-14,35.3,-1.4000000000000057,-3.81%,,,,,,,,,ShowDailyK_ChartFlow,FinMind_API_TaiwanStockPrice_4114,True,2026-09-29T21:29:54,2026-09-29T21:29:54,2026-09-29T21:29:54
4114,健喬,2024-11-15,35.1,-0.19999999999999574,-0.57%,,,,,,,,,ShowDailyK_ChartFlow,FinMind_API_TaiwanStockPrice_4114,True,2026-09-29T21:29:54,2026-09-29T21:29:54,2026-09-29T21:29:54
4114,健喬,2024-11-18,34.25,-0.8500000000000014,-2.42%,,,,,,,,,ShowDailyK_ChartFlow,FinMind_API_TaiwanStockPrice_4114,True,2026-09-29T21:29:54,2026-09-29T21:29:54,2026-09-29T21:29:54
4114,健喬,2024-11-19,34.7,0.45000000000000284,1.31%,,,,,,,,,ShowDailyK_ChartFlow,FinMind_API_TaiwanStockPrice_4114,True,2026-09-29T21:29:54,2026-09-29T21:29:54,2026-09-29T21:29:54
4114,健喬,2024-11-20,34.7,0.0,0.00%,,,,,,,,,ShowDailyK_ChartFlow,FinMind_API_TaiwanStockPrice_4114,True,2026-09-29T21:29:54,2026-09-29T21:29:54,2026-09-29T21:29:54
4114,健喬,2024-11-21,34.9,0.19999999999999574,0.58%,,,,,,,,,ShowDailyK_ChartFlow,FinMind_API_TaiwanStockPrice_4114,True,2026-09-29T21:29:54,2026-09-29T21:29:54,2026-09-29T21:29:54
4114,健喬,2024-11-22,34.8,-0.10000000000000142,-0.29%,,,,,,,,,ShowDailyK_ChartFlow,FinMind_API_TaiwanStockPrice_4114,True,2026-09-29T21:29:54,2026-09-29T21:29:54,2026-09-29T21:29:54
4114,健喬,2024-11-25,34.95,0.15000000000000568,0.43%,,,,,,,,,ShowDailyK_ChartFlow,FinMind_API_TaiwanStockPrice_4114,True,2026-09-29T21:29:54,2026-09-29T21:29:54,2026-09-29T21:29:54
4114,健喬,2024-11-26,34.8,-0.15000000000000568,-0.43%,,,,,,,,,ShowDailyK_ChartFlow,FinMind_API_TaiwanStockPrice_4114,True,2026-09-29T21:29:54,2026-09-29T21:29:54,2026-09-29T21:29:54
4114,健喬,2024-11-27,34.4,-0.3999999999999986,-1.15%,,,,,,,,,ShowDailyK_ChartFlow,FinMind_API_TaiwanStockPrice_4114,True,2026-09-29T21:29:54,2026-09-29T21:29:54,2026-09-29T21:29:54
4114,健喬,2024-11-28,34.05,-0.3500000000000014,-1.02%,,,,,,,,,ShowDailyK_ChartFlow,FinMind_API_TaiwanStockPrice_4114,True,2026-09-29T21:29:54,2026-09-29T21:29:54,2026-09-29T21:29:54
4114,健喬,2024-11-29,34.3,0.25,0.73%,,,,,,,,,ShowDailyK_ChartFlow,FinMind_API_TaiwanStockPrice_4114,True,2026-09-29T21:29:54,2026-09-29T21:29:54,2026-09-29T21:29:54
4114,健喬,2024-12-02,34.1,-0.19999999999999574,-0.58%,,,,,,,,,ShowDailyK_ChartFlow,FinMind_API_TaiwanStockPrice_4114,True,2026-09-29T21:29:54,2026-09-29T21:29:54,2026-09-29T21:29:54
4114,健喬,2024-12-03,34.25,0.14999999999999858,0.44%,,,,,,,,,ShowDailyK_ChartFlow,FinMind_API_TaiwanStockPrice_4114,True,2026-09-29T21:29:54,2026-09-29T21:29:54,2026-09-29T21:29:54
4114,健喬,2024-12-04,34.25,0.0,0.00%,,,,,,,,,ShowDailyK_ChartFlow,FinMind_API_TaiwanStockPrice_4114,True,2026-09-29T21:29:54,2026-09-29T21:29:54,2026-09-29T21:29:54
4114,健喬,2024-12-05,34.1,-0.14999999999999858,-0.44%,,,,,,,,,ShowDailyK_ChartFlow,FinMind_API_TaiwanStockPrice_4114,True,2026-09-29T21:29:54,2026-09-29T21:29:54,2026-09-29T21:29:54
4114,健喬,2024-12-06,34.1,0.0,0.00%,,,,,,,,,ShowDailyK_ChartFlow,FinMind_API_TaiwanStockPrice_4114,True,2026-09-29T21:29:54,2026-09-29T21:29:54,2026-09-29T21:29:54
4114,健喬,2024-12-09,33.95,-0.14999999999999858,-0.44%,,,,,,,,,ShowDailyK_ChartFlow,FinMind_API_TaiwanStockPrice_4114,True,2026-09-29T21:29:54,2026-09-29T21:29:54,2026-09-29T21:29:54
4114,健喬,2024-12-10,33.7,-0.25,-0.74%,,,,,,,,,ShowDailyK_ChartFlow,FinMind_API_TaiwanStockPrice_4114,True,2026-09-29T21:29:54,2026-09-29T21:29:54,2026-09-29T21:29:54
4114,健喬,2024-12-11,33.6,-0.10000000000000142,-0.30%,,,,,,,,,ShowDailyK_ChartFlow,FinMind_API_TaiwanStockPrice_4114,True,2026-09-29T21:29:54,2026-09-29T21:29:54,2026-09-29T21:29:54
4114,健喬,2024-12-12,33.5,-0.10000000000000142,-0.30%,,,,,,,,,ShowDailyK_ChartFlow,FinMind_API_TaiwanStockPrice_4114,True,2026-09-29T21:29:54,2026-09-29T21:29:54,2026-09-29T21:29:54
4114,健喬,2024-12-13,33.0,-0.5,-1.49%,,,,,,,,,ShowDailyK_ChartFlow,FinMind_API_TaiwanStockPrice_4114,True,2026-09-29T21:29:54,2026-09-29T21:29:54,2026-09-29T21:29:54
4114,健喬,2024-12-16,32.25,-0.75,-2.27%,,,,,,,,,ShowDailyK_ChartFlow,FinMind_API_TaiwanStockPrice_4114,True,2026-09-29T21:29:54,2026-09-29T21:29:54,2026-09-29T21:29:54
4114,健喬,2024-12-17,32.55,0.29999999999999716,0.93%,,,,,,,,,ShowDailyK_ChartFlow,FinMind_API_TaiwanStockPrice_4114,True,2026-09-29T21:29:54,2026-09-29T21:29:54,2026-09-29T21:29:54
4114,健喬,2024-12-18,33.45,0.9000000000000057,2.76%,,,,,,,,,ShowDailyK_ChartFlow,FinMind_API_TaiwanStockPrice_4114,True,2026-09-29T21:29:54,2026-09-29T21:29:54,2026-09-29T21:29:54
4114,健喬,2024-12-19,33.45,0.0,0.00%,,,,,,,,,ShowDailyK_ChartFlow,FinMind_API_TaiwanStockPrice_4114,True,2026-09-29T21:29:54,2026-09-29T21:29:54,2026-09-29T21:29:54
4114,健喬,2024-12-20,33.3,-0.15000000000000568,-0.45%,,,,,,,,,ShowDailyK_ChartFlow,FinMind_API_TaiwanStockPrice_4114,True,2026-09-29T21:29:54,2026-09-29T21:29:54,2026-09-29T21:29:54
4114,健喬,2024-12-23,33.6,0.30000000000000426,0.90%,,,,,,,,,ShowDailyK_ChartFlow,FinMind_API_TaiwanStockPrice_4114,True,2026-09-29T21:29:54,2026-09-29T21:29:54,2026-09-29T21:29:54
4114,健喬,2024-12-24,33.75,0.14999999999999858,0.45%,,,,,,,,,ShowDailyK_ChartFlow,FinMind_API_TaiwanStockPrice_4114,True,2026-09-29T21:29:54,2026-09-29T21:29:54,2026-09-29T21:29:54
4114,健喬,2024-12-25,33.7,-0.04999999999999716,-0.15%,,,,,,,,,ShowDailyK_ChartFlow,FinMind_API_TaiwanStockPrice_4114,True,2026-09-29T21:29:54,2026-09-29T21:29:54,2026-09-29T21:29:54
4114,健喬,2024-12-26,35.05,1.3499999999999943,4.01%,,,,,,,,,ShowDailyK_ChartFlow,FinMind_API_TaiwanStockPrice_4114,True,2026-09-29T21:29:54,2026-09-29T21:29:54,2026-09-29T21:29:54
4114,健喬,2024-12-27,34.7,-0.3499999999999943,-1.00%,,,,,,,,,ShowDailyK_ChartFlow,FinMind_API_TaiwanStockPrice_4114,True,2026-09-29T21:29:54,2026-09-29T21:29:54,2026-09-29T21:29:54
4114,健喬,2024-12-30,34.5,-0.20000000000000284,-0.58%,,,,,,,,,ShowDailyK_ChartFlow,FinMind_API_TaiwanStockPrice_4114,True,2026-09-29T21:29:54,2026-09-29T21:29:54,2026-09-29T21:29:54
4114,健喬,2024-12-31,34.5,0.0,0.00%,,,,,,,,,ShowDailyK_ChartFlow,FinMind_API_TaiwanStockPrice_4114,True,2026-09-29T21:29:54,2026-09-29T21:29:54,2026-09-29T21:29:54
4114,健喬,2025-01-02,34.25,-0.25,-0.72%,,,,,,,,,ShowDailyK_ChartFlow,FinMind_API_TaiwanStockPrice_4114,True,2026-09-29T21:29:54,2026-09-29T21:29:54,2026-09-29T21:29:54
4114,健喬,2025-01-03,34.1,-0.14999999999999858,-0.44%,,,,,,,,,ShowDailyK_ChartFlow,FinMind_API_TaiwanStockPrice_4114,True,2026-09-29T21:29:54,2026-09-29T21:29:54,2026-09-29T21:29:54
4114,健喬,2025-01-06,34.3,0.19999999999999574,0.59%,,,,,,,,,ShowDailyK_ChartFlow,FinMind_API_TaiwanStockPrice_4114,True,2026-09-29T21:29:54,2026-09-29T21:29:54,2026-09-29T21:29:54
4114,健喬,2025-01-07,34.05,-0.25,-0.73%,,,,,,,,,ShowDailyK_ChartFlow,FinMind_API_TaiwanStockPrice_4114,True,2026-09-29T21:29:54,2026-09-29T21:29:54,2026-09-29T21:29:54
4114,健喬,2025-01-08,34.45,0.4000000000000057,1.17%,,,,,,,,,ShowDailyK_ChartFlow,FinMind_API_TaiwanStockPrice_4114,True,2026-09-29T21:29:54,2026-09-29T21:29:54,2026-09-29T21:29:54
4114,健喬,2025-01-09,34.9,0.44999999999999574,1.31%,,,,,,,,,ShowDailyK_ChartFlow,FinMind_API_TaiwanStockPrice_4114,True,2026-09-29T21:29:54,2026-09-29T21:29:54,2026-09-29T21:29:54
4114,健喬,2025-01-10,34.4,-0.5,-1.43%,,,,,,,,,ShowDailyK_ChartFlow,FinMind_API_TaiwanStockPrice_4114,True,2026-09-29T21:29:54,2026-09-29T21:29:54,2026-09-29T21:29:54
4114,健喬,2025-01-13,33.8,-0.6000000000000014,-1.74%,,,,,,,,,ShowDailyK_ChartFlow,FinMind_API_TaiwanStockPrice_4114,True,2026-09-29T21:29:54,2026-09-29T21:29:54,2026-09-29T21:29:54
4114,健喬,2025-01-14,33.9,0.10000000000000142,0.30%,,,,,,,,,ShowDailyK_ChartFlow,FinMind_API_TaiwanStockPrice_4114,True,2026-09-29T21:29:54,2026-09-29T21:29:54,2026-09-29T21:29:54
4114,健喬,2025-01-15,33.2,-0.6999999999999957,-2.06%,,,,,,,,,ShowDailyK_ChartFlow,FinMind_API_TaiwanStockPrice_4114,True,2026-09-29T21:29:54,2026-09-29T21:29:54,2026-09-29T21:29:54
4114,健喬,2025-01-16,33.2,0.0,0.00%,,,,,,,,,ShowDailyK_ChartFlow,FinMind_API_TaiwanStockPrice_4114,True,2026-09-29T21:29:54,2026-09-29T21:29:54,2026-09-29T21:29:54
4114,健喬,2025-01-17,33.3,0.09999999999999432,0.30%,,,,,,,,,ShowDailyK_ChartFlow,FinMind_API_TaiwanStockPrice_4114,True,2026-09-29T21:29:54,2026-09-29T21:29:54,2026-09-29T21:29:54
4114,健喬,2025-01-20,33.05,-0.25,-0.75%,,,,,,,,,ShowDailyK_ChartFlow,FinMind_API_TaiwanStockPrice_4114,True,2026-09-29T21:29:54,2026-09-29T21:29:54,2026-09-29T21:29:54
4114,健喬,2025-01-21,33.0,-0.04999999999999716,-0.15%,,,,,,,,,ShowDailyK_ChartFlow,FinMind_API_TaiwanStockPrice_4114,True,2026-09-29T21:29:54,2026-09-29T21:29:54,2026-09-29T21:29:54
4114,健喬,2025-01-22,33.4,0.3999999999999986,1.21%,,,,,,,,,ShowDailyK_ChartFlow,FinMind_API_TaiwanStockPrice_4114,True,2026-09-29T21:29:54,2026-09-29T21:29:54,2026-09-29T21:29:54
4114,健喬,2025-02-03,33.45,0.05000000000000426,0.15%,,,,,,,,,ShowDailyK_ChartFlow,FinMind_API_TaiwanStockPrice_4114,True,2026-09-29T21:29:54,2026-09-29T21:29:54,2026-09-29T21:29:54
4114,健喬,2025-02-04,33.55,0.09999999999999432,0.30%,,,,,,,,,ShowDailyK_ChartFlow,FinMind_API_TaiwanStockPrice_4114,True,2026-09-29T21:29:54,2026-09-29T21:29:54,2026-09-29T21:29:54
4114,健喬,2025-02-05,33.55,0.0,0.00%,,,,,,,,,ShowDailyK_ChartFlow,FinMind_API_TaiwanStockPrice_4114,True,2026-09-29T21:29:54,2026-09-29T21:29:54,2026-09-29T21:29:54
4114,健喬,2025-02-06,34.3,0.75,2.24%,,,,,,,,,ShowDailyK_ChartFlow,FinMind_API_TaiwanStockPrice_4114,True,2026-09-29T21:29:54,2026-09-29T21:29:54,2026-09-29T21:29:54
4114,健喬,2025-02-07,33.95,-0.3499999999999943,-1.02%,,,,,,,,,ShowDailyK_ChartFlow,FinMind_API_TaiwanStockPrice_4114,True,2026-09-29T21:29:54,2026-09-29T21:29:54,2026-09-29T21:29:54
4114,健喬,2025-02-10,33.75,-0.20000000000000284,-0.59%,,,,,,,,,ShowDailyK_ChartFlow,FinMind_API_TaiwanStockPrice_4114,True,2026-09-29T21:29:54,2026-09-29T21:29:54,2026-09-29T21:29:54
4114,健喬,2025-02-11,33.6,-0.14999999999999858,-0.44%,,,,,,,,,ShowDailyK_ChartFlow,FinMind_API_TaiwanStockPrice_4114,True,2026-09-29T21:29:54,2026-09-29T21:29:54,2026-09-29T21:29:54
4114,健喬,2025-02-12,33.35,-0.25,-0.74%,,,,,,,,,ShowDailyK_ChartFlow,FinMind_API_TaiwanStockPrice_4114,True,2026-09-29T21:29:54,2026-09-29T21:29:54,2026-09-29T21:29:54
4114,健喬,2025-02-13,33.3,-0.05000000000000426,-0.15%,,,,,,,,,ShowDailyK_ChartFlow,FinMind_API_TaiwanStockPrice_4114,True,2026-09-29T21:29:54,2026-09-29T21:29:54,2026-09-29T21:29:54
4114,健喬,2025-02-14,33.35,0.05000000000000426,0.15%,,,,,,,,,ShowDailyK_ChartFlow,FinMind_API_TaiwanStockPrice_4114,True,2026-09-29T21:29:54,2026-09-29T21:29:54,2026-09-29T21:29:54
4114,健喬,2025-02-17,33.2,-0.14999999999999858,-0.45%,,,,,,,,,ShowDailyK_ChartFlow,FinMind_API_TaiwanStockPrice_4114,True,2026-09-29T21:29:54,2026-09-29T21:29:54,2026-09-29T21:29:54
4114,健喬,2025-02-18,33.15,-0.05000000000000426,-0.15%,,,,,,,,,ShowDailyK_ChartFlow,FinMind_API_TaiwanStockPrice_4114,True,2026-09-29T21:29:54,2026-09-29T21:29:54,2026-09-29T21:29:54
4114,健喬,2025-02-19,33.05,-0.10000000000000142,-0.30%,,,,,,,,,ShowDailyK_ChartFlow,FinMind_API_TaiwanStockPrice_4114,True,2026-09-29T21:29:54,2026-09-29T21:29:54,2026-09-29T21:29:54
4114,健喬,2025-02-20,32.9,-0.14999999999999858,-0.45%,,,,,,,,,ShowDailyK_ChartFlow,FinMind_API_TaiwanStockPrice_4114,True,2026-09-29T21:29:54,2026-09-29T21:29:54,2026-09-29T21:29:54
4114,健喬,2025-02-21,32.9,0.0,0.00%,,,,,,,,,ShowDailyK_ChartFlow,FinMind_API_TaiwanStockPrice_4114,True,2026-09-29T21:29:54,2026-09-29T21:29:54,2026-09-29T21:29:54
4114,健喬,2025-02-24,32.85,-0.04999999999999716,-0.15%,,,,,,,,,ShowDailyK_ChartFlow,FinMind_API_TaiwanStockPrice_4114,True,2026-09-29T21:29:54,2026-09-29T21:29:54,2026-09-29T21:29:54
4114,健喬,2025-02-25,33.45,0.6000000000000014,1.83%,,,,,,,,,ShowDailyK_ChartFlow,FinMind_API_TaiwanStockPrice_4114,True,2026-09-29T21:29:54,2026-09-29T21:29:54,2026-09-29T21:29:54
4114,健喬,2025-02-26,33.15,-0.30000000000000426,-0.90%,,,,,,,,,ShowDailyK_ChartFlow,FinMind_API_TaiwanStockPrice_4114,True,2026-09-29T21:29:54,2026-09-29T21:29:54,2026-09-29T21:29:54
4114,健喬,2025-02-27,32.7,-0.44999999999999574,-1.36%,,,,,,,,,ShowDailyK_ChartFlow,FinMind_API_TaiwanStockPrice_4114,True,2026-09-29T21:29:54,2026-09-29T21:29:54,2026-09-29T21:29:54
4114,健喬,2025-03-03,32.75,0.04999999999999716,0.15%,,,,,,,,,ShowDailyK_ChartFlow,FinMind_API_TaiwanStockPrice_4114,True,2026-09-29T21:29:54,2026-09-29T21:29:54,2026-09-29T21:29:54
4114,健喬,2025-03-04,32.55,-0.20000000000000284,-0.61%,,,,,,,,,ShowDailyK_ChartFlow,FinMind_API_TaiwanStockPrice_4114,True,2026-09-29T21:29:54,2026-09-29T21:29:54,2026-09-29T21:29:54
4114,健喬,2025-03-05,33.2,0.6500000000000057,2.00%,,,,,,,,,ShowDailyK_ChartFlow,FinMind_API_TaiwanStockPrice_4114,True,2026-09-29T21:29:54,2026-09-29T21:29:54,2026-09-29T21:29:54
4114,健喬,2025-03-06,33.25,0.04999999999999716,0.15%,,,,,,,,,ShowDailyK_ChartFlow,FinMind_API_TaiwanStockPrice_4114,True,2026-09-29T21:29:54,2026-09-29T21:29:54,2026-09-29T21:29:54
4114,健喬,2025-03-07,33.05,-0.20000000000000284,-0.60%,,,,,,,,,ShowDailyK_ChartFlow,FinMind_API_TaiwanStockPrice_4114,True,2026-09-29T21:29:54,2026-09-29T21:29:54,2026-09-29T21:29:54
4114,健喬,2025-03-10,33.05,0.0,0.00%,,,,,,,,,ShowDailyK_ChartFlow,FinMind_API_TaiwanStockPrice_4114,True,2026-09-29T21:29:54,2026-09-29T21:29:54,2026-09-29T21:29:54
4114,健喬,2025-03-11,33.25,0.20000000000000284,0.61%,,,,,,,,,ShowDailyK_ChartFlow,FinMind_API_TaiwanStockPrice_4114,True,2026-09-29T21:29:54,2026-09-29T21:29:54,2026-09-29T21:29:54
4114,健喬,2025-03-12,33.2,-0.04999999999999716,-0.15%,,,,,,,,,ShowDailyK_ChartFlow,FinMind_API_TaiwanStockPrice_4114,True,2026-09-29T21:29:54,2026-09-29T21:29:54,2026-09-29T21:29:54
4114,健喬,2025-03-13,33.5,0.29999999999999716,0.90%,,,,,,,,,ShowDailyK_ChartFlow,FinMind_API_TaiwanStockPrice_4114,True,2026-09-29T21:29:54,2026-09-29T21:29:54,2026-09-29T21:29:54
4114,健喬,2025-03-14,34.0,0.5,1.49%,,,,,,,,,ShowDailyK_ChartFlow,FinMind_API_TaiwanStockPrice_4114,True,2026-09-29T21:29:54,2026-09-29T21:29:54,2026-09-29T21:29:54
4114,健喬,2025-03-17,34.3,0.29999999999999716,0.88%,,,,,,,,,ShowDailyK_ChartFlow,FinMind_API_TaiwanStockPrice_4114,True,2026-09-29T21:29:54,2026-09-29T21:29:54,2026-09-29T21:29:54
4114,健喬,2025-03-18,34.15,-0.14999999999999858,-0.44%,,,,,,,,,ShowDailyK_ChartFlow,FinMind_API_TaiwanStockPrice_4114,True,2026-09-29T21:29:54,2026-09-29T21:29:54,2026-09-29T21:29:54
4114,健喬,2025-03-19,33.9,-0.25,-0.73%,,,,,,,,,ShowDailyK_ChartFlow,FinMind_API_TaiwanStockPrice_4114,True,2026-09-29T21:29:54,2026-09-29T21:29:54,2026-09-29T21:29:54
4114,健喬,2025-03-20,33.9,0.0,0.00%,,,,,,,,,ShowDailyK_ChartFlow,FinMind_API_TaiwanStockPrice_4114,True,2026-09-29T21:29:54,2026-09-29T21:29:54,2026-09-29T21:29:54
4114,健喬,2025-03-21,34.45,0.5500000000000043,1.62%,,,,,,,,,ShowDailyK_ChartFlow,FinMind_API_TaiwanStockPrice_4114,True,2026-09-29T21:29:54,2026-09-29T21:29:54,2026-09-29T21:29:54
4114,健喬,2025-03-24,34.15,-0.30000000000000426,-0.87%,,,,,,,,,ShowDailyK_ChartFlow,FinMind_API_TaiwanStockPrice_4114,True,2026-09-29T21:29:54,2026-09-29T21:29:54,2026-09-29T21:29:54
4114,健喬,2025-03-25,34.1,-0.04999999999999716,-0.15%,,,,,,,,,ShowDailyK_ChartFlow,FinMind_API_TaiwanStockPrice_4114,True,2026-09-29T21:29:54,2026-09-29T21:29:54,2026-09-29T21:29:54
4114,健喬,2025-03-26,34.25,0.14999999999999858,0.44%,,,,,,,,,ShowDailyK_ChartFlow,FinMind_API_TaiwanStockPrice_4114,True,2026-09-29T21:29:54,2026-09-29T21:29:54,2026-09-29T21:29:54
4114,健喬,2025-03-27,34.1,-0.14999999999999858,-0.44%,,,,,,,,,ShowDailyK_ChartFlow,FinMind_API_TaiwanStockPrice_4114,True,2026-09-29T21:29:54,2026-09-29T21:29:54,2026-09-29T21:29:54
4114,健喬,2025-03-28,34.2,0.10000000000000142,0.29%,,,,,,,,,ShowDailyK_ChartFlow,FinMind_API_TaiwanStockPrice_4114,True,2026-09-29T21:29:54,2026-09-29T21:29:54,2026-09-29T21:29:54
4114,健喬,2025-03-31,33.35,-0.8500000000000014,-2.49%,,,,,,,,,ShowDailyK_ChartFlow,FinMind_API_TaiwanStockPrice_4114,True,2026-09-29T21:29:54,2026-09-29T21:29:54,2026-09-29T21:29:54
4114,健喬,2025-04-01,33.9,0.5499999999999972,1.65%,,,,,,,,,ShowDailyK_ChartFlow,FinMind_API_TaiwanStockPrice_4114,True,2026-09-29T21:29:54,2026-09-29T21:29:54,2026-09-29T21:29:54
4114,健喬,2025-04-02,33.95,0.05000000000000426,0.15%,,,,,,,,,ShowDailyK_ChartFlow,FinMind_API_TaiwanStockPrice_4114,True,2026-09-29T21:29:54,2026-09-29T21:29:54,2026-09-29T21:29:54
4114,健喬,2025-04-07,30.6,-3.3500000000000014,-9.87%,,,,,,,,,ShowDailyK_ChartFlow,FinMind_API_TaiwanStockPrice_4114,True,2026-09-29T21:29:54,2026-09-29T21:29:54,2026-09-29T21:29:54
4114,健喬,2025-04-08,30.7,0.09999999999999787,0.33%,,,,,,,,,ShowDailyK_ChartFlow,FinMind_API_TaiwanStockPrice_4114,True,2026-09-29T21:29:54,2026-09-29T21:29:54,2026-09-29T21:29:54
4114,健喬,2025-04-09,29.1,-1.5999999999999979,-5.21%,,,,,,,,,ShowDailyK_ChartFlow,FinMind_API_TaiwanStockPrice_4114,True,2026-09-29T21:29:54,2026-09-29T21:29:54,2026-09-29T21:29:54
4114,健喬,2025-04-10,32.0,2.8999999999999986,9.97%,,,,,,,,,ShowDailyK_ChartFlow,FinMind_API_TaiwanStockPrice_4114,True,2026-09-29T21:29:54,2026-09-29T21:29:54,2026-09-29T21:29:54
4114,健喬,2025-04-11,31.5,-0.5,-1.56%,,,,,,,,,ShowDailyK_ChartFlow,FinMind_API_TaiwanStockPrice_4114,True,2026-09-29T21:29:54,2026-09-29T21:29:54,2026-09-29T21:29:54
4114,健喬,2025-04-14,31.05,-0.4499999999999993,-1.43%,,,,,,,,,ShowDailyK_ChartFlow,FinMind_API_TaiwanStockPrice_4114,True,2026-09-29T21:29:54,2026-09-29T21:29:54,2026-09-29T21:29:54
4114,健喬,2025-04-15,31.45,0.3999999999999986,1.29%,,,,,,,,,ShowDailyK_ChartFlow,FinMind_API_TaiwanStockPrice_4114,True,2026-09-29T21:29:54,2026-09-29T21:29:54,2026-09-29T21:29:54
4114,健喬,2025-04-16,31.2,-0.25,-0.79%,,,,,,,,,ShowDailyK_ChartFlow,FinMind_API_TaiwanStockPrice_4114,True,2026-09-29T21:29:54,2026-09-29T21:29:54,2026-09-29T21:29:54
4114,健喬,2025-04-17,31.15,-0.05000000000000071,-0.16%,,,,,,,,,ShowDailyK_ChartFlow,FinMind_API_TaiwanStockPrice_4114,True,2026-09-29T21:29:54,2026-09-29T21:29:54,2026-09-29T21:29:54
4114,健喬,2025-04-18,31.25,0.10000000000000142,0.32%,,,,,,,,,ShowDailyK_ChartFlow,FinMind_API_TaiwanStockPrice_4114,True,2026-09-29T21:29:54,2026-09-29T21:29:54,2026-09-29T21:29:54
4114,健喬,2025-04-21,30.75,-0.5,-1.60%,,,,,,,,,ShowDailyK_ChartFlow,FinMind_API_TaiwanStockPrice_4114,True,2026-09-29T21:29:54,2026-09-29T21:29:54,2026-09-29T21:29:54
4114,健喬,2025-04-22,30.7,-0.05000000000000071,-0.16%,,,,,,,,,ShowDailyK_ChartFlow,FinMind_API_TaiwanStockPrice_4114,True,2026-09-29T21:29:54,2026-09-29T21:29:54,2026-09-29T21:29:54
4114,健喬,2025-04-23,31.25,0.5500000000000007,1.79%,,,,,,,,,ShowDailyK_ChartFlow,FinMind_API_TaiwanStockPrice_4114,True,2026-09-29T21:29:54,2026-09-29T21:29:54,2026-09-29T21:29:54
4114,健喬,2025-04-24,31.25,0.0,0.00%,,,,,,,,,ShowDailyK_ChartFlow,FinMind_API_TaiwanStockPrice_4114,True,2026-09-29T21:29:54,2026-09-29T21:29:54,2026-09-29T21:29:54
4114,健喬,2025-04-25,31.65,0.3999999999999986,1.28%,,,,,,,,,ShowDailyK_ChartFlow,FinMind_API_TaiwanStockPrice_4114,True,2026-09-29T21:29:54,2026-09-29T21:29:54,2026-09-29T21:29:54
4114,健喬,2025-04-28,32.0,0.3500000000000014,1.11%,,,,,,,,,ShowDailyK_ChartFlow,FinMind_API_TaiwanStockPrice_4114,True,2026-09-29T21:29:54,2026-09-29T21:29:54,2026-09-29T21:29:54
4114,健喬,2025-04-29,32.3,0.29999999999999716,0.94%,,,,,,,,,ShowDailyK_ChartFlow,FinMind_API_TaiwanStockPrice_4114,True,2026-09-29T21:29:54,2026-09-29T21:29:54,2026-09-29T21:29:54
4114,健喬,2025-04-30,32.25,-0.04999999999999716,-0.15%,,,,,,,,,ShowDailyK_ChartFlow,FinMind_API_TaiwanStockPrice_4114,True,2026-09-29T21:29:54,2026-09-29T21:29:54,2026-09-29T21:29:54
4114,健喬,2025-05-02,32.5,0.25,0.78%,,,,,,,,,ShowDailyK_ChartFlow,FinMind_API_TaiwanStockPrice_4114,True,2026-09-29T21:29:54,2026-09-29T21:29:54,2026-09-29T21:29:54
4114,健喬,2025-05-05,32.2,-0.29999999999999716,-0.92%,,,,,,,,,ShowDailyK_ChartFlow,FinMind_API_TaiwanStockPrice_4114,True,2026-09-29T21:29:54,2026-09-29T21:29:54,2026-09-29T21:29:54
4114,健喬,2025-05-06,32.25,0.04999999999999716,0.16%,,,,,,,,,ShowDailyK_ChartFlow,FinMind_API_TaiwanStockPrice_4114,True,2026-09-29T21:29:54,2026-09-29T21:29:54,2026-09-29T21:29:54
4114,健喬,2025-05-07,32.2,-0.04999999999999716,-0.16%,,,,,,,,,ShowDailyK_ChartFlow,FinMind_API_TaiwanStockPrice_4114,True,2026-09-29T21:29:54,2026-09-29T21:29:54,2026-09-29T21:29:54
4114,健喬,2025-05-08,32.5,0.29999999999999716,0.93%,,,,,,,,,ShowDailyK_ChartFlow,FinMind_API_TaiwanStockPrice_4114,True,2026-09-29T21:29:54,2026-09-29T21:29:54,2026-09-29T21:29:54
4114,健喬,2025-05-09,32.7,0.20000000000000284,0.62%,,,,,,,,,ShowDailyK_ChartFlow,FinMind_API_TaiwanStockPrice_4114,True,2026-09-29T21:29:54,2026-09-29T21:29:54,2026-09-29T21:29:54
4114,健喬,2025-05-12,32.95,0.25,0.76%,,,,,,,,,ShowDailyK_ChartFlow,FinMind_API_TaiwanStockPrice_4114,True,2026-09-29T21:29:54,2026-09-29T21:29:54,2026-09-29T21:29:54
4114,健喬,2025-05-13,32.95,0.0,0.00%,,,,,,,,,ShowDailyK_ChartFlow,FinMind_API_TaiwanStockPrice_4114,True,2026-09-29T21:29:54,2026-09-29T21:29:54,2026-09-29T21:29:54
4114,健喬,2025-05-14,32.9,-0.05000000000000426,-0.15%,,,,,,,,,ShowDailyK_ChartFlow,FinMind_API_TaiwanStockPrice_4114,True,2026-09-29T21:29:54,2026-09-29T21:29:54,2026-09-29T21:29:54
4114,健喬,2025-05-15,32.95,0.05000000000000426,0.15%,,,,,,,,,ShowDailyK_ChartFlow,FinMind_API_TaiwanStockPrice_4114,True,2026-09-29T21:29:54,2026-09-29T21:29:54,2026-09-29T21:29:54
4114,健喬,2025-05-16,33.55,0.5999999999999943,1.82%,,,,,,,,,ShowDailyK_ChartFlow,FinMind_API_TaiwanStockPrice_4114,True,2026-09-29T21:29:54,2026-09-29T21:29:54,2026-09-29T21:29:54
4114,健喬,2025-05-19,34.05,0.5,1.49%,,,,,,,,,ShowDailyK_ChartFlow,FinMind_API_TaiwanStockPrice_4114,True,2026-09-29T21:29:54,2026-09-29T21:29:54,2026-09-29T21:29:54
4114,健喬,2025-05-20,34.2,0.15000000000000568,0.44%,,,,,,,,,ShowDailyK_ChartFlow,FinMind_API_TaiwanStockPrice_4114,True,2026-09-29T21:29:54,2026-09-29T21:29:54,2026-09-29T21:29:54
4114,健喬,2025-05-21,34.1,-0.10000000000000142,-0.29%,,,,,,,,,ShowDailyK_ChartFlow,FinMind_API_TaiwanStockPrice_4114,True,2026-09-29T21:29:54,2026-09-29T21:29:54,2026-09-29T21:29:54
4114,健喬,2025-05-22,34.0,-0.10000000000000142,-0.29%,,,,,,,,,ShowDailyK_ChartFlow,FinMind_API_TaiwanStockPrice_4114,True,2026-09-29T21:29:54,2026-09-29T21:29:54,2026-09-29T21:29:54
4114,健喬,2025-05-23,34.0,0.0,0.00%,,,,,,,,,ShowDailyK_ChartFlow,FinMind_API_TaiwanStockPrice_4114,True,2026-09-29T21:29:54,2026-09-29T21:29:54,2026-09-29T21:29:54
4114,健喬,2025-05-26,34.1,0.10000000000000142,0.29%,,,,,,,,,ShowDailyK_ChartFlow,FinMind_API_TaiwanStockPrice_4114,True,2026-09-29T21:29:54,2026-09-29T21:29:54,2026-09-29T21:29:54
4114,健喬,2025-05-27,34.05,-0.05000000000000426,-0.15%,,,,,,,,,ShowDailyK_ChartFlow,FinMind_API_TaiwanStockPrice_4114,True,2026-09-29T21:29:54,2026-09-29T21:29:54,2026-09-29T21:29:54
4114,健喬,2025-05-28,34.2,0.15000000000000568,0.44%,,,,,,,,,ShowDailyK_ChartFlow,FinMind_API_TaiwanStockPrice_4114,True,2026-09-29T21:29:54,2026-09-29T21:29:54,2026-09-29T21:29:54
4114,健喬,2025-05-29,34.15,-0.05000000000000426,-0.15%,,,,,,,,,ShowDailyK_ChartFlow,FinMind_API_TaiwanStockPrice_4114,True,2026-09-29T21:29:54,2026-09-29T21:29:54,2026-09-29T21:29:54
4114,健喬,2025-06-02,34.25,0.10000000000000142,0.29%,,,,,,,,,ShowDailyK_ChartFlow,FinMind_API_TaiwanStockPrice_4114,True,2026-09-29T21:29:54,2026-09-29T21:29:54,2026-09-29T21:29:54
4114,健喬,2025-06-03,34.25,0.0,0.00%,,,,,,,,,ShowDailyK_ChartFlow,FinMind_API_TaiwanStockPrice_4114,True,2026-09-29T21:29:54,2026-09-29T21:29:54,2026-09-29T21:29:54
4114,健喬,2025-06-04,34.25,0.0,0.00%,,,,,,,,,ShowDailyK_ChartFlow,FinMind_API_TaiwanStockPrice_4114,True,2026-09-29T21:29:54,2026-09-29T21:29:54,2026-09-29T21:29:54
4114,健喬,2025-06-05,34.3,0.04999999999999716,0.15%,,,,,,,,,ShowDailyK_ChartFlow,FinMind_API_TaiwanStockPrice_4114,True,2026-09-29T21:29:54,2026-09-29T21:29:54,2026-09-29T21:29:54
4114,健喬,2025-06-06,34.6,0.30000000000000426,0.87%,,,,,,,,,ShowDailyK_ChartFlow,FinMind_API_TaiwanStockPrice_4114,True,2026-09-29T21:29:54,2026-09-29T21:29:54,2026-09-29T21:29:54
4114,健喬,2025-06-09,35.4,0.7999999999999972,2.31%,,,,,,,,,ShowDailyK_ChartFlow,FinMind_API_TaiwanStockPrice_4114,True,2026-09-29T21:29:54,2026-09-29T21:29:54,2026-09-29T21:29:54
4114,健喬,2025-06-10,35.4,0.0,0.00%,,,,,,,,,ShowDailyK_ChartFlow,FinMind_API_TaiwanStockPrice_4114,True,2026-09-29T21:29:54,2026-09-29T21:29:54,2026-09-29T21:29:54
4114,健喬,2025-06-11,36.25,0.8500000000000014,2.40%,,,,,,,,,ShowDailyK_ChartFlow,FinMind_API_TaiwanStockPrice_4114,True,2026-09-29T21:29:54,2026-09-29T21:29:54,2026-09-29T21:29:54
4114,健喬,2025-06-12,36.4,0.14999999999999858,0.41%,,,,,,,,,ShowDailyK_ChartFlow,FinMind_API_TaiwanStockPrice_4114,True,2026-09-29T21:29:54,2026-09-29T21:29:54,2026-09-29T21:29:54
4114,健喬,2025-06-13,36.15,-0.25,-0.69%,,,,,,,,,ShowDailyK_ChartFlow,FinMind_API_TaiwanStockPrice_4114,True,2026-09-29T21:29:54,2026-09-29T21:29:54,2026-09-29T21:29:54
4114,健喬,2025-06-16,36.5,0.3500000000000014,0.97%,,,,,,,,,ShowDailyK_ChartFlow,FinMind_API_TaiwanStockPrice_4114,True,2026-09-29T21:29:54,2026-09-29T21:29:54,2026-09-29T21:29:54
4114,健喬,2025-06-17,36.6,0.10000000000000142,0.27%,,,,,,,,,ShowDailyK_ChartFlow,FinMind_API_TaiwanStockPrice_4114,True,2026-09-29T21:29:54,2026-09-29T21:29:54,2026-09-29T21:29:54
4114,健喬,2025-06-18,35.85,-0.75,-2.05%,,,,,,,,,ShowDailyK_ChartFlow,FinMind_API_TaiwanStockPrice_4114,True,2026-09-29T21:29:54,2026-09-29T21:29:54,2026-09-29T21:29:54
4114,健喬,2025-06-19,35.55,-0.30000000000000426,-0.84%,,,,,,,,,ShowDailyK_ChartFlow,FinMind_API_TaiwanStockPrice_4114,True,2026-09-29T21:29:54,2026-09-29T21:29:54,2026-09-29T21:29:54
4114,健喬,2025-06-20,35.7,0.15000000000000568,0.42%,,,,,,,,,ShowDailyK_ChartFlow,FinMind_API_TaiwanStockPrice_4114,True,2026-09-29T21:29:54,2026-09-29T21:29:54,2026-09-29T21:29:54
4114,健喬,2025-06-23,35.55,-0.15000000000000568,-0.42%,,,,,,,,,ShowDailyK_ChartFlow,FinMind_API_TaiwanStockPrice_4114,True,2026-09-29T21:29:54,2026-09-29T21:29:54,2026-09-29T21:29:54
4114,健喬,2025-06-24,36.45,0.9000000000000057,2.53%,,,,,,,,,ShowDailyK_ChartFlow,FinMind_API_TaiwanStockPrice_4114,True,2026-09-29T21:29:54,2026-09-29T21:29:54,2026-09-29T21:29:54
4114,健喬,2025-06-25,36.45,0.0,0.00%,,,,,,,,,ShowDailyK_ChartFlow,FinMind_API_TaiwanStockPrice_4114,True,2026-09-29T21:29:54,2026-09-29T21:29:54,2026-09-29T21:29:54
4114,健喬,2025-06-26,36.4,-0.05000000000000426,-0.14%,,,,,,,,,ShowDailyK_ChartFlow,FinMind_API_TaiwanStockPrice_4114,True,2026-09-29T21:29:54,2026-09-29T21:29:54,2026-09-29T21:29:54
4114,健喬,2025-06-27,36.55,0.14999999999999858,0.41%,,,,,,,,,ShowDailyK_ChartFlow,FinMind_API_TaiwanStockPrice_4114,True,2026-09-29T21:29:54,2026-09-29T21:29:54,2026-09-29T21:29:54
4114,健喬,2025-06-30,36.6,0.05000000000000426,0.14%,,,,,,,,,ShowDailyK_ChartFlow,FinMind_API_TaiwanStockPrice_4114,True,2026-09-29T21:29:54,2026-09-29T21:29:54,2026-09-29T21:29:54
4114,健喬,2025-07-01,36.8,0.19999999999999574,0.55%,,,,,,,,,ShowDailyK_ChartFlow,FinMind_API_TaiwanStockPrice_4114,True,2026-09-29T21:29:54,2026-09-29T21:29:54,2026-09-29T21:29:54
4114,健喬,2025-07-02,36.75,-0.04999999999999716,-0.14%,,,,,,,,,ShowDailyK_ChartFlow,FinMind_API_TaiwanStockPrice_4114,True,2026-09-29T21:29:54,2026-09-29T21:29:54,2026-09-29T21:29:54
4114,健喬,2025-07-03,37.15,0.3999999999999986,1.09%,,,,,,,,,ShowDailyK_ChartFlow,FinMind_API_TaiwanStockPrice_4114,True,2026-09-29T21:29:54,2026-09-29T21:29:54,2026-09-29T21:29:54
4114,健喬,2025-07-04,36.9,-0.25,-0.67%,,,,,,,,,ShowDailyK_ChartFlow,FinMind_API_TaiwanStockPrice_4114,True,2026-09-29T21:29:54,2026-09-29T21:29:54,2026-09-29T21:29:54
4114,健喬,2025-07-07,36.35,-0.5499999999999972,-1.49%,,,,,,,,,ShowDailyK_ChartFlow,FinMind_API_TaiwanStockPrice_4114,True,2026-09-29T21:29:54,2026-09-29T21:29:54,2026-09-29T21:29:54
4114,健喬,2025-07-08,35.85,-0.5,-1.38%,,,,,,,,,ShowDailyK_ChartFlow,FinMind_API_TaiwanStockPrice_4114,True,2026-09-29T21:29:54,2026-09-29T21:29:54,2026-09-29T21:29:54
4114,健喬,2025-07-09,36.05,0.19999999999999574,0.56%,,,,,,,,,ShowDailyK_ChartFlow,FinMind_API_TaiwanStockPrice_4114,True,2026-09-29T21:29:54,2026-09-29T21:29:54,2026-09-29T21:29:54
4114,健喬,2025-07-10,36.8,0.75,2.08%,,,,,,,,,ShowDailyK_ChartFlow,FinMind_API_TaiwanStockPrice_4114,True,2026-09-29T21:29:54,2026-09-29T21:29:54,2026-09-29T21:29:54
4114,健喬,2025-07-11,34.1,-2.6999999999999957,-7.34%,,,,,,,,,ShowDailyK_ChartFlow,FinMind_API_TaiwanStockPrice_4114,True,2026-09-29T21:29:54,2026-09-29T21:29:54,2026-09-29T21:29:54
4114,健喬,2025-07-14,34.05,-0.05000000000000426,-0.15%,,,,,,,,,ShowDailyK_ChartFlow,FinMind_API_TaiwanStockPrice_4114,True,2026-09-29T21:29:54,2026-09-29T21:29:54,2026-09-29T21:29:54
4114,健喬,2025-07-15,33.7,-0.3499999999999943,-1.03%,,,,,,,,,ShowDailyK_ChartFlow,FinMind_API_TaiwanStockPrice_4114,True,2026-09-29T21:29:54,2026-09-29T21:29:54,2026-09-29T21:29:54
4114,健喬,2025-07-16,34.05,0.3499999999999943,1.04%,,,,,,,,,ShowDailyK_ChartFlow,FinMind_API_TaiwanStockPrice_4114,True,2026-09-29T21:29:54,2026-09-29T21:29:54,2026-09-29T21:29:54
4114,健喬,2025-07-17,34.45,0.4000000000000057,1.17%,,,,,,,,,ShowDailyK_ChartFlow,FinMind_API_TaiwanStockPrice_4114,True,2026-09-29T21:29:54,2026-09-29T21:29:54,2026-09-29T21:29:54
4114,健喬,2025-07-18,34.05,-0.4000000000000057,-1.16%,,,,,,,,,ShowDailyK_ChartFlow,FinMind_API_TaiwanStockPrice_4114,True,2026-09-29T21:29:54,2026-09-29T21:29:54,2026-09-29T21:29:54
4114,健喬,2025-07-21,35.5,1.4500000000000028,4.26%,,,,,,,,,ShowDailyK_ChartFlow,FinMind_API_TaiwanStockPrice_4114,True,2026-09-29T21:29:54,2026-09-29T21:29:54,2026-09-29T21:29:54
4114,健喬,2025-07-22,35.3,-0.20000000000000284,-0.56%,,,,,,,,,ShowDailyK_ChartFlow,FinMind_API_TaiwanStockPrice_4114,True,2026-09-29T21:29:54,2026-09-29T21:29:54,2026-09-29T21:29:54
4114,健喬,2025-07-23,36.35,1.0500000000000043,2.97%,,,,,,,,,ShowDailyK_ChartFlow,FinMind_API_TaiwanStockPrice_4114,True,2026-09-29T21:29:54,2026-09-29T21:29:54,2026-09-29T21:29:54
4114,健喬,2025-07-24,37.15,0.7999999999999972,2.20%,,,,,,,,,ShowDailyK_ChartFlow,FinMind_API_TaiwanStockPrice_4114,True,2026-09-29T21:29:54,2026-09-29T21:29:54,2026-09-29T21:29:54
4114,健喬,2025-07-25,36.65,-0.5,-1.35%,,,,,,,,,ShowDailyK_ChartFlow,FinMind_API_TaiwanStockPrice_4114,True,2026-09-29T21:29:54,2026-09-29T21:29:54,2026-09-29T21:29:54
4114,健喬,2025-07-28,36.5,-0.14999999999999858,-0.41%,,,,,,,,,ShowDailyK_ChartFlow,FinMind_API_TaiwanStockPrice_4114,True,2026-09-29T21:29:54,2026-09-29T21:29:54,2026-09-29T21:29:54
4114,健喬,2025-07-29,36.55,0.04999999999999716,0.14%,,,,,,,,,ShowDailyK_ChartFlow,FinMind_API_TaiwanStockPrice_4114,True,2026-09-29T21:29:54,2026-09-29T21:29:54,2026-09-29T21:29:54
4114,健喬,2025-07-30,36.95,0.4000000000000057,1.09%,,,,,,,,,ShowDailyK_ChartFlow,FinMind_API_TaiwanStockPrice_4114,True,2026-09-29T21:29:54,2026-09-29T21:29:54,2026-09-29T21:29:54
4114,健喬,2025-07-31,36.95,0.0,0.00%,,,,,,,,,ShowDailyK_ChartFlow,FinMind_API_TaiwanStockPrice_4114,True,2026-09-29T21:29:54,2026-09-29T21:29:54,2026-09-29T21:29:54
4114,健喬,2025-08-01,37.8,0.8499999999999943,2.30%,,,,,,,,,ShowDailyK_ChartFlow,FinMind_API_TaiwanStockPrice_4114,True,2026-09-29T21:29:54,2026-09-29T21:29:54,2026-09-29T21:29:54
4114,健喬,2025-08-04,37.9,0.10000000000000142,0.26%,,,,,,,,,ShowDailyK_ChartFlow,FinMind_API_TaiwanStockPrice_4114,True,2026-09-29T21:29:54,2026-09-29T21:29:54,2026-09-29T21:29:54
4114,健喬,2025-08-05,38.5,0.6000000000000014,1.58%,,,,,,,,,ShowDailyK_ChartFlow,FinMind_API_TaiwanStockPrice_4114,True,2026-09-29T21:29:54,2026-09-29T21:29:54,2026-09-29T21:29:54
4114,健喬,2025-08-06,39.25,0.75,1.95%,,,,,,,,,ShowDailyK_ChartFlow,FinMind_API_TaiwanStockPrice_4114,True,2026-09-29T21:29:54,2026-09-29T21:29:54,2026-09-29T21:29:54
4114,健喬,2025-08-07,38.55,-0.7000000000000028,-1.78%,,,,,,,,,ShowDailyK_ChartFlow,FinMind_API_TaiwanStockPrice_4114,True,2026-09-29T21:29:54,2026-09-29T21:29:54,2026-09-29T21:29:54
4114,健喬,2025-08-08,38.35,-0.19999999999999574,-0.52%,,,,,,,,,ShowDailyK_ChartFlow,FinMind_API_TaiwanStockPrice_4114,True,2026-09-29T21:29:54,2026-09-29T21:29:54,2026-09-29T21:29:54
4114,健喬,2025-08-11,38.9,0.5499999999999972,1.43%,,,,,,,,,ShowDailyK_ChartFlow,FinMind_API_TaiwanStockPrice_4114,True,2026-09-29T21:29:54,2026-09-29T21:29:54,2026-09-29T21:29:54
4114,健喬,2025-08-12,37.5,-1.3999999999999986,-3.60%,,,,,,,,,ShowDailyK_ChartFlow,FinMind_API_TaiwanStockPrice_4114,True,2026-09-29T21:29:54,2026-09-29T21:29:54,2026-09-29T21:29:54
4114,健喬,2025-08-13,36.8,-0.7000000000000028,-1.87%,,,,,,,,,ShowDailyK_ChartFlow,FinMind_API_TaiwanStockPrice_4114,True,2026-09-29T21:29:54,2026-09-29T21:29:54,2026-09-29T21:29:54
4114,健喬,2025-08-14,36.9,0.10000000000000142,0.27%,,,,,,,,,ShowDailyK_ChartFlow,FinMind_API_TaiwanStockPrice_4114,True,2026-09-29T21:29:54,2026-09-29T21:29:54,2026-09-29T21:29:54
4114,健喬,2025-08-15,36.15,-0.75,-2.03%,,,,,,,,,ShowDailyK_ChartFlow,FinMind_API_TaiwanStockPrice_4114,True,2026-09-29T21:29:54,2026-09-29T21:29:54,2026-09-29T21:29:54
4114,健喬,2025-08-18,35.7,-0.44999999999999574,-1.24%,,,,,,,,,ShowDailyK_ChartFlow,FinMind_API_TaiwanStockPrice_4114,True,2026-09-29T21:29:54,2026-09-29T21:29:54,2026-09-29T21:29:54
4114,健喬,2025-08-19,35.8,0.09999999999999432,0.28%,,,,,,,,,ShowDailyK_ChartFlow,FinMind_API_TaiwanStockPrice_4114,True,2026-09-29T21:29:54,2026-09-29T21:29:54,2026-09-29T21:29:54
4114,健喬,2025-08-20,35.4,-0.3999999999999986,-1.12%,,,,,,,,,ShowDailyK_ChartFlow,FinMind_API_TaiwanStockPrice_4114,True,2026-09-29T21:29:54,2026-09-29T21:29:54,2026-09-29T21:29:54
4114,健喬,2025-08-21,35.55,0.14999999999999858,0.42%,,,,,,,,,ShowDailyK_ChartFlow,FinMind_API_TaiwanStockPrice_4114,True,2026-09-29T21:29:54,2026-09-29T21:29:54,2026-09-29T21:29:54
4114,健喬,2025-08-22,35.5,-0.04999999999999716,-0.14%,,,,,,,,,ShowDailyK_ChartFlow,FinMind_API_TaiwanStockPrice_4114,True,2026-09-29T21:29:54,2026-09-29T21:29:54,2026-09-29T21:29:54
4114,健喬,2025-08-25,35.4,-0.10000000000000142,-0.28%,,,,,,,,,ShowDailyK_ChartFlow,FinMind_API_TaiwanStockPrice_4114,True,2026-09-29T21:29:54,2026-09-29T21:29:54,2026-09-29T21:29:54
4114,健喬,2025-08-26,35.35,-0.04999999999999716,-0.14%,,,,,,,,,ShowDailyK_ChartFlow,FinMind_API_TaiwanStockPrice_4114,True,2026-09-29T21:29:54,2026-09-29T21:29:54,2026-09-29T21:29:54
4114,健喬,2025-08-27,35.4,0.04999999999999716,0.14%,,,,,,,,,ShowDailyK_ChartFlow,FinMind_API_TaiwanStockPrice_4114,True,2026-09-29T21:29:54,2026-09-29T21:29:54,2026-09-29T21:29:54
4114,健喬,2025-08-28,35.4,0.0,0.00%,,,,,,,,,ShowDailyK_ChartFlow,FinMind_API_TaiwanStockPrice_4114,True,2026-09-29T21:29:54,2026-09-29T21:29:54,2026-09-29T21:29:54
4114,健喬,2025-08-29,34.75,-0.6499999999999986,-1.84%,,,,,,,,,ShowDailyK_ChartFlow,FinMind_API_TaiwanStockPrice_4114,True,2026-09-29T21:29:54,2026-09-29T21:29:54,2026-09-29T21:29:54
4114,健喬,2025-09-01,34.5,-0.25,-0.72%,,,,,,,,,ShowDailyK_ChartFlow,FinMind_API_TaiwanStockPrice_4114,True,2026-09-29T21:29:54,2026-09-29T21:29:54,2026-09-29T21:29:54
4114,健喬,2025-09-02,34.5,0.0,0.00%,,,,,,,,,ShowDailyK_ChartFlow,FinMind_API_TaiwanStockPrice_4114,True,2026-09-29T21:29:54,2026-09-29T21:29:54,2026-09-29T21:29:54
4114,健喬,2025-09-03,35.05,0.5499999999999972,1.59%,,,,,,,,,ShowDailyK_ChartFlow,FinMind_API_TaiwanStockPrice_4114,True,2026-09-29T21:29:54,2026-09-29T21:29:54,2026-09-29T21:29:54
4114,健喬,2025-09-04,34.8,-0.25,-0.71%,,,,,,,,,ShowDailyK_ChartFlow,FinMind_API_TaiwanStockPrice_4114,True,2026-09-29T21:29:54,2026-09-29T21:29:54,2026-09-29T21:29:54
4114,健喬,2025-09-05,34.85,0.05000000000000426,0.14%,,,,,,,,,ShowDailyK_ChartFlow,FinMind_API_TaiwanStockPrice_4114,True,2026-09-29T21:29:54,2026-09-29T21:29:54,2026-09-29T21:29:54
4114,健喬,2025-09-08,35.15,0.29999999999999716,0.86%,,,,,,,,,ShowDailyK_ChartFlow,FinMind_API_TaiwanStockPrice_4114,True,2026-09-29T21:29:54,2026-09-29T21:29:54,2026-09-29T21:29:54
4114,健喬,2025-09-09,34.85,-0.29999999999999716,-0.85%,,,,,,,,,ShowDailyK_ChartFlow,FinMind_API_TaiwanStockPrice_4114,True,2026-09-29T21:29:54,2026-09-29T21:29:54,2026-09-29T21:29:54
4114,健喬,2025-09-10,34.95,0.10000000000000142,0.29%,,,,,,,,,ShowDailyK_ChartFlow,FinMind_API_TaiwanStockPrice_4114,True,2026-09-29T21:29:54,2026-09-29T21:29:54,2026-09-29T21:29:54
4114,健喬,2025-09-11,35.0,0.04999999999999716,0.14%,,,,,,,,,ShowDailyK_ChartFlow,FinMind_API_TaiwanStockPrice_4114,True,2026-09-29T21:29:54,2026-09-29T21:29:54,2026-09-29T21:29:54
4114,健喬,2025-09-12,36.25,1.25,3.57%,,,,,,,,,ShowDailyK_ChartFlow,FinMind_API_TaiwanStockPrice_4114,True,2026-09-29T21:29:54,2026-09-29T21:29:54,2026-09-29T21:29:54
4114,健喬,2025-09-15,36.55,0.29999999999999716,0.83%,,,,,,,,,ShowDailyK_ChartFlow,FinMind_API_TaiwanStockPrice_4114,True,2026-09-29T21:29:54,2026-09-29T21:29:54,2026-09-29T21:29:54
4114,健喬,2025-09-16,35.3,-1.25,-3.42%,,,,,,,,,ShowDailyK_ChartFlow,FinMind_API_TaiwanStockPrice_4114,True,2026-09-29T21:29:54,2026-09-29T21:29:54,2026-09-29T21:29:54
4114,健喬,2025-09-17,34.95,-0.3499999999999943,-0.99%,,,,,,,,,ShowDailyK_ChartFlow,FinMind_API_TaiwanStockPrice_4114,True,2026-09-29T21:29:54,2026-09-29T21:29:54,2026-09-29T21:29:54
4114,健喬,2025-09-18,35.2,0.25,0.72%,,,,,,,,,ShowDailyK_ChartFlow,FinMind_API_TaiwanStockPrice_4114,True,2026-09-29T21:29:54,2026-09-29T21:29:54,2026-09-29T21:29:54
4114,健喬,2025-09-19,34.9,-0.30000000000000426,-0.85%,,,,,,,,,ShowDailyK_ChartFlow,FinMind_API_TaiwanStockPrice_4114,True,2026-09-29T21:29:54,2026-09-29T21:29:54,2026-09-29T21:29:54
4114,健喬,2025-09-22,34.75,-0.14999999999999858,-0.43%,,,,,,,,,ShowDailyK_ChartFlow,FinMind_API_TaiwanStockPrice_4114,True,2026-09-29T21:29:54,2026-09-29T21:29:54,2026-09-29T21:29:54
4114,健喬,2025-09-23,34.7,-0.04999999999999716,-0.14%,,,,,,,,,ShowDailyK_ChartFlow,FinMind_API_TaiwanStockPrice_4114,True,2026-09-29T21:29:54,2026-09-29T21:29:54,2026-09-29T21:29:54
4114,健喬,2025-09-24,34.65,-0.05000000000000426,-0.14%,,,,,,,,,ShowDailyK_ChartFlow,FinMind_API_TaiwanStockPrice_4114,True,2026-09-29T21:29:54,2026-09-29T21:29:54,2026-09-29T21:29:54
4114,健喬,2025-09-25,34.6,-0.04999999999999716,-0.14%,,,,,,,,,ShowDailyK_ChartFlow,FinMind_API_TaiwanStockPrice_4114,True,2026-09-29T21:29:54,2026-09-29T21:29:54,2026-09-29T21:29:54
4114,健喬,2025-09-26,34.1,-0.5,-1.45%,,,,,,,,,ShowDailyK_ChartFlow,FinMind_API_TaiwanStockPrice_4114,True,2026-09-29T21:29:54,2026-09-29T21:29:54,2026-09-29T21:29:54
4114,健喬,2025-09-30,34.25,0.14999999999999858,0.44%,,,,,,,,,ShowDailyK_ChartFlow,FinMind_API_TaiwanStockPrice_4114,True,2026-09-29T21:29:54,2026-09-29T21:29:54,2026-09-29T21:29:54
4114,健喬,2025-10-01,34.25,0.0,0.00%,,,,,,,,,ShowDailyK_ChartFlow,FinMind_API_TaiwanStockPrice_4114,True,2026-09-29T21:29:54,2026-09-29T21:29:54,2026-09-29T21:29:54
4114,健喬,2025-10-02,34.05,-0.20000000000000284,-0.58%,,,,,,,,,ShowDailyK_ChartFlow,FinMind_API_TaiwanStockPrice_4114,True,2026-09-29T21:29:54,2026-09-29T21:29:54,2026-09-29T21:29:54
4114,健喬,2025-10-03,33.9,-0.14999999999999858,-0.44%,,,,,,,,,ShowDailyK_ChartFlow,FinMind_API_TaiwanStockPrice_4114,True,2026-09-29T21:29:54,2026-09-29T21:29:54,2026-09-29T21:29:54
4114,健喬,2025-10-07,33.7,-0.19999999999999574,-0.59%,,,,,,,,,ShowDailyK_ChartFlow,FinMind_API_TaiwanStockPrice_4114,True,2026-09-29T21:29:54,2026-09-29T21:29:54,2026-09-29T21:29:54
4114,健喬,2025-10-08,34.0,0.29999999999999716,0.89%,,,,,,,,,ShowDailyK_ChartFlow,FinMind_API_TaiwanStockPrice_4114,True,2026-09-29T21:29:54,2026-09-29T21:29:54,2026-09-29T21:29:54
4114,健喬,2025-10-09,34.6,0.6000000000000014,1.76%,,,,,,,,,ShowDailyK_ChartFlow,FinMind_API_TaiwanStockPrice_4114,True,2026-09-29T21:29:54,2026-09-29T21:29:54,2026-09-29T21:29:54
4114,健喬,2025-10-13,34.4,-0.20000000000000284,-0.58%,,,,,,,,,ShowDailyK_ChartFlow,FinMind_API_TaiwanStockPrice_4114,True,2026-09-29T21:29:54,2026-09-29T21:29:54,2026-09-29T21:29:54
4114,健喬,2025-10-14,33.9,-0.5,-1.45%,,,,,,,,,ShowDailyK_ChartFlow,FinMind_API_TaiwanStockPrice_4114,True,2026-09-29T21:29:54,2026-09-29T21:29:54,2026-09-29T21:29:54
4114,健喬,2025-10-15,33.85,-0.04999999999999716,-0.15%,,,,,,,,,ShowDailyK_ChartFlow,FinMind_API_TaiwanStockPrice_4114,True,2026-09-29T21:29:54,2026-09-29T21:29:54,2026-09-29T21:29:54
4114,健喬,2025-10-16,33.95,0.10000000000000142,0.30%,,,,,,,,,ShowDailyK_ChartFlow,FinMind_API_TaiwanStockPrice_4114,True,2026-09-29T21:29:54,2026-09-29T21:29:54,2026-09-29T21:29:54
4114,健喬,2025-10-17,34.15,0.19999999999999574,0.59%,,,,,,,,,ShowDailyK_ChartFlow,FinMind_API_TaiwanStockPrice_4114,True,2026-09-29T21:29:54,2026-09-29T21:29:54,2026-09-29T21:29:54
4114,健喬,2025-10-20,33.95,-0.19999999999999574,-0.59%,,,,,,,,,ShowDailyK_ChartFlow,FinMind_API_TaiwanStockPrice_4114,True,2026-09-29T21:29:54,2026-09-29T21:29:54,2026-09-29T21:29:54
4114,健喬,2025-10-21,34.0,0.04999999999999716,0.15%,,,,,,,,,ShowDailyK_ChartFlow,FinMind_API_TaiwanStockPrice_4114,True,2026-09-29T21:29:54,2026-09-29T21:29:54,2026-09-29T21:29:54
4114,健喬,2025-10-22,34.25,0.25,0.74%,,,,,,,,,ShowDailyK_ChartFlow,FinMind_API_TaiwanStockPrice_4114,True,2026-09-29T21:29:54,2026-09-29T21:29:54,2026-09-29T21:29:54
4114,健喬,2025-10-23,34.25,0.0,0.00%,,,,,,,,,ShowDailyK_ChartFlow,FinMind_API_TaiwanStockPrice_4114,True,2026-09-29T21:29:54,2026-09-29T21:29:54,2026-09-29T21:29:54
4114,健喬,2025-10-27,34.1,-0.14999999999999858,-0.44%,,,,,,,,,ShowDailyK_ChartFlow,FinMind_API_TaiwanStockPrice_4114,True,2026-09-29T21:29:54,2026-09-29T21:29:54,2026-09-29T21:29:54
4114,健喬,2025-10-28,33.8,-0.30000000000000426,-0.88%,,,,,,,,,ShowDailyK_ChartFlow,FinMind_API_TaiwanStockPrice_4114,True,2026-09-29T21:29:54,2026-09-29T21:29:54,2026-09-29T21:29:54
4114,健喬,2025-10-29,33.6,-0.19999999999999574,-0.59%,,,,,,,,,ShowDailyK_ChartFlow,FinMind_API_TaiwanStockPrice_4114,True,2026-09-29T21:29:54,2026-09-29T21:29:54,2026-09-29T21:29:54
4114,健喬,2025-10-30,33.35,-0.25,-0.74%,,,,,,,,,ShowDailyK_ChartFlow,FinMind_API_TaiwanStockPrice_4114,True,2026-09-29T21:29:54,2026-09-29T21:29:54,2026-09-29T21:29:54
4114,健喬,2025-10-31,33.55,0.19999999999999574,0.60%,,,,,,,,,ShowDailyK_ChartFlow,FinMind_API_TaiwanStockPrice_4114,True,2026-09-29T21:29:54,2026-09-29T21:29:54,2026-09-29T21:29:54
4114,健喬,2025-11-03,33.3,-0.25,-0.75%,,,,,,,,,ShowDailyK_ChartFlow,FinMind_API_TaiwanStockPrice_4114,True,2026-09-29T21:29:54,2026-09-29T21:29:54,2026-09-29T21:29:54
4114,健喬,2025-11-04,33.1,-0.19999999999999574,-0.60%,,,,,,,,,ShowDailyK_ChartFlow,FinMind_API_TaiwanStockPrice_4114,True,2026-09-29T21:29:54,2026-09-29T21:29:54,2026-09-29T21:29:54
4114,健喬,2025-11-05,33.2,0.10000000000000142,0.30%,,,,,,,,,ShowDailyK_ChartFlow,FinMind_API_TaiwanStockPrice_4114,True,2026-09-29T21:29:54,2026-09-29T21:29:54,2026-09-29T21:29:54
4114,健喬,2025-11-06,33.5,0.29999999999999716,0.90%,,,,,,,,,ShowDailyK_ChartFlow,FinMind_API_TaiwanStockPrice_4114,True,2026-09-29T21:29:54,2026-09-29T21:29:54,2026-09-29T21:29:54
4114,健喬,2025-11-07,33.0,-0.5,-1.49%,,,,,,,,,ShowDailyK_ChartFlow,FinMind_API_TaiwanStockPrice_4114,True,2026-09-29T21:29:54,2026-09-29T21:29:54,2026-09-29T21:29:54
4114,健喬,2025-11-10,32.8,-0.20000000000000284,-0.61%,,,,,,,,,ShowDailyK_ChartFlow,FinMind_API_TaiwanStockPrice_4114,True,2026-09-29T21:29:54,2026-09-29T21:29:54,2026-09-29T21:29:54
4114,健喬,2025-11-11,33.0,0.20000000000000284,0.61%,,,,,,,,,ShowDailyK_ChartFlow,FinMind_API_TaiwanStockPrice_4114,True,2026-09-29T21:29:54,2026-09-29T21:29:54,2026-09-29T21:29:54
4114,健喬,2025-11-12,33.0,0.0,0.00%,,,,,,,,,ShowDailyK_ChartFlow,FinMind_API_TaiwanStockPrice_4114,True,2026-09-29T21:29:54,2026-09-29T21:29:54,2026-09-29T21:29:54
4114,健喬,2025-11-13,32.95,-0.04999999999999716,-0.15%,,,,,,,,,ShowDailyK_ChartFlow,FinMind_API_TaiwanStockPrice_4114,True,2026-09-29T21:29:54,2026-09-29T21:29:54,2026-09-29T21:29:54
4114,健喬,2025-11-14,32.9,-0.05000000000000426,-0.15%,,,,,,,,,ShowDailyK_ChartFlow,FinMind_API_TaiwanStockPrice_4114,True,2026-09-29T21:29:54,2026-09-29T21:29:54,2026-09-29T21:29:54
4114,健喬,2025-11-17,32.0,-0.8999999999999986,-2.74%,,,,,,,,,ShowDailyK_ChartFlow,FinMind_API_TaiwanStockPrice_4114,True,2026-09-29T21:29:54,2026-09-29T21:29:54,2026-09-29T21:29:54
4114,健喬,2025-11-18,31.65,-0.3500000000000014,-1.09%,,,,,,,,,ShowDailyK_ChartFlow,FinMind_API_TaiwanStockPrice_4114,True,2026-09-29T21:29:54,2026-09-29T21:29:54,2026-09-29T21:29:54
4114,健喬,2025-11-19,31.55,-0.09999999999999787,-0.32%,,,,,,,,,ShowDailyK_ChartFlow,FinMind_API_TaiwanStockPrice_4114,True,2026-09-29T21:29:54,2026-09-29T21:29:54,2026-09-29T21:29:54
4114,健喬,2025-11-20,31.75,0.1999999999999993,0.63%,,,,,,,,,ShowDailyK_ChartFlow,FinMind_API_TaiwanStockPrice_4114,True,2026-09-29T21:29:54,2026-09-29T21:29:54,2026-09-29T21:29:54
4114,健喬,2025-11-21,31.25,-0.5,-1.57%,,,,,,,,,ShowDailyK_ChartFlow,FinMind_API_TaiwanStockPrice_4114,True,2026-09-29T21:29:54,2026-09-29T21:29:54,2026-09-29T21:29:54
4114,健喬,2025-11-24,31.45,0.1999999999999993,0.64%,,,,,,,,,ShowDailyK_ChartFlow,FinMind_API_TaiwanStockPrice_4114,True,2026-09-29T21:29:54,2026-09-29T21:29:54,2026-09-29T21:29:54
4114,健喬,2025-11-25,31.8,0.3500000000000014,1.11%,,,,,,,,,ShowDailyK_ChartFlow,FinMind_API_TaiwanStockPrice_4114,True,2026-09-29T21:29:54,2026-09-29T21:29:54,2026-09-29T21:29:54
4114,健喬,2025-11-26,32.1,0.3000000000000007,0.94%,,,,,,,,,ShowDailyK_ChartFlow,FinMind_API_TaiwanStockPrice_4114,True,2026-09-29T21:29:54,2026-09-29T21:29:54,2026-09-29T21:29:54
4114,健喬,2025-11-27,32.0,-0.10000000000000142,-0.31%,,,,,,,,,ShowDailyK_ChartFlow,FinMind_API_TaiwanStockPrice_4114,True,2026-09-29T21:29:54,2026-09-29T21:29:54,2026-09-29T21:29:54
4114,健喬,2025-11-28,32.15,0.14999999999999858,0.47%,,,,,,,,,ShowDailyK_ChartFlow,FinMind_API_TaiwanStockPrice_4114,True,2026-09-29T21:29:54,2026-09-29T21:29:54,2026-09-29T21:29:54
4114,健喬,2025-12-01,32.15,0.0,0.00%,,,,,,,,,ShowDailyK_ChartFlow,FinMind_API_TaiwanStockPrice_4114,True,2026-09-29T21:29:54,2026-09-29T21:29:54,2026-09-29T21:29:54
4114,健喬,2025-12-02,32.15,0.0,0.00%,,,,,,,,,ShowDailyK_ChartFlow,FinMind_API_TaiwanStockPrice_4114,True,2026-09-29T21:29:54,2026-09-29T21:29:54,2026-09-29T21:29:54
4114,健喬,2025-12-03,32.25,0.10000000000000142,0.31%,,,,,,,,,ShowDailyK_ChartFlow,FinMind_API_TaiwanStockPrice_4114,True,2026-09-29T21:29:54,2026-09-29T21:29:54,2026-09-29T21:29:54
4114,健喬,2025-12-04,32.3,0.04999999999999716,0.16%,,,,,,,,,ShowDailyK_ChartFlow,FinMind_API_TaiwanStockPrice_4114,True,2026-09-29T21:29:54,2026-09-29T21:29:54,2026-09-29T21:29:54
4114,健喬,2025-12-05,32.2,-0.09999999999999432,-0.31%,,,,,,,,,ShowDailyK_ChartFlow,FinMind_API_TaiwanStockPrice_4114,True,2026-09-29T21:29:54,2026-09-29T21:29:54,2026-09-29T21:29:54
4114,健喬,2025-12-08,32.05,-0.15000000000000568,-0.47%,,,,,,,,,ShowDailyK_ChartFlow,FinMind_API_TaiwanStockPrice_4114,True,2026-09-29T21:29:54,2026-09-29T21:29:54,2026-09-29T21:29:54
4114,健喬,2025-12-09,31.65,-0.3999999999999986,-1.25%,,,,,,,,,ShowDailyK_ChartFlow,FinMind_API_TaiwanStockPrice_4114,True,2026-09-29T21:29:54,2026-09-29T21:29:54,2026-09-29T21:29:54
4114,健喬,2025-12-10,31.55,-0.09999999999999787,-0.32%,,,,,,,,,ShowDailyK_ChartFlow,FinMind_API_TaiwanStockPrice_4114,True,2026-09-29T21:29:54,2026-09-29T21:29:54,2026-09-29T21:29:54
4114,健喬,2025-12-11,31.5,-0.05000000000000071,-0.16%,,,,,,,,,ShowDailyK_ChartFlow,FinMind_API_TaiwanStockPrice_4114,True,2026-09-29T21:29:54,2026-09-29T21:29:54,2026-09-29T21:29:54
4114,健喬,2025-12-12,31.5,0.0,0.00%,,,,,,,,,ShowDailyK_ChartFlow,FinMind_API_TaiwanStockPrice_4114,True,2026-09-29T21:29:54,2026-09-29T21:29:54,2026-09-29T21:29:54
4114,健喬,2025-12-15,31.5,0.0,0.00%,,,,,,,,,ShowDailyK_ChartFlow,FinMind_API_TaiwanStockPrice_4114,True,2026-09-29T21:29:54,2026-09-29T21:29:54,2026-09-29T21:29:54
4114,健喬,2025-12-16,31.45,-0.05000000000000071,-0.16%,,,,,,,,,ShowDailyK_ChartFlow,FinMind_API_TaiwanStockPrice_4114,True,2026-09-29T21:29:54,2026-09-29T21:29:54,2026-09-29T21:29:54
4114,健喬,2025-12-17,31.45,0.0,0.00%,,,,,,,,,ShowDailyK_ChartFlow,FinMind_API_TaiwanStockPrice_4114,True,2026-09-29T21:29:54,2026-09-29T21:29:54,2026-09-29T21:29:54
4114,健喬,2025-12-18,31.5,0.05000000000000071,0.16%,,,,,,,,,ShowDailyK_ChartFlow,FinMind_API_TaiwanStockPrice_4114,True,2026-09-29T21:29:54,2026-09-29T21:29:54,2026-09-29T21:29:54
4114,健喬,2025-12-19,31.85,0.3500000000000014,1.11%,,,,,,,,,ShowDailyK_ChartFlow,FinMind_API_TaiwanStockPrice_4114,True,2026-09-29T21:29:54,2026-09-29T21:29:54,2026-09-29T21:29:54
4114,健喬,2025-12-22,32.0,0.14999999999999858,0.47%,,,,,,,,,ShowDailyK_ChartFlow,FinMind_API_TaiwanStockPrice_4114,True,2026-09-29T21:29:54,2026-09-29T21:29:54,2026-09-29T21:29:54
4114,健喬,2025-12-23,32.0,0.0,0.00%,,,,,,,,,ShowDailyK_ChartFlow,FinMind_API_TaiwanStockPrice_4114,True,2026-09-29T21:29:54,2026-09-29T21:29:54,2026-09-29T21:29:54
4114,健喬,2025-12-24,31.9,-0.10000000000000142,-0.31%,,,,,,,,,ShowDailyK_ChartFlow,FinMind_API_TaiwanStockPrice_4114,True,2026-09-29T21:29:54,2026-09-29T21:29:54,2026-09-29T21:29:54
4114,健喬,2025-12-26,31.95,0.05000000000000071,0.16%,,,,,,,,,ShowDailyK_ChartFlow,FinMind_API_TaiwanStockPrice_4114,True,2026-09-29T21:29:54,2026-09-29T21:29:54,2026-09-29T21:29:54
4114,健喬,2025-12-29,32.3,0.34999999999999787,1.10%,,,,,,,,,ShowDailyK_ChartFlow,FinMind_API_TaiwanStockPrice_4114,True,2026-09-29T21:29:54,2026-09-29T21:29:54,2026-09-29T21:29:54
4114,健喬,2025-12-30,32.3,0.0,0.00%,,,,,,,,,ShowDailyK_ChartFlow,FinMind_API_TaiwanStockPrice_4114,True,2026-09-29T21:29:54,2026-09-29T21:29:54,2026-09-29T21:29:54
4114,健喬,2025-12-31,32.4,0.10000000000000142,0.31%,,,,,,,,,ShowDailyK_ChartFlow,FinMind_API_TaiwanStockPrice_4114,True,2026-09-29T21:29:54,2026-09-29T21:29:54,2026-09-29T21:29:54
4114,健喬,2026-01-02,32.6,0.20000000000000284,0.62%,,,,,,,,,ShowDailyK_ChartFlow,FinMind_API_TaiwanStockPrice_4114,True,2026-09-29T21:29:54,2026-09-29T21:29:54,2026-09-29T21:29:54
4114,健喬,2026-01-05,32.6,0.0,0.00%,,,,,,,,,ShowDailyK_ChartFlow,FinMind_API_TaiwanStockPrice_4114,True,2026-09-29T21:29:54,2026-09-29T21:29:54,2026-09-29T21:29:54
4114,健喬,2026-01-06,32.85,0.25,0.77%,,,,,,,,,ShowDailyK_ChartFlow,FinMind_API_TaiwanStockPrice_4114,True,2026-09-29T21:29:54,2026-09-29T21:29:54,2026-09-29T21:29:54
4114,健喬,2026-01-07,32.95,0.10000000000000142,0.30%,,,,,,,,,ShowDailyK_ChartFlow,FinMind_API_TaiwanStockPrice_4114,True,2026-09-29T21:29:54,2026-09-29T21:29:54,2026-09-29T21:29:54
4114,健喬,2026-01-08,33.0,0.04999999999999716,0.15%,,,,,,,,,ShowDailyK_ChartFlow,FinMind_API_TaiwanStockPrice_4114,True,2026-09-29T21:29:54,2026-09-29T21:29:54,2026-09-29T21:29:54
4114,健喬,2026-01-09,33.1,0.10000000000000142,0.30%,,,,,,,,,ShowDailyK_ChartFlow,FinMind_API_TaiwanStockPrice_4114,True,2026-09-29T21:29:54,2026-09-29T21:29:54,2026-09-29T21:29:54
4114,健喬,2026-01-12,33.1,0.0,0.00%,,,,,,,,,ShowDailyK_ChartFlow,FinMind_API_TaiwanStockPrice_4114,True,2026-09-29T21:29:54,2026-09-29T21:29:54,2026-09-29T21:29:54
4114,健喬,2026-01-13,32.95,-0.14999999999999858,-0.45%,,,,,,,,,ShowDailyK_ChartFlow,FinMind_API_TaiwanStockPrice_4114,True,2026-09-29T21:29:54,2026-09-29T21:29:54,2026-09-29T21:29:54
4114,健喬,2026-01-14,32.9,-0.05000000000000426,-0.15%,,,,,,,,,ShowDailyK_ChartFlow,FinMind_API_TaiwanStockPrice_4114,True,2026-09-29T21:29:54,2026-09-29T21:29:54,2026-09-29T21:29:54
4114,健喬,2026-01-15,32.8,-0.10000000000000142,-0.30%,,,,,,,,,ShowDailyK_ChartFlow,FinMind_API_TaiwanStockPrice_4114,True,2026-09-29T21:29:54,2026-09-29T21:29:54,2026-09-29T21:29:54
4114,健喬,2026-01-16,32.8,0.0,0.00%,,,,,,,,,ShowDailyK_ChartFlow,FinMind_API_TaiwanStockPrice_4114,True,2026-09-29T21:29:54,2026-09-29T21:29:54,2026-09-29T21:29:54
4114,健喬,2026-01-19,32.7,-0.09999999999999432,-0.30%,,,,,,,,,ShowDailyK_ChartFlow,FinMind_API_TaiwanStockPrice_4114,True,2026-09-29T21:29:54,2026-09-29T21:29:54,2026-09-29T21:29:54
4114,健喬,2026-01-20,32.7,0.0,0.00%,,,,,,,,,ShowDailyK_ChartFlow,FinMind_API_TaiwanStockPrice_4114,True,2026-09-29T21:29:54,2026-09-29T21:29:54,2026-09-29T21:29:54
4114,健喬,2026-01-21,32.4,-0.30000000000000426,-0.92%,,,,,,,,,ShowDailyK_ChartFlow,FinMind_API_TaiwanStockPrice_4114,True,2026-09-29T21:29:54,2026-09-29T21:29:54,2026-09-29T21:29:54
4114,健喬,2026-01-22,32.5,0.10000000000000142,0.31%,,,,,,,,,ShowDailyK_ChartFlow,FinMind_API_TaiwanStockPrice_4114,True,2026-09-29T21:29:54,2026-09-29T21:29:54,2026-09-29T21:29:54
4114,健喬,2026-01-23,33.2,0.7000000000000028,2.15%,,,,,,,,,ShowDailyK_ChartFlow,FinMind_API_TaiwanStockPrice_4114,True,2026-09-29T21:29:54,2026-09-29T21:29:54,2026-09-29T21:29:54
4114,健喬,2026-01-26,33.05,-0.15000000000000568,-0.45%,,,,,,,,,ShowDailyK_ChartFlow,FinMind_API_TaiwanStockPrice_4114,True,2026-09-29T21:29:54,2026-09-29T21:29:54,2026-09-29T21:29:54
4114,健喬,2026-01-27,33.2,0.15000000000000568,0.45%,,,,,,,,,ShowDailyK_ChartFlow,FinMind_API_TaiwanStockPrice_4114,True,2026-09-29T21:29:54,2026-09-29T21:29:54,2026-09-29T21:29:54
4114,健喬,2026-01-28,32.85,-0.3500000000000014,-1.05%,,,,,,,,,ShowDailyK_ChartFlow,FinMind_API_TaiwanStockPrice_4114,True,2026-09-29T21:29:54,2026-09-29T21:29:54,2026-09-29T21:29:54
4114,健喬,2026-01-29,32.8,-0.05000000000000426,-0.15%,,,,,,,,,ShowDailyK_ChartFlow,FinMind_API_TaiwanStockPrice_4114,True,2026-09-29T21:29:54,2026-09-29T21:29:54,2026-09-29T21:29:54
4114,健喬,2026-01-30,32.4,-0.3999999999999986,-1.22%,,,,,,,,,ShowDailyK_ChartFlow,FinMind_API_TaiwanStockPrice_4114,True,2026-09-29T21:29:54,2026-09-29T21:29:54,2026-09-29T21:29:54
4114,健喬,2026-02-02,31.85,-0.5499999999999972,-1.70%,,,,,,,,,ShowDailyK_ChartFlow,FinMind_API_TaiwanStockPrice_4114,True,2026-09-29T21:29:54,2026-09-29T21:29:54,2026-09-29T21:29:54
4114,健喬,2026-02-03,31.9,0.04999999999999716,0.16%,,,,,,,,,ShowDailyK_ChartFlow,FinMind_API_TaiwanStockPrice_4114,True,2026-09-29T21:29:54,2026-09-29T21:29:54,2026-09-29T21:29:54
4114,健喬,2026-02-04,32.2,0.30000000000000426,0.94%,,,,,,,,,ShowDailyK_ChartFlow,FinMind_API_TaiwanStockPrice_4114,True,2026-09-29T21:29:54,2026-09-29T21:29:54,2026-09-29T21:29:54
4114,健喬,2026-02-05,32.5,0.29999999999999716,0.93%,,,,,,,,,ShowDailyK_ChartFlow,FinMind_API_TaiwanStockPrice_4114,True,2026-09-29T21:29:54,2026-09-29T21:29:54,2026-09-29T21:29:54
4114,健喬,2026-02-06,32.5,0.0,0.00%,,,,,,,,,ShowDailyK_ChartFlow,FinMind_API_TaiwanStockPrice_4114,True,2026-09-29T21:29:54,2026-09-29T21:29:54,2026-09-29T21:29:54
4114,健喬,2026-02-09,32.4,-0.10000000000000142,-0.31%,,,,,,,,,ShowDailyK_ChartFlow,FinMind_API_TaiwanStockPrice_4114,True,2026-09-29T21:29:54,2026-09-29T21:29:54,2026-09-29T21:29:54
4114,健喬,2026-02-10,32.4,0.0,0.00%,,,,,,,,,ShowDailyK_ChartFlow,FinMind_API_TaiwanStockPrice_4114,True,2026-09-29T21:29:54,2026-09-29T21:29:54,2026-09-29T21:29:54
4114,健喬,2026-02-11,32.4,0.0,0.00%,,,,,,,,,ShowDailyK_ChartFlow,FinMind_API_TaiwanStockPrice_4114,True,2026-09-29T21:29:54,2026-09-29T21:29:54,2026-09-29T21:29:54
4114,健喬,2026-02-23,32.55,0.14999999999999858,0.46%,,,,,,,,,ShowDailyK_ChartFlow,FinMind_API_TaiwanStockPrice_4114,True,2026-09-29T21:29:54,2026-09-29T21:29:54,2026-09-29T21:29:54
4114,健喬,2026-02-24,32.6,0.05000000000000426,0.15%,,,,,,,,,ShowDailyK_ChartFlow,FinMind_API_TaiwanStockPrice_4114,True,2026-09-29T21:29:54,2026-09-29T21:29:54,2026-09-29T21:29:54
4114,健喬,2026-02-25,32.15,-0.45000000000000284,-1.38%,,,,,,,,,ShowDailyK_ChartFlow,FinMind_API_TaiwanStockPrice_4114,True,2026-09-29T21:29:54,2026-09-29T21:29:54,2026-09-29T21:29:54
4114,健喬,2026-02-26,32.35,0.20000000000000284,0.62%,,,,,,,,,ShowDailyK_ChartFlow,FinMind_API_TaiwanStockPrice_4114,True,2026-09-29T21:29:54,2026-09-29T21:29:54,2026-09-29T21:29:54
4114,健喬,2026-03-02,32.05,-0.30000000000000426,-0.93%,,,,,,,,,ShowDailyK_ChartFlow,FinMind_API_TaiwanStockPrice_4114,True,2026-09-29T21:29:54,2026-09-29T21:29:54,2026-09-29T21:29:54
4114,健喬,2026-03-03,31.75,-0.29999999999999716,-0.94%,,,,,,,,,ShowDailyK_ChartFlow,FinMind_API_TaiwanStockPrice_4114,True,2026-09-29T21:29:54,2026-09-29T21:29:54,2026-09-29T21:29:54
4114,健喬,2026-03-04,31.0,-0.75,-2.36%,,,,,,,,,ShowDailyK_ChartFlow,FinMind_API_TaiwanStockPrice_4114,True,2026-09-29T21:29:54,2026-09-29T21:29:54,2026-09-29T21:29:54
4114,健喬,2026-03-05,31.5,0.5,1.61%,,,,,,,,,ShowDailyK_ChartFlow,FinMind_API_TaiwanStockPrice_4114,True,2026-09-29T21:29:54,2026-09-29T21:29:54,2026-09-29T21:29:54
4114,健喬,2026-03-06,31.75,0.25,0.79%,,,,,,,,,ShowDailyK_ChartFlow,FinMind_API_TaiwanStockPrice_4114,True,2026-09-29T21:29:54,2026-09-29T21:29:54,2026-09-29T21:29:54
4114,健喬,2026-03-09,30.8,-0.9499999999999993,-2.99%,,,,,,,,,ShowDailyK_ChartFlow,FinMind_API_TaiwanStockPrice_4114,True,2026-09-29T21:29:54,2026-09-29T21:29:54,2026-09-29T21:29:54
4114,健喬,2026-03-10,31.0,0.1999999999999993,0.65%,,,,,,,,,ShowDailyK_ChartFlow,FinMind_API_TaiwanStockPrice_4114,True,2026-09-29T21:29:54,2026-09-29T21:29:54,2026-09-29T21:29:54
4114,健喬,2026-03-11,31.25,0.25,0.81%,,,,,,,,,ShowDailyK_ChartFlow,FinMind_API_TaiwanStockPrice_4114,True,2026-09-29T21:29:54,2026-09-29T21:29:54,2026-09-29T21:29:54
4114,健喬,2026-03-12,31.05,-0.1999999999999993,-0.64%,,,,,,,,,ShowDailyK_ChartFlow,FinMind_API_TaiwanStockPrice_4114,True,2026-09-29T21:29:54,2026-09-29T21:29:54,2026-09-29T21:29:54
4114,健喬,2026-03-13,31.2,0.14999999999999858,0.48%,,,,,,,,,ShowDailyK_ChartFlow,FinMind_API_TaiwanStockPrice_4114,True,2026-09-29T21:29:54,2026-09-29T21:29:54,2026-09-29T21:29:54
4114,健喬,2026-03-16,31.5,0.3000000000000007,0.96%,,,,,,,,,ShowDailyK_ChartFlow,FinMind_API_TaiwanStockPrice_4114,True,2026-09-29T21:29:54,2026-09-29T21:29:54,2026-09-29T21:29:54
4114,健喬,2026-03-17,31.5,0.0,0.00%,,,,,,,,,ShowDailyK_ChartFlow,FinMind_API_TaiwanStockPrice_4114,True,2026-09-29T21:29:54,2026-09-29T21:29:54,2026-09-29T21:29:54
4114,健喬,2026-03-18,31.2,-0.3000000000000007,-0.95%,,,,,,,,,ShowDailyK_ChartFlow,FinMind_API_TaiwanStockPrice_4114,True,2026-09-29T21:29:54,2026-09-29T21:29:54,2026-09-29T21:29:54
4114,健喬,2026-03-19,30.9,-0.3000000000000007,-0.96%,,,,,,,,,ShowDailyK_ChartFlow,FinMind_API_TaiwanStockPrice_4114,True,2026-09-29T21:29:54,2026-09-29T21:29:54,2026-09-29T21:29:54
4114,健喬,2026-03-20,31.0,0.10000000000000142,0.32%,,,,,,,,,ShowDailyK_ChartFlow,FinMind_API_TaiwanStockPrice_4114,True,2026-09-29T21:29:54,2026-09-29T21:29:54,2026-09-29T21:29:54
4114,健喬,2026-03-23,30.85,-0.14999999999999858,-0.48%,,,,,,,,,ShowDailyK_ChartFlow,FinMind_API_TaiwanStockPrice_4114,True,2026-09-29T21:29:54,2026-09-29T21:29:54,2026-09-29T21:29:54
4114,健喬,2026-03-24,30.8,-0.05000000000000071,-0.16%,,,,,,,,,ShowDailyK_ChartFlow,FinMind_API_TaiwanStockPrice_4114,True,2026-09-29T21:29:54,2026-09-29T21:29:54,2026-09-29T21:29:54
4114,健喬,2026-03-25,31.05,0.25,0.81%,,,,,,,,,ShowDailyK_ChartFlow,FinMind_API_TaiwanStockPrice_4114,True,2026-09-29T21:29:54,2026-09-29T21:29:54,2026-09-29T21:29:54
4114,健喬,2026-03-26,31.05,0.0,0.00%,,,,,,,,,ShowDailyK_ChartFlow,FinMind_API_TaiwanStockPrice_4114,True,2026-09-29T21:29:54,2026-09-29T21:29:54,2026-09-29T21:29:54
4114,健喬,2026-03-27,31.4,0.34999999999999787,1.13%,,,,,,,,,ShowDailyK_ChartFlow,FinMind_API_TaiwanStockPrice_4114,True,2026-09-29T21:29:54,2026-09-29T21:29:54,2026-09-29T21:29:54
4114,健喬,2026-03-30,31.25,-0.14999999999999858,-0.48%,,,,,,,,,ShowDailyK_ChartFlow,FinMind_API_TaiwanStockPrice_4114,True,2026-09-29T21:29:54,2026-09-29T21:29:54,2026-09-29T21:29:54
4114,健喬,2026-03-31,30.9,-0.3500000000000014,-1.12%,,,,,,,,,ShowDailyK_ChartFlow,FinMind_API_TaiwanStockPrice_4114,True,2026-09-29T21:29:54,2026-09-29T21:29:54,2026-09-29T21:29:54
4114,健喬,2026-04-01,31.25,0.3500000000000014,1.13%,,,,,,,,,ShowDailyK_ChartFlow,FinMind_API_TaiwanStockPrice_4114,True,2026-09-29T21:29:54,2026-09-29T21:29:54,2026-09-29T21:29:54
4114,健喬,2026-04-02,31.0,-0.25,-0.80%,,,,,,,,,ShowDailyK_ChartFlow,FinMind_API_TaiwanStockPrice_4114,True,2026-09-29T21:29:54,2026-09-29T21:29:54,2026-09-29T21:29:54
4114,健喬,2026-04-07,31.1,0.10000000000000142,0.32%,,,,,,,,,ShowDailyK_ChartFlow,FinMind_API_TaiwanStockPrice_4114,True,2026-09-29T21:29:54,2026-09-29T21:29:54,2026-09-29T21:29:54
4114,健喬,2026-04-08,31.2,0.09999999999999787,0.32%,,,,,,,,,ShowDailyK_ChartFlow,FinMind_API_TaiwanStockPrice_4114,True,2026-09-29T21:29:54,2026-09-29T21:29:54,2026-09-29T21:29:54
4114,健喬,2026-04-09,31.05,-0.14999999999999858,-0.48%,,,,,,,,,ShowDailyK_ChartFlow,FinMind_API_TaiwanStockPrice_4114,True,2026-09-29T21:29:54,2026-09-29T21:29:54,2026-09-29T21:29:54
4114,健喬,2026-04-10,30.95,-0.10000000000000142,-0.32%,,,,,,,,,ShowDailyK_ChartFlow,FinMind_API_TaiwanStockPrice_4114,True,2026-09-29T21:29:54,2026-09-29T21:29:54,2026-09-29T21:29:54
4114,健喬,2026-04-13,31.3,0.3500000000000014,1.13%,,,,,,,,,ShowDailyK_ChartFlow,FinMind_API_TaiwanStockPrice_4114,True,2026-09-29T21:29:54,2026-09-29T21:29:54,2026-09-29T21:29:54
4114,健喬,2026-04-14,31.3,0.0,0.00%,,,,,,,,,ShowDailyK_ChartFlow,FinMind_API_TaiwanStockPrice_4114,True,2026-09-29T21:29:54,2026-09-29T21:29:54,2026-09-29T21:29:54
4114,健喬,2026-04-15,32.0,0.6999999999999993,2.24%,,,,,,,,,ShowDailyK_ChartFlow,FinMind_API_TaiwanStockPrice_4114,True,2026-09-29T21:29:54,2026-09-29T21:29:54,2026-09-29T21:29:54
4114,健喬,2026-04-16,32.05,0.04999999999999716,0.16%,,,,,,,,,ShowDailyK_ChartFlow,FinMind_API_TaiwanStockPrice_4114,True,2026-09-29T21:29:54,2026-09-29T21:29:54,2026-09-29T21:29:54
4114,健喬,2026-04-17,31.95,-0.09999999999999787,-0.31%,,,,,,,,,ShowDailyK_ChartFlow,FinMind_API_TaiwanStockPrice_4114,True,2026-09-29T21:29:54,2026-09-29T21:29:54,2026-09-29T21:29:54
4114,健喬,2026-04-20,31.65,-0.3000000000000007,-0.94%,,,,,,,,,ShowDailyK_ChartFlow,FinMind_API_TaiwanStockPrice_4114,True,2026-09-29T21:29:54,2026-09-29T21:29:54,2026-09-29T21:29:54
4114,健喬,2026-04-21,31.65,0.0,0.00%,,,,,,,,,ShowDailyK_ChartFlow,FinMind_API_TaiwanStockPrice_4114,True,2026-09-29T21:29:54,2026-09-29T21:29:54,2026-09-29T21:29:54
4114,健喬,2026-04-22,31.6,-0.04999999999999716,-0.16%,,,,,,,,,ShowDailyK_ChartFlow,FinMind_API_TaiwanStockPrice_4114,True,2026-09-29T21:29:54,2026-09-29T21:29:54,2026-09-29T21:29:54
4114,健喬,2026-04-23,31.4,-0.20000000000000284,-0.63%,,,,,,,,,ShowDailyK_ChartFlow,FinMind_API_TaiwanStockPrice_4114,True,2026-09-29T21:29:54,2026-09-29T21:29:54,2026-09-29T21:29:54
4114,健喬,2026-04-24,31.0,-0.3999999999999986,-1.27%,,,,,,,,,ShowDailyK_ChartFlow,FinMind_API_TaiwanStockPrice_4114,True,2026-09-29T21:29:54,2026-09-29T21:29:54,2026-09-29T21:29:54
4114,健喬,2026-04-27,30.95,-0.05000000000000071,-0.16%,,,,,,,,,ShowDailyK_ChartFlow,FinMind_API_TaiwanStockPrice_4114,True,2026-09-29T21:29:54,2026-09-29T21:29:54,2026-09-29T21:29:54
4114,健喬,2026-04-28,30.9,-0.05000000000000071,-0.16%,,,,,,,,,ShowDailyK_ChartFlow,FinMind_API_TaiwanStockPrice_4114,True,2026-09-29T21:29:54,2026-09-29T21:29:54,2026-09-29T21:29:54
4114,健喬,2026-04-29,30.9,0.0,0.00%,,,,,,,,,ShowDailyK_ChartFlow,FinMind_API_TaiwanStockPrice_4114,True,2026-09-29T21:29:54,2026-09-29T21:29:54,2026-09-29T21:29:54
4114,健喬,2026-04-30,30.8,-0.09999999999999787,-0.32%,,,,,,,,,ShowDailyK_ChartFlow,FinMind_API_TaiwanStockPrice_4114,True,2026-09-29T21:29:54,2026-09-29T21:29:54,2026-09-29T21:29:54
4114,健喬,2026-05-04,30.75,-0.05000000000000071,-0.16%,,,,,,,,,ShowDailyK_ChartFlow,FinMind_API_TaiwanStockPrice_4114,True,2026-09-29T21:29:54,2026-09-29T21:29:54,2026-09-29T21:29:54
4114,健喬,2026-05-05,30.8,0.05000000000000071,0.16%,,,,,,,,,ShowDailyK_ChartFlow,FinMind_API_TaiwanStockPrice_4114,True,2026-09-29T21:29:54,2026-09-29T21:29:54,2026-09-29T21:29:54
4114,健喬,2026-05-06,30.95,0.14999999999999858,0.49%,,,,,,,,,ShowDailyK_ChartFlow,FinMind_API_TaiwanStockPrice_4114,True,2026-09-29T21:29:54,2026-09-29T21:29:54,2026-09-29T21:29:54
4114,健喬,2026-05-07,31.05,0.10000000000000142,0.32%,,,,,,,,,ShowDailyK_ChartFlow,FinMind_API_TaiwanStockPrice_4114,True,2026-09-29T21:29:54,2026-09-29T21:29:54,2026-09-29T21:29:54
4114,健喬,2026-05-08,30.95,-0.10000000000000142,-0.32%,,,,,,,,,ShowDailyK_ChartFlow,FinMind_API_TaiwanStockPrice_4114,True,2026-09-29T21:29:54,2026-09-29T21:29:54,2026-09-29T21:29:54
4114,健喬,2026-05-11,31.0,0.05000000000000071,0.16%,,,,,,,,,ShowDailyK_ChartFlow,FinMind_API_TaiwanStockPrice_4114,True,2026-09-29T21:29:54,2026-09-29T21:29:54,2026-09-29T21:29:54
4114,健喬,2026-05-12,31.15,0.14999999999999858,0.48%,,,,,,,,,ShowDailyK_ChartFlow,FinMind_API_TaiwanStockPrice_4114,True,2026-09-29T21:29:54,2026-09-29T21:29:54,2026-09-29T21:29:54
4114,健喬,2026-05-13,30.85,-0.29999999999999716,-0.96%,,,,,,,,,ShowDailyK_ChartFlow,FinMind_API_TaiwanStockPrice_4114,True,2026-09-29T21:29:54,2026-09-29T21:29:54,2026-09-29T21:29:54
4114,健喬,2026-05-14,30.75,-0.10000000000000142,-0.32%,,,,,,,,,ShowDailyK_ChartFlow,FinMind_API_TaiwanStockPrice_4114,True,2026-09-29T21:29:54,2026-09-29T21:29:54,2026-09-29T21:29:54
4114,健喬,2026-05-15,30.65,-0.10000000000000142,-0.33%,,,,,,,,,ShowDailyK_ChartFlow,FinMind_API_TaiwanStockPrice_4114,True,2026-09-29T21:29:54,2026-09-29T21:29:54,2026-09-29T21:29:54
4114,健喬,2026-05-18,30.7,0.05000000000000071,0.16%,,,,,,,,,ShowDailyK_ChartFlow,FinMind_API_TaiwanStockPrice_4114,True,2026-09-29T21:29:54,2026-09-29T21:29:54,2026-09-29T21:29:54
4114,健喬,2026-05-19,30.65,-0.05000000000000071,-0.16%,,,,,,,,,ShowDailyK_ChartFlow,FinMind_API_TaiwanStockPrice_4114,True,2026-09-29T21:29:54,2026-09-29T21:29:54,2026-09-29T21:29:54
4114,健喬,2026-05-20,30.65,0.0,0.00%,,,,,,,,,ShowDailyK_ChartFlow,FinMind_API_TaiwanStockPrice_4114,True,2026-09-29T21:29:54,2026-09-29T21:29:54,2026-09-29T21:29:54
4114,健喬,2026-05-21,30.9,0.25,0.82%,,,,,,,,,ShowDailyK_ChartFlow,FinMind_API_TaiwanStockPrice_4114,True,2026-09-29T21:29:54,2026-09-29T21:29:54,2026-09-29T21:29:54
4114,健喬,2026-05-22,30.8,-0.09999999999999787,-0.32%,,,,,,,,,ShowDailyK_ChartFlow,FinMind_API_TaiwanStockPrice_4114,True,2026-09-29T21:29:54,2026-09-29T21:29:54,2026-09-29T21:29:54
4114,健喬,2026-05-25,30.55,-0.25,-0.81%,,,,,,,,,ShowDailyK_ChartFlow,FinMind_API_TaiwanStockPrice_4114,True,2026-09-29T21:29:54,2026-09-29T21:29:54,2026-09-29T21:29:54
4114,健喬,2026-05-26,30.35,-0.1999999999999993,-0.65%,,,,,,,,,ShowDailyK_ChartFlow,FinMind_API_TaiwanStockPrice_4114,True,2026-09-29T21:29:54,2026-09-29T21:29:54,2026-09-29T21:29:54
4114,健喬,2026-05-27,30.25,-0.10000000000000142,-0.33%,,,,,,,,,ShowDailyK_ChartFlow,FinMind_API_TaiwanStockPrice_4114,True,2026-09-29T21:29:54,2026-09-29T21:29:54,2026-09-29T21:29:54
4114,健喬,2026-05-28,30.05,-0.1999999999999993,-0.66%,,,,,,,,,ShowDailyK_ChartFlow,FinMind_API_TaiwanStockPrice_4114,True,2026-09-29T21:29:54,2026-09-29T21:29:54,2026-09-29T21:29:54
4114,健喬,2026-05-29,30.15,0.09999999999999787,0.33%,,,,,,,,,ShowDailyK_ChartFlow,FinMind_API_TaiwanStockPrice_4114,True,2026-09-29T21:29:54,2026-09-29T21:29:54,2026-09-29T21:29:54
4114,健喬,2026-06-01,30.1,-0.04999999999999716,-0.17%,,,,,,,,,ShowDailyK_ChartFlow,FinMind_API_TaiwanStockPrice_4114,True,2026-09-29T21:29:54,2026-09-29T21:29:54,2026-09-29T21:29:54
4114,健喬,2026-06-02,30.2,0.09999999999999787,0.33%,,,,,,,,,ShowDailyK_ChartFlow,FinMind_API_TaiwanStockPrice_4114,True,2026-09-29T21:29:54,2026-09-29T21:29:54,2026-09-29T21:29:54
4114,健喬,2026-06-03,30.35,0.15000000000000213,0.50%,,,,,,,,,ShowDailyK_ChartFlow,FinMind_API_TaiwanStockPrice_4114,True,2026-09-29T21:29:54,2026-09-29T21:29:54,2026-09-29T21:29:54
4114,健喬,2026-06-04,30.5,0.14999999999999858,0.49%,,,,,,,,,ShowDailyK_ChartFlow,FinMind_API_TaiwanStockPrice_4114,True,2026-09-29T21:29:54,2026-09-29T21:29:54,2026-09-29T21:29:54
4114,健喬,2026-06-05,30.7,0.1999999999999993,0.66%,,,,,,,,,ShowDailyK_ChartFlow,FinMind_API_TaiwanStockPrice_4114,True,2026-09-29T21:29:54,2026-09-29T21:29:54,2026-09-29T21:29:54
4114,健喬,2026-06-08,30.25,-0.4499999999999993,-1.47%,,,,,,,,,ShowDailyK_ChartFlow,FinMind_API_TaiwanStockPrice_4114,True,2026-09-29T21:29:54,2026-09-29T21:29:54,2026-09-29T21:29:54
4114,健喬,2026-06-09,30.5,0.25,0.83%,,,,,,,,,ShowDailyK_ChartFlow,FinMind_API_TaiwanStockPrice_4114,True,2026-09-29T21:29:54,2026-09-29T21:29:54,2026-09-29T21:29:54
4114,健喬,2026-06-10,30.4,-0.10000000000000142,-0.33%,,,,,,,,,ShowDailyK_ChartFlow,FinMind_API_TaiwanStockPrice_4114,True,2026-09-29T21:29:54,2026-09-29T21:29:54,2026-09-29T21:29:54
4114,健喬,2026-06-11,30.25,-0.14999999999999858,-0.49%,,,,,,,,,ShowDailyK_ChartFlow,FinMind_API_TaiwanStockPrice_4114,True,2026-09-29T21:29:54,2026-09-29T21:29:54,2026-09-29T21:29:54
4114,健喬,2026-06-12,30.5,0.25,0.83%,,,,,,,,,ShowDailyK_ChartFlow,FinMind_API_TaiwanStockPrice_4114,True,2026-09-29T21:29:54,2026-09-29T21:29:54,2026-09-29T21:29:54
4114,健喬,2026-06-15,30.75,0.25,0.82%,,,,,,,,,ShowDailyK_ChartFlow,FinMind_API_TaiwanStockPrice_4114,True,2026-09-29T21:29:54,2026-09-29T21:29:54,2026-09-29T21:29:54
4114,健喬,2026-06-16,30.65,-0.10000000000000142,-0.33%,,,,,,,,,ShowDailyK_ChartFlow,FinMind_API_TaiwanStockPrice_4114,True,2026-09-29T21:29:54,2026-09-29T21:29:54,2026-09-29T21:29:54
4114,健喬,2026-06-17,30.8,0.15000000000000213,0.49%,,,,,,,,,ShowDailyK_ChartFlow,FinMind_API_TaiwanStockPrice_4114,True,2026-09-29T21:29:54,2026-09-29T21:29:54,2026-09-29T21:29:54
4114,健喬,2026-06-18,30.95,0.14999999999999858,0.49%,,,,,,,,,ShowDailyK_ChartFlow,FinMind_API_TaiwanStockPrice_4114,True,2026-09-29T21:29:54,2026-09-29T21:29:54,2026-09-29T21:29:54
4114,健喬,2026-06-22,30.95,0.0,0.00%,,,,,,,,,ShowDailyK_ChartFlow,FinMind_API_TaiwanStockPrice_4114,True,2026-09-29T21:29:54,2026-09-29T21:29:54,2026-09-29T21:29:54
4114,健喬,2026-06-23,30.9,-0.05000000000000071,-0.16%,,,,,,,,,ShowDailyK_ChartFlow,FinMind_API_TaiwanStockPrice_4114,True,2026-09-29T21:29:54,2026-09-29T21:29:54,2026-09-29T21:29:54
4114,健喬,2026-06-24,31.1,0.20000000000000284,0.65%,,,,,,,,,ShowDailyK_ChartFlow,FinMind_API_TaiwanStockPrice_4114,True,2026-09-29T21:29:54,2026-09-29T21:29:54,2026-09-29T21:29:54
4114,健喬,2026-06-25,30.9,-0.20000000000000284,-0.64%,,,,,,,,,ShowDailyK_ChartFlow,FinMind_API_TaiwanStockPrice_4114,True,2026-09-29T21:29:54,2026-09-29T21:29:54,2026-09-29T21:29:54
4114,健喬,2026-06-26,30.3,-0.5999999999999979,-1.94%,,,,,,,,,ShowDailyK_ChartFlow,FinMind_API_TaiwanStockPrice_4114,True,2026-09-29T21:29:54,2026-09-29T21:29:54,2026-09-29T21:29:54
4114,健喬,2026-06-29,31.15,0.8499999999999979,2.81%,,,,,,,,,ShowDailyK_ChartFlow,FinMind_API_TaiwanStockPrice_4114,True,2026-09-29T21:29:54,2026-09-29T21:29:54,2026-09-29T21:29:54
4114,健喬,2026-06-30,31.35,0.20000000000000284,0.64%,,,,,,,,,ShowDailyK_ChartFlow,FinMind_API_TaiwanStockPrice_4114,True,2026-09-29T21:29:54,2026-09-29T21:29:54,2026-09-29T21:29:54
4114,健喬,2026-07-01,31.35,0.0,0.00%,,,,,,,,,ShowDailyK_ChartFlow,FinMind_API_TaiwanStockPrice_4114,True,2026-09-29T21:29:54,2026-09-29T21:29:54,2026-09-29T21:29:54
4114,健喬,2026-07-02,31.15,-0.20000000000000284,-0.64%,,,,,,,,,ShowDailyK_ChartFlow,FinMind_API_TaiwanStockPrice_4114,True,2026-09-29T21:29:54,2026-09-29T21:29:54,2026-09-29T21:29:54
4114,健喬,2026-07-03,31.8,0.6500000000000021,2.09%,,,,,,,,,ShowDailyK_ChartFlow,FinMind_API_TaiwanStockPrice_4114,True,2026-09-29T21:29:54,2026-09-29T21:29:54,2026-09-29T21:29:54
4114,健喬,2026-07-06,32.65,0.8499999999999979,2.67%,,,,,,,,,ShowDailyK_ChartFlow,FinMind_API_TaiwanStockPrice_4114,True,2026-09-29T21:29:54,2026-09-29T21:29:54,2026-09-29T21:29:54
4114,健喬,2026-07-07,32.85,0.20000000000000284,0.61%,,,,,,,,,ShowDailyK_ChartFlow,FinMind_API_TaiwanStockPrice_4114,True,2026-09-29T21:29:54,2026-09-29T21:29:54,2026-09-29T21:29:54
4114,健喬,2026-07-08,33.55,0.6999999999999957,2.13%,,,,,,,,,ShowDailyK_ChartFlow,FinMind_API_TaiwanStockPrice_4114,True,2026-09-29T21:29:54,2026-09-29T21:29:54,2026-09-29T21:29:54
4114,健喬,2026-07-09,33.35,-0.19999999999999574,-0.60%,,,,,,,,,ShowDailyK_ChartFlow,FinMind_API_TaiwanStockPrice_4114,True,2026-09-29T21:29:54,2026-09-29T21:29:54,2026-09-29T21:29:54
4114,健喬,2026-07-13,33.3,-0.05000000000000426,-0.15%,,,,,,,,,ShowDailyK_ChartFlow,FinMind_API_TaiwanStockPrice_4114,True,2026-09-29T21:29:54,2026-09-29T21:29:54,2026-09-29T21:29:54
4114,健喬,2026-07-14,33.35,0.05000000000000426,0.15%,,,,,,,,,ShowDailyK_ChartFlow,FinMind_API_TaiwanStockPrice_4114,True,2026-09-29T21:29:54,2026-09-29T21:29:54,2026-09-29T21:29:54
4114,健喬,2026-07-15,33.6,0.25,0.75%,,,,,,,,,ShowDailyK_ChartFlow,FinMind_API_TaiwanStockPrice_4114,True,2026-09-29T21:29:54,2026-09-29T21:29:54,2026-09-29T21:29:54
4114,健喬,2026-07-16,33.25,-0.3500000000000014,-1.04%,,,,,,,,,ShowDailyK_ChartFlow,FinMind_API_TaiwanStockPrice_4114,True,2026-09-29T21:29:54,2026-09-29T21:29:54,2026-09-29T21:29:54
4114,健喬,2026-07-17,29.6,-3.6499999999999986,-10.98%,,,,,,,,,ShowDailyK_ChartFlow,FinMind_API_TaiwanStockPrice_4114,True,2026-09-29T21:29:54,2026-09-29T21:29:54,2026-09-29T21:29:54
4114,健喬,2026-07-20,29.3,-0.3000000000000007,-1.01%,,,,,,,,,ShowDailyK_ChartFlow,FinMind_API_TaiwanStockPrice_4114,True,2026-09-29T21:29:54,2026-09-29T21:29:54,2026-09-29T21:29:54
4114,健喬,2026-07-21,29.7,0.3999999999999986,1.37%,,,,,,,,,ShowDailyK_ChartFlow,FinMind_API_TaiwanStockPrice_4114,True,2026-09-29T21:29:54,2026-09-29T21:29:54,2026-09-29T21:29:54
4114,健喬,2026-07-22,29.6,-0.09999999999999787,-0.34%,,,,,,,,,ShowDailyK_ChartFlow,FinMind_API_TaiwanStockPrice_4114,True,2026-09-29T21:29:54,2026-09-29T21:29:54,2026-09-29T21:29:54
4114,健喬,2026-07-23,29.35,-0.25,-0.84%,,,,,,,,,ShowDailyK_ChartFlow,FinMind_API_TaiwanStockPrice_4114,True,2026-09-29T21:29:54,2026-09-29T21:29:54,2026-09-29T21:29:54
4114,健喬,2026-07-24,29.55,0.1999999999999993,0.68%,,,,,,,,,ShowDailyK_ChartFlow,FinMind_API_TaiwanStockPrice_4114,True,2026-09-29T21:29:54,2026-09-29T21:29:54,2026-09-29T21:29:54
4114,健喬,2026-07-27,29.5,-0.05000000000000071,-0.17%,,,,,,,,,ShowDailyK_ChartFlow,FinMind_API_TaiwanStockPrice_4114,True,2026-09-29T21:29:54,2026-09-29T21:29:54,2026-09-29T21:29:54
4114,健喬,2026-07-28,29.2,-0.3000000000000007,-1.02%,,,,,,,,,ShowDailyK_ChartFlow,FinMind_API_TaiwanStockPrice_4114,True,2026-09-29T21:29:54,2026-09-29T21:29:54,2026-09-29T21:29:54
4114,健喬,2026-07-29,29.25,0.05000000000000071,0.17%,,,,,,,,,ShowDailyK_ChartFlow,FinMind_API_TaiwanStockPrice_4114,True,2026-09-29T21:29:54,2026-09-29T21:29:54,2026-09-29T21:29:54
4114,健喬,2026-07-30,29.05,-0.1999999999999993,-0.68%,,,,,,,,,ShowDailyK_ChartFlow,FinMind_API_TaiwanStockPrice_4114,True,2026-09-29T21:29:54,2026-09-29T21:29:54,2026-09-29T21:29:54
4114,健喬,2026-07-31,29.0,-0.05000000000000071,-0.17%,,,,,,,,,ShowDailyK_ChartFlow,FinMind_API_TaiwanStockPrice_4114,True,2026-09-29T21:29:54,2026-09-29T21:29:54,2026-09-29T21:29:54
4114,健喬,2026-08-03,28.9,-0.10000000000000142,-0.34%,,,,,,,,,ShowDailyK_ChartFlow,FinMind_API_TaiwanStockPrice_4114,True,2026-09-29T21:29:54,2026-09-29T21:29:54,2026-09-29T21:29:54
4114,健喬,2026-08-04,29.05,0.15000000000000213,0.52%,,,,,,,,,ShowDailyK_ChartFlow,FinMind_API_TaiwanStockPrice_4114,True,2026-09-29T21:29:54,2026-09-29T21:29:54,2026-09-29T21:29:54
4114,健喬,2026-08-05,28.95,-0.10000000000000142,-0.34%,,,,,,,,,ShowDailyK_ChartFlow,FinMind_API_TaiwanStockPrice_4114,True,2026-09-29T21:29:54,2026-09-29T21:29:54,2026-09-29T21:29:54
4114,健喬,2026-08-06,28.95,0.0,0.00%,,,,,,,,,ShowDailyK_ChartFlow,FinMind_API_TaiwanStockPrice_4114,True,2026-09-29T21:29:54,2026-09-29T21:29:54,2026-09-29T21:29:54
4114,健喬,2026-08-07,29.25,0.3000000000000007,1.04%,,,,,,,,,ShowDailyK_ChartFlow,FinMind_API_TaiwanStockPrice_4114,True,2026-09-29T21:29:54,2026-09-29T21:29:54,2026-09-29T21:29:54
4114,健喬,2026-08-10,29.5,0.25,0.85%,,,,,,,,,ShowDailyK_ChartFlow,FinMind_API_TaiwanStockPrice_4114,True,2026-09-29T21:29:54,2026-09-29T21:29:54,2026-09-29T21:29:54
4114,健喬,2026-08-11,30.05,0.5500000000000007,1.86%,,,,,,,,,ShowDailyK_ChartFlow,FinMind_API_TaiwanStockPrice_4114,True,2026-09-29T21:29:54,2026-09-29T21:29:54,2026-09-29T21:29:54
4114,健喬,2026-08-12,29.8,-0.25,-0.83%,,,,,,,,,ShowDailyK_ChartFlow,FinMind_API_TaiwanStockPrice_4114,True,2026-09-29T21:29:54,2026-09-29T21:29:54,2026-09-29T21:29:54
4114,健喬,2026-08-13,30.0,0.1999999999999993,0.67%,,,,,,,,,ShowDailyK_ChartFlow,FinMind_API_TaiwanStockPrice_4114,True,2026-09-29T21:29:54,2026-09-29T21:29:54,2026-09-29T21:29:54
4114,健喬,2026-08-14,29.8,-0.1999999999999993,-0.67%,,,,,,,,,ShowDailyK_ChartFlow,FinMind_API_TaiwanStockPrice_4114,True,2026-09-29T21:29:54,2026-09-29T21:29:54,2026-09-29T21:29:54
4114,健喬,2026-08-17,30.0,0.1999999999999993,0.67%,,,,,,,,,ShowDailyK_ChartFlow,FinMind_API_TaiwanStockPrice_4114,True,2026-09-29T21:29:54,2026-09-29T21:29:54,2026-09-29T21:29:54
4114,健喬,2026-08-18,30.0,0.0,0.00%,,,,,,,,,ShowDailyK_ChartFlow,FinMind_API_TaiwanStockPrice_4114,True,2026-09-29T21:29:54,2026-09-29T21:29:54,2026-09-29T21:29:54
4114,健喬,2026-08-19,30.25,0.25,0.83%,,,,,,,,,ShowDailyK_ChartFlow,FinMind_API_TaiwanStockPrice_4114,True,2026-09-29T21:29:54,2026-09-29T21:29:54,2026-09-29T21:29:54
4114,健喬,2026-08-20,31.25,1.0,3.31%,,,,,,,,,ShowDailyK_ChartFlow,FinMind_API_TaiwanStockPrice_4114,True,2026-09-29T21:29:54,2026-09-29T21:29:54,2026-09-29T21:29:54
4114,健喬,2026-08-21,30.55,-0.6999999999999993,-2.24%,,,,,,,,,ShowDailyK_ChartFlow,FinMind_API_TaiwanStockPrice_4114,True,2026-09-29T21:29:54,2026-09-29T21:29:54,2026-09-29T21:29:54
4114,健喬,2026-08-24,30.25,-0.3000000000000007,-0.98%,,,,,,,,,ShowDailyK_ChartFlow,FinMind_API_TaiwanStockPrice_4114,True,2026-09-29T21:29:54,2026-09-29T21:29:54,2026-09-29T21:29:54
4114,健喬,2026-08-25,29.9,-0.3500000000000014,-1.16%,,,,,,,,,ShowDailyK_ChartFlow,FinMind_API_TaiwanStockPrice_4114,True,2026-09-29T21:29:54,2026-09-29T21:29:54,2026-09-29T21:29:54
4114,健喬,2026-08-26,29.9,0.0,0.00%,,,,,,,,,ShowDailyK_ChartFlow,FinMind_API_TaiwanStockPrice_4114,True,2026-09-29T21:29:54,2026-09-29T21:29:54,2026-09-29T21:29:54
4114,健喬,2026-08-27,29.85,-0.04999999999999716,-0.17%,,,,,,,,,ShowDailyK_ChartFlow,FinMind_API_TaiwanStockPrice_4114,True,2026-09-29T21:29:54,2026-09-29T21:29:54,2026-09-29T21:29:54
4114,健喬,2026-08-28,29.9,0.04999999999999716,0.17%,,,,,,,,,ShowDailyK_ChartFlow,FinMind_API_TaiwanStockPrice_4114,True,2026-09-29T21:29:54,2026-09-29T21:29:54,2026-09-29T21:29:54
4114,健喬,2026-08-31,29.8,-0.09999999999999787,-0.33%,,,,,,,,,ShowDailyK_ChartFlow,FinMind_API_TaiwanStockPrice_4114,True,2026-09-29T21:29:54,2026-09-29T21:29:54,2026-09-29T21:29:54
4114,健喬,2026-09-01,29.8,0.0,0.00%,,,,,,,,,ShowDailyK_ChartFlow,FinMind_API_TaiwanStockPrice_4114,True,2026-09-29T21:29:54,2026-09-29T21:29:54,2026-09-29T21:29:54
4114,健喬,2026-09-02,29.7,-0.10000000000000142,-0.34%,,,,,,,,,ShowDailyK_ChartFlow,FinMind_API_TaiwanStockPrice_4114,True,2026-09-29T21:29:54,2026-09-29T21:29:54,2026-09-29T21:29:54
4114,健喬,2026-09-03,29.6,-0.09999999999999787,-0.34%,,,,,,,,,ShowDailyK_ChartFlow,FinMind_API_TaiwanStockPrice_4114,True,2026-09-29T21:29:54,2026-09-29T21:29:54,2026-09-29T21:29:54
4114,健喬,2026-09-04,29.8,0.1999999999999993,0.68%,,,,,,,,,ShowDailyK_ChartFlow,FinMind_API_TaiwanStockPrice_4114,True,2026-09-29T21:29:54,2026-09-29T21:29:54,2026-09-29T21:29:54
4114,健喬,2026-09-07,29.65,-0.15000000000000213,-0.50%,,,,,,,,,ShowDailyK_ChartFlow,FinMind_API_TaiwanStockPrice_4114,True,2026-09-29T21:29:54,2026-09-29T21:29:54,2026-09-29T21:29:54
4114,健喬,2026-09-08,29.6,-0.04999999999999716,-0.17%,,,,,,,,,ShowDailyK_ChartFlow,FinMind_API_TaiwanStockPrice_4114,True,2026-09-29T21:29:54,2026-09-29T21:29:54,2026-09-29T21:29:54
4114,健喬,2026-09-09,29.95,0.34999999999999787,1.18%,,,,,,,,,ShowDailyK_ChartFlow,FinMind_API_TaiwanStockPrice_4114,True,2026-09-29T21:29:54,2026-09-29T21:29:54,2026-09-29T21:29:54
4114,健喬,2026-09-10,29.75,-0.1999999999999993,-0.67%,,,,,,,,,ShowDailyK_ChartFlow,FinMind_API_TaiwanStockPrice_4114,True,2026-09-29T21:29:54,2026-09-29T21:29:54,2026-09-29T21:29:54
4114,健喬,2026-09-11,29.5,-0.25,-0.84%,,,,,,,,,ShowDailyK_ChartFlow,FinMind_API_TaiwanStockPrice_4114,True,2026-09-29T21:29:54,2026-09-29T21:29:54,2026-09-29T21:29:54
4114,健喬,2026-09-14,29.45,-0.05000000000000071,-0.17%,,,,,,,,,ShowDailyK_ChartFlow,FinMind_API_TaiwanStockPrice_4114,True,2026-09-29T21:29:54,2026-09-29T21:29:54,2026-09-29T21:29:54
4114,健喬,2026-09-15,29.35,-0.09999999999999787,-0.34%,,,,,,,,,ShowDailyK_ChartFlow,FinMind_API_TaiwanStockPrice_4114,True,2026-09-29T21:29:54,2026-09-29T21:29:54,2026-09-29T21:29:54
4114,健喬,2026-09-16,29.35,0.0,0.00%,,,,,,,,,ShowDailyK_ChartFlow,FinMind_API_TaiwanStockPrice_4114,True,2026-09-29T21:29:54,2026-09-29T21:29:54,2026-09-29T21:29:54
4114,健喬,2026-09-17,29.65,0.29999999999999716,1.02%,,,,,,,,,ShowDailyK_ChartFlow,FinMind_API_TaiwanStockPrice_4114,True,2026-09-29T21:29:54,2026-09-29T21:29:54,2026-09-29T21:29:54
4114,健喬,2026-09-18,29.8,0.15000000000000213,0.51%,,,,,,,,,ShowDailyK_ChartFlow,FinMind_API_TaiwanStockPrice_4114,True,2026-09-29T21:29:54,2026-09-29T21:29:54,2026-09-29T21:29:54
4114,健喬,2026-09-21,29.6,-0.1999999999999993,-0.67%,,,,,,,,,ShowDailyK_ChartFlow,FinMind_API_TaiwanStockPrice_4114,True,2026-09-29T21:29:54,2026-09-29T21:29:54,2026-09-29T21:29:54
4114,健喬,2026-09-22,29.6,0.0,0.00%,,,,,,,,,ShowDailyK_ChartFlow,FinMind_API_TaiwanStockPrice_4114,True,2026-09-29T21:29:54,2026-09-29T21:29:54,2026-09-29T21:29:54
4114,健喬,2026-09-23,29.6,0.0,0.00%,,,,,,,,,ShowDailyK_ChartFlow,FinMind_API_TaiwanStockPrice_4114,True,2026-09-29T21:29:54,2026-09-29T21:29:54,2026-09-29T21:29:54
4114,健喬,2026-09-24,29.4,-0.20000000000000284,-0.68%,,,,,,,,,ShowDailyK_ChartFlow,FinMind_API_TaiwanStockPrice_4114,True,2026-09-29T21:29:54,2026-09-29T21:29:54,2026-09-29T21:29:54
4114,健喬,2026-09-29,29.3,-0.09999999999999787,-0.34%,,,,,,,,,ShowDailyK_ChartFlow,FinMind_API_TaiwanStockPrice_4114,True,2026-09-29T21:29:54,2026-09-29T21:29:54,2026-09-29T21:29:54
