stock_code,company_name,交易_日期,收盤價_元,漲跌價_元,漲跌幅_pct,河流圖_eps_元,目前_per_倍,本益比試算價格_15x_元,本益比試算價格_18x_元,本益比試算價格_21x_元,本益比試算價格_24x_元,本益比試算價格_27x_元,本益比試算價格_30x_元,file_type,source_file,download_success,download_timestamp,process_timestamp,stage1_process_timestamp
7736,虎山,2024-03-27,110.0,,,,,,,,,,,ShowDailyK_ChartFlow,FinMind_API_TaiwanStockPrice_7736,True,2026-09-28T22:45:35,2026-09-28T22:45:35,2026-09-28T22:45:35
7736,虎山,2024-03-28,109.0,-1.0,-0.91%,,,,,,,,,ShowDailyK_ChartFlow,FinMind_API_TaiwanStockPrice_7736,True,2026-09-28T22:45:35,2026-09-28T22:45:35,2026-09-28T22:45:35
7736,虎山,2024-03-29,101.0,-8.0,-7.34%,,,,,,,,,ShowDailyK_ChartFlow,FinMind_API_TaiwanStockPrice_7736,True,2026-09-28T22:45:35,2026-09-28T22:45:35,2026-09-28T22:45:35
7736,虎山,2024-04-01,111.0,10.0,9.90%,,,,,,,,,ShowDailyK_ChartFlow,FinMind_API_TaiwanStockPrice_7736,True,2026-09-28T22:45:35,2026-09-28T22:45:35,2026-09-28T22:45:35
7736,虎山,2024-04-02,117.0,6.0,5.41%,,,,,,,,,ShowDailyK_ChartFlow,FinMind_API_TaiwanStockPrice_7736,True,2026-09-28T22:45:35,2026-09-28T22:45:35,2026-09-28T22:45:35
7736,虎山,2024-04-03,120.0,3.0,2.56%,,,,,,,,,ShowDailyK_ChartFlow,FinMind_API_TaiwanStockPrice_7736,True,2026-09-28T22:45:35,2026-09-28T22:45:35,2026-09-28T22:45:35
7736,虎山,2024-04-08,117.0,-3.0,-2.50%,,,,,,,,,ShowDailyK_ChartFlow,FinMind_API_TaiwanStockPrice_7736,True,2026-09-28T22:45:35,2026-09-28T22:45:35,2026-09-28T22:45:35
7736,虎山,2024-04-09,112.5,-4.5,-3.85%,,,,,,,,,ShowDailyK_ChartFlow,FinMind_API_TaiwanStockPrice_7736,True,2026-09-28T22:45:35,2026-09-28T22:45:35,2026-09-28T22:45:35
7736,虎山,2024-04-10,112.5,0.0,0.00%,,,,,,,,,ShowDailyK_ChartFlow,FinMind_API_TaiwanStockPrice_7736,True,2026-09-28T22:45:35,2026-09-28T22:45:35,2026-09-28T22:45:35
7736,虎山,2024-04-11,115.0,2.5,2.22%,,,,,,,,,ShowDailyK_ChartFlow,FinMind_API_TaiwanStockPrice_7736,True,2026-09-28T22:45:35,2026-09-28T22:45:35,2026-09-28T22:45:35
7736,虎山,2024-04-12,110.0,-5.0,-4.35%,,,,,,,,,ShowDailyK_ChartFlow,FinMind_API_TaiwanStockPrice_7736,True,2026-09-28T22:45:35,2026-09-28T22:45:35,2026-09-28T22:45:35
7736,虎山,2024-04-15,110.5,0.5,0.45%,,,,,,,,,ShowDailyK_ChartFlow,FinMind_API_TaiwanStockPrice_7736,True,2026-09-28T22:45:35,2026-09-28T22:45:35,2026-09-28T22:45:35
7736,虎山,2024-04-16,110.0,-0.5,-0.45%,,,,,,,,,ShowDailyK_ChartFlow,FinMind_API_TaiwanStockPrice_7736,True,2026-09-28T22:45:35,2026-09-28T22:45:35,2026-09-28T22:45:35
7736,虎山,2024-04-17,112.5,2.5,2.27%,,,,,,,,,ShowDailyK_ChartFlow,FinMind_API_TaiwanStockPrice_7736,True,2026-09-28T22:45:35,2026-09-28T22:45:35,2026-09-28T22:45:35
7736,虎山,2024-04-18,108.5,-4.0,-3.56%,,,,,,,,,ShowDailyK_ChartFlow,FinMind_API_TaiwanStockPrice_7736,True,2026-09-28T22:45:35,2026-09-28T22:45:35,2026-09-28T22:45:35
7736,虎山,2024-04-19,108.0,-0.5,-0.46%,,,,,,,,,ShowDailyK_ChartFlow,FinMind_API_TaiwanStockPrice_7736,True,2026-09-28T22:45:35,2026-09-28T22:45:35,2026-09-28T22:45:35
7736,虎山,2024-04-22,107.0,-1.0,-0.93%,,,,,,,,,ShowDailyK_ChartFlow,FinMind_API_TaiwanStockPrice_7736,True,2026-09-28T22:45:35,2026-09-28T22:45:35,2026-09-28T22:45:35
7736,虎山,2024-04-23,105.0,-2.0,-1.87%,,,,,,,,,ShowDailyK_ChartFlow,FinMind_API_TaiwanStockPrice_7736,True,2026-09-28T22:45:35,2026-09-28T22:45:35,2026-09-28T22:45:35
7736,虎山,2024-04-24,106.5,1.5,1.43%,,,,,,,,,ShowDailyK_ChartFlow,FinMind_API_TaiwanStockPrice_7736,True,2026-09-28T22:45:35,2026-09-28T22:45:35,2026-09-28T22:45:35
7736,虎山,2024-04-25,105.5,-1.0,-0.94%,,,,,,,,,ShowDailyK_ChartFlow,FinMind_API_TaiwanStockPrice_7736,True,2026-09-28T22:45:35,2026-09-28T22:45:35,2026-09-28T22:45:35
7736,虎山,2024-04-26,105.5,0.0,0.00%,,,,,,,,,ShowDailyK_ChartFlow,FinMind_API_TaiwanStockPrice_7736,True,2026-09-28T22:45:35,2026-09-28T22:45:35,2026-09-28T22:45:35
7736,虎山,2024-04-29,106.0,0.5,0.47%,,,,,,,,,ShowDailyK_ChartFlow,FinMind_API_TaiwanStockPrice_7736,True,2026-09-28T22:45:35,2026-09-28T22:45:35,2026-09-28T22:45:35
7736,虎山,2024-04-30,105.5,-0.5,-0.47%,,,,,,,,,ShowDailyK_ChartFlow,FinMind_API_TaiwanStockPrice_7736,True,2026-09-28T22:45:35,2026-09-28T22:45:35,2026-09-28T22:45:35
7736,虎山,2024-05-02,106.0,0.5,0.47%,,,,,,,,,ShowDailyK_ChartFlow,FinMind_API_TaiwanStockPrice_7736,True,2026-09-28T22:45:35,2026-09-28T22:45:35,2026-09-28T22:45:35
7736,虎山,2024-05-03,105.5,-0.5,-0.47%,,,,,,,,,ShowDailyK_ChartFlow,FinMind_API_TaiwanStockPrice_7736,True,2026-09-28T22:45:35,2026-09-28T22:45:35,2026-09-28T22:45:35
7736,虎山,2024-05-06,110.0,4.5,4.27%,,,,,,,,,ShowDailyK_ChartFlow,FinMind_API_TaiwanStockPrice_7736,True,2026-09-28T22:45:35,2026-09-28T22:45:35,2026-09-28T22:45:35
7736,虎山,2024-05-07,106.0,-4.0,-3.64%,,,,,,,,,ShowDailyK_ChartFlow,FinMind_API_TaiwanStockPrice_7736,True,2026-09-28T22:45:35,2026-09-28T22:45:35,2026-09-28T22:45:35
7736,虎山,2024-05-08,105.0,-1.0,-0.94%,,,,,,,,,ShowDailyK_ChartFlow,FinMind_API_TaiwanStockPrice_7736,True,2026-09-28T22:45:35,2026-09-28T22:45:35,2026-09-28T22:45:35
7736,虎山,2024-05-09,106.0,1.0,0.95%,,,,,,,,,ShowDailyK_ChartFlow,FinMind_API_TaiwanStockPrice_7736,True,2026-09-28T22:45:35,2026-09-28T22:45:35,2026-09-28T22:45:35
7736,虎山,2024-05-10,105.0,-1.0,-0.94%,,,,,,,,,ShowDailyK_ChartFlow,FinMind_API_TaiwanStockPrice_7736,True,2026-09-28T22:45:35,2026-09-28T22:45:35,2026-09-28T22:45:35
7736,虎山,2024-05-13,107.5,2.5,2.38%,,,,,,,,,ShowDailyK_ChartFlow,FinMind_API_TaiwanStockPrice_7736,True,2026-09-28T22:45:35,2026-09-28T22:45:35,2026-09-28T22:45:35
7736,虎山,2024-05-14,107.5,0.0,0.00%,,,,,,,,,ShowDailyK_ChartFlow,FinMind_API_TaiwanStockPrice_7736,True,2026-09-28T22:45:35,2026-09-28T22:45:35,2026-09-28T22:45:35
7736,虎山,2024-05-15,107.5,0.0,0.00%,,,,,,,,,ShowDailyK_ChartFlow,FinMind_API_TaiwanStockPrice_7736,True,2026-09-28T22:45:35,2026-09-28T22:45:35,2026-09-28T22:45:35
7736,虎山,2024-05-16,107.0,-0.5,-0.47%,,,,,,,,,ShowDailyK_ChartFlow,FinMind_API_TaiwanStockPrice_7736,True,2026-09-28T22:45:35,2026-09-28T22:45:35,2026-09-28T22:45:35
7736,虎山,2024-05-17,104.0,-3.0,-2.80%,,,,,,,,,ShowDailyK_ChartFlow,FinMind_API_TaiwanStockPrice_7736,True,2026-09-28T22:45:35,2026-09-28T22:45:35,2026-09-28T22:45:35
7736,虎山,2024-05-20,104.5,0.5,0.48%,,,,,,,,,ShowDailyK_ChartFlow,FinMind_API_TaiwanStockPrice_7736,True,2026-09-28T22:45:35,2026-09-28T22:45:35,2026-09-28T22:45:35
7736,虎山,2024-05-21,107.5,3.0,2.87%,,,,,,,,,ShowDailyK_ChartFlow,FinMind_API_TaiwanStockPrice_7736,True,2026-09-28T22:45:35,2026-09-28T22:45:35,2026-09-28T22:45:35
7736,虎山,2024-05-22,107.5,0.0,0.00%,,,,,,,,,ShowDailyK_ChartFlow,FinMind_API_TaiwanStockPrice_7736,True,2026-09-28T22:45:35,2026-09-28T22:45:35,2026-09-28T22:45:35
7736,虎山,2024-05-23,108.0,0.5,0.47%,,,,,,,,,ShowDailyK_ChartFlow,FinMind_API_TaiwanStockPrice_7736,True,2026-09-28T22:45:35,2026-09-28T22:45:35,2026-09-28T22:45:35
7736,虎山,2024-05-24,103.5,-4.5,-4.17%,,,,,,,,,ShowDailyK_ChartFlow,FinMind_API_TaiwanStockPrice_7736,True,2026-09-28T22:45:35,2026-09-28T22:45:35,2026-09-28T22:45:35
7736,虎山,2024-05-27,107.5,4.0,3.86%,,,,,,,,,ShowDailyK_ChartFlow,FinMind_API_TaiwanStockPrice_7736,True,2026-09-28T22:45:35,2026-09-28T22:45:35,2026-09-28T22:45:35
7736,虎山,2024-05-28,107.5,0.0,0.00%,,,,,,,,,ShowDailyK_ChartFlow,FinMind_API_TaiwanStockPrice_7736,True,2026-09-28T22:45:35,2026-09-28T22:45:35,2026-09-28T22:45:35
7736,虎山,2024-05-29,105.5,-2.0,-1.86%,,,,,,,,,ShowDailyK_ChartFlow,FinMind_API_TaiwanStockPrice_7736,True,2026-09-28T22:45:35,2026-09-28T22:45:35,2026-09-28T22:45:35
7736,虎山,2024-05-30,103.5,-2.0,-1.90%,,,,,,,,,ShowDailyK_ChartFlow,FinMind_API_TaiwanStockPrice_7736,True,2026-09-28T22:45:35,2026-09-28T22:45:35,2026-09-28T22:45:35
7736,虎山,2024-05-31,107.5,4.0,3.86%,,,,,,,,,ShowDailyK_ChartFlow,FinMind_API_TaiwanStockPrice_7736,True,2026-09-28T22:45:35,2026-09-28T22:45:35,2026-09-28T22:45:35
7736,虎山,2024-06-03,105.0,-2.5,-2.33%,,,,,,,,,ShowDailyK_ChartFlow,FinMind_API_TaiwanStockPrice_7736,True,2026-09-28T22:45:35,2026-09-28T22:45:35,2026-09-28T22:45:35
7736,虎山,2024-06-04,103.0,-2.0,-1.90%,,,,,,,,,ShowDailyK_ChartFlow,FinMind_API_TaiwanStockPrice_7736,True,2026-09-28T22:45:35,2026-09-28T22:45:35,2026-09-28T22:45:35
7736,虎山,2024-06-05,103.0,0.0,0.00%,,,,,,,,,ShowDailyK_ChartFlow,FinMind_API_TaiwanStockPrice_7736,True,2026-09-28T22:45:35,2026-09-28T22:45:35,2026-09-28T22:45:35
7736,虎山,2024-06-06,103.0,0.0,0.00%,,,,,,,,,ShowDailyK_ChartFlow,FinMind_API_TaiwanStockPrice_7736,True,2026-09-28T22:45:35,2026-09-28T22:45:35,2026-09-28T22:45:35
7736,虎山,2024-06-07,103.0,0.0,0.00%,,,,,,,,,ShowDailyK_ChartFlow,FinMind_API_TaiwanStockPrice_7736,True,2026-09-28T22:45:35,2026-09-28T22:45:35,2026-09-28T22:45:35
7736,虎山,2024-06-11,99.0,-4.0,-3.88%,,,,,,,,,ShowDailyK_ChartFlow,FinMind_API_TaiwanStockPrice_7736,True,2026-09-28T22:45:35,2026-09-28T22:45:35,2026-09-28T22:45:35
7736,虎山,2024-06-12,98.0,-1.0,-1.01%,,,,,,,,,ShowDailyK_ChartFlow,FinMind_API_TaiwanStockPrice_7736,True,2026-09-28T22:45:35,2026-09-28T22:45:35,2026-09-28T22:45:35
7736,虎山,2024-06-13,98.0,0.0,0.00%,,,,,,,,,ShowDailyK_ChartFlow,FinMind_API_TaiwanStockPrice_7736,True,2026-09-28T22:45:35,2026-09-28T22:45:35,2026-09-28T22:45:35
7736,虎山,2024-06-14,96.8,-1.2000000000000028,-1.22%,,,,,,,,,ShowDailyK_ChartFlow,FinMind_API_TaiwanStockPrice_7736,True,2026-09-28T22:45:35,2026-09-28T22:45:35,2026-09-28T22:45:35
7736,虎山,2024-06-17,94.2,-2.5999999999999943,-2.69%,,,,,,,,,ShowDailyK_ChartFlow,FinMind_API_TaiwanStockPrice_7736,True,2026-09-28T22:45:35,2026-09-28T22:45:35,2026-09-28T22:45:35
7736,虎山,2024-06-18,96.0,1.7999999999999972,1.91%,,,,,,,,,ShowDailyK_ChartFlow,FinMind_API_TaiwanStockPrice_7736,True,2026-09-28T22:45:35,2026-09-28T22:45:35,2026-09-28T22:45:35
7736,虎山,2024-06-19,98.9,2.9000000000000057,3.02%,,,,,,,,,ShowDailyK_ChartFlow,FinMind_API_TaiwanStockPrice_7736,True,2026-09-28T22:45:35,2026-09-28T22:45:35,2026-09-28T22:45:35
7736,虎山,2024-06-20,98.9,0.0,0.00%,,,,,,,,,ShowDailyK_ChartFlow,FinMind_API_TaiwanStockPrice_7736,True,2026-09-28T22:45:35,2026-09-28T22:45:35,2026-09-28T22:45:35
7736,虎山,2024-06-21,96.0,-2.9000000000000057,-2.93%,,,,,,,,,ShowDailyK_ChartFlow,FinMind_API_TaiwanStockPrice_7736,True,2026-09-28T22:45:35,2026-09-28T22:45:35,2026-09-28T22:45:35
7736,虎山,2024-06-24,98.4,2.4000000000000057,2.50%,,,,,,,,,ShowDailyK_ChartFlow,FinMind_API_TaiwanStockPrice_7736,True,2026-09-28T22:45:35,2026-09-28T22:45:35,2026-09-28T22:45:35
7736,虎山,2024-06-25,99.0,0.5999999999999943,0.61%,,,,,,,,,ShowDailyK_ChartFlow,FinMind_API_TaiwanStockPrice_7736,True,2026-09-28T22:45:35,2026-09-28T22:45:35,2026-09-28T22:45:35
7736,虎山,2024-06-26,99.2,0.20000000000000284,0.20%,,,,,,,,,ShowDailyK_ChartFlow,FinMind_API_TaiwanStockPrice_7736,True,2026-09-28T22:45:35,2026-09-28T22:45:35,2026-09-28T22:45:35
7736,虎山,2024-06-27,99.8,0.5999999999999943,0.60%,,,,,,,,,ShowDailyK_ChartFlow,FinMind_API_TaiwanStockPrice_7736,True,2026-09-28T22:45:35,2026-09-28T22:45:35,2026-09-28T22:45:35
7736,虎山,2024-06-28,101.0,1.2000000000000028,1.20%,,,,,,,,,ShowDailyK_ChartFlow,FinMind_API_TaiwanStockPrice_7736,True,2026-09-28T22:45:35,2026-09-28T22:45:35,2026-09-28T22:45:35
7736,虎山,2024-07-01,99.9,-1.0999999999999943,-1.09%,,,,,,,,,ShowDailyK_ChartFlow,FinMind_API_TaiwanStockPrice_7736,True,2026-09-28T22:45:35,2026-09-28T22:45:35,2026-09-28T22:45:35
7736,虎山,2024-07-02,100.0,0.09999999999999432,0.10%,,,,,,,,,ShowDailyK_ChartFlow,FinMind_API_TaiwanStockPrice_7736,True,2026-09-28T22:45:35,2026-09-28T22:45:35,2026-09-28T22:45:35
7736,虎山,2024-07-03,104.0,4.0,4.00%,,,,,,,,,ShowDailyK_ChartFlow,FinMind_API_TaiwanStockPrice_7736,True,2026-09-28T22:45:35,2026-09-28T22:45:35,2026-09-28T22:45:35
7736,虎山,2024-07-04,104.0,0.0,0.00%,,,,,,,,,ShowDailyK_ChartFlow,FinMind_API_TaiwanStockPrice_7736,True,2026-09-28T22:45:35,2026-09-28T22:45:35,2026-09-28T22:45:35
7736,虎山,2024-07-05,101.0,-3.0,-2.88%,,,,,,,,,ShowDailyK_ChartFlow,FinMind_API_TaiwanStockPrice_7736,True,2026-09-28T22:45:35,2026-09-28T22:45:35,2026-09-28T22:45:35
7736,虎山,2024-07-08,104.0,3.0,2.97%,,,,,,,,,ShowDailyK_ChartFlow,FinMind_API_TaiwanStockPrice_7736,True,2026-09-28T22:45:35,2026-09-28T22:45:35,2026-09-28T22:45:35
7736,虎山,2024-07-09,104.0,0.0,0.00%,,,,,,,,,ShowDailyK_ChartFlow,FinMind_API_TaiwanStockPrice_7736,True,2026-09-28T22:45:35,2026-09-28T22:45:35,2026-09-28T22:45:35
7736,虎山,2024-07-10,103.0,-1.0,-0.96%,,,,,,,,,ShowDailyK_ChartFlow,FinMind_API_TaiwanStockPrice_7736,True,2026-09-28T22:45:35,2026-09-28T22:45:35,2026-09-28T22:45:35
7736,虎山,2024-07-11,101.0,-2.0,-1.94%,,,,,,,,,ShowDailyK_ChartFlow,FinMind_API_TaiwanStockPrice_7736,True,2026-09-28T22:45:35,2026-09-28T22:45:35,2026-09-28T22:45:35
7736,虎山,2024-07-12,104.5,3.5,3.47%,,,,,,,,,ShowDailyK_ChartFlow,FinMind_API_TaiwanStockPrice_7736,True,2026-09-28T22:45:35,2026-09-28T22:45:35,2026-09-28T22:45:35
7736,虎山,2024-07-15,104.5,0.0,0.00%,,,,,,,,,ShowDailyK_ChartFlow,FinMind_API_TaiwanStockPrice_7736,True,2026-09-28T22:45:35,2026-09-28T22:45:35,2026-09-28T22:45:35
7736,虎山,2024-07-16,104.5,0.0,0.00%,,,,,,,,,ShowDailyK_ChartFlow,FinMind_API_TaiwanStockPrice_7736,True,2026-09-28T22:45:35,2026-09-28T22:45:35,2026-09-28T22:45:35
7736,虎山,2024-07-17,105.0,0.5,0.48%,,,,,,,,,ShowDailyK_ChartFlow,FinMind_API_TaiwanStockPrice_7736,True,2026-09-28T22:45:35,2026-09-28T22:45:35,2026-09-28T22:45:35
7736,虎山,2024-07-18,100.5,-4.5,-4.29%,,,,,,,,,ShowDailyK_ChartFlow,FinMind_API_TaiwanStockPrice_7736,True,2026-09-28T22:45:35,2026-09-28T22:45:35,2026-09-28T22:45:35
7736,虎山,2024-07-19,100.0,-0.5,-0.50%,,,,,,,,,ShowDailyK_ChartFlow,FinMind_API_TaiwanStockPrice_7736,True,2026-09-28T22:45:35,2026-09-28T22:45:35,2026-09-28T22:45:35
7736,虎山,2024-07-22,102.5,2.5,2.50%,,,,,,,,,ShowDailyK_ChartFlow,FinMind_API_TaiwanStockPrice_7736,True,2026-09-28T22:45:35,2026-09-28T22:45:35,2026-09-28T22:45:35
7736,虎山,2024-07-23,102.5,0.0,0.00%,,,,,,,,,ShowDailyK_ChartFlow,FinMind_API_TaiwanStockPrice_7736,True,2026-09-28T22:45:35,2026-09-28T22:45:35,2026-09-28T22:45:35
7736,虎山,2024-07-26,102.5,0.0,0.00%,,,,,,,,,ShowDailyK_ChartFlow,FinMind_API_TaiwanStockPrice_7736,True,2026-09-28T22:45:35,2026-09-28T22:45:35,2026-09-28T22:45:35
7736,虎山,2024-07-29,103.0,0.5,0.49%,,,,,,,,,ShowDailyK_ChartFlow,FinMind_API_TaiwanStockPrice_7736,True,2026-09-28T22:45:35,2026-09-28T22:45:35,2026-09-28T22:45:35
7736,虎山,2024-07-30,105.0,2.0,1.94%,,,,,,,,,ShowDailyK_ChartFlow,FinMind_API_TaiwanStockPrice_7736,True,2026-09-28T22:45:35,2026-09-28T22:45:35,2026-09-28T22:45:35
7736,虎山,2024-07-31,103.0,-2.0,-1.90%,,,,,,,,,ShowDailyK_ChartFlow,FinMind_API_TaiwanStockPrice_7736,True,2026-09-28T22:45:35,2026-09-28T22:45:35,2026-09-28T22:45:35
7736,虎山,2024-08-01,103.0,0.0,0.00%,,,,,,,,,ShowDailyK_ChartFlow,FinMind_API_TaiwanStockPrice_7736,True,2026-09-28T22:45:35,2026-09-28T22:45:35,2026-09-28T22:45:35
7736,虎山,2024-08-02,102.0,-1.0,-0.97%,,,,,,,,,ShowDailyK_ChartFlow,FinMind_API_TaiwanStockPrice_7736,True,2026-09-28T22:45:35,2026-09-28T22:45:35,2026-09-28T22:45:35
7736,虎山,2024-08-05,103.5,1.5,1.47%,,,,,,,,,ShowDailyK_ChartFlow,FinMind_API_TaiwanStockPrice_7736,True,2026-09-28T22:45:35,2026-09-28T22:45:35,2026-09-28T22:45:35
7736,虎山,2024-08-06,103.5,0.0,0.00%,,,,,,,,,ShowDailyK_ChartFlow,FinMind_API_TaiwanStockPrice_7736,True,2026-09-28T22:45:35,2026-09-28T22:45:35,2026-09-28T22:45:35
7736,虎山,2024-08-07,99.5,-4.0,-3.86%,,,,,,,,,ShowDailyK_ChartFlow,FinMind_API_TaiwanStockPrice_7736,True,2026-09-28T22:45:35,2026-09-28T22:45:35,2026-09-28T22:45:35
7736,虎山,2024-08-08,103.5,4.0,4.02%,,,,,,,,,ShowDailyK_ChartFlow,FinMind_API_TaiwanStockPrice_7736,True,2026-09-28T22:45:35,2026-09-28T22:45:35,2026-09-28T22:45:35
7736,虎山,2024-08-09,104.0,0.5,0.48%,,,,,,,,,ShowDailyK_ChartFlow,FinMind_API_TaiwanStockPrice_7736,True,2026-09-28T22:45:35,2026-09-28T22:45:35,2026-09-28T22:45:35
7736,虎山,2024-08-12,102.5,-1.5,-1.44%,,,,,,,,,ShowDailyK_ChartFlow,FinMind_API_TaiwanStockPrice_7736,True,2026-09-28T22:45:35,2026-09-28T22:45:35,2026-09-28T22:45:35
7736,虎山,2024-08-13,101.0,-1.5,-1.46%,,,,,,,,,ShowDailyK_ChartFlow,FinMind_API_TaiwanStockPrice_7736,True,2026-09-28T22:45:35,2026-09-28T22:45:35,2026-09-28T22:45:35
7736,虎山,2024-08-14,107.0,6.0,5.94%,,,,,,,,,ShowDailyK_ChartFlow,FinMind_API_TaiwanStockPrice_7736,True,2026-09-28T22:45:35,2026-09-28T22:45:35,2026-09-28T22:45:35
7736,虎山,2024-08-15,107.0,0.0,0.00%,,,,,,,,,ShowDailyK_ChartFlow,FinMind_API_TaiwanStockPrice_7736,True,2026-09-28T22:45:35,2026-09-28T22:45:35,2026-09-28T22:45:35
7736,虎山,2024-08-16,103.0,-4.0,-3.74%,,,,,,,,,ShowDailyK_ChartFlow,FinMind_API_TaiwanStockPrice_7736,True,2026-09-28T22:45:35,2026-09-28T22:45:35,2026-09-28T22:45:35
7736,虎山,2024-08-19,105.0,2.0,1.94%,,,,,,,,,ShowDailyK_ChartFlow,FinMind_API_TaiwanStockPrice_7736,True,2026-09-28T22:45:35,2026-09-28T22:45:35,2026-09-28T22:45:35
7736,虎山,2024-08-20,105.0,0.0,0.00%,,,,,,,,,ShowDailyK_ChartFlow,FinMind_API_TaiwanStockPrice_7736,True,2026-09-28T22:45:35,2026-09-28T22:45:35,2026-09-28T22:45:35
7736,虎山,2024-08-21,105.0,0.0,0.00%,,,,,,,,,ShowDailyK_ChartFlow,FinMind_API_TaiwanStockPrice_7736,True,2026-09-28T22:45:35,2026-09-28T22:45:35,2026-09-28T22:45:35
7736,虎山,2024-08-22,105.0,0.0,0.00%,,,,,,,,,ShowDailyK_ChartFlow,FinMind_API_TaiwanStockPrice_7736,True,2026-09-28T22:45:35,2026-09-28T22:45:35,2026-09-28T22:45:35
7736,虎山,2024-08-23,108.5,3.5,3.33%,,,,,,,,,ShowDailyK_ChartFlow,FinMind_API_TaiwanStockPrice_7736,True,2026-09-28T22:45:35,2026-09-28T22:45:35,2026-09-28T22:45:35
7736,虎山,2024-08-26,104.5,-4.0,-3.69%,,,,,,,,,ShowDailyK_ChartFlow,FinMind_API_TaiwanStockPrice_7736,True,2026-09-28T22:45:35,2026-09-28T22:45:35,2026-09-28T22:45:35
7736,虎山,2024-08-27,106.5,2.0,1.91%,,,,,,,,,ShowDailyK_ChartFlow,FinMind_API_TaiwanStockPrice_7736,True,2026-09-28T22:45:35,2026-09-28T22:45:35,2026-09-28T22:45:35
7736,虎山,2024-08-28,118.5,12.0,11.27%,,,,,,,,,ShowDailyK_ChartFlow,FinMind_API_TaiwanStockPrice_7736,True,2026-09-28T22:45:35,2026-09-28T22:45:35,2026-09-28T22:45:35
7736,虎山,2024-08-29,124.5,6.0,5.06%,,,,,,,,,ShowDailyK_ChartFlow,FinMind_API_TaiwanStockPrice_7736,True,2026-09-28T22:45:35,2026-09-28T22:45:35,2026-09-28T22:45:35
7736,虎山,2024-08-30,124.0,-0.5,-0.40%,,,,,,,,,ShowDailyK_ChartFlow,FinMind_API_TaiwanStockPrice_7736,True,2026-09-28T22:45:35,2026-09-28T22:45:35,2026-09-28T22:45:35
7736,虎山,2024-09-02,120.0,-4.0,-3.23%,,,,,,,,,ShowDailyK_ChartFlow,FinMind_API_TaiwanStockPrice_7736,True,2026-09-28T22:45:35,2026-09-28T22:45:35,2026-09-28T22:45:35
7736,虎山,2024-09-03,120.0,0.0,0.00%,,,,,,,,,ShowDailyK_ChartFlow,FinMind_API_TaiwanStockPrice_7736,True,2026-09-28T22:45:35,2026-09-28T22:45:35,2026-09-28T22:45:35
7736,虎山,2024-09-04,120.0,0.0,0.00%,,,,,,,,,ShowDailyK_ChartFlow,FinMind_API_TaiwanStockPrice_7736,True,2026-09-28T22:45:35,2026-09-28T22:45:35,2026-09-28T22:45:35
7736,虎山,2024-09-05,119.5,-0.5,-0.42%,,,,,,,,,ShowDailyK_ChartFlow,FinMind_API_TaiwanStockPrice_7736,True,2026-09-28T22:45:35,2026-09-28T22:45:35,2026-09-28T22:45:35
7736,虎山,2024-09-06,119.5,0.0,0.00%,,,,,,,,,ShowDailyK_ChartFlow,FinMind_API_TaiwanStockPrice_7736,True,2026-09-28T22:45:35,2026-09-28T22:45:35,2026-09-28T22:45:35
7736,虎山,2024-09-09,119.0,-0.5,-0.42%,,,,,,,,,ShowDailyK_ChartFlow,FinMind_API_TaiwanStockPrice_7736,True,2026-09-28T22:45:35,2026-09-28T22:45:35,2026-09-28T22:45:35
7736,虎山,2024-09-10,114.5,-4.5,-3.78%,,,,,,,,,ShowDailyK_ChartFlow,FinMind_API_TaiwanStockPrice_7736,True,2026-09-28T22:45:35,2026-09-28T22:45:35,2026-09-28T22:45:35
7736,虎山,2024-09-11,117.0,2.5,2.18%,,,,,,,,,ShowDailyK_ChartFlow,FinMind_API_TaiwanStockPrice_7736,True,2026-09-28T22:45:35,2026-09-28T22:45:35,2026-09-28T22:45:35
7736,虎山,2024-09-12,114.0,-3.0,-2.56%,,,,,,,,,ShowDailyK_ChartFlow,FinMind_API_TaiwanStockPrice_7736,True,2026-09-28T22:45:35,2026-09-28T22:45:35,2026-09-28T22:45:35
7736,虎山,2024-09-13,114.0,0.0,0.00%,,,,,,,,,ShowDailyK_ChartFlow,FinMind_API_TaiwanStockPrice_7736,True,2026-09-28T22:45:35,2026-09-28T22:45:35,2026-09-28T22:45:35
7736,虎山,2024-09-16,118.5,4.5,3.95%,,,,,,,,,ShowDailyK_ChartFlow,FinMind_API_TaiwanStockPrice_7736,True,2026-09-28T22:45:35,2026-09-28T22:45:35,2026-09-28T22:45:35
7736,虎山,2024-09-18,119.5,1.0,0.84%,,,,,,,,,ShowDailyK_ChartFlow,FinMind_API_TaiwanStockPrice_7736,True,2026-09-28T22:45:35,2026-09-28T22:45:35,2026-09-28T22:45:35
7736,虎山,2024-09-19,119.5,0.0,0.00%,,,,,,,,,ShowDailyK_ChartFlow,FinMind_API_TaiwanStockPrice_7736,True,2026-09-28T22:45:35,2026-09-28T22:45:35,2026-09-28T22:45:35
7736,虎山,2024-09-20,119.5,0.0,0.00%,,,,,,,,,ShowDailyK_ChartFlow,FinMind_API_TaiwanStockPrice_7736,True,2026-09-28T22:45:35,2026-09-28T22:45:35,2026-09-28T22:45:35
7736,虎山,2024-09-23,120.5,1.0,0.84%,,,,,,,,,ShowDailyK_ChartFlow,FinMind_API_TaiwanStockPrice_7736,True,2026-09-28T22:45:35,2026-09-28T22:45:35,2026-09-28T22:45:35
7736,虎山,2024-09-24,121.0,0.5,0.41%,,,,,,,,,ShowDailyK_ChartFlow,FinMind_API_TaiwanStockPrice_7736,True,2026-09-28T22:45:35,2026-09-28T22:45:35,2026-09-28T22:45:35
7736,虎山,2024-09-25,126.0,5.0,4.13%,,,,,,,,,ShowDailyK_ChartFlow,FinMind_API_TaiwanStockPrice_7736,True,2026-09-28T22:45:35,2026-09-28T22:45:35,2026-09-28T22:45:35
7736,虎山,2024-09-26,125.0,-1.0,-0.79%,,,,,,,,,ShowDailyK_ChartFlow,FinMind_API_TaiwanStockPrice_7736,True,2026-09-28T22:45:35,2026-09-28T22:45:35,2026-09-28T22:45:35
7736,虎山,2024-09-27,124.0,-1.0,-0.80%,,,,,,,,,ShowDailyK_ChartFlow,FinMind_API_TaiwanStockPrice_7736,True,2026-09-28T22:45:35,2026-09-28T22:45:35,2026-09-28T22:45:35
7736,虎山,2024-09-30,123.0,-1.0,-0.81%,,,,,,,,,ShowDailyK_ChartFlow,FinMind_API_TaiwanStockPrice_7736,True,2026-09-28T22:45:35,2026-09-28T22:45:35,2026-09-28T22:45:35
7736,虎山,2024-10-01,123.0,0.0,0.00%,,,,,,,,,ShowDailyK_ChartFlow,FinMind_API_TaiwanStockPrice_7736,True,2026-09-28T22:45:35,2026-09-28T22:45:35,2026-09-28T22:45:35
7736,虎山,2024-10-04,123.0,0.0,0.00%,,,,,,,,,ShowDailyK_ChartFlow,FinMind_API_TaiwanStockPrice_7736,True,2026-09-28T22:45:35,2026-09-28T22:45:35,2026-09-28T22:45:35
7736,虎山,2024-10-07,123.0,0.0,0.00%,,,,,,,,,ShowDailyK_ChartFlow,FinMind_API_TaiwanStockPrice_7736,True,2026-09-28T22:45:35,2026-09-28T22:45:35,2026-09-28T22:45:35
7736,虎山,2024-10-08,122.5,-0.5,-0.41%,,,,,,,,,ShowDailyK_ChartFlow,FinMind_API_TaiwanStockPrice_7736,True,2026-09-28T22:45:35,2026-09-28T22:45:35,2026-09-28T22:45:35
7736,虎山,2024-10-09,122.5,0.0,0.00%,,,,,,,,,ShowDailyK_ChartFlow,FinMind_API_TaiwanStockPrice_7736,True,2026-09-28T22:45:35,2026-09-28T22:45:35,2026-09-28T22:45:35
7736,虎山,2024-10-11,117.5,-5.0,-4.08%,,,,,,,,,ShowDailyK_ChartFlow,FinMind_API_TaiwanStockPrice_7736,True,2026-09-28T22:45:35,2026-09-28T22:45:35,2026-09-28T22:45:35
7736,虎山,2024-10-14,122.0,4.5,3.83%,,,,,,,,,ShowDailyK_ChartFlow,FinMind_API_TaiwanStockPrice_7736,True,2026-09-28T22:45:35,2026-09-28T22:45:35,2026-09-28T22:45:35
7736,虎山,2024-10-15,120.0,-2.0,-1.64%,,,,,,,,,ShowDailyK_ChartFlow,FinMind_API_TaiwanStockPrice_7736,True,2026-09-28T22:45:35,2026-09-28T22:45:35,2026-09-28T22:45:35
7736,虎山,2024-10-16,120.5,0.5,0.42%,,,,,,,,,ShowDailyK_ChartFlow,FinMind_API_TaiwanStockPrice_7736,True,2026-09-28T22:45:35,2026-09-28T22:45:35,2026-09-28T22:45:35
7736,虎山,2024-10-17,122.5,2.0,1.66%,,,,,,,,,ShowDailyK_ChartFlow,FinMind_API_TaiwanStockPrice_7736,True,2026-09-28T22:45:35,2026-09-28T22:45:35,2026-09-28T22:45:35
7736,虎山,2024-10-18,121.0,-1.5,-1.22%,,,,,,,,,ShowDailyK_ChartFlow,FinMind_API_TaiwanStockPrice_7736,True,2026-09-28T22:45:35,2026-09-28T22:45:35,2026-09-28T22:45:35
7736,虎山,2024-10-21,120.5,-0.5,-0.41%,,,,,,,,,ShowDailyK_ChartFlow,FinMind_API_TaiwanStockPrice_7736,True,2026-09-28T22:45:35,2026-09-28T22:45:35,2026-09-28T22:45:35
7736,虎山,2024-10-22,117.0,-3.5,-2.90%,,,,,,,,,ShowDailyK_ChartFlow,FinMind_API_TaiwanStockPrice_7736,True,2026-09-28T22:45:35,2026-09-28T22:45:35,2026-09-28T22:45:35
7736,虎山,2024-10-23,117.5,0.5,0.43%,,,,,,,,,ShowDailyK_ChartFlow,FinMind_API_TaiwanStockPrice_7736,True,2026-09-28T22:45:35,2026-09-28T22:45:35,2026-09-28T22:45:35
7736,虎山,2024-10-24,122.0,4.5,3.83%,,,,,,,,,ShowDailyK_ChartFlow,FinMind_API_TaiwanStockPrice_7736,True,2026-09-28T22:45:35,2026-09-28T22:45:35,2026-09-28T22:45:35
7736,虎山,2024-10-25,117.5,-4.5,-3.69%,,,,,,,,,ShowDailyK_ChartFlow,FinMind_API_TaiwanStockPrice_7736,True,2026-09-28T22:45:35,2026-09-28T22:45:35,2026-09-28T22:45:35
7736,虎山,2024-10-28,120.0,2.5,2.13%,,,,,,,,,ShowDailyK_ChartFlow,FinMind_API_TaiwanStockPrice_7736,True,2026-09-28T22:45:35,2026-09-28T22:45:35,2026-09-28T22:45:35
7736,虎山,2024-10-29,119.0,-1.0,-0.83%,,,,,,,,,ShowDailyK_ChartFlow,FinMind_API_TaiwanStockPrice_7736,True,2026-09-28T22:45:35,2026-09-28T22:45:35,2026-09-28T22:45:35
7736,虎山,2024-10-30,118.0,-1.0,-0.84%,,,,,,,,,ShowDailyK_ChartFlow,FinMind_API_TaiwanStockPrice_7736,True,2026-09-28T22:45:35,2026-09-28T22:45:35,2026-09-28T22:45:35
7736,虎山,2024-11-01,119.5,1.5,1.27%,,,,,,,,,ShowDailyK_ChartFlow,FinMind_API_TaiwanStockPrice_7736,True,2026-09-28T22:45:35,2026-09-28T22:45:35,2026-09-28T22:45:35
7736,虎山,2024-11-04,118.0,-1.5,-1.26%,,,,,,,,,ShowDailyK_ChartFlow,FinMind_API_TaiwanStockPrice_7736,True,2026-09-28T22:45:35,2026-09-28T22:45:35,2026-09-28T22:45:35
7736,虎山,2024-11-05,118.0,0.0,0.00%,,,,,,,,,ShowDailyK_ChartFlow,FinMind_API_TaiwanStockPrice_7736,True,2026-09-28T22:45:35,2026-09-28T22:45:35,2026-09-28T22:45:35
7736,虎山,2024-11-06,118.0,0.0,0.00%,,,,,,,,,ShowDailyK_ChartFlow,FinMind_API_TaiwanStockPrice_7736,True,2026-09-28T22:45:35,2026-09-28T22:45:35,2026-09-28T22:45:35
7736,虎山,2024-11-07,118.0,0.0,0.00%,,,,,,,,,ShowDailyK_ChartFlow,FinMind_API_TaiwanStockPrice_7736,True,2026-09-28T22:45:35,2026-09-28T22:45:35,2026-09-28T22:45:35
7736,虎山,2024-11-08,120.0,2.0,1.69%,,,,,,,,,ShowDailyK_ChartFlow,FinMind_API_TaiwanStockPrice_7736,True,2026-09-28T22:45:35,2026-09-28T22:45:35,2026-09-28T22:45:35
7736,虎山,2024-11-11,119.0,-1.0,-0.83%,,,,,,,,,ShowDailyK_ChartFlow,FinMind_API_TaiwanStockPrice_7736,True,2026-09-28T22:45:35,2026-09-28T22:45:35,2026-09-28T22:45:35
7736,虎山,2024-11-12,117.5,-1.5,-1.26%,,,,,,,,,ShowDailyK_ChartFlow,FinMind_API_TaiwanStockPrice_7736,True,2026-09-28T22:45:35,2026-09-28T22:45:35,2026-09-28T22:45:35
7736,虎山,2024-11-13,120.0,2.5,2.13%,,,,,,,,,ShowDailyK_ChartFlow,FinMind_API_TaiwanStockPrice_7736,True,2026-09-28T22:45:35,2026-09-28T22:45:35,2026-09-28T22:45:35
7736,虎山,2024-11-14,117.5,-2.5,-2.08%,,,,,,,,,ShowDailyK_ChartFlow,FinMind_API_TaiwanStockPrice_7736,True,2026-09-28T22:45:35,2026-09-28T22:45:35,2026-09-28T22:45:35
7736,虎山,2024-11-15,117.5,0.0,0.00%,,,,,,,,,ShowDailyK_ChartFlow,FinMind_API_TaiwanStockPrice_7736,True,2026-09-28T22:45:35,2026-09-28T22:45:35,2026-09-28T22:45:35
7736,虎山,2024-11-18,117.5,0.0,0.00%,,,,,,,,,ShowDailyK_ChartFlow,FinMind_API_TaiwanStockPrice_7736,True,2026-09-28T22:45:35,2026-09-28T22:45:35,2026-09-28T22:45:35
7736,虎山,2024-11-19,120.5,3.0,2.55%,,,,,,,,,ShowDailyK_ChartFlow,FinMind_API_TaiwanStockPrice_7736,True,2026-09-28T22:45:35,2026-09-28T22:45:35,2026-09-28T22:45:35
7736,虎山,2024-11-20,120.0,-0.5,-0.41%,,,,,,,,,ShowDailyK_ChartFlow,FinMind_API_TaiwanStockPrice_7736,True,2026-09-28T22:45:35,2026-09-28T22:45:35,2026-09-28T22:45:35
7736,虎山,2024-11-21,118.0,-2.0,-1.67%,,,,,,,,,ShowDailyK_ChartFlow,FinMind_API_TaiwanStockPrice_7736,True,2026-09-28T22:45:35,2026-09-28T22:45:35,2026-09-28T22:45:35
7736,虎山,2024-11-22,117.5,-0.5,-0.42%,,,,,,,,,ShowDailyK_ChartFlow,FinMind_API_TaiwanStockPrice_7736,True,2026-09-28T22:45:35,2026-09-28T22:45:35,2026-09-28T22:45:35
7736,虎山,2024-11-25,118.0,0.5,0.43%,,,,,,,,,ShowDailyK_ChartFlow,FinMind_API_TaiwanStockPrice_7736,True,2026-09-28T22:45:35,2026-09-28T22:45:35,2026-09-28T22:45:35
7736,虎山,2024-11-26,119.0,1.0,0.85%,,,,,,,,,ShowDailyK_ChartFlow,FinMind_API_TaiwanStockPrice_7736,True,2026-09-28T22:45:35,2026-09-28T22:45:35,2026-09-28T22:45:35
7736,虎山,2024-11-27,118.0,-1.0,-0.84%,,,,,,,,,ShowDailyK_ChartFlow,FinMind_API_TaiwanStockPrice_7736,True,2026-09-28T22:45:35,2026-09-28T22:45:35,2026-09-28T22:45:35
7736,虎山,2024-11-28,117.0,-1.0,-0.85%,,,,,,,,,ShowDailyK_ChartFlow,FinMind_API_TaiwanStockPrice_7736,True,2026-09-28T22:45:35,2026-09-28T22:45:35,2026-09-28T22:45:35
7736,虎山,2024-11-29,117.0,0.0,0.00%,,,,,,,,,ShowDailyK_ChartFlow,FinMind_API_TaiwanStockPrice_7736,True,2026-09-28T22:45:35,2026-09-28T22:45:35,2026-09-28T22:45:35
7736,虎山,2024-12-02,119.0,2.0,1.71%,,,,,,,,,ShowDailyK_ChartFlow,FinMind_API_TaiwanStockPrice_7736,True,2026-09-28T22:45:35,2026-09-28T22:45:35,2026-09-28T22:45:35
7736,虎山,2024-12-03,121.0,2.0,1.68%,,,,,,,,,ShowDailyK_ChartFlow,FinMind_API_TaiwanStockPrice_7736,True,2026-09-28T22:45:35,2026-09-28T22:45:35,2026-09-28T22:45:35
7736,虎山,2024-12-04,120.0,-1.0,-0.83%,,,,,,,,,ShowDailyK_ChartFlow,FinMind_API_TaiwanStockPrice_7736,True,2026-09-28T22:45:35,2026-09-28T22:45:35,2026-09-28T22:45:35
7736,虎山,2024-12-05,120.0,0.0,0.00%,,,,,,,,,ShowDailyK_ChartFlow,FinMind_API_TaiwanStockPrice_7736,True,2026-09-28T22:45:35,2026-09-28T22:45:35,2026-09-28T22:45:35
7736,虎山,2024-12-06,118.5,-1.5,-1.25%,,,,,,,,,ShowDailyK_ChartFlow,FinMind_API_TaiwanStockPrice_7736,True,2026-09-28T22:45:35,2026-09-28T22:45:35,2026-09-28T22:45:35
7736,虎山,2024-12-09,119.0,0.5,0.42%,,,,,,,,,ShowDailyK_ChartFlow,FinMind_API_TaiwanStockPrice_7736,True,2026-09-28T22:45:35,2026-09-28T22:45:35,2026-09-28T22:45:35
7736,虎山,2024-12-10,119.5,0.5,0.42%,,,,,,,,,ShowDailyK_ChartFlow,FinMind_API_TaiwanStockPrice_7736,True,2026-09-28T22:45:35,2026-09-28T22:45:35,2026-09-28T22:45:35
7736,虎山,2024-12-11,120.0,0.5,0.42%,,,,,,,,,ShowDailyK_ChartFlow,FinMind_API_TaiwanStockPrice_7736,True,2026-09-28T22:45:35,2026-09-28T22:45:35,2026-09-28T22:45:35
7736,虎山,2024-12-12,118.5,-1.5,-1.25%,,,,,,,,,ShowDailyK_ChartFlow,FinMind_API_TaiwanStockPrice_7736,True,2026-09-28T22:45:35,2026-09-28T22:45:35,2026-09-28T22:45:35
7736,虎山,2024-12-13,118.5,0.0,0.00%,,,,,,,,,ShowDailyK_ChartFlow,FinMind_API_TaiwanStockPrice_7736,True,2026-09-28T22:45:35,2026-09-28T22:45:35,2026-09-28T22:45:35
7736,虎山,2024-12-16,118.5,0.0,0.00%,,,,,,,,,ShowDailyK_ChartFlow,FinMind_API_TaiwanStockPrice_7736,True,2026-09-28T22:45:35,2026-09-28T22:45:35,2026-09-28T22:45:35
7736,虎山,2024-12-17,118.0,-0.5,-0.42%,,,,,,,,,ShowDailyK_ChartFlow,FinMind_API_TaiwanStockPrice_7736,True,2026-09-28T22:45:35,2026-09-28T22:45:35,2026-09-28T22:45:35
7736,虎山,2024-12-18,118.0,0.0,0.00%,,,,,,,,,ShowDailyK_ChartFlow,FinMind_API_TaiwanStockPrice_7736,True,2026-09-28T22:45:35,2026-09-28T22:45:35,2026-09-28T22:45:35
7736,虎山,2024-12-19,118.5,0.5,0.42%,,,,,,,,,ShowDailyK_ChartFlow,FinMind_API_TaiwanStockPrice_7736,True,2026-09-28T22:45:35,2026-09-28T22:45:35,2026-09-28T22:45:35
7736,虎山,2024-12-20,117.0,-1.5,-1.27%,,,,,,,,,ShowDailyK_ChartFlow,FinMind_API_TaiwanStockPrice_7736,True,2026-09-28T22:45:35,2026-09-28T22:45:35,2026-09-28T22:45:35
7736,虎山,2024-12-23,118.0,1.0,0.85%,,,,,,,,,ShowDailyK_ChartFlow,FinMind_API_TaiwanStockPrice_7736,True,2026-09-28T22:45:35,2026-09-28T22:45:35,2026-09-28T22:45:35
7736,虎山,2024-12-24,118.5,0.5,0.42%,,,,,,,,,ShowDailyK_ChartFlow,FinMind_API_TaiwanStockPrice_7736,True,2026-09-28T22:45:35,2026-09-28T22:45:35,2026-09-28T22:45:35
7736,虎山,2024-12-25,120.5,2.0,1.69%,,,,,,,,,ShowDailyK_ChartFlow,FinMind_API_TaiwanStockPrice_7736,True,2026-09-28T22:45:35,2026-09-28T22:45:35,2026-09-28T22:45:35
7736,虎山,2024-12-26,120.0,-0.5,-0.41%,,,,,,,,,ShowDailyK_ChartFlow,FinMind_API_TaiwanStockPrice_7736,True,2026-09-28T22:45:35,2026-09-28T22:45:35,2026-09-28T22:45:35
7736,虎山,2024-12-27,120.0,0.0,0.00%,,,,,,,,,ShowDailyK_ChartFlow,FinMind_API_TaiwanStockPrice_7736,True,2026-09-28T22:45:35,2026-09-28T22:45:35,2026-09-28T22:45:35
7736,虎山,2024-12-30,120.0,0.0,0.00%,,,,,,,,,ShowDailyK_ChartFlow,FinMind_API_TaiwanStockPrice_7736,True,2026-09-28T22:45:35,2026-09-28T22:45:35,2026-09-28T22:45:35
7736,虎山,2024-12-31,119.5,-0.5,-0.42%,,,,,,,,,ShowDailyK_ChartFlow,FinMind_API_TaiwanStockPrice_7736,True,2026-09-28T22:45:35,2026-09-28T22:45:35,2026-09-28T22:45:35
7736,虎山,2025-01-02,118.0,-1.5,-1.26%,,,,,,,,,ShowDailyK_ChartFlow,FinMind_API_TaiwanStockPrice_7736,True,2026-09-28T22:45:35,2026-09-28T22:45:35,2026-09-28T22:45:35
7736,虎山,2025-01-03,119.5,1.5,1.27%,,,,,,,,,ShowDailyK_ChartFlow,FinMind_API_TaiwanStockPrice_7736,True,2026-09-28T22:45:35,2026-09-28T22:45:35,2026-09-28T22:45:35
7736,虎山,2025-01-06,123.0,3.5,2.93%,,,,,,,,,ShowDailyK_ChartFlow,FinMind_API_TaiwanStockPrice_7736,True,2026-09-28T22:45:35,2026-09-28T22:45:35,2026-09-28T22:45:35
7736,虎山,2025-01-07,120.0,-3.0,-2.44%,,,,,,,,,ShowDailyK_ChartFlow,FinMind_API_TaiwanStockPrice_7736,True,2026-09-28T22:45:35,2026-09-28T22:45:35,2026-09-28T22:45:35
7736,虎山,2025-01-08,119.5,-0.5,-0.42%,,,,,,,,,ShowDailyK_ChartFlow,FinMind_API_TaiwanStockPrice_7736,True,2026-09-28T22:45:35,2026-09-28T22:45:35,2026-09-28T22:45:35
7736,虎山,2025-01-09,118.0,-1.5,-1.26%,,,,,,,,,ShowDailyK_ChartFlow,FinMind_API_TaiwanStockPrice_7736,True,2026-09-28T22:45:35,2026-09-28T22:45:35,2026-09-28T22:45:35
7736,虎山,2025-01-10,117.5,-0.5,-0.42%,,,,,,,,,ShowDailyK_ChartFlow,FinMind_API_TaiwanStockPrice_7736,True,2026-09-28T22:45:35,2026-09-28T22:45:35,2026-09-28T22:45:35
7736,虎山,2025-01-13,117.0,-0.5,-0.43%,,,,,,,,,ShowDailyK_ChartFlow,FinMind_API_TaiwanStockPrice_7736,True,2026-09-28T22:45:35,2026-09-28T22:45:35,2026-09-28T22:45:35
7736,虎山,2025-01-14,118.5,1.5,1.28%,,,,,,,,,ShowDailyK_ChartFlow,FinMind_API_TaiwanStockPrice_7736,True,2026-09-28T22:45:35,2026-09-28T22:45:35,2026-09-28T22:45:35
7736,虎山,2025-01-15,117.5,-1.0,-0.84%,,,,,,,,,ShowDailyK_ChartFlow,FinMind_API_TaiwanStockPrice_7736,True,2026-09-28T22:45:35,2026-09-28T22:45:35,2026-09-28T22:45:35
7736,虎山,2025-01-16,119.0,1.5,1.28%,,,,,,,,,ShowDailyK_ChartFlow,FinMind_API_TaiwanStockPrice_7736,True,2026-09-28T22:45:35,2026-09-28T22:45:35,2026-09-28T22:45:35
7736,虎山,2025-01-17,119.0,0.0,0.00%,,,,,,,,,ShowDailyK_ChartFlow,FinMind_API_TaiwanStockPrice_7736,True,2026-09-28T22:45:35,2026-09-28T22:45:35,2026-09-28T22:45:35
7736,虎山,2025-01-20,117.5,-1.5,-1.26%,,,,,,,,,ShowDailyK_ChartFlow,FinMind_API_TaiwanStockPrice_7736,True,2026-09-28T22:45:35,2026-09-28T22:45:35,2026-09-28T22:45:35
7736,虎山,2025-01-21,119.5,2.0,1.70%,,,,,,,,,ShowDailyK_ChartFlow,FinMind_API_TaiwanStockPrice_7736,True,2026-09-28T22:45:35,2026-09-28T22:45:35,2026-09-28T22:45:35
7736,虎山,2025-01-22,119.5,0.0,0.00%,,,,,,,,,ShowDailyK_ChartFlow,FinMind_API_TaiwanStockPrice_7736,True,2026-09-28T22:45:35,2026-09-28T22:45:35,2026-09-28T22:45:35
7736,虎山,2025-02-03,119.0,-0.5,-0.42%,,,,,,,,,ShowDailyK_ChartFlow,FinMind_API_TaiwanStockPrice_7736,True,2026-09-28T22:45:35,2026-09-28T22:45:35,2026-09-28T22:45:35
7736,虎山,2025-02-04,117.0,-2.0,-1.68%,,,,,,,,,ShowDailyK_ChartFlow,FinMind_API_TaiwanStockPrice_7736,True,2026-09-28T22:45:35,2026-09-28T22:45:35,2026-09-28T22:45:35
7736,虎山,2025-02-05,118.5,1.5,1.28%,,,,,,,,,ShowDailyK_ChartFlow,FinMind_API_TaiwanStockPrice_7736,True,2026-09-28T22:45:35,2026-09-28T22:45:35,2026-09-28T22:45:35
7736,虎山,2025-02-06,119.0,0.5,0.42%,,,,,,,,,ShowDailyK_ChartFlow,FinMind_API_TaiwanStockPrice_7736,True,2026-09-28T22:45:35,2026-09-28T22:45:35,2026-09-28T22:45:35
7736,虎山,2025-02-07,120.0,1.0,0.84%,,,,,,,,,ShowDailyK_ChartFlow,FinMind_API_TaiwanStockPrice_7736,True,2026-09-28T22:45:35,2026-09-28T22:45:35,2026-09-28T22:45:35
7736,虎山,2025-02-10,120.0,0.0,0.00%,,,,,,,,,ShowDailyK_ChartFlow,FinMind_API_TaiwanStockPrice_7736,True,2026-09-28T22:45:35,2026-09-28T22:45:35,2026-09-28T22:45:35
7736,虎山,2025-02-11,120.5,0.5,0.42%,,,,,,,,,ShowDailyK_ChartFlow,FinMind_API_TaiwanStockPrice_7736,True,2026-09-28T22:45:35,2026-09-28T22:45:35,2026-09-28T22:45:35
7736,虎山,2025-02-12,120.0,-0.5,-0.41%,,,,,,,,,ShowDailyK_ChartFlow,FinMind_API_TaiwanStockPrice_7736,True,2026-09-28T22:45:35,2026-09-28T22:45:35,2026-09-28T22:45:35
7736,虎山,2025-02-13,120.5,0.5,0.42%,,,,,,,,,ShowDailyK_ChartFlow,FinMind_API_TaiwanStockPrice_7736,True,2026-09-28T22:45:35,2026-09-28T22:45:35,2026-09-28T22:45:35
7736,虎山,2025-02-14,129.5,9.0,7.47%,,,,,,,,,ShowDailyK_ChartFlow,FinMind_API_TaiwanStockPrice_7736,True,2026-09-28T22:45:35,2026-09-28T22:45:35,2026-09-28T22:45:35
7736,虎山,2025-02-17,142.0,12.5,9.65%,,,,,,,,,ShowDailyK_ChartFlow,FinMind_API_TaiwanStockPrice_7736,True,2026-09-28T22:45:35,2026-09-28T22:45:35,2026-09-28T22:45:35
7736,虎山,2025-02-18,142.5,0.5,0.35%,,,,,,,,,ShowDailyK_ChartFlow,FinMind_API_TaiwanStockPrice_7736,True,2026-09-28T22:45:35,2026-09-28T22:45:35,2026-09-28T22:45:35
7736,虎山,2025-02-19,143.0,0.5,0.35%,,,,,,,,,ShowDailyK_ChartFlow,FinMind_API_TaiwanStockPrice_7736,True,2026-09-28T22:45:35,2026-09-28T22:45:35,2026-09-28T22:45:35
7736,虎山,2025-02-20,139.5,-3.5,-2.45%,,,,,,,,,ShowDailyK_ChartFlow,FinMind_API_TaiwanStockPrice_7736,True,2026-09-28T22:45:35,2026-09-28T22:45:35,2026-09-28T22:45:35
7736,虎山,2025-02-21,134.0,-5.5,-3.94%,,,,,,,,,ShowDailyK_ChartFlow,FinMind_API_TaiwanStockPrice_7736,True,2026-09-28T22:45:35,2026-09-28T22:45:35,2026-09-28T22:45:35
7736,虎山,2025-02-24,134.0,0.0,0.00%,,,,,,,,,ShowDailyK_ChartFlow,FinMind_API_TaiwanStockPrice_7736,True,2026-09-28T22:45:35,2026-09-28T22:45:35,2026-09-28T22:45:35
7736,虎山,2025-02-25,129.5,-4.5,-3.36%,,,,,,,,,ShowDailyK_ChartFlow,FinMind_API_TaiwanStockPrice_7736,True,2026-09-28T22:45:35,2026-09-28T22:45:35,2026-09-28T22:45:35
7736,虎山,2025-02-26,134.0,4.5,3.47%,,,,,,,,,ShowDailyK_ChartFlow,FinMind_API_TaiwanStockPrice_7736,True,2026-09-28T22:45:35,2026-09-28T22:45:35,2026-09-28T22:45:35
7736,虎山,2025-02-27,132.5,-1.5,-1.12%,,,,,,,,,ShowDailyK_ChartFlow,FinMind_API_TaiwanStockPrice_7736,True,2026-09-28T22:45:35,2026-09-28T22:45:35,2026-09-28T22:45:35
7736,虎山,2025-03-03,132.5,0.0,0.00%,,,,,,,,,ShowDailyK_ChartFlow,FinMind_API_TaiwanStockPrice_7736,True,2026-09-28T22:45:35,2026-09-28T22:45:35,2026-09-28T22:45:35
7736,虎山,2025-03-04,131.0,-1.5,-1.13%,,,,,,,,,ShowDailyK_ChartFlow,FinMind_API_TaiwanStockPrice_7736,True,2026-09-28T22:45:35,2026-09-28T22:45:35,2026-09-28T22:45:35
7736,虎山,2025-03-05,132.5,1.5,1.15%,,,,,,,,,ShowDailyK_ChartFlow,FinMind_API_TaiwanStockPrice_7736,True,2026-09-28T22:45:35,2026-09-28T22:45:35,2026-09-28T22:45:35
7736,虎山,2025-03-06,136.0,3.5,2.64%,,,,,,,,,ShowDailyK_ChartFlow,FinMind_API_TaiwanStockPrice_7736,True,2026-09-28T22:45:35,2026-09-28T22:45:35,2026-09-28T22:45:35
7736,虎山,2025-03-07,143.0,7.0,5.15%,,,,,,,,,ShowDailyK_ChartFlow,FinMind_API_TaiwanStockPrice_7736,True,2026-09-28T22:45:35,2026-09-28T22:45:35,2026-09-28T22:45:35
7736,虎山,2025-03-10,140.0,-3.0,-2.10%,,,,,,,,,ShowDailyK_ChartFlow,FinMind_API_TaiwanStockPrice_7736,True,2026-09-28T22:45:35,2026-09-28T22:45:35,2026-09-28T22:45:35
7736,虎山,2025-03-11,141.0,1.0,0.71%,,,,,,,,,ShowDailyK_ChartFlow,FinMind_API_TaiwanStockPrice_7736,True,2026-09-28T22:45:35,2026-09-28T22:45:35,2026-09-28T22:45:35
7736,虎山,2025-03-12,139.0,-2.0,-1.42%,,,,,,,,,ShowDailyK_ChartFlow,FinMind_API_TaiwanStockPrice_7736,True,2026-09-28T22:45:35,2026-09-28T22:45:35,2026-09-28T22:45:35
7736,虎山,2025-03-13,139.5,0.5,0.36%,,,,,,,,,ShowDailyK_ChartFlow,FinMind_API_TaiwanStockPrice_7736,True,2026-09-28T22:45:35,2026-09-28T22:45:35,2026-09-28T22:45:35
7736,虎山,2025-03-14,137.0,-2.5,-1.79%,,,,,,,,,ShowDailyK_ChartFlow,FinMind_API_TaiwanStockPrice_7736,True,2026-09-28T22:45:35,2026-09-28T22:45:35,2026-09-28T22:45:35
7736,虎山,2025-03-17,137.0,0.0,0.00%,,,,,,,,,ShowDailyK_ChartFlow,FinMind_API_TaiwanStockPrice_7736,True,2026-09-28T22:45:35,2026-09-28T22:45:35,2026-09-28T22:45:35
7736,虎山,2025-03-18,121.0,-16.0,-11.68%,,19.33,,,,,,,ShowDailyK_ChartFlow,FinMind_API_TaiwanStockPrice_7736,True,2026-09-28T22:45:35,2026-09-28T22:45:35,2026-09-28T22:45:35
7736,虎山,2025-03-19,118.0,-3.0,-2.48%,,18.85,,,,,,,ShowDailyK_ChartFlow,FinMind_API_TaiwanStockPrice_7736,True,2026-09-28T22:45:35,2026-09-28T22:45:35,2026-09-28T22:45:35
7736,虎山,2025-03-20,118.5,0.5,0.42%,,18.93,,,,,,,ShowDailyK_ChartFlow,FinMind_API_TaiwanStockPrice_7736,True,2026-09-28T22:45:35,2026-09-28T22:45:35,2026-09-28T22:45:35
7736,虎山,2025-03-21,118.5,0.0,0.00%,,18.93,,,,,,,ShowDailyK_ChartFlow,FinMind_API_TaiwanStockPrice_7736,True,2026-09-28T22:45:35,2026-09-28T22:45:35,2026-09-28T22:45:35
7736,虎山,2025-03-24,115.0,-3.5,-2.95%,,18.37,,,,,,,ShowDailyK_ChartFlow,FinMind_API_TaiwanStockPrice_7736,True,2026-09-28T22:45:35,2026-09-28T22:45:35,2026-09-28T22:45:35
7736,虎山,2025-03-25,115.0,0.0,0.00%,,18.37,,,,,,,ShowDailyK_ChartFlow,FinMind_API_TaiwanStockPrice_7736,True,2026-09-28T22:45:35,2026-09-28T22:45:35,2026-09-28T22:45:35
7736,虎山,2025-03-26,116.0,1.0,0.87%,,16.13,,,,,,,ShowDailyK_ChartFlow,FinMind_API_TaiwanStockPrice_7736,True,2026-09-28T22:45:35,2026-09-28T22:45:35,2026-09-28T22:45:35
7736,虎山,2025-03-27,119.0,3.0,2.59%,,16.55,,,,,,,ShowDailyK_ChartFlow,FinMind_API_TaiwanStockPrice_7736,True,2026-09-28T22:45:35,2026-09-28T22:45:35,2026-09-28T22:45:35
7736,虎山,2025-03-28,115.5,-3.5,-2.94%,,16.06,,,,,,,ShowDailyK_ChartFlow,FinMind_API_TaiwanStockPrice_7736,True,2026-09-28T22:45:35,2026-09-28T22:45:35,2026-09-28T22:45:35
7736,虎山,2025-03-31,112.0,-3.5,-3.03%,,15.58,,,,,,,ShowDailyK_ChartFlow,FinMind_API_TaiwanStockPrice_7736,True,2026-09-28T22:45:35,2026-09-28T22:45:35,2026-09-28T22:45:35
7736,虎山,2025-04-01,114.5,2.5,2.23%,,15.92,,,,,,,ShowDailyK_ChartFlow,FinMind_API_TaiwanStockPrice_7736,True,2026-09-28T22:45:35,2026-09-28T22:45:35,2026-09-28T22:45:35
7736,虎山,2025-04-02,112.5,-2.0,-1.75%,,15.65,,,,,,,ShowDailyK_ChartFlow,FinMind_API_TaiwanStockPrice_7736,True,2026-09-28T22:45:35,2026-09-28T22:45:35,2026-09-28T22:45:35
7736,虎山,2025-04-07,101.5,-11.0,-9.78%,,14.12,,,,,,,ShowDailyK_ChartFlow,FinMind_API_TaiwanStockPrice_7736,True,2026-09-28T22:45:35,2026-09-28T22:45:35,2026-09-28T22:45:35
7736,虎山,2025-04-08,93.0,-8.5,-8.37%,,12.93,,,,,,,ShowDailyK_ChartFlow,FinMind_API_TaiwanStockPrice_7736,True,2026-09-28T22:45:35,2026-09-28T22:45:35,2026-09-28T22:45:35
7736,虎山,2025-04-09,84.3,-8.700000000000003,-9.35%,,11.72,,,,,,,ShowDailyK_ChartFlow,FinMind_API_TaiwanStockPrice_7736,True,2026-09-28T22:45:35,2026-09-28T22:45:35,2026-09-28T22:45:35
7736,虎山,2025-04-10,92.7,8.400000000000006,9.96%,,12.89,,,,,,,ShowDailyK_ChartFlow,FinMind_API_TaiwanStockPrice_7736,True,2026-09-28T22:45:35,2026-09-28T22:45:35,2026-09-28T22:45:35
7736,虎山,2025-04-11,96.5,3.799999999999997,4.10%,,13.42,,,,,,,ShowDailyK_ChartFlow,FinMind_API_TaiwanStockPrice_7736,True,2026-09-28T22:45:35,2026-09-28T22:45:35,2026-09-28T22:45:35
7736,虎山,2025-04-14,99.0,2.5,2.59%,,13.77,,,,,,,ShowDailyK_ChartFlow,FinMind_API_TaiwanStockPrice_7736,True,2026-09-28T22:45:35,2026-09-28T22:45:35,2026-09-28T22:45:35
7736,虎山,2025-04-15,108.5,9.5,9.60%,,15.09,,,,,,,ShowDailyK_ChartFlow,FinMind_API_TaiwanStockPrice_7736,True,2026-09-28T22:45:35,2026-09-28T22:45:35,2026-09-28T22:45:35
7736,虎山,2025-04-16,104.0,-4.5,-4.15%,,14.46,,,,,,,ShowDailyK_ChartFlow,FinMind_API_TaiwanStockPrice_7736,True,2026-09-28T22:45:35,2026-09-28T22:45:35,2026-09-28T22:45:35
7736,虎山,2025-04-17,105.0,1.0,0.96%,,14.6,,,,,,,ShowDailyK_ChartFlow,FinMind_API_TaiwanStockPrice_7736,True,2026-09-28T22:45:35,2026-09-28T22:45:35,2026-09-28T22:45:35
7736,虎山,2025-04-18,102.5,-2.5,-2.38%,,14.26,,,,,,,ShowDailyK_ChartFlow,FinMind_API_TaiwanStockPrice_7736,True,2026-09-28T22:45:35,2026-09-28T22:45:35,2026-09-28T22:45:35
7736,虎山,2025-04-21,99.0,-3.5,-3.41%,,13.77,,,,,,,ShowDailyK_ChartFlow,FinMind_API_TaiwanStockPrice_7736,True,2026-09-28T22:45:35,2026-09-28T22:45:35,2026-09-28T22:45:35
7736,虎山,2025-04-22,100.0,1.0,1.01%,,13.91,,,,,,,ShowDailyK_ChartFlow,FinMind_API_TaiwanStockPrice_7736,True,2026-09-28T22:45:35,2026-09-28T22:45:35,2026-09-28T22:45:35
7736,虎山,2025-04-23,103.0,3.0,3.00%,,14.33,,,,,,,ShowDailyK_ChartFlow,FinMind_API_TaiwanStockPrice_7736,True,2026-09-28T22:45:35,2026-09-28T22:45:35,2026-09-28T22:45:35
7736,虎山,2025-04-24,113.0,10.0,9.71%,,15.72,,,,,,,ShowDailyK_ChartFlow,FinMind_API_TaiwanStockPrice_7736,True,2026-09-28T22:45:35,2026-09-28T22:45:35,2026-09-28T22:45:35
7736,虎山,2025-04-25,114.0,1.0,0.88%,,15.86,,,,,,,ShowDailyK_ChartFlow,FinMind_API_TaiwanStockPrice_7736,True,2026-09-28T22:45:35,2026-09-28T22:45:35,2026-09-28T22:45:35
7736,虎山,2025-04-28,115.0,1.0,0.88%,,15.99,,,,,,,ShowDailyK_ChartFlow,FinMind_API_TaiwanStockPrice_7736,True,2026-09-28T22:45:35,2026-09-28T22:45:35,2026-09-28T22:45:35
7736,虎山,2025-04-29,115.0,0.0,0.00%,,15.99,,,,,,,ShowDailyK_ChartFlow,FinMind_API_TaiwanStockPrice_7736,True,2026-09-28T22:45:35,2026-09-28T22:45:35,2026-09-28T22:45:35
7736,虎山,2025-04-30,110.5,-4.5,-3.91%,,15.37,,,,,,,ShowDailyK_ChartFlow,FinMind_API_TaiwanStockPrice_7736,True,2026-09-28T22:45:35,2026-09-28T22:45:35,2026-09-28T22:45:35
7736,虎山,2025-05-02,109.0,-1.5,-1.36%,,15.16,,,,,,,ShowDailyK_ChartFlow,FinMind_API_TaiwanStockPrice_7736,True,2026-09-28T22:45:35,2026-09-28T22:45:35,2026-09-28T22:45:35
7736,虎山,2025-05-05,106.0,-3.0,-2.75%,,14.74,,,,,,,ShowDailyK_ChartFlow,FinMind_API_TaiwanStockPrice_7736,True,2026-09-28T22:45:35,2026-09-28T22:45:35,2026-09-28T22:45:35
7736,虎山,2025-05-06,105.5,-0.5,-0.47%,,14.67,,,,,,,ShowDailyK_ChartFlow,FinMind_API_TaiwanStockPrice_7736,True,2026-09-28T22:45:35,2026-09-28T22:45:35,2026-09-28T22:45:35
7736,虎山,2025-05-07,104.0,-1.5,-1.42%,,14.46,,,,,,,ShowDailyK_ChartFlow,FinMind_API_TaiwanStockPrice_7736,True,2026-09-28T22:45:35,2026-09-28T22:45:35,2026-09-28T22:45:35
7736,虎山,2025-05-08,106.0,2.0,1.92%,,14.74,,,,,,,ShowDailyK_ChartFlow,FinMind_API_TaiwanStockPrice_7736,True,2026-09-28T22:45:35,2026-09-28T22:45:35,2026-09-28T22:45:35
7736,虎山,2025-05-09,105.5,-0.5,-0.47%,,14.67,,,,,,,ShowDailyK_ChartFlow,FinMind_API_TaiwanStockPrice_7736,True,2026-09-28T22:45:35,2026-09-28T22:45:35,2026-09-28T22:45:35
7736,虎山,2025-05-12,106.0,0.5,0.47%,,14.74,,,,,,,ShowDailyK_ChartFlow,FinMind_API_TaiwanStockPrice_7736,True,2026-09-28T22:45:35,2026-09-28T22:45:35,2026-09-28T22:45:35
7736,虎山,2025-05-13,106.5,0.5,0.47%,,14.81,,,,,,,ShowDailyK_ChartFlow,FinMind_API_TaiwanStockPrice_7736,True,2026-09-28T22:45:35,2026-09-28T22:45:35,2026-09-28T22:45:35
7736,虎山,2025-05-14,108.5,2.0,1.88%,,15.09,,,,,,,ShowDailyK_ChartFlow,FinMind_API_TaiwanStockPrice_7736,True,2026-09-28T22:45:35,2026-09-28T22:45:35,2026-09-28T22:45:35
7736,虎山,2025-05-15,107.5,-1.0,-0.92%,,16.54,,,,,,,ShowDailyK_ChartFlow,FinMind_API_TaiwanStockPrice_7736,True,2026-09-28T22:45:35,2026-09-28T22:45:35,2026-09-28T22:45:35
7736,虎山,2025-05-16,107.5,0.0,0.00%,,16.54,,,,,,,ShowDailyK_ChartFlow,FinMind_API_TaiwanStockPrice_7736,True,2026-09-28T22:45:35,2026-09-28T22:45:35,2026-09-28T22:45:35
7736,虎山,2025-05-19,106.5,-1.0,-0.93%,,16.38,,,,,,,ShowDailyK_ChartFlow,FinMind_API_TaiwanStockPrice_7736,True,2026-09-28T22:45:35,2026-09-28T22:45:35,2026-09-28T22:45:35
7736,虎山,2025-05-20,105.5,-1.0,-0.94%,,16.23,,,,,,,ShowDailyK_ChartFlow,FinMind_API_TaiwanStockPrice_7736,True,2026-09-28T22:45:35,2026-09-28T22:45:35,2026-09-28T22:45:35
7736,虎山,2025-05-21,106.5,1.0,0.95%,,16.38,,,,,,,ShowDailyK_ChartFlow,FinMind_API_TaiwanStockPrice_7736,True,2026-09-28T22:45:35,2026-09-28T22:45:35,2026-09-28T22:45:35
7736,虎山,2025-05-22,108.5,2.0,1.88%,,16.69,,,,,,,ShowDailyK_ChartFlow,FinMind_API_TaiwanStockPrice_7736,True,2026-09-28T22:45:35,2026-09-28T22:45:35,2026-09-28T22:45:35
7736,虎山,2025-05-23,108.5,0.0,0.00%,,16.69,,,,,,,ShowDailyK_ChartFlow,FinMind_API_TaiwanStockPrice_7736,True,2026-09-28T22:45:35,2026-09-28T22:45:35,2026-09-28T22:45:35
7736,虎山,2025-05-26,110.0,1.5,1.38%,,16.92,,,,,,,ShowDailyK_ChartFlow,FinMind_API_TaiwanStockPrice_7736,True,2026-09-28T22:45:35,2026-09-28T22:45:35,2026-09-28T22:45:35
7736,虎山,2025-05-27,109.5,-0.5,-0.45%,,16.85,,,,,,,ShowDailyK_ChartFlow,FinMind_API_TaiwanStockPrice_7736,True,2026-09-28T22:45:35,2026-09-28T22:45:35,2026-09-28T22:45:35
7736,虎山,2025-05-28,107.0,-2.5,-2.28%,,16.46,,,,,,,ShowDailyK_ChartFlow,FinMind_API_TaiwanStockPrice_7736,True,2026-09-28T22:45:35,2026-09-28T22:45:35,2026-09-28T22:45:35
7736,虎山,2025-05-29,107.0,0.0,0.00%,,16.46,,,,,,,ShowDailyK_ChartFlow,FinMind_API_TaiwanStockPrice_7736,True,2026-09-28T22:45:35,2026-09-28T22:45:35,2026-09-28T22:45:35
7736,虎山,2025-06-02,104.5,-2.5,-2.34%,,16.08,,,,,,,ShowDailyK_ChartFlow,FinMind_API_TaiwanStockPrice_7736,True,2026-09-28T22:45:35,2026-09-28T22:45:35,2026-09-28T22:45:35
7736,虎山,2025-06-03,105.0,0.5,0.48%,,16.15,,,,,,,ShowDailyK_ChartFlow,FinMind_API_TaiwanStockPrice_7736,True,2026-09-28T22:45:35,2026-09-28T22:45:35,2026-09-28T22:45:35
7736,虎山,2025-06-04,105.0,0.0,0.00%,,16.15,,,,,,,ShowDailyK_ChartFlow,FinMind_API_TaiwanStockPrice_7736,True,2026-09-28T22:45:35,2026-09-28T22:45:35,2026-09-28T22:45:35
7736,虎山,2025-06-05,106.5,1.5,1.43%,,16.38,,,,,,,ShowDailyK_ChartFlow,FinMind_API_TaiwanStockPrice_7736,True,2026-09-28T22:45:35,2026-09-28T22:45:35,2026-09-28T22:45:35
7736,虎山,2025-06-06,106.5,0.0,0.00%,,16.38,,,,,,,ShowDailyK_ChartFlow,FinMind_API_TaiwanStockPrice_7736,True,2026-09-28T22:45:35,2026-09-28T22:45:35,2026-09-28T22:45:35
7736,虎山,2025-06-09,106.5,0.0,0.00%,,16.38,,,,,,,ShowDailyK_ChartFlow,FinMind_API_TaiwanStockPrice_7736,True,2026-09-28T22:45:35,2026-09-28T22:45:35,2026-09-28T22:45:35
7736,虎山,2025-06-10,106.5,0.0,0.00%,,16.38,,,,,,,ShowDailyK_ChartFlow,FinMind_API_TaiwanStockPrice_7736,True,2026-09-28T22:45:35,2026-09-28T22:45:35,2026-09-28T22:45:35
7736,虎山,2025-06-11,105.0,-1.5,-1.41%,,16.15,,,,,,,ShowDailyK_ChartFlow,FinMind_API_TaiwanStockPrice_7736,True,2026-09-28T22:45:35,2026-09-28T22:45:35,2026-09-28T22:45:35
7736,虎山,2025-06-12,105.0,0.0,0.00%,,16.15,,,,,,,ShowDailyK_ChartFlow,FinMind_API_TaiwanStockPrice_7736,True,2026-09-28T22:45:35,2026-09-28T22:45:35,2026-09-28T22:45:35
7736,虎山,2025-06-13,104.0,-1.0,-0.95%,,16.0,,,,,,,ShowDailyK_ChartFlow,FinMind_API_TaiwanStockPrice_7736,True,2026-09-28T22:45:35,2026-09-28T22:45:35,2026-09-28T22:45:35
7736,虎山,2025-06-16,104.0,0.0,0.00%,,16.0,,,,,,,ShowDailyK_ChartFlow,FinMind_API_TaiwanStockPrice_7736,True,2026-09-28T22:45:35,2026-09-28T22:45:35,2026-09-28T22:45:35
7736,虎山,2025-06-17,104.0,0.0,0.00%,,16.0,,,,,,,ShowDailyK_ChartFlow,FinMind_API_TaiwanStockPrice_7736,True,2026-09-28T22:45:35,2026-09-28T22:45:35,2026-09-28T22:45:35
7736,虎山,2025-06-18,103.0,-1.0,-0.96%,,15.85,,,,,,,ShowDailyK_ChartFlow,FinMind_API_TaiwanStockPrice_7736,True,2026-09-28T22:45:35,2026-09-28T22:45:35,2026-09-28T22:45:35
7736,虎山,2025-06-19,102.0,-1.0,-0.97%,,15.69,,,,,,,ShowDailyK_ChartFlow,FinMind_API_TaiwanStockPrice_7736,True,2026-09-28T22:45:35,2026-09-28T22:45:35,2026-09-28T22:45:35
7736,虎山,2025-06-20,103.5,1.5,1.47%,,15.92,,,,,,,ShowDailyK_ChartFlow,FinMind_API_TaiwanStockPrice_7736,True,2026-09-28T22:45:35,2026-09-28T22:45:35,2026-09-28T22:45:35
7736,虎山,2025-06-23,101.0,-2.5,-2.42%,,15.54,,,,,,,ShowDailyK_ChartFlow,FinMind_API_TaiwanStockPrice_7736,True,2026-09-28T22:45:35,2026-09-28T22:45:35,2026-09-28T22:45:35
7736,虎山,2025-06-24,104.5,3.5,3.47%,,16.08,,,,,,,ShowDailyK_ChartFlow,FinMind_API_TaiwanStockPrice_7736,True,2026-09-28T22:45:35,2026-09-28T22:45:35,2026-09-28T22:45:35
7736,虎山,2025-06-25,104.0,-0.5,-0.48%,,16.0,,,,,,,ShowDailyK_ChartFlow,FinMind_API_TaiwanStockPrice_7736,True,2026-09-28T22:45:35,2026-09-28T22:45:35,2026-09-28T22:45:35
7736,虎山,2025-06-26,102.0,-2.0,-1.92%,,15.69,,,,,,,ShowDailyK_ChartFlow,FinMind_API_TaiwanStockPrice_7736,True,2026-09-28T22:45:35,2026-09-28T22:45:35,2026-09-28T22:45:35
7736,虎山,2025-06-27,103.5,1.5,1.47%,,15.92,,,,,,,ShowDailyK_ChartFlow,FinMind_API_TaiwanStockPrice_7736,True,2026-09-28T22:45:35,2026-09-28T22:45:35,2026-09-28T22:45:35
7736,虎山,2025-06-30,100.5,-3.0,-2.90%,,15.46,,,,,,,ShowDailyK_ChartFlow,FinMind_API_TaiwanStockPrice_7736,True,2026-09-28T22:45:35,2026-09-28T22:45:35,2026-09-28T22:45:35
7736,虎山,2025-07-01,102.5,2.0,1.99%,,15.77,,,,,,,ShowDailyK_ChartFlow,FinMind_API_TaiwanStockPrice_7736,True,2026-09-28T22:45:35,2026-09-28T22:45:35,2026-09-28T22:45:35
7736,虎山,2025-07-02,100.5,-2.0,-1.95%,,15.46,,,,,,,ShowDailyK_ChartFlow,FinMind_API_TaiwanStockPrice_7736,True,2026-09-28T22:45:35,2026-09-28T22:45:35,2026-09-28T22:45:35
7736,虎山,2025-07-03,101.0,0.5,0.50%,,15.54,,,,,,,ShowDailyK_ChartFlow,FinMind_API_TaiwanStockPrice_7736,True,2026-09-28T22:45:35,2026-09-28T22:45:35,2026-09-28T22:45:35
7736,虎山,2025-07-04,101.5,0.5,0.50%,,15.62,,,,,,,ShowDailyK_ChartFlow,FinMind_API_TaiwanStockPrice_7736,True,2026-09-28T22:45:35,2026-09-28T22:45:35,2026-09-28T22:45:35
7736,虎山,2025-07-07,100.5,-1.0,-0.99%,,15.46,,,,,,,ShowDailyK_ChartFlow,FinMind_API_TaiwanStockPrice_7736,True,2026-09-28T22:45:35,2026-09-28T22:45:35,2026-09-28T22:45:35
7736,虎山,2025-07-08,99.0,-1.5,-1.49%,,15.23,,,,,,,ShowDailyK_ChartFlow,FinMind_API_TaiwanStockPrice_7736,True,2026-09-28T22:45:35,2026-09-28T22:45:35,2026-09-28T22:45:35
7736,虎山,2025-07-09,98.5,-0.5,-0.51%,,15.15,,,,,,,ShowDailyK_ChartFlow,FinMind_API_TaiwanStockPrice_7736,True,2026-09-28T22:45:35,2026-09-28T22:45:35,2026-09-28T22:45:35
7736,虎山,2025-07-10,99.0,0.5,0.51%,,15.23,,,,,,,ShowDailyK_ChartFlow,FinMind_API_TaiwanStockPrice_7736,True,2026-09-28T22:45:35,2026-09-28T22:45:35,2026-09-28T22:45:35
7736,虎山,2025-07-11,99.8,0.7999999999999972,0.81%,,15.35,,,,,,,ShowDailyK_ChartFlow,FinMind_API_TaiwanStockPrice_7736,True,2026-09-28T22:45:35,2026-09-28T22:45:35,2026-09-28T22:45:35
7736,虎山,2025-07-14,98.1,-1.7000000000000028,-1.70%,,15.09,,,,,,,ShowDailyK_ChartFlow,FinMind_API_TaiwanStockPrice_7736,True,2026-09-28T22:45:35,2026-09-28T22:45:35,2026-09-28T22:45:35
7736,虎山,2025-07-15,97.7,-0.3999999999999915,-0.41%,,15.03,,,,,,,ShowDailyK_ChartFlow,FinMind_API_TaiwanStockPrice_7736,True,2026-09-28T22:45:35,2026-09-28T22:45:35,2026-09-28T22:45:35
7736,虎山,2025-07-16,98.0,0.29999999999999716,0.31%,,15.08,,,,,,,ShowDailyK_ChartFlow,FinMind_API_TaiwanStockPrice_7736,True,2026-09-28T22:45:35,2026-09-28T22:45:35,2026-09-28T22:45:35
7736,虎山,2025-07-17,98.0,0.0,0.00%,,15.08,,,,,,,ShowDailyK_ChartFlow,FinMind_API_TaiwanStockPrice_7736,True,2026-09-28T22:45:35,2026-09-28T22:45:35,2026-09-28T22:45:35
7736,虎山,2025-07-18,98.5,0.5,0.51%,,15.15,,,,,,,ShowDailyK_ChartFlow,FinMind_API_TaiwanStockPrice_7736,True,2026-09-28T22:45:35,2026-09-28T22:45:35,2026-09-28T22:45:35
7736,虎山,2025-07-21,99.0,0.5,0.51%,,15.23,,,,,,,ShowDailyK_ChartFlow,FinMind_API_TaiwanStockPrice_7736,True,2026-09-28T22:45:35,2026-09-28T22:45:35,2026-09-28T22:45:35
7736,虎山,2025-07-22,103.0,4.0,4.04%,,15.85,,,,,,,ShowDailyK_ChartFlow,FinMind_API_TaiwanStockPrice_7736,True,2026-09-28T22:45:35,2026-09-28T22:45:35,2026-09-28T22:45:35
7736,虎山,2025-07-23,104.0,1.0,0.97%,,16.0,,,,,,,ShowDailyK_ChartFlow,FinMind_API_TaiwanStockPrice_7736,True,2026-09-28T22:45:35,2026-09-28T22:45:35,2026-09-28T22:45:35
7736,虎山,2025-07-24,103.0,-1.0,-0.96%,,15.85,,,,,,,ShowDailyK_ChartFlow,FinMind_API_TaiwanStockPrice_7736,True,2026-09-28T22:45:35,2026-09-28T22:45:35,2026-09-28T22:45:35
7736,虎山,2025-07-25,101.5,-1.5,-1.46%,,15.62,,,,,,,ShowDailyK_ChartFlow,FinMind_API_TaiwanStockPrice_7736,True,2026-09-28T22:45:35,2026-09-28T22:45:35,2026-09-28T22:45:35
7736,虎山,2025-07-28,102.0,0.5,0.49%,,15.69,,,,,,,ShowDailyK_ChartFlow,FinMind_API_TaiwanStockPrice_7736,True,2026-09-28T22:45:35,2026-09-28T22:45:35,2026-09-28T22:45:35
7736,虎山,2025-07-29,101.5,-0.5,-0.49%,,15.62,,,,,,,ShowDailyK_ChartFlow,FinMind_API_TaiwanStockPrice_7736,True,2026-09-28T22:45:35,2026-09-28T22:45:35,2026-09-28T22:45:35
7736,虎山,2025-07-30,100.0,-1.5,-1.48%,,15.38,,,,,,,ShowDailyK_ChartFlow,FinMind_API_TaiwanStockPrice_7736,True,2026-09-28T22:45:35,2026-09-28T22:45:35,2026-09-28T22:45:35
7736,虎山,2025-07-31,101.0,1.0,1.00%,,15.54,,,,,,,ShowDailyK_ChartFlow,FinMind_API_TaiwanStockPrice_7736,True,2026-09-28T22:45:35,2026-09-28T22:45:35,2026-09-28T22:45:35
7736,虎山,2025-08-01,100.5,-0.5,-0.50%,,15.46,,,,,,,ShowDailyK_ChartFlow,FinMind_API_TaiwanStockPrice_7736,True,2026-09-28T22:45:35,2026-09-28T22:45:35,2026-09-28T22:45:35
7736,虎山,2025-08-04,99.9,-0.5999999999999943,-0.60%,,15.37,,,,,,,ShowDailyK_ChartFlow,FinMind_API_TaiwanStockPrice_7736,True,2026-09-28T22:45:35,2026-09-28T22:45:35,2026-09-28T22:45:35
7736,虎山,2025-08-05,100.0,0.09999999999999432,0.10%,,15.38,,,,,,,ShowDailyK_ChartFlow,FinMind_API_TaiwanStockPrice_7736,True,2026-09-28T22:45:35,2026-09-28T22:45:35,2026-09-28T22:45:35
7736,虎山,2025-08-06,100.0,0.0,0.00%,,15.38,,,,,,,ShowDailyK_ChartFlow,FinMind_API_TaiwanStockPrice_7736,True,2026-09-28T22:45:35,2026-09-28T22:45:35,2026-09-28T22:45:35
7736,虎山,2025-08-07,98.6,-1.4000000000000057,-1.40%,,15.17,,,,,,,ShowDailyK_ChartFlow,FinMind_API_TaiwanStockPrice_7736,True,2026-09-28T22:45:35,2026-09-28T22:45:35,2026-09-28T22:45:35
7736,虎山,2025-08-08,98.6,0.0,0.00%,,15.17,,,,,,,ShowDailyK_ChartFlow,FinMind_API_TaiwanStockPrice_7736,True,2026-09-28T22:45:35,2026-09-28T22:45:35,2026-09-28T22:45:35
7736,虎山,2025-08-11,98.6,0.0,0.00%,,15.17,,,,,,,ShowDailyK_ChartFlow,FinMind_API_TaiwanStockPrice_7736,True,2026-09-28T22:45:35,2026-09-28T22:45:35,2026-09-28T22:45:35
7736,虎山,2025-08-12,97.1,-1.5,-1.52%,,14.94,,,,,,,ShowDailyK_ChartFlow,FinMind_API_TaiwanStockPrice_7736,True,2026-09-28T22:45:35,2026-09-28T22:45:35,2026-09-28T22:45:35
7736,虎山,2025-08-13,100.0,2.9000000000000057,2.99%,,15.38,,,,,,,ShowDailyK_ChartFlow,FinMind_API_TaiwanStockPrice_7736,True,2026-09-28T22:45:35,2026-09-28T22:45:35,2026-09-28T22:45:35
7736,虎山,2025-08-14,97.8,-2.200000000000003,-2.20%,,20.76,,,,,,,ShowDailyK_ChartFlow,FinMind_API_TaiwanStockPrice_7736,True,2026-09-28T22:45:35,2026-09-28T22:45:35,2026-09-28T22:45:35
7736,虎山,2025-08-15,95.5,-2.299999999999997,-2.35%,,20.28,,,,,,,ShowDailyK_ChartFlow,FinMind_API_TaiwanStockPrice_7736,True,2026-09-28T22:45:35,2026-09-28T22:45:35,2026-09-28T22:45:35
7736,虎山,2025-08-18,95.7,0.20000000000000284,0.21%,,20.32,,,,,,,ShowDailyK_ChartFlow,FinMind_API_TaiwanStockPrice_7736,True,2026-09-28T22:45:35,2026-09-28T22:45:35,2026-09-28T22:45:35
7736,虎山,2025-08-19,94.0,-1.7000000000000028,-1.78%,,19.96,,,,,,,ShowDailyK_ChartFlow,FinMind_API_TaiwanStockPrice_7736,True,2026-09-28T22:45:35,2026-09-28T22:45:35,2026-09-28T22:45:35
7736,虎山,2025-08-20,92.8,-1.2000000000000028,-1.28%,,19.7,,,,,,,ShowDailyK_ChartFlow,FinMind_API_TaiwanStockPrice_7736,True,2026-09-28T22:45:35,2026-09-28T22:45:35,2026-09-28T22:45:35
7736,虎山,2025-08-21,92.8,0.0,0.00%,,19.7,,,,,,,ShowDailyK_ChartFlow,FinMind_API_TaiwanStockPrice_7736,True,2026-09-28T22:45:35,2026-09-28T22:45:35,2026-09-28T22:45:35
7736,虎山,2025-08-22,89.8,-3.0,-3.23%,,19.07,,,,,,,ShowDailyK_ChartFlow,FinMind_API_TaiwanStockPrice_7736,True,2026-09-28T22:45:35,2026-09-28T22:45:35,2026-09-28T22:45:35
7736,虎山,2025-08-25,90.0,0.20000000000000284,0.22%,,19.11,,,,,,,ShowDailyK_ChartFlow,FinMind_API_TaiwanStockPrice_7736,True,2026-09-28T22:45:35,2026-09-28T22:45:35,2026-09-28T22:45:35
7736,虎山,2025-08-26,88.2,-1.7999999999999972,-2.00%,,18.73,,,,,,,ShowDailyK_ChartFlow,FinMind_API_TaiwanStockPrice_7736,True,2026-09-28T22:45:35,2026-09-28T22:45:35,2026-09-28T22:45:35
7736,虎山,2025-08-27,90.2,2.0,2.27%,,19.15,,,,,,,ShowDailyK_ChartFlow,FinMind_API_TaiwanStockPrice_7736,True,2026-09-28T22:45:35,2026-09-28T22:45:35,2026-09-28T22:45:35
7736,虎山,2025-08-28,92.0,1.7999999999999972,2.00%,,19.53,,,,,,,ShowDailyK_ChartFlow,FinMind_API_TaiwanStockPrice_7736,True,2026-09-28T22:45:35,2026-09-28T22:45:35,2026-09-28T22:45:35
7736,虎山,2025-08-29,94.6,2.5999999999999943,2.83%,,20.08,,,,,,,ShowDailyK_ChartFlow,FinMind_API_TaiwanStockPrice_7736,True,2026-09-28T22:45:35,2026-09-28T22:45:35,2026-09-28T22:45:35
7736,虎山,2025-09-01,90.5,-4.099999999999994,-4.33%,,19.21,,,,,,,ShowDailyK_ChartFlow,FinMind_API_TaiwanStockPrice_7736,True,2026-09-28T22:45:35,2026-09-28T22:45:35,2026-09-28T22:45:35
7736,虎山,2025-09-02,92.0,1.5,1.66%,,19.53,,,,,,,ShowDailyK_ChartFlow,FinMind_API_TaiwanStockPrice_7736,True,2026-09-28T22:45:35,2026-09-28T22:45:35,2026-09-28T22:45:35
7736,虎山,2025-09-03,92.1,0.09999999999999432,0.11%,,19.55,,,,,,,ShowDailyK_ChartFlow,FinMind_API_TaiwanStockPrice_7736,True,2026-09-28T22:45:35,2026-09-28T22:45:35,2026-09-28T22:45:35
7736,虎山,2025-09-04,92.2,0.10000000000000853,0.11%,,19.58,,,,,,,ShowDailyK_ChartFlow,FinMind_API_TaiwanStockPrice_7736,True,2026-09-28T22:45:35,2026-09-28T22:45:35,2026-09-28T22:45:35
7736,虎山,2025-09-05,90.7,-1.5,-1.63%,,19.26,,,,,,,ShowDailyK_ChartFlow,FinMind_API_TaiwanStockPrice_7736,True,2026-09-28T22:45:35,2026-09-28T22:45:35,2026-09-28T22:45:35
7736,虎山,2025-09-08,90.2,-0.5,-0.55%,,19.15,,,,,,,ShowDailyK_ChartFlow,FinMind_API_TaiwanStockPrice_7736,True,2026-09-28T22:45:35,2026-09-28T22:45:35,2026-09-28T22:45:35
7736,虎山,2025-09-09,90.2,0.0,0.00%,,19.15,,,,,,,ShowDailyK_ChartFlow,FinMind_API_TaiwanStockPrice_7736,True,2026-09-28T22:45:35,2026-09-28T22:45:35,2026-09-28T22:45:35
7736,虎山,2025-09-10,90.1,-0.10000000000000853,-0.11%,,19.13,,,,,,,ShowDailyK_ChartFlow,FinMind_API_TaiwanStockPrice_7736,True,2026-09-28T22:45:35,2026-09-28T22:45:35,2026-09-28T22:45:35
7736,虎山,2025-09-11,89.1,-1.0,-1.11%,,18.92,,,,,,,ShowDailyK_ChartFlow,FinMind_API_TaiwanStockPrice_7736,True,2026-09-28T22:45:35,2026-09-28T22:45:35,2026-09-28T22:45:35
7736,虎山,2025-09-12,98.0,8.900000000000006,9.99%,,20.81,,,,,,,ShowDailyK_ChartFlow,FinMind_API_TaiwanStockPrice_7736,True,2026-09-28T22:45:35,2026-09-28T22:45:35,2026-09-28T22:45:35
7736,虎山,2025-09-15,92.6,-5.400000000000006,-5.51%,,19.66,,,,,,,ShowDailyK_ChartFlow,FinMind_API_TaiwanStockPrice_7736,True,2026-09-28T22:45:35,2026-09-28T22:45:35,2026-09-28T22:45:35
7736,虎山,2025-09-16,90.1,-2.5,-2.70%,,19.13,,,,,,,ShowDailyK_ChartFlow,FinMind_API_TaiwanStockPrice_7736,True,2026-09-28T22:45:35,2026-09-28T22:45:35,2026-09-28T22:45:35
7736,虎山,2025-09-17,90.7,0.6000000000000085,0.67%,,19.26,,,,,,,ShowDailyK_ChartFlow,FinMind_API_TaiwanStockPrice_7736,True,2026-09-28T22:45:35,2026-09-28T22:45:35,2026-09-28T22:45:35
7736,虎山,2025-09-18,92.7,2.0,2.21%,,19.68,,,,,,,ShowDailyK_ChartFlow,FinMind_API_TaiwanStockPrice_7736,True,2026-09-28T22:45:35,2026-09-28T22:45:35,2026-09-28T22:45:35
7736,虎山,2025-09-19,92.5,-0.20000000000000284,-0.22%,,19.64,,,,,,,ShowDailyK_ChartFlow,FinMind_API_TaiwanStockPrice_7736,True,2026-09-28T22:45:35,2026-09-28T22:45:35,2026-09-28T22:45:35
7736,虎山,2025-09-22,93.5,1.0,1.08%,,19.85,,,,,,,ShowDailyK_ChartFlow,FinMind_API_TaiwanStockPrice_7736,True,2026-09-28T22:45:35,2026-09-28T22:45:35,2026-09-28T22:45:35
7736,虎山,2025-09-23,92.0,-1.5,-1.60%,,19.53,,,,,,,ShowDailyK_ChartFlow,FinMind_API_TaiwanStockPrice_7736,True,2026-09-28T22:45:35,2026-09-28T22:45:35,2026-09-28T22:45:35
7736,虎山,2025-09-24,93.6,1.5999999999999943,1.74%,,19.87,,,,,,,ShowDailyK_ChartFlow,FinMind_API_TaiwanStockPrice_7736,True,2026-09-28T22:45:35,2026-09-28T22:45:35,2026-09-28T22:45:35
7736,虎山,2025-09-25,94.3,0.7000000000000028,0.75%,,20.02,,,,,,,ShowDailyK_ChartFlow,FinMind_API_TaiwanStockPrice_7736,True,2026-09-28T22:45:35,2026-09-28T22:45:35,2026-09-28T22:45:35
7736,虎山,2025-09-26,92.2,-2.0999999999999943,-2.23%,,19.58,,,,,,,ShowDailyK_ChartFlow,FinMind_API_TaiwanStockPrice_7736,True,2026-09-28T22:45:35,2026-09-28T22:45:35,2026-09-28T22:45:35
7736,虎山,2025-09-30,92.6,0.3999999999999915,0.43%,,19.66,,,,,,,ShowDailyK_ChartFlow,FinMind_API_TaiwanStockPrice_7736,True,2026-09-28T22:45:35,2026-09-28T22:45:35,2026-09-28T22:45:35
7736,虎山,2025-10-01,92.4,-0.19999999999998863,-0.22%,,19.62,,,,,,,ShowDailyK_ChartFlow,FinMind_API_TaiwanStockPrice_7736,True,2026-09-28T22:45:35,2026-09-28T22:45:35,2026-09-28T22:45:35
7736,虎山,2025-10-02,91.9,-0.5,-0.54%,,19.51,,,,,,,ShowDailyK_ChartFlow,FinMind_API_TaiwanStockPrice_7736,True,2026-09-28T22:45:35,2026-09-28T22:45:35,2026-09-28T22:45:35
7736,虎山,2025-10-03,101.0,9.099999999999994,9.90%,,21.44,,,,,,,ShowDailyK_ChartFlow,FinMind_API_TaiwanStockPrice_7736,True,2026-09-28T22:45:35,2026-09-28T22:45:35,2026-09-28T22:45:35
7736,虎山,2025-10-07,98.0,-3.0,-2.97%,,20.81,,,,,,,ShowDailyK_ChartFlow,FinMind_API_TaiwanStockPrice_7736,True,2026-09-28T22:45:35,2026-09-28T22:45:35,2026-09-28T22:45:35
7736,虎山,2025-10-08,98.0,0.0,0.00%,,20.81,,,,,,,ShowDailyK_ChartFlow,FinMind_API_TaiwanStockPrice_7736,True,2026-09-28T22:45:35,2026-09-28T22:45:35,2026-09-28T22:45:35
7736,虎山,2025-10-09,97.3,-0.7000000000000028,-0.71%,,20.66,,,,,,,ShowDailyK_ChartFlow,FinMind_API_TaiwanStockPrice_7736,True,2026-09-28T22:45:35,2026-09-28T22:45:35,2026-09-28T22:45:35
7736,虎山,2025-10-13,97.5,0.20000000000000284,0.21%,,20.7,,,,,,,ShowDailyK_ChartFlow,FinMind_API_TaiwanStockPrice_7736,True,2026-09-28T22:45:35,2026-09-28T22:45:35,2026-09-28T22:45:35
7736,虎山,2025-10-14,97.4,-0.09999999999999432,-0.10%,,20.68,,,,,,,ShowDailyK_ChartFlow,FinMind_API_TaiwanStockPrice_7736,True,2026-09-28T22:45:35,2026-09-28T22:45:35,2026-09-28T22:45:35
7736,虎山,2025-10-15,95.5,-1.9000000000000057,-1.95%,,20.28,,,,,,,ShowDailyK_ChartFlow,FinMind_API_TaiwanStockPrice_7736,True,2026-09-28T22:45:35,2026-09-28T22:45:35,2026-09-28T22:45:35
7736,虎山,2025-10-16,97.9,2.4000000000000057,2.51%,,20.79,,,,,,,ShowDailyK_ChartFlow,FinMind_API_TaiwanStockPrice_7736,True,2026-09-28T22:45:35,2026-09-28T22:45:35,2026-09-28T22:45:35
7736,虎山,2025-10-17,96.0,-1.9000000000000057,-1.94%,,20.38,,,,,,,ShowDailyK_ChartFlow,FinMind_API_TaiwanStockPrice_7736,True,2026-09-28T22:45:35,2026-09-28T22:45:35,2026-09-28T22:45:35
7736,虎山,2025-10-20,96.1,0.09999999999999432,0.10%,,20.4,,,,,,,ShowDailyK_ChartFlow,FinMind_API_TaiwanStockPrice_7736,True,2026-09-28T22:45:35,2026-09-28T22:45:35,2026-09-28T22:45:35
7736,虎山,2025-10-21,95.5,-0.5999999999999943,-0.62%,,20.28,,,,,,,ShowDailyK_ChartFlow,FinMind_API_TaiwanStockPrice_7736,True,2026-09-28T22:45:35,2026-09-28T22:45:35,2026-09-28T22:45:35
7736,虎山,2025-10-22,95.6,0.09999999999999432,0.10%,,20.3,,,,,,,ShowDailyK_ChartFlow,FinMind_API_TaiwanStockPrice_7736,True,2026-09-28T22:45:35,2026-09-28T22:45:35,2026-09-28T22:45:35
7736,虎山,2025-10-23,96.0,0.4000000000000057,0.42%,,20.38,,,,,,,ShowDailyK_ChartFlow,FinMind_API_TaiwanStockPrice_7736,True,2026-09-28T22:45:35,2026-09-28T22:45:35,2026-09-28T22:45:35
7736,虎山,2025-10-27,96.0,0.0,0.00%,,20.38,,,,,,,ShowDailyK_ChartFlow,FinMind_API_TaiwanStockPrice_7736,True,2026-09-28T22:45:35,2026-09-28T22:45:35,2026-09-28T22:45:35
7736,虎山,2025-10-28,95.5,-0.5,-0.52%,,20.28,,,,,,,ShowDailyK_ChartFlow,FinMind_API_TaiwanStockPrice_7736,True,2026-09-28T22:45:35,2026-09-28T22:45:35,2026-09-28T22:45:35
7736,虎山,2025-10-29,96.0,0.5,0.52%,,20.38,,,,,,,ShowDailyK_ChartFlow,FinMind_API_TaiwanStockPrice_7736,True,2026-09-28T22:45:35,2026-09-28T22:45:35,2026-09-28T22:45:35
7736,虎山,2025-10-30,94.5,-1.5,-1.56%,,20.06,,,,,,,ShowDailyK_ChartFlow,FinMind_API_TaiwanStockPrice_7736,True,2026-09-28T22:45:35,2026-09-28T22:45:35,2026-09-28T22:45:35
7736,虎山,2025-10-31,94.3,-0.20000000000000284,-0.21%,,20.02,,,,,,,ShowDailyK_ChartFlow,FinMind_API_TaiwanStockPrice_7736,True,2026-09-28T22:45:35,2026-09-28T22:45:35,2026-09-28T22:45:35
7736,虎山,2025-11-03,93.5,-0.7999999999999972,-0.85%,,19.85,,,,,,,ShowDailyK_ChartFlow,FinMind_API_TaiwanStockPrice_7736,True,2026-09-28T22:45:35,2026-09-28T22:45:35,2026-09-28T22:45:35
7736,虎山,2025-11-04,93.0,-0.5,-0.53%,,19.75,,,,,,,ShowDailyK_ChartFlow,FinMind_API_TaiwanStockPrice_7736,True,2026-09-28T22:45:35,2026-09-28T22:45:35,2026-09-28T22:45:35
7736,虎山,2025-11-05,93.4,0.4000000000000057,0.43%,,19.83,,,,,,,ShowDailyK_ChartFlow,FinMind_API_TaiwanStockPrice_7736,True,2026-09-28T22:45:35,2026-09-28T22:45:35,2026-09-28T22:45:35
7736,虎山,2025-11-06,95.8,2.3999999999999915,2.57%,,20.34,,,,,,,ShowDailyK_ChartFlow,FinMind_API_TaiwanStockPrice_7736,True,2026-09-28T22:45:35,2026-09-28T22:45:35,2026-09-28T22:45:35
7736,虎山,2025-11-07,93.5,-2.299999999999997,-2.40%,,19.85,,,,,,,ShowDailyK_ChartFlow,FinMind_API_TaiwanStockPrice_7736,True,2026-09-28T22:45:35,2026-09-28T22:45:35,2026-09-28T22:45:35
7736,虎山,2025-11-10,93.5,0.0,0.00%,,19.85,,,,,,,ShowDailyK_ChartFlow,FinMind_API_TaiwanStockPrice_7736,True,2026-09-28T22:45:35,2026-09-28T22:45:35,2026-09-28T22:45:35
7736,虎山,2025-11-11,93.5,0.0,0.00%,,19.85,,,,,,,ShowDailyK_ChartFlow,FinMind_API_TaiwanStockPrice_7736,True,2026-09-28T22:45:35,2026-09-28T22:45:35,2026-09-28T22:45:35
7736,虎山,2025-11-12,93.2,-0.29999999999999716,-0.32%,,19.79,,,,,,,ShowDailyK_ChartFlow,FinMind_API_TaiwanStockPrice_7736,True,2026-09-28T22:45:35,2026-09-28T22:45:35,2026-09-28T22:45:35
7736,虎山,2025-11-13,92.0,-1.2000000000000028,-1.29%,,19.53,,,,,,,ShowDailyK_ChartFlow,FinMind_API_TaiwanStockPrice_7736,True,2026-09-28T22:45:35,2026-09-28T22:45:35,2026-09-28T22:45:35
7736,虎山,2025-11-14,91.8,-0.20000000000000284,-0.22%,,17.09,,,,,,,ShowDailyK_ChartFlow,FinMind_API_TaiwanStockPrice_7736,True,2026-09-28T22:45:35,2026-09-28T22:45:35,2026-09-28T22:45:35
7736,虎山,2025-11-17,92.8,1.0,1.09%,,17.28,,,,,,,ShowDailyK_ChartFlow,FinMind_API_TaiwanStockPrice_7736,True,2026-09-28T22:45:35,2026-09-28T22:45:35,2026-09-28T22:45:35
7736,虎山,2025-11-18,90.1,-2.700000000000003,-2.91%,,16.78,,,,,,,ShowDailyK_ChartFlow,FinMind_API_TaiwanStockPrice_7736,True,2026-09-28T22:45:35,2026-09-28T22:45:35,2026-09-28T22:45:35
7736,虎山,2025-11-19,90.8,0.7000000000000028,0.78%,,16.91,,,,,,,ShowDailyK_ChartFlow,FinMind_API_TaiwanStockPrice_7736,True,2026-09-28T22:45:35,2026-09-28T22:45:35,2026-09-28T22:45:35
7736,虎山,2025-11-20,91.9,1.1000000000000085,1.21%,,17.11,,,,,,,ShowDailyK_ChartFlow,FinMind_API_TaiwanStockPrice_7736,True,2026-09-28T22:45:35,2026-09-28T22:45:35,2026-09-28T22:45:35
7736,虎山,2025-11-21,90.1,-1.8000000000000114,-1.96%,,16.78,,,,,,,ShowDailyK_ChartFlow,FinMind_API_TaiwanStockPrice_7736,True,2026-09-28T22:45:35,2026-09-28T22:45:35,2026-09-28T22:45:35
7736,虎山,2025-11-24,90.2,0.10000000000000853,0.11%,,16.8,,,,,,,ShowDailyK_ChartFlow,FinMind_API_TaiwanStockPrice_7736,True,2026-09-28T22:45:35,2026-09-28T22:45:35,2026-09-28T22:45:35
7736,虎山,2025-11-25,91.2,1.0,1.11%,,16.98,,,,,,,ShowDailyK_ChartFlow,FinMind_API_TaiwanStockPrice_7736,True,2026-09-28T22:45:35,2026-09-28T22:45:35,2026-09-28T22:45:35
7736,虎山,2025-11-26,91.8,0.5999999999999943,0.66%,,17.09,,,,,,,ShowDailyK_ChartFlow,FinMind_API_TaiwanStockPrice_7736,True,2026-09-28T22:45:35,2026-09-28T22:45:35,2026-09-28T22:45:35
7736,虎山,2025-11-27,92.3,0.5,0.54%,,17.19,,,,,,,ShowDailyK_ChartFlow,FinMind_API_TaiwanStockPrice_7736,True,2026-09-28T22:45:35,2026-09-28T22:45:35,2026-09-28T22:45:35
7736,虎山,2025-11-28,92.0,-0.29999999999999716,-0.33%,,17.13,,,,,,,ShowDailyK_ChartFlow,FinMind_API_TaiwanStockPrice_7736,True,2026-09-28T22:45:35,2026-09-28T22:45:35,2026-09-28T22:45:35
7736,虎山,2025-12-01,92.2,0.20000000000000284,0.22%,,17.17,,,,,,,ShowDailyK_ChartFlow,FinMind_API_TaiwanStockPrice_7736,True,2026-09-28T22:45:35,2026-09-28T22:45:35,2026-09-28T22:45:35
7736,虎山,2025-12-02,92.0,-0.20000000000000284,-0.22%,,17.13,,,,,,,ShowDailyK_ChartFlow,FinMind_API_TaiwanStockPrice_7736,True,2026-09-28T22:45:35,2026-09-28T22:45:35,2026-09-28T22:45:35
7736,虎山,2025-12-03,92.3,0.29999999999999716,0.33%,,17.19,,,,,,,ShowDailyK_ChartFlow,FinMind_API_TaiwanStockPrice_7736,True,2026-09-28T22:45:35,2026-09-28T22:45:35,2026-09-28T22:45:35
7736,虎山,2025-12-04,92.0,-0.29999999999999716,-0.33%,,17.13,,,,,,,ShowDailyK_ChartFlow,FinMind_API_TaiwanStockPrice_7736,True,2026-09-28T22:45:35,2026-09-28T22:45:35,2026-09-28T22:45:35
7736,虎山,2025-12-05,92.1,0.09999999999999432,0.11%,,17.15,,,,,,,ShowDailyK_ChartFlow,FinMind_API_TaiwanStockPrice_7736,True,2026-09-28T22:45:35,2026-09-28T22:45:35,2026-09-28T22:45:35
7736,虎山,2025-12-08,91.0,-1.0999999999999943,-1.19%,,16.95,,,,,,,ShowDailyK_ChartFlow,FinMind_API_TaiwanStockPrice_7736,True,2026-09-28T22:45:35,2026-09-28T22:45:35,2026-09-28T22:45:35
7736,虎山,2025-12-09,90.1,-0.9000000000000057,-0.99%,,16.78,,,,,,,ShowDailyK_ChartFlow,FinMind_API_TaiwanStockPrice_7736,True,2026-09-28T22:45:35,2026-09-28T22:45:35,2026-09-28T22:45:35
7736,虎山,2025-12-10,91.0,0.9000000000000057,1.00%,,16.95,,,,,,,ShowDailyK_ChartFlow,FinMind_API_TaiwanStockPrice_7736,True,2026-09-28T22:45:35,2026-09-28T22:45:35,2026-09-28T22:45:35
7736,虎山,2025-12-11,91.0,0.0,0.00%,,16.95,,,,,,,ShowDailyK_ChartFlow,FinMind_API_TaiwanStockPrice_7736,True,2026-09-28T22:45:35,2026-09-28T22:45:35,2026-09-28T22:45:35
7736,虎山,2025-12-12,91.3,0.29999999999999716,0.33%,,17.0,,,,,,,ShowDailyK_ChartFlow,FinMind_API_TaiwanStockPrice_7736,True,2026-09-28T22:45:35,2026-09-28T22:45:35,2026-09-28T22:45:35
7736,虎山,2025-12-15,90.5,-0.7999999999999972,-0.88%,,16.85,,,,,,,ShowDailyK_ChartFlow,FinMind_API_TaiwanStockPrice_7736,True,2026-09-28T22:45:35,2026-09-28T22:45:35,2026-09-28T22:45:35
7736,虎山,2025-12-16,89.1,-1.4000000000000057,-1.55%,,16.59,,,,,,,ShowDailyK_ChartFlow,FinMind_API_TaiwanStockPrice_7736,True,2026-09-28T22:45:35,2026-09-28T22:45:35,2026-09-28T22:45:35
7736,虎山,2025-12-17,89.7,0.6000000000000085,0.67%,,16.7,,,,,,,ShowDailyK_ChartFlow,FinMind_API_TaiwanStockPrice_7736,True,2026-09-28T22:45:35,2026-09-28T22:45:35,2026-09-28T22:45:35
7736,虎山,2025-12-18,89.9,0.20000000000000284,0.22%,,16.74,,,,,,,ShowDailyK_ChartFlow,FinMind_API_TaiwanStockPrice_7736,True,2026-09-28T22:45:35,2026-09-28T22:45:35,2026-09-28T22:45:35
7736,虎山,2025-12-19,89.6,-0.30000000000001137,-0.33%,,16.69,,,,,,,ShowDailyK_ChartFlow,FinMind_API_TaiwanStockPrice_7736,True,2026-09-28T22:45:35,2026-09-28T22:45:35,2026-09-28T22:45:35
7736,虎山,2025-12-22,89.9,0.30000000000001137,0.33%,,16.74,,,,,,,ShowDailyK_ChartFlow,FinMind_API_TaiwanStockPrice_7736,True,2026-09-28T22:45:35,2026-09-28T22:45:35,2026-09-28T22:45:35
7736,虎山,2025-12-23,90.0,0.09999999999999432,0.11%,,16.76,,,,,,,ShowDailyK_ChartFlow,FinMind_API_TaiwanStockPrice_7736,True,2026-09-28T22:45:35,2026-09-28T22:45:35,2026-09-28T22:45:35
7736,虎山,2025-12-24,90.3,0.29999999999999716,0.33%,,16.82,,,,,,,ShowDailyK_ChartFlow,FinMind_API_TaiwanStockPrice_7736,True,2026-09-28T22:45:35,2026-09-28T22:45:35,2026-09-28T22:45:35
7736,虎山,2025-12-26,89.5,-0.7999999999999972,-0.89%,,16.67,,,,,,,ShowDailyK_ChartFlow,FinMind_API_TaiwanStockPrice_7736,True,2026-09-28T22:45:35,2026-09-28T22:45:35,2026-09-28T22:45:35
7736,虎山,2025-12-29,89.8,0.29999999999999716,0.34%,,16.72,,,,,,,ShowDailyK_ChartFlow,FinMind_API_TaiwanStockPrice_7736,True,2026-09-28T22:45:35,2026-09-28T22:45:35,2026-09-28T22:45:35
7736,虎山,2025-12-30,89.0,-0.7999999999999972,-0.89%,,16.57,,,,,,,ShowDailyK_ChartFlow,FinMind_API_TaiwanStockPrice_7736,True,2026-09-28T22:45:35,2026-09-28T22:45:35,2026-09-28T22:45:35
7736,虎山,2025-12-31,90.0,1.0,1.12%,,16.76,,,,,,,ShowDailyK_ChartFlow,FinMind_API_TaiwanStockPrice_7736,True,2026-09-28T22:45:35,2026-09-28T22:45:35,2026-09-28T22:45:35
7736,虎山,2026-01-02,89.9,-0.09999999999999432,-0.11%,,16.74,,,,,,,ShowDailyK_ChartFlow,FinMind_API_TaiwanStockPrice_7736,True,2026-09-28T22:45:35,2026-09-28T22:45:35,2026-09-28T22:45:35
7736,虎山,2026-01-05,85.5,-4.400000000000006,-4.89%,,15.92,,,,,,,ShowDailyK_ChartFlow,FinMind_API_TaiwanStockPrice_7736,True,2026-09-28T22:45:35,2026-09-28T22:45:35,2026-09-28T22:45:35
7736,虎山,2026-01-06,86.7,1.2000000000000028,1.40%,,16.15,,,,,,,ShowDailyK_ChartFlow,FinMind_API_TaiwanStockPrice_7736,True,2026-09-28T22:45:35,2026-09-28T22:45:35,2026-09-28T22:45:35
7736,虎山,2026-01-07,88.8,2.0999999999999943,2.42%,,16.54,,,,,,,ShowDailyK_ChartFlow,FinMind_API_TaiwanStockPrice_7736,True,2026-09-28T22:45:35,2026-09-28T22:45:35,2026-09-28T22:45:35
7736,虎山,2026-01-08,87.1,-1.7000000000000028,-1.91%,,16.22,,,,,,,ShowDailyK_ChartFlow,FinMind_API_TaiwanStockPrice_7736,True,2026-09-28T22:45:35,2026-09-28T22:45:35,2026-09-28T22:45:35
7736,虎山,2026-01-09,86.3,-0.7999999999999972,-0.92%,,16.07,,,,,,,ShowDailyK_ChartFlow,FinMind_API_TaiwanStockPrice_7736,True,2026-09-28T22:45:35,2026-09-28T22:45:35,2026-09-28T22:45:35
7736,虎山,2026-01-12,85.8,-0.5,-0.58%,,15.98,,,,,,,ShowDailyK_ChartFlow,FinMind_API_TaiwanStockPrice_7736,True,2026-09-28T22:45:35,2026-09-28T22:45:35,2026-09-28T22:45:35
7736,虎山,2026-01-13,87.1,1.2999999999999972,1.52%,,16.22,,,,,,,ShowDailyK_ChartFlow,FinMind_API_TaiwanStockPrice_7736,True,2026-09-28T22:45:35,2026-09-28T22:45:35,2026-09-28T22:45:35
7736,虎山,2026-01-14,87.6,0.5,0.57%,,16.31,,,,,,,ShowDailyK_ChartFlow,FinMind_API_TaiwanStockPrice_7736,True,2026-09-28T22:45:35,2026-09-28T22:45:35,2026-09-28T22:45:35
7736,虎山,2026-01-15,87.7,0.10000000000000853,0.11%,,16.33,,,,,,,ShowDailyK_ChartFlow,FinMind_API_TaiwanStockPrice_7736,True,2026-09-28T22:45:35,2026-09-28T22:45:35,2026-09-28T22:45:35
7736,虎山,2026-01-16,96.4,8.700000000000003,9.92%,,17.95,,,,,,,ShowDailyK_ChartFlow,FinMind_API_TaiwanStockPrice_7736,True,2026-09-28T22:45:35,2026-09-28T22:45:35,2026-09-28T22:45:35
7736,虎山,2026-01-19,92.0,-4.400000000000006,-4.56%,,17.13,,,,,,,ShowDailyK_ChartFlow,FinMind_API_TaiwanStockPrice_7736,True,2026-09-28T22:45:35,2026-09-28T22:45:35,2026-09-28T22:45:35
7736,虎山,2026-01-20,90.6,-1.4000000000000057,-1.52%,,16.87,,,,,,,ShowDailyK_ChartFlow,FinMind_API_TaiwanStockPrice_7736,True,2026-09-28T22:45:35,2026-09-28T22:45:35,2026-09-28T22:45:35
7736,虎山,2026-01-21,88.9,-1.6999999999999886,-1.88%,,16.55,,,,,,,ShowDailyK_ChartFlow,FinMind_API_TaiwanStockPrice_7736,True,2026-09-28T22:45:35,2026-09-28T22:45:35,2026-09-28T22:45:35
7736,虎山,2026-01-22,90.0,1.0999999999999943,1.24%,,16.76,,,,,,,ShowDailyK_ChartFlow,FinMind_API_TaiwanStockPrice_7736,True,2026-09-28T22:45:35,2026-09-28T22:45:35,2026-09-28T22:45:35
7736,虎山,2026-01-23,88.2,-1.7999999999999972,-2.00%,,16.42,,,,,,,ShowDailyK_ChartFlow,FinMind_API_TaiwanStockPrice_7736,True,2026-09-28T22:45:35,2026-09-28T22:45:35,2026-09-28T22:45:35
7736,虎山,2026-01-26,88.4,0.20000000000000284,0.23%,,16.46,,,,,,,ShowDailyK_ChartFlow,FinMind_API_TaiwanStockPrice_7736,True,2026-09-28T22:45:35,2026-09-28T22:45:35,2026-09-28T22:45:35
7736,虎山,2026-01-27,89.5,1.0999999999999943,1.24%,,16.67,,,,,,,ShowDailyK_ChartFlow,FinMind_API_TaiwanStockPrice_7736,True,2026-09-28T22:45:35,2026-09-28T22:45:35,2026-09-28T22:45:35
7736,虎山,2026-01-28,88.8,-0.7000000000000028,-0.78%,,16.54,,,,,,,ShowDailyK_ChartFlow,FinMind_API_TaiwanStockPrice_7736,True,2026-09-28T22:45:35,2026-09-28T22:45:35,2026-09-28T22:45:35
7736,虎山,2026-01-29,89.0,0.20000000000000284,0.23%,,16.57,,,,,,,ShowDailyK_ChartFlow,FinMind_API_TaiwanStockPrice_7736,True,2026-09-28T22:45:35,2026-09-28T22:45:35,2026-09-28T22:45:35
7736,虎山,2026-01-30,87.2,-1.7999999999999972,-2.02%,,16.24,,,,,,,ShowDailyK_ChartFlow,FinMind_API_TaiwanStockPrice_7736,True,2026-09-28T22:45:35,2026-09-28T22:45:35,2026-09-28T22:45:35
7736,虎山,2026-02-02,87.8,0.5999999999999943,0.69%,,16.35,,,,,,,ShowDailyK_ChartFlow,FinMind_API_TaiwanStockPrice_7736,True,2026-09-28T22:45:35,2026-09-28T22:45:35,2026-09-28T22:45:35
7736,虎山,2026-02-03,86.3,-1.5,-1.71%,,16.07,,,,,,,ShowDailyK_ChartFlow,FinMind_API_TaiwanStockPrice_7736,True,2026-09-28T22:45:35,2026-09-28T22:45:35,2026-09-28T22:45:35
7736,虎山,2026-02-04,86.2,-0.09999999999999432,-0.12%,,16.05,,,,,,,ShowDailyK_ChartFlow,FinMind_API_TaiwanStockPrice_7736,True,2026-09-28T22:45:35,2026-09-28T22:45:35,2026-09-28T22:45:35
7736,虎山,2026-02-05,85.9,-0.29999999999999716,-0.35%,,16.0,,,,,,,ShowDailyK_ChartFlow,FinMind_API_TaiwanStockPrice_7736,True,2026-09-28T22:45:35,2026-09-28T22:45:35,2026-09-28T22:45:35
7736,虎山,2026-02-06,85.8,-0.10000000000000853,-0.12%,,15.98,,,,,,,ShowDailyK_ChartFlow,FinMind_API_TaiwanStockPrice_7736,True,2026-09-28T22:45:35,2026-09-28T22:45:35,2026-09-28T22:45:35
7736,虎山,2026-02-09,87.1,1.2999999999999972,1.52%,,16.22,,,,,,,ShowDailyK_ChartFlow,FinMind_API_TaiwanStockPrice_7736,True,2026-09-28T22:45:35,2026-09-28T22:45:35,2026-09-28T22:45:35
7736,虎山,2026-02-10,89.1,2.0,2.30%,,16.59,,,,,,,ShowDailyK_ChartFlow,FinMind_API_TaiwanStockPrice_7736,True,2026-09-28T22:45:35,2026-09-28T22:45:35,2026-09-28T22:45:35
7736,虎山,2026-02-11,91.8,2.700000000000003,3.03%,,17.09,,,,,,,ShowDailyK_ChartFlow,FinMind_API_TaiwanStockPrice_7736,True,2026-09-28T22:45:35,2026-09-28T22:45:35,2026-09-28T22:45:35
7736,虎山,2026-02-23,89.0,-2.799999999999997,-3.05%,,16.57,,,,,,,ShowDailyK_ChartFlow,FinMind_API_TaiwanStockPrice_7736,True,2026-09-28T22:45:35,2026-09-28T22:45:35,2026-09-28T22:45:35
7736,虎山,2026-02-24,89.9,0.9000000000000057,1.01%,,16.74,,,,,,,ShowDailyK_ChartFlow,FinMind_API_TaiwanStockPrice_7736,True,2026-09-28T22:45:35,2026-09-28T22:45:35,2026-09-28T22:45:35
7736,虎山,2026-02-25,89.9,0.0,0.00%,,16.74,,,,,,,ShowDailyK_ChartFlow,FinMind_API_TaiwanStockPrice_7736,True,2026-09-28T22:45:35,2026-09-28T22:45:35,2026-09-28T22:45:35
7736,虎山,2026-02-26,89.0,-0.9000000000000057,-1.00%,,16.57,,,,,,,ShowDailyK_ChartFlow,FinMind_API_TaiwanStockPrice_7736,True,2026-09-28T22:45:35,2026-09-28T22:45:35,2026-09-28T22:45:35
7736,虎山,2026-03-02,90.0,1.0,1.12%,,16.76,,,,,,,ShowDailyK_ChartFlow,FinMind_API_TaiwanStockPrice_7736,True,2026-09-28T22:45:35,2026-09-28T22:45:35,2026-09-28T22:45:35
7736,虎山,2026-03-03,90.0,0.0,0.00%,,16.76,,,,,,,ShowDailyK_ChartFlow,FinMind_API_TaiwanStockPrice_7736,True,2026-09-28T22:45:35,2026-09-28T22:45:35,2026-09-28T22:45:35
7736,虎山,2026-03-04,86.4,-3.5999999999999943,-4.00%,,16.09,,,,,,,ShowDailyK_ChartFlow,FinMind_API_TaiwanStockPrice_7736,True,2026-09-28T22:45:35,2026-09-28T22:45:35,2026-09-28T22:45:35
7736,虎山,2026-03-05,86.9,0.5,0.58%,,16.18,,,,,,,ShowDailyK_ChartFlow,FinMind_API_TaiwanStockPrice_7736,True,2026-09-28T22:45:35,2026-09-28T22:45:35,2026-09-28T22:45:35
7736,虎山,2026-03-06,86.0,-0.9000000000000057,-1.04%,,16.01,,,,,,,ShowDailyK_ChartFlow,FinMind_API_TaiwanStockPrice_7736,True,2026-09-28T22:45:35,2026-09-28T22:45:35,2026-09-28T22:45:35
7736,虎山,2026-03-09,83.8,-2.200000000000003,-2.56%,,15.61,,,,,,,ShowDailyK_ChartFlow,FinMind_API_TaiwanStockPrice_7736,True,2026-09-28T22:45:35,2026-09-28T22:45:35,2026-09-28T22:45:35
7736,虎山,2026-03-10,83.1,-0.7000000000000028,-0.84%,,15.47,,,,,,,ShowDailyK_ChartFlow,FinMind_API_TaiwanStockPrice_7736,True,2026-09-28T22:45:35,2026-09-28T22:45:35,2026-09-28T22:45:35
7736,虎山,2026-03-11,85.5,2.4000000000000057,2.89%,,15.92,,,,,,,ShowDailyK_ChartFlow,FinMind_API_TaiwanStockPrice_7736,True,2026-09-28T22:45:35,2026-09-28T22:45:35,2026-09-28T22:45:35
7736,虎山,2026-03-12,83.7,-1.7999999999999972,-2.11%,,15.59,,,,,,,ShowDailyK_ChartFlow,FinMind_API_TaiwanStockPrice_7736,True,2026-09-28T22:45:35,2026-09-28T22:45:35,2026-09-28T22:45:35
7736,虎山,2026-03-13,83.8,0.09999999999999432,0.12%,,15.61,,,,,,,ShowDailyK_ChartFlow,FinMind_API_TaiwanStockPrice_7736,True,2026-09-28T22:45:35,2026-09-28T22:45:35,2026-09-28T22:45:35
7736,虎山,2026-03-16,83.0,-0.7999999999999972,-0.95%,,16.77,,,,,,,ShowDailyK_ChartFlow,FinMind_API_TaiwanStockPrice_7736,True,2026-09-28T22:45:35,2026-09-28T22:45:35,2026-09-28T22:45:35
7736,虎山,2026-03-17,85.3,2.299999999999997,2.77%,,17.23,,,,,,,ShowDailyK_ChartFlow,FinMind_API_TaiwanStockPrice_7736,True,2026-09-28T22:45:35,2026-09-28T22:45:35,2026-09-28T22:45:35
7736,虎山,2026-03-18,84.7,-0.5999999999999943,-0.70%,,17.11,,,,,,,ShowDailyK_ChartFlow,FinMind_API_TaiwanStockPrice_7736,True,2026-09-28T22:45:35,2026-09-28T22:45:35,2026-09-28T22:45:35
7736,虎山,2026-03-19,82.9,-1.7999999999999972,-2.13%,,16.75,,,,,,,ShowDailyK_ChartFlow,FinMind_API_TaiwanStockPrice_7736,True,2026-09-28T22:45:35,2026-09-28T22:45:35,2026-09-28T22:45:35
7736,虎山,2026-03-20,83.0,0.09999999999999432,0.12%,,16.77,,,,,,,ShowDailyK_ChartFlow,FinMind_API_TaiwanStockPrice_7736,True,2026-09-28T22:45:35,2026-09-28T22:45:35,2026-09-28T22:45:35
7736,虎山,2026-03-23,82.9,-0.09999999999999432,-0.12%,,16.75,,,,,,,ShowDailyK_ChartFlow,FinMind_API_TaiwanStockPrice_7736,True,2026-09-28T22:45:35,2026-09-28T22:45:35,2026-09-28T22:45:35
7736,虎山,2026-03-24,82.9,0.0,0.00%,,16.75,,,,,,,ShowDailyK_ChartFlow,FinMind_API_TaiwanStockPrice_7736,True,2026-09-28T22:45:35,2026-09-28T22:45:35,2026-09-28T22:45:35
7736,虎山,2026-03-25,82.9,0.0,0.00%,,16.75,,,,,,,ShowDailyK_ChartFlow,FinMind_API_TaiwanStockPrice_7736,True,2026-09-28T22:45:35,2026-09-28T22:45:35,2026-09-28T22:45:35
7736,虎山,2026-03-26,81.1,-1.8000000000000114,-2.17%,,16.38,,,,,,,ShowDailyK_ChartFlow,FinMind_API_TaiwanStockPrice_7736,True,2026-09-28T22:45:35,2026-09-28T22:45:35,2026-09-28T22:45:35
7736,虎山,2026-03-27,80.9,-0.19999999999998863,-0.25%,,16.34,,,,,,,ShowDailyK_ChartFlow,FinMind_API_TaiwanStockPrice_7736,True,2026-09-28T22:45:35,2026-09-28T22:45:35,2026-09-28T22:45:35
7736,虎山,2026-03-30,80.8,-0.10000000000000853,-0.12%,,16.32,,,,,,,ShowDailyK_ChartFlow,FinMind_API_TaiwanStockPrice_7736,True,2026-09-28T22:45:35,2026-09-28T22:45:35,2026-09-28T22:45:35
7736,虎山,2026-03-31,78.4,-2.3999999999999915,-2.97%,,15.84,,,,,,,ShowDailyK_ChartFlow,FinMind_API_TaiwanStockPrice_7736,True,2026-09-28T22:45:35,2026-09-28T22:45:35,2026-09-28T22:45:35
7736,虎山,2026-04-01,81.9,3.5,4.46%,,16.55,,,,,,,ShowDailyK_ChartFlow,FinMind_API_TaiwanStockPrice_7736,True,2026-09-28T22:45:35,2026-09-28T22:45:35,2026-09-28T22:45:35
7736,虎山,2026-04-02,80.0,-1.9000000000000057,-2.32%,,16.16,,,,,,,ShowDailyK_ChartFlow,FinMind_API_TaiwanStockPrice_7736,True,2026-09-28T22:45:35,2026-09-28T22:45:35,2026-09-28T22:45:35
7736,虎山,2026-04-07,80.6,0.5999999999999943,0.75%,,16.28,,,,,,,ShowDailyK_ChartFlow,FinMind_API_TaiwanStockPrice_7736,True,2026-09-28T22:45:35,2026-09-28T22:45:35,2026-09-28T22:45:35
7736,虎山,2026-04-08,82.7,2.1000000000000085,2.61%,,16.71,,,,,,,ShowDailyK_ChartFlow,FinMind_API_TaiwanStockPrice_7736,True,2026-09-28T22:45:35,2026-09-28T22:45:35,2026-09-28T22:45:35
7736,虎山,2026-04-09,82.3,-0.4000000000000057,-0.48%,,16.63,,,,,,,ShowDailyK_ChartFlow,FinMind_API_TaiwanStockPrice_7736,True,2026-09-28T22:45:35,2026-09-28T22:45:35,2026-09-28T22:45:35
7736,虎山,2026-04-10,80.3,-2.0,-2.43%,,16.22,,,,,,,ShowDailyK_ChartFlow,FinMind_API_TaiwanStockPrice_7736,True,2026-09-28T22:45:35,2026-09-28T22:45:35,2026-09-28T22:45:35
7736,虎山,2026-04-13,80.9,0.6000000000000085,0.75%,,16.34,,,,,,,ShowDailyK_ChartFlow,FinMind_API_TaiwanStockPrice_7736,True,2026-09-28T22:45:35,2026-09-28T22:45:35,2026-09-28T22:45:35
7736,虎山,2026-04-14,79.8,-1.1000000000000085,-1.36%,,16.12,,,,,,,ShowDailyK_ChartFlow,FinMind_API_TaiwanStockPrice_7736,True,2026-09-28T22:45:35,2026-09-28T22:45:35,2026-09-28T22:45:35
7736,虎山,2026-04-15,79.8,0.0,0.00%,,16.12,,,,,,,ShowDailyK_ChartFlow,FinMind_API_TaiwanStockPrice_7736,True,2026-09-28T22:45:35,2026-09-28T22:45:35,2026-09-28T22:45:35
7736,虎山,2026-04-16,80.6,0.7999999999999972,1.00%,,16.28,,,,,,,ShowDailyK_ChartFlow,FinMind_API_TaiwanStockPrice_7736,True,2026-09-28T22:45:35,2026-09-28T22:45:35,2026-09-28T22:45:35
7736,虎山,2026-04-17,80.1,-0.5,-0.62%,,16.18,,,,,,,ShowDailyK_ChartFlow,FinMind_API_TaiwanStockPrice_7736,True,2026-09-28T22:45:35,2026-09-28T22:45:35,2026-09-28T22:45:35
7736,虎山,2026-04-20,79.0,-1.0999999999999943,-1.37%,,15.96,,,,,,,ShowDailyK_ChartFlow,FinMind_API_TaiwanStockPrice_7736,True,2026-09-28T22:45:35,2026-09-28T22:45:35,2026-09-28T22:45:35
7736,虎山,2026-04-21,79.6,0.5999999999999943,0.76%,,16.08,,,,,,,ShowDailyK_ChartFlow,FinMind_API_TaiwanStockPrice_7736,True,2026-09-28T22:45:35,2026-09-28T22:45:35,2026-09-28T22:45:35
7736,虎山,2026-04-22,78.9,-0.6999999999999886,-0.88%,,15.94,,,,,,,ShowDailyK_ChartFlow,FinMind_API_TaiwanStockPrice_7736,True,2026-09-28T22:45:35,2026-09-28T22:45:35,2026-09-28T22:45:35
7736,虎山,2026-04-23,78.2,-0.7000000000000028,-0.89%,,15.8,,,,,,,ShowDailyK_ChartFlow,FinMind_API_TaiwanStockPrice_7736,True,2026-09-28T22:45:35,2026-09-28T22:45:35,2026-09-28T22:45:35
7736,虎山,2026-04-24,79.8,1.5999999999999943,2.05%,,16.12,,,,,,,ShowDailyK_ChartFlow,FinMind_API_TaiwanStockPrice_7736,True,2026-09-28T22:45:35,2026-09-28T22:45:35,2026-09-28T22:45:35
7736,虎山,2026-04-27,78.5,-1.2999999999999972,-1.63%,,15.86,,,,,,,ShowDailyK_ChartFlow,FinMind_API_TaiwanStockPrice_7736,True,2026-09-28T22:45:35,2026-09-28T22:45:35,2026-09-28T22:45:35
7736,虎山,2026-04-28,77.8,-0.7000000000000028,-0.89%,,15.72,,,,,,,ShowDailyK_ChartFlow,FinMind_API_TaiwanStockPrice_7736,True,2026-09-28T22:45:35,2026-09-28T22:45:35,2026-09-28T22:45:35
7736,虎山,2026-04-29,78.7,0.9000000000000057,1.16%,,15.9,,,,,,,ShowDailyK_ChartFlow,FinMind_API_TaiwanStockPrice_7736,True,2026-09-28T22:45:35,2026-09-28T22:45:35,2026-09-28T22:45:35
7736,虎山,2026-04-30,76.9,-1.7999999999999972,-2.29%,,15.54,,,,,,,ShowDailyK_ChartFlow,FinMind_API_TaiwanStockPrice_7736,True,2026-09-28T22:45:35,2026-09-28T22:45:35,2026-09-28T22:45:35
7736,虎山,2026-05-04,75.0,-1.9000000000000057,-2.47%,,15.15,,,,,,,ShowDailyK_ChartFlow,FinMind_API_TaiwanStockPrice_7736,True,2026-09-28T22:45:35,2026-09-28T22:45:35,2026-09-28T22:45:35
7736,虎山,2026-05-05,72.6,-2.4000000000000057,-3.20%,,14.67,,,,,,,ShowDailyK_ChartFlow,FinMind_API_TaiwanStockPrice_7736,True,2026-09-28T22:45:35,2026-09-28T22:45:35,2026-09-28T22:45:35
7736,虎山,2026-05-06,73.5,0.9000000000000057,1.24%,,14.85,,,,,,,ShowDailyK_ChartFlow,FinMind_API_TaiwanStockPrice_7736,True,2026-09-28T22:45:35,2026-09-28T22:45:35,2026-09-28T22:45:35
7736,虎山,2026-05-07,76.7,3.200000000000003,4.35%,,15.49,,,,,,,ShowDailyK_ChartFlow,FinMind_API_TaiwanStockPrice_7736,True,2026-09-28T22:45:35,2026-09-28T22:45:35,2026-09-28T22:45:35
7736,虎山,2026-05-08,76.7,0.0,0.00%,,15.49,,,,,,,ShowDailyK_ChartFlow,FinMind_API_TaiwanStockPrice_7736,True,2026-09-28T22:45:35,2026-09-28T22:45:35,2026-09-28T22:45:35
7736,虎山,2026-05-11,75.2,-1.5,-1.96%,,15.19,,,,,,,ShowDailyK_ChartFlow,FinMind_API_TaiwanStockPrice_7736,True,2026-09-28T22:45:35,2026-09-28T22:45:35,2026-09-28T22:45:35
7736,虎山,2026-05-12,74.6,-0.6000000000000085,-0.80%,,15.07,,,,,,,ShowDailyK_ChartFlow,FinMind_API_TaiwanStockPrice_7736,True,2026-09-28T22:45:35,2026-09-28T22:45:35,2026-09-28T22:45:35
7736,虎山,2026-05-13,73.0,-1.5999999999999943,-2.14%,,14.75,,,,,,,ShowDailyK_ChartFlow,FinMind_API_TaiwanStockPrice_7736,True,2026-09-28T22:45:35,2026-09-28T22:45:35,2026-09-28T22:45:35
7736,虎山,2026-05-14,71.5,-1.5,-2.05%,,14.44,,,,,,,ShowDailyK_ChartFlow,FinMind_API_TaiwanStockPrice_7736,True,2026-09-28T22:45:35,2026-09-28T22:45:35,2026-09-28T22:45:35
7736,虎山,2026-05-15,71.8,0.29999999999999716,0.42%,,15.71,,,,,,,ShowDailyK_ChartFlow,FinMind_API_TaiwanStockPrice_7736,True,2026-09-28T22:45:35,2026-09-28T22:45:35,2026-09-28T22:45:35
7736,虎山,2026-05-18,71.8,0.0,0.00%,,15.71,,,,,,,ShowDailyK_ChartFlow,FinMind_API_TaiwanStockPrice_7736,True,2026-09-28T22:45:35,2026-09-28T22:45:35,2026-09-28T22:45:35
7736,虎山,2026-05-19,71.9,0.10000000000000853,0.14%,,15.73,,,,,,,ShowDailyK_ChartFlow,FinMind_API_TaiwanStockPrice_7736,True,2026-09-28T22:45:35,2026-09-28T22:45:35,2026-09-28T22:45:35
7736,虎山,2026-05-20,71.9,0.0,0.00%,,15.73,,,,,,,ShowDailyK_ChartFlow,FinMind_API_TaiwanStockPrice_7736,True,2026-09-28T22:45:35,2026-09-28T22:45:35,2026-09-28T22:45:35
7736,虎山,2026-05-21,71.9,0.0,0.00%,,15.73,,,,,,,ShowDailyK_ChartFlow,FinMind_API_TaiwanStockPrice_7736,True,2026-09-28T22:45:35,2026-09-28T22:45:35,2026-09-28T22:45:35
7736,虎山,2026-05-22,71.5,-0.4000000000000057,-0.56%,,15.65,,,,,,,ShowDailyK_ChartFlow,FinMind_API_TaiwanStockPrice_7736,True,2026-09-28T22:45:35,2026-09-28T22:45:35,2026-09-28T22:45:35
7736,虎山,2026-05-25,72.1,0.5999999999999943,0.84%,,15.78,,,,,,,ShowDailyK_ChartFlow,FinMind_API_TaiwanStockPrice_7736,True,2026-09-28T22:45:35,2026-09-28T22:45:35,2026-09-28T22:45:35
7736,虎山,2026-05-26,71.8,-0.29999999999999716,-0.42%,,15.71,,,,,,,ShowDailyK_ChartFlow,FinMind_API_TaiwanStockPrice_7736,True,2026-09-28T22:45:35,2026-09-28T22:45:35,2026-09-28T22:45:35
7736,虎山,2026-05-27,71.1,-0.7000000000000028,-0.97%,,15.56,,,,,,,ShowDailyK_ChartFlow,FinMind_API_TaiwanStockPrice_7736,True,2026-09-28T22:45:35,2026-09-28T22:45:35,2026-09-28T22:45:35
7736,虎山,2026-05-28,73.7,2.6000000000000085,3.66%,,16.13,,,,,,,ShowDailyK_ChartFlow,FinMind_API_TaiwanStockPrice_7736,True,2026-09-28T22:45:35,2026-09-28T22:45:35,2026-09-28T22:45:35
7736,虎山,2026-05-29,75.0,1.2999999999999972,1.76%,,16.41,,,,,,,ShowDailyK_ChartFlow,FinMind_API_TaiwanStockPrice_7736,True,2026-09-28T22:45:35,2026-09-28T22:45:35,2026-09-28T22:45:35
7736,虎山,2026-06-01,74.3,-0.7000000000000028,-0.93%,,16.26,,,,,,,ShowDailyK_ChartFlow,FinMind_API_TaiwanStockPrice_7736,True,2026-09-28T22:45:35,2026-09-28T22:45:35,2026-09-28T22:45:35
7736,虎山,2026-06-02,74.0,-0.29999999999999716,-0.40%,,16.19,,,,,,,ShowDailyK_ChartFlow,FinMind_API_TaiwanStockPrice_7736,True,2026-09-28T22:45:35,2026-09-28T22:45:35,2026-09-28T22:45:35
7736,虎山,2026-06-03,72.9,-1.0999999999999943,-1.49%,,15.95,,,,,,,ShowDailyK_ChartFlow,FinMind_API_TaiwanStockPrice_7736,True,2026-09-28T22:45:35,2026-09-28T22:45:35,2026-09-28T22:45:35
7736,虎山,2026-06-04,73.0,0.09999999999999432,0.14%,,15.97,,,,,,,ShowDailyK_ChartFlow,FinMind_API_TaiwanStockPrice_7736,True,2026-09-28T22:45:35,2026-09-28T22:45:35,2026-09-28T22:45:35
7736,虎山,2026-06-05,72.8,-0.20000000000000284,-0.27%,,15.93,,,,,,,ShowDailyK_ChartFlow,FinMind_API_TaiwanStockPrice_7736,True,2026-09-28T22:45:35,2026-09-28T22:45:35,2026-09-28T22:45:35
7736,虎山,2026-06-08,70.9,-1.8999999999999915,-2.61%,,15.51,,,,,,,ShowDailyK_ChartFlow,FinMind_API_TaiwanStockPrice_7736,True,2026-09-28T22:45:35,2026-09-28T22:45:35,2026-09-28T22:45:35
7736,虎山,2026-06-09,72.7,1.7999999999999972,2.54%,,15.91,,,,,,,ShowDailyK_ChartFlow,FinMind_API_TaiwanStockPrice_7736,True,2026-09-28T22:45:35,2026-09-28T22:45:35,2026-09-28T22:45:35
7736,虎山,2026-06-10,71.5,-1.2000000000000028,-1.65%,,15.65,,,,,,,ShowDailyK_ChartFlow,FinMind_API_TaiwanStockPrice_7736,True,2026-09-28T22:45:35,2026-09-28T22:45:35,2026-09-28T22:45:35
7736,虎山,2026-06-11,72.4,0.9000000000000057,1.26%,,15.84,,,,,,,ShowDailyK_ChartFlow,FinMind_API_TaiwanStockPrice_7736,True,2026-09-28T22:45:35,2026-09-28T22:45:35,2026-09-28T22:45:35
7736,虎山,2026-06-12,72.4,0.0,0.00%,,15.84,,,,,,,ShowDailyK_ChartFlow,FinMind_API_TaiwanStockPrice_7736,True,2026-09-28T22:45:35,2026-09-28T22:45:35,2026-09-28T22:45:35
7736,虎山,2026-06-15,72.5,0.09999999999999432,0.14%,,15.86,,,,,,,ShowDailyK_ChartFlow,FinMind_API_TaiwanStockPrice_7736,True,2026-09-28T22:45:35,2026-09-28T22:45:35,2026-09-28T22:45:35
7736,虎山,2026-06-16,72.7,0.20000000000000284,0.28%,,15.91,,,,,,,ShowDailyK_ChartFlow,FinMind_API_TaiwanStockPrice_7736,True,2026-09-28T22:45:35,2026-09-28T22:45:35,2026-09-28T22:45:35
7736,虎山,2026-06-17,73.7,1.0,1.38%,,16.13,,,,,,,ShowDailyK_ChartFlow,FinMind_API_TaiwanStockPrice_7736,True,2026-09-28T22:45:35,2026-09-28T22:45:35,2026-09-28T22:45:35
7736,虎山,2026-06-18,72.7,-1.0,-1.36%,,15.91,,,,,,,ShowDailyK_ChartFlow,FinMind_API_TaiwanStockPrice_7736,True,2026-09-28T22:45:35,2026-09-28T22:45:35,2026-09-28T22:45:35
7736,虎山,2026-06-22,71.6,-1.1000000000000085,-1.51%,,15.67,,,,,,,ShowDailyK_ChartFlow,FinMind_API_TaiwanStockPrice_7736,True,2026-09-28T22:45:35,2026-09-28T22:45:35,2026-09-28T22:45:35
7736,虎山,2026-06-23,72.6,1.0,1.40%,,15.89,,,,,,,ShowDailyK_ChartFlow,FinMind_API_TaiwanStockPrice_7736,True,2026-09-28T22:45:35,2026-09-28T22:45:35,2026-09-28T22:45:35
7736,虎山,2026-06-24,72.1,-0.5,-0.69%,,15.78,,,,,,,ShowDailyK_ChartFlow,FinMind_API_TaiwanStockPrice_7736,True,2026-09-28T22:45:35,2026-09-28T22:45:35,2026-09-28T22:45:35
7736,虎山,2026-06-25,71.7,-0.3999999999999915,-0.55%,,15.69,,,,,,,ShowDailyK_ChartFlow,FinMind_API_TaiwanStockPrice_7736,True,2026-09-28T22:45:35,2026-09-28T22:45:35,2026-09-28T22:45:35
7736,虎山,2026-06-26,70.8,-0.9000000000000057,-1.26%,,15.49,,,,,,,ShowDailyK_ChartFlow,FinMind_API_TaiwanStockPrice_7736,True,2026-09-28T22:45:35,2026-09-28T22:45:35,2026-09-28T22:45:35
7736,虎山,2026-06-29,70.9,0.10000000000000853,0.14%,,15.51,,,,,,,ShowDailyK_ChartFlow,FinMind_API_TaiwanStockPrice_7736,True,2026-09-28T22:45:35,2026-09-28T22:45:35,2026-09-28T22:45:35
7736,虎山,2026-06-30,70.8,-0.10000000000000853,-0.14%,,15.49,,,,,,,ShowDailyK_ChartFlow,FinMind_API_TaiwanStockPrice_7736,True,2026-09-28T22:45:35,2026-09-28T22:45:35,2026-09-28T22:45:35
7736,虎山,2026-07-01,70.9,0.10000000000000853,0.14%,,15.51,,,,,,,ShowDailyK_ChartFlow,FinMind_API_TaiwanStockPrice_7736,True,2026-09-28T22:45:35,2026-09-28T22:45:35,2026-09-28T22:45:35
7736,虎山,2026-07-02,70.4,-0.5,-0.71%,,15.4,,,,,,,ShowDailyK_ChartFlow,FinMind_API_TaiwanStockPrice_7736,True,2026-09-28T22:45:35,2026-09-28T22:45:35,2026-09-28T22:45:35
7736,虎山,2026-07-03,70.8,0.3999999999999915,0.57%,,15.49,,,,,,,ShowDailyK_ChartFlow,FinMind_API_TaiwanStockPrice_7736,True,2026-09-28T22:45:35,2026-09-28T22:45:35,2026-09-28T22:45:35
7736,虎山,2026-07-06,70.4,-0.3999999999999915,-0.56%,,15.4,,,,,,,ShowDailyK_ChartFlow,FinMind_API_TaiwanStockPrice_7736,True,2026-09-28T22:45:35,2026-09-28T22:45:35,2026-09-28T22:45:35
7736,虎山,2026-07-07,71.4,1.0,1.42%,,15.62,,,,,,,ShowDailyK_ChartFlow,FinMind_API_TaiwanStockPrice_7736,True,2026-09-28T22:45:35,2026-09-28T22:45:35,2026-09-28T22:45:35
7736,虎山,2026-07-08,70.6,-0.8000000000000114,-1.12%,,15.45,,,,,,,ShowDailyK_ChartFlow,FinMind_API_TaiwanStockPrice_7736,True,2026-09-28T22:45:35,2026-09-28T22:45:35,2026-09-28T22:45:35
7736,虎山,2026-07-09,70.4,-0.19999999999998863,-0.28%,,15.4,,,,,,,ShowDailyK_ChartFlow,FinMind_API_TaiwanStockPrice_7736,True,2026-09-28T22:45:35,2026-09-28T22:45:35,2026-09-28T22:45:35
7736,虎山,2026-07-13,71.8,1.3999999999999915,1.99%,,15.71,,,,,,,ShowDailyK_ChartFlow,FinMind_API_TaiwanStockPrice_7736,True,2026-09-28T22:45:35,2026-09-28T22:45:35,2026-09-28T22:45:35
7736,虎山,2026-07-14,70.4,-1.3999999999999915,-1.95%,,15.4,,,,,,,ShowDailyK_ChartFlow,FinMind_API_TaiwanStockPrice_7736,True,2026-09-28T22:45:35,2026-09-28T22:45:35,2026-09-28T22:45:35
7736,虎山,2026-07-15,70.8,0.3999999999999915,0.57%,,15.49,,,,,,,ShowDailyK_ChartFlow,FinMind_API_TaiwanStockPrice_7736,True,2026-09-28T22:45:35,2026-09-28T22:45:35,2026-09-28T22:45:35
7736,虎山,2026-07-16,70.8,0.0,0.00%,,15.49,,,,,,,ShowDailyK_ChartFlow,FinMind_API_TaiwanStockPrice_7736,True,2026-09-28T22:45:35,2026-09-28T22:45:35,2026-09-28T22:45:35
7736,虎山,2026-07-17,70.1,-0.7000000000000028,-0.99%,,15.34,,,,,,,ShowDailyK_ChartFlow,FinMind_API_TaiwanStockPrice_7736,True,2026-09-28T22:45:35,2026-09-28T22:45:35,2026-09-28T22:45:35
7736,虎山,2026-07-20,70.3,0.20000000000000284,0.29%,,15.38,,,,,,,ShowDailyK_ChartFlow,FinMind_API_TaiwanStockPrice_7736,True,2026-09-28T22:45:35,2026-09-28T22:45:35,2026-09-28T22:45:35
7736,虎山,2026-07-21,70.3,0.0,0.00%,,15.38,,,,,,,ShowDailyK_ChartFlow,FinMind_API_TaiwanStockPrice_7736,True,2026-09-28T22:45:35,2026-09-28T22:45:35,2026-09-28T22:45:35
7736,虎山,2026-07-22,70.2,-0.09999999999999432,-0.14%,,15.36,,,,,,,ShowDailyK_ChartFlow,FinMind_API_TaiwanStockPrice_7736,True,2026-09-28T22:45:35,2026-09-28T22:45:35,2026-09-28T22:45:35
7736,虎山,2026-07-23,70.5,0.29999999999999716,0.43%,,15.43,,,,,,,ShowDailyK_ChartFlow,FinMind_API_TaiwanStockPrice_7736,True,2026-09-28T22:45:35,2026-09-28T22:45:35,2026-09-28T22:45:35
7736,虎山,2026-07-24,70.4,-0.09999999999999432,-0.14%,,15.4,,,,,,,ShowDailyK_ChartFlow,FinMind_API_TaiwanStockPrice_7736,True,2026-09-28T22:45:35,2026-09-28T22:45:35,2026-09-28T22:45:35
7736,虎山,2026-07-27,70.1,-0.30000000000001137,-0.43%,,15.34,,,,,,,ShowDailyK_ChartFlow,FinMind_API_TaiwanStockPrice_7736,True,2026-09-28T22:45:35,2026-09-28T22:45:35,2026-09-28T22:45:35
7736,虎山,2026-07-28,71.0,0.9000000000000057,1.28%,,15.54,,,,,,,ShowDailyK_ChartFlow,FinMind_API_TaiwanStockPrice_7736,True,2026-09-28T22:45:35,2026-09-28T22:45:35,2026-09-28T22:45:35
7736,虎山,2026-07-29,70.2,-0.7999999999999972,-1.13%,,15.36,,,,,,,ShowDailyK_ChartFlow,FinMind_API_TaiwanStockPrice_7736,True,2026-09-28T22:45:35,2026-09-28T22:45:35,2026-09-28T22:45:35
7736,虎山,2026-07-30,70.3,0.09999999999999432,0.14%,,15.38,,,,,,,ShowDailyK_ChartFlow,FinMind_API_TaiwanStockPrice_7736,True,2026-09-28T22:45:35,2026-09-28T22:45:35,2026-09-28T22:45:35
7736,虎山,2026-07-31,70.4,0.10000000000000853,0.14%,,15.4,,,,,,,ShowDailyK_ChartFlow,FinMind_API_TaiwanStockPrice_7736,True,2026-09-28T22:45:35,2026-09-28T22:45:35,2026-09-28T22:45:35
7736,虎山,2026-08-03,70.4,0.0,0.00%,,15.4,,,,,,,ShowDailyK_ChartFlow,FinMind_API_TaiwanStockPrice_7736,True,2026-09-28T22:45:35,2026-09-28T22:45:35,2026-09-28T22:45:35
7736,虎山,2026-08-04,70.3,-0.10000000000000853,-0.14%,,15.38,,,,,,,ShowDailyK_ChartFlow,FinMind_API_TaiwanStockPrice_7736,True,2026-09-28T22:45:35,2026-09-28T22:45:35,2026-09-28T22:45:35
7736,虎山,2026-08-05,69.6,-0.7000000000000028,-1.00%,,15.23,,,,,,,ShowDailyK_ChartFlow,FinMind_API_TaiwanStockPrice_7736,True,2026-09-28T22:45:35,2026-09-28T22:45:35,2026-09-28T22:45:35
7736,虎山,2026-08-06,69.9,0.30000000000001137,0.43%,,15.3,,,,,,,ShowDailyK_ChartFlow,FinMind_API_TaiwanStockPrice_7736,True,2026-09-28T22:45:35,2026-09-28T22:45:35,2026-09-28T22:45:35
7736,虎山,2026-08-07,69.9,0.0,0.00%,,15.3,,,,,,,ShowDailyK_ChartFlow,FinMind_API_TaiwanStockPrice_7736,True,2026-09-28T22:45:35,2026-09-28T22:45:35,2026-09-28T22:45:35
7736,虎山,2026-08-10,70.0,0.09999999999999432,0.14%,,15.32,,,,,,,ShowDailyK_ChartFlow,FinMind_API_TaiwanStockPrice_7736,True,2026-09-28T22:45:35,2026-09-28T22:45:35,2026-09-28T22:45:35
7736,虎山,2026-08-11,70.0,0.0,0.00%,,15.32,,,,,,,ShowDailyK_ChartFlow,FinMind_API_TaiwanStockPrice_7736,True,2026-09-28T22:45:35,2026-09-28T22:45:35,2026-09-28T22:45:35
7736,虎山,2026-08-12,69.9,-0.09999999999999432,-0.14%,,15.3,,,,,,,ShowDailyK_ChartFlow,FinMind_API_TaiwanStockPrice_7736,True,2026-09-28T22:45:35,2026-09-28T22:45:35,2026-09-28T22:45:35
7736,虎山,2026-08-13,69.6,-0.30000000000001137,-0.43%,,15.23,,,,,,,ShowDailyK_ChartFlow,FinMind_API_TaiwanStockPrice_7736,True,2026-09-28T22:45:35,2026-09-28T22:45:35,2026-09-28T22:45:35
7736,虎山,2026-08-14,71.3,1.7000000000000028,2.44%,,12.87,,,,,,,ShowDailyK_ChartFlow,FinMind_API_TaiwanStockPrice_7736,True,2026-09-28T22:45:35,2026-09-28T22:45:35,2026-09-28T22:45:35
7736,虎山,2026-08-17,70.4,-0.8999999999999915,-1.26%,,12.71,,,,,,,ShowDailyK_ChartFlow,FinMind_API_TaiwanStockPrice_7736,True,2026-09-28T22:45:35,2026-09-28T22:45:35,2026-09-28T22:45:35
7736,虎山,2026-08-18,69.5,-0.9000000000000057,-1.28%,,12.55,,,,,,,ShowDailyK_ChartFlow,FinMind_API_TaiwanStockPrice_7736,True,2026-09-28T22:45:35,2026-09-28T22:45:35,2026-09-28T22:45:35
7736,虎山,2026-08-19,69.3,-0.20000000000000284,-0.29%,,12.51,,,,,,,ShowDailyK_ChartFlow,FinMind_API_TaiwanStockPrice_7736,True,2026-09-28T22:45:35,2026-09-28T22:45:35,2026-09-28T22:45:35
7736,虎山,2026-08-20,70.8,1.5,2.16%,,12.78,,,,,,,ShowDailyK_ChartFlow,FinMind_API_TaiwanStockPrice_7736,True,2026-09-28T22:45:35,2026-09-28T22:45:35,2026-09-28T22:45:35
7736,虎山,2026-08-21,70.9,0.10000000000000853,0.14%,,12.8,,,,,,,ShowDailyK_ChartFlow,FinMind_API_TaiwanStockPrice_7736,True,2026-09-28T22:45:35,2026-09-28T22:45:35,2026-09-28T22:45:35
7736,虎山,2026-08-24,69.3,-1.6000000000000085,-2.26%,,12.51,,,,,,,ShowDailyK_ChartFlow,FinMind_API_TaiwanStockPrice_7736,True,2026-09-28T22:45:35,2026-09-28T22:45:35,2026-09-28T22:45:35
7736,虎山,2026-08-25,69.4,0.10000000000000853,0.14%,,12.53,,,,,,,ShowDailyK_ChartFlow,FinMind_API_TaiwanStockPrice_7736,True,2026-09-28T22:45:35,2026-09-28T22:45:35,2026-09-28T22:45:35
7736,虎山,2026-08-26,68.9,-0.5,-0.72%,,12.44,,,,,,,ShowDailyK_ChartFlow,FinMind_API_TaiwanStockPrice_7736,True,2026-09-28T22:45:35,2026-09-28T22:45:35,2026-09-28T22:45:35
7736,虎山,2026-08-27,69.1,0.19999999999998863,0.29%,,12.47,,,,,,,ShowDailyK_ChartFlow,FinMind_API_TaiwanStockPrice_7736,True,2026-09-28T22:45:35,2026-09-28T22:45:35,2026-09-28T22:45:35
7736,虎山,2026-08-28,69.6,0.5,0.72%,,12.56,,,,,,,ShowDailyK_ChartFlow,FinMind_API_TaiwanStockPrice_7736,True,2026-09-28T22:45:35,2026-09-28T22:45:35,2026-09-28T22:45:35
7736,虎山,2026-08-31,69.5,-0.09999999999999432,-0.14%,,12.55,,,,,,,ShowDailyK_ChartFlow,FinMind_API_TaiwanStockPrice_7736,True,2026-09-28T22:45:35,2026-09-28T22:45:35,2026-09-28T22:45:35
7736,虎山,2026-09-01,68.7,-0.7999999999999972,-1.15%,,12.4,,,,,,,ShowDailyK_ChartFlow,FinMind_API_TaiwanStockPrice_7736,True,2026-09-28T22:45:35,2026-09-28T22:45:35,2026-09-28T22:45:35
7736,虎山,2026-09-02,69.2,0.5,0.73%,,12.49,,,,,,,ShowDailyK_ChartFlow,FinMind_API_TaiwanStockPrice_7736,True,2026-09-28T22:45:35,2026-09-28T22:45:35,2026-09-28T22:45:35
7736,虎山,2026-09-03,69.9,0.7000000000000028,1.01%,,12.62,,,,,,,ShowDailyK_ChartFlow,FinMind_API_TaiwanStockPrice_7736,True,2026-09-28T22:45:35,2026-09-28T22:45:35,2026-09-28T22:45:35
7736,虎山,2026-09-04,69.4,-0.5,-0.72%,,12.53,,,,,,,ShowDailyK_ChartFlow,FinMind_API_TaiwanStockPrice_7736,True,2026-09-28T22:45:35,2026-09-28T22:45:35,2026-09-28T22:45:35
7736,虎山,2026-09-07,69.4,0.0,0.00%,,12.53,,,,,,,ShowDailyK_ChartFlow,FinMind_API_TaiwanStockPrice_7736,True,2026-09-28T22:45:35,2026-09-28T22:45:35,2026-09-28T22:45:35
7736,虎山,2026-09-08,69.4,0.0,0.00%,,12.53,,,,,,,ShowDailyK_ChartFlow,FinMind_API_TaiwanStockPrice_7736,True,2026-09-28T22:45:35,2026-09-28T22:45:35,2026-09-28T22:45:35
7736,虎山,2026-09-09,69.9,0.5,0.72%,,12.62,,,,,,,ShowDailyK_ChartFlow,FinMind_API_TaiwanStockPrice_7736,True,2026-09-28T22:45:35,2026-09-28T22:45:35,2026-09-28T22:45:35
7736,虎山,2026-09-10,69.8,-0.10000000000000853,-0.14%,,12.6,,,,,,,ShowDailyK_ChartFlow,FinMind_API_TaiwanStockPrice_7736,True,2026-09-28T22:45:35,2026-09-28T22:45:35,2026-09-28T22:45:35
7736,虎山,2026-09-11,69.1,-0.7000000000000028,-1.00%,,12.47,,,,,,,ShowDailyK_ChartFlow,FinMind_API_TaiwanStockPrice_7736,True,2026-09-28T22:45:35,2026-09-28T22:45:35,2026-09-28T22:45:35
7736,虎山,2026-09-14,68.4,-0.6999999999999886,-1.01%,,12.35,,,,,,,ShowDailyK_ChartFlow,FinMind_API_TaiwanStockPrice_7736,True,2026-09-28T22:45:35,2026-09-28T22:45:35,2026-09-28T22:45:35
7736,虎山,2026-09-15,69.0,0.5999999999999943,0.88%,,12.45,,,,,,,ShowDailyK_ChartFlow,FinMind_API_TaiwanStockPrice_7736,True,2026-09-28T22:45:35,2026-09-28T22:45:35,2026-09-28T22:45:35
7736,虎山,2026-09-16,68.6,-0.4000000000000057,-0.58%,,12.38,,,,,,,ShowDailyK_ChartFlow,FinMind_API_TaiwanStockPrice_7736,True,2026-09-28T22:45:35,2026-09-28T22:45:35,2026-09-28T22:45:35
7736,虎山,2026-09-17,69.5,0.9000000000000057,1.31%,,12.55,,,,,,,ShowDailyK_ChartFlow,FinMind_API_TaiwanStockPrice_7736,True,2026-09-28T22:45:35,2026-09-28T22:45:35,2026-09-28T22:45:35
7736,虎山,2026-09-18,68.6,-0.9000000000000057,-1.29%,,12.38,,,,,,,ShowDailyK_ChartFlow,FinMind_API_TaiwanStockPrice_7736,True,2026-09-28T22:45:35,2026-09-28T22:45:35,2026-09-28T22:45:35
7736,虎山,2026-09-21,68.4,-0.19999999999998863,-0.29%,,12.35,,,,,,,ShowDailyK_ChartFlow,FinMind_API_TaiwanStockPrice_7736,True,2026-09-28T22:45:35,2026-09-28T22:45:35,2026-09-28T22:45:35
7736,虎山,2026-09-22,68.2,-0.20000000000000284,-0.29%,,12.31,,,,,,,ShowDailyK_ChartFlow,FinMind_API_TaiwanStockPrice_7736,True,2026-09-28T22:45:35,2026-09-28T22:45:35,2026-09-28T22:45:35
7736,虎山,2026-09-23,69.4,1.2000000000000028,1.76%,,12.53,,,,,,,ShowDailyK_ChartFlow,FinMind_API_TaiwanStockPrice_7736,True,2026-09-28T22:45:35,2026-09-28T22:45:35,2026-09-28T22:45:35
7736,虎山,2026-09-24,68.7,-0.7000000000000028,-1.01%,,12.4,,,,,,,ShowDailyK_ChartFlow,FinMind_API_TaiwanStockPrice_7736,True,2026-09-28T22:45:35,2026-09-28T22:45:35,2026-09-28T22:45:35
