stock_code,company_name,交易_日期,收盤價_元,漲跌價_元,漲跌幅_pct,河流圖_eps_元,目前_per_倍,本益比試算價格_15x_元,本益比試算價格_18x_元,本益比試算價格_21x_元,本益比試算價格_24x_元,本益比試算價格_27x_元,本益比試算價格_30x_元,file_type,source_file,download_success,download_timestamp,process_timestamp,stage1_process_timestamp
6125,廣運,2021-01-04,30.5,,,,,,,,,,,ShowDailyK_ChartFlow,FinMind_API_TaiwanStockPrice_6125,True,2026-10-05T23:38:42,2026-10-05T23:38:42,2026-10-05T23:38:42
6125,廣運,2021-01-05,30.55,0.05000000000000071,0.16%,,,,,,,,,ShowDailyK_ChartFlow,FinMind_API_TaiwanStockPrice_6125,True,2026-10-05T23:38:42,2026-10-05T23:38:42,2026-10-05T23:38:42
6125,廣運,2021-01-06,29.15,-1.4000000000000021,-4.58%,,,,,,,,,ShowDailyK_ChartFlow,FinMind_API_TaiwanStockPrice_6125,True,2026-10-05T23:38:42,2026-10-05T23:38:42,2026-10-05T23:38:42
6125,廣運,2021-01-07,29.4,0.25,0.86%,,,,,,,,,ShowDailyK_ChartFlow,FinMind_API_TaiwanStockPrice_6125,True,2026-10-05T23:38:42,2026-10-05T23:38:42,2026-10-05T23:38:42
6125,廣運,2021-01-08,29.15,-0.25,-0.85%,,,,,,,,,ShowDailyK_ChartFlow,FinMind_API_TaiwanStockPrice_6125,True,2026-10-05T23:38:42,2026-10-05T23:38:42,2026-10-05T23:38:42
6125,廣運,2021-01-11,29.05,-0.09999999999999787,-0.34%,,,,,,,,,ShowDailyK_ChartFlow,FinMind_API_TaiwanStockPrice_6125,True,2026-10-05T23:38:42,2026-10-05T23:38:42,2026-10-05T23:38:42
6125,廣運,2021-01-12,27.25,-1.8000000000000007,-6.20%,,,,,,,,,ShowDailyK_ChartFlow,FinMind_API_TaiwanStockPrice_6125,True,2026-10-05T23:38:42,2026-10-05T23:38:42,2026-10-05T23:38:42
6125,廣運,2021-01-13,26.0,-1.25,-4.59%,,,,,,,,,ShowDailyK_ChartFlow,FinMind_API_TaiwanStockPrice_6125,True,2026-10-05T23:38:42,2026-10-05T23:38:42,2026-10-05T23:38:42
6125,廣運,2021-01-14,26.1,0.10000000000000142,0.38%,,,,,,,,,ShowDailyK_ChartFlow,FinMind_API_TaiwanStockPrice_6125,True,2026-10-05T23:38:42,2026-10-05T23:38:42,2026-10-05T23:38:42
6125,廣運,2021-01-15,24.5,-1.6000000000000014,-6.13%,,,,,,,,,ShowDailyK_ChartFlow,FinMind_API_TaiwanStockPrice_6125,True,2026-10-05T23:38:42,2026-10-05T23:38:42,2026-10-05T23:38:42
6125,廣運,2021-01-18,25.65,1.1499999999999986,4.69%,,,,,,,,,ShowDailyK_ChartFlow,FinMind_API_TaiwanStockPrice_6125,True,2026-10-05T23:38:42,2026-10-05T23:38:42,2026-10-05T23:38:42
6125,廣運,2021-01-19,24.45,-1.1999999999999993,-4.68%,,,,,,,,,ShowDailyK_ChartFlow,FinMind_API_TaiwanStockPrice_6125,True,2026-10-05T23:38:42,2026-10-05T23:38:42,2026-10-05T23:38:42
6125,廣運,2021-01-20,23.5,-0.9499999999999993,-3.89%,,,,,,,,,ShowDailyK_ChartFlow,FinMind_API_TaiwanStockPrice_6125,True,2026-10-05T23:38:42,2026-10-05T23:38:42,2026-10-05T23:38:42
6125,廣運,2021-01-21,24.0,0.5,2.13%,,,,,,,,,ShowDailyK_ChartFlow,FinMind_API_TaiwanStockPrice_6125,True,2026-10-05T23:38:42,2026-10-05T23:38:42,2026-10-05T23:38:42
6125,廣運,2021-01-22,24.0,0.0,0.00%,,,,,,,,,ShowDailyK_ChartFlow,FinMind_API_TaiwanStockPrice_6125,True,2026-10-05T23:38:42,2026-10-05T23:38:42,2026-10-05T23:38:42
6125,廣運,2021-01-25,23.55,-0.4499999999999993,-1.87%,,,,,,,,,ShowDailyK_ChartFlow,FinMind_API_TaiwanStockPrice_6125,True,2026-10-05T23:38:42,2026-10-05T23:38:42,2026-10-05T23:38:42
6125,廣運,2021-01-26,22.8,-0.75,-3.18%,,,,,,,,,ShowDailyK_ChartFlow,FinMind_API_TaiwanStockPrice_6125,True,2026-10-05T23:38:42,2026-10-05T23:38:42,2026-10-05T23:38:42
6125,廣運,2021-01-27,23.6,0.8000000000000007,3.51%,,,,,,,,,ShowDailyK_ChartFlow,FinMind_API_TaiwanStockPrice_6125,True,2026-10-05T23:38:42,2026-10-05T23:38:42,2026-10-05T23:38:42
6125,廣運,2021-01-28,23.55,-0.05000000000000071,-0.21%,,,,,,,,,ShowDailyK_ChartFlow,FinMind_API_TaiwanStockPrice_6125,True,2026-10-05T23:38:42,2026-10-05T23:38:42,2026-10-05T23:38:42
6125,廣運,2021-01-29,23.5,-0.05000000000000071,-0.21%,,,,,,,,,ShowDailyK_ChartFlow,FinMind_API_TaiwanStockPrice_6125,True,2026-10-05T23:38:42,2026-10-05T23:38:42,2026-10-05T23:38:42
6125,廣運,2021-02-01,22.5,-1.0,-4.26%,,,,,,,,,ShowDailyK_ChartFlow,FinMind_API_TaiwanStockPrice_6125,True,2026-10-05T23:38:42,2026-10-05T23:38:42,2026-10-05T23:38:42
6125,廣運,2021-02-02,23.6,1.1000000000000014,4.89%,,,,,,,,,ShowDailyK_ChartFlow,FinMind_API_TaiwanStockPrice_6125,True,2026-10-05T23:38:42,2026-10-05T23:38:42,2026-10-05T23:38:42
6125,廣運,2021-02-03,23.85,0.25,1.06%,,,,,,,,,ShowDailyK_ChartFlow,FinMind_API_TaiwanStockPrice_6125,True,2026-10-05T23:38:42,2026-10-05T23:38:42,2026-10-05T23:38:42
6125,廣運,2021-02-04,23.5,-0.3500000000000014,-1.47%,,,,,,,,,ShowDailyK_ChartFlow,FinMind_API_TaiwanStockPrice_6125,True,2026-10-05T23:38:42,2026-10-05T23:38:42,2026-10-05T23:38:42
6125,廣運,2021-02-05,23.5,0.0,0.00%,,,,,,,,,ShowDailyK_ChartFlow,FinMind_API_TaiwanStockPrice_6125,True,2026-10-05T23:38:42,2026-10-05T23:38:42,2026-10-05T23:38:42
6125,廣運,2021-02-17,24.25,0.75,3.19%,,,,,,,,,ShowDailyK_ChartFlow,FinMind_API_TaiwanStockPrice_6125,True,2026-10-05T23:38:42,2026-10-05T23:38:42,2026-10-05T23:38:42
6125,廣運,2021-02-18,25.5,1.25,5.15%,,,,,,,,,ShowDailyK_ChartFlow,FinMind_API_TaiwanStockPrice_6125,True,2026-10-05T23:38:42,2026-10-05T23:38:42,2026-10-05T23:38:42
6125,廣運,2021-02-19,25.7,0.1999999999999993,0.78%,,,,,,,,,ShowDailyK_ChartFlow,FinMind_API_TaiwanStockPrice_6125,True,2026-10-05T23:38:42,2026-10-05T23:38:42,2026-10-05T23:38:42
6125,廣運,2021-02-22,25.55,-0.14999999999999858,-0.58%,,,,,,,,,ShowDailyK_ChartFlow,FinMind_API_TaiwanStockPrice_6125,True,2026-10-05T23:38:42,2026-10-05T23:38:42,2026-10-05T23:38:42
6125,廣運,2021-02-23,25.15,-0.40000000000000213,-1.57%,,,,,,,,,ShowDailyK_ChartFlow,FinMind_API_TaiwanStockPrice_6125,True,2026-10-05T23:38:42,2026-10-05T23:38:42,2026-10-05T23:38:42
6125,廣運,2021-02-24,25.15,0.0,0.00%,,,,,,,,,ShowDailyK_ChartFlow,FinMind_API_TaiwanStockPrice_6125,True,2026-10-05T23:38:42,2026-10-05T23:38:42,2026-10-05T23:38:42
6125,廣運,2021-02-25,25.7,0.5500000000000007,2.19%,,,,,,,,,ShowDailyK_ChartFlow,FinMind_API_TaiwanStockPrice_6125,True,2026-10-05T23:38:42,2026-10-05T23:38:42,2026-10-05T23:38:42
6125,廣運,2021-02-26,25.95,0.25,0.97%,,,,,,,,,ShowDailyK_ChartFlow,FinMind_API_TaiwanStockPrice_6125,True,2026-10-05T23:38:42,2026-10-05T23:38:42,2026-10-05T23:38:42
6125,廣運,2021-03-02,25.95,0.0,0.00%,,,,,,,,,ShowDailyK_ChartFlow,FinMind_API_TaiwanStockPrice_6125,True,2026-10-05T23:38:42,2026-10-05T23:38:42,2026-10-05T23:38:42
6125,廣運,2021-03-03,25.9,-0.05000000000000071,-0.19%,,,,,,,,,ShowDailyK_ChartFlow,FinMind_API_TaiwanStockPrice_6125,True,2026-10-05T23:38:42,2026-10-05T23:38:42,2026-10-05T23:38:42
6125,廣運,2021-03-04,26.75,0.8500000000000014,3.28%,,,,,,,,,ShowDailyK_ChartFlow,FinMind_API_TaiwanStockPrice_6125,True,2026-10-05T23:38:42,2026-10-05T23:38:42,2026-10-05T23:38:42
6125,廣運,2021-03-05,27.6,0.8500000000000014,3.18%,,,,,,,,,ShowDailyK_ChartFlow,FinMind_API_TaiwanStockPrice_6125,True,2026-10-05T23:38:42,2026-10-05T23:38:42,2026-10-05T23:38:42
6125,廣運,2021-03-08,27.0,-0.6000000000000014,-2.17%,,,,,,,,,ShowDailyK_ChartFlow,FinMind_API_TaiwanStockPrice_6125,True,2026-10-05T23:38:42,2026-10-05T23:38:42,2026-10-05T23:38:42
6125,廣運,2021-03-09,26.2,-0.8000000000000007,-2.96%,,,,,,,,,ShowDailyK_ChartFlow,FinMind_API_TaiwanStockPrice_6125,True,2026-10-05T23:38:42,2026-10-05T23:38:42,2026-10-05T23:38:42
6125,廣運,2021-03-10,26.5,0.3000000000000007,1.15%,,,,,,,,,ShowDailyK_ChartFlow,FinMind_API_TaiwanStockPrice_6125,True,2026-10-05T23:38:42,2026-10-05T23:38:42,2026-10-05T23:38:42
6125,廣運,2021-03-11,26.95,0.4499999999999993,1.70%,,,,,,,,,ShowDailyK_ChartFlow,FinMind_API_TaiwanStockPrice_6125,True,2026-10-05T23:38:42,2026-10-05T23:38:42,2026-10-05T23:38:42
6125,廣運,2021-03-12,27.1,0.15000000000000213,0.56%,,,,,,,,,ShowDailyK_ChartFlow,FinMind_API_TaiwanStockPrice_6125,True,2026-10-05T23:38:42,2026-10-05T23:38:42,2026-10-05T23:38:42
6125,廣運,2021-03-15,27.85,0.75,2.77%,,,,,,,,,ShowDailyK_ChartFlow,FinMind_API_TaiwanStockPrice_6125,True,2026-10-05T23:38:42,2026-10-05T23:38:42,2026-10-05T23:38:42
6125,廣運,2021-03-16,28.25,0.3999999999999986,1.44%,,,,,,,,,ShowDailyK_ChartFlow,FinMind_API_TaiwanStockPrice_6125,True,2026-10-05T23:38:42,2026-10-05T23:38:42,2026-10-05T23:38:42
6125,廣運,2021-03-17,27.9,-0.3500000000000014,-1.24%,,,,,,,,,ShowDailyK_ChartFlow,FinMind_API_TaiwanStockPrice_6125,True,2026-10-05T23:38:42,2026-10-05T23:38:42,2026-10-05T23:38:42
6125,廣運,2021-03-18,28.35,0.45000000000000284,1.61%,,,,,,,,,ShowDailyK_ChartFlow,FinMind_API_TaiwanStockPrice_6125,True,2026-10-05T23:38:42,2026-10-05T23:38:42,2026-10-05T23:38:42
6125,廣運,2021-03-19,28.25,-0.10000000000000142,-0.35%,,,,,,,,,ShowDailyK_ChartFlow,FinMind_API_TaiwanStockPrice_6125,True,2026-10-05T23:38:42,2026-10-05T23:38:42,2026-10-05T23:38:42
6125,廣運,2021-03-22,28.45,0.1999999999999993,0.71%,,,,,,,,,ShowDailyK_ChartFlow,FinMind_API_TaiwanStockPrice_6125,True,2026-10-05T23:38:42,2026-10-05T23:38:42,2026-10-05T23:38:42
6125,廣運,2021-03-23,27.1,-1.3499999999999979,-4.75%,,,,,,,,,ShowDailyK_ChartFlow,FinMind_API_TaiwanStockPrice_6125,True,2026-10-05T23:38:42,2026-10-05T23:38:42,2026-10-05T23:38:42
6125,廣運,2021-03-24,27.05,-0.05000000000000071,-0.18%,,,,,,,,,ShowDailyK_ChartFlow,FinMind_API_TaiwanStockPrice_6125,True,2026-10-05T23:38:42,2026-10-05T23:38:42,2026-10-05T23:38:42
6125,廣運,2021-03-25,27.35,0.3000000000000007,1.11%,,,,,,,,,ShowDailyK_ChartFlow,FinMind_API_TaiwanStockPrice_6125,True,2026-10-05T23:38:42,2026-10-05T23:38:42,2026-10-05T23:38:42
6125,廣運,2021-03-26,27.55,0.1999999999999993,0.73%,,,,,,,,,ShowDailyK_ChartFlow,FinMind_API_TaiwanStockPrice_6125,True,2026-10-05T23:38:42,2026-10-05T23:38:42,2026-10-05T23:38:42
6125,廣運,2021-03-29,27.7,0.14999999999999858,0.54%,,,,,,,,,ShowDailyK_ChartFlow,FinMind_API_TaiwanStockPrice_6125,True,2026-10-05T23:38:42,2026-10-05T23:38:42,2026-10-05T23:38:42
6125,廣運,2021-03-30,27.4,-0.3000000000000007,-1.08%,,,,,,,,,ShowDailyK_ChartFlow,FinMind_API_TaiwanStockPrice_6125,True,2026-10-05T23:38:42,2026-10-05T23:38:42,2026-10-05T23:38:42
6125,廣運,2021-03-31,27.2,-0.1999999999999993,-0.73%,,,,,,,,,ShowDailyK_ChartFlow,FinMind_API_TaiwanStockPrice_6125,True,2026-10-05T23:38:42,2026-10-05T23:38:42,2026-10-05T23:38:42
6125,廣運,2021-04-01,26.9,-0.3000000000000007,-1.10%,,,,,,,,,ShowDailyK_ChartFlow,FinMind_API_TaiwanStockPrice_6125,True,2026-10-05T23:38:42,2026-10-05T23:38:42,2026-10-05T23:38:42
6125,廣運,2021-04-06,27.55,0.6500000000000021,2.42%,,,,,,,,,ShowDailyK_ChartFlow,FinMind_API_TaiwanStockPrice_6125,True,2026-10-05T23:38:42,2026-10-05T23:38:42,2026-10-05T23:38:42
6125,廣運,2021-04-07,28.05,0.5,1.81%,,,,,,,,,ShowDailyK_ChartFlow,FinMind_API_TaiwanStockPrice_6125,True,2026-10-05T23:38:42,2026-10-05T23:38:42,2026-10-05T23:38:42
6125,廣運,2021-04-08,28.85,0.8000000000000007,2.85%,,,,,,,,,ShowDailyK_ChartFlow,FinMind_API_TaiwanStockPrice_6125,True,2026-10-05T23:38:42,2026-10-05T23:38:42,2026-10-05T23:38:42
6125,廣運,2021-04-09,29.0,0.14999999999999858,0.52%,,,,,,,,,ShowDailyK_ChartFlow,FinMind_API_TaiwanStockPrice_6125,True,2026-10-05T23:38:42,2026-10-05T23:38:42,2026-10-05T23:38:42
6125,廣運,2021-04-12,28.6,-0.3999999999999986,-1.38%,,,,,,,,,ShowDailyK_ChartFlow,FinMind_API_TaiwanStockPrice_6125,True,2026-10-05T23:38:42,2026-10-05T23:38:42,2026-10-05T23:38:42
6125,廣運,2021-04-13,28.15,-0.45000000000000284,-1.57%,,,,,,,,,ShowDailyK_ChartFlow,FinMind_API_TaiwanStockPrice_6125,True,2026-10-05T23:38:42,2026-10-05T23:38:42,2026-10-05T23:38:42
6125,廣運,2021-04-14,28.0,-0.14999999999999858,-0.53%,,,,,,,,,ShowDailyK_ChartFlow,FinMind_API_TaiwanStockPrice_6125,True,2026-10-05T23:38:42,2026-10-05T23:38:42,2026-10-05T23:38:42
6125,廣運,2021-04-15,27.95,-0.05000000000000071,-0.18%,,,,,,,,,ShowDailyK_ChartFlow,FinMind_API_TaiwanStockPrice_6125,True,2026-10-05T23:38:42,2026-10-05T23:38:42,2026-10-05T23:38:42
6125,廣運,2021-04-16,27.85,-0.09999999999999787,-0.36%,,,,,,,,,ShowDailyK_ChartFlow,FinMind_API_TaiwanStockPrice_6125,True,2026-10-05T23:38:42,2026-10-05T23:38:42,2026-10-05T23:38:42
6125,廣運,2021-04-19,27.35,-0.5,-1.80%,,,,,,,,,ShowDailyK_ChartFlow,FinMind_API_TaiwanStockPrice_6125,True,2026-10-05T23:38:42,2026-10-05T23:38:42,2026-10-05T23:38:42
6125,廣運,2021-04-20,27.4,0.04999999999999716,0.18%,,,,,,,,,ShowDailyK_ChartFlow,FinMind_API_TaiwanStockPrice_6125,True,2026-10-05T23:38:42,2026-10-05T23:38:42,2026-10-05T23:38:42
6125,廣運,2021-04-21,27.35,-0.04999999999999716,-0.18%,,,,,,,,,ShowDailyK_ChartFlow,FinMind_API_TaiwanStockPrice_6125,True,2026-10-05T23:38:42,2026-10-05T23:38:42,2026-10-05T23:38:42
6125,廣運,2021-04-22,26.5,-0.8500000000000014,-3.11%,,,,,,,,,ShowDailyK_ChartFlow,FinMind_API_TaiwanStockPrice_6125,True,2026-10-05T23:38:42,2026-10-05T23:38:42,2026-10-05T23:38:42
6125,廣運,2021-04-23,26.6,0.10000000000000142,0.38%,,,,,,,,,ShowDailyK_ChartFlow,FinMind_API_TaiwanStockPrice_6125,True,2026-10-05T23:38:42,2026-10-05T23:38:42,2026-10-05T23:38:42
6125,廣運,2021-04-26,26.7,0.09999999999999787,0.38%,,,,,,,,,ShowDailyK_ChartFlow,FinMind_API_TaiwanStockPrice_6125,True,2026-10-05T23:38:42,2026-10-05T23:38:42,2026-10-05T23:38:42
6125,廣運,2021-04-27,27.3,0.6000000000000014,2.25%,,,,,,,,,ShowDailyK_ChartFlow,FinMind_API_TaiwanStockPrice_6125,True,2026-10-05T23:38:42,2026-10-05T23:38:42,2026-10-05T23:38:42
6125,廣運,2021-04-28,27.0,-0.3000000000000007,-1.10%,,,,,,,,,ShowDailyK_ChartFlow,FinMind_API_TaiwanStockPrice_6125,True,2026-10-05T23:38:42,2026-10-05T23:38:42,2026-10-05T23:38:42
6125,廣運,2021-04-29,27.15,0.14999999999999858,0.56%,,,,,,,,,ShowDailyK_ChartFlow,FinMind_API_TaiwanStockPrice_6125,True,2026-10-05T23:38:42,2026-10-05T23:38:42,2026-10-05T23:38:42
6125,廣運,2021-05-03,26.2,-0.9499999999999993,-3.50%,,,,,,,,,ShowDailyK_ChartFlow,FinMind_API_TaiwanStockPrice_6125,True,2026-10-05T23:38:42,2026-10-05T23:38:42,2026-10-05T23:38:42
6125,廣運,2021-05-04,24.55,-1.6499999999999986,-6.30%,,,,,,,,,ShowDailyK_ChartFlow,FinMind_API_TaiwanStockPrice_6125,True,2026-10-05T23:38:42,2026-10-05T23:38:42,2026-10-05T23:38:42
6125,廣運,2021-05-05,25.05,0.5,2.04%,,,,,,,,,ShowDailyK_ChartFlow,FinMind_API_TaiwanStockPrice_6125,True,2026-10-05T23:38:42,2026-10-05T23:38:42,2026-10-05T23:38:42
6125,廣運,2021-05-06,24.65,-0.40000000000000213,-1.60%,,,,,,,,,ShowDailyK_ChartFlow,FinMind_API_TaiwanStockPrice_6125,True,2026-10-05T23:38:42,2026-10-05T23:38:42,2026-10-05T23:38:42
6125,廣運,2021-05-07,25.3,0.6500000000000021,2.64%,,,,,,,,,ShowDailyK_ChartFlow,FinMind_API_TaiwanStockPrice_6125,True,2026-10-05T23:38:42,2026-10-05T23:38:42,2026-10-05T23:38:42
6125,廣運,2021-05-10,24.65,-0.6500000000000021,-2.57%,,,,,,,,,ShowDailyK_ChartFlow,FinMind_API_TaiwanStockPrice_6125,True,2026-10-05T23:38:42,2026-10-05T23:38:42,2026-10-05T23:38:42
6125,廣運,2021-05-11,23.15,-1.5,-6.09%,,,,,,,,,ShowDailyK_ChartFlow,FinMind_API_TaiwanStockPrice_6125,True,2026-10-05T23:38:42,2026-10-05T23:38:42,2026-10-05T23:38:42
6125,廣運,2021-05-12,21.65,-1.5,-6.48%,,,,,,,,,ShowDailyK_ChartFlow,FinMind_API_TaiwanStockPrice_6125,True,2026-10-05T23:38:42,2026-10-05T23:38:42,2026-10-05T23:38:42
6125,廣運,2021-05-13,21.6,-0.04999999999999716,-0.23%,,,,,,,,,ShowDailyK_ChartFlow,FinMind_API_TaiwanStockPrice_6125,True,2026-10-05T23:38:42,2026-10-05T23:38:42,2026-10-05T23:38:42
6125,廣運,2021-05-14,21.1,-0.5,-2.31%,,,,,,,,,ShowDailyK_ChartFlow,FinMind_API_TaiwanStockPrice_6125,True,2026-10-05T23:38:42,2026-10-05T23:38:42,2026-10-05T23:38:42
6125,廣運,2021-05-17,19.05,-2.0500000000000007,-9.72%,,,,,,,,,ShowDailyK_ChartFlow,FinMind_API_TaiwanStockPrice_6125,True,2026-10-05T23:38:42,2026-10-05T23:38:42,2026-10-05T23:38:42
6125,廣運,2021-05-18,20.95,1.8999999999999986,9.97%,,,,,,,,,ShowDailyK_ChartFlow,FinMind_API_TaiwanStockPrice_6125,True,2026-10-05T23:38:42,2026-10-05T23:38:42,2026-10-05T23:38:42
6125,廣運,2021-05-19,22.55,1.6000000000000014,7.64%,,,,,,,,,ShowDailyK_ChartFlow,FinMind_API_TaiwanStockPrice_6125,True,2026-10-05T23:38:42,2026-10-05T23:38:42,2026-10-05T23:38:42
6125,廣運,2021-05-20,22.05,-0.5,-2.22%,,,,,,,,,ShowDailyK_ChartFlow,FinMind_API_TaiwanStockPrice_6125,True,2026-10-05T23:38:42,2026-10-05T23:38:42,2026-10-05T23:38:42
6125,廣運,2021-05-21,22.3,0.25,1.13%,,,,,,,,,ShowDailyK_ChartFlow,FinMind_API_TaiwanStockPrice_6125,True,2026-10-05T23:38:42,2026-10-05T23:38:42,2026-10-05T23:38:42
6125,廣運,2021-05-24,22.4,0.09999999999999787,0.45%,,,,,,,,,ShowDailyK_ChartFlow,FinMind_API_TaiwanStockPrice_6125,True,2026-10-05T23:38:42,2026-10-05T23:38:42,2026-10-05T23:38:42
6125,廣運,2021-05-25,22.5,0.10000000000000142,0.45%,,,,,,,,,ShowDailyK_ChartFlow,FinMind_API_TaiwanStockPrice_6125,True,2026-10-05T23:38:42,2026-10-05T23:38:42,2026-10-05T23:38:42
6125,廣運,2021-05-26,23.0,0.5,2.22%,,,,,,,,,ShowDailyK_ChartFlow,FinMind_API_TaiwanStockPrice_6125,True,2026-10-05T23:38:42,2026-10-05T23:38:42,2026-10-05T23:38:42
6125,廣運,2021-05-27,22.65,-0.3500000000000014,-1.52%,,,,,,,,,ShowDailyK_ChartFlow,FinMind_API_TaiwanStockPrice_6125,True,2026-10-05T23:38:42,2026-10-05T23:38:42,2026-10-05T23:38:42
6125,廣運,2021-05-28,22.9,0.25,1.10%,,,,,,,,,ShowDailyK_ChartFlow,FinMind_API_TaiwanStockPrice_6125,True,2026-10-05T23:38:42,2026-10-05T23:38:42,2026-10-05T23:38:42
6125,廣運,2021-05-31,23.0,0.10000000000000142,0.44%,,,,,,,,,ShowDailyK_ChartFlow,FinMind_API_TaiwanStockPrice_6125,True,2026-10-05T23:38:42,2026-10-05T23:38:42,2026-10-05T23:38:42
6125,廣運,2021-06-01,23.4,0.3999999999999986,1.74%,,,,,,,,,ShowDailyK_ChartFlow,FinMind_API_TaiwanStockPrice_6125,True,2026-10-05T23:38:42,2026-10-05T23:38:42,2026-10-05T23:38:42
6125,廣運,2021-06-02,23.05,-0.34999999999999787,-1.50%,,,,,,,,,ShowDailyK_ChartFlow,FinMind_API_TaiwanStockPrice_6125,True,2026-10-05T23:38:42,2026-10-05T23:38:42,2026-10-05T23:38:42
6125,廣運,2021-06-03,23.0,-0.05000000000000071,-0.22%,,,,,,,,,ShowDailyK_ChartFlow,FinMind_API_TaiwanStockPrice_6125,True,2026-10-05T23:38:42,2026-10-05T23:38:42,2026-10-05T23:38:42
6125,廣運,2021-06-04,22.8,-0.1999999999999993,-0.87%,,,,,,,,,ShowDailyK_ChartFlow,FinMind_API_TaiwanStockPrice_6125,True,2026-10-05T23:38:42,2026-10-05T23:38:42,2026-10-05T23:38:42
6125,廣運,2021-06-07,22.75,-0.05000000000000071,-0.22%,,,,,,,,,ShowDailyK_ChartFlow,FinMind_API_TaiwanStockPrice_6125,True,2026-10-05T23:38:42,2026-10-05T23:38:42,2026-10-05T23:38:42
6125,廣運,2021-06-08,22.55,-0.1999999999999993,-0.88%,,,,,,,,,ShowDailyK_ChartFlow,FinMind_API_TaiwanStockPrice_6125,True,2026-10-05T23:38:42,2026-10-05T23:38:42,2026-10-05T23:38:42
6125,廣運,2021-06-09,22.55,0.0,0.00%,,,,,,,,,ShowDailyK_ChartFlow,FinMind_API_TaiwanStockPrice_6125,True,2026-10-05T23:38:42,2026-10-05T23:38:42,2026-10-05T23:38:42
6125,廣運,2021-06-10,22.5,-0.05000000000000071,-0.22%,,,,,,,,,ShowDailyK_ChartFlow,FinMind_API_TaiwanStockPrice_6125,True,2026-10-05T23:38:42,2026-10-05T23:38:42,2026-10-05T23:38:42
6125,廣運,2021-06-11,22.7,0.1999999999999993,0.89%,,,,,,,,,ShowDailyK_ChartFlow,FinMind_API_TaiwanStockPrice_6125,True,2026-10-05T23:38:42,2026-10-05T23:38:42,2026-10-05T23:38:42
6125,廣運,2021-06-15,22.65,-0.05000000000000071,-0.22%,,,,,,,,,ShowDailyK_ChartFlow,FinMind_API_TaiwanStockPrice_6125,True,2026-10-05T23:38:42,2026-10-05T23:38:42,2026-10-05T23:38:42
6125,廣運,2021-06-16,22.85,0.20000000000000284,0.88%,,,,,,,,,ShowDailyK_ChartFlow,FinMind_API_TaiwanStockPrice_6125,True,2026-10-05T23:38:42,2026-10-05T23:38:42,2026-10-05T23:38:42
6125,廣運,2021-06-17,22.6,-0.25,-1.09%,,,,,,,,,ShowDailyK_ChartFlow,FinMind_API_TaiwanStockPrice_6125,True,2026-10-05T23:38:42,2026-10-05T23:38:42,2026-10-05T23:38:42
6125,廣運,2021-06-18,22.4,-0.20000000000000284,-0.88%,,,,,,,,,ShowDailyK_ChartFlow,FinMind_API_TaiwanStockPrice_6125,True,2026-10-05T23:38:42,2026-10-05T23:38:42,2026-10-05T23:38:42
6125,廣運,2021-06-21,22.9,0.5,2.23%,,,,,,,,,ShowDailyK_ChartFlow,FinMind_API_TaiwanStockPrice_6125,True,2026-10-05T23:38:42,2026-10-05T23:38:42,2026-10-05T23:38:42
6125,廣運,2021-06-22,22.8,-0.09999999999999787,-0.44%,,,,,,,,,ShowDailyK_ChartFlow,FinMind_API_TaiwanStockPrice_6125,True,2026-10-05T23:38:42,2026-10-05T23:38:42,2026-10-05T23:38:42
6125,廣運,2021-06-23,22.65,-0.15000000000000213,-0.66%,,,,,,,,,ShowDailyK_ChartFlow,FinMind_API_TaiwanStockPrice_6125,True,2026-10-05T23:38:42,2026-10-05T23:38:42,2026-10-05T23:38:42
6125,廣運,2021-06-24,22.75,0.10000000000000142,0.44%,,,,,,,,,ShowDailyK_ChartFlow,FinMind_API_TaiwanStockPrice_6125,True,2026-10-05T23:38:42,2026-10-05T23:38:42,2026-10-05T23:38:42
6125,廣運,2021-06-25,22.65,-0.10000000000000142,-0.44%,,,,,,,,,ShowDailyK_ChartFlow,FinMind_API_TaiwanStockPrice_6125,True,2026-10-05T23:38:42,2026-10-05T23:38:42,2026-10-05T23:38:42
6125,廣運,2021-06-28,22.85,0.20000000000000284,0.88%,,,,,,,,,ShowDailyK_ChartFlow,FinMind_API_TaiwanStockPrice_6125,True,2026-10-05T23:38:42,2026-10-05T23:38:42,2026-10-05T23:38:42
6125,廣運,2021-06-29,22.65,-0.20000000000000284,-0.88%,,,,,,,,,ShowDailyK_ChartFlow,FinMind_API_TaiwanStockPrice_6125,True,2026-10-05T23:38:42,2026-10-05T23:38:42,2026-10-05T23:38:42
6125,廣運,2021-06-30,22.7,0.05000000000000071,0.22%,,,,,,,,,ShowDailyK_ChartFlow,FinMind_API_TaiwanStockPrice_6125,True,2026-10-05T23:38:42,2026-10-05T23:38:42,2026-10-05T23:38:42
6125,廣運,2021-07-01,22.55,-0.14999999999999858,-0.66%,,,,,,,,,ShowDailyK_ChartFlow,FinMind_API_TaiwanStockPrice_6125,True,2026-10-05T23:38:42,2026-10-05T23:38:42,2026-10-05T23:38:42
6125,廣運,2021-07-02,22.65,0.09999999999999787,0.44%,,,,,,,,,ShowDailyK_ChartFlow,FinMind_API_TaiwanStockPrice_6125,True,2026-10-05T23:38:42,2026-10-05T23:38:42,2026-10-05T23:38:42
6125,廣運,2021-07-05,22.85,0.20000000000000284,0.88%,,,,,,,,,ShowDailyK_ChartFlow,FinMind_API_TaiwanStockPrice_6125,True,2026-10-05T23:38:42,2026-10-05T23:38:42,2026-10-05T23:38:42
6125,廣運,2021-07-06,22.65,-0.20000000000000284,-0.88%,,,,,,,,,ShowDailyK_ChartFlow,FinMind_API_TaiwanStockPrice_6125,True,2026-10-05T23:38:42,2026-10-05T23:38:42,2026-10-05T23:38:42
6125,廣運,2021-07-07,22.45,-0.1999999999999993,-0.88%,,,,,,,,,ShowDailyK_ChartFlow,FinMind_API_TaiwanStockPrice_6125,True,2026-10-05T23:38:42,2026-10-05T23:38:42,2026-10-05T23:38:42
6125,廣運,2021-07-08,22.35,-0.09999999999999787,-0.45%,,,,,,,,,ShowDailyK_ChartFlow,FinMind_API_TaiwanStockPrice_6125,True,2026-10-05T23:38:42,2026-10-05T23:38:42,2026-10-05T23:38:42
6125,廣運,2021-07-09,22.25,-0.10000000000000142,-0.45%,,,,,,,,,ShowDailyK_ChartFlow,FinMind_API_TaiwanStockPrice_6125,True,2026-10-05T23:38:42,2026-10-05T23:38:42,2026-10-05T23:38:42
6125,廣運,2021-07-12,22.4,0.14999999999999858,0.67%,,,,,,,,,ShowDailyK_ChartFlow,FinMind_API_TaiwanStockPrice_6125,True,2026-10-05T23:38:42,2026-10-05T23:38:42,2026-10-05T23:38:42
6125,廣運,2021-07-13,22.05,-0.34999999999999787,-1.56%,,,,,,,,,ShowDailyK_ChartFlow,FinMind_API_TaiwanStockPrice_6125,True,2026-10-05T23:38:42,2026-10-05T23:38:42,2026-10-05T23:38:42
6125,廣運,2021-07-14,22.3,0.25,1.13%,,,,,,,,,ShowDailyK_ChartFlow,FinMind_API_TaiwanStockPrice_6125,True,2026-10-05T23:38:42,2026-10-05T23:38:42,2026-10-05T23:38:42
6125,廣運,2021-07-15,24.5,2.1999999999999993,9.87%,,,,,,,,,ShowDailyK_ChartFlow,FinMind_API_TaiwanStockPrice_6125,True,2026-10-05T23:38:42,2026-10-05T23:38:42,2026-10-05T23:38:42
6125,廣運,2021-07-16,23.8,-0.6999999999999993,-2.86%,,,,,,,,,ShowDailyK_ChartFlow,FinMind_API_TaiwanStockPrice_6125,True,2026-10-05T23:38:42,2026-10-05T23:38:42,2026-10-05T23:38:42
6125,廣運,2021-07-19,24.85,1.0500000000000007,4.41%,,,,,,,,,ShowDailyK_ChartFlow,FinMind_API_TaiwanStockPrice_6125,True,2026-10-05T23:38:42,2026-10-05T23:38:42,2026-10-05T23:38:42
6125,廣運,2021-07-20,24.15,-0.7000000000000028,-2.82%,,,,,,,,,ShowDailyK_ChartFlow,FinMind_API_TaiwanStockPrice_6125,True,2026-10-05T23:38:42,2026-10-05T23:38:42,2026-10-05T23:38:42
6125,廣運,2021-07-21,23.35,-0.7999999999999972,-3.31%,,,,,,,,,ShowDailyK_ChartFlow,FinMind_API_TaiwanStockPrice_6125,True,2026-10-05T23:38:42,2026-10-05T23:38:42,2026-10-05T23:38:42
6125,廣運,2021-07-22,23.3,-0.05000000000000071,-0.21%,,,,,,,,,ShowDailyK_ChartFlow,FinMind_API_TaiwanStockPrice_6125,True,2026-10-05T23:38:42,2026-10-05T23:38:42,2026-10-05T23:38:42
6125,廣運,2021-07-23,25.2,1.8999999999999986,8.15%,,,,,,,,,ShowDailyK_ChartFlow,FinMind_API_TaiwanStockPrice_6125,True,2026-10-05T23:38:42,2026-10-05T23:38:42,2026-10-05T23:38:42
6125,廣運,2021-07-26,24.7,-0.5,-1.98%,,,,,,,,,ShowDailyK_ChartFlow,FinMind_API_TaiwanStockPrice_6125,True,2026-10-05T23:38:42,2026-10-05T23:38:42,2026-10-05T23:38:42
6125,廣運,2021-07-27,24.3,-0.3999999999999986,-1.62%,,,,,,,,,ShowDailyK_ChartFlow,FinMind_API_TaiwanStockPrice_6125,True,2026-10-05T23:38:42,2026-10-05T23:38:42,2026-10-05T23:38:42
6125,廣運,2021-07-28,23.7,-0.6000000000000014,-2.47%,,,,,,,,,ShowDailyK_ChartFlow,FinMind_API_TaiwanStockPrice_6125,True,2026-10-05T23:38:42,2026-10-05T23:38:42,2026-10-05T23:38:42
6125,廣運,2021-07-29,25.1,1.4000000000000021,5.91%,,,,,,,,,ShowDailyK_ChartFlow,FinMind_API_TaiwanStockPrice_6125,True,2026-10-05T23:38:42,2026-10-05T23:38:42,2026-10-05T23:38:42
6125,廣運,2021-07-30,26.9,1.7999999999999972,7.17%,,,,,,,,,ShowDailyK_ChartFlow,FinMind_API_TaiwanStockPrice_6125,True,2026-10-05T23:38:42,2026-10-05T23:38:42,2026-10-05T23:38:42
6125,廣運,2021-08-02,28.1,1.2000000000000028,4.46%,,,,,,,,,ShowDailyK_ChartFlow,FinMind_API_TaiwanStockPrice_6125,True,2026-10-05T23:38:42,2026-10-05T23:38:42,2026-10-05T23:38:42
6125,廣運,2021-08-03,28.15,0.04999999999999716,0.18%,,,,,,,,,ShowDailyK_ChartFlow,FinMind_API_TaiwanStockPrice_6125,True,2026-10-05T23:38:42,2026-10-05T23:38:42,2026-10-05T23:38:42
6125,廣運,2021-08-04,27.6,-0.5499999999999972,-1.95%,,,,,,,,,ShowDailyK_ChartFlow,FinMind_API_TaiwanStockPrice_6125,True,2026-10-05T23:38:42,2026-10-05T23:38:42,2026-10-05T23:38:42
6125,廣運,2021-08-05,27.3,-0.3000000000000007,-1.09%,,,,,,,,,ShowDailyK_ChartFlow,FinMind_API_TaiwanStockPrice_6125,True,2026-10-05T23:38:42,2026-10-05T23:38:42,2026-10-05T23:38:42
6125,廣運,2021-08-06,28.15,0.8499999999999979,3.11%,,,,,,,,,ShowDailyK_ChartFlow,FinMind_API_TaiwanStockPrice_6125,True,2026-10-05T23:38:42,2026-10-05T23:38:42,2026-10-05T23:38:42
6125,廣運,2021-08-09,28.15,0.0,0.00%,,,,,,,,,ShowDailyK_ChartFlow,FinMind_API_TaiwanStockPrice_6125,True,2026-10-05T23:38:42,2026-10-05T23:38:42,2026-10-05T23:38:42
6125,廣運,2021-08-10,25.35,-2.799999999999997,-9.95%,,,,,,,,,ShowDailyK_ChartFlow,FinMind_API_TaiwanStockPrice_6125,True,2026-10-05T23:38:42,2026-10-05T23:38:42,2026-10-05T23:38:42
6125,廣運,2021-08-11,24.0,-1.3500000000000014,-5.33%,,,,,,,,,ShowDailyK_ChartFlow,FinMind_API_TaiwanStockPrice_6125,True,2026-10-05T23:38:42,2026-10-05T23:38:42,2026-10-05T23:38:42
6125,廣運,2021-08-12,24.9,0.8999999999999986,3.75%,,,,,,,,,ShowDailyK_ChartFlow,FinMind_API_TaiwanStockPrice_6125,True,2026-10-05T23:38:42,2026-10-05T23:38:42,2026-10-05T23:38:42
6125,廣運,2021-08-13,25.05,0.15000000000000213,0.60%,,,,,,,,,ShowDailyK_ChartFlow,FinMind_API_TaiwanStockPrice_6125,True,2026-10-05T23:38:42,2026-10-05T23:38:42,2026-10-05T23:38:42
6125,廣運,2021-08-16,23.9,-1.1500000000000021,-4.59%,,,,,,,,,ShowDailyK_ChartFlow,FinMind_API_TaiwanStockPrice_6125,True,2026-10-05T23:38:42,2026-10-05T23:38:42,2026-10-05T23:38:42
6125,廣運,2021-08-17,22.65,-1.25,-5.23%,,,,,,,,,ShowDailyK_ChartFlow,FinMind_API_TaiwanStockPrice_6125,True,2026-10-05T23:38:42,2026-10-05T23:38:42,2026-10-05T23:38:42
6125,廣運,2021-08-18,23.15,0.5,2.21%,,,,,,,,,ShowDailyK_ChartFlow,FinMind_API_TaiwanStockPrice_6125,True,2026-10-05T23:38:42,2026-10-05T23:38:42,2026-10-05T23:38:42
6125,廣運,2021-08-19,22.3,-0.8499999999999979,-3.67%,,,,,,,,,ShowDailyK_ChartFlow,FinMind_API_TaiwanStockPrice_6125,True,2026-10-05T23:38:42,2026-10-05T23:38:42,2026-10-05T23:38:42
6125,廣運,2021-08-20,22.3,0.0,0.00%,,,,,,,,,ShowDailyK_ChartFlow,FinMind_API_TaiwanStockPrice_6125,True,2026-10-05T23:38:42,2026-10-05T23:38:42,2026-10-05T23:38:42
6125,廣運,2021-08-23,23.05,0.75,3.36%,,,,,,,,,ShowDailyK_ChartFlow,FinMind_API_TaiwanStockPrice_6125,True,2026-10-05T23:38:42,2026-10-05T23:38:42,2026-10-05T23:38:42
6125,廣運,2021-08-24,22.75,-0.3000000000000007,-1.30%,,,,,,,,,ShowDailyK_ChartFlow,FinMind_API_TaiwanStockPrice_6125,True,2026-10-05T23:38:42,2026-10-05T23:38:42,2026-10-05T23:38:42
6125,廣運,2021-08-25,23.85,1.1000000000000014,4.84%,,,,,,,,,ShowDailyK_ChartFlow,FinMind_API_TaiwanStockPrice_6125,True,2026-10-05T23:38:42,2026-10-05T23:38:42,2026-10-05T23:38:42
6125,廣運,2021-08-26,24.2,0.34999999999999787,1.47%,,,,,,,,,ShowDailyK_ChartFlow,FinMind_API_TaiwanStockPrice_6125,True,2026-10-05T23:38:42,2026-10-05T23:38:42,2026-10-05T23:38:42
6125,廣運,2021-08-27,25.35,1.1500000000000021,4.75%,,,,,,,,,ShowDailyK_ChartFlow,FinMind_API_TaiwanStockPrice_6125,True,2026-10-05T23:38:42,2026-10-05T23:38:42,2026-10-05T23:38:42
6125,廣運,2021-08-30,26.6,1.25,4.93%,,,,,,,,,ShowDailyK_ChartFlow,FinMind_API_TaiwanStockPrice_6125,True,2026-10-05T23:38:42,2026-10-05T23:38:42,2026-10-05T23:38:42
6125,廣運,2021-08-31,27.15,0.5499999999999972,2.07%,,,,,,,,,ShowDailyK_ChartFlow,FinMind_API_TaiwanStockPrice_6125,True,2026-10-05T23:38:42,2026-10-05T23:38:42,2026-10-05T23:38:42
6125,廣運,2021-09-01,27.15,0.0,0.00%,,,,,,,,,ShowDailyK_ChartFlow,FinMind_API_TaiwanStockPrice_6125,True,2026-10-05T23:38:42,2026-10-05T23:38:42,2026-10-05T23:38:42
6125,廣運,2021-09-02,26.85,-0.29999999999999716,-1.10%,,,,,,,,,ShowDailyK_ChartFlow,FinMind_API_TaiwanStockPrice_6125,True,2026-10-05T23:38:42,2026-10-05T23:38:42,2026-10-05T23:38:42
6125,廣運,2021-09-03,27.7,0.8499999999999979,3.17%,,,,,,,,,ShowDailyK_ChartFlow,FinMind_API_TaiwanStockPrice_6125,True,2026-10-05T23:38:42,2026-10-05T23:38:42,2026-10-05T23:38:42
6125,廣運,2021-09-06,26.85,-0.8499999999999979,-3.07%,,,,,,,,,ShowDailyK_ChartFlow,FinMind_API_TaiwanStockPrice_6125,True,2026-10-05T23:38:42,2026-10-05T23:38:42,2026-10-05T23:38:42
6125,廣運,2021-09-07,26.95,0.09999999999999787,0.37%,,,,,,,,,ShowDailyK_ChartFlow,FinMind_API_TaiwanStockPrice_6125,True,2026-10-05T23:38:42,2026-10-05T23:38:42,2026-10-05T23:38:42
6125,廣運,2021-09-08,26.35,-0.5999999999999979,-2.23%,,,,,,,,,ShowDailyK_ChartFlow,FinMind_API_TaiwanStockPrice_6125,True,2026-10-05T23:38:42,2026-10-05T23:38:42,2026-10-05T23:38:42
6125,廣運,2021-09-09,27.0,0.6499999999999986,2.47%,,,,,,,,,ShowDailyK_ChartFlow,FinMind_API_TaiwanStockPrice_6125,True,2026-10-05T23:38:42,2026-10-05T23:38:42,2026-10-05T23:38:42
6125,廣運,2021-09-10,26.9,-0.10000000000000142,-0.37%,,,,,,,,,ShowDailyK_ChartFlow,FinMind_API_TaiwanStockPrice_6125,True,2026-10-05T23:38:42,2026-10-05T23:38:42,2026-10-05T23:38:42
6125,廣運,2021-09-13,25.35,-1.5499999999999972,-5.76%,,,,,,,,,ShowDailyK_ChartFlow,FinMind_API_TaiwanStockPrice_6125,True,2026-10-05T23:38:42,2026-10-05T23:38:42,2026-10-05T23:38:42
6125,廣運,2021-09-14,25.15,-0.20000000000000284,-0.79%,,,,,,,,,ShowDailyK_ChartFlow,FinMind_API_TaiwanStockPrice_6125,True,2026-10-05T23:38:42,2026-10-05T23:38:42,2026-10-05T23:38:42
6125,廣運,2021-09-15,26.5,1.3500000000000014,5.37%,,,,,,,,,ShowDailyK_ChartFlow,FinMind_API_TaiwanStockPrice_6125,True,2026-10-05T23:38:42,2026-10-05T23:38:42,2026-10-05T23:38:42
6125,廣運,2021-09-16,25.5,-1.0,-3.77%,,,,,,,,,ShowDailyK_ChartFlow,FinMind_API_TaiwanStockPrice_6125,True,2026-10-05T23:38:42,2026-10-05T23:38:42,2026-10-05T23:38:42
6125,廣運,2021-09-17,25.2,-0.3000000000000007,-1.18%,,,,,,,,,ShowDailyK_ChartFlow,FinMind_API_TaiwanStockPrice_6125,True,2026-10-05T23:38:42,2026-10-05T23:38:42,2026-10-05T23:38:42
6125,廣運,2021-09-22,24.5,-0.6999999999999993,-2.78%,,,,,,,,,ShowDailyK_ChartFlow,FinMind_API_TaiwanStockPrice_6125,True,2026-10-05T23:38:42,2026-10-05T23:38:42,2026-10-05T23:38:42
6125,廣運,2021-09-23,26.25,1.75,7.14%,,,,,,,,,ShowDailyK_ChartFlow,FinMind_API_TaiwanStockPrice_6125,True,2026-10-05T23:38:42,2026-10-05T23:38:42,2026-10-05T23:38:42
6125,廣運,2021-09-24,27.85,1.6000000000000014,6.10%,,,,,,,,,ShowDailyK_ChartFlow,FinMind_API_TaiwanStockPrice_6125,True,2026-10-05T23:38:42,2026-10-05T23:38:42,2026-10-05T23:38:42
6125,廣運,2021-09-27,28.55,0.6999999999999993,2.51%,,,,,,,,,ShowDailyK_ChartFlow,FinMind_API_TaiwanStockPrice_6125,True,2026-10-05T23:38:42,2026-10-05T23:38:42,2026-10-05T23:38:42
6125,廣運,2021-09-28,29.15,0.5999999999999979,2.10%,,,,,,,,,ShowDailyK_ChartFlow,FinMind_API_TaiwanStockPrice_6125,True,2026-10-05T23:38:42,2026-10-05T23:38:42,2026-10-05T23:38:42
6125,廣運,2021-09-29,28.3,-0.8499999999999979,-2.92%,,,,,,,,,ShowDailyK_ChartFlow,FinMind_API_TaiwanStockPrice_6125,True,2026-10-05T23:38:42,2026-10-05T23:38:42,2026-10-05T23:38:42
6125,廣運,2021-09-30,27.75,-0.5500000000000007,-1.94%,,,,,,,,,ShowDailyK_ChartFlow,FinMind_API_TaiwanStockPrice_6125,True,2026-10-05T23:38:42,2026-10-05T23:38:42,2026-10-05T23:38:42
6125,廣運,2021-10-01,26.55,-1.1999999999999993,-4.32%,,,,,,,,,ShowDailyK_ChartFlow,FinMind_API_TaiwanStockPrice_6125,True,2026-10-05T23:38:42,2026-10-05T23:38:42,2026-10-05T23:38:42
6125,廣運,2021-10-04,26.05,-0.5,-1.88%,,,,,,,,,ShowDailyK_ChartFlow,FinMind_API_TaiwanStockPrice_6125,True,2026-10-05T23:38:42,2026-10-05T23:38:42,2026-10-05T23:38:42
6125,廣運,2021-10-05,26.6,0.5500000000000007,2.11%,,,,,,,,,ShowDailyK_ChartFlow,FinMind_API_TaiwanStockPrice_6125,True,2026-10-05T23:38:42,2026-10-05T23:38:42,2026-10-05T23:38:42
6125,廣運,2021-10-06,25.8,-0.8000000000000007,-3.01%,,,,,,,,,ShowDailyK_ChartFlow,FinMind_API_TaiwanStockPrice_6125,True,2026-10-05T23:38:42,2026-10-05T23:38:42,2026-10-05T23:38:42
6125,廣運,2021-10-07,26.75,0.9499999999999993,3.68%,,,,,,,,,ShowDailyK_ChartFlow,FinMind_API_TaiwanStockPrice_6125,True,2026-10-05T23:38:42,2026-10-05T23:38:42,2026-10-05T23:38:42
6125,廣運,2021-10-08,26.3,-0.4499999999999993,-1.68%,,,,,,,,,ShowDailyK_ChartFlow,FinMind_API_TaiwanStockPrice_6125,True,2026-10-05T23:38:42,2026-10-05T23:38:42,2026-10-05T23:38:42
6125,廣運,2021-10-12,26.1,-0.1999999999999993,-0.76%,,,,,,,,,ShowDailyK_ChartFlow,FinMind_API_TaiwanStockPrice_6125,True,2026-10-05T23:38:42,2026-10-05T23:38:42,2026-10-05T23:38:42
6125,廣運,2021-10-13,27.35,1.25,4.79%,,,,,,,,,ShowDailyK_ChartFlow,FinMind_API_TaiwanStockPrice_6125,True,2026-10-05T23:38:42,2026-10-05T23:38:42,2026-10-05T23:38:42
6125,廣運,2021-10-14,26.55,-0.8000000000000007,-2.93%,,,,,,,,,ShowDailyK_ChartFlow,FinMind_API_TaiwanStockPrice_6125,True,2026-10-05T23:38:42,2026-10-05T23:38:42,2026-10-05T23:38:42
6125,廣運,2021-10-15,26.9,0.34999999999999787,1.32%,,,,,,,,,ShowDailyK_ChartFlow,FinMind_API_TaiwanStockPrice_6125,True,2026-10-05T23:38:42,2026-10-05T23:38:42,2026-10-05T23:38:42
6125,廣運,2021-10-18,26.25,-0.6499999999999986,-2.42%,,,,,,,,,ShowDailyK_ChartFlow,FinMind_API_TaiwanStockPrice_6125,True,2026-10-05T23:38:42,2026-10-05T23:38:42,2026-10-05T23:38:42
6125,廣運,2021-10-19,26.85,0.6000000000000014,2.29%,,,,,,,,,ShowDailyK_ChartFlow,FinMind_API_TaiwanStockPrice_6125,True,2026-10-05T23:38:42,2026-10-05T23:38:42,2026-10-05T23:38:42
6125,廣運,2021-10-20,26.5,-0.3500000000000014,-1.30%,,,,,,,,,ShowDailyK_ChartFlow,FinMind_API_TaiwanStockPrice_6125,True,2026-10-05T23:38:42,2026-10-05T23:38:42,2026-10-05T23:38:42
6125,廣運,2021-10-21,26.4,-0.10000000000000142,-0.38%,,,,,,,,,ShowDailyK_ChartFlow,FinMind_API_TaiwanStockPrice_6125,True,2026-10-05T23:38:42,2026-10-05T23:38:42,2026-10-05T23:38:42
6125,廣運,2021-10-22,26.2,-0.1999999999999993,-0.76%,,,,,,,,,ShowDailyK_ChartFlow,FinMind_API_TaiwanStockPrice_6125,True,2026-10-05T23:38:42,2026-10-05T23:38:42,2026-10-05T23:38:42
6125,廣運,2021-10-25,26.4,0.1999999999999993,0.76%,,,,,,,,,ShowDailyK_ChartFlow,FinMind_API_TaiwanStockPrice_6125,True,2026-10-05T23:38:42,2026-10-05T23:38:42,2026-10-05T23:38:42
6125,廣運,2021-10-26,26.2,-0.1999999999999993,-0.76%,,,,,,,,,ShowDailyK_ChartFlow,FinMind_API_TaiwanStockPrice_6125,True,2026-10-05T23:38:42,2026-10-05T23:38:42,2026-10-05T23:38:42
6125,廣運,2021-10-27,26.15,-0.05000000000000071,-0.19%,,,,,,,,,ShowDailyK_ChartFlow,FinMind_API_TaiwanStockPrice_6125,True,2026-10-05T23:38:42,2026-10-05T23:38:42,2026-10-05T23:38:42
6125,廣運,2021-10-28,26.0,-0.14999999999999858,-0.57%,,,,,,,,,ShowDailyK_ChartFlow,FinMind_API_TaiwanStockPrice_6125,True,2026-10-05T23:38:42,2026-10-05T23:38:42,2026-10-05T23:38:42
6125,廣運,2021-10-29,27.8,1.8000000000000007,6.92%,,,,,,,,,ShowDailyK_ChartFlow,FinMind_API_TaiwanStockPrice_6125,True,2026-10-05T23:38:42,2026-10-05T23:38:42,2026-10-05T23:38:42
6125,廣運,2021-11-01,27.65,-0.15000000000000213,-0.54%,,,,,,,,,ShowDailyK_ChartFlow,FinMind_API_TaiwanStockPrice_6125,True,2026-10-05T23:38:42,2026-10-05T23:38:42,2026-10-05T23:38:42
6125,廣運,2021-11-02,26.6,-1.0499999999999972,-3.80%,,,,,,,,,ShowDailyK_ChartFlow,FinMind_API_TaiwanStockPrice_6125,True,2026-10-05T23:38:42,2026-10-05T23:38:42,2026-10-05T23:38:42
6125,廣運,2021-11-03,27.0,0.3999999999999986,1.50%,,,,,,,,,ShowDailyK_ChartFlow,FinMind_API_TaiwanStockPrice_6125,True,2026-10-05T23:38:42,2026-10-05T23:38:42,2026-10-05T23:38:42
6125,廣運,2021-11-04,27.2,0.1999999999999993,0.74%,,,,,,,,,ShowDailyK_ChartFlow,FinMind_API_TaiwanStockPrice_6125,True,2026-10-05T23:38:42,2026-10-05T23:38:42,2026-10-05T23:38:42
6125,廣運,2021-11-05,27.15,-0.05000000000000071,-0.18%,,,,,,,,,ShowDailyK_ChartFlow,FinMind_API_TaiwanStockPrice_6125,True,2026-10-05T23:38:42,2026-10-05T23:38:42,2026-10-05T23:38:42
6125,廣運,2021-11-08,26.8,-0.34999999999999787,-1.29%,,,,,,,,,ShowDailyK_ChartFlow,FinMind_API_TaiwanStockPrice_6125,True,2026-10-05T23:38:42,2026-10-05T23:38:42,2026-10-05T23:38:42
6125,廣運,2021-11-09,26.65,-0.15000000000000213,-0.56%,,,,,,,,,ShowDailyK_ChartFlow,FinMind_API_TaiwanStockPrice_6125,True,2026-10-05T23:38:42,2026-10-05T23:38:42,2026-10-05T23:38:42
6125,廣運,2021-11-10,26.95,0.3000000000000007,1.13%,,,,,,,,,ShowDailyK_ChartFlow,FinMind_API_TaiwanStockPrice_6125,True,2026-10-05T23:38:42,2026-10-05T23:38:42,2026-10-05T23:38:42
6125,廣運,2021-11-11,26.8,-0.14999999999999858,-0.56%,,,,,,,,,ShowDailyK_ChartFlow,FinMind_API_TaiwanStockPrice_6125,True,2026-10-05T23:38:42,2026-10-05T23:38:42,2026-10-05T23:38:42
6125,廣運,2021-11-12,26.5,-0.3000000000000007,-1.12%,,,,,,,,,ShowDailyK_ChartFlow,FinMind_API_TaiwanStockPrice_6125,True,2026-10-05T23:38:42,2026-10-05T23:38:42,2026-10-05T23:38:42
6125,廣運,2021-11-15,28.25,1.75,6.60%,,,,,,,,,ShowDailyK_ChartFlow,FinMind_API_TaiwanStockPrice_6125,True,2026-10-05T23:38:42,2026-10-05T23:38:42,2026-10-05T23:38:42
6125,廣運,2021-11-16,28.25,0.0,0.00%,,,,,,,,,ShowDailyK_ChartFlow,FinMind_API_TaiwanStockPrice_6125,True,2026-10-05T23:38:42,2026-10-05T23:38:42,2026-10-05T23:38:42
6125,廣運,2021-11-17,29.0,0.75,2.65%,,,,,,,,,ShowDailyK_ChartFlow,FinMind_API_TaiwanStockPrice_6125,True,2026-10-05T23:38:42,2026-10-05T23:38:42,2026-10-05T23:38:42
6125,廣運,2021-11-18,27.45,-1.5500000000000007,-5.34%,,,,,,,,,ShowDailyK_ChartFlow,FinMind_API_TaiwanStockPrice_6125,True,2026-10-05T23:38:42,2026-10-05T23:38:42,2026-10-05T23:38:42
6125,廣運,2021-11-19,26.95,-0.5,-1.82%,,,,,,,,,ShowDailyK_ChartFlow,FinMind_API_TaiwanStockPrice_6125,True,2026-10-05T23:38:42,2026-10-05T23:38:42,2026-10-05T23:38:42
6125,廣運,2021-11-22,27.0,0.05000000000000071,0.19%,,,,,,,,,ShowDailyK_ChartFlow,FinMind_API_TaiwanStockPrice_6125,True,2026-10-05T23:38:42,2026-10-05T23:38:42,2026-10-05T23:38:42
6125,廣運,2021-11-23,26.85,-0.14999999999999858,-0.56%,,,,,,,,,ShowDailyK_ChartFlow,FinMind_API_TaiwanStockPrice_6125,True,2026-10-05T23:38:42,2026-10-05T23:38:42,2026-10-05T23:38:42
6125,廣運,2021-11-24,26.75,-0.10000000000000142,-0.37%,,,,,,,,,ShowDailyK_ChartFlow,FinMind_API_TaiwanStockPrice_6125,True,2026-10-05T23:38:42,2026-10-05T23:38:42,2026-10-05T23:38:42
6125,廣運,2021-11-25,26.75,0.0,0.00%,,,,,,,,,ShowDailyK_ChartFlow,FinMind_API_TaiwanStockPrice_6125,True,2026-10-05T23:38:42,2026-10-05T23:38:42,2026-10-05T23:38:42
6125,廣運,2021-11-26,26.3,-0.4499999999999993,-1.68%,,,,,,,,,ShowDailyK_ChartFlow,FinMind_API_TaiwanStockPrice_6125,True,2026-10-05T23:38:42,2026-10-05T23:38:42,2026-10-05T23:38:42
6125,廣運,2021-11-29,26.25,-0.05000000000000071,-0.19%,,,,,,,,,ShowDailyK_ChartFlow,FinMind_API_TaiwanStockPrice_6125,True,2026-10-05T23:38:42,2026-10-05T23:38:42,2026-10-05T23:38:42
6125,廣運,2021-11-30,26.4,0.14999999999999858,0.57%,,,,,,,,,ShowDailyK_ChartFlow,FinMind_API_TaiwanStockPrice_6125,True,2026-10-05T23:38:42,2026-10-05T23:38:42,2026-10-05T23:38:42
6125,廣運,2021-12-01,26.4,0.0,0.00%,,,,,,,,,ShowDailyK_ChartFlow,FinMind_API_TaiwanStockPrice_6125,True,2026-10-05T23:38:42,2026-10-05T23:38:42,2026-10-05T23:38:42
6125,廣運,2021-12-02,26.0,-0.3999999999999986,-1.52%,,,,,,,,,ShowDailyK_ChartFlow,FinMind_API_TaiwanStockPrice_6125,True,2026-10-05T23:38:42,2026-10-05T23:38:42,2026-10-05T23:38:42
6125,廣運,2021-12-03,26.35,0.3500000000000014,1.35%,,,,,,,,,ShowDailyK_ChartFlow,FinMind_API_TaiwanStockPrice_6125,True,2026-10-05T23:38:42,2026-10-05T23:38:42,2026-10-05T23:38:42
6125,廣運,2021-12-06,26.2,-0.15000000000000213,-0.57%,,,,,,,,,ShowDailyK_ChartFlow,FinMind_API_TaiwanStockPrice_6125,True,2026-10-05T23:38:42,2026-10-05T23:38:42,2026-10-05T23:38:42
6125,廣運,2021-12-07,26.1,-0.09999999999999787,-0.38%,,,,,,,,,ShowDailyK_ChartFlow,FinMind_API_TaiwanStockPrice_6125,True,2026-10-05T23:38:42,2026-10-05T23:38:42,2026-10-05T23:38:42
6125,廣運,2021-12-08,25.6,-0.5,-1.92%,,,,,,,,,ShowDailyK_ChartFlow,FinMind_API_TaiwanStockPrice_6125,True,2026-10-05T23:38:42,2026-10-05T23:38:42,2026-10-05T23:38:42
6125,廣運,2021-12-09,25.9,0.29999999999999716,1.17%,,,,,,,,,ShowDailyK_ChartFlow,FinMind_API_TaiwanStockPrice_6125,True,2026-10-05T23:38:42,2026-10-05T23:38:42,2026-10-05T23:38:42
6125,廣運,2021-12-10,26.4,0.5,1.93%,,,,,,,,,ShowDailyK_ChartFlow,FinMind_API_TaiwanStockPrice_6125,True,2026-10-05T23:38:42,2026-10-05T23:38:42,2026-10-05T23:38:42
6125,廣運,2021-12-13,26.65,0.25,0.95%,,,,,,,,,ShowDailyK_ChartFlow,FinMind_API_TaiwanStockPrice_6125,True,2026-10-05T23:38:42,2026-10-05T23:38:42,2026-10-05T23:38:42
6125,廣運,2021-12-14,26.05,-0.5999999999999979,-2.25%,,,,,,,,,ShowDailyK_ChartFlow,FinMind_API_TaiwanStockPrice_6125,True,2026-10-05T23:38:42,2026-10-05T23:38:42,2026-10-05T23:38:42
6125,廣運,2021-12-15,26.9,0.8499999999999979,3.26%,,,,,,,,,ShowDailyK_ChartFlow,FinMind_API_TaiwanStockPrice_6125,True,2026-10-05T23:38:42,2026-10-05T23:38:42,2026-10-05T23:38:42
6125,廣運,2021-12-16,26.65,-0.25,-0.93%,,,,,,,,,ShowDailyK_ChartFlow,FinMind_API_TaiwanStockPrice_6125,True,2026-10-05T23:38:42,2026-10-05T23:38:42,2026-10-05T23:38:42
6125,廣運,2021-12-17,26.2,-0.4499999999999993,-1.69%,,,,,,,,,ShowDailyK_ChartFlow,FinMind_API_TaiwanStockPrice_6125,True,2026-10-05T23:38:42,2026-10-05T23:38:42,2026-10-05T23:38:42
6125,廣運,2021-12-20,26.1,-0.09999999999999787,-0.38%,,,,,,,,,ShowDailyK_ChartFlow,FinMind_API_TaiwanStockPrice_6125,True,2026-10-05T23:38:42,2026-10-05T23:38:42,2026-10-05T23:38:42
6125,廣運,2021-12-21,26.3,0.1999999999999993,0.77%,,,,,,,,,ShowDailyK_ChartFlow,FinMind_API_TaiwanStockPrice_6125,True,2026-10-05T23:38:42,2026-10-05T23:38:42,2026-10-05T23:38:42
6125,廣運,2021-12-22,26.2,-0.10000000000000142,-0.38%,,,,,,,,,ShowDailyK_ChartFlow,FinMind_API_TaiwanStockPrice_6125,True,2026-10-05T23:38:42,2026-10-05T23:38:42,2026-10-05T23:38:42
6125,廣運,2021-12-23,26.45,0.25,0.95%,,,,,,,,,ShowDailyK_ChartFlow,FinMind_API_TaiwanStockPrice_6125,True,2026-10-05T23:38:42,2026-10-05T23:38:42,2026-10-05T23:38:42
6125,廣運,2021-12-24,26.45,0.0,0.00%,,,,,,,,,ShowDailyK_ChartFlow,FinMind_API_TaiwanStockPrice_6125,True,2026-10-05T23:38:42,2026-10-05T23:38:42,2026-10-05T23:38:42
6125,廣運,2021-12-27,27.0,0.5500000000000007,2.08%,,,,,,,,,ShowDailyK_ChartFlow,FinMind_API_TaiwanStockPrice_6125,True,2026-10-05T23:38:42,2026-10-05T23:38:42,2026-10-05T23:38:42
6125,廣運,2021-12-28,28.4,1.3999999999999986,5.19%,,,,,,,,,ShowDailyK_ChartFlow,FinMind_API_TaiwanStockPrice_6125,True,2026-10-05T23:38:42,2026-10-05T23:38:42,2026-10-05T23:38:42
6125,廣運,2021-12-29,28.55,0.15000000000000213,0.53%,,,,,,,,,ShowDailyK_ChartFlow,FinMind_API_TaiwanStockPrice_6125,True,2026-10-05T23:38:42,2026-10-05T23:38:42,2026-10-05T23:38:42
6125,廣運,2021-12-30,28.4,-0.15000000000000213,-0.53%,,,,,,,,,ShowDailyK_ChartFlow,FinMind_API_TaiwanStockPrice_6125,True,2026-10-05T23:38:42,2026-10-05T23:38:42,2026-10-05T23:38:42
6125,廣運,2022-01-03,28.5,0.10000000000000142,0.35%,,,,,,,,,ShowDailyK_ChartFlow,FinMind_API_TaiwanStockPrice_6125,True,2026-10-05T23:38:42,2026-10-05T23:38:42,2026-10-05T23:38:42
6125,廣運,2022-01-04,29.3,0.8000000000000007,2.81%,,,,,,,,,ShowDailyK_ChartFlow,FinMind_API_TaiwanStockPrice_6125,True,2026-10-05T23:38:42,2026-10-05T23:38:42,2026-10-05T23:38:42
6125,廣運,2022-01-05,28.8,-0.5,-1.71%,,,,,,,,,ShowDailyK_ChartFlow,FinMind_API_TaiwanStockPrice_6125,True,2026-10-05T23:38:42,2026-10-05T23:38:42,2026-10-05T23:38:42
6125,廣運,2022-01-06,28.5,-0.3000000000000007,-1.04%,,,,,,,,,ShowDailyK_ChartFlow,FinMind_API_TaiwanStockPrice_6125,True,2026-10-05T23:38:42,2026-10-05T23:38:42,2026-10-05T23:38:42
6125,廣運,2022-01-07,27.55,-0.9499999999999993,-3.33%,,,,,,,,,ShowDailyK_ChartFlow,FinMind_API_TaiwanStockPrice_6125,True,2026-10-05T23:38:42,2026-10-05T23:38:42,2026-10-05T23:38:42
6125,廣運,2022-01-10,28.7,1.1499999999999986,4.17%,,,,,,,,,ShowDailyK_ChartFlow,FinMind_API_TaiwanStockPrice_6125,True,2026-10-05T23:38:42,2026-10-05T23:38:42,2026-10-05T23:38:42
6125,廣運,2022-01-11,28.45,-0.25,-0.87%,,,,,,,,,ShowDailyK_ChartFlow,FinMind_API_TaiwanStockPrice_6125,True,2026-10-05T23:38:42,2026-10-05T23:38:42,2026-10-05T23:38:42
6125,廣運,2022-01-12,28.05,-0.3999999999999986,-1.41%,,,,,,,,,ShowDailyK_ChartFlow,FinMind_API_TaiwanStockPrice_6125,True,2026-10-05T23:38:42,2026-10-05T23:38:42,2026-10-05T23:38:42
6125,廣運,2022-01-13,27.7,-0.3500000000000014,-1.25%,,,,,,,,,ShowDailyK_ChartFlow,FinMind_API_TaiwanStockPrice_6125,True,2026-10-05T23:38:42,2026-10-05T23:38:42,2026-10-05T23:38:42
6125,廣運,2022-01-14,26.85,-0.8499999999999979,-3.07%,,,,,,,,,ShowDailyK_ChartFlow,FinMind_API_TaiwanStockPrice_6125,True,2026-10-05T23:38:42,2026-10-05T23:38:42,2026-10-05T23:38:42
6125,廣運,2022-01-17,27.85,1.0,3.72%,,,,,,,,,ShowDailyK_ChartFlow,FinMind_API_TaiwanStockPrice_6125,True,2026-10-05T23:38:42,2026-10-05T23:38:42,2026-10-05T23:38:42
6125,廣運,2022-01-18,27.35,-0.5,-1.80%,,,,,,,,,ShowDailyK_ChartFlow,FinMind_API_TaiwanStockPrice_6125,True,2026-10-05T23:38:42,2026-10-05T23:38:42,2026-10-05T23:38:42
6125,廣運,2022-01-19,27.95,0.5999999999999979,2.19%,,,,,,,,,ShowDailyK_ChartFlow,FinMind_API_TaiwanStockPrice_6125,True,2026-10-05T23:38:42,2026-10-05T23:38:42,2026-10-05T23:38:42
6125,廣運,2022-01-20,27.3,-0.6499999999999986,-2.33%,,,,,,,,,ShowDailyK_ChartFlow,FinMind_API_TaiwanStockPrice_6125,True,2026-10-05T23:38:42,2026-10-05T23:38:42,2026-10-05T23:38:42
6125,廣運,2022-01-21,27.1,-0.1999999999999993,-0.73%,,,,,,,,,ShowDailyK_ChartFlow,FinMind_API_TaiwanStockPrice_6125,True,2026-10-05T23:38:42,2026-10-05T23:38:42,2026-10-05T23:38:42
6125,廣運,2022-01-24,26.8,-0.3000000000000007,-1.11%,,,,,,,,,ShowDailyK_ChartFlow,FinMind_API_TaiwanStockPrice_6125,True,2026-10-05T23:38:42,2026-10-05T23:38:42,2026-10-05T23:38:42
6125,廣運,2022-01-25,26.0,-0.8000000000000007,-2.99%,,,,,,,,,ShowDailyK_ChartFlow,FinMind_API_TaiwanStockPrice_6125,True,2026-10-05T23:38:42,2026-10-05T23:38:42,2026-10-05T23:38:42
6125,廣運,2022-01-26,26.0,0.0,0.00%,,,,,,,,,ShowDailyK_ChartFlow,FinMind_API_TaiwanStockPrice_6125,True,2026-10-05T23:38:42,2026-10-05T23:38:42,2026-10-05T23:38:42
6125,廣運,2022-02-07,26.65,0.6499999999999986,2.50%,,,,,,,,,ShowDailyK_ChartFlow,FinMind_API_TaiwanStockPrice_6125,True,2026-10-05T23:38:42,2026-10-05T23:38:42,2026-10-05T23:38:42
6125,廣運,2022-02-08,26.75,0.10000000000000142,0.38%,,,,,,,,,ShowDailyK_ChartFlow,FinMind_API_TaiwanStockPrice_6125,True,2026-10-05T23:38:42,2026-10-05T23:38:42,2026-10-05T23:38:42
6125,廣運,2022-02-09,26.8,0.05000000000000071,0.19%,,,,,,,,,ShowDailyK_ChartFlow,FinMind_API_TaiwanStockPrice_6125,True,2026-10-05T23:38:42,2026-10-05T23:38:42,2026-10-05T23:38:42
6125,廣運,2022-02-10,26.4,-0.40000000000000213,-1.49%,,,,,,,,,ShowDailyK_ChartFlow,FinMind_API_TaiwanStockPrice_6125,True,2026-10-05T23:38:42,2026-10-05T23:38:42,2026-10-05T23:38:42
6125,廣運,2022-02-11,26.7,0.3000000000000007,1.14%,,,,,,,,,ShowDailyK_ChartFlow,FinMind_API_TaiwanStockPrice_6125,True,2026-10-05T23:38:42,2026-10-05T23:38:42,2026-10-05T23:38:42
6125,廣運,2022-02-14,26.1,-0.5999999999999979,-2.25%,,,,,,,,,ShowDailyK_ChartFlow,FinMind_API_TaiwanStockPrice_6125,True,2026-10-05T23:38:42,2026-10-05T23:38:42,2026-10-05T23:38:42
6125,廣運,2022-02-15,26.05,-0.05000000000000071,-0.19%,,,,,,,,,ShowDailyK_ChartFlow,FinMind_API_TaiwanStockPrice_6125,True,2026-10-05T23:38:42,2026-10-05T23:38:42,2026-10-05T23:38:42
6125,廣運,2022-02-16,25.85,-0.1999999999999993,-0.77%,,,,,,,,,ShowDailyK_ChartFlow,FinMind_API_TaiwanStockPrice_6125,True,2026-10-05T23:38:42,2026-10-05T23:38:42,2026-10-05T23:38:42
6125,廣運,2022-02-17,26.7,0.8499999999999979,3.29%,,,,,,,,,ShowDailyK_ChartFlow,FinMind_API_TaiwanStockPrice_6125,True,2026-10-05T23:38:42,2026-10-05T23:38:42,2026-10-05T23:38:42
6125,廣運,2022-02-18,27.2,0.5,1.87%,,,,,,,,,ShowDailyK_ChartFlow,FinMind_API_TaiwanStockPrice_6125,True,2026-10-05T23:38:42,2026-10-05T23:38:42,2026-10-05T23:38:42
6125,廣運,2022-02-21,26.55,-0.6499999999999986,-2.39%,,,,,,,,,ShowDailyK_ChartFlow,FinMind_API_TaiwanStockPrice_6125,True,2026-10-05T23:38:42,2026-10-05T23:38:42,2026-10-05T23:38:42
6125,廣運,2022-02-22,25.85,-0.6999999999999993,-2.64%,,,,,,,,,ShowDailyK_ChartFlow,FinMind_API_TaiwanStockPrice_6125,True,2026-10-05T23:38:42,2026-10-05T23:38:42,2026-10-05T23:38:42
6125,廣運,2022-02-23,26.85,1.0,3.87%,,,,,,,,,ShowDailyK_ChartFlow,FinMind_API_TaiwanStockPrice_6125,True,2026-10-05T23:38:42,2026-10-05T23:38:42,2026-10-05T23:38:42
6125,廣運,2022-02-24,25.9,-0.9500000000000028,-3.54%,,,,,,,,,ShowDailyK_ChartFlow,FinMind_API_TaiwanStockPrice_6125,True,2026-10-05T23:38:42,2026-10-05T23:38:42,2026-10-05T23:38:42
6125,廣運,2022-02-25,25.6,-0.29999999999999716,-1.16%,,,,,,,,,ShowDailyK_ChartFlow,FinMind_API_TaiwanStockPrice_6125,True,2026-10-05T23:38:42,2026-10-05T23:38:42,2026-10-05T23:38:42
6125,廣運,2022-03-01,26.0,0.3999999999999986,1.56%,,,,,,,,,ShowDailyK_ChartFlow,FinMind_API_TaiwanStockPrice_6125,True,2026-10-05T23:38:42,2026-10-05T23:38:42,2026-10-05T23:38:42
6125,廣運,2022-03-02,25.8,-0.1999999999999993,-0.77%,,,,,,,,,ShowDailyK_ChartFlow,FinMind_API_TaiwanStockPrice_6125,True,2026-10-05T23:38:42,2026-10-05T23:38:42,2026-10-05T23:38:42
6125,廣運,2022-03-03,25.8,0.0,0.00%,,,,,,,,,ShowDailyK_ChartFlow,FinMind_API_TaiwanStockPrice_6125,True,2026-10-05T23:38:42,2026-10-05T23:38:42,2026-10-05T23:38:42
6125,廣運,2022-03-04,25.85,0.05000000000000071,0.19%,,,,,,,,,ShowDailyK_ChartFlow,FinMind_API_TaiwanStockPrice_6125,True,2026-10-05T23:38:42,2026-10-05T23:38:42,2026-10-05T23:38:42
6125,廣運,2022-03-07,24.8,-1.0500000000000007,-4.06%,,,,,,,,,ShowDailyK_ChartFlow,FinMind_API_TaiwanStockPrice_6125,True,2026-10-05T23:38:42,2026-10-05T23:38:42,2026-10-05T23:38:42
6125,廣運,2022-03-08,23.55,-1.25,-5.04%,,,,,,,,,ShowDailyK_ChartFlow,FinMind_API_TaiwanStockPrice_6125,True,2026-10-05T23:38:42,2026-10-05T23:38:42,2026-10-05T23:38:42
6125,廣運,2022-03-09,24.7,1.1499999999999986,4.88%,,,,,,,,,ShowDailyK_ChartFlow,FinMind_API_TaiwanStockPrice_6125,True,2026-10-05T23:38:42,2026-10-05T23:38:42,2026-10-05T23:38:42
6125,廣運,2022-03-10,25.8,1.1000000000000014,4.45%,,,,,,,,,ShowDailyK_ChartFlow,FinMind_API_TaiwanStockPrice_6125,True,2026-10-05T23:38:42,2026-10-05T23:38:42,2026-10-05T23:38:42
6125,廣運,2022-03-11,25.7,-0.10000000000000142,-0.39%,,,,,,,,,ShowDailyK_ChartFlow,FinMind_API_TaiwanStockPrice_6125,True,2026-10-05T23:38:42,2026-10-05T23:38:42,2026-10-05T23:38:42
6125,廣運,2022-03-14,25.8,0.10000000000000142,0.39%,,,,,,,,,ShowDailyK_ChartFlow,FinMind_API_TaiwanStockPrice_6125,True,2026-10-05T23:38:42,2026-10-05T23:38:42,2026-10-05T23:38:42
6125,廣運,2022-03-15,25.0,-0.8000000000000007,-3.10%,,,,,,,,,ShowDailyK_ChartFlow,FinMind_API_TaiwanStockPrice_6125,True,2026-10-05T23:38:42,2026-10-05T23:38:42,2026-10-05T23:38:42
6125,廣運,2022-03-16,25.55,0.5500000000000007,2.20%,,,,,,,,,ShowDailyK_ChartFlow,FinMind_API_TaiwanStockPrice_6125,True,2026-10-05T23:38:42,2026-10-05T23:38:42,2026-10-05T23:38:42
6125,廣運,2022-03-17,26.2,0.6499999999999986,2.54%,,,,,,,,,ShowDailyK_ChartFlow,FinMind_API_TaiwanStockPrice_6125,True,2026-10-05T23:38:42,2026-10-05T23:38:42,2026-10-05T23:38:42
6125,廣運,2022-03-18,26.3,0.10000000000000142,0.38%,,,,,,,,,ShowDailyK_ChartFlow,FinMind_API_TaiwanStockPrice_6125,True,2026-10-05T23:38:42,2026-10-05T23:38:42,2026-10-05T23:38:42
6125,廣運,2022-03-21,26.2,-0.10000000000000142,-0.38%,,,,,,,,,ShowDailyK_ChartFlow,FinMind_API_TaiwanStockPrice_6125,True,2026-10-05T23:38:42,2026-10-05T23:38:42,2026-10-05T23:38:42
6125,廣運,2022-03-22,26.4,0.1999999999999993,0.76%,,,,,,,,,ShowDailyK_ChartFlow,FinMind_API_TaiwanStockPrice_6125,True,2026-10-05T23:38:42,2026-10-05T23:38:42,2026-10-05T23:38:42
6125,廣運,2022-03-23,26.25,-0.14999999999999858,-0.57%,,,,,,,,,ShowDailyK_ChartFlow,FinMind_API_TaiwanStockPrice_6125,True,2026-10-05T23:38:42,2026-10-05T23:38:42,2026-10-05T23:38:42
6125,廣運,2022-03-24,26.65,0.3999999999999986,1.52%,,,,,,,,,ShowDailyK_ChartFlow,FinMind_API_TaiwanStockPrice_6125,True,2026-10-05T23:38:42,2026-10-05T23:38:42,2026-10-05T23:38:42
6125,廣運,2022-03-25,26.25,-0.3999999999999986,-1.50%,,,,,,,,,ShowDailyK_ChartFlow,FinMind_API_TaiwanStockPrice_6125,True,2026-10-05T23:38:42,2026-10-05T23:38:42,2026-10-05T23:38:42
6125,廣運,2022-03-28,26.15,-0.10000000000000142,-0.38%,,,,,,,,,ShowDailyK_ChartFlow,FinMind_API_TaiwanStockPrice_6125,True,2026-10-05T23:38:42,2026-10-05T23:38:42,2026-10-05T23:38:42
6125,廣運,2022-03-29,26.0,-0.14999999999999858,-0.57%,,,,,,,,,ShowDailyK_ChartFlow,FinMind_API_TaiwanStockPrice_6125,True,2026-10-05T23:38:42,2026-10-05T23:38:42,2026-10-05T23:38:42
6125,廣運,2022-03-30,26.4,0.3999999999999986,1.54%,,,,,,,,,ShowDailyK_ChartFlow,FinMind_API_TaiwanStockPrice_6125,True,2026-10-05T23:38:42,2026-10-05T23:38:42,2026-10-05T23:38:42
6125,廣運,2022-03-31,26.05,-0.34999999999999787,-1.33%,,,,,,,,,ShowDailyK_ChartFlow,FinMind_API_TaiwanStockPrice_6125,True,2026-10-05T23:38:42,2026-10-05T23:38:42,2026-10-05T23:38:42
6125,廣運,2022-04-01,25.9,-0.15000000000000213,-0.58%,,,,,,,,,ShowDailyK_ChartFlow,FinMind_API_TaiwanStockPrice_6125,True,2026-10-05T23:38:42,2026-10-05T23:38:42,2026-10-05T23:38:42
6125,廣運,2022-04-06,25.8,-0.09999999999999787,-0.39%,,,,,,,,,ShowDailyK_ChartFlow,FinMind_API_TaiwanStockPrice_6125,True,2026-10-05T23:38:42,2026-10-05T23:38:42,2026-10-05T23:38:42
6125,廣運,2022-04-07,24.9,-0.9000000000000021,-3.49%,,,,,,,,,ShowDailyK_ChartFlow,FinMind_API_TaiwanStockPrice_6125,True,2026-10-05T23:38:42,2026-10-05T23:38:42,2026-10-05T23:38:42
6125,廣運,2022-04-08,25.2,0.3000000000000007,1.20%,,,,,,,,,ShowDailyK_ChartFlow,FinMind_API_TaiwanStockPrice_6125,True,2026-10-05T23:38:42,2026-10-05T23:38:42,2026-10-05T23:38:42
6125,廣運,2022-04-11,24.35,-0.8499999999999979,-3.37%,,,,,,,,,ShowDailyK_ChartFlow,FinMind_API_TaiwanStockPrice_6125,True,2026-10-05T23:38:42,2026-10-05T23:38:42,2026-10-05T23:38:42
6125,廣運,2022-04-12,24.05,-0.3000000000000007,-1.23%,,,,,,,,,ShowDailyK_ChartFlow,FinMind_API_TaiwanStockPrice_6125,True,2026-10-05T23:38:42,2026-10-05T23:38:42,2026-10-05T23:38:42
6125,廣運,2022-04-13,24.65,0.5999999999999979,2.49%,,,,,,,,,ShowDailyK_ChartFlow,FinMind_API_TaiwanStockPrice_6125,True,2026-10-05T23:38:42,2026-10-05T23:38:42,2026-10-05T23:38:42
6125,廣運,2022-04-14,24.75,0.10000000000000142,0.41%,,,,,,,,,ShowDailyK_ChartFlow,FinMind_API_TaiwanStockPrice_6125,True,2026-10-05T23:38:42,2026-10-05T23:38:42,2026-10-05T23:38:42
6125,廣運,2022-04-15,24.6,-0.14999999999999858,-0.61%,,,,,,,,,ShowDailyK_ChartFlow,FinMind_API_TaiwanStockPrice_6125,True,2026-10-05T23:38:42,2026-10-05T23:38:42,2026-10-05T23:38:42
6125,廣運,2022-04-18,24.1,-0.5,-2.03%,,,,,,,,,ShowDailyK_ChartFlow,FinMind_API_TaiwanStockPrice_6125,True,2026-10-05T23:38:42,2026-10-05T23:38:42,2026-10-05T23:38:42
6125,廣運,2022-04-19,24.2,0.09999999999999787,0.41%,,,,,,,,,ShowDailyK_ChartFlow,FinMind_API_TaiwanStockPrice_6125,True,2026-10-05T23:38:42,2026-10-05T23:38:42,2026-10-05T23:38:42
6125,廣運,2022-04-20,24.65,0.4499999999999993,1.86%,,,,,,,,,ShowDailyK_ChartFlow,FinMind_API_TaiwanStockPrice_6125,True,2026-10-05T23:38:42,2026-10-05T23:38:42,2026-10-05T23:38:42
6125,廣運,2022-04-21,24.5,-0.14999999999999858,-0.61%,,,,,,,,,ShowDailyK_ChartFlow,FinMind_API_TaiwanStockPrice_6125,True,2026-10-05T23:38:42,2026-10-05T23:38:42,2026-10-05T23:38:42
6125,廣運,2022-04-22,24.25,-0.25,-1.02%,,,,,,,,,ShowDailyK_ChartFlow,FinMind_API_TaiwanStockPrice_6125,True,2026-10-05T23:38:42,2026-10-05T23:38:42,2026-10-05T23:38:42
6125,廣運,2022-04-25,23.85,-0.3999999999999986,-1.65%,,,,,,,,,ShowDailyK_ChartFlow,FinMind_API_TaiwanStockPrice_6125,True,2026-10-05T23:38:42,2026-10-05T23:38:42,2026-10-05T23:38:42
6125,廣運,2022-04-26,23.85,0.0,0.00%,,,,,,,,,ShowDailyK_ChartFlow,FinMind_API_TaiwanStockPrice_6125,True,2026-10-05T23:38:42,2026-10-05T23:38:42,2026-10-05T23:38:42
6125,廣運,2022-04-27,23.0,-0.8500000000000014,-3.56%,,,,,,,,,ShowDailyK_ChartFlow,FinMind_API_TaiwanStockPrice_6125,True,2026-10-05T23:38:42,2026-10-05T23:38:42,2026-10-05T23:38:42
6125,廣運,2022-04-28,23.3,0.3000000000000007,1.30%,,,,,,,,,ShowDailyK_ChartFlow,FinMind_API_TaiwanStockPrice_6125,True,2026-10-05T23:38:42,2026-10-05T23:38:42,2026-10-05T23:38:42
6125,廣運,2022-04-29,23.35,0.05000000000000071,0.21%,,,,,,,,,ShowDailyK_ChartFlow,FinMind_API_TaiwanStockPrice_6125,True,2026-10-05T23:38:42,2026-10-05T23:38:42,2026-10-05T23:38:42
6125,廣運,2022-05-03,23.1,-0.25,-1.07%,,,,,,,,,ShowDailyK_ChartFlow,FinMind_API_TaiwanStockPrice_6125,True,2026-10-05T23:38:42,2026-10-05T23:38:42,2026-10-05T23:38:42
6125,廣運,2022-05-04,23.5,0.3999999999999986,1.73%,,,,,,,,,ShowDailyK_ChartFlow,FinMind_API_TaiwanStockPrice_6125,True,2026-10-05T23:38:42,2026-10-05T23:38:42,2026-10-05T23:38:42
6125,廣運,2022-05-05,24.0,0.5,2.13%,,,,,,,,,ShowDailyK_ChartFlow,FinMind_API_TaiwanStockPrice_6125,True,2026-10-05T23:38:42,2026-10-05T23:38:42,2026-10-05T23:38:42
6125,廣運,2022-05-06,23.5,-0.5,-2.08%,,,,,,,,,ShowDailyK_ChartFlow,FinMind_API_TaiwanStockPrice_6125,True,2026-10-05T23:38:42,2026-10-05T23:38:42,2026-10-05T23:38:42
6125,廣運,2022-05-09,22.7,-0.8000000000000007,-3.40%,,,,,,,,,ShowDailyK_ChartFlow,FinMind_API_TaiwanStockPrice_6125,True,2026-10-05T23:38:42,2026-10-05T23:38:42,2026-10-05T23:38:42
6125,廣運,2022-05-10,23.15,0.4499999999999993,1.98%,,,,,,,,,ShowDailyK_ChartFlow,FinMind_API_TaiwanStockPrice_6125,True,2026-10-05T23:38:42,2026-10-05T23:38:42,2026-10-05T23:38:42
6125,廣運,2022-05-11,23.3,0.15000000000000213,0.65%,,,,,,,,,ShowDailyK_ChartFlow,FinMind_API_TaiwanStockPrice_6125,True,2026-10-05T23:38:42,2026-10-05T23:38:42,2026-10-05T23:38:42
6125,廣運,2022-05-12,22.5,-0.8000000000000007,-3.43%,,,,,,,,,ShowDailyK_ChartFlow,FinMind_API_TaiwanStockPrice_6125,True,2026-10-05T23:38:42,2026-10-05T23:38:42,2026-10-05T23:38:42
6125,廣運,2022-05-13,22.9,0.3999999999999986,1.78%,,,,,,,,,ShowDailyK_ChartFlow,FinMind_API_TaiwanStockPrice_6125,True,2026-10-05T23:38:42,2026-10-05T23:38:42,2026-10-05T23:38:42
6125,廣運,2022-05-16,23.05,0.15000000000000213,0.66%,,,,,,,,,ShowDailyK_ChartFlow,FinMind_API_TaiwanStockPrice_6125,True,2026-10-05T23:38:42,2026-10-05T23:38:42,2026-10-05T23:38:42
6125,廣運,2022-05-17,23.9,0.8499999999999979,3.69%,,,,,,,,,ShowDailyK_ChartFlow,FinMind_API_TaiwanStockPrice_6125,True,2026-10-05T23:38:42,2026-10-05T23:38:42,2026-10-05T23:38:42
6125,廣運,2022-05-18,24.25,0.3500000000000014,1.46%,,,,,,,,,ShowDailyK_ChartFlow,FinMind_API_TaiwanStockPrice_6125,True,2026-10-05T23:38:42,2026-10-05T23:38:42,2026-10-05T23:38:42
6125,廣運,2022-05-19,24.4,0.14999999999999858,0.62%,,,,,,,,,ShowDailyK_ChartFlow,FinMind_API_TaiwanStockPrice_6125,True,2026-10-05T23:38:42,2026-10-05T23:38:42,2026-10-05T23:38:42
6125,廣運,2022-05-20,24.6,0.20000000000000284,0.82%,,,,,,,,,ShowDailyK_ChartFlow,FinMind_API_TaiwanStockPrice_6125,True,2026-10-05T23:38:42,2026-10-05T23:38:42,2026-10-05T23:38:42
6125,廣運,2022-05-23,25.0,0.3999999999999986,1.63%,,,,,,,,,ShowDailyK_ChartFlow,FinMind_API_TaiwanStockPrice_6125,True,2026-10-05T23:38:42,2026-10-05T23:38:42,2026-10-05T23:38:42
6125,廣運,2022-05-24,25.0,0.0,0.00%,,,,,,,,,ShowDailyK_ChartFlow,FinMind_API_TaiwanStockPrice_6125,True,2026-10-05T23:38:42,2026-10-05T23:38:42,2026-10-05T23:38:42
6125,廣運,2022-05-25,25.4,0.3999999999999986,1.60%,,,,,,,,,ShowDailyK_ChartFlow,FinMind_API_TaiwanStockPrice_6125,True,2026-10-05T23:38:42,2026-10-05T23:38:42,2026-10-05T23:38:42
6125,廣運,2022-05-26,25.9,0.5,1.97%,,,,,,,,,ShowDailyK_ChartFlow,FinMind_API_TaiwanStockPrice_6125,True,2026-10-05T23:38:42,2026-10-05T23:38:42,2026-10-05T23:38:42
6125,廣運,2022-05-27,25.8,-0.09999999999999787,-0.39%,,,,,,,,,ShowDailyK_ChartFlow,FinMind_API_TaiwanStockPrice_6125,True,2026-10-05T23:38:42,2026-10-05T23:38:42,2026-10-05T23:38:42
6125,廣運,2022-05-30,26.5,0.6999999999999993,2.71%,,,,,,,,,ShowDailyK_ChartFlow,FinMind_API_TaiwanStockPrice_6125,True,2026-10-05T23:38:42,2026-10-05T23:38:42,2026-10-05T23:38:42
6125,廣運,2022-05-31,26.4,-0.10000000000000142,-0.38%,,,,,,,,,ShowDailyK_ChartFlow,FinMind_API_TaiwanStockPrice_6125,True,2026-10-05T23:38:42,2026-10-05T23:38:42,2026-10-05T23:38:42
6125,廣運,2022-06-01,26.45,0.05000000000000071,0.19%,,,,,,,,,ShowDailyK_ChartFlow,FinMind_API_TaiwanStockPrice_6125,True,2026-10-05T23:38:42,2026-10-05T23:38:42,2026-10-05T23:38:42
6125,廣運,2022-06-02,26.65,0.1999999999999993,0.76%,,,,,,,,,ShowDailyK_ChartFlow,FinMind_API_TaiwanStockPrice_6125,True,2026-10-05T23:38:42,2026-10-05T23:38:42,2026-10-05T23:38:42
6125,廣運,2022-06-06,26.6,-0.04999999999999716,-0.19%,,,,,,,,,ShowDailyK_ChartFlow,FinMind_API_TaiwanStockPrice_6125,True,2026-10-05T23:38:42,2026-10-05T23:38:42,2026-10-05T23:38:42
6125,廣運,2022-06-07,26.75,0.14999999999999858,0.56%,,,,,,,,,ShowDailyK_ChartFlow,FinMind_API_TaiwanStockPrice_6125,True,2026-10-05T23:38:42,2026-10-05T23:38:42,2026-10-05T23:38:42
6125,廣運,2022-06-08,27.1,0.3500000000000014,1.31%,,,,,,,,,ShowDailyK_ChartFlow,FinMind_API_TaiwanStockPrice_6125,True,2026-10-05T23:38:42,2026-10-05T23:38:42,2026-10-05T23:38:42
6125,廣運,2022-06-09,27.75,0.6499999999999986,2.40%,,,,,,,,,ShowDailyK_ChartFlow,FinMind_API_TaiwanStockPrice_6125,True,2026-10-05T23:38:42,2026-10-05T23:38:42,2026-10-05T23:38:42
6125,廣運,2022-06-10,28.0,0.25,0.90%,,,,,,,,,ShowDailyK_ChartFlow,FinMind_API_TaiwanStockPrice_6125,True,2026-10-05T23:38:42,2026-10-05T23:38:42,2026-10-05T23:38:42
6125,廣運,2022-06-13,28.0,0.0,0.00%,,,,,,,,,ShowDailyK_ChartFlow,FinMind_API_TaiwanStockPrice_6125,True,2026-10-05T23:38:42,2026-10-05T23:38:42,2026-10-05T23:38:42
6125,廣運,2022-06-14,28.15,0.14999999999999858,0.54%,,,,,,,,,ShowDailyK_ChartFlow,FinMind_API_TaiwanStockPrice_6125,True,2026-10-05T23:38:42,2026-10-05T23:38:42,2026-10-05T23:38:42
6125,廣運,2022-06-15,28.05,-0.09999999999999787,-0.36%,,,,,,,,,ShowDailyK_ChartFlow,FinMind_API_TaiwanStockPrice_6125,True,2026-10-05T23:38:42,2026-10-05T23:38:42,2026-10-05T23:38:42
6125,廣運,2022-06-16,27.1,-0.9499999999999993,-3.39%,,,,,,,,,ShowDailyK_ChartFlow,FinMind_API_TaiwanStockPrice_6125,True,2026-10-05T23:38:42,2026-10-05T23:38:42,2026-10-05T23:38:42
6125,廣運,2022-06-17,28.15,1.0499999999999972,3.87%,,,,,,,,,ShowDailyK_ChartFlow,FinMind_API_TaiwanStockPrice_6125,True,2026-10-05T23:38:42,2026-10-05T23:38:42,2026-10-05T23:38:42
6125,廣運,2022-06-20,27.65,-0.5,-1.78%,,,,,,,,,ShowDailyK_ChartFlow,FinMind_API_TaiwanStockPrice_6125,True,2026-10-05T23:38:42,2026-10-05T23:38:42,2026-10-05T23:38:42
6125,廣運,2022-06-21,27.8,0.15000000000000213,0.54%,,,,,,,,,ShowDailyK_ChartFlow,FinMind_API_TaiwanStockPrice_6125,True,2026-10-05T23:38:42,2026-10-05T23:38:42,2026-10-05T23:38:42
6125,廣運,2022-06-22,27.4,-0.40000000000000213,-1.44%,,,,,,,,,ShowDailyK_ChartFlow,FinMind_API_TaiwanStockPrice_6125,True,2026-10-05T23:38:42,2026-10-05T23:38:42,2026-10-05T23:38:42
6125,廣運,2022-06-23,27.85,0.45000000000000284,1.64%,,,,,,,,,ShowDailyK_ChartFlow,FinMind_API_TaiwanStockPrice_6125,True,2026-10-05T23:38:42,2026-10-05T23:38:42,2026-10-05T23:38:42
6125,廣運,2022-06-24,28.0,0.14999999999999858,0.54%,,,,,,,,,ShowDailyK_ChartFlow,FinMind_API_TaiwanStockPrice_6125,True,2026-10-05T23:38:42,2026-10-05T23:38:42,2026-10-05T23:38:42
6125,廣運,2022-06-27,30.05,2.0500000000000007,7.32%,,,,,,,,,ShowDailyK_ChartFlow,FinMind_API_TaiwanStockPrice_6125,True,2026-10-05T23:38:42,2026-10-05T23:38:42,2026-10-05T23:38:42
6125,廣運,2022-06-28,30.65,0.5999999999999979,2.00%,,,,,,,,,ShowDailyK_ChartFlow,FinMind_API_TaiwanStockPrice_6125,True,2026-10-05T23:38:42,2026-10-05T23:38:42,2026-10-05T23:38:42
6125,廣運,2022-06-29,30.95,0.3000000000000007,0.98%,,,,,,,,,ShowDailyK_ChartFlow,FinMind_API_TaiwanStockPrice_6125,True,2026-10-05T23:38:42,2026-10-05T23:38:42,2026-10-05T23:38:42
6125,廣運,2022-06-30,30.35,-0.5999999999999979,-1.94%,,,,,,,,,ShowDailyK_ChartFlow,FinMind_API_TaiwanStockPrice_6125,True,2026-10-05T23:38:42,2026-10-05T23:38:42,2026-10-05T23:38:42
6125,廣運,2022-07-01,28.55,-1.8000000000000007,-5.93%,,,,,,,,,ShowDailyK_ChartFlow,FinMind_API_TaiwanStockPrice_6125,True,2026-10-05T23:38:42,2026-10-05T23:38:42,2026-10-05T23:38:42
6125,廣運,2022-07-04,29.1,0.5500000000000007,1.93%,,,,,,,,,ShowDailyK_ChartFlow,FinMind_API_TaiwanStockPrice_6125,True,2026-10-05T23:38:42,2026-10-05T23:38:42,2026-10-05T23:38:42
6125,廣運,2022-07-05,26.3,-2.8000000000000007,-9.62%,,,,,,,,,ShowDailyK_ChartFlow,FinMind_API_TaiwanStockPrice_6125,True,2026-10-05T23:38:42,2026-10-05T23:38:42,2026-10-05T23:38:42
6125,廣運,2022-07-06,26.05,-0.25,-0.95%,,,,,,,,,ShowDailyK_ChartFlow,FinMind_API_TaiwanStockPrice_6125,True,2026-10-05T23:38:42,2026-10-05T23:38:42,2026-10-05T23:38:42
6125,廣運,2022-07-07,25.95,-0.10000000000000142,-0.38%,,,,,,,,,ShowDailyK_ChartFlow,FinMind_API_TaiwanStockPrice_6125,True,2026-10-05T23:38:42,2026-10-05T23:38:42,2026-10-05T23:38:42
6125,廣運,2022-07-08,27.4,1.4499999999999993,5.59%,,,,,,,,,ShowDailyK_ChartFlow,FinMind_API_TaiwanStockPrice_6125,True,2026-10-05T23:38:42,2026-10-05T23:38:42,2026-10-05T23:38:42
6125,廣運,2022-07-11,28.1,0.7000000000000028,2.55%,,,,,,,,,ShowDailyK_ChartFlow,FinMind_API_TaiwanStockPrice_6125,True,2026-10-05T23:38:42,2026-10-05T23:38:42,2026-10-05T23:38:42
6125,廣運,2022-07-12,25.75,-2.3500000000000014,-8.36%,,,,,,,,,ShowDailyK_ChartFlow,FinMind_API_TaiwanStockPrice_6125,True,2026-10-05T23:38:42,2026-10-05T23:38:42,2026-10-05T23:38:42
6125,廣運,2022-07-13,26.95,1.1999999999999993,4.66%,,,,,,,,,ShowDailyK_ChartFlow,FinMind_API_TaiwanStockPrice_6125,True,2026-10-05T23:38:42,2026-10-05T23:38:42,2026-10-05T23:38:42
6125,廣運,2022-07-14,27.7,0.75,2.78%,,,,,,,,,ShowDailyK_ChartFlow,FinMind_API_TaiwanStockPrice_6125,True,2026-10-05T23:38:42,2026-10-05T23:38:42,2026-10-05T23:38:42
6125,廣運,2022-07-15,28.0,0.3000000000000007,1.08%,,,,,,,,,ShowDailyK_ChartFlow,FinMind_API_TaiwanStockPrice_6125,True,2026-10-05T23:38:42,2026-10-05T23:38:42,2026-10-05T23:38:42
6125,廣運,2022-07-18,29.4,1.3999999999999986,5.00%,,,,,,,,,ShowDailyK_ChartFlow,FinMind_API_TaiwanStockPrice_6125,True,2026-10-05T23:38:42,2026-10-05T23:38:42,2026-10-05T23:38:42
6125,廣運,2022-07-19,29.8,0.40000000000000213,1.36%,,,,,,,,,ShowDailyK_ChartFlow,FinMind_API_TaiwanStockPrice_6125,True,2026-10-05T23:38:42,2026-10-05T23:38:42,2026-10-05T23:38:42
6125,廣運,2022-07-20,30.35,0.5500000000000007,1.85%,,,,,,,,,ShowDailyK_ChartFlow,FinMind_API_TaiwanStockPrice_6125,True,2026-10-05T23:38:42,2026-10-05T23:38:42,2026-10-05T23:38:42
6125,廣運,2022-07-21,29.9,-0.45000000000000284,-1.48%,,,,,,,,,ShowDailyK_ChartFlow,FinMind_API_TaiwanStockPrice_6125,True,2026-10-05T23:38:42,2026-10-05T23:38:42,2026-10-05T23:38:42
6125,廣運,2022-07-22,29.7,-0.1999999999999993,-0.67%,,,,,,,,,ShowDailyK_ChartFlow,FinMind_API_TaiwanStockPrice_6125,True,2026-10-05T23:38:42,2026-10-05T23:38:42,2026-10-05T23:38:42
6125,廣運,2022-07-25,29.6,-0.09999999999999787,-0.34%,,,,,,,,,ShowDailyK_ChartFlow,FinMind_API_TaiwanStockPrice_6125,True,2026-10-05T23:38:42,2026-10-05T23:38:42,2026-10-05T23:38:42
6125,廣運,2022-07-26,29.8,0.1999999999999993,0.68%,,,,,,,,,ShowDailyK_ChartFlow,FinMind_API_TaiwanStockPrice_6125,True,2026-10-05T23:38:42,2026-10-05T23:38:42,2026-10-05T23:38:42
6125,廣運,2022-07-27,29.95,0.14999999999999858,0.50%,,,,,,,,,ShowDailyK_ChartFlow,FinMind_API_TaiwanStockPrice_6125,True,2026-10-05T23:38:42,2026-10-05T23:38:42,2026-10-05T23:38:42
6125,廣運,2022-07-28,30.3,0.3500000000000014,1.17%,,,,,,,,,ShowDailyK_ChartFlow,FinMind_API_TaiwanStockPrice_6125,True,2026-10-05T23:38:42,2026-10-05T23:38:42,2026-10-05T23:38:42
6125,廣運,2022-07-29,30.35,0.05000000000000071,0.17%,,,,,,,,,ShowDailyK_ChartFlow,FinMind_API_TaiwanStockPrice_6125,True,2026-10-05T23:38:42,2026-10-05T23:38:42,2026-10-05T23:38:42
6125,廣運,2022-08-01,29.2,-1.1500000000000021,-3.79%,,,,,,,,,ShowDailyK_ChartFlow,FinMind_API_TaiwanStockPrice_6125,True,2026-10-05T23:38:42,2026-10-05T23:38:42,2026-10-05T23:38:42
6125,廣運,2022-08-02,28.4,-0.8000000000000007,-2.74%,,,,,,,,,ShowDailyK_ChartFlow,FinMind_API_TaiwanStockPrice_6125,True,2026-10-05T23:38:42,2026-10-05T23:38:42,2026-10-05T23:38:42
6125,廣運,2022-08-03,27.85,-0.5499999999999972,-1.94%,,,,,,,,,ShowDailyK_ChartFlow,FinMind_API_TaiwanStockPrice_6125,True,2026-10-05T23:38:42,2026-10-05T23:38:42,2026-10-05T23:38:42
6125,廣運,2022-08-04,28.0,0.14999999999999858,0.54%,,,,,,,,,ShowDailyK_ChartFlow,FinMind_API_TaiwanStockPrice_6125,True,2026-10-05T23:38:42,2026-10-05T23:38:42,2026-10-05T23:38:42
6125,廣運,2022-08-05,28.75,0.75,2.68%,,,,,,,,,ShowDailyK_ChartFlow,FinMind_API_TaiwanStockPrice_6125,True,2026-10-05T23:38:42,2026-10-05T23:38:42,2026-10-05T23:38:42
6125,廣運,2022-08-08,28.75,0.0,0.00%,,,,,,,,,ShowDailyK_ChartFlow,FinMind_API_TaiwanStockPrice_6125,True,2026-10-05T23:38:42,2026-10-05T23:38:42,2026-10-05T23:38:42
6125,廣運,2022-08-09,29.75,1.0,3.48%,,,,,,,,,ShowDailyK_ChartFlow,FinMind_API_TaiwanStockPrice_6125,True,2026-10-05T23:38:42,2026-10-05T23:38:42,2026-10-05T23:38:42
6125,廣運,2022-08-10,29.55,-0.1999999999999993,-0.67%,,,,,,,,,ShowDailyK_ChartFlow,FinMind_API_TaiwanStockPrice_6125,True,2026-10-05T23:38:42,2026-10-05T23:38:42,2026-10-05T23:38:42
6125,廣運,2022-08-11,29.85,0.3000000000000007,1.02%,,,,,,,,,ShowDailyK_ChartFlow,FinMind_API_TaiwanStockPrice_6125,True,2026-10-05T23:38:42,2026-10-05T23:38:42,2026-10-05T23:38:42
6125,廣運,2022-08-12,30.05,0.1999999999999993,0.67%,,,,,,,,,ShowDailyK_ChartFlow,FinMind_API_TaiwanStockPrice_6125,True,2026-10-05T23:38:42,2026-10-05T23:38:42,2026-10-05T23:38:42
6125,廣運,2022-08-15,30.5,0.4499999999999993,1.50%,,,,,,,,,ShowDailyK_ChartFlow,FinMind_API_TaiwanStockPrice_6125,True,2026-10-05T23:38:42,2026-10-05T23:38:42,2026-10-05T23:38:42
6125,廣運,2022-08-16,29.7,-0.8000000000000007,-2.62%,,,,,,,,,ShowDailyK_ChartFlow,FinMind_API_TaiwanStockPrice_6125,True,2026-10-05T23:38:42,2026-10-05T23:38:42,2026-10-05T23:38:42
6125,廣運,2022-08-17,29.65,-0.05000000000000071,-0.17%,,,,,,,,,ShowDailyK_ChartFlow,FinMind_API_TaiwanStockPrice_6125,True,2026-10-05T23:38:42,2026-10-05T23:38:42,2026-10-05T23:38:42
6125,廣運,2022-08-18,30.15,0.5,1.69%,,,,,,,,,ShowDailyK_ChartFlow,FinMind_API_TaiwanStockPrice_6125,True,2026-10-05T23:38:42,2026-10-05T23:38:42,2026-10-05T23:38:42
6125,廣運,2022-08-19,31.95,1.8000000000000007,5.97%,,,,,,,,,ShowDailyK_ChartFlow,FinMind_API_TaiwanStockPrice_6125,True,2026-10-05T23:38:42,2026-10-05T23:38:42,2026-10-05T23:38:42
6125,廣運,2022-08-22,32.25,0.3000000000000007,0.94%,,,,,,,,,ShowDailyK_ChartFlow,FinMind_API_TaiwanStockPrice_6125,True,2026-10-05T23:38:42,2026-10-05T23:38:42,2026-10-05T23:38:42
6125,廣運,2022-08-23,31.35,-0.8999999999999986,-2.79%,,,,,,,,,ShowDailyK_ChartFlow,FinMind_API_TaiwanStockPrice_6125,True,2026-10-05T23:38:42,2026-10-05T23:38:42,2026-10-05T23:38:42
6125,廣運,2022-08-24,31.55,0.1999999999999993,0.64%,,,,,,,,,ShowDailyK_ChartFlow,FinMind_API_TaiwanStockPrice_6125,True,2026-10-05T23:38:42,2026-10-05T23:38:42,2026-10-05T23:38:42
6125,廣運,2022-08-25,32.05,0.49999999999999645,1.58%,,,,,,,,,ShowDailyK_ChartFlow,FinMind_API_TaiwanStockPrice_6125,True,2026-10-05T23:38:42,2026-10-05T23:38:42,2026-10-05T23:38:42
6125,廣運,2022-08-26,31.15,-0.8999999999999986,-2.81%,,,,,,,,,ShowDailyK_ChartFlow,FinMind_API_TaiwanStockPrice_6125,True,2026-10-05T23:38:42,2026-10-05T23:38:42,2026-10-05T23:38:42
6125,廣運,2022-08-29,30.7,-0.4499999999999993,-1.44%,,,,,,,,,ShowDailyK_ChartFlow,FinMind_API_TaiwanStockPrice_6125,True,2026-10-05T23:38:42,2026-10-05T23:38:42,2026-10-05T23:38:42
6125,廣運,2022-08-30,32.7,2.0000000000000036,6.51%,,,,,,,,,ShowDailyK_ChartFlow,FinMind_API_TaiwanStockPrice_6125,True,2026-10-05T23:38:42,2026-10-05T23:38:42,2026-10-05T23:38:42
6125,廣運,2022-08-31,33.4,0.6999999999999957,2.14%,,,,,,,,,ShowDailyK_ChartFlow,FinMind_API_TaiwanStockPrice_6125,True,2026-10-05T23:38:42,2026-10-05T23:38:42,2026-10-05T23:38:42
6125,廣運,2022-09-01,32.9,-0.5,-1.50%,,,,,,,,,ShowDailyK_ChartFlow,FinMind_API_TaiwanStockPrice_6125,True,2026-10-05T23:38:42,2026-10-05T23:38:42,2026-10-05T23:38:42
6125,廣運,2022-09-02,32.5,-0.3999999999999986,-1.22%,,,,,,,,,ShowDailyK_ChartFlow,FinMind_API_TaiwanStockPrice_6125,True,2026-10-05T23:38:42,2026-10-05T23:38:42,2026-10-05T23:38:42
6125,廣運,2022-09-05,32.55,0.04999999999999716,0.15%,,,,,,,,,ShowDailyK_ChartFlow,FinMind_API_TaiwanStockPrice_6125,True,2026-10-05T23:38:42,2026-10-05T23:38:42,2026-10-05T23:38:42
6125,廣運,2022-09-06,31.7,-0.8499999999999979,-2.61%,,,,,,,,,ShowDailyK_ChartFlow,FinMind_API_TaiwanStockPrice_6125,True,2026-10-05T23:38:42,2026-10-05T23:38:42,2026-10-05T23:38:42
6125,廣運,2022-09-07,32.0,0.3000000000000007,0.95%,,,,,,,,,ShowDailyK_ChartFlow,FinMind_API_TaiwanStockPrice_6125,True,2026-10-05T23:38:42,2026-10-05T23:38:42,2026-10-05T23:38:42
6125,廣運,2022-09-08,32.75,0.75,2.34%,,,,,,,,,ShowDailyK_ChartFlow,FinMind_API_TaiwanStockPrice_6125,True,2026-10-05T23:38:42,2026-10-05T23:38:42,2026-10-05T23:38:42
6125,廣運,2022-09-12,32.65,-0.10000000000000142,-0.31%,,,,,,,,,ShowDailyK_ChartFlow,FinMind_API_TaiwanStockPrice_6125,True,2026-10-05T23:38:42,2026-10-05T23:38:42,2026-10-05T23:38:42
6125,廣運,2022-09-13,32.75,0.10000000000000142,0.31%,,,,,,,,,ShowDailyK_ChartFlow,FinMind_API_TaiwanStockPrice_6125,True,2026-10-05T23:38:42,2026-10-05T23:38:42,2026-10-05T23:38:42
6125,廣運,2022-09-14,33.15,0.3999999999999986,1.22%,,,,,,,,,ShowDailyK_ChartFlow,FinMind_API_TaiwanStockPrice_6125,True,2026-10-05T23:38:42,2026-10-05T23:38:42,2026-10-05T23:38:42
6125,廣運,2022-09-15,32.5,-0.6499999999999986,-1.96%,,,,,,,,,ShowDailyK_ChartFlow,FinMind_API_TaiwanStockPrice_6125,True,2026-10-05T23:38:42,2026-10-05T23:38:42,2026-10-05T23:38:42
6125,廣運,2022-09-16,31.65,-0.8500000000000014,-2.62%,,,,,,,,,ShowDailyK_ChartFlow,FinMind_API_TaiwanStockPrice_6125,True,2026-10-05T23:38:42,2026-10-05T23:38:42,2026-10-05T23:38:42
6125,廣運,2022-09-19,31.35,-0.29999999999999716,-0.95%,,,,,,,,,ShowDailyK_ChartFlow,FinMind_API_TaiwanStockPrice_6125,True,2026-10-05T23:38:42,2026-10-05T23:38:42,2026-10-05T23:38:42
6125,廣運,2022-09-20,31.85,0.5,1.59%,,,,,,,,,ShowDailyK_ChartFlow,FinMind_API_TaiwanStockPrice_6125,True,2026-10-05T23:38:42,2026-10-05T23:38:42,2026-10-05T23:38:42
6125,廣運,2022-09-21,31.3,-0.5500000000000007,-1.73%,,,,,,,,,ShowDailyK_ChartFlow,FinMind_API_TaiwanStockPrice_6125,True,2026-10-05T23:38:42,2026-10-05T23:38:42,2026-10-05T23:38:42
6125,廣運,2022-09-22,31.55,0.25,0.80%,,,,,,,,,ShowDailyK_ChartFlow,FinMind_API_TaiwanStockPrice_6125,True,2026-10-05T23:38:42,2026-10-05T23:38:42,2026-10-05T23:38:42
6125,廣運,2022-09-23,30.5,-1.0500000000000007,-3.33%,,,,,,,,,ShowDailyK_ChartFlow,FinMind_API_TaiwanStockPrice_6125,True,2026-10-05T23:38:42,2026-10-05T23:38:42,2026-10-05T23:38:42
6125,廣運,2022-09-26,29.25,-1.25,-4.10%,,,,,,,,,ShowDailyK_ChartFlow,FinMind_API_TaiwanStockPrice_6125,True,2026-10-05T23:38:42,2026-10-05T23:38:42,2026-10-05T23:38:42
6125,廣運,2022-09-27,29.0,-0.25,-0.85%,,,,,,,,,ShowDailyK_ChartFlow,FinMind_API_TaiwanStockPrice_6125,True,2026-10-05T23:38:42,2026-10-05T23:38:42,2026-10-05T23:38:42
6125,廣運,2022-09-28,27.1,-1.8999999999999986,-6.55%,,,,,,,,,ShowDailyK_ChartFlow,FinMind_API_TaiwanStockPrice_6125,True,2026-10-05T23:38:42,2026-10-05T23:38:42,2026-10-05T23:38:42
6125,廣運,2022-09-29,27.55,0.4499999999999993,1.66%,,,,,,,,,ShowDailyK_ChartFlow,FinMind_API_TaiwanStockPrice_6125,True,2026-10-05T23:38:42,2026-10-05T23:38:42,2026-10-05T23:38:42
6125,廣運,2022-09-30,27.5,-0.05000000000000071,-0.18%,,,,,,,,,ShowDailyK_ChartFlow,FinMind_API_TaiwanStockPrice_6125,True,2026-10-05T23:38:42,2026-10-05T23:38:42,2026-10-05T23:38:42
6125,廣運,2022-10-03,27.0,-0.5,-1.82%,,,,,,,,,ShowDailyK_ChartFlow,FinMind_API_TaiwanStockPrice_6125,True,2026-10-05T23:38:42,2026-10-05T23:38:42,2026-10-05T23:38:42
6125,廣運,2022-10-04,28.8,1.8000000000000007,6.67%,,,,,,,,,ShowDailyK_ChartFlow,FinMind_API_TaiwanStockPrice_6125,True,2026-10-05T23:38:42,2026-10-05T23:38:42,2026-10-05T23:38:42
6125,廣運,2022-10-05,28.4,-0.40000000000000213,-1.39%,,,,,,,,,ShowDailyK_ChartFlow,FinMind_API_TaiwanStockPrice_6125,True,2026-10-05T23:38:42,2026-10-05T23:38:42,2026-10-05T23:38:42
6125,廣運,2022-10-06,28.25,-0.14999999999999858,-0.53%,,,,,,,,,ShowDailyK_ChartFlow,FinMind_API_TaiwanStockPrice_6125,True,2026-10-05T23:38:42,2026-10-05T23:38:42,2026-10-05T23:38:42
6125,廣運,2022-10-07,27.9,-0.3500000000000014,-1.24%,,,,,,,,,ShowDailyK_ChartFlow,FinMind_API_TaiwanStockPrice_6125,True,2026-10-05T23:38:42,2026-10-05T23:38:42,2026-10-05T23:38:42
6125,廣運,2022-10-11,25.95,-1.9499999999999993,-6.99%,,,,,,,,,ShowDailyK_ChartFlow,FinMind_API_TaiwanStockPrice_6125,True,2026-10-05T23:38:42,2026-10-05T23:38:42,2026-10-05T23:38:42
6125,廣運,2022-10-12,25.65,-0.3000000000000007,-1.16%,,,,,,,,,ShowDailyK_ChartFlow,FinMind_API_TaiwanStockPrice_6125,True,2026-10-05T23:38:42,2026-10-05T23:38:42,2026-10-05T23:38:42
6125,廣運,2022-10-13,24.05,-1.5999999999999979,-6.24%,,,,,,,,,ShowDailyK_ChartFlow,FinMind_API_TaiwanStockPrice_6125,True,2026-10-05T23:38:42,2026-10-05T23:38:42,2026-10-05T23:38:42
6125,廣運,2022-10-14,25.45,1.3999999999999986,5.82%,,,,,,,,,ShowDailyK_ChartFlow,FinMind_API_TaiwanStockPrice_6125,True,2026-10-05T23:38:42,2026-10-05T23:38:42,2026-10-05T23:38:42
6125,廣運,2022-10-17,24.9,-0.5500000000000007,-2.16%,,,,,,,,,ShowDailyK_ChartFlow,FinMind_API_TaiwanStockPrice_6125,True,2026-10-05T23:38:42,2026-10-05T23:38:42,2026-10-05T23:38:42
6125,廣運,2022-10-18,25.3,0.40000000000000213,1.61%,,,,,,,,,ShowDailyK_ChartFlow,FinMind_API_TaiwanStockPrice_6125,True,2026-10-05T23:38:42,2026-10-05T23:38:42,2026-10-05T23:38:42
6125,廣運,2022-10-19,25.1,-0.1999999999999993,-0.79%,,,,,,,,,ShowDailyK_ChartFlow,FinMind_API_TaiwanStockPrice_6125,True,2026-10-05T23:38:42,2026-10-05T23:38:42,2026-10-05T23:38:42
6125,廣運,2022-10-20,24.55,-0.5500000000000007,-2.19%,,,,,,,,,ShowDailyK_ChartFlow,FinMind_API_TaiwanStockPrice_6125,True,2026-10-05T23:38:42,2026-10-05T23:38:42,2026-10-05T23:38:42
6125,廣運,2022-10-21,24.05,-0.5,-2.04%,,,,,,,,,ShowDailyK_ChartFlow,FinMind_API_TaiwanStockPrice_6125,True,2026-10-05T23:38:42,2026-10-05T23:38:42,2026-10-05T23:38:42
6125,廣運,2022-10-24,24.4,0.34999999999999787,1.46%,,,,,,,,,ShowDailyK_ChartFlow,FinMind_API_TaiwanStockPrice_6125,True,2026-10-05T23:38:42,2026-10-05T23:38:42,2026-10-05T23:38:42
6125,廣運,2022-10-25,23.65,-0.75,-3.07%,,,,,,,,,ShowDailyK_ChartFlow,FinMind_API_TaiwanStockPrice_6125,True,2026-10-05T23:38:42,2026-10-05T23:38:42,2026-10-05T23:38:42
6125,廣運,2022-10-26,23.25,-0.3999999999999986,-1.69%,,,,,,,,,ShowDailyK_ChartFlow,FinMind_API_TaiwanStockPrice_6125,True,2026-10-05T23:38:42,2026-10-05T23:38:42,2026-10-05T23:38:42
6125,廣運,2022-10-27,24.3,1.0500000000000007,4.52%,,,,,,,,,ShowDailyK_ChartFlow,FinMind_API_TaiwanStockPrice_6125,True,2026-10-05T23:38:42,2026-10-05T23:38:42,2026-10-05T23:38:42
6125,廣運,2022-10-28,23.55,-0.75,-3.09%,,,,,,,,,ShowDailyK_ChartFlow,FinMind_API_TaiwanStockPrice_6125,True,2026-10-05T23:38:42,2026-10-05T23:38:42,2026-10-05T23:38:42
6125,廣運,2022-10-31,24.15,0.5999999999999979,2.55%,,,,,,,,,ShowDailyK_ChartFlow,FinMind_API_TaiwanStockPrice_6125,True,2026-10-05T23:38:42,2026-10-05T23:38:42,2026-10-05T23:38:42
6125,廣運,2022-11-01,24.75,0.6000000000000014,2.48%,,,,,,,,,ShowDailyK_ChartFlow,FinMind_API_TaiwanStockPrice_6125,True,2026-10-05T23:38:42,2026-10-05T23:38:42,2026-10-05T23:38:42
6125,廣運,2022-11-02,24.9,0.14999999999999858,0.61%,,,,,,,,,ShowDailyK_ChartFlow,FinMind_API_TaiwanStockPrice_6125,True,2026-10-05T23:38:42,2026-10-05T23:38:42,2026-10-05T23:38:42
6125,廣運,2022-11-03,25.2,0.3000000000000007,1.20%,,,,,,,,,ShowDailyK_ChartFlow,FinMind_API_TaiwanStockPrice_6125,True,2026-10-05T23:38:42,2026-10-05T23:38:42,2026-10-05T23:38:42
6125,廣運,2022-11-04,25.4,0.1999999999999993,0.79%,,,,,,,,,ShowDailyK_ChartFlow,FinMind_API_TaiwanStockPrice_6125,True,2026-10-05T23:38:42,2026-10-05T23:38:42,2026-10-05T23:38:42
6125,廣運,2022-11-07,24.9,-0.5,-1.97%,,,,,,,,,ShowDailyK_ChartFlow,FinMind_API_TaiwanStockPrice_6125,True,2026-10-05T23:38:42,2026-10-05T23:38:42,2026-10-05T23:38:42
6125,廣運,2022-11-08,24.85,-0.04999999999999716,-0.20%,,,,,,,,,ShowDailyK_ChartFlow,FinMind_API_TaiwanStockPrice_6125,True,2026-10-05T23:38:42,2026-10-05T23:38:42,2026-10-05T23:38:42
6125,廣運,2022-11-09,25.15,0.29999999999999716,1.21%,,,,,,,,,ShowDailyK_ChartFlow,FinMind_API_TaiwanStockPrice_6125,True,2026-10-05T23:38:42,2026-10-05T23:38:42,2026-10-05T23:38:42
6125,廣運,2022-11-10,25.25,0.10000000000000142,0.40%,,,,,,,,,ShowDailyK_ChartFlow,FinMind_API_TaiwanStockPrice_6125,True,2026-10-05T23:38:42,2026-10-05T23:38:42,2026-10-05T23:38:42
6125,廣運,2022-11-11,25.0,-0.25,-0.99%,,,,,,,,,ShowDailyK_ChartFlow,FinMind_API_TaiwanStockPrice_6125,True,2026-10-05T23:38:42,2026-10-05T23:38:42,2026-10-05T23:38:42
6125,廣運,2022-11-14,25.05,0.05000000000000071,0.20%,,,,,,,,,ShowDailyK_ChartFlow,FinMind_API_TaiwanStockPrice_6125,True,2026-10-05T23:38:42,2026-10-05T23:38:42,2026-10-05T23:38:42
6125,廣運,2022-11-15,25.5,0.4499999999999993,1.80%,,,,,,,,,ShowDailyK_ChartFlow,FinMind_API_TaiwanStockPrice_6125,True,2026-10-05T23:38:42,2026-10-05T23:38:42,2026-10-05T23:38:42
6125,廣運,2022-11-16,25.05,-0.4499999999999993,-1.76%,,,,,,,,,ShowDailyK_ChartFlow,FinMind_API_TaiwanStockPrice_6125,True,2026-10-05T23:38:42,2026-10-05T23:38:42,2026-10-05T23:38:42
6125,廣運,2022-11-17,25.65,0.5999999999999979,2.40%,,,,,,,,,ShowDailyK_ChartFlow,FinMind_API_TaiwanStockPrice_6125,True,2026-10-05T23:38:42,2026-10-05T23:38:42,2026-10-05T23:38:42
6125,廣運,2022-11-18,25.9,0.25,0.97%,,,,,,,,,ShowDailyK_ChartFlow,FinMind_API_TaiwanStockPrice_6125,True,2026-10-05T23:38:42,2026-10-05T23:38:42,2026-10-05T23:38:42
6125,廣運,2022-11-21,25.35,-0.5499999999999972,-2.12%,,,,,,,,,ShowDailyK_ChartFlow,FinMind_API_TaiwanStockPrice_6125,True,2026-10-05T23:38:42,2026-10-05T23:38:42,2026-10-05T23:38:42
6125,廣運,2022-11-22,25.0,-0.3500000000000014,-1.38%,,,,,,,,,ShowDailyK_ChartFlow,FinMind_API_TaiwanStockPrice_6125,True,2026-10-05T23:38:42,2026-10-05T23:38:42,2026-10-05T23:38:42
6125,廣運,2022-11-23,25.55,0.5500000000000007,2.20%,,,,,,,,,ShowDailyK_ChartFlow,FinMind_API_TaiwanStockPrice_6125,True,2026-10-05T23:38:42,2026-10-05T23:38:42,2026-10-05T23:38:42
6125,廣運,2022-11-24,25.35,-0.1999999999999993,-0.78%,,,,,,,,,ShowDailyK_ChartFlow,FinMind_API_TaiwanStockPrice_6125,True,2026-10-05T23:38:42,2026-10-05T23:38:42,2026-10-05T23:38:42
6125,廣運,2022-11-25,25.3,-0.05000000000000071,-0.20%,,,,,,,,,ShowDailyK_ChartFlow,FinMind_API_TaiwanStockPrice_6125,True,2026-10-05T23:38:42,2026-10-05T23:38:42,2026-10-05T23:38:42
6125,廣運,2022-11-28,25.5,0.1999999999999993,0.79%,,,,,,,,,ShowDailyK_ChartFlow,FinMind_API_TaiwanStockPrice_6125,True,2026-10-05T23:38:42,2026-10-05T23:38:42,2026-10-05T23:38:42
6125,廣運,2022-11-29,25.55,0.05000000000000071,0.20%,,,,,,,,,ShowDailyK_ChartFlow,FinMind_API_TaiwanStockPrice_6125,True,2026-10-05T23:38:42,2026-10-05T23:38:42,2026-10-05T23:38:42
6125,廣運,2022-11-30,25.95,0.3999999999999986,1.57%,,,,,,,,,ShowDailyK_ChartFlow,FinMind_API_TaiwanStockPrice_6125,True,2026-10-05T23:38:42,2026-10-05T23:38:42,2026-10-05T23:38:42
6125,廣運,2022-12-01,26.15,0.1999999999999993,0.77%,,,,,,,,,ShowDailyK_ChartFlow,FinMind_API_TaiwanStockPrice_6125,True,2026-10-05T23:38:42,2026-10-05T23:38:42,2026-10-05T23:38:42
6125,廣運,2022-12-02,26.65,0.5,1.91%,,,,,,,,,ShowDailyK_ChartFlow,FinMind_API_TaiwanStockPrice_6125,True,2026-10-05T23:38:42,2026-10-05T23:38:42,2026-10-05T23:38:42
6125,廣運,2022-12-05,27.35,0.7000000000000028,2.63%,,,,,,,,,ShowDailyK_ChartFlow,FinMind_API_TaiwanStockPrice_6125,True,2026-10-05T23:38:42,2026-10-05T23:38:42,2026-10-05T23:38:42
6125,廣運,2022-12-06,26.95,-0.40000000000000213,-1.46%,,,,,,,,,ShowDailyK_ChartFlow,FinMind_API_TaiwanStockPrice_6125,True,2026-10-05T23:38:42,2026-10-05T23:38:42,2026-10-05T23:38:42
6125,廣運,2022-12-07,26.0,-0.9499999999999993,-3.53%,,,,,,,,,ShowDailyK_ChartFlow,FinMind_API_TaiwanStockPrice_6125,True,2026-10-05T23:38:42,2026-10-05T23:38:42,2026-10-05T23:38:42
6125,廣運,2022-12-08,26.35,0.3500000000000014,1.35%,,,,,,,,,ShowDailyK_ChartFlow,FinMind_API_TaiwanStockPrice_6125,True,2026-10-05T23:38:42,2026-10-05T23:38:42,2026-10-05T23:38:42
6125,廣運,2022-12-09,26.7,0.34999999999999787,1.33%,,,,,,,,,ShowDailyK_ChartFlow,FinMind_API_TaiwanStockPrice_6125,True,2026-10-05T23:38:42,2026-10-05T23:38:42,2026-10-05T23:38:42
6125,廣運,2022-12-12,26.3,-0.3999999999999986,-1.50%,,,,,,,,,ShowDailyK_ChartFlow,FinMind_API_TaiwanStockPrice_6125,True,2026-10-05T23:38:42,2026-10-05T23:38:42,2026-10-05T23:38:42
6125,廣運,2022-12-13,26.45,0.14999999999999858,0.57%,,,,,,,,,ShowDailyK_ChartFlow,FinMind_API_TaiwanStockPrice_6125,True,2026-10-05T23:38:42,2026-10-05T23:38:42,2026-10-05T23:38:42
6125,廣運,2022-12-14,26.9,0.4499999999999993,1.70%,,,,,,,,,ShowDailyK_ChartFlow,FinMind_API_TaiwanStockPrice_6125,True,2026-10-05T23:38:42,2026-10-05T23:38:42,2026-10-05T23:38:42
6125,廣運,2022-12-15,26.8,-0.09999999999999787,-0.37%,,,,,,,,,ShowDailyK_ChartFlow,FinMind_API_TaiwanStockPrice_6125,True,2026-10-05T23:38:42,2026-10-05T23:38:42,2026-10-05T23:38:42
6125,廣運,2022-12-16,26.3,-0.5,-1.87%,,,,,,,,,ShowDailyK_ChartFlow,FinMind_API_TaiwanStockPrice_6125,True,2026-10-05T23:38:42,2026-10-05T23:38:42,2026-10-05T23:38:42
6125,廣運,2022-12-19,25.95,-0.3500000000000014,-1.33%,,,,,,,,,ShowDailyK_ChartFlow,FinMind_API_TaiwanStockPrice_6125,True,2026-10-05T23:38:42,2026-10-05T23:38:42,2026-10-05T23:38:42
6125,廣運,2022-12-20,24.95,-1.0,-3.85%,,,,,,,,,ShowDailyK_ChartFlow,FinMind_API_TaiwanStockPrice_6125,True,2026-10-05T23:38:42,2026-10-05T23:38:42,2026-10-05T23:38:42
6125,廣運,2022-12-21,25.05,0.10000000000000142,0.40%,,,,,,,,,ShowDailyK_ChartFlow,FinMind_API_TaiwanStockPrice_6125,True,2026-10-05T23:38:42,2026-10-05T23:38:42,2026-10-05T23:38:42
6125,廣運,2022-12-22,25.25,0.1999999999999993,0.80%,,,,,,,,,ShowDailyK_ChartFlow,FinMind_API_TaiwanStockPrice_6125,True,2026-10-05T23:38:42,2026-10-05T23:38:42,2026-10-05T23:38:42
6125,廣運,2022-12-23,25.45,0.1999999999999993,0.79%,,,,,,,,,ShowDailyK_ChartFlow,FinMind_API_TaiwanStockPrice_6125,True,2026-10-05T23:38:42,2026-10-05T23:38:42,2026-10-05T23:38:42
6125,廣運,2022-12-26,26.2,0.75,2.95%,,,,,,,,,ShowDailyK_ChartFlow,FinMind_API_TaiwanStockPrice_6125,True,2026-10-05T23:38:42,2026-10-05T23:38:42,2026-10-05T23:38:42
6125,廣運,2022-12-27,26.05,-0.14999999999999858,-0.57%,,,,,,,,,ShowDailyK_ChartFlow,FinMind_API_TaiwanStockPrice_6125,True,2026-10-05T23:38:42,2026-10-05T23:38:42,2026-10-05T23:38:42
6125,廣運,2022-12-28,25.5,-0.5500000000000007,-2.11%,,,,,,,,,ShowDailyK_ChartFlow,FinMind_API_TaiwanStockPrice_6125,True,2026-10-05T23:38:42,2026-10-05T23:38:42,2026-10-05T23:38:42
6125,廣運,2022-12-29,25.65,0.14999999999999858,0.59%,,,,,,,,,ShowDailyK_ChartFlow,FinMind_API_TaiwanStockPrice_6125,True,2026-10-05T23:38:42,2026-10-05T23:38:42,2026-10-05T23:38:42
6125,廣運,2022-12-30,25.4,-0.25,-0.97%,,,,,,,,,ShowDailyK_ChartFlow,FinMind_API_TaiwanStockPrice_6125,True,2026-10-05T23:38:42,2026-10-05T23:38:42,2026-10-05T23:38:42
6125,廣運,2023-01-03,25.4,0.0,0.00%,,,,,,,,,ShowDailyK_ChartFlow,FinMind_API_TaiwanStockPrice_6125,True,2026-10-05T23:38:42,2026-10-05T23:38:42,2026-10-05T23:38:42
6125,廣運,2023-01-04,25.6,0.20000000000000284,0.79%,,,,,,,,,ShowDailyK_ChartFlow,FinMind_API_TaiwanStockPrice_6125,True,2026-10-05T23:38:42,2026-10-05T23:38:42,2026-10-05T23:38:42
6125,廣運,2023-01-05,25.5,-0.10000000000000142,-0.39%,,,,,,,,,ShowDailyK_ChartFlow,FinMind_API_TaiwanStockPrice_6125,True,2026-10-05T23:38:42,2026-10-05T23:38:42,2026-10-05T23:38:42
6125,廣運,2023-01-06,25.6,0.10000000000000142,0.39%,,,,,,,,,ShowDailyK_ChartFlow,FinMind_API_TaiwanStockPrice_6125,True,2026-10-05T23:38:42,2026-10-05T23:38:42,2026-10-05T23:38:42
6125,廣運,2023-01-09,25.85,0.25,0.98%,,,,,,,,,ShowDailyK_ChartFlow,FinMind_API_TaiwanStockPrice_6125,True,2026-10-05T23:38:42,2026-10-05T23:38:42,2026-10-05T23:38:42
6125,廣運,2023-01-10,25.6,-0.25,-0.97%,,,,,,,,,ShowDailyK_ChartFlow,FinMind_API_TaiwanStockPrice_6125,True,2026-10-05T23:38:42,2026-10-05T23:38:42,2026-10-05T23:38:42
6125,廣運,2023-01-11,25.65,0.04999999999999716,0.20%,,,,,,,,,ShowDailyK_ChartFlow,FinMind_API_TaiwanStockPrice_6125,True,2026-10-05T23:38:42,2026-10-05T23:38:42,2026-10-05T23:38:42
6125,廣運,2023-01-12,25.5,-0.14999999999999858,-0.58%,,,,,,,,,ShowDailyK_ChartFlow,FinMind_API_TaiwanStockPrice_6125,True,2026-10-05T23:38:42,2026-10-05T23:38:42,2026-10-05T23:38:42
6125,廣運,2023-01-13,25.15,-0.3500000000000014,-1.37%,,,,,,,,,ShowDailyK_ChartFlow,FinMind_API_TaiwanStockPrice_6125,True,2026-10-05T23:38:42,2026-10-05T23:38:42,2026-10-05T23:38:42
6125,廣運,2023-01-16,25.15,0.0,0.00%,,,,,,,,,ShowDailyK_ChartFlow,FinMind_API_TaiwanStockPrice_6125,True,2026-10-05T23:38:42,2026-10-05T23:38:42,2026-10-05T23:38:42
6125,廣運,2023-01-17,25.15,0.0,0.00%,,,,,,,,,ShowDailyK_ChartFlow,FinMind_API_TaiwanStockPrice_6125,True,2026-10-05T23:38:42,2026-10-05T23:38:42,2026-10-05T23:38:42
6125,廣運,2023-01-30,25.9,0.75,2.98%,,,,,,,,,ShowDailyK_ChartFlow,FinMind_API_TaiwanStockPrice_6125,True,2026-10-05T23:38:42,2026-10-05T23:38:42,2026-10-05T23:38:42
6125,廣運,2023-01-31,26.6,0.7000000000000028,2.70%,,,,,,,,,ShowDailyK_ChartFlow,FinMind_API_TaiwanStockPrice_6125,True,2026-10-05T23:38:42,2026-10-05T23:38:42,2026-10-05T23:38:42
6125,廣運,2023-02-01,26.5,-0.10000000000000142,-0.38%,,,,,,,,,ShowDailyK_ChartFlow,FinMind_API_TaiwanStockPrice_6125,True,2026-10-05T23:38:42,2026-10-05T23:38:42,2026-10-05T23:38:42
6125,廣運,2023-02-02,26.6,0.10000000000000142,0.38%,,,,,,,,,ShowDailyK_ChartFlow,FinMind_API_TaiwanStockPrice_6125,True,2026-10-05T23:38:42,2026-10-05T23:38:42,2026-10-05T23:38:42
6125,廣運,2023-02-03,26.4,-0.20000000000000284,-0.75%,,,,,,,,,ShowDailyK_ChartFlow,FinMind_API_TaiwanStockPrice_6125,True,2026-10-05T23:38:42,2026-10-05T23:38:42,2026-10-05T23:38:42
6125,廣運,2023-02-06,26.45,0.05000000000000071,0.19%,,,,,,,,,ShowDailyK_ChartFlow,FinMind_API_TaiwanStockPrice_6125,True,2026-10-05T23:38:42,2026-10-05T23:38:42,2026-10-05T23:38:42
6125,廣運,2023-02-07,26.5,0.05000000000000071,0.19%,,,,,,,,,ShowDailyK_ChartFlow,FinMind_API_TaiwanStockPrice_6125,True,2026-10-05T23:38:42,2026-10-05T23:38:42,2026-10-05T23:38:42
6125,廣運,2023-02-08,26.8,0.3000000000000007,1.13%,,,,,,,,,ShowDailyK_ChartFlow,FinMind_API_TaiwanStockPrice_6125,True,2026-10-05T23:38:42,2026-10-05T23:38:42,2026-10-05T23:38:42
6125,廣運,2023-02-09,27.15,0.34999999999999787,1.31%,,,,,,,,,ShowDailyK_ChartFlow,FinMind_API_TaiwanStockPrice_6125,True,2026-10-05T23:38:42,2026-10-05T23:38:42,2026-10-05T23:38:42
6125,廣運,2023-02-10,26.25,-0.8999999999999986,-3.31%,,,,,,,,,ShowDailyK_ChartFlow,FinMind_API_TaiwanStockPrice_6125,True,2026-10-05T23:38:42,2026-10-05T23:38:42,2026-10-05T23:38:42
6125,廣運,2023-02-13,26.35,0.10000000000000142,0.38%,,,,,,,,,ShowDailyK_ChartFlow,FinMind_API_TaiwanStockPrice_6125,True,2026-10-05T23:38:42,2026-10-05T23:38:42,2026-10-05T23:38:42
6125,廣運,2023-02-14,26.45,0.09999999999999787,0.38%,,,,,,,,,ShowDailyK_ChartFlow,FinMind_API_TaiwanStockPrice_6125,True,2026-10-05T23:38:42,2026-10-05T23:38:42,2026-10-05T23:38:42
6125,廣運,2023-02-15,26.55,0.10000000000000142,0.38%,,,,,,,,,ShowDailyK_ChartFlow,FinMind_API_TaiwanStockPrice_6125,True,2026-10-05T23:38:42,2026-10-05T23:38:42,2026-10-05T23:38:42
6125,廣運,2023-02-16,26.9,0.34999999999999787,1.32%,,,,,,,,,ShowDailyK_ChartFlow,FinMind_API_TaiwanStockPrice_6125,True,2026-10-05T23:38:42,2026-10-05T23:38:42,2026-10-05T23:38:42
6125,廣運,2023-02-17,27.1,0.20000000000000284,0.74%,,,,,,,,,ShowDailyK_ChartFlow,FinMind_API_TaiwanStockPrice_6125,True,2026-10-05T23:38:42,2026-10-05T23:38:42,2026-10-05T23:38:42
6125,廣運,2023-02-20,27.65,0.5499999999999972,2.03%,,,,,,,,,ShowDailyK_ChartFlow,FinMind_API_TaiwanStockPrice_6125,True,2026-10-05T23:38:42,2026-10-05T23:38:42,2026-10-05T23:38:42
6125,廣運,2023-02-21,27.35,-0.29999999999999716,-1.08%,,,,,,,,,ShowDailyK_ChartFlow,FinMind_API_TaiwanStockPrice_6125,True,2026-10-05T23:38:42,2026-10-05T23:38:42,2026-10-05T23:38:42
6125,廣運,2023-02-22,27.75,0.3999999999999986,1.46%,,,,,,,,,ShowDailyK_ChartFlow,FinMind_API_TaiwanStockPrice_6125,True,2026-10-05T23:38:42,2026-10-05T23:38:42,2026-10-05T23:38:42
6125,廣運,2023-02-23,27.7,-0.05000000000000071,-0.18%,,,,,,,,,ShowDailyK_ChartFlow,FinMind_API_TaiwanStockPrice_6125,True,2026-10-05T23:38:42,2026-10-05T23:38:42,2026-10-05T23:38:42
6125,廣運,2023-02-24,27.8,0.10000000000000142,0.36%,,,,,,,,,ShowDailyK_ChartFlow,FinMind_API_TaiwanStockPrice_6125,True,2026-10-05T23:38:42,2026-10-05T23:38:42,2026-10-05T23:38:42
6125,廣運,2023-03-01,27.65,-0.15000000000000213,-0.54%,,,,,,,,,ShowDailyK_ChartFlow,FinMind_API_TaiwanStockPrice_6125,True,2026-10-05T23:38:42,2026-10-05T23:38:42,2026-10-05T23:38:42
6125,廣運,2023-03-02,27.8,0.15000000000000213,0.54%,,,,,,,,,ShowDailyK_ChartFlow,FinMind_API_TaiwanStockPrice_6125,True,2026-10-05T23:38:42,2026-10-05T23:38:42,2026-10-05T23:38:42
6125,廣運,2023-03-03,27.55,-0.25,-0.90%,,,,,,,,,ShowDailyK_ChartFlow,FinMind_API_TaiwanStockPrice_6125,True,2026-10-05T23:38:42,2026-10-05T23:38:42,2026-10-05T23:38:42
6125,廣運,2023-03-06,27.7,0.14999999999999858,0.54%,,,,,,,,,ShowDailyK_ChartFlow,FinMind_API_TaiwanStockPrice_6125,True,2026-10-05T23:38:42,2026-10-05T23:38:42,2026-10-05T23:38:42
6125,廣運,2023-03-07,28.0,0.3000000000000007,1.08%,,,,,,,,,ShowDailyK_ChartFlow,FinMind_API_TaiwanStockPrice_6125,True,2026-10-05T23:38:42,2026-10-05T23:38:42,2026-10-05T23:38:42
6125,廣運,2023-03-08,28.7,0.6999999999999993,2.50%,,,,,,,,,ShowDailyK_ChartFlow,FinMind_API_TaiwanStockPrice_6125,True,2026-10-05T23:38:42,2026-10-05T23:38:42,2026-10-05T23:38:42
6125,廣運,2023-03-09,28.6,-0.09999999999999787,-0.35%,,,,,,,,,ShowDailyK_ChartFlow,FinMind_API_TaiwanStockPrice_6125,True,2026-10-05T23:38:42,2026-10-05T23:38:42,2026-10-05T23:38:42
6125,廣運,2023-03-10,27.75,-0.8500000000000014,-2.97%,,,,,,,,,ShowDailyK_ChartFlow,FinMind_API_TaiwanStockPrice_6125,True,2026-10-05T23:38:42,2026-10-05T23:38:42,2026-10-05T23:38:42
6125,廣運,2023-03-13,27.65,-0.10000000000000142,-0.36%,,,,,,,,,ShowDailyK_ChartFlow,FinMind_API_TaiwanStockPrice_6125,True,2026-10-05T23:38:42,2026-10-05T23:38:42,2026-10-05T23:38:42
6125,廣運,2023-03-14,28.05,0.40000000000000213,1.45%,,,,,,,,,ShowDailyK_ChartFlow,FinMind_API_TaiwanStockPrice_6125,True,2026-10-05T23:38:42,2026-10-05T23:38:42,2026-10-05T23:38:42
6125,廣運,2023-03-15,29.35,1.3000000000000007,4.63%,,,,,,,,,ShowDailyK_ChartFlow,FinMind_API_TaiwanStockPrice_6125,True,2026-10-05T23:38:42,2026-10-05T23:38:42,2026-10-05T23:38:42
6125,廣運,2023-03-16,28.3,-1.0500000000000007,-3.58%,,,,,,,,,ShowDailyK_ChartFlow,FinMind_API_TaiwanStockPrice_6125,True,2026-10-05T23:38:42,2026-10-05T23:38:42,2026-10-05T23:38:42
6125,廣運,2023-03-17,29.1,0.8000000000000007,2.83%,,,,,,,,,ShowDailyK_ChartFlow,FinMind_API_TaiwanStockPrice_6125,True,2026-10-05T23:38:42,2026-10-05T23:38:42,2026-10-05T23:38:42
6125,廣運,2023-03-20,29.45,0.34999999999999787,1.20%,,,,,,,,,ShowDailyK_ChartFlow,FinMind_API_TaiwanStockPrice_6125,True,2026-10-05T23:38:42,2026-10-05T23:38:42,2026-10-05T23:38:42
6125,廣運,2023-03-21,29.5,0.05000000000000071,0.17%,,,,,,,,,ShowDailyK_ChartFlow,FinMind_API_TaiwanStockPrice_6125,True,2026-10-05T23:38:42,2026-10-05T23:38:42,2026-10-05T23:38:42
6125,廣運,2023-03-22,29.35,-0.14999999999999858,-0.51%,,,,,,,,,ShowDailyK_ChartFlow,FinMind_API_TaiwanStockPrice_6125,True,2026-10-05T23:38:42,2026-10-05T23:38:42,2026-10-05T23:38:42
6125,廣運,2023-03-23,29.35,0.0,0.00%,,,,,,,,,ShowDailyK_ChartFlow,FinMind_API_TaiwanStockPrice_6125,True,2026-10-05T23:38:42,2026-10-05T23:38:42,2026-10-05T23:38:42
6125,廣運,2023-03-24,29.15,-0.20000000000000284,-0.68%,,,,,,,,,ShowDailyK_ChartFlow,FinMind_API_TaiwanStockPrice_6125,True,2026-10-05T23:38:42,2026-10-05T23:38:42,2026-10-05T23:38:42
6125,廣運,2023-03-27,29.3,0.15000000000000213,0.51%,,,,,,,,,ShowDailyK_ChartFlow,FinMind_API_TaiwanStockPrice_6125,True,2026-10-05T23:38:42,2026-10-05T23:38:42,2026-10-05T23:38:42
6125,廣運,2023-03-28,28.65,-0.6500000000000021,-2.22%,,,,,,,,,ShowDailyK_ChartFlow,FinMind_API_TaiwanStockPrice_6125,True,2026-10-05T23:38:42,2026-10-05T23:38:42,2026-10-05T23:38:42
6125,廣運,2023-03-29,28.65,0.0,0.00%,,,,,,,,,ShowDailyK_ChartFlow,FinMind_API_TaiwanStockPrice_6125,True,2026-10-05T23:38:42,2026-10-05T23:38:42,2026-10-05T23:38:42
6125,廣運,2023-03-30,29.5,0.8500000000000014,2.97%,,,,,,,,,ShowDailyK_ChartFlow,FinMind_API_TaiwanStockPrice_6125,True,2026-10-05T23:38:42,2026-10-05T23:38:42,2026-10-05T23:38:42
6125,廣運,2023-03-31,29.05,-0.4499999999999993,-1.53%,,,,,,,,,ShowDailyK_ChartFlow,FinMind_API_TaiwanStockPrice_6125,True,2026-10-05T23:38:42,2026-10-05T23:38:42,2026-10-05T23:38:42
6125,廣運,2023-04-06,29.3,0.25,0.86%,,,,,,,,,ShowDailyK_ChartFlow,FinMind_API_TaiwanStockPrice_6125,True,2026-10-05T23:38:42,2026-10-05T23:38:42,2026-10-05T23:38:42
6125,廣運,2023-04-07,29.9,0.5999999999999979,2.05%,,,,,,,,,ShowDailyK_ChartFlow,FinMind_API_TaiwanStockPrice_6125,True,2026-10-05T23:38:42,2026-10-05T23:38:42,2026-10-05T23:38:42
6125,廣運,2023-04-10,30.7,0.8000000000000007,2.68%,,,,,,,,,ShowDailyK_ChartFlow,FinMind_API_TaiwanStockPrice_6125,True,2026-10-05T23:38:42,2026-10-05T23:38:42,2026-10-05T23:38:42
6125,廣運,2023-04-11,30.2,-0.5,-1.63%,,,,,,,,,ShowDailyK_ChartFlow,FinMind_API_TaiwanStockPrice_6125,True,2026-10-05T23:38:42,2026-10-05T23:38:42,2026-10-05T23:38:42
6125,廣運,2023-04-12,30.4,0.1999999999999993,0.66%,,,,,,,,,ShowDailyK_ChartFlow,FinMind_API_TaiwanStockPrice_6125,True,2026-10-05T23:38:42,2026-10-05T23:38:42,2026-10-05T23:38:42
6125,廣運,2023-04-13,31.2,0.8000000000000007,2.63%,,,,,,,,,ShowDailyK_ChartFlow,FinMind_API_TaiwanStockPrice_6125,True,2026-10-05T23:38:42,2026-10-05T23:38:42,2026-10-05T23:38:42
6125,廣運,2023-04-14,31.2,0.0,0.00%,,,,,,,,,ShowDailyK_ChartFlow,FinMind_API_TaiwanStockPrice_6125,True,2026-10-05T23:38:42,2026-10-05T23:38:42,2026-10-05T23:38:42
6125,廣運,2023-04-17,31.5,0.3000000000000007,0.96%,,,,,,,,,ShowDailyK_ChartFlow,FinMind_API_TaiwanStockPrice_6125,True,2026-10-05T23:38:42,2026-10-05T23:38:42,2026-10-05T23:38:42
6125,廣運,2023-04-18,31.5,0.0,0.00%,,,,,,,,,ShowDailyK_ChartFlow,FinMind_API_TaiwanStockPrice_6125,True,2026-10-05T23:38:42,2026-10-05T23:38:42,2026-10-05T23:38:42
6125,廣運,2023-04-19,32.05,0.5499999999999972,1.75%,,,,,,,,,ShowDailyK_ChartFlow,FinMind_API_TaiwanStockPrice_6125,True,2026-10-05T23:38:42,2026-10-05T23:38:42,2026-10-05T23:38:42
6125,廣運,2023-04-20,31.1,-0.9499999999999957,-2.96%,,,,,,,,,ShowDailyK_ChartFlow,FinMind_API_TaiwanStockPrice_6125,True,2026-10-05T23:38:42,2026-10-05T23:38:42,2026-10-05T23:38:42
6125,廣運,2023-04-21,31.35,0.25,0.80%,,,,,,,,,ShowDailyK_ChartFlow,FinMind_API_TaiwanStockPrice_6125,True,2026-10-05T23:38:42,2026-10-05T23:38:42,2026-10-05T23:38:42
6125,廣運,2023-04-24,31.35,0.0,0.00%,,,,,,,,,ShowDailyK_ChartFlow,FinMind_API_TaiwanStockPrice_6125,True,2026-10-05T23:38:42,2026-10-05T23:38:42,2026-10-05T23:38:42
6125,廣運,2023-04-25,30.9,-0.45000000000000284,-1.44%,,,,,,,,,ShowDailyK_ChartFlow,FinMind_API_TaiwanStockPrice_6125,True,2026-10-05T23:38:42,2026-10-05T23:38:42,2026-10-05T23:38:42
6125,廣運,2023-04-26,30.9,0.0,0.00%,,,,,,,,,ShowDailyK_ChartFlow,FinMind_API_TaiwanStockPrice_6125,True,2026-10-05T23:38:42,2026-10-05T23:38:42,2026-10-05T23:38:42
6125,廣運,2023-04-27,31.2,0.3000000000000007,0.97%,,,,,,,,,ShowDailyK_ChartFlow,FinMind_API_TaiwanStockPrice_6125,True,2026-10-05T23:38:42,2026-10-05T23:38:42,2026-10-05T23:38:42
6125,廣運,2023-04-28,31.7,0.5,1.60%,,,,,,,,,ShowDailyK_ChartFlow,FinMind_API_TaiwanStockPrice_6125,True,2026-10-05T23:38:42,2026-10-05T23:38:42,2026-10-05T23:38:42
6125,廣運,2023-05-02,31.75,0.05000000000000071,0.16%,,,,,,,,,ShowDailyK_ChartFlow,FinMind_API_TaiwanStockPrice_6125,True,2026-10-05T23:38:42,2026-10-05T23:38:42,2026-10-05T23:38:42
6125,廣運,2023-05-03,31.5,-0.25,-0.79%,,,,,,,,,ShowDailyK_ChartFlow,FinMind_API_TaiwanStockPrice_6125,True,2026-10-05T23:38:42,2026-10-05T23:38:42,2026-10-05T23:38:42
6125,廣運,2023-05-04,31.85,0.3500000000000014,1.11%,,,,,,,,,ShowDailyK_ChartFlow,FinMind_API_TaiwanStockPrice_6125,True,2026-10-05T23:38:42,2026-10-05T23:38:42,2026-10-05T23:38:42
6125,廣運,2023-05-05,32.6,0.75,2.35%,,,,,,,,,ShowDailyK_ChartFlow,FinMind_API_TaiwanStockPrice_6125,True,2026-10-05T23:38:42,2026-10-05T23:38:42,2026-10-05T23:38:42
6125,廣運,2023-05-08,29.35,-3.25,-9.97%,,,,,,,,,ShowDailyK_ChartFlow,FinMind_API_TaiwanStockPrice_6125,True,2026-10-05T23:38:42,2026-10-05T23:38:42,2026-10-05T23:38:42
6125,廣運,2023-05-09,28.65,-0.7000000000000028,-2.39%,,,,,,,,,ShowDailyK_ChartFlow,FinMind_API_TaiwanStockPrice_6125,True,2026-10-05T23:38:42,2026-10-05T23:38:42,2026-10-05T23:38:42
6125,廣運,2023-05-10,29.2,0.5500000000000007,1.92%,,,,,,,,,ShowDailyK_ChartFlow,FinMind_API_TaiwanStockPrice_6125,True,2026-10-05T23:38:42,2026-10-05T23:38:42,2026-10-05T23:38:42
6125,廣運,2023-05-11,28.3,-0.8999999999999986,-3.08%,,,,,,,,,ShowDailyK_ChartFlow,FinMind_API_TaiwanStockPrice_6125,True,2026-10-05T23:38:42,2026-10-05T23:38:42,2026-10-05T23:38:42
6125,廣運,2023-05-12,28.6,0.3000000000000007,1.06%,,,,,,,,,ShowDailyK_ChartFlow,FinMind_API_TaiwanStockPrice_6125,True,2026-10-05T23:38:42,2026-10-05T23:38:42,2026-10-05T23:38:42
6125,廣運,2023-05-15,28.25,-0.3500000000000014,-1.22%,,,,,,,,,ShowDailyK_ChartFlow,FinMind_API_TaiwanStockPrice_6125,True,2026-10-05T23:38:42,2026-10-05T23:38:42,2026-10-05T23:38:42
6125,廣運,2023-05-16,28.7,0.4499999999999993,1.59%,,,,,,,,,ShowDailyK_ChartFlow,FinMind_API_TaiwanStockPrice_6125,True,2026-10-05T23:38:42,2026-10-05T23:38:42,2026-10-05T23:38:42
6125,廣運,2023-05-17,29.3,0.6000000000000014,2.09%,,,,,,,,,ShowDailyK_ChartFlow,FinMind_API_TaiwanStockPrice_6125,True,2026-10-05T23:38:42,2026-10-05T23:38:42,2026-10-05T23:38:42
6125,廣運,2023-05-18,29.4,0.09999999999999787,0.34%,,,,,,,,,ShowDailyK_ChartFlow,FinMind_API_TaiwanStockPrice_6125,True,2026-10-05T23:38:42,2026-10-05T23:38:42,2026-10-05T23:38:42
6125,廣運,2023-05-19,29.5,0.10000000000000142,0.34%,,,,,,,,,ShowDailyK_ChartFlow,FinMind_API_TaiwanStockPrice_6125,True,2026-10-05T23:38:42,2026-10-05T23:38:42,2026-10-05T23:38:42
6125,廣運,2023-05-22,30.1,0.6000000000000014,2.03%,,,,,,,,,ShowDailyK_ChartFlow,FinMind_API_TaiwanStockPrice_6125,True,2026-10-05T23:38:42,2026-10-05T23:38:42,2026-10-05T23:38:42
6125,廣運,2023-05-23,30.95,0.8499999999999979,2.82%,,,,,,,,,ShowDailyK_ChartFlow,FinMind_API_TaiwanStockPrice_6125,True,2026-10-05T23:38:42,2026-10-05T23:38:42,2026-10-05T23:38:42
6125,廣運,2023-05-24,31.35,0.40000000000000213,1.29%,,,,,,,,,ShowDailyK_ChartFlow,FinMind_API_TaiwanStockPrice_6125,True,2026-10-05T23:38:42,2026-10-05T23:38:42,2026-10-05T23:38:42
6125,廣運,2023-05-25,32.65,1.2999999999999972,4.15%,,,,,,,,,ShowDailyK_ChartFlow,FinMind_API_TaiwanStockPrice_6125,True,2026-10-05T23:38:42,2026-10-05T23:38:42,2026-10-05T23:38:42
6125,廣運,2023-05-26,32.05,-0.6000000000000014,-1.84%,,,,,,,,,ShowDailyK_ChartFlow,FinMind_API_TaiwanStockPrice_6125,True,2026-10-05T23:38:42,2026-10-05T23:38:42,2026-10-05T23:38:42
6125,廣運,2023-05-29,35.1,3.0500000000000043,9.52%,,,,,,,,,ShowDailyK_ChartFlow,FinMind_API_TaiwanStockPrice_6125,True,2026-10-05T23:38:42,2026-10-05T23:38:42,2026-10-05T23:38:42
6125,廣運,2023-05-30,34.6,-0.5,-1.42%,,,,,,,,,ShowDailyK_ChartFlow,FinMind_API_TaiwanStockPrice_6125,True,2026-10-05T23:38:42,2026-10-05T23:38:42,2026-10-05T23:38:42
6125,廣運,2023-05-31,34.5,-0.10000000000000142,-0.29%,,,,,,,,,ShowDailyK_ChartFlow,FinMind_API_TaiwanStockPrice_6125,True,2026-10-05T23:38:42,2026-10-05T23:38:42,2026-10-05T23:38:42
6125,廣運,2023-06-01,34.35,-0.14999999999999858,-0.43%,,,,,,,,,ShowDailyK_ChartFlow,FinMind_API_TaiwanStockPrice_6125,True,2026-10-05T23:38:42,2026-10-05T23:38:42,2026-10-05T23:38:42
6125,廣運,2023-06-02,37.75,3.3999999999999986,9.90%,,,,,,,,,ShowDailyK_ChartFlow,FinMind_API_TaiwanStockPrice_6125,True,2026-10-05T23:38:42,2026-10-05T23:38:42,2026-10-05T23:38:42
6125,廣運,2023-06-05,41.5,3.75,9.93%,,,,,,,,,ShowDailyK_ChartFlow,FinMind_API_TaiwanStockPrice_6125,True,2026-10-05T23:38:42,2026-10-05T23:38:42,2026-10-05T23:38:42
6125,廣運,2023-06-06,41.6,0.10000000000000142,0.24%,,,,,,,,,ShowDailyK_ChartFlow,FinMind_API_TaiwanStockPrice_6125,True,2026-10-05T23:38:42,2026-10-05T23:38:42,2026-10-05T23:38:42
6125,廣運,2023-06-07,42.2,0.6000000000000014,1.44%,,,,,,,,,ShowDailyK_ChartFlow,FinMind_API_TaiwanStockPrice_6125,True,2026-10-05T23:38:42,2026-10-05T23:38:42,2026-10-05T23:38:42
6125,廣運,2023-06-08,42.3,0.09999999999999432,0.24%,,,,,,,,,ShowDailyK_ChartFlow,FinMind_API_TaiwanStockPrice_6125,True,2026-10-05T23:38:42,2026-10-05T23:38:42,2026-10-05T23:38:42
6125,廣運,2023-06-09,44.7,2.4000000000000057,5.67%,,,,,,,,,ShowDailyK_ChartFlow,FinMind_API_TaiwanStockPrice_6125,True,2026-10-05T23:38:42,2026-10-05T23:38:42,2026-10-05T23:38:42
6125,廣運,2023-06-12,42.75,-1.9500000000000028,-4.36%,,,,,,,,,ShowDailyK_ChartFlow,FinMind_API_TaiwanStockPrice_6125,True,2026-10-05T23:38:42,2026-10-05T23:38:42,2026-10-05T23:38:42
6125,廣運,2023-06-13,45.3,2.549999999999997,5.96%,,,,,,,,,ShowDailyK_ChartFlow,FinMind_API_TaiwanStockPrice_6125,True,2026-10-05T23:38:42,2026-10-05T23:38:42,2026-10-05T23:38:42
6125,廣運,2023-06-14,46.0,0.7000000000000028,1.55%,,,,,,,,,ShowDailyK_ChartFlow,FinMind_API_TaiwanStockPrice_6125,True,2026-10-05T23:38:42,2026-10-05T23:38:42,2026-10-05T23:38:42
6125,廣運,2023-06-15,46.05,0.04999999999999716,0.11%,,,,,,,,,ShowDailyK_ChartFlow,FinMind_API_TaiwanStockPrice_6125,True,2026-10-05T23:38:42,2026-10-05T23:38:42,2026-10-05T23:38:42
6125,廣運,2023-06-16,47.85,1.8000000000000043,3.91%,,,,,,,,,ShowDailyK_ChartFlow,FinMind_API_TaiwanStockPrice_6125,True,2026-10-05T23:38:42,2026-10-05T23:38:42,2026-10-05T23:38:42
6125,廣運,2023-06-19,52.6,4.75,9.93%,,,,,,,,,ShowDailyK_ChartFlow,FinMind_API_TaiwanStockPrice_6125,True,2026-10-05T23:38:42,2026-10-05T23:38:42,2026-10-05T23:38:42
6125,廣運,2023-06-20,57.8,5.199999999999996,9.89%,,,,,,,,,ShowDailyK_ChartFlow,FinMind_API_TaiwanStockPrice_6125,True,2026-10-05T23:38:42,2026-10-05T23:38:42,2026-10-05T23:38:42
6125,廣運,2023-06-21,63.5,5.700000000000003,9.86%,,,,,,,,,ShowDailyK_ChartFlow,FinMind_API_TaiwanStockPrice_6125,True,2026-10-05T23:38:42,2026-10-05T23:38:42,2026-10-05T23:38:42
6125,廣運,2023-06-26,65.3,1.7999999999999972,2.83%,,,,,,,,,ShowDailyK_ChartFlow,FinMind_API_TaiwanStockPrice_6125,True,2026-10-05T23:38:42,2026-10-05T23:38:42,2026-10-05T23:38:42
6125,廣運,2023-06-27,58.8,-6.5,-9.95%,,,,,,,,,ShowDailyK_ChartFlow,FinMind_API_TaiwanStockPrice_6125,True,2026-10-05T23:38:42,2026-10-05T23:38:42,2026-10-05T23:38:42
6125,廣運,2023-06-28,62.1,3.3000000000000043,5.61%,,,,,,,,,ShowDailyK_ChartFlow,FinMind_API_TaiwanStockPrice_6125,True,2026-10-05T23:38:42,2026-10-05T23:38:42,2026-10-05T23:38:42
6125,廣運,2023-06-29,62.6,0.5,0.81%,,,,,,,,,ShowDailyK_ChartFlow,FinMind_API_TaiwanStockPrice_6125,True,2026-10-05T23:38:42,2026-10-05T23:38:42,2026-10-05T23:38:42
6125,廣運,2023-06-30,68.8,6.199999999999996,9.90%,,,,,,,,,ShowDailyK_ChartFlow,FinMind_API_TaiwanStockPrice_6125,True,2026-10-05T23:38:42,2026-10-05T23:38:42,2026-10-05T23:38:42
6125,廣運,2023-07-03,75.6,6.799999999999997,9.88%,,,,,,,,,ShowDailyK_ChartFlow,FinMind_API_TaiwanStockPrice_6125,True,2026-10-05T23:38:42,2026-10-05T23:38:42,2026-10-05T23:38:42
6125,廣運,2023-07-04,81.8,6.200000000000003,8.20%,,,,,,,,,ShowDailyK_ChartFlow,FinMind_API_TaiwanStockPrice_6125,True,2026-10-05T23:38:42,2026-10-05T23:38:42,2026-10-05T23:38:42
6125,廣運,2023-07-05,81.3,-0.5,-0.61%,,,,,,,,,ShowDailyK_ChartFlow,FinMind_API_TaiwanStockPrice_6125,True,2026-10-05T23:38:42,2026-10-05T23:38:42,2026-10-05T23:38:42
6125,廣運,2023-07-06,87.5,6.200000000000003,7.63%,,,,,,,,,ShowDailyK_ChartFlow,FinMind_API_TaiwanStockPrice_6125,True,2026-10-05T23:38:42,2026-10-05T23:38:42,2026-10-05T23:38:42
6125,廣運,2023-07-07,83.0,-4.5,-5.14%,,,,,,,,,ShowDailyK_ChartFlow,FinMind_API_TaiwanStockPrice_6125,True,2026-10-05T23:38:42,2026-10-05T23:38:42,2026-10-05T23:38:42
6125,廣運,2023-07-10,76.5,-6.5,-7.83%,,,,,,,,,ShowDailyK_ChartFlow,FinMind_API_TaiwanStockPrice_6125,True,2026-10-05T23:38:42,2026-10-05T23:38:42,2026-10-05T23:38:42
6125,廣運,2023-07-11,78.4,1.9000000000000057,2.48%,,,,,,,,,ShowDailyK_ChartFlow,FinMind_API_TaiwanStockPrice_6125,True,2026-10-05T23:38:42,2026-10-05T23:38:42,2026-10-05T23:38:42
6125,廣運,2023-07-12,76.4,-2.0,-2.55%,,,,,,,,,ShowDailyK_ChartFlow,FinMind_API_TaiwanStockPrice_6125,True,2026-10-05T23:38:42,2026-10-05T23:38:42,2026-10-05T23:38:42
6125,廣運,2023-07-13,77.0,0.5999999999999943,0.79%,,,,,,,,,ShowDailyK_ChartFlow,FinMind_API_TaiwanStockPrice_6125,True,2026-10-05T23:38:42,2026-10-05T23:38:42,2026-10-05T23:38:42
6125,廣運,2023-07-14,79.9,2.9000000000000057,3.77%,,,,,,,,,ShowDailyK_ChartFlow,FinMind_API_TaiwanStockPrice_6125,True,2026-10-05T23:38:42,2026-10-05T23:38:42,2026-10-05T23:38:42
6125,廣運,2023-07-17,83.4,3.5,4.38%,,,,,,,,,ShowDailyK_ChartFlow,FinMind_API_TaiwanStockPrice_6125,True,2026-10-05T23:38:42,2026-10-05T23:38:42,2026-10-05T23:38:42
6125,廣運,2023-07-18,81.0,-2.4000000000000057,-2.88%,,,,,,,,,ShowDailyK_ChartFlow,FinMind_API_TaiwanStockPrice_6125,True,2026-10-05T23:38:42,2026-10-05T23:38:42,2026-10-05T23:38:42
6125,廣運,2023-07-19,81.6,0.5999999999999943,0.74%,,,,,,,,,ShowDailyK_ChartFlow,FinMind_API_TaiwanStockPrice_6125,True,2026-10-05T23:38:42,2026-10-05T23:38:42,2026-10-05T23:38:42
6125,廣運,2023-07-20,89.7,8.100000000000009,9.93%,,,,,,,,,ShowDailyK_ChartFlow,FinMind_API_TaiwanStockPrice_6125,True,2026-10-05T23:38:42,2026-10-05T23:38:42,2026-10-05T23:38:42
6125,廣運,2023-07-21,96.4,6.700000000000003,7.47%,,,,,,,,,ShowDailyK_ChartFlow,FinMind_API_TaiwanStockPrice_6125,True,2026-10-05T23:38:42,2026-10-05T23:38:42,2026-10-05T23:38:42
6125,廣運,2023-07-24,103.5,7.099999999999994,7.37%,,,,,,,,,ShowDailyK_ChartFlow,FinMind_API_TaiwanStockPrice_6125,True,2026-10-05T23:38:42,2026-10-05T23:38:42,2026-10-05T23:38:42
6125,廣運,2023-07-25,95.8,-7.700000000000003,-7.44%,,,,,,,,,ShowDailyK_ChartFlow,FinMind_API_TaiwanStockPrice_6125,True,2026-10-05T23:38:42,2026-10-05T23:38:42,2026-10-05T23:38:42
6125,廣運,2023-07-26,86.3,-9.5,-9.92%,,,,,,,,,ShowDailyK_ChartFlow,FinMind_API_TaiwanStockPrice_6125,True,2026-10-05T23:38:42,2026-10-05T23:38:42,2026-10-05T23:38:42
6125,廣運,2023-07-27,84.1,-2.200000000000003,-2.55%,,,,,,,,,ShowDailyK_ChartFlow,FinMind_API_TaiwanStockPrice_6125,True,2026-10-05T23:38:42,2026-10-05T23:38:42,2026-10-05T23:38:42
6125,廣運,2023-07-28,83.3,-0.7999999999999972,-0.95%,,,,,,,,,ShowDailyK_ChartFlow,FinMind_API_TaiwanStockPrice_6125,True,2026-10-05T23:38:42,2026-10-05T23:38:42,2026-10-05T23:38:42
6125,廣運,2023-07-31,77.5,-5.799999999999997,-6.96%,,,,,,,,,ShowDailyK_ChartFlow,FinMind_API_TaiwanStockPrice_6125,True,2026-10-05T23:38:42,2026-10-05T23:38:42,2026-10-05T23:38:42
6125,廣運,2023-08-01,76.9,-0.5999999999999943,-0.77%,,,,,,,,,ShowDailyK_ChartFlow,FinMind_API_TaiwanStockPrice_6125,True,2026-10-05T23:38:42,2026-10-05T23:38:42,2026-10-05T23:38:42
6125,廣運,2023-08-02,69.3,-7.6000000000000085,-9.88%,,,,,,,,,ShowDailyK_ChartFlow,FinMind_API_TaiwanStockPrice_6125,True,2026-10-05T23:38:42,2026-10-05T23:38:42,2026-10-05T23:38:42
6125,廣運,2023-08-04,68.3,-1.0,-1.44%,,,,,,,,,ShowDailyK_ChartFlow,FinMind_API_TaiwanStockPrice_6125,True,2026-10-05T23:38:42,2026-10-05T23:38:42,2026-10-05T23:38:42
6125,廣運,2023-08-07,72.4,4.1000000000000085,6.00%,,,,,,,,,ShowDailyK_ChartFlow,FinMind_API_TaiwanStockPrice_6125,True,2026-10-05T23:38:42,2026-10-05T23:38:42,2026-10-05T23:38:42
6125,廣運,2023-08-08,69.9,-2.5,-3.45%,,,,,,,,,ShowDailyK_ChartFlow,FinMind_API_TaiwanStockPrice_6125,True,2026-10-05T23:38:42,2026-10-05T23:38:42,2026-10-05T23:38:42
6125,廣運,2023-08-09,70.6,0.6999999999999886,1.00%,,,,,,,,,ShowDailyK_ChartFlow,FinMind_API_TaiwanStockPrice_6125,True,2026-10-05T23:38:42,2026-10-05T23:38:42,2026-10-05T23:38:42
6125,廣運,2023-08-10,67.0,-3.5999999999999943,-5.10%,,,,,,,,,ShowDailyK_ChartFlow,FinMind_API_TaiwanStockPrice_6125,True,2026-10-05T23:38:42,2026-10-05T23:38:42,2026-10-05T23:38:42
6125,廣運,2023-08-11,69.8,2.799999999999997,4.18%,,,,,,,,,ShowDailyK_ChartFlow,FinMind_API_TaiwanStockPrice_6125,True,2026-10-05T23:38:42,2026-10-05T23:38:42,2026-10-05T23:38:42
6125,廣運,2023-08-14,71.3,1.5,2.15%,,,,,,,,,ShowDailyK_ChartFlow,FinMind_API_TaiwanStockPrice_6125,True,2026-10-05T23:38:42,2026-10-05T23:38:42,2026-10-05T23:38:42
6125,廣運,2023-08-15,71.8,0.5,0.70%,,,,,,,,,ShowDailyK_ChartFlow,FinMind_API_TaiwanStockPrice_6125,True,2026-10-05T23:38:42,2026-10-05T23:38:42,2026-10-05T23:38:42
6125,廣運,2023-08-16,72.5,0.7000000000000028,0.97%,,,,,,,,,ShowDailyK_ChartFlow,FinMind_API_TaiwanStockPrice_6125,True,2026-10-05T23:38:42,2026-10-05T23:38:42,2026-10-05T23:38:42
6125,廣運,2023-08-17,75.7,3.200000000000003,4.41%,,,,,,,,,ShowDailyK_ChartFlow,FinMind_API_TaiwanStockPrice_6125,True,2026-10-05T23:38:42,2026-10-05T23:38:42,2026-10-05T23:38:42
6125,廣運,2023-08-18,72.3,-3.4000000000000057,-4.49%,,,,,,,,,ShowDailyK_ChartFlow,FinMind_API_TaiwanStockPrice_6125,True,2026-10-05T23:38:42,2026-10-05T23:38:42,2026-10-05T23:38:42
6125,廣運,2023-08-21,79.5,7.200000000000003,9.96%,,,,,,,,,ShowDailyK_ChartFlow,FinMind_API_TaiwanStockPrice_6125,True,2026-10-05T23:38:42,2026-10-05T23:38:42,2026-10-05T23:38:42
6125,廣運,2023-08-22,84.0,4.5,5.66%,,,,,,,,,ShowDailyK_ChartFlow,FinMind_API_TaiwanStockPrice_6125,True,2026-10-05T23:38:42,2026-10-05T23:38:42,2026-10-05T23:38:42
6125,廣運,2023-08-23,81.5,-2.5,-2.98%,,,,,,,,,ShowDailyK_ChartFlow,FinMind_API_TaiwanStockPrice_6125,True,2026-10-05T23:38:42,2026-10-05T23:38:42,2026-10-05T23:38:42
6125,廣運,2023-08-24,80.9,-0.5999999999999943,-0.74%,,,,,,,,,ShowDailyK_ChartFlow,FinMind_API_TaiwanStockPrice_6125,True,2026-10-05T23:38:42,2026-10-05T23:38:42,2026-10-05T23:38:42
6125,廣運,2023-08-25,80.6,-0.30000000000001137,-0.37%,,,,,,,,,ShowDailyK_ChartFlow,FinMind_API_TaiwanStockPrice_6125,True,2026-10-05T23:38:42,2026-10-05T23:38:42,2026-10-05T23:38:42
6125,廣運,2023-08-28,75.4,-5.199999999999989,-6.45%,,,,,,,,,ShowDailyK_ChartFlow,FinMind_API_TaiwanStockPrice_6125,True,2026-10-05T23:38:42,2026-10-05T23:38:42,2026-10-05T23:38:42
6125,廣運,2023-08-29,76.7,1.2999999999999972,1.72%,,,,,,,,,ShowDailyK_ChartFlow,FinMind_API_TaiwanStockPrice_6125,True,2026-10-05T23:38:42,2026-10-05T23:38:42,2026-10-05T23:38:42
6125,廣運,2023-08-30,77.2,0.5,0.65%,,,,,,,,,ShowDailyK_ChartFlow,FinMind_API_TaiwanStockPrice_6125,True,2026-10-05T23:38:42,2026-10-05T23:38:42,2026-10-05T23:38:42
6125,廣運,2023-08-31,80.9,3.700000000000003,4.79%,,,,,,,,,ShowDailyK_ChartFlow,FinMind_API_TaiwanStockPrice_6125,True,2026-10-05T23:38:42,2026-10-05T23:38:42,2026-10-05T23:38:42
6125,廣運,2023-09-01,78.9,-2.0,-2.47%,,,,,,,,,ShowDailyK_ChartFlow,FinMind_API_TaiwanStockPrice_6125,True,2026-10-05T23:38:42,2026-10-05T23:38:42,2026-10-05T23:38:42
6125,廣運,2023-09-04,77.0,-1.9000000000000057,-2.41%,,,,,,,,,ShowDailyK_ChartFlow,FinMind_API_TaiwanStockPrice_6125,True,2026-10-05T23:38:42,2026-10-05T23:38:42,2026-10-05T23:38:42
6125,廣運,2023-09-05,77.5,0.5,0.65%,,,,,,,,,ShowDailyK_ChartFlow,FinMind_API_TaiwanStockPrice_6125,True,2026-10-05T23:38:42,2026-10-05T23:38:42,2026-10-05T23:38:42
6125,廣運,2023-09-06,78.9,1.4000000000000057,1.81%,,,,,,,,,ShowDailyK_ChartFlow,FinMind_API_TaiwanStockPrice_6125,True,2026-10-05T23:38:42,2026-10-05T23:38:42,2026-10-05T23:38:42
6125,廣運,2023-09-07,78.2,-0.7000000000000028,-0.89%,,,,,,,,,ShowDailyK_ChartFlow,FinMind_API_TaiwanStockPrice_6125,True,2026-10-05T23:38:42,2026-10-05T23:38:42,2026-10-05T23:38:42
6125,廣運,2023-09-08,75.5,-2.700000000000003,-3.45%,,,,,,,,,ShowDailyK_ChartFlow,FinMind_API_TaiwanStockPrice_6125,True,2026-10-05T23:38:42,2026-10-05T23:38:42,2026-10-05T23:38:42
6125,廣運,2023-09-11,68.0,-7.5,-9.93%,,,,,,,,,ShowDailyK_ChartFlow,FinMind_API_TaiwanStockPrice_6125,True,2026-10-05T23:38:42,2026-10-05T23:38:42,2026-10-05T23:38:42
6125,廣運,2023-09-12,61.5,-6.5,-9.56%,,,,,,,,,ShowDailyK_ChartFlow,FinMind_API_TaiwanStockPrice_6125,True,2026-10-05T23:38:42,2026-10-05T23:38:42,2026-10-05T23:38:42
6125,廣運,2023-09-13,62.7,1.2000000000000028,1.95%,,,,,,,,,ShowDailyK_ChartFlow,FinMind_API_TaiwanStockPrice_6125,True,2026-10-05T23:38:42,2026-10-05T23:38:42,2026-10-05T23:38:42
6125,廣運,2023-09-14,63.1,0.3999999999999986,0.64%,,,,,,,,,ShowDailyK_ChartFlow,FinMind_API_TaiwanStockPrice_6125,True,2026-10-05T23:38:42,2026-10-05T23:38:42,2026-10-05T23:38:42
6125,廣運,2023-09-15,63.4,0.29999999999999716,0.48%,,,,,,,,,ShowDailyK_ChartFlow,FinMind_API_TaiwanStockPrice_6125,True,2026-10-05T23:38:42,2026-10-05T23:38:42,2026-10-05T23:38:42
6125,廣運,2023-09-18,61.8,-1.6000000000000014,-2.52%,,,,,,,,,ShowDailyK_ChartFlow,FinMind_API_TaiwanStockPrice_6125,True,2026-10-05T23:38:42,2026-10-05T23:38:42,2026-10-05T23:38:42
6125,廣運,2023-09-19,60.7,-1.0999999999999943,-1.78%,,,,,,,,,ShowDailyK_ChartFlow,FinMind_API_TaiwanStockPrice_6125,True,2026-10-05T23:38:42,2026-10-05T23:38:42,2026-10-05T23:38:42
6125,廣運,2023-09-20,60.5,-0.20000000000000284,-0.33%,,,,,,,,,ShowDailyK_ChartFlow,FinMind_API_TaiwanStockPrice_6125,True,2026-10-05T23:38:42,2026-10-05T23:38:42,2026-10-05T23:38:42
6125,廣運,2023-09-21,59.5,-1.0,-1.65%,,,,,,,,,ShowDailyK_ChartFlow,FinMind_API_TaiwanStockPrice_6125,True,2026-10-05T23:38:42,2026-10-05T23:38:42,2026-10-05T23:38:42
6125,廣運,2023-09-22,61.4,1.8999999999999986,3.19%,,,,,,,,,ShowDailyK_ChartFlow,FinMind_API_TaiwanStockPrice_6125,True,2026-10-05T23:38:42,2026-10-05T23:38:42,2026-10-05T23:38:42
6125,廣運,2023-09-25,61.9,0.5,0.81%,,,,,,,,,ShowDailyK_ChartFlow,FinMind_API_TaiwanStockPrice_6125,True,2026-10-05T23:38:42,2026-10-05T23:38:42,2026-10-05T23:38:42
6125,廣運,2023-09-26,61.0,-0.8999999999999986,-1.45%,,,,,,,,,ShowDailyK_ChartFlow,FinMind_API_TaiwanStockPrice_6125,True,2026-10-05T23:38:42,2026-10-05T23:38:42,2026-10-05T23:38:42
6125,廣運,2023-09-27,62.0,1.0,1.64%,,,,,,,,,ShowDailyK_ChartFlow,FinMind_API_TaiwanStockPrice_6125,True,2026-10-05T23:38:42,2026-10-05T23:38:42,2026-10-05T23:38:42
6125,廣運,2023-09-28,64.2,2.200000000000003,3.55%,,,,,,,,,ShowDailyK_ChartFlow,FinMind_API_TaiwanStockPrice_6125,True,2026-10-05T23:38:42,2026-10-05T23:38:42,2026-10-05T23:38:42
6125,廣運,2023-10-02,64.8,0.5999999999999943,0.93%,,,,,,,,,ShowDailyK_ChartFlow,FinMind_API_TaiwanStockPrice_6125,True,2026-10-05T23:38:42,2026-10-05T23:38:42,2026-10-05T23:38:42
6125,廣運,2023-10-03,62.6,-2.1999999999999957,-3.40%,,,,,,,,,ShowDailyK_ChartFlow,FinMind_API_TaiwanStockPrice_6125,True,2026-10-05T23:38:42,2026-10-05T23:38:42,2026-10-05T23:38:42
6125,廣運,2023-10-04,63.2,0.6000000000000014,0.96%,,,,,,,,,ShowDailyK_ChartFlow,FinMind_API_TaiwanStockPrice_6125,True,2026-10-05T23:38:42,2026-10-05T23:38:42,2026-10-05T23:38:42
6125,廣運,2023-10-05,63.7,0.5,0.79%,,,,,,,,,ShowDailyK_ChartFlow,FinMind_API_TaiwanStockPrice_6125,True,2026-10-05T23:38:42,2026-10-05T23:38:42,2026-10-05T23:38:42
6125,廣運,2023-10-06,63.9,0.19999999999999574,0.31%,,,,,,,,,ShowDailyK_ChartFlow,FinMind_API_TaiwanStockPrice_6125,True,2026-10-05T23:38:42,2026-10-05T23:38:42,2026-10-05T23:38:42
6125,廣運,2023-10-11,59.5,-4.399999999999999,-6.89%,,,,,,,,,ShowDailyK_ChartFlow,FinMind_API_TaiwanStockPrice_6125,True,2026-10-05T23:38:42,2026-10-05T23:38:42,2026-10-05T23:38:42
6125,廣運,2023-10-12,60.5,1.0,1.68%,,,,,,,,,ShowDailyK_ChartFlow,FinMind_API_TaiwanStockPrice_6125,True,2026-10-05T23:38:42,2026-10-05T23:38:42,2026-10-05T23:38:42
6125,廣運,2023-10-13,59.1,-1.3999999999999986,-2.31%,,,,,,,,,ShowDailyK_ChartFlow,FinMind_API_TaiwanStockPrice_6125,True,2026-10-05T23:38:42,2026-10-05T23:38:42,2026-10-05T23:38:42
6125,廣運,2023-10-16,58.4,-0.7000000000000028,-1.18%,,,,,,,,,ShowDailyK_ChartFlow,FinMind_API_TaiwanStockPrice_6125,True,2026-10-05T23:38:42,2026-10-05T23:38:42,2026-10-05T23:38:42
6125,廣運,2023-10-17,56.7,-1.6999999999999957,-2.91%,,,,,,,,,ShowDailyK_ChartFlow,FinMind_API_TaiwanStockPrice_6125,True,2026-10-05T23:38:42,2026-10-05T23:38:42,2026-10-05T23:38:42
6125,廣運,2023-10-18,55.0,-1.7000000000000028,-3.00%,,,,,,,,,ShowDailyK_ChartFlow,FinMind_API_TaiwanStockPrice_6125,True,2026-10-05T23:38:42,2026-10-05T23:38:42,2026-10-05T23:38:42
6125,廣運,2023-10-19,55.7,0.7000000000000028,1.27%,,,,,,,,,ShowDailyK_ChartFlow,FinMind_API_TaiwanStockPrice_6125,True,2026-10-05T23:38:42,2026-10-05T23:38:42,2026-10-05T23:38:42
6125,廣運,2023-10-20,54.6,-1.1000000000000014,-1.97%,,,,,,,,,ShowDailyK_ChartFlow,FinMind_API_TaiwanStockPrice_6125,True,2026-10-05T23:38:42,2026-10-05T23:38:42,2026-10-05T23:38:42
6125,廣運,2023-10-23,54.6,0.0,0.00%,,,,,,,,,ShowDailyK_ChartFlow,FinMind_API_TaiwanStockPrice_6125,True,2026-10-05T23:38:42,2026-10-05T23:38:42,2026-10-05T23:38:42
6125,廣運,2023-10-24,55.9,1.2999999999999972,2.38%,,,,,,,,,ShowDailyK_ChartFlow,FinMind_API_TaiwanStockPrice_6125,True,2026-10-05T23:38:42,2026-10-05T23:38:42,2026-10-05T23:38:42
6125,廣運,2023-10-25,55.9,0.0,0.00%,,,,,,,,,ShowDailyK_ChartFlow,FinMind_API_TaiwanStockPrice_6125,True,2026-10-05T23:38:42,2026-10-05T23:38:42,2026-10-05T23:38:42
6125,廣運,2023-10-26,53.0,-2.8999999999999986,-5.19%,,,,,,,,,ShowDailyK_ChartFlow,FinMind_API_TaiwanStockPrice_6125,True,2026-10-05T23:38:42,2026-10-05T23:38:42,2026-10-05T23:38:42
6125,廣運,2023-10-27,52.9,-0.10000000000000142,-0.19%,,,,,,,,,ShowDailyK_ChartFlow,FinMind_API_TaiwanStockPrice_6125,True,2026-10-05T23:38:42,2026-10-05T23:38:42,2026-10-05T23:38:42
6125,廣運,2023-10-30,52.6,-0.29999999999999716,-0.57%,,,,,,,,,ShowDailyK_ChartFlow,FinMind_API_TaiwanStockPrice_6125,True,2026-10-05T23:38:42,2026-10-05T23:38:42,2026-10-05T23:38:42
6125,廣運,2023-10-31,49.85,-2.75,-5.23%,,,,,,,,,ShowDailyK_ChartFlow,FinMind_API_TaiwanStockPrice_6125,True,2026-10-05T23:38:42,2026-10-05T23:38:42,2026-10-05T23:38:42
6125,廣運,2023-11-01,51.1,1.25,2.51%,,,,,,,,,ShowDailyK_ChartFlow,FinMind_API_TaiwanStockPrice_6125,True,2026-10-05T23:38:42,2026-10-05T23:38:42,2026-10-05T23:38:42
6125,廣運,2023-11-02,52.8,1.6999999999999957,3.33%,,,,,,,,,ShowDailyK_ChartFlow,FinMind_API_TaiwanStockPrice_6125,True,2026-10-05T23:38:42,2026-10-05T23:38:42,2026-10-05T23:38:42
6125,廣運,2023-11-03,52.5,-0.29999999999999716,-0.57%,,,,,,,,,ShowDailyK_ChartFlow,FinMind_API_TaiwanStockPrice_6125,True,2026-10-05T23:38:42,2026-10-05T23:38:42,2026-10-05T23:38:42
6125,廣運,2023-11-06,53.3,0.7999999999999972,1.52%,,,,,,,,,ShowDailyK_ChartFlow,FinMind_API_TaiwanStockPrice_6125,True,2026-10-05T23:38:42,2026-10-05T23:38:42,2026-10-05T23:38:42
6125,廣運,2023-11-07,52.7,-0.5999999999999943,-1.13%,,,,,,,,,ShowDailyK_ChartFlow,FinMind_API_TaiwanStockPrice_6125,True,2026-10-05T23:38:42,2026-10-05T23:38:42,2026-10-05T23:38:42
6125,廣運,2023-11-08,53.3,0.5999999999999943,1.14%,,,,,,,,,ShowDailyK_ChartFlow,FinMind_API_TaiwanStockPrice_6125,True,2026-10-05T23:38:42,2026-10-05T23:38:42,2026-10-05T23:38:42
6125,廣運,2023-11-09,49.85,-3.4499999999999957,-6.47%,,,,,,,,,ShowDailyK_ChartFlow,FinMind_API_TaiwanStockPrice_6125,True,2026-10-05T23:38:42,2026-10-05T23:38:42,2026-10-05T23:38:42
6125,廣運,2023-11-10,50.7,0.8500000000000014,1.71%,,,,,,,,,ShowDailyK_ChartFlow,FinMind_API_TaiwanStockPrice_6125,True,2026-10-05T23:38:42,2026-10-05T23:38:42,2026-10-05T23:38:42
6125,廣運,2023-11-13,51.0,0.29999999999999716,0.59%,,,,,,,,,ShowDailyK_ChartFlow,FinMind_API_TaiwanStockPrice_6125,True,2026-10-05T23:38:42,2026-10-05T23:38:42,2026-10-05T23:38:42
6125,廣運,2023-11-14,50.6,-0.3999999999999986,-0.78%,,,,,,,,,ShowDailyK_ChartFlow,FinMind_API_TaiwanStockPrice_6125,True,2026-10-05T23:38:42,2026-10-05T23:38:42,2026-10-05T23:38:42
6125,廣運,2023-11-15,50.2,-0.3999999999999986,-0.79%,,,,,,,,,ShowDailyK_ChartFlow,FinMind_API_TaiwanStockPrice_6125,True,2026-10-05T23:38:42,2026-10-05T23:38:42,2026-10-05T23:38:42
6125,廣運,2023-11-16,50.8,0.5999999999999943,1.20%,,,,,,,,,ShowDailyK_ChartFlow,FinMind_API_TaiwanStockPrice_6125,True,2026-10-05T23:38:42,2026-10-05T23:38:42,2026-10-05T23:38:42
6125,廣運,2023-11-17,55.8,5.0,9.84%,,,,,,,,,ShowDailyK_ChartFlow,FinMind_API_TaiwanStockPrice_6125,True,2026-10-05T23:38:42,2026-10-05T23:38:42,2026-10-05T23:38:42
6125,廣運,2023-11-20,61.3,5.5,9.86%,,,,,,,,,ShowDailyK_ChartFlow,FinMind_API_TaiwanStockPrice_6125,True,2026-10-05T23:38:42,2026-10-05T23:38:42,2026-10-05T23:38:42
6125,廣運,2023-11-21,62.0,0.7000000000000028,1.14%,,,,,,,,,ShowDailyK_ChartFlow,FinMind_API_TaiwanStockPrice_6125,True,2026-10-05T23:38:42,2026-10-05T23:38:42,2026-10-05T23:38:42
6125,廣運,2023-11-22,59.6,-2.3999999999999986,-3.87%,,,,,,,,,ShowDailyK_ChartFlow,FinMind_API_TaiwanStockPrice_6125,True,2026-10-05T23:38:42,2026-10-05T23:38:42,2026-10-05T23:38:42
6125,廣運,2023-11-23,62.2,2.6000000000000014,4.36%,,,,,,,,,ShowDailyK_ChartFlow,FinMind_API_TaiwanStockPrice_6125,True,2026-10-05T23:38:42,2026-10-05T23:38:42,2026-10-05T23:38:42
6125,廣運,2023-11-24,63.3,1.0999999999999943,1.77%,,,,,,,,,ShowDailyK_ChartFlow,FinMind_API_TaiwanStockPrice_6125,True,2026-10-05T23:38:42,2026-10-05T23:38:42,2026-10-05T23:38:42
6125,廣運,2023-11-27,61.5,-1.7999999999999972,-2.84%,,,,,,,,,ShowDailyK_ChartFlow,FinMind_API_TaiwanStockPrice_6125,True,2026-10-05T23:38:42,2026-10-05T23:38:42,2026-10-05T23:38:42
6125,廣運,2023-11-28,62.0,0.5,0.81%,,,,,,,,,ShowDailyK_ChartFlow,FinMind_API_TaiwanStockPrice_6125,True,2026-10-05T23:38:42,2026-10-05T23:38:42,2026-10-05T23:38:42
6125,廣運,2023-11-29,61.9,-0.10000000000000142,-0.16%,,,,,,,,,ShowDailyK_ChartFlow,FinMind_API_TaiwanStockPrice_6125,True,2026-10-05T23:38:42,2026-10-05T23:38:42,2026-10-05T23:38:42
6125,廣運,2023-11-30,62.9,1.0,1.62%,,,,,,,,,ShowDailyK_ChartFlow,FinMind_API_TaiwanStockPrice_6125,True,2026-10-05T23:38:42,2026-10-05T23:38:42,2026-10-05T23:38:42
6125,廣運,2023-12-01,64.0,1.1000000000000014,1.75%,,,,,,,,,ShowDailyK_ChartFlow,FinMind_API_TaiwanStockPrice_6125,True,2026-10-05T23:38:42,2026-10-05T23:38:42,2026-10-05T23:38:42
6125,廣運,2023-12-04,64.9,0.9000000000000057,1.41%,,,,,,,,,ShowDailyK_ChartFlow,FinMind_API_TaiwanStockPrice_6125,True,2026-10-05T23:38:42,2026-10-05T23:38:42,2026-10-05T23:38:42
6125,廣運,2023-12-05,63.0,-1.9000000000000057,-2.93%,,,,,,,,,ShowDailyK_ChartFlow,FinMind_API_TaiwanStockPrice_6125,True,2026-10-05T23:38:42,2026-10-05T23:38:42,2026-10-05T23:38:42
6125,廣運,2023-12-06,64.0,1.0,1.59%,,,,,,,,,ShowDailyK_ChartFlow,FinMind_API_TaiwanStockPrice_6125,True,2026-10-05T23:38:42,2026-10-05T23:38:42,2026-10-05T23:38:42
6125,廣運,2023-12-07,63.3,-0.7000000000000028,-1.09%,,,,,,,,,ShowDailyK_ChartFlow,FinMind_API_TaiwanStockPrice_6125,True,2026-10-05T23:38:42,2026-10-05T23:38:42,2026-10-05T23:38:42
6125,廣運,2023-12-08,62.8,-0.5,-0.79%,,,,,,,,,ShowDailyK_ChartFlow,FinMind_API_TaiwanStockPrice_6125,True,2026-10-05T23:38:42,2026-10-05T23:38:42,2026-10-05T23:38:42
6125,廣運,2023-12-11,61.3,-1.5,-2.39%,,,,,,,,,ShowDailyK_ChartFlow,FinMind_API_TaiwanStockPrice_6125,True,2026-10-05T23:38:42,2026-10-05T23:38:42,2026-10-05T23:38:42
6125,廣運,2023-12-12,59.6,-1.6999999999999957,-2.77%,,,,,,,,,ShowDailyK_ChartFlow,FinMind_API_TaiwanStockPrice_6125,True,2026-10-05T23:38:42,2026-10-05T23:38:42,2026-10-05T23:38:42
6125,廣運,2023-12-13,58.9,-0.7000000000000028,-1.17%,,,,,,,,,ShowDailyK_ChartFlow,FinMind_API_TaiwanStockPrice_6125,True,2026-10-05T23:38:42,2026-10-05T23:38:42,2026-10-05T23:38:42
6125,廣運,2023-12-14,58.6,-0.29999999999999716,-0.51%,,,,,,,,,ShowDailyK_ChartFlow,FinMind_API_TaiwanStockPrice_6125,True,2026-10-05T23:38:42,2026-10-05T23:38:42,2026-10-05T23:38:42
6125,廣運,2023-12-15,58.2,-0.3999999999999986,-0.68%,,,,,,,,,ShowDailyK_ChartFlow,FinMind_API_TaiwanStockPrice_6125,True,2026-10-05T23:38:42,2026-10-05T23:38:42,2026-10-05T23:38:42
6125,廣運,2023-12-18,57.0,-1.2000000000000028,-2.06%,,,,,,,,,ShowDailyK_ChartFlow,FinMind_API_TaiwanStockPrice_6125,True,2026-10-05T23:38:42,2026-10-05T23:38:42,2026-10-05T23:38:42
6125,廣運,2023-12-19,56.6,-0.3999999999999986,-0.70%,,,,,,,,,ShowDailyK_ChartFlow,FinMind_API_TaiwanStockPrice_6125,True,2026-10-05T23:38:42,2026-10-05T23:38:42,2026-10-05T23:38:42
6125,廣運,2023-12-20,57.9,1.2999999999999972,2.30%,,,,,,,,,ShowDailyK_ChartFlow,FinMind_API_TaiwanStockPrice_6125,True,2026-10-05T23:38:42,2026-10-05T23:38:42,2026-10-05T23:38:42
6125,廣運,2023-12-21,56.8,-1.1000000000000014,-1.90%,,,,,,,,,ShowDailyK_ChartFlow,FinMind_API_TaiwanStockPrice_6125,True,2026-10-05T23:38:42,2026-10-05T23:38:42,2026-10-05T23:38:42
6125,廣運,2023-12-22,56.9,0.10000000000000142,0.18%,,,,,,,,,ShowDailyK_ChartFlow,FinMind_API_TaiwanStockPrice_6125,True,2026-10-05T23:38:42,2026-10-05T23:38:42,2026-10-05T23:38:42
6125,廣運,2023-12-25,56.6,-0.29999999999999716,-0.53%,,,,,,,,,ShowDailyK_ChartFlow,FinMind_API_TaiwanStockPrice_6125,True,2026-10-05T23:38:42,2026-10-05T23:38:42,2026-10-05T23:38:42
6125,廣運,2023-12-26,57.1,0.5,0.88%,,,,,,,,,ShowDailyK_ChartFlow,FinMind_API_TaiwanStockPrice_6125,True,2026-10-05T23:38:42,2026-10-05T23:38:42,2026-10-05T23:38:42
6125,廣運,2023-12-27,57.1,0.0,0.00%,,,,,,,,,ShowDailyK_ChartFlow,FinMind_API_TaiwanStockPrice_6125,True,2026-10-05T23:38:42,2026-10-05T23:38:42,2026-10-05T23:38:42
6125,廣運,2023-12-28,60.8,3.6999999999999957,6.48%,,,,,,,,,ShowDailyK_ChartFlow,FinMind_API_TaiwanStockPrice_6125,True,2026-10-05T23:38:42,2026-10-05T23:38:42,2026-10-05T23:38:42
6125,廣運,2023-12-29,63.0,2.200000000000003,3.62%,,,,,,,,,ShowDailyK_ChartFlow,FinMind_API_TaiwanStockPrice_6125,True,2026-10-05T23:38:42,2026-10-05T23:38:42,2026-10-05T23:38:42
6125,廣運,2024-01-02,63.7,0.7000000000000028,1.11%,,,,,,,,,ShowDailyK_ChartFlow,FinMind_API_TaiwanStockPrice_6125,True,2026-10-05T23:38:42,2026-10-05T23:38:42,2026-10-05T23:38:42
6125,廣運,2024-01-03,62.2,-1.5,-2.35%,,,,,,,,,ShowDailyK_ChartFlow,FinMind_API_TaiwanStockPrice_6125,True,2026-10-05T23:38:42,2026-10-05T23:38:42,2026-10-05T23:38:42
6125,廣運,2024-01-04,60.7,-1.5,-2.41%,,,,,,,,,ShowDailyK_ChartFlow,FinMind_API_TaiwanStockPrice_6125,True,2026-10-05T23:38:42,2026-10-05T23:38:42,2026-10-05T23:38:42
6125,廣運,2024-01-05,59.8,-0.9000000000000057,-1.48%,,,,,,,,,ShowDailyK_ChartFlow,FinMind_API_TaiwanStockPrice_6125,True,2026-10-05T23:38:42,2026-10-05T23:38:42,2026-10-05T23:38:42
6125,廣運,2024-01-08,58.5,-1.2999999999999972,-2.17%,,,,,,,,,ShowDailyK_ChartFlow,FinMind_API_TaiwanStockPrice_6125,True,2026-10-05T23:38:42,2026-10-05T23:38:42,2026-10-05T23:38:42
6125,廣運,2024-01-09,56.5,-2.0,-3.42%,,,,,,,,,ShowDailyK_ChartFlow,FinMind_API_TaiwanStockPrice_6125,True,2026-10-05T23:38:42,2026-10-05T23:38:42,2026-10-05T23:38:42
6125,廣運,2024-01-10,58.0,1.5,2.65%,,,,,,,,,ShowDailyK_ChartFlow,FinMind_API_TaiwanStockPrice_6125,True,2026-10-05T23:38:42,2026-10-05T23:38:42,2026-10-05T23:38:42
6125,廣運,2024-01-11,59.2,1.2000000000000028,2.07%,,,,,,,,,ShowDailyK_ChartFlow,FinMind_API_TaiwanStockPrice_6125,True,2026-10-05T23:38:42,2026-10-05T23:38:42,2026-10-05T23:38:42
6125,廣運,2024-01-12,58.0,-1.2000000000000028,-2.03%,,,,,,,,,ShowDailyK_ChartFlow,FinMind_API_TaiwanStockPrice_6125,True,2026-10-05T23:38:42,2026-10-05T23:38:42,2026-10-05T23:38:42
6125,廣運,2024-01-15,60.0,2.0,3.45%,,,,,,,,,ShowDailyK_ChartFlow,FinMind_API_TaiwanStockPrice_6125,True,2026-10-05T23:38:42,2026-10-05T23:38:42,2026-10-05T23:38:42
6125,廣運,2024-01-16,60.2,0.20000000000000284,0.33%,,,,,,,,,ShowDailyK_ChartFlow,FinMind_API_TaiwanStockPrice_6125,True,2026-10-05T23:38:42,2026-10-05T23:38:42,2026-10-05T23:38:42
6125,廣運,2024-01-17,58.6,-1.6000000000000014,-2.66%,,,,,,,,,ShowDailyK_ChartFlow,FinMind_API_TaiwanStockPrice_6125,True,2026-10-05T23:38:42,2026-10-05T23:38:42,2026-10-05T23:38:42
6125,廣運,2024-01-18,57.9,-0.7000000000000028,-1.19%,,,,,,,,,ShowDailyK_ChartFlow,FinMind_API_TaiwanStockPrice_6125,True,2026-10-05T23:38:42,2026-10-05T23:38:42,2026-10-05T23:38:42
6125,廣運,2024-01-19,60.6,2.700000000000003,4.66%,,,,,,,,,ShowDailyK_ChartFlow,FinMind_API_TaiwanStockPrice_6125,True,2026-10-05T23:38:42,2026-10-05T23:38:42,2026-10-05T23:38:42
6125,廣運,2024-01-22,62.4,1.7999999999999972,2.97%,,,,,,,,,ShowDailyK_ChartFlow,FinMind_API_TaiwanStockPrice_6125,True,2026-10-05T23:38:42,2026-10-05T23:38:42,2026-10-05T23:38:42
6125,廣運,2024-01-23,60.8,-1.6000000000000014,-2.56%,,,,,,,,,ShowDailyK_ChartFlow,FinMind_API_TaiwanStockPrice_6125,True,2026-10-05T23:38:42,2026-10-05T23:38:42,2026-10-05T23:38:42
6125,廣運,2024-01-24,60.4,-0.3999999999999986,-0.66%,,,,,,,,,ShowDailyK_ChartFlow,FinMind_API_TaiwanStockPrice_6125,True,2026-10-05T23:38:42,2026-10-05T23:38:42,2026-10-05T23:38:42
6125,廣運,2024-01-25,59.3,-1.1000000000000014,-1.82%,,,,,,,,,ShowDailyK_ChartFlow,FinMind_API_TaiwanStockPrice_6125,True,2026-10-05T23:38:42,2026-10-05T23:38:42,2026-10-05T23:38:42
6125,廣運,2024-01-26,58.3,-1.0,-1.69%,,,,,,,,,ShowDailyK_ChartFlow,FinMind_API_TaiwanStockPrice_6125,True,2026-10-05T23:38:42,2026-10-05T23:38:42,2026-10-05T23:38:42
6125,廣運,2024-01-29,59.5,1.2000000000000028,2.06%,,,,,,,,,ShowDailyK_ChartFlow,FinMind_API_TaiwanStockPrice_6125,True,2026-10-05T23:38:42,2026-10-05T23:38:42,2026-10-05T23:38:42
6125,廣運,2024-01-30,60.9,1.3999999999999986,2.35%,,,,,,,,,ShowDailyK_ChartFlow,FinMind_API_TaiwanStockPrice_6125,True,2026-10-05T23:38:42,2026-10-05T23:38:42,2026-10-05T23:38:42
6125,廣運,2024-01-31,60.7,-0.19999999999999574,-0.33%,,,,,,,,,ShowDailyK_ChartFlow,FinMind_API_TaiwanStockPrice_6125,True,2026-10-05T23:38:42,2026-10-05T23:38:42,2026-10-05T23:38:42
6125,廣運,2024-02-01,61.5,0.7999999999999972,1.32%,,,,,,,,,ShowDailyK_ChartFlow,FinMind_API_TaiwanStockPrice_6125,True,2026-10-05T23:38:42,2026-10-05T23:38:42,2026-10-05T23:38:42
6125,廣運,2024-02-02,62.9,1.3999999999999986,2.28%,,,,,,,,,ShowDailyK_ChartFlow,FinMind_API_TaiwanStockPrice_6125,True,2026-10-05T23:38:42,2026-10-05T23:38:42,2026-10-05T23:38:42
6125,廣運,2024-02-05,62.0,-0.8999999999999986,-1.43%,,,,,,,,,ShowDailyK_ChartFlow,FinMind_API_TaiwanStockPrice_6125,True,2026-10-05T23:38:42,2026-10-05T23:38:42,2026-10-05T23:38:42
6125,廣運,2024-02-15,66.2,4.200000000000003,6.77%,,,,,,,,,ShowDailyK_ChartFlow,FinMind_API_TaiwanStockPrice_6125,True,2026-10-05T23:38:42,2026-10-05T23:38:42,2026-10-05T23:38:42
6125,廣運,2024-02-16,70.8,4.599999999999994,6.95%,,,,,,,,,ShowDailyK_ChartFlow,FinMind_API_TaiwanStockPrice_6125,True,2026-10-05T23:38:42,2026-10-05T23:38:42,2026-10-05T23:38:42
6125,廣運,2024-02-19,74.7,3.9000000000000057,5.51%,,,,,,,,,ShowDailyK_ChartFlow,FinMind_API_TaiwanStockPrice_6125,True,2026-10-05T23:38:42,2026-10-05T23:38:42,2026-10-05T23:38:42
6125,廣運,2024-02-20,74.7,0.0,0.00%,,,,,,,,,ShowDailyK_ChartFlow,FinMind_API_TaiwanStockPrice_6125,True,2026-10-05T23:38:42,2026-10-05T23:38:42,2026-10-05T23:38:42
6125,廣運,2024-02-21,77.4,2.700000000000003,3.61%,,,,,,,,,ShowDailyK_ChartFlow,FinMind_API_TaiwanStockPrice_6125,True,2026-10-05T23:38:42,2026-10-05T23:38:42,2026-10-05T23:38:42
6125,廣運,2024-02-22,76.5,-0.9000000000000057,-1.16%,,,,,,,,,ShowDailyK_ChartFlow,FinMind_API_TaiwanStockPrice_6125,True,2026-10-05T23:38:42,2026-10-05T23:38:42,2026-10-05T23:38:42
6125,廣運,2024-02-23,73.8,-2.700000000000003,-3.53%,,,,,,,,,ShowDailyK_ChartFlow,FinMind_API_TaiwanStockPrice_6125,True,2026-10-05T23:38:42,2026-10-05T23:38:42,2026-10-05T23:38:42
6125,廣運,2024-02-26,81.1,7.299999999999997,9.89%,,,,,,,,,ShowDailyK_ChartFlow,FinMind_API_TaiwanStockPrice_6125,True,2026-10-05T23:38:42,2026-10-05T23:38:42,2026-10-05T23:38:42
6125,廣運,2024-02-27,77.5,-3.5999999999999943,-4.44%,,,,,,,,,ShowDailyK_ChartFlow,FinMind_API_TaiwanStockPrice_6125,True,2026-10-05T23:38:42,2026-10-05T23:38:42,2026-10-05T23:38:42
6125,廣運,2024-02-29,85.2,7.700000000000003,9.94%,,,,,,,,,ShowDailyK_ChartFlow,FinMind_API_TaiwanStockPrice_6125,True,2026-10-05T23:38:42,2026-10-05T23:38:42,2026-10-05T23:38:42
6125,廣運,2024-03-01,86.7,1.5,1.76%,,,,,,,,,ShowDailyK_ChartFlow,FinMind_API_TaiwanStockPrice_6125,True,2026-10-05T23:38:42,2026-10-05T23:38:42,2026-10-05T23:38:42
6125,廣運,2024-03-04,87.6,0.8999999999999915,1.04%,,,,,,,,,ShowDailyK_ChartFlow,FinMind_API_TaiwanStockPrice_6125,True,2026-10-05T23:38:42,2026-10-05T23:38:42,2026-10-05T23:38:42
6125,廣運,2024-03-05,87.5,-0.09999999999999432,-0.11%,,,,,,,,,ShowDailyK_ChartFlow,FinMind_API_TaiwanStockPrice_6125,True,2026-10-05T23:38:42,2026-10-05T23:38:42,2026-10-05T23:38:42
6125,廣運,2024-03-06,91.5,4.0,4.57%,,,,,,,,,ShowDailyK_ChartFlow,FinMind_API_TaiwanStockPrice_6125,True,2026-10-05T23:38:42,2026-10-05T23:38:42,2026-10-05T23:38:42
6125,廣運,2024-03-07,86.1,-5.400000000000006,-5.90%,,,,,,,,,ShowDailyK_ChartFlow,FinMind_API_TaiwanStockPrice_6125,True,2026-10-05T23:38:42,2026-10-05T23:38:42,2026-10-05T23:38:42
6125,廣運,2024-03-08,77.8,-8.299999999999997,-9.64%,,,,,,,,,ShowDailyK_ChartFlow,FinMind_API_TaiwanStockPrice_6125,True,2026-10-05T23:38:42,2026-10-05T23:38:42,2026-10-05T23:38:42
6125,廣運,2024-03-11,79.3,1.5,1.93%,,,,,,,,,ShowDailyK_ChartFlow,FinMind_API_TaiwanStockPrice_6125,True,2026-10-05T23:38:42,2026-10-05T23:38:42,2026-10-05T23:38:42
6125,廣運,2024-03-12,83.7,4.400000000000006,5.55%,,,,,,,,,ShowDailyK_ChartFlow,FinMind_API_TaiwanStockPrice_6125,True,2026-10-05T23:38:42,2026-10-05T23:38:42,2026-10-05T23:38:42
6125,廣運,2024-03-13,81.7,-2.0,-2.39%,,,,,,,,,ShowDailyK_ChartFlow,FinMind_API_TaiwanStockPrice_6125,True,2026-10-05T23:38:42,2026-10-05T23:38:42,2026-10-05T23:38:42
6125,廣運,2024-03-14,78.9,-2.799999999999997,-3.43%,,,,,,,,,ShowDailyK_ChartFlow,FinMind_API_TaiwanStockPrice_6125,True,2026-10-05T23:38:42,2026-10-05T23:38:42,2026-10-05T23:38:42
6125,廣運,2024-03-15,80.0,1.0999999999999943,1.39%,,,,,,,,,ShowDailyK_ChartFlow,FinMind_API_TaiwanStockPrice_6125,True,2026-10-05T23:38:42,2026-10-05T23:38:42,2026-10-05T23:38:42
6125,廣運,2024-03-18,81.5,1.5,1.88%,,,,,,,,,ShowDailyK_ChartFlow,FinMind_API_TaiwanStockPrice_6125,True,2026-10-05T23:38:42,2026-10-05T23:38:42,2026-10-05T23:38:42
6125,廣運,2024-03-19,78.9,-2.5999999999999943,-3.19%,,,,,,,,,ShowDailyK_ChartFlow,FinMind_API_TaiwanStockPrice_6125,True,2026-10-05T23:38:42,2026-10-05T23:38:42,2026-10-05T23:38:42
6125,廣運,2024-03-20,78.6,-0.30000000000001137,-0.38%,,,,,,,,,ShowDailyK_ChartFlow,FinMind_API_TaiwanStockPrice_6125,True,2026-10-05T23:38:42,2026-10-05T23:38:42,2026-10-05T23:38:42
6125,廣運,2024-03-21,79.0,0.4000000000000057,0.51%,,,,,,,,,ShowDailyK_ChartFlow,FinMind_API_TaiwanStockPrice_6125,True,2026-10-05T23:38:42,2026-10-05T23:38:42,2026-10-05T23:38:42
6125,廣運,2024-03-22,80.4,1.4000000000000057,1.77%,,,,,,,,,ShowDailyK_ChartFlow,FinMind_API_TaiwanStockPrice_6125,True,2026-10-05T23:38:42,2026-10-05T23:38:42,2026-10-05T23:38:42
6125,廣運,2024-03-25,88.4,8.0,9.95%,,,,,,,,,ShowDailyK_ChartFlow,FinMind_API_TaiwanStockPrice_6125,True,2026-10-05T23:38:42,2026-10-05T23:38:42,2026-10-05T23:38:42
6125,廣運,2024-03-26,82.7,-5.700000000000003,-6.45%,,,,,,,,,ShowDailyK_ChartFlow,FinMind_API_TaiwanStockPrice_6125,True,2026-10-05T23:38:42,2026-10-05T23:38:42,2026-10-05T23:38:42
6125,廣運,2024-03-27,84.0,1.2999999999999972,1.57%,,,,,,,,,ShowDailyK_ChartFlow,FinMind_API_TaiwanStockPrice_6125,True,2026-10-05T23:38:42,2026-10-05T23:38:42,2026-10-05T23:38:42
6125,廣運,2024-03-28,84.5,0.5,0.60%,,,,,,,,,ShowDailyK_ChartFlow,FinMind_API_TaiwanStockPrice_6125,True,2026-10-05T23:38:42,2026-10-05T23:38:42,2026-10-05T23:38:42
6125,廣運,2024-03-29,82.8,-1.7000000000000028,-2.01%,,,,,,,,,ShowDailyK_ChartFlow,FinMind_API_TaiwanStockPrice_6125,True,2026-10-05T23:38:42,2026-10-05T23:38:42,2026-10-05T23:38:42
6125,廣運,2024-04-01,83.0,0.20000000000000284,0.24%,,,,,,,,,ShowDailyK_ChartFlow,FinMind_API_TaiwanStockPrice_6125,True,2026-10-05T23:38:42,2026-10-05T23:38:42,2026-10-05T23:38:42
6125,廣運,2024-04-02,80.8,-2.200000000000003,-2.65%,,,,,,,,,ShowDailyK_ChartFlow,FinMind_API_TaiwanStockPrice_6125,True,2026-10-05T23:38:42,2026-10-05T23:38:42,2026-10-05T23:38:42
6125,廣運,2024-04-03,81.2,0.4000000000000057,0.50%,,,,,,,,,ShowDailyK_ChartFlow,FinMind_API_TaiwanStockPrice_6125,True,2026-10-05T23:38:42,2026-10-05T23:38:42,2026-10-05T23:38:42
6125,廣運,2024-04-08,84.0,2.799999999999997,3.45%,,,,,,,,,ShowDailyK_ChartFlow,FinMind_API_TaiwanStockPrice_6125,True,2026-10-05T23:38:42,2026-10-05T23:38:42,2026-10-05T23:38:42
6125,廣運,2024-04-09,84.5,0.5,0.60%,,,,,,,,,ShowDailyK_ChartFlow,FinMind_API_TaiwanStockPrice_6125,True,2026-10-05T23:38:42,2026-10-05T23:38:42,2026-10-05T23:38:42
6125,廣運,2024-04-10,82.4,-2.0999999999999943,-2.49%,,,,,,,,,ShowDailyK_ChartFlow,FinMind_API_TaiwanStockPrice_6125,True,2026-10-05T23:38:42,2026-10-05T23:38:42,2026-10-05T23:38:42
6125,廣運,2024-04-11,81.0,-1.4000000000000057,-1.70%,,,,,,,,,ShowDailyK_ChartFlow,FinMind_API_TaiwanStockPrice_6125,True,2026-10-05T23:38:42,2026-10-05T23:38:42,2026-10-05T23:38:42
6125,廣運,2024-04-12,80.0,-1.0,-1.23%,,,,,,,,,ShowDailyK_ChartFlow,FinMind_API_TaiwanStockPrice_6125,True,2026-10-05T23:38:42,2026-10-05T23:38:42,2026-10-05T23:38:42
6125,廣運,2024-04-15,78.2,-1.7999999999999972,-2.25%,,,,,,,,,ShowDailyK_ChartFlow,FinMind_API_TaiwanStockPrice_6125,True,2026-10-05T23:38:42,2026-10-05T23:38:42,2026-10-05T23:38:42
6125,廣運,2024-04-16,77.3,-0.9000000000000057,-1.15%,,,,,,,,,ShowDailyK_ChartFlow,FinMind_API_TaiwanStockPrice_6125,True,2026-10-05T23:38:42,2026-10-05T23:38:42,2026-10-05T23:38:42
6125,廣運,2024-04-17,85.0,7.700000000000003,9.96%,,,,,,,,,ShowDailyK_ChartFlow,FinMind_API_TaiwanStockPrice_6125,True,2026-10-05T23:38:42,2026-10-05T23:38:42,2026-10-05T23:38:42
6125,廣運,2024-04-18,84.2,-0.7999999999999972,-0.94%,,,,,,,,,ShowDailyK_ChartFlow,FinMind_API_TaiwanStockPrice_6125,True,2026-10-05T23:38:42,2026-10-05T23:38:42,2026-10-05T23:38:42
6125,廣運,2024-04-19,87.3,3.0999999999999943,3.68%,,,,,,,,,ShowDailyK_ChartFlow,FinMind_API_TaiwanStockPrice_6125,True,2026-10-05T23:38:42,2026-10-05T23:38:42,2026-10-05T23:38:42
6125,廣運,2024-04-22,80.6,-6.700000000000003,-7.67%,,,,,,,,,ShowDailyK_ChartFlow,FinMind_API_TaiwanStockPrice_6125,True,2026-10-05T23:38:42,2026-10-05T23:38:42,2026-10-05T23:38:42
6125,廣運,2024-04-23,87.4,6.800000000000011,8.44%,,,,,,,,,ShowDailyK_ChartFlow,FinMind_API_TaiwanStockPrice_6125,True,2026-10-05T23:38:42,2026-10-05T23:38:42,2026-10-05T23:38:42
6125,廣運,2024-04-24,90.2,2.799999999999997,3.20%,,,,,,,,,ShowDailyK_ChartFlow,FinMind_API_TaiwanStockPrice_6125,True,2026-10-05T23:38:42,2026-10-05T23:38:42,2026-10-05T23:38:42
6125,廣運,2024-04-25,90.5,0.29999999999999716,0.33%,,,,,,,,,ShowDailyK_ChartFlow,FinMind_API_TaiwanStockPrice_6125,True,2026-10-05T23:38:42,2026-10-05T23:38:42,2026-10-05T23:38:42
6125,廣運,2024-04-26,91.7,1.2000000000000028,1.33%,,,,,,,,,ShowDailyK_ChartFlow,FinMind_API_TaiwanStockPrice_6125,True,2026-10-05T23:38:42,2026-10-05T23:38:42,2026-10-05T23:38:42
6125,廣運,2024-04-29,90.0,-1.7000000000000028,-1.85%,,,,,,,,,ShowDailyK_ChartFlow,FinMind_API_TaiwanStockPrice_6125,True,2026-10-05T23:38:42,2026-10-05T23:38:42,2026-10-05T23:38:42
6125,廣運,2024-04-30,91.7,1.7000000000000028,1.89%,,,,,,,,,ShowDailyK_ChartFlow,FinMind_API_TaiwanStockPrice_6125,True,2026-10-05T23:38:42,2026-10-05T23:38:42,2026-10-05T23:38:42
6125,廣運,2024-05-02,90.4,-1.2999999999999972,-1.42%,,,,,,,,,ShowDailyK_ChartFlow,FinMind_API_TaiwanStockPrice_6125,True,2026-10-05T23:38:42,2026-10-05T23:38:42,2026-10-05T23:38:42
6125,廣運,2024-05-03,89.5,-0.9000000000000057,-1.00%,,,,,,,,,ShowDailyK_ChartFlow,FinMind_API_TaiwanStockPrice_6125,True,2026-10-05T23:38:42,2026-10-05T23:38:42,2026-10-05T23:38:42
6125,廣運,2024-05-06,89.7,0.20000000000000284,0.22%,,,,,,,,,ShowDailyK_ChartFlow,FinMind_API_TaiwanStockPrice_6125,True,2026-10-05T23:38:42,2026-10-05T23:38:42,2026-10-05T23:38:42
6125,廣運,2024-05-07,87.5,-2.200000000000003,-2.45%,,,,,,,,,ShowDailyK_ChartFlow,FinMind_API_TaiwanStockPrice_6125,True,2026-10-05T23:38:42,2026-10-05T23:38:42,2026-10-05T23:38:42
6125,廣運,2024-05-08,87.1,-0.4000000000000057,-0.46%,,,,,,,,,ShowDailyK_ChartFlow,FinMind_API_TaiwanStockPrice_6125,True,2026-10-05T23:38:42,2026-10-05T23:38:42,2026-10-05T23:38:42
6125,廣運,2024-05-09,85.3,-1.7999999999999972,-2.07%,,,,,,,,,ShowDailyK_ChartFlow,FinMind_API_TaiwanStockPrice_6125,True,2026-10-05T23:38:42,2026-10-05T23:38:42,2026-10-05T23:38:42
6125,廣運,2024-05-10,87.6,2.299999999999997,2.70%,,,,,,,,,ShowDailyK_ChartFlow,FinMind_API_TaiwanStockPrice_6125,True,2026-10-05T23:38:42,2026-10-05T23:38:42,2026-10-05T23:38:42
6125,廣運,2024-05-13,91.0,3.4000000000000057,3.88%,,,,,,,,,ShowDailyK_ChartFlow,FinMind_API_TaiwanStockPrice_6125,True,2026-10-05T23:38:42,2026-10-05T23:38:42,2026-10-05T23:38:42
6125,廣運,2024-05-14,93.0,2.0,2.20%,,,,,,,,,ShowDailyK_ChartFlow,FinMind_API_TaiwanStockPrice_6125,True,2026-10-05T23:38:42,2026-10-05T23:38:42,2026-10-05T23:38:42
6125,廣運,2024-05-15,90.8,-2.200000000000003,-2.37%,,,,,,,,,ShowDailyK_ChartFlow,FinMind_API_TaiwanStockPrice_6125,True,2026-10-05T23:38:42,2026-10-05T23:38:42,2026-10-05T23:38:42
6125,廣運,2024-05-16,90.7,-0.09999999999999432,-0.11%,,,,,,,,,ShowDailyK_ChartFlow,FinMind_API_TaiwanStockPrice_6125,True,2026-10-05T23:38:42,2026-10-05T23:38:42,2026-10-05T23:38:42
6125,廣運,2024-05-17,92.0,1.2999999999999972,1.43%,,,,,,,,,ShowDailyK_ChartFlow,FinMind_API_TaiwanStockPrice_6125,True,2026-10-05T23:38:42,2026-10-05T23:38:42,2026-10-05T23:38:42
6125,廣運,2024-05-20,95.8,3.799999999999997,4.13%,,,,,,,,,ShowDailyK_ChartFlow,FinMind_API_TaiwanStockPrice_6125,True,2026-10-05T23:38:42,2026-10-05T23:38:42,2026-10-05T23:38:42
6125,廣運,2024-05-21,105.0,9.200000000000003,9.60%,,,,,,,,,ShowDailyK_ChartFlow,FinMind_API_TaiwanStockPrice_6125,True,2026-10-05T23:38:42,2026-10-05T23:38:42,2026-10-05T23:38:42
6125,廣運,2024-05-22,104.0,-1.0,-0.95%,,,,,,,,,ShowDailyK_ChartFlow,FinMind_API_TaiwanStockPrice_6125,True,2026-10-05T23:38:42,2026-10-05T23:38:42,2026-10-05T23:38:42
6125,廣運,2024-05-23,114.0,10.0,9.62%,,,,,,,,,ShowDailyK_ChartFlow,FinMind_API_TaiwanStockPrice_6125,True,2026-10-05T23:38:42,2026-10-05T23:38:42,2026-10-05T23:38:42
6125,廣運,2024-05-24,119.0,5.0,4.39%,,,,,,,,,ShowDailyK_ChartFlow,FinMind_API_TaiwanStockPrice_6125,True,2026-10-05T23:38:42,2026-10-05T23:38:42,2026-10-05T23:38:42
6125,廣運,2024-05-27,124.0,5.0,4.20%,,,,,,,,,ShowDailyK_ChartFlow,FinMind_API_TaiwanStockPrice_6125,True,2026-10-05T23:38:42,2026-10-05T23:38:42,2026-10-05T23:38:42
6125,廣運,2024-05-28,123.5,-0.5,-0.40%,,,,,,,,,ShowDailyK_ChartFlow,FinMind_API_TaiwanStockPrice_6125,True,2026-10-05T23:38:42,2026-10-05T23:38:42,2026-10-05T23:38:42
6125,廣運,2024-05-29,117.0,-6.5,-5.26%,,,,,,,,,ShowDailyK_ChartFlow,FinMind_API_TaiwanStockPrice_6125,True,2026-10-05T23:38:42,2026-10-05T23:38:42,2026-10-05T23:38:42
6125,廣運,2024-05-30,111.5,-5.5,-4.70%,,,,,,,,,ShowDailyK_ChartFlow,FinMind_API_TaiwanStockPrice_6125,True,2026-10-05T23:38:42,2026-10-05T23:38:42,2026-10-05T23:38:42
6125,廣運,2024-05-31,122.5,11.0,9.87%,,,,,,,,,ShowDailyK_ChartFlow,FinMind_API_TaiwanStockPrice_6125,True,2026-10-05T23:38:42,2026-10-05T23:38:42,2026-10-05T23:38:42
6125,廣運,2024-06-03,134.5,12.0,9.80%,,,,,,,,,ShowDailyK_ChartFlow,FinMind_API_TaiwanStockPrice_6125,True,2026-10-05T23:38:42,2026-10-05T23:38:42,2026-10-05T23:38:42
6125,廣運,2024-06-04,121.5,-13.0,-9.67%,,,,,,,,,ShowDailyK_ChartFlow,FinMind_API_TaiwanStockPrice_6125,True,2026-10-05T23:38:42,2026-10-05T23:38:42,2026-10-05T23:38:42
6125,廣運,2024-06-05,118.0,-3.5,-2.88%,,,,,,,,,ShowDailyK_ChartFlow,FinMind_API_TaiwanStockPrice_6125,True,2026-10-05T23:38:42,2026-10-05T23:38:42,2026-10-05T23:38:42
6125,廣運,2024-06-06,114.5,-3.5,-2.97%,,,,,,,,,ShowDailyK_ChartFlow,FinMind_API_TaiwanStockPrice_6125,True,2026-10-05T23:38:42,2026-10-05T23:38:42,2026-10-05T23:38:42
6125,廣運,2024-06-07,115.5,1.0,0.87%,,,,,,,,,ShowDailyK_ChartFlow,FinMind_API_TaiwanStockPrice_6125,True,2026-10-05T23:38:42,2026-10-05T23:38:42,2026-10-05T23:38:42
6125,廣運,2024-06-11,108.5,-7.0,-6.06%,,,,,,,,,ShowDailyK_ChartFlow,FinMind_API_TaiwanStockPrice_6125,True,2026-10-05T23:38:42,2026-10-05T23:38:42,2026-10-05T23:38:42
6125,廣運,2024-06-12,114.5,6.0,5.53%,,,,,,,,,ShowDailyK_ChartFlow,FinMind_API_TaiwanStockPrice_6125,True,2026-10-05T23:38:42,2026-10-05T23:38:42,2026-10-05T23:38:42
6125,廣運,2024-06-13,111.5,-3.0,-2.62%,,,,,,,,,ShowDailyK_ChartFlow,FinMind_API_TaiwanStockPrice_6125,True,2026-10-05T23:38:42,2026-10-05T23:38:42,2026-10-05T23:38:42
6125,廣運,2024-06-14,111.5,0.0,0.00%,,,,,,,,,ShowDailyK_ChartFlow,FinMind_API_TaiwanStockPrice_6125,True,2026-10-05T23:38:42,2026-10-05T23:38:42,2026-10-05T23:38:42
6125,廣運,2024-06-17,110.5,-1.0,-0.90%,,,,,,,,,ShowDailyK_ChartFlow,FinMind_API_TaiwanStockPrice_6125,True,2026-10-05T23:38:42,2026-10-05T23:38:42,2026-10-05T23:38:42
6125,廣運,2024-06-18,109.0,-1.5,-1.36%,,,,,,,,,ShowDailyK_ChartFlow,FinMind_API_TaiwanStockPrice_6125,True,2026-10-05T23:38:42,2026-10-05T23:38:42,2026-10-05T23:38:42
6125,廣運,2024-06-19,105.5,-3.5,-3.21%,,,,,,,,,ShowDailyK_ChartFlow,FinMind_API_TaiwanStockPrice_6125,True,2026-10-05T23:38:42,2026-10-05T23:38:42,2026-10-05T23:38:42
6125,廣運,2024-06-20,110.5,5.0,4.74%,,,,,,,,,ShowDailyK_ChartFlow,FinMind_API_TaiwanStockPrice_6125,True,2026-10-05T23:38:42,2026-10-05T23:38:42,2026-10-05T23:38:42
6125,廣運,2024-06-21,111.5,1.0,0.90%,,,,,,,,,ShowDailyK_ChartFlow,FinMind_API_TaiwanStockPrice_6125,True,2026-10-05T23:38:42,2026-10-05T23:38:42,2026-10-05T23:38:42
6125,廣運,2024-06-24,106.5,-5.0,-4.48%,,,,,,,,,ShowDailyK_ChartFlow,FinMind_API_TaiwanStockPrice_6125,True,2026-10-05T23:38:42,2026-10-05T23:38:42,2026-10-05T23:38:42
6125,廣運,2024-06-25,105.5,-1.0,-0.94%,,,,,,,,,ShowDailyK_ChartFlow,FinMind_API_TaiwanStockPrice_6125,True,2026-10-05T23:38:42,2026-10-05T23:38:42,2026-10-05T23:38:42
6125,廣運,2024-06-26,106.5,1.0,0.95%,,,,,,,,,ShowDailyK_ChartFlow,FinMind_API_TaiwanStockPrice_6125,True,2026-10-05T23:38:42,2026-10-05T23:38:42,2026-10-05T23:38:42
6125,廣運,2024-06-27,104.0,-2.5,-2.35%,,,,,,,,,ShowDailyK_ChartFlow,FinMind_API_TaiwanStockPrice_6125,True,2026-10-05T23:38:42,2026-10-05T23:38:42,2026-10-05T23:38:42
6125,廣運,2024-06-28,110.0,6.0,5.77%,,,,,,,,,ShowDailyK_ChartFlow,FinMind_API_TaiwanStockPrice_6125,True,2026-10-05T23:38:42,2026-10-05T23:38:42,2026-10-05T23:38:42
6125,廣運,2024-07-01,108.5,-1.5,-1.36%,,,,,,,,,ShowDailyK_ChartFlow,FinMind_API_TaiwanStockPrice_6125,True,2026-10-05T23:38:42,2026-10-05T23:38:42,2026-10-05T23:38:42
6125,廣運,2024-07-02,108.5,0.0,0.00%,,,,,,,,,ShowDailyK_ChartFlow,FinMind_API_TaiwanStockPrice_6125,True,2026-10-05T23:38:42,2026-10-05T23:38:42,2026-10-05T23:38:42
6125,廣運,2024-07-03,108.0,-0.5,-0.46%,,,,,,,,,ShowDailyK_ChartFlow,FinMind_API_TaiwanStockPrice_6125,True,2026-10-05T23:38:42,2026-10-05T23:38:42,2026-10-05T23:38:42
6125,廣運,2024-07-04,110.0,2.0,1.85%,,,,,,,,,ShowDailyK_ChartFlow,FinMind_API_TaiwanStockPrice_6125,True,2026-10-05T23:38:42,2026-10-05T23:38:42,2026-10-05T23:38:42
6125,廣運,2024-07-05,110.0,0.0,0.00%,,,,,,,,,ShowDailyK_ChartFlow,FinMind_API_TaiwanStockPrice_6125,True,2026-10-05T23:38:42,2026-10-05T23:38:42,2026-10-05T23:38:42
6125,廣運,2024-07-08,107.5,-2.5,-2.27%,,,,,,,,,ShowDailyK_ChartFlow,FinMind_API_TaiwanStockPrice_6125,True,2026-10-05T23:38:42,2026-10-05T23:38:42,2026-10-05T23:38:42
6125,廣運,2024-07-09,105.5,-2.0,-1.86%,,,,,,,,,ShowDailyK_ChartFlow,FinMind_API_TaiwanStockPrice_6125,True,2026-10-05T23:38:42,2026-10-05T23:38:42,2026-10-05T23:38:42
6125,廣運,2024-07-10,107.0,1.5,1.42%,,,,,,,,,ShowDailyK_ChartFlow,FinMind_API_TaiwanStockPrice_6125,True,2026-10-05T23:38:42,2026-10-05T23:38:42,2026-10-05T23:38:42
6125,廣運,2024-07-11,103.0,-4.0,-3.74%,,,,,,,,,ShowDailyK_ChartFlow,FinMind_API_TaiwanStockPrice_6125,True,2026-10-05T23:38:42,2026-10-05T23:38:42,2026-10-05T23:38:42
6125,廣運,2024-07-12,100.5,-2.5,-2.43%,,,,,,,,,ShowDailyK_ChartFlow,FinMind_API_TaiwanStockPrice_6125,True,2026-10-05T23:38:42,2026-10-05T23:38:42,2026-10-05T23:38:42
6125,廣運,2024-07-15,98.5,-2.0,-1.99%,,,,,,,,,ShowDailyK_ChartFlow,FinMind_API_TaiwanStockPrice_6125,True,2026-10-05T23:38:42,2026-10-05T23:38:42,2026-10-05T23:38:42
6125,廣運,2024-07-16,99.2,0.7000000000000028,0.71%,,,,,,,,,ShowDailyK_ChartFlow,FinMind_API_TaiwanStockPrice_6125,True,2026-10-05T23:38:42,2026-10-05T23:38:42,2026-10-05T23:38:42
6125,廣運,2024-07-17,109.0,9.799999999999997,9.88%,,,,,,,,,ShowDailyK_ChartFlow,FinMind_API_TaiwanStockPrice_6125,True,2026-10-05T23:38:42,2026-10-05T23:38:42,2026-10-05T23:38:42
6125,廣運,2024-07-18,112.0,3.0,2.75%,,,,,,,,,ShowDailyK_ChartFlow,FinMind_API_TaiwanStockPrice_6125,True,2026-10-05T23:38:42,2026-10-05T23:38:42,2026-10-05T23:38:42
6125,廣運,2024-07-19,108.5,-3.5,-3.12%,,,,,,,,,ShowDailyK_ChartFlow,FinMind_API_TaiwanStockPrice_6125,True,2026-10-05T23:38:42,2026-10-05T23:38:42,2026-10-05T23:38:42
6125,廣運,2024-07-22,107.0,-1.5,-1.38%,,,,,,,,,ShowDailyK_ChartFlow,FinMind_API_TaiwanStockPrice_6125,True,2026-10-05T23:38:42,2026-10-05T23:38:42,2026-10-05T23:38:42
6125,廣運,2024-07-23,105.5,-1.5,-1.40%,,,,,,,,,ShowDailyK_ChartFlow,FinMind_API_TaiwanStockPrice_6125,True,2026-10-05T23:38:42,2026-10-05T23:38:42,2026-10-05T23:38:42
6125,廣運,2024-07-26,99.8,-5.700000000000003,-5.40%,,,,,,,,,ShowDailyK_ChartFlow,FinMind_API_TaiwanStockPrice_6125,True,2026-10-05T23:38:42,2026-10-05T23:38:42,2026-10-05T23:38:42
6125,廣運,2024-07-29,91.5,-8.299999999999997,-8.32%,,,,,,,,,ShowDailyK_ChartFlow,FinMind_API_TaiwanStockPrice_6125,True,2026-10-05T23:38:42,2026-10-05T23:38:42,2026-10-05T23:38:42
6125,廣運,2024-07-30,97.9,6.400000000000006,6.99%,,,,,,,,,ShowDailyK_ChartFlow,FinMind_API_TaiwanStockPrice_6125,True,2026-10-05T23:38:42,2026-10-05T23:38:42,2026-10-05T23:38:42
6125,廣運,2024-07-31,99.1,1.1999999999999886,1.23%,,,,,,,,,ShowDailyK_ChartFlow,FinMind_API_TaiwanStockPrice_6125,True,2026-10-05T23:38:42,2026-10-05T23:38:42,2026-10-05T23:38:42
6125,廣運,2024-08-01,106.0,6.900000000000006,6.96%,,,,,,,,,ShowDailyK_ChartFlow,FinMind_API_TaiwanStockPrice_6125,True,2026-10-05T23:38:42,2026-10-05T23:38:42,2026-10-05T23:38:42
6125,廣運,2024-08-02,99.3,-6.700000000000003,-6.32%,,,,,,,,,ShowDailyK_ChartFlow,FinMind_API_TaiwanStockPrice_6125,True,2026-10-05T23:38:42,2026-10-05T23:38:42,2026-10-05T23:38:42
6125,廣運,2024-08-05,89.4,-9.899999999999991,-9.97%,,,,,,,,,ShowDailyK_ChartFlow,FinMind_API_TaiwanStockPrice_6125,True,2026-10-05T23:38:42,2026-10-05T23:38:42,2026-10-05T23:38:42
6125,廣運,2024-08-06,81.8,-7.6000000000000085,-8.50%,,,,,,,,,ShowDailyK_ChartFlow,FinMind_API_TaiwanStockPrice_6125,True,2026-10-05T23:38:42,2026-10-05T23:38:42,2026-10-05T23:38:42
6125,廣運,2024-08-07,89.9,8.100000000000009,9.90%,,,,,,,,,ShowDailyK_ChartFlow,FinMind_API_TaiwanStockPrice_6125,True,2026-10-05T23:38:42,2026-10-05T23:38:42,2026-10-05T23:38:42
6125,廣運,2024-08-08,89.2,-0.7000000000000028,-0.78%,,,,,,,,,ShowDailyK_ChartFlow,FinMind_API_TaiwanStockPrice_6125,True,2026-10-05T23:38:42,2026-10-05T23:38:42,2026-10-05T23:38:42
6125,廣運,2024-08-09,92.2,3.0,3.36%,,,,,,,,,ShowDailyK_ChartFlow,FinMind_API_TaiwanStockPrice_6125,True,2026-10-05T23:38:42,2026-10-05T23:38:42,2026-10-05T23:38:42
6125,廣運,2024-08-12,92.1,-0.10000000000000853,-0.11%,,,,,,,,,ShowDailyK_ChartFlow,FinMind_API_TaiwanStockPrice_6125,True,2026-10-05T23:38:42,2026-10-05T23:38:42,2026-10-05T23:38:42
6125,廣運,2024-08-13,92.2,0.10000000000000853,0.11%,,,,,,,,,ShowDailyK_ChartFlow,FinMind_API_TaiwanStockPrice_6125,True,2026-10-05T23:38:42,2026-10-05T23:38:42,2026-10-05T23:38:42
6125,廣運,2024-08-14,90.8,-1.4000000000000057,-1.52%,,,,,,,,,ShowDailyK_ChartFlow,FinMind_API_TaiwanStockPrice_6125,True,2026-10-05T23:38:42,2026-10-05T23:38:42,2026-10-05T23:38:42
6125,廣運,2024-08-15,91.3,0.5,0.55%,,,,,,,,,ShowDailyK_ChartFlow,FinMind_API_TaiwanStockPrice_6125,True,2026-10-05T23:38:42,2026-10-05T23:38:42,2026-10-05T23:38:42
6125,廣運,2024-08-16,92.7,1.4000000000000057,1.53%,,,,,,,,,ShowDailyK_ChartFlow,FinMind_API_TaiwanStockPrice_6125,True,2026-10-05T23:38:42,2026-10-05T23:38:42,2026-10-05T23:38:42
6125,廣運,2024-08-19,97.1,4.3999999999999915,4.75%,,,,,,,,,ShowDailyK_ChartFlow,FinMind_API_TaiwanStockPrice_6125,True,2026-10-05T23:38:42,2026-10-05T23:38:42,2026-10-05T23:38:42
6125,廣運,2024-08-20,98.7,1.6000000000000085,1.65%,,,,,,,,,ShowDailyK_ChartFlow,FinMind_API_TaiwanStockPrice_6125,True,2026-10-05T23:38:42,2026-10-05T23:38:42,2026-10-05T23:38:42
6125,廣運,2024-08-21,99.8,1.0999999999999943,1.11%,,,,,,,,,ShowDailyK_ChartFlow,FinMind_API_TaiwanStockPrice_6125,True,2026-10-05T23:38:42,2026-10-05T23:38:42,2026-10-05T23:38:42
6125,廣運,2024-08-22,97.1,-2.700000000000003,-2.71%,,,,,,,,,ShowDailyK_ChartFlow,FinMind_API_TaiwanStockPrice_6125,True,2026-10-05T23:38:42,2026-10-05T23:38:42,2026-10-05T23:38:42
6125,廣運,2024-08-23,99.5,2.4000000000000057,2.47%,,,,,,,,,ShowDailyK_ChartFlow,FinMind_API_TaiwanStockPrice_6125,True,2026-10-05T23:38:42,2026-10-05T23:38:42,2026-10-05T23:38:42
6125,廣運,2024-08-26,96.5,-3.0,-3.02%,,,,,,,,,ShowDailyK_ChartFlow,FinMind_API_TaiwanStockPrice_6125,True,2026-10-05T23:38:42,2026-10-05T23:38:42,2026-10-05T23:38:42
6125,廣運,2024-08-27,99.0,2.5,2.59%,,,,,,,,,ShowDailyK_ChartFlow,FinMind_API_TaiwanStockPrice_6125,True,2026-10-05T23:38:42,2026-10-05T23:38:42,2026-10-05T23:38:42
6125,廣運,2024-08-28,97.5,-1.5,-1.52%,,,,,,,,,ShowDailyK_ChartFlow,FinMind_API_TaiwanStockPrice_6125,True,2026-10-05T23:38:42,2026-10-05T23:38:42,2026-10-05T23:38:42
6125,廣運,2024-08-29,96.6,-0.9000000000000057,-0.92%,,,,,,,,,ShowDailyK_ChartFlow,FinMind_API_TaiwanStockPrice_6125,True,2026-10-05T23:38:42,2026-10-05T23:38:42,2026-10-05T23:38:42
6125,廣運,2024-08-30,95.2,-1.3999999999999915,-1.45%,,,,,,,,,ShowDailyK_ChartFlow,FinMind_API_TaiwanStockPrice_6125,True,2026-10-05T23:38:42,2026-10-05T23:38:42,2026-10-05T23:38:42
6125,廣運,2024-09-02,95.2,0.0,0.00%,,,,,,,,,ShowDailyK_ChartFlow,FinMind_API_TaiwanStockPrice_6125,True,2026-10-05T23:38:42,2026-10-05T23:38:42,2026-10-05T23:38:42
6125,廣運,2024-09-03,93.0,-2.200000000000003,-2.31%,,,,,,,,,ShowDailyK_ChartFlow,FinMind_API_TaiwanStockPrice_6125,True,2026-10-05T23:38:42,2026-10-05T23:38:42,2026-10-05T23:38:42
6125,廣運,2024-09-04,90.5,-2.5,-2.69%,,,,,,,,,ShowDailyK_ChartFlow,FinMind_API_TaiwanStockPrice_6125,True,2026-10-05T23:38:42,2026-10-05T23:38:42,2026-10-05T23:38:42
6125,廣運,2024-09-05,90.1,-0.4000000000000057,-0.44%,,,,,,,,,ShowDailyK_ChartFlow,FinMind_API_TaiwanStockPrice_6125,True,2026-10-05T23:38:42,2026-10-05T23:38:42,2026-10-05T23:38:42
6125,廣運,2024-09-06,89.6,-0.5,-0.55%,,,,,,,,,ShowDailyK_ChartFlow,FinMind_API_TaiwanStockPrice_6125,True,2026-10-05T23:38:42,2026-10-05T23:38:42,2026-10-05T23:38:42
6125,廣運,2024-09-09,89.4,-0.19999999999998863,-0.22%,,,,,,,,,ShowDailyK_ChartFlow,FinMind_API_TaiwanStockPrice_6125,True,2026-10-05T23:38:42,2026-10-05T23:38:42,2026-10-05T23:38:42
6125,廣運,2024-09-10,84.9,-4.5,-5.03%,,,,,,,,,ShowDailyK_ChartFlow,FinMind_API_TaiwanStockPrice_6125,True,2026-10-05T23:38:42,2026-10-05T23:38:42,2026-10-05T23:38:42
6125,廣運,2024-09-11,88.5,3.5999999999999943,4.24%,,,,,,,,,ShowDailyK_ChartFlow,FinMind_API_TaiwanStockPrice_6125,True,2026-10-05T23:38:42,2026-10-05T23:38:42,2026-10-05T23:38:42
6125,廣運,2024-09-12,90.6,2.0999999999999943,2.37%,,,,,,,,,ShowDailyK_ChartFlow,FinMind_API_TaiwanStockPrice_6125,True,2026-10-05T23:38:42,2026-10-05T23:38:42,2026-10-05T23:38:42
6125,廣運,2024-09-13,91.0,0.4000000000000057,0.44%,,,,,,,,,ShowDailyK_ChartFlow,FinMind_API_TaiwanStockPrice_6125,True,2026-10-05T23:38:42,2026-10-05T23:38:42,2026-10-05T23:38:42
6125,廣運,2024-09-16,90.4,-0.5999999999999943,-0.66%,,,,,,,,,ShowDailyK_ChartFlow,FinMind_API_TaiwanStockPrice_6125,True,2026-10-05T23:38:42,2026-10-05T23:38:42,2026-10-05T23:38:42
6125,廣運,2024-09-18,89.4,-1.0,-1.11%,,,,,,,,,ShowDailyK_ChartFlow,FinMind_API_TaiwanStockPrice_6125,True,2026-10-05T23:38:42,2026-10-05T23:38:42,2026-10-05T23:38:42
6125,廣運,2024-09-19,93.6,4.199999999999989,4.70%,,,,,,,,,ShowDailyK_ChartFlow,FinMind_API_TaiwanStockPrice_6125,True,2026-10-05T23:38:42,2026-10-05T23:38:42,2026-10-05T23:38:42
6125,廣運,2024-09-20,92.3,-1.2999999999999972,-1.39%,,,,,,,,,ShowDailyK_ChartFlow,FinMind_API_TaiwanStockPrice_6125,True,2026-10-05T23:38:42,2026-10-05T23:38:42,2026-10-05T23:38:42
6125,廣運,2024-09-23,92.7,0.4000000000000057,0.43%,,,,,,,,,ShowDailyK_ChartFlow,FinMind_API_TaiwanStockPrice_6125,True,2026-10-05T23:38:42,2026-10-05T23:38:42,2026-10-05T23:38:42
6125,廣運,2024-09-24,91.2,-1.5,-1.62%,,,,,,,,,ShowDailyK_ChartFlow,FinMind_API_TaiwanStockPrice_6125,True,2026-10-05T23:38:42,2026-10-05T23:38:42,2026-10-05T23:38:42
6125,廣運,2024-09-25,93.9,2.700000000000003,2.96%,,,,,,,,,ShowDailyK_ChartFlow,FinMind_API_TaiwanStockPrice_6125,True,2026-10-05T23:38:42,2026-10-05T23:38:42,2026-10-05T23:38:42
6125,廣運,2024-09-26,94.0,0.09999999999999432,0.11%,,,,,,,,,ShowDailyK_ChartFlow,FinMind_API_TaiwanStockPrice_6125,True,2026-10-05T23:38:42,2026-10-05T23:38:42,2026-10-05T23:38:42
6125,廣運,2024-09-27,92.5,-1.5,-1.60%,,,,,,,,,ShowDailyK_ChartFlow,FinMind_API_TaiwanStockPrice_6125,True,2026-10-05T23:38:42,2026-10-05T23:38:42,2026-10-05T23:38:42
6125,廣運,2024-09-30,91.0,-1.5,-1.62%,,,,,,,,,ShowDailyK_ChartFlow,FinMind_API_TaiwanStockPrice_6125,True,2026-10-05T23:38:42,2026-10-05T23:38:42,2026-10-05T23:38:42
6125,廣運,2024-10-01,90.2,-0.7999999999999972,-0.88%,,,,,,,,,ShowDailyK_ChartFlow,FinMind_API_TaiwanStockPrice_6125,True,2026-10-05T23:38:42,2026-10-05T23:38:42,2026-10-05T23:38:42
6125,廣運,2024-10-04,90.0,-0.20000000000000284,-0.22%,,,,,,,,,ShowDailyK_ChartFlow,FinMind_API_TaiwanStockPrice_6125,True,2026-10-05T23:38:42,2026-10-05T23:38:42,2026-10-05T23:38:42
6125,廣運,2024-10-07,90.8,0.7999999999999972,0.89%,,,,,,,,,ShowDailyK_ChartFlow,FinMind_API_TaiwanStockPrice_6125,True,2026-10-05T23:38:42,2026-10-05T23:38:42,2026-10-05T23:38:42
6125,廣運,2024-10-08,90.1,-0.7000000000000028,-0.77%,,,,,,,,,ShowDailyK_ChartFlow,FinMind_API_TaiwanStockPrice_6125,True,2026-10-05T23:38:42,2026-10-05T23:38:42,2026-10-05T23:38:42
6125,廣運,2024-10-09,87.5,-2.5999999999999943,-2.89%,,,,,,,,,ShowDailyK_ChartFlow,FinMind_API_TaiwanStockPrice_6125,True,2026-10-05T23:38:42,2026-10-05T23:38:42,2026-10-05T23:38:42
6125,廣運,2024-10-11,87.7,0.20000000000000284,0.23%,,,,,,,,,ShowDailyK_ChartFlow,FinMind_API_TaiwanStockPrice_6125,True,2026-10-05T23:38:42,2026-10-05T23:38:42,2026-10-05T23:38:42
6125,廣運,2024-10-14,87.5,-0.20000000000000284,-0.23%,,,,,,,,,ShowDailyK_ChartFlow,FinMind_API_TaiwanStockPrice_6125,True,2026-10-05T23:38:42,2026-10-05T23:38:42,2026-10-05T23:38:42
6125,廣運,2024-10-15,90.8,3.299999999999997,3.77%,,,,,,,,,ShowDailyK_ChartFlow,FinMind_API_TaiwanStockPrice_6125,True,2026-10-05T23:38:42,2026-10-05T23:38:42,2026-10-05T23:38:42
6125,廣運,2024-10-16,92.5,1.7000000000000028,1.87%,,,,,,,,,ShowDailyK_ChartFlow,FinMind_API_TaiwanStockPrice_6125,True,2026-10-05T23:38:42,2026-10-05T23:38:42,2026-10-05T23:38:42
6125,廣運,2024-10-17,94.6,2.0999999999999943,2.27%,,,,,,,,,ShowDailyK_ChartFlow,FinMind_API_TaiwanStockPrice_6125,True,2026-10-05T23:38:42,2026-10-05T23:38:42,2026-10-05T23:38:42
6125,廣運,2024-10-18,93.2,-1.3999999999999915,-1.48%,,,,,,,,,ShowDailyK_ChartFlow,FinMind_API_TaiwanStockPrice_6125,True,2026-10-05T23:38:42,2026-10-05T23:38:42,2026-10-05T23:38:42
6125,廣運,2024-10-21,95.5,2.299999999999997,2.47%,,,,,,,,,ShowDailyK_ChartFlow,FinMind_API_TaiwanStockPrice_6125,True,2026-10-05T23:38:42,2026-10-05T23:38:42,2026-10-05T23:38:42
6125,廣運,2024-10-22,95.3,-0.20000000000000284,-0.21%,,,,,,,,,ShowDailyK_ChartFlow,FinMind_API_TaiwanStockPrice_6125,True,2026-10-05T23:38:42,2026-10-05T23:38:42,2026-10-05T23:38:42
6125,廣運,2024-10-23,94.7,-0.5999999999999943,-0.63%,,,,,,,,,ShowDailyK_ChartFlow,FinMind_API_TaiwanStockPrice_6125,True,2026-10-05T23:38:42,2026-10-05T23:38:42,2026-10-05T23:38:42
6125,廣運,2024-10-24,92.5,-2.200000000000003,-2.32%,,,,,,,,,ShowDailyK_ChartFlow,FinMind_API_TaiwanStockPrice_6125,True,2026-10-05T23:38:42,2026-10-05T23:38:42,2026-10-05T23:38:42
6125,廣運,2024-10-25,92.1,-0.4000000000000057,-0.43%,,,,,,,,,ShowDailyK_ChartFlow,FinMind_API_TaiwanStockPrice_6125,True,2026-10-05T23:38:42,2026-10-05T23:38:42,2026-10-05T23:38:42
6125,廣運,2024-10-28,90.1,-2.0,-2.17%,,,,,,,,,ShowDailyK_ChartFlow,FinMind_API_TaiwanStockPrice_6125,True,2026-10-05T23:38:42,2026-10-05T23:38:42,2026-10-05T23:38:42
6125,廣運,2024-10-29,88.9,-1.1999999999999886,-1.33%,,,,,,,,,ShowDailyK_ChartFlow,FinMind_API_TaiwanStockPrice_6125,True,2026-10-05T23:38:42,2026-10-05T23:38:42,2026-10-05T23:38:42
6125,廣運,2024-10-30,88.5,-0.4000000000000057,-0.45%,,,,,,,,,ShowDailyK_ChartFlow,FinMind_API_TaiwanStockPrice_6125,True,2026-10-05T23:38:42,2026-10-05T23:38:42,2026-10-05T23:38:42
6125,廣運,2024-11-01,89.5,1.0,1.13%,,,,,,,,,ShowDailyK_ChartFlow,FinMind_API_TaiwanStockPrice_6125,True,2026-10-05T23:38:42,2026-10-05T23:38:42,2026-10-05T23:38:42
6125,廣運,2024-11-04,87.6,-1.9000000000000057,-2.12%,,,,,,,,,ShowDailyK_ChartFlow,FinMind_API_TaiwanStockPrice_6125,True,2026-10-05T23:38:42,2026-10-05T23:38:42,2026-10-05T23:38:42
6125,廣運,2024-11-05,88.6,1.0,1.14%,,,,,,,,,ShowDailyK_ChartFlow,FinMind_API_TaiwanStockPrice_6125,True,2026-10-05T23:38:42,2026-10-05T23:38:42,2026-10-05T23:38:42
6125,廣運,2024-11-06,88.8,0.20000000000000284,0.23%,,,,,,,,,ShowDailyK_ChartFlow,FinMind_API_TaiwanStockPrice_6125,True,2026-10-05T23:38:42,2026-10-05T23:38:42,2026-10-05T23:38:42
6125,廣運,2024-11-07,91.0,2.200000000000003,2.48%,,,,,,,,,ShowDailyK_ChartFlow,FinMind_API_TaiwanStockPrice_6125,True,2026-10-05T23:38:42,2026-10-05T23:38:42,2026-10-05T23:38:42
6125,廣運,2024-11-08,89.1,-1.9000000000000057,-2.09%,,,,,,,,,ShowDailyK_ChartFlow,FinMind_API_TaiwanStockPrice_6125,True,2026-10-05T23:38:42,2026-10-05T23:38:42,2026-10-05T23:38:42
6125,廣運,2024-11-11,87.9,-1.1999999999999886,-1.35%,,,,,,,,,ShowDailyK_ChartFlow,FinMind_API_TaiwanStockPrice_6125,True,2026-10-05T23:38:42,2026-10-05T23:38:42,2026-10-05T23:38:42
6125,廣運,2024-11-12,83.9,-4.0,-4.55%,,,,,,,,,ShowDailyK_ChartFlow,FinMind_API_TaiwanStockPrice_6125,True,2026-10-05T23:38:42,2026-10-05T23:38:42,2026-10-05T23:38:42
6125,廣運,2024-11-13,85.0,1.0999999999999943,1.31%,,,,,,,,,ShowDailyK_ChartFlow,FinMind_API_TaiwanStockPrice_6125,True,2026-10-05T23:38:42,2026-10-05T23:38:42,2026-10-05T23:38:42
6125,廣運,2024-11-14,83.1,-1.9000000000000057,-2.24%,,,,,,,,,ShowDailyK_ChartFlow,FinMind_API_TaiwanStockPrice_6125,True,2026-10-05T23:38:42,2026-10-05T23:38:42,2026-10-05T23:38:42
6125,廣運,2024-11-15,81.9,-1.1999999999999886,-1.44%,,,,,,,,,ShowDailyK_ChartFlow,FinMind_API_TaiwanStockPrice_6125,True,2026-10-05T23:38:42,2026-10-05T23:38:42,2026-10-05T23:38:42
6125,廣運,2024-11-18,79.4,-2.5,-3.05%,,,,,,,,,ShowDailyK_ChartFlow,FinMind_API_TaiwanStockPrice_6125,True,2026-10-05T23:38:42,2026-10-05T23:38:42,2026-10-05T23:38:42
6125,廣運,2024-11-19,84.9,5.5,6.93%,,,,,,,,,ShowDailyK_ChartFlow,FinMind_API_TaiwanStockPrice_6125,True,2026-10-05T23:38:42,2026-10-05T23:38:42,2026-10-05T23:38:42
6125,廣運,2024-11-20,84.4,-0.5,-0.59%,,,,,,,,,ShowDailyK_ChartFlow,FinMind_API_TaiwanStockPrice_6125,True,2026-10-05T23:38:42,2026-10-05T23:38:42,2026-10-05T23:38:42
6125,廣運,2024-11-21,83.9,-0.5,-0.59%,,,,,,,,,ShowDailyK_ChartFlow,FinMind_API_TaiwanStockPrice_6125,True,2026-10-05T23:38:42,2026-10-05T23:38:42,2026-10-05T23:38:42
6125,廣運,2024-11-22,84.8,0.8999999999999915,1.07%,,,,,,,,,ShowDailyK_ChartFlow,FinMind_API_TaiwanStockPrice_6125,True,2026-10-05T23:38:42,2026-10-05T23:38:42,2026-10-05T23:38:42
6125,廣運,2024-11-25,86.4,1.6000000000000085,1.89%,,,,,,,,,ShowDailyK_ChartFlow,FinMind_API_TaiwanStockPrice_6125,True,2026-10-05T23:38:42,2026-10-05T23:38:42,2026-10-05T23:38:42
6125,廣運,2024-11-26,85.3,-1.1000000000000085,-1.27%,,,,,,,,,ShowDailyK_ChartFlow,FinMind_API_TaiwanStockPrice_6125,True,2026-10-05T23:38:42,2026-10-05T23:38:42,2026-10-05T23:38:42
6125,廣運,2024-11-27,84.3,-1.0,-1.17%,,,,,,,,,ShowDailyK_ChartFlow,FinMind_API_TaiwanStockPrice_6125,True,2026-10-05T23:38:42,2026-10-05T23:38:42,2026-10-05T23:38:42
6125,廣運,2024-11-28,82.5,-1.7999999999999972,-2.14%,,,,,,,,,ShowDailyK_ChartFlow,FinMind_API_TaiwanStockPrice_6125,True,2026-10-05T23:38:42,2026-10-05T23:38:42,2026-10-05T23:38:42
6125,廣運,2024-11-29,85.2,2.700000000000003,3.27%,,,,,,,,,ShowDailyK_ChartFlow,FinMind_API_TaiwanStockPrice_6125,True,2026-10-05T23:38:42,2026-10-05T23:38:42,2026-10-05T23:38:42
6125,廣運,2024-12-02,85.1,-0.10000000000000853,-0.12%,,,,,,,,,ShowDailyK_ChartFlow,FinMind_API_TaiwanStockPrice_6125,True,2026-10-05T23:38:42,2026-10-05T23:38:42,2026-10-05T23:38:42
6125,廣運,2024-12-03,85.2,0.10000000000000853,0.12%,,,,,,,,,ShowDailyK_ChartFlow,FinMind_API_TaiwanStockPrice_6125,True,2026-10-05T23:38:42,2026-10-05T23:38:42,2026-10-05T23:38:42
6125,廣運,2024-12-04,86.1,0.8999999999999915,1.06%,,,,,,,,,ShowDailyK_ChartFlow,FinMind_API_TaiwanStockPrice_6125,True,2026-10-05T23:38:42,2026-10-05T23:38:42,2026-10-05T23:38:42
6125,廣運,2024-12-05,85.2,-0.8999999999999915,-1.05%,,,,,,,,,ShowDailyK_ChartFlow,FinMind_API_TaiwanStockPrice_6125,True,2026-10-05T23:38:42,2026-10-05T23:38:42,2026-10-05T23:38:42
6125,廣運,2024-12-06,85.4,0.20000000000000284,0.23%,,,,,,,,,ShowDailyK_ChartFlow,FinMind_API_TaiwanStockPrice_6125,True,2026-10-05T23:38:42,2026-10-05T23:38:42,2026-10-05T23:38:42
6125,廣運,2024-12-09,86.0,0.5999999999999943,0.70%,,,,,,,,,ShowDailyK_ChartFlow,FinMind_API_TaiwanStockPrice_6125,True,2026-10-05T23:38:42,2026-10-05T23:38:42,2026-10-05T23:38:42
6125,廣運,2024-12-10,84.0,-2.0,-2.33%,,,,,,,,,ShowDailyK_ChartFlow,FinMind_API_TaiwanStockPrice_6125,True,2026-10-05T23:38:42,2026-10-05T23:38:42,2026-10-05T23:38:42
6125,廣運,2024-12-11,84.1,0.09999999999999432,0.12%,,,,,,,,,ShowDailyK_ChartFlow,FinMind_API_TaiwanStockPrice_6125,True,2026-10-05T23:38:42,2026-10-05T23:38:42,2026-10-05T23:38:42
6125,廣運,2024-12-12,85.9,1.8000000000000114,2.14%,,,,,,,,,ShowDailyK_ChartFlow,FinMind_API_TaiwanStockPrice_6125,True,2026-10-05T23:38:42,2026-10-05T23:38:42,2026-10-05T23:38:42
6125,廣運,2024-12-13,84.6,-1.3000000000000114,-1.51%,,,,,,,,,ShowDailyK_ChartFlow,FinMind_API_TaiwanStockPrice_6125,True,2026-10-05T23:38:42,2026-10-05T23:38:42,2026-10-05T23:38:42
6125,廣運,2024-12-16,81.7,-2.8999999999999915,-3.43%,,,,,,,,,ShowDailyK_ChartFlow,FinMind_API_TaiwanStockPrice_6125,True,2026-10-05T23:38:42,2026-10-05T23:38:42,2026-10-05T23:38:42
6125,廣運,2024-12-17,81.4,-0.29999999999999716,-0.37%,,,,,,,,,ShowDailyK_ChartFlow,FinMind_API_TaiwanStockPrice_6125,True,2026-10-05T23:38:42,2026-10-05T23:38:42,2026-10-05T23:38:42
6125,廣運,2024-12-18,80.9,-0.5,-0.61%,,,,,,,,,ShowDailyK_ChartFlow,FinMind_API_TaiwanStockPrice_6125,True,2026-10-05T23:38:42,2026-10-05T23:38:42,2026-10-05T23:38:42
6125,廣運,2024-12-19,80.7,-0.20000000000000284,-0.25%,,,,,,,,,ShowDailyK_ChartFlow,FinMind_API_TaiwanStockPrice_6125,True,2026-10-05T23:38:42,2026-10-05T23:38:42,2026-10-05T23:38:42
6125,廣運,2024-12-20,84.0,3.299999999999997,4.09%,,,,,,,,,ShowDailyK_ChartFlow,FinMind_API_TaiwanStockPrice_6125,True,2026-10-05T23:38:42,2026-10-05T23:38:42,2026-10-05T23:38:42
6125,廣運,2024-12-23,85.7,1.7000000000000028,2.02%,,,,,,,,,ShowDailyK_ChartFlow,FinMind_API_TaiwanStockPrice_6125,True,2026-10-05T23:38:42,2026-10-05T23:38:42,2026-10-05T23:38:42
6125,廣運,2024-12-24,90.9,5.200000000000003,6.07%,,,,,,,,,ShowDailyK_ChartFlow,FinMind_API_TaiwanStockPrice_6125,True,2026-10-05T23:38:42,2026-10-05T23:38:42,2026-10-05T23:38:42
6125,廣運,2024-12-25,91.0,0.09999999999999432,0.11%,,,,,,,,,ShowDailyK_ChartFlow,FinMind_API_TaiwanStockPrice_6125,True,2026-10-05T23:38:42,2026-10-05T23:38:42,2026-10-05T23:38:42
6125,廣運,2024-12-26,90.4,-0.5999999999999943,-0.66%,,,,,,,,,ShowDailyK_ChartFlow,FinMind_API_TaiwanStockPrice_6125,True,2026-10-05T23:38:42,2026-10-05T23:38:42,2026-10-05T23:38:42
6125,廣運,2024-12-27,89.6,-0.8000000000000114,-0.88%,,,,,,,,,ShowDailyK_ChartFlow,FinMind_API_TaiwanStockPrice_6125,True,2026-10-05T23:38:42,2026-10-05T23:38:42,2026-10-05T23:38:42
6125,廣運,2024-12-30,87.7,-1.8999999999999915,-2.12%,,,,,,,,,ShowDailyK_ChartFlow,FinMind_API_TaiwanStockPrice_6125,True,2026-10-05T23:38:42,2026-10-05T23:38:42,2026-10-05T23:38:42
6125,廣運,2024-12-31,90.1,2.3999999999999915,2.74%,,,,,,,,,ShowDailyK_ChartFlow,FinMind_API_TaiwanStockPrice_6125,True,2026-10-05T23:38:42,2026-10-05T23:38:42,2026-10-05T23:38:42
6125,廣運,2025-01-02,89.0,-1.0999999999999943,-1.22%,,,,,,,,,ShowDailyK_ChartFlow,FinMind_API_TaiwanStockPrice_6125,True,2026-10-05T23:38:42,2026-10-05T23:38:42,2026-10-05T23:38:42
6125,廣運,2025-01-03,90.8,1.7999999999999972,2.02%,,,,,,,,,ShowDailyK_ChartFlow,FinMind_API_TaiwanStockPrice_6125,True,2026-10-05T23:38:42,2026-10-05T23:38:42,2026-10-05T23:38:42
6125,廣運,2025-01-06,93.2,2.4000000000000057,2.64%,,,,,,,,,ShowDailyK_ChartFlow,FinMind_API_TaiwanStockPrice_6125,True,2026-10-05T23:38:42,2026-10-05T23:38:42,2026-10-05T23:38:42
6125,廣運,2025-01-07,98.0,4.799999999999997,5.15%,,,,,,,,,ShowDailyK_ChartFlow,FinMind_API_TaiwanStockPrice_6125,True,2026-10-05T23:38:42,2026-10-05T23:38:42,2026-10-05T23:38:42
6125,廣運,2025-01-08,96.5,-1.5,-1.53%,,,,,,,,,ShowDailyK_ChartFlow,FinMind_API_TaiwanStockPrice_6125,True,2026-10-05T23:38:42,2026-10-05T23:38:42,2026-10-05T23:38:42
6125,廣運,2025-01-09,92.0,-4.5,-4.66%,,,,,,,,,ShowDailyK_ChartFlow,FinMind_API_TaiwanStockPrice_6125,True,2026-10-05T23:38:42,2026-10-05T23:38:42,2026-10-05T23:38:42
6125,廣運,2025-01-10,90.6,-1.4000000000000057,-1.52%,,,,,,,,,ShowDailyK_ChartFlow,FinMind_API_TaiwanStockPrice_6125,True,2026-10-05T23:38:42,2026-10-05T23:38:42,2026-10-05T23:38:42
6125,廣運,2025-01-13,88.8,-1.7999999999999972,-1.99%,,,,,,,,,ShowDailyK_ChartFlow,FinMind_API_TaiwanStockPrice_6125,True,2026-10-05T23:38:42,2026-10-05T23:38:42,2026-10-05T23:38:42
6125,廣運,2025-01-14,89.4,0.6000000000000085,0.68%,,,,,,,,,ShowDailyK_ChartFlow,FinMind_API_TaiwanStockPrice_6125,True,2026-10-05T23:38:42,2026-10-05T23:38:42,2026-10-05T23:38:42
6125,廣運,2025-01-15,85.5,-3.9000000000000057,-4.36%,,,,,,,,,ShowDailyK_ChartFlow,FinMind_API_TaiwanStockPrice_6125,True,2026-10-05T23:38:42,2026-10-05T23:38:42,2026-10-05T23:38:42
6125,廣運,2025-01-16,88.4,2.9000000000000057,3.39%,,,,,,,,,ShowDailyK_ChartFlow,FinMind_API_TaiwanStockPrice_6125,True,2026-10-05T23:38:42,2026-10-05T23:38:42,2026-10-05T23:38:42
6125,廣運,2025-01-17,86.6,-1.8000000000000114,-2.04%,,,,,,,,,ShowDailyK_ChartFlow,FinMind_API_TaiwanStockPrice_6125,True,2026-10-05T23:38:42,2026-10-05T23:38:42,2026-10-05T23:38:42
6125,廣運,2025-01-20,86.1,-0.5,-0.58%,,,,,,,,,ShowDailyK_ChartFlow,FinMind_API_TaiwanStockPrice_6125,True,2026-10-05T23:38:42,2026-10-05T23:38:42,2026-10-05T23:38:42
6125,廣運,2025-01-21,85.3,-0.7999999999999972,-0.93%,,,,,,,,,ShowDailyK_ChartFlow,FinMind_API_TaiwanStockPrice_6125,True,2026-10-05T23:38:42,2026-10-05T23:38:42,2026-10-05T23:38:42
6125,廣運,2025-01-22,84.8,-0.5,-0.59%,,,,,,,,,ShowDailyK_ChartFlow,FinMind_API_TaiwanStockPrice_6125,True,2026-10-05T23:38:42,2026-10-05T23:38:42,2026-10-05T23:38:42
6125,廣運,2025-02-03,82.4,-2.3999999999999915,-2.83%,,,,,,,,,ShowDailyK_ChartFlow,FinMind_API_TaiwanStockPrice_6125,True,2026-10-05T23:38:42,2026-10-05T23:38:42,2026-10-05T23:38:42
6125,廣運,2025-02-04,81.2,-1.2000000000000028,-1.46%,,,,,,,,,ShowDailyK_ChartFlow,FinMind_API_TaiwanStockPrice_6125,True,2026-10-05T23:38:42,2026-10-05T23:38:42,2026-10-05T23:38:42
6125,廣運,2025-02-05,82.5,1.2999999999999972,1.60%,,,,,,,,,ShowDailyK_ChartFlow,FinMind_API_TaiwanStockPrice_6125,True,2026-10-05T23:38:42,2026-10-05T23:38:42,2026-10-05T23:38:42
6125,廣運,2025-02-06,82.0,-0.5,-0.61%,,,,,,,,,ShowDailyK_ChartFlow,FinMind_API_TaiwanStockPrice_6125,True,2026-10-05T23:38:42,2026-10-05T23:38:42,2026-10-05T23:38:42
6125,廣運,2025-02-07,82.1,0.09999999999999432,0.12%,,,,,,,,,ShowDailyK_ChartFlow,FinMind_API_TaiwanStockPrice_6125,True,2026-10-05T23:38:42,2026-10-05T23:38:42,2026-10-05T23:38:42
6125,廣運,2025-02-10,81.6,-0.5,-0.61%,,,,,,,,,ShowDailyK_ChartFlow,FinMind_API_TaiwanStockPrice_6125,True,2026-10-05T23:38:42,2026-10-05T23:38:42,2026-10-05T23:38:42
6125,廣運,2025-02-11,82.7,1.1000000000000085,1.35%,,,,,,,,,ShowDailyK_ChartFlow,FinMind_API_TaiwanStockPrice_6125,True,2026-10-05T23:38:42,2026-10-05T23:38:42,2026-10-05T23:38:42
6125,廣運,2025-02-12,85.6,2.8999999999999915,3.51%,,,,,,,,,ShowDailyK_ChartFlow,FinMind_API_TaiwanStockPrice_6125,True,2026-10-05T23:38:42,2026-10-05T23:38:42,2026-10-05T23:38:42
6125,廣運,2025-02-13,86.0,0.4000000000000057,0.47%,,,,,,,,,ShowDailyK_ChartFlow,FinMind_API_TaiwanStockPrice_6125,True,2026-10-05T23:38:42,2026-10-05T23:38:42,2026-10-05T23:38:42
6125,廣運,2025-02-14,86.2,0.20000000000000284,0.23%,,,,,,,,,ShowDailyK_ChartFlow,FinMind_API_TaiwanStockPrice_6125,True,2026-10-05T23:38:42,2026-10-05T23:38:42,2026-10-05T23:38:42
6125,廣運,2025-02-17,87.2,1.0,1.16%,,,,,,,,,ShowDailyK_ChartFlow,FinMind_API_TaiwanStockPrice_6125,True,2026-10-05T23:38:42,2026-10-05T23:38:42,2026-10-05T23:38:42
6125,廣運,2025-02-18,87.4,0.20000000000000284,0.23%,,,,,,,,,ShowDailyK_ChartFlow,FinMind_API_TaiwanStockPrice_6125,True,2026-10-05T23:38:42,2026-10-05T23:38:42,2026-10-05T23:38:42
6125,廣運,2025-02-19,90.0,2.5999999999999943,2.97%,,,,,,,,,ShowDailyK_ChartFlow,FinMind_API_TaiwanStockPrice_6125,True,2026-10-05T23:38:42,2026-10-05T23:38:42,2026-10-05T23:38:42
6125,廣運,2025-02-20,89.3,-0.7000000000000028,-0.78%,,,,,,,,,ShowDailyK_ChartFlow,FinMind_API_TaiwanStockPrice_6125,True,2026-10-05T23:38:42,2026-10-05T23:38:42,2026-10-05T23:38:42
6125,廣運,2025-02-21,91.5,2.200000000000003,2.46%,,,,,,,,,ShowDailyK_ChartFlow,FinMind_API_TaiwanStockPrice_6125,True,2026-10-05T23:38:42,2026-10-05T23:38:42,2026-10-05T23:38:42
6125,廣運,2025-02-24,90.7,-0.7999999999999972,-0.87%,,,,,,,,,ShowDailyK_ChartFlow,FinMind_API_TaiwanStockPrice_6125,True,2026-10-05T23:38:42,2026-10-05T23:38:42,2026-10-05T23:38:42
6125,廣運,2025-02-25,89.8,-0.9000000000000057,-0.99%,,,,,,,,,ShowDailyK_ChartFlow,FinMind_API_TaiwanStockPrice_6125,True,2026-10-05T23:38:42,2026-10-05T23:38:42,2026-10-05T23:38:42
6125,廣運,2025-02-26,89.9,0.10000000000000853,0.11%,,,,,,,,,ShowDailyK_ChartFlow,FinMind_API_TaiwanStockPrice_6125,True,2026-10-05T23:38:42,2026-10-05T23:38:42,2026-10-05T23:38:42
6125,廣運,2025-02-27,90.2,0.29999999999999716,0.33%,,,,,,,,,ShowDailyK_ChartFlow,FinMind_API_TaiwanStockPrice_6125,True,2026-10-05T23:38:42,2026-10-05T23:38:42,2026-10-05T23:38:42
6125,廣運,2025-03-03,87.3,-2.9000000000000057,-3.22%,,,,,,,,,ShowDailyK_ChartFlow,FinMind_API_TaiwanStockPrice_6125,True,2026-10-05T23:38:42,2026-10-05T23:38:42,2026-10-05T23:38:42
6125,廣運,2025-03-04,88.1,0.7999999999999972,0.92%,,,,,,,,,ShowDailyK_ChartFlow,FinMind_API_TaiwanStockPrice_6125,True,2026-10-05T23:38:42,2026-10-05T23:38:42,2026-10-05T23:38:42
6125,廣運,2025-03-05,89.7,1.6000000000000085,1.82%,,,,,,,,,ShowDailyK_ChartFlow,FinMind_API_TaiwanStockPrice_6125,True,2026-10-05T23:38:42,2026-10-05T23:38:42,2026-10-05T23:38:42
6125,廣運,2025-03-06,88.1,-1.6000000000000085,-1.78%,,,,,,,,,ShowDailyK_ChartFlow,FinMind_API_TaiwanStockPrice_6125,True,2026-10-05T23:38:42,2026-10-05T23:38:42,2026-10-05T23:38:42
6125,廣運,2025-03-07,86.6,-1.5,-1.70%,,,,,,,,,ShowDailyK_ChartFlow,FinMind_API_TaiwanStockPrice_6125,True,2026-10-05T23:38:42,2026-10-05T23:38:42,2026-10-05T23:38:42
6125,廣運,2025-03-10,85.6,-1.0,-1.15%,,,,,,,,,ShowDailyK_ChartFlow,FinMind_API_TaiwanStockPrice_6125,True,2026-10-05T23:38:42,2026-10-05T23:38:42,2026-10-05T23:38:42
6125,廣運,2025-03-11,84.8,-0.7999999999999972,-0.93%,,,,,,,,,ShowDailyK_ChartFlow,FinMind_API_TaiwanStockPrice_6125,True,2026-10-05T23:38:42,2026-10-05T23:38:42,2026-10-05T23:38:42
6125,廣運,2025-03-12,85.6,0.7999999999999972,0.94%,,,,,,,,,ShowDailyK_ChartFlow,FinMind_API_TaiwanStockPrice_6125,True,2026-10-05T23:38:42,2026-10-05T23:38:42,2026-10-05T23:38:42
6125,廣運,2025-03-13,84.2,-1.3999999999999915,-1.64%,,,,,,,,,ShowDailyK_ChartFlow,FinMind_API_TaiwanStockPrice_6125,True,2026-10-05T23:38:42,2026-10-05T23:38:42,2026-10-05T23:38:42
6125,廣運,2025-03-14,88.4,4.200000000000003,4.99%,,,,,,,,,ShowDailyK_ChartFlow,FinMind_API_TaiwanStockPrice_6125,True,2026-10-05T23:38:42,2026-10-05T23:38:42,2026-10-05T23:38:42
6125,廣運,2025-03-17,89.9,1.5,1.70%,,,,,,,,,ShowDailyK_ChartFlow,FinMind_API_TaiwanStockPrice_6125,True,2026-10-05T23:38:42,2026-10-05T23:38:42,2026-10-05T23:38:42
6125,廣運,2025-03-18,89.6,-0.30000000000001137,-0.33%,,,,,,,,,ShowDailyK_ChartFlow,FinMind_API_TaiwanStockPrice_6125,True,2026-10-05T23:38:42,2026-10-05T23:38:42,2026-10-05T23:38:42
6125,廣運,2025-03-19,84.1,-5.5,-6.14%,,,,,,,,,ShowDailyK_ChartFlow,FinMind_API_TaiwanStockPrice_6125,True,2026-10-05T23:38:42,2026-10-05T23:38:42,2026-10-05T23:38:42
6125,廣運,2025-03-20,84.3,0.20000000000000284,0.24%,,,,,,,,,ShowDailyK_ChartFlow,FinMind_API_TaiwanStockPrice_6125,True,2026-10-05T23:38:42,2026-10-05T23:38:42,2026-10-05T23:38:42
6125,廣運,2025-03-21,83.8,-0.5,-0.59%,,,,,,,,,ShowDailyK_ChartFlow,FinMind_API_TaiwanStockPrice_6125,True,2026-10-05T23:38:42,2026-10-05T23:38:42,2026-10-05T23:38:42
6125,廣運,2025-03-24,82.0,-1.7999999999999972,-2.15%,,,,,,,,,ShowDailyK_ChartFlow,FinMind_API_TaiwanStockPrice_6125,True,2026-10-05T23:38:42,2026-10-05T23:38:42,2026-10-05T23:38:42
6125,廣運,2025-03-25,81.8,-0.20000000000000284,-0.24%,,,,,,,,,ShowDailyK_ChartFlow,FinMind_API_TaiwanStockPrice_6125,True,2026-10-05T23:38:42,2026-10-05T23:38:42,2026-10-05T23:38:42
6125,廣運,2025-03-26,82.0,0.20000000000000284,0.24%,,,,,,,,,ShowDailyK_ChartFlow,FinMind_API_TaiwanStockPrice_6125,True,2026-10-05T23:38:42,2026-10-05T23:38:42,2026-10-05T23:38:42
6125,廣運,2025-03-27,80.8,-1.2000000000000028,-1.46%,,,,,,,,,ShowDailyK_ChartFlow,FinMind_API_TaiwanStockPrice_6125,True,2026-10-05T23:38:42,2026-10-05T23:38:42,2026-10-05T23:38:42
6125,廣運,2025-03-28,73.6,-7.200000000000003,-8.91%,,,,,,,,,ShowDailyK_ChartFlow,FinMind_API_TaiwanStockPrice_6125,True,2026-10-05T23:38:42,2026-10-05T23:38:42,2026-10-05T23:38:42
6125,廣運,2025-03-31,66.3,-7.299999999999997,-9.92%,,,,,,,,,ShowDailyK_ChartFlow,FinMind_API_TaiwanStockPrice_6125,True,2026-10-05T23:38:42,2026-10-05T23:38:42,2026-10-05T23:38:42
6125,廣運,2025-04-01,68.0,1.7000000000000028,2.56%,,,,,,,,,ShowDailyK_ChartFlow,FinMind_API_TaiwanStockPrice_6125,True,2026-10-05T23:38:42,2026-10-05T23:38:42,2026-10-05T23:38:42
6125,廣運,2025-04-02,69.2,1.2000000000000028,1.76%,,,,,,,,,ShowDailyK_ChartFlow,FinMind_API_TaiwanStockPrice_6125,True,2026-10-05T23:38:42,2026-10-05T23:38:42,2026-10-05T23:38:42
6125,廣運,2025-04-07,62.3,-6.900000000000006,-9.97%,,,,,,,,,ShowDailyK_ChartFlow,FinMind_API_TaiwanStockPrice_6125,True,2026-10-05T23:38:42,2026-10-05T23:38:42,2026-10-05T23:38:42
6125,廣運,2025-04-08,56.1,-6.199999999999996,-9.95%,,,,,,,,,ShowDailyK_ChartFlow,FinMind_API_TaiwanStockPrice_6125,True,2026-10-05T23:38:42,2026-10-05T23:38:42,2026-10-05T23:38:42
6125,廣運,2025-04-09,50.5,-5.600000000000001,-9.98%,,,,,,,,,ShowDailyK_ChartFlow,FinMind_API_TaiwanStockPrice_6125,True,2026-10-05T23:38:42,2026-10-05T23:38:42,2026-10-05T23:38:42
6125,廣運,2025-04-10,55.5,5.0,9.90%,,,,,,,,,ShowDailyK_ChartFlow,FinMind_API_TaiwanStockPrice_6125,True,2026-10-05T23:38:42,2026-10-05T23:38:42,2026-10-05T23:38:42
6125,廣運,2025-04-11,54.0,-1.5,-2.70%,,,,,,,,,ShowDailyK_ChartFlow,FinMind_API_TaiwanStockPrice_6125,True,2026-10-05T23:38:42,2026-10-05T23:38:42,2026-10-05T23:38:42
6125,廣運,2025-04-14,56.6,2.6000000000000014,4.81%,,,,,,,,,ShowDailyK_ChartFlow,FinMind_API_TaiwanStockPrice_6125,True,2026-10-05T23:38:42,2026-10-05T23:38:42,2026-10-05T23:38:42
6125,廣運,2025-04-15,59.8,3.1999999999999957,5.65%,,,,,,,,,ShowDailyK_ChartFlow,FinMind_API_TaiwanStockPrice_6125,True,2026-10-05T23:38:42,2026-10-05T23:38:42,2026-10-05T23:38:42
6125,廣運,2025-04-16,59.9,0.10000000000000142,0.17%,,,,,,,,,ShowDailyK_ChartFlow,FinMind_API_TaiwanStockPrice_6125,True,2026-10-05T23:38:42,2026-10-05T23:38:42,2026-10-05T23:38:42
6125,廣運,2025-04-17,59.9,0.0,0.00%,,,,,,,,,ShowDailyK_ChartFlow,FinMind_API_TaiwanStockPrice_6125,True,2026-10-05T23:38:42,2026-10-05T23:38:42,2026-10-05T23:38:42
6125,廣運,2025-04-18,60.2,0.30000000000000426,0.50%,,,,,,,,,ShowDailyK_ChartFlow,FinMind_API_TaiwanStockPrice_6125,True,2026-10-05T23:38:42,2026-10-05T23:38:42,2026-10-05T23:38:42
6125,廣運,2025-04-21,56.3,-3.9000000000000057,-6.48%,,,,,,,,,ShowDailyK_ChartFlow,FinMind_API_TaiwanStockPrice_6125,True,2026-10-05T23:38:42,2026-10-05T23:38:42,2026-10-05T23:38:42
6125,廣運,2025-04-22,56.4,0.10000000000000142,0.18%,,,,,,,,,ShowDailyK_ChartFlow,FinMind_API_TaiwanStockPrice_6125,True,2026-10-05T23:38:42,2026-10-05T23:38:42,2026-10-05T23:38:42
6125,廣運,2025-04-23,60.4,4.0,7.09%,,,,,,,,,ShowDailyK_ChartFlow,FinMind_API_TaiwanStockPrice_6125,True,2026-10-05T23:38:42,2026-10-05T23:38:42,2026-10-05T23:38:42
6125,廣運,2025-04-24,59.6,-0.7999999999999972,-1.32%,,,,,,,,,ShowDailyK_ChartFlow,FinMind_API_TaiwanStockPrice_6125,True,2026-10-05T23:38:42,2026-10-05T23:38:42,2026-10-05T23:38:42
6125,廣運,2025-04-25,60.8,1.1999999999999957,2.01%,,,,,,,,,ShowDailyK_ChartFlow,FinMind_API_TaiwanStockPrice_6125,True,2026-10-05T23:38:42,2026-10-05T23:38:42,2026-10-05T23:38:42
6125,廣運,2025-04-28,61.6,0.8000000000000043,1.32%,,,,,,,,,ShowDailyK_ChartFlow,FinMind_API_TaiwanStockPrice_6125,True,2026-10-05T23:38:42,2026-10-05T23:38:42,2026-10-05T23:38:42
6125,廣運,2025-04-29,63.8,2.1999999999999957,3.57%,,,,,,,,,ShowDailyK_ChartFlow,FinMind_API_TaiwanStockPrice_6125,True,2026-10-05T23:38:42,2026-10-05T23:38:42,2026-10-05T23:38:42
6125,廣運,2025-04-30,63.0,-0.7999999999999972,-1.25%,,,,,,,,,ShowDailyK_ChartFlow,FinMind_API_TaiwanStockPrice_6125,True,2026-10-05T23:38:42,2026-10-05T23:38:42,2026-10-05T23:38:42
6125,廣運,2025-05-02,63.9,0.8999999999999986,1.43%,,,,,,,,,ShowDailyK_ChartFlow,FinMind_API_TaiwanStockPrice_6125,True,2026-10-05T23:38:42,2026-10-05T23:38:42,2026-10-05T23:38:42
6125,廣運,2025-05-05,61.7,-2.1999999999999957,-3.44%,,,,,,,,,ShowDailyK_ChartFlow,FinMind_API_TaiwanStockPrice_6125,True,2026-10-05T23:38:42,2026-10-05T23:38:42,2026-10-05T23:38:42
6125,廣運,2025-05-06,62.1,0.3999999999999986,0.65%,,,,,,,,,ShowDailyK_ChartFlow,FinMind_API_TaiwanStockPrice_6125,True,2026-10-05T23:38:42,2026-10-05T23:38:42,2026-10-05T23:38:42
6125,廣運,2025-05-07,61.8,-0.30000000000000426,-0.48%,,,,,,,,,ShowDailyK_ChartFlow,FinMind_API_TaiwanStockPrice_6125,True,2026-10-05T23:38:42,2026-10-05T23:38:42,2026-10-05T23:38:42
6125,廣運,2025-05-08,63.5,1.7000000000000028,2.75%,,,,,,,,,ShowDailyK_ChartFlow,FinMind_API_TaiwanStockPrice_6125,True,2026-10-05T23:38:42,2026-10-05T23:38:42,2026-10-05T23:38:42
6125,廣運,2025-05-09,63.7,0.20000000000000284,0.31%,,,,,,,,,ShowDailyK_ChartFlow,FinMind_API_TaiwanStockPrice_6125,True,2026-10-05T23:38:42,2026-10-05T23:38:42,2026-10-05T23:38:42
6125,廣運,2025-05-12,65.1,1.3999999999999915,2.20%,,,,,,,,,ShowDailyK_ChartFlow,FinMind_API_TaiwanStockPrice_6125,True,2026-10-05T23:38:42,2026-10-05T23:38:42,2026-10-05T23:38:42
6125,廣運,2025-05-13,65.4,0.30000000000001137,0.46%,,,,,,,,,ShowDailyK_ChartFlow,FinMind_API_TaiwanStockPrice_6125,True,2026-10-05T23:38:42,2026-10-05T23:38:42,2026-10-05T23:38:42
6125,廣運,2025-05-14,66.7,1.2999999999999972,1.99%,,,,,,,,,ShowDailyK_ChartFlow,FinMind_API_TaiwanStockPrice_6125,True,2026-10-05T23:38:42,2026-10-05T23:38:42,2026-10-05T23:38:42
6125,廣運,2025-05-15,67.5,0.7999999999999972,1.20%,,,,,,,,,ShowDailyK_ChartFlow,FinMind_API_TaiwanStockPrice_6125,True,2026-10-05T23:38:42,2026-10-05T23:38:42,2026-10-05T23:38:42
6125,廣運,2025-05-16,69.4,1.9000000000000057,2.81%,,,,,,,,,ShowDailyK_ChartFlow,FinMind_API_TaiwanStockPrice_6125,True,2026-10-05T23:38:42,2026-10-05T23:38:42,2026-10-05T23:38:42
6125,廣運,2025-05-19,69.8,0.3999999999999915,0.58%,,,,,,,,,ShowDailyK_ChartFlow,FinMind_API_TaiwanStockPrice_6125,True,2026-10-05T23:38:42,2026-10-05T23:38:42,2026-10-05T23:38:42
6125,廣運,2025-05-20,69.5,-0.29999999999999716,-0.43%,,,,,,,,,ShowDailyK_ChartFlow,FinMind_API_TaiwanStockPrice_6125,True,2026-10-05T23:38:42,2026-10-05T23:38:42,2026-10-05T23:38:42
6125,廣運,2025-05-21,72.3,2.799999999999997,4.03%,,,,,,,,,ShowDailyK_ChartFlow,FinMind_API_TaiwanStockPrice_6125,True,2026-10-05T23:38:42,2026-10-05T23:38:42,2026-10-05T23:38:42
6125,廣運,2025-05-22,72.5,0.20000000000000284,0.28%,,,,,,,,,ShowDailyK_ChartFlow,FinMind_API_TaiwanStockPrice_6125,True,2026-10-05T23:38:42,2026-10-05T23:38:42,2026-10-05T23:38:42
6125,廣運,2025-05-23,72.5,0.0,0.00%,,,,,,,,,ShowDailyK_ChartFlow,FinMind_API_TaiwanStockPrice_6125,True,2026-10-05T23:38:42,2026-10-05T23:38:42,2026-10-05T23:38:42
6125,廣運,2025-05-26,73.0,0.5,0.69%,,,,,,,,,ShowDailyK_ChartFlow,FinMind_API_TaiwanStockPrice_6125,True,2026-10-05T23:38:42,2026-10-05T23:38:42,2026-10-05T23:38:42
6125,廣運,2025-05-27,70.3,-2.700000000000003,-3.70%,,,,,,,,,ShowDailyK_ChartFlow,FinMind_API_TaiwanStockPrice_6125,True,2026-10-05T23:38:42,2026-10-05T23:38:42,2026-10-05T23:38:42
6125,廣運,2025-05-28,68.8,-1.5,-2.13%,,,,,,,,,ShowDailyK_ChartFlow,FinMind_API_TaiwanStockPrice_6125,True,2026-10-05T23:38:42,2026-10-05T23:38:42,2026-10-05T23:38:42
6125,廣運,2025-05-29,68.8,0.0,0.00%,,,,,,,,,ShowDailyK_ChartFlow,FinMind_API_TaiwanStockPrice_6125,True,2026-10-05T23:38:42,2026-10-05T23:38:42,2026-10-05T23:38:42
6125,廣運,2025-06-02,67.8,-1.0,-1.45%,,,,,,,,,ShowDailyK_ChartFlow,FinMind_API_TaiwanStockPrice_6125,True,2026-10-05T23:38:42,2026-10-05T23:38:42,2026-10-05T23:38:42
6125,廣運,2025-06-03,68.6,0.7999999999999972,1.18%,,,,,,,,,ShowDailyK_ChartFlow,FinMind_API_TaiwanStockPrice_6125,True,2026-10-05T23:38:42,2026-10-05T23:38:42,2026-10-05T23:38:42
6125,廣運,2025-06-04,69.2,0.6000000000000085,0.87%,,,,,,,,,ShowDailyK_ChartFlow,FinMind_API_TaiwanStockPrice_6125,True,2026-10-05T23:38:42,2026-10-05T23:38:42,2026-10-05T23:38:42
6125,廣運,2025-06-05,68.6,-0.6000000000000085,-0.87%,,,,,,,,,ShowDailyK_ChartFlow,FinMind_API_TaiwanStockPrice_6125,True,2026-10-05T23:38:42,2026-10-05T23:38:42,2026-10-05T23:38:42
6125,廣運,2025-06-06,67.5,-1.0999999999999943,-1.60%,,,,,,,,,ShowDailyK_ChartFlow,FinMind_API_TaiwanStockPrice_6125,True,2026-10-05T23:38:42,2026-10-05T23:38:42,2026-10-05T23:38:42
6125,廣運,2025-06-09,67.7,0.20000000000000284,0.30%,,,,,,,,,ShowDailyK_ChartFlow,FinMind_API_TaiwanStockPrice_6125,True,2026-10-05T23:38:42,2026-10-05T23:38:42,2026-10-05T23:38:42
6125,廣運,2025-06-10,68.6,0.8999999999999915,1.33%,,,,,,,,,ShowDailyK_ChartFlow,FinMind_API_TaiwanStockPrice_6125,True,2026-10-05T23:38:42,2026-10-05T23:38:42,2026-10-05T23:38:42
6125,廣運,2025-06-11,69.6,1.0,1.46%,,,,,,,,,ShowDailyK_ChartFlow,FinMind_API_TaiwanStockPrice_6125,True,2026-10-05T23:38:42,2026-10-05T23:38:42,2026-10-05T23:38:42
6125,廣運,2025-06-12,71.3,1.7000000000000028,2.44%,,,,,,,,,ShowDailyK_ChartFlow,FinMind_API_TaiwanStockPrice_6125,True,2026-10-05T23:38:42,2026-10-05T23:38:42,2026-10-05T23:38:42
6125,廣運,2025-06-13,69.7,-1.5999999999999943,-2.24%,,,,,,,,,ShowDailyK_ChartFlow,FinMind_API_TaiwanStockPrice_6125,True,2026-10-05T23:38:42,2026-10-05T23:38:42,2026-10-05T23:38:42
6125,廣運,2025-06-16,68.9,-0.7999999999999972,-1.15%,,,,,,,,,ShowDailyK_ChartFlow,FinMind_API_TaiwanStockPrice_6125,True,2026-10-05T23:38:42,2026-10-05T23:38:42,2026-10-05T23:38:42
6125,廣運,2025-06-17,68.6,-0.30000000000001137,-0.44%,,,,,,,,,ShowDailyK_ChartFlow,FinMind_API_TaiwanStockPrice_6125,True,2026-10-05T23:38:42,2026-10-05T23:38:42,2026-10-05T23:38:42
6125,廣運,2025-06-18,68.8,0.20000000000000284,0.29%,,,,,,,,,ShowDailyK_ChartFlow,FinMind_API_TaiwanStockPrice_6125,True,2026-10-05T23:38:42,2026-10-05T23:38:42,2026-10-05T23:38:42
6125,廣運,2025-06-19,67.1,-1.7000000000000028,-2.47%,,,,,,,,,ShowDailyK_ChartFlow,FinMind_API_TaiwanStockPrice_6125,True,2026-10-05T23:38:42,2026-10-05T23:38:42,2026-10-05T23:38:42
6125,廣運,2025-06-20,65.9,-1.1999999999999886,-1.79%,,,,,,,,,ShowDailyK_ChartFlow,FinMind_API_TaiwanStockPrice_6125,True,2026-10-05T23:38:42,2026-10-05T23:38:42,2026-10-05T23:38:42
6125,廣運,2025-06-23,65.1,-0.8000000000000114,-1.21%,,,,,,,,,ShowDailyK_ChartFlow,FinMind_API_TaiwanStockPrice_6125,True,2026-10-05T23:38:42,2026-10-05T23:38:42,2026-10-05T23:38:42
6125,廣運,2025-06-24,67.9,2.8000000000000114,4.30%,,,,,,,,,ShowDailyK_ChartFlow,FinMind_API_TaiwanStockPrice_6125,True,2026-10-05T23:38:42,2026-10-05T23:38:42,2026-10-05T23:38:42
6125,廣運,2025-06-25,67.7,-0.20000000000000284,-0.29%,,,,,,,,,ShowDailyK_ChartFlow,FinMind_API_TaiwanStockPrice_6125,True,2026-10-05T23:38:42,2026-10-05T23:38:42,2026-10-05T23:38:42
6125,廣運,2025-06-26,67.1,-0.6000000000000085,-0.89%,,,,,,,,,ShowDailyK_ChartFlow,FinMind_API_TaiwanStockPrice_6125,True,2026-10-05T23:38:42,2026-10-05T23:38:42,2026-10-05T23:38:42
6125,廣運,2025-06-27,65.8,-1.2999999999999972,-1.94%,,,,,,,,,ShowDailyK_ChartFlow,FinMind_API_TaiwanStockPrice_6125,True,2026-10-05T23:38:42,2026-10-05T23:38:42,2026-10-05T23:38:42
6125,廣運,2025-06-30,64.0,-1.7999999999999972,-2.74%,,,,,,,,,ShowDailyK_ChartFlow,FinMind_API_TaiwanStockPrice_6125,True,2026-10-05T23:38:42,2026-10-05T23:38:42,2026-10-05T23:38:42
6125,廣運,2025-07-01,63.2,-0.7999999999999972,-1.25%,,,,,,,,,ShowDailyK_ChartFlow,FinMind_API_TaiwanStockPrice_6125,True,2026-10-05T23:38:42,2026-10-05T23:38:42,2026-10-05T23:38:42
6125,廣運,2025-07-02,62.0,-1.2000000000000028,-1.90%,,,,,,,,,ShowDailyK_ChartFlow,FinMind_API_TaiwanStockPrice_6125,True,2026-10-05T23:38:42,2026-10-05T23:38:42,2026-10-05T23:38:42
6125,廣運,2025-07-03,62.6,0.6000000000000014,0.97%,,,,,,,,,ShowDailyK_ChartFlow,FinMind_API_TaiwanStockPrice_6125,True,2026-10-05T23:38:42,2026-10-05T23:38:42,2026-10-05T23:38:42
6125,廣運,2025-07-04,60.6,-2.0,-3.19%,,,,,,,,,ShowDailyK_ChartFlow,FinMind_API_TaiwanStockPrice_6125,True,2026-10-05T23:38:42,2026-10-05T23:38:42,2026-10-05T23:38:42
6125,廣運,2025-07-07,60.7,0.10000000000000142,0.17%,,,,,,,,,ShowDailyK_ChartFlow,FinMind_API_TaiwanStockPrice_6125,True,2026-10-05T23:38:42,2026-10-05T23:38:42,2026-10-05T23:38:42
6125,廣運,2025-07-08,60.0,-0.7000000000000028,-1.15%,,,,,,,,,ShowDailyK_ChartFlow,FinMind_API_TaiwanStockPrice_6125,True,2026-10-05T23:38:42,2026-10-05T23:38:42,2026-10-05T23:38:42
6125,廣運,2025-07-09,60.6,0.6000000000000014,1.00%,,,,,,,,,ShowDailyK_ChartFlow,FinMind_API_TaiwanStockPrice_6125,True,2026-10-05T23:38:42,2026-10-05T23:38:42,2026-10-05T23:38:42
6125,廣運,2025-07-10,60.1,-0.5,-0.83%,,,,,,,,,ShowDailyK_ChartFlow,FinMind_API_TaiwanStockPrice_6125,True,2026-10-05T23:38:42,2026-10-05T23:38:42,2026-10-05T23:38:42
6125,廣運,2025-07-11,64.2,4.100000000000001,6.82%,,,,,,,,,ShowDailyK_ChartFlow,FinMind_API_TaiwanStockPrice_6125,True,2026-10-05T23:38:42,2026-10-05T23:38:42,2026-10-05T23:38:42
6125,廣運,2025-07-14,63.5,-0.7000000000000028,-1.09%,,,,,,,,,ShowDailyK_ChartFlow,FinMind_API_TaiwanStockPrice_6125,True,2026-10-05T23:38:42,2026-10-05T23:38:42,2026-10-05T23:38:42
6125,廣運,2025-07-15,66.9,3.4000000000000057,5.35%,,,,,,,,,ShowDailyK_ChartFlow,FinMind_API_TaiwanStockPrice_6125,True,2026-10-05T23:38:42,2026-10-05T23:38:42,2026-10-05T23:38:42
6125,廣運,2025-07-16,65.9,-1.0,-1.49%,,,,,,,,,ShowDailyK_ChartFlow,FinMind_API_TaiwanStockPrice_6125,True,2026-10-05T23:38:42,2026-10-05T23:38:42,2026-10-05T23:38:42
6125,廣運,2025-07-17,66.3,0.3999999999999915,0.61%,,,,,,,,,ShowDailyK_ChartFlow,FinMind_API_TaiwanStockPrice_6125,True,2026-10-05T23:38:42,2026-10-05T23:38:42,2026-10-05T23:38:42
6125,廣運,2025-07-18,67.0,0.7000000000000028,1.06%,,,,,,,,,ShowDailyK_ChartFlow,FinMind_API_TaiwanStockPrice_6125,True,2026-10-05T23:38:42,2026-10-05T23:38:42,2026-10-05T23:38:42
6125,廣運,2025-07-21,67.7,0.7000000000000028,1.04%,,,,,,,,,ShowDailyK_ChartFlow,FinMind_API_TaiwanStockPrice_6125,True,2026-10-05T23:38:42,2026-10-05T23:38:42,2026-10-05T23:38:42
6125,廣運,2025-07-22,68.5,0.7999999999999972,1.18%,,,,,,,,,ShowDailyK_ChartFlow,FinMind_API_TaiwanStockPrice_6125,True,2026-10-05T23:38:42,2026-10-05T23:38:42,2026-10-05T23:38:42
6125,廣運,2025-07-23,70.8,2.299999999999997,3.36%,,,,,,,,,ShowDailyK_ChartFlow,FinMind_API_TaiwanStockPrice_6125,True,2026-10-05T23:38:42,2026-10-05T23:38:42,2026-10-05T23:38:42
6125,廣運,2025-07-24,74.7,3.9000000000000057,5.51%,,,,,,,,,ShowDailyK_ChartFlow,FinMind_API_TaiwanStockPrice_6125,True,2026-10-05T23:38:42,2026-10-05T23:38:42,2026-10-05T23:38:42
6125,廣運,2025-07-25,73.8,-0.9000000000000057,-1.20%,,,,,,,,,ShowDailyK_ChartFlow,FinMind_API_TaiwanStockPrice_6125,True,2026-10-05T23:38:42,2026-10-05T23:38:42,2026-10-05T23:38:42
6125,廣運,2025-07-28,75.0,1.2000000000000028,1.63%,,,,,,,,,ShowDailyK_ChartFlow,FinMind_API_TaiwanStockPrice_6125,True,2026-10-05T23:38:42,2026-10-05T23:38:42,2026-10-05T23:38:42
6125,廣運,2025-07-29,73.2,-1.7999999999999972,-2.40%,,,,,,,,,ShowDailyK_ChartFlow,FinMind_API_TaiwanStockPrice_6125,True,2026-10-05T23:38:42,2026-10-05T23:38:42,2026-10-05T23:38:42
6125,廣運,2025-07-30,73.4,0.20000000000000284,0.27%,,,,,,,,,ShowDailyK_ChartFlow,FinMind_API_TaiwanStockPrice_6125,True,2026-10-05T23:38:42,2026-10-05T23:38:42,2026-10-05T23:38:42
6125,廣運,2025-07-31,73.5,0.09999999999999432,0.14%,,,,,,,,,ShowDailyK_ChartFlow,FinMind_API_TaiwanStockPrice_6125,True,2026-10-05T23:38:42,2026-10-05T23:38:42,2026-10-05T23:38:42
6125,廣運,2025-08-01,75.5,2.0,2.72%,,,,,,,,,ShowDailyK_ChartFlow,FinMind_API_TaiwanStockPrice_6125,True,2026-10-05T23:38:42,2026-10-05T23:38:42,2026-10-05T23:38:42
6125,廣運,2025-08-04,75.0,-0.5,-0.66%,,,,,,,,,ShowDailyK_ChartFlow,FinMind_API_TaiwanStockPrice_6125,True,2026-10-05T23:38:42,2026-10-05T23:38:42,2026-10-05T23:38:42
6125,廣運,2025-08-05,74.6,-0.4000000000000057,-0.53%,,,,,,,,,ShowDailyK_ChartFlow,FinMind_API_TaiwanStockPrice_6125,True,2026-10-05T23:38:42,2026-10-05T23:38:42,2026-10-05T23:38:42
6125,廣運,2025-08-06,74.9,0.30000000000001137,0.40%,,,,,,,,,ShowDailyK_ChartFlow,FinMind_API_TaiwanStockPrice_6125,True,2026-10-05T23:38:42,2026-10-05T23:38:42,2026-10-05T23:38:42
6125,廣運,2025-08-07,75.0,0.09999999999999432,0.13%,,,,,,,,,ShowDailyK_ChartFlow,FinMind_API_TaiwanStockPrice_6125,True,2026-10-05T23:38:42,2026-10-05T23:38:42,2026-10-05T23:38:42
6125,廣運,2025-08-08,78.5,3.5,4.67%,,,,,,,,,ShowDailyK_ChartFlow,FinMind_API_TaiwanStockPrice_6125,True,2026-10-05T23:38:42,2026-10-05T23:38:42,2026-10-05T23:38:42
6125,廣運,2025-08-11,79.6,1.0999999999999943,1.40%,,,,,,,,,ShowDailyK_ChartFlow,FinMind_API_TaiwanStockPrice_6125,True,2026-10-05T23:38:42,2026-10-05T23:38:42,2026-10-05T23:38:42
6125,廣運,2025-08-12,80.4,0.8000000000000114,1.01%,,,,,,,,,ShowDailyK_ChartFlow,FinMind_API_TaiwanStockPrice_6125,True,2026-10-05T23:38:42,2026-10-05T23:38:42,2026-10-05T23:38:42
6125,廣運,2025-08-13,81.4,1.0,1.24%,,,,,,,,,ShowDailyK_ChartFlow,FinMind_API_TaiwanStockPrice_6125,True,2026-10-05T23:38:42,2026-10-05T23:38:42,2026-10-05T23:38:42
6125,廣運,2025-08-14,81.9,0.5,0.61%,,,,,,,,,ShowDailyK_ChartFlow,FinMind_API_TaiwanStockPrice_6125,True,2026-10-05T23:38:42,2026-10-05T23:38:42,2026-10-05T23:38:42
6125,廣運,2025-08-15,86.2,4.299999999999997,5.25%,,,,,,,,,ShowDailyK_ChartFlow,FinMind_API_TaiwanStockPrice_6125,True,2026-10-05T23:38:42,2026-10-05T23:38:42,2026-10-05T23:38:42
6125,廣運,2025-08-18,86.9,0.7000000000000028,0.81%,,,,,,,,,ShowDailyK_ChartFlow,FinMind_API_TaiwanStockPrice_6125,True,2026-10-05T23:38:42,2026-10-05T23:38:42,2026-10-05T23:38:42
6125,廣運,2025-08-19,82.6,-4.300000000000011,-4.95%,,,,,,,,,ShowDailyK_ChartFlow,FinMind_API_TaiwanStockPrice_6125,True,2026-10-05T23:38:42,2026-10-05T23:38:42,2026-10-05T23:38:42
6125,廣運,2025-08-20,79.8,-2.799999999999997,-3.39%,,,,,,,,,ShowDailyK_ChartFlow,FinMind_API_TaiwanStockPrice_6125,True,2026-10-05T23:38:42,2026-10-05T23:38:42,2026-10-05T23:38:42
6125,廣運,2025-08-21,81.1,1.2999999999999972,1.63%,,,,,,,,,ShowDailyK_ChartFlow,FinMind_API_TaiwanStockPrice_6125,True,2026-10-05T23:38:42,2026-10-05T23:38:42,2026-10-05T23:38:42
6125,廣運,2025-08-22,78.5,-2.5999999999999943,-3.21%,,,,,,,,,ShowDailyK_ChartFlow,FinMind_API_TaiwanStockPrice_6125,True,2026-10-05T23:38:42,2026-10-05T23:38:42,2026-10-05T23:38:42
6125,廣運,2025-08-25,80.6,2.0999999999999943,2.68%,,,,,,,,,ShowDailyK_ChartFlow,FinMind_API_TaiwanStockPrice_6125,True,2026-10-05T23:38:42,2026-10-05T23:38:42,2026-10-05T23:38:42
6125,廣運,2025-08-26,80.4,-0.19999999999998863,-0.25%,,,,,,,,,ShowDailyK_ChartFlow,FinMind_API_TaiwanStockPrice_6125,True,2026-10-05T23:38:42,2026-10-05T23:38:42,2026-10-05T23:38:42
6125,廣運,2025-08-27,80.4,0.0,0.00%,,,,,,,,,ShowDailyK_ChartFlow,FinMind_API_TaiwanStockPrice_6125,True,2026-10-05T23:38:42,2026-10-05T23:38:42,2026-10-05T23:38:42
6125,廣運,2025-08-28,80.5,0.09999999999999432,0.12%,,,,,,,,,ShowDailyK_ChartFlow,FinMind_API_TaiwanStockPrice_6125,True,2026-10-05T23:38:42,2026-10-05T23:38:42,2026-10-05T23:38:42
6125,廣運,2025-08-29,79.7,-0.7999999999999972,-0.99%,,,,,,,,,ShowDailyK_ChartFlow,FinMind_API_TaiwanStockPrice_6125,True,2026-10-05T23:38:42,2026-10-05T23:38:42,2026-10-05T23:38:42
6125,廣運,2025-09-01,76.7,-3.0,-3.76%,,,,,,,,,ShowDailyK_ChartFlow,FinMind_API_TaiwanStockPrice_6125,True,2026-10-05T23:38:42,2026-10-05T23:38:42,2026-10-05T23:38:42
6125,廣運,2025-09-02,76.8,0.09999999999999432,0.13%,,,,,,,,,ShowDailyK_ChartFlow,FinMind_API_TaiwanStockPrice_6125,True,2026-10-05T23:38:42,2026-10-05T23:38:42,2026-10-05T23:38:42
6125,廣運,2025-09-03,76.6,-0.20000000000000284,-0.26%,,,,,,,,,ShowDailyK_ChartFlow,FinMind_API_TaiwanStockPrice_6125,True,2026-10-05T23:38:42,2026-10-05T23:38:42,2026-10-05T23:38:42
6125,廣運,2025-09-04,76.2,-0.3999999999999915,-0.52%,,,,,,,,,ShowDailyK_ChartFlow,FinMind_API_TaiwanStockPrice_6125,True,2026-10-05T23:38:42,2026-10-05T23:38:42,2026-10-05T23:38:42
6125,廣運,2025-09-05,76.1,-0.10000000000000853,-0.13%,,,,,,,,,ShowDailyK_ChartFlow,FinMind_API_TaiwanStockPrice_6125,True,2026-10-05T23:38:42,2026-10-05T23:38:42,2026-10-05T23:38:42
6125,廣運,2025-09-08,76.6,0.5,0.66%,,,,,,,,,ShowDailyK_ChartFlow,FinMind_API_TaiwanStockPrice_6125,True,2026-10-05T23:38:42,2026-10-05T23:38:42,2026-10-05T23:38:42
6125,廣運,2025-09-09,77.1,0.5,0.65%,,,,,,,,,ShowDailyK_ChartFlow,FinMind_API_TaiwanStockPrice_6125,True,2026-10-05T23:38:42,2026-10-05T23:38:42,2026-10-05T23:38:42
6125,廣運,2025-09-10,78.2,1.1000000000000085,1.43%,,,,,,,,,ShowDailyK_ChartFlow,FinMind_API_TaiwanStockPrice_6125,True,2026-10-05T23:38:42,2026-10-05T23:38:42,2026-10-05T23:38:42
6125,廣運,2025-09-11,76.5,-1.7000000000000028,-2.17%,,,,,,,,,ShowDailyK_ChartFlow,FinMind_API_TaiwanStockPrice_6125,True,2026-10-05T23:38:42,2026-10-05T23:38:42,2026-10-05T23:38:42
6125,廣運,2025-09-12,77.0,0.5,0.65%,,,,,,,,,ShowDailyK_ChartFlow,FinMind_API_TaiwanStockPrice_6125,True,2026-10-05T23:38:42,2026-10-05T23:38:42,2026-10-05T23:38:42
6125,廣運,2025-09-15,78.7,1.7000000000000028,2.21%,,,,,,,,,ShowDailyK_ChartFlow,FinMind_API_TaiwanStockPrice_6125,True,2026-10-05T23:38:42,2026-10-05T23:38:42,2026-10-05T23:38:42
6125,廣運,2025-09-16,81.9,3.200000000000003,4.07%,,,,,,,,,ShowDailyK_ChartFlow,FinMind_API_TaiwanStockPrice_6125,True,2026-10-05T23:38:42,2026-10-05T23:38:42,2026-10-05T23:38:42
6125,廣運,2025-09-17,80.4,-1.5,-1.83%,,,,,,,,,ShowDailyK_ChartFlow,FinMind_API_TaiwanStockPrice_6125,True,2026-10-05T23:38:42,2026-10-05T23:38:42,2026-10-05T23:38:42
6125,廣運,2025-09-18,81.4,1.0,1.24%,,,,,,,,,ShowDailyK_ChartFlow,FinMind_API_TaiwanStockPrice_6125,True,2026-10-05T23:38:42,2026-10-05T23:38:42,2026-10-05T23:38:42
6125,廣運,2025-09-19,79.7,-1.7000000000000028,-2.09%,,,,,,,,,ShowDailyK_ChartFlow,FinMind_API_TaiwanStockPrice_6125,True,2026-10-05T23:38:42,2026-10-05T23:38:42,2026-10-05T23:38:42
6125,廣運,2025-09-22,77.7,-2.0,-2.51%,,,,,,,,,ShowDailyK_ChartFlow,FinMind_API_TaiwanStockPrice_6125,True,2026-10-05T23:38:42,2026-10-05T23:38:42,2026-10-05T23:38:42
6125,廣運,2025-09-23,77.5,-0.20000000000000284,-0.26%,,,,,,,,,ShowDailyK_ChartFlow,FinMind_API_TaiwanStockPrice_6125,True,2026-10-05T23:38:42,2026-10-05T23:38:42,2026-10-05T23:38:42
6125,廣運,2025-09-24,76.5,-1.0,-1.29%,,,,,,,,,ShowDailyK_ChartFlow,FinMind_API_TaiwanStockPrice_6125,True,2026-10-05T23:38:42,2026-10-05T23:38:42,2026-10-05T23:38:42
6125,廣運,2025-09-25,76.7,0.20000000000000284,0.26%,,,,,,,,,ShowDailyK_ChartFlow,FinMind_API_TaiwanStockPrice_6125,True,2026-10-05T23:38:42,2026-10-05T23:38:42,2026-10-05T23:38:42
6125,廣運,2025-09-26,72.4,-4.299999999999997,-5.61%,,,,,,,,,ShowDailyK_ChartFlow,FinMind_API_TaiwanStockPrice_6125,True,2026-10-05T23:38:42,2026-10-05T23:38:42,2026-10-05T23:38:42
6125,廣運,2025-09-30,73.2,0.7999999999999972,1.10%,,,,,,,,,ShowDailyK_ChartFlow,FinMind_API_TaiwanStockPrice_6125,True,2026-10-05T23:38:42,2026-10-05T23:38:42,2026-10-05T23:38:42
6125,廣運,2025-10-01,73.9,0.7000000000000028,0.96%,,,,,,,,,ShowDailyK_ChartFlow,FinMind_API_TaiwanStockPrice_6125,True,2026-10-05T23:38:42,2026-10-05T23:38:42,2026-10-05T23:38:42
6125,廣運,2025-10-02,72.7,-1.2000000000000028,-1.62%,,,,,,,,,ShowDailyK_ChartFlow,FinMind_API_TaiwanStockPrice_6125,True,2026-10-05T23:38:42,2026-10-05T23:38:42,2026-10-05T23:38:42
6125,廣運,2025-10-03,73.1,0.3999999999999915,0.55%,,,,,,,,,ShowDailyK_ChartFlow,FinMind_API_TaiwanStockPrice_6125,True,2026-10-05T23:38:42,2026-10-05T23:38:42,2026-10-05T23:38:42
6125,廣運,2025-10-07,74.3,1.2000000000000028,1.64%,,,,,,,,,ShowDailyK_ChartFlow,FinMind_API_TaiwanStockPrice_6125,True,2026-10-05T23:38:42,2026-10-05T23:38:42,2026-10-05T23:38:42
6125,廣運,2025-10-08,73.3,-1.0,-1.35%,,,,,,,,,ShowDailyK_ChartFlow,FinMind_API_TaiwanStockPrice_6125,True,2026-10-05T23:38:42,2026-10-05T23:38:42,2026-10-05T23:38:42
6125,廣運,2025-10-09,72.3,-1.0,-1.36%,,,,,,,,,ShowDailyK_ChartFlow,FinMind_API_TaiwanStockPrice_6125,True,2026-10-05T23:38:42,2026-10-05T23:38:42,2026-10-05T23:38:42
6125,廣運,2025-10-13,73.2,0.9000000000000057,1.24%,,,,,,,,,ShowDailyK_ChartFlow,FinMind_API_TaiwanStockPrice_6125,True,2026-10-05T23:38:42,2026-10-05T23:38:42,2026-10-05T23:38:42
6125,廣運,2025-10-14,71.1,-2.1000000000000085,-2.87%,,,,,,,,,ShowDailyK_ChartFlow,FinMind_API_TaiwanStockPrice_6125,True,2026-10-05T23:38:42,2026-10-05T23:38:42,2026-10-05T23:38:42
6125,廣運,2025-10-15,72.8,1.7000000000000028,2.39%,,,,,,,,,ShowDailyK_ChartFlow,FinMind_API_TaiwanStockPrice_6125,True,2026-10-05T23:38:42,2026-10-05T23:38:42,2026-10-05T23:38:42
6125,廣運,2025-10-16,74.3,1.5,2.06%,,,,,,,,,ShowDailyK_ChartFlow,FinMind_API_TaiwanStockPrice_6125,True,2026-10-05T23:38:42,2026-10-05T23:38:42,2026-10-05T23:38:42
6125,廣運,2025-10-17,73.2,-1.0999999999999943,-1.48%,,,,,,,,,ShowDailyK_ChartFlow,FinMind_API_TaiwanStockPrice_6125,True,2026-10-05T23:38:42,2026-10-05T23:38:42,2026-10-05T23:38:42
6125,廣運,2025-10-20,72.2,-1.0,-1.37%,,,,,,,,,ShowDailyK_ChartFlow,FinMind_API_TaiwanStockPrice_6125,True,2026-10-05T23:38:42,2026-10-05T23:38:42,2026-10-05T23:38:42
6125,廣運,2025-10-21,73.7,1.5,2.08%,,,,,,,,,ShowDailyK_ChartFlow,FinMind_API_TaiwanStockPrice_6125,True,2026-10-05T23:38:42,2026-10-05T23:38:42,2026-10-05T23:38:42
6125,廣運,2025-10-22,74.5,0.7999999999999972,1.09%,,,,,,,,,ShowDailyK_ChartFlow,FinMind_API_TaiwanStockPrice_6125,True,2026-10-05T23:38:42,2026-10-05T23:38:42,2026-10-05T23:38:42
6125,廣運,2025-10-23,72.0,-2.5,-3.36%,,,,,,,,,ShowDailyK_ChartFlow,FinMind_API_TaiwanStockPrice_6125,True,2026-10-05T23:38:42,2026-10-05T23:38:42,2026-10-05T23:38:42
6125,廣運,2025-10-27,71.1,-0.9000000000000057,-1.25%,,,,,,,,,ShowDailyK_ChartFlow,FinMind_API_TaiwanStockPrice_6125,True,2026-10-05T23:38:42,2026-10-05T23:38:42,2026-10-05T23:38:42
6125,廣運,2025-10-28,70.7,-0.3999999999999915,-0.56%,,,,,,,,,ShowDailyK_ChartFlow,FinMind_API_TaiwanStockPrice_6125,True,2026-10-05T23:38:42,2026-10-05T23:38:42,2026-10-05T23:38:42
6125,廣運,2025-10-29,70.5,-0.20000000000000284,-0.28%,,,,,,,,,ShowDailyK_ChartFlow,FinMind_API_TaiwanStockPrice_6125,True,2026-10-05T23:38:42,2026-10-05T23:38:42,2026-10-05T23:38:42
6125,廣運,2025-10-30,70.0,-0.5,-0.71%,,,,,,,,,ShowDailyK_ChartFlow,FinMind_API_TaiwanStockPrice_6125,True,2026-10-05T23:38:42,2026-10-05T23:38:42,2026-10-05T23:38:42
6125,廣運,2025-10-31,70.3,0.29999999999999716,0.43%,,,,,,,,,ShowDailyK_ChartFlow,FinMind_API_TaiwanStockPrice_6125,True,2026-10-05T23:38:42,2026-10-05T23:38:42,2026-10-05T23:38:42
6125,廣運,2025-11-03,69.6,-0.7000000000000028,-1.00%,,,,,,,,,ShowDailyK_ChartFlow,FinMind_API_TaiwanStockPrice_6125,True,2026-10-05T23:38:42,2026-10-05T23:38:42,2026-10-05T23:38:42
6125,廣運,2025-11-04,68.0,-1.5999999999999943,-2.30%,,,,,,,,,ShowDailyK_ChartFlow,FinMind_API_TaiwanStockPrice_6125,True,2026-10-05T23:38:42,2026-10-05T23:38:42,2026-10-05T23:38:42
6125,廣運,2025-11-05,68.7,0.7000000000000028,1.03%,,,,,,,,,ShowDailyK_ChartFlow,FinMind_API_TaiwanStockPrice_6125,True,2026-10-05T23:38:42,2026-10-05T23:38:42,2026-10-05T23:38:42
6125,廣運,2025-11-06,68.4,-0.29999999999999716,-0.44%,,,,,,,,,ShowDailyK_ChartFlow,FinMind_API_TaiwanStockPrice_6125,True,2026-10-05T23:38:42,2026-10-05T23:38:42,2026-10-05T23:38:42
6125,廣運,2025-11-07,67.2,-1.2000000000000028,-1.75%,,,,,,,,,ShowDailyK_ChartFlow,FinMind_API_TaiwanStockPrice_6125,True,2026-10-05T23:38:42,2026-10-05T23:38:42,2026-10-05T23:38:42
6125,廣運,2025-11-10,67.2,0.0,0.00%,,,,,,,,,ShowDailyK_ChartFlow,FinMind_API_TaiwanStockPrice_6125,True,2026-10-05T23:38:42,2026-10-05T23:38:42,2026-10-05T23:38:42
6125,廣運,2025-11-11,67.3,0.09999999999999432,0.15%,,,,,,,,,ShowDailyK_ChartFlow,FinMind_API_TaiwanStockPrice_6125,True,2026-10-05T23:38:42,2026-10-05T23:38:42,2026-10-05T23:38:42
6125,廣運,2025-11-12,66.2,-1.0999999999999943,-1.63%,,,,,,,,,ShowDailyK_ChartFlow,FinMind_API_TaiwanStockPrice_6125,True,2026-10-05T23:38:42,2026-10-05T23:38:42,2026-10-05T23:38:42
6125,廣運,2025-11-13,65.2,-1.0,-1.51%,,,,,,,,,ShowDailyK_ChartFlow,FinMind_API_TaiwanStockPrice_6125,True,2026-10-05T23:38:42,2026-10-05T23:38:42,2026-10-05T23:38:42
6125,廣運,2025-11-14,64.3,-0.9000000000000057,-1.38%,,,,,,,,,ShowDailyK_ChartFlow,FinMind_API_TaiwanStockPrice_6125,True,2026-10-05T23:38:42,2026-10-05T23:38:42,2026-10-05T23:38:42
6125,廣運,2025-11-17,63.8,-0.5,-0.78%,,,,,,,,,ShowDailyK_ChartFlow,FinMind_API_TaiwanStockPrice_6125,True,2026-10-05T23:38:42,2026-10-05T23:38:42,2026-10-05T23:38:42
6125,廣運,2025-11-18,62.0,-1.7999999999999972,-2.82%,,,,,,,,,ShowDailyK_ChartFlow,FinMind_API_TaiwanStockPrice_6125,True,2026-10-05T23:38:42,2026-10-05T23:38:42,2026-10-05T23:38:42
6125,廣運,2025-11-19,62.0,0.0,0.00%,,,,,,,,,ShowDailyK_ChartFlow,FinMind_API_TaiwanStockPrice_6125,True,2026-10-05T23:38:42,2026-10-05T23:38:42,2026-10-05T23:38:42
6125,廣運,2025-11-20,62.9,0.8999999999999986,1.45%,,,,,,,,,ShowDailyK_ChartFlow,FinMind_API_TaiwanStockPrice_6125,True,2026-10-05T23:38:42,2026-10-05T23:38:42,2026-10-05T23:38:42
6125,廣運,2025-11-21,60.4,-2.5,-3.97%,,,,,,,,,ShowDailyK_ChartFlow,FinMind_API_TaiwanStockPrice_6125,True,2026-10-05T23:38:42,2026-10-05T23:38:42,2026-10-05T23:38:42
6125,廣運,2025-11-24,62.1,1.7000000000000028,2.81%,,,,,,,,,ShowDailyK_ChartFlow,FinMind_API_TaiwanStockPrice_6125,True,2026-10-05T23:38:42,2026-10-05T23:38:42,2026-10-05T23:38:42
6125,廣運,2025-11-25,61.9,-0.20000000000000284,-0.32%,,,,,,,,,ShowDailyK_ChartFlow,FinMind_API_TaiwanStockPrice_6125,True,2026-10-05T23:38:42,2026-10-05T23:38:42,2026-10-05T23:38:42
6125,廣運,2025-11-26,63.0,1.1000000000000014,1.78%,,,,,,,,,ShowDailyK_ChartFlow,FinMind_API_TaiwanStockPrice_6125,True,2026-10-05T23:38:42,2026-10-05T23:38:42,2026-10-05T23:38:42
6125,廣運,2025-11-27,62.7,-0.29999999999999716,-0.48%,,,,,,,,,ShowDailyK_ChartFlow,FinMind_API_TaiwanStockPrice_6125,True,2026-10-05T23:38:42,2026-10-05T23:38:42,2026-10-05T23:38:42
6125,廣運,2025-11-28,62.3,-0.4000000000000057,-0.64%,,,,,,,,,ShowDailyK_ChartFlow,FinMind_API_TaiwanStockPrice_6125,True,2026-10-05T23:38:42,2026-10-05T23:38:42,2026-10-05T23:38:42
6125,廣運,2025-12-01,61.9,-0.3999999999999986,-0.64%,,,,,,,,,ShowDailyK_ChartFlow,FinMind_API_TaiwanStockPrice_6125,True,2026-10-05T23:38:42,2026-10-05T23:38:42,2026-10-05T23:38:42
6125,廣運,2025-12-02,61.6,-0.29999999999999716,-0.48%,,,,,,,,,ShowDailyK_ChartFlow,FinMind_API_TaiwanStockPrice_6125,True,2026-10-05T23:38:42,2026-10-05T23:38:42,2026-10-05T23:38:42
6125,廣運,2025-12-03,63.4,1.7999999999999972,2.92%,,,,,,,,,ShowDailyK_ChartFlow,FinMind_API_TaiwanStockPrice_6125,True,2026-10-05T23:38:42,2026-10-05T23:38:42,2026-10-05T23:38:42
6125,廣運,2025-12-04,64.1,0.6999999999999957,1.10%,,,,,,,,,ShowDailyK_ChartFlow,FinMind_API_TaiwanStockPrice_6125,True,2026-10-05T23:38:42,2026-10-05T23:38:42,2026-10-05T23:38:42
6125,廣運,2025-12-05,65.1,1.0,1.56%,,,,,,,,,ShowDailyK_ChartFlow,FinMind_API_TaiwanStockPrice_6125,True,2026-10-05T23:38:42,2026-10-05T23:38:42,2026-10-05T23:38:42
6125,廣運,2025-12-08,64.0,-1.0999999999999943,-1.69%,,,,,,,,,ShowDailyK_ChartFlow,FinMind_API_TaiwanStockPrice_6125,True,2026-10-05T23:38:42,2026-10-05T23:38:42,2026-10-05T23:38:42
6125,廣運,2025-12-09,64.4,0.4000000000000057,0.63%,,,,,,,,,ShowDailyK_ChartFlow,FinMind_API_TaiwanStockPrice_6125,True,2026-10-05T23:38:42,2026-10-05T23:38:42,2026-10-05T23:38:42
6125,廣運,2025-12-10,63.9,-0.5000000000000071,-0.78%,,,,,,,,,ShowDailyK_ChartFlow,FinMind_API_TaiwanStockPrice_6125,True,2026-10-05T23:38:42,2026-10-05T23:38:42,2026-10-05T23:38:42
6125,廣運,2025-12-11,65.9,2.000000000000007,3.13%,,,,,,,,,ShowDailyK_ChartFlow,FinMind_API_TaiwanStockPrice_6125,True,2026-10-05T23:38:42,2026-10-05T23:38:42,2026-10-05T23:38:42
6125,廣運,2025-12-12,69.4,3.5,5.31%,,,,,,,,,ShowDailyK_ChartFlow,FinMind_API_TaiwanStockPrice_6125,True,2026-10-05T23:38:42,2026-10-05T23:38:42,2026-10-05T23:38:42
6125,廣運,2025-12-15,65.4,-4.0,-5.76%,,,,,,,,,ShowDailyK_ChartFlow,FinMind_API_TaiwanStockPrice_6125,True,2026-10-05T23:38:42,2026-10-05T23:38:42,2026-10-05T23:38:42
6125,廣運,2025-12-16,63.1,-2.3000000000000043,-3.52%,,,,,,,,,ShowDailyK_ChartFlow,FinMind_API_TaiwanStockPrice_6125,True,2026-10-05T23:38:42,2026-10-05T23:38:42,2026-10-05T23:38:42
6125,廣運,2025-12-17,63.2,0.10000000000000142,0.16%,,,,,,,,,ShowDailyK_ChartFlow,FinMind_API_TaiwanStockPrice_6125,True,2026-10-05T23:38:42,2026-10-05T23:38:42,2026-10-05T23:38:42
6125,廣運,2025-12-18,63.6,0.3999999999999986,0.63%,,,,,,,,,ShowDailyK_ChartFlow,FinMind_API_TaiwanStockPrice_6125,True,2026-10-05T23:38:42,2026-10-05T23:38:42,2026-10-05T23:38:42
6125,廣運,2025-12-19,66.1,2.499999999999993,3.93%,,,,,,,,,ShowDailyK_ChartFlow,FinMind_API_TaiwanStockPrice_6125,True,2026-10-05T23:38:42,2026-10-05T23:38:42,2026-10-05T23:38:42
6125,廣運,2025-12-22,72.7,6.6000000000000085,9.98%,,,,,,,,,ShowDailyK_ChartFlow,FinMind_API_TaiwanStockPrice_6125,True,2026-10-05T23:38:42,2026-10-05T23:38:42,2026-10-05T23:38:42
6125,廣運,2025-12-23,73.3,0.5999999999999943,0.83%,,,,,,,,,ShowDailyK_ChartFlow,FinMind_API_TaiwanStockPrice_6125,True,2026-10-05T23:38:42,2026-10-05T23:38:42,2026-10-05T23:38:42
6125,廣運,2025-12-24,72.4,-0.8999999999999915,-1.23%,,,,,,,,,ShowDailyK_ChartFlow,FinMind_API_TaiwanStockPrice_6125,True,2026-10-05T23:38:42,2026-10-05T23:38:42,2026-10-05T23:38:42
6125,廣運,2025-12-26,71.8,-0.6000000000000085,-0.83%,,,,,,,,,ShowDailyK_ChartFlow,FinMind_API_TaiwanStockPrice_6125,True,2026-10-05T23:38:42,2026-10-05T23:38:42,2026-10-05T23:38:42
6125,廣運,2025-12-29,72.2,0.4000000000000057,0.56%,,,,,,,,,ShowDailyK_ChartFlow,FinMind_API_TaiwanStockPrice_6125,True,2026-10-05T23:38:42,2026-10-05T23:38:42,2026-10-05T23:38:42
6125,廣運,2025-12-30,73.0,0.7999999999999972,1.11%,,,,,,,,,ShowDailyK_ChartFlow,FinMind_API_TaiwanStockPrice_6125,True,2026-10-05T23:38:42,2026-10-05T23:38:42,2026-10-05T23:38:42
6125,廣運,2025-12-31,72.1,-0.9000000000000057,-1.23%,,,,,,,,,ShowDailyK_ChartFlow,FinMind_API_TaiwanStockPrice_6125,True,2026-10-05T23:38:42,2026-10-05T23:38:42,2026-10-05T23:38:42
6125,廣運,2026-01-02,71.3,-0.7999999999999972,-1.11%,,,,,,,,,ShowDailyK_ChartFlow,FinMind_API_TaiwanStockPrice_6125,True,2026-10-05T23:38:42,2026-10-05T23:38:42,2026-10-05T23:38:42
6125,廣運,2026-01-05,71.0,-0.29999999999999716,-0.42%,,,,,,,,,ShowDailyK_ChartFlow,FinMind_API_TaiwanStockPrice_6125,True,2026-10-05T23:38:42,2026-10-05T23:38:42,2026-10-05T23:38:42
6125,廣運,2026-01-06,72.2,1.2000000000000028,1.69%,,,,,,,,,ShowDailyK_ChartFlow,FinMind_API_TaiwanStockPrice_6125,True,2026-10-05T23:38:42,2026-10-05T23:38:42,2026-10-05T23:38:42
6125,廣運,2026-01-07,74.7,2.5,3.46%,,,,,,,,,ShowDailyK_ChartFlow,FinMind_API_TaiwanStockPrice_6125,True,2026-10-05T23:38:42,2026-10-05T23:38:42,2026-10-05T23:38:42
6125,廣運,2026-01-08,70.5,-4.200000000000003,-5.62%,,,,,,,,,ShowDailyK_ChartFlow,FinMind_API_TaiwanStockPrice_6125,True,2026-10-05T23:38:42,2026-10-05T23:38:42,2026-10-05T23:38:42
6125,廣運,2026-01-09,70.7,0.20000000000000284,0.28%,,,,,,,,,ShowDailyK_ChartFlow,FinMind_API_TaiwanStockPrice_6125,True,2026-10-05T23:38:42,2026-10-05T23:38:42,2026-10-05T23:38:42
6125,廣運,2026-01-12,70.8,0.09999999999999432,0.14%,,,,,,,,,ShowDailyK_ChartFlow,FinMind_API_TaiwanStockPrice_6125,True,2026-10-05T23:38:42,2026-10-05T23:38:42,2026-10-05T23:38:42
6125,廣運,2026-01-13,69.9,-0.8999999999999915,-1.27%,,,,,,,,,ShowDailyK_ChartFlow,FinMind_API_TaiwanStockPrice_6125,True,2026-10-05T23:38:42,2026-10-05T23:38:42,2026-10-05T23:38:42
6125,廣運,2026-01-14,72.8,2.8999999999999915,4.15%,,,,,,,,,ShowDailyK_ChartFlow,FinMind_API_TaiwanStockPrice_6125,True,2026-10-05T23:38:42,2026-10-05T23:38:42,2026-10-05T23:38:42
6125,廣運,2026-01-15,71.3,-1.5,-2.06%,,,,,,,,,ShowDailyK_ChartFlow,FinMind_API_TaiwanStockPrice_6125,True,2026-10-05T23:38:42,2026-10-05T23:38:42,2026-10-05T23:38:42
6125,廣運,2026-01-16,70.0,-1.2999999999999972,-1.82%,,,,,,,,,ShowDailyK_ChartFlow,FinMind_API_TaiwanStockPrice_6125,True,2026-10-05T23:38:42,2026-10-05T23:38:42,2026-10-05T23:38:42
6125,廣運,2026-01-19,70.2,0.20000000000000284,0.29%,,,,,,,,,ShowDailyK_ChartFlow,FinMind_API_TaiwanStockPrice_6125,True,2026-10-05T23:38:42,2026-10-05T23:38:42,2026-10-05T23:38:42
6125,廣運,2026-01-20,70.4,0.20000000000000284,0.28%,,,,,,,,,ShowDailyK_ChartFlow,FinMind_API_TaiwanStockPrice_6125,True,2026-10-05T23:38:42,2026-10-05T23:38:42,2026-10-05T23:38:42
6125,廣運,2026-01-21,68.5,-1.9000000000000057,-2.70%,,,,,,,,,ShowDailyK_ChartFlow,FinMind_API_TaiwanStockPrice_6125,True,2026-10-05T23:38:42,2026-10-05T23:38:42,2026-10-05T23:38:42
6125,廣運,2026-01-22,68.5,0.0,0.00%,,,,,,,,,ShowDailyK_ChartFlow,FinMind_API_TaiwanStockPrice_6125,True,2026-10-05T23:38:42,2026-10-05T23:38:42,2026-10-05T23:38:42
6125,廣運,2026-01-23,68.5,0.0,0.00%,,,,,,,,,ShowDailyK_ChartFlow,FinMind_API_TaiwanStockPrice_6125,True,2026-10-05T23:38:42,2026-10-05T23:38:42,2026-10-05T23:38:42
6125,廣運,2026-01-26,75.3,6.799999999999997,9.93%,,,,,,,,,ShowDailyK_ChartFlow,FinMind_API_TaiwanStockPrice_6125,True,2026-10-05T23:38:42,2026-10-05T23:38:42,2026-10-05T23:38:42
6125,廣運,2026-01-27,72.9,-2.3999999999999915,-3.19%,,,,,,,,,ShowDailyK_ChartFlow,FinMind_API_TaiwanStockPrice_6125,True,2026-10-05T23:38:42,2026-10-05T23:38:42,2026-10-05T23:38:42
6125,廣運,2026-01-28,75.6,2.6999999999999886,3.70%,,,,,,,,,ShowDailyK_ChartFlow,FinMind_API_TaiwanStockPrice_6125,True,2026-10-05T23:38:42,2026-10-05T23:38:42,2026-10-05T23:38:42
6125,廣運,2026-01-29,74.5,-1.0999999999999943,-1.46%,,,,,,,,,ShowDailyK_ChartFlow,FinMind_API_TaiwanStockPrice_6125,True,2026-10-05T23:38:42,2026-10-05T23:38:42,2026-10-05T23:38:42
6125,廣運,2026-01-30,69.3,-5.200000000000003,-6.98%,,,,,,,,,ShowDailyK_ChartFlow,FinMind_API_TaiwanStockPrice_6125,True,2026-10-05T23:38:42,2026-10-05T23:38:42,2026-10-05T23:38:42
6125,廣運,2026-02-02,66.7,-2.5999999999999943,-3.75%,,,,,,,,,ShowDailyK_ChartFlow,FinMind_API_TaiwanStockPrice_6125,True,2026-10-05T23:38:42,2026-10-05T23:38:42,2026-10-05T23:38:42
6125,廣運,2026-02-03,66.8,0.09999999999999432,0.15%,,,,,,,,,ShowDailyK_ChartFlow,FinMind_API_TaiwanStockPrice_6125,True,2026-10-05T23:38:42,2026-10-05T23:38:42,2026-10-05T23:38:42
6125,廣運,2026-02-04,67.4,0.6000000000000085,0.90%,,,,,,,,,ShowDailyK_ChartFlow,FinMind_API_TaiwanStockPrice_6125,True,2026-10-05T23:38:42,2026-10-05T23:38:42,2026-10-05T23:38:42
6125,廣運,2026-02-05,65.4,-2.0,-2.97%,,,,,,,,,ShowDailyK_ChartFlow,FinMind_API_TaiwanStockPrice_6125,True,2026-10-05T23:38:42,2026-10-05T23:38:42,2026-10-05T23:38:42
6125,廣運,2026-02-06,64.1,-1.3000000000000114,-1.99%,,,,,,,,,ShowDailyK_ChartFlow,FinMind_API_TaiwanStockPrice_6125,True,2026-10-05T23:38:42,2026-10-05T23:38:42,2026-10-05T23:38:42
6125,廣運,2026-02-09,64.2,0.10000000000000853,0.16%,,,,,,,,,ShowDailyK_ChartFlow,FinMind_API_TaiwanStockPrice_6125,True,2026-10-05T23:38:42,2026-10-05T23:38:42,2026-10-05T23:38:42
6125,廣運,2026-02-10,63.7,-0.5,-0.78%,,,,,,,,,ShowDailyK_ChartFlow,FinMind_API_TaiwanStockPrice_6125,True,2026-10-05T23:38:42,2026-10-05T23:38:42,2026-10-05T23:38:42
6125,廣運,2026-02-11,63.0,-0.7000000000000028,-1.10%,,,,,,,,,ShowDailyK_ChartFlow,FinMind_API_TaiwanStockPrice_6125,True,2026-10-05T23:38:42,2026-10-05T23:38:42,2026-10-05T23:38:42
6125,廣運,2026-02-23,62.6,-0.3999999999999986,-0.63%,,,,,,,,,ShowDailyK_ChartFlow,FinMind_API_TaiwanStockPrice_6125,True,2026-10-05T23:38:42,2026-10-05T23:38:42,2026-10-05T23:38:42
6125,廣運,2026-02-24,63.9,1.2999999999999972,2.08%,,,,,,,,,ShowDailyK_ChartFlow,FinMind_API_TaiwanStockPrice_6125,True,2026-10-05T23:38:42,2026-10-05T23:38:42,2026-10-05T23:38:42
6125,廣運,2026-02-25,62.9,-1.0,-1.56%,,,,,,,,,ShowDailyK_ChartFlow,FinMind_API_TaiwanStockPrice_6125,True,2026-10-05T23:38:42,2026-10-05T23:38:42,2026-10-05T23:38:42
6125,廣運,2026-02-26,64.2,1.3000000000000043,2.07%,,,,,,,,,ShowDailyK_ChartFlow,FinMind_API_TaiwanStockPrice_6125,True,2026-10-05T23:38:42,2026-10-05T23:38:42,2026-10-05T23:38:42
6125,廣運,2026-03-02,63.9,-0.30000000000000426,-0.47%,,,,,,,,,ShowDailyK_ChartFlow,FinMind_API_TaiwanStockPrice_6125,True,2026-10-05T23:38:42,2026-10-05T23:38:42,2026-10-05T23:38:42
6125,廣運,2026-03-03,61.4,-2.5,-3.91%,,,,,,,,,ShowDailyK_ChartFlow,FinMind_API_TaiwanStockPrice_6125,True,2026-10-05T23:38:42,2026-10-05T23:38:42,2026-10-05T23:38:42
6125,廣運,2026-03-04,58.2,-3.1999999999999957,-5.21%,,,,,,,,,ShowDailyK_ChartFlow,FinMind_API_TaiwanStockPrice_6125,True,2026-10-05T23:38:42,2026-10-05T23:38:42,2026-10-05T23:38:42
6125,廣運,2026-03-05,59.9,1.6999999999999957,2.92%,,,,,,,,,ShowDailyK_ChartFlow,FinMind_API_TaiwanStockPrice_6125,True,2026-10-05T23:38:42,2026-10-05T23:38:42,2026-10-05T23:38:42
6125,廣運,2026-03-06,58.8,-1.1000000000000014,-1.84%,,,,,,,,,ShowDailyK_ChartFlow,FinMind_API_TaiwanStockPrice_6125,True,2026-10-05T23:38:42,2026-10-05T23:38:42,2026-10-05T23:38:42
6125,廣運,2026-03-09,57.0,-1.7999999999999972,-3.06%,,,,,,,,,ShowDailyK_ChartFlow,FinMind_API_TaiwanStockPrice_6125,True,2026-10-05T23:38:42,2026-10-05T23:38:42,2026-10-05T23:38:42
6125,廣運,2026-03-10,58.1,1.1000000000000014,1.93%,,,,,,,,,ShowDailyK_ChartFlow,FinMind_API_TaiwanStockPrice_6125,True,2026-10-05T23:38:42,2026-10-05T23:38:42,2026-10-05T23:38:42
6125,廣運,2026-03-11,62.3,4.199999999999996,7.23%,,,,,,,,,ShowDailyK_ChartFlow,FinMind_API_TaiwanStockPrice_6125,True,2026-10-05T23:38:42,2026-10-05T23:38:42,2026-10-05T23:38:42
6125,廣運,2026-03-12,60.8,-1.5,-2.41%,,,,,,,,,ShowDailyK_ChartFlow,FinMind_API_TaiwanStockPrice_6125,True,2026-10-05T23:38:42,2026-10-05T23:38:42,2026-10-05T23:38:42
6125,廣運,2026-03-13,59.6,-1.1999999999999957,-1.97%,,,,,,,,,ShowDailyK_ChartFlow,FinMind_API_TaiwanStockPrice_6125,True,2026-10-05T23:38:42,2026-10-05T23:38:42,2026-10-05T23:38:42
6125,廣運,2026-03-16,61.0,1.3999999999999986,2.35%,,,,,,,,,ShowDailyK_ChartFlow,FinMind_API_TaiwanStockPrice_6125,True,2026-10-05T23:38:42,2026-10-05T23:38:42,2026-10-05T23:38:42
6125,廣運,2026-03-17,64.3,3.299999999999997,5.41%,,,,,,,,,ShowDailyK_ChartFlow,FinMind_API_TaiwanStockPrice_6125,True,2026-10-05T23:38:42,2026-10-05T23:38:42,2026-10-05T23:38:42
6125,廣運,2026-03-18,62.9,-1.3999999999999986,-2.18%,,,,,,,,,ShowDailyK_ChartFlow,FinMind_API_TaiwanStockPrice_6125,True,2026-10-05T23:38:42,2026-10-05T23:38:42,2026-10-05T23:38:42
6125,廣運,2026-03-19,60.7,-2.1999999999999957,-3.50%,,,,,,,,,ShowDailyK_ChartFlow,FinMind_API_TaiwanStockPrice_6125,True,2026-10-05T23:38:42,2026-10-05T23:38:42,2026-10-05T23:38:42
6125,廣運,2026-03-20,59.5,-1.2000000000000028,-1.98%,,,,,,,,,ShowDailyK_ChartFlow,FinMind_API_TaiwanStockPrice_6125,True,2026-10-05T23:38:42,2026-10-05T23:38:42,2026-10-05T23:38:42
6125,廣運,2026-03-23,58.2,-1.2999999999999972,-2.18%,,,,,,,,,ShowDailyK_ChartFlow,FinMind_API_TaiwanStockPrice_6125,True,2026-10-05T23:38:42,2026-10-05T23:38:42,2026-10-05T23:38:42
6125,廣運,2026-03-24,58.0,-0.20000000000000284,-0.34%,,,,,,,,,ShowDailyK_ChartFlow,FinMind_API_TaiwanStockPrice_6125,True,2026-10-05T23:38:42,2026-10-05T23:38:42,2026-10-05T23:38:42
6125,廣運,2026-03-25,58.7,0.7000000000000028,1.21%,,,,,,,,,ShowDailyK_ChartFlow,FinMind_API_TaiwanStockPrice_6125,True,2026-10-05T23:38:42,2026-10-05T23:38:42,2026-10-05T23:38:42
6125,廣運,2026-03-26,57.4,-1.3000000000000043,-2.21%,,,,,,,,,ShowDailyK_ChartFlow,FinMind_API_TaiwanStockPrice_6125,True,2026-10-05T23:38:42,2026-10-05T23:38:42,2026-10-05T23:38:42
6125,廣運,2026-03-27,56.7,-0.6999999999999957,-1.22%,,,,,,,,,ShowDailyK_ChartFlow,FinMind_API_TaiwanStockPrice_6125,True,2026-10-05T23:38:42,2026-10-05T23:38:42,2026-10-05T23:38:42
6125,廣運,2026-03-30,55.4,-1.3000000000000043,-2.29%,,,,,,,,,ShowDailyK_ChartFlow,FinMind_API_TaiwanStockPrice_6125,True,2026-10-05T23:38:42,2026-10-05T23:38:42,2026-10-05T23:38:42
6125,廣運,2026-03-31,53.4,-2.0,-3.61%,,,,,,,,,ShowDailyK_ChartFlow,FinMind_API_TaiwanStockPrice_6125,True,2026-10-05T23:38:42,2026-10-05T23:38:42,2026-10-05T23:38:42
6125,廣運,2026-04-01,54.4,1.0,1.87%,,,,,,,,,ShowDailyK_ChartFlow,FinMind_API_TaiwanStockPrice_6125,True,2026-10-05T23:38:42,2026-10-05T23:38:42,2026-10-05T23:38:42
6125,廣運,2026-04-02,53.3,-1.1000000000000014,-2.02%,,,,,,,,,ShowDailyK_ChartFlow,FinMind_API_TaiwanStockPrice_6125,True,2026-10-05T23:38:42,2026-10-05T23:38:42,2026-10-05T23:38:42
6125,廣運,2026-04-07,51.8,-1.5,-2.81%,,,,,,,,,ShowDailyK_ChartFlow,FinMind_API_TaiwanStockPrice_6125,True,2026-10-05T23:38:42,2026-10-05T23:38:42,2026-10-05T23:38:42
6125,廣運,2026-04-08,52.9,1.1000000000000014,2.12%,,,,,,,,,ShowDailyK_ChartFlow,FinMind_API_TaiwanStockPrice_6125,True,2026-10-05T23:38:42,2026-10-05T23:38:42,2026-10-05T23:38:42
6125,廣運,2026-04-09,51.9,-1.0,-1.89%,,,,,,,,,ShowDailyK_ChartFlow,FinMind_API_TaiwanStockPrice_6125,True,2026-10-05T23:38:42,2026-10-05T23:38:42,2026-10-05T23:38:42
6125,廣運,2026-04-10,52.2,0.30000000000000426,0.58%,,,,,,,,,ShowDailyK_ChartFlow,FinMind_API_TaiwanStockPrice_6125,True,2026-10-05T23:38:42,2026-10-05T23:38:42,2026-10-05T23:38:42
6125,廣運,2026-04-13,54.0,1.7999999999999972,3.45%,,,,,,,,,ShowDailyK_ChartFlow,FinMind_API_TaiwanStockPrice_6125,True,2026-10-05T23:38:42,2026-10-05T23:38:42,2026-10-05T23:38:42
6125,廣運,2026-04-14,55.8,1.7999999999999972,3.33%,,,,,,,,,ShowDailyK_ChartFlow,FinMind_API_TaiwanStockPrice_6125,True,2026-10-05T23:38:42,2026-10-05T23:38:42,2026-10-05T23:38:42
6125,廣運,2026-04-15,56.1,0.30000000000000426,0.54%,,,,,,,,,ShowDailyK_ChartFlow,FinMind_API_TaiwanStockPrice_6125,True,2026-10-05T23:38:42,2026-10-05T23:38:42,2026-10-05T23:38:42
6125,廣運,2026-04-16,56.5,0.3999999999999986,0.71%,,,,,,,,,ShowDailyK_ChartFlow,FinMind_API_TaiwanStockPrice_6125,True,2026-10-05T23:38:42,2026-10-05T23:38:42,2026-10-05T23:38:42
6125,廣運,2026-04-17,56.6,0.10000000000000142,0.18%,,,,,,,,,ShowDailyK_ChartFlow,FinMind_API_TaiwanStockPrice_6125,True,2026-10-05T23:38:42,2026-10-05T23:38:42,2026-10-05T23:38:42
6125,廣運,2026-04-20,57.7,1.1000000000000014,1.94%,,,,,,,,,ShowDailyK_ChartFlow,FinMind_API_TaiwanStockPrice_6125,True,2026-10-05T23:38:42,2026-10-05T23:38:42,2026-10-05T23:38:42
6125,廣運,2026-04-21,57.1,-0.6000000000000014,-1.04%,,,,,,,,,ShowDailyK_ChartFlow,FinMind_API_TaiwanStockPrice_6125,True,2026-10-05T23:38:42,2026-10-05T23:38:42,2026-10-05T23:38:42
6125,廣運,2026-04-22,57.8,0.6999999999999957,1.23%,,,,,,,,,ShowDailyK_ChartFlow,FinMind_API_TaiwanStockPrice_6125,True,2026-10-05T23:38:42,2026-10-05T23:38:42,2026-10-05T23:38:42
6125,廣運,2026-04-23,55.1,-2.6999999999999957,-4.67%,,,,,,,,,ShowDailyK_ChartFlow,FinMind_API_TaiwanStockPrice_6125,True,2026-10-05T23:38:42,2026-10-05T23:38:42,2026-10-05T23:38:42
6125,廣運,2026-04-24,54.3,-0.8000000000000043,-1.45%,,,,,,,,,ShowDailyK_ChartFlow,FinMind_API_TaiwanStockPrice_6125,True,2026-10-05T23:38:42,2026-10-05T23:38:42,2026-10-05T23:38:42
6125,廣運,2026-04-27,53.9,-0.3999999999999986,-0.74%,,,,,,,,,ShowDailyK_ChartFlow,FinMind_API_TaiwanStockPrice_6125,True,2026-10-05T23:38:42,2026-10-05T23:38:42,2026-10-05T23:38:42
6125,廣運,2026-04-28,54.6,0.7000000000000028,1.30%,,,,,,,,,ShowDailyK_ChartFlow,FinMind_API_TaiwanStockPrice_6125,True,2026-10-05T23:38:42,2026-10-05T23:38:42,2026-10-05T23:38:42
6125,廣運,2026-04-29,54.5,-0.10000000000000142,-0.18%,,,,,,,,,ShowDailyK_ChartFlow,FinMind_API_TaiwanStockPrice_6125,True,2026-10-05T23:38:42,2026-10-05T23:38:42,2026-10-05T23:38:42
6125,廣運,2026-04-30,55.8,1.2999999999999972,2.39%,,,,,,,,,ShowDailyK_ChartFlow,FinMind_API_TaiwanStockPrice_6125,True,2026-10-05T23:38:42,2026-10-05T23:38:42,2026-10-05T23:38:42
6125,廣運,2026-05-04,58.1,2.3000000000000043,4.12%,,,,,,,,,ShowDailyK_ChartFlow,FinMind_API_TaiwanStockPrice_6125,True,2026-10-05T23:38:42,2026-10-05T23:38:42,2026-10-05T23:38:42
6125,廣運,2026-05-05,58.8,0.6999999999999957,1.20%,,,,,,,,,ShowDailyK_ChartFlow,FinMind_API_TaiwanStockPrice_6125,True,2026-10-05T23:38:42,2026-10-05T23:38:42,2026-10-05T23:38:42
6125,廣運,2026-05-06,58.9,0.10000000000000142,0.17%,,,,,,,,,ShowDailyK_ChartFlow,FinMind_API_TaiwanStockPrice_6125,True,2026-10-05T23:38:42,2026-10-05T23:38:42,2026-10-05T23:38:42
6125,廣運,2026-05-07,59.2,0.30000000000000426,0.51%,,,,,,,,,ShowDailyK_ChartFlow,FinMind_API_TaiwanStockPrice_6125,True,2026-10-05T23:38:42,2026-10-05T23:38:42,2026-10-05T23:38:42
6125,廣運,2026-05-08,59.1,-0.10000000000000142,-0.17%,,,,,,,,,ShowDailyK_ChartFlow,FinMind_API_TaiwanStockPrice_6125,True,2026-10-05T23:38:42,2026-10-05T23:38:42,2026-10-05T23:38:42
6125,廣運,2026-05-11,59.7,0.6000000000000014,1.02%,,,,,,,,,ShowDailyK_ChartFlow,FinMind_API_TaiwanStockPrice_6125,True,2026-10-05T23:38:42,2026-10-05T23:38:42,2026-10-05T23:38:42
6125,廣運,2026-05-12,60.7,1.0,1.68%,,,,,,,,,ShowDailyK_ChartFlow,FinMind_API_TaiwanStockPrice_6125,True,2026-10-05T23:38:42,2026-10-05T23:38:42,2026-10-05T23:38:42
6125,廣運,2026-05-13,59.0,-1.7000000000000028,-2.80%,,,,,,,,,ShowDailyK_ChartFlow,FinMind_API_TaiwanStockPrice_6125,True,2026-10-05T23:38:42,2026-10-05T23:38:42,2026-10-05T23:38:42
6125,廣運,2026-05-14,58.5,-0.5,-0.85%,,,,,,,,,ShowDailyK_ChartFlow,FinMind_API_TaiwanStockPrice_6125,True,2026-10-05T23:38:42,2026-10-05T23:38:42,2026-10-05T23:38:42
6125,廣運,2026-05-15,58.7,0.20000000000000284,0.34%,,,,,,,,,ShowDailyK_ChartFlow,FinMind_API_TaiwanStockPrice_6125,True,2026-10-05T23:38:42,2026-10-05T23:38:42,2026-10-05T23:38:42
6125,廣運,2026-05-18,58.0,-0.7000000000000028,-1.19%,,,,,,,,,ShowDailyK_ChartFlow,FinMind_API_TaiwanStockPrice_6125,True,2026-10-05T23:38:42,2026-10-05T23:38:42,2026-10-05T23:38:42
6125,廣運,2026-05-19,56.7,-1.2999999999999972,-2.24%,,,,,,,,,ShowDailyK_ChartFlow,FinMind_API_TaiwanStockPrice_6125,True,2026-10-05T23:38:42,2026-10-05T23:38:42,2026-10-05T23:38:42
6125,廣運,2026-05-20,54.7,-2.0,-3.53%,,,,,,,,,ShowDailyK_ChartFlow,FinMind_API_TaiwanStockPrice_6125,True,2026-10-05T23:38:42,2026-10-05T23:38:42,2026-10-05T23:38:42
6125,廣運,2026-05-21,56.5,1.7999999999999972,3.29%,,,,,,,,,ShowDailyK_ChartFlow,FinMind_API_TaiwanStockPrice_6125,True,2026-10-05T23:38:42,2026-10-05T23:38:42,2026-10-05T23:38:42
6125,廣運,2026-05-22,59.5,3.0,5.31%,,,,,,,,,ShowDailyK_ChartFlow,FinMind_API_TaiwanStockPrice_6125,True,2026-10-05T23:38:42,2026-10-05T23:38:42,2026-10-05T23:38:42
6125,廣運,2026-05-25,65.4,5.900000000000006,9.92%,,,,,,,,,ShowDailyK_ChartFlow,FinMind_API_TaiwanStockPrice_6125,True,2026-10-05T23:38:42,2026-10-05T23:38:42,2026-10-05T23:38:42
6125,廣運,2026-05-26,68.4,3.0,4.59%,,,,,,,,,ShowDailyK_ChartFlow,FinMind_API_TaiwanStockPrice_6125,True,2026-10-05T23:38:42,2026-10-05T23:38:42,2026-10-05T23:38:42
6125,廣運,2026-05-27,65.8,-2.6000000000000085,-3.80%,,,,,,,,,ShowDailyK_ChartFlow,FinMind_API_TaiwanStockPrice_6125,True,2026-10-05T23:38:42,2026-10-05T23:38:42,2026-10-05T23:38:42
6125,廣運,2026-05-28,65.6,-0.20000000000000284,-0.30%,,,,,,,,,ShowDailyK_ChartFlow,FinMind_API_TaiwanStockPrice_6125,True,2026-10-05T23:38:42,2026-10-05T23:38:42,2026-10-05T23:38:42
6125,廣運,2026-05-29,66.7,1.1000000000000085,1.68%,,,,,,,,,ShowDailyK_ChartFlow,FinMind_API_TaiwanStockPrice_6125,True,2026-10-05T23:38:42,2026-10-05T23:38:42,2026-10-05T23:38:42
6125,廣運,2026-06-01,73.3,6.599999999999994,9.90%,,,,,,,,,ShowDailyK_ChartFlow,FinMind_API_TaiwanStockPrice_6125,True,2026-10-05T23:38:42,2026-10-05T23:38:42,2026-10-05T23:38:42
6125,廣運,2026-06-02,71.0,-2.299999999999997,-3.14%,,,,,,,,,ShowDailyK_ChartFlow,FinMind_API_TaiwanStockPrice_6125,True,2026-10-05T23:38:42,2026-10-05T23:38:42,2026-10-05T23:38:42
6125,廣運,2026-06-03,69.3,-1.7000000000000028,-2.39%,,,,,,,,,ShowDailyK_ChartFlow,FinMind_API_TaiwanStockPrice_6125,True,2026-10-05T23:38:42,2026-10-05T23:38:42,2026-10-05T23:38:42
6125,廣運,2026-06-04,66.6,-2.700000000000003,-3.90%,,,,,,,,,ShowDailyK_ChartFlow,FinMind_API_TaiwanStockPrice_6125,True,2026-10-05T23:38:42,2026-10-05T23:38:42,2026-10-05T23:38:42
6125,廣運,2026-06-05,64.8,-1.7999999999999972,-2.70%,,,,,,,,,ShowDailyK_ChartFlow,FinMind_API_TaiwanStockPrice_6125,True,2026-10-05T23:38:42,2026-10-05T23:38:42,2026-10-05T23:38:42
6125,廣運,2026-06-08,63.1,-1.6999999999999957,-2.62%,,,,,,,,,ShowDailyK_ChartFlow,FinMind_API_TaiwanStockPrice_6125,True,2026-10-05T23:38:42,2026-10-05T23:38:42,2026-10-05T23:38:42
6125,廣運,2026-06-09,62.4,-0.7000000000000028,-1.11%,,,,,,,,,ShowDailyK_ChartFlow,FinMind_API_TaiwanStockPrice_6125,True,2026-10-05T23:38:42,2026-10-05T23:38:42,2026-10-05T23:38:42
6125,廣運,2026-06-10,59.5,-2.8999999999999986,-4.65%,,,,,,,,,ShowDailyK_ChartFlow,FinMind_API_TaiwanStockPrice_6125,True,2026-10-05T23:38:42,2026-10-05T23:38:42,2026-10-05T23:38:42
6125,廣運,2026-06-11,59.9,0.3999999999999986,0.67%,,,,,,,,,ShowDailyK_ChartFlow,FinMind_API_TaiwanStockPrice_6125,True,2026-10-05T23:38:42,2026-10-05T23:38:42,2026-10-05T23:38:42
6125,廣運,2026-06-12,60.5,0.6000000000000014,1.00%,,,,,,,,,ShowDailyK_ChartFlow,FinMind_API_TaiwanStockPrice_6125,True,2026-10-05T23:38:42,2026-10-05T23:38:42,2026-10-05T23:38:42
6125,廣運,2026-06-15,61.4,0.8999999999999986,1.49%,,,,,,,,,ShowDailyK_ChartFlow,FinMind_API_TaiwanStockPrice_6125,True,2026-10-05T23:38:42,2026-10-05T23:38:42,2026-10-05T23:38:42
6125,廣運,2026-06-16,59.8,-1.6000000000000014,-2.61%,,,,,,,,,ShowDailyK_ChartFlow,FinMind_API_TaiwanStockPrice_6125,True,2026-10-05T23:38:42,2026-10-05T23:38:42,2026-10-05T23:38:42
6125,廣運,2026-06-17,60.7,0.9000000000000057,1.51%,,,,,,,,,ShowDailyK_ChartFlow,FinMind_API_TaiwanStockPrice_6125,True,2026-10-05T23:38:42,2026-10-05T23:38:42,2026-10-05T23:38:42
6125,廣運,2026-06-18,63.6,2.8999999999999986,4.78%,,,,,,,,,ShowDailyK_ChartFlow,FinMind_API_TaiwanStockPrice_6125,True,2026-10-05T23:38:42,2026-10-05T23:38:42,2026-10-05T23:38:42
6125,廣運,2026-06-22,62.6,-1.0,-1.57%,,,,,,,,,ShowDailyK_ChartFlow,FinMind_API_TaiwanStockPrice_6125,True,2026-10-05T23:38:42,2026-10-05T23:38:42,2026-10-05T23:38:42
6125,廣運,2026-06-23,60.8,-1.8000000000000043,-2.88%,,,,,,,,,ShowDailyK_ChartFlow,FinMind_API_TaiwanStockPrice_6125,True,2026-10-05T23:38:42,2026-10-05T23:38:42,2026-10-05T23:38:42
6125,廣運,2026-06-24,60.3,-0.5,-0.82%,,,,,,,,,ShowDailyK_ChartFlow,FinMind_API_TaiwanStockPrice_6125,True,2026-10-05T23:38:42,2026-10-05T23:38:42,2026-10-05T23:38:42
6125,廣運,2026-06-25,59.8,-0.5,-0.83%,,,,,,,,,ShowDailyK_ChartFlow,FinMind_API_TaiwanStockPrice_6125,True,2026-10-05T23:38:42,2026-10-05T23:38:42,2026-10-05T23:38:42
6125,廣運,2026-06-26,57.0,-2.799999999999997,-4.68%,,,,,,,,,ShowDailyK_ChartFlow,FinMind_API_TaiwanStockPrice_6125,True,2026-10-05T23:38:42,2026-10-05T23:38:42,2026-10-05T23:38:42
6125,廣運,2026-06-29,57.8,0.7999999999999972,1.40%,,,,,,,,,ShowDailyK_ChartFlow,FinMind_API_TaiwanStockPrice_6125,True,2026-10-05T23:38:42,2026-10-05T23:38:42,2026-10-05T23:38:42
6125,廣運,2026-06-30,59.5,1.7000000000000028,2.94%,,,,,,,,,ShowDailyK_ChartFlow,FinMind_API_TaiwanStockPrice_6125,True,2026-10-05T23:38:42,2026-10-05T23:38:42,2026-10-05T23:38:42
6125,廣運,2026-07-01,58.4,-1.1000000000000014,-1.85%,,,,,,,,,ShowDailyK_ChartFlow,FinMind_API_TaiwanStockPrice_6125,True,2026-10-05T23:38:42,2026-10-05T23:38:42,2026-10-05T23:38:42
6125,廣運,2026-07-02,60.0,1.6000000000000014,2.74%,,,,,,,,,ShowDailyK_ChartFlow,FinMind_API_TaiwanStockPrice_6125,True,2026-10-05T23:38:42,2026-10-05T23:38:42,2026-10-05T23:38:42
6125,廣運,2026-07-03,59.7,-0.29999999999999716,-0.50%,,,,,,,,,ShowDailyK_ChartFlow,FinMind_API_TaiwanStockPrice_6125,True,2026-10-05T23:38:42,2026-10-05T23:38:42,2026-10-05T23:38:42
6125,廣運,2026-07-06,60.1,0.3999999999999986,0.67%,,,,,,,,,ShowDailyK_ChartFlow,FinMind_API_TaiwanStockPrice_6125,True,2026-10-05T23:38:42,2026-10-05T23:38:42,2026-10-05T23:38:42
6125,廣運,2026-07-07,57.8,-2.3000000000000043,-3.83%,,,,,,,,,ShowDailyK_ChartFlow,FinMind_API_TaiwanStockPrice_6125,True,2026-10-05T23:38:42,2026-10-05T23:38:42,2026-10-05T23:38:42
6125,廣運,2026-07-08,57.7,-0.09999999999999432,-0.17%,,,,,,,,,ShowDailyK_ChartFlow,FinMind_API_TaiwanStockPrice_6125,True,2026-10-05T23:38:42,2026-10-05T23:38:42,2026-10-05T23:38:42
6125,廣運,2026-07-09,58.1,0.3999999999999986,0.69%,,,,,,,,,ShowDailyK_ChartFlow,FinMind_API_TaiwanStockPrice_6125,True,2026-10-05T23:38:42,2026-10-05T23:38:42,2026-10-05T23:38:42
6125,廣運,2026-07-13,57.4,-0.7000000000000028,-1.20%,,,,,,,,,ShowDailyK_ChartFlow,FinMind_API_TaiwanStockPrice_6125,True,2026-10-05T23:38:42,2026-10-05T23:38:42,2026-10-05T23:38:42
6125,廣運,2026-07-14,55.7,-1.6999999999999957,-2.96%,,,,,,,,,ShowDailyK_ChartFlow,FinMind_API_TaiwanStockPrice_6125,True,2026-10-05T23:38:42,2026-10-05T23:38:42,2026-10-05T23:38:42
6125,廣運,2026-07-15,55.7,0.0,0.00%,,,,,,,,,ShowDailyK_ChartFlow,FinMind_API_TaiwanStockPrice_6125,True,2026-10-05T23:38:42,2026-10-05T23:38:42,2026-10-05T23:38:42
6125,廣運,2026-07-16,54.8,-0.9000000000000057,-1.62%,,,,,,,,,ShowDailyK_ChartFlow,FinMind_API_TaiwanStockPrice_6125,True,2026-10-05T23:38:42,2026-10-05T23:38:42,2026-10-05T23:38:42
6125,廣運,2026-07-17,50.5,-4.299999999999997,-7.85%,,,,,,,,,ShowDailyK_ChartFlow,FinMind_API_TaiwanStockPrice_6125,True,2026-10-05T23:38:42,2026-10-05T23:38:42,2026-10-05T23:38:42
6125,廣運,2026-07-20,49.9,-0.6000000000000014,-1.19%,,,,,,,,,ShowDailyK_ChartFlow,FinMind_API_TaiwanStockPrice_6125,True,2026-10-05T23:38:42,2026-10-05T23:38:42,2026-10-05T23:38:42
6125,廣運,2026-07-21,50.3,0.3999999999999986,0.80%,,,,,,,,,ShowDailyK_ChartFlow,FinMind_API_TaiwanStockPrice_6125,True,2026-10-05T23:38:42,2026-10-05T23:38:42,2026-10-05T23:38:42
6125,廣運,2026-07-22,51.3,1.0,1.99%,,,,,,,,,ShowDailyK_ChartFlow,FinMind_API_TaiwanStockPrice_6125,True,2026-10-05T23:38:42,2026-10-05T23:38:42,2026-10-05T23:38:42
6125,廣運,2026-07-23,51.0,-0.29999999999999716,-0.58%,,,,,,,,,ShowDailyK_ChartFlow,FinMind_API_TaiwanStockPrice_6125,True,2026-10-05T23:38:42,2026-10-05T23:38:42,2026-10-05T23:38:42
6125,廣運,2026-07-24,49.8,-1.2000000000000028,-2.35%,,,,,,,,,ShowDailyK_ChartFlow,FinMind_API_TaiwanStockPrice_6125,True,2026-10-05T23:38:42,2026-10-05T23:38:42,2026-10-05T23:38:42
6125,廣運,2026-07-27,49.55,-0.25,-0.50%,,,,,,,,,ShowDailyK_ChartFlow,FinMind_API_TaiwanStockPrice_6125,True,2026-10-05T23:38:42,2026-10-05T23:38:42,2026-10-05T23:38:42
6125,廣運,2026-07-28,47.55,-2.0,-4.04%,,,,,,,,,ShowDailyK_ChartFlow,FinMind_API_TaiwanStockPrice_6125,True,2026-10-05T23:38:42,2026-10-05T23:38:42,2026-10-05T23:38:42
6125,廣運,2026-07-29,44.3,-3.25,-6.83%,,,,,,,,,ShowDailyK_ChartFlow,FinMind_API_TaiwanStockPrice_6125,True,2026-10-05T23:38:42,2026-10-05T23:38:42,2026-10-05T23:38:42
6125,廣運,2026-07-30,42.9,-1.3999999999999986,-3.16%,,,,,,,,,ShowDailyK_ChartFlow,FinMind_API_TaiwanStockPrice_6125,True,2026-10-05T23:38:42,2026-10-05T23:38:42,2026-10-05T23:38:42
6125,廣運,2026-07-31,45.0,2.1000000000000014,4.90%,,,,,,,,,ShowDailyK_ChartFlow,FinMind_API_TaiwanStockPrice_6125,True,2026-10-05T23:38:42,2026-10-05T23:38:42,2026-10-05T23:38:42
6125,廣運,2026-08-03,46.5,1.5,3.33%,,,,,,,,,ShowDailyK_ChartFlow,FinMind_API_TaiwanStockPrice_6125,True,2026-10-05T23:38:42,2026-10-05T23:38:42,2026-10-05T23:38:42
6125,廣運,2026-08-04,48.25,1.75,3.76%,,,,,,,,,ShowDailyK_ChartFlow,FinMind_API_TaiwanStockPrice_6125,True,2026-10-05T23:38:42,2026-10-05T23:38:42,2026-10-05T23:38:42
6125,廣運,2026-08-05,49.1,0.8500000000000014,1.76%,,,,,,,,,ShowDailyK_ChartFlow,FinMind_API_TaiwanStockPrice_6125,True,2026-10-05T23:38:42,2026-10-05T23:38:42,2026-10-05T23:38:42
6125,廣運,2026-08-06,49.05,-0.05000000000000426,-0.10%,,,,,,,,,ShowDailyK_ChartFlow,FinMind_API_TaiwanStockPrice_6125,True,2026-10-05T23:38:42,2026-10-05T23:38:42,2026-10-05T23:38:42
6125,廣運,2026-08-07,49.4,0.3500000000000014,0.71%,,,,,,,,,ShowDailyK_ChartFlow,FinMind_API_TaiwanStockPrice_6125,True,2026-10-05T23:38:42,2026-10-05T23:38:42,2026-10-05T23:38:42
6125,廣運,2026-08-10,50.0,0.6000000000000014,1.21%,,,,,,,,,ShowDailyK_ChartFlow,FinMind_API_TaiwanStockPrice_6125,True,2026-10-05T23:38:42,2026-10-05T23:38:42,2026-10-05T23:38:42
6125,廣運,2026-08-11,49.65,-0.3500000000000014,-0.70%,,,,,,,,,ShowDailyK_ChartFlow,FinMind_API_TaiwanStockPrice_6125,True,2026-10-05T23:38:42,2026-10-05T23:38:42,2026-10-05T23:38:42
6125,廣運,2026-08-12,50.2,0.5500000000000043,1.11%,,,,,,,,,ShowDailyK_ChartFlow,FinMind_API_TaiwanStockPrice_6125,True,2026-10-05T23:38:42,2026-10-05T23:38:42,2026-10-05T23:38:42
6125,廣運,2026-08-13,50.1,-0.10000000000000142,-0.20%,,,,,,,,,ShowDailyK_ChartFlow,FinMind_API_TaiwanStockPrice_6125,True,2026-10-05T23:38:42,2026-10-05T23:38:42,2026-10-05T23:38:42
6125,廣運,2026-08-14,51.6,1.5,2.99%,,,,,,,,,ShowDailyK_ChartFlow,FinMind_API_TaiwanStockPrice_6125,True,2026-10-05T23:38:42,2026-10-05T23:38:42,2026-10-05T23:38:42
6125,廣運,2026-08-17,50.7,-0.8999999999999986,-1.74%,,,,,,,,,ShowDailyK_ChartFlow,FinMind_API_TaiwanStockPrice_6125,True,2026-10-05T23:38:42,2026-10-05T23:38:42,2026-10-05T23:38:42
6125,廣運,2026-08-18,49.35,-1.3500000000000014,-2.66%,,,,,,,,,ShowDailyK_ChartFlow,FinMind_API_TaiwanStockPrice_6125,True,2026-10-05T23:38:42,2026-10-05T23:38:42,2026-10-05T23:38:42
6125,廣運,2026-08-19,51.9,2.549999999999997,5.17%,,,,,,,,,ShowDailyK_ChartFlow,FinMind_API_TaiwanStockPrice_6125,True,2026-10-05T23:38:42,2026-10-05T23:38:42,2026-10-05T23:38:42
6125,廣運,2026-08-20,56.2,4.300000000000004,8.29%,,,,,,,,,ShowDailyK_ChartFlow,FinMind_API_TaiwanStockPrice_6125,True,2026-10-05T23:38:42,2026-10-05T23:38:42,2026-10-05T23:38:42
6125,廣運,2026-08-21,54.7,-1.5,-2.67%,,,,,,,,,ShowDailyK_ChartFlow,FinMind_API_TaiwanStockPrice_6125,True,2026-10-05T23:38:42,2026-10-05T23:38:42,2026-10-05T23:38:42
6125,廣運,2026-08-24,52.4,-2.3000000000000043,-4.20%,,,,,,,,,ShowDailyK_ChartFlow,FinMind_API_TaiwanStockPrice_6125,True,2026-10-05T23:38:42,2026-10-05T23:38:42,2026-10-05T23:38:42
6125,廣運,2026-08-25,51.6,-0.7999999999999972,-1.53%,,,,,,,,,ShowDailyK_ChartFlow,FinMind_API_TaiwanStockPrice_6125,True,2026-10-05T23:38:42,2026-10-05T23:38:42,2026-10-05T23:38:42
6125,廣運,2026-08-26,51.3,-0.30000000000000426,-0.58%,,,,,,,,,ShowDailyK_ChartFlow,FinMind_API_TaiwanStockPrice_6125,True,2026-10-05T23:38:42,2026-10-05T23:38:42,2026-10-05T23:38:42
6125,廣運,2026-08-27,51.3,0.0,0.00%,,,,,,,,,ShowDailyK_ChartFlow,FinMind_API_TaiwanStockPrice_6125,True,2026-10-05T23:38:42,2026-10-05T23:38:42,2026-10-05T23:38:42
6125,廣運,2026-08-28,51.0,-0.29999999999999716,-0.58%,,,,,,,,,ShowDailyK_ChartFlow,FinMind_API_TaiwanStockPrice_6125,True,2026-10-05T23:38:42,2026-10-05T23:38:42,2026-10-05T23:38:42
6125,廣運,2026-08-31,50.5,-0.5,-0.98%,,,,,,,,,ShowDailyK_ChartFlow,FinMind_API_TaiwanStockPrice_6125,True,2026-10-05T23:38:42,2026-10-05T23:38:42,2026-10-05T23:38:42
6125,廣運,2026-09-01,50.8,0.29999999999999716,0.59%,,,,,,,,,ShowDailyK_ChartFlow,FinMind_API_TaiwanStockPrice_6125,True,2026-10-05T23:38:42,2026-10-05T23:38:42,2026-10-05T23:38:42
6125,廣運,2026-09-02,51.7,0.9000000000000057,1.77%,,,,,,,,,ShowDailyK_ChartFlow,FinMind_API_TaiwanStockPrice_6125,True,2026-10-05T23:38:42,2026-10-05T23:38:42,2026-10-05T23:38:42
6125,廣運,2026-09-03,51.9,0.19999999999999574,0.39%,,,,,,,,,ShowDailyK_ChartFlow,FinMind_API_TaiwanStockPrice_6125,True,2026-10-05T23:38:42,2026-10-05T23:38:42,2026-10-05T23:38:42
6125,廣運,2026-09-04,51.5,-0.3999999999999986,-0.77%,,,,,,,,,ShowDailyK_ChartFlow,FinMind_API_TaiwanStockPrice_6125,True,2026-10-05T23:38:42,2026-10-05T23:38:42,2026-10-05T23:38:42
6125,廣運,2026-09-07,50.8,-0.7000000000000028,-1.36%,,,,,,,,,ShowDailyK_ChartFlow,FinMind_API_TaiwanStockPrice_6125,True,2026-10-05T23:38:42,2026-10-05T23:38:42,2026-10-05T23:38:42
6125,廣運,2026-09-08,50.1,-0.6999999999999957,-1.38%,,,,,,,,,ShowDailyK_ChartFlow,FinMind_API_TaiwanStockPrice_6125,True,2026-10-05T23:38:42,2026-10-05T23:38:42,2026-10-05T23:38:42
6125,廣運,2026-09-09,50.0,-0.10000000000000142,-0.20%,,,,,,,,,ShowDailyK_ChartFlow,FinMind_API_TaiwanStockPrice_6125,True,2026-10-05T23:38:42,2026-10-05T23:38:42,2026-10-05T23:38:42
6125,廣運,2026-09-10,49.8,-0.20000000000000284,-0.40%,,,,,,,,,ShowDailyK_ChartFlow,FinMind_API_TaiwanStockPrice_6125,True,2026-10-05T23:38:42,2026-10-05T23:38:42,2026-10-05T23:38:42
6125,廣運,2026-09-11,48.5,-1.2999999999999972,-2.61%,,,,,,,,,ShowDailyK_ChartFlow,FinMind_API_TaiwanStockPrice_6125,True,2026-10-05T23:38:42,2026-10-05T23:38:42,2026-10-05T23:38:42
6125,廣運,2026-09-14,48.35,-0.14999999999999858,-0.31%,,,,,,,,,ShowDailyK_ChartFlow,FinMind_API_TaiwanStockPrice_6125,True,2026-10-05T23:38:42,2026-10-05T23:38:42,2026-10-05T23:38:42
6125,廣運,2026-09-15,47.55,-0.8000000000000043,-1.65%,,,,,,,,,ShowDailyK_ChartFlow,FinMind_API_TaiwanStockPrice_6125,True,2026-10-05T23:38:42,2026-10-05T23:38:42,2026-10-05T23:38:42
6125,廣運,2026-09-16,48.05,0.5,1.05%,,,,,,,,,ShowDailyK_ChartFlow,FinMind_API_TaiwanStockPrice_6125,True,2026-10-05T23:38:42,2026-10-05T23:38:42,2026-10-05T23:38:42
6125,廣運,2026-09-17,48.35,0.30000000000000426,0.62%,,,,,,,,,ShowDailyK_ChartFlow,FinMind_API_TaiwanStockPrice_6125,True,2026-10-05T23:38:42,2026-10-05T23:38:42,2026-10-05T23:38:42
6125,廣運,2026-09-18,50.2,1.8500000000000014,3.83%,,,,,,,,,ShowDailyK_ChartFlow,FinMind_API_TaiwanStockPrice_6125,True,2026-10-05T23:38:42,2026-10-05T23:38:42,2026-10-05T23:38:42
6125,廣運,2026-09-21,49.7,-0.5,-1.00%,,,,,,,,,ShowDailyK_ChartFlow,FinMind_API_TaiwanStockPrice_6125,True,2026-10-05T23:38:42,2026-10-05T23:38:42,2026-10-05T23:38:42
6125,廣運,2026-09-22,48.9,-0.8000000000000043,-1.61%,,,,,,,,,ShowDailyK_ChartFlow,FinMind_API_TaiwanStockPrice_6125,True,2026-10-05T23:38:42,2026-10-05T23:38:42,2026-10-05T23:38:42
6125,廣運,2026-09-23,48.6,-0.29999999999999716,-0.61%,,,,,,,,,ShowDailyK_ChartFlow,FinMind_API_TaiwanStockPrice_6125,True,2026-10-05T23:38:42,2026-10-05T23:38:42,2026-10-05T23:38:42
6125,廣運,2026-09-24,48.6,0.0,0.00%,,,,,,,,,ShowDailyK_ChartFlow,FinMind_API_TaiwanStockPrice_6125,True,2026-10-05T23:38:42,2026-10-05T23:38:42,2026-10-05T23:38:42
6125,廣運,2026-09-29,49.25,0.6499999999999986,1.34%,,,,,,,,,ShowDailyK_ChartFlow,FinMind_API_TaiwanStockPrice_6125,True,2026-10-05T23:38:42,2026-10-05T23:38:42,2026-10-05T23:38:42
6125,廣運,2026-09-30,49.9,0.6499999999999986,1.32%,,,,,,,,,ShowDailyK_ChartFlow,FinMind_API_TaiwanStockPrice_6125,True,2026-10-05T23:38:42,2026-10-05T23:38:42,2026-10-05T23:38:42
6125,廣運,2026-10-01,49.85,-0.04999999999999716,-0.10%,,,,,,,,,ShowDailyK_ChartFlow,FinMind_API_TaiwanStockPrice_6125,True,2026-10-05T23:38:42,2026-10-05T23:38:42,2026-10-05T23:38:42
6125,廣運,2026-10-02,50.9,1.0499999999999972,2.11%,,,,,,,,,ShowDailyK_ChartFlow,FinMind_API_TaiwanStockPrice_6125,True,2026-10-05T23:38:42,2026-10-05T23:38:42,2026-10-05T23:38:42
6125,廣運,2026-10-05,50.3,-0.6000000000000014,-1.18%,,,,,,,,,ShowDailyK_ChartFlow,FinMind_API_TaiwanStockPrice_6125,True,2026-10-05T23:38:42,2026-10-05T23:38:42,2026-10-05T23:38:42
