stock_code,company_name,年度,當年股價_收盤,當年股價_漲跌_元,當年股價_漲跌_pct,各類型股東持股比例_pct_政府_公營_機構,各類型股東持股比例_pct_僑外投資,各類型股東持股比例_pct_僑外投資.1,各類型股東持股比例_pct_僑外投資.2,各類型股東持股比例_pct_僑外投資.3,各類型股東持股比例_pct_僑外投資.4,各類型股東持股比例_pct_本國金融機構,各類型股東持股比例_pct_本國金融機構.1,各類型股東持股比例_pct_本國金融機構.2,各類型股東持股比例_pct_本國法人,各類型股東持股比例_pct_本國法人.1,各類型股東持股比例_pct_本國法人.2,各類型股東持股比例_pct_本國_自然人_個人,各類型股東持股比例_pct_庫藏_股票,成交價_成交張數,昨收_成交金額,漲跌價_成交筆數,漲跌幅_成交均張,振幅_成交均價,開盤_淨值 _折溢價_pct,最高_淨值 _折溢價_pct,最低_淨值 _折溢價_pct,開盤_PBR,最高_PER,最低_PEG,file_type,source_file,download_success,download_timestamp,process_timestamp,stage1_process_timestamp
0050,元大台灣50,2018,75.5,,,,,,,,0.0,,,,,,,,,,,,,,,,,,,,EquityDistribution,FinMind_API_TaiwanStockShareholding_0050,True,2026-09-22T11:43:40,2026-09-22T11:43:40,2026-09-22T11:43:40
0050,元大台灣50,2019,96.95,21.450000000000003,28.41,,,,,,28.14,,,,,,,,,,,,,,,,,,,,EquityDistribution,FinMind_API_TaiwanStockShareholding_0050,True,2026-09-22T11:43:40,2026-09-22T11:43:40,2026-09-22T11:43:40
0050,元大台灣50,2020,122.25,25.299999999999997,26.1,,,,,,25.03,,,,,,,,,,,,,,,,,,,,EquityDistribution,FinMind_API_TaiwanStockShareholding_0050,True,2026-09-22T11:43:40,2026-09-22T11:43:40,2026-09-22T11:43:40
0050,元大台灣50,2021,145.5,23.25,19.02,,,,,,12.0,,,,,,,,,,,,,,,,,,,,EquityDistribution,FinMind_API_TaiwanStockShareholding_0050,True,2026-09-22T11:43:40,2026-09-22T11:43:40,2026-09-22T11:43:40
0050,元大台灣50,2022,110.2,-35.3,-24.26,,,,,,4.34,,,,,,,,,,,,,,,,,,,,EquityDistribution,FinMind_API_TaiwanStockShareholding_0050,True,2026-09-22T11:43:40,2026-09-22T11:43:40,2026-09-22T11:43:40
0050,元大台灣50,2023,135.45,25.249999999999986,22.91,,,,,,9.02,,,,,,,,,,,,,,,,,,,,EquityDistribution,FinMind_API_TaiwanStockShareholding_0050,True,2026-09-22T11:43:40,2026-09-22T11:43:40,2026-09-22T11:43:40
0050,元大台灣50,2024,195.75,60.30000000000001,44.52,,,,,,5.28,,,,,,,,,,,,,,,,,,,,EquityDistribution,FinMind_API_TaiwanStockShareholding_0050,True,2026-09-22T11:43:40,2026-09-22T11:43:40,2026-09-22T11:43:40
0050,元大台灣50,2025,65.6,-130.15,-66.49,,,,,,4.15,,,,,,,,,,,,,,,,,,,,EquityDistribution,FinMind_API_TaiwanStockShareholding_0050,True,2026-10-08T16:47:23+08:00,2026-10-08T16:49:31,2026-10-08T16:49:31
0050,元大台灣50,2026,114.95,49.35000000000001,75.23,,,,,,3.47,,,,,,,,,,,,,,,,,,,,EquityDistribution,FinMind_API_TaiwanStockShareholding_0050,True,2026-10-08T16:47:23+08:00,2026-10-08T16:49:31,2026-10-08T16:49:31
0052,富邦科技,2018,48.11,,,,,,,,0.13,,,,,,,,,,,,,,,,,,,,EquityDistribution,FinMind_API_TaiwanStockShareholding_0052,True,2026-09-22T11:43:44,2026-09-22T11:43:44,2026-09-22T11:43:44
0052,富邦科技,2019,72.2,24.090000000000003,50.07,,,,,,0.12,,,,,,,,,,,,,,,,,,,,EquityDistribution,FinMind_API_TaiwanStockShareholding_0052,True,2026-09-22T11:43:44,2026-09-22T11:43:44,2026-09-22T11:43:44
0052,富邦科技,2020,110.2,38.0,52.63,,,,,,0.26,,,,,,,,,,,,,,,,,,,,EquityDistribution,FinMind_API_TaiwanStockShareholding_0052,True,2026-09-22T11:43:44,2026-09-22T11:43:44,2026-09-22T11:43:44
0052,富邦科技,2021,134.15,23.950000000000003,21.73,,,,,,3.34,,,,,,,,,,,,,,,,,,,,EquityDistribution,FinMind_API_TaiwanStockShareholding_0052,True,2026-09-22T11:43:44,2026-09-22T11:43:44,2026-09-22T11:43:44
0052,富邦科技,2022,92.5,-41.650000000000006,-31.05,,,,,,2.33,,,,,,,,,,,,,,,,,,,,EquityDistribution,FinMind_API_TaiwanStockShareholding_0052,True,2026-09-22T11:43:44,2026-09-22T11:43:44,2026-09-22T11:43:44
0052,富邦科技,2023,129.4,36.900000000000006,39.89,,,,,,2.79,,,,,,,,,,,,,,,,,,,,EquityDistribution,FinMind_API_TaiwanStockShareholding_0052,True,2026-09-22T11:43:44,2026-09-22T11:43:44,2026-09-22T11:43:44
0052,富邦科技,2024,194.6,65.19999999999999,50.39,,,,,,1.03,,,,,,,,,,,,,,,,,,,,EquityDistribution,FinMind_API_TaiwanStockShareholding_0052,True,2026-09-22T11:43:44,2026-09-22T11:43:44,2026-09-22T11:43:44
0052,富邦科技,2025,37.89,-156.70999999999998,-80.53,,,,,,2.68,,,,,,,,,,,,,,,,,,,,EquityDistribution,FinMind_API_TaiwanStockShareholding_0052,True,2026-10-08T16:47:24+08:00,2026-10-08T16:49:31,2026-10-08T16:49:31
0052,富邦科技,2026,67.0,29.11,76.83,,,,,,1.89,,,,,,,,,,,,,,,,,,,,EquityDistribution,FinMind_API_TaiwanStockShareholding_0052,True,2026-10-08T16:47:24+08:00,2026-10-08T16:49:31,2026-10-08T16:49:31
2301,光寶科,2018,40.6,,,,,,,,49.65,,,,,,,,,,,,,,,,,,,,EquityDistribution,FinMind_API_TaiwanStockShareholding_2301,True,2026-09-22T11:34:55,2026-09-22T11:34:55,2026-09-22T11:34:55
2301,光寶科,2019,49.35,8.75,21.55,,,,,,59.17,,,,,,,,,,,,,,,,,,,,EquityDistribution,FinMind_API_TaiwanStockShareholding_2301,True,2026-09-22T11:34:55,2026-09-22T11:34:55,2026-09-22T11:34:55
2301,光寶科,2020,49.8,0.44999999999999574,0.91,,,,,,49.97,,,,,,,,,,,,,,,,,,,,EquityDistribution,FinMind_API_TaiwanStockShareholding_2301,True,2026-09-22T11:34:55,2026-09-22T11:34:55,2026-09-22T11:34:55
2301,光寶科,2021,63.8,14.0,28.11,,,,,,49.05,,,,,,,,,,,,,,,,,,,,EquityDistribution,FinMind_API_TaiwanStockShareholding_2301,True,2026-09-22T11:34:55,2026-09-22T11:34:55,2026-09-22T11:34:55
2301,光寶科,2022,63.8,0.0,0.0,,,,,,46.24,,,,,,,,,,,,,,,,,,,,EquityDistribution,FinMind_API_TaiwanStockShareholding_2301,True,2026-09-22T11:34:55,2026-09-22T11:34:55,2026-09-22T11:34:55
2301,光寶科,2023,117.0,53.2,83.39,,,,,,37.48,,,,,,,,,,,,,,,,,,,,EquityDistribution,FinMind_API_TaiwanStockShareholding_2301,True,2026-09-22T11:34:55,2026-09-22T11:34:55,2026-09-22T11:34:55
2301,光寶科,2024,99.5,-17.5,-14.96,,,,,,26.03,,,,,,,,,,,,,,,,,,,,EquityDistribution,FinMind_API_TaiwanStockShareholding_2301,True,2026-09-22T11:34:55,2026-09-22T11:34:55,2026-09-22T11:34:55
2301,光寶科,2025,163.5,64.0,64.32,,,,,,32.58,,,,,,,,,,,,,,,,,,,,EquityDistribution,FinMind_API_TaiwanStockShareholding_2301,True,2026-10-08T16:47:24+08:00,2026-10-08T16:49:31,2026-10-08T16:49:31
2301,光寶科,2026,297.5,134.0,81.96,,,,,,43.35,,,,,,,,,,,,,,,,,,,,EquityDistribution,FinMind_API_TaiwanStockShareholding_2301,True,2026-10-08T16:47:24+08:00,2026-10-08T16:49:31,2026-10-08T16:49:31
2303,聯電,2018,11.25,,,,,,,,48.46,,,,,,,,,,,,,,,,,,,,EquityDistribution,FinMind_API_TaiwanStockShareholding_2303,True,2026-09-22T11:36:35,2026-09-22T11:36:35,2026-09-22T11:36:35
2303,聯電,2019,16.45,5.199999999999999,46.22,,,,,,52.78,,,,,,,,,,,,,,,,,,,,EquityDistribution,FinMind_API_TaiwanStockShareholding_2303,True,2026-09-22T11:36:35,2026-09-22T11:36:35,2026-09-22T11:36:35
2303,聯電,2020,47.15,30.7,186.63,,,,,,44.87,,,,,,,,,,,,,,,,,,,,EquityDistribution,FinMind_API_TaiwanStockShareholding_2303,True,2026-09-22T11:36:35,2026-09-22T11:36:35,2026-09-22T11:36:35
2303,聯電,2021,65.0,17.85,37.86,,,,,,37.48,,,,,,,,,,,,,,,,,,,,EquityDistribution,FinMind_API_TaiwanStockShareholding_2303,True,2026-09-22T11:36:35,2026-09-22T11:36:35,2026-09-22T11:36:35
2303,聯電,2022,40.7,-24.299999999999997,-37.38,,,,,,32.31,,,,,,,,,,,,,,,,,,,,EquityDistribution,FinMind_API_TaiwanStockShareholding_2303,True,2026-09-22T11:36:35,2026-09-22T11:36:35,2026-09-22T11:36:35
2303,聯電,2023,52.6,11.899999999999999,29.24,,,,,,33.0,,,,,,,,,,,,,,,,,,,,EquityDistribution,FinMind_API_TaiwanStockShareholding_2303,True,2026-09-22T11:36:35,2026-09-22T11:36:35,2026-09-22T11:36:35
2303,聯電,2024,43.05,-9.550000000000004,-18.16,,,,,,25.53,,,,,,,,,,,,,,,,,,,,EquityDistribution,FinMind_API_TaiwanStockShareholding_2303,True,2026-09-22T11:36:35,2026-09-22T11:36:35,2026-09-22T11:36:35
2303,聯電,2025,49.25,6.200000000000003,14.4,,,,,,30.22,,,,,,,,,,,,,,,,,,,,EquityDistribution,FinMind_API_TaiwanStockShareholding_2303,True,2026-10-08T16:47:25+08:00,2026-10-08T16:49:31,2026-10-08T16:49:31
2303,聯電,2026,147.5,98.25,199.49,,,,,,40.94,,,,,,,,,,,,,,,,,,,,EquityDistribution,FinMind_API_TaiwanStockShareholding_2303,True,2026-10-08T16:47:25+08:00,2026-10-08T16:49:31,2026-10-08T16:49:31
2308,台達電,2018,129.5,,,,,,,,63.68,,,,,,,,,,,,,,,,,,,,EquityDistribution,FinMind_API_TaiwanStockShareholding_2308,True,2026-09-22T11:31:29,2026-09-22T11:31:29,2026-09-22T11:31:29
2308,台達電,2019,151.5,22.0,16.99,,,,,,66.73,,,,,,,,,,,,,,,,,,,,EquityDistribution,FinMind_API_TaiwanStockShareholding_2308,True,2026-09-22T11:31:29,2026-09-22T11:31:29,2026-09-22T11:31:29
2308,台達電,2020,263.0,111.5,73.6,,,,,,71.61,,,,,,,,,,,,,,,,,,,,EquityDistribution,FinMind_API_TaiwanStockShareholding_2308,True,2026-09-22T11:31:29,2026-09-22T11:31:29,2026-09-22T11:31:29
2308,台達電,2021,275.0,12.0,4.56,,,,,,67.52,,,,,,,,,,,,,,,,,,,,EquityDistribution,FinMind_API_TaiwanStockShareholding_2308,True,2026-09-22T11:31:29,2026-09-22T11:31:29,2026-09-22T11:31:29
2308,台達電,2022,286.5,11.5,4.18,,,,,,66.61,,,,,,,,,,,,,,,,,,,,EquityDistribution,FinMind_API_TaiwanStockShareholding_2308,True,2026-09-22T11:31:29,2026-09-22T11:31:29,2026-09-22T11:31:29
2308,台達電,2023,313.5,27.0,9.42,,,,,,64.65,,,,,,,,,,,,,,,,,,,,EquityDistribution,FinMind_API_TaiwanStockShareholding_2308,True,2026-09-22T11:31:29,2026-09-22T11:31:29,2026-09-22T11:31:29
2308,台達電,2024,430.5,117.0,37.32,,,,,,66.3,,,,,,,,,,,,,,,,,,,,EquityDistribution,FinMind_API_TaiwanStockShareholding_2308,True,2026-09-22T11:31:29,2026-09-22T11:31:29,2026-09-22T11:31:29
2308,台達電,2025,963.0,532.5,123.69,,,,,,63.74,,,,,,,,,,,,,,,,,,,,EquityDistribution,FinMind_API_TaiwanStockShareholding_2308,True,2026-10-08T16:47:26+08:00,2026-10-08T16:49:32,2026-10-08T16:49:32
2308,台達電,2026,1965.0,1002.0,104.05,,,,,,61.66,,,,,,,,,,,,,,,,,,,,EquityDistribution,FinMind_API_TaiwanStockShareholding_2308,True,2026-10-08T16:47:26+08:00,2026-10-08T16:49:32,2026-10-08T16:49:32
2317,鴻海,2018,70.8,,,,,,,,41.81,,,,,,,,,,,,,,,,,,,,EquityDistribution,FinMind_API_TaiwanStockShareholding_2317,True,2026-09-22T11:31:33,2026-09-22T11:31:33,2026-09-22T11:31:33
2317,鴻海,2019,90.8,20.0,28.25,,,,,,46.79,,,,,,,,,,,,,,,,,,,,EquityDistribution,FinMind_API_TaiwanStockShareholding_2317,True,2026-09-22T11:31:33,2026-09-22T11:31:33,2026-09-22T11:31:33
2317,鴻海,2020,92.0,1.2000000000000028,1.32,,,,,,45.81,,,,,,,,,,,,,,,,,,,,EquityDistribution,FinMind_API_TaiwanStockShareholding_2317,True,2026-09-22T11:31:33,2026-09-22T11:31:33,2026-09-22T11:31:33
2317,鴻海,2021,104.0,12.0,13.04,,,,,,46.38,,,,,,,,,,,,,,,,,,,,EquityDistribution,FinMind_API_TaiwanStockShareholding_2317,True,2026-09-22T11:31:33,2026-09-22T11:31:33,2026-09-22T11:31:33
2317,鴻海,2022,99.9,-4.099999999999994,-3.94,,,,,,41.38,,,,,,,,,,,,,,,,,,,,EquityDistribution,FinMind_API_TaiwanStockShareholding_2317,True,2026-09-22T11:31:33,2026-09-22T11:31:33,2026-09-22T11:31:33
2317,鴻海,2023,104.5,4.599999999999994,4.6,,,,,,38.62,,,,,,,,,,,,,,,,,,,,EquityDistribution,FinMind_API_TaiwanStockShareholding_2317,True,2026-09-22T11:31:33,2026-09-22T11:31:33,2026-09-22T11:31:33
2317,鴻海,2024,184.0,79.5,76.08,,,,,,37.37,,,,,,,,,,,,,,,,,,,,EquityDistribution,FinMind_API_TaiwanStockShareholding_2317,True,2026-09-22T11:31:33,2026-09-22T11:31:33,2026-09-22T11:31:33
2317,鴻海,2025,230.5,46.5,25.27,,,,,,38.32,,,,,,,,,,,,,,,,,,,,EquityDistribution,FinMind_API_TaiwanStockShareholding_2317,True,2026-10-08T16:47:26+08:00,2026-10-08T16:49:32,2026-10-08T16:49:32
2317,鴻海,2026,249.0,18.5,8.03,,,,,,40.13,,,,,,,,,,,,,,,,,,,,EquityDistribution,FinMind_API_TaiwanStockShareholding_2317,True,2026-10-08T16:47:26+08:00,2026-10-08T16:49:32,2026-10-08T16:49:32
2324,仁寶,2018,17.45,,,,,,,,51.62,,,,,,,,,,,,,,,,,,,,EquityDistribution,FinMind_API_TaiwanStockShareholding_2324,True,2026-09-22T11:31:36,2026-09-22T11:31:36,2026-09-22T11:31:36
2324,仁寶,2019,18.85,1.4000000000000021,8.02,,,,,,49.78,,,,,,,,,,,,,,,,,,,,EquityDistribution,FinMind_API_TaiwanStockShareholding_2324,True,2026-09-22T11:31:36,2026-09-22T11:31:36,2026-09-22T11:31:36
2324,仁寶,2020,20.7,1.8499999999999979,9.81,,,,,,50.3,,,,,,,,,,,,,,,,,,,,EquityDistribution,FinMind_API_TaiwanStockShareholding_2324,True,2026-09-22T11:31:36,2026-09-22T11:31:36,2026-09-22T11:31:36
2324,仁寶,2021,24.2,3.5,16.91,,,,,,45.62,,,,,,,,,,,,,,,,,,,,EquityDistribution,FinMind_API_TaiwanStockShareholding_2324,True,2026-09-22T11:31:36,2026-09-22T11:31:36,2026-09-22T11:31:36
2324,仁寶,2022,23.05,-1.1499999999999986,-4.75,,,,,,40.64,,,,,,,,,,,,,,,,,,,,EquityDistribution,FinMind_API_TaiwanStockShareholding_2324,True,2026-09-22T11:31:36,2026-09-22T11:31:36,2026-09-22T11:31:36
2324,仁寶,2023,39.85,16.8,72.89,,,,,,46.85,,,,,,,,,,,,,,,,,,,,EquityDistribution,FinMind_API_TaiwanStockShareholding_2324,True,2026-09-22T11:31:36,2026-09-22T11:31:36,2026-09-22T11:31:36
2324,仁寶,2024,37.65,-2.200000000000003,-5.52,,,,,,44.34,,,,,,,,,,,,,,,,,,,,EquityDistribution,FinMind_API_TaiwanStockShareholding_2324,True,2026-09-22T11:31:36,2026-09-22T11:31:36,2026-09-22T11:31:36
2324,仁寶,2025,30.4,-7.25,-19.26,,,,,,34.64,,,,,,,,,,,,,,,,,,,,EquityDistribution,FinMind_API_TaiwanStockShareholding_2324,True,2026-10-08T16:47:27+08:00,2026-10-08T16:49:32,2026-10-08T16:49:32
2324,仁寶,2026,35.5,5.100000000000001,16.78,,,,,,33.49,,,,,,,,,,,,,,,,,,,,EquityDistribution,FinMind_API_TaiwanStockShareholding_2324,True,2026-10-08T16:47:27+08:00,2026-10-08T16:49:32,2026-10-08T16:49:32
2330,台積電,2018,225.5,,,,,,,,77.25,,,,,,,,,,,,,,,,,,,,EquityDistribution,FinMind_API_TaiwanStockShareholding_2330,True,2026-09-22T11:31:40,2026-09-22T11:31:40,2026-09-22T11:31:40
2330,台積電,2019,331.0,105.5,46.78,,,,,,78.37,,,,,,,,,,,,,,,,,,,,EquityDistribution,FinMind_API_TaiwanStockShareholding_2330,True,2026-09-22T11:31:40,2026-09-22T11:31:40,2026-09-22T11:31:40
2330,台積電,2020,530.0,199.0,60.12,,,,,,76.51,,,,,,,,,,,,,,,,,,,,EquityDistribution,FinMind_API_TaiwanStockShareholding_2330,True,2026-09-22T11:31:40,2026-09-22T11:31:40,2026-09-22T11:31:40
2330,台積電,2021,615.0,85.0,16.04,,,,,,75.06,,,,,,,,,,,,,,,,,,,,EquityDistribution,FinMind_API_TaiwanStockShareholding_2330,True,2026-09-22T11:31:40,2026-09-22T11:31:40,2026-09-22T11:31:40
2330,台積電,2022,448.5,-166.5,-27.07,,,,,,70.87,,,,,,,,,,,,,,,,,,,,EquityDistribution,FinMind_API_TaiwanStockShareholding_2330,True,2026-09-22T11:31:40,2026-09-22T11:31:40,2026-09-22T11:31:40
2330,台積電,2023,593.0,144.5,32.22,,,,,,73.05,,,,,,,,,,,,,,,,,,,,EquityDistribution,FinMind_API_TaiwanStockShareholding_2330,True,2026-09-22T11:31:40,2026-09-22T11:31:40,2026-09-22T11:31:40
2330,台積電,2024,1075.0,482.0,81.28,,,,,,73.62,,,,,,,,,,,,,,,,,,,,EquityDistribution,FinMind_API_TaiwanStockShareholding_2330,True,2026-09-22T11:31:40,2026-09-22T11:31:40,2026-09-22T11:31:40
2330,台積電,2025,1550.0,475.0,44.19,,,,,,72.76,,,,,,,,,,,,,,,,,,,,EquityDistribution,FinMind_API_TaiwanStockShareholding_2330,True,2026-10-08T16:47:28+08:00,2026-10-08T16:49:32,2026-10-08T16:49:32
2330,台積電,2026,2550.0,1000.0,64.52,,,,,,69.19,,,,,,,,,,,,,,,,,,,,EquityDistribution,FinMind_API_TaiwanStockShareholding_2330,True,2026-10-08T16:47:28+08:00,2026-10-08T16:49:32,2026-10-08T16:49:32
2332,友訊,2018,12.05,,,,,,,,14.16,,,,,,,,,,,,,,,,,,,,EquityDistribution,FinMind_API_TaiwanStockShareholding_2332,True,2026-09-22T11:40:07,2026-09-22T11:40:07,2026-09-22T11:40:07
2332,友訊,2019,13.3,1.25,10.37,,,,,,16.17,,,,,,,,,,,,,,,,,,,,EquityDistribution,FinMind_API_TaiwanStockShareholding_2332,True,2026-09-22T11:40:07,2026-09-22T11:40:07,2026-09-22T11:40:07
2332,友訊,2020,28.7,15.399999999999999,115.79,,,,,,14.95,,,,,,,,,,,,,,,,,,,,EquityDistribution,FinMind_API_TaiwanStockShareholding_2332,True,2026-09-22T11:40:07,2026-09-22T11:40:07,2026-09-22T11:40:07
2332,友訊,2021,19.0,-9.7,-33.8,,,,,,8.27,,,,,,,,,,,,,,,,,,,,EquityDistribution,FinMind_API_TaiwanStockShareholding_2332,True,2026-09-22T11:40:07,2026-09-22T11:40:07,2026-09-22T11:40:07
2332,友訊,2022,14.85,-4.15,-21.84,,,,,,7.92,,,,,,,,,,,,,,,,,,,,EquityDistribution,FinMind_API_TaiwanStockShareholding_2332,True,2026-09-22T11:40:07,2026-09-22T11:40:07,2026-09-22T11:40:07
2332,友訊,2023,19.95,5.1,34.34,,,,,,9.92,,,,,,,,,,,,,,,,,,,,EquityDistribution,FinMind_API_TaiwanStockShareholding_2332,True,2026-09-22T11:40:07,2026-09-22T11:40:07,2026-09-22T11:40:07
2332,友訊,2024,25.45,5.5,27.57,,,,,,14.96,,,,,,,,,,,,,,,,,,,,EquityDistribution,FinMind_API_TaiwanStockShareholding_2332,True,2026-09-22T11:40:07,2026-09-22T11:40:07,2026-09-22T11:40:07
2332,友訊,2025,15.05,-10.399999999999999,-40.86,,,,,,12.3,,,,,,,,,,,,,,,,,,,,EquityDistribution,FinMind_API_TaiwanStockShareholding_2332,True,2026-10-08T16:47:28+08:00,2026-10-08T16:49:32,2026-10-08T16:49:32
2332,友訊,2026,20.8,5.75,38.21,,,,,,5.54,,,,,,,,,,,,,,,,,,,,EquityDistribution,FinMind_API_TaiwanStockShareholding_2332,True,2026-10-08T16:47:28+08:00,2026-10-08T16:49:32,2026-10-08T16:49:32
2337,旺宏,2018,18.35,,,,,,,,18.41,,,,,,,,,,,,,,,,,,,,EquityDistribution,FinMind_API_TaiwanStockShareholding_2337,True,2026-09-22T11:43:31,2026-09-22T11:43:31,2026-09-22T11:43:31
2337,旺宏,2019,37.2,18.85,102.72,,,,,,24.74,,,,,,,,,,,,,,,,,,,,EquityDistribution,FinMind_API_TaiwanStockShareholding_2337,True,2026-09-22T11:43:31,2026-09-22T11:43:31,2026-09-22T11:43:31
2337,旺宏,2020,42.3,5.099999999999994,13.71,,,,,,15.03,,,,,,,,,,,,,,,,,,,,EquityDistribution,FinMind_API_TaiwanStockShareholding_2337,True,2026-09-22T11:43:31,2026-09-22T11:43:31,2026-09-22T11:43:31
2337,旺宏,2021,42.2,-0.09999999999999432,-0.24,,,,,,20.68,,,,,,,,,,,,,,,,,,,,EquityDistribution,FinMind_API_TaiwanStockShareholding_2337,True,2026-09-22T11:43:31,2026-09-22T11:43:31,2026-09-22T11:43:31
2337,旺宏,2022,33.75,-8.450000000000003,-20.02,,,,,,19.53,,,,,,,,,,,,,,,,,,,,EquityDistribution,FinMind_API_TaiwanStockShareholding_2337,True,2026-09-22T11:43:31,2026-09-22T11:43:31,2026-09-22T11:43:31
2337,旺宏,2023,31.35,-2.3999999999999986,-7.11,,,,,,15.98,,,,,,,,,,,,,,,,,,,,EquityDistribution,FinMind_API_TaiwanStockShareholding_2337,True,2026-09-22T11:43:31,2026-09-22T11:43:31,2026-09-22T11:43:31
2337,旺宏,2024,19.8,-11.55,-36.84,,,,,,13.47,,,,,,,,,,,,,,,,,,,,EquityDistribution,FinMind_API_TaiwanStockShareholding_2337,True,2026-09-22T11:43:31,2026-09-22T11:43:31,2026-09-22T11:43:31
2337,旺宏,2025,39.45,19.650000000000002,99.24,,,,,,20.78,,,,,,,,,,,,,,,,,,,,EquityDistribution,FinMind_API_TaiwanStockShareholding_2337,True,2026-10-08T16:47:29+08:00,2026-10-08T16:49:32,2026-10-08T16:49:32
2337,旺宏,2026,116.0,76.55,194.04,,,,,,24.65,,,,,,,,,,,,,,,,,,,,EquityDistribution,FinMind_API_TaiwanStockShareholding_2337,True,2026-10-08T16:47:29+08:00,2026-10-08T16:49:32,2026-10-08T16:49:32
2344,華邦電,2018,13.55,,,,,,,,19.05,,,,,,,,,,,,,,,,,,,,EquityDistribution,FinMind_API_TaiwanStockShareholding_2344,True,2026-09-22T11:43:27,2026-09-22T11:43:27,2026-09-22T11:43:27
2344,華邦電,2019,19.55,6.0,44.28,,,,,,25.54,,,,,,,,,,,,,,,,,,,,EquityDistribution,FinMind_API_TaiwanStockShareholding_2344,True,2026-09-22T11:43:27,2026-09-22T11:43:27,2026-09-22T11:43:27
2344,華邦電,2020,29.05,9.5,48.59,,,,,,19.45,,,,,,,,,,,,,,,,,,,,EquityDistribution,FinMind_API_TaiwanStockShareholding_2344,True,2026-09-22T11:43:27,2026-09-22T11:43:27,2026-09-22T11:43:27
2344,華邦電,2021,34.0,4.949999999999999,17.04,,,,,,21.34,,,,,,,,,,,,,,,,,,,,EquityDistribution,FinMind_API_TaiwanStockShareholding_2344,True,2026-09-22T11:43:27,2026-09-22T11:43:27,2026-09-22T11:43:27
2344,華邦電,2022,19.6,-14.399999999999999,-42.35,,,,,,23.53,,,,,,,,,,,,,,,,,,,,EquityDistribution,FinMind_API_TaiwanStockShareholding_2344,True,2026-09-22T11:43:27,2026-09-22T11:43:27,2026-09-22T11:43:27
2344,華邦電,2023,30.45,10.849999999999998,55.36,,,,,,25.25,,,,,,,,,,,,,,,,,,,,EquityDistribution,FinMind_API_TaiwanStockShareholding_2344,True,2026-09-22T11:43:27,2026-09-22T11:43:27,2026-09-22T11:43:27
2344,華邦電,2024,14.8,-15.649999999999999,-51.4,,,,,,13.15,,,,,,,,,,,,,,,,,,,,EquityDistribution,FinMind_API_TaiwanStockShareholding_2344,True,2026-09-22T11:43:27,2026-09-22T11:43:27,2026-09-22T11:43:27
2344,華邦電,2025,82.6,67.8,458.11,,,,,,21.09,,,,,,,,,,,,,,,,,,,,EquityDistribution,FinMind_API_TaiwanStockShareholding_2344,True,2026-10-08T16:47:30+08:00,2026-10-08T16:49:32,2026-10-08T16:49:32
2344,華邦電,2026,177.0,94.4,114.29,,,,,,20.79,,,,,,,,,,,,,,,,,,,,EquityDistribution,FinMind_API_TaiwanStockShareholding_2344,True,2026-10-08T16:47:30+08:00,2026-10-08T16:49:32,2026-10-08T16:49:32
2345,智邦,2018,98.6,,,,,,,,33.82,,,,,,,,,,,,,,,,,,,,EquityDistribution,FinMind_API_TaiwanStockShareholding_2345,True,2026-09-22T11:42:36,2026-09-22T11:42:36,2026-09-22T11:42:36
2345,智邦,2019,168.0,69.4,70.39,,,,,,54.01,,,,,,,,,,,,,,,,,,,,EquityDistribution,FinMind_API_TaiwanStockShareholding_2345,True,2026-09-22T11:42:36,2026-09-22T11:42:36,2026-09-22T11:42:36
2345,智邦,2020,316.0,148.0,88.1,,,,,,71.39,,,,,,,,,,,,,,,,,,,,EquityDistribution,FinMind_API_TaiwanStockShareholding_2345,True,2026-09-22T11:42:36,2026-09-22T11:42:36,2026-09-22T11:42:36
2345,智邦,2021,260.0,-56.0,-17.72,,,,,,69.7,,,,,,,,,,,,,,,,,,,,EquityDistribution,FinMind_API_TaiwanStockShareholding_2345,True,2026-09-22T11:42:36,2026-09-22T11:42:36,2026-09-22T11:42:36
2345,智邦,2022,234.5,-25.5,-9.81,,,,,,61.81,,,,,,,,,,,,,,,,,,,,EquityDistribution,FinMind_API_TaiwanStockShareholding_2345,True,2026-09-22T11:42:36,2026-09-22T11:42:36,2026-09-22T11:42:36
2345,智邦,2023,523.0,288.5,123.03,,,,,,65.48,,,,,,,,,,,,,,,,,,,,EquityDistribution,FinMind_API_TaiwanStockShareholding_2345,True,2026-09-22T11:42:36,2026-09-22T11:42:36,2026-09-22T11:42:36
2345,智邦,2024,773.0,250.0,47.8,,,,,,60.86,,,,,,,,,,,,,,,,,,,,EquityDistribution,FinMind_API_TaiwanStockShareholding_2345,True,2026-09-22T11:42:36,2026-09-22T11:42:36,2026-09-22T11:42:36
2345,智邦,2025,1185.0,412.0,53.3,,,,,,57.72,,,,,,,,,,,,,,,,,,,,EquityDistribution,FinMind_API_TaiwanStockShareholding_2345,True,2026-10-08T16:47:30+08:00,2026-10-08T16:49:32,2026-10-08T16:49:32
2345,智邦,2026,2070.0,885.0,74.68,,,,,,56.83,,,,,,,,,,,,,,,,,,,,EquityDistribution,FinMind_API_TaiwanStockShareholding_2345,True,2026-10-08T16:47:30+08:00,2026-10-08T16:49:32,2026-10-08T16:49:32
2347,聯強,2018,36.4,,,,,,,,39.81,,,,,,,,,,,,,,,,,,,,EquityDistribution,FinMind_API_TaiwanStockShareholding_2347,True,2026-09-22T11:31:44,2026-09-22T11:31:44,2026-09-22T11:31:44
2347,聯強,2019,37.5,1.1000000000000014,3.02,,,,,,37.64,,,,,,,,,,,,,,,,,,,,EquityDistribution,FinMind_API_TaiwanStockShareholding_2347,True,2026-09-22T11:31:44,2026-09-22T11:31:44,2026-09-22T11:31:44
2347,聯強,2020,47.0,9.5,25.33,,,,,,36.38,,,,,,,,,,,,,,,,,,,,EquityDistribution,FinMind_API_TaiwanStockShareholding_2347,True,2026-09-22T11:31:44,2026-09-22T11:31:44,2026-09-22T11:31:44
2347,聯強,2021,66.2,19.200000000000003,40.85,,,,,,32.83,,,,,,,,,,,,,,,,,,,,EquityDistribution,FinMind_API_TaiwanStockShareholding_2347,True,2026-09-22T11:31:44,2026-09-22T11:31:44,2026-09-22T11:31:44
2347,聯強,2022,59.2,-7.0,-10.57,,,,,,31.56,,,,,,,,,,,,,,,,,,,,EquityDistribution,FinMind_API_TaiwanStockShareholding_2347,True,2026-09-22T11:31:44,2026-09-22T11:31:44,2026-09-22T11:31:44
2347,聯強,2023,70.2,11.0,18.58,,,,,,28.6,,,,,,,,,,,,,,,,,,,,EquityDistribution,FinMind_API_TaiwanStockShareholding_2347,True,2026-09-22T11:31:44,2026-09-22T11:31:44,2026-09-22T11:31:44
2347,聯強,2024,70.8,0.5999999999999943,0.85,,,,,,30.45,,,,,,,,,,,,,,,,,,,,EquityDistribution,FinMind_API_TaiwanStockShareholding_2347,True,2026-09-22T11:31:44,2026-09-22T11:31:44,2026-09-22T11:31:44
2347,聯強,2025,57.9,-12.899999999999999,-18.22,,,,,,28.04,,,,,,,,,,,,,,,,,,,,EquityDistribution,FinMind_API_TaiwanStockShareholding_2347,True,2026-10-08T16:47:31+08:00,2026-10-08T16:49:32,2026-10-08T16:49:32
2347,聯強,2026,96.4,38.50000000000001,66.49,,,,,,30.6,,,,,,,,,,,,,,,,,,,,EquityDistribution,FinMind_API_TaiwanStockShareholding_2347,True,2026-10-08T16:47:31+08:00,2026-10-08T16:49:32,2026-10-08T16:49:32
2353,宏碁,2018,19.45,,,,,,,,31.08,,,,,,,,,,,,,,,,,,,,EquityDistribution,FinMind_API_TaiwanStockShareholding_2353,True,2026-09-22T11:36:52,2026-09-22T11:36:52,2026-09-22T11:36:52
2353,宏碁,2019,17.85,-1.5999999999999979,-8.23,,,,,,28.09,,,,,,,,,,,,,,,,,,,,EquityDistribution,FinMind_API_TaiwanStockShareholding_2353,True,2026-09-22T11:36:52,2026-09-22T11:36:52,2026-09-22T11:36:52
2353,宏碁,2020,23.65,5.799999999999997,32.49,,,,,,34.68,,,,,,,,,,,,,,,,,,,,EquityDistribution,FinMind_API_TaiwanStockShareholding_2353,True,2026-09-22T11:36:52,2026-09-22T11:36:52,2026-09-22T11:36:52
2353,宏碁,2021,30.45,6.800000000000001,28.75,,,,,,35.34,,,,,,,,,,,,,,,,,,,,EquityDistribution,FinMind_API_TaiwanStockShareholding_2353,True,2026-09-22T11:36:52,2026-09-22T11:36:52,2026-09-22T11:36:52
2353,宏碁,2022,23.55,-6.899999999999999,-22.66,,,,,,30.55,,,,,,,,,,,,,,,,,,,,EquityDistribution,FinMind_API_TaiwanStockShareholding_2353,True,2026-09-22T11:36:52,2026-09-22T11:36:52,2026-09-22T11:36:52
2353,宏碁,2023,53.8,30.249999999999996,128.45,,,,,,42.07,,,,,,,,,,,,,,,,,,,,EquityDistribution,FinMind_API_TaiwanStockShareholding_2353,True,2026-09-22T11:36:52,2026-09-22T11:36:52,2026-09-22T11:36:52
2353,宏碁,2024,39.8,-14.0,-26.02,,,,,,22.37,,,,,,,,,,,,,,,,,,,,EquityDistribution,FinMind_API_TaiwanStockShareholding_2353,True,2026-09-22T11:36:52,2026-09-22T11:36:52,2026-09-22T11:36:52
2353,宏碁,2025,26.4,-13.399999999999999,-33.67,,,,,,12.32,,,,,,,,,,,,,,,,,,,,EquityDistribution,FinMind_API_TaiwanStockShareholding_2353,True,2026-10-08T16:47:32+08:00,2026-10-08T16:49:32,2026-10-08T16:49:32
2353,宏碁,2026,31.3,4.900000000000002,18.56,,,,,,13.43,,,,,,,,,,,,,,,,,,,,EquityDistribution,FinMind_API_TaiwanStockShareholding_2353,True,2026-10-08T16:47:32+08:00,2026-10-08T16:49:32,2026-10-08T16:49:32
2354,鴻準,2018,60.5,,,,,,,,27.73,,,,,,,,,,,,,,,,,,,,EquityDistribution,FinMind_API_TaiwanStockShareholding_2354,True,2026-09-22T11:31:47,2026-09-22T11:31:47,2026-09-22T11:31:47
2354,鴻準,2019,66.2,5.700000000000003,9.42,,,,,,29.06,,,,,,,,,,,,,,,,,,,,EquityDistribution,FinMind_API_TaiwanStockShareholding_2354,True,2026-09-22T11:31:47,2026-09-22T11:31:47,2026-09-22T11:31:47
2354,鴻準,2020,53.4,-12.800000000000004,-19.34,,,,,,23.67,,,,,,,,,,,,,,,,,,,,EquityDistribution,FinMind_API_TaiwanStockShareholding_2354,True,2026-09-22T11:31:47,2026-09-22T11:31:47,2026-09-22T11:31:47
2354,鴻準,2021,64.9,11.500000000000007,21.54,,,,,,21.78,,,,,,,,,,,,,,,,,,,,EquityDistribution,FinMind_API_TaiwanStockShareholding_2354,True,2026-09-22T11:31:47,2026-09-22T11:31:47,2026-09-22T11:31:47
2354,鴻準,2022,51.9,-13.000000000000007,-20.03,,,,,,16.7,,,,,,,,,,,,,,,,,,,,EquityDistribution,FinMind_API_TaiwanStockShareholding_2354,True,2026-09-22T11:31:47,2026-09-22T11:31:47,2026-09-22T11:31:47
2354,鴻準,2023,53.1,1.2000000000000028,2.31,,,,,,17.27,,,,,,,,,,,,,,,,,,,,EquityDistribution,FinMind_API_TaiwanStockShareholding_2354,True,2026-09-22T11:31:47,2026-09-22T11:31:47,2026-09-22T11:31:47
2354,鴻準,2024,74.4,21.300000000000004,40.11,,,,,,21.61,,,,,,,,,,,,,,,,,,,,EquityDistribution,FinMind_API_TaiwanStockShareholding_2354,True,2026-09-22T11:31:47,2026-09-22T11:31:47,2026-09-22T11:31:47
2354,鴻準,2025,61.7,-12.700000000000003,-17.07,,,,,,12.99,,,,,,,,,,,,,,,,,,,,EquityDistribution,FinMind_API_TaiwanStockShareholding_2354,True,2026-10-08T16:47:32+08:00,2026-10-08T16:49:32,2026-10-08T16:49:32
2354,鴻準,2026,62.0,0.29999999999999716,0.49,,,,,,13.65,,,,,,,,,,,,,,,,,,,,EquityDistribution,FinMind_API_TaiwanStockShareholding_2354,True,2026-10-08T16:47:32+08:00,2026-10-08T16:49:32,2026-10-08T16:49:32
2356,英業達,2018,22.05,,,,,,,,34.56,,,,,,,,,,,,,,,,,,,,EquityDistribution,FinMind_API_TaiwanStockShareholding_2356,True,2026-09-22T11:31:51,2026-09-22T11:31:51,2026-09-22T11:31:51
2356,英業達,2019,22.85,0.8000000000000007,3.63,,,,,,29.08,,,,,,,,,,,,,,,,,,,,EquityDistribution,FinMind_API_TaiwanStockShareholding_2356,True,2026-09-22T11:31:51,2026-09-22T11:31:51,2026-09-22T11:31:51
2356,英業達,2020,24.0,1.1499999999999986,5.03,,,,,,24.65,,,,,,,,,,,,,,,,,,,,EquityDistribution,FinMind_API_TaiwanStockShareholding_2356,True,2026-09-22T11:31:51,2026-09-22T11:31:51,2026-09-22T11:31:51
2356,英業達,2021,24.95,0.9499999999999993,3.96,,,,,,27.14,,,,,,,,,,,,,,,,,,,,EquityDistribution,FinMind_API_TaiwanStockShareholding_2356,True,2026-09-22T11:31:51,2026-09-22T11:31:51,2026-09-22T11:31:51
2356,英業達,2022,26.25,1.3000000000000007,5.21,,,,,,25.11,,,,,,,,,,,,,,,,,,,,EquityDistribution,FinMind_API_TaiwanStockShareholding_2356,True,2026-09-22T11:31:51,2026-09-22T11:31:51,2026-09-22T11:31:51
2356,英業達,2023,52.8,26.549999999999997,101.14,,,,,,21.84,,,,,,,,,,,,,,,,,,,,EquityDistribution,FinMind_API_TaiwanStockShareholding_2356,True,2026-09-22T11:31:51,2026-09-22T11:31:51,2026-09-22T11:31:51
2356,英業達,2024,50.1,-2.6999999999999957,-5.11,,,,,,14.05,,,,,,,,,,,,,,,,,,,,EquityDistribution,FinMind_API_TaiwanStockShareholding_2356,True,2026-09-22T11:31:51,2026-09-22T11:31:51,2026-09-22T11:31:51
2356,英業達,2025,42.9,-7.200000000000003,-14.37,,,,,,12.84,,,,,,,,,,,,,,,,,,,,EquityDistribution,FinMind_API_TaiwanStockShareholding_2356,True,2026-10-08T16:47:33+08:00,2026-10-08T16:49:32,2026-10-08T16:49:32
2356,英業達,2026,57.5,14.600000000000001,34.03,,,,,,17.71,,,,,,,,,,,,,,,,,,,,EquityDistribution,FinMind_API_TaiwanStockShareholding_2356,True,2026-10-08T16:47:33+08:00,2026-10-08T16:49:32,2026-10-08T16:49:32
2357,華碩,2018,201.5,,,,,,,,65.12,,,,,,,,,,,,,,,,,,,,EquityDistribution,FinMind_API_TaiwanStockShareholding_2357,True,2026-09-22T11:31:55,2026-09-22T11:31:55,2026-09-22T11:31:55
2357,華碩,2019,231.5,30.0,14.89,,,,,,64.26,,,,,,,,,,,,,,,,,,,,EquityDistribution,FinMind_API_TaiwanStockShareholding_2357,True,2026-09-22T11:31:55,2026-09-22T11:31:55,2026-09-22T11:31:55
2357,華碩,2020,250.5,19.0,8.21,,,,,,62.31,,,,,,,,,,,,,,,,,,,,EquityDistribution,FinMind_API_TaiwanStockShareholding_2357,True,2026-09-22T11:31:55,2026-09-22T11:31:55,2026-09-22T11:31:55
2357,華碩,2021,376.0,125.5,50.1,,,,,,51.39,,,,,,,,,,,,,,,,,,,,EquityDistribution,FinMind_API_TaiwanStockShareholding_2357,True,2026-09-22T11:31:55,2026-09-22T11:31:55,2026-09-22T11:31:55
2357,華碩,2022,268.5,-107.5,-28.59,,,,,,43.96,,,,,,,,,,,,,,,,,,,,EquityDistribution,FinMind_API_TaiwanStockShareholding_2357,True,2026-09-22T11:31:55,2026-09-22T11:31:55,2026-09-22T11:31:55
2357,華碩,2023,489.5,221.0,82.31,,,,,,57.65,,,,,,,,,,,,,,,,,,,,EquityDistribution,FinMind_API_TaiwanStockShareholding_2357,True,2026-09-22T11:31:55,2026-09-22T11:31:55,2026-09-22T11:31:55
2357,華碩,2024,616.0,126.5,25.84,,,,,,49.8,,,,,,,,,,,,,,,,,,,,EquityDistribution,FinMind_API_TaiwanStockShareholding_2357,True,2026-09-22T11:31:55,2026-09-22T11:31:55,2026-09-22T11:31:55
2357,華碩,2025,548.0,-68.0,-11.04,,,,,,40.15,,,,,,,,,,,,,,,,,,,,EquityDistribution,FinMind_API_TaiwanStockShareholding_2357,True,2026-10-08T16:47:33+08:00,2026-10-08T16:49:32,2026-10-08T16:49:32
2357,華碩,2026,996.0,448.0,81.75,,,,,,39.49,,,,,,,,,,,,,,,,,,,,EquityDistribution,FinMind_API_TaiwanStockShareholding_2357,True,2026-10-08T16:47:33+08:00,2026-10-08T16:49:32,2026-10-08T16:49:32
2359,所羅門,2018,18.15,,,,,,,,2.91,,,,,,,,,,,,,,,,,,,,EquityDistribution,FinMind_API_TaiwanStockShareholding_2359,True,2026-09-22T11:40:32,2026-09-22T11:40:32,2026-09-22T11:40:32
2359,所羅門,2019,22.1,3.950000000000003,21.76,,,,,,4.29,,,,,,,,,,,,,,,,,,,,EquityDistribution,FinMind_API_TaiwanStockShareholding_2359,True,2026-09-22T11:40:32,2026-09-22T11:40:32,2026-09-22T11:40:32
2359,所羅門,2020,19.2,-2.900000000000002,-13.12,,,,,,2.54,,,,,,,,,,,,,,,,,,,,EquityDistribution,FinMind_API_TaiwanStockShareholding_2359,True,2026-09-22T11:40:32,2026-09-22T11:40:32,2026-09-22T11:40:32
2359,所羅門,2021,23.9,4.699999999999999,24.48,,,,,,2.12,,,,,,,,,,,,,,,,,,,,EquityDistribution,FinMind_API_TaiwanStockShareholding_2359,True,2026-09-22T11:40:32,2026-09-22T11:40:32,2026-09-22T11:40:32
2359,所羅門,2022,26.1,2.200000000000003,9.21,,,,,,3.82,,,,,,,,,,,,,,,,,,,,EquityDistribution,FinMind_API_TaiwanStockShareholding_2359,True,2026-09-22T11:40:32,2026-09-22T11:40:32,2026-09-22T11:40:32
2359,所羅門,2023,39.1,13.0,49.81,,,,,,4.13,,,,,,,,,,,,,,,,,,,,EquityDistribution,FinMind_API_TaiwanStockShareholding_2359,True,2026-09-22T11:40:32,2026-09-22T11:40:32,2026-09-22T11:40:32
2359,所羅門,2024,168.0,128.9,329.67,,,,,,6.91,,,,,,,,,,,,,,,,,,,,EquityDistribution,FinMind_API_TaiwanStockShareholding_2359,True,2026-09-22T11:40:32,2026-09-22T11:40:32,2026-09-22T11:40:32
2359,所羅門,2025,125.5,-42.5,-25.3,,,,,,3.44,,,,,,,,,,,,,,,,,,,,EquityDistribution,FinMind_API_TaiwanStockShareholding_2359,True,2026-10-08T16:47:34+08:00,2026-10-08T16:49:32,2026-10-08T16:49:32
2359,所羅門,2026,127.0,1.5,1.2,,,,,,4.75,,,,,,,,,,,,,,,,,,,,EquityDistribution,FinMind_API_TaiwanStockShareholding_2359,True,2026-10-08T16:47:34+08:00,2026-10-08T16:49:32,2026-10-08T16:49:32
2360,致茂,2018,118.0,,,,,,,,60.87,,,,,,,,,,,,,,,,,,,,EquityDistribution,FinMind_API_TaiwanStockShareholding_2360,True,2026-09-22T11:43:13,2026-09-22T11:43:13,2026-09-22T11:43:13
2360,致茂,2019,145.0,27.0,22.88,,,,,,60.4,,,,,,,,,,,,,,,,,,,,EquityDistribution,FinMind_API_TaiwanStockShareholding_2360,True,2026-09-22T11:43:13,2026-09-22T11:43:13,2026-09-22T11:43:13
2360,致茂,2020,168.0,23.0,15.86,,,,,,70.17,,,,,,,,,,,,,,,,,,,,EquityDistribution,FinMind_API_TaiwanStockShareholding_2360,True,2026-09-22T11:43:13,2026-09-22T11:43:13,2026-09-22T11:43:13
2360,致茂,2021,200.0,32.0,19.05,,,,,,69.67,,,,,,,,,,,,,,,,,,,,EquityDistribution,FinMind_API_TaiwanStockShareholding_2360,True,2026-09-22T11:43:13,2026-09-22T11:43:13,2026-09-22T11:43:13
2360,致茂,2022,181.0,-19.0,-9.5,,,,,,65.6,,,,,,,,,,,,,,,,,,,,EquityDistribution,FinMind_API_TaiwanStockShareholding_2360,True,2026-09-22T11:43:13,2026-09-22T11:43:13,2026-09-22T11:43:13
2360,致茂,2023,213.0,32.0,17.68,,,,,,67.84,,,,,,,,,,,,,,,,,,,,EquityDistribution,FinMind_API_TaiwanStockShareholding_2360,True,2026-09-22T11:43:13,2026-09-22T11:43:13,2026-09-22T11:43:13
2360,致茂,2024,409.0,196.0,92.02,,,,,,62.13,,,,,,,,,,,,,,,,,,,,EquityDistribution,FinMind_API_TaiwanStockShareholding_2360,True,2026-09-22T11:43:13,2026-09-22T11:43:13,2026-09-22T11:43:13
2360,致茂,2025,775.0,366.0,89.49,,,,,,59.77,,,,,,,,,,,,,,,,,,,,EquityDistribution,FinMind_API_TaiwanStockShareholding_2360,True,2026-10-08T16:47:35+08:00,2026-10-08T16:49:32,2026-10-08T16:49:32
2360,致茂,2026,2330.0,1555.0,200.65,,,,,,60.04,,,,,,,,,,,,,,,,,,,,EquityDistribution,FinMind_API_TaiwanStockShareholding_2360,True,2026-10-08T16:47:35+08:00,2026-10-08T16:49:32,2026-10-08T16:49:32
2376,技嘉,2018,40.2,,,,,,,,30.85,,,,,,,,,,,,,,,,,,,,EquityDistribution,FinMind_API_TaiwanStockShareholding_2376,True,2026-09-22T11:32:01,2026-09-22T11:32:01,2026-09-22T11:32:01
2376,技嘉,2019,49.7,9.5,23.63,,,,,,28.95,,,,,,,,,,,,,,,,,,,,EquityDistribution,FinMind_API_TaiwanStockShareholding_2376,True,2026-09-22T11:32:01,2026-09-22T11:32:01,2026-09-22T11:32:01
2376,技嘉,2020,77.8,28.099999999999994,56.54,,,,,,27.62,,,,,,,,,,,,,,,,,,,,EquityDistribution,FinMind_API_TaiwanStockShareholding_2376,True,2026-09-22T11:32:01,2026-09-22T11:32:01,2026-09-22T11:32:01
2376,技嘉,2021,155.5,77.7,99.87,,,,,,27.44,,,,,,,,,,,,,,,,,,,,EquityDistribution,FinMind_API_TaiwanStockShareholding_2376,True,2026-09-22T11:32:01,2026-09-22T11:32:01,2026-09-22T11:32:01
2376,技嘉,2022,106.5,-49.0,-31.51,,,,,,17.02,,,,,,,,,,,,,,,,,,,,EquityDistribution,FinMind_API_TaiwanStockShareholding_2376,True,2026-09-22T11:32:01,2026-09-22T11:32:01,2026-09-22T11:32:01
2376,技嘉,2023,266.0,159.5,149.77,,,,,,21.69,,,,,,,,,,,,,,,,,,,,EquityDistribution,FinMind_API_TaiwanStockShareholding_2376,True,2026-09-22T11:32:01,2026-09-22T11:32:01,2026-09-22T11:32:01
2376,技嘉,2024,272.5,6.5,2.44,,,,,,15.68,,,,,,,,,,,,,,,,,,,,EquityDistribution,FinMind_API_TaiwanStockShareholding_2376,True,2026-09-22T11:32:01,2026-09-22T11:32:01,2026-09-22T11:32:01
2376,技嘉,2025,249.5,-23.0,-8.44,,,,,,15.83,,,,,,,,,,,,,,,,,,,,EquityDistribution,FinMind_API_TaiwanStockShareholding_2376,True,2026-10-08T16:47:36+08:00,2026-10-08T16:49:32,2026-10-08T16:49:32
2376,技嘉,2026,363.0,113.5,45.49,,,,,,23.64,,,,,,,,,,,,,,,,,,,,EquityDistribution,FinMind_API_TaiwanStockShareholding_2376,True,2026-10-08T16:47:36+08:00,2026-10-08T16:49:32,2026-10-08T16:49:32
2377,微星,2018,76.4,,,,,,,,32.88,,,,,,,,,,,,,,,,,,,,EquityDistribution,FinMind_API_TaiwanStockShareholding_2377,True,2026-09-22T11:32:05,2026-09-22T11:32:05,2026-09-22T11:32:05
2377,微星,2019,86.7,10.299999999999997,13.48,,,,,,34.62,,,,,,,,,,,,,,,,,,,,EquityDistribution,FinMind_API_TaiwanStockShareholding_2377,True,2026-09-22T11:32:05,2026-09-22T11:32:05,2026-09-22T11:32:05
2377,微星,2020,132.5,45.8,52.83,,,,,,43.37,,,,,,,,,,,,,,,,,,,,EquityDistribution,FinMind_API_TaiwanStockShareholding_2377,True,2026-09-22T11:32:05,2026-09-22T11:32:05,2026-09-22T11:32:05
2377,微星,2021,160.5,28.0,21.13,,,,,,40.39,,,,,,,,,,,,,,,,,,,,EquityDistribution,FinMind_API_TaiwanStockShareholding_2377,True,2026-09-22T11:32:05,2026-09-22T11:32:05,2026-09-22T11:32:05
2377,微星,2022,119.5,-41.0,-25.55,,,,,,30.25,,,,,,,,,,,,,,,,,,,,EquityDistribution,FinMind_API_TaiwanStockShareholding_2377,True,2026-09-22T11:32:05,2026-09-22T11:32:05,2026-09-22T11:32:05
2377,微星,2023,204.0,84.5,70.71,,,,,,34.79,,,,,,,,,,,,,,,,,,,,EquityDistribution,FinMind_API_TaiwanStockShareholding_2377,True,2026-09-22T11:32:05,2026-09-22T11:32:05,2026-09-22T11:32:05
2377,微星,2024,183.5,-20.5,-10.05,,,,,,23.76,,,,,,,,,,,,,,,,,,,,EquityDistribution,FinMind_API_TaiwanStockShareholding_2377,True,2026-09-22T11:32:05,2026-09-22T11:32:05,2026-09-22T11:32:05
2377,微星,2025,96.1,-87.4,-47.63,,,,,,17.02,,,,,,,,,,,,,,,,,,,,EquityDistribution,FinMind_API_TaiwanStockShareholding_2377,True,2026-10-08T16:47:36+08:00,2026-10-08T16:49:33,2026-10-08T16:49:33
2377,微星,2026,154.5,58.400000000000006,60.77,,,,,,19.74,,,,,,,,,,,,,,,,,,,,EquityDistribution,FinMind_API_TaiwanStockShareholding_2377,True,2026-10-08T16:47:36+08:00,2026-10-08T16:49:33,2026-10-08T16:49:33
2379,瑞昱,2018,143.0,,,,,,,,63.31,,,,,,,,,,,,,,,,,,,,EquityDistribution,FinMind_API_TaiwanStockShareholding_2379,True,2026-09-22T11:32:11,2026-09-22T11:32:11,2026-09-22T11:32:11
2379,瑞昱,2019,235.0,92.0,64.34,,,,,,65.5,,,,,,,,,,,,,,,,,,,,EquityDistribution,FinMind_API_TaiwanStockShareholding_2379,True,2026-09-22T11:32:11,2026-09-22T11:32:11,2026-09-22T11:32:11
2379,瑞昱,2020,390.5,155.5,66.17,,,,,,59.48,,,,,,,,,,,,,,,,,,,,EquityDistribution,FinMind_API_TaiwanStockShareholding_2379,True,2026-09-22T11:32:11,2026-09-22T11:32:11,2026-09-22T11:32:11
2379,瑞昱,2021,580.0,189.5,48.53,,,,,,57.23,,,,,,,,,,,,,,,,,,,,EquityDistribution,FinMind_API_TaiwanStockShareholding_2379,True,2026-09-22T11:32:11,2026-09-22T11:32:11,2026-09-22T11:32:11
2379,瑞昱,2022,281.0,-299.0,-51.55,,,,,,45.86,,,,,,,,,,,,,,,,,,,,EquityDistribution,FinMind_API_TaiwanStockShareholding_2379,True,2026-09-22T11:32:11,2026-09-22T11:32:11,2026-09-22T11:32:11
2379,瑞昱,2023,471.5,190.5,67.79,,,,,,45.65,,,,,,,,,,,,,,,,,,,,EquityDistribution,FinMind_API_TaiwanStockShareholding_2379,True,2026-09-22T11:32:11,2026-09-22T11:32:11,2026-09-22T11:32:11
2379,瑞昱,2024,568.0,96.5,20.47,,,,,,50.57,,,,,,,,,,,,,,,,,,,,EquityDistribution,FinMind_API_TaiwanStockShareholding_2379,True,2026-09-22T11:32:11,2026-09-22T11:32:11,2026-09-22T11:32:11
2379,瑞昱,2025,489.0,-79.0,-13.91,,,,,,45.66,,,,,,,,,,,,,,,,,,,,EquityDistribution,FinMind_API_TaiwanStockShareholding_2379,True,2026-10-08T16:47:37+08:00,2026-10-08T16:49:33,2026-10-08T16:49:33
2379,瑞昱,2026,749.0,260.0,53.17,,,,,,46.1,,,,,,,,,,,,,,,,,,,,EquityDistribution,FinMind_API_TaiwanStockShareholding_2379,True,2026-10-08T16:47:37+08:00,2026-10-08T16:49:33,2026-10-08T16:49:33
2382,廣達,2018,52.7,,,,,,,,26.82,,,,,,,,,,,,,,,,,,,,EquityDistribution,FinMind_API_TaiwanStockShareholding_2382,True,2026-09-22T11:32:15,2026-09-22T11:32:15,2026-09-22T11:32:15
2382,廣達,2019,64.3,11.599999999999994,22.01,,,,,,28.05,,,,,,,,,,,,,,,,,,,,EquityDistribution,FinMind_API_TaiwanStockShareholding_2382,True,2026-09-22T11:32:15,2026-09-22T11:32:15,2026-09-22T11:32:15
2382,廣達,2020,80.9,16.60000000000001,25.82,,,,,,30.27,,,,,,,,,,,,,,,,,,,,EquityDistribution,FinMind_API_TaiwanStockShareholding_2382,True,2026-09-22T11:32:15,2026-09-22T11:32:15,2026-09-22T11:32:15
2382,廣達,2021,94.7,13.799999999999997,17.06,,,,,,27.59,,,,,,,,,,,,,,,,,,,,EquityDistribution,FinMind_API_TaiwanStockShareholding_2382,True,2026-09-22T11:32:15,2026-09-22T11:32:15,2026-09-22T11:32:15
2382,廣達,2022,72.3,-22.400000000000006,-23.65,,,,,,23.47,,,,,,,,,,,,,,,,,,,,EquityDistribution,FinMind_API_TaiwanStockShareholding_2382,True,2026-09-22T11:32:15,2026-09-22T11:32:15,2026-09-22T11:32:15
2382,廣達,2023,224.5,152.2,210.51,,,,,,25.24,,,,,,,,,,,,,,,,,,,,EquityDistribution,FinMind_API_TaiwanStockShareholding_2382,True,2026-09-22T11:32:15,2026-09-22T11:32:15,2026-09-22T11:32:15
2382,廣達,2024,287.0,62.5,27.84,,,,,,25.29,,,,,,,,,,,,,,,,,,,,EquityDistribution,FinMind_API_TaiwanStockShareholding_2382,True,2026-09-22T11:32:15,2026-09-22T11:32:15,2026-09-22T11:32:15
2382,廣達,2025,272.0,-15.0,-5.23,,,,,,21.59,,,,,,,,,,,,,,,,,,,,EquityDistribution,FinMind_API_TaiwanStockShareholding_2382,True,2026-10-08T16:47:38+08:00,2026-10-08T16:49:33,2026-10-08T16:49:33
2382,廣達,2026,325.5,53.5,19.67,,,,,,23.16,,,,,,,,,,,,,,,,,,,,EquityDistribution,FinMind_API_TaiwanStockShareholding_2382,True,2026-10-08T16:47:38+08:00,2026-10-08T16:49:33,2026-10-08T16:49:33
2383,台光電,2018,65.7,,,,,,,,43.57,,,,,,,,,,,,,,,,,,,,EquityDistribution,FinMind_API_TaiwanStockShareholding_2383,True,2026-09-22T11:41:20,2026-09-22T11:41:20,2026-09-22T11:41:20
2383,台光電,2019,137.0,71.3,108.52,,,,,,35.96,,,,,,,,,,,,,,,,,,,,EquityDistribution,FinMind_API_TaiwanStockShareholding_2383,True,2026-09-22T11:41:20,2026-09-22T11:41:20,2026-09-22T11:41:20
2383,台光電,2020,157.0,20.0,14.6,,,,,,27.6,,,,,,,,,,,,,,,,,,,,EquityDistribution,FinMind_API_TaiwanStockShareholding_2383,True,2026-09-22T11:41:20,2026-09-22T11:41:20,2026-09-22T11:41:20
2383,台光電,2021,278.0,121.0,77.07,,,,,,39.97,,,,,,,,,,,,,,,,,,,,EquityDistribution,FinMind_API_TaiwanStockShareholding_2383,True,2026-09-22T11:41:20,2026-09-22T11:41:20,2026-09-22T11:41:20
2383,台光電,2022,171.0,-107.0,-38.49,,,,,,36.63,,,,,,,,,,,,,,,,,,,,EquityDistribution,FinMind_API_TaiwanStockShareholding_2383,True,2026-09-22T11:41:20,2026-09-22T11:41:20,2026-09-22T11:41:20
2383,台光電,2023,382.0,211.0,123.39,,,,,,29.4,,,,,,,,,,,,,,,,,,,,EquityDistribution,FinMind_API_TaiwanStockShareholding_2383,True,2026-09-22T11:41:20,2026-09-22T11:41:20,2026-09-22T11:41:20
2383,台光電,2024,618.0,236.0,61.78,,,,,,33.64,,,,,,,,,,,,,,,,,,,,EquityDistribution,FinMind_API_TaiwanStockShareholding_2383,True,2026-09-22T11:41:20,2026-09-22T11:41:20,2026-09-22T11:41:20
2383,台光電,2025,1645.0,1027.0,166.18,,,,,,43.91,,,,,,,,,,,,,,,,,,,,EquityDistribution,FinMind_API_TaiwanStockShareholding_2383,True,2026-10-08T16:47:39+08:00,2026-10-08T16:49:33,2026-10-08T16:49:33
2383,台光電,2026,6000.0,4355.0,264.74,,,,,,43.83,,,,,,,,,,,,,,,,,,,,EquityDistribution,FinMind_API_TaiwanStockShareholding_2383,True,2026-10-08T16:47:39+08:00,2026-10-08T16:49:33,2026-10-08T16:49:33
2395,研華,2018,210.5,,,,,,,,38.05,,,,,,,,,,,,,,,,,,,,EquityDistribution,FinMind_API_TaiwanStockShareholding_2395,True,2026-09-22T11:32:22,2026-09-22T11:32:22,2026-09-22T11:32:22
2395,研華,2019,302.0,91.5,43.47,,,,,,41.27,,,,,,,,,,,,,,,,,,,,EquityDistribution,FinMind_API_TaiwanStockShareholding_2395,True,2026-09-22T11:32:22,2026-09-22T11:32:22,2026-09-22T11:32:22
2395,研華,2020,350.0,48.0,15.89,,,,,,41.51,,,,,,,,,,,,,,,,,,,,EquityDistribution,FinMind_API_TaiwanStockShareholding_2395,True,2026-09-22T11:32:22,2026-09-22T11:32:22,2026-09-22T11:32:22
2395,研華,2021,396.5,46.5,13.29,,,,,,42.82,,,,,,,,,,,,,,,,,,,,EquityDistribution,FinMind_API_TaiwanStockShareholding_2395,True,2026-09-22T11:32:22,2026-09-22T11:32:22,2026-09-22T11:32:22
2395,研華,2022,331.0,-65.5,-16.52,,,,,,41.71,,,,,,,,,,,,,,,,,,,,EquityDistribution,FinMind_API_TaiwanStockShareholding_2395,True,2026-09-22T11:32:22,2026-09-22T11:32:22,2026-09-22T11:32:22
2395,研華,2023,372.0,41.0,12.39,,,,,,41.26,,,,,,,,,,,,,,,,,,,,EquityDistribution,FinMind_API_TaiwanStockShareholding_2395,True,2026-09-22T11:32:22,2026-09-22T11:32:22,2026-09-22T11:32:22
2395,研華,2024,346.5,-25.5,-6.85,,,,,,38.66,,,,,,,,,,,,,,,,,,,,EquityDistribution,FinMind_API_TaiwanStockShareholding_2395,True,2026-09-22T11:32:22,2026-09-22T11:32:22,2026-09-22T11:32:22
2395,研華,2025,288.0,-58.5,-16.88,,,,,,32.07,,,,,,,,,,,,,,,,,,,,EquityDistribution,FinMind_API_TaiwanStockShareholding_2395,True,2026-10-08T16:47:39+08:00,2026-10-08T16:49:33,2026-10-08T16:49:33
2395,研華,2026,727.0,439.0,152.43,,,,,,36.14,,,,,,,,,,,,,,,,,,,,EquityDistribution,FinMind_API_TaiwanStockShareholding_2395,True,2026-10-08T16:47:39+08:00,2026-10-08T16:49:33,2026-10-08T16:49:33
2405,輔信,2018,11.2,,,,,,,,4.88,,,,,,,,,,,,,,,,,,,,EquityDistribution,FinMind_API_TaiwanStockShareholding_2405,True,2026-09-22T11:32:26,2026-09-22T11:32:26,2026-09-22T11:32:26
2405,輔信,2019,12.2,1.0,8.93,,,,,,6.21,,,,,,,,,,,,,,,,,,,,EquityDistribution,FinMind_API_TaiwanStockShareholding_2405,True,2026-09-22T11:32:26,2026-09-22T11:32:26,2026-09-22T11:32:26
2405,輔信,2020,13.2,1.0,8.2,,,,,,7.08,,,,,,,,,,,,,,,,,,,,EquityDistribution,FinMind_API_TaiwanStockShareholding_2405,True,2026-09-22T11:32:26,2026-09-22T11:32:26,2026-09-22T11:32:26
2405,輔信,2021,20.3,7.100000000000001,53.79,,,,,,9.64,,,,,,,,,,,,,,,,,,,,EquityDistribution,FinMind_API_TaiwanStockShareholding_2405,True,2026-09-22T11:32:26,2026-09-22T11:32:26,2026-09-22T11:32:26
2405,輔信,2022,11.55,-8.75,-43.1,,,,,,5.05,,,,,,,,,,,,,,,,,,,,EquityDistribution,FinMind_API_TaiwanStockShareholding_2405,True,2026-09-22T11:32:26,2026-09-22T11:32:26,2026-09-22T11:32:26
2405,輔信,2023,18.15,6.599999999999998,57.14,,,,,,12.4,,,,,,,,,,,,,,,,,,,,EquityDistribution,FinMind_API_TaiwanStockShareholding_2405,True,2026-09-22T11:32:26,2026-09-22T11:32:26,2026-09-22T11:32:26
2405,輔信,2024,20.9,2.75,15.15,,,,,,5.1,,,,,,,,,,,,,,,,,,,,EquityDistribution,FinMind_API_TaiwanStockShareholding_2405,True,2026-09-22T11:32:26,2026-09-22T11:32:26,2026-09-22T11:32:26
2405,輔信,2025,17.8,-3.099999999999998,-14.83,,,,,,6.11,,,,,,,,,,,,,,,,,,,,EquityDistribution,FinMind_API_TaiwanStockShareholding_2405,True,2026-10-08T16:47:40+08:00,2026-10-08T16:49:33,2026-10-08T16:49:33
2405,輔信,2026,15.05,-2.75,-15.45,,,,,,5.2,,,,,,,,,,,,,,,,,,,,EquityDistribution,FinMind_API_TaiwanStockShareholding_2405,True,2026-10-08T16:47:40+08:00,2026-10-08T16:49:33,2026-10-08T16:49:33
2408,南亞科,2018,55.0,,,,,,,,21.68,,,,,,,,,,,,,,,,,,,,EquityDistribution,FinMind_API_TaiwanStockShareholding_2408,True,2026-09-22T11:43:10,2026-09-22T11:43:10,2026-09-22T11:43:10
2408,南亞科,2019,83.4,28.400000000000006,51.64,,,,,,23.65,,,,,,,,,,,,,,,,,,,,EquityDistribution,FinMind_API_TaiwanStockShareholding_2408,True,2026-09-22T11:43:10,2026-09-22T11:43:10,2026-09-22T11:43:10
2408,南亞科,2020,86.8,3.3999999999999915,4.08,,,,,,20.44,,,,,,,,,,,,,,,,,,,,EquityDistribution,FinMind_API_TaiwanStockShareholding_2408,True,2026-09-22T11:43:10,2026-09-22T11:43:10,2026-09-22T11:43:10
2408,南亞科,2021,78.1,-8.700000000000003,-10.02,,,,,,18.33,,,,,,,,,,,,,,,,,,,,EquityDistribution,FinMind_API_TaiwanStockShareholding_2408,True,2026-09-22T11:43:10,2026-09-22T11:43:10,2026-09-22T11:43:10
2408,南亞科,2022,51.2,-26.89999999999999,-34.44,,,,,,15.07,,,,,,,,,,,,,,,,,,,,EquityDistribution,FinMind_API_TaiwanStockShareholding_2408,True,2026-09-22T11:43:10,2026-09-22T11:43:10,2026-09-22T11:43:10
2408,南亞科,2023,78.0,26.799999999999997,52.34,,,,,,18.57,,,,,,,,,,,,,,,,,,,,EquityDistribution,FinMind_API_TaiwanStockShareholding_2408,True,2026-09-22T11:43:10,2026-09-22T11:43:10,2026-09-22T11:43:10
2408,南亞科,2024,29.25,-48.75,-62.5,,,,,,10.35,,,,,,,,,,,,,,,,,,,,EquityDistribution,FinMind_API_TaiwanStockShareholding_2408,True,2026-09-22T11:43:10,2026-09-22T11:43:10,2026-09-22T11:43:10
2408,南亞科,2025,193.0,163.75,559.83,,,,,,13.64,,,,,,,,,,,,,,,,,,,,EquityDistribution,FinMind_API_TaiwanStockShareholding_2408,True,2026-10-08T16:47:41+08:00,2026-10-08T16:49:33,2026-10-08T16:49:33
2408,南亞科,2026,532.0,339.0,175.65,,,,,,16.75,,,,,,,,,,,,,,,,,,,,EquityDistribution,FinMind_API_TaiwanStockShareholding_2408,True,2026-10-08T16:47:41+08:00,2026-10-08T16:49:33,2026-10-08T16:49:33
2412,中華電,2018,113.0,,,,,,,,17.48,,,,,,,,,,,,,,,,,,,,EquityDistribution,FinMind_API_TaiwanStockShareholding_2412,True,2026-09-22T11:32:30,2026-09-22T11:32:30,2026-09-22T11:32:30
2412,中華電,2019,110.0,-3.0,-2.65,,,,,,16.79,,,,,,,,,,,,,,,,,,,,EquityDistribution,FinMind_API_TaiwanStockShareholding_2412,True,2026-09-22T11:32:30,2026-09-22T11:32:30,2026-09-22T11:32:30
2412,中華電,2020,109.0,-1.0,-0.91,,,,,,16.03,,,,,,,,,,,,,,,,,,,,EquityDistribution,FinMind_API_TaiwanStockShareholding_2412,True,2026-09-22T11:32:30,2026-09-22T11:32:30,2026-09-22T11:32:30
2412,中華電,2021,116.5,7.5,6.88,,,,,,16.06,,,,,,,,,,,,,,,,,,,,EquityDistribution,FinMind_API_TaiwanStockShareholding_2412,True,2026-09-22T11:32:30,2026-09-22T11:32:30,2026-09-22T11:32:30
2412,中華電,2022,113.0,-3.5,-3.0,,,,,,17.88,,,,,,,,,,,,,,,,,,,,EquityDistribution,FinMind_API_TaiwanStockShareholding_2412,True,2026-09-22T11:32:30,2026-09-22T11:32:30,2026-09-22T11:32:30
2412,中華電,2023,120.0,7.0,6.19,,,,,,16.57,,,,,,,,,,,,,,,,,,,,EquityDistribution,FinMind_API_TaiwanStockShareholding_2412,True,2026-09-22T11:32:30,2026-09-22T11:32:30,2026-09-22T11:32:30
2412,中華電,2024,123.5,3.5,2.92,,,,,,15.59,,,,,,,,,,,,,,,,,,,,EquityDistribution,FinMind_API_TaiwanStockShareholding_2412,True,2026-09-22T11:32:30,2026-09-22T11:32:30,2026-09-22T11:32:30
2412,中華電,2025,130.5,7.0,5.67,,,,,,17.29,,,,,,,,,,,,,,,,,,,,EquityDistribution,FinMind_API_TaiwanStockShareholding_2412,True,2026-10-08T16:47:41+08:00,2026-10-08T16:49:33,2026-10-08T16:49:33
2412,中華電,2026,146.5,16.0,12.26,,,,,,18.42,,,,,,,,,,,,,,,,,,,,EquityDistribution,FinMind_API_TaiwanStockShareholding_2412,True,2026-10-08T16:47:41+08:00,2026-10-08T16:49:33,2026-10-08T16:49:33
2449,京元電子,2018,23.25,,,,,,,,34.29,,,,,,,,,,,,,,,,,,,,EquityDistribution,FinMind_API_TaiwanStockShareholding_2449,True,2026-09-22T11:42:32,2026-09-22T11:42:32,2026-09-22T11:42:32
2449,京元電子,2019,37.55,14.299999999999997,61.51,,,,,,48.57,,,,,,,,,,,,,,,,,,,,EquityDistribution,FinMind_API_TaiwanStockShareholding_2449,True,2026-09-22T11:42:32,2026-09-22T11:42:32,2026-09-22T11:42:32
2449,京元電子,2020,34.75,-2.799999999999997,-7.46,,,,,,23.16,,,,,,,,,,,,,,,,,,,,EquityDistribution,FinMind_API_TaiwanStockShareholding_2449,True,2026-09-22T11:42:32,2026-09-22T11:42:32,2026-09-22T11:42:32
2449,京元電子,2021,44.8,10.049999999999997,28.92,,,,,,36.74,,,,,,,,,,,,,,,,,,,,EquityDistribution,FinMind_API_TaiwanStockShareholding_2449,True,2026-09-22T11:42:32,2026-09-22T11:42:32,2026-09-22T11:42:32
2449,京元電子,2022,36.2,-8.599999999999994,-19.2,,,,,,29.91,,,,,,,,,,,,,,,,,,,,EquityDistribution,FinMind_API_TaiwanStockShareholding_2449,True,2026-09-22T11:42:32,2026-09-22T11:42:32,2026-09-22T11:42:32
2449,京元電子,2023,84.9,48.7,134.53,,,,,,40.8,,,,,,,,,,,,,,,,,,,,EquityDistribution,FinMind_API_TaiwanStockShareholding_2449,True,2026-09-22T11:42:32,2026-09-22T11:42:32,2026-09-22T11:42:32
2449,京元電子,2024,111.5,26.599999999999994,31.33,,,,,,27.72,,,,,,,,,,,,,,,,,,,,EquityDistribution,FinMind_API_TaiwanStockShareholding_2449,True,2026-09-22T11:42:32,2026-09-22T11:42:32,2026-09-22T11:42:32
2449,京元電子,2025,247.5,136.0,121.97,,,,,,33.71,,,,,,,,,,,,,,,,,,,,EquityDistribution,FinMind_API_TaiwanStockShareholding_2449,True,2026-10-08T16:47:42+08:00,2026-10-08T16:49:33,2026-10-08T16:49:33
2449,京元電子,2026,304.5,57.0,23.03,,,,,,28.36,,,,,,,,,,,,,,,,,,,,EquityDistribution,FinMind_API_TaiwanStockShareholding_2449,True,2026-10-08T16:47:42+08:00,2026-10-08T16:49:33,2026-10-08T16:49:33
2450,神腦,2018,35.0,,,,,,,,7.3,,,,,,,,,,,,,,,,,,,,EquityDistribution,FinMind_API_TaiwanStockShareholding_2450,True,2026-09-22T11:36:31,2026-09-22T11:36:31,2026-09-22T11:36:31
2450,神腦,2019,32.1,-2.8999999999999986,-8.29,,,,,,6.19,,,,,,,,,,,,,,,,,,,,EquityDistribution,FinMind_API_TaiwanStockShareholding_2450,True,2026-09-22T11:36:31,2026-09-22T11:36:31,2026-09-22T11:36:31
2450,神腦,2020,35.5,3.3999999999999986,10.59,,,,,,4.07,,,,,,,,,,,,,,,,,,,,EquityDistribution,FinMind_API_TaiwanStockShareholding_2450,True,2026-09-22T11:36:31,2026-09-22T11:36:31,2026-09-22T11:36:31
2450,神腦,2021,33.4,-2.1000000000000014,-5.92,,,,,,3.46,,,,,,,,,,,,,,,,,,,,EquityDistribution,FinMind_API_TaiwanStockShareholding_2450,True,2026-09-22T11:36:31,2026-09-22T11:36:31,2026-09-22T11:36:31
2450,神腦,2022,30.7,-2.6999999999999993,-8.08,,,,,,3.6,,,,,,,,,,,,,,,,,,,,EquityDistribution,FinMind_API_TaiwanStockShareholding_2450,True,2026-09-22T11:36:31,2026-09-22T11:36:31,2026-09-22T11:36:31
2450,神腦,2023,39.4,8.7,28.34,,,,,,3.24,,,,,,,,,,,,,,,,,,,,EquityDistribution,FinMind_API_TaiwanStockShareholding_2450,True,2026-09-22T11:36:31,2026-09-22T11:36:31,2026-09-22T11:36:31
2450,神腦,2024,32.25,-7.149999999999999,-18.15,,,,,,2.85,,,,,,,,,,,,,,,,,,,,EquityDistribution,FinMind_API_TaiwanStockShareholding_2450,True,2026-09-22T11:36:31,2026-09-22T11:36:31,2026-09-22T11:36:31
2450,神腦,2025,28.95,-3.3000000000000007,-10.23,,,,,,1.16,,,,,,,,,,,,,,,,,,,,EquityDistribution,FinMind_API_TaiwanStockShareholding_2450,True,2026-10-08T16:47:45+08:00,2026-10-08T16:49:33,2026-10-08T16:49:33
2450,神腦,2026,28.1,-0.8499999999999979,-2.94,,,,,,1.17,,,,,,,,,,,,,,,,,,,,EquityDistribution,FinMind_API_TaiwanStockShareholding_2450,True,2026-10-08T16:47:45+08:00,2026-10-08T16:49:33,2026-10-08T16:49:33
2451,創見,2018,66.8,,,,,,,,17.4,,,,,,,,,,,,,,,,,,,,EquityDistribution,FinMind_API_TaiwanStockShareholding_2451,True,2026-09-22T11:32:34,2026-09-22T11:32:34,2026-09-22T11:32:34
2451,創見,2019,77.9,11.100000000000009,16.62,,,,,,16.03,,,,,,,,,,,,,,,,,,,,EquityDistribution,FinMind_API_TaiwanStockShareholding_2451,True,2026-09-22T11:32:34,2026-09-22T11:32:34,2026-09-22T11:32:34
2451,創見,2020,65.0,-12.900000000000006,-16.56,,,,,,11.36,,,,,,,,,,,,,,,,,,,,EquityDistribution,FinMind_API_TaiwanStockShareholding_2451,True,2026-09-22T11:32:34,2026-09-22T11:32:34,2026-09-22T11:32:34
2451,創見,2021,73.1,8.099999999999994,12.46,,,,,,10.31,,,,,,,,,,,,,,,,,,,,EquityDistribution,FinMind_API_TaiwanStockShareholding_2451,True,2026-09-22T11:32:34,2026-09-22T11:32:34,2026-09-22T11:32:34
2451,創見,2022,66.0,-7.099999999999994,-9.71,,,,,,8.94,,,,,,,,,,,,,,,,,,,,EquityDistribution,FinMind_API_TaiwanStockShareholding_2451,True,2026-09-22T11:32:34,2026-09-22T11:32:34,2026-09-22T11:32:34
2451,創見,2023,80.6,14.599999999999994,22.12,,,,,,13.56,,,,,,,,,,,,,,,,,,,,EquityDistribution,FinMind_API_TaiwanStockShareholding_2451,True,2026-09-22T11:32:34,2026-09-22T11:32:34,2026-09-22T11:32:34
2451,創見,2024,86.6,6.0,7.44,,,,,,8.43,,,,,,,,,,,,,,,,,,,,EquityDistribution,FinMind_API_TaiwanStockShareholding_2451,True,2026-09-22T11:32:34,2026-09-22T11:32:34,2026-09-22T11:32:34
2451,創見,2025,196.0,109.4,126.33,,,,,,11.37,,,,,,,,,,,,,,,,,,,,EquityDistribution,FinMind_API_TaiwanStockShareholding_2451,True,2026-10-08T16:47:46+08:00,2026-10-08T16:49:33,2026-10-08T16:49:33
2451,創見,2026,284.5,88.5,45.15,,,,,,11.67,,,,,,,,,,,,,,,,,,,,EquityDistribution,FinMind_API_TaiwanStockShareholding_2451,True,2026-10-08T16:47:46+08:00,2026-10-08T16:49:33,2026-10-08T16:49:33
2454,聯發科,2018,229.5,,,,,,,,57.33,,,,,,,,,,,,,,,,,,,,EquityDistribution,FinMind_API_TaiwanStockShareholding_2454,True,2026-09-22T11:32:37,2026-09-22T11:32:37,2026-09-22T11:32:37
2454,聯發科,2019,443.5,214.0,93.25,,,,,,63.08,,,,,,,,,,,,,,,,,,,,EquityDistribution,FinMind_API_TaiwanStockShareholding_2454,True,2026-09-22T11:32:37,2026-09-22T11:32:37,2026-09-22T11:32:37
2454,聯發科,2020,747.0,303.5,68.43,,,,,,68.67,,,,,,,,,,,,,,,,,,,,EquityDistribution,FinMind_API_TaiwanStockShareholding_2454,True,2026-09-22T11:32:37,2026-09-22T11:32:37,2026-09-22T11:32:37
2454,聯發科,2021,1190.0,443.0,59.3,,,,,,68.8,,,,,,,,,,,,,,,,,,,,EquityDistribution,FinMind_API_TaiwanStockShareholding_2454,True,2026-09-22T11:32:37,2026-09-22T11:32:37,2026-09-22T11:32:37
2454,聯發科,2022,625.0,-565.0,-47.48,,,,,,60.76,,,,,,,,,,,,,,,,,,,,EquityDistribution,FinMind_API_TaiwanStockShareholding_2454,True,2026-09-22T11:32:37,2026-09-22T11:32:37,2026-09-22T11:32:37
2454,聯發科,2023,1015.0,390.0,62.4,,,,,,59.86,,,,,,,,,,,,,,,,,,,,EquityDistribution,FinMind_API_TaiwanStockShareholding_2454,True,2026-09-22T11:32:37,2026-09-22T11:32:37,2026-09-22T11:32:37
2454,聯發科,2024,1415.0,400.0,39.41,,,,,,59.32,,,,,,,,,,,,,,,,,,,,EquityDistribution,FinMind_API_TaiwanStockShareholding_2454,True,2026-09-22T11:32:37,2026-09-22T11:32:37,2026-09-22T11:32:37
2454,聯發科,2025,1430.0,15.0,1.06,,,,,,56.53,,,,,,,,,,,,,,,,,,,,EquityDistribution,FinMind_API_TaiwanStockShareholding_2454,True,2026-10-08T16:47:46+08:00,2026-10-08T16:49:33,2026-10-08T16:49:33
2454,聯發科,2026,4690.0,3260.0,227.97,,,,,,55.78,,,,,,,,,,,,,,,,,,,,EquityDistribution,FinMind_API_TaiwanStockShareholding_2454,True,2026-10-08T16:47:46+08:00,2026-10-08T16:49:33,2026-10-08T16:49:33
2458,義隆,2018,75.2,,,,,,,,47.89,,,,,,,,,,,,,,,,,,,,EquityDistribution,FinMind_API_TaiwanStockShareholding_2458,True,2026-09-22T11:32:47,2026-09-22T11:32:47,2026-09-22T11:32:47
2458,義隆,2019,91.2,16.0,21.28,,,,,,41.07,,,,,,,,,,,,,,,,,,,,EquityDistribution,FinMind_API_TaiwanStockShareholding_2458,True,2026-09-22T11:32:47,2026-09-22T11:32:47,2026-09-22T11:32:47
2458,義隆,2020,133.5,42.3,46.38,,,,,,26.04,,,,,,,,,,,,,,,,,,,,EquityDistribution,FinMind_API_TaiwanStockShareholding_2458,True,2026-09-22T11:32:47,2026-09-22T11:32:47,2026-09-22T11:32:47
2458,義隆,2021,170.0,36.5,27.34,,,,,,22.42,,,,,,,,,,,,,,,,,,,,EquityDistribution,FinMind_API_TaiwanStockShareholding_2458,True,2026-09-22T11:32:47,2026-09-22T11:32:47,2026-09-22T11:32:47
2458,義隆,2022,86.0,-84.0,-49.41,,,,,,25.58,,,,,,,,,,,,,,,,,,,,EquityDistribution,FinMind_API_TaiwanStockShareholding_2458,True,2026-09-22T11:32:47,2026-09-22T11:32:47,2026-09-22T11:32:47
2458,義隆,2023,162.5,76.5,88.95,,,,,,31.28,,,,,,,,,,,,,,,,,,,,EquityDistribution,FinMind_API_TaiwanStockShareholding_2458,True,2026-09-22T11:32:47,2026-09-22T11:32:47,2026-09-22T11:32:47
2458,義隆,2024,151.0,-11.5,-7.08,,,,,,25.98,,,,,,,,,,,,,,,,,,,,EquityDistribution,FinMind_API_TaiwanStockShareholding_2458,True,2026-09-22T11:32:47,2026-09-22T11:32:47,2026-09-22T11:32:47
2458,義隆,2025,118.5,-32.5,-21.52,,,,,,11.71,,,,,,,,,,,,,,,,,,,,EquityDistribution,FinMind_API_TaiwanStockShareholding_2458,True,2026-10-08T16:47:47+08:00,2026-10-08T16:49:33,2026-10-08T16:49:33
2458,義隆,2026,132.0,13.5,11.39,,,,,,19.0,,,,,,,,,,,,,,,,,,,,EquityDistribution,FinMind_API_TaiwanStockShareholding_2458,True,2026-10-08T16:47:47+08:00,2026-10-08T16:49:33,2026-10-08T16:49:33
2474,可成,2018,225.0,,,,,,,,65.45,,,,,,,,,,,,,,,,,,,,EquityDistribution,FinMind_API_TaiwanStockShareholding_2474,True,2026-09-22T11:32:51,2026-09-22T11:32:51,2026-09-22T11:32:51
2474,可成,2019,227.0,2.0,0.89,,,,,,63.29,,,,,,,,,,,,,,,,,,,,EquityDistribution,FinMind_API_TaiwanStockShareholding_2474,True,2026-09-22T11:32:51,2026-09-22T11:32:51,2026-09-22T11:32:51
2474,可成,2020,206.0,-21.0,-9.25,,,,,,50.44,,,,,,,,,,,,,,,,,,,,EquityDistribution,FinMind_API_TaiwanStockShareholding_2474,True,2026-09-22T11:32:51,2026-09-22T11:32:51,2026-09-22T11:32:51
2474,可成,2021,156.5,-49.5,-24.03,,,,,,46.4,,,,,,,,,,,,,,,,,,,,EquityDistribution,FinMind_API_TaiwanStockShareholding_2474,True,2026-09-22T11:32:51,2026-09-22T11:32:51,2026-09-22T11:32:51
2474,可成,2022,169.0,12.5,7.99,,,,,,44.83,,,,,,,,,,,,,,,,,,,,EquityDistribution,FinMind_API_TaiwanStockShareholding_2474,True,2026-09-22T11:32:51,2026-09-22T11:32:51,2026-09-22T11:32:51
2474,可成,2023,194.0,25.0,14.79,,,,,,35.85,,,,,,,,,,,,,,,,,,,,EquityDistribution,FinMind_API_TaiwanStockShareholding_2474,True,2026-09-22T11:32:51,2026-09-22T11:32:51,2026-09-22T11:32:51
2474,可成,2024,194.0,0.0,0.0,,,,,,36.4,,,,,,,,,,,,,,,,,,,,EquityDistribution,FinMind_API_TaiwanStockShareholding_2474,True,2026-09-22T11:32:51,2026-09-22T11:32:51,2026-09-22T11:32:51
2474,可成,2025,208.0,14.0,7.22,,,,,,22.57,,,,,,,,,,,,,,,,,,,,EquityDistribution,FinMind_API_TaiwanStockShareholding_2474,True,2026-10-08T16:47:48+08:00,2026-10-08T16:49:33,2026-10-08T16:49:33
2474,可成,2026,195.5,-12.5,-6.01,,,,,,13.13,,,,,,,,,,,,,,,,,,,,EquityDistribution,FinMind_API_TaiwanStockShareholding_2474,True,2026-10-08T16:47:48+08:00,2026-10-08T16:49:33,2026-10-08T16:49:33
2480,敦陽科,2018,38.25,,,,,,,,7.97,,,,,,,,,,,,,,,,,,,,EquityDistribution,FinMind_API_TaiwanStockShareholding_2480,True,2026-09-22T11:32:56,2026-09-22T11:32:56,2026-09-22T11:32:56
2480,敦陽科,2019,53.7,15.450000000000003,40.39,,,,,,8.38,,,,,,,,,,,,,,,,,,,,EquityDistribution,FinMind_API_TaiwanStockShareholding_2480,True,2026-09-22T11:32:56,2026-09-22T11:32:56,2026-09-22T11:32:56
2480,敦陽科,2020,66.5,12.799999999999997,23.84,,,,,,5.66,,,,,,,,,,,,,,,,,,,,EquityDistribution,FinMind_API_TaiwanStockShareholding_2480,True,2026-09-22T11:32:56,2026-09-22T11:32:56,2026-09-22T11:32:56
2480,敦陽科,2021,72.8,6.299999999999997,9.47,,,,,,5.39,,,,,,,,,,,,,,,,,,,,EquityDistribution,FinMind_API_TaiwanStockShareholding_2480,True,2026-09-22T11:32:56,2026-09-22T11:32:56,2026-09-22T11:32:56
2480,敦陽科,2022,85.9,13.100000000000009,17.99,,,,,,5.48,,,,,,,,,,,,,,,,,,,,EquityDistribution,FinMind_API_TaiwanStockShareholding_2480,True,2026-09-22T11:32:56,2026-09-22T11:32:56,2026-09-22T11:32:56
2480,敦陽科,2023,120.5,34.599999999999994,40.28,,,,,,7.49,,,,,,,,,,,,,,,,,,,,EquityDistribution,FinMind_API_TaiwanStockShareholding_2480,True,2026-09-22T11:32:56,2026-09-22T11:32:56,2026-09-22T11:32:56
2480,敦陽科,2024,138.0,17.5,14.52,,,,,,7.08,,,,,,,,,,,,,,,,,,,,EquityDistribution,FinMind_API_TaiwanStockShareholding_2480,True,2026-09-22T11:32:56,2026-09-22T11:32:56,2026-09-22T11:32:56
2480,敦陽科,2025,151.0,13.0,9.42,,,,,,11.98,,,,,,,,,,,,,,,,,,,,EquityDistribution,FinMind_API_TaiwanStockShareholding_2480,True,2026-10-08T16:47:48+08:00,2026-10-08T16:49:33,2026-10-08T16:49:33
2480,敦陽科,2026,165.0,14.0,9.27,,,,,,12.24,,,,,,,,,,,,,,,,,,,,EquityDistribution,FinMind_API_TaiwanStockShareholding_2480,True,2026-10-08T16:47:48+08:00,2026-10-08T16:49:33,2026-10-08T16:49:33
2603,長榮,2018,11.9,,,,,,,,23.14,,,,,,,,,,,,,,,,,,,,EquityDistribution,FinMind_API_TaiwanStockShareholding_2603,True,2026-09-22T11:40:49,2026-09-22T11:40:49,2026-09-22T11:40:49
2603,長榮,2019,12.4,0.5,4.2,,,,,,24.13,,,,,,,,,,,,,,,,,,,,EquityDistribution,FinMind_API_TaiwanStockShareholding_2603,True,2026-09-22T11:40:49,2026-09-22T11:40:49,2026-09-22T11:40:49
2603,長榮,2020,40.7,28.300000000000004,228.23,,,,,,30.16,,,,,,,,,,,,,,,,,,,,EquityDistribution,FinMind_API_TaiwanStockShareholding_2603,True,2026-09-22T11:40:49,2026-09-22T11:40:49,2026-09-22T11:40:49
2603,長榮,2021,142.5,101.8,250.12,,,,,,26.74,,,,,,,,,,,,,,,,,,,,EquityDistribution,FinMind_API_TaiwanStockShareholding_2603,True,2026-09-22T11:40:49,2026-09-22T11:40:49,2026-09-22T11:40:49
2603,長榮,2022,163.0,20.5,14.39,,,,,,30.05,,,,,,,,,,,,,,,,,,,,EquityDistribution,FinMind_API_TaiwanStockShareholding_2603,True,2026-09-22T11:40:49,2026-09-22T11:40:49,2026-09-22T11:40:49
2603,長榮,2023,143.5,-19.5,-11.96,,,,,,31.53,,,,,,,,,,,,,,,,,,,,EquityDistribution,FinMind_API_TaiwanStockShareholding_2603,True,2026-09-22T11:40:49,2026-09-22T11:40:49,2026-09-22T11:40:49
2603,長榮,2024,225.0,81.5,56.79,,,,,,23.66,,,,,,,,,,,,,,,,,,,,EquityDistribution,FinMind_API_TaiwanStockShareholding_2603,True,2026-09-22T11:40:49,2026-09-22T11:40:49,2026-09-22T11:40:49
2603,長榮,2025,190.0,-35.0,-15.56,,,,,,16.64,,,,,,,,,,,,,,,,,,,,EquityDistribution,FinMind_API_TaiwanStockShareholding_2603,True,2026-10-08T16:47:49+08:00,2026-10-08T16:49:33,2026-10-08T16:49:33
2603,長榮,2026,232.5,42.5,22.37,,,,,,25.72,,,,,,,,,,,,,,,,,,,,EquityDistribution,FinMind_API_TaiwanStockShareholding_2603,True,2026-10-08T16:47:49+08:00,2026-10-08T16:49:33,2026-10-08T16:49:33
2646,星宇航空,2024,27.6,,,,,,,,0.54,,,,,,,,,,,,,,,,,,,,EquityDistribution,FinMind_API_TaiwanStockShareholding_2646,True,2026-09-22T11:35:50,2026-09-22T11:35:50,2026-09-22T11:35:50
2646,星宇航空,2025,23.6,-4.0,-14.49,,,,,,2.81,,,,,,,,,,,,,,,,,,,,EquityDistribution,FinMind_API_TaiwanStockShareholding_2646,True,2026-10-08T16:47:50+08:00,2026-10-08T16:49:33,2026-10-08T16:49:33
2646,星宇航空,2026,20.1,-3.5,-14.83,,,,,,2.96,,,,,,,,,,,,,,,,,,,,EquityDistribution,FinMind_API_TaiwanStockShareholding_2646,True,2026-10-08T16:47:50+08:00,2026-10-08T16:49:33,2026-10-08T16:49:33
2851,中再保,2018,17.05,,,,,,,,2.55,,,,,,,,,,,,,,,,,,,,EquityDistribution,FinMind_API_TaiwanStockShareholding_2851,True,2026-09-22T11:43:48,2026-09-22T11:43:48,2026-09-22T11:43:48
2851,中再保,2019,19.85,2.8000000000000007,16.42,,,,,,2.45,,,,,,,,,,,,,,,,,,,,EquityDistribution,FinMind_API_TaiwanStockShareholding_2851,True,2026-09-22T11:43:48,2026-09-22T11:43:48,2026-09-22T11:43:48
2851,中再保,2020,22.7,2.849999999999998,14.36,,,,,,2.37,,,,,,,,,,,,,,,,,,,,EquityDistribution,FinMind_API_TaiwanStockShareholding_2851,True,2026-09-22T11:43:48,2026-09-22T11:43:48,2026-09-22T11:43:48
2851,中再保,2021,29.65,6.949999999999999,30.62,,,,,,1.26,,,,,,,,,,,,,,,,,,,,EquityDistribution,FinMind_API_TaiwanStockShareholding_2851,True,2026-09-22T11:43:48,2026-09-22T11:43:48,2026-09-22T11:43:48
2851,中再保,2022,17.0,-12.649999999999999,-42.66,,,,,,0.95,,,,,,,,,,,,,,,,,,,,EquityDistribution,FinMind_API_TaiwanStockShareholding_2851,True,2026-09-22T11:43:48,2026-09-22T11:43:48,2026-09-22T11:43:48
2851,中再保,2023,23.05,6.050000000000001,35.59,,,,,,2.96,,,,,,,,,,,,,,,,,,,,EquityDistribution,FinMind_API_TaiwanStockShareholding_2851,True,2026-09-22T11:43:48,2026-09-22T11:43:48,2026-09-22T11:43:48
2851,中再保,2024,25.85,2.8000000000000007,12.15,,,,,,3.87,,,,,,,,,,,,,,,,,,,,EquityDistribution,FinMind_API_TaiwanStockShareholding_2851,True,2026-09-22T11:43:48,2026-09-22T11:43:48,2026-09-22T11:43:48
2851,中再保,2025,26.25,0.3999999999999986,1.55,,,,,,4.83,,,,,,,,,,,,,,,,,,,,EquityDistribution,FinMind_API_TaiwanStockShareholding_2851,True,2026-10-08T16:47:50+08:00,2026-10-08T16:49:34,2026-10-08T16:49:34
2851,中再保,2026,47.95,21.700000000000003,82.67,,,,,,11.2,,,,,,,,,,,,,,,,,,,,EquityDistribution,FinMind_API_TaiwanStockShareholding_2851,True,2026-10-08T16:47:50+08:00,2026-10-08T16:49:34,2026-10-08T16:49:34
2881,富邦金,2018,47.05,,,,,,,,30.33,,,,,,,,,,,,,,,,,,,,EquityDistribution,FinMind_API_TaiwanStockShareholding_2881,True,2026-09-22T11:42:48,2026-09-22T11:42:48,2026-09-22T11:42:48
2881,富邦金,2019,46.4,-0.6499999999999986,-1.38,,,,,,27.66,,,,,,,,,,,,,,,,,,,,EquityDistribution,FinMind_API_TaiwanStockShareholding_2881,True,2026-09-22T11:42:48,2026-09-22T11:42:48,2026-09-22T11:42:48
2881,富邦金,2020,46.75,0.3500000000000014,0.75,,,,,,25.44,,,,,,,,,,,,,,,,,,,,EquityDistribution,FinMind_API_TaiwanStockShareholding_2881,True,2026-09-22T11:42:48,2026-09-22T11:42:48,2026-09-22T11:42:48
2881,富邦金,2021,76.3,29.549999999999997,63.21,,,,,,21.96,,,,,,,,,,,,,,,,,,,,EquityDistribution,FinMind_API_TaiwanStockShareholding_2881,True,2026-09-22T11:42:48,2026-09-22T11:42:48,2026-09-22T11:42:48
2881,富邦金,2022,56.3,-20.0,-26.21,,,,,,19.55,,,,,,,,,,,,,,,,,,,,EquityDistribution,FinMind_API_TaiwanStockShareholding_2881,True,2026-09-22T11:42:48,2026-09-22T11:42:48,2026-09-22T11:42:48
2881,富邦金,2023,64.8,8.5,15.1,,,,,,18.97,,,,,,,,,,,,,,,,,,,,EquityDistribution,FinMind_API_TaiwanStockShareholding_2881,True,2026-09-22T11:42:48,2026-09-22T11:42:48,2026-09-22T11:42:48
2881,富邦金,2024,90.3,25.5,39.35,,,,,,21.4,,,,,,,,,,,,,,,,,,,,EquityDistribution,FinMind_API_TaiwanStockShareholding_2881,True,2026-09-22T11:42:48,2026-09-22T11:42:48,2026-09-22T11:42:48
2881,富邦金,2025,96.1,5.799999999999997,6.42,,,,,,16.26,,,,,,,,,,,,,,,,,,,,EquityDistribution,FinMind_API_TaiwanStockShareholding_2881,True,2026-10-08T16:47:51+08:00,2026-10-08T16:49:34,2026-10-08T16:49:34
2881,富邦金,2026,153.0,56.900000000000006,59.21,,,,,,18.76,,,,,,,,,,,,,,,,,,,,EquityDistribution,FinMind_API_TaiwanStockShareholding_2881,True,2026-10-08T16:47:51+08:00,2026-10-08T16:49:34,2026-10-08T16:49:34
2882,國泰金,2018,47.0,,,,,,,,28.01,,,,,,,,,,,,,,,,,,,,EquityDistribution,FinMind_API_TaiwanStockShareholding_2882,True,2026-09-22T11:42:52,2026-09-22T11:42:52,2026-09-22T11:42:52
2882,國泰金,2019,42.55,-4.450000000000003,-9.47,,,,,,23.26,,,,,,,,,,,,,,,,,,,,EquityDistribution,FinMind_API_TaiwanStockShareholding_2882,True,2026-09-22T11:42:52,2026-09-22T11:42:52,2026-09-22T11:42:52
2882,國泰金,2020,42.25,-0.29999999999999716,-0.71,,,,,,21.34,,,,,,,,,,,,,,,,,,,,EquityDistribution,FinMind_API_TaiwanStockShareholding_2882,True,2026-09-22T11:42:52,2026-09-22T11:42:52,2026-09-22T11:42:52
2882,國泰金,2021,62.5,20.25,47.93,,,,,,24.39,,,,,,,,,,,,,,,,,,,,EquityDistribution,FinMind_API_TaiwanStockShareholding_2882,True,2026-09-22T11:42:52,2026-09-22T11:42:52,2026-09-22T11:42:52
2882,國泰金,2022,40.0,-22.5,-36.0,,,,,,20.44,,,,,,,,,,,,,,,,,,,,EquityDistribution,FinMind_API_TaiwanStockShareholding_2882,True,2026-09-22T11:42:52,2026-09-22T11:42:52,2026-09-22T11:42:52
2882,國泰金,2023,45.75,5.75,14.37,,,,,,21.01,,,,,,,,,,,,,,,,,,,,EquityDistribution,FinMind_API_TaiwanStockShareholding_2882,True,2026-09-22T11:42:52,2026-09-22T11:42:52,2026-09-22T11:42:52
2882,國泰金,2024,68.3,22.549999999999997,49.29,,,,,,25.29,,,,,,,,,,,,,,,,,,,,EquityDistribution,FinMind_API_TaiwanStockShareholding_2882,True,2026-09-22T11:42:52,2026-09-22T11:42:52,2026-09-22T11:42:52
2882,國泰金,2025,75.8,7.5,10.98,,,,,,19.6,,,,,,,,,,,,,,,,,,,,EquityDistribution,FinMind_API_TaiwanStockShareholding_2882,True,2026-10-08T16:47:51+08:00,2026-10-08T16:49:34,2026-10-08T16:49:34
2882,國泰金,2026,110.0,34.2,45.12,,,,,,23.17,,,,,,,,,,,,,,,,,,,,EquityDistribution,FinMind_API_TaiwanStockShareholding_2882,True,2026-10-08T16:47:51+08:00,2026-10-08T16:49:34,2026-10-08T16:49:34
2884,玉山金,2018,20.1,,,,,,,,45.43,,,,,,,,,,,,,,,,,,,,EquityDistribution,FinMind_API_TaiwanStockShareholding_2884,True,2026-09-22T11:43:02,2026-09-22T11:43:02,2026-09-22T11:43:02
2884,玉山金,2019,27.9,7.799999999999997,38.81,,,,,,44.24,,,,,,,,,,,,,,,,,,,,EquityDistribution,FinMind_API_TaiwanStockShareholding_2884,True,2026-09-22T11:43:02,2026-09-22T11:43:02,2026-09-22T11:43:02
2884,玉山金,2020,25.55,-2.349999999999998,-8.42,,,,,,37.04,,,,,,,,,,,,,,,,,,,,EquityDistribution,FinMind_API_TaiwanStockShareholding_2884,True,2026-09-22T11:43:02,2026-09-22T11:43:02,2026-09-22T11:43:02
2884,玉山金,2021,28.05,2.5,9.78,,,,,,36.92,,,,,,,,,,,,,,,,,,,,EquityDistribution,FinMind_API_TaiwanStockShareholding_2884,True,2026-09-22T11:43:02,2026-09-22T11:43:02,2026-09-22T11:43:02
2884,玉山金,2022,24.05,-4.0,-14.26,,,,,,32.86,,,,,,,,,,,,,,,,,,,,EquityDistribution,FinMind_API_TaiwanStockShareholding_2884,True,2026-09-22T11:43:02,2026-09-22T11:43:02,2026-09-22T11:43:02
2884,玉山金,2023,25.8,1.75,7.28,,,,,,31.57,,,,,,,,,,,,,,,,,,,,EquityDistribution,FinMind_API_TaiwanStockShareholding_2884,True,2026-09-22T11:43:02,2026-09-22T11:43:02,2026-09-22T11:43:02
2884,玉山金,2024,26.95,1.1499999999999986,4.46,,,,,,31.27,,,,,,,,,,,,,,,,,,,,EquityDistribution,FinMind_API_TaiwanStockShareholding_2884,True,2026-09-22T11:43:02,2026-09-22T11:43:02,2026-09-22T11:43:02
2884,玉山金,2025,33.75,6.800000000000001,25.23,,,,,,30.67,,,,,,,,,,,,,,,,,,,,EquityDistribution,FinMind_API_TaiwanStockShareholding_2884,True,2026-10-08T16:47:52+08:00,2026-10-08T16:49:34,2026-10-08T16:49:34
2884,玉山金,2026,45.0,11.25,33.33,,,,,,30.16,,,,,,,,,,,,,,,,,,,,EquityDistribution,FinMind_API_TaiwanStockShareholding_2884,True,2026-10-08T16:47:52+08:00,2026-10-08T16:49:34,2026-10-08T16:49:34
2891,中信金,2018,20.2,,,,,,,,41.26,,,,,,,,,,,,,,,,,,,,EquityDistribution,FinMind_API_TaiwanStockShareholding_2891,True,2026-09-22T11:42:58,2026-09-22T11:42:58,2026-09-22T11:42:58
2891,中信金,2019,22.4,2.1999999999999993,10.89,,,,,,41.64,,,,,,,,,,,,,,,,,,,,EquityDistribution,FinMind_API_TaiwanStockShareholding_2891,True,2026-09-22T11:42:58,2026-09-22T11:42:58,2026-09-22T11:42:58
2891,中信金,2020,19.7,-2.6999999999999993,-12.05,,,,,,34.86,,,,,,,,,,,,,,,,,,,,EquityDistribution,FinMind_API_TaiwanStockShareholding_2891,True,2026-09-22T11:42:58,2026-09-22T11:42:58,2026-09-22T11:42:58
2891,中信金,2021,25.95,6.25,31.73,,,,,,40.39,,,,,,,,,,,,,,,,,,,,EquityDistribution,FinMind_API_TaiwanStockShareholding_2891,True,2026-09-22T11:42:58,2026-09-22T11:42:58,2026-09-22T11:42:58
2891,中信金,2022,22.1,-3.849999999999998,-14.84,,,,,,38.62,,,,,,,,,,,,,,,,,,,,EquityDistribution,FinMind_API_TaiwanStockShareholding_2891,True,2026-09-22T11:42:58,2026-09-22T11:42:58,2026-09-22T11:42:58
2891,中信金,2023,28.35,6.25,28.28,,,,,,39.11,,,,,,,,,,,,,,,,,,,,EquityDistribution,FinMind_API_TaiwanStockShareholding_2891,True,2026-09-22T11:42:58,2026-09-22T11:42:58,2026-09-22T11:42:58
2891,中信金,2024,39.1,10.75,37.92,,,,,,32.54,,,,,,,,,,,,,,,,,,,,EquityDistribution,FinMind_API_TaiwanStockShareholding_2891,True,2026-09-22T11:42:58,2026-09-22T11:42:58,2026-09-22T11:42:58
2891,中信金,2025,50.2,11.100000000000001,28.39,,,,,,34.01,,,,,,,,,,,,,,,,,,,,EquityDistribution,FinMind_API_TaiwanStockShareholding_2891,True,2026-10-08T16:47:53+08:00,2026-10-08T16:49:34,2026-10-08T16:49:34
2891,中信金,2026,67.3,17.099999999999994,34.06,,,,,,34.97,,,,,,,,,,,,,,,,,,,,EquityDistribution,FinMind_API_TaiwanStockShareholding_2891,True,2026-10-08T16:47:53+08:00,2026-10-08T16:49:34,2026-10-08T16:49:34
3014,聯陽,2018,30.4,,,,,,,,22.73,,,,,,,,,,,,,,,,,,,,EquityDistribution,FinMind_API_TaiwanStockShareholding_3014,True,2026-09-22T11:37:39,2026-09-22T11:37:39,2026-09-22T11:37:39
3014,聯陽,2019,44.15,13.75,45.23,,,,,,23.67,,,,,,,,,,,,,,,,,,,,EquityDistribution,FinMind_API_TaiwanStockShareholding_3014,True,2026-09-22T11:37:39,2026-09-22T11:37:39,2026-09-22T11:37:39
3014,聯陽,2020,68.1,23.949999999999996,54.25,,,,,,19.21,,,,,,,,,,,,,,,,,,,,EquityDistribution,FinMind_API_TaiwanStockShareholding_3014,True,2026-09-22T11:37:39,2026-09-22T11:37:39,2026-09-22T11:37:39
3014,聯陽,2021,108.5,40.400000000000006,59.32,,,,,,12.35,,,,,,,,,,,,,,,,,,,,EquityDistribution,FinMind_API_TaiwanStockShareholding_3014,True,2026-09-22T11:37:39,2026-09-22T11:37:39,2026-09-22T11:37:39
3014,聯陽,2022,73.3,-35.2,-32.44,,,,,,12.46,,,,,,,,,,,,,,,,,,,,EquityDistribution,FinMind_API_TaiwanStockShareholding_3014,True,2026-09-22T11:37:39,2026-09-22T11:37:39,2026-09-22T11:37:39
3014,聯陽,2023,150.5,77.2,105.32,,,,,,29.7,,,,,,,,,,,,,,,,,,,,EquityDistribution,FinMind_API_TaiwanStockShareholding_3014,True,2026-09-22T11:37:39,2026-09-22T11:37:39,2026-09-22T11:37:39
3014,聯陽,2024,150.0,-0.5,-0.33,,,,,,27.05,,,,,,,,,,,,,,,,,,,,EquityDistribution,FinMind_API_TaiwanStockShareholding_3014,True,2026-09-22T11:37:39,2026-09-22T11:37:39,2026-09-22T11:37:39
3014,聯陽,2025,115.0,-35.0,-23.33,,,,,,22.05,,,,,,,,,,,,,,,,,,,,EquityDistribution,FinMind_API_TaiwanStockShareholding_3014,True,2026-10-08T16:47:54+08:00,2026-10-08T16:49:34,2026-10-08T16:49:34
3014,聯陽,2026,145.0,30.0,26.09,,,,,,20.03,,,,,,,,,,,,,,,,,,,,EquityDistribution,FinMind_API_TaiwanStockShareholding_3014,True,2026-10-08T16:47:54+08:00,2026-10-08T16:49:34,2026-10-08T16:49:34
3022,威強電,2018,34.65,,,,,,,,19.01,,,,,,,,,,,,,,,,,,,,EquityDistribution,FinMind_API_TaiwanStockShareholding_3022,True,2026-09-22T11:33:10,2026-09-22T11:33:10,2026-09-22T11:33:10
3022,威強電,2019,52.9,18.25,52.67,,,,,,20.66,,,,,,,,,,,,,,,,,,,,EquityDistribution,FinMind_API_TaiwanStockShareholding_3022,True,2026-09-22T11:33:10,2026-09-22T11:33:10,2026-09-22T11:33:10
3022,威強電,2020,54.5,1.6000000000000014,3.02,,,,,,20.76,,,,,,,,,,,,,,,,,,,,EquityDistribution,FinMind_API_TaiwanStockShareholding_3022,True,2026-09-22T11:33:10,2026-09-22T11:33:10,2026-09-22T11:33:10
3022,威強電,2021,46.8,-7.700000000000003,-14.13,,,,,,18.82,,,,,,,,,,,,,,,,,,,,EquityDistribution,FinMind_API_TaiwanStockShareholding_3022,True,2026-09-22T11:33:10,2026-09-22T11:33:10,2026-09-22T11:33:10
3022,威強電,2022,70.8,24.0,51.28,,,,,,29.17,,,,,,,,,,,,,,,,,,,,EquityDistribution,FinMind_API_TaiwanStockShareholding_3022,True,2026-09-22T11:33:10,2026-09-22T11:33:10,2026-09-22T11:33:10
3022,威強電,2023,84.0,13.200000000000003,18.64,,,,,,18.31,,,,,,,,,,,,,,,,,,,,EquityDistribution,FinMind_API_TaiwanStockShareholding_3022,True,2026-09-22T11:33:10,2026-09-22T11:33:10,2026-09-22T11:33:10
3022,威強電,2024,78.9,-5.099999999999994,-6.07,,,,,,18.24,,,,,,,,,,,,,,,,,,,,EquityDistribution,FinMind_API_TaiwanStockShareholding_3022,True,2026-09-22T11:33:10,2026-09-22T11:33:10,2026-09-22T11:33:10
3022,威強電,2025,64.5,-14.400000000000006,-18.25,,,,,,15.33,,,,,,,,,,,,,,,,,,,,EquityDistribution,FinMind_API_TaiwanStockShareholding_3022,True,2026-10-08T16:47:54+08:00,2026-10-08T16:49:34,2026-10-08T16:49:34
3022,威強電,2026,90.3,25.799999999999997,40.0,,,,,,21.72,,,,,,,,,,,,,,,,,,,,EquityDistribution,FinMind_API_TaiwanStockShareholding_3022,True,2026-10-08T16:47:54+08:00,2026-10-08T16:49:34,2026-10-08T16:49:34
3026,禾伸堂,2018,104.0,,,,,,,,17.12,,,,,,,,,,,,,,,,,,,,EquityDistribution,FinMind_API_TaiwanStockShareholding_3026,True,2026-09-22T11:33:13,2026-09-22T11:33:13,2026-09-22T11:33:13
3026,禾伸堂,2019,116.0,12.0,11.54,,,,,,13.64,,,,,,,,,,,,,,,,,,,,EquityDistribution,FinMind_API_TaiwanStockShareholding_3026,True,2026-09-22T11:33:13,2026-09-22T11:33:13,2026-09-22T11:33:13
3026,禾伸堂,2020,116.5,0.5,0.43,,,,,,11.98,,,,,,,,,,,,,,,,,,,,EquityDistribution,FinMind_API_TaiwanStockShareholding_3026,True,2026-09-22T11:33:13,2026-09-22T11:33:13,2026-09-22T11:33:13
3026,禾伸堂,2021,119.5,3.0,2.58,,,,,,12.22,,,,,,,,,,,,,,,,,,,,EquityDistribution,FinMind_API_TaiwanStockShareholding_3026,True,2026-09-22T11:33:13,2026-09-22T11:33:13,2026-09-22T11:33:13
3026,禾伸堂,2022,91.0,-28.5,-23.85,,,,,,10.84,,,,,,,,,,,,,,,,,,,,EquityDistribution,FinMind_API_TaiwanStockShareholding_3026,True,2026-09-22T11:33:13,2026-09-22T11:33:13,2026-09-22T11:33:13
3026,禾伸堂,2023,97.0,6.0,6.59,,,,,,11.46,,,,,,,,,,,,,,,,,,,,EquityDistribution,FinMind_API_TaiwanStockShareholding_3026,True,2026-09-22T11:33:13,2026-09-22T11:33:13,2026-09-22T11:33:13
3026,禾伸堂,2024,85.6,-11.400000000000006,-11.75,,,,,,12.74,,,,,,,,,,,,,,,,,,,,EquityDistribution,FinMind_API_TaiwanStockShareholding_3026,True,2026-09-22T11:33:13,2026-09-22T11:33:13,2026-09-22T11:33:13
3026,禾伸堂,2025,102.0,16.400000000000006,19.16,,,,,,14.3,,,,,,,,,,,,,,,,,,,,EquityDistribution,FinMind_API_TaiwanStockShareholding_3026,True,2026-10-08T16:47:55+08:00,2026-10-08T16:49:34,2026-10-08T16:49:34
3026,禾伸堂,2026,877.0,775.0,759.8,,,,,,11.76,,,,,,,,,,,,,,,,,,,,EquityDistribution,FinMind_API_TaiwanStockShareholding_3026,True,2026-10-08T16:47:55+08:00,2026-10-08T16:49:34,2026-10-08T16:49:34
3029,零壹,2018,19.65,,,,,,,,4.15,,,,,,,,,,,,,,,,,,,,EquityDistribution,FinMind_API_TaiwanStockShareholding_3029,True,2026-09-22T11:39:29,2026-09-22T11:39:29,2026-09-22T11:39:29
3029,零壹,2019,30.15,10.5,53.44,,,,,,3.93,,,,,,,,,,,,,,,,,,,,EquityDistribution,FinMind_API_TaiwanStockShareholding_3029,True,2026-09-22T11:39:29,2026-09-22T11:39:29,2026-09-22T11:39:29
3029,零壹,2020,39.05,8.899999999999999,29.52,,,,,,4.43,,,,,,,,,,,,,,,,,,,,EquityDistribution,FinMind_API_TaiwanStockShareholding_3029,True,2026-09-22T11:39:29,2026-09-22T11:39:29,2026-09-22T11:39:29
3029,零壹,2021,44.0,4.950000000000003,12.68,,,,,,3.62,,,,,,,,,,,,,,,,,,,,EquityDistribution,FinMind_API_TaiwanStockShareholding_3029,True,2026-09-22T11:39:29,2026-09-22T11:39:29,2026-09-22T11:39:29
3029,零壹,2022,40.15,-3.8500000000000014,-8.75,,,,,,2.44,,,,,,,,,,,,,,,,,,,,EquityDistribution,FinMind_API_TaiwanStockShareholding_3029,True,2026-09-22T11:39:29,2026-09-22T11:39:29,2026-09-22T11:39:29
3029,零壹,2023,65.4,25.250000000000007,62.89,,,,,,7.98,,,,,,,,,,,,,,,,,,,,EquityDistribution,FinMind_API_TaiwanStockShareholding_3029,True,2026-09-22T11:39:29,2026-09-22T11:39:29,2026-09-22T11:39:29
3029,零壹,2024,138.5,73.1,111.77,,,,,,11.16,,,,,,,,,,,,,,,,,,,,EquityDistribution,FinMind_API_TaiwanStockShareholding_3029,True,2026-09-22T11:39:29,2026-09-22T11:39:29,2026-09-22T11:39:29
3029,零壹,2025,113.0,-25.5,-18.41,,,,,,4.68,,,,,,,,,,,,,,,,,,,,EquityDistribution,FinMind_API_TaiwanStockShareholding_3029,True,2026-10-08T16:47:56+08:00,2026-10-08T16:49:34,2026-10-08T16:49:34
3029,零壹,2026,114.5,1.5,1.33,,,,,,7.29,,,,,,,,,,,,,,,,,,,,EquityDistribution,FinMind_API_TaiwanStockShareholding_3029,True,2026-10-08T16:47:56+08:00,2026-10-08T16:49:34,2026-10-08T16:49:34
3034,聯詠,2018,142.0,,,,,,,,68.43,,,,,,,,,,,,,,,,,,,,EquityDistribution,FinMind_API_TaiwanStockShareholding_3034,True,2026-09-22T11:33:18,2026-09-22T11:33:18,2026-09-22T11:33:18
3034,聯詠,2019,219.0,77.0,54.23,,,,,,61.75,,,,,,,,,,,,,,,,,,,,EquityDistribution,FinMind_API_TaiwanStockShareholding_3034,True,2026-09-22T11:33:18,2026-09-22T11:33:18,2026-09-22T11:33:18
3034,聯詠,2020,369.0,150.0,68.49,,,,,,63.6,,,,,,,,,,,,,,,,,,,,EquityDistribution,FinMind_API_TaiwanStockShareholding_3034,True,2026-09-22T11:33:18,2026-09-22T11:33:18,2026-09-22T11:33:18
3034,聯詠,2021,539.0,170.0,46.07,,,,,,57.29,,,,,,,,,,,,,,,,,,,,EquityDistribution,FinMind_API_TaiwanStockShareholding_3034,True,2026-09-22T11:33:18,2026-09-22T11:33:18,2026-09-22T11:33:18
3034,聯詠,2022,315.5,-223.5,-41.47,,,,,,44.97,,,,,,,,,,,,,,,,,,,,EquityDistribution,FinMind_API_TaiwanStockShareholding_3034,True,2026-09-22T11:33:18,2026-09-22T11:33:18,2026-09-22T11:33:18
3034,聯詠,2023,517.0,201.5,63.87,,,,,,50.16,,,,,,,,,,,,,,,,,,,,EquityDistribution,FinMind_API_TaiwanStockShareholding_3034,True,2026-09-22T11:33:18,2026-09-22T11:33:18,2026-09-22T11:33:18
3034,聯詠,2024,502.0,-15.0,-2.9,,,,,,28.76,,,,,,,,,,,,,,,,,,,,EquityDistribution,FinMind_API_TaiwanStockShareholding_3034,True,2026-09-22T11:33:18,2026-09-22T11:33:18,2026-09-22T11:33:18
3034,聯詠,2025,374.0,-128.0,-25.5,,,,,,29.77,,,,,,,,,,,,,,,,,,,,EquityDistribution,FinMind_API_TaiwanStockShareholding_3034,True,2026-10-08T16:47:56+08:00,2026-10-08T16:49:34,2026-10-08T16:49:34
3034,聯詠,2026,531.0,157.0,41.98,,,,,,45.13,,,,,,,,,,,,,,,,,,,,EquityDistribution,FinMind_API_TaiwanStockShareholding_3034,True,2026-10-08T16:47:56+08:00,2026-10-08T16:49:34,2026-10-08T16:49:34
3035,智原,2018,42.3,,,,,,,,22.94,,,,,,,,,,,,,,,,,,,,EquityDistribution,FinMind_API_TaiwanStockShareholding_3035,True,2026-09-22T11:34:59,2026-09-22T11:34:59,2026-09-22T11:34:59
3035,智原,2019,56.3,14.0,33.1,,,,,,25.01,,,,,,,,,,,,,,,,,,,,EquityDistribution,FinMind_API_TaiwanStockShareholding_3035,True,2026-09-22T11:34:59,2026-09-22T11:34:59,2026-09-22T11:34:59
3035,智原,2020,50.9,-5.399999999999999,-9.59,,,,,,20.47,,,,,,,,,,,,,,,,,,,,EquityDistribution,FinMind_API_TaiwanStockShareholding_3035,True,2026-09-22T11:34:59,2026-09-22T11:34:59,2026-09-22T11:34:59
3035,智原,2021,239.0,188.1,369.55,,,,,,33.93,,,,,,,,,,,,,,,,,,,,EquityDistribution,FinMind_API_TaiwanStockShareholding_3035,True,2026-09-22T11:34:59,2026-09-22T11:34:59,2026-09-22T11:34:59
3035,智原,2022,142.5,-96.5,-40.38,,,,,,26.71,,,,,,,,,,,,,,,,,,,,EquityDistribution,FinMind_API_TaiwanStockShareholding_3035,True,2026-09-22T11:34:59,2026-09-22T11:34:59,2026-09-22T11:34:59
3035,智原,2023,357.0,214.5,150.53,,,,,,27.02,,,,,,,,,,,,,,,,,,,,EquityDistribution,FinMind_API_TaiwanStockShareholding_3035,True,2026-09-22T11:34:59,2026-09-22T11:34:59,2026-09-22T11:34:59
3035,智原,2024,241.0,-116.0,-32.49,,,,,,15.88,,,,,,,,,,,,,,,,,,,,EquityDistribution,FinMind_API_TaiwanStockShareholding_3035,True,2026-09-22T11:34:59,2026-09-22T11:34:59,2026-09-22T11:34:59
3035,智原,2025,170.5,-70.5,-29.25,,,,,,7.15,,,,,,,,,,,,,,,,,,,,EquityDistribution,FinMind_API_TaiwanStockShareholding_3035,True,2026-10-08T16:47:57+08:00,2026-10-08T16:49:34,2026-10-08T16:49:34
3035,智原,2026,202.0,31.5,18.48,,,,,,18.78,,,,,,,,,,,,,,,,,,,,EquityDistribution,FinMind_API_TaiwanStockShareholding_3035,True,2026-10-08T16:47:57+08:00,2026-10-08T16:49:34,2026-10-08T16:49:34
3045,台灣大,2018,106.5,,,,,,,,19.47,,,,,,,,,,,,,,,,,,,,EquityDistribution,FinMind_API_TaiwanStockShareholding_3045,True,2026-09-22T11:33:25,2026-09-22T11:33:25,2026-09-22T11:33:25
3045,台灣大,2019,112.0,5.5,5.16,,,,,,21.09,,,,,,,,,,,,,,,,,,,,EquityDistribution,FinMind_API_TaiwanStockShareholding_3045,True,2026-09-22T11:33:25,2026-09-22T11:33:25,2026-09-22T11:33:25
3045,台灣大,2020,98.9,-13.099999999999994,-11.7,,,,,,15.34,,,,,,,,,,,,,,,,,,,,EquityDistribution,FinMind_API_TaiwanStockShareholding_3045,True,2026-09-22T11:33:25,2026-09-22T11:33:25,2026-09-22T11:33:25
3045,台灣大,2021,100.0,1.0999999999999943,1.11,,,,,,15.21,,,,,,,,,,,,,,,,,,,,EquityDistribution,FinMind_API_TaiwanStockShareholding_3045,True,2026-09-22T11:33:25,2026-09-22T11:33:25,2026-09-22T11:33:25
3045,台灣大,2022,94.7,-5.299999999999997,-5.3,,,,,,15.95,,,,,,,,,,,,,,,,,,,,EquityDistribution,FinMind_API_TaiwanStockShareholding_3045,True,2026-09-22T11:33:25,2026-09-22T11:33:25,2026-09-22T11:33:25
3045,台灣大,2023,98.6,3.8999999999999915,4.12,,,,,,14.27,,,,,,,,,,,,,,,,,,,,EquityDistribution,FinMind_API_TaiwanStockShareholding_3045,True,2026-09-22T11:33:25,2026-09-22T11:33:25,2026-09-22T11:33:25
3045,台灣大,2024,113.5,14.900000000000006,15.11,,,,,,14.83,,,,,,,,,,,,,,,,,,,,EquityDistribution,FinMind_API_TaiwanStockShareholding_3045,True,2026-09-22T11:33:25,2026-09-22T11:33:25,2026-09-22T11:33:25
3045,台灣大,2025,108.5,-5.0,-4.41,,,,,,11.77,,,,,,,,,,,,,,,,,,,,EquityDistribution,FinMind_API_TaiwanStockShareholding_3045,True,2026-10-08T16:47:58+08:00,2026-10-08T16:49:34,2026-10-08T16:49:34
3045,台灣大,2026,124.0,15.5,14.29,,,,,,19.16,,,,,,,,,,,,,,,,,,,,EquityDistribution,FinMind_API_TaiwanStockShareholding_3045,True,2026-10-08T16:47:58+08:00,2026-10-08T16:49:34,2026-10-08T16:49:34
3048,益登,2018,13.1,,,,,,,,5.85,,,,,,,,,,,,,,,,,,,,EquityDistribution,FinMind_API_TaiwanStockShareholding_3048,True,2026-09-22T11:33:30,2026-09-22T11:33:30,2026-09-22T11:33:30
3048,益登,2019,19.1,6.000000000000002,45.8,,,,,,12.76,,,,,,,,,,,,,,,,,,,,EquityDistribution,FinMind_API_TaiwanStockShareholding_3048,True,2026-09-22T11:33:30,2026-09-22T11:33:30,2026-09-22T11:33:30
3048,益登,2020,23.45,4.349999999999998,22.77,,,,,,8.78,,,,,,,,,,,,,,,,,,,,EquityDistribution,FinMind_API_TaiwanStockShareholding_3048,True,2026-09-22T11:33:30,2026-09-22T11:33:30,2026-09-22T11:33:30
3048,益登,2021,32.6,9.150000000000002,39.02,,,,,,6.23,,,,,,,,,,,,,,,,,,,,EquityDistribution,FinMind_API_TaiwanStockShareholding_3048,True,2026-09-22T11:33:30,2026-09-22T11:33:30,2026-09-22T11:33:30
3048,益登,2022,26.85,-5.75,-17.64,,,,,,2.68,,,,,,,,,,,,,,,,,,,,EquityDistribution,FinMind_API_TaiwanStockShareholding_3048,True,2026-09-22T11:33:30,2026-09-22T11:33:30,2026-09-22T11:33:30
3048,益登,2023,24.75,-2.1000000000000014,-7.82,,,,,,2.89,,,,,,,,,,,,,,,,,,,,EquityDistribution,FinMind_API_TaiwanStockShareholding_3048,True,2026-09-22T11:33:30,2026-09-22T11:33:30,2026-09-22T11:33:30
3048,益登,2024,30.8,6.050000000000001,24.44,,,,,,4.23,,,,,,,,,,,,,,,,,,,,EquityDistribution,FinMind_API_TaiwanStockShareholding_3048,True,2026-09-22T11:33:30,2026-09-22T11:33:30,2026-09-22T11:33:30
3048,益登,2025,41.55,10.749999999999996,34.9,,,,,,1.83,,,,,,,,,,,,,,,,,,,,EquityDistribution,FinMind_API_TaiwanStockShareholding_3048,True,2026-10-08T16:47:59+08:00,2026-10-08T16:49:34,2026-10-08T16:49:34
3048,益登,2026,57.0,15.450000000000003,37.18,,,,,,4.65,,,,,,,,,,,,,,,,,,,,EquityDistribution,FinMind_API_TaiwanStockShareholding_3048,True,2026-10-08T16:47:59+08:00,2026-10-08T16:49:34,2026-10-08T16:49:34
3150,鈺寶-創,2024,35.1,,,,,,,,0.22,,,,,,,,,,,,,,,,,,,,EquityDistribution,FinMind_API_TaiwanStockShareholding_3150,True,2026-09-22T11:35:43,2026-09-22T11:35:43,2026-09-22T11:35:43
3150,鈺寶-創,2025,19.7,-15.400000000000002,-43.87,,,,,,0.56,,,,,,,,,,,,,,,,,,,,EquityDistribution,FinMind_API_TaiwanStockShareholding_3150,True,2026-10-08T16:47:59+08:00,2026-10-08T16:49:34,2026-10-08T16:49:34
3150,鈺寶-創,2026,15.6,-4.1,-20.81,,,,,,0.99,,,,,,,,,,,,,,,,,,,,EquityDistribution,FinMind_API_TaiwanStockShareholding_3150,True,2026-10-08T16:47:59+08:00,2026-10-08T16:49:34,2026-10-08T16:49:34
3158,嘉實,2025,92.7,,,,,,,,1.37,,,,,,,,,,,,,,,,,,,,EquityDistribution,FinMind_API_TaiwanStockShareholding_3158,True,2026-10-08T16:47:59+08:00,2026-10-08T16:49:34,2026-10-08T16:49:34
3158,嘉實,2026,85.0,-7.700000000000003,-8.31,,,,,,1.39,,,,,,,,,,,,,,,,,,,,EquityDistribution,FinMind_API_TaiwanStockShareholding_3158,True,2026-10-08T16:47:59+08:00,2026-10-08T16:49:34,2026-10-08T16:49:34
3231,緯創,2018,19.1,,,,,,,,32.89,,,,,,,,,,,,,,,,,,,,EquityDistribution,FinMind_API_TaiwanStockShareholding_3231,True,2026-09-22T11:33:35,2026-09-22T11:33:35,2026-09-22T11:33:35
3231,緯創,2019,28.35,9.25,48.43,,,,,,56.28,,,,,,,,,,,,,,,,,,,,EquityDistribution,FinMind_API_TaiwanStockShareholding_3231,True,2026-09-22T11:33:35,2026-09-22T11:33:35,2026-09-22T11:33:35
3231,緯創,2020,31.0,2.6499999999999986,9.35,,,,,,48.17,,,,,,,,,,,,,,,,,,,,EquityDistribution,FinMind_API_TaiwanStockShareholding_3231,True,2026-09-22T11:33:35,2026-09-22T11:33:35,2026-09-22T11:33:35
3231,緯創,2021,29.15,-1.8500000000000014,-5.97,,,,,,31.42,,,,,,,,,,,,,,,,,,,,EquityDistribution,FinMind_API_TaiwanStockShareholding_3231,True,2026-09-22T11:33:35,2026-09-22T11:33:35,2026-09-22T11:33:35
3231,緯創,2022,29.4,0.25,0.86,,,,,,30.14,,,,,,,,,,,,,,,,,,,,EquityDistribution,FinMind_API_TaiwanStockShareholding_3231,True,2026-09-22T11:33:35,2026-09-22T11:33:35,2026-09-22T11:33:35
3231,緯創,2023,98.6,69.19999999999999,235.37,,,,,,29.89,,,,,,,,,,,,,,,,,,,,EquityDistribution,FinMind_API_TaiwanStockShareholding_3231,True,2026-09-22T11:33:35,2026-09-22T11:33:35,2026-09-22T11:33:35
3231,緯創,2024,104.0,5.400000000000006,5.48,,,,,,26.43,,,,,,,,,,,,,,,,,,,,EquityDistribution,FinMind_API_TaiwanStockShareholding_3231,True,2026-09-22T11:33:35,2026-09-22T11:33:35,2026-09-22T11:33:35
3231,緯創,2025,150.5,46.5,44.71,,,,,,31.38,,,,,,,,,,,,,,,,,,,,EquityDistribution,FinMind_API_TaiwanStockShareholding_3231,True,2026-10-08T16:48:00+08:00,2026-10-08T16:49:34,2026-10-08T16:49:34
3231,緯創,2026,188.5,38.0,25.25,,,,,,35.18,,,,,,,,,,,,,,,,,,,,EquityDistribution,FinMind_API_TaiwanStockShareholding_3231,True,2026-10-08T16:48:00+08:00,2026-10-08T16:49:34,2026-10-08T16:49:34
3260,威剛,2018,39.8,,,,,,,,9.57,,,,,,,,,,,,,,,,,,,,EquityDistribution,FinMind_API_TaiwanStockShareholding_3260,True,2026-09-22T11:41:47,2026-09-22T11:41:47,2026-09-22T11:41:47
3260,威剛,2019,68.7,28.900000000000006,72.61,,,,,,12.24,,,,,,,,,,,,,,,,,,,,EquityDistribution,FinMind_API_TaiwanStockShareholding_3260,True,2026-09-22T11:41:47,2026-09-22T11:41:47,2026-09-22T11:41:47
3260,威剛,2020,73.0,4.299999999999997,6.26,,,,,,8.94,,,,,,,,,,,,,,,,,,,,EquityDistribution,FinMind_API_TaiwanStockShareholding_3260,True,2026-09-22T11:41:47,2026-09-22T11:41:47,2026-09-22T11:41:47
3260,威剛,2021,92.3,19.299999999999997,26.44,,,,,,2.67,,,,,,,,,,,,,,,,,,,,EquityDistribution,FinMind_API_TaiwanStockShareholding_3260,True,2026-09-22T11:41:47,2026-09-22T11:41:47,2026-09-22T11:41:47
3260,威剛,2022,57.0,-35.3,-38.24,,,,,,9.42,,,,,,,,,,,,,,,,,,,,EquityDistribution,FinMind_API_TaiwanStockShareholding_3260,True,2026-09-22T11:41:47,2026-09-22T11:41:47,2026-09-22T11:41:47
3260,威剛,2023,103.0,46.0,80.7,,,,,,17.54,,,,,,,,,,,,,,,,,,,,EquityDistribution,FinMind_API_TaiwanStockShareholding_3260,True,2026-09-22T11:41:47,2026-09-22T11:41:47,2026-09-22T11:41:47
3260,威剛,2024,78.4,-24.599999999999994,-23.88,,,,,,9.52,,,,,,,,,,,,,,,,,,,,EquityDistribution,FinMind_API_TaiwanStockShareholding_3260,True,2026-09-22T11:41:47,2026-09-22T11:41:47,2026-09-22T11:41:47
3260,威剛,2025,279.5,201.1,256.51,,,,,,28.9,,,,,,,,,,,,,,,,,,,,EquityDistribution,FinMind_API_TaiwanStockShareholding_3260,True,2026-10-08T16:48:01+08:00,2026-10-08T16:49:34,2026-10-08T16:49:34
3260,威剛,2026,362.5,83.0,29.7,,,,,,22.25,,,,,,,,,,,,,,,,,,,,EquityDistribution,FinMind_API_TaiwanStockShareholding_3260,True,2026-10-08T16:48:01+08:00,2026-10-08T16:49:34,2026-10-08T16:49:34
3293,鈊象,2018,145.0,,,,,,,,15.51,,,,,,,,,,,,,,,,,,,,EquityDistribution,FinMind_API_TaiwanStockShareholding_3293,True,2026-09-22T11:40:40,2026-09-22T11:40:40,2026-09-22T11:40:40
3293,鈊象,2019,390.0,245.0,168.97,,,,,,29.67,,,,,,,,,,,,,,,,,,,,EquityDistribution,FinMind_API_TaiwanStockShareholding_3293,True,2026-09-22T11:40:40,2026-09-22T11:40:40,2026-09-22T11:40:40
3293,鈊象,2020,758.0,368.0,94.36,,,,,,28.86,,,,,,,,,,,,,,,,,,,,EquityDistribution,FinMind_API_TaiwanStockShareholding_3293,True,2026-09-22T11:40:40,2026-09-22T11:40:40,2026-09-22T11:40:40
3293,鈊象,2021,793.0,35.0,4.62,,,,,,30.07,,,,,,,,,,,,,,,,,,,,EquityDistribution,FinMind_API_TaiwanStockShareholding_3293,True,2026-09-22T11:40:40,2026-09-22T11:40:40,2026-09-22T11:40:40
3293,鈊象,2022,433.5,-359.5,-45.33,,,,,,32.2,,,,,,,,,,,,,,,,,,,,EquityDistribution,FinMind_API_TaiwanStockShareholding_3293,True,2026-09-22T11:40:40,2026-09-22T11:40:40,2026-09-22T11:40:40
3293,鈊象,2023,724.0,290.5,67.01,,,,,,34.04,,,,,,,,,,,,,,,,,,,,EquityDistribution,FinMind_API_TaiwanStockShareholding_3293,True,2026-09-22T11:40:40,2026-09-22T11:40:40,2026-09-22T11:40:40
3293,鈊象,2024,974.0,250.0,34.53,,,,,,26.13,,,,,,,,,,,,,,,,,,,,EquityDistribution,FinMind_API_TaiwanStockShareholding_3293,True,2026-09-22T11:40:40,2026-09-22T11:40:40,2026-09-22T11:40:40
3293,鈊象,2025,721.0,-253.0,-25.98,,,,,,20.76,,,,,,,,,,,,,,,,,,,,EquityDistribution,FinMind_API_TaiwanStockShareholding_3293,True,2026-10-08T16:48:01+08:00,2026-10-08T16:49:35,2026-10-08T16:49:35
3293,鈊象,2026,788.0,67.0,9.29,,,,,,32.41,,,,,,,,,,,,,,,,,,,,EquityDistribution,FinMind_API_TaiwanStockShareholding_3293,True,2026-10-08T16:48:01+08:00,2026-10-08T16:49:35,2026-10-08T16:49:35
3356,奇偶,2018,30.65,,,,,,,,3.17,,,,,,,,,,,,,,,,,,,,EquityDistribution,FinMind_API_TaiwanStockShareholding_3356,True,2026-09-22T11:33:45,2026-09-22T11:33:45,2026-09-22T11:33:45
3356,奇偶,2019,30.0,-0.6499999999999986,-2.12,,,,,,1.59,,,,,,,,,,,,,,,,,,,,EquityDistribution,FinMind_API_TaiwanStockShareholding_3356,True,2026-09-22T11:33:45,2026-09-22T11:33:45,2026-09-22T11:33:45
3356,奇偶,2020,33.7,3.700000000000003,12.33,,,,,,3.27,,,,,,,,,,,,,,,,,,,,EquityDistribution,FinMind_API_TaiwanStockShareholding_3356,True,2026-09-22T11:33:45,2026-09-22T11:33:45,2026-09-22T11:33:45
3356,奇偶,2021,31.7,-2.0000000000000036,-5.93,,,,,,5.7,,,,,,,,,,,,,,,,,,,,EquityDistribution,FinMind_API_TaiwanStockShareholding_3356,True,2026-09-22T11:33:45,2026-09-22T11:33:45,2026-09-22T11:33:45
3356,奇偶,2022,38.75,7.050000000000001,22.24,,,,,,5.47,,,,,,,,,,,,,,,,,,,,EquityDistribution,FinMind_API_TaiwanStockShareholding_3356,True,2026-09-22T11:33:45,2026-09-22T11:33:45,2026-09-22T11:33:45
3356,奇偶,2023,44.35,5.600000000000001,14.45,,,,,,2.88,,,,,,,,,,,,,,,,,,,,EquityDistribution,FinMind_API_TaiwanStockShareholding_3356,True,2026-09-22T11:33:45,2026-09-22T11:33:45,2026-09-22T11:33:45
3356,奇偶,2024,55.4,11.049999999999997,24.92,,,,,,7.43,,,,,,,,,,,,,,,,,,,,EquityDistribution,FinMind_API_TaiwanStockShareholding_3356,True,2026-09-22T11:33:45,2026-09-22T11:33:45,2026-09-22T11:33:45
3356,奇偶,2025,47.0,-8.399999999999999,-15.16,,,,,,5.21,,,,,,,,,,,,,,,,,,,,EquityDistribution,FinMind_API_TaiwanStockShareholding_3356,True,2026-10-08T16:48:02+08:00,2026-10-08T16:49:35,2026-10-08T16:49:35
3356,奇偶,2026,66.7,19.700000000000003,41.91,,,,,,8.22,,,,,,,,,,,,,,,,,,,,EquityDistribution,FinMind_API_TaiwanStockShareholding_3356,True,2026-10-08T16:48:02+08:00,2026-10-08T16:49:35,2026-10-08T16:49:35
3443,創意,2018,206.0,,,,,,,,14.6,,,,,,,,,,,,,,,,,,,,EquityDistribution,FinMind_API_TaiwanStockShareholding_3443,True,2026-09-22T11:43:35,2026-09-22T11:43:35,2026-09-22T11:43:35
3443,創意,2019,241.0,35.0,16.99,,,,,,14.91,,,,,,,,,,,,,,,,,,,,EquityDistribution,FinMind_API_TaiwanStockShareholding_3443,True,2026-09-22T11:43:35,2026-09-22T11:43:35,2026-09-22T11:43:35
3443,創意,2020,339.0,98.0,40.66,,,,,,25.37,,,,,,,,,,,,,,,,,,,,EquityDistribution,FinMind_API_TaiwanStockShareholding_3443,True,2026-09-22T11:43:35,2026-09-22T11:43:35,2026-09-22T11:43:35
3443,創意,2021,586.0,247.0,72.86,,,,,,38.79,,,,,,,,,,,,,,,,,,,,EquityDistribution,FinMind_API_TaiwanStockShareholding_3443,True,2026-09-22T11:43:35,2026-09-22T11:43:35,2026-09-22T11:43:35
3443,創意,2022,641.0,55.0,9.39,,,,,,39.2,,,,,,,,,,,,,,,,,,,,EquityDistribution,FinMind_API_TaiwanStockShareholding_3443,True,2026-09-22T11:43:35,2026-09-22T11:43:35,2026-09-22T11:43:35
3443,創意,2023,1740.0,1099.0,171.45,,,,,,30.13,,,,,,,,,,,,,,,,,,,,EquityDistribution,FinMind_API_TaiwanStockShareholding_3443,True,2026-09-22T11:43:35,2026-09-22T11:43:35,2026-09-22T11:43:35
3443,創意,2024,1360.0,-380.0,-21.84,,,,,,22.88,,,,,,,,,,,,,,,,,,,,EquityDistribution,FinMind_API_TaiwanStockShareholding_3443,True,2026-09-22T11:43:35,2026-09-22T11:43:35,2026-09-22T11:43:35
3443,創意,2025,2125.0,765.0,56.25,,,,,,27.85,,,,,,,,,,,,,,,,,,,,EquityDistribution,FinMind_API_TaiwanStockShareholding_3443,True,2026-10-08T16:48:03+08:00,2026-10-08T16:49:35,2026-10-08T16:49:35
3443,創意,2026,8360.0,6235.0,293.41,,,,,,27.13,,,,,,,,,,,,,,,,,,,,EquityDistribution,FinMind_API_TaiwanStockShareholding_3443,True,2026-10-08T16:48:03+08:00,2026-10-08T16:49:35,2026-10-08T16:49:35
3467,台灣精材,2025,48.1,,,,,,,,0.92,,,,,,,,,,,,,,,,,,,,EquityDistribution,FinMind_API_TaiwanStockShareholding_3467,True,2026-10-08T16:48:03+08:00,2026-10-08T16:49:35,2026-10-08T16:49:35
3467,台灣精材,2026,70.5,22.4,46.57,,,,,,2.78,,,,,,,,,,,,,,,,,,,,EquityDistribution,FinMind_API_TaiwanStockShareholding_3467,True,2026-10-08T16:48:03+08:00,2026-10-08T16:49:35,2026-10-08T16:49:35
3479,安勤,2018,38.5,,,,,,,,2.4,,,,,,,,,,,,,,,,,,,,EquityDistribution,FinMind_API_TaiwanStockShareholding_3479,True,2026-09-22T11:44:30,2026-09-22T11:44:30,2026-09-22T11:44:30
3479,安勤,2019,76.4,37.900000000000006,98.44,,,,,,10.94,,,,,,,,,,,,,,,,,,,,EquityDistribution,FinMind_API_TaiwanStockShareholding_3479,True,2026-09-22T11:44:30,2026-09-22T11:44:30,2026-09-22T11:44:30
3479,安勤,2020,55.5,-20.900000000000006,-27.36,,,,,,5.0,,,,,,,,,,,,,,,,,,,,EquityDistribution,FinMind_API_TaiwanStockShareholding_3479,True,2026-09-22T11:44:30,2026-09-22T11:44:30,2026-09-22T11:44:30
3479,安勤,2021,56.9,1.3999999999999986,2.52,,,,,,1.65,,,,,,,,,,,,,,,,,,,,EquityDistribution,FinMind_API_TaiwanStockShareholding_3479,True,2026-09-22T11:44:30,2026-09-22T11:44:30,2026-09-22T11:44:30
3479,安勤,2022,81.4,24.500000000000007,43.06,,,,,,6.19,,,,,,,,,,,,,,,,,,,,EquityDistribution,FinMind_API_TaiwanStockShareholding_3479,True,2026-09-22T11:44:30,2026-09-22T11:44:30,2026-09-22T11:44:30
3479,安勤,2023,119.5,38.099999999999994,46.81,,,,,,8.45,,,,,,,,,,,,,,,,,,,,EquityDistribution,FinMind_API_TaiwanStockShareholding_3479,True,2026-09-22T11:44:30,2026-09-22T11:44:30,2026-09-22T11:44:30
3479,安勤,2024,89.4,-30.099999999999994,-25.19,,,,,,5.34,,,,,,,,,,,,,,,,,,,,EquityDistribution,FinMind_API_TaiwanStockShareholding_3479,True,2026-09-22T11:44:30,2026-09-22T11:44:30,2026-09-22T11:44:30
3479,安勤,2025,91.4,2.0,2.24,,,,,,6.69,,,,,,,,,,,,,,,,,,,,EquityDistribution,FinMind_API_TaiwanStockShareholding_3479,True,2026-10-08T16:48:04+08:00,2026-10-08T16:49:35,2026-10-08T16:49:35
3479,安勤,2026,133.5,42.099999999999994,46.06,,,,,,9.64,,,,,,,,,,,,,,,,,,,,EquityDistribution,FinMind_API_TaiwanStockShareholding_3479,True,2026-10-08T16:48:04+08:00,2026-10-08T16:49:35,2026-10-08T16:49:35
3558,神準,2018,87.3,,,,,,,,9.15,,,,,,,,,,,,,,,,,,,,EquityDistribution,FinMind_API_TaiwanStockShareholding_3558,True,2026-09-22T11:36:27,2026-09-22T11:36:27,2026-09-22T11:36:27
3558,神準,2019,121.5,34.2,39.18,,,,,,9.42,,,,,,,,,,,,,,,,,,,,EquityDistribution,FinMind_API_TaiwanStockShareholding_3558,True,2026-09-22T11:36:27,2026-09-22T11:36:27,2026-09-22T11:36:27
3558,神準,2020,103.0,-18.5,-15.23,,,,,,5.55,,,,,,,,,,,,,,,,,,,,EquityDistribution,FinMind_API_TaiwanStockShareholding_3558,True,2026-09-22T11:36:27,2026-09-22T11:36:27,2026-09-22T11:36:27
3558,神準,2021,102.5,-0.5,-0.49,,,,,,5.19,,,,,,,,,,,,,,,,,,,,EquityDistribution,FinMind_API_TaiwanStockShareholding_3558,True,2026-09-22T11:36:27,2026-09-22T11:36:27,2026-09-22T11:36:27
3558,神準,2022,199.0,96.5,94.15,,,,,,7.89,,,,,,,,,,,,,,,,,,,,EquityDistribution,FinMind_API_TaiwanStockShareholding_3558,True,2026-09-22T11:36:27,2026-09-22T11:36:27,2026-09-22T11:36:27
3558,神準,2023,245.0,46.0,23.12,,,,,,1.06,,,,,,,,,,,,,,,,,,,,EquityDistribution,FinMind_API_TaiwanStockShareholding_3558,True,2026-09-22T11:36:27,2026-09-22T11:36:27,2026-09-22T11:36:27
3558,神準,2024,196.0,-49.0,-20.0,,,,,,5.77,,,,,,,,,,,,,,,,,,,,EquityDistribution,FinMind_API_TaiwanStockShareholding_3558,True,2026-09-22T11:36:27,2026-09-22T11:36:27,2026-09-22T11:36:27
3558,神準,2025,130.5,-65.5,-33.42,,,,,,3.43,,,,,,,,,,,,,,,,,,,,EquityDistribution,FinMind_API_TaiwanStockShareholding_3558,True,2026-10-08T16:48:04+08:00,2026-10-08T16:49:35,2026-10-08T16:49:35
3558,神準,2026,135.5,5.0,3.83,,,,,,4.13,,,,,,,,,,,,,,,,,,,,EquityDistribution,FinMind_API_TaiwanStockShareholding_3558,True,2026-10-08T16:48:04+08:00,2026-10-08T16:49:35,2026-10-08T16:49:35
3653,健策,2018,78.2,,,,,,,,5.69,,,,,,,,,,,,,,,,,,,,EquityDistribution,FinMind_API_TaiwanStockShareholding_3653,True,2026-09-22T11:43:17,2026-09-22T11:43:17,2026-09-22T11:43:17
3653,健策,2019,234.5,156.3,199.87,,,,,,6.56,,,,,,,,,,,,,,,,,,,,EquityDistribution,FinMind_API_TaiwanStockShareholding_3653,True,2026-09-22T11:43:17,2026-09-22T11:43:17,2026-09-22T11:43:17
3653,健策,2020,247.5,13.0,5.54,,,,,,7.17,,,,,,,,,,,,,,,,,,,,EquityDistribution,FinMind_API_TaiwanStockShareholding_3653,True,2026-09-22T11:43:17,2026-09-22T11:43:17,2026-09-22T11:43:17
3653,健策,2021,408.0,160.5,64.85,,,,,,10.74,,,,,,,,,,,,,,,,,,,,EquityDistribution,FinMind_API_TaiwanStockShareholding_3653,True,2026-09-22T11:43:17,2026-09-22T11:43:17,2026-09-22T11:43:17
3653,健策,2022,376.5,-31.5,-7.72,,,,,,10.52,,,,,,,,,,,,,,,,,,,,EquityDistribution,FinMind_API_TaiwanStockShareholding_3653,True,2026-09-22T11:43:17,2026-09-22T11:43:17,2026-09-22T11:43:17
3653,健策,2023,769.0,392.5,104.25,,,,,,19.68,,,,,,,,,,,,,,,,,,,,EquityDistribution,FinMind_API_TaiwanStockShareholding_3653,True,2026-09-22T11:43:17,2026-09-22T11:43:17,2026-09-22T11:43:17
3653,健策,2024,1525.0,756.0,98.31,,,,,,25.88,,,,,,,,,,,,,,,,,,,,EquityDistribution,FinMind_API_TaiwanStockShareholding_3653,True,2026-09-22T11:43:17,2026-09-22T11:43:17,2026-09-22T11:43:17
3653,健策,2025,2745.0,1220.0,80.0,,,,,,26.62,,,,,,,,,,,,,,,,,,,,EquityDistribution,FinMind_API_TaiwanStockShareholding_3653,True,2026-10-08T16:48:05+08:00,2026-10-08T16:49:35,2026-10-08T16:49:35
3653,健策,2026,7165.0,4420.0,161.02,,,,,,25.61,,,,,,,,,,,,,,,,,,,,EquityDistribution,FinMind_API_TaiwanStockShareholding_3653,True,2026-10-08T16:48:05+08:00,2026-10-08T16:49:35,2026-10-08T16:49:35
3661,世芯-KY,2018,69.0,,,,,,,,25.34,,,,,,,,,,,,,,,,,,,,EquityDistribution,FinMind_API_TaiwanStockShareholding_3661,True,2026-09-22T11:42:44,2026-09-22T11:42:44,2026-09-22T11:42:44
3661,世芯-KY,2019,234.5,165.5,239.86,,,,,,25.09,,,,,,,,,,,,,,,,,,,,EquityDistribution,FinMind_API_TaiwanStockShareholding_3661,True,2026-09-22T11:42:44,2026-09-22T11:42:44,2026-09-22T11:42:44
3661,世芯-KY,2020,621.0,386.5,164.82,,,,,,77.51,,,,,,,,,,,,,,,,,,,,EquityDistribution,FinMind_API_TaiwanStockShareholding_3661,True,2026-09-22T11:42:44,2026-09-22T11:42:44,2026-09-22T11:42:44
3661,世芯-KY,2021,1020.0,399.0,64.25,,,,,,65.81,,,,,,,,,,,,,,,,,,,,EquityDistribution,FinMind_API_TaiwanStockShareholding_3661,True,2026-09-22T11:42:44,2026-09-22T11:42:44,2026-09-22T11:42:44
3661,世芯-KY,2022,788.0,-232.0,-22.75,,,,,,54.75,,,,,,,,,,,,,,,,,,,,EquityDistribution,FinMind_API_TaiwanStockShareholding_3661,True,2026-09-22T11:42:44,2026-09-22T11:42:44,2026-09-22T11:42:44
3661,世芯-KY,2023,3275.0,2487.0,315.61,,,,,,60.2,,,,,,,,,,,,,,,,,,,,EquityDistribution,FinMind_API_TaiwanStockShareholding_3661,True,2026-09-22T11:42:44,2026-09-22T11:42:44,2026-09-22T11:42:44
3661,世芯-KY,2024,3280.0,5.0,0.15,,,,,,60.41,,,,,,,,,,,,,,,,,,,,EquityDistribution,FinMind_API_TaiwanStockShareholding_3661,True,2026-09-22T11:42:44,2026-09-22T11:42:44,2026-09-22T11:42:44
3661,世芯-KY,2025,3510.0,230.0,7.01,,,,,,49.65,,,,,,,,,,,,,,,,,,,,EquityDistribution,FinMind_API_TaiwanStockShareholding_3661,True,2026-10-08T16:48:06+08:00,2026-10-08T16:49:35,2026-10-08T16:49:35
3661,世芯-KY,2026,4345.0,835.0,23.79,,,,,,51.77,,,,,,,,,,,,,,,,,,,,EquityDistribution,FinMind_API_TaiwanStockShareholding_3661,True,2026-10-08T16:48:06+08:00,2026-10-08T16:49:35,2026-10-08T16:49:35
3665,貿聯-KY,2018,224.0,,,,,,,,49.29,,,,,,,,,,,,,,,,,,,,EquityDistribution,FinMind_API_TaiwanStockShareholding_3665,True,2026-09-22T11:43:24,2026-09-22T11:43:24,2026-09-22T11:43:24
3665,貿聯-KY,2019,225.5,1.5,0.67,,,,,,47.92,,,,,,,,,,,,,,,,,,,,EquityDistribution,FinMind_API_TaiwanStockShareholding_3665,True,2026-09-22T11:43:24,2026-09-22T11:43:24,2026-09-22T11:43:24
3665,貿聯-KY,2020,243.5,18.0,7.98,,,,,,48.19,,,,,,,,,,,,,,,,,,,,EquityDistribution,FinMind_API_TaiwanStockShareholding_3665,True,2026-09-22T11:43:24,2026-09-22T11:43:24,2026-09-22T11:43:24
3665,貿聯-KY,2021,261.0,17.5,7.19,,,,,,40.64,,,,,,,,,,,,,,,,,,,,EquityDistribution,FinMind_API_TaiwanStockShareholding_3665,True,2026-09-22T11:43:24,2026-09-22T11:43:24,2026-09-22T11:43:24
3665,貿聯-KY,2022,236.5,-24.5,-9.39,,,,,,45.42,,,,,,,,,,,,,,,,,,,,EquityDistribution,FinMind_API_TaiwanStockShareholding_3665,True,2026-09-22T11:43:24,2026-09-22T11:43:24,2026-09-22T11:43:24
3665,貿聯-KY,2023,267.0,30.5,12.9,,,,,,44.74,,,,,,,,,,,,,,,,,,,,EquityDistribution,FinMind_API_TaiwanStockShareholding_3665,True,2026-09-22T11:43:24,2026-09-22T11:43:24,2026-09-22T11:43:24
3665,貿聯-KY,2024,612.0,345.0,129.21,,,,,,39.91,,,,,,,,,,,,,,,,,,,,EquityDistribution,FinMind_API_TaiwanStockShareholding_3665,True,2026-09-22T11:43:24,2026-09-22T11:43:24,2026-09-22T11:43:24
3665,貿聯-KY,2025,1520.0,908.0,148.37,,,,,,44.93,,,,,,,,,,,,,,,,,,,,EquityDistribution,FinMind_API_TaiwanStockShareholding_3665,True,2026-10-08T16:48:06+08:00,2026-10-08T16:49:35,2026-10-08T16:49:35
3665,貿聯-KY,2026,2360.0,840.0,55.26,,,,,,50.81,,,,,,,,,,,,,,,,,,,,EquityDistribution,FinMind_API_TaiwanStockShareholding_3665,True,2026-10-08T16:48:06+08:00,2026-10-08T16:49:35,2026-10-08T16:49:35
3711,日月光投控,2018,58.3,,,,,,,,77.2,,,,,,,,,,,,,,,,,,,,EquityDistribution,FinMind_API_TaiwanStockShareholding_3711,True,2026-09-22T11:43:06,2026-09-22T11:43:06,2026-09-22T11:43:06
3711,日月光投控,2019,83.2,24.900000000000006,42.71,,,,,,77.06,,,,,,,,,,,,,,,,,,,,EquityDistribution,FinMind_API_TaiwanStockShareholding_3711,True,2026-09-22T11:43:06,2026-09-22T11:43:06,2026-09-22T11:43:06
3711,日月光投控,2020,81.3,-1.9000000000000057,-2.28,,,,,,74.9,,,,,,,,,,,,,,,,,,,,EquityDistribution,FinMind_API_TaiwanStockShareholding_3711,True,2026-09-22T11:43:06,2026-09-22T11:43:06,2026-09-22T11:43:06
3711,日月光投控,2021,106.5,25.200000000000003,31.0,,,,,,78.16,,,,,,,,,,,,,,,,,,,,EquityDistribution,FinMind_API_TaiwanStockShareholding_3711,True,2026-09-22T11:43:06,2026-09-22T11:43:06,2026-09-22T11:43:06
3711,日月光投控,2022,93.9,-12.599999999999994,-11.83,,,,,,73.74,,,,,,,,,,,,,,,,,,,,EquityDistribution,FinMind_API_TaiwanStockShareholding_3711,True,2026-09-22T11:43:06,2026-09-22T11:43:06,2026-09-22T11:43:06
3711,日月光投控,2023,135.0,41.099999999999994,43.77,,,,,,77.21,,,,,,,,,,,,,,,,,,,,EquityDistribution,FinMind_API_TaiwanStockShareholding_3711,True,2026-09-22T11:43:06,2026-09-22T11:43:06,2026-09-22T11:43:06
3711,日月光投控,2024,162.0,27.0,20.0,,,,,,73.87,,,,,,,,,,,,,,,,,,,,EquityDistribution,FinMind_API_TaiwanStockShareholding_3711,True,2026-09-22T11:43:06,2026-09-22T11:43:06,2026-09-22T11:43:06
3711,日月光投控,2025,250.5,88.5,54.63,,,,,,78.15,,,,,,,,,,,,,,,,,,,,EquityDistribution,FinMind_API_TaiwanStockShareholding_3711,True,2026-10-08T16:48:07+08:00,2026-10-08T16:49:35,2026-10-08T16:49:35
3711,日月光投控,2026,744.0,493.5,197.01,,,,,,78.15,,,,,,,,,,,,,,,,,,,,EquityDistribution,FinMind_API_TaiwanStockShareholding_3711,True,2026-10-08T16:48:07+08:00,2026-10-08T16:49:35,2026-10-08T16:49:35
4114,健喬,2018,27.4,,,,,,,,0.92,,,,,,,,,,,,,,,,,,,,EquityDistribution,FinMind_API_TaiwanStockShareholding_4114,True,2026-09-22T11:41:54,2026-09-22T11:41:54,2026-09-22T11:41:54
4114,健喬,2019,24.3,-3.099999999999998,-11.31,,,,,,0.61,,,,,,,,,,,,,,,,,,,,EquityDistribution,FinMind_API_TaiwanStockShareholding_4114,True,2026-09-22T11:41:54,2026-09-22T11:41:54,2026-09-22T11:41:54
4114,健喬,2020,25.5,1.1999999999999993,4.94,,,,,,1.14,,,,,,,,,,,,,,,,,,,,EquityDistribution,FinMind_API_TaiwanStockShareholding_4114,True,2026-09-22T11:41:54,2026-09-22T11:41:54,2026-09-22T11:41:54
4114,健喬,2021,23.6,-1.8999999999999986,-7.45,,,,,,0.97,,,,,,,,,,,,,,,,,,,,EquityDistribution,FinMind_API_TaiwanStockShareholding_4114,True,2026-09-22T11:41:54,2026-09-22T11:41:54,2026-09-22T11:41:54
4114,健喬,2022,48.7,25.1,106.36,,,,,,8.99,,,,,,,,,,,,,,,,,,,,EquityDistribution,FinMind_API_TaiwanStockShareholding_4114,True,2026-09-22T11:41:54,2026-09-22T11:41:54,2026-09-22T11:41:54
4114,健喬,2023,38.65,-10.050000000000004,-20.64,,,,,,4.86,,,,,,,,,,,,,,,,,,,,EquityDistribution,FinMind_API_TaiwanStockShareholding_4114,True,2026-09-22T11:41:54,2026-09-22T11:41:54,2026-09-22T11:41:54
4114,健喬,2024,34.5,-4.149999999999999,-10.74,,,,,,6.64,,,,,,,,,,,,,,,,,,,,EquityDistribution,FinMind_API_TaiwanStockShareholding_4114,True,2026-09-22T11:41:54,2026-09-22T11:41:54,2026-09-22T11:41:54
4114,健喬,2025,32.4,-2.1000000000000014,-6.09,,,,,,6.52,,,,,,,,,,,,,,,,,,,,EquityDistribution,FinMind_API_TaiwanStockShareholding_4114,True,2026-10-08T16:48:08+08:00,2026-10-08T16:49:35,2026-10-08T16:49:35
4114,健喬,2026,30.15,-2.25,-6.94,,,,,,6.93,,,,,,,,,,,,,,,,,,,,EquityDistribution,FinMind_API_TaiwanStockShareholding_4114,True,2026-10-08T16:48:08+08:00,2026-10-08T16:49:35,2026-10-08T16:49:35
4749,新應材,2025,877.0,,,,,,,,14.32,,,,,,,,,,,,,,,,,,,,EquityDistribution,FinMind_API_TaiwanStockShareholding_4749,True,2026-10-08T16:48:08+08:00,2026-10-08T16:49:35,2026-10-08T16:49:35
4749,新應材,2026,759.0,-118.0,-13.45,,,,,,13.53,,,,,,,,,,,,,,,,,,,,EquityDistribution,FinMind_API_TaiwanStockShareholding_4749,True,2026-10-08T16:48:08+08:00,2026-10-08T16:49:35,2026-10-08T16:49:35
4938,和碩,2018,51.4,,,,,,,,40.18,,,,,,,,,,,,,,,,,,,,EquityDistribution,FinMind_API_TaiwanStockShareholding_4938,True,2026-09-22T11:33:52,2026-09-22T11:33:52,2026-09-22T11:33:52
4938,和碩,2019,68.4,17.000000000000007,33.07,,,,,,45.46,,,,,,,,,,,,,,,,,,,,EquityDistribution,FinMind_API_TaiwanStockShareholding_4938,True,2026-09-22T11:33:52,2026-09-22T11:33:52,2026-09-22T11:33:52
4938,和碩,2020,67.3,-1.1000000000000085,-1.61,,,,,,38.14,,,,,,,,,,,,,,,,,,,,EquityDistribution,FinMind_API_TaiwanStockShareholding_4938,True,2026-09-22T11:33:52,2026-09-22T11:33:52,2026-09-22T11:33:52
4938,和碩,2021,69.1,1.7999999999999972,2.67,,,,,,28.45,,,,,,,,,,,,,,,,,,,,EquityDistribution,FinMind_API_TaiwanStockShareholding_4938,True,2026-09-22T11:33:52,2026-09-22T11:33:52,2026-09-22T11:33:52
4938,和碩,2022,63.5,-5.599999999999994,-8.1,,,,,,32.35,,,,,,,,,,,,,,,,,,,,EquityDistribution,FinMind_API_TaiwanStockShareholding_4938,True,2026-09-22T11:33:52,2026-09-22T11:33:52,2026-09-22T11:33:52
4938,和碩,2023,87.3,23.799999999999997,37.48,,,,,,36.25,,,,,,,,,,,,,,,,,,,,EquityDistribution,FinMind_API_TaiwanStockShareholding_4938,True,2026-09-22T11:33:52,2026-09-22T11:33:52,2026-09-22T11:33:52
4938,和碩,2024,91.9,4.6000000000000085,5.27,,,,,,32.91,,,,,,,,,,,,,,,,,,,,EquityDistribution,FinMind_API_TaiwanStockShareholding_4938,True,2026-09-22T11:33:52,2026-09-22T11:33:52,2026-09-22T11:33:52
4938,和碩,2025,68.6,-23.30000000000001,-25.35,,,,,,28.48,,,,,,,,,,,,,,,,,,,,EquityDistribution,FinMind_API_TaiwanStockShareholding_4938,True,2026-10-08T16:48:09+08:00,2026-10-08T16:49:35,2026-10-08T16:49:35
4938,和碩,2026,89.7,21.10000000000001,30.76,,,,,,30.88,,,,,,,,,,,,,,,,,,,,EquityDistribution,FinMind_API_TaiwanStockShareholding_4938,True,2026-10-08T16:48:09+08:00,2026-10-08T16:49:35,2026-10-08T16:49:35
4953,緯軟,2018,67.0,,,,,,,,8.86,,,,,,,,,,,,,,,,,,,,EquityDistribution,FinMind_API_TaiwanStockShareholding_4953,True,2026-09-22T11:36:05,2026-09-22T11:36:05,2026-09-22T11:36:05
4953,緯軟,2019,105.5,38.5,57.46,,,,,,4.53,,,,,,,,,,,,,,,,,,,,EquityDistribution,FinMind_API_TaiwanStockShareholding_4953,True,2026-09-22T11:36:05,2026-09-22T11:36:05,2026-09-22T11:36:05
4953,緯軟,2020,97.2,-8.299999999999997,-7.87,,,,,,7.49,,,,,,,,,,,,,,,,,,,,EquityDistribution,FinMind_API_TaiwanStockShareholding_4953,True,2026-09-22T11:36:05,2026-09-22T11:36:05,2026-09-22T11:36:05
4953,緯軟,2021,88.1,-9.100000000000009,-9.36,,,,,,10.15,,,,,,,,,,,,,,,,,,,,EquityDistribution,FinMind_API_TaiwanStockShareholding_4953,True,2026-09-22T11:36:05,2026-09-22T11:36:05,2026-09-22T11:36:05
4953,緯軟,2022,82.7,-5.3999999999999915,-6.13,,,,,,10.48,,,,,,,,,,,,,,,,,,,,EquityDistribution,FinMind_API_TaiwanStockShareholding_4953,True,2026-09-22T11:36:05,2026-09-22T11:36:05,2026-09-22T11:36:05
4953,緯軟,2023,132.0,49.3,59.61,,,,,,6.58,,,,,,,,,,,,,,,,,,,,EquityDistribution,FinMind_API_TaiwanStockShareholding_4953,True,2026-09-22T11:36:05,2026-09-22T11:36:05,2026-09-22T11:36:05
4953,緯軟,2024,113.5,-18.5,-14.02,,,,,,5.08,,,,,,,,,,,,,,,,,,,,EquityDistribution,FinMind_API_TaiwanStockShareholding_4953,True,2026-09-22T11:36:05,2026-09-22T11:36:05,2026-09-22T11:36:05
4953,緯軟,2025,123.0,9.5,8.37,,,,,,12.25,,,,,,,,,,,,,,,,,,,,EquityDistribution,FinMind_API_TaiwanStockShareholding_4953,True,2026-10-08T16:48:10+08:00,2026-10-08T16:49:35,2026-10-08T16:49:35
4953,緯軟,2026,117.0,-6.0,-4.88,,,,,,12.76,,,,,,,,,,,,,,,,,,,,EquityDistribution,FinMind_API_TaiwanStockShareholding_4953,True,2026-10-08T16:48:10+08:00,2026-10-08T16:49:35,2026-10-08T16:49:35
5203,訊連,2018,70.0,,,,,,,,23.83,,,,,,,,,,,,,,,,,,,,EquityDistribution,FinMind_API_TaiwanStockShareholding_5203,True,2026-09-22T11:34:05,2026-09-22T11:34:05,2026-09-22T11:34:05
5203,訊連,2019,112.0,42.0,60.0,,,,,,22.93,,,,,,,,,,,,,,,,,,,,EquityDistribution,FinMind_API_TaiwanStockShareholding_5203,True,2026-09-22T11:34:05,2026-09-22T11:34:05,2026-09-22T11:34:05
5203,訊連,2020,104.0,-8.0,-7.14,,,,,,17.52,,,,,,,,,,,,,,,,,,,,EquityDistribution,FinMind_API_TaiwanStockShareholding_5203,True,2026-09-22T11:34:05,2026-09-22T11:34:05,2026-09-22T11:34:05
5203,訊連,2021,89.0,-15.0,-14.42,,,,,,17.7,,,,,,,,,,,,,,,,,,,,EquityDistribution,FinMind_API_TaiwanStockShareholding_5203,True,2026-09-22T11:34:05,2026-09-22T11:34:05,2026-09-22T11:34:05
5203,訊連,2022,82.9,-6.099999999999994,-6.85,,,,,,10.56,,,,,,,,,,,,,,,,,,,,EquityDistribution,FinMind_API_TaiwanStockShareholding_5203,True,2026-09-22T11:34:05,2026-09-22T11:34:05,2026-09-22T11:34:05
5203,訊連,2023,98.0,15.099999999999994,18.21,,,,,,11.4,,,,,,,,,,,,,,,,,,,,EquityDistribution,FinMind_API_TaiwanStockShareholding_5203,True,2026-09-22T11:34:05,2026-09-22T11:34:05,2026-09-22T11:34:05
5203,訊連,2024,97.3,-0.7000000000000028,-0.71,,,,,,12.71,,,,,,,,,,,,,,,,,,,,EquityDistribution,FinMind_API_TaiwanStockShareholding_5203,True,2026-09-22T11:34:05,2026-09-22T11:34:05,2026-09-22T11:34:05
5203,訊連,2025,89.3,-8.0,-8.22,,,,,,17.42,,,,,,,,,,,,,,,,,,,,EquityDistribution,FinMind_API_TaiwanStockShareholding_5203,True,2026-10-08T16:48:10+08:00,2026-10-08T16:49:35,2026-10-08T16:49:35
5203,訊連,2026,60.2,-29.099999999999994,-32.59,,,,,,9.72,,,,,,,,,,,,,,,,,,,,EquityDistribution,FinMind_API_TaiwanStockShareholding_5203,True,2026-10-08T16:48:10+08:00,2026-10-08T16:49:35,2026-10-08T16:49:35
5269,祥碩,2018,500.0,,,,,,,,23.38,,,,,,,,,,,,,,,,,,,,EquityDistribution,FinMind_API_TaiwanStockShareholding_5269,True,2026-09-22T11:35:04,2026-09-22T11:35:04,2026-09-22T11:35:04
5269,祥碩,2019,657.0,157.0,31.4,,,,,,18.22,,,,,,,,,,,,,,,,,,,,EquityDistribution,FinMind_API_TaiwanStockShareholding_5269,True,2026-09-22T11:35:04,2026-09-22T11:35:04,2026-09-22T11:35:04
5269,祥碩,2020,1570.0,913.0,138.96,,,,,,25.17,,,,,,,,,,,,,,,,,,,,EquityDistribution,FinMind_API_TaiwanStockShareholding_5269,True,2026-09-22T11:35:04,2026-09-22T11:35:04,2026-09-22T11:35:04
5269,祥碩,2021,1820.0,250.0,15.92,,,,,,24.03,,,,,,,,,,,,,,,,,,,,EquityDistribution,FinMind_API_TaiwanStockShareholding_5269,True,2026-09-22T11:35:04,2026-09-22T11:35:04,2026-09-22T11:35:04
5269,祥碩,2022,670.0,-1150.0,-63.19,,,,,,16.49,,,,,,,,,,,,,,,,,,,,EquityDistribution,FinMind_API_TaiwanStockShareholding_5269,True,2026-09-22T11:35:04,2026-09-22T11:35:04,2026-09-22T11:35:04
5269,祥碩,2023,1815.0,1145.0,170.9,,,,,,19.04,,,,,,,,,,,,,,,,,,,,EquityDistribution,FinMind_API_TaiwanStockShareholding_5269,True,2026-09-22T11:35:04,2026-09-22T11:35:04,2026-09-22T11:35:04
5269,祥碩,2024,1985.0,170.0,9.37,,,,,,20.54,,,,,,,,,,,,,,,,,,,,EquityDistribution,FinMind_API_TaiwanStockShareholding_5269,True,2026-09-22T11:35:04,2026-09-22T11:35:04,2026-09-22T11:35:04
5269,祥碩,2025,1210.0,-775.0,-39.04,,,,,,14.6,,,,,,,,,,,,,,,,,,,,EquityDistribution,FinMind_API_TaiwanStockShareholding_5269,True,2026-10-08T16:48:11+08:00,2026-10-08T16:49:35,2026-10-08T16:49:35
5269,祥碩,2026,1490.0,280.0,23.14,,,,,,10.28,,,,,,,,,,,,,,,,,,,,EquityDistribution,FinMind_API_TaiwanStockShareholding_5269,True,2026-10-08T16:48:11+08:00,2026-10-08T16:49:35,2026-10-08T16:49:35
5274,信驊,2018,588.0,,,,,,,,52.69,,,,,,,,,,,,,,,,,,,,EquityDistribution,FinMind_API_TaiwanStockShareholding_5274,True,2026-09-22T11:40:44,2026-09-22T11:40:44,2026-09-22T11:40:44
5274,信驊,2019,959.0,371.0,63.1,,,,,,54.59,,,,,,,,,,,,,,,,,,,,EquityDistribution,FinMind_API_TaiwanStockShareholding_5274,True,2026-09-22T11:40:44,2026-09-22T11:40:44,2026-09-22T11:40:44
5274,信驊,2020,1715.0,756.0,78.83,,,,,,64.55,,,,,,,,,,,,,,,,,,,,EquityDistribution,FinMind_API_TaiwanStockShareholding_5274,True,2026-09-22T11:40:44,2026-09-22T11:40:44,2026-09-22T11:40:44
5274,信驊,2021,3565.0,1850.0,107.87,,,,,,64.47,,,,,,,,,,,,,,,,,,,,EquityDistribution,FinMind_API_TaiwanStockShareholding_5274,True,2026-09-22T11:40:44,2026-09-22T11:40:44,2026-09-22T11:40:44
5274,信驊,2022,1685.0,-1880.0,-52.73,,,,,,54.71,,,,,,,,,,,,,,,,,,,,EquityDistribution,FinMind_API_TaiwanStockShareholding_5274,True,2026-09-22T11:40:44,2026-09-22T11:40:44,2026-09-22T11:40:44
5274,信驊,2023,3120.0,1435.0,85.16,,,,,,51.35,,,,,,,,,,,,,,,,,,,,EquityDistribution,FinMind_API_TaiwanStockShareholding_5274,True,2026-09-22T11:40:44,2026-09-22T11:40:44,2026-09-22T11:40:44
5274,信驊,2024,3325.0,205.0,6.57,,,,,,47.24,,,,,,,,,,,,,,,,,,,,EquityDistribution,FinMind_API_TaiwanStockShareholding_5274,True,2026-09-22T11:40:44,2026-09-22T11:40:44,2026-09-22T11:40:44
5274,信驊,2025,7260.0,3935.0,118.35,,,,,,55.96,,,,,,,,,,,,,,,,,,,,EquityDistribution,FinMind_API_TaiwanStockShareholding_5274,True,2026-10-08T16:48:12+08:00,2026-10-08T16:49:35,2026-10-08T16:49:35
5274,信驊,2026,17485.0,10225.0,140.84,,,,,,53.38,,,,,,,,,,,,,,,,,,,,EquityDistribution,FinMind_API_TaiwanStockShareholding_5274,True,2026-10-08T16:48:12+08:00,2026-10-08T16:49:35,2026-10-08T16:49:35
5347,世界,2018,59.5,,,,,,,,39.42,,,,,,,,,,,,,,,,,,,,EquityDistribution,FinMind_API_TaiwanStockShareholding_5347,True,2026-09-22T11:44:53,2026-09-22T11:44:53,2026-09-22T11:44:53
5347,世界,2019,79.3,19.799999999999997,33.28,,,,,,38.25,,,,,,,,,,,,,,,,,,,,EquityDistribution,FinMind_API_TaiwanStockShareholding_5347,True,2026-09-22T11:44:53,2026-09-22T11:44:53,2026-09-22T11:44:53
5347,世界,2020,116.0,36.7,46.28,,,,,,39.67,,,,,,,,,,,,,,,,,,,,EquityDistribution,FinMind_API_TaiwanStockShareholding_5347,True,2026-09-22T11:44:53,2026-09-22T11:44:53,2026-09-22T11:44:53
5347,世界,2021,158.0,42.0,36.21,,,,,,35.94,,,,,,,,,,,,,,,,,,,,EquityDistribution,FinMind_API_TaiwanStockShareholding_5347,True,2026-09-22T11:44:53,2026-09-22T11:44:53,2026-09-22T11:44:53
5347,世界,2022,77.5,-80.5,-50.95,,,,,,28.44,,,,,,,,,,,,,,,,,,,,EquityDistribution,FinMind_API_TaiwanStockShareholding_5347,True,2026-09-22T11:44:53,2026-09-22T11:44:53,2026-09-22T11:44:53
5347,世界,2023,81.5,4.0,5.16,,,,,,17.66,,,,,,,,,,,,,,,,,,,,EquityDistribution,FinMind_API_TaiwanStockShareholding_5347,True,2026-09-22T11:44:53,2026-09-22T11:44:53,2026-09-22T11:44:53
5347,世界,2024,99.9,18.400000000000006,22.58,,,,,,13.68,,,,,,,,,,,,,,,,,,,,EquityDistribution,FinMind_API_TaiwanStockShareholding_5347,True,2026-09-22T11:44:53,2026-09-22T11:44:53,2026-09-22T11:44:53
5347,世界,2025,92.1,-7.800000000000011,-7.81,,,,,,15.4,,,,,,,,,,,,,,,,,,,,EquityDistribution,FinMind_API_TaiwanStockShareholding_5347,True,2026-10-08T16:48:12+08:00,2026-10-08T16:49:36,2026-10-08T16:49:36
5347,世界,2026,186.5,94.4,102.5,,,,,,33.43,,,,,,,,,,,,,,,,,,,,EquityDistribution,FinMind_API_TaiwanStockShareholding_5347,True,2026-10-08T16:48:12+08:00,2026-10-08T16:49:36,2026-10-08T16:49:36
5434,崇越,2018,69.6,,,,,,,,16.25,,,,,,,,,,,,,,,,,,,,EquityDistribution,FinMind_API_TaiwanStockShareholding_5434,True,2026-09-22T11:34:46,2026-09-22T11:34:46,2026-09-22T11:34:46
5434,崇越,2019,105.5,35.900000000000006,51.58,,,,,,31.43,,,,,,,,,,,,,,,,,,,,EquityDistribution,FinMind_API_TaiwanStockShareholding_5434,True,2026-09-22T11:34:46,2026-09-22T11:34:46,2026-09-22T11:34:46
5434,崇越,2020,119.5,14.0,13.27,,,,,,26.57,,,,,,,,,,,,,,,,,,,,EquityDistribution,FinMind_API_TaiwanStockShareholding_5434,True,2026-09-22T11:34:46,2026-09-22T11:34:46,2026-09-22T11:34:46
5434,崇越,2021,158.0,38.5,32.22,,,,,,29.92,,,,,,,,,,,,,,,,,,,,EquityDistribution,FinMind_API_TaiwanStockShareholding_5434,True,2026-09-22T11:34:46,2026-09-22T11:34:46,2026-09-22T11:34:46
5434,崇越,2022,164.0,6.0,3.8,,,,,,30.94,,,,,,,,,,,,,,,,,,,,EquityDistribution,FinMind_API_TaiwanStockShareholding_5434,True,2026-09-22T11:34:46,2026-09-22T11:34:46,2026-09-22T11:34:46
5434,崇越,2023,182.5,18.5,11.28,,,,,,25.59,,,,,,,,,,,,,,,,,,,,EquityDistribution,FinMind_API_TaiwanStockShareholding_5434,True,2026-09-22T11:34:46,2026-09-22T11:34:46,2026-09-22T11:34:46
5434,崇越,2024,280.0,97.5,53.42,,,,,,26.44,,,,,,,,,,,,,,,,,,,,EquityDistribution,FinMind_API_TaiwanStockShareholding_5434,True,2026-09-22T11:34:46,2026-09-22T11:34:46,2026-09-22T11:34:46
5434,崇越,2025,291.0,11.0,3.93,,,,,,27.11,,,,,,,,,,,,,,,,,,,,EquityDistribution,FinMind_API_TaiwanStockShareholding_5434,True,2026-10-08T16:48:13+08:00,2026-10-08T16:49:36,2026-10-08T16:49:36
5434,崇越,2026,596.0,305.0,104.81,,,,,,30.31,,,,,,,,,,,,,,,,,,,,EquityDistribution,FinMind_API_TaiwanStockShareholding_5434,True,2026-10-08T16:48:13+08:00,2026-10-08T16:49:36,2026-10-08T16:49:36
5536,聖暉,2018,169.5,,,,,,,,20.94,,,,,,,,,,,,,,,,,,,,EquityDistribution,FinMind_API_TaiwanStockShareholding_5536,True,2026-09-22T11:40:19,2026-09-22T11:40:19,2026-09-22T11:40:19
5536,聖暉,2019,184.5,15.0,8.85,,,,,,9.12,,,,,,,,,,,,,,,,,,,,EquityDistribution,FinMind_API_TaiwanStockShareholding_5536,True,2026-09-22T11:40:19,2026-09-22T11:40:19,2026-09-22T11:40:19
5536,聖暉,2020,188.0,3.5,1.9,,,,,,13.17,,,,,,,,,,,,,,,,,,,,EquityDistribution,FinMind_API_TaiwanStockShareholding_5536,True,2026-09-22T11:40:19,2026-09-22T11:40:19,2026-09-22T11:40:19
5536,聖暉,2021,222.0,34.0,18.09,,,,,,17.83,,,,,,,,,,,,,,,,,,,,EquityDistribution,FinMind_API_TaiwanStockShareholding_5536,True,2026-09-22T11:40:19,2026-09-22T11:40:19,2026-09-22T11:40:19
5536,聖暉,2022,101.5,-120.5,-54.28,,,,,,13.95,,,,,,,,,,,,,,,,,,,,EquityDistribution,FinMind_API_TaiwanStockShareholding_5536,True,2026-09-22T11:40:19,2026-09-22T11:40:19,2026-09-22T11:40:19
5536,聖暉,2023,177.5,76.0,74.88,,,,,,20.6,,,,,,,,,,,,,,,,,,,,EquityDistribution,FinMind_API_TaiwanStockShareholding_5536,True,2026-09-22T11:40:19,2026-09-22T11:40:19,2026-09-22T11:40:19
5536,聖暉,2024,371.5,194.0,109.3,,,,,,31.49,,,,,,,,,,,,,,,,,,,,EquityDistribution,FinMind_API_TaiwanStockShareholding_5536,True,2026-09-22T11:40:19,2026-09-22T11:40:19,2026-09-22T11:40:19
5536,聖暉,2025,781.0,409.5,110.23,,,,,,25.99,,,,,,,,,,,,,,,,,,,,EquityDistribution,FinMind_API_TaiwanStockShareholding_5536,True,2026-10-08T16:48:14+08:00,2026-10-08T16:49:36,2026-10-08T16:49:36
5536,聖暉,2026,1030.0,249.0,31.88,,,,,,42.84,,,,,,,,,,,,,,,,,,,,EquityDistribution,FinMind_API_TaiwanStockShareholding_5536,True,2026-10-08T16:48:14+08:00,2026-10-08T16:49:36,2026-10-08T16:49:36
5904,寶雅,2018,316.5,,,,,,,,35.37,,,,,,,,,,,,,,,,,,,,EquityDistribution,FinMind_API_TaiwanStockShareholding_5904,True,2026-09-22T11:37:16,2026-09-22T11:37:16,2026-09-22T11:37:16
5904,寶雅,2019,421.5,105.0,33.18,,,,,,35.89,,,,,,,,,,,,,,,,,,,,EquityDistribution,FinMind_API_TaiwanStockShareholding_5904,True,2026-09-22T11:37:16,2026-09-22T11:37:16,2026-09-22T11:37:16
5904,寶雅,2020,576.0,154.5,36.65,,,,,,37.57,,,,,,,,,,,,,,,,,,,,EquityDistribution,FinMind_API_TaiwanStockShareholding_5904,True,2026-09-22T11:37:16,2026-09-22T11:37:16,2026-09-22T11:37:16
5904,寶雅,2021,423.5,-152.5,-26.48,,,,,,32.88,,,,,,,,,,,,,,,,,,,,EquityDistribution,FinMind_API_TaiwanStockShareholding_5904,True,2026-09-22T11:37:16,2026-09-22T11:37:16,2026-09-22T11:37:16
5904,寶雅,2022,497.5,74.0,17.47,,,,,,28.72,,,,,,,,,,,,,,,,,,,,EquityDistribution,FinMind_API_TaiwanStockShareholding_5904,True,2026-09-22T11:37:16,2026-09-22T11:37:16,2026-09-22T11:37:16
5904,寶雅,2023,552.0,54.5,10.95,,,,,,29.4,,,,,,,,,,,,,,,,,,,,EquityDistribution,FinMind_API_TaiwanStockShareholding_5904,True,2026-09-22T11:37:16,2026-09-22T11:37:16,2026-09-22T11:37:16
5904,寶雅,2024,496.5,-55.5,-10.05,,,,,,21.6,,,,,,,,,,,,,,,,,,,,EquityDistribution,FinMind_API_TaiwanStockShareholding_5904,True,2026-09-22T11:37:16,2026-09-22T11:37:16,2026-09-22T11:37:16
5904,寶雅,2025,439.5,-57.0,-11.48,,,,,,26.17,,,,,,,,,,,,,,,,,,,,EquityDistribution,FinMind_API_TaiwanStockShareholding_5904,True,2026-10-08T16:48:15+08:00,2026-10-08T16:49:36,2026-10-08T16:49:36
5904,寶雅,2026,69.5,-370.0,-84.19,,,,,,25.82,,,,,,,,,,,,,,,,,,,,EquityDistribution,FinMind_API_TaiwanStockShareholding_5904,True,2026-10-08T16:48:15+08:00,2026-10-08T16:49:36,2026-10-08T16:49:36
6123,上奇,2018,38.3,,,,,,,,5.27,,,,,,,,,,,,,,,,,,,,EquityDistribution,FinMind_API_TaiwanStockShareholding_6123,True,2026-09-22T11:39:09,2026-09-22T11:39:09,2026-09-22T11:39:09
6123,上奇,2019,40.6,2.3000000000000043,6.01,,,,,,3.68,,,,,,,,,,,,,,,,,,,,EquityDistribution,FinMind_API_TaiwanStockShareholding_6123,True,2026-09-22T11:39:09,2026-09-22T11:39:09,2026-09-22T11:39:09
6123,上奇,2020,40.1,-0.5,-1.23,,,,,,2.73,,,,,,,,,,,,,,,,,,,,EquityDistribution,FinMind_API_TaiwanStockShareholding_6123,True,2026-09-22T11:39:09,2026-09-22T11:39:09,2026-09-22T11:39:09
6123,上奇,2021,49.8,9.699999999999996,24.19,,,,,,2.64,,,,,,,,,,,,,,,,,,,,EquityDistribution,FinMind_API_TaiwanStockShareholding_6123,True,2026-09-22T11:39:09,2026-09-22T11:39:09,2026-09-22T11:39:09
6123,上奇,2022,53.6,3.8000000000000043,7.63,,,,,,3.14,,,,,,,,,,,,,,,,,,,,EquityDistribution,FinMind_API_TaiwanStockShareholding_6123,True,2026-09-22T11:39:09,2026-09-22T11:39:09,2026-09-22T11:39:09
6123,上奇,2023,66.2,12.600000000000001,23.51,,,,,,2.46,,,,,,,,,,,,,,,,,,,,EquityDistribution,FinMind_API_TaiwanStockShareholding_6123,True,2026-09-22T11:39:09,2026-09-22T11:39:09,2026-09-22T11:39:09
6123,上奇,2024,55.8,-10.400000000000006,-15.71,,,,,,2.81,,,,,,,,,,,,,,,,,,,,EquityDistribution,FinMind_API_TaiwanStockShareholding_6123,True,2026-09-22T11:39:09,2026-09-22T11:39:09,2026-09-22T11:39:09
6123,上奇,2025,48.0,-7.799999999999997,-13.98,,,,,,2.76,,,,,,,,,,,,,,,,,,,,EquityDistribution,FinMind_API_TaiwanStockShareholding_6123,True,2026-10-08T16:48:15+08:00,2026-10-08T16:49:36,2026-10-08T16:49:36
6123,上奇,2026,42.5,-5.5,-11.46,,,,,,2.86,,,,,,,,,,,,,,,,,,,,EquityDistribution,FinMind_API_TaiwanStockShareholding_6123,True,2026-10-08T16:48:15+08:00,2026-10-08T16:49:36,2026-10-08T16:49:36
6125,廣運,2018,9.0,,,,,,,,3.07,,,,,,,,,,,,,,,,,,,,EquityDistribution,FinMind_API_TaiwanStockShareholding_6125,True,2026-09-22T11:40:28,2026-09-22T11:40:28,2026-09-22T11:40:28
6125,廣運,2019,15.85,6.85,76.11,,,,,,2.5,,,,,,,,,,,,,,,,,,,,EquityDistribution,FinMind_API_TaiwanStockShareholding_6125,True,2026-09-22T11:40:28,2026-09-22T11:40:28,2026-09-22T11:40:28
6125,廣運,2020,30.15,14.299999999999999,90.22,,,,,,2.26,,,,,,,,,,,,,,,,,,,,EquityDistribution,FinMind_API_TaiwanStockShareholding_6125,True,2026-09-22T11:40:28,2026-09-22T11:40:28,2026-09-22T11:40:28
6125,廣運,2021,28.4,-1.75,-5.8,,,,,,2.31,,,,,,,,,,,,,,,,,,,,EquityDistribution,FinMind_API_TaiwanStockShareholding_6125,True,2026-09-22T11:40:28,2026-09-22T11:40:28,2026-09-22T11:40:28
6125,廣運,2022,25.4,-3.0,-10.56,,,,,,6.22,,,,,,,,,,,,,,,,,,,,EquityDistribution,FinMind_API_TaiwanStockShareholding_6125,True,2026-09-22T11:40:28,2026-09-22T11:40:28,2026-09-22T11:40:28
6125,廣運,2023,63.0,37.6,148.03,,,,,,1.79,,,,,,,,,,,,,,,,,,,,EquityDistribution,FinMind_API_TaiwanStockShareholding_6125,True,2026-09-22T11:40:28,2026-09-22T11:40:28,2026-09-22T11:40:28
6125,廣運,2024,90.1,27.099999999999994,43.02,,,,,,5.86,,,,,,,,,,,,,,,,,,,,EquityDistribution,FinMind_API_TaiwanStockShareholding_6125,True,2026-09-22T11:40:28,2026-09-22T11:40:28,2026-09-22T11:40:28
6125,廣運,2025,72.1,-18.0,-19.98,,,,,,9.9,,,,,,,,,,,,,,,,,,,,EquityDistribution,FinMind_API_TaiwanStockShareholding_6125,True,2026-10-08T16:48:16+08:00,2026-10-08T16:49:36,2026-10-08T16:49:36
6125,廣運,2026,51.2,-20.89999999999999,-28.99,,,,,,11.31,,,,,,,,,,,,,,,,,,,,EquityDistribution,FinMind_API_TaiwanStockShareholding_6125,True,2026-10-08T16:48:16+08:00,2026-10-08T16:49:36,2026-10-08T16:49:36
6166,凌華,2018,31.65,,,,,,,,20.14,,,,,,,,,,,,,,,,,,,,EquityDistribution,FinMind_API_TaiwanStockShareholding_6166,True,2026-09-22T11:44:00,2026-09-22T11:44:00,2026-09-22T11:44:00
6166,凌華,2019,48.0,16.35,51.66,,,,,,17.01,,,,,,,,,,,,,,,,,,,,EquityDistribution,FinMind_API_TaiwanStockShareholding_6166,True,2026-09-22T11:44:00,2026-09-22T11:44:00,2026-09-22T11:44:00
6166,凌華,2020,63.4,15.399999999999999,32.08,,,,,,12.31,,,,,,,,,,,,,,,,,,,,EquityDistribution,FinMind_API_TaiwanStockShareholding_6166,True,2026-09-22T11:44:00,2026-09-22T11:44:00,2026-09-22T11:44:00
6166,凌華,2021,64.8,1.3999999999999986,2.21,,,,,,10.01,,,,,,,,,,,,,,,,,,,,EquityDistribution,FinMind_API_TaiwanStockShareholding_6166,True,2026-09-22T11:44:00,2026-09-22T11:44:00,2026-09-22T11:44:00
6166,凌華,2022,53.8,-11.0,-16.98,,,,,,10.19,,,,,,,,,,,,,,,,,,,,EquityDistribution,FinMind_API_TaiwanStockShareholding_6166,True,2026-09-22T11:44:00,2026-09-22T11:44:00,2026-09-22T11:44:00
6166,凌華,2023,61.9,8.100000000000001,15.06,,,,,,11.87,,,,,,,,,,,,,,,,,,,,EquityDistribution,FinMind_API_TaiwanStockShareholding_6166,True,2026-09-22T11:44:00,2026-09-22T11:44:00,2026-09-22T11:44:00
6166,凌華,2024,77.5,15.600000000000001,25.2,,,,,,13.47,,,,,,,,,,,,,,,,,,,,EquityDistribution,FinMind_API_TaiwanStockShareholding_6166,True,2026-09-22T11:44:00,2026-09-22T11:44:00,2026-09-22T11:44:00
6166,凌華,2025,63.2,-14.299999999999997,-18.45,,,,,,14.48,,,,,,,,,,,,,,,,,,,,EquityDistribution,FinMind_API_TaiwanStockShareholding_6166,True,2026-10-08T16:48:17+08:00,2026-10-08T16:49:36,2026-10-08T16:49:36
6166,凌華,2026,125.0,61.8,97.78,,,,,,19.45,,,,,,,,,,,,,,,,,,,,EquityDistribution,FinMind_API_TaiwanStockShareholding_6166,True,2026-10-08T16:48:17+08:00,2026-10-08T16:49:36,2026-10-08T16:49:36
6182,合晶,2018,33.5,,,,,,,,15.89,,,,,,,,,,,,,,,,,,,,EquityDistribution,FinMind_API_TaiwanStockShareholding_6182,True,2026-09-22T11:37:22,2026-09-22T11:37:22,2026-09-22T11:37:22
6182,合晶,2019,36.35,2.8500000000000014,8.51,,,,,,12.94,,,,,,,,,,,,,,,,,,,,EquityDistribution,FinMind_API_TaiwanStockShareholding_6182,True,2026-09-22T11:37:22,2026-09-22T11:37:22,2026-09-22T11:37:22
6182,合晶,2020,42.8,6.449999999999996,17.74,,,,,,10.24,,,,,,,,,,,,,,,,,,,,EquityDistribution,FinMind_API_TaiwanStockShareholding_6182,True,2026-09-22T11:37:22,2026-09-22T11:37:22,2026-09-22T11:37:22
6182,合晶,2021,85.5,42.7,99.77,,,,,,15.38,,,,,,,,,,,,,,,,,,,,EquityDistribution,FinMind_API_TaiwanStockShareholding_6182,True,2026-09-22T11:37:22,2026-09-22T11:37:22,2026-09-22T11:37:22
6182,合晶,2022,40.8,-44.7,-52.28,,,,,,12.73,,,,,,,,,,,,,,,,,,,,EquityDistribution,FinMind_API_TaiwanStockShareholding_6182,True,2026-09-22T11:37:22,2026-09-22T11:37:22,2026-09-22T11:37:22
6182,合晶,2023,43.3,2.5,6.13,,,,,,10.53,,,,,,,,,,,,,,,,,,,,EquityDistribution,FinMind_API_TaiwanStockShareholding_6182,True,2026-09-22T11:37:22,2026-09-22T11:37:22,2026-09-22T11:37:22
6182,合晶,2024,27.1,-16.199999999999996,-37.41,,,,,,12.04,,,,,,,,,,,,,,,,,,,,EquityDistribution,FinMind_API_TaiwanStockShareholding_6182,True,2026-09-22T11:37:22,2026-09-22T11:37:22,2026-09-22T11:37:22
6182,合晶,2025,30.8,3.6999999999999993,13.65,,,,,,12.81,,,,,,,,,,,,,,,,,,,,EquityDistribution,FinMind_API_TaiwanStockShareholding_6182,True,2026-10-08T16:48:17+08:00,2026-10-08T16:49:36,2026-10-08T16:49:36
6182,合晶,2026,129.0,98.2,318.83,,,,,,22.9,,,,,,,,,,,,,,,,,,,,EquityDistribution,FinMind_API_TaiwanStockShareholding_6182,True,2026-10-08T16:48:17+08:00,2026-10-08T16:49:36,2026-10-08T16:49:36
6214,精誠,2018,61.5,,,,,,,,14.93,,,,,,,,,,,,,,,,,,,,EquityDistribution,FinMind_API_TaiwanStockShareholding_6214,True,2026-09-22T11:34:09,2026-09-22T11:34:09,2026-09-22T11:34:09
6214,精誠,2019,75.5,14.0,22.76,,,,,,15.57,,,,,,,,,,,,,,,,,,,,EquityDistribution,FinMind_API_TaiwanStockShareholding_6214,True,2026-09-22T11:34:09,2026-09-22T11:34:09,2026-09-22T11:34:09
6214,精誠,2020,87.7,12.200000000000003,16.16,,,,,,14.24,,,,,,,,,,,,,,,,,,,,EquityDistribution,FinMind_API_TaiwanStockShareholding_6214,True,2026-09-22T11:34:09,2026-09-22T11:34:09,2026-09-22T11:34:09
6214,精誠,2021,84.8,-2.9000000000000057,-3.31,,,,,,13.09,,,,,,,,,,,,,,,,,,,,EquityDistribution,FinMind_API_TaiwanStockShareholding_6214,True,2026-09-22T11:34:09,2026-09-22T11:34:09,2026-09-22T11:34:09
6214,精誠,2022,69.5,-15.299999999999997,-18.04,,,,,,10.63,,,,,,,,,,,,,,,,,,,,EquityDistribution,FinMind_API_TaiwanStockShareholding_6214,True,2026-09-22T11:34:09,2026-09-22T11:34:09,2026-09-22T11:34:09
6214,精誠,2023,112.0,42.5,61.15,,,,,,14.59,,,,,,,,,,,,,,,,,,,,EquityDistribution,FinMind_API_TaiwanStockShareholding_6214,True,2026-09-22T11:34:09,2026-09-22T11:34:09,2026-09-22T11:34:09
6214,精誠,2024,144.5,32.5,29.02,,,,,,14.93,,,,,,,,,,,,,,,,,,,,EquityDistribution,FinMind_API_TaiwanStockShareholding_6214,True,2026-09-22T11:34:09,2026-09-22T11:34:09,2026-09-22T11:34:09
6214,精誠,2025,118.0,-26.5,-18.34,,,,,,11.26,,,,,,,,,,,,,,,,,,,,EquityDistribution,FinMind_API_TaiwanStockShareholding_6214,True,2026-10-08T16:48:18+08:00,2026-10-08T16:49:36,2026-10-08T16:49:36
6214,精誠,2026,192.0,74.0,62.71,,,,,,18.09,,,,,,,,,,,,,,,,,,,,EquityDistribution,FinMind_API_TaiwanStockShareholding_6214,True,2026-10-08T16:48:18+08:00,2026-10-08T16:49:36,2026-10-08T16:49:36
6231,系微,2018,35.6,,,,,,,,7.15,,,,,,,,,,,,,,,,,,,,EquityDistribution,FinMind_API_TaiwanStockShareholding_6231,True,2026-09-22T11:36:09,2026-09-22T11:36:09,2026-09-22T11:36:09
6231,系微,2019,66.7,31.1,87.36,,,,,,4.19,,,,,,,,,,,,,,,,,,,,EquityDistribution,FinMind_API_TaiwanStockShareholding_6231,True,2026-09-22T11:36:09,2026-09-22T11:36:09,2026-09-22T11:36:09
6231,系微,2020,109.5,42.8,64.17,,,,,,10.8,,,,,,,,,,,,,,,,,,,,EquityDistribution,FinMind_API_TaiwanStockShareholding_6231,True,2026-09-22T11:36:09,2026-09-22T11:36:09,2026-09-22T11:36:09
6231,系微,2021,83.0,-26.5,-24.2,,,,,,9.92,,,,,,,,,,,,,,,,,,,,EquityDistribution,FinMind_API_TaiwanStockShareholding_6231,True,2026-09-22T11:36:09,2026-09-22T11:36:09,2026-09-22T11:36:09
6231,系微,2022,82.8,-0.20000000000000284,-0.24,,,,,,15.27,,,,,,,,,,,,,,,,,,,,EquityDistribution,FinMind_API_TaiwanStockShareholding_6231,True,2026-09-22T11:36:09,2026-09-22T11:36:09,2026-09-22T11:36:09
6231,系微,2023,259.5,176.7,213.41,,,,,,17.99,,,,,,,,,,,,,,,,,,,,EquityDistribution,FinMind_API_TaiwanStockShareholding_6231,True,2026-09-22T11:36:09,2026-09-22T11:36:09,2026-09-22T11:36:09
6231,系微,2024,386.0,126.5,48.75,,,,,,25.38,,,,,,,,,,,,,,,,,,,,EquityDistribution,FinMind_API_TaiwanStockShareholding_6231,True,2026-09-22T11:36:09,2026-09-22T11:36:09,2026-09-22T11:36:09
6231,系微,2025,214.0,-172.0,-44.56,,,,,,8.08,,,,,,,,,,,,,,,,,,,,EquityDistribution,FinMind_API_TaiwanStockShareholding_6231,True,2026-10-08T16:48:19+08:00,2026-10-08T16:49:36,2026-10-08T16:49:36
6231,系微,2026,232.5,18.5,8.64,,,,,,21.72,,,,,,,,,,,,,,,,,,,,EquityDistribution,FinMind_API_TaiwanStockShareholding_6231,True,2026-10-08T16:48:19+08:00,2026-10-08T16:49:36,2026-10-08T16:49:36
6245,立端,2018,44.15,,,,,,,,6.64,,,,,,,,,,,,,,,,,,,,EquityDistribution,FinMind_API_TaiwanStockShareholding_6245,True,2026-09-22T11:44:35,2026-09-22T11:44:35,2026-09-22T11:44:35
6245,立端,2019,68.5,24.35,55.15,,,,,,12.87,,,,,,,,,,,,,,,,,,,,EquityDistribution,FinMind_API_TaiwanStockShareholding_6245,True,2026-09-22T11:44:35,2026-09-22T11:44:35,2026-09-22T11:44:35
6245,立端,2020,69.0,0.5,0.73,,,,,,8.78,,,,,,,,,,,,,,,,,,,,EquityDistribution,FinMind_API_TaiwanStockShareholding_6245,True,2026-09-22T11:44:35,2026-09-22T11:44:35,2026-09-22T11:44:35
6245,立端,2021,55.7,-13.299999999999997,-19.28,,,,,,10.25,,,,,,,,,,,,,,,,,,,,EquityDistribution,FinMind_API_TaiwanStockShareholding_6245,True,2026-09-22T11:44:35,2026-09-22T11:44:35,2026-09-22T11:44:35
6245,立端,2022,92.0,36.3,65.17,,,,,,26.03,,,,,,,,,,,,,,,,,,,,EquityDistribution,FinMind_API_TaiwanStockShareholding_6245,True,2026-09-22T11:44:35,2026-09-22T11:44:35,2026-09-22T11:44:35
6245,立端,2023,112.5,20.5,22.28,,,,,,11.52,,,,,,,,,,,,,,,,,,,,EquityDistribution,FinMind_API_TaiwanStockShareholding_6245,True,2026-09-22T11:44:35,2026-09-22T11:44:35,2026-09-22T11:44:35
6245,立端,2024,94.2,-18.299999999999997,-16.27,,,,,,9.06,,,,,,,,,,,,,,,,,,,,EquityDistribution,FinMind_API_TaiwanStockShareholding_6245,True,2026-09-22T11:44:35,2026-09-22T11:44:35,2026-09-22T11:44:35
6245,立端,2025,68.5,-25.700000000000003,-27.28,,,,,,6.09,,,,,,,,,,,,,,,,,,,,EquityDistribution,FinMind_API_TaiwanStockShareholding_6245,True,2026-10-08T16:48:19+08:00,2026-10-08T16:49:36,2026-10-08T16:49:36
6245,立端,2026,88.0,19.5,28.47,,,,,,13.63,,,,,,,,,,,,,,,,,,,,EquityDistribution,FinMind_API_TaiwanStockShareholding_6245,True,2026-10-08T16:48:19+08:00,2026-10-08T16:49:36,2026-10-08T16:49:36
6285,啟碁,2018,79.9,,,,,,,,24.2,,,,,,,,,,,,,,,,,,,,EquityDistribution,FinMind_API_TaiwanStockShareholding_6285,True,2026-09-22T11:34:13,2026-09-22T11:34:13,2026-09-22T11:34:13
6285,啟碁,2019,75.5,-4.400000000000006,-5.51,,,,,,18.45,,,,,,,,,,,,,,,,,,,,EquityDistribution,FinMind_API_TaiwanStockShareholding_6285,True,2026-09-22T11:34:13,2026-09-22T11:34:13,2026-09-22T11:34:13
6285,啟碁,2020,77.7,2.200000000000003,2.91,,,,,,11.05,,,,,,,,,,,,,,,,,,,,EquityDistribution,FinMind_API_TaiwanStockShareholding_6285,True,2026-09-22T11:34:13,2026-09-22T11:34:13,2026-09-22T11:34:13
6285,啟碁,2021,78.0,0.29999999999999716,0.39,,,,,,10.39,,,,,,,,,,,,,,,,,,,,EquityDistribution,FinMind_API_TaiwanStockShareholding_6285,True,2026-09-22T11:34:13,2026-09-22T11:34:13,2026-09-22T11:34:13
6285,啟碁,2022,78.4,0.4000000000000057,0.51,,,,,,25.43,,,,,,,,,,,,,,,,,,,,EquityDistribution,FinMind_API_TaiwanStockShareholding_6285,True,2026-09-22T11:34:13,2026-09-22T11:34:13,2026-09-22T11:34:13
6285,啟碁,2023,156.0,77.6,98.98,,,,,,17.95,,,,,,,,,,,,,,,,,,,,EquityDistribution,FinMind_API_TaiwanStockShareholding_6285,True,2026-09-22T11:34:13,2026-09-22T11:34:13,2026-09-22T11:34:13
6285,啟碁,2024,137.5,-18.5,-11.86,,,,,,9.87,,,,,,,,,,,,,,,,,,,,EquityDistribution,FinMind_API_TaiwanStockShareholding_6285,True,2026-09-22T11:34:13,2026-09-22T11:34:13,2026-09-22T11:34:13
6285,啟碁,2025,99.0,-38.5,-28.0,,,,,,15.4,,,,,,,,,,,,,,,,,,,,EquityDistribution,FinMind_API_TaiwanStockShareholding_6285,True,2026-10-08T16:48:20+08:00,2026-10-08T16:49:36,2026-10-08T16:49:36
6285,啟碁,2026,256.5,157.5,159.09,,,,,,23.42,,,,,,,,,,,,,,,,,,,,EquityDistribution,FinMind_API_TaiwanStockShareholding_6285,True,2026-10-08T16:48:20+08:00,2026-10-08T16:49:36,2026-10-08T16:49:36
6414,樺漢,2018,244.0,,,,,,,,22.9,,,,,,,,,,,,,,,,,,,,EquityDistribution,FinMind_API_TaiwanStockShareholding_6414,True,2026-09-22T11:43:52,2026-09-22T11:43:52,2026-09-22T11:43:52
6414,樺漢,2019,247.0,3.0,1.23,,,,,,11.87,,,,,,,,,,,,,,,,,,,,EquityDistribution,FinMind_API_TaiwanStockShareholding_6414,True,2026-09-22T11:43:52,2026-09-22T11:43:52,2026-09-22T11:43:52
6414,樺漢,2020,251.0,4.0,1.62,,,,,,9.58,,,,,,,,,,,,,,,,,,,,EquityDistribution,FinMind_API_TaiwanStockShareholding_6414,True,2026-09-22T11:43:52,2026-09-22T11:43:52,2026-09-22T11:43:52
6414,樺漢,2021,236.5,-14.5,-5.78,,,,,,10.22,,,,,,,,,,,,,,,,,,,,EquityDistribution,FinMind_API_TaiwanStockShareholding_6414,True,2026-09-22T11:43:52,2026-09-22T11:43:52,2026-09-22T11:43:52
6414,樺漢,2022,203.5,-33.0,-13.95,,,,,,16.1,,,,,,,,,,,,,,,,,,,,EquityDistribution,FinMind_API_TaiwanStockShareholding_6414,True,2026-09-22T11:43:52,2026-09-22T11:43:52,2026-09-22T11:43:52
6414,樺漢,2023,268.0,64.5,31.7,,,,,,20.61,,,,,,,,,,,,,,,,,,,,EquityDistribution,FinMind_API_TaiwanStockShareholding_6414,True,2026-09-22T11:43:52,2026-09-22T11:43:52,2026-09-22T11:43:52
6414,樺漢,2024,291.5,23.5,8.77,,,,,,19.28,,,,,,,,,,,,,,,,,,,,EquityDistribution,FinMind_API_TaiwanStockShareholding_6414,True,2026-09-22T11:43:52,2026-09-22T11:43:52,2026-09-22T11:43:52
6414,樺漢,2025,286.5,-5.0,-1.72,,,,,,23.14,,,,,,,,,,,,,,,,,,,,EquityDistribution,FinMind_API_TaiwanStockShareholding_6414,True,2026-10-08T16:48:21+08:00,2026-10-08T16:49:36,2026-10-08T16:49:36
6414,樺漢,2026,399.0,112.5,39.27,,,,,,44.32,,,,,,,,,,,,,,,,,,,,EquityDistribution,FinMind_API_TaiwanStockShareholding_6414,True,2026-10-08T16:48:21+08:00,2026-10-08T16:49:36,2026-10-08T16:49:36
6425,易發,2019,26.8,,,,,,,,0.01,,,,,,,,,,,,,,,,,,,,EquityDistribution,FinMind_API_TaiwanStockShareholding_6425,True,2026-09-22T11:39:13,2026-09-22T11:39:13,2026-09-22T11:39:13
6425,易發,2020,32.0,5.199999999999999,19.4,,,,,,1.73,,,,,,,,,,,,,,,,,,,,EquityDistribution,FinMind_API_TaiwanStockShareholding_6425,True,2026-09-22T11:39:13,2026-09-22T11:39:13,2026-09-22T11:39:13
6425,易發,2021,29.95,-2.0500000000000007,-6.41,,,,,,0.1,,,,,,,,,,,,,,,,,,,,EquityDistribution,FinMind_API_TaiwanStockShareholding_6425,True,2026-09-22T11:39:13,2026-09-22T11:39:13,2026-09-22T11:39:13
6425,易發,2022,21.35,-8.599999999999998,-28.71,,,,,,0.17,,,,,,,,,,,,,,,,,,,,EquityDistribution,FinMind_API_TaiwanStockShareholding_6425,True,2026-09-22T11:39:13,2026-09-22T11:39:13,2026-09-22T11:39:13
6425,易發,2023,21.8,0.4499999999999993,2.11,,,,,,0.19,,,,,,,,,,,,,,,,,,,,EquityDistribution,FinMind_API_TaiwanStockShareholding_6425,True,2026-09-22T11:39:13,2026-09-22T11:39:13,2026-09-22T11:39:13
6425,易發,2024,76.5,54.7,250.92,,,,,,2.2,,,,,,,,,,,,,,,,,,,,EquityDistribution,FinMind_API_TaiwanStockShareholding_6425,True,2026-09-22T11:39:13,2026-09-22T11:39:13,2026-09-22T11:39:13
6425,易發,2025,85.1,8.599999999999994,11.24,,,,,,12.14,,,,,,,,,,,,,,,,,,,,EquityDistribution,FinMind_API_TaiwanStockShareholding_6425,True,2026-10-08T16:48:21+08:00,2026-10-08T16:49:36,2026-10-08T16:49:36
6425,易發,2026,72.1,-13.0,-15.28,,,,,,6.2,,,,,,,,,,,,,,,,,,,,EquityDistribution,FinMind_API_TaiwanStockShareholding_6425,True,2026-10-08T16:48:21+08:00,2026-10-08T16:49:36,2026-10-08T16:49:36
6442,光聖,2018,37.55,,,,,,,,34.92,,,,,,,,,,,,,,,,,,,,EquityDistribution,FinMind_API_TaiwanStockShareholding_6442,True,2026-09-22T11:39:43,2026-09-22T11:39:43,2026-09-22T11:39:43
6442,光聖,2019,38.0,0.45000000000000284,1.2,,,,,,33.52,,,,,,,,,,,,,,,,,,,,EquityDistribution,FinMind_API_TaiwanStockShareholding_6442,True,2026-09-22T11:39:43,2026-09-22T11:39:43,2026-09-22T11:39:43
6442,光聖,2020,29.7,-8.3,-21.84,,,,,,33.47,,,,,,,,,,,,,,,,,,,,EquityDistribution,FinMind_API_TaiwanStockShareholding_6442,True,2026-09-22T11:39:43,2026-09-22T11:39:43,2026-09-22T11:39:43
6442,光聖,2021,35.95,6.2500000000000036,21.04,,,,,,33.16,,,,,,,,,,,,,,,,,,,,EquityDistribution,FinMind_API_TaiwanStockShareholding_6442,True,2026-09-22T11:39:43,2026-09-22T11:39:43,2026-09-22T11:39:43
6442,光聖,2022,43.6,7.649999999999999,21.28,,,,,,32.02,,,,,,,,,,,,,,,,,,,,EquityDistribution,FinMind_API_TaiwanStockShareholding_6442,True,2026-09-22T11:39:43,2026-09-22T11:39:43,2026-09-22T11:39:43
6442,光聖,2023,70.3,26.699999999999996,61.24,,,,,,30.18,,,,,,,,,,,,,,,,,,,,EquityDistribution,FinMind_API_TaiwanStockShareholding_6442,True,2026-09-22T11:39:43,2026-09-22T11:39:43,2026-09-22T11:39:43
6442,光聖,2024,650.0,579.7,824.61,,,,,,38.66,,,,,,,,,,,,,,,,,,,,EquityDistribution,FinMind_API_TaiwanStockShareholding_6442,True,2026-09-22T11:39:43,2026-09-22T11:39:43,2026-09-22T11:39:43
6442,光聖,2025,1360.0,710.0,109.23,,,,,,31.85,,,,,,,,,,,,,,,,,,,,EquityDistribution,FinMind_API_TaiwanStockShareholding_6442,True,2026-10-08T16:48:22+08:00,2026-10-08T16:49:36,2026-10-08T16:49:36
6442,光聖,2026,1785.0,425.0,31.25,,,,,,32.89,,,,,,,,,,,,,,,,,,,,EquityDistribution,FinMind_API_TaiwanStockShareholding_6442,True,2026-10-08T16:48:22+08:00,2026-10-08T16:49:36,2026-10-08T16:49:36
6462,神盾,2018,201.0,,,,,,,,31.07,,,,,,,,,,,,,,,,,,,,EquityDistribution,FinMind_API_TaiwanStockShareholding_6462,True,2026-09-22T11:34:17,2026-09-22T11:34:17,2026-09-22T11:34:17
6462,神盾,2019,236.5,35.5,17.66,,,,,,26.27,,,,,,,,,,,,,,,,,,,,EquityDistribution,FinMind_API_TaiwanStockShareholding_6462,True,2026-09-22T11:34:17,2026-09-22T11:34:17,2026-09-22T11:34:17
6462,神盾,2020,172.0,-64.5,-27.27,,,,,,18.68,,,,,,,,,,,,,,,,,,,,EquityDistribution,FinMind_API_TaiwanStockShareholding_6462,True,2026-09-22T11:34:17,2026-09-22T11:34:17,2026-09-22T11:34:17
6462,神盾,2021,116.0,-56.0,-32.56,,,,,,17.73,,,,,,,,,,,,,,,,,,,,EquityDistribution,FinMind_API_TaiwanStockShareholding_6462,True,2026-09-22T11:34:17,2026-09-22T11:34:17,2026-09-22T11:34:17
6462,神盾,2022,60.5,-55.5,-47.84,,,,,,10.06,,,,,,,,,,,,,,,,,,,,EquityDistribution,FinMind_API_TaiwanStockShareholding_6462,True,2026-09-22T11:34:17,2026-09-22T11:34:17,2026-09-22T11:34:17
6462,神盾,2023,119.5,59.0,97.52,,,,,,11.23,,,,,,,,,,,,,,,,,,,,EquityDistribution,FinMind_API_TaiwanStockShareholding_6462,True,2026-09-22T11:34:17,2026-09-22T11:34:17,2026-09-22T11:34:17
6462,神盾,2024,176.5,57.0,47.7,,,,,,12.64,,,,,,,,,,,,,,,,,,,,EquityDistribution,FinMind_API_TaiwanStockShareholding_6462,True,2026-09-22T11:34:17,2026-09-22T11:34:17,2026-09-22T11:34:17
6462,神盾,2025,120.5,-56.0,-31.73,,,,,,13.55,,,,,,,,,,,,,,,,,,,,EquityDistribution,FinMind_API_TaiwanStockShareholding_6462,True,2026-10-08T16:48:23+08:00,2026-10-08T16:49:36,2026-10-08T16:49:36
6462,神盾,2026,100.5,-20.0,-16.6,,,,,,13.72,,,,,,,,,,,,,,,,,,,,EquityDistribution,FinMind_API_TaiwanStockShareholding_6462,True,2026-10-08T16:48:23+08:00,2026-10-08T16:49:36,2026-10-08T16:49:36
6506,雙邦,2018,17.1,,,,,,,,0.22,,,,,,,,,,,,,,,,,,,,EquityDistribution,FinMind_API_TaiwanStockShareholding_6506,True,2026-09-22T11:40:36,2026-09-22T11:40:36,2026-09-22T11:40:36
6506,雙邦,2019,18.5,1.3999999999999986,8.19,,,,,,0.07,,,,,,,,,,,,,,,,,,,,EquityDistribution,FinMind_API_TaiwanStockShareholding_6506,True,2026-09-22T11:40:36,2026-09-22T11:40:36,2026-09-22T11:40:36
6506,雙邦,2020,16.4,-2.1000000000000014,-11.35,,,,,,0.12,,,,,,,,,,,,,,,,,,,,EquityDistribution,FinMind_API_TaiwanStockShareholding_6506,True,2026-09-22T11:40:36,2026-09-22T11:40:36,2026-09-22T11:40:36
6506,雙邦,2021,19.75,3.3500000000000014,20.43,,,,,,2.1,,,,,,,,,,,,,,,,,,,,EquityDistribution,FinMind_API_TaiwanStockShareholding_6506,True,2026-09-22T11:40:36,2026-09-22T11:40:36,2026-09-22T11:40:36
6506,雙邦,2022,19.25,-0.5,-2.53,,,,,,1.54,,,,,,,,,,,,,,,,,,,,EquityDistribution,FinMind_API_TaiwanStockShareholding_6506,True,2026-09-22T11:40:36,2026-09-22T11:40:36,2026-09-22T11:40:36
6506,雙邦,2023,17.25,-2.0,-10.39,,,,,,1.1,,,,,,,,,,,,,,,,,,,,EquityDistribution,FinMind_API_TaiwanStockShareholding_6506,True,2026-09-22T11:40:36,2026-09-22T11:40:36,2026-09-22T11:40:36
6506,雙邦,2024,16.7,-0.5500000000000007,-3.19,,,,,,1.86,,,,,,,,,,,,,,,,,,,,EquityDistribution,FinMind_API_TaiwanStockShareholding_6506,True,2026-09-22T11:40:36,2026-09-22T11:40:36,2026-09-22T11:40:36
6506,雙邦,2025,15.35,-1.3499999999999996,-8.08,,,,,,0.49,,,,,,,,,,,,,,,,,,,,EquityDistribution,FinMind_API_TaiwanStockShareholding_6506,True,2026-10-08T16:48:23+08:00,2026-10-08T16:49:36,2026-10-08T16:49:36
6506,雙邦,2026,19.0,3.6500000000000004,23.78,,,,,,1.47,,,,,,,,,,,,,,,,,,,,EquityDistribution,FinMind_API_TaiwanStockShareholding_6506,True,2026-10-08T16:48:23+08:00,2026-10-08T16:49:36,2026-10-08T16:49:36
6510,精測,2018,520.0,,,,,,,,8.68,,,,,,,,,,,,,,,,,,,,EquityDistribution,FinMind_API_TaiwanStockShareholding_6510,True,2026-09-22T11:42:40,2026-09-22T11:42:40,2026-09-22T11:42:40
6510,精測,2019,1030.0,510.0,98.08,,,,,,15.68,,,,,,,,,,,,,,,,,,,,EquityDistribution,FinMind_API_TaiwanStockShareholding_6510,True,2026-09-22T11:42:40,2026-09-22T11:42:40,2026-09-22T11:42:40
6510,精測,2020,764.0,-266.0,-25.83,,,,,,10.14,,,,,,,,,,,,,,,,,,,,EquityDistribution,FinMind_API_TaiwanStockShareholding_6510,True,2026-09-22T11:42:40,2026-09-22T11:42:40,2026-09-22T11:42:40
6510,精測,2021,711.0,-53.0,-6.94,,,,,,11.83,,,,,,,,,,,,,,,,,,,,EquityDistribution,FinMind_API_TaiwanStockShareholding_6510,True,2026-09-22T11:42:40,2026-09-22T11:42:40,2026-09-22T11:42:40
6510,精測,2022,465.5,-245.5,-34.53,,,,,,8.44,,,,,,,,,,,,,,,,,,,,EquityDistribution,FinMind_API_TaiwanStockShareholding_6510,True,2026-09-22T11:42:40,2026-09-22T11:42:40,2026-09-22T11:42:40
6510,精測,2023,564.0,98.5,21.16,,,,,,7.01,,,,,,,,,,,,,,,,,,,,EquityDistribution,FinMind_API_TaiwanStockShareholding_6510,True,2026-09-22T11:42:40,2026-09-22T11:42:40,2026-09-22T11:42:40
6510,精測,2024,882.0,318.0,56.38,,,,,,18.97,,,,,,,,,,,,,,,,,,,,EquityDistribution,FinMind_API_TaiwanStockShareholding_6510,True,2026-09-22T11:42:40,2026-09-22T11:42:40,2026-09-22T11:42:40
6510,精測,2025,2285.0,1403.0,159.07,,,,,,27.73,,,,,,,,,,,,,,,,,,,,EquityDistribution,FinMind_API_TaiwanStockShareholding_6510,True,2026-10-08T16:48:24+08:00,2026-10-08T16:49:37,2026-10-08T16:49:37
6510,精測,2026,3320.0,1035.0,45.3,,,,,,17.91,,,,,,,,,,,,,,,,,,,,EquityDistribution,FinMind_API_TaiwanStockShareholding_6510,True,2026-10-08T16:48:24+08:00,2026-10-08T16:49:37,2026-10-08T16:49:37
6526,達發,2023,577.0,,,,,,,,6.4,,,,,,,,,,,,,,,,,,,,EquityDistribution,FinMind_API_TaiwanStockShareholding_6526,True,2026-09-22T11:34:51,2026-09-22T11:34:51,2026-09-22T11:34:51
6526,達發,2024,704.0,127.0,22.01,,,,,,8.4,,,,,,,,,,,,,,,,,,,,EquityDistribution,FinMind_API_TaiwanStockShareholding_6526,True,2026-09-22T11:34:51,2026-09-22T11:34:51,2026-09-22T11:34:51
6526,達發,2025,442.5,-261.5,-37.14,,,,,,6.75,,,,,,,,,,,,,,,,,,,,EquityDistribution,FinMind_API_TaiwanStockShareholding_6526,True,2026-10-08T16:48:24+08:00,2026-10-08T16:49:37,2026-10-08T16:49:37
6526,達發,2026,801.0,358.5,81.02,,,,,,10.76,,,,,,,,,,,,,,,,,,,,EquityDistribution,FinMind_API_TaiwanStockShareholding_6526,True,2026-10-08T16:48:24+08:00,2026-10-08T16:49:37,2026-10-08T16:49:37
6561,是方,2018,150.5,,,,,,,,2.45,,,,,,,,,,,,,,,,,,,,EquityDistribution,FinMind_API_TaiwanStockShareholding_6561,True,2026-09-22T11:35:20,2026-09-22T11:35:20,2026-09-22T11:35:20
6561,是方,2019,220.0,69.5,46.18,,,,,,6.95,,,,,,,,,,,,,,,,,,,,EquityDistribution,FinMind_API_TaiwanStockShareholding_6561,True,2026-09-22T11:35:20,2026-09-22T11:35:20,2026-09-22T11:35:20
6561,是方,2020,354.5,134.5,61.14,,,,,,17.44,,,,,,,,,,,,,,,,,,,,EquityDistribution,FinMind_API_TaiwanStockShareholding_6561,True,2026-09-22T11:35:20,2026-09-22T11:35:20,2026-09-22T11:35:20
6561,是方,2021,279.5,-75.0,-21.16,,,,,,13.19,,,,,,,,,,,,,,,,,,,,EquityDistribution,FinMind_API_TaiwanStockShareholding_6561,True,2026-09-22T11:35:20,2026-09-22T11:35:20,2026-09-22T11:35:20
6561,是方,2022,281.0,1.5,0.54,,,,,,13.15,,,,,,,,,,,,,,,,,,,,EquityDistribution,FinMind_API_TaiwanStockShareholding_6561,True,2026-09-22T11:35:20,2026-09-22T11:35:20,2026-09-22T11:35:20
6561,是方,2023,327.0,46.0,16.37,,,,,,10.31,,,,,,,,,,,,,,,,,,,,EquityDistribution,FinMind_API_TaiwanStockShareholding_6561,True,2026-09-22T11:35:20,2026-09-22T11:35:20,2026-09-22T11:35:20
6561,是方,2024,479.0,152.0,46.48,,,,,,11.16,,,,,,,,,,,,,,,,,,,,EquityDistribution,FinMind_API_TaiwanStockShareholding_6561,True,2026-09-22T11:35:20,2026-09-22T11:35:20,2026-09-22T11:35:20
6561,是方,2025,375.0,-104.0,-21.71,,,,,,8.0,,,,,,,,,,,,,,,,,,,,EquityDistribution,FinMind_API_TaiwanStockShareholding_6561,True,2026-10-08T16:48:25+08:00,2026-10-08T16:49:37,2026-10-08T16:49:37
6561,是方,2026,308.5,-66.5,-17.73,,,,,,7.34,,,,,,,,,,,,,,,,,,,,EquityDistribution,FinMind_API_TaiwanStockShareholding_6561,True,2026-10-08T16:48:25+08:00,2026-10-08T16:49:37,2026-10-08T16:49:37
6579,研揚,2018,72.6,,,,,,,,3.16,,,,,,,,,,,,,,,,,,,,EquityDistribution,FinMind_API_TaiwanStockShareholding_6579,True,2026-09-22T11:44:08,2026-09-22T11:44:08,2026-09-22T11:44:08
6579,研揚,2019,72.1,-0.5,-0.69,,,,,,3.04,,,,,,,,,,,,,,,,,,,,EquityDistribution,FinMind_API_TaiwanStockShareholding_6579,True,2026-09-22T11:44:08,2026-09-22T11:44:08,2026-09-22T11:44:08
6579,研揚,2020,75.8,3.700000000000003,5.13,,,,,,3.25,,,,,,,,,,,,,,,,,,,,EquityDistribution,FinMind_API_TaiwanStockShareholding_6579,True,2026-09-22T11:44:08,2026-09-22T11:44:08,2026-09-22T11:44:08
6579,研揚,2021,69.4,-6.3999999999999915,-8.44,,,,,,3.13,,,,,,,,,,,,,,,,,,,,EquityDistribution,FinMind_API_TaiwanStockShareholding_6579,True,2026-09-22T11:44:08,2026-09-22T11:44:08,2026-09-22T11:44:08
6579,研揚,2022,87.1,17.69999999999999,25.5,,,,,,3.23,,,,,,,,,,,,,,,,,,,,EquityDistribution,FinMind_API_TaiwanStockShareholding_6579,True,2026-09-22T11:44:08,2026-09-22T11:44:08,2026-09-22T11:44:08
6579,研揚,2023,148.5,61.400000000000006,70.49,,,,,,3.05,,,,,,,,,,,,,,,,,,,,EquityDistribution,FinMind_API_TaiwanStockShareholding_6579,True,2026-09-22T11:44:08,2026-09-22T11:44:08,2026-09-22T11:44:08
6579,研揚,2024,126.0,-22.5,-15.15,,,,,,3.21,,,,,,,,,,,,,,,,,,,,EquityDistribution,FinMind_API_TaiwanStockShareholding_6579,True,2026-09-22T11:44:08,2026-09-22T11:44:08,2026-09-22T11:44:08
6579,研揚,2025,106.5,-19.5,-15.48,,,,,,2.99,,,,,,,,,,,,,,,,,,,,EquityDistribution,FinMind_API_TaiwanStockShareholding_6579,True,2026-10-08T16:48:26+08:00,2026-10-08T16:49:37,2026-10-08T16:49:37
6579,研揚,2026,151.0,44.5,41.78,,,,,,3.36,,,,,,,,,,,,,,,,,,,,EquityDistribution,FinMind_API_TaiwanStockShareholding_6579,True,2026-10-08T16:48:26+08:00,2026-10-08T16:49:37,2026-10-08T16:49:37
6597,立誠,2025,59.5,,,,,,,,0.04,,,,,,,,,,,,,,,,,,,,EquityDistribution,FinMind_API_TaiwanStockShareholding_6597,True,2026-10-08T16:48:26+08:00,2026-10-08T16:49:37,2026-10-08T16:49:37
6597,立誠,2026,69.0,9.5,15.97,,,,,,0.01,,,,,,,,,,,,,,,,,,,,EquityDistribution,FinMind_API_TaiwanStockShareholding_6597,True,2026-10-08T16:48:26+08:00,2026-10-08T16:49:37,2026-10-08T16:49:37
6613,朋億,2018,140.0,,,,,,,,0.93,,,,,,,,,,,,,,,,,,,,EquityDistribution,FinMind_API_TaiwanStockShareholding_6613,True,2026-09-22T11:36:44,2026-09-22T11:36:44,2026-09-22T11:36:44
6613,朋億,2019,166.0,26.0,18.57,,,,,,0.99,,,,,,,,,,,,,,,,,,,,EquityDistribution,FinMind_API_TaiwanStockShareholding_6613,True,2026-09-22T11:36:44,2026-09-22T11:36:44,2026-09-22T11:36:44
6613,朋億,2020,139.5,-26.5,-15.96,,,,,,0.58,,,,,,,,,,,,,,,,,,,,EquityDistribution,FinMind_API_TaiwanStockShareholding_6613,True,2026-09-22T11:36:44,2026-09-22T11:36:44,2026-09-22T11:36:44
6613,朋億,2021,169.0,29.5,21.15,,,,,,1.33,,,,,,,,,,,,,,,,,,,,EquityDistribution,FinMind_API_TaiwanStockShareholding_6613,True,2026-09-22T11:36:44,2026-09-22T11:36:44,2026-09-22T11:36:44
6613,朋億,2022,88.5,-80.5,-47.63,,,,,,2.3,,,,,,,,,,,,,,,,,,,,EquityDistribution,FinMind_API_TaiwanStockShareholding_6613,True,2026-09-22T11:36:44,2026-09-22T11:36:44,2026-09-22T11:36:44
6613,朋億,2023,140.5,52.0,58.76,,,,,,5.04,,,,,,,,,,,,,,,,,,,,EquityDistribution,FinMind_API_TaiwanStockShareholding_6613,True,2026-09-22T11:36:44,2026-09-22T11:36:44,2026-09-22T11:36:44
6613,朋億,2024,180.0,39.5,28.11,,,,,,5.75,,,,,,,,,,,,,,,,,,,,EquityDistribution,FinMind_API_TaiwanStockShareholding_6613,True,2026-09-22T11:36:44,2026-09-22T11:36:44,2026-09-22T11:36:44
6613,朋億,2025,201.5,21.5,11.94,,,,,,5.47,,,,,,,,,,,,,,,,,,,,EquityDistribution,FinMind_API_TaiwanStockShareholding_6613,True,2026-10-08T16:48:27+08:00,2026-10-08T16:49:37,2026-10-08T16:49:37
6613,朋億,2026,286.0,84.5,41.94,,,,,,7.16,,,,,,,,,,,,,,,,,,,,EquityDistribution,FinMind_API_TaiwanStockShareholding_6613,True,2026-10-08T16:48:27+08:00,2026-10-08T16:49:37,2026-10-08T16:49:37
6669,緯穎,2019,635.0,,,,,,,,19.32,,,,,,,,,,,,,,,,,,,,EquityDistribution,FinMind_API_TaiwanStockShareholding_6669,True,2026-09-22T11:35:08,2026-09-22T11:35:08,2026-09-22T11:35:08
6669,緯穎,2020,704.0,69.0,10.87,,,,,,24.88,,,,,,,,,,,,,,,,,,,,EquityDistribution,FinMind_API_TaiwanStockShareholding_6669,True,2026-09-22T11:35:08,2026-09-22T11:35:08,2026-09-22T11:35:08
6669,緯穎,2021,1115.0,411.0,58.38,,,,,,31.92,,,,,,,,,,,,,,,,,,,,EquityDistribution,FinMind_API_TaiwanStockShareholding_6669,True,2026-09-22T11:35:08,2026-09-22T11:35:08,2026-09-22T11:35:08
6669,緯穎,2022,797.0,-318.0,-28.52,,,,,,33.47,,,,,,,,,,,,,,,,,,,,EquityDistribution,FinMind_API_TaiwanStockShareholding_6669,True,2026-09-22T11:35:08,2026-09-22T11:35:08,2026-09-22T11:35:08
6669,緯穎,2023,1825.0,1028.0,128.98,,,,,,28.94,,,,,,,,,,,,,,,,,,,,EquityDistribution,FinMind_API_TaiwanStockShareholding_6669,True,2026-09-22T11:35:08,2026-09-22T11:35:08,2026-09-22T11:35:08
6669,緯穎,2024,2620.0,795.0,43.56,,,,,,34.57,,,,,,,,,,,,,,,,,,,,EquityDistribution,FinMind_API_TaiwanStockShareholding_6669,True,2026-09-22T11:35:08,2026-09-22T11:35:08,2026-09-22T11:35:08
6669,緯穎,2025,4485.0,1865.0,71.18,,,,,,32.52,,,,,,,,,,,,,,,,,,,,EquityDistribution,FinMind_API_TaiwanStockShareholding_6669,True,2026-10-08T16:48:27+08:00,2026-10-08T16:49:37,2026-10-08T16:49:37
6669,緯穎,2026,2240.0,-2245.0,-50.06,,,,,,25.92,,,,,,,,,,,,,,,,,,,,EquityDistribution,FinMind_API_TaiwanStockShareholding_6669,True,2026-10-08T16:48:27+08:00,2026-10-08T16:49:37,2026-10-08T16:49:37
6690,安碁資訊,2019,108.0,,,,,,,,3.35,,,,,,,,,,,,,,,,,,,,EquityDistribution,FinMind_API_TaiwanStockShareholding_6690,True,2026-09-22T11:39:33,2026-09-22T11:39:33,2026-09-22T11:39:33
6690,安碁資訊,2020,143.0,35.0,32.41,,,,,,2.32,,,,,,,,,,,,,,,,,,,,EquityDistribution,FinMind_API_TaiwanStockShareholding_6690,True,2026-09-22T11:39:33,2026-09-22T11:39:33,2026-09-22T11:39:33
6690,安碁資訊,2021,129.5,-13.5,-9.44,,,,,,0.2,,,,,,,,,,,,,,,,,,,,EquityDistribution,FinMind_API_TaiwanStockShareholding_6690,True,2026-09-22T11:39:33,2026-09-22T11:39:33,2026-09-22T11:39:33
6690,安碁資訊,2022,113.5,-16.0,-12.36,,,,,,0.28,,,,,,,,,,,,,,,,,,,,EquityDistribution,FinMind_API_TaiwanStockShareholding_6690,True,2026-09-22T11:39:33,2026-09-22T11:39:33,2026-09-22T11:39:33
6690,安碁資訊,2023,192.5,79.0,69.6,,,,,,3.17,,,,,,,,,,,,,,,,,,,,EquityDistribution,FinMind_API_TaiwanStockShareholding_6690,True,2026-09-22T11:39:33,2026-09-22T11:39:33,2026-09-22T11:39:33
6690,安碁資訊,2024,206.5,14.0,7.27,,,,,,4.82,,,,,,,,,,,,,,,,,,,,EquityDistribution,FinMind_API_TaiwanStockShareholding_6690,True,2026-09-22T11:39:33,2026-09-22T11:39:33,2026-09-22T11:39:33
6690,安碁資訊,2025,174.0,-32.5,-15.74,,,,,,3.76,,,,,,,,,,,,,,,,,,,,EquityDistribution,FinMind_API_TaiwanStockShareholding_6690,True,2026-10-08T16:48:28+08:00,2026-10-08T16:49:37,2026-10-08T16:49:37
6690,安碁資訊,2026,178.0,4.0,2.3,,,,,,4.62,,,,,,,,,,,,,,,,,,,,EquityDistribution,FinMind_API_TaiwanStockShareholding_6690,True,2026-10-08T16:48:28+08:00,2026-10-08T16:49:37,2026-10-08T16:49:37
6695,芯鼎,2022,40.0,,,,,,,,0.06,,,,,,,,,,,,,,,,,,,,EquityDistribution,FinMind_API_TaiwanStockShareholding_6695,True,2026-09-22T11:35:13,2026-09-22T11:35:13,2026-09-22T11:35:13
6695,芯鼎,2023,72.7,32.7,81.75,,,,,,4.15,,,,,,,,,,,,,,,,,,,,EquityDistribution,FinMind_API_TaiwanStockShareholding_6695,True,2026-09-22T11:35:13,2026-09-22T11:35:13,2026-09-22T11:35:13
6695,芯鼎,2024,66.1,-6.6000000000000085,-9.08,,,,,,0.96,,,,,,,,,,,,,,,,,,,,EquityDistribution,FinMind_API_TaiwanStockShareholding_6695,True,2026-09-22T11:35:13,2026-09-22T11:35:13,2026-09-22T11:35:13
6695,芯鼎,2025,45.4,-20.699999999999996,-31.32,,,,,,1.58,,,,,,,,,,,,,,,,,,,,EquityDistribution,FinMind_API_TaiwanStockShareholding_6695,True,2026-10-08T16:48:29+08:00,2026-10-08T16:49:37,2026-10-08T16:49:37
6695,芯鼎,2026,50.9,5.5,12.11,,,,,,3.43,,,,,,,,,,,,,,,,,,,,EquityDistribution,FinMind_API_TaiwanStockShareholding_6695,True,2026-10-08T16:48:29+08:00,2026-10-08T16:49:37,2026-10-08T16:49:37
6720,久昌,2024,155.5,,,,,,,,0.65,,,,,,,,,,,,,,,,,,,,EquityDistribution,FinMind_API_TaiwanStockShareholding_6720,True,2026-09-22T11:37:43,2026-09-22T11:37:43,2026-09-22T11:37:43
6720,久昌,2025,123.5,-32.0,-20.58,,,,,,0.76,,,,,,,,,,,,,,,,,,,,EquityDistribution,FinMind_API_TaiwanStockShareholding_6720,True,2026-10-08T16:48:29+08:00,2026-10-08T16:49:37,2026-10-08T16:49:37
6720,久昌,2026,117.0,-6.5,-5.26,,,,,,2.1,,,,,,,,,,,,,,,,,,,,EquityDistribution,FinMind_API_TaiwanStockShareholding_6720,True,2026-10-08T16:48:29+08:00,2026-10-08T16:49:37,2026-10-08T16:49:37
6751,智聯服務,2020,78.0,,,,,,,,0.0,,,,,,,,,,,,,,,,,,,,EquityDistribution,FinMind_API_TaiwanStockShareholding_6751,True,2026-09-22T11:39:40,2026-09-22T11:39:40,2026-09-22T11:39:40
6751,智聯服務,2021,49.7,-28.299999999999997,-36.28,,,,,,0.03,,,,,,,,,,,,,,,,,,,,EquityDistribution,FinMind_API_TaiwanStockShareholding_6751,True,2026-09-22T11:39:40,2026-09-22T11:39:40,2026-09-22T11:39:40
6751,智聯服務,2022,42.9,-6.800000000000004,-13.68,,,,,,0.01,,,,,,,,,,,,,,,,,,,,EquityDistribution,FinMind_API_TaiwanStockShareholding_6751,True,2026-09-22T11:39:40,2026-09-22T11:39:40,2026-09-22T11:39:40
6751,智聯服務,2023,82.8,39.9,93.01,,,,,,0.22,,,,,,,,,,,,,,,,,,,,EquityDistribution,FinMind_API_TaiwanStockShareholding_6751,True,2026-09-22T11:39:40,2026-09-22T11:39:40,2026-09-22T11:39:40
6751,智聯服務,2024,0.0,-82.8,-100.0,,,,,,0.16,,,,,,,,,,,,,,,,,,,,EquityDistribution,FinMind_API_TaiwanStockShareholding_6751,True,2026-09-22T11:39:40,2026-09-22T11:39:40,2026-09-22T11:39:40
6751,智聯服務,2025,55.0,55.0,,,,,,,0.27,,,,,,,,,,,,,,,,,,,,EquityDistribution,FinMind_API_TaiwanStockShareholding_6751,True,2026-10-08T16:48:30+08:00,2026-10-08T16:49:37,2026-10-08T16:49:37
6751,智聯服務,2026,51.4,-3.6000000000000014,-6.55,,,,,,0.72,,,,,,,,,,,,,,,,,,,,EquityDistribution,FinMind_API_TaiwanStockShareholding_6751,True,2026-10-08T16:48:30+08:00,2026-10-08T16:49:37,2026-10-08T16:49:37
6757,台灣虎航,2023,33.6,,,,,,,,0.76,,,,,,,,,,,,,,,,,,,,EquityDistribution,FinMind_API_TaiwanStockShareholding_6757,True,2026-09-22T11:37:56,2026-09-22T11:37:56,2026-09-22T11:37:56
6757,台灣虎航,2024,77.9,44.300000000000004,131.85,,,,,,8.75,,,,,,,,,,,,,,,,,,,,EquityDistribution,FinMind_API_TaiwanStockShareholding_6757,True,2026-09-22T11:37:56,2026-09-22T11:37:56,2026-09-22T11:37:56
6757,台灣虎航,2025,64.5,-13.400000000000006,-17.2,,,,,,2.36,,,,,,,,,,,,,,,,,,,,EquityDistribution,FinMind_API_TaiwanStockShareholding_6757,True,2026-10-08T16:48:31+08:00,2026-10-08T16:49:37,2026-10-08T16:49:37
6757,台灣虎航,2026,53.3,-11.200000000000003,-17.36,,,,,,4.52,,,,,,,,,,,,,,,,,,,,EquityDistribution,FinMind_API_TaiwanStockShareholding_6757,True,2026-10-08T16:48:31+08:00,2026-10-08T16:49:37,2026-10-08T16:49:37
6763,綠界科技,2022,387.0,,,,,,,,7.27,,,,,,,,,,,,,,,,,,,,EquityDistribution,FinMind_API_TaiwanStockShareholding_6763,True,2026-09-22T11:39:36,2026-09-22T11:39:36,2026-09-22T11:39:36
6763,綠界科技,2023,458.5,71.5,18.48,,,,,,4.9,,,,,,,,,,,,,,,,,,,,EquityDistribution,FinMind_API_TaiwanStockShareholding_6763,True,2026-09-22T11:39:36,2026-09-22T11:39:36,2026-09-22T11:39:36
6763,綠界科技,2024,61.1,-397.4,-86.67,,,,,,1.16,,,,,,,,,,,,,,,,,,,,EquityDistribution,FinMind_API_TaiwanStockShareholding_6763,True,2026-09-22T11:39:36,2026-09-22T11:39:36,2026-09-22T11:39:36
6763,綠界科技,2025,57.5,-3.6000000000000014,-5.89,,,,,,2.04,,,,,,,,,,,,,,,,,,,,EquityDistribution,FinMind_API_TaiwanStockShareholding_6763,True,2026-10-08T16:48:31+08:00,2026-10-08T16:49:37,2026-10-08T16:49:37
6763,綠界科技,2026,41.55,-15.950000000000003,-27.74,,,,,,2.85,,,,,,,,,,,,,,,,,,,,EquityDistribution,FinMind_API_TaiwanStockShareholding_6763,True,2026-10-08T16:48:31+08:00,2026-10-08T16:49:37,2026-10-08T16:49:37
6770,力積電,2021,71.2,,,,,,,,6.45,,,,,,,,,,,,,,,,,,,,EquityDistribution,FinMind_API_TaiwanStockShareholding_6770,True,2026-09-22T11:44:57,2026-09-22T11:44:57,2026-09-22T11:44:57
6770,力積電,2022,31.85,-39.35,-55.27,,,,,,18.76,,,,,,,,,,,,,,,,,,,,EquityDistribution,FinMind_API_TaiwanStockShareholding_6770,True,2026-09-22T11:44:57,2026-09-22T11:44:57,2026-09-22T11:44:57
6770,力積電,2023,29.45,-2.400000000000002,-7.54,,,,,,14.53,,,,,,,,,,,,,,,,,,,,EquityDistribution,FinMind_API_TaiwanStockShareholding_6770,True,2026-09-22T11:44:57,2026-09-22T11:44:57,2026-09-22T11:44:57
6770,力積電,2024,15.9,-13.549999999999999,-46.01,,,,,,8.21,,,,,,,,,,,,,,,,,,,,EquityDistribution,FinMind_API_TaiwanStockShareholding_6770,True,2026-09-22T11:44:57,2026-09-22T11:44:57,2026-09-22T11:44:57
6770,力積電,2025,39.55,23.65,148.74,,,,,,13.87,,,,,,,,,,,,,,,,,,,,EquityDistribution,FinMind_API_TaiwanStockShareholding_6770,True,2026-10-08T16:48:36+08:00,2026-10-08T16:49:37,2026-10-08T16:49:37
6770,力積電,2026,72.2,32.650000000000006,82.55,,,,,,16.84,,,,,,,,,,,,,,,,,,,,EquityDistribution,FinMind_API_TaiwanStockShareholding_6770,True,2026-10-08T16:48:36+08:00,2026-10-08T16:49:37,2026-10-08T16:49:37
6811,宏碁資訊,2022,136.0,,,,,,,,0.56,,,,,,,,,,,,,,,,,,,,EquityDistribution,FinMind_API_TaiwanStockShareholding_6811,True,2026-09-22T11:39:24,2026-09-22T11:39:24,2026-09-22T11:39:24
6811,宏碁資訊,2023,295.0,159.0,116.91,,,,,,1.48,,,,,,,,,,,,,,,,,,,,EquityDistribution,FinMind_API_TaiwanStockShareholding_6811,True,2026-09-22T11:39:24,2026-09-22T11:39:24,2026-09-22T11:39:24
6811,宏碁資訊,2024,287.5,-7.5,-2.54,,,,,,3.27,,,,,,,,,,,,,,,,,,,,EquityDistribution,FinMind_API_TaiwanStockShareholding_6811,True,2026-09-22T11:39:24,2026-09-22T11:39:24,2026-09-22T11:39:24
6811,宏碁資訊,2025,211.5,-76.0,-26.43,,,,,,1.97,,,,,,,,,,,,,,,,,,,,EquityDistribution,FinMind_API_TaiwanStockShareholding_6811,True,2026-10-08T16:48:36+08:00,2026-10-08T16:49:37,2026-10-08T16:49:37
6811,宏碁資訊,2026,281.0,69.5,32.86,,,,,,7.15,,,,,,,,,,,,,,,,,,,,EquityDistribution,FinMind_API_TaiwanStockShareholding_6811,True,2026-10-08T16:48:36+08:00,2026-10-08T16:49:37,2026-10-08T16:49:37
6902,GOGOLOOK,2023,170.0,,,,,,,,2.35,,,,,,,,,,,,,,,,,,,,EquityDistribution,FinMind_API_TaiwanStockShareholding_6902,True,2026-09-22T11:42:19,2026-09-22T11:42:19,2026-09-22T11:42:19
6902,GOGOLOOK,2024,118.5,-51.5,-30.29,,,,,,2.38,,,,,,,,,,,,,,,,,,,,EquityDistribution,FinMind_API_TaiwanStockShareholding_6902,True,2026-09-22T11:42:19,2026-09-22T11:42:19,2026-09-22T11:42:19
6902,GOGOLOOK,2025,77.0,-41.5,-35.02,,,,,,3.35,,,,,,,,,,,,,,,,,,,,EquityDistribution,FinMind_API_TaiwanStockShareholding_6902,True,2026-10-08T16:48:37+08:00,2026-10-08T16:49:37,2026-10-08T16:49:37
6902,GOGOLOOK,2026,136.5,59.5,77.27,,,,,,4.88,,,,,,,,,,,,,,,,,,,,EquityDistribution,FinMind_API_TaiwanStockShareholding_6902,True,2026-10-08T16:48:37+08:00,2026-10-08T16:49:37,2026-10-08T16:49:37
6918,愛派司,2025,85.5,,,,,,,,0.54,,,,,,,,,,,,,,,,,,,,EquityDistribution,FinMind_API_TaiwanStockShareholding_6918,True,2026-10-08T16:48:37+08:00,2026-10-08T16:49:37,2026-10-08T16:49:37
6918,愛派司,2026,75.5,-10.0,-11.7,,,,,,0.72,,,,,,,,,,,,,,,,,,,,EquityDistribution,FinMind_API_TaiwanStockShareholding_6918,True,2026-10-08T16:48:37+08:00,2026-10-08T16:49:37,2026-10-08T16:49:37
6925,意藍,2022,57.7,,,,,,,,7.52,,,,,,,,,,,,,,,,,,,,EquityDistribution,FinMind_API_TaiwanStockShareholding_6925,True,2026-09-22T11:42:25,2026-09-22T11:42:25,2026-09-22T11:42:25
6925,意藍,2025,88.3,30.599999999999994,53.03,,,,,,5.25,,,,,,,,,,,,,,,,,,,,EquityDistribution,FinMind_API_TaiwanStockShareholding_6925,True,2026-10-08T16:48:38+08:00,2026-10-08T16:49:37,2026-10-08T16:49:37
6925,意藍,2026,71.3,-17.0,-19.25,,,,,,1.11,,,,,,,,,,,,,,,,,,,,EquityDistribution,FinMind_API_TaiwanStockShareholding_6925,True,2026-10-08T16:48:38+08:00,2026-10-08T16:49:37,2026-10-08T16:49:37
6962,奕力-KY,2024,54.8,,,,,,,,59.58,,,,,,,,,,,,,,,,,,,,EquityDistribution,FinMind_API_TaiwanStockShareholding_6962,True,2026-09-22T11:37:25,2026-09-22T11:37:25,2026-09-22T11:37:25
6962,奕力-KY,2025,39.1,-15.699999999999996,-28.65,,,,,,42.7,,,,,,,,,,,,,,,,,,,,EquityDistribution,FinMind_API_TaiwanStockShareholding_6962,True,2026-10-08T16:48:39+08:00,2026-10-08T16:49:37,2026-10-08T16:49:37
6962,奕力-KY,2026,32.0,-7.100000000000001,-18.16,,,,,,37.35,,,,,,,,,,,,,,,,,,,,EquityDistribution,FinMind_API_TaiwanStockShareholding_6962,True,2026-10-08T16:48:39+08:00,2026-10-08T16:49:37,2026-10-08T16:49:37
6996,力領科技,2024,234.0,,,,,,,,1.01,,,,,,,,,,,,,,,,,,,,EquityDistribution,FinMind_API_TaiwanStockShareholding_6996,True,2026-09-22T11:38:21,2026-09-22T11:38:21,2026-09-22T11:38:21
6996,力領科技,2025,150.0,-84.0,-35.9,,,,,,1.58,,,,,,,,,,,,,,,,,,,,EquityDistribution,FinMind_API_TaiwanStockShareholding_6996,True,2026-10-08T16:48:39+08:00,2026-10-08T16:49:37,2026-10-08T16:49:37
6996,力領科技,2026,166.0,16.0,10.67,,,,,,3.37,,,,,,,,,,,,,,,,,,,,EquityDistribution,FinMind_API_TaiwanStockShareholding_6996,True,2026-10-08T16:48:39+08:00,2026-10-08T16:49:37,2026-10-08T16:49:37
6997,博弘,2024,129.5,,,,,,,,20.15,,,,,,,,,,,,,,,,,,,,EquityDistribution,FinMind_API_TaiwanStockShareholding_6997,True,2026-09-22T11:38:50,2026-09-22T11:38:50,2026-09-22T11:38:50
6997,博弘,2025,90.9,-38.599999999999994,-29.81,,,,,,20.11,,,,,,,,,,,,,,,,,,,,EquityDistribution,FinMind_API_TaiwanStockShareholding_6997,True,2026-10-08T16:48:39+08:00,2026-10-08T16:49:38,2026-10-08T16:49:38
6997,博弘,2026,66.7,-24.200000000000003,-26.62,,,,,,20.11,,,,,,,,,,,,,,,,,,,,EquityDistribution,FinMind_API_TaiwanStockShareholding_6997,True,2026-10-08T16:48:39+08:00,2026-10-08T16:49:38,2026-10-08T16:49:38
7547,碩網,2025,57.2,,,,,,,,24.63,,,,,,,,,,,,,,,,,,,,EquityDistribution,FinMind_API_TaiwanStockShareholding_7547,True,2026-10-08T16:48:40+08:00,2026-10-08T16:49:38,2026-10-08T16:49:38
7547,碩網,2026,60.0,2.799999999999997,4.9,,,,,,23.78,,,,,,,,,,,,,,,,,,,,EquityDistribution,FinMind_API_TaiwanStockShareholding_7547,True,2026-10-08T16:48:40+08:00,2026-10-08T16:49:38,2026-10-08T16:49:38
7703,銳澤,2024,142.5,,,,,,,,0.0,,,,,,,,,,,,,,,,,,,,EquityDistribution,FinMind_API_TaiwanStockShareholding_7703,True,2026-09-22T11:36:48,2026-09-22T11:36:48,2026-09-22T11:36:48
7703,銳澤,2025,232.0,89.5,62.81,,,,,,3.78,,,,,,,,,,,,,,,,,,,,EquityDistribution,FinMind_API_TaiwanStockShareholding_7703,True,2026-10-08T16:48:41+08:00,2026-10-08T16:49:38,2026-10-08T16:49:38
7703,銳澤,2026,202.0,-30.0,-12.93,,,,,,4.34,,,,,,,,,,,,,,,,,,,,EquityDistribution,FinMind_API_TaiwanStockShareholding_7703,True,2026-10-08T16:48:41+08:00,2026-10-08T16:49:38,2026-10-08T16:49:38
7704,明遠精密,2024,78.8,,,,,,,,0.12,,,,,,,,,,,,,,,,,,,,EquityDistribution,FinMind_API_TaiwanStockShareholding_7704,True,2026-09-22T11:38:45,2026-09-22T11:38:45,2026-09-22T11:38:45
7704,明遠精密,2025,48.3,-30.5,-38.71,,,,,,0.36,,,,,,,,,,,,,,,,,,,,EquityDistribution,FinMind_API_TaiwanStockShareholding_7704,True,2026-10-08T16:48:41+08:00,2026-10-08T16:49:38,2026-10-08T16:49:38
7704,明遠精密,2026,62.6,14.300000000000004,29.61,,,,,,2.08,,,,,,,,,,,,,,,,,,,,EquityDistribution,FinMind_API_TaiwanStockShareholding_7704,True,2026-10-08T16:48:41+08:00,2026-10-08T16:49:38,2026-10-08T16:49:38
7705,三商餐飲,2024,70.7,,,,,,,,1.14,,,,,,,,,,,,,,,,,,,,EquityDistribution,FinMind_API_TaiwanStockShareholding_7705,True,2026-09-22T11:37:29,2026-09-22T11:37:29,2026-09-22T11:37:29
7705,三商餐飲,2025,40.0,-30.700000000000003,-43.42,,,,,,1.66,,,,,,,,,,,,,,,,,,,,EquityDistribution,FinMind_API_TaiwanStockShareholding_7705,True,2026-10-08T16:48:42+08:00,2026-10-08T16:49:38,2026-10-08T16:49:38
7705,三商餐飲,2026,29.7,-10.3,-25.75,,,,,,2.32,,,,,,,,,,,,,,,,,,,,EquityDistribution,FinMind_API_TaiwanStockShareholding_7705,True,2026-10-08T16:48:42+08:00,2026-10-08T16:49:38,2026-10-08T16:49:38
7708,全家餐飲,2024,92.0,,,,,,,,0.11,,,,,,,,,,,,,,,,,,,,EquityDistribution,FinMind_API_TaiwanStockShareholding_7708,True,2026-09-22T11:36:38,2026-09-22T11:36:38,2026-09-22T11:36:38
7708,全家餐飲,2025,96.0,4.0,4.35,,,,,,0.14,,,,,,,,,,,,,,,,,,,,EquityDistribution,FinMind_API_TaiwanStockShareholding_7708,True,2026-10-08T16:48:43+08:00,2026-10-08T16:49:38,2026-10-08T16:49:38
7708,全家餐飲,2026,91.5,-4.5,-4.69,,,,,,0.4,,,,,,,,,,,,,,,,,,,,EquityDistribution,FinMind_API_TaiwanStockShareholding_7708,True,2026-10-08T16:48:43+08:00,2026-10-08T16:49:38,2026-10-08T16:49:38
7709,榮田,2025,37.8,,,,,,,,0.12,,,,,,,,,,,,,,,,,,,,EquityDistribution,FinMind_API_TaiwanStockShareholding_7709,True,2026-10-08T16:48:43+08:00,2026-10-08T16:49:38,2026-10-08T16:49:38
7709,榮田,2026,81.6,43.8,115.87,,,,,,1.29,,,,,,,,,,,,,,,,,,,,EquityDistribution,FinMind_API_TaiwanStockShareholding_7709,True,2026-10-08T16:48:43+08:00,2026-10-08T16:49:38,2026-10-08T16:49:38
7712,博盛半導體,2023,,,,,,,,,0.4,,,,,,,,,,,,,,,,,,,,EquityDistribution,FinMind_API_TaiwanStockShareholding_7712,True,2026-09-22T11:39:17,2026-09-22T11:39:17,2026-09-22T11:39:17
7712,博盛半導體,2024,218.0,,,,,,,,0.68,,,,,,,,,,,,,,,,,,,,EquityDistribution,FinMind_API_TaiwanStockShareholding_7712,True,2026-09-22T11:39:17,2026-09-22T11:39:17,2026-09-22T11:39:17
7712,博盛半導體,2025,85.2,-132.8,-60.92,,,,,,4.37,,,,,,,,,,,,,,,,,,,,EquityDistribution,FinMind_API_TaiwanStockShareholding_7712,True,2026-10-08T16:48:45+08:00,2026-10-08T16:49:38,2026-10-08T16:49:38
7712,博盛半導體,2026,173.5,88.3,103.64,,,,,,4.86,,,,,,,,,,,,,,,,,,,,EquityDistribution,FinMind_API_TaiwanStockShareholding_7712,True,2026-10-08T16:48:45+08:00,2026-10-08T16:49:38,2026-10-08T16:49:38
7713,威力德生醫,2025,73.4,,,,,,,,0.1,,,,,,,,,,,,,,,,,,,,EquityDistribution,FinMind_API_TaiwanStockShareholding_7713,True,2026-10-08T16:48:45+08:00,2026-10-08T16:49:38,2026-10-08T16:49:38
7713,威力德生醫,2026,73.5,0.09999999999999432,0.14,,,,,,0.09,,,,,,,,,,,,,,,,,,,,EquityDistribution,FinMind_API_TaiwanStockShareholding_7713,True,2026-10-08T16:48:45+08:00,2026-10-08T16:49:38,2026-10-08T16:49:38
7722,LINEPAY,2024,459.5,,,,,,,,58.66,,,,,,,,,,,,,,,,,,,,EquityDistribution,FinMind_API_TaiwanStockShareholding_7722,True,2026-09-22T11:37:11,2026-09-22T11:37:11,2026-09-22T11:37:11
7722,LINEPAY,2025,570.0,110.5,24.05,,,,,,58.91,,,,,,,,,,,,,,,,,,,,EquityDistribution,FinMind_API_TaiwanStockShareholding_7722,True,2026-10-08T16:48:46+08:00,2026-10-08T16:49:38,2026-10-08T16:49:38
7722,LINEPAY,2026,264.0,-306.0,-53.68,,,,,,58.77,,,,,,,,,,,,,,,,,,,,EquityDistribution,FinMind_API_TaiwanStockShareholding_7722,True,2026-10-08T16:48:46+08:00,2026-10-08T16:49:38,2026-10-08T16:49:38
7728,光焱科技,2025,552.0,,,,,,,,2.06,,,,,,,,,,,,,,,,,,,,EquityDistribution,FinMind_API_TaiwanStockShareholding_7728,True,2026-10-08T16:48:46+08:00,2026-10-08T16:49:38,2026-10-08T16:49:38
7728,光焱科技,2026,631.0,79.0,14.31,,,,,,1.58,,,,,,,,,,,,,,,,,,,,EquityDistribution,FinMind_API_TaiwanStockShareholding_7728,True,2026-10-08T16:48:46+08:00,2026-10-08T16:49:38,2026-10-08T16:49:38
7732,金興精密,2025,40.2,,,,,,,,0.27,,,,,,,,,,,,,,,,,,,,EquityDistribution,FinMind_API_TaiwanStockShareholding_7732,True,2026-10-08T16:48:47+08:00,2026-10-08T16:49:38,2026-10-08T16:49:38
7732,金興精密,2026,33.55,-6.650000000000006,-16.54,,,,,,0.45,,,,,,,,,,,,,,,,,,,,EquityDistribution,FinMind_API_TaiwanStockShareholding_7732,True,2026-10-08T16:48:47+08:00,2026-10-08T16:49:38,2026-10-08T16:49:38
7734,印能科技,2025,957.0,,,,,,,,1.53,,,,,,,,,,,,,,,,,,,,EquityDistribution,FinMind_API_TaiwanStockShareholding_7734,True,2026-10-08T16:48:47+08:00,2026-10-08T16:49:38,2026-10-08T16:49:38
7734,印能科技,2026,2710.0,1753.0,183.18,,,,,,6.71,,,,,,,,,,,,,,,,,,,,EquityDistribution,FinMind_API_TaiwanStockShareholding_7734,True,2026-10-08T16:48:47+08:00,2026-10-08T16:49:38,2026-10-08T16:49:38
7736,虎山,2025,90.0,,,,,,,,0.89,,,,,,,,,,,,,,,,,,,,EquityDistribution,FinMind_API_TaiwanStockShareholding_7736,True,2026-10-08T16:48:48+08:00,2026-10-08T16:49:38,2026-10-08T16:49:38
7736,虎山,2026,70.7,-19.299999999999997,-21.44,,,,,,1.33,,,,,,,,,,,,,,,,,,,,EquityDistribution,FinMind_API_TaiwanStockShareholding_7736,True,2026-10-08T16:48:48+08:00,2026-10-08T16:49:38,2026-10-08T16:49:38
7747,昕奇雲端,2025,117.0,,,,,,,,0.9,,,,,,,,,,,,,,,,,,,,EquityDistribution,FinMind_API_TaiwanStockShareholding_7747,True,2026-10-08T16:48:48+08:00,2026-10-08T16:49:38,2026-10-08T16:49:38
7747,昕奇雲端,2026,111.0,-6.0,-5.13,,,,,,0.67,,,,,,,,,,,,,,,,,,,,EquityDistribution,FinMind_API_TaiwanStockShareholding_7747,True,2026-10-08T16:48:48+08:00,2026-10-08T16:49:38,2026-10-08T16:49:38
7749,意騰-KY,2025,427.0,,,,,,,,22.86,,,,,,,,,,,,,,,,,,,,EquityDistribution,FinMind_API_TaiwanStockShareholding_7749,True,2026-10-08T16:48:49+08:00,2026-10-08T16:49:38,2026-10-08T16:49:38
7749,意騰-KY,2026,364.0,-63.0,-14.75,,,,,,22.42,,,,,,,,,,,,,,,,,,,,EquityDistribution,FinMind_API_TaiwanStockShareholding_7749,True,2026-10-08T16:48:49+08:00,2026-10-08T16:49:38,2026-10-08T16:49:38
7765,中華資安,2025,289.0,,,,,,,,0.48,,,,,,,,,,,,,,,,,,,,EquityDistribution,FinMind_API_TaiwanStockShareholding_7765,True,2026-10-08T16:48:50+08:00,2026-10-08T16:49:38,2026-10-08T16:49:38
7765,中華資安,2026,236.0,-53.0,-18.34,,,,,,0.97,,,,,,,,,,,,,,,,,,,,EquityDistribution,FinMind_API_TaiwanStockShareholding_7765,True,2026-10-08T16:48:50+08:00,2026-10-08T16:49:38,2026-10-08T16:49:38
7769,鴻勁,2025,3425.0,,,,,,,,12.05,,,,,,,,,,,,,,,,,,,,EquityDistribution,FinMind_API_TaiwanStockShareholding_7769,True,2026-10-08T16:48:50+08:00,2026-10-08T16:49:38,2026-10-08T16:49:38
7769,鴻勁,2026,5925.0,2500.0,72.99,,,,,,19.95,,,,,,,,,,,,,,,,,,,,EquityDistribution,FinMind_API_TaiwanStockShareholding_7769,True,2026-10-08T16:48:50+08:00,2026-10-08T16:49:38,2026-10-08T16:49:38
7794,宏碁智新,2026,29.3,,,,,,,,1.5,,,,,,,,,,,,,,,,,,,,EquityDistribution,FinMind_API_TaiwanStockShareholding_7794,True,2026-10-08T16:48:51+08:00,2026-10-08T16:49:38,2026-10-08T16:49:38
7805,威聯通,2025,760.0,,,,,,,,8.81,,,,,,,,,,,,,,,,,,,,EquityDistribution,FinMind_API_TaiwanStockShareholding_7805,True,2026-10-08T16:48:52+08:00,2026-10-08T16:49:38,2026-10-08T16:49:38
7805,威聯通,2026,505.0,-255.0,-33.55,,,,,,12.97,,,,,,,,,,,,,,,,,,,,EquityDistribution,FinMind_API_TaiwanStockShareholding_7805,True,2026-10-08T16:48:52+08:00,2026-10-08T16:49:38,2026-10-08T16:49:38
8016,矽創,2018,100.5,,,,,,,,45.36,,,,,,,,,,,,,,,,,,,,EquityDistribution,FinMind_API_TaiwanStockShareholding_8016,True,2026-09-22T11:38:30,2026-09-22T11:38:30,2026-09-22T11:38:30
8016,矽創,2019,167.5,67.0,66.67,,,,,,39.77,,,,,,,,,,,,,,,,,,,,EquityDistribution,FinMind_API_TaiwanStockShareholding_8016,True,2026-09-22T11:38:30,2026-09-22T11:38:30,2026-09-22T11:38:30
8016,矽創,2020,162.5,-5.0,-2.99,,,,,,32.12,,,,,,,,,,,,,,,,,,,,EquityDistribution,FinMind_API_TaiwanStockShareholding_8016,True,2026-09-22T11:38:30,2026-09-22T11:38:30,2026-09-22T11:38:30
8016,矽創,2021,320.0,157.5,96.92,,,,,,33.21,,,,,,,,,,,,,,,,,,,,EquityDistribution,FinMind_API_TaiwanStockShareholding_8016,True,2026-09-22T11:38:30,2026-09-22T11:38:30,2026-09-22T11:38:30
8016,矽創,2022,177.5,-142.5,-44.53,,,,,,23.43,,,,,,,,,,,,,,,,,,,,EquityDistribution,FinMind_API_TaiwanStockShareholding_8016,True,2026-09-22T11:38:30,2026-09-22T11:38:30,2026-09-22T11:38:30
8016,矽創,2023,278.0,100.5,56.62,,,,,,33.86,,,,,,,,,,,,,,,,,,,,EquityDistribution,FinMind_API_TaiwanStockShareholding_8016,True,2026-09-22T11:38:30,2026-09-22T11:38:30,2026-09-22T11:38:30
8016,矽創,2024,212.5,-65.5,-23.56,,,,,,31.59,,,,,,,,,,,,,,,,,,,,EquityDistribution,FinMind_API_TaiwanStockShareholding_8016,True,2026-09-22T11:38:30,2026-09-22T11:38:30,2026-09-22T11:38:30
8016,矽創,2025,179.5,-33.0,-15.53,,,,,,27.65,,,,,,,,,,,,,,,,,,,,EquityDistribution,FinMind_API_TaiwanStockShareholding_8016,True,2026-10-08T16:48:52+08:00,2026-10-08T16:49:38,2026-10-08T16:49:38
8016,矽創,2026,291.0,111.5,62.12,,,,,,46.77,,,,,,,,,,,,,,,,,,,,EquityDistribution,FinMind_API_TaiwanStockShareholding_8016,True,2026-10-08T16:48:52+08:00,2026-10-08T16:49:38,2026-10-08T16:49:38
8045,達運光電,2024,75.0,,,,,,,,0.76,,,,,,,,,,,,,,,,,,,,EquityDistribution,FinMind_API_TaiwanStockShareholding_8045,True,2026-09-22T11:38:42,2026-09-22T11:38:42,2026-09-22T11:38:42
8045,達運光電,2025,76.4,1.4000000000000057,1.87,,,,,,2.0,,,,,,,,,,,,,,,,,,,,EquityDistribution,FinMind_API_TaiwanStockShareholding_8045,True,2026-10-08T16:48:53+08:00,2026-10-08T16:49:38,2026-10-08T16:49:38
8045,達運光電,2026,57.1,-19.300000000000004,-25.26,,,,,,1.51,,,,,,,,,,,,,,,,,,,,EquityDistribution,FinMind_API_TaiwanStockShareholding_8045,True,2026-10-08T16:48:53+08:00,2026-10-08T16:49:38,2026-10-08T16:49:38
8050,廣積,2018,39.0,,,,,,,,5.38,,,,,,,,,,,,,,,,,,,,EquityDistribution,FinMind_API_TaiwanStockShareholding_8050,True,2026-09-22T11:44:49,2026-09-22T11:44:49,2026-09-22T11:44:49
8050,廣積,2019,43.95,4.950000000000003,12.69,,,,,,3.37,,,,,,,,,,,,,,,,,,,,EquityDistribution,FinMind_API_TaiwanStockShareholding_8050,True,2026-09-22T11:44:49,2026-09-22T11:44:49,2026-09-22T11:44:49
8050,廣積,2020,38.7,-5.25,-11.95,,,,,,3.53,,,,,,,,,,,,,,,,,,,,EquityDistribution,FinMind_API_TaiwanStockShareholding_8050,True,2026-09-22T11:44:49,2026-09-22T11:44:49,2026-09-22T11:44:49
8050,廣積,2021,40.75,2.049999999999997,5.3,,,,,,3.18,,,,,,,,,,,,,,,,,,,,EquityDistribution,FinMind_API_TaiwanStockShareholding_8050,True,2026-09-22T11:44:49,2026-09-22T11:44:49,2026-09-22T11:44:49
8050,廣積,2022,77.3,36.55,89.69,,,,,,6.51,,,,,,,,,,,,,,,,,,,,EquityDistribution,FinMind_API_TaiwanStockShareholding_8050,True,2026-09-22T11:44:49,2026-09-22T11:44:49,2026-09-22T11:44:49
8050,廣積,2023,80.7,3.4000000000000057,4.4,,,,,,4.8,,,,,,,,,,,,,,,,,,,,EquityDistribution,FinMind_API_TaiwanStockShareholding_8050,True,2026-09-22T11:44:49,2026-09-22T11:44:49,2026-09-22T11:44:49
8050,廣積,2024,73.7,-7.0,-8.67,,,,,,4.87,,,,,,,,,,,,,,,,,,,,EquityDistribution,FinMind_API_TaiwanStockShareholding_8050,True,2026-09-22T11:44:49,2026-09-22T11:44:49,2026-09-22T11:44:49
8050,廣積,2025,43.1,-30.6,-41.52,,,,,,2.78,,,,,,,,,,,,,,,,,,,,EquityDistribution,FinMind_API_TaiwanStockShareholding_8050,True,2026-10-08T16:48:54+08:00,2026-10-08T16:49:38,2026-10-08T16:49:38
8050,廣積,2026,60.4,17.299999999999997,40.14,,,,,,8.37,,,,,,,,,,,,,,,,,,,,EquityDistribution,FinMind_API_TaiwanStockShareholding_8050,True,2026-10-08T16:48:54+08:00,2026-10-08T16:49:38,2026-10-08T16:49:38
8234,新漢,2018,21.05,,,,,,,,3.44,,,,,,,,,,,,,,,,,,,,EquityDistribution,FinMind_API_TaiwanStockShareholding_8234,True,2026-09-22T11:44:23,2026-09-22T11:44:23,2026-09-22T11:44:23
8234,新漢,2019,26.95,5.899999999999999,28.03,,,,,,3.96,,,,,,,,,,,,,,,,,,,,EquityDistribution,FinMind_API_TaiwanStockShareholding_8234,True,2026-09-22T11:44:23,2026-09-22T11:44:23,2026-09-22T11:44:23
8234,新漢,2020,25.3,-1.6499999999999986,-6.12,,,,,,2.11,,,,,,,,,,,,,,,,,,,,EquityDistribution,FinMind_API_TaiwanStockShareholding_8234,True,2026-09-22T11:44:23,2026-09-22T11:44:23,2026-09-22T11:44:23
8234,新漢,2021,24.35,-0.9499999999999993,-3.75,,,,,,2.38,,,,,,,,,,,,,,,,,,,,EquityDistribution,FinMind_API_TaiwanStockShareholding_8234,True,2026-09-22T11:44:23,2026-09-22T11:44:23,2026-09-22T11:44:23
8234,新漢,2022,32.75,8.399999999999999,34.5,,,,,,4.24,,,,,,,,,,,,,,,,,,,,EquityDistribution,FinMind_API_TaiwanStockShareholding_8234,True,2026-09-22T11:44:23,2026-09-22T11:44:23,2026-09-22T11:44:23
8234,新漢,2023,48.05,15.299999999999997,46.72,,,,,,5.37,,,,,,,,,,,,,,,,,,,,EquityDistribution,FinMind_API_TaiwanStockShareholding_8234,True,2026-09-22T11:44:23,2026-09-22T11:44:23,2026-09-22T11:44:23
8234,新漢,2024,64.3,16.25,33.82,,,,,,6.36,,,,,,,,,,,,,,,,,,,,EquityDistribution,FinMind_API_TaiwanStockShareholding_8234,True,2026-09-22T11:44:23,2026-09-22T11:44:23,2026-09-22T11:44:23
8234,新漢,2025,71.2,6.900000000000006,10.73,,,,,,4.78,,,,,,,,,,,,,,,,,,,,EquityDistribution,FinMind_API_TaiwanStockShareholding_8234,True,2026-10-08T16:48:55+08:00,2026-10-08T16:49:39,2026-10-08T16:49:39
8234,新漢,2026,63.4,-7.800000000000004,-10.96,,,,,,6.0,,,,,,,,,,,,,,,,,,,,EquityDistribution,FinMind_API_TaiwanStockShareholding_8234,True,2026-10-08T16:48:55+08:00,2026-10-08T16:49:39,2026-10-08T16:49:39
8272,全景軟體,2024,106.0,,,,,,,,0.52,,,,,,,,,,,,,,,,,,,,EquityDistribution,FinMind_API_TaiwanStockShareholding_8272,True,2026-09-22T11:34:38,2026-09-22T11:34:38,2026-09-22T11:34:38
8272,全景軟體,2025,79.4,-26.599999999999994,-25.09,,,,,,0.27,,,,,,,,,,,,,,,,,,,,EquityDistribution,FinMind_API_TaiwanStockShareholding_8272,True,2026-10-08T16:48:56+08:00,2026-10-08T16:49:39,2026-10-08T16:49:39
8272,全景軟體,2026,60.6,-18.800000000000004,-23.68,,,,,,0.2,,,,,,,,,,,,,,,,,,,,EquityDistribution,FinMind_API_TaiwanStockShareholding_8272,True,2026-10-08T16:48:56+08:00,2026-10-08T16:49:39,2026-10-08T16:49:39
8299,群聯,2018,228.0,,,,,,,,61.46,,,,,,,,,,,,,,,,,,,,EquityDistribution,FinMind_API_TaiwanStockShareholding_8299,True,2026-09-22T11:34:42,2026-09-22T11:34:42,2026-09-22T11:34:42
8299,群聯,2019,340.5,112.5,49.34,,,,,,64.11,,,,,,,,,,,,,,,,,,,,EquityDistribution,FinMind_API_TaiwanStockShareholding_8299,True,2026-09-22T11:34:42,2026-09-22T11:34:42,2026-09-22T11:34:42
8299,群聯,2020,332.5,-8.0,-2.35,,,,,,46.93,,,,,,,,,,,,,,,,,,,,EquityDistribution,FinMind_API_TaiwanStockShareholding_8299,True,2026-09-22T11:34:42,2026-09-22T11:34:42,2026-09-22T11:34:42
8299,群聯,2021,512.0,179.5,53.98,,,,,,36.65,,,,,,,,,,,,,,,,,,,,EquityDistribution,FinMind_API_TaiwanStockShareholding_8299,True,2026-09-22T11:34:42,2026-09-22T11:34:42,2026-09-22T11:34:42
8299,群聯,2022,315.0,-197.0,-38.48,,,,,,30.32,,,,,,,,,,,,,,,,,,,,EquityDistribution,FinMind_API_TaiwanStockShareholding_8299,True,2026-09-22T11:34:42,2026-09-22T11:34:42,2026-09-22T11:34:42
8299,群聯,2023,520.0,205.0,65.08,,,,,,45.29,,,,,,,,,,,,,,,,,,,,EquityDistribution,FinMind_API_TaiwanStockShareholding_8299,True,2026-09-22T11:34:42,2026-09-22T11:34:42,2026-09-22T11:34:42
8299,群聯,2024,534.0,14.0,2.69,,,,,,28.74,,,,,,,,,,,,,,,,,,,,EquityDistribution,FinMind_API_TaiwanStockShareholding_8299,True,2026-09-22T11:34:42,2026-09-22T11:34:42,2026-09-22T11:34:42
8299,群聯,2025,1450.0,916.0,171.54,,,,,,45.96,,,,,,,,,,,,,,,,,,,,EquityDistribution,FinMind_API_TaiwanStockShareholding_8299,True,2026-10-08T16:48:57+08:00,2026-10-08T16:49:39,2026-10-08T16:49:39
8299,群聯,2026,2060.0,610.0,42.07,,,,,,44.16,,,,,,,,,,,,,,,,,,,,EquityDistribution,FinMind_API_TaiwanStockShareholding_8299,True,2026-10-08T16:48:57+08:00,2026-10-08T16:49:39,2026-10-08T16:49:39
8454,富邦媒,2018,188.0,,,,,,,,24.3,,,,,,,,,,,,,,,,,,,,EquityDistribution,FinMind_API_TaiwanStockShareholding_8454,True,2026-09-22T11:40:03,2026-09-22T11:40:03,2026-09-22T11:40:03
8454,富邦媒,2019,290.0,102.0,54.26,,,,,,28.41,,,,,,,,,,,,,,,,,,,,EquityDistribution,FinMind_API_TaiwanStockShareholding_8454,True,2026-09-22T11:40:03,2026-09-22T11:40:03,2026-09-22T11:40:03
8454,富邦媒,2020,637.0,347.0,119.66,,,,,,34.31,,,,,,,,,,,,,,,,,,,,EquityDistribution,FinMind_API_TaiwanStockShareholding_8454,True,2026-09-22T11:40:03,2026-09-22T11:40:03,2026-09-22T11:40:03
8454,富邦媒,2021,1625.0,988.0,155.1,,,,,,31.74,,,,,,,,,,,,,,,,,,,,EquityDistribution,FinMind_API_TaiwanStockShareholding_8454,True,2026-09-22T11:40:03,2026-09-22T11:40:03,2026-09-22T11:40:03
8454,富邦媒,2022,642.0,-983.0,-60.49,,,,,,26.53,,,,,,,,,,,,,,,,,,,,EquityDistribution,FinMind_API_TaiwanStockShareholding_8454,True,2026-09-22T11:40:03,2026-09-22T11:40:03,2026-09-22T11:40:03
8454,富邦媒,2023,509.0,-133.0,-20.72,,,,,,21.67,,,,,,,,,,,,,,,,,,,,EquityDistribution,FinMind_API_TaiwanStockShareholding_8454,True,2026-09-22T11:40:03,2026-09-22T11:40:03,2026-09-22T11:40:03
8454,富邦媒,2024,333.5,-175.5,-34.48,,,,,,14.27,,,,,,,,,,,,,,,,,,,,EquityDistribution,FinMind_API_TaiwanStockShareholding_8454,True,2026-09-22T11:40:03,2026-09-22T11:40:03,2026-09-22T11:40:03
8454,富邦媒,2025,207.5,-126.0,-37.78,,,,,,13.12,,,,,,,,,,,,,,,,,,,,EquityDistribution,FinMind_API_TaiwanStockShareholding_8454,True,2026-10-08T16:48:57+08:00,2026-10-08T16:49:39,2026-10-08T16:49:39
8454,富邦媒,2026,241.0,33.5,16.14,,,,,,12.0,,,,,,,,,,,,,,,,,,,,EquityDistribution,FinMind_API_TaiwanStockShareholding_8454,True,2026-10-08T16:48:57+08:00,2026-10-08T16:49:39,2026-10-08T16:49:39
9914,美利達,2018,138.0,,,,,,,,42.43,,,,,,,,,,,,,,,,,,,,EquityDistribution,FinMind_API_TaiwanStockShareholding_9914,True,2026-09-22T11:34:21,2026-09-22T11:34:21,2026-09-22T11:34:21
9914,美利達,2019,176.5,38.5,27.9,,,,,,39.38,,,,,,,,,,,,,,,,,,,,EquityDistribution,FinMind_API_TaiwanStockShareholding_9914,True,2026-09-22T11:34:21,2026-09-22T11:34:21,2026-09-22T11:34:21
9914,美利達,2020,236.0,59.5,33.71,,,,,,42.7,,,,,,,,,,,,,,,,,,,,EquityDistribution,FinMind_API_TaiwanStockShareholding_9914,True,2026-09-22T11:34:21,2026-09-22T11:34:21,2026-09-22T11:34:21
9914,美利達,2021,327.5,91.5,38.77,,,,,,45.74,,,,,,,,,,,,,,,,,,,,EquityDistribution,FinMind_API_TaiwanStockShareholding_9914,True,2026-09-22T11:34:21,2026-09-22T11:34:21,2026-09-22T11:34:21
9914,美利達,2022,167.0,-160.5,-49.01,,,,,,37.96,,,,,,,,,,,,,,,,,,,,EquityDistribution,FinMind_API_TaiwanStockShareholding_9914,True,2026-09-22T11:34:21,2026-09-22T11:34:21,2026-09-22T11:34:21
9914,美利達,2023,182.5,15.5,9.28,,,,,,36.86,,,,,,,,,,,,,,,,,,,,EquityDistribution,FinMind_API_TaiwanStockShareholding_9914,True,2026-09-22T11:34:21,2026-09-22T11:34:21,2026-09-22T11:34:21
9914,美利達,2024,151.0,-31.5,-17.26,,,,,,35.9,,,,,,,,,,,,,,,,,,,,EquityDistribution,FinMind_API_TaiwanStockShareholding_9914,True,2026-09-22T11:34:21,2026-09-22T11:34:21,2026-09-22T11:34:21
9914,美利達,2025,82.7,-68.3,-45.23,,,,,,23.57,,,,,,,,,,,,,,,,,,,,EquityDistribution,FinMind_API_TaiwanStockShareholding_9914,True,2026-10-08T16:48:58+08:00,2026-10-08T16:49:39,2026-10-08T16:49:39
9914,美利達,2026,67.8,-14.900000000000006,-18.02,,,,,,24.68,,,,,,,,,,,,,,,,,,,,EquityDistribution,FinMind_API_TaiwanStockShareholding_9914,True,2026-10-08T16:48:58+08:00,2026-10-08T16:49:39,2026-10-08T16:49:39
9917,中保科,2018,88.4,,,,,,,,45.01,,,,,,,,,,,,,,,,,,,,EquityDistribution,FinMind_API_TaiwanStockShareholding_9917,True,2026-09-22T11:36:24,2026-09-22T11:36:24,2026-09-22T11:36:24
9917,中保科,2019,88.8,0.3999999999999915,0.45,,,,,,42.82,,,,,,,,,,,,,,,,,,,,EquityDistribution,FinMind_API_TaiwanStockShareholding_9917,True,2026-09-22T11:36:24,2026-09-22T11:36:24,2026-09-22T11:36:24
9917,中保科,2020,88.7,-0.09999999999999432,-0.11,,,,,,41.5,,,,,,,,,,,,,,,,,,,,EquityDistribution,FinMind_API_TaiwanStockShareholding_9917,True,2026-09-22T11:36:24,2026-09-22T11:36:24,2026-09-22T11:36:24
9917,中保科,2021,104.0,15.299999999999997,17.25,,,,,,40.48,,,,,,,,,,,,,,,,,,,,EquityDistribution,FinMind_API_TaiwanStockShareholding_9917,True,2026-09-22T11:36:24,2026-09-22T11:36:24,2026-09-22T11:36:24
9917,中保科,2022,100.0,-4.0,-3.85,,,,,,39.58,,,,,,,,,,,,,,,,,,,,EquityDistribution,FinMind_API_TaiwanStockShareholding_9917,True,2026-09-22T11:36:24,2026-09-22T11:36:24,2026-09-22T11:36:24
9917,中保科,2023,117.0,17.0,17.0,,,,,,41.03,,,,,,,,,,,,,,,,,,,,EquityDistribution,FinMind_API_TaiwanStockShareholding_9917,True,2026-09-22T11:36:24,2026-09-22T11:36:24,2026-09-22T11:36:24
9917,中保科,2024,123.5,6.5,5.56,,,,,,43.09,,,,,,,,,,,,,,,,,,,,EquityDistribution,FinMind_API_TaiwanStockShareholding_9917,True,2026-09-22T11:36:24,2026-09-22T11:36:24,2026-09-22T11:36:24
9917,中保科,2025,108.0,-15.5,-12.55,,,,,,39.45,,,,,,,,,,,,,,,,,,,,EquityDistribution,FinMind_API_TaiwanStockShareholding_9917,True,2026-10-08T16:48:59+08:00,2026-10-08T16:49:39,2026-10-08T16:49:39
9917,中保科,2026,106.5,-1.5,-1.39,,,,,,39.28,,,,,,,,,,,,,,,,,,,,EquityDistribution,FinMind_API_TaiwanStockShareholding_9917,True,2026-10-08T16:48:59+08:00,2026-10-08T16:49:39,2026-10-08T16:49:39
9921,巨大,2018,144.5,,,,,,,,50.82,,,,,,,,,,,,,,,,,,,,EquityDistribution,FinMind_API_TaiwanStockShareholding_9921,True,2026-09-22T11:34:33,2026-09-22T11:34:33,2026-09-22T11:34:33
9921,巨大,2019,213.0,68.5,47.4,,,,,,51.31,,,,,,,,,,,,,,,,,,,,EquityDistribution,FinMind_API_TaiwanStockShareholding_9921,True,2026-09-22T11:34:33,2026-09-22T11:34:33,2026-09-22T11:34:33
9921,巨大,2020,275.0,62.0,29.11,,,,,,50.6,,,,,,,,,,,,,,,,,,,,EquityDistribution,FinMind_API_TaiwanStockShareholding_9921,True,2026-09-22T11:34:33,2026-09-22T11:34:33,2026-09-22T11:34:33
9921,巨大,2021,345.0,70.0,25.45,,,,,,54.39,,,,,,,,,,,,,,,,,,,,EquityDistribution,FinMind_API_TaiwanStockShareholding_9921,True,2026-09-22T11:34:33,2026-09-22T11:34:33,2026-09-22T11:34:33
9921,巨大,2022,200.5,-144.5,-41.88,,,,,,50.51,,,,,,,,,,,,,,,,,,,,EquityDistribution,FinMind_API_TaiwanStockShareholding_9921,True,2026-09-22T11:34:33,2026-09-22T11:34:33,2026-09-22T11:34:33
9921,巨大,2023,184.0,-16.5,-8.23,,,,,,37.75,,,,,,,,,,,,,,,,,,,,EquityDistribution,FinMind_API_TaiwanStockShareholding_9921,True,2026-09-22T11:34:33,2026-09-22T11:34:33,2026-09-22T11:34:33
9921,巨大,2024,141.5,-42.5,-23.1,,,,,,30.71,,,,,,,,,,,,,,,,,,,,EquityDistribution,FinMind_API_TaiwanStockShareholding_9921,True,2026-09-22T11:34:33,2026-09-22T11:34:33,2026-09-22T11:34:33
9921,巨大,2025,92.6,-48.900000000000006,-34.56,,,,,,25.94,,,,,,,,,,,,,,,,,,,,EquityDistribution,FinMind_API_TaiwanStockShareholding_9921,True,2026-10-08T16:49:00+08:00,2026-10-08T16:49:39,2026-10-08T16:49:39
9921,巨大,2026,92.8,0.20000000000000284,0.22,,,,,,31.96,,,,,,,,,,,,,,,,,,,,EquityDistribution,FinMind_API_TaiwanStockShareholding_9921,True,2026-10-08T16:49:00+08:00,2026-10-08T16:49:39,2026-10-08T16:49:39
